run,metric,iteration,value
terminal_ppo,terminal_reward,169,147.89175415039062
terminal_ppo,terminal_reward,170,167.29161071777344
terminal_ppo,terminal_reward,171,308.037109375
terminal_ppo,terminal_reward,172,308.037109375
terminal_ppo,terminal_reward,173,308.037109375
terminal_ppo,terminal_reward,174,405.0281677246094
terminal_ppo,terminal_reward,175,42.917518615722656
terminal_ppo,terminal_reward,176,425.13983154296875
terminal_ppo,terminal_reward,177,-30.573598861694336
terminal_ppo,terminal_reward,178,-30.573598861694336
terminal_ppo,terminal_reward,179,-30.573598861694336
terminal_ppo,terminal_reward,180,-30.573598861694336
terminal_ppo,terminal_reward,181,-30.573598861694336
terminal_ppo,terminal_reward,182,-30.573598861694336
terminal_ppo,terminal_reward,183,-30.573598861694336
terminal_ppo,terminal_reward,184,-30.573598861694336
terminal_ppo,terminal_reward,185,-30.573598861694336
terminal_ppo,terminal_reward,186,-30.573598861694336
terminal_ppo,terminal_reward,187,-30.573598861694336
terminal_ppo,terminal_reward,188,-30.573598861694336
terminal_ppo,terminal_reward,189,-30.573598861694336
terminal_ppo,terminal_reward,190,-30.573598861694336
terminal_ppo,terminal_reward,191,-30.573598861694336
terminal_ppo,terminal_reward,192,-30.573598861694336
terminal_ppo,terminal_reward,193,-30.573598861694336
terminal_ppo,terminal_reward,194,-30.573598861694336
terminal_ppo,terminal_reward,195,-30.573598861694336
terminal_ppo,terminal_reward,196,-30.573598861694336
terminal_ppo,terminal_reward,197,-30.573598861694336
terminal_ppo,terminal_reward,198,-30.573598861694336
terminal_ppo,terminal_reward,199,-30.573598861694336
terminal_ppo,gu,169,66.80941009521484
terminal_ppo,gu,170,68.0267562866211
terminal_ppo,gu,171,67.16703796386719
terminal_ppo,gu,172,67.16703796386719
terminal_ppo,gu,173,67.16703796386719
terminal_ppo,gu,174,68.343994140625
terminal_ppo,gu,175,63.21794128417969
terminal_ppo,gu,176,68.36018371582031
terminal_ppo,gu,177,62.08205795288086
terminal_ppo,gu,178,62.08205795288086
terminal_ppo,gu,179,62.08205795288086
terminal_ppo,gu,180,62.08205795288086
terminal_ppo,gu,181,62.08205795288086
terminal_ppo,gu,182,62.08205795288086
terminal_ppo,gu,183,62.08205795288086
terminal_ppo,gu,184,62.08205795288086
terminal_ppo,gu,185,62.08205795288086
terminal_ppo,gu,186,62.08205795288086
terminal_ppo,gu,187,62.08205795288086
terminal_ppo,gu,188,62.08205795288086
terminal_ppo,gu,189,62.08205795288086
terminal_ppo,gu,190,62.08205795288086
terminal_ppo,gu,191,62.08205795288086
terminal_ppo,gu,192,62.08205795288086
terminal_ppo,gu,193,62.08205795288086
terminal_ppo,gu,194,62.08205795288086
terminal_ppo,gu,195,62.08205795288086
terminal_ppo,gu,196,62.08205795288086
terminal_ppo,gu,197,62.08205795288086
terminal_ppo,gu,198,62.08205795288086
terminal_ppo,gu,199,62.08205795288086
terminal_ppo,scratch,169,0.26287728548049927
terminal_ppo,scratch,170,0.8337527513504028
terminal_ppo,scratch,171,0.4883926808834076
terminal_ppo,scratch,172,0.4883926808834076
terminal_ppo,scratch,173,0.4883926808834076
terminal_ppo,scratch,174,0.3970496356487274
terminal_ppo,scratch,175,0.4542580246925354
terminal_ppo,scratch,176,0.5860904455184937
terminal_ppo,scratch,177,0.5577293634414673
terminal_ppo,scratch,178,0.5577293634414673
terminal_ppo,scratch,179,0.5577293634414673
terminal_ppo,scratch,180,0.5577293634414673
terminal_ppo,scratch,181,0.5577293634414673
terminal_ppo,scratch,182,0.5577293634414673
terminal_ppo,scratch,183,0.5577293634414673
terminal_ppo,scratch,184,0.5577293634414673
terminal_ppo,scratch,185,0.5577293634414673
terminal_ppo,scratch,186,0.5577293634414673
terminal_ppo,scratch,187,0.5577293634414673
terminal_ppo,scratch,188,0.5577293634414673
terminal_ppo,scratch,189,0.5577293634414673
terminal_ppo,scratch,190,0.5577293634414673
terminal_ppo,scratch,191,0.5577293634414673
terminal_ppo,scratch,192,0.5577293634414673
terminal_ppo,scratch,193,0.5577293634414673
terminal_ppo,scratch,194,0.5577293634414673
terminal_ppo,scratch,195,0.5577293634414673
terminal_ppo,scratch,196,0.5577293634414673
terminal_ppo,scratch,197,0.5577293634414673
terminal_ppo,scratch,198,0.5577293634414673
terminal_ppo,scratch,199,0.5577293634414673
terminal_ppo,reward,169,-1526.2113037109375
terminal_ppo,reward,170,-1510.4088134765625
terminal_ppo,reward,171,-1491.1708984375
terminal_ppo,reward,172,-1491.1708984375
terminal_ppo,reward,173,-1491.1708984375
terminal_ppo,reward,174,-1473.0440673828125
terminal_ppo,reward,175,-1503.457275390625
terminal_ppo,reward,176,-1449.8197021484375
terminal_ppo,reward,177,-1465.14599609375
terminal_ppo,reward,178,-1465.14599609375
terminal_ppo,reward,179,-1465.14599609375
terminal_ppo,reward,180,-1465.14599609375
terminal_ppo,reward,181,-1465.14599609375
terminal_ppo,reward,182,-1465.14599609375
terminal_ppo,reward,183,-1465.14599609375
terminal_ppo,reward,184,-1465.14599609375
terminal_ppo,reward,185,-1465.14599609375
terminal_ppo,reward,186,-1465.14599609375
terminal_ppo,reward,187,-1465.14599609375
terminal_ppo,reward,188,-1465.14599609375
terminal_ppo,reward,189,-1465.14599609375
terminal_ppo,reward,190,-1465.14599609375
terminal_ppo,reward,191,-1465.14599609375
terminal_ppo,reward,192,-1465.14599609375
terminal_ppo,reward,193,-1465.14599609375
terminal_ppo,reward,194,-1465.14599609375
terminal_ppo,reward,195,-1465.14599609375
terminal_ppo,reward,196,-1465.14599609375
terminal_ppo,reward,197,-1465.14599609375
terminal_ppo,reward,198,-1465.14599609375
terminal_ppo,reward,199,-1465.14599609375
terminal_ppo,reward,58,-1526.2113037109375
terminal_ppo,reward,59,-1510.4088134765625
terminal_ppo,reward,59,-1491.1708984375
terminal_ppo,reward,59,-1491.1708984375
terminal_ppo,reward,60,-1491.1708984375
terminal_ppo,reward,60,-1473.0440673828125
terminal_ppo,reward,60,-1503.457275390625
terminal_ppo,reward,61,-1449.8197021484375
terminal_ppo,reward,61,-1465.14599609375
terminal_ppo,reward,62,-1465.14599609375
terminal_ppo,reward,62,-1465.14599609375
terminal_ppo,reward,62,-1465.14599609375
terminal_ppo,reward,63,-1465.14599609375
terminal_ppo,reward,63,-1465.14599609375
terminal_ppo,reward,63,-1465.14599609375
terminal_ppo,reward,64,-1465.14599609375
terminal_ppo,reward,64,-1465.14599609375
terminal_ppo,reward,64,-1465.14599609375
terminal_ppo,reward,65,-1465.14599609375
terminal_ppo,reward,65,-1465.14599609375
terminal_ppo,reward,65,-1465.14599609375
terminal_ppo,reward,66,-1465.14599609375
terminal_ppo,reward,66,-1465.14599609375
terminal_ppo,reward,66,-1465.14599609375
terminal_ppo,reward,67,-1465.14599609375
terminal_ppo,reward,67,-1465.14599609375
terminal_ppo,reward,67,-1465.14599609375
terminal_ppo,reward,68,-1465.14599609375
terminal_ppo,reward,68,-1465.14599609375
terminal_ppo,reward,68,-1465.14599609375
terminal_ppo,reward,69,-1465.14599609375
terminal_ppo,terminal_reward,199,-30.573598861694336
terminal_ppo,terminal_reward,200,-30.573598861694336
terminal_ppo,terminal_reward,201,-30.573598861694336
terminal_ppo,terminal_reward,202,-30.573598861694336
terminal_ppo,terminal_reward,203,-30.573598861694336
terminal_ppo,terminal_reward,204,-30.573598861694336
terminal_ppo,terminal_reward,205,-30.573598861694336
terminal_ppo,terminal_reward,206,-30.573598861694336
terminal_ppo,terminal_reward,207,-30.573598861694336
terminal_ppo,terminal_reward,208,-30.573598861694336
terminal_ppo,terminal_reward,209,-30.573598861694336
terminal_ppo,terminal_reward,210,-30.573598861694336
terminal_ppo,terminal_reward,211,-30.573598861694336
terminal_ppo,terminal_reward,212,-30.573598861694336
terminal_ppo,terminal_reward,213,-30.573598861694336
terminal_ppo,terminal_reward,214,-30.573598861694336
terminal_ppo,terminal_reward,215,-30.573598861694336
terminal_ppo,terminal_reward,216,-30.573598861694336
terminal_ppo,terminal_reward,217,-30.573598861694336
terminal_ppo,terminal_reward,218,-30.573598861694336
terminal_ppo,terminal_reward,219,-30.573598861694336
terminal_ppo,terminal_reward,220,-30.573598861694336
terminal_ppo,terminal_reward,221,-30.573598861694336
terminal_ppo,terminal_reward,222,-30.573598861694336
terminal_ppo,terminal_reward,223,-30.573598861694336
terminal_ppo,terminal_reward,224,-30.573598861694336
terminal_ppo,terminal_reward,225,-30.573598861694336
terminal_ppo,terminal_reward,226,-30.573598861694336
terminal_ppo,terminal_reward,227,-30.573598861694336
terminal_ppo,terminal_reward,228,-30.573598861694336
terminal_ppo,terminal_reward,229,-30.573598861694336
terminal_ppo,terminal_reward,230,-30.573598861694336
terminal_ppo,terminal_reward,231,-30.573598861694336
terminal_ppo,terminal_reward,232,-30.573598861694336
terminal_ppo,terminal_reward,233,-30.573598861694336
terminal_ppo,terminal_reward,234,-30.573598861694336
terminal_ppo,terminal_reward,235,-30.573598861694336
terminal_ppo,terminal_reward,236,-30.573598861694336
terminal_ppo,terminal_reward,237,-30.573598861694336
terminal_ppo,terminal_reward,238,-30.573598861694336
terminal_ppo,terminal_reward,239,-30.573598861694336
terminal_ppo,terminal_reward,240,-30.573598861694336
terminal_ppo,terminal_reward,241,-30.573598861694336
terminal_ppo,terminal_reward,242,-30.573598861694336
terminal_ppo,terminal_reward,243,-30.573598861694336
terminal_ppo,terminal_reward,244,-30.573598861694336
terminal_ppo,terminal_reward,245,-30.573598861694336
terminal_ppo,terminal_reward,246,-30.573598861694336
terminal_ppo,terminal_reward,247,-30.573598861694336
terminal_ppo,terminal_reward,248,-30.573598861694336
terminal_ppo,terminal_reward,249,-30.573598861694336
terminal_ppo,terminal_reward,250,-30.573598861694336
terminal_ppo,terminal_reward,251,-30.573598861694336
terminal_ppo,terminal_reward,252,-30.573598861694336
terminal_ppo,terminal_reward,253,-30.573598861694336
terminal_ppo,terminal_reward,254,-30.573598861694336
terminal_ppo,terminal_reward,255,-30.573598861694336
terminal_ppo,terminal_reward,256,-30.573598861694336
terminal_ppo,terminal_reward,257,-30.573598861694336
terminal_ppo,terminal_reward,258,-30.573598861694336
terminal_ppo,terminal_reward,259,-30.573598861694336
terminal_ppo,terminal_reward,260,-30.573598861694336
terminal_ppo,terminal_reward,261,-30.573598861694336
terminal_ppo,terminal_reward,262,-30.573598861694336
terminal_ppo,terminal_reward,263,-30.573598861694336
terminal_ppo,terminal_reward,264,-30.573598861694336
terminal_ppo,terminal_reward,265,-30.573598861694336
terminal_ppo,terminal_reward,266,-30.573598861694336
terminal_ppo,terminal_reward,267,-30.573598861694336
terminal_ppo,terminal_reward,268,-30.573598861694336
terminal_ppo,terminal_reward,269,-30.573598861694336
terminal_ppo,terminal_reward,270,-30.573598861694336
terminal_ppo,terminal_reward,271,-30.573598861694336
terminal_ppo,terminal_reward,272,-30.573598861694336
terminal_ppo,terminal_reward,273,-30.573598861694336
terminal_ppo,terminal_reward,274,-30.573598861694336
terminal_ppo,terminal_reward,275,-30.573598861694336
terminal_ppo,terminal_reward,276,-30.573598861694336
terminal_ppo,terminal_reward,277,-30.573598861694336
terminal_ppo,terminal_reward,278,-30.573598861694336
terminal_ppo,terminal_reward,279,-30.573598861694336
terminal_ppo,terminal_reward,280,-30.573598861694336
terminal_ppo,terminal_reward,281,-30.573598861694336
terminal_ppo,terminal_reward,282,-30.573598861694336
terminal_ppo,terminal_reward,283,-30.573598861694336
terminal_ppo,terminal_reward,284,-30.573598861694336
terminal_ppo,terminal_reward,285,-30.573598861694336
terminal_ppo,terminal_reward,286,-30.573598861694336
terminal_ppo,terminal_reward,287,-30.573598861694336
terminal_ppo,terminal_reward,288,-30.573598861694336
terminal_ppo,terminal_reward,289,-30.573598861694336
terminal_ppo,terminal_reward,290,-30.573598861694336
terminal_ppo,terminal_reward,291,-30.573598861694336
terminal_ppo,terminal_reward,292,-30.573598861694336
terminal_ppo,terminal_reward,293,-30.573598861694336
terminal_ppo,terminal_reward,294,-30.573598861694336
terminal_ppo,terminal_reward,295,-30.573598861694336
terminal_ppo,terminal_reward,296,-30.573598861694336
terminal_ppo,terminal_reward,297,-30.573598861694336
terminal_ppo,terminal_reward,298,-30.573598861694336
terminal_ppo,terminal_reward,299,-30.573598861694336
terminal_ppo,terminal_reward,300,-30.573598861694336
terminal_ppo,terminal_reward,301,-30.573598861694336
terminal_ppo,terminal_reward,302,-30.573598861694336
terminal_ppo,terminal_reward,303,-30.573598861694336
terminal_ppo,terminal_reward,304,-30.573598861694336
terminal_ppo,terminal_reward,305,-30.573598861694336
terminal_ppo,terminal_reward,306,-30.573598861694336
terminal_ppo,terminal_reward,307,-30.573598861694336
terminal_ppo,terminal_reward,308,-30.573598861694336
terminal_ppo,terminal_reward,309,-30.573598861694336
terminal_ppo,terminal_reward,310,-30.573598861694336
terminal_ppo,terminal_reward,311,-30.573598861694336
terminal_ppo,terminal_reward,312,-30.573598861694336
terminal_ppo,terminal_reward,313,-30.573598861694336
terminal_ppo,terminal_reward,314,-30.573598861694336
terminal_ppo,terminal_reward,315,-30.573598861694336
terminal_ppo,terminal_reward,316,-30.573598861694336
terminal_ppo,terminal_reward,317,-30.573598861694336
terminal_ppo,terminal_reward,318,-30.573598861694336
terminal_ppo,terminal_reward,319,-30.573598861694336
terminal_ppo,terminal_reward,320,-30.573598861694336
terminal_ppo,terminal_reward,321,-30.573598861694336
terminal_ppo,terminal_reward,322,-30.573598861694336
terminal_ppo,terminal_reward,323,-30.573598861694336
terminal_ppo,terminal_reward,324,-30.573598861694336
terminal_ppo,terminal_reward,325,-30.573598861694336
terminal_ppo,terminal_reward,326,-30.573598861694336
terminal_ppo,terminal_reward,327,-30.573598861694336
terminal_ppo,terminal_reward,328,-30.573598861694336
terminal_ppo,terminal_reward,329,-30.573598861694336
terminal_ppo,terminal_reward,330,-30.573598861694336
terminal_ppo,terminal_reward,331,-30.573598861694336
terminal_ppo,terminal_reward,332,-30.573598861694336
terminal_ppo,terminal_reward,333,-30.573598861694336
terminal_ppo,terminal_reward,334,394.54296875
terminal_ppo,terminal_reward,335,394.54296875
terminal_ppo,terminal_reward,336,258.11407470703125
terminal_ppo,terminal_reward,337,381.66119384765625
terminal_ppo,terminal_reward,338,408.2222595214844
terminal_ppo,terminal_reward,339,408.2222595214844
terminal_ppo,terminal_reward,340,329.100341796875
terminal_ppo,terminal_reward,341,138.22312927246094
terminal_ppo,terminal_reward,342,102.37913513183594
terminal_ppo,terminal_reward,343,83.93339538574219
terminal_ppo,terminal_reward,344,83.93339538574219
terminal_ppo,terminal_reward,345,83.93339538574219
terminal_ppo,terminal_reward,346,83.93339538574219
terminal_ppo,terminal_reward,347,83.93339538574219
terminal_ppo,terminal_reward,348,83.93339538574219
terminal_ppo,terminal_reward,349,83.93339538574219
terminal_ppo,terminal_reward,350,83.93339538574219
terminal_ppo,terminal_reward,351,83.93339538574219
terminal_ppo,terminal_reward,352,83.93339538574219
terminal_ppo,terminal_reward,353,83.93339538574219
terminal_ppo,terminal_reward,354,83.93339538574219
terminal_ppo,terminal_reward,355,83.93339538574219
terminal_ppo,terminal_reward,356,83.93339538574219
terminal_ppo,terminal_reward,357,83.93339538574219
terminal_ppo,terminal_reward,358,83.93339538574219
terminal_ppo,terminal_reward,359,83.93339538574219
terminal_ppo,terminal_reward,360,83.93339538574219
terminal_ppo,terminal_reward,361,83.93339538574219
terminal_ppo,terminal_reward,362,83.93339538574219
terminal_ppo,terminal_reward,363,83.93339538574219
terminal_ppo,terminal_reward,364,83.93339538574219
terminal_ppo,terminal_reward,365,83.93339538574219
terminal_ppo,terminal_reward,366,83.93339538574219
terminal_ppo,terminal_reward,367,83.93339538574219
terminal_ppo,terminal_reward,368,83.93339538574219
terminal_ppo,terminal_reward,369,83.93339538574219
terminal_ppo,terminal_reward,370,83.93339538574219
terminal_ppo,terminal_reward,371,83.93339538574219
terminal_ppo,terminal_reward,372,83.93339538574219
terminal_ppo,terminal_reward,373,83.93339538574219
terminal_ppo,terminal_reward,374,83.93339538574219
terminal_ppo,terminal_reward,375,83.93339538574219
terminal_ppo,terminal_reward,376,83.93339538574219
terminal_ppo,terminal_reward,377,83.93339538574219
terminal_ppo,terminal_reward,378,83.93339538574219
terminal_ppo,terminal_reward,379,83.93339538574219
terminal_ppo,terminal_reward,380,83.93339538574219
terminal_ppo,terminal_reward,381,83.93339538574219
terminal_ppo,terminal_reward,382,83.93339538574219
terminal_ppo,terminal_reward,383,83.93339538574219
terminal_ppo,terminal_reward,384,83.93339538574219
terminal_ppo,terminal_reward,385,83.93339538574219
terminal_ppo,terminal_reward,386,83.93339538574219
terminal_ppo,terminal_reward,387,83.93339538574219
terminal_ppo,terminal_reward,388,83.93339538574219
terminal_ppo,terminal_reward,389,83.93339538574219
terminal_ppo,terminal_reward,390,83.93339538574219
terminal_ppo,terminal_reward,391,83.93339538574219
terminal_ppo,terminal_reward,392,83.93339538574219
terminal_ppo,terminal_reward,393,83.93339538574219
terminal_ppo,terminal_reward,394,83.93339538574219
terminal_ppo,terminal_reward,395,83.93339538574219
terminal_ppo,terminal_reward,396,83.93339538574219
terminal_ppo,terminal_reward,397,83.93339538574219
terminal_ppo,terminal_reward,398,83.93339538574219
terminal_ppo,terminal_reward,399,83.93339538574219
terminal_ppo,terminal_reward,400,83.93339538574219
terminal_ppo,terminal_reward,401,83.93339538574219
terminal_ppo,terminal_reward,402,83.93339538574219
terminal_ppo,terminal_reward,403,83.93339538574219
terminal_ppo,terminal_reward,404,83.93339538574219
terminal_ppo,terminal_reward,405,83.93339538574219
terminal_ppo,terminal_reward,406,83.93339538574219
terminal_ppo,terminal_reward,407,83.93339538574219
terminal_ppo,terminal_reward,408,83.93339538574219
terminal_ppo,terminal_reward,409,83.93339538574219
terminal_ppo,terminal_reward,410,83.93339538574219
terminal_ppo,terminal_reward,411,83.93339538574219
terminal_ppo,terminal_reward,412,83.93339538574219
terminal_ppo,terminal_reward,413,83.93339538574219
terminal_ppo,terminal_reward,414,83.93339538574219
terminal_ppo,terminal_reward,415,83.93339538574219
terminal_ppo,terminal_reward,416,83.93339538574219
terminal_ppo,terminal_reward,417,83.93339538574219
terminal_ppo,terminal_reward,418,83.93339538574219
terminal_ppo,terminal_reward,419,83.93339538574219
terminal_ppo,terminal_reward,420,83.93339538574219
terminal_ppo,terminal_reward,421,83.93339538574219
terminal_ppo,terminal_reward,422,83.93339538574219
terminal_ppo,terminal_reward,423,83.93339538574219
terminal_ppo,terminal_reward,424,83.93339538574219
terminal_ppo,terminal_reward,425,83.93339538574219
terminal_ppo,terminal_reward,426,83.93339538574219
terminal_ppo,terminal_reward,427,83.93339538574219
terminal_ppo,terminal_reward,428,83.93339538574219
terminal_ppo,terminal_reward,429,83.93339538574219
terminal_ppo,terminal_reward,430,83.93339538574219
terminal_ppo,terminal_reward,431,83.93339538574219
terminal_ppo,terminal_reward,432,83.93339538574219
terminal_ppo,terminal_reward,433,83.93339538574219
terminal_ppo,terminal_reward,434,83.93339538574219
terminal_ppo,terminal_reward,435,83.93339538574219
terminal_ppo,terminal_reward,436,83.93339538574219
terminal_ppo,terminal_reward,437,83.93339538574219
terminal_ppo,terminal_reward,438,83.93339538574219
terminal_ppo,terminal_reward,439,83.93339538574219
terminal_ppo,terminal_reward,440,83.93339538574219
terminal_ppo,terminal_reward,441,83.93339538574219
terminal_ppo,terminal_reward,442,83.93339538574219
terminal_ppo,terminal_reward,443,83.93339538574219
terminal_ppo,terminal_reward,444,83.93339538574219
terminal_ppo,terminal_reward,445,83.93339538574219
terminal_ppo,terminal_reward,446,83.93339538574219
terminal_ppo,terminal_reward,447,83.93339538574219
terminal_ppo,terminal_reward,448,83.93339538574219
terminal_ppo,terminal_reward,449,196.99729919433594
terminal_ppo,terminal_reward,450,196.99729919433594
terminal_ppo,terminal_reward,451,331.46380615234375
terminal_ppo,terminal_reward,452,398.8675231933594
terminal_ppo,terminal_reward,453,183.3817138671875
terminal_ppo,terminal_reward,454,183.3817138671875
terminal_ppo,terminal_reward,455,278.1325378417969
terminal_ppo,terminal_reward,456,154.48110961914062
terminal_ppo,terminal_reward,457,247.5018768310547
terminal_ppo,terminal_reward,458,247.5018768310547
terminal_ppo,terminal_reward,459,247.5018768310547
terminal_ppo,terminal_reward,460,247.5018768310547
terminal_ppo,terminal_reward,461,58.03508758544922
terminal_ppo,terminal_reward,462,58.03508758544922
terminal_ppo,terminal_reward,463,58.03508758544922
terminal_ppo,terminal_reward,464,288.37713623046875
terminal_ppo,terminal_reward,465,391.6221923828125
terminal_ppo,terminal_reward,466,391.6221923828125
terminal_ppo,terminal_reward,467,327.13177490234375
terminal_ppo,terminal_reward,468,827.4801025390625
terminal_ppo,terminal_reward,469,827.4801025390625
terminal_ppo,terminal_reward,470,827.4801025390625
terminal_ppo,terminal_reward,471,827.4801025390625
terminal_ppo,terminal_reward,472,827.4801025390625
terminal_ppo,terminal_reward,473,827.4801025390625
terminal_ppo,terminal_reward,474,827.4801025390625
terminal_ppo,terminal_reward,475,827.4801025390625
terminal_ppo,terminal_reward,476,827.4801025390625
terminal_ppo,terminal_reward,477,827.4801025390625
terminal_ppo,terminal_reward,478,827.4801025390625
terminal_ppo,terminal_reward,479,827.4801025390625
terminal_ppo,terminal_reward,480,827.4801025390625
terminal_ppo,terminal_reward,481,827.4801025390625
terminal_ppo,terminal_reward,482,827.4801025390625
terminal_ppo,terminal_reward,483,827.4801025390625
terminal_ppo,terminal_reward,484,827.4801025390625
terminal_ppo,terminal_reward,485,827.4801025390625
terminal_ppo,terminal_reward,486,827.4801025390625
terminal_ppo,terminal_reward,487,827.4801025390625
terminal_ppo,terminal_reward,488,827.4801025390625
terminal_ppo,terminal_reward,489,827.4801025390625
terminal_ppo,terminal_reward,490,827.4801025390625
terminal_ppo,terminal_reward,491,827.4801025390625
terminal_ppo,terminal_reward,492,827.4801025390625
terminal_ppo,terminal_reward,493,827.4801025390625
terminal_ppo,terminal_reward,494,827.4801025390625
terminal_ppo,terminal_reward,495,827.4801025390625
terminal_ppo,terminal_reward,496,827.4801025390625
terminal_ppo,terminal_reward,497,827.4801025390625
terminal_ppo,terminal_reward,498,827.4801025390625
terminal_ppo,terminal_reward,499,827.4801025390625
terminal_ppo,terminal_reward,500,827.4801025390625
terminal_ppo,terminal_reward,501,827.4801025390625
terminal_ppo,terminal_reward,502,827.4801025390625
terminal_ppo,terminal_reward,503,827.4801025390625
terminal_ppo,terminal_reward,504,827.4801025390625
terminal_ppo,terminal_reward,505,827.4801025390625
terminal_ppo,terminal_reward,506,827.4801025390625
terminal_ppo,terminal_reward,507,827.4801025390625
terminal_ppo,terminal_reward,508,827.4801025390625
terminal_ppo,terminal_reward,509,827.4801025390625
terminal_ppo,terminal_reward,510,827.4801025390625
terminal_ppo,terminal_reward,511,827.4801025390625
terminal_ppo,terminal_reward,512,827.4801025390625
terminal_ppo,terminal_reward,513,827.4801025390625
terminal_ppo,terminal_reward,514,827.4801025390625
terminal_ppo,terminal_reward,515,827.4801025390625
terminal_ppo,terminal_reward,516,827.4801025390625
terminal_ppo,terminal_reward,517,827.4801025390625
terminal_ppo,terminal_reward,518,827.4801025390625
terminal_ppo,terminal_reward,519,827.4801025390625
terminal_ppo,terminal_reward,520,827.4801025390625
terminal_ppo,terminal_reward,521,827.4801025390625
terminal_ppo,terminal_reward,522,827.4801025390625
terminal_ppo,terminal_reward,523,827.4801025390625
terminal_ppo,terminal_reward,524,827.4801025390625
terminal_ppo,terminal_reward,525,827.4801025390625
terminal_ppo,terminal_reward,526,827.4801025390625
terminal_ppo,terminal_reward,527,827.4801025390625
terminal_ppo,terminal_reward,528,827.4801025390625
terminal_ppo,terminal_reward,529,827.4801025390625
terminal_ppo,terminal_reward,530,827.4801025390625
terminal_ppo,terminal_reward,531,827.4801025390625
terminal_ppo,terminal_reward,532,827.4801025390625
terminal_ppo,terminal_reward,533,827.4801025390625
terminal_ppo,terminal_reward,534,827.4801025390625
terminal_ppo,terminal_reward,535,827.4801025390625
terminal_ppo,terminal_reward,536,827.4801025390625
terminal_ppo,terminal_reward,537,827.4801025390625
terminal_ppo,terminal_reward,538,827.4801025390625
terminal_ppo,terminal_reward,539,827.4801025390625
terminal_ppo,terminal_reward,540,827.4801025390625
terminal_ppo,terminal_reward,541,827.4801025390625
terminal_ppo,terminal_reward,542,827.4801025390625
terminal_ppo,terminal_reward,543,827.4801025390625
terminal_ppo,terminal_reward,544,827.4801025390625
terminal_ppo,terminal_reward,545,827.4801025390625
terminal_ppo,terminal_reward,546,827.4801025390625
terminal_ppo,terminal_reward,547,827.4801025390625
terminal_ppo,terminal_reward,548,827.4801025390625
terminal_ppo,terminal_reward,549,827.4801025390625
terminal_ppo,terminal_reward,550,827.4801025390625
terminal_ppo,terminal_reward,551,827.4801025390625
terminal_ppo,terminal_reward,552,827.4801025390625
terminal_ppo,terminal_reward,553,827.4801025390625
terminal_ppo,terminal_reward,554,827.4801025390625
terminal_ppo,terminal_reward,555,827.4801025390625
terminal_ppo,terminal_reward,556,827.4801025390625
terminal_ppo,terminal_reward,557,827.4801025390625
terminal_ppo,terminal_reward,558,827.4801025390625
terminal_ppo,terminal_reward,559,827.4801025390625
terminal_ppo,terminal_reward,560,827.4801025390625
terminal_ppo,terminal_reward,561,827.4801025390625
terminal_ppo,terminal_reward,562,827.4801025390625
terminal_ppo,terminal_reward,563,827.4801025390625
terminal_ppo,terminal_reward,564,827.4801025390625
terminal_ppo,terminal_reward,565,827.4801025390625
terminal_ppo,terminal_reward,566,827.4801025390625
terminal_ppo,terminal_reward,567,827.4801025390625
terminal_ppo,terminal_reward,568,827.4801025390625
terminal_ppo,terminal_reward,569,827.4801025390625
terminal_ppo,terminal_reward,570,827.4801025390625
terminal_ppo,terminal_reward,571,827.4801025390625
terminal_ppo,terminal_reward,572,827.4801025390625
terminal_ppo,terminal_reward,573,827.4801025390625
terminal_ppo,terminal_reward,574,827.4801025390625
terminal_ppo,terminal_reward,575,827.4801025390625
terminal_ppo,terminal_reward,576,827.4801025390625
terminal_ppo,terminal_reward,577,827.4801025390625
terminal_ppo,terminal_reward,578,827.4801025390625
terminal_ppo,terminal_reward,579,827.4801025390625
terminal_ppo,terminal_reward,580,827.4801025390625
terminal_ppo,terminal_reward,581,827.4801025390625
terminal_ppo,terminal_reward,582,430.34002685546875
terminal_ppo,terminal_reward,583,430.34002685546875
terminal_ppo,terminal_reward,584,430.34002685546875
terminal_ppo,terminal_reward,585,430.34002685546875
terminal_ppo,terminal_reward,586,430.34002685546875
terminal_ppo,terminal_reward,587,430.34002685546875
terminal_ppo,terminal_reward,588,430.34002685546875
terminal_ppo,terminal_reward,589,242.73318481445312
terminal_ppo,terminal_reward,590,242.73318481445312
terminal_ppo,terminal_reward,591,242.73318481445312
terminal_ppo,terminal_reward,592,318.9408874511719
terminal_ppo,terminal_reward,593,318.9408874511719
terminal_ppo,terminal_reward,594,318.9408874511719
terminal_ppo,terminal_reward,595,318.9408874511719
terminal_ppo,terminal_reward,596,278.9045104980469
terminal_ppo,terminal_reward,597,278.9045104980469
terminal_ppo,terminal_reward,598,278.9045104980469
terminal_ppo,terminal_reward,599,138.96853637695312
terminal_ppo,terminal_reward,600,138.96853637695312
terminal_ppo,terminal_reward,601,138.96853637695312
terminal_ppo,terminal_reward,602,60.085472106933594
terminal_ppo,terminal_reward,603,352.0628356933594
terminal_ppo,terminal_reward,604,352.0628356933594
terminal_ppo,terminal_reward,605,366.74725341796875
terminal_ppo,terminal_reward,606,366.74725341796875
terminal_ppo,terminal_reward,607,276.67047119140625
terminal_ppo,terminal_reward,608,89.12306213378906
terminal_ppo,terminal_reward,609,89.12306213378906
terminal_ppo,terminal_reward,610,89.12306213378906
terminal_ppo,terminal_reward,611,89.12306213378906
terminal_ppo,terminal_reward,612,89.12306213378906
terminal_ppo,terminal_reward,613,836.9193725585938
terminal_ppo,terminal_reward,614,836.9193725585938
terminal_ppo,terminal_reward,615,836.9193725585938
terminal_ppo,terminal_reward,616,836.9193725585938
terminal_ppo,terminal_reward,617,836.9193725585938
terminal_ppo,terminal_reward,618,836.9193725585938
terminal_ppo,terminal_reward,619,836.9193725585938
terminal_ppo,terminal_reward,620,836.9193725585938
terminal_ppo,terminal_reward,621,836.9193725585938
terminal_ppo,terminal_reward,622,836.9193725585938
terminal_ppo,terminal_reward,623,836.9193725585938
terminal_ppo,terminal_reward,624,836.9193725585938
terminal_ppo,terminal_reward,625,836.9193725585938
terminal_ppo,terminal_reward,626,836.9193725585938
terminal_ppo,terminal_reward,627,836.9193725585938
terminal_ppo,terminal_reward,628,836.9193725585938
terminal_ppo,terminal_reward,629,836.9193725585938
terminal_ppo,terminal_reward,630,836.9193725585938
terminal_ppo,terminal_reward,631,836.9193725585938
terminal_ppo,terminal_reward,632,836.9193725585938
terminal_ppo,terminal_reward,633,836.9193725585938
terminal_ppo,terminal_reward,634,836.9193725585938
terminal_ppo,terminal_reward,635,836.9193725585938
terminal_ppo,terminal_reward,636,836.9193725585938
terminal_ppo,terminal_reward,637,836.9193725585938
terminal_ppo,terminal_reward,638,836.9193725585938
terminal_ppo,terminal_reward,639,836.9193725585938
terminal_ppo,terminal_reward,640,836.9193725585938
terminal_ppo,terminal_reward,641,836.9193725585938
terminal_ppo,terminal_reward,642,836.9193725585938
terminal_ppo,terminal_reward,643,836.9193725585938
terminal_ppo,terminal_reward,644,836.9193725585938
terminal_ppo,terminal_reward,645,836.9193725585938
terminal_ppo,terminal_reward,646,836.9193725585938
terminal_ppo,terminal_reward,647,836.9193725585938
terminal_ppo,terminal_reward,648,836.9193725585938
terminal_ppo,terminal_reward,649,836.9193725585938
terminal_ppo,terminal_reward,650,836.9193725585938
terminal_ppo,terminal_reward,651,836.9193725585938
terminal_ppo,terminal_reward,652,836.9193725585938
terminal_ppo,terminal_reward,653,836.9193725585938
terminal_ppo,terminal_reward,654,836.9193725585938
terminal_ppo,terminal_reward,655,836.9193725585938
terminal_ppo,terminal_reward,656,836.9193725585938
terminal_ppo,terminal_reward,657,836.9193725585938
terminal_ppo,terminal_reward,658,836.9193725585938
terminal_ppo,terminal_reward,659,836.9193725585938
terminal_ppo,terminal_reward,660,836.9193725585938
terminal_ppo,terminal_reward,661,836.9193725585938
terminal_ppo,terminal_reward,662,836.9193725585938
terminal_ppo,terminal_reward,663,836.9193725585938
terminal_ppo,terminal_reward,664,836.9193725585938
terminal_ppo,terminal_reward,665,836.9193725585938
terminal_ppo,terminal_reward,666,836.9193725585938
terminal_ppo,terminal_reward,667,836.9193725585938
terminal_ppo,terminal_reward,668,836.9193725585938
terminal_ppo,terminal_reward,669,836.9193725585938
terminal_ppo,terminal_reward,670,836.9193725585938
terminal_ppo,terminal_reward,671,836.9193725585938
terminal_ppo,terminal_reward,672,836.9193725585938
terminal_ppo,terminal_reward,673,836.9193725585938
terminal_ppo,terminal_reward,674,836.9193725585938
terminal_ppo,terminal_reward,675,836.9193725585938
terminal_ppo,terminal_reward,676,836.9193725585938
terminal_ppo,terminal_reward,677,836.9193725585938
terminal_ppo,terminal_reward,678,836.9193725585938
terminal_ppo,terminal_reward,679,836.9193725585938
terminal_ppo,terminal_reward,680,836.9193725585938
terminal_ppo,terminal_reward,681,836.9193725585938
terminal_ppo,terminal_reward,682,836.9193725585938
terminal_ppo,terminal_reward,683,836.9193725585938
terminal_ppo,terminal_reward,684,836.9193725585938
terminal_ppo,terminal_reward,685,836.9193725585938
terminal_ppo,terminal_reward,686,836.9193725585938
terminal_ppo,terminal_reward,687,836.9193725585938
terminal_ppo,terminal_reward,688,836.9193725585938
terminal_ppo,terminal_reward,689,836.9193725585938
terminal_ppo,terminal_reward,690,836.9193725585938
terminal_ppo,terminal_reward,691,836.9193725585938
terminal_ppo,terminal_reward,692,836.9193725585938
terminal_ppo,terminal_reward,693,836.9193725585938
terminal_ppo,terminal_reward,694,836.9193725585938
terminal_ppo,terminal_reward,695,836.9193725585938
terminal_ppo,terminal_reward,696,836.9193725585938
terminal_ppo,terminal_reward,697,836.9193725585938
terminal_ppo,terminal_reward,698,836.9193725585938
terminal_ppo,terminal_reward,699,836.9193725585938
terminal_ppo,terminal_reward,700,836.9193725585938
terminal_ppo,terminal_reward,701,836.9193725585938
terminal_ppo,terminal_reward,702,836.9193725585938
terminal_ppo,terminal_reward,703,836.9193725585938
terminal_ppo,terminal_reward,704,836.9193725585938
terminal_ppo,terminal_reward,705,836.9193725585938
terminal_ppo,terminal_reward,706,836.9193725585938
terminal_ppo,terminal_reward,707,836.9193725585938
terminal_ppo,terminal_reward,708,836.9193725585938
terminal_ppo,terminal_reward,709,836.9193725585938
terminal_ppo,terminal_reward,710,836.9193725585938
terminal_ppo,terminal_reward,711,836.9193725585938
terminal_ppo,terminal_reward,712,836.9193725585938
terminal_ppo,terminal_reward,713,836.9193725585938
terminal_ppo,terminal_reward,714,836.9193725585938
terminal_ppo,terminal_reward,715,836.9193725585938
terminal_ppo,terminal_reward,716,836.9193725585938
terminal_ppo,terminal_reward,717,836.9193725585938
terminal_ppo,terminal_reward,718,836.9193725585938
terminal_ppo,terminal_reward,719,836.9193725585938
terminal_ppo,terminal_reward,720,836.9193725585938
terminal_ppo,terminal_reward,721,836.9193725585938
terminal_ppo,terminal_reward,722,836.9193725585938
terminal_ppo,terminal_reward,723,836.9193725585938
terminal_ppo,terminal_reward,724,836.9193725585938
terminal_ppo,terminal_reward,725,836.9193725585938
terminal_ppo,terminal_reward,726,836.9193725585938
terminal_ppo,terminal_reward,727,836.9193725585938
terminal_ppo,terminal_reward,728,836.9193725585938
terminal_ppo,terminal_reward,729,836.9193725585938
terminal_ppo,terminal_reward,730,836.9193725585938
terminal_ppo,terminal_reward,731,836.9193725585938
terminal_ppo,terminal_reward,732,836.9193725585938
terminal_ppo,terminal_reward,733,836.9193725585938
terminal_ppo,terminal_reward,734,836.9193725585938
terminal_ppo,terminal_reward,735,836.9193725585938
terminal_ppo,terminal_reward,736,836.9193725585938
terminal_ppo,terminal_reward,737,836.9193725585938
terminal_ppo,terminal_reward,738,836.9193725585938
terminal_ppo,terminal_reward,739,836.9193725585938
terminal_ppo,terminal_reward,740,836.9193725585938
terminal_ppo,terminal_reward,741,836.9193725585938
terminal_ppo,terminal_reward,742,836.9193725585938
terminal_ppo,terminal_reward,743,836.9193725585938
terminal_ppo,terminal_reward,744,155.80538940429688
terminal_ppo,terminal_reward,745,155.80538940429688
terminal_ppo,terminal_reward,746,155.80538940429688
terminal_ppo,terminal_reward,747,291.20611572265625
terminal_ppo,terminal_reward,748,291.20611572265625
terminal_ppo,terminal_reward,749,291.20611572265625
terminal_ppo,terminal_reward,750,291.20611572265625
terminal_ppo,terminal_reward,751,291.20611572265625
terminal_ppo,terminal_reward,752,137.03646850585938
terminal_ppo,terminal_reward,753,137.03646850585938
terminal_ppo,terminal_reward,754,137.03646850585938
terminal_ppo,terminal_reward,755,20.51886749267578
terminal_ppo,terminal_reward,756,20.51886749267578
terminal_ppo,terminal_reward,757,20.51886749267578
terminal_ppo,terminal_reward,758,392.4036865234375
terminal_ppo,terminal_reward,759,394.48077392578125
terminal_ppo,terminal_reward,760,394.48077392578125
terminal_ppo,terminal_reward,761,394.48077392578125
terminal_ppo,terminal_reward,762,394.48077392578125
terminal_ppo,terminal_reward,763,394.48077392578125
terminal_ppo,terminal_reward,764,394.48077392578125
terminal_ppo,terminal_reward,765,149.1505126953125
terminal_ppo,terminal_reward,766,149.1505126953125
terminal_ppo,terminal_reward,767,149.1505126953125
terminal_ppo,terminal_reward,768,243.01031494140625
terminal_ppo,terminal_reward,769,243.01031494140625
terminal_ppo,terminal_reward,770,243.01031494140625
terminal_ppo,terminal_reward,771,351.36334228515625
terminal_ppo,terminal_reward,772,493.43218994140625
terminal_ppo,terminal_reward,773,493.43218994140625
terminal_ppo,terminal_reward,774,493.43218994140625
terminal_ppo,terminal_reward,775,493.43218994140625
terminal_ppo,terminal_reward,776,493.43218994140625
terminal_ppo,terminal_reward,777,493.43218994140625
terminal_ppo,terminal_reward,778,148.55014038085938
terminal_ppo,terminal_reward,779,148.55014038085938
terminal_ppo,terminal_reward,780,148.55014038085938
terminal_ppo,terminal_reward,781,148.55014038085938
terminal_ppo,terminal_reward,782,148.55014038085938
terminal_ppo,terminal_reward,783,441.0550537109375
terminal_ppo,terminal_reward,784,247.21987915039062
terminal_ppo,terminal_reward,785,305.7991638183594
terminal_ppo,terminal_reward,786,305.7991638183594
terminal_ppo,terminal_reward,787,305.7991638183594
terminal_ppo,terminal_reward,788,305.7991638183594
terminal_ppo,terminal_reward,789,305.7991638183594
terminal_ppo,terminal_reward,790,305.7991638183594
terminal_ppo,terminal_reward,791,305.7991638183594
terminal_ppo,terminal_reward,792,305.7991638183594
terminal_ppo,terminal_reward,793,206.03421020507812
terminal_ppo,terminal_reward,794,206.03421020507812
terminal_ppo,terminal_reward,795,206.03421020507812
terminal_ppo,terminal_reward,796,206.03421020507812
terminal_ppo,terminal_reward,797,206.03421020507812
terminal_ppo,terminal_reward,798,206.03421020507812
terminal_ppo,terminal_reward,799,206.03421020507812
terminal_ppo,terminal_reward,800,206.03421020507812
terminal_ppo,terminal_reward,801,206.03421020507812
terminal_ppo,terminal_reward,802,206.03421020507812
terminal_ppo,terminal_reward,803,206.03421020507812
terminal_ppo,terminal_reward,804,206.03421020507812
terminal_ppo,terminal_reward,805,206.03421020507812
terminal_ppo,terminal_reward,806,206.03421020507812
terminal_ppo,terminal_reward,807,206.03421020507812
terminal_ppo,terminal_reward,808,206.03421020507812
terminal_ppo,terminal_reward,809,206.03421020507812
terminal_ppo,terminal_reward,810,206.03421020507812
terminal_ppo,terminal_reward,811,206.03421020507812
terminal_ppo,terminal_reward,812,206.03421020507812
terminal_ppo,terminal_reward,813,206.03421020507812
terminal_ppo,terminal_reward,814,206.03421020507812
terminal_ppo,terminal_reward,815,206.03421020507812
terminal_ppo,terminal_reward,816,206.03421020507812
terminal_ppo,terminal_reward,817,206.03421020507812
terminal_ppo,terminal_reward,818,206.03421020507812
terminal_ppo,terminal_reward,819,206.03421020507812
terminal_ppo,terminal_reward,820,206.03421020507812
terminal_ppo,terminal_reward,821,206.03421020507812
terminal_ppo,terminal_reward,822,206.03421020507812
terminal_ppo,terminal_reward,823,206.03421020507812
terminal_ppo,terminal_reward,824,206.03421020507812
terminal_ppo,terminal_reward,825,206.03421020507812
terminal_ppo,terminal_reward,826,206.03421020507812
terminal_ppo,terminal_reward,827,206.03421020507812
terminal_ppo,terminal_reward,828,206.03421020507812
terminal_ppo,terminal_reward,829,206.03421020507812
terminal_ppo,terminal_reward,830,206.03421020507812
terminal_ppo,terminal_reward,831,206.03421020507812
terminal_ppo,terminal_reward,832,206.03421020507812
terminal_ppo,terminal_reward,833,206.03421020507812
terminal_ppo,terminal_reward,834,206.03421020507812
terminal_ppo,terminal_reward,835,206.03421020507812
terminal_ppo,terminal_reward,836,206.03421020507812
terminal_ppo,terminal_reward,837,206.03421020507812
terminal_ppo,terminal_reward,838,206.03421020507812
terminal_ppo,terminal_reward,839,206.03421020507812
terminal_ppo,terminal_reward,840,206.03421020507812
terminal_ppo,terminal_reward,841,206.03421020507812
terminal_ppo,terminal_reward,842,206.03421020507812
terminal_ppo,terminal_reward,843,206.03421020507812
terminal_ppo,terminal_reward,844,206.03421020507812
terminal_ppo,terminal_reward,845,206.03421020507812
terminal_ppo,terminal_reward,846,206.03421020507812
terminal_ppo,terminal_reward,847,206.03421020507812
terminal_ppo,terminal_reward,848,206.03421020507812
terminal_ppo,terminal_reward,849,206.03421020507812
terminal_ppo,terminal_reward,850,206.03421020507812
terminal_ppo,terminal_reward,851,206.03421020507812
terminal_ppo,terminal_reward,852,206.03421020507812
terminal_ppo,terminal_reward,853,206.03421020507812
terminal_ppo,terminal_reward,854,206.03421020507812
terminal_ppo,terminal_reward,855,206.03421020507812
terminal_ppo,terminal_reward,856,206.03421020507812
terminal_ppo,terminal_reward,857,206.03421020507812
terminal_ppo,terminal_reward,858,206.03421020507812
terminal_ppo,terminal_reward,859,206.03421020507812
terminal_ppo,terminal_reward,860,206.03421020507812
terminal_ppo,terminal_reward,861,206.03421020507812
terminal_ppo,terminal_reward,862,99.7181625366211
terminal_ppo,terminal_reward,863,99.7181625366211
terminal_ppo,terminal_reward,864,99.7181625366211
terminal_ppo,terminal_reward,865,99.7181625366211
terminal_ppo,terminal_reward,866,99.7181625366211
terminal_ppo,terminal_reward,867,99.7181625366211
terminal_ppo,terminal_reward,868,99.7181625366211
terminal_ppo,terminal_reward,869,99.7181625366211
terminal_ppo,terminal_reward,870,196.64498901367188
terminal_ppo,terminal_reward,871,196.64498901367188
terminal_ppo,terminal_reward,872,196.64498901367188
terminal_ppo,terminal_reward,873,196.64498901367188
terminal_ppo,terminal_reward,874,196.64498901367188
terminal_ppo,terminal_reward,875,196.64498901367188
terminal_ppo,terminal_reward,876,196.64498901367188
terminal_ppo,terminal_reward,877,196.64498901367188
terminal_ppo,terminal_reward,878,196.64498901367188
terminal_ppo,terminal_reward,879,196.64498901367188
terminal_ppo,terminal_reward,880,196.64498901367188
terminal_ppo,terminal_reward,881,196.64498901367188
terminal_ppo,terminal_reward,882,196.64498901367188
terminal_ppo,terminal_reward,883,196.64498901367188
terminal_ppo,terminal_reward,884,196.64498901367188
terminal_ppo,terminal_reward,885,196.64498901367188
terminal_ppo,terminal_reward,886,196.64498901367188
terminal_ppo,terminal_reward,887,196.64498901367188
terminal_ppo,terminal_reward,888,196.64498901367188
terminal_ppo,terminal_reward,889,196.64498901367188
terminal_ppo,terminal_reward,890,196.64498901367188
terminal_ppo,terminal_reward,891,131.82791137695312
terminal_ppo,terminal_reward,892,131.82791137695312
terminal_ppo,terminal_reward,893,131.82791137695312
terminal_ppo,terminal_reward,894,131.82791137695312
terminal_ppo,terminal_reward,895,131.82791137695312
terminal_ppo,terminal_reward,896,131.82791137695312
terminal_ppo,terminal_reward,897,131.82791137695312
terminal_ppo,terminal_reward,898,131.82791137695312
terminal_ppo,terminal_reward,899,131.82791137695312
terminal_ppo,terminal_reward,900,131.82791137695312
terminal_ppo,terminal_reward,901,131.82791137695312
terminal_ppo,terminal_reward,902,131.82791137695312
terminal_ppo,terminal_reward,903,131.82791137695312
terminal_ppo,terminal_reward,904,131.82791137695312
terminal_ppo,terminal_reward,905,131.82791137695312
terminal_ppo,terminal_reward,906,131.82791137695312
terminal_ppo,terminal_reward,907,131.82791137695312
terminal_ppo,terminal_reward,908,131.82791137695312
terminal_ppo,terminal_reward,909,131.82791137695312
terminal_ppo,terminal_reward,910,131.82791137695312
terminal_ppo,terminal_reward,911,131.82791137695312
terminal_ppo,terminal_reward,912,131.82791137695312
terminal_ppo,terminal_reward,913,131.82791137695312
terminal_ppo,terminal_reward,914,131.82791137695312
terminal_ppo,terminal_reward,915,131.82791137695312
terminal_ppo,terminal_reward,916,131.82791137695312
terminal_ppo,terminal_reward,917,131.82791137695312
terminal_ppo,terminal_reward,918,131.82791137695312
terminal_ppo,terminal_reward,919,131.82791137695312
terminal_ppo,terminal_reward,920,328.6863708496094
terminal_ppo,terminal_reward,921,328.6863708496094
terminal_ppo,terminal_reward,922,328.6863708496094
terminal_ppo,terminal_reward,923,328.6863708496094
terminal_ppo,terminal_reward,924,328.6863708496094
terminal_ppo,terminal_reward,925,384.9515380859375
terminal_ppo,terminal_reward,926,384.9515380859375
terminal_ppo,terminal_reward,927,384.9515380859375
terminal_ppo,terminal_reward,928,384.9515380859375
terminal_ppo,terminal_reward,929,384.9515380859375
terminal_ppo,terminal_reward,930,384.9515380859375
terminal_ppo,terminal_reward,931,384.9515380859375
terminal_ppo,terminal_reward,932,384.9515380859375
terminal_ppo,terminal_reward,933,384.9515380859375
terminal_ppo,terminal_reward,934,384.9515380859375
terminal_ppo,terminal_reward,935,384.9515380859375
terminal_ppo,terminal_reward,936,216.53768920898438
terminal_ppo,terminal_reward,937,291.4423828125
terminal_ppo,terminal_reward,938,134.2296142578125
terminal_ppo,terminal_reward,939,134.2296142578125
terminal_ppo,terminal_reward,940,134.2296142578125
terminal_ppo,terminal_reward,941,322.6158142089844
terminal_ppo,terminal_reward,942,322.6158142089844
terminal_ppo,terminal_reward,943,322.6158142089844
terminal_ppo,terminal_reward,944,322.6158142089844
terminal_ppo,terminal_reward,945,322.6158142089844
terminal_ppo,terminal_reward,946,284.0283203125
terminal_ppo,terminal_reward,947,331.8095397949219
terminal_ppo,terminal_reward,948,331.8095397949219
terminal_ppo,terminal_reward,949,331.8095397949219
terminal_ppo,terminal_reward,950,331.8095397949219
terminal_ppo,terminal_reward,951,331.8095397949219
terminal_ppo,terminal_reward,952,536.3052978515625
terminal_ppo,terminal_reward,953,536.3052978515625
terminal_ppo,terminal_reward,954,536.3052978515625
terminal_ppo,terminal_reward,955,536.3052978515625
terminal_ppo,terminal_reward,956,536.3052978515625
terminal_ppo,terminal_reward,957,536.3052978515625
terminal_ppo,terminal_reward,958,408.37518310546875
terminal_ppo,terminal_reward,959,299.45489501953125
terminal_ppo,terminal_reward,960,299.45489501953125
terminal_ppo,terminal_reward,961,299.45489501953125
terminal_ppo,terminal_reward,962,299.45489501953125
terminal_ppo,terminal_reward,963,299.45489501953125
terminal_ppo,terminal_reward,964,299.45489501953125
terminal_ppo,terminal_reward,965,299.45489501953125
terminal_ppo,terminal_reward,966,299.45489501953125
terminal_ppo,terminal_reward,967,299.45489501953125
terminal_ppo,terminal_reward,968,299.45489501953125
terminal_ppo,terminal_reward,969,299.45489501953125
terminal_ppo,terminal_reward,970,299.45489501953125
terminal_ppo,terminal_reward,971,299.45489501953125
terminal_ppo,terminal_reward,972,299.45489501953125
terminal_ppo,terminal_reward,973,299.45489501953125
terminal_ppo,terminal_reward,974,299.45489501953125
terminal_ppo,terminal_reward,975,448.062255859375
terminal_ppo,terminal_reward,976,448.062255859375
terminal_ppo,terminal_reward,977,448.062255859375
terminal_ppo,terminal_reward,978,448.062255859375
terminal_ppo,terminal_reward,979,448.062255859375
terminal_ppo,terminal_reward,980,448.062255859375
terminal_ppo,terminal_reward,981,448.062255859375
terminal_ppo,terminal_reward,982,448.062255859375
terminal_ppo,terminal_reward,983,448.062255859375
terminal_ppo,terminal_reward,984,448.062255859375
terminal_ppo,terminal_reward,985,448.062255859375
terminal_ppo,terminal_reward,986,448.062255859375
terminal_ppo,terminal_reward,987,448.062255859375
terminal_ppo,terminal_reward,988,448.062255859375
terminal_ppo,terminal_reward,989,448.062255859375
terminal_ppo,terminal_reward,990,448.062255859375
terminal_ppo,terminal_reward,991,448.062255859375
terminal_ppo,terminal_reward,992,448.062255859375
terminal_ppo,terminal_reward,993,448.062255859375
terminal_ppo,terminal_reward,994,448.062255859375
terminal_ppo,terminal_reward,995,448.062255859375
terminal_ppo,terminal_reward,996,448.062255859375
terminal_ppo,terminal_reward,997,448.062255859375
terminal_ppo,terminal_reward,998,448.062255859375
terminal_ppo,terminal_reward,999,448.062255859375
terminal_ppo,terminal_reward,1000,448.062255859375
terminal_ppo,terminal_reward,1001,448.062255859375
terminal_ppo,terminal_reward,1002,448.062255859375
terminal_ppo,terminal_reward,1003,448.062255859375
terminal_ppo,terminal_reward,1004,448.062255859375
terminal_ppo,terminal_reward,1005,448.062255859375
terminal_ppo,terminal_reward,1006,448.062255859375
terminal_ppo,terminal_reward,1007,448.062255859375
terminal_ppo,terminal_reward,1008,448.062255859375
terminal_ppo,terminal_reward,1009,448.062255859375
terminal_ppo,terminal_reward,1010,448.062255859375
terminal_ppo,terminal_reward,1011,448.062255859375
terminal_ppo,terminal_reward,1012,45.32933807373047
terminal_ppo,terminal_reward,1013,45.32933807373047
terminal_ppo,terminal_reward,1014,45.32933807373047
terminal_ppo,terminal_reward,1015,45.32933807373047
terminal_ppo,terminal_reward,1016,261.0865173339844
terminal_ppo,terminal_reward,1017,261.0865173339844
terminal_ppo,terminal_reward,1018,261.0865173339844
terminal_ppo,terminal_reward,1019,261.0865173339844
terminal_ppo,terminal_reward,1020,261.0865173339844
terminal_ppo,terminal_reward,1021,261.0865173339844
terminal_ppo,terminal_reward,1022,261.0865173339844
terminal_ppo,terminal_reward,1023,261.0865173339844
terminal_ppo,terminal_reward,1024,261.0865173339844
terminal_ppo,terminal_reward,1025,261.0865173339844
terminal_ppo,terminal_reward,1026,261.0865173339844
terminal_ppo,terminal_reward,1027,261.0865173339844
terminal_ppo,terminal_reward,1028,261.0865173339844
terminal_ppo,terminal_reward,1029,261.0865173339844
terminal_ppo,terminal_reward,1030,261.0865173339844
terminal_ppo,terminal_reward,1031,261.0865173339844
terminal_ppo,terminal_reward,1032,261.0865173339844
terminal_ppo,terminal_reward,1033,261.0865173339844
terminal_ppo,terminal_reward,1034,261.0865173339844
terminal_ppo,terminal_reward,1035,226.9412078857422
terminal_ppo,terminal_reward,1036,226.9412078857422
terminal_ppo,terminal_reward,1037,-64.81634521484375
terminal_ppo,terminal_reward,1038,-64.81634521484375
terminal_ppo,terminal_reward,1039,-64.81634521484375
terminal_ppo,terminal_reward,1040,-64.81634521484375
terminal_ppo,terminal_reward,1041,42.316795349121094
terminal_ppo,terminal_reward,1042,-3.7095961570739746
terminal_ppo,terminal_reward,1043,174.82908630371094
terminal_ppo,terminal_reward,1044,174.82908630371094
terminal_ppo,terminal_reward,1045,174.82908630371094
terminal_ppo,terminal_reward,1046,174.82908630371094
terminal_ppo,terminal_reward,1047,174.82908630371094
terminal_ppo,terminal_reward,1048,174.82908630371094
terminal_ppo,terminal_reward,1049,174.82908630371094
terminal_ppo,terminal_reward,1050,174.82908630371094
terminal_ppo,terminal_reward,1051,174.82908630371094
terminal_ppo,terminal_reward,1052,174.82908630371094
terminal_ppo,terminal_reward,1053,174.82908630371094
terminal_ppo,terminal_reward,1054,174.82908630371094
terminal_ppo,terminal_reward,1055,174.82908630371094
terminal_ppo,terminal_reward,1056,174.82908630371094
terminal_ppo,terminal_reward,1057,174.82908630371094
terminal_ppo,terminal_reward,1058,174.82908630371094
terminal_ppo,terminal_reward,1059,174.82908630371094
terminal_ppo,terminal_reward,1060,174.82908630371094
terminal_ppo,terminal_reward,1061,174.82908630371094
terminal_ppo,terminal_reward,1062,174.82908630371094
terminal_ppo,terminal_reward,1063,311.7702331542969
terminal_ppo,terminal_reward,1064,311.7702331542969
terminal_ppo,terminal_reward,1065,311.7702331542969
terminal_ppo,terminal_reward,1066,311.7702331542969
terminal_ppo,terminal_reward,1067,311.7702331542969
terminal_ppo,terminal_reward,1068,311.7702331542969
terminal_ppo,terminal_reward,1069,311.7702331542969
terminal_ppo,terminal_reward,1070,311.7702331542969
terminal_ppo,terminal_reward,1071,311.7702331542969
terminal_ppo,terminal_reward,1072,311.7702331542969
terminal_ppo,terminal_reward,1073,311.7702331542969
terminal_ppo,terminal_reward,1074,234.58233642578125
terminal_ppo,terminal_reward,1075,234.58233642578125
terminal_ppo,terminal_reward,1076,234.58233642578125
terminal_ppo,terminal_reward,1077,234.58233642578125
terminal_ppo,terminal_reward,1078,234.58233642578125
terminal_ppo,terminal_reward,1079,234.58233642578125
terminal_ppo,terminal_reward,1080,234.58233642578125
terminal_ppo,terminal_reward,1081,234.58233642578125
terminal_ppo,terminal_reward,1082,234.58233642578125
terminal_ppo,terminal_reward,1083,234.58233642578125
terminal_ppo,terminal_reward,1084,234.58233642578125
terminal_ppo,terminal_reward,1085,234.58233642578125
terminal_ppo,terminal_reward,1086,234.58233642578125
terminal_ppo,terminal_reward,1087,234.58233642578125
terminal_ppo,terminal_reward,1088,234.58233642578125
terminal_ppo,terminal_reward,1089,278.9153747558594
terminal_ppo,terminal_reward,1090,278.9153747558594
terminal_ppo,terminal_reward,1091,278.9153747558594
terminal_ppo,terminal_reward,1092,278.9153747558594
terminal_ppo,terminal_reward,1093,308.9670104980469
terminal_ppo,terminal_reward,1094,308.9670104980469
terminal_ppo,terminal_reward,1095,308.9670104980469
terminal_ppo,terminal_reward,1096,195.4113006591797
terminal_ppo,terminal_reward,1097,195.4113006591797
terminal_ppo,terminal_reward,1098,195.4113006591797
terminal_ppo,terminal_reward,1099,318.9165954589844
terminal_ppo,terminal_reward,1100,318.6900329589844
terminal_ppo,terminal_reward,1101,318.6900329589844
terminal_ppo,terminal_reward,1102,443.0995788574219
terminal_ppo,terminal_reward,1103,443.0995788574219
terminal_ppo,terminal_reward,1104,443.0995788574219
terminal_ppo,terminal_reward,1105,443.0995788574219
terminal_ppo,terminal_reward,1106,443.0995788574219
terminal_ppo,terminal_reward,1107,443.0995788574219
terminal_ppo,terminal_reward,1108,696.2355346679688
terminal_ppo,terminal_reward,1109,696.2355346679688
terminal_ppo,terminal_reward,1110,696.2355346679688
terminal_ppo,terminal_reward,1111,696.2355346679688
terminal_ppo,terminal_reward,1112,696.2355346679688
terminal_ppo,terminal_reward,1113,696.2355346679688
terminal_ppo,terminal_reward,1114,696.2355346679688
terminal_ppo,terminal_reward,1115,696.2355346679688
terminal_ppo,terminal_reward,1116,696.2355346679688
terminal_ppo,terminal_reward,1117,696.2355346679688
terminal_ppo,terminal_reward,1118,696.2355346679688
terminal_ppo,terminal_reward,1119,696.2355346679688
terminal_ppo,terminal_reward,1120,696.2355346679688
terminal_ppo,terminal_reward,1121,696.2355346679688
terminal_ppo,terminal_reward,1122,696.2355346679688
terminal_ppo,terminal_reward,1123,696.2355346679688
terminal_ppo,terminal_reward,1124,696.2355346679688
terminal_ppo,terminal_reward,1125,696.2355346679688
terminal_ppo,terminal_reward,1126,696.2355346679688
terminal_ppo,terminal_reward,1127,696.2355346679688
terminal_ppo,terminal_reward,1128,696.2355346679688
terminal_ppo,terminal_reward,1129,696.2355346679688
terminal_ppo,terminal_reward,1130,696.2355346679688
terminal_ppo,terminal_reward,1131,696.2355346679688
terminal_ppo,terminal_reward,1132,696.2355346679688
terminal_ppo,terminal_reward,1133,696.2355346679688
terminal_ppo,terminal_reward,1134,696.2355346679688
terminal_ppo,terminal_reward,1135,696.2355346679688
terminal_ppo,terminal_reward,1136,696.2355346679688
terminal_ppo,terminal_reward,1137,696.2355346679688
terminal_ppo,terminal_reward,1138,696.2355346679688
terminal_ppo,terminal_reward,1139,696.2355346679688
terminal_ppo,terminal_reward,1140,696.2355346679688
terminal_ppo,terminal_reward,1141,696.2355346679688
terminal_ppo,terminal_reward,1142,696.2355346679688
terminal_ppo,terminal_reward,1143,99.58982849121094
terminal_ppo,terminal_reward,1144,99.58982849121094
terminal_ppo,terminal_reward,1145,99.58982849121094
terminal_ppo,terminal_reward,1146,99.58982849121094
terminal_ppo,terminal_reward,1147,99.58982849121094
terminal_ppo,terminal_reward,1148,99.58982849121094
terminal_ppo,terminal_reward,1149,99.58982849121094
terminal_ppo,terminal_reward,1150,99.58982849121094
terminal_ppo,terminal_reward,1151,99.58982849121094
terminal_ppo,terminal_reward,1152,99.58982849121094
terminal_ppo,terminal_reward,1153,99.58982849121094
terminal_ppo,terminal_reward,1154,99.58982849121094
terminal_ppo,terminal_reward,1155,99.58982849121094
terminal_ppo,terminal_reward,1156,99.58982849121094
terminal_ppo,terminal_reward,1157,99.58982849121094
terminal_ppo,terminal_reward,1158,99.58982849121094
terminal_ppo,terminal_reward,1159,99.58982849121094
terminal_ppo,terminal_reward,1160,99.58982849121094
terminal_ppo,terminal_reward,1161,99.58982849121094
terminal_ppo,terminal_reward,1162,413.49957275390625
terminal_ppo,terminal_reward,1163,413.49957275390625
terminal_ppo,terminal_reward,1164,413.49957275390625
terminal_ppo,terminal_reward,1165,413.49957275390625
terminal_ppo,terminal_reward,1166,413.49957275390625
terminal_ppo,terminal_reward,1167,340.0748291015625
terminal_ppo,terminal_reward,1168,340.0748291015625
terminal_ppo,terminal_reward,1169,340.0748291015625
terminal_ppo,terminal_reward,1170,340.0748291015625
terminal_ppo,terminal_reward,1171,340.0748291015625
terminal_ppo,terminal_reward,1172,340.0748291015625
terminal_ppo,terminal_reward,1173,340.0748291015625
terminal_ppo,terminal_reward,1174,340.0748291015625
terminal_ppo,terminal_reward,1175,317.3863220214844
terminal_ppo,terminal_reward,1176,317.3863220214844
terminal_ppo,terminal_reward,1177,380.1250915527344
terminal_ppo,terminal_reward,1178,313.0837097167969
terminal_ppo,terminal_reward,1179,368.9978942871094
terminal_ppo,terminal_reward,1180,368.9978942871094
terminal_ppo,terminal_reward,1181,368.9978942871094
terminal_ppo,terminal_reward,1182,368.9978942871094
terminal_ppo,terminal_reward,1183,368.9978942871094
terminal_ppo,terminal_reward,1184,368.9978942871094
terminal_ppo,terminal_reward,1185,368.9978942871094
terminal_ppo,terminal_reward,1186,368.9978942871094
terminal_ppo,terminal_reward,1187,368.9978942871094
terminal_ppo,terminal_reward,1188,368.9978942871094
terminal_ppo,terminal_reward,1189,368.9978942871094
terminal_ppo,terminal_reward,1190,368.9978942871094
terminal_ppo,terminal_reward,1191,368.9978942871094
terminal_ppo,terminal_reward,1192,368.9978942871094
terminal_ppo,terminal_reward,1193,368.9978942871094
terminal_ppo,terminal_reward,1194,368.9978942871094
terminal_ppo,terminal_reward,1195,368.9978942871094
terminal_ppo,terminal_reward,1196,278.4544677734375
terminal_ppo,terminal_reward,1197,-84.03158569335938
terminal_ppo,terminal_reward,1198,-84.03158569335938
terminal_ppo,terminal_reward,1199,-84.03158569335938
terminal_ppo,terminal_reward,1200,-84.03158569335938
terminal_ppo,terminal_reward,1201,-84.03158569335938
terminal_ppo,terminal_reward,1202,-84.03158569335938
terminal_ppo,terminal_reward,1203,23.042417526245117
terminal_ppo,terminal_reward,1204,58.29803466796875
terminal_ppo,terminal_reward,1205,58.29803466796875
terminal_ppo,terminal_reward,1206,58.29803466796875
terminal_ppo,terminal_reward,1207,58.29803466796875
terminal_ppo,terminal_reward,1208,167.93942260742188
terminal_ppo,terminal_reward,1209,167.93942260742188
terminal_ppo,terminal_reward,1210,82.59286499023438
terminal_ppo,terminal_reward,1211,82.59286499023438
terminal_ppo,terminal_reward,1212,82.59286499023438
terminal_ppo,terminal_reward,1213,82.59286499023438
terminal_ppo,terminal_reward,1214,82.59286499023438
terminal_ppo,terminal_reward,1215,82.59286499023438
terminal_ppo,terminal_reward,1216,82.59286499023438
terminal_ppo,terminal_reward,1217,82.59286499023438
terminal_ppo,terminal_reward,1218,82.59286499023438
terminal_ppo,terminal_reward,1219,82.59286499023438
terminal_ppo,terminal_reward,1220,82.59286499023438
terminal_ppo,terminal_reward,1221,82.59286499023438
terminal_ppo,terminal_reward,1222,82.59286499023438
terminal_ppo,terminal_reward,1223,82.59286499023438
terminal_ppo,terminal_reward,1224,82.59286499023438
terminal_ppo,terminal_reward,1225,82.59286499023438
terminal_ppo,terminal_reward,1226,82.59286499023438
terminal_ppo,terminal_reward,1227,82.59286499023438
terminal_ppo,terminal_reward,1228,82.59286499023438
terminal_ppo,terminal_reward,1229,82.59286499023438
terminal_ppo,terminal_reward,1230,82.59286499023438
terminal_ppo,terminal_reward,1231,82.59286499023438
terminal_ppo,terminal_reward,1232,82.59286499023438
terminal_ppo,terminal_reward,1233,82.59286499023438
terminal_ppo,terminal_reward,1234,82.59286499023438
terminal_ppo,terminal_reward,1235,82.59286499023438
terminal_ppo,terminal_reward,1236,82.59286499023438
terminal_ppo,terminal_reward,1237,82.59286499023438
terminal_ppo,terminal_reward,1238,82.59286499023438
terminal_ppo,terminal_reward,1239,82.59286499023438
terminal_ppo,terminal_reward,1240,82.59286499023438
terminal_ppo,terminal_reward,1241,82.59286499023438
terminal_ppo,terminal_reward,1242,82.59286499023438
terminal_ppo,terminal_reward,1243,82.59286499023438
terminal_ppo,terminal_reward,1244,82.59286499023438
terminal_ppo,terminal_reward,1245,82.59286499023438
terminal_ppo,terminal_reward,1246,82.59286499023438
terminal_ppo,terminal_reward,1247,82.59286499023438
terminal_ppo,terminal_reward,1248,82.59286499023438
terminal_ppo,terminal_reward,1249,82.59286499023438
terminal_ppo,terminal_reward,1250,82.59286499023438
terminal_ppo,terminal_reward,1251,82.59286499023438
terminal_ppo,terminal_reward,1252,82.59286499023438
terminal_ppo,terminal_reward,1253,82.59286499023438
terminal_ppo,terminal_reward,1254,82.59286499023438
terminal_ppo,terminal_reward,1255,82.59286499023438
terminal_ppo,terminal_reward,1256,82.59286499023438
terminal_ppo,terminal_reward,1257,82.59286499023438
terminal_ppo,terminal_reward,1258,82.59286499023438
terminal_ppo,terminal_reward,1259,82.59286499023438
terminal_ppo,terminal_reward,1260,82.59286499023438
terminal_ppo,terminal_reward,1261,82.59286499023438
terminal_ppo,terminal_reward,1262,82.59286499023438
terminal_ppo,terminal_reward,1263,82.59286499023438
terminal_ppo,terminal_reward,1264,242.11843872070312
terminal_ppo,terminal_reward,1265,242.11843872070312
terminal_ppo,terminal_reward,1266,242.11843872070312
terminal_ppo,terminal_reward,1267,242.11843872070312
terminal_ppo,terminal_reward,1268,242.11843872070312
terminal_ppo,terminal_reward,1269,242.11843872070312
terminal_ppo,terminal_reward,1270,242.11843872070312
terminal_ppo,terminal_reward,1271,242.11843872070312
terminal_ppo,terminal_reward,1272,242.11843872070312
terminal_ppo,terminal_reward,1273,242.11843872070312
terminal_ppo,terminal_reward,1274,242.11843872070312
terminal_ppo,terminal_reward,1275,242.11843872070312
terminal_ppo,terminal_reward,1276,242.11843872070312
terminal_ppo,terminal_reward,1277,151.87875366210938
terminal_ppo,terminal_reward,1278,151.87875366210938
terminal_ppo,terminal_reward,1279,151.87875366210938
terminal_ppo,terminal_reward,1280,99.76411437988281
terminal_ppo,terminal_reward,1281,99.76411437988281
terminal_ppo,terminal_reward,1282,99.76411437988281
terminal_ppo,terminal_reward,1283,870.73876953125
terminal_ppo,terminal_reward,1284,870.73876953125
terminal_ppo,terminal_reward,1285,870.73876953125
terminal_ppo,terminal_reward,1286,104.38731384277344
terminal_ppo,terminal_reward,1287,73.66888427734375
terminal_ppo,terminal_reward,1288,73.66888427734375
terminal_ppo,terminal_reward,1289,73.66888427734375
terminal_ppo,terminal_reward,1290,73.66888427734375
terminal_ppo,terminal_reward,1291,108.31893157958984
terminal_ppo,terminal_reward,1292,108.31893157958984
terminal_ppo,terminal_reward,1293,108.31893157958984
terminal_ppo,terminal_reward,1294,-12.457536697387695
terminal_ppo,terminal_reward,1295,213.69241333007812
terminal_ppo,terminal_reward,1296,213.69241333007812
terminal_ppo,terminal_reward,1297,213.69241333007812
terminal_ppo,terminal_reward,1298,213.69241333007812
terminal_ppo,terminal_reward,1299,213.69241333007812
terminal_ppo,terminal_reward,1300,-38.54187774658203
terminal_ppo,terminal_reward,1301,-2.020416736602783
terminal_ppo,terminal_reward,1302,-2.020416736602783
terminal_ppo,terminal_reward,1303,-2.020416736602783
terminal_ppo,terminal_reward,1304,-2.020416736602783
terminal_ppo,terminal_reward,1305,-2.020416736602783
terminal_ppo,terminal_reward,1306,-2.020416736602783
terminal_ppo,terminal_reward,1307,-2.020416736602783
terminal_ppo,terminal_reward,1308,344.039306640625
terminal_ppo,terminal_reward,1309,344.039306640625
terminal_ppo,terminal_reward,1310,344.039306640625
terminal_ppo,terminal_reward,1311,344.039306640625
terminal_ppo,terminal_reward,1312,344.039306640625
terminal_ppo,terminal_reward,1313,344.039306640625
terminal_ppo,terminal_reward,1314,344.039306640625
terminal_ppo,terminal_reward,1315,344.039306640625
terminal_ppo,terminal_reward,1316,344.039306640625
terminal_ppo,terminal_reward,1317,344.039306640625
terminal_ppo,terminal_reward,1318,344.039306640625
terminal_ppo,terminal_reward,1319,344.039306640625
terminal_ppo,terminal_reward,1320,344.039306640625
terminal_ppo,terminal_reward,1321,344.039306640625
terminal_ppo,terminal_reward,1322,344.039306640625
terminal_ppo,terminal_reward,1323,344.039306640625
terminal_ppo,terminal_reward,1324,344.039306640625
terminal_ppo,terminal_reward,1325,344.039306640625
terminal_ppo,terminal_reward,1326,344.039306640625
terminal_ppo,terminal_reward,1327,344.039306640625
terminal_ppo,terminal_reward,1328,344.039306640625
terminal_ppo,terminal_reward,1329,344.039306640625
terminal_ppo,terminal_reward,1330,344.039306640625
terminal_ppo,terminal_reward,1331,344.039306640625
terminal_ppo,terminal_reward,1332,344.039306640625
terminal_ppo,terminal_reward,1333,344.039306640625
terminal_ppo,terminal_reward,1334,344.039306640625
terminal_ppo,terminal_reward,1335,92.52511596679688
terminal_ppo,terminal_reward,1336,92.52511596679688
terminal_ppo,terminal_reward,1337,92.52511596679688
terminal_ppo,terminal_reward,1338,92.52511596679688
terminal_ppo,terminal_reward,1339,92.52511596679688
terminal_ppo,terminal_reward,1340,92.52511596679688
terminal_ppo,terminal_reward,1341,92.52511596679688
terminal_ppo,terminal_reward,1342,92.52511596679688
terminal_ppo,terminal_reward,1343,92.52511596679688
terminal_ppo,terminal_reward,1344,92.52511596679688
terminal_ppo,terminal_reward,1345,92.52511596679688
terminal_ppo,terminal_reward,1346,92.52511596679688
terminal_ppo,terminal_reward,1347,92.52511596679688
terminal_ppo,terminal_reward,1348,92.52511596679688
terminal_ppo,terminal_reward,1349,92.52511596679688
terminal_ppo,terminal_reward,1350,92.52511596679688
terminal_ppo,terminal_reward,1351,32.891822814941406
terminal_ppo,terminal_reward,1352,32.891822814941406
terminal_ppo,terminal_reward,1353,32.891822814941406
terminal_ppo,terminal_reward,1354,122.11100769042969
terminal_ppo,terminal_reward,1355,122.11100769042969
terminal_ppo,terminal_reward,1356,122.11100769042969
terminal_ppo,terminal_reward,1357,122.11100769042969
terminal_ppo,terminal_reward,1358,122.11100769042969
terminal_ppo,terminal_reward,1359,122.11100769042969
terminal_ppo,terminal_reward,1360,122.11100769042969
terminal_ppo,terminal_reward,1361,203.9880828857422
terminal_ppo,terminal_reward,1362,9.244048118591309
terminal_ppo,terminal_reward,1363,9.244048118591309
terminal_ppo,terminal_reward,1364,9.244048118591309
terminal_ppo,terminal_reward,1365,9.244048118591309
terminal_ppo,terminal_reward,1366,9.244048118591309
terminal_ppo,terminal_reward,1367,9.244048118591309
terminal_ppo,terminal_reward,1368,-41.57379913330078
terminal_ppo,terminal_reward,1369,-41.57379913330078
terminal_ppo,terminal_reward,1370,-41.57379913330078
terminal_ppo,terminal_reward,1371,33.843292236328125
terminal_ppo,terminal_reward,1372,3.5127811431884766
terminal_ppo,terminal_reward,1373,3.5127811431884766
terminal_ppo,terminal_reward,1374,115.24256896972656
terminal_ppo,terminal_reward,1375,115.24256896972656
terminal_ppo,terminal_reward,1376,115.24256896972656
terminal_ppo,terminal_reward,1377,115.24256896972656
terminal_ppo,terminal_reward,1378,115.24256896972656
terminal_ppo,terminal_reward,1379,233.7303466796875
terminal_ppo,terminal_reward,1380,233.7303466796875
terminal_ppo,terminal_reward,1381,233.7303466796875
terminal_ppo,terminal_reward,1382,233.7303466796875
terminal_ppo,terminal_reward,1383,233.7303466796875
terminal_ppo,terminal_reward,1384,233.7303466796875
terminal_ppo,terminal_reward,1385,233.7303466796875
terminal_ppo,terminal_reward,1386,233.7303466796875
terminal_ppo,terminal_reward,1387,233.7303466796875
terminal_ppo,terminal_reward,1388,233.7303466796875
terminal_ppo,terminal_reward,1389,61.85364532470703
terminal_ppo,terminal_reward,1390,61.85364532470703
terminal_ppo,terminal_reward,1391,61.85364532470703
terminal_ppo,terminal_reward,1392,61.85364532470703
terminal_ppo,terminal_reward,1393,22.41197967529297
terminal_ppo,terminal_reward,1394,63.998985290527344
terminal_ppo,terminal_reward,1395,63.998985290527344
terminal_ppo,terminal_reward,1396,63.998985290527344
terminal_ppo,terminal_reward,1397,63.998985290527344
terminal_ppo,terminal_reward,1398,22.87965965270996
terminal_ppo,terminal_reward,1399,22.87965965270996
terminal_ppo,terminal_reward,1400,22.87965965270996
terminal_ppo,terminal_reward,1401,22.87965965270996
terminal_ppo,terminal_reward,1402,22.87965965270996
terminal_ppo,terminal_reward,1403,22.87965965270996
terminal_ppo,terminal_reward,1404,22.87965965270996
terminal_ppo,terminal_reward,1405,22.87965965270996
terminal_ppo,terminal_reward,1406,22.87965965270996
terminal_ppo,terminal_reward,1407,22.87965965270996
terminal_ppo,terminal_reward,1408,22.87965965270996
terminal_ppo,terminal_reward,1409,22.87965965270996
terminal_ppo,terminal_reward,1410,22.87965965270996
terminal_ppo,terminal_reward,1411,22.87965965270996
terminal_ppo,terminal_reward,1412,22.87965965270996
terminal_ppo,terminal_reward,1413,22.87965965270996
terminal_ppo,terminal_reward,1414,22.87965965270996
terminal_ppo,terminal_reward,1415,22.87965965270996
terminal_ppo,terminal_reward,1416,22.87965965270996
terminal_ppo,terminal_reward,1417,22.87965965270996
terminal_ppo,terminal_reward,1418,22.87965965270996
terminal_ppo,terminal_reward,1419,22.87965965270996
terminal_ppo,terminal_reward,1420,22.87965965270996
terminal_ppo,terminal_reward,1421,22.87965965270996
terminal_ppo,terminal_reward,1422,22.87965965270996
terminal_ppo,terminal_reward,1423,13.915742874145508
terminal_ppo,terminal_reward,1424,13.915742874145508
terminal_ppo,terminal_reward,1425,13.915742874145508
terminal_ppo,terminal_reward,1426,13.915742874145508
terminal_ppo,terminal_reward,1427,13.915742874145508
terminal_ppo,terminal_reward,1428,13.915742874145508
terminal_ppo,terminal_reward,1429,13.915742874145508
terminal_ppo,terminal_reward,1430,13.915742874145508
terminal_ppo,terminal_reward,1431,13.915742874145508
terminal_ppo,terminal_reward,1432,13.915742874145508
terminal_ppo,terminal_reward,1433,13.915742874145508
terminal_ppo,terminal_reward,1434,13.915742874145508
terminal_ppo,terminal_reward,1435,13.915742874145508
terminal_ppo,terminal_reward,1436,13.915742874145508
terminal_ppo,terminal_reward,1437,13.915742874145508
terminal_ppo,terminal_reward,1438,13.915742874145508
terminal_ppo,terminal_reward,1439,13.915742874145508
terminal_ppo,terminal_reward,1440,13.915742874145508
terminal_ppo,terminal_reward,1441,13.915742874145508
terminal_ppo,terminal_reward,1442,13.915742874145508
terminal_ppo,terminal_reward,1443,13.915742874145508
terminal_ppo,terminal_reward,1444,142.71385192871094
terminal_ppo,terminal_reward,1445,91.01097106933594
terminal_ppo,terminal_reward,1446,91.01097106933594
terminal_ppo,terminal_reward,1447,91.01097106933594
terminal_ppo,terminal_reward,1448,91.01097106933594
terminal_ppo,terminal_reward,1449,-85.90606689453125
terminal_ppo,terminal_reward,1450,-85.90606689453125
terminal_ppo,terminal_reward,1451,115.57369232177734
terminal_ppo,terminal_reward,1452,115.57369232177734
terminal_ppo,terminal_reward,1453,115.57369232177734
terminal_ppo,terminal_reward,1454,35.516998291015625
terminal_ppo,terminal_reward,1455,35.516998291015625
terminal_ppo,terminal_reward,1456,35.516998291015625
terminal_ppo,terminal_reward,1457,124.979248046875
terminal_ppo,terminal_reward,1458,124.979248046875
terminal_ppo,terminal_reward,1459,124.979248046875
terminal_ppo,terminal_reward,1460,141.2930145263672
terminal_ppo,terminal_reward,1461,141.2930145263672
terminal_ppo,terminal_reward,1462,141.2930145263672
terminal_ppo,terminal_reward,1463,141.2930145263672
terminal_ppo,terminal_reward,1464,141.2930145263672
terminal_ppo,terminal_reward,1465,141.2930145263672
terminal_ppo,terminal_reward,1466,141.2930145263672
terminal_ppo,terminal_reward,1467,141.2930145263672
terminal_ppo,terminal_reward,1468,141.2930145263672
terminal_ppo,terminal_reward,1469,141.2930145263672
terminal_ppo,terminal_reward,1470,141.2930145263672
terminal_ppo,terminal_reward,1471,-8.383840560913086
terminal_ppo,terminal_reward,1472,-8.383840560913086
terminal_ppo,terminal_reward,1473,-8.383840560913086
terminal_ppo,terminal_reward,1474,-64.32406616210938
terminal_ppo,terminal_reward,1475,-64.32406616210938
terminal_ppo,terminal_reward,1476,-64.32406616210938
terminal_ppo,terminal_reward,1477,-64.32406616210938
terminal_ppo,terminal_reward,1478,-64.32406616210938
terminal_ppo,terminal_reward,1479,107.37571716308594
terminal_ppo,terminal_reward,1480,107.37571716308594
terminal_ppo,terminal_reward,1481,-43.47533416748047
terminal_ppo,terminal_reward,1482,-43.47533416748047
terminal_ppo,terminal_reward,1483,-43.47533416748047
terminal_ppo,terminal_reward,1484,-43.47533416748047
terminal_ppo,terminal_reward,1485,-43.47533416748047
terminal_ppo,terminal_reward,1486,-43.47533416748047
terminal_ppo,terminal_reward,1487,-43.47533416748047
terminal_ppo,terminal_reward,1488,-43.47533416748047
terminal_ppo,terminal_reward,1489,-43.47533416748047
terminal_ppo,terminal_reward,1490,-43.47533416748047
terminal_ppo,terminal_reward,1491,-43.47533416748047
terminal_ppo,terminal_reward,1492,-43.47533416748047
terminal_ppo,terminal_reward,1493,-43.47533416748047
terminal_ppo,terminal_reward,1494,-43.47533416748047
terminal_ppo,terminal_reward,1495,-43.47533416748047
terminal_ppo,terminal_reward,1496,-43.47533416748047
terminal_ppo,terminal_reward,1497,-43.47533416748047
terminal_ppo,terminal_reward,1498,-43.47533416748047
terminal_ppo,gu,199,62.08205795288086
terminal_ppo,gu,200,62.08205795288086
terminal_ppo,gu,201,62.08205795288086
terminal_ppo,gu,202,62.08205795288086
terminal_ppo,gu,203,62.08205795288086
terminal_ppo,gu,204,62.08205795288086
terminal_ppo,gu,205,62.08205795288086
terminal_ppo,gu,206,62.08205795288086
terminal_ppo,gu,207,62.08205795288086
terminal_ppo,gu,208,62.08205795288086
terminal_ppo,gu,209,62.08205795288086
terminal_ppo,gu,210,62.08205795288086
terminal_ppo,gu,211,62.08205795288086
terminal_ppo,gu,212,62.08205795288086
terminal_ppo,gu,213,62.08205795288086
terminal_ppo,gu,214,62.08205795288086
terminal_ppo,gu,215,62.08205795288086
terminal_ppo,gu,216,62.08205795288086
terminal_ppo,gu,217,62.08205795288086
terminal_ppo,gu,218,62.08205795288086
terminal_ppo,gu,219,62.08205795288086
terminal_ppo,gu,220,62.08205795288086
terminal_ppo,gu,221,62.08205795288086
terminal_ppo,gu,222,62.08205795288086
terminal_ppo,gu,223,62.08205795288086
terminal_ppo,gu,224,62.08205795288086
terminal_ppo,gu,225,62.08205795288086
terminal_ppo,gu,226,62.08205795288086
terminal_ppo,gu,227,62.08205795288086
terminal_ppo,gu,228,62.08205795288086
terminal_ppo,gu,229,62.08205795288086
terminal_ppo,gu,230,62.08205795288086
terminal_ppo,gu,231,62.08205795288086
terminal_ppo,gu,232,62.08205795288086
terminal_ppo,gu,233,62.08205795288086
terminal_ppo,gu,234,62.08205795288086
terminal_ppo,gu,235,62.08205795288086
terminal_ppo,gu,236,62.08205795288086
terminal_ppo,gu,237,62.08205795288086
terminal_ppo,gu,238,62.08205795288086
terminal_ppo,gu,239,62.08205795288086
terminal_ppo,gu,240,62.08205795288086
terminal_ppo,gu,241,62.08205795288086
terminal_ppo,gu,242,62.08205795288086
terminal_ppo,gu,243,62.08205795288086
terminal_ppo,gu,244,62.08205795288086
terminal_ppo,gu,245,62.08205795288086
terminal_ppo,gu,246,62.08205795288086
terminal_ppo,gu,247,62.08205795288086
terminal_ppo,gu,248,62.08205795288086
terminal_ppo,gu,249,62.08205795288086
terminal_ppo,gu,250,62.08205795288086
terminal_ppo,gu,251,62.08205795288086
terminal_ppo,gu,252,62.08205795288086
terminal_ppo,gu,253,62.08205795288086
terminal_ppo,gu,254,62.08205795288086
terminal_ppo,gu,255,62.08205795288086
terminal_ppo,gu,256,62.08205795288086
terminal_ppo,gu,257,62.08205795288086
terminal_ppo,gu,258,62.08205795288086
terminal_ppo,gu,259,62.08205795288086
terminal_ppo,gu,260,62.08205795288086
terminal_ppo,gu,261,62.08205795288086
terminal_ppo,gu,262,62.08205795288086
terminal_ppo,gu,263,62.08205795288086
terminal_ppo,gu,264,62.08205795288086
terminal_ppo,gu,265,62.08205795288086
terminal_ppo,gu,266,62.08205795288086
terminal_ppo,gu,267,62.08205795288086
terminal_ppo,gu,268,62.08205795288086
terminal_ppo,gu,269,62.08205795288086
terminal_ppo,gu,270,62.08205795288086
terminal_ppo,gu,271,62.08205795288086
terminal_ppo,gu,272,62.08205795288086
terminal_ppo,gu,273,62.08205795288086
terminal_ppo,gu,274,62.08205795288086
terminal_ppo,gu,275,62.08205795288086
terminal_ppo,gu,276,62.08205795288086
terminal_ppo,gu,277,62.08205795288086
terminal_ppo,gu,278,62.08205795288086
terminal_ppo,gu,279,62.08205795288086
terminal_ppo,gu,280,62.08205795288086
terminal_ppo,gu,281,62.08205795288086
terminal_ppo,gu,282,62.08205795288086
terminal_ppo,gu,283,62.08205795288086
terminal_ppo,gu,284,62.08205795288086
terminal_ppo,gu,285,62.08205795288086
terminal_ppo,gu,286,62.08205795288086
terminal_ppo,gu,287,62.08205795288086
terminal_ppo,gu,288,62.08205795288086
terminal_ppo,gu,289,62.08205795288086
terminal_ppo,gu,290,62.08205795288086
terminal_ppo,gu,291,62.08205795288086
terminal_ppo,gu,292,62.08205795288086
terminal_ppo,gu,293,62.08205795288086
terminal_ppo,gu,294,62.08205795288086
terminal_ppo,gu,295,62.08205795288086
terminal_ppo,gu,296,62.08205795288086
terminal_ppo,gu,297,62.08205795288086
terminal_ppo,gu,298,62.08205795288086
terminal_ppo,gu,299,62.08205795288086
terminal_ppo,gu,300,62.08205795288086
terminal_ppo,gu,301,62.08205795288086
terminal_ppo,gu,302,62.08205795288086
terminal_ppo,gu,303,62.08205795288086
terminal_ppo,gu,304,62.08205795288086
terminal_ppo,gu,305,62.08205795288086
terminal_ppo,gu,306,62.08205795288086
terminal_ppo,gu,307,62.08205795288086
terminal_ppo,gu,308,62.08205795288086
terminal_ppo,gu,309,62.08205795288086
terminal_ppo,gu,310,62.08205795288086
terminal_ppo,gu,311,62.08205795288086
terminal_ppo,gu,312,62.08205795288086
terminal_ppo,gu,313,62.08205795288086
terminal_ppo,gu,314,62.08205795288086
terminal_ppo,gu,315,62.08205795288086
terminal_ppo,gu,316,62.08205795288086
terminal_ppo,gu,317,62.08205795288086
terminal_ppo,gu,318,62.08205795288086
terminal_ppo,gu,319,62.08205795288086
terminal_ppo,gu,320,62.08205795288086
terminal_ppo,gu,321,62.08205795288086
terminal_ppo,gu,322,62.08205795288086
terminal_ppo,gu,323,62.08205795288086
terminal_ppo,gu,324,62.08205795288086
terminal_ppo,gu,325,62.08205795288086
terminal_ppo,gu,326,62.08205795288086
terminal_ppo,gu,327,62.08205795288086
terminal_ppo,gu,328,62.08205795288086
terminal_ppo,gu,329,62.08205795288086
terminal_ppo,gu,330,62.08205795288086
terminal_ppo,gu,331,62.08205795288086
terminal_ppo,gu,332,62.08205795288086
terminal_ppo,gu,333,62.08205795288086
terminal_ppo,gu,334,67.35127258300781
terminal_ppo,gu,335,67.35127258300781
terminal_ppo,gu,336,67.31440734863281
terminal_ppo,gu,337,67.35633850097656
terminal_ppo,gu,338,69.47035217285156
terminal_ppo,gu,339,69.47035217285156
terminal_ppo,gu,340,66.75761413574219
terminal_ppo,gu,341,67.83163452148438
terminal_ppo,gu,342,66.89082336425781
terminal_ppo,gu,343,63.111961364746094
terminal_ppo,gu,344,63.111961364746094
terminal_ppo,gu,345,63.111961364746094
terminal_ppo,gu,346,63.111961364746094
terminal_ppo,gu,347,63.111961364746094
terminal_ppo,gu,348,63.111961364746094
terminal_ppo,gu,349,63.111961364746094
terminal_ppo,gu,350,63.111961364746094
terminal_ppo,gu,351,63.111961364746094
terminal_ppo,gu,352,63.111961364746094
terminal_ppo,gu,353,63.111961364746094
terminal_ppo,gu,354,63.111961364746094
terminal_ppo,gu,355,63.111961364746094
terminal_ppo,gu,356,63.111961364746094
terminal_ppo,gu,357,63.111961364746094
terminal_ppo,gu,358,63.111961364746094
terminal_ppo,gu,359,63.111961364746094
terminal_ppo,gu,360,63.111961364746094
terminal_ppo,gu,361,63.111961364746094
terminal_ppo,gu,362,63.111961364746094
terminal_ppo,gu,363,63.111961364746094
terminal_ppo,gu,364,63.111961364746094
terminal_ppo,gu,365,63.111961364746094
terminal_ppo,gu,366,63.111961364746094
terminal_ppo,gu,367,63.111961364746094
terminal_ppo,gu,368,63.111961364746094
terminal_ppo,gu,369,63.111961364746094
terminal_ppo,gu,370,63.111961364746094
terminal_ppo,gu,371,63.111961364746094
terminal_ppo,gu,372,63.111961364746094
terminal_ppo,gu,373,63.111961364746094
terminal_ppo,gu,374,63.111961364746094
terminal_ppo,gu,375,63.111961364746094
terminal_ppo,gu,376,63.111961364746094
terminal_ppo,gu,377,63.111961364746094
terminal_ppo,gu,378,63.111961364746094
terminal_ppo,gu,379,63.111961364746094
terminal_ppo,gu,380,63.111961364746094
terminal_ppo,gu,381,63.111961364746094
terminal_ppo,gu,382,63.111961364746094
terminal_ppo,gu,383,63.111961364746094
terminal_ppo,gu,384,63.111961364746094
terminal_ppo,gu,385,63.111961364746094
terminal_ppo,gu,386,63.111961364746094
terminal_ppo,gu,387,63.111961364746094
terminal_ppo,gu,388,63.111961364746094
terminal_ppo,gu,389,63.111961364746094
terminal_ppo,gu,390,63.111961364746094
terminal_ppo,gu,391,63.111961364746094
terminal_ppo,gu,392,63.111961364746094
terminal_ppo,gu,393,63.111961364746094
terminal_ppo,gu,394,63.111961364746094
terminal_ppo,gu,395,63.111961364746094
terminal_ppo,gu,396,63.111961364746094
terminal_ppo,gu,397,63.111961364746094
terminal_ppo,gu,398,63.111961364746094
terminal_ppo,gu,399,63.111961364746094
terminal_ppo,gu,400,63.111961364746094
terminal_ppo,gu,401,63.111961364746094
terminal_ppo,gu,402,63.111961364746094
terminal_ppo,gu,403,63.111961364746094
terminal_ppo,gu,404,63.111961364746094
terminal_ppo,gu,405,63.111961364746094
terminal_ppo,gu,406,63.111961364746094
terminal_ppo,gu,407,63.111961364746094
terminal_ppo,gu,408,63.111961364746094
terminal_ppo,gu,409,63.111961364746094
terminal_ppo,gu,410,63.111961364746094
terminal_ppo,gu,411,63.111961364746094
terminal_ppo,gu,412,63.111961364746094
terminal_ppo,gu,413,63.111961364746094
terminal_ppo,gu,414,63.111961364746094
terminal_ppo,gu,415,63.111961364746094
terminal_ppo,gu,416,63.111961364746094
terminal_ppo,gu,417,63.111961364746094
terminal_ppo,gu,418,63.111961364746094
terminal_ppo,gu,419,63.111961364746094
terminal_ppo,gu,420,63.111961364746094
terminal_ppo,gu,421,63.111961364746094
terminal_ppo,gu,422,63.111961364746094
terminal_ppo,gu,423,63.111961364746094
terminal_ppo,gu,424,63.111961364746094
terminal_ppo,gu,425,63.111961364746094
terminal_ppo,gu,426,63.111961364746094
terminal_ppo,gu,427,63.111961364746094
terminal_ppo,gu,428,63.111961364746094
terminal_ppo,gu,429,63.111961364746094
terminal_ppo,gu,430,63.111961364746094
terminal_ppo,gu,431,63.111961364746094
terminal_ppo,gu,432,63.111961364746094
terminal_ppo,gu,433,63.111961364746094
terminal_ppo,gu,434,63.111961364746094
terminal_ppo,gu,435,63.111961364746094
terminal_ppo,gu,436,63.111961364746094
terminal_ppo,gu,437,63.111961364746094
terminal_ppo,gu,438,63.111961364746094
terminal_ppo,gu,439,63.111961364746094
terminal_ppo,gu,440,63.111961364746094
terminal_ppo,gu,441,63.111961364746094
terminal_ppo,gu,442,63.111961364746094
terminal_ppo,gu,443,63.111961364746094
terminal_ppo,gu,444,63.111961364746094
terminal_ppo,gu,445,63.111961364746094
terminal_ppo,gu,446,63.111961364746094
terminal_ppo,gu,447,63.111961364746094
terminal_ppo,gu,448,63.111961364746094
terminal_ppo,gu,449,64.24059295654297
terminal_ppo,gu,450,64.24059295654297
terminal_ppo,gu,451,66.79115295410156
terminal_ppo,gu,452,68.73907470703125
terminal_ppo,gu,453,65.04487609863281
terminal_ppo,gu,454,65.04487609863281
terminal_ppo,gu,455,67.87367248535156
terminal_ppo,gu,456,65.05014038085938
terminal_ppo,gu,457,64.80531311035156
terminal_ppo,gu,458,64.80531311035156
terminal_ppo,gu,459,64.80531311035156
terminal_ppo,gu,460,64.80531311035156
terminal_ppo,gu,461,64.98396301269531
terminal_ppo,gu,462,64.98396301269531
terminal_ppo,gu,463,64.98396301269531
terminal_ppo,gu,464,69.44231414794922
terminal_ppo,gu,465,69.44346618652344
terminal_ppo,gu,466,69.44346618652344
terminal_ppo,gu,467,69.29454040527344
terminal_ppo,gu,468,70.543212890625
terminal_ppo,gu,469,70.543212890625
terminal_ppo,gu,470,70.543212890625
terminal_ppo,gu,471,70.543212890625
terminal_ppo,gu,472,70.543212890625
terminal_ppo,gu,473,70.543212890625
terminal_ppo,gu,474,70.543212890625
terminal_ppo,gu,475,70.543212890625
terminal_ppo,gu,476,70.543212890625
terminal_ppo,gu,477,70.543212890625
terminal_ppo,gu,478,70.543212890625
terminal_ppo,gu,479,70.543212890625
terminal_ppo,gu,480,70.543212890625
terminal_ppo,gu,481,70.543212890625
terminal_ppo,gu,482,70.543212890625
terminal_ppo,gu,483,70.543212890625
terminal_ppo,gu,484,70.543212890625
terminal_ppo,gu,485,70.543212890625
terminal_ppo,gu,486,70.543212890625
terminal_ppo,gu,487,70.543212890625
terminal_ppo,gu,488,70.543212890625
terminal_ppo,gu,489,70.543212890625
terminal_ppo,gu,490,70.543212890625
terminal_ppo,gu,491,70.543212890625
terminal_ppo,gu,492,70.543212890625
terminal_ppo,gu,493,70.543212890625
terminal_ppo,gu,494,70.543212890625
terminal_ppo,gu,495,70.543212890625
terminal_ppo,gu,496,70.543212890625
terminal_ppo,gu,497,70.543212890625
terminal_ppo,gu,498,70.543212890625
terminal_ppo,gu,499,70.543212890625
terminal_ppo,gu,500,70.543212890625
terminal_ppo,gu,501,70.543212890625
terminal_ppo,gu,502,70.543212890625
terminal_ppo,gu,503,70.543212890625
terminal_ppo,gu,504,70.543212890625
terminal_ppo,gu,505,70.543212890625
terminal_ppo,gu,506,70.543212890625
terminal_ppo,gu,507,70.543212890625
terminal_ppo,gu,508,70.543212890625
terminal_ppo,gu,509,70.543212890625
terminal_ppo,gu,510,70.543212890625
terminal_ppo,gu,511,70.543212890625
terminal_ppo,gu,512,70.543212890625
terminal_ppo,gu,513,70.543212890625
terminal_ppo,gu,514,70.543212890625
terminal_ppo,gu,515,70.543212890625
terminal_ppo,gu,516,70.543212890625
terminal_ppo,gu,517,70.543212890625
terminal_ppo,gu,518,70.543212890625
terminal_ppo,gu,519,70.543212890625
terminal_ppo,gu,520,70.543212890625
terminal_ppo,gu,521,70.543212890625
terminal_ppo,gu,522,70.543212890625
terminal_ppo,gu,523,70.543212890625
terminal_ppo,gu,524,70.543212890625
terminal_ppo,gu,525,70.543212890625
terminal_ppo,gu,526,70.543212890625
terminal_ppo,gu,527,70.543212890625
terminal_ppo,gu,528,70.543212890625
terminal_ppo,gu,529,70.543212890625
terminal_ppo,gu,530,70.543212890625
terminal_ppo,gu,531,70.543212890625
terminal_ppo,gu,532,70.543212890625
terminal_ppo,gu,533,70.543212890625
terminal_ppo,gu,534,70.543212890625
terminal_ppo,gu,535,70.543212890625
terminal_ppo,gu,536,70.543212890625
terminal_ppo,gu,537,70.543212890625
terminal_ppo,gu,538,70.543212890625
terminal_ppo,gu,539,70.543212890625
terminal_ppo,gu,540,70.543212890625
terminal_ppo,gu,541,70.543212890625
terminal_ppo,gu,542,70.543212890625
terminal_ppo,gu,543,70.543212890625
terminal_ppo,gu,544,70.543212890625
terminal_ppo,gu,545,70.543212890625
terminal_ppo,gu,546,70.543212890625
terminal_ppo,gu,547,70.543212890625
terminal_ppo,gu,548,70.543212890625
terminal_ppo,gu,549,70.543212890625
terminal_ppo,gu,550,70.543212890625
terminal_ppo,gu,551,70.543212890625
terminal_ppo,gu,552,70.543212890625
terminal_ppo,gu,553,70.543212890625
terminal_ppo,gu,554,70.543212890625
terminal_ppo,gu,555,70.543212890625
terminal_ppo,gu,556,70.543212890625
terminal_ppo,gu,557,70.543212890625
terminal_ppo,gu,558,70.543212890625
terminal_ppo,gu,559,70.543212890625
terminal_ppo,gu,560,70.543212890625
terminal_ppo,gu,561,70.543212890625
terminal_ppo,gu,562,70.543212890625
terminal_ppo,gu,563,70.543212890625
terminal_ppo,gu,564,70.543212890625
terminal_ppo,gu,565,70.543212890625
terminal_ppo,gu,566,70.543212890625
terminal_ppo,gu,567,70.543212890625
terminal_ppo,gu,568,70.543212890625
terminal_ppo,gu,569,70.543212890625
terminal_ppo,gu,570,70.543212890625
terminal_ppo,gu,571,70.543212890625
terminal_ppo,gu,572,70.543212890625
terminal_ppo,gu,573,70.543212890625
terminal_ppo,gu,574,70.543212890625
terminal_ppo,gu,575,70.543212890625
terminal_ppo,gu,576,70.543212890625
terminal_ppo,gu,577,70.543212890625
terminal_ppo,gu,578,70.543212890625
terminal_ppo,gu,579,70.543212890625
terminal_ppo,gu,580,70.543212890625
terminal_ppo,gu,581,70.543212890625
terminal_ppo,gu,582,67.54776000976562
terminal_ppo,gu,583,67.54776000976562
terminal_ppo,gu,584,67.54776000976562
terminal_ppo,gu,585,67.54776000976562
terminal_ppo,gu,586,67.54776000976562
terminal_ppo,gu,587,67.54776000976562
terminal_ppo,gu,588,67.54776000976562
terminal_ppo,gu,589,69.93226623535156
terminal_ppo,gu,590,69.93226623535156
terminal_ppo,gu,591,69.93226623535156
terminal_ppo,gu,592,65.90376281738281
terminal_ppo,gu,593,65.90376281738281
terminal_ppo,gu,594,65.90376281738281
terminal_ppo,gu,595,65.90376281738281
terminal_ppo,gu,596,67.5048828125
terminal_ppo,gu,597,67.5048828125
terminal_ppo,gu,598,67.5048828125
terminal_ppo,gu,599,68.1124496459961
terminal_ppo,gu,600,68.1124496459961
terminal_ppo,gu,601,68.1124496459961
terminal_ppo,gu,602,63.54224395751953
terminal_ppo,gu,603,69.06541442871094
terminal_ppo,gu,604,69.06541442871094
terminal_ppo,gu,605,68.58796691894531
terminal_ppo,gu,606,68.58796691894531
terminal_ppo,gu,607,66.19701385498047
terminal_ppo,gu,608,63.54075241088867
terminal_ppo,gu,609,63.54075241088867
terminal_ppo,gu,610,63.54075241088867
terminal_ppo,gu,611,63.54075241088867
terminal_ppo,gu,612,63.54075241088867
terminal_ppo,gu,613,71.22236633300781
terminal_ppo,gu,614,71.22236633300781
terminal_ppo,gu,615,71.22236633300781
terminal_ppo,gu,616,71.22236633300781
terminal_ppo,gu,617,71.22236633300781
terminal_ppo,gu,618,71.22236633300781
terminal_ppo,gu,619,71.22236633300781
terminal_ppo,gu,620,71.22236633300781
terminal_ppo,gu,621,71.22236633300781
terminal_ppo,gu,622,71.22236633300781
terminal_ppo,gu,623,71.22236633300781
terminal_ppo,gu,624,71.22236633300781
terminal_ppo,gu,625,71.22236633300781
terminal_ppo,gu,626,71.22236633300781
terminal_ppo,gu,627,71.22236633300781
terminal_ppo,gu,628,71.22236633300781
terminal_ppo,gu,629,71.22236633300781
terminal_ppo,gu,630,71.22236633300781
terminal_ppo,gu,631,71.22236633300781
terminal_ppo,gu,632,71.22236633300781
terminal_ppo,gu,633,71.22236633300781
terminal_ppo,gu,634,71.22236633300781
terminal_ppo,gu,635,71.22236633300781
terminal_ppo,gu,636,71.22236633300781
terminal_ppo,gu,637,71.22236633300781
terminal_ppo,gu,638,71.22236633300781
terminal_ppo,gu,639,71.22236633300781
terminal_ppo,gu,640,71.22236633300781
terminal_ppo,gu,641,71.22236633300781
terminal_ppo,gu,642,71.22236633300781
terminal_ppo,gu,643,71.22236633300781
terminal_ppo,gu,644,71.22236633300781
terminal_ppo,gu,645,71.22236633300781
terminal_ppo,gu,646,71.22236633300781
terminal_ppo,gu,647,71.22236633300781
terminal_ppo,gu,648,71.22236633300781
terminal_ppo,gu,649,71.22236633300781
terminal_ppo,gu,650,71.22236633300781
terminal_ppo,gu,651,71.22236633300781
terminal_ppo,gu,652,71.22236633300781
terminal_ppo,gu,653,71.22236633300781
terminal_ppo,gu,654,71.22236633300781
terminal_ppo,gu,655,71.22236633300781
terminal_ppo,gu,656,71.22236633300781
terminal_ppo,gu,657,71.22236633300781
terminal_ppo,gu,658,71.22236633300781
terminal_ppo,gu,659,71.22236633300781
terminal_ppo,gu,660,71.22236633300781
terminal_ppo,gu,661,71.22236633300781
terminal_ppo,gu,662,71.22236633300781
terminal_ppo,gu,663,71.22236633300781
terminal_ppo,gu,664,71.22236633300781
terminal_ppo,gu,665,71.22236633300781
terminal_ppo,gu,666,71.22236633300781
terminal_ppo,gu,667,71.22236633300781
terminal_ppo,gu,668,71.22236633300781
terminal_ppo,gu,669,71.22236633300781
terminal_ppo,gu,670,71.22236633300781
terminal_ppo,gu,671,71.22236633300781
terminal_ppo,gu,672,71.22236633300781
terminal_ppo,gu,673,71.22236633300781
terminal_ppo,gu,674,71.22236633300781
terminal_ppo,gu,675,71.22236633300781
terminal_ppo,gu,676,71.22236633300781
terminal_ppo,gu,677,71.22236633300781
terminal_ppo,gu,678,71.22236633300781
terminal_ppo,gu,679,71.22236633300781
terminal_ppo,gu,680,71.22236633300781
terminal_ppo,gu,681,71.22236633300781
terminal_ppo,gu,682,71.22236633300781
terminal_ppo,gu,683,71.22236633300781
terminal_ppo,gu,684,71.22236633300781
terminal_ppo,gu,685,71.22236633300781
terminal_ppo,gu,686,71.22236633300781
terminal_ppo,gu,687,71.22236633300781
terminal_ppo,gu,688,71.22236633300781
terminal_ppo,gu,689,71.22236633300781
terminal_ppo,gu,690,71.22236633300781
terminal_ppo,gu,691,71.22236633300781
terminal_ppo,gu,692,71.22236633300781
terminal_ppo,gu,693,71.22236633300781
terminal_ppo,gu,694,71.22236633300781
terminal_ppo,gu,695,71.22236633300781
terminal_ppo,gu,696,71.22236633300781
terminal_ppo,gu,697,71.22236633300781
terminal_ppo,gu,698,71.22236633300781
terminal_ppo,gu,699,71.22236633300781
terminal_ppo,gu,700,71.22236633300781
terminal_ppo,gu,701,71.22236633300781
terminal_ppo,gu,702,71.22236633300781
terminal_ppo,gu,703,71.22236633300781
terminal_ppo,gu,704,71.22236633300781
terminal_ppo,gu,705,71.22236633300781
terminal_ppo,gu,706,71.22236633300781
terminal_ppo,gu,707,71.22236633300781
terminal_ppo,gu,708,71.22236633300781
terminal_ppo,gu,709,71.22236633300781
terminal_ppo,gu,710,71.22236633300781
terminal_ppo,gu,711,71.22236633300781
terminal_ppo,gu,712,71.22236633300781
terminal_ppo,gu,713,71.22236633300781
terminal_ppo,gu,714,71.22236633300781
terminal_ppo,gu,715,71.22236633300781
terminal_ppo,gu,716,71.22236633300781
terminal_ppo,gu,717,71.22236633300781
terminal_ppo,gu,718,71.22236633300781
terminal_ppo,gu,719,71.22236633300781
terminal_ppo,gu,720,71.22236633300781
terminal_ppo,gu,721,71.22236633300781
terminal_ppo,gu,722,71.22236633300781
terminal_ppo,gu,723,71.22236633300781
terminal_ppo,gu,724,71.22236633300781
terminal_ppo,gu,725,71.22236633300781
terminal_ppo,gu,726,71.22236633300781
terminal_ppo,gu,727,71.22236633300781
terminal_ppo,gu,728,71.22236633300781
terminal_ppo,gu,729,71.22236633300781
terminal_ppo,gu,730,71.22236633300781
terminal_ppo,gu,731,71.22236633300781
terminal_ppo,gu,732,71.22236633300781
terminal_ppo,gu,733,71.22236633300781
terminal_ppo,gu,734,71.22236633300781
terminal_ppo,gu,735,71.22236633300781
terminal_ppo,gu,736,71.22236633300781
terminal_ppo,gu,737,71.22236633300781
terminal_ppo,gu,738,71.22236633300781
terminal_ppo,gu,739,71.22236633300781
terminal_ppo,gu,740,71.22236633300781
terminal_ppo,gu,741,71.22236633300781
terminal_ppo,gu,742,71.22236633300781
terminal_ppo,gu,743,71.22236633300781
terminal_ppo,gu,744,65.20968627929688
terminal_ppo,gu,745,65.20968627929688
terminal_ppo,gu,746,65.20968627929688
terminal_ppo,gu,747,66.64823913574219
terminal_ppo,gu,748,66.64823913574219
terminal_ppo,gu,749,66.64823913574219
terminal_ppo,gu,750,66.64823913574219
terminal_ppo,gu,751,66.64823913574219
terminal_ppo,gu,752,63.01166534423828
terminal_ppo,gu,753,63.01166534423828
terminal_ppo,gu,754,63.01166534423828
terminal_ppo,gu,755,62.669517517089844
terminal_ppo,gu,756,62.669517517089844
terminal_ppo,gu,757,62.669517517089844
terminal_ppo,gu,758,68.68806457519531
terminal_ppo,gu,759,69.09716796875
terminal_ppo,gu,760,69.09716796875
terminal_ppo,gu,761,69.09716796875
terminal_ppo,gu,762,69.09716796875
terminal_ppo,gu,763,69.09716796875
terminal_ppo,gu,764,69.09716796875
terminal_ppo,gu,765,67.87522888183594
terminal_ppo,gu,766,67.87522888183594
terminal_ppo,gu,767,67.87522888183594
terminal_ppo,gu,768,67.71351623535156
terminal_ppo,gu,769,67.71351623535156
terminal_ppo,gu,770,67.71351623535156
terminal_ppo,gu,771,69.8587646484375
terminal_ppo,gu,772,69.04183959960938
terminal_ppo,gu,773,69.04183959960938
terminal_ppo,gu,774,69.04183959960938
terminal_ppo,gu,775,69.04183959960938
terminal_ppo,gu,776,69.04183959960938
terminal_ppo,gu,777,69.04183959960938
terminal_ppo,gu,778,69.33855438232422
terminal_ppo,gu,779,69.33855438232422
terminal_ppo,gu,780,69.33855438232422
terminal_ppo,gu,781,69.33855438232422
terminal_ppo,gu,782,69.33855438232422
terminal_ppo,gu,783,67.87544250488281
terminal_ppo,gu,784,68.9287109375
terminal_ppo,gu,785,68.42271423339844
terminal_ppo,gu,786,68.42271423339844
terminal_ppo,gu,787,68.42271423339844
terminal_ppo,gu,788,68.42271423339844
terminal_ppo,gu,789,68.42271423339844
terminal_ppo,gu,790,68.42271423339844
terminal_ppo,gu,791,68.42271423339844
terminal_ppo,gu,792,68.42271423339844
terminal_ppo,gu,793,68.73345184326172
terminal_ppo,gu,794,68.73345184326172
terminal_ppo,gu,795,68.73345184326172
terminal_ppo,gu,796,68.73345184326172
terminal_ppo,gu,797,68.73345184326172
terminal_ppo,gu,798,68.73345184326172
terminal_ppo,gu,799,68.73345184326172
terminal_ppo,gu,800,68.73345184326172
terminal_ppo,gu,801,68.73345184326172
terminal_ppo,gu,802,68.73345184326172
terminal_ppo,gu,803,68.73345184326172
terminal_ppo,gu,804,68.73345184326172
terminal_ppo,gu,805,68.73345184326172
terminal_ppo,gu,806,68.73345184326172
terminal_ppo,gu,807,68.73345184326172
terminal_ppo,gu,808,68.73345184326172
terminal_ppo,gu,809,68.73345184326172
terminal_ppo,gu,810,68.73345184326172
terminal_ppo,gu,811,68.73345184326172
terminal_ppo,gu,812,68.73345184326172
terminal_ppo,gu,813,68.73345184326172
terminal_ppo,gu,814,68.73345184326172
terminal_ppo,gu,815,68.73345184326172
terminal_ppo,gu,816,68.73345184326172
terminal_ppo,gu,817,68.73345184326172
terminal_ppo,gu,818,68.73345184326172
terminal_ppo,gu,819,68.73345184326172
terminal_ppo,gu,820,68.73345184326172
terminal_ppo,gu,821,68.73345184326172
terminal_ppo,gu,822,68.73345184326172
terminal_ppo,gu,823,68.73345184326172
terminal_ppo,gu,824,68.73345184326172
terminal_ppo,gu,825,68.73345184326172
terminal_ppo,gu,826,68.73345184326172
terminal_ppo,gu,827,68.73345184326172
terminal_ppo,gu,828,68.73345184326172
terminal_ppo,gu,829,68.73345184326172
terminal_ppo,gu,830,68.73345184326172
terminal_ppo,gu,831,68.73345184326172
terminal_ppo,gu,832,68.73345184326172
terminal_ppo,gu,833,68.73345184326172
terminal_ppo,gu,834,68.73345184326172
terminal_ppo,gu,835,68.73345184326172
terminal_ppo,gu,836,68.73345184326172
terminal_ppo,gu,837,68.73345184326172
terminal_ppo,gu,838,68.73345184326172
terminal_ppo,gu,839,68.73345184326172
terminal_ppo,gu,840,68.73345184326172
terminal_ppo,gu,841,68.73345184326172
terminal_ppo,gu,842,68.73345184326172
terminal_ppo,gu,843,68.73345184326172
terminal_ppo,gu,844,68.73345184326172
terminal_ppo,gu,845,68.73345184326172
terminal_ppo,gu,846,68.73345184326172
terminal_ppo,gu,847,68.73345184326172
terminal_ppo,gu,848,68.73345184326172
terminal_ppo,gu,849,68.73345184326172
terminal_ppo,gu,850,68.73345184326172
terminal_ppo,gu,851,68.73345184326172
terminal_ppo,gu,852,68.73345184326172
terminal_ppo,gu,853,68.73345184326172
terminal_ppo,gu,854,68.73345184326172
terminal_ppo,gu,855,68.73345184326172
terminal_ppo,gu,856,68.73345184326172
terminal_ppo,gu,857,68.73345184326172
terminal_ppo,gu,858,68.73345184326172
terminal_ppo,gu,859,68.73345184326172
terminal_ppo,gu,860,68.73345184326172
terminal_ppo,gu,861,68.73345184326172
terminal_ppo,gu,862,63.469024658203125
terminal_ppo,gu,863,63.469024658203125
terminal_ppo,gu,864,63.469024658203125
terminal_ppo,gu,865,63.469024658203125
terminal_ppo,gu,866,63.469024658203125
terminal_ppo,gu,867,63.469024658203125
terminal_ppo,gu,868,63.469024658203125
terminal_ppo,gu,869,63.469024658203125
terminal_ppo,gu,870,63.60529708862305
terminal_ppo,gu,871,63.60529708862305
terminal_ppo,gu,872,63.60529708862305
terminal_ppo,gu,873,63.60529708862305
terminal_ppo,gu,874,63.60529708862305
terminal_ppo,gu,875,63.60529708862305
terminal_ppo,gu,876,63.60529708862305
terminal_ppo,gu,877,63.60529708862305
terminal_ppo,gu,878,63.60529708862305
terminal_ppo,gu,879,63.60529708862305
terminal_ppo,gu,880,63.60529708862305
terminal_ppo,gu,881,63.60529708862305
terminal_ppo,gu,882,63.60529708862305
terminal_ppo,gu,883,63.60529708862305
terminal_ppo,gu,884,63.60529708862305
terminal_ppo,gu,885,63.60529708862305
terminal_ppo,gu,886,63.60529708862305
terminal_ppo,gu,887,63.60529708862305
terminal_ppo,gu,888,63.60529708862305
terminal_ppo,gu,889,63.60529708862305
terminal_ppo,gu,890,63.60529708862305
terminal_ppo,gu,891,63.29972457885742
terminal_ppo,gu,892,63.29972457885742
terminal_ppo,gu,893,63.29972457885742
terminal_ppo,gu,894,63.29972457885742
terminal_ppo,gu,895,63.29972457885742
terminal_ppo,gu,896,63.29972457885742
terminal_ppo,gu,897,63.29972457885742
terminal_ppo,gu,898,63.29972457885742
terminal_ppo,gu,899,63.29972457885742
terminal_ppo,gu,900,63.29972457885742
terminal_ppo,gu,901,63.29972457885742
terminal_ppo,gu,902,63.29972457885742
terminal_ppo,gu,903,63.29972457885742
terminal_ppo,gu,904,63.29972457885742
terminal_ppo,gu,905,63.29972457885742
terminal_ppo,gu,906,63.29972457885742
terminal_ppo,gu,907,63.29972457885742
terminal_ppo,gu,908,63.29972457885742
terminal_ppo,gu,909,63.29972457885742
terminal_ppo,gu,910,63.29972457885742
terminal_ppo,gu,911,63.29972457885742
terminal_ppo,gu,912,63.29972457885742
terminal_ppo,gu,913,63.29972457885742
terminal_ppo,gu,914,63.29972457885742
terminal_ppo,gu,915,63.29972457885742
terminal_ppo,gu,916,63.29972457885742
terminal_ppo,gu,917,63.29972457885742
terminal_ppo,gu,918,63.29972457885742
terminal_ppo,gu,919,63.29972457885742
terminal_ppo,gu,920,68.18395233154297
terminal_ppo,gu,921,68.18395233154297
terminal_ppo,gu,922,68.18395233154297
terminal_ppo,gu,923,68.18395233154297
terminal_ppo,gu,924,68.18395233154297
terminal_ppo,gu,925,67.60762023925781
terminal_ppo,gu,926,67.60762023925781
terminal_ppo,gu,927,67.60762023925781
terminal_ppo,gu,928,67.60762023925781
terminal_ppo,gu,929,67.60762023925781
terminal_ppo,gu,930,67.60762023925781
terminal_ppo,gu,931,67.60762023925781
terminal_ppo,gu,932,67.60762023925781
terminal_ppo,gu,933,67.60762023925781
terminal_ppo,gu,934,67.60762023925781
terminal_ppo,gu,935,67.60762023925781
terminal_ppo,gu,936,65.59391784667969
terminal_ppo,gu,937,66.94987487792969
terminal_ppo,gu,938,63.704689025878906
terminal_ppo,gu,939,63.704689025878906
terminal_ppo,gu,940,63.704689025878906
terminal_ppo,gu,941,69.21711730957031
terminal_ppo,gu,942,69.21711730957031
terminal_ppo,gu,943,69.21711730957031
terminal_ppo,gu,944,69.21711730957031
terminal_ppo,gu,945,69.21711730957031
terminal_ppo,gu,946,66.63487243652344
terminal_ppo,gu,947,69.6216049194336
terminal_ppo,gu,948,69.6216049194336
terminal_ppo,gu,949,69.6216049194336
terminal_ppo,gu,950,69.6216049194336
terminal_ppo,gu,951,69.6216049194336
terminal_ppo,gu,952,69.22427368164062
terminal_ppo,gu,953,69.22427368164062
terminal_ppo,gu,954,69.22427368164062
terminal_ppo,gu,955,69.22427368164062
terminal_ppo,gu,956,69.22427368164062
terminal_ppo,gu,957,69.22427368164062
terminal_ppo,gu,958,69.19908142089844
terminal_ppo,gu,959,66.85258483886719
terminal_ppo,gu,960,66.85258483886719
terminal_ppo,gu,961,66.85258483886719
terminal_ppo,gu,962,66.85258483886719
terminal_ppo,gu,963,66.85258483886719
terminal_ppo,gu,964,66.85258483886719
terminal_ppo,gu,965,66.85258483886719
terminal_ppo,gu,966,66.85258483886719
terminal_ppo,gu,967,66.85258483886719
terminal_ppo,gu,968,66.85258483886719
terminal_ppo,gu,969,66.85258483886719
terminal_ppo,gu,970,66.85258483886719
terminal_ppo,gu,971,66.85258483886719
terminal_ppo,gu,972,66.85258483886719
terminal_ppo,gu,973,66.85258483886719
terminal_ppo,gu,974,66.85258483886719
terminal_ppo,gu,975,68.392578125
terminal_ppo,gu,976,68.392578125
terminal_ppo,gu,977,68.392578125
terminal_ppo,gu,978,68.392578125
terminal_ppo,gu,979,68.392578125
terminal_ppo,gu,980,68.392578125
terminal_ppo,gu,981,68.392578125
terminal_ppo,gu,982,68.392578125
terminal_ppo,gu,983,68.392578125
terminal_ppo,gu,984,68.392578125
terminal_ppo,gu,985,68.392578125
terminal_ppo,gu,986,68.392578125
terminal_ppo,gu,987,68.392578125
terminal_ppo,gu,988,68.392578125
terminal_ppo,gu,989,68.392578125
terminal_ppo,gu,990,68.392578125
terminal_ppo,gu,991,68.392578125
terminal_ppo,gu,992,68.392578125
terminal_ppo,gu,993,68.392578125
terminal_ppo,gu,994,68.392578125
terminal_ppo,gu,995,68.392578125
terminal_ppo,gu,996,68.392578125
terminal_ppo,gu,997,68.392578125
terminal_ppo,gu,998,68.392578125
terminal_ppo,gu,999,68.392578125
terminal_ppo,gu,1000,68.392578125
terminal_ppo,gu,1001,68.392578125
terminal_ppo,gu,1002,68.392578125
terminal_ppo,gu,1003,68.392578125
terminal_ppo,gu,1004,68.392578125
terminal_ppo,gu,1005,68.392578125
terminal_ppo,gu,1006,68.392578125
terminal_ppo,gu,1007,68.392578125
terminal_ppo,gu,1008,68.392578125
terminal_ppo,gu,1009,68.392578125
terminal_ppo,gu,1010,68.392578125
terminal_ppo,gu,1011,68.392578125
terminal_ppo,gu,1012,64.13662719726562
terminal_ppo,gu,1013,64.13662719726562
terminal_ppo,gu,1014,64.13662719726562
terminal_ppo,gu,1015,64.13662719726562
terminal_ppo,gu,1016,64.44603729248047
terminal_ppo,gu,1017,64.44603729248047
terminal_ppo,gu,1018,64.44603729248047
terminal_ppo,gu,1019,64.44603729248047
terminal_ppo,gu,1020,64.44603729248047
terminal_ppo,gu,1021,64.44603729248047
terminal_ppo,gu,1022,64.44603729248047
terminal_ppo,gu,1023,64.44603729248047
terminal_ppo,gu,1024,64.44603729248047
terminal_ppo,gu,1025,64.44603729248047
terminal_ppo,gu,1026,64.44603729248047
terminal_ppo,gu,1027,64.44603729248047
terminal_ppo,gu,1028,64.44603729248047
terminal_ppo,gu,1029,64.44603729248047
terminal_ppo,gu,1030,64.44603729248047
terminal_ppo,gu,1031,64.44603729248047
terminal_ppo,gu,1032,64.44603729248047
terminal_ppo,gu,1033,64.44603729248047
terminal_ppo,gu,1034,64.44603729248047
terminal_ppo,gu,1035,64.96308898925781
terminal_ppo,gu,1036,64.96308898925781
terminal_ppo,gu,1037,64.74827575683594
terminal_ppo,gu,1038,64.74827575683594
terminal_ppo,gu,1039,64.74827575683594
terminal_ppo,gu,1040,64.74827575683594
terminal_ppo,gu,1041,59.78114318847656
terminal_ppo,gu,1042,68.30168151855469
terminal_ppo,gu,1043,67.10917663574219
terminal_ppo,gu,1044,67.10917663574219
terminal_ppo,gu,1045,67.10917663574219
terminal_ppo,gu,1046,67.10917663574219
terminal_ppo,gu,1047,67.10917663574219
terminal_ppo,gu,1048,67.10917663574219
terminal_ppo,gu,1049,67.10917663574219
terminal_ppo,gu,1050,67.10917663574219
terminal_ppo,gu,1051,67.10917663574219
terminal_ppo,gu,1052,67.10917663574219
terminal_ppo,gu,1053,67.10917663574219
terminal_ppo,gu,1054,67.10917663574219
terminal_ppo,gu,1055,67.10917663574219
terminal_ppo,gu,1056,67.10917663574219
terminal_ppo,gu,1057,67.10917663574219
terminal_ppo,gu,1058,67.10917663574219
terminal_ppo,gu,1059,67.10917663574219
terminal_ppo,gu,1060,67.10917663574219
terminal_ppo,gu,1061,67.10917663574219
terminal_ppo,gu,1062,67.10917663574219
terminal_ppo,gu,1063,69.82109832763672
terminal_ppo,gu,1064,69.82109832763672
terminal_ppo,gu,1065,69.82109832763672
terminal_ppo,gu,1066,69.82109832763672
terminal_ppo,gu,1067,69.82109832763672
terminal_ppo,gu,1068,69.82109832763672
terminal_ppo,gu,1069,69.82109832763672
terminal_ppo,gu,1070,69.82109832763672
terminal_ppo,gu,1071,69.82109832763672
terminal_ppo,gu,1072,69.82109832763672
terminal_ppo,gu,1073,69.82109832763672
terminal_ppo,gu,1074,67.23622131347656
terminal_ppo,gu,1075,67.23622131347656
terminal_ppo,gu,1076,67.23622131347656
terminal_ppo,gu,1077,67.23622131347656
terminal_ppo,gu,1078,67.23622131347656
terminal_ppo,gu,1079,67.23622131347656
terminal_ppo,gu,1080,67.23622131347656
terminal_ppo,gu,1081,67.23622131347656
terminal_ppo,gu,1082,67.23622131347656
terminal_ppo,gu,1083,67.23622131347656
terminal_ppo,gu,1084,67.23622131347656
terminal_ppo,gu,1085,67.23622131347656
terminal_ppo,gu,1086,67.23622131347656
terminal_ppo,gu,1087,67.23622131347656
terminal_ppo,gu,1088,67.23622131347656
terminal_ppo,gu,1089,66.95631408691406
terminal_ppo,gu,1090,66.95631408691406
terminal_ppo,gu,1091,66.95631408691406
terminal_ppo,gu,1092,66.95631408691406
terminal_ppo,gu,1093,69.86614227294922
terminal_ppo,gu,1094,69.86614227294922
terminal_ppo,gu,1095,69.86614227294922
terminal_ppo,gu,1096,70.34539031982422
terminal_ppo,gu,1097,70.34539031982422
terminal_ppo,gu,1098,70.34539031982422
terminal_ppo,gu,1099,68.83802795410156
terminal_ppo,gu,1100,68.33753967285156
terminal_ppo,gu,1101,68.33753967285156
terminal_ppo,gu,1102,70.2916259765625
terminal_ppo,gu,1103,70.2916259765625
terminal_ppo,gu,1104,70.2916259765625
terminal_ppo,gu,1105,70.2916259765625
terminal_ppo,gu,1106,70.2916259765625
terminal_ppo,gu,1107,70.2916259765625
terminal_ppo,gu,1108,70.6241683959961
terminal_ppo,gu,1109,70.6241683959961
terminal_ppo,gu,1110,70.6241683959961
terminal_ppo,gu,1111,70.6241683959961
terminal_ppo,gu,1112,70.6241683959961
terminal_ppo,gu,1113,70.6241683959961
terminal_ppo,gu,1114,70.6241683959961
terminal_ppo,gu,1115,70.6241683959961
terminal_ppo,gu,1116,70.6241683959961
terminal_ppo,gu,1117,70.6241683959961
terminal_ppo,gu,1118,70.6241683959961
terminal_ppo,gu,1119,70.6241683959961
terminal_ppo,gu,1120,70.6241683959961
terminal_ppo,gu,1121,70.6241683959961
terminal_ppo,gu,1122,70.6241683959961
terminal_ppo,gu,1123,70.6241683959961
terminal_ppo,gu,1124,70.6241683959961
terminal_ppo,gu,1125,70.6241683959961
terminal_ppo,gu,1126,70.6241683959961
terminal_ppo,gu,1127,70.6241683959961
terminal_ppo,gu,1128,70.6241683959961
terminal_ppo,gu,1129,70.6241683959961
terminal_ppo,gu,1130,70.6241683959961
terminal_ppo,gu,1131,70.6241683959961
terminal_ppo,gu,1132,70.6241683959961
terminal_ppo,gu,1133,70.6241683959961
terminal_ppo,gu,1134,70.6241683959961
terminal_ppo,gu,1135,70.6241683959961
terminal_ppo,gu,1136,70.6241683959961
terminal_ppo,gu,1137,70.6241683959961
terminal_ppo,gu,1138,70.6241683959961
terminal_ppo,gu,1139,70.6241683959961
terminal_ppo,gu,1140,70.6241683959961
terminal_ppo,gu,1141,70.6241683959961
terminal_ppo,gu,1142,70.6241683959961
terminal_ppo,gu,1143,64.69246673583984
terminal_ppo,gu,1144,64.69246673583984
terminal_ppo,gu,1145,64.69246673583984
terminal_ppo,gu,1146,64.69246673583984
terminal_ppo,gu,1147,64.69246673583984
terminal_ppo,gu,1148,64.69246673583984
terminal_ppo,gu,1149,64.69246673583984
terminal_ppo,gu,1150,64.69246673583984
terminal_ppo,gu,1151,64.69246673583984
terminal_ppo,gu,1152,64.69246673583984
terminal_ppo,gu,1153,64.69246673583984
terminal_ppo,gu,1154,64.69246673583984
terminal_ppo,gu,1155,64.69246673583984
terminal_ppo,gu,1156,64.69246673583984
terminal_ppo,gu,1157,64.69246673583984
terminal_ppo,gu,1158,64.69246673583984
terminal_ppo,gu,1159,64.69246673583984
terminal_ppo,gu,1160,64.69246673583984
terminal_ppo,gu,1161,64.69246673583984
terminal_ppo,gu,1162,69.65287780761719
terminal_ppo,gu,1163,69.65287780761719
terminal_ppo,gu,1164,69.65287780761719
terminal_ppo,gu,1165,69.65287780761719
terminal_ppo,gu,1166,69.65287780761719
terminal_ppo,gu,1167,67.58206176757812
terminal_ppo,gu,1168,67.58206176757812
terminal_ppo,gu,1169,67.58206176757812
terminal_ppo,gu,1170,67.58206176757812
terminal_ppo,gu,1171,67.58206176757812
terminal_ppo,gu,1172,67.58206176757812
terminal_ppo,gu,1173,67.58206176757812
terminal_ppo,gu,1174,67.58206176757812
terminal_ppo,gu,1175,69.56884002685547
terminal_ppo,gu,1176,69.56884002685547
terminal_ppo,gu,1177,69.38497924804688
terminal_ppo,gu,1178,66.1930160522461
terminal_ppo,gu,1179,68.45298767089844
terminal_ppo,gu,1180,68.45298767089844
terminal_ppo,gu,1181,68.45298767089844
terminal_ppo,gu,1182,68.45298767089844
terminal_ppo,gu,1183,68.45298767089844
terminal_ppo,gu,1184,68.45298767089844
terminal_ppo,gu,1185,68.45298767089844
terminal_ppo,gu,1186,68.45298767089844
terminal_ppo,gu,1187,68.45298767089844
terminal_ppo,gu,1188,68.45298767089844
terminal_ppo,gu,1189,68.45298767089844
terminal_ppo,gu,1190,68.45298767089844
terminal_ppo,gu,1191,68.45298767089844
terminal_ppo,gu,1192,68.45298767089844
terminal_ppo,gu,1193,68.45298767089844
terminal_ppo,gu,1194,68.45298767089844
terminal_ppo,gu,1195,68.45298767089844
terminal_ppo,gu,1196,65.57476806640625
terminal_ppo,gu,1197,61.803314208984375
terminal_ppo,gu,1198,61.803314208984375
terminal_ppo,gu,1199,61.803314208984375
terminal_ppo,gu,1200,61.803314208984375
terminal_ppo,gu,1201,61.803314208984375
terminal_ppo,gu,1202,61.803314208984375
terminal_ppo,gu,1203,60.29465866088867
terminal_ppo,gu,1204,62.76484298706055
terminal_ppo,gu,1205,62.76484298706055
terminal_ppo,gu,1206,62.76484298706055
terminal_ppo,gu,1207,62.76484298706055
terminal_ppo,gu,1208,65.16047668457031
terminal_ppo,gu,1209,65.16047668457031
terminal_ppo,gu,1210,64.06542205810547
terminal_ppo,gu,1211,64.06542205810547
terminal_ppo,gu,1212,64.06542205810547
terminal_ppo,gu,1213,64.06542205810547
terminal_ppo,gu,1214,64.06542205810547
terminal_ppo,gu,1215,64.06542205810547
terminal_ppo,gu,1216,64.06542205810547
terminal_ppo,gu,1217,64.06542205810547
terminal_ppo,gu,1218,64.06542205810547
terminal_ppo,gu,1219,64.06542205810547
terminal_ppo,gu,1220,64.06542205810547
terminal_ppo,gu,1221,64.06542205810547
terminal_ppo,gu,1222,64.06542205810547
terminal_ppo,gu,1223,64.06542205810547
terminal_ppo,gu,1224,64.06542205810547
terminal_ppo,gu,1225,64.06542205810547
terminal_ppo,gu,1226,64.06542205810547
terminal_ppo,gu,1227,64.06542205810547
terminal_ppo,gu,1228,64.06542205810547
terminal_ppo,gu,1229,64.06542205810547
terminal_ppo,gu,1230,64.06542205810547
terminal_ppo,gu,1231,64.06542205810547
terminal_ppo,gu,1232,64.06542205810547
terminal_ppo,gu,1233,64.06542205810547
terminal_ppo,gu,1234,64.06542205810547
terminal_ppo,gu,1235,64.06542205810547
terminal_ppo,gu,1236,64.06542205810547
terminal_ppo,gu,1237,64.06542205810547
terminal_ppo,gu,1238,64.06542205810547
terminal_ppo,gu,1239,64.06542205810547
terminal_ppo,gu,1240,64.06542205810547
terminal_ppo,gu,1241,64.06542205810547
terminal_ppo,gu,1242,64.06542205810547
terminal_ppo,gu,1243,64.06542205810547
terminal_ppo,gu,1244,64.06542205810547
terminal_ppo,gu,1245,64.06542205810547
terminal_ppo,gu,1246,64.06542205810547
terminal_ppo,gu,1247,64.06542205810547
terminal_ppo,gu,1248,64.06542205810547
terminal_ppo,gu,1249,64.06542205810547
terminal_ppo,gu,1250,64.06542205810547
terminal_ppo,gu,1251,64.06542205810547
terminal_ppo,gu,1252,64.06542205810547
terminal_ppo,gu,1253,64.06542205810547
terminal_ppo,gu,1254,64.06542205810547
terminal_ppo,gu,1255,64.06542205810547
terminal_ppo,gu,1256,64.06542205810547
terminal_ppo,gu,1257,64.06542205810547
terminal_ppo,gu,1258,64.06542205810547
terminal_ppo,gu,1259,64.06542205810547
terminal_ppo,gu,1260,64.06542205810547
terminal_ppo,gu,1261,64.06542205810547
terminal_ppo,gu,1262,64.06542205810547
terminal_ppo,gu,1263,64.06542205810547
terminal_ppo,gu,1264,66.66651916503906
terminal_ppo,gu,1265,66.66651916503906
terminal_ppo,gu,1266,66.66651916503906
terminal_ppo,gu,1267,66.66651916503906
terminal_ppo,gu,1268,66.66651916503906
terminal_ppo,gu,1269,66.66651916503906
terminal_ppo,gu,1270,66.66651916503906
terminal_ppo,gu,1271,66.66651916503906
terminal_ppo,gu,1272,66.66651916503906
terminal_ppo,gu,1273,66.66651916503906
terminal_ppo,gu,1274,66.66651916503906
terminal_ppo,gu,1275,66.66651916503906
terminal_ppo,gu,1276,66.66651916503906
terminal_ppo,gu,1277,68.3016586303711
terminal_ppo,gu,1278,68.3016586303711
terminal_ppo,gu,1279,68.3016586303711
terminal_ppo,gu,1280,64.37664031982422
terminal_ppo,gu,1281,64.37664031982422
terminal_ppo,gu,1282,64.37664031982422
terminal_ppo,gu,1283,70.67833709716797
terminal_ppo,gu,1284,70.67833709716797
terminal_ppo,gu,1285,70.67833709716797
terminal_ppo,gu,1286,65.92189025878906
terminal_ppo,gu,1287,62.053401947021484
terminal_ppo,gu,1288,62.053401947021484
terminal_ppo,gu,1289,62.053401947021484
terminal_ppo,gu,1290,62.053401947021484
terminal_ppo,gu,1291,66.78236389160156
terminal_ppo,gu,1292,66.78236389160156
terminal_ppo,gu,1293,66.78236389160156
terminal_ppo,gu,1294,62.711509704589844
terminal_ppo,gu,1295,66.44932556152344
terminal_ppo,gu,1296,66.44932556152344
terminal_ppo,gu,1297,66.44932556152344
terminal_ppo,gu,1298,66.44932556152344
terminal_ppo,gu,1299,66.44932556152344
terminal_ppo,gu,1300,61.52281951904297
terminal_ppo,gu,1301,60.198829650878906
terminal_ppo,gu,1302,60.198829650878906
terminal_ppo,gu,1303,60.198829650878906
terminal_ppo,gu,1304,60.198829650878906
terminal_ppo,gu,1305,60.198829650878906
terminal_ppo,gu,1306,60.198829650878906
terminal_ppo,gu,1307,60.198829650878906
terminal_ppo,gu,1308,69.72563934326172
terminal_ppo,gu,1309,69.72563934326172
terminal_ppo,gu,1310,69.72563934326172
terminal_ppo,gu,1311,69.72563934326172
terminal_ppo,gu,1312,69.72563934326172
terminal_ppo,gu,1313,69.72563934326172
terminal_ppo,gu,1314,69.72563934326172
terminal_ppo,gu,1315,69.72563934326172
terminal_ppo,gu,1316,69.72563934326172
terminal_ppo,gu,1317,69.72563934326172
terminal_ppo,gu,1318,69.72563934326172
terminal_ppo,gu,1319,69.72563934326172
terminal_ppo,gu,1320,69.72563934326172
terminal_ppo,gu,1321,69.72563934326172
terminal_ppo,gu,1322,69.72563934326172
terminal_ppo,gu,1323,69.72563934326172
terminal_ppo,gu,1324,69.72563934326172
terminal_ppo,gu,1325,69.72563934326172
terminal_ppo,gu,1326,69.72563934326172
terminal_ppo,gu,1327,69.72563934326172
terminal_ppo,gu,1328,69.72563934326172
terminal_ppo,gu,1329,69.72563934326172
terminal_ppo,gu,1330,69.72563934326172
terminal_ppo,gu,1331,69.72563934326172
terminal_ppo,gu,1332,69.72563934326172
terminal_ppo,gu,1333,69.72563934326172
terminal_ppo,gu,1334,69.72563934326172
terminal_ppo,gu,1335,66.54106140136719
terminal_ppo,gu,1336,66.54106140136719
terminal_ppo,gu,1337,66.54106140136719
terminal_ppo,gu,1338,66.54106140136719
terminal_ppo,gu,1339,66.54106140136719
terminal_ppo,gu,1340,66.54106140136719
terminal_ppo,gu,1341,66.54106140136719
terminal_ppo,gu,1342,66.54106140136719
terminal_ppo,gu,1343,66.54106140136719
terminal_ppo,gu,1344,66.54106140136719
terminal_ppo,gu,1345,66.54106140136719
terminal_ppo,gu,1346,66.54106140136719
terminal_ppo,gu,1347,66.54106140136719
terminal_ppo,gu,1348,66.54106140136719
terminal_ppo,gu,1349,66.54106140136719
terminal_ppo,gu,1350,66.54106140136719
terminal_ppo,gu,1351,64.34398651123047
terminal_ppo,gu,1352,64.34398651123047
terminal_ppo,gu,1353,64.34398651123047
terminal_ppo,gu,1354,65.01061248779297
terminal_ppo,gu,1355,65.01061248779297
terminal_ppo,gu,1356,65.01061248779297
terminal_ppo,gu,1357,65.01061248779297
terminal_ppo,gu,1358,65.01061248779297
terminal_ppo,gu,1359,65.01061248779297
terminal_ppo,gu,1360,65.01061248779297
terminal_ppo,gu,1361,65.06844329833984
terminal_ppo,gu,1362,65.420654296875
terminal_ppo,gu,1363,65.420654296875
terminal_ppo,gu,1364,65.420654296875
terminal_ppo,gu,1365,65.420654296875
terminal_ppo,gu,1366,65.420654296875
terminal_ppo,gu,1367,65.420654296875
terminal_ppo,gu,1368,65.76644134521484
terminal_ppo,gu,1369,65.76644134521484
terminal_ppo,gu,1370,65.76644134521484
terminal_ppo,gu,1371,65.21566009521484
terminal_ppo,gu,1372,60.23175811767578
terminal_ppo,gu,1373,60.23175811767578
terminal_ppo,gu,1374,65.17938232421875
terminal_ppo,gu,1375,65.17938232421875
terminal_ppo,gu,1376,65.17938232421875
terminal_ppo,gu,1377,65.17938232421875
terminal_ppo,gu,1378,65.17938232421875
terminal_ppo,gu,1379,70.93873596191406
terminal_ppo,gu,1380,70.93873596191406
terminal_ppo,gu,1381,70.93873596191406
terminal_ppo,gu,1382,70.93873596191406
terminal_ppo,gu,1383,70.93873596191406
terminal_ppo,gu,1384,70.93873596191406
terminal_ppo,gu,1385,70.93873596191406
terminal_ppo,gu,1386,70.93873596191406
terminal_ppo,gu,1387,70.93873596191406
terminal_ppo,gu,1388,70.93873596191406
terminal_ppo,gu,1389,61.14088439941406
terminal_ppo,gu,1390,61.14088439941406
terminal_ppo,gu,1391,61.14088439941406
terminal_ppo,gu,1392,61.14088439941406
terminal_ppo,gu,1393,62.12934494018555
terminal_ppo,gu,1394,63.792198181152344
terminal_ppo,gu,1395,63.792198181152344
terminal_ppo,gu,1396,63.792198181152344
terminal_ppo,gu,1397,63.792198181152344
terminal_ppo,gu,1398,60.8050651550293
terminal_ppo,gu,1399,60.8050651550293
terminal_ppo,gu,1400,60.8050651550293
terminal_ppo,gu,1401,60.8050651550293
terminal_ppo,gu,1402,60.8050651550293
terminal_ppo,gu,1403,60.8050651550293
terminal_ppo,gu,1404,60.8050651550293
terminal_ppo,gu,1405,60.8050651550293
terminal_ppo,gu,1406,60.8050651550293
terminal_ppo,gu,1407,60.8050651550293
terminal_ppo,gu,1408,60.8050651550293
terminal_ppo,gu,1409,60.8050651550293
terminal_ppo,gu,1410,60.8050651550293
terminal_ppo,gu,1411,60.8050651550293
terminal_ppo,gu,1412,60.8050651550293
terminal_ppo,gu,1413,60.8050651550293
terminal_ppo,gu,1414,60.8050651550293
terminal_ppo,gu,1415,60.8050651550293
terminal_ppo,gu,1416,60.8050651550293
terminal_ppo,gu,1417,60.8050651550293
terminal_ppo,gu,1418,60.8050651550293
terminal_ppo,gu,1419,60.8050651550293
terminal_ppo,gu,1420,60.8050651550293
terminal_ppo,gu,1421,60.8050651550293
terminal_ppo,gu,1422,60.8050651550293
terminal_ppo,gu,1423,60.743587493896484
terminal_ppo,gu,1424,60.743587493896484
terminal_ppo,gu,1425,60.743587493896484
terminal_ppo,gu,1426,60.743587493896484
terminal_ppo,gu,1427,60.743587493896484
terminal_ppo,gu,1428,60.743587493896484
terminal_ppo,gu,1429,60.743587493896484
terminal_ppo,gu,1430,60.743587493896484
terminal_ppo,gu,1431,60.743587493896484
terminal_ppo,gu,1432,60.743587493896484
terminal_ppo,gu,1433,60.743587493896484
terminal_ppo,gu,1434,60.743587493896484
terminal_ppo,gu,1435,60.743587493896484
terminal_ppo,gu,1436,60.743587493896484
terminal_ppo,gu,1437,60.743587493896484
terminal_ppo,gu,1438,60.743587493896484
terminal_ppo,gu,1439,60.743587493896484
terminal_ppo,gu,1440,60.743587493896484
terminal_ppo,gu,1441,60.743587493896484
terminal_ppo,gu,1442,60.743587493896484
terminal_ppo,gu,1443,60.743587493896484
terminal_ppo,gu,1444,67.02647399902344
terminal_ppo,gu,1445,61.922386169433594
terminal_ppo,gu,1446,61.922386169433594
terminal_ppo,gu,1447,61.922386169433594
terminal_ppo,gu,1448,61.922386169433594
terminal_ppo,gu,1449,59.87850570678711
terminal_ppo,gu,1450,59.87850570678711
terminal_ppo,gu,1451,67.15621185302734
terminal_ppo,gu,1452,67.15621185302734
terminal_ppo,gu,1453,67.15621185302734
terminal_ppo,gu,1454,64.26875305175781
terminal_ppo,gu,1455,64.26875305175781
terminal_ppo,gu,1456,64.26875305175781
terminal_ppo,gu,1457,65.53856658935547
terminal_ppo,gu,1458,65.53856658935547
terminal_ppo,gu,1459,65.53856658935547
terminal_ppo,gu,1460,63.375335693359375
terminal_ppo,gu,1461,63.375335693359375
terminal_ppo,gu,1462,63.375335693359375
terminal_ppo,gu,1463,63.375335693359375
terminal_ppo,gu,1464,63.375335693359375
terminal_ppo,gu,1465,63.375335693359375
terminal_ppo,gu,1466,63.375335693359375
terminal_ppo,gu,1467,63.375335693359375
terminal_ppo,gu,1468,63.375335693359375
terminal_ppo,gu,1469,63.375335693359375
terminal_ppo,gu,1470,63.375335693359375
terminal_ppo,gu,1471,59.705501556396484
terminal_ppo,gu,1472,59.705501556396484
terminal_ppo,gu,1473,59.705501556396484
terminal_ppo,gu,1474,62.896270751953125
terminal_ppo,gu,1475,62.896270751953125
terminal_ppo,gu,1476,62.896270751953125
terminal_ppo,gu,1477,62.896270751953125
terminal_ppo,gu,1478,62.896270751953125
terminal_ppo,gu,1479,64.2939453125
terminal_ppo,gu,1480,64.2939453125
terminal_ppo,gu,1481,60.26018524169922
terminal_ppo,gu,1482,60.26018524169922
terminal_ppo,gu,1483,60.26018524169922
terminal_ppo,gu,1484,60.26018524169922
terminal_ppo,gu,1485,60.26018524169922
terminal_ppo,gu,1486,60.26018524169922
terminal_ppo,gu,1487,60.26018524169922
terminal_ppo,gu,1488,60.26018524169922
terminal_ppo,gu,1489,60.26018524169922
terminal_ppo,gu,1490,60.26018524169922
terminal_ppo,gu,1491,60.26018524169922
terminal_ppo,gu,1492,60.26018524169922
terminal_ppo,gu,1493,60.26018524169922
terminal_ppo,gu,1494,60.26018524169922
terminal_ppo,gu,1495,60.26018524169922
terminal_ppo,gu,1496,60.26018524169922
terminal_ppo,gu,1497,60.26018524169922
terminal_ppo,gu,1498,60.26018524169922
terminal_ppo,scratch,199,0.5577293634414673
terminal_ppo,scratch,200,0.5577293634414673
terminal_ppo,scratch,201,0.5577293634414673
terminal_ppo,scratch,202,0.5577293634414673
terminal_ppo,scratch,203,0.5577293634414673
terminal_ppo,scratch,204,0.5577293634414673
terminal_ppo,scratch,205,0.5577293634414673
terminal_ppo,scratch,206,0.5577293634414673
terminal_ppo,scratch,207,0.5577293634414673
terminal_ppo,scratch,208,0.5577293634414673
terminal_ppo,scratch,209,0.5577293634414673
terminal_ppo,scratch,210,0.5577293634414673
terminal_ppo,scratch,211,0.5577293634414673
terminal_ppo,scratch,212,0.5577293634414673
terminal_ppo,scratch,213,0.5577293634414673
terminal_ppo,scratch,214,0.5577293634414673
terminal_ppo,scratch,215,0.5577293634414673
terminal_ppo,scratch,216,0.5577293634414673
terminal_ppo,scratch,217,0.5577293634414673
terminal_ppo,scratch,218,0.5577293634414673
terminal_ppo,scratch,219,0.5577293634414673
terminal_ppo,scratch,220,0.5577293634414673
terminal_ppo,scratch,221,0.5577293634414673
terminal_ppo,scratch,222,0.5577293634414673
terminal_ppo,scratch,223,0.5577293634414673
terminal_ppo,scratch,224,0.5577293634414673
terminal_ppo,scratch,225,0.5577293634414673
terminal_ppo,scratch,226,0.5577293634414673
terminal_ppo,scratch,227,0.5577293634414673
terminal_ppo,scratch,228,0.5577293634414673
terminal_ppo,scratch,229,0.5577293634414673
terminal_ppo,scratch,230,0.5577293634414673
terminal_ppo,scratch,231,0.5577293634414673
terminal_ppo,scratch,232,0.5577293634414673
terminal_ppo,scratch,233,0.5577293634414673
terminal_ppo,scratch,234,0.5577293634414673
terminal_ppo,scratch,235,0.5577293634414673
terminal_ppo,scratch,236,0.5577293634414673
terminal_ppo,scratch,237,0.5577293634414673
terminal_ppo,scratch,238,0.5577293634414673
terminal_ppo,scratch,239,0.5577293634414673
terminal_ppo,scratch,240,0.5577293634414673
terminal_ppo,scratch,241,0.5577293634414673
terminal_ppo,scratch,242,0.5577293634414673
terminal_ppo,scratch,243,0.5577293634414673
terminal_ppo,scratch,244,0.5577293634414673
terminal_ppo,scratch,245,0.5577293634414673
terminal_ppo,scratch,246,0.5577293634414673
terminal_ppo,scratch,247,0.5577293634414673
terminal_ppo,scratch,248,0.5577293634414673
terminal_ppo,scratch,249,0.5577293634414673
terminal_ppo,scratch,250,0.5577293634414673
terminal_ppo,scratch,251,0.5577293634414673
terminal_ppo,scratch,252,0.5577293634414673
terminal_ppo,scratch,253,0.5577293634414673
terminal_ppo,scratch,254,0.5577293634414673
terminal_ppo,scratch,255,0.5577293634414673
terminal_ppo,scratch,256,0.5577293634414673
terminal_ppo,scratch,257,0.5577293634414673
terminal_ppo,scratch,258,0.5577293634414673
terminal_ppo,scratch,259,0.5577293634414673
terminal_ppo,scratch,260,0.5577293634414673
terminal_ppo,scratch,261,0.5577293634414673
terminal_ppo,scratch,262,0.5577293634414673
terminal_ppo,scratch,263,0.5577293634414673
terminal_ppo,scratch,264,0.5577293634414673
terminal_ppo,scratch,265,0.5577293634414673
terminal_ppo,scratch,266,0.5577293634414673
terminal_ppo,scratch,267,0.5577293634414673
terminal_ppo,scratch,268,0.5577293634414673
terminal_ppo,scratch,269,0.5577293634414673
terminal_ppo,scratch,270,0.5577293634414673
terminal_ppo,scratch,271,0.5577293634414673
terminal_ppo,scratch,272,0.5577293634414673
terminal_ppo,scratch,273,0.5577293634414673
terminal_ppo,scratch,274,0.5577293634414673
terminal_ppo,scratch,275,0.5577293634414673
terminal_ppo,scratch,276,0.5577293634414673
terminal_ppo,scratch,277,0.5577293634414673
terminal_ppo,scratch,278,0.5577293634414673
terminal_ppo,scratch,279,0.5577293634414673
terminal_ppo,scratch,280,0.5577293634414673
terminal_ppo,scratch,281,0.5577293634414673
terminal_ppo,scratch,282,0.5577293634414673
terminal_ppo,scratch,283,0.5577293634414673
terminal_ppo,scratch,284,0.5577293634414673
terminal_ppo,scratch,285,0.5577293634414673
terminal_ppo,scratch,286,0.5577293634414673
terminal_ppo,scratch,287,0.5577293634414673
terminal_ppo,scratch,288,0.5577293634414673
terminal_ppo,scratch,289,0.5577293634414673
terminal_ppo,scratch,290,0.5577293634414673
terminal_ppo,scratch,291,0.5577293634414673
terminal_ppo,scratch,292,0.5577293634414673
terminal_ppo,scratch,293,0.5577293634414673
terminal_ppo,scratch,294,0.5577293634414673
terminal_ppo,scratch,295,0.5577293634414673
terminal_ppo,scratch,296,0.5577293634414673
terminal_ppo,scratch,297,0.5577293634414673
terminal_ppo,scratch,298,0.5577293634414673
terminal_ppo,scratch,299,0.5577293634414673
terminal_ppo,scratch,300,0.5577293634414673
terminal_ppo,scratch,301,0.5577293634414673
terminal_ppo,scratch,302,0.5577293634414673
terminal_ppo,scratch,303,0.5577293634414673
terminal_ppo,scratch,304,0.5577293634414673
terminal_ppo,scratch,305,0.5577293634414673
terminal_ppo,scratch,306,0.5577293634414673
terminal_ppo,scratch,307,0.5577293634414673
terminal_ppo,scratch,308,0.5577293634414673
terminal_ppo,scratch,309,0.5577293634414673
terminal_ppo,scratch,310,0.5577293634414673
terminal_ppo,scratch,311,0.5577293634414673
terminal_ppo,scratch,312,0.5577293634414673
terminal_ppo,scratch,313,0.5577293634414673
terminal_ppo,scratch,314,0.5577293634414673
terminal_ppo,scratch,315,0.5577293634414673
terminal_ppo,scratch,316,0.5577293634414673
terminal_ppo,scratch,317,0.5577293634414673
terminal_ppo,scratch,318,0.5577293634414673
terminal_ppo,scratch,319,0.5577293634414673
terminal_ppo,scratch,320,0.5577293634414673
terminal_ppo,scratch,321,0.5577293634414673
terminal_ppo,scratch,322,0.5577293634414673
terminal_ppo,scratch,323,0.5577293634414673
terminal_ppo,scratch,324,0.5577293634414673
terminal_ppo,scratch,325,0.5577293634414673
terminal_ppo,scratch,326,0.5577293634414673
terminal_ppo,scratch,327,0.5577293634414673
terminal_ppo,scratch,328,0.5577293634414673
terminal_ppo,scratch,329,0.5577293634414673
terminal_ppo,scratch,330,0.5577293634414673
terminal_ppo,scratch,331,0.5577293634414673
terminal_ppo,scratch,332,0.5577293634414673
terminal_ppo,scratch,333,0.5577293634414673
terminal_ppo,scratch,334,0.7738122344017029
terminal_ppo,scratch,335,0.7738122344017029
terminal_ppo,scratch,336,0.7264574766159058
terminal_ppo,scratch,337,0.5965977907180786
terminal_ppo,scratch,338,0.6085032820701599
terminal_ppo,scratch,339,0.6085032820701599
terminal_ppo,scratch,340,0.8344222903251648
terminal_ppo,scratch,341,0.3793224096298218
terminal_ppo,scratch,342,0.2748720049858093
terminal_ppo,scratch,343,0.5924187898635864
terminal_ppo,scratch,344,0.5924187898635864
terminal_ppo,scratch,345,0.5924187898635864
terminal_ppo,scratch,346,0.5924187898635864
terminal_ppo,scratch,347,0.5924187898635864
terminal_ppo,scratch,348,0.5924187898635864
terminal_ppo,scratch,349,0.5924187898635864
terminal_ppo,scratch,350,0.5924187898635864
terminal_ppo,scratch,351,0.5924187898635864
terminal_ppo,scratch,352,0.5924187898635864
terminal_ppo,scratch,353,0.5924187898635864
terminal_ppo,scratch,354,0.5924187898635864
terminal_ppo,scratch,355,0.5924187898635864
terminal_ppo,scratch,356,0.5924187898635864
terminal_ppo,scratch,357,0.5924187898635864
terminal_ppo,scratch,358,0.5924187898635864
terminal_ppo,scratch,359,0.5924187898635864
terminal_ppo,scratch,360,0.5924187898635864
terminal_ppo,scratch,361,0.5924187898635864
terminal_ppo,scratch,362,0.5924187898635864
terminal_ppo,scratch,363,0.5924187898635864
terminal_ppo,scratch,364,0.5924187898635864
terminal_ppo,scratch,365,0.5924187898635864
terminal_ppo,scratch,366,0.5924187898635864
terminal_ppo,scratch,367,0.5924187898635864
terminal_ppo,scratch,368,0.5924187898635864
terminal_ppo,scratch,369,0.5924187898635864
terminal_ppo,scratch,370,0.5924187898635864
terminal_ppo,scratch,371,0.5924187898635864
terminal_ppo,scratch,372,0.5924187898635864
terminal_ppo,scratch,373,0.5924187898635864
terminal_ppo,scratch,374,0.5924187898635864
terminal_ppo,scratch,375,0.5924187898635864
terminal_ppo,scratch,376,0.5924187898635864
terminal_ppo,scratch,377,0.5924187898635864
terminal_ppo,scratch,378,0.5924187898635864
terminal_ppo,scratch,379,0.5924187898635864
terminal_ppo,scratch,380,0.5924187898635864
terminal_ppo,scratch,381,0.5924187898635864
terminal_ppo,scratch,382,0.5924187898635864
terminal_ppo,scratch,383,0.5924187898635864
terminal_ppo,scratch,384,0.5924187898635864
terminal_ppo,scratch,385,0.5924187898635864
terminal_ppo,scratch,386,0.5924187898635864
terminal_ppo,scratch,387,0.5924187898635864
terminal_ppo,scratch,388,0.5924187898635864
terminal_ppo,scratch,389,0.5924187898635864
terminal_ppo,scratch,390,0.5924187898635864
terminal_ppo,scratch,391,0.5924187898635864
terminal_ppo,scratch,392,0.5924187898635864
terminal_ppo,scratch,393,0.5924187898635864
terminal_ppo,scratch,394,0.5924187898635864
terminal_ppo,scratch,395,0.5924187898635864
terminal_ppo,scratch,396,0.5924187898635864
terminal_ppo,scratch,397,0.5924187898635864
terminal_ppo,scratch,398,0.5924187898635864
terminal_ppo,scratch,399,0.5924187898635864
terminal_ppo,scratch,400,0.5924187898635864
terminal_ppo,scratch,401,0.5924187898635864
terminal_ppo,scratch,402,0.5924187898635864
terminal_ppo,scratch,403,0.5924187898635864
terminal_ppo,scratch,404,0.5924187898635864
terminal_ppo,scratch,405,0.5924187898635864
terminal_ppo,scratch,406,0.5924187898635864
terminal_ppo,scratch,407,0.5924187898635864
terminal_ppo,scratch,408,0.5924187898635864
terminal_ppo,scratch,409,0.5924187898635864
terminal_ppo,scratch,410,0.5924187898635864
terminal_ppo,scratch,411,0.5924187898635864
terminal_ppo,scratch,412,0.5924187898635864
terminal_ppo,scratch,413,0.5924187898635864
terminal_ppo,scratch,414,0.5924187898635864
terminal_ppo,scratch,415,0.5924187898635864
terminal_ppo,scratch,416,0.5924187898635864
terminal_ppo,scratch,417,0.5924187898635864
terminal_ppo,scratch,418,0.5924187898635864
terminal_ppo,scratch,419,0.5924187898635864
terminal_ppo,scratch,420,0.5924187898635864
terminal_ppo,scratch,421,0.5924187898635864
terminal_ppo,scratch,422,0.5924187898635864
terminal_ppo,scratch,423,0.5924187898635864
terminal_ppo,scratch,424,0.5924187898635864
terminal_ppo,scratch,425,0.5924187898635864
terminal_ppo,scratch,426,0.5924187898635864
terminal_ppo,scratch,427,0.5924187898635864
terminal_ppo,scratch,428,0.5924187898635864
terminal_ppo,scratch,429,0.5924187898635864
terminal_ppo,scratch,430,0.5924187898635864
terminal_ppo,scratch,431,0.5924187898635864
terminal_ppo,scratch,432,0.5924187898635864
terminal_ppo,scratch,433,0.5924187898635864
terminal_ppo,scratch,434,0.5924187898635864
terminal_ppo,scratch,435,0.5924187898635864
terminal_ppo,scratch,436,0.5924187898635864
terminal_ppo,scratch,437,0.5924187898635864
terminal_ppo,scratch,438,0.5924187898635864
terminal_ppo,scratch,439,0.5924187898635864
terminal_ppo,scratch,440,0.5924187898635864
terminal_ppo,scratch,441,0.5924187898635864
terminal_ppo,scratch,442,0.5924187898635864
terminal_ppo,scratch,443,0.5924187898635864
terminal_ppo,scratch,444,0.5924187898635864
terminal_ppo,scratch,445,0.5924187898635864
terminal_ppo,scratch,446,0.5924187898635864
terminal_ppo,scratch,447,0.5924187898635864
terminal_ppo,scratch,448,0.5924187898635864
terminal_ppo,scratch,449,1.1833019256591797
terminal_ppo,scratch,450,1.1833019256591797
terminal_ppo,scratch,451,1.0212396383285522
terminal_ppo,scratch,452,0.974226713180542
terminal_ppo,scratch,453,1.1491111516952515
terminal_ppo,scratch,454,1.1491111516952515
terminal_ppo,scratch,455,0.7159060835838318
terminal_ppo,scratch,456,0.8474723696708679
terminal_ppo,scratch,457,1.055966854095459
terminal_ppo,scratch,458,1.055966854095459
terminal_ppo,scratch,459,1.055966854095459
terminal_ppo,scratch,460,1.055966854095459
terminal_ppo,scratch,461,0.8572028875350952
terminal_ppo,scratch,462,0.8572028875350952
terminal_ppo,scratch,463,0.8572028875350952
terminal_ppo,scratch,464,0.9748265147209167
terminal_ppo,scratch,465,0.6432769298553467
terminal_ppo,scratch,466,0.6432769298553467
terminal_ppo,scratch,467,0.6488953828811646
terminal_ppo,scratch,468,0.5351904630661011
terminal_ppo,scratch,469,0.5351904630661011
terminal_ppo,scratch,470,0.5351904630661011
terminal_ppo,scratch,471,0.5351904630661011
terminal_ppo,scratch,472,0.5351904630661011
terminal_ppo,scratch,473,0.5351904630661011
terminal_ppo,scratch,474,0.5351904630661011
terminal_ppo,scratch,475,0.5351904630661011
terminal_ppo,scratch,476,0.5351904630661011
terminal_ppo,scratch,477,0.5351904630661011
terminal_ppo,scratch,478,0.5351904630661011
terminal_ppo,scratch,479,0.5351904630661011
terminal_ppo,scratch,480,0.5351904630661011
terminal_ppo,scratch,481,0.5351904630661011
terminal_ppo,scratch,482,0.5351904630661011
terminal_ppo,scratch,483,0.5351904630661011
terminal_ppo,scratch,484,0.5351904630661011
terminal_ppo,scratch,485,0.5351904630661011
terminal_ppo,scratch,486,0.5351904630661011
terminal_ppo,scratch,487,0.5351904630661011
terminal_ppo,scratch,488,0.5351904630661011
terminal_ppo,scratch,489,0.5351904630661011
terminal_ppo,scratch,490,0.5351904630661011
terminal_ppo,scratch,491,0.5351904630661011
terminal_ppo,scratch,492,0.5351904630661011
terminal_ppo,scratch,493,0.5351904630661011
terminal_ppo,scratch,494,0.5351904630661011
terminal_ppo,scratch,495,0.5351904630661011
terminal_ppo,scratch,496,0.5351904630661011
terminal_ppo,scratch,497,0.5351904630661011
terminal_ppo,scratch,498,0.5351904630661011
terminal_ppo,scratch,499,0.5351904630661011
terminal_ppo,scratch,500,0.5351904630661011
terminal_ppo,scratch,501,0.5351904630661011
terminal_ppo,scratch,502,0.5351904630661011
terminal_ppo,scratch,503,0.5351904630661011
terminal_ppo,scratch,504,0.5351904630661011
terminal_ppo,scratch,505,0.5351904630661011
terminal_ppo,scratch,506,0.5351904630661011
terminal_ppo,scratch,507,0.5351904630661011
terminal_ppo,scratch,508,0.5351904630661011
terminal_ppo,scratch,509,0.5351904630661011
terminal_ppo,scratch,510,0.5351904630661011
terminal_ppo,scratch,511,0.5351904630661011
terminal_ppo,scratch,512,0.5351904630661011
terminal_ppo,scratch,513,0.5351904630661011
terminal_ppo,scratch,514,0.5351904630661011
terminal_ppo,scratch,515,0.5351904630661011
terminal_ppo,scratch,516,0.5351904630661011
terminal_ppo,scratch,517,0.5351904630661011
terminal_ppo,scratch,518,0.5351904630661011
terminal_ppo,scratch,519,0.5351904630661011
terminal_ppo,scratch,520,0.5351904630661011
terminal_ppo,scratch,521,0.5351904630661011
terminal_ppo,scratch,522,0.5351904630661011
terminal_ppo,scratch,523,0.5351904630661011
terminal_ppo,scratch,524,0.5351904630661011
terminal_ppo,scratch,525,0.5351904630661011
terminal_ppo,scratch,526,0.5351904630661011
terminal_ppo,scratch,527,0.5351904630661011
terminal_ppo,scratch,528,0.5351904630661011
terminal_ppo,scratch,529,0.5351904630661011
terminal_ppo,scratch,530,0.5351904630661011
terminal_ppo,scratch,531,0.5351904630661011
terminal_ppo,scratch,532,0.5351904630661011
terminal_ppo,scratch,533,0.5351904630661011
terminal_ppo,scratch,534,0.5351904630661011
terminal_ppo,scratch,535,0.5351904630661011
terminal_ppo,scratch,536,0.5351904630661011
terminal_ppo,scratch,537,0.5351904630661011
terminal_ppo,scratch,538,0.5351904630661011
terminal_ppo,scratch,539,0.5351904630661011
terminal_ppo,scratch,540,0.5351904630661011
terminal_ppo,scratch,541,0.5351904630661011
terminal_ppo,scratch,542,0.5351904630661011
terminal_ppo,scratch,543,0.5351904630661011
terminal_ppo,scratch,544,0.5351904630661011
terminal_ppo,scratch,545,0.5351904630661011
terminal_ppo,scratch,546,0.5351904630661011
terminal_ppo,scratch,547,0.5351904630661011
terminal_ppo,scratch,548,0.5351904630661011
terminal_ppo,scratch,549,0.5351904630661011
terminal_ppo,scratch,550,0.5351904630661011
terminal_ppo,scratch,551,0.5351904630661011
terminal_ppo,scratch,552,0.5351904630661011
terminal_ppo,scratch,553,0.5351904630661011
terminal_ppo,scratch,554,0.5351904630661011
terminal_ppo,scratch,555,0.5351904630661011
terminal_ppo,scratch,556,0.5351904630661011
terminal_ppo,scratch,557,0.5351904630661011
terminal_ppo,scratch,558,0.5351904630661011
terminal_ppo,scratch,559,0.5351904630661011
terminal_ppo,scratch,560,0.5351904630661011
terminal_ppo,scratch,561,0.5351904630661011
terminal_ppo,scratch,562,0.5351904630661011
terminal_ppo,scratch,563,0.5351904630661011
terminal_ppo,scratch,564,0.5351904630661011
terminal_ppo,scratch,565,0.5351904630661011
terminal_ppo,scratch,566,0.5351904630661011
terminal_ppo,scratch,567,0.5351904630661011
terminal_ppo,scratch,568,0.5351904630661011
terminal_ppo,scratch,569,0.5351904630661011
terminal_ppo,scratch,570,0.5351904630661011
terminal_ppo,scratch,571,0.5351904630661011
terminal_ppo,scratch,572,0.5351904630661011
terminal_ppo,scratch,573,0.5351904630661011
terminal_ppo,scratch,574,0.5351904630661011
terminal_ppo,scratch,575,0.5351904630661011
terminal_ppo,scratch,576,0.5351904630661011
terminal_ppo,scratch,577,0.5351904630661011
terminal_ppo,scratch,578,0.5351904630661011
terminal_ppo,scratch,579,0.5351904630661011
terminal_ppo,scratch,580,0.5351904630661011
terminal_ppo,scratch,581,0.5351904630661011
terminal_ppo,scratch,582,1.0940072536468506
terminal_ppo,scratch,583,1.0940072536468506
terminal_ppo,scratch,584,1.0940072536468506
terminal_ppo,scratch,585,1.0940072536468506
terminal_ppo,scratch,586,1.0940072536468506
terminal_ppo,scratch,587,1.0940072536468506
terminal_ppo,scratch,588,1.0940072536468506
terminal_ppo,scratch,589,0.645237386226654
terminal_ppo,scratch,590,0.645237386226654
terminal_ppo,scratch,591,0.645237386226654
terminal_ppo,scratch,592,1.082632064819336
terminal_ppo,scratch,593,1.082632064819336
terminal_ppo,scratch,594,1.082632064819336
terminal_ppo,scratch,595,1.082632064819336
terminal_ppo,scratch,596,0.7416889667510986
terminal_ppo,scratch,597,0.7416889667510986
terminal_ppo,scratch,598,0.7416889667510986
terminal_ppo,scratch,599,0.6672122478485107
terminal_ppo,scratch,600,0.6672122478485107
terminal_ppo,scratch,601,0.6672122478485107
terminal_ppo,scratch,602,0.8261176943778992
terminal_ppo,scratch,603,0.6259869933128357
terminal_ppo,scratch,604,0.6259869933128357
terminal_ppo,scratch,605,0.7409443855285645
terminal_ppo,scratch,606,0.7409443855285645
terminal_ppo,scratch,607,1.0693557262420654
terminal_ppo,scratch,608,0.5684027075767517
terminal_ppo,scratch,609,0.5684027075767517
terminal_ppo,scratch,610,0.5684027075767517
terminal_ppo,scratch,611,0.5684027075767517
terminal_ppo,scratch,612,0.5684027075767517
terminal_ppo,scratch,613,0.27252739667892456
terminal_ppo,scratch,614,0.27252739667892456
terminal_ppo,scratch,615,0.27252739667892456
terminal_ppo,scratch,616,0.27252739667892456
terminal_ppo,scratch,617,0.27252739667892456
terminal_ppo,scratch,618,0.27252739667892456
terminal_ppo,scratch,619,0.27252739667892456
terminal_ppo,scratch,620,0.27252739667892456
terminal_ppo,scratch,621,0.27252739667892456
terminal_ppo,scratch,622,0.27252739667892456
terminal_ppo,scratch,623,0.27252739667892456
terminal_ppo,scratch,624,0.27252739667892456
terminal_ppo,scratch,625,0.27252739667892456
terminal_ppo,scratch,626,0.27252739667892456
terminal_ppo,scratch,627,0.27252739667892456
terminal_ppo,scratch,628,0.27252739667892456
terminal_ppo,scratch,629,0.27252739667892456
terminal_ppo,scratch,630,0.27252739667892456
terminal_ppo,scratch,631,0.27252739667892456
terminal_ppo,scratch,632,0.27252739667892456
terminal_ppo,scratch,633,0.27252739667892456
terminal_ppo,scratch,634,0.27252739667892456
terminal_ppo,scratch,635,0.27252739667892456
terminal_ppo,scratch,636,0.27252739667892456
terminal_ppo,scratch,637,0.27252739667892456
terminal_ppo,scratch,638,0.27252739667892456
terminal_ppo,scratch,639,0.27252739667892456
terminal_ppo,scratch,640,0.27252739667892456
terminal_ppo,scratch,641,0.27252739667892456
terminal_ppo,scratch,642,0.27252739667892456
terminal_ppo,scratch,643,0.27252739667892456
terminal_ppo,scratch,644,0.27252739667892456
terminal_ppo,scratch,645,0.27252739667892456
terminal_ppo,scratch,646,0.27252739667892456
terminal_ppo,scratch,647,0.27252739667892456
terminal_ppo,scratch,648,0.27252739667892456
terminal_ppo,scratch,649,0.27252739667892456
terminal_ppo,scratch,650,0.27252739667892456
terminal_ppo,scratch,651,0.27252739667892456
terminal_ppo,scratch,652,0.27252739667892456
terminal_ppo,scratch,653,0.27252739667892456
terminal_ppo,scratch,654,0.27252739667892456
terminal_ppo,scratch,655,0.27252739667892456
terminal_ppo,scratch,656,0.27252739667892456
terminal_ppo,scratch,657,0.27252739667892456
terminal_ppo,scratch,658,0.27252739667892456
terminal_ppo,scratch,659,0.27252739667892456
terminal_ppo,scratch,660,0.27252739667892456
terminal_ppo,scratch,661,0.27252739667892456
terminal_ppo,scratch,662,0.27252739667892456
terminal_ppo,scratch,663,0.27252739667892456
terminal_ppo,scratch,664,0.27252739667892456
terminal_ppo,scratch,665,0.27252739667892456
terminal_ppo,scratch,666,0.27252739667892456
terminal_ppo,scratch,667,0.27252739667892456
terminal_ppo,scratch,668,0.27252739667892456
terminal_ppo,scratch,669,0.27252739667892456
terminal_ppo,scratch,670,0.27252739667892456
terminal_ppo,scratch,671,0.27252739667892456
terminal_ppo,scratch,672,0.27252739667892456
terminal_ppo,scratch,673,0.27252739667892456
terminal_ppo,scratch,674,0.27252739667892456
terminal_ppo,scratch,675,0.27252739667892456
terminal_ppo,scratch,676,0.27252739667892456
terminal_ppo,scratch,677,0.27252739667892456
terminal_ppo,scratch,678,0.27252739667892456
terminal_ppo,scratch,679,0.27252739667892456
terminal_ppo,scratch,680,0.27252739667892456
terminal_ppo,scratch,681,0.27252739667892456
terminal_ppo,scratch,682,0.27252739667892456
terminal_ppo,scratch,683,0.27252739667892456
terminal_ppo,scratch,684,0.27252739667892456
terminal_ppo,scratch,685,0.27252739667892456
terminal_ppo,scratch,686,0.27252739667892456
terminal_ppo,scratch,687,0.27252739667892456
terminal_ppo,scratch,688,0.27252739667892456
terminal_ppo,scratch,689,0.27252739667892456
terminal_ppo,scratch,690,0.27252739667892456
terminal_ppo,scratch,691,0.27252739667892456
terminal_ppo,scratch,692,0.27252739667892456
terminal_ppo,scratch,693,0.27252739667892456
terminal_ppo,scratch,694,0.27252739667892456
terminal_ppo,scratch,695,0.27252739667892456
terminal_ppo,scratch,696,0.27252739667892456
terminal_ppo,scratch,697,0.27252739667892456
terminal_ppo,scratch,698,0.27252739667892456
terminal_ppo,scratch,699,0.27252739667892456
terminal_ppo,scratch,700,0.27252739667892456
terminal_ppo,scratch,701,0.27252739667892456
terminal_ppo,scratch,702,0.27252739667892456
terminal_ppo,scratch,703,0.27252739667892456
terminal_ppo,scratch,704,0.27252739667892456
terminal_ppo,scratch,705,0.27252739667892456
terminal_ppo,scratch,706,0.27252739667892456
terminal_ppo,scratch,707,0.27252739667892456
terminal_ppo,scratch,708,0.27252739667892456
terminal_ppo,scratch,709,0.27252739667892456
terminal_ppo,scratch,710,0.27252739667892456
terminal_ppo,scratch,711,0.27252739667892456
terminal_ppo,scratch,712,0.27252739667892456
terminal_ppo,scratch,713,0.27252739667892456
terminal_ppo,scratch,714,0.27252739667892456
terminal_ppo,scratch,715,0.27252739667892456
terminal_ppo,scratch,716,0.27252739667892456
terminal_ppo,scratch,717,0.27252739667892456
terminal_ppo,scratch,718,0.27252739667892456
terminal_ppo,scratch,719,0.27252739667892456
terminal_ppo,scratch,720,0.27252739667892456
terminal_ppo,scratch,721,0.27252739667892456
terminal_ppo,scratch,722,0.27252739667892456
terminal_ppo,scratch,723,0.27252739667892456
terminal_ppo,scratch,724,0.27252739667892456
terminal_ppo,scratch,725,0.27252739667892456
terminal_ppo,scratch,726,0.27252739667892456
terminal_ppo,scratch,727,0.27252739667892456
terminal_ppo,scratch,728,0.27252739667892456
terminal_ppo,scratch,729,0.27252739667892456
terminal_ppo,scratch,730,0.27252739667892456
terminal_ppo,scratch,731,0.27252739667892456
terminal_ppo,scratch,732,0.27252739667892456
terminal_ppo,scratch,733,0.27252739667892456
terminal_ppo,scratch,734,0.27252739667892456
terminal_ppo,scratch,735,0.27252739667892456
terminal_ppo,scratch,736,0.27252739667892456
terminal_ppo,scratch,737,0.27252739667892456
terminal_ppo,scratch,738,0.27252739667892456
terminal_ppo,scratch,739,0.27252739667892456
terminal_ppo,scratch,740,0.27252739667892456
terminal_ppo,scratch,741,0.27252739667892456
terminal_ppo,scratch,742,0.27252739667892456
terminal_ppo,scratch,743,0.27252739667892456
terminal_ppo,scratch,744,0.362402081489563
terminal_ppo,scratch,745,0.362402081489563
terminal_ppo,scratch,746,0.362402081489563
terminal_ppo,scratch,747,0.7803015112876892
terminal_ppo,scratch,748,0.7803015112876892
terminal_ppo,scratch,749,0.7803015112876892
terminal_ppo,scratch,750,0.7803015112876892
terminal_ppo,scratch,751,0.7803015112876892
terminal_ppo,scratch,752,0.5580302476882935
terminal_ppo,scratch,753,0.5580302476882935
terminal_ppo,scratch,754,0.5580302476882935
terminal_ppo,scratch,755,0.5928272008895874
terminal_ppo,scratch,756,0.5928272008895874
terminal_ppo,scratch,757,0.5928272008895874
terminal_ppo,scratch,758,0.8144034743309021
terminal_ppo,scratch,759,0.6662899255752563
terminal_ppo,scratch,760,0.6662899255752563
terminal_ppo,scratch,761,0.6662899255752563
terminal_ppo,scratch,762,0.6662899255752563
terminal_ppo,scratch,763,0.6662899255752563
terminal_ppo,scratch,764,0.6662899255752563
terminal_ppo,scratch,765,0.3115224242210388
terminal_ppo,scratch,766,0.3115224242210388
terminal_ppo,scratch,767,0.3115224242210388
terminal_ppo,scratch,768,0.5986030101776123
terminal_ppo,scratch,769,0.5986030101776123
terminal_ppo,scratch,770,0.5986030101776123
terminal_ppo,scratch,771,0.4931100606918335
terminal_ppo,scratch,772,0.6392258405685425
terminal_ppo,scratch,773,0.6392258405685425
terminal_ppo,scratch,774,0.6392258405685425
terminal_ppo,scratch,775,0.6392258405685425
terminal_ppo,scratch,776,0.6392258405685425
terminal_ppo,scratch,777,0.6392258405685425
terminal_ppo,scratch,778,0.6936489939689636
terminal_ppo,scratch,779,0.6936489939689636
terminal_ppo,scratch,780,0.6936489939689636
terminal_ppo,scratch,781,0.6936489939689636
terminal_ppo,scratch,782,0.6936489939689636
terminal_ppo,scratch,783,0.7392284274101257
terminal_ppo,scratch,784,0.4923672676086426
terminal_ppo,scratch,785,0.563836932182312
terminal_ppo,scratch,786,0.563836932182312
terminal_ppo,scratch,787,0.563836932182312
terminal_ppo,scratch,788,0.563836932182312
terminal_ppo,scratch,789,0.563836932182312
terminal_ppo,scratch,790,0.563836932182312
terminal_ppo,scratch,791,0.563836932182312
terminal_ppo,scratch,792,0.563836932182312
terminal_ppo,scratch,793,0.5635181665420532
terminal_ppo,scratch,794,0.5635181665420532
terminal_ppo,scratch,795,0.5635181665420532
terminal_ppo,scratch,796,0.5635181665420532
terminal_ppo,scratch,797,0.5635181665420532
terminal_ppo,scratch,798,0.5635181665420532
terminal_ppo,scratch,799,0.5635181665420532
terminal_ppo,scratch,800,0.5635181665420532
terminal_ppo,scratch,801,0.5635181665420532
terminal_ppo,scratch,802,0.5635181665420532
terminal_ppo,scratch,803,0.5635181665420532
terminal_ppo,scratch,804,0.5635181665420532
terminal_ppo,scratch,805,0.5635181665420532
terminal_ppo,scratch,806,0.5635181665420532
terminal_ppo,scratch,807,0.5635181665420532
terminal_ppo,scratch,808,0.5635181665420532
terminal_ppo,scratch,809,0.5635181665420532
terminal_ppo,scratch,810,0.5635181665420532
terminal_ppo,scratch,811,0.5635181665420532
terminal_ppo,scratch,812,0.5635181665420532
terminal_ppo,scratch,813,0.5635181665420532
terminal_ppo,scratch,814,0.5635181665420532
terminal_ppo,scratch,815,0.5635181665420532
terminal_ppo,scratch,816,0.5635181665420532
terminal_ppo,scratch,817,0.5635181665420532
terminal_ppo,scratch,818,0.5635181665420532
terminal_ppo,scratch,819,0.5635181665420532
terminal_ppo,scratch,820,0.5635181665420532
terminal_ppo,scratch,821,0.5635181665420532
terminal_ppo,scratch,822,0.5635181665420532
terminal_ppo,scratch,823,0.5635181665420532
terminal_ppo,scratch,824,0.5635181665420532
terminal_ppo,scratch,825,0.5635181665420532
terminal_ppo,scratch,826,0.5635181665420532
terminal_ppo,scratch,827,0.5635181665420532
terminal_ppo,scratch,828,0.5635181665420532
terminal_ppo,scratch,829,0.5635181665420532
terminal_ppo,scratch,830,0.5635181665420532
terminal_ppo,scratch,831,0.5635181665420532
terminal_ppo,scratch,832,0.5635181665420532
terminal_ppo,scratch,833,0.5635181665420532
terminal_ppo,scratch,834,0.5635181665420532
terminal_ppo,scratch,835,0.5635181665420532
terminal_ppo,scratch,836,0.5635181665420532
terminal_ppo,scratch,837,0.5635181665420532
terminal_ppo,scratch,838,0.5635181665420532
terminal_ppo,scratch,839,0.5635181665420532
terminal_ppo,scratch,840,0.5635181665420532
terminal_ppo,scratch,841,0.5635181665420532
terminal_ppo,scratch,842,0.5635181665420532
terminal_ppo,scratch,843,0.5635181665420532
terminal_ppo,scratch,844,0.5635181665420532
terminal_ppo,scratch,845,0.5635181665420532
terminal_ppo,scratch,846,0.5635181665420532
terminal_ppo,scratch,847,0.5635181665420532
terminal_ppo,scratch,848,0.5635181665420532
terminal_ppo,scratch,849,0.5635181665420532
terminal_ppo,scratch,850,0.5635181665420532
terminal_ppo,scratch,851,0.5635181665420532
terminal_ppo,scratch,852,0.5635181665420532
terminal_ppo,scratch,853,0.5635181665420532
terminal_ppo,scratch,854,0.5635181665420532
terminal_ppo,scratch,855,0.5635181665420532
terminal_ppo,scratch,856,0.5635181665420532
terminal_ppo,scratch,857,0.5635181665420532
terminal_ppo,scratch,858,0.5635181665420532
terminal_ppo,scratch,859,0.5635181665420532
terminal_ppo,scratch,860,0.5635181665420532
terminal_ppo,scratch,861,0.5635181665420532
terminal_ppo,scratch,862,1.066697597503662
terminal_ppo,scratch,863,1.066697597503662
terminal_ppo,scratch,864,1.066697597503662
terminal_ppo,scratch,865,1.066697597503662
terminal_ppo,scratch,866,1.066697597503662
terminal_ppo,scratch,867,1.066697597503662
terminal_ppo,scratch,868,1.066697597503662
terminal_ppo,scratch,869,1.066697597503662
terminal_ppo,scratch,870,0.9192460775375366
terminal_ppo,scratch,871,0.9192460775375366
terminal_ppo,scratch,872,0.9192460775375366
terminal_ppo,scratch,873,0.9192460775375366
terminal_ppo,scratch,874,0.9192460775375366
terminal_ppo,scratch,875,0.9192460775375366
terminal_ppo,scratch,876,0.9192460775375366
terminal_ppo,scratch,877,0.9192460775375366
terminal_ppo,scratch,878,0.9192460775375366
terminal_ppo,scratch,879,0.9192460775375366
terminal_ppo,scratch,880,0.9192460775375366
terminal_ppo,scratch,881,0.9192460775375366
terminal_ppo,scratch,882,0.9192460775375366
terminal_ppo,scratch,883,0.9192460775375366
terminal_ppo,scratch,884,0.9192460775375366
terminal_ppo,scratch,885,0.9192460775375366
terminal_ppo,scratch,886,0.9192460775375366
terminal_ppo,scratch,887,0.9192460775375366
terminal_ppo,scratch,888,0.9192460775375366
terminal_ppo,scratch,889,0.9192460775375366
terminal_ppo,scratch,890,0.9192460775375366
terminal_ppo,scratch,891,0.9530035257339478
terminal_ppo,scratch,892,0.9530035257339478
terminal_ppo,scratch,893,0.9530035257339478
terminal_ppo,scratch,894,0.9530035257339478
terminal_ppo,scratch,895,0.9530035257339478
terminal_ppo,scratch,896,0.9530035257339478
terminal_ppo,scratch,897,0.9530035257339478
terminal_ppo,scratch,898,0.9530035257339478
terminal_ppo,scratch,899,0.9530035257339478
terminal_ppo,scratch,900,0.9530035257339478
terminal_ppo,scratch,901,0.9530035257339478
terminal_ppo,scratch,902,0.9530035257339478
terminal_ppo,scratch,903,0.9530035257339478
terminal_ppo,scratch,904,0.9530035257339478
terminal_ppo,scratch,905,0.9530035257339478
terminal_ppo,scratch,906,0.9530035257339478
terminal_ppo,scratch,907,0.9530035257339478
terminal_ppo,scratch,908,0.9530035257339478
terminal_ppo,scratch,909,0.9530035257339478
terminal_ppo,scratch,910,0.9530035257339478
terminal_ppo,scratch,911,0.9530035257339478
terminal_ppo,scratch,912,0.9530035257339478
terminal_ppo,scratch,913,0.9530035257339478
terminal_ppo,scratch,914,0.9530035257339478
terminal_ppo,scratch,915,0.9530035257339478
terminal_ppo,scratch,916,0.9530035257339478
terminal_ppo,scratch,917,0.9530035257339478
terminal_ppo,scratch,918,0.9530035257339478
terminal_ppo,scratch,919,0.9530035257339478
terminal_ppo,scratch,920,0.7318168878555298
terminal_ppo,scratch,921,0.7318168878555298
terminal_ppo,scratch,922,0.7318168878555298
terminal_ppo,scratch,923,0.7318168878555298
terminal_ppo,scratch,924,0.7318168878555298
terminal_ppo,scratch,925,0.6915742754936218
terminal_ppo,scratch,926,0.6915742754936218
terminal_ppo,scratch,927,0.6915742754936218
terminal_ppo,scratch,928,0.6915742754936218
terminal_ppo,scratch,929,0.6915742754936218
terminal_ppo,scratch,930,0.6915742754936218
terminal_ppo,scratch,931,0.6915742754936218
terminal_ppo,scratch,932,0.6915742754936218
terminal_ppo,scratch,933,0.6915742754936218
terminal_ppo,scratch,934,0.6915742754936218
terminal_ppo,scratch,935,0.6915742754936218
terminal_ppo,scratch,936,0.6253081560134888
terminal_ppo,scratch,937,0.6251417398452759
terminal_ppo,scratch,938,0.6801866292953491
terminal_ppo,scratch,939,0.6801866292953491
terminal_ppo,scratch,940,0.6801866292953491
terminal_ppo,scratch,941,0.20852431654930115
terminal_ppo,scratch,942,0.20852431654930115
terminal_ppo,scratch,943,0.20852431654930115
terminal_ppo,scratch,944,0.20852431654930115
terminal_ppo,scratch,945,0.20852431654930115
terminal_ppo,scratch,946,0.6692454814910889
terminal_ppo,scratch,947,0.5319243669509888
terminal_ppo,scratch,948,0.5319243669509888
terminal_ppo,scratch,949,0.5319243669509888
terminal_ppo,scratch,950,0.5319243669509888
terminal_ppo,scratch,951,0.5319243669509888
terminal_ppo,scratch,952,0.5295702219009399
terminal_ppo,scratch,953,0.5295702219009399
terminal_ppo,scratch,954,0.5295702219009399
terminal_ppo,scratch,955,0.5295702219009399
terminal_ppo,scratch,956,0.5295702219009399
terminal_ppo,scratch,957,0.5295702219009399
terminal_ppo,scratch,958,0.37956804037094116
terminal_ppo,scratch,959,0.5146327018737793
terminal_ppo,scratch,960,0.5146327018737793
terminal_ppo,scratch,961,0.5146327018737793
terminal_ppo,scratch,962,0.5146327018737793
terminal_ppo,scratch,963,0.5146327018737793
terminal_ppo,scratch,964,0.5146327018737793
terminal_ppo,scratch,965,0.5146327018737793
terminal_ppo,scratch,966,0.5146327018737793
terminal_ppo,scratch,967,0.5146327018737793
terminal_ppo,scratch,968,0.5146327018737793
terminal_ppo,scratch,969,0.5146327018737793
terminal_ppo,scratch,970,0.5146327018737793
terminal_ppo,scratch,971,0.5146327018737793
terminal_ppo,scratch,972,0.5146327018737793
terminal_ppo,scratch,973,0.5146327018737793
terminal_ppo,scratch,974,0.5146327018737793
terminal_ppo,scratch,975,0.3825433850288391
terminal_ppo,scratch,976,0.3825433850288391
terminal_ppo,scratch,977,0.3825433850288391
terminal_ppo,scratch,978,0.3825433850288391
terminal_ppo,scratch,979,0.3825433850288391
terminal_ppo,scratch,980,0.3825433850288391
terminal_ppo,scratch,981,0.3825433850288391
terminal_ppo,scratch,982,0.3825433850288391
terminal_ppo,scratch,983,0.3825433850288391
terminal_ppo,scratch,984,0.3825433850288391
terminal_ppo,scratch,985,0.3825433850288391
terminal_ppo,scratch,986,0.3825433850288391
terminal_ppo,scratch,987,0.3825433850288391
terminal_ppo,scratch,988,0.3825433850288391
terminal_ppo,scratch,989,0.3825433850288391
terminal_ppo,scratch,990,0.3825433850288391
terminal_ppo,scratch,991,0.3825433850288391
terminal_ppo,scratch,992,0.3825433850288391
terminal_ppo,scratch,993,0.3825433850288391
terminal_ppo,scratch,994,0.3825433850288391
terminal_ppo,scratch,995,0.3825433850288391
terminal_ppo,scratch,996,0.3825433850288391
terminal_ppo,scratch,997,0.3825433850288391
terminal_ppo,scratch,998,0.3825433850288391
terminal_ppo,scratch,999,0.3825433850288391
terminal_ppo,scratch,1000,0.3825433850288391
terminal_ppo,scratch,1001,0.3825433850288391
terminal_ppo,scratch,1002,0.3825433850288391
terminal_ppo,scratch,1003,0.3825433850288391
terminal_ppo,scratch,1004,0.3825433850288391
terminal_ppo,scratch,1005,0.3825433850288391
terminal_ppo,scratch,1006,0.3825433850288391
terminal_ppo,scratch,1007,0.3825433850288391
terminal_ppo,scratch,1008,0.3825433850288391
terminal_ppo,scratch,1009,0.3825433850288391
terminal_ppo,scratch,1010,0.3825433850288391
terminal_ppo,scratch,1011,0.3825433850288391
terminal_ppo,scratch,1012,0.78379225730896
terminal_ppo,scratch,1013,0.78379225730896
terminal_ppo,scratch,1014,0.78379225730896
terminal_ppo,scratch,1015,0.78379225730896
terminal_ppo,scratch,1016,0.7828513383865356
terminal_ppo,scratch,1017,0.7828513383865356
terminal_ppo,scratch,1018,0.7828513383865356
terminal_ppo,scratch,1019,0.7828513383865356
terminal_ppo,scratch,1020,0.7828513383865356
terminal_ppo,scratch,1021,0.7828513383865356
terminal_ppo,scratch,1022,0.7828513383865356
terminal_ppo,scratch,1023,0.7828513383865356
terminal_ppo,scratch,1024,0.7828513383865356
terminal_ppo,scratch,1025,0.7828513383865356
terminal_ppo,scratch,1026,0.7828513383865356
terminal_ppo,scratch,1027,0.7828513383865356
terminal_ppo,scratch,1028,0.7828513383865356
terminal_ppo,scratch,1029,0.7828513383865356
terminal_ppo,scratch,1030,0.7828513383865356
terminal_ppo,scratch,1031,0.7828513383865356
terminal_ppo,scratch,1032,0.7828513383865356
terminal_ppo,scratch,1033,0.7828513383865356
terminal_ppo,scratch,1034,0.7828513383865356
terminal_ppo,scratch,1035,0.7797386050224304
terminal_ppo,scratch,1036,0.7797386050224304
terminal_ppo,scratch,1037,1.1236361265182495
terminal_ppo,scratch,1038,1.1236361265182495
terminal_ppo,scratch,1039,1.1236361265182495
terminal_ppo,scratch,1040,1.1236361265182495
terminal_ppo,scratch,1041,0.9590231776237488
terminal_ppo,scratch,1042,0.9053463935852051
terminal_ppo,scratch,1043,0.7870942950248718
terminal_ppo,scratch,1044,0.7870942950248718
terminal_ppo,scratch,1045,0.7870942950248718
terminal_ppo,scratch,1046,0.7870942950248718
terminal_ppo,scratch,1047,0.7870942950248718
terminal_ppo,scratch,1048,0.7870942950248718
terminal_ppo,scratch,1049,0.7870942950248718
terminal_ppo,scratch,1050,0.7870942950248718
terminal_ppo,scratch,1051,0.7870942950248718
terminal_ppo,scratch,1052,0.7870942950248718
terminal_ppo,scratch,1053,0.7870942950248718
terminal_ppo,scratch,1054,0.7870942950248718
terminal_ppo,scratch,1055,0.7870942950248718
terminal_ppo,scratch,1056,0.7870942950248718
terminal_ppo,scratch,1057,0.7870942950248718
terminal_ppo,scratch,1058,0.7870942950248718
terminal_ppo,scratch,1059,0.7870942950248718
terminal_ppo,scratch,1060,0.7870942950248718
terminal_ppo,scratch,1061,0.7870942950248718
terminal_ppo,scratch,1062,0.7870942950248718
terminal_ppo,scratch,1063,0.35538455843925476
terminal_ppo,scratch,1064,0.35538455843925476
terminal_ppo,scratch,1065,0.35538455843925476
terminal_ppo,scratch,1066,0.35538455843925476
terminal_ppo,scratch,1067,0.35538455843925476
terminal_ppo,scratch,1068,0.35538455843925476
terminal_ppo,scratch,1069,0.35538455843925476
terminal_ppo,scratch,1070,0.35538455843925476
terminal_ppo,scratch,1071,0.35538455843925476
terminal_ppo,scratch,1072,0.35538455843925476
terminal_ppo,scratch,1073,0.35538455843925476
terminal_ppo,scratch,1074,1.1002159118652344
terminal_ppo,scratch,1075,1.1002159118652344
terminal_ppo,scratch,1076,1.1002159118652344
terminal_ppo,scratch,1077,1.1002159118652344
terminal_ppo,scratch,1078,1.1002159118652344
terminal_ppo,scratch,1079,1.1002159118652344
terminal_ppo,scratch,1080,1.1002159118652344
terminal_ppo,scratch,1081,1.1002159118652344
terminal_ppo,scratch,1082,1.1002159118652344
terminal_ppo,scratch,1083,1.1002159118652344
terminal_ppo,scratch,1084,1.1002159118652344
terminal_ppo,scratch,1085,1.1002159118652344
terminal_ppo,scratch,1086,1.1002159118652344
terminal_ppo,scratch,1087,1.1002159118652344
terminal_ppo,scratch,1088,1.1002159118652344
terminal_ppo,scratch,1089,0.807611346244812
terminal_ppo,scratch,1090,0.807611346244812
terminal_ppo,scratch,1091,0.807611346244812
terminal_ppo,scratch,1092,0.807611346244812
terminal_ppo,scratch,1093,0.4965960383415222
terminal_ppo,scratch,1094,0.4965960383415222
terminal_ppo,scratch,1095,0.4965960383415222
terminal_ppo,scratch,1096,0.3786269426345825
terminal_ppo,scratch,1097,0.3786269426345825
terminal_ppo,scratch,1098,0.3786269426345825
terminal_ppo,scratch,1099,0.7469457983970642
terminal_ppo,scratch,1100,0.538321852684021
terminal_ppo,scratch,1101,0.538321852684021
terminal_ppo,scratch,1102,0.42694687843322754
terminal_ppo,scratch,1103,0.42694687843322754
terminal_ppo,scratch,1104,0.42694687843322754
terminal_ppo,scratch,1105,0.42694687843322754
terminal_ppo,scratch,1106,0.42694687843322754
terminal_ppo,scratch,1107,0.42694687843322754
terminal_ppo,scratch,1108,0.7200109362602234
terminal_ppo,scratch,1109,0.7200109362602234
terminal_ppo,scratch,1110,0.7200109362602234
terminal_ppo,scratch,1111,0.7200109362602234
terminal_ppo,scratch,1112,0.7200109362602234
terminal_ppo,scratch,1113,0.7200109362602234
terminal_ppo,scratch,1114,0.7200109362602234
terminal_ppo,scratch,1115,0.7200109362602234
terminal_ppo,scratch,1116,0.7200109362602234
terminal_ppo,scratch,1117,0.7200109362602234
terminal_ppo,scratch,1118,0.7200109362602234
terminal_ppo,scratch,1119,0.7200109362602234
terminal_ppo,scratch,1120,0.7200109362602234
terminal_ppo,scratch,1121,0.7200109362602234
terminal_ppo,scratch,1122,0.7200109362602234
terminal_ppo,scratch,1123,0.7200109362602234
terminal_ppo,scratch,1124,0.7200109362602234
terminal_ppo,scratch,1125,0.7200109362602234
terminal_ppo,scratch,1126,0.7200109362602234
terminal_ppo,scratch,1127,0.7200109362602234
terminal_ppo,scratch,1128,0.7200109362602234
terminal_ppo,scratch,1129,0.7200109362602234
terminal_ppo,scratch,1130,0.7200109362602234
terminal_ppo,scratch,1131,0.7200109362602234
terminal_ppo,scratch,1132,0.7200109362602234
terminal_ppo,scratch,1133,0.7200109362602234
terminal_ppo,scratch,1134,0.7200109362602234
terminal_ppo,scratch,1135,0.7200109362602234
terminal_ppo,scratch,1136,0.7200109362602234
terminal_ppo,scratch,1137,0.7200109362602234
terminal_ppo,scratch,1138,0.7200109362602234
terminal_ppo,scratch,1139,0.7200109362602234
terminal_ppo,scratch,1140,0.7200109362602234
terminal_ppo,scratch,1141,0.7200109362602234
terminal_ppo,scratch,1142,0.7200109362602234
terminal_ppo,scratch,1143,0.8400453329086304
terminal_ppo,scratch,1144,0.8400453329086304
terminal_ppo,scratch,1145,0.8400453329086304
terminal_ppo,scratch,1146,0.8400453329086304
terminal_ppo,scratch,1147,0.8400453329086304
terminal_ppo,scratch,1148,0.8400453329086304
terminal_ppo,scratch,1149,0.8400453329086304
terminal_ppo,scratch,1150,0.8400453329086304
terminal_ppo,scratch,1151,0.8400453329086304
terminal_ppo,scratch,1152,0.8400453329086304
terminal_ppo,scratch,1153,0.8400453329086304
terminal_ppo,scratch,1154,0.8400453329086304
terminal_ppo,scratch,1155,0.8400453329086304
terminal_ppo,scratch,1156,0.8400453329086304
terminal_ppo,scratch,1157,0.8400453329086304
terminal_ppo,scratch,1158,0.8400453329086304
terminal_ppo,scratch,1159,0.8400453329086304
terminal_ppo,scratch,1160,0.8400453329086304
terminal_ppo,scratch,1161,0.8400453329086304
terminal_ppo,scratch,1162,0.5456718802452087
terminal_ppo,scratch,1163,0.5456718802452087
terminal_ppo,scratch,1164,0.5456718802452087
terminal_ppo,scratch,1165,0.5456718802452087
terminal_ppo,scratch,1166,0.5456718802452087
terminal_ppo,scratch,1167,0.7991193532943726
terminal_ppo,scratch,1168,0.7991193532943726
terminal_ppo,scratch,1169,0.7991193532943726
terminal_ppo,scratch,1170,0.7991193532943726
terminal_ppo,scratch,1171,0.7991193532943726
terminal_ppo,scratch,1172,0.7991193532943726
terminal_ppo,scratch,1173,0.7991193532943726
terminal_ppo,scratch,1174,0.7991193532943726
terminal_ppo,scratch,1175,0.8705075979232788
terminal_ppo,scratch,1176,0.8705075979232788
terminal_ppo,scratch,1177,0.48716458678245544
terminal_ppo,scratch,1178,0.851418673992157
terminal_ppo,scratch,1179,0.7565538883209229
terminal_ppo,scratch,1180,0.7565538883209229
terminal_ppo,scratch,1181,0.7565538883209229
terminal_ppo,scratch,1182,0.7565538883209229
terminal_ppo,scratch,1183,0.7565538883209229
terminal_ppo,scratch,1184,0.7565538883209229
terminal_ppo,scratch,1185,0.7565538883209229
terminal_ppo,scratch,1186,0.7565538883209229
terminal_ppo,scratch,1187,0.7565538883209229
terminal_ppo,scratch,1188,0.7565538883209229
terminal_ppo,scratch,1189,0.7565538883209229
terminal_ppo,scratch,1190,0.7565538883209229
terminal_ppo,scratch,1191,0.7565538883209229
terminal_ppo,scratch,1192,0.7565538883209229
terminal_ppo,scratch,1193,0.7565538883209229
terminal_ppo,scratch,1194,0.7565538883209229
terminal_ppo,scratch,1195,0.7565538883209229
terminal_ppo,scratch,1196,0.8105887174606323
terminal_ppo,scratch,1197,1.206092119216919
terminal_ppo,scratch,1198,1.206092119216919
terminal_ppo,scratch,1199,1.206092119216919
terminal_ppo,scratch,1200,1.206092119216919
terminal_ppo,scratch,1201,1.206092119216919
terminal_ppo,scratch,1202,1.206092119216919
terminal_ppo,scratch,1203,1.1271226406097412
terminal_ppo,scratch,1204,1.135744333267212
terminal_ppo,scratch,1205,1.135744333267212
terminal_ppo,scratch,1206,1.135744333267212
terminal_ppo,scratch,1207,1.135744333267212
terminal_ppo,scratch,1208,1.2249120473861694
terminal_ppo,scratch,1209,1.2249120473861694
terminal_ppo,scratch,1210,1.3975515365600586
terminal_ppo,scratch,1211,1.3975515365600586
terminal_ppo,scratch,1212,1.3975515365600586
terminal_ppo,scratch,1213,1.3975515365600586
terminal_ppo,scratch,1214,1.3975515365600586
terminal_ppo,scratch,1215,1.3975515365600586
terminal_ppo,scratch,1216,1.3975515365600586
terminal_ppo,scratch,1217,1.3975515365600586
terminal_ppo,scratch,1218,1.3975515365600586
terminal_ppo,scratch,1219,1.3975515365600586
terminal_ppo,scratch,1220,1.3975515365600586
terminal_ppo,scratch,1221,1.3975515365600586
terminal_ppo,scratch,1222,1.3975515365600586
terminal_ppo,scratch,1223,1.3975515365600586
terminal_ppo,scratch,1224,1.3975515365600586
terminal_ppo,scratch,1225,1.3975515365600586
terminal_ppo,scratch,1226,1.3975515365600586
terminal_ppo,scratch,1227,1.3975515365600586
terminal_ppo,scratch,1228,1.3975515365600586
terminal_ppo,scratch,1229,1.3975515365600586
terminal_ppo,scratch,1230,1.3975515365600586
terminal_ppo,scratch,1231,1.3975515365600586
terminal_ppo,scratch,1232,1.3975515365600586
terminal_ppo,scratch,1233,1.3975515365600586
terminal_ppo,scratch,1234,1.3975515365600586
terminal_ppo,scratch,1235,1.3975515365600586
terminal_ppo,scratch,1236,1.3975515365600586
terminal_ppo,scratch,1237,1.3975515365600586
terminal_ppo,scratch,1238,1.3975515365600586
terminal_ppo,scratch,1239,1.3975515365600586
terminal_ppo,scratch,1240,1.3975515365600586
terminal_ppo,scratch,1241,1.3975515365600586
terminal_ppo,scratch,1242,1.3975515365600586
terminal_ppo,scratch,1243,1.3975515365600586
terminal_ppo,scratch,1244,1.3975515365600586
terminal_ppo,scratch,1245,1.3975515365600586
terminal_ppo,scratch,1246,1.3975515365600586
terminal_ppo,scratch,1247,1.3975515365600586
terminal_ppo,scratch,1248,1.3975515365600586
terminal_ppo,scratch,1249,1.3975515365600586
terminal_ppo,scratch,1250,1.3975515365600586
terminal_ppo,scratch,1251,1.3975515365600586
terminal_ppo,scratch,1252,1.3975515365600586
terminal_ppo,scratch,1253,1.3975515365600586
terminal_ppo,scratch,1254,1.3975515365600586
terminal_ppo,scratch,1255,1.3975515365600586
terminal_ppo,scratch,1256,1.3975515365600586
terminal_ppo,scratch,1257,1.3975515365600586
terminal_ppo,scratch,1258,1.3975515365600586
terminal_ppo,scratch,1259,1.3975515365600586
terminal_ppo,scratch,1260,1.3975515365600586
terminal_ppo,scratch,1261,1.3975515365600586
terminal_ppo,scratch,1262,1.3975515365600586
terminal_ppo,scratch,1263,1.3975515365600586
terminal_ppo,scratch,1264,1.1268986463546753
terminal_ppo,scratch,1265,1.1268986463546753
terminal_ppo,scratch,1266,1.1268986463546753
terminal_ppo,scratch,1267,1.1268986463546753
terminal_ppo,scratch,1268,1.1268986463546753
terminal_ppo,scratch,1269,1.1268986463546753
terminal_ppo,scratch,1270,1.1268986463546753
terminal_ppo,scratch,1271,1.1268986463546753
terminal_ppo,scratch,1272,1.1268986463546753
terminal_ppo,scratch,1273,1.1268986463546753
terminal_ppo,scratch,1274,1.1268986463546753
terminal_ppo,scratch,1275,1.1268986463546753
terminal_ppo,scratch,1276,1.1268986463546753
terminal_ppo,scratch,1277,0.6993399858474731
terminal_ppo,scratch,1278,0.6993399858474731
terminal_ppo,scratch,1279,0.6993399858474731
terminal_ppo,scratch,1280,1.1661796569824219
terminal_ppo,scratch,1281,1.1661796569824219
terminal_ppo,scratch,1282,1.1661796569824219
terminal_ppo,scratch,1283,0.6901242136955261
terminal_ppo,scratch,1284,0.6901242136955261
terminal_ppo,scratch,1285,0.6901242136955261
terminal_ppo,scratch,1286,1.2742102146148682
terminal_ppo,scratch,1287,1.4193973541259766
terminal_ppo,scratch,1288,1.4193973541259766
terminal_ppo,scratch,1289,1.4193973541259766
terminal_ppo,scratch,1290,1.4193973541259766
terminal_ppo,scratch,1291,1.1333072185516357
terminal_ppo,scratch,1292,1.1333072185516357
terminal_ppo,scratch,1293,1.1333072185516357
terminal_ppo,scratch,1294,1.3983685970306396
terminal_ppo,scratch,1295,0.9435235857963562
terminal_ppo,scratch,1296,0.9435235857963562
terminal_ppo,scratch,1297,0.9435235857963562
terminal_ppo,scratch,1298,0.9435235857963562
terminal_ppo,scratch,1299,0.9435235857963562
terminal_ppo,scratch,1300,1.4253405332565308
terminal_ppo,scratch,1301,1.449446439743042
terminal_ppo,scratch,1302,1.449446439743042
terminal_ppo,scratch,1303,1.449446439743042
terminal_ppo,scratch,1304,1.449446439743042
terminal_ppo,scratch,1305,1.449446439743042
terminal_ppo,scratch,1306,1.449446439743042
terminal_ppo,scratch,1307,1.449446439743042
terminal_ppo,scratch,1308,0.5637969970703125
terminal_ppo,scratch,1309,0.5637969970703125
terminal_ppo,scratch,1310,0.5637969970703125
terminal_ppo,scratch,1311,0.5637969970703125
terminal_ppo,scratch,1312,0.5637969970703125
terminal_ppo,scratch,1313,0.5637969970703125
terminal_ppo,scratch,1314,0.5637969970703125
terminal_ppo,scratch,1315,0.5637969970703125
terminal_ppo,scratch,1316,0.5637969970703125
terminal_ppo,scratch,1317,0.5637969970703125
terminal_ppo,scratch,1318,0.5637969970703125
terminal_ppo,scratch,1319,0.5637969970703125
terminal_ppo,scratch,1320,0.5637969970703125
terminal_ppo,scratch,1321,0.5637969970703125
terminal_ppo,scratch,1322,0.5637969970703125
terminal_ppo,scratch,1323,0.5637969970703125
terminal_ppo,scratch,1324,0.5637969970703125
terminal_ppo,scratch,1325,0.5637969970703125
terminal_ppo,scratch,1326,0.5637969970703125
terminal_ppo,scratch,1327,0.5637969970703125
terminal_ppo,scratch,1328,0.5637969970703125
terminal_ppo,scratch,1329,0.5637969970703125
terminal_ppo,scratch,1330,0.5637969970703125
terminal_ppo,scratch,1331,0.5637969970703125
terminal_ppo,scratch,1332,0.5637969970703125
terminal_ppo,scratch,1333,0.5637969970703125
terminal_ppo,scratch,1334,0.5637969970703125
terminal_ppo,scratch,1335,1.4058244228363037
terminal_ppo,scratch,1336,1.4058244228363037
terminal_ppo,scratch,1337,1.4058244228363037
terminal_ppo,scratch,1338,1.4058244228363037
terminal_ppo,scratch,1339,1.4058244228363037
terminal_ppo,scratch,1340,1.4058244228363037
terminal_ppo,scratch,1341,1.4058244228363037
terminal_ppo,scratch,1342,1.4058244228363037
terminal_ppo,scratch,1343,1.4058244228363037
terminal_ppo,scratch,1344,1.4058244228363037
terminal_ppo,scratch,1345,1.4058244228363037
terminal_ppo,scratch,1346,1.4058244228363037
terminal_ppo,scratch,1347,1.4058244228363037
terminal_ppo,scratch,1348,1.4058244228363037
terminal_ppo,scratch,1349,1.4058244228363037
terminal_ppo,scratch,1350,1.4058244228363037
terminal_ppo,scratch,1351,1.315009355545044
terminal_ppo,scratch,1352,1.315009355545044
terminal_ppo,scratch,1353,1.315009355545044
terminal_ppo,scratch,1354,1.1285741329193115
terminal_ppo,scratch,1355,1.1285741329193115
terminal_ppo,scratch,1356,1.1285741329193115
terminal_ppo,scratch,1357,1.1285741329193115
terminal_ppo,scratch,1358,1.1285741329193115
terminal_ppo,scratch,1359,1.1285741329193115
terminal_ppo,scratch,1360,1.1285741329193115
terminal_ppo,scratch,1361,1.2667397260665894
terminal_ppo,scratch,1362,1.51194429397583
terminal_ppo,scratch,1363,1.51194429397583
terminal_ppo,scratch,1364,1.51194429397583
terminal_ppo,scratch,1365,1.51194429397583
terminal_ppo,scratch,1366,1.51194429397583
terminal_ppo,scratch,1367,1.51194429397583
terminal_ppo,scratch,1368,1.3288822174072266
terminal_ppo,scratch,1369,1.3288822174072266
terminal_ppo,scratch,1370,1.3288822174072266
terminal_ppo,scratch,1371,1.1176624298095703
terminal_ppo,scratch,1372,1.3597869873046875
terminal_ppo,scratch,1373,1.3597869873046875
terminal_ppo,scratch,1374,1.1263468265533447
terminal_ppo,scratch,1375,1.1263468265533447
terminal_ppo,scratch,1376,1.1263468265533447
terminal_ppo,scratch,1377,1.1263468265533447
terminal_ppo,scratch,1378,1.1263468265533447
terminal_ppo,scratch,1379,0.8315123915672302
terminal_ppo,scratch,1380,0.8315123915672302
terminal_ppo,scratch,1381,0.8315123915672302
terminal_ppo,scratch,1382,0.8315123915672302
terminal_ppo,scratch,1383,0.8315123915672302
terminal_ppo,scratch,1384,0.8315123915672302
terminal_ppo,scratch,1385,0.8315123915672302
terminal_ppo,scratch,1386,0.8315123915672302
terminal_ppo,scratch,1387,0.8315123915672302
terminal_ppo,scratch,1388,0.8315123915672302
terminal_ppo,scratch,1389,1.1138986349105835
terminal_ppo,scratch,1390,1.1138986349105835
terminal_ppo,scratch,1391,1.1138986349105835
terminal_ppo,scratch,1392,1.1138986349105835
terminal_ppo,scratch,1393,1.044510841369629
terminal_ppo,scratch,1394,1.2900969982147217
terminal_ppo,scratch,1395,1.2900969982147217
terminal_ppo,scratch,1396,1.2900969982147217
terminal_ppo,scratch,1397,1.2900969982147217
terminal_ppo,scratch,1398,1.1706461906433105
terminal_ppo,scratch,1399,1.1706461906433105
terminal_ppo,scratch,1400,1.1706461906433105
terminal_ppo,scratch,1401,1.1706461906433105
terminal_ppo,scratch,1402,1.1706461906433105
terminal_ppo,scratch,1403,1.1706461906433105
terminal_ppo,scratch,1404,1.1706461906433105
terminal_ppo,scratch,1405,1.1706461906433105
terminal_ppo,scratch,1406,1.1706461906433105
terminal_ppo,scratch,1407,1.1706461906433105
terminal_ppo,scratch,1408,1.1706461906433105
terminal_ppo,scratch,1409,1.1706461906433105
terminal_ppo,scratch,1410,1.1706461906433105
terminal_ppo,scratch,1411,1.1706461906433105
terminal_ppo,scratch,1412,1.1706461906433105
terminal_ppo,scratch,1413,1.1706461906433105
terminal_ppo,scratch,1414,1.1706461906433105
terminal_ppo,scratch,1415,1.1706461906433105
terminal_ppo,scratch,1416,1.1706461906433105
terminal_ppo,scratch,1417,1.1706461906433105
terminal_ppo,scratch,1418,1.1706461906433105
terminal_ppo,scratch,1419,1.1706461906433105
terminal_ppo,scratch,1420,1.1706461906433105
terminal_ppo,scratch,1421,1.1706461906433105
terminal_ppo,scratch,1422,1.1706461906433105
terminal_ppo,scratch,1423,1.2754127979278564
terminal_ppo,scratch,1424,1.2754127979278564
terminal_ppo,scratch,1425,1.2754127979278564
terminal_ppo,scratch,1426,1.2754127979278564
terminal_ppo,scratch,1427,1.2754127979278564
terminal_ppo,scratch,1428,1.2754127979278564
terminal_ppo,scratch,1429,1.2754127979278564
terminal_ppo,scratch,1430,1.2754127979278564
terminal_ppo,scratch,1431,1.2754127979278564
terminal_ppo,scratch,1432,1.2754127979278564
terminal_ppo,scratch,1433,1.2754127979278564
terminal_ppo,scratch,1434,1.2754127979278564
terminal_ppo,scratch,1435,1.2754127979278564
terminal_ppo,scratch,1436,1.2754127979278564
terminal_ppo,scratch,1437,1.2754127979278564
terminal_ppo,scratch,1438,1.2754127979278564
terminal_ppo,scratch,1439,1.2754127979278564
terminal_ppo,scratch,1440,1.2754127979278564
terminal_ppo,scratch,1441,1.2754127979278564
terminal_ppo,scratch,1442,1.2754127979278564
terminal_ppo,scratch,1443,1.2754127979278564
terminal_ppo,scratch,1444,1.1673080921173096
terminal_ppo,scratch,1445,1.3959589004516602
terminal_ppo,scratch,1446,1.3959589004516602
terminal_ppo,scratch,1447,1.3959589004516602
terminal_ppo,scratch,1448,1.3959589004516602
terminal_ppo,scratch,1449,1.1744860410690308
terminal_ppo,scratch,1450,1.1744860410690308
terminal_ppo,scratch,1451,0.601200520992279
terminal_ppo,scratch,1452,0.601200520992279
terminal_ppo,scratch,1453,0.601200520992279
terminal_ppo,scratch,1454,1.2666996717453003
terminal_ppo,scratch,1455,1.2666996717453003
terminal_ppo,scratch,1456,1.2666996717453003
terminal_ppo,scratch,1457,1.0116198062896729
terminal_ppo,scratch,1458,1.0116198062896729
terminal_ppo,scratch,1459,1.0116198062896729
terminal_ppo,scratch,1460,1.344811201095581
terminal_ppo,scratch,1461,1.344811201095581
terminal_ppo,scratch,1462,1.344811201095581
terminal_ppo,scratch,1463,1.344811201095581
terminal_ppo,scratch,1464,1.344811201095581
terminal_ppo,scratch,1465,1.344811201095581
terminal_ppo,scratch,1466,1.344811201095581
terminal_ppo,scratch,1467,1.344811201095581
terminal_ppo,scratch,1468,1.344811201095581
terminal_ppo,scratch,1469,1.344811201095581
terminal_ppo,scratch,1470,1.344811201095581
terminal_ppo,scratch,1471,1.4479845762252808
terminal_ppo,scratch,1472,1.4479845762252808
terminal_ppo,scratch,1473,1.4479845762252808
terminal_ppo,scratch,1474,1.2615280151367188
terminal_ppo,scratch,1475,1.2615280151367188
terminal_ppo,scratch,1476,1.2615280151367188
terminal_ppo,scratch,1477,1.2615280151367188
terminal_ppo,scratch,1478,1.2615280151367188
terminal_ppo,scratch,1479,1.3953869342803955
terminal_ppo,scratch,1480,1.3953869342803955
terminal_ppo,scratch,1481,1.1265695095062256
terminal_ppo,scratch,1482,1.1265695095062256
terminal_ppo,scratch,1483,1.1265695095062256
terminal_ppo,scratch,1484,1.1265695095062256
terminal_ppo,scratch,1485,1.1265695095062256
terminal_ppo,scratch,1486,1.1265695095062256
terminal_ppo,scratch,1487,1.1265695095062256
terminal_ppo,scratch,1488,1.1265695095062256
terminal_ppo,scratch,1489,1.1265695095062256
terminal_ppo,scratch,1490,1.1265695095062256
terminal_ppo,scratch,1491,1.1265695095062256
terminal_ppo,scratch,1492,1.1265695095062256
terminal_ppo,scratch,1493,1.1265695095062256
terminal_ppo,scratch,1494,1.1265695095062256
terminal_ppo,scratch,1495,1.1265695095062256
terminal_ppo,scratch,1496,1.1265695095062256
terminal_ppo,scratch,1497,1.1265695095062256
terminal_ppo,scratch,1498,1.1265695095062256
terminal_ppo,reward,199,-1465.14599609375
terminal_ppo,reward,200,-1465.14599609375
terminal_ppo,reward,201,-1465.14599609375
terminal_ppo,reward,202,-1465.14599609375
terminal_ppo,reward,203,-1465.14599609375
terminal_ppo,reward,204,-1465.14599609375
terminal_ppo,reward,205,-1465.14599609375
terminal_ppo,reward,206,-1465.14599609375
terminal_ppo,reward,207,-1465.14599609375
terminal_ppo,reward,208,-1465.14599609375
terminal_ppo,reward,209,-1465.14599609375
terminal_ppo,reward,210,-1465.14599609375
terminal_ppo,reward,211,-1465.14599609375
terminal_ppo,reward,212,-1465.14599609375
terminal_ppo,reward,213,-1465.14599609375
terminal_ppo,reward,214,-1465.14599609375
terminal_ppo,reward,215,-1465.14599609375
terminal_ppo,reward,216,-1465.14599609375
terminal_ppo,reward,217,-1465.14599609375
terminal_ppo,reward,218,-1465.14599609375
terminal_ppo,reward,219,-1465.14599609375
terminal_ppo,reward,220,-1465.14599609375
terminal_ppo,reward,221,-1465.14599609375
terminal_ppo,reward,222,-1465.14599609375
terminal_ppo,reward,223,-1465.14599609375
terminal_ppo,reward,224,-1465.14599609375
terminal_ppo,reward,225,-1465.14599609375
terminal_ppo,reward,226,-1465.14599609375
terminal_ppo,reward,227,-1465.14599609375
terminal_ppo,reward,228,-1465.14599609375
terminal_ppo,reward,229,-1465.14599609375
terminal_ppo,reward,230,-1465.14599609375
terminal_ppo,reward,231,-1465.14599609375
terminal_ppo,reward,232,-1465.14599609375
terminal_ppo,reward,233,-1465.14599609375
terminal_ppo,reward,234,-1465.14599609375
terminal_ppo,reward,235,-1465.14599609375
terminal_ppo,reward,236,-1465.14599609375
terminal_ppo,reward,237,-1465.14599609375
terminal_ppo,reward,238,-1465.14599609375
terminal_ppo,reward,239,-1465.14599609375
terminal_ppo,reward,240,-1465.14599609375
terminal_ppo,reward,241,-1465.14599609375
terminal_ppo,reward,242,-1465.14599609375
terminal_ppo,reward,243,-1465.14599609375
terminal_ppo,reward,244,-1465.14599609375
terminal_ppo,reward,245,-1465.14599609375
terminal_ppo,reward,246,-1465.14599609375
terminal_ppo,reward,247,-1465.14599609375
terminal_ppo,reward,248,-1465.14599609375
terminal_ppo,reward,249,-1465.14599609375
terminal_ppo,reward,250,-1465.14599609375
terminal_ppo,reward,251,-1465.14599609375
terminal_ppo,reward,252,-1465.14599609375
terminal_ppo,reward,253,-1465.14599609375
terminal_ppo,reward,254,-1465.14599609375
terminal_ppo,reward,255,-1465.14599609375
terminal_ppo,reward,256,-1465.14599609375
terminal_ppo,reward,257,-1465.14599609375
terminal_ppo,reward,258,-1465.14599609375
terminal_ppo,reward,259,-1465.14599609375
terminal_ppo,reward,260,-1465.14599609375
terminal_ppo,reward,261,-1465.14599609375
terminal_ppo,reward,262,-1465.14599609375
terminal_ppo,reward,263,-1465.14599609375
terminal_ppo,reward,264,-1465.14599609375
terminal_ppo,reward,265,-1465.14599609375
terminal_ppo,reward,266,-1465.14599609375
terminal_ppo,reward,267,-1465.14599609375
terminal_ppo,reward,268,-1465.14599609375
terminal_ppo,reward,269,-1465.14599609375
terminal_ppo,reward,270,-1465.14599609375
terminal_ppo,reward,271,-1465.14599609375
terminal_ppo,reward,272,-1465.14599609375
terminal_ppo,reward,273,-1465.14599609375
terminal_ppo,reward,274,-1465.14599609375
terminal_ppo,reward,275,-1465.14599609375
terminal_ppo,reward,276,-1465.14599609375
terminal_ppo,reward,277,-1465.14599609375
terminal_ppo,reward,278,-1465.14599609375
terminal_ppo,reward,279,-1465.14599609375
terminal_ppo,reward,280,-1465.14599609375
terminal_ppo,reward,281,-1465.14599609375
terminal_ppo,reward,282,-1465.14599609375
terminal_ppo,reward,283,-1465.14599609375
terminal_ppo,reward,284,-1465.14599609375
terminal_ppo,reward,285,-1465.14599609375
terminal_ppo,reward,286,-1465.14599609375
terminal_ppo,reward,287,-1465.14599609375
terminal_ppo,reward,288,-1465.14599609375
terminal_ppo,reward,289,-1465.14599609375
terminal_ppo,reward,290,-1465.14599609375
terminal_ppo,reward,291,-1465.14599609375
terminal_ppo,reward,292,-1465.14599609375
terminal_ppo,reward,293,-1465.14599609375
terminal_ppo,reward,294,-1465.14599609375
terminal_ppo,reward,295,-1465.14599609375
terminal_ppo,reward,296,-1465.14599609375
terminal_ppo,reward,297,-1465.14599609375
terminal_ppo,reward,298,-1465.14599609375
terminal_ppo,reward,299,-1465.14599609375
terminal_ppo,reward,300,-1465.14599609375
terminal_ppo,reward,301,-1465.14599609375
terminal_ppo,reward,302,-1465.14599609375
terminal_ppo,reward,303,-1465.14599609375
terminal_ppo,reward,304,-1465.14599609375
terminal_ppo,reward,305,-1465.14599609375
terminal_ppo,reward,306,-1465.14599609375
terminal_ppo,reward,307,-1465.14599609375
terminal_ppo,reward,308,-1465.14599609375
terminal_ppo,reward,309,-1465.14599609375
terminal_ppo,reward,310,-1465.14599609375
terminal_ppo,reward,311,-1465.14599609375
terminal_ppo,reward,312,-1465.14599609375
terminal_ppo,reward,313,-1465.14599609375
terminal_ppo,reward,314,-1465.14599609375
terminal_ppo,reward,315,-1465.14599609375
terminal_ppo,reward,316,-1465.14599609375
terminal_ppo,reward,317,-1465.14599609375
terminal_ppo,reward,318,-1465.14599609375
terminal_ppo,reward,319,-1465.14599609375
terminal_ppo,reward,320,-1465.14599609375
terminal_ppo,reward,321,-1465.14599609375
terminal_ppo,reward,322,-1465.14599609375
terminal_ppo,reward,323,-1465.14599609375
terminal_ppo,reward,324,-1465.14599609375
terminal_ppo,reward,325,-1465.14599609375
terminal_ppo,reward,326,-1465.14599609375
terminal_ppo,reward,327,-1465.14599609375
terminal_ppo,reward,328,-1465.14599609375
terminal_ppo,reward,329,-1465.14599609375
terminal_ppo,reward,330,-1465.14599609375
terminal_ppo,reward,331,-1465.14599609375
terminal_ppo,reward,332,-1465.14599609375
terminal_ppo,reward,333,-1465.14599609375
terminal_ppo,reward,334,-1437.589599609375
terminal_ppo,reward,335,-1437.589599609375
terminal_ppo,reward,336,-1418.393310546875
terminal_ppo,reward,337,-1396.5084228515625
terminal_ppo,reward,338,-1324.5516357421875
terminal_ppo,reward,339,-1324.5516357421875
terminal_ppo,reward,340,-1310.76806640625
terminal_ppo,reward,341,-1297.2431640625
terminal_ppo,reward,342,-1302.878173828125
terminal_ppo,reward,343,-1283.723388671875
terminal_ppo,reward,344,-1283.723388671875
terminal_ppo,reward,345,-1283.723388671875
terminal_ppo,reward,346,-1283.723388671875
terminal_ppo,reward,347,-1283.723388671875
terminal_ppo,reward,348,-1283.723388671875
terminal_ppo,reward,349,-1283.723388671875
terminal_ppo,reward,350,-1283.723388671875
terminal_ppo,reward,351,-1283.723388671875
terminal_ppo,reward,352,-1283.723388671875
terminal_ppo,reward,353,-1283.723388671875
terminal_ppo,reward,354,-1283.723388671875
terminal_ppo,reward,355,-1283.723388671875
terminal_ppo,reward,356,-1283.723388671875
terminal_ppo,reward,357,-1283.723388671875
terminal_ppo,reward,358,-1283.723388671875
terminal_ppo,reward,359,-1283.723388671875
terminal_ppo,reward,360,-1283.723388671875
terminal_ppo,reward,361,-1283.723388671875
terminal_ppo,reward,362,-1283.723388671875
terminal_ppo,reward,363,-1283.723388671875
terminal_ppo,reward,364,-1283.723388671875
terminal_ppo,reward,365,-1283.723388671875
terminal_ppo,reward,366,-1283.723388671875
terminal_ppo,reward,367,-1283.723388671875
terminal_ppo,reward,368,-1283.723388671875
terminal_ppo,reward,369,-1283.723388671875
terminal_ppo,reward,370,-1283.723388671875
terminal_ppo,reward,371,-1283.723388671875
terminal_ppo,reward,372,-1283.723388671875
terminal_ppo,reward,373,-1283.723388671875
terminal_ppo,reward,374,-1283.723388671875
terminal_ppo,reward,375,-1283.723388671875
terminal_ppo,reward,376,-1283.723388671875
terminal_ppo,reward,377,-1283.723388671875
terminal_ppo,reward,378,-1283.723388671875
terminal_ppo,reward,379,-1283.723388671875
terminal_ppo,reward,380,-1283.723388671875
terminal_ppo,reward,381,-1283.723388671875
terminal_ppo,reward,382,-1283.723388671875
terminal_ppo,reward,383,-1283.723388671875
terminal_ppo,reward,384,-1283.723388671875
terminal_ppo,reward,385,-1283.723388671875
terminal_ppo,reward,386,-1283.723388671875
terminal_ppo,reward,387,-1283.723388671875
terminal_ppo,reward,388,-1283.723388671875
terminal_ppo,reward,389,-1283.723388671875
terminal_ppo,reward,390,-1283.723388671875
terminal_ppo,reward,391,-1283.723388671875
terminal_ppo,reward,392,-1283.723388671875
terminal_ppo,reward,393,-1283.723388671875
terminal_ppo,reward,394,-1283.723388671875
terminal_ppo,reward,395,-1283.723388671875
terminal_ppo,reward,396,-1283.723388671875
terminal_ppo,reward,397,-1283.723388671875
terminal_ppo,reward,398,-1283.723388671875
terminal_ppo,reward,399,-1283.723388671875
terminal_ppo,reward,400,-1283.723388671875
terminal_ppo,reward,401,-1283.723388671875
terminal_ppo,reward,402,-1283.723388671875
terminal_ppo,reward,403,-1283.723388671875
terminal_ppo,reward,404,-1283.723388671875
terminal_ppo,reward,405,-1283.723388671875
terminal_ppo,reward,406,-1283.723388671875
terminal_ppo,reward,407,-1283.723388671875
terminal_ppo,reward,408,-1283.723388671875
terminal_ppo,reward,409,-1283.723388671875
terminal_ppo,reward,410,-1283.723388671875
terminal_ppo,reward,411,-1283.723388671875
terminal_ppo,reward,412,-1283.723388671875
terminal_ppo,reward,413,-1283.723388671875
terminal_ppo,reward,414,-1283.723388671875
terminal_ppo,reward,415,-1283.723388671875
terminal_ppo,reward,416,-1283.723388671875
terminal_ppo,reward,417,-1283.723388671875
terminal_ppo,reward,418,-1283.723388671875
terminal_ppo,reward,419,-1283.723388671875
terminal_ppo,reward,420,-1283.723388671875
terminal_ppo,reward,421,-1283.723388671875
terminal_ppo,reward,422,-1283.723388671875
terminal_ppo,reward,423,-1283.723388671875
terminal_ppo,reward,424,-1283.723388671875
terminal_ppo,reward,425,-1283.723388671875
terminal_ppo,reward,426,-1283.723388671875
terminal_ppo,reward,427,-1283.723388671875
terminal_ppo,reward,428,-1283.723388671875
terminal_ppo,reward,429,-1283.723388671875
terminal_ppo,reward,430,-1283.723388671875
terminal_ppo,reward,431,-1283.723388671875
terminal_ppo,reward,432,-1283.723388671875
terminal_ppo,reward,433,-1283.723388671875
terminal_ppo,reward,434,-1283.723388671875
terminal_ppo,reward,435,-1283.723388671875
terminal_ppo,reward,436,-1283.723388671875
terminal_ppo,reward,437,-1283.723388671875
terminal_ppo,reward,438,-1283.723388671875
terminal_ppo,reward,439,-1283.723388671875
terminal_ppo,reward,440,-1283.723388671875
terminal_ppo,reward,441,-1283.723388671875
terminal_ppo,reward,442,-1283.723388671875
terminal_ppo,reward,443,-1283.723388671875
terminal_ppo,reward,444,-1283.723388671875
terminal_ppo,reward,445,-1283.723388671875
terminal_ppo,reward,446,-1283.723388671875
terminal_ppo,reward,447,-1283.723388671875
terminal_ppo,reward,448,-1283.723388671875
terminal_ppo,reward,449,-1253.8577880859375
terminal_ppo,reward,450,-1253.8577880859375
terminal_ppo,reward,451,-1223.5672607421875
terminal_ppo,reward,452,-1197.5609130859375
terminal_ppo,reward,453,-1152.149658203125
terminal_ppo,reward,454,-1152.149658203125
terminal_ppo,reward,455,-1130.0390625
terminal_ppo,reward,456,-1111.4993896484375
terminal_ppo,reward,457,-1060.0028076171875
terminal_ppo,reward,458,-1060.0028076171875
terminal_ppo,reward,459,-1060.0028076171875
terminal_ppo,reward,460,-1060.0028076171875
terminal_ppo,reward,461,-1048.6263427734375
terminal_ppo,reward,462,-1048.6263427734375
terminal_ppo,reward,463,-1048.6263427734375
terminal_ppo,reward,464,-1021.862548828125
terminal_ppo,reward,465,-1006.5618286132812
terminal_ppo,reward,466,-1006.5618286132812
terminal_ppo,reward,467,-967.9884643554688
terminal_ppo,reward,468,-945.962158203125
terminal_ppo,reward,469,-945.962158203125
terminal_ppo,reward,470,-945.962158203125
terminal_ppo,reward,471,-945.962158203125
terminal_ppo,reward,472,-945.962158203125
terminal_ppo,reward,473,-945.962158203125
terminal_ppo,reward,474,-945.962158203125
terminal_ppo,reward,475,-945.962158203125
terminal_ppo,reward,476,-945.962158203125
terminal_ppo,reward,477,-945.962158203125
terminal_ppo,reward,478,-945.962158203125
terminal_ppo,reward,479,-945.962158203125
terminal_ppo,reward,480,-945.962158203125
terminal_ppo,reward,481,-945.962158203125
terminal_ppo,reward,482,-945.962158203125
terminal_ppo,reward,483,-945.962158203125
terminal_ppo,reward,484,-945.962158203125
terminal_ppo,reward,485,-945.962158203125
terminal_ppo,reward,486,-945.962158203125
terminal_ppo,reward,487,-945.962158203125
terminal_ppo,reward,488,-945.962158203125
terminal_ppo,reward,489,-945.962158203125
terminal_ppo,reward,490,-945.962158203125
terminal_ppo,reward,491,-945.962158203125
terminal_ppo,reward,492,-945.962158203125
terminal_ppo,reward,493,-945.962158203125
terminal_ppo,reward,494,-945.962158203125
terminal_ppo,reward,495,-945.962158203125
terminal_ppo,reward,496,-945.962158203125
terminal_ppo,reward,497,-945.962158203125
terminal_ppo,reward,498,-945.962158203125
terminal_ppo,reward,499,-945.962158203125
terminal_ppo,reward,500,-945.962158203125
terminal_ppo,reward,501,-945.962158203125
terminal_ppo,reward,502,-945.962158203125
terminal_ppo,reward,503,-945.962158203125
terminal_ppo,reward,504,-945.962158203125
terminal_ppo,reward,505,-945.962158203125
terminal_ppo,reward,506,-945.962158203125
terminal_ppo,reward,507,-945.962158203125
terminal_ppo,reward,508,-945.962158203125
terminal_ppo,reward,509,-945.962158203125
terminal_ppo,reward,510,-945.962158203125
terminal_ppo,reward,511,-945.962158203125
terminal_ppo,reward,512,-945.962158203125
terminal_ppo,reward,513,-945.962158203125
terminal_ppo,reward,514,-945.962158203125
terminal_ppo,reward,515,-945.962158203125
terminal_ppo,reward,516,-945.962158203125
terminal_ppo,reward,517,-945.962158203125
terminal_ppo,reward,518,-945.962158203125
terminal_ppo,reward,519,-945.962158203125
terminal_ppo,reward,520,-945.962158203125
terminal_ppo,reward,521,-945.962158203125
terminal_ppo,reward,522,-945.962158203125
terminal_ppo,reward,523,-945.962158203125
terminal_ppo,reward,524,-945.962158203125
terminal_ppo,reward,525,-945.962158203125
terminal_ppo,reward,526,-945.962158203125
terminal_ppo,reward,527,-945.962158203125
terminal_ppo,reward,528,-945.962158203125
terminal_ppo,reward,529,-945.962158203125
terminal_ppo,reward,530,-945.962158203125
terminal_ppo,reward,531,-945.962158203125
terminal_ppo,reward,532,-945.962158203125
terminal_ppo,reward,533,-945.962158203125
terminal_ppo,reward,534,-945.962158203125
terminal_ppo,reward,535,-945.962158203125
terminal_ppo,reward,536,-945.962158203125
terminal_ppo,reward,537,-945.962158203125
terminal_ppo,reward,538,-945.962158203125
terminal_ppo,reward,539,-945.962158203125
terminal_ppo,reward,540,-945.962158203125
terminal_ppo,reward,541,-945.962158203125
terminal_ppo,reward,542,-945.962158203125
terminal_ppo,reward,543,-945.962158203125
terminal_ppo,reward,544,-945.962158203125
terminal_ppo,reward,545,-945.962158203125
terminal_ppo,reward,546,-945.962158203125
terminal_ppo,reward,547,-945.962158203125
terminal_ppo,reward,548,-945.962158203125
terminal_ppo,reward,549,-945.962158203125
terminal_ppo,reward,550,-945.962158203125
terminal_ppo,reward,551,-945.962158203125
terminal_ppo,reward,552,-945.962158203125
terminal_ppo,reward,553,-945.962158203125
terminal_ppo,reward,554,-945.962158203125
terminal_ppo,reward,555,-945.962158203125
terminal_ppo,reward,556,-945.962158203125
terminal_ppo,reward,557,-945.962158203125
terminal_ppo,reward,558,-945.962158203125
terminal_ppo,reward,559,-945.962158203125
terminal_ppo,reward,560,-945.962158203125
terminal_ppo,reward,561,-945.962158203125
terminal_ppo,reward,562,-945.962158203125
terminal_ppo,reward,563,-945.962158203125
terminal_ppo,reward,564,-945.962158203125
terminal_ppo,reward,565,-945.962158203125
terminal_ppo,reward,566,-945.962158203125
terminal_ppo,reward,567,-945.962158203125
terminal_ppo,reward,568,-945.962158203125
terminal_ppo,reward,569,-945.962158203125
terminal_ppo,reward,570,-945.962158203125
terminal_ppo,reward,571,-945.962158203125
terminal_ppo,reward,572,-945.962158203125
terminal_ppo,reward,573,-945.962158203125
terminal_ppo,reward,574,-945.962158203125
terminal_ppo,reward,575,-945.962158203125
terminal_ppo,reward,576,-945.962158203125
terminal_ppo,reward,577,-945.962158203125
terminal_ppo,reward,578,-945.962158203125
terminal_ppo,reward,579,-945.962158203125
terminal_ppo,reward,580,-945.962158203125
terminal_ppo,reward,581,-945.962158203125
terminal_ppo,reward,582,-930.5911254882812
terminal_ppo,reward,583,-930.5911254882812
terminal_ppo,reward,584,-930.5911254882812
terminal_ppo,reward,585,-930.5911254882812
terminal_ppo,reward,586,-930.5911254882812
terminal_ppo,reward,587,-930.5911254882812
terminal_ppo,reward,588,-930.5911254882812
terminal_ppo,reward,589,-909.07666015625
terminal_ppo,reward,590,-909.07666015625
terminal_ppo,reward,591,-909.07666015625
terminal_ppo,reward,592,-889.36376953125
terminal_ppo,reward,593,-889.36376953125
terminal_ppo,reward,594,-889.36376953125
terminal_ppo,reward,595,-889.36376953125
terminal_ppo,reward,596,-858.386962890625
terminal_ppo,reward,597,-858.386962890625
terminal_ppo,reward,598,-858.386962890625
terminal_ppo,reward,599,-856.3132934570312
terminal_ppo,reward,600,-856.3132934570312
terminal_ppo,reward,601,-856.3132934570312
terminal_ppo,reward,602,-854.0859375
terminal_ppo,reward,603,-844.2980346679688
terminal_ppo,reward,604,-844.2980346679688
terminal_ppo,reward,605,-836.4639892578125
terminal_ppo,reward,606,-836.4639892578125
terminal_ppo,reward,607,-830.8919677734375
terminal_ppo,reward,608,-831.3822021484375
terminal_ppo,reward,609,-831.3822021484375
terminal_ppo,reward,610,-831.3822021484375
terminal_ppo,reward,611,-831.3822021484375
terminal_ppo,reward,612,-831.3822021484375
terminal_ppo,reward,613,-819.5694580078125
terminal_ppo,reward,614,-819.5694580078125
terminal_ppo,reward,615,-819.5694580078125
terminal_ppo,reward,616,-819.5694580078125
terminal_ppo,reward,617,-819.5694580078125
terminal_ppo,reward,618,-819.5694580078125
terminal_ppo,reward,619,-819.5694580078125
terminal_ppo,reward,620,-819.5694580078125
terminal_ppo,reward,621,-819.5694580078125
terminal_ppo,reward,622,-819.5694580078125
terminal_ppo,reward,623,-819.5694580078125
terminal_ppo,reward,624,-819.5694580078125
terminal_ppo,reward,625,-819.5694580078125
terminal_ppo,reward,626,-819.5694580078125
terminal_ppo,reward,627,-819.5694580078125
terminal_ppo,reward,628,-819.5694580078125
terminal_ppo,reward,629,-819.5694580078125
terminal_ppo,reward,630,-819.5694580078125
terminal_ppo,reward,631,-819.5694580078125
terminal_ppo,reward,632,-819.5694580078125
terminal_ppo,reward,633,-819.5694580078125
terminal_ppo,reward,634,-819.5694580078125
terminal_ppo,reward,635,-819.5694580078125
terminal_ppo,reward,636,-819.5694580078125
terminal_ppo,reward,637,-819.5694580078125
terminal_ppo,reward,638,-819.5694580078125
terminal_ppo,reward,639,-819.5694580078125
terminal_ppo,reward,640,-819.5694580078125
terminal_ppo,reward,641,-819.5694580078125
terminal_ppo,reward,642,-819.5694580078125
terminal_ppo,reward,643,-819.5694580078125
terminal_ppo,reward,644,-819.5694580078125
terminal_ppo,reward,645,-819.5694580078125
terminal_ppo,reward,646,-819.5694580078125
terminal_ppo,reward,647,-819.5694580078125
terminal_ppo,reward,648,-819.5694580078125
terminal_ppo,reward,649,-819.5694580078125
terminal_ppo,reward,650,-819.5694580078125
terminal_ppo,reward,651,-819.5694580078125
terminal_ppo,reward,652,-819.5694580078125
terminal_ppo,reward,653,-819.5694580078125
terminal_ppo,reward,654,-819.5694580078125
terminal_ppo,reward,655,-819.5694580078125
terminal_ppo,reward,656,-819.5694580078125
terminal_ppo,reward,657,-819.5694580078125
terminal_ppo,reward,658,-819.5694580078125
terminal_ppo,reward,659,-819.5694580078125
terminal_ppo,reward,660,-819.5694580078125
terminal_ppo,reward,661,-819.5694580078125
terminal_ppo,reward,662,-819.5694580078125
terminal_ppo,reward,663,-819.5694580078125
terminal_ppo,reward,664,-819.5694580078125
terminal_ppo,reward,665,-819.5694580078125
terminal_ppo,reward,666,-819.5694580078125
terminal_ppo,reward,667,-819.5694580078125
terminal_ppo,reward,668,-819.5694580078125
terminal_ppo,reward,669,-819.5694580078125
terminal_ppo,reward,670,-819.5694580078125
terminal_ppo,reward,671,-819.5694580078125
terminal_ppo,reward,672,-819.5694580078125
terminal_ppo,reward,673,-819.5694580078125
terminal_ppo,reward,674,-819.5694580078125
terminal_ppo,reward,675,-819.5694580078125
terminal_ppo,reward,676,-819.5694580078125
terminal_ppo,reward,677,-819.5694580078125
terminal_ppo,reward,678,-819.5694580078125
terminal_ppo,reward,679,-819.5694580078125
terminal_ppo,reward,680,-819.5694580078125
terminal_ppo,reward,681,-819.5694580078125
terminal_ppo,reward,682,-819.5694580078125
terminal_ppo,reward,683,-819.5694580078125
terminal_ppo,reward,684,-819.5694580078125
terminal_ppo,reward,685,-819.5694580078125
terminal_ppo,reward,686,-819.5694580078125
terminal_ppo,reward,687,-819.5694580078125
terminal_ppo,reward,688,-819.5694580078125
terminal_ppo,reward,689,-819.5694580078125
terminal_ppo,reward,690,-819.5694580078125
terminal_ppo,reward,691,-819.5694580078125
terminal_ppo,reward,692,-819.5694580078125
terminal_ppo,reward,693,-819.5694580078125
terminal_ppo,reward,694,-819.5694580078125
terminal_ppo,reward,695,-819.5694580078125
terminal_ppo,reward,696,-819.5694580078125
terminal_ppo,reward,697,-819.5694580078125
terminal_ppo,reward,698,-819.5694580078125
terminal_ppo,reward,699,-819.5694580078125
terminal_ppo,reward,700,-819.5694580078125
terminal_ppo,reward,701,-819.5694580078125
terminal_ppo,reward,702,-819.5694580078125
terminal_ppo,reward,703,-819.5694580078125
terminal_ppo,reward,704,-819.5694580078125
terminal_ppo,reward,705,-819.5694580078125
terminal_ppo,reward,706,-819.5694580078125
terminal_ppo,reward,707,-819.5694580078125
terminal_ppo,reward,708,-819.5694580078125
terminal_ppo,reward,709,-819.5694580078125
terminal_ppo,reward,710,-819.5694580078125
terminal_ppo,reward,711,-819.5694580078125
terminal_ppo,reward,712,-819.5694580078125
terminal_ppo,reward,713,-819.5694580078125
terminal_ppo,reward,714,-819.5694580078125
terminal_ppo,reward,715,-819.5694580078125
terminal_ppo,reward,716,-819.5694580078125
terminal_ppo,reward,717,-819.5694580078125
terminal_ppo,reward,718,-819.5694580078125
terminal_ppo,reward,719,-819.5694580078125
terminal_ppo,reward,720,-819.5694580078125
terminal_ppo,reward,721,-819.5694580078125
terminal_ppo,reward,722,-819.5694580078125
terminal_ppo,reward,723,-819.5694580078125
terminal_ppo,reward,724,-819.5694580078125
terminal_ppo,reward,725,-819.5694580078125
terminal_ppo,reward,726,-819.5694580078125
terminal_ppo,reward,727,-819.5694580078125
terminal_ppo,reward,728,-819.5694580078125
terminal_ppo,reward,729,-819.5694580078125
terminal_ppo,reward,730,-819.5694580078125
terminal_ppo,reward,731,-819.5694580078125
terminal_ppo,reward,732,-819.5694580078125
terminal_ppo,reward,733,-819.5694580078125
terminal_ppo,reward,734,-819.5694580078125
terminal_ppo,reward,735,-819.5694580078125
terminal_ppo,reward,736,-819.5694580078125
terminal_ppo,reward,737,-819.5694580078125
terminal_ppo,reward,738,-819.5694580078125
terminal_ppo,reward,739,-819.5694580078125
terminal_ppo,reward,740,-819.5694580078125
terminal_ppo,reward,741,-819.5694580078125
terminal_ppo,reward,742,-819.5694580078125
terminal_ppo,reward,743,-819.5694580078125
terminal_ppo,reward,744,-821.521484375
terminal_ppo,reward,745,-821.521484375
terminal_ppo,reward,746,-821.521484375
terminal_ppo,reward,747,-816.7115478515625
terminal_ppo,reward,748,-816.7115478515625
terminal_ppo,reward,749,-816.7115478515625
terminal_ppo,reward,750,-816.7115478515625
terminal_ppo,reward,751,-816.7115478515625
terminal_ppo,reward,752,-817.1962280273438
terminal_ppo,reward,753,-817.1962280273438
terminal_ppo,reward,754,-817.1962280273438
terminal_ppo,reward,755,-818.2872924804688
terminal_ppo,reward,756,-818.2872924804688
terminal_ppo,reward,757,-818.2872924804688
terminal_ppo,reward,758,-814.77685546875
terminal_ppo,reward,759,-812.59814453125
terminal_ppo,reward,760,-812.59814453125
terminal_ppo,reward,761,-812.59814453125
terminal_ppo,reward,762,-812.59814453125
terminal_ppo,reward,763,-812.59814453125
terminal_ppo,reward,764,-812.59814453125
terminal_ppo,reward,765,-816.5404663085938
terminal_ppo,reward,766,-816.5404663085938
terminal_ppo,reward,767,-816.5404663085938
terminal_ppo,reward,768,-813.1858520507812
terminal_ppo,reward,769,-813.1858520507812
terminal_ppo,reward,770,-813.1858520507812
terminal_ppo,reward,771,-811.973876953125
terminal_ppo,reward,772,-807.003173828125
terminal_ppo,reward,773,-807.003173828125
terminal_ppo,reward,774,-807.003173828125
terminal_ppo,reward,775,-807.003173828125
terminal_ppo,reward,776,-807.003173828125
terminal_ppo,reward,777,-807.003173828125
terminal_ppo,reward,778,-810.8875122070312
terminal_ppo,reward,779,-810.8875122070312
terminal_ppo,reward,780,-810.8875122070312
terminal_ppo,reward,781,-810.8875122070312
terminal_ppo,reward,782,-810.8875122070312
terminal_ppo,reward,783,-809.4788208007812
terminal_ppo,reward,784,-810.8543701171875
terminal_ppo,reward,785,-811.37060546875
terminal_ppo,reward,786,-811.37060546875
terminal_ppo,reward,787,-811.37060546875
terminal_ppo,reward,788,-811.37060546875
terminal_ppo,reward,789,-811.37060546875
terminal_ppo,reward,790,-811.37060546875
terminal_ppo,reward,791,-811.37060546875
terminal_ppo,reward,792,-811.37060546875
terminal_ppo,reward,793,-815.1876831054688
terminal_ppo,reward,794,-815.1876831054688
terminal_ppo,reward,795,-815.1876831054688
terminal_ppo,reward,796,-815.1876831054688
terminal_ppo,reward,797,-815.1876831054688
terminal_ppo,reward,798,-815.1876831054688
terminal_ppo,reward,799,-815.1876831054688
terminal_ppo,reward,800,-815.1876831054688
terminal_ppo,reward,801,-815.1876831054688
terminal_ppo,reward,802,-815.1876831054688
terminal_ppo,reward,803,-815.1876831054688
terminal_ppo,reward,804,-815.1876831054688
terminal_ppo,reward,805,-815.1876831054688
terminal_ppo,reward,806,-815.1876831054688
terminal_ppo,reward,807,-815.1876831054688
terminal_ppo,reward,808,-815.1876831054688
terminal_ppo,reward,809,-815.1876831054688
terminal_ppo,reward,810,-815.1876831054688
terminal_ppo,reward,811,-815.1876831054688
terminal_ppo,reward,812,-815.1876831054688
terminal_ppo,reward,813,-815.1876831054688
terminal_ppo,reward,814,-815.1876831054688
terminal_ppo,reward,815,-815.1876831054688
terminal_ppo,reward,816,-815.1876831054688
terminal_ppo,reward,817,-815.1876831054688
terminal_ppo,reward,818,-815.1876831054688
terminal_ppo,reward,819,-815.1876831054688
terminal_ppo,reward,820,-815.1876831054688
terminal_ppo,reward,821,-815.1876831054688
terminal_ppo,reward,822,-815.1876831054688
terminal_ppo,reward,823,-815.1876831054688
terminal_ppo,reward,824,-815.1876831054688
terminal_ppo,reward,825,-815.1876831054688
terminal_ppo,reward,826,-815.1876831054688
terminal_ppo,reward,827,-815.1876831054688
terminal_ppo,reward,828,-815.1876831054688
terminal_ppo,reward,829,-815.1876831054688
terminal_ppo,reward,830,-815.1876831054688
terminal_ppo,reward,831,-815.1876831054688
terminal_ppo,reward,832,-815.1876831054688
terminal_ppo,reward,833,-815.1876831054688
terminal_ppo,reward,834,-815.1876831054688
terminal_ppo,reward,835,-815.1876831054688
terminal_ppo,reward,836,-815.1876831054688
terminal_ppo,reward,837,-815.1876831054688
terminal_ppo,reward,838,-815.1876831054688
terminal_ppo,reward,839,-815.1876831054688
terminal_ppo,reward,840,-815.1876831054688
terminal_ppo,reward,841,-815.1876831054688
terminal_ppo,reward,842,-815.1876831054688
terminal_ppo,reward,843,-815.1876831054688
terminal_ppo,reward,844,-815.1876831054688
terminal_ppo,reward,845,-815.1876831054688
terminal_ppo,reward,846,-815.1876831054688
terminal_ppo,reward,847,-815.1876831054688
terminal_ppo,reward,848,-815.1876831054688
terminal_ppo,reward,849,-815.1876831054688
terminal_ppo,reward,850,-815.1876831054688
terminal_ppo,reward,851,-815.1876831054688
terminal_ppo,reward,852,-815.1876831054688
terminal_ppo,reward,853,-815.1876831054688
terminal_ppo,reward,854,-815.1876831054688
terminal_ppo,reward,855,-815.1876831054688
terminal_ppo,reward,856,-815.1876831054688
terminal_ppo,reward,857,-815.1876831054688
terminal_ppo,reward,858,-815.1876831054688
terminal_ppo,reward,859,-815.1876831054688
terminal_ppo,reward,860,-815.1876831054688
terminal_ppo,reward,861,-815.1876831054688
terminal_ppo,reward,862,-811.1521606445312
terminal_ppo,reward,863,-811.1521606445312
terminal_ppo,reward,864,-811.1521606445312
terminal_ppo,reward,865,-811.1521606445312
terminal_ppo,reward,866,-811.1521606445312
terminal_ppo,reward,867,-811.1521606445312
terminal_ppo,reward,868,-811.1521606445312
terminal_ppo,reward,869,-811.1521606445312
terminal_ppo,reward,870,-806.1214599609375
terminal_ppo,reward,871,-806.1214599609375
terminal_ppo,reward,872,-806.1214599609375
terminal_ppo,reward,873,-806.1214599609375
terminal_ppo,reward,874,-806.1214599609375
terminal_ppo,reward,875,-806.1214599609375
terminal_ppo,reward,876,-806.1214599609375
terminal_ppo,reward,877,-806.1214599609375
terminal_ppo,reward,878,-806.1214599609375
terminal_ppo,reward,879,-806.1214599609375
terminal_ppo,reward,880,-806.1214599609375
terminal_ppo,reward,881,-806.1214599609375
terminal_ppo,reward,882,-806.1214599609375
terminal_ppo,reward,883,-806.1214599609375
terminal_ppo,reward,884,-806.1214599609375
terminal_ppo,reward,885,-806.1214599609375
terminal_ppo,reward,886,-806.1214599609375
terminal_ppo,reward,887,-806.1214599609375
terminal_ppo,reward,888,-806.1214599609375
terminal_ppo,reward,889,-806.1214599609375
terminal_ppo,reward,890,-806.1214599609375
terminal_ppo,reward,891,-804.1735229492188
terminal_ppo,reward,892,-804.1735229492188
terminal_ppo,reward,893,-804.1735229492188
terminal_ppo,reward,894,-804.1735229492188
terminal_ppo,reward,895,-804.1735229492188
terminal_ppo,reward,896,-804.1735229492188
terminal_ppo,reward,897,-804.1735229492188
terminal_ppo,reward,898,-804.1735229492188
terminal_ppo,reward,899,-804.1735229492188
terminal_ppo,reward,900,-804.1735229492188
terminal_ppo,reward,901,-804.1735229492188
terminal_ppo,reward,902,-804.1735229492188
terminal_ppo,reward,903,-804.1735229492188
terminal_ppo,reward,904,-804.1735229492188
terminal_ppo,reward,905,-804.1735229492188
terminal_ppo,reward,906,-804.1735229492188
terminal_ppo,reward,907,-804.1735229492188
terminal_ppo,reward,908,-804.1735229492188
terminal_ppo,reward,909,-804.1735229492188
terminal_ppo,reward,910,-804.1735229492188
terminal_ppo,reward,911,-804.1735229492188
terminal_ppo,reward,912,-804.1735229492188
terminal_ppo,reward,913,-804.1735229492188
terminal_ppo,reward,914,-804.1735229492188
terminal_ppo,reward,915,-804.1735229492188
terminal_ppo,reward,916,-804.1735229492188
terminal_ppo,reward,917,-804.1735229492188
terminal_ppo,reward,918,-804.1735229492188
terminal_ppo,reward,919,-804.1735229492188
terminal_ppo,reward,920,-802.6273193359375
terminal_ppo,reward,921,-802.6273193359375
terminal_ppo,reward,922,-802.6273193359375
terminal_ppo,reward,923,-802.6273193359375
terminal_ppo,reward,924,-802.6273193359375
terminal_ppo,reward,925,-801.157958984375
terminal_ppo,reward,926,-801.157958984375
terminal_ppo,reward,927,-801.157958984375
terminal_ppo,reward,928,-801.157958984375
terminal_ppo,reward,929,-801.157958984375
terminal_ppo,reward,930,-801.157958984375
terminal_ppo,reward,931,-801.157958984375
terminal_ppo,reward,932,-801.157958984375
terminal_ppo,reward,933,-801.157958984375
terminal_ppo,reward,934,-801.157958984375
terminal_ppo,reward,935,-801.157958984375
terminal_ppo,reward,936,-803.4827880859375
terminal_ppo,reward,937,-801.7280883789062
terminal_ppo,reward,938,-803.9650268554688
terminal_ppo,reward,939,-803.9650268554688
terminal_ppo,reward,940,-803.9650268554688
terminal_ppo,reward,941,-806.2258911132812
terminal_ppo,reward,942,-806.2258911132812
terminal_ppo,reward,943,-806.2258911132812
terminal_ppo,reward,944,-806.2258911132812
terminal_ppo,reward,945,-806.2258911132812
terminal_ppo,reward,946,-806.223876953125
terminal_ppo,reward,947,-807.4530029296875
terminal_ppo,reward,948,-807.4530029296875
terminal_ppo,reward,949,-807.4530029296875
terminal_ppo,reward,950,-807.4530029296875
terminal_ppo,reward,951,-807.4530029296875
terminal_ppo,reward,952,-806.9534912109375
terminal_ppo,reward,953,-806.9534912109375
terminal_ppo,reward,954,-806.9534912109375
terminal_ppo,reward,955,-806.9534912109375
terminal_ppo,reward,956,-806.9534912109375
terminal_ppo,reward,957,-806.9534912109375
terminal_ppo,reward,958,-807.581787109375
terminal_ppo,reward,959,-808.989013671875
terminal_ppo,reward,960,-808.989013671875
terminal_ppo,reward,961,-808.989013671875
terminal_ppo,reward,962,-808.989013671875
terminal_ppo,reward,963,-808.989013671875
terminal_ppo,reward,964,-808.989013671875
terminal_ppo,reward,965,-808.989013671875
terminal_ppo,reward,966,-808.989013671875
terminal_ppo,reward,967,-808.989013671875
terminal_ppo,reward,968,-808.989013671875
terminal_ppo,reward,969,-808.989013671875
terminal_ppo,reward,970,-808.989013671875
terminal_ppo,reward,971,-808.989013671875
terminal_ppo,reward,972,-808.989013671875
terminal_ppo,reward,973,-808.989013671875
terminal_ppo,reward,974,-808.989013671875
terminal_ppo,reward,975,-809.86962890625
terminal_ppo,reward,976,-809.86962890625
terminal_ppo,reward,977,-809.86962890625
terminal_ppo,reward,978,-809.86962890625
terminal_ppo,reward,979,-809.86962890625
terminal_ppo,reward,980,-809.86962890625
terminal_ppo,reward,981,-809.86962890625
terminal_ppo,reward,982,-809.86962890625
terminal_ppo,reward,983,-809.86962890625
terminal_ppo,reward,984,-809.86962890625
terminal_ppo,reward,985,-809.86962890625
terminal_ppo,reward,986,-809.86962890625
terminal_ppo,reward,987,-809.86962890625
terminal_ppo,reward,988,-809.86962890625
terminal_ppo,reward,989,-809.86962890625
terminal_ppo,reward,990,-809.86962890625
terminal_ppo,reward,991,-809.86962890625
terminal_ppo,reward,992,-809.86962890625
terminal_ppo,reward,993,-809.86962890625
terminal_ppo,reward,994,-809.86962890625
terminal_ppo,reward,995,-809.86962890625
terminal_ppo,reward,996,-809.86962890625
terminal_ppo,reward,997,-809.86962890625
terminal_ppo,reward,998,-809.86962890625
terminal_ppo,reward,999,-809.86962890625
terminal_ppo,reward,1000,-809.86962890625
terminal_ppo,reward,1001,-809.86962890625
terminal_ppo,reward,1002,-809.86962890625
terminal_ppo,reward,1003,-809.86962890625
terminal_ppo,reward,1004,-809.86962890625
terminal_ppo,reward,1005,-809.86962890625
terminal_ppo,reward,1006,-809.86962890625
terminal_ppo,reward,1007,-809.86962890625
terminal_ppo,reward,1008,-809.86962890625
terminal_ppo,reward,1009,-809.86962890625
terminal_ppo,reward,1010,-809.86962890625
terminal_ppo,reward,1011,-809.86962890625
terminal_ppo,reward,1012,-810.5714721679688
terminal_ppo,reward,1013,-810.5714721679688
terminal_ppo,reward,1014,-810.5714721679688
terminal_ppo,reward,1015,-810.5714721679688
terminal_ppo,reward,1016,-805.7427368164062
terminal_ppo,reward,1017,-805.7427368164062
terminal_ppo,reward,1018,-805.7427368164062
terminal_ppo,reward,1019,-805.7427368164062
terminal_ppo,reward,1020,-805.7427368164062
terminal_ppo,reward,1021,-805.7427368164062
terminal_ppo,reward,1022,-805.7427368164062
terminal_ppo,reward,1023,-805.7427368164062
terminal_ppo,reward,1024,-805.7427368164062
terminal_ppo,reward,1025,-805.7427368164062
terminal_ppo,reward,1026,-805.7427368164062
terminal_ppo,reward,1027,-805.7427368164062
terminal_ppo,reward,1028,-805.7427368164062
terminal_ppo,reward,1029,-805.7427368164062
terminal_ppo,reward,1030,-805.7427368164062
terminal_ppo,reward,1031,-805.7427368164062
terminal_ppo,reward,1032,-805.7427368164062
terminal_ppo,reward,1033,-805.7427368164062
terminal_ppo,reward,1034,-805.7427368164062
terminal_ppo,reward,1035,-800.7036743164062
terminal_ppo,reward,1036,-800.7036743164062
terminal_ppo,reward,1037,-796.0340576171875
terminal_ppo,reward,1038,-796.0340576171875
terminal_ppo,reward,1039,-796.0340576171875
terminal_ppo,reward,1040,-796.0340576171875
terminal_ppo,reward,1041,-786.178466796875
terminal_ppo,reward,1042,-773.6785888671875
terminal_ppo,reward,1043,-759.5958862304688
terminal_ppo,reward,1044,-759.5958862304688
terminal_ppo,reward,1045,-759.5958862304688
terminal_ppo,reward,1046,-759.5958862304688
terminal_ppo,reward,1047,-759.5958862304688
terminal_ppo,reward,1048,-759.5958862304688
terminal_ppo,reward,1049,-759.5958862304688
terminal_ppo,reward,1050,-759.5958862304688
terminal_ppo,reward,1051,-759.5958862304688
terminal_ppo,reward,1052,-759.5958862304688
terminal_ppo,reward,1053,-759.5958862304688
terminal_ppo,reward,1054,-759.5958862304688
terminal_ppo,reward,1055,-759.5958862304688
terminal_ppo,reward,1056,-759.5958862304688
terminal_ppo,reward,1057,-759.5958862304688
terminal_ppo,reward,1058,-759.5958862304688
terminal_ppo,reward,1059,-759.5958862304688
terminal_ppo,reward,1060,-759.5958862304688
terminal_ppo,reward,1061,-759.5958862304688
terminal_ppo,reward,1062,-759.5958862304688
terminal_ppo,reward,1063,-753.2220458984375
terminal_ppo,reward,1064,-753.2220458984375
terminal_ppo,reward,1065,-753.2220458984375
terminal_ppo,reward,1066,-753.2220458984375
terminal_ppo,reward,1067,-753.2220458984375
terminal_ppo,reward,1068,-753.2220458984375
terminal_ppo,reward,1069,-753.2220458984375
terminal_ppo,reward,1070,-753.2220458984375
terminal_ppo,reward,1071,-753.2220458984375
terminal_ppo,reward,1072,-753.2220458984375
terminal_ppo,reward,1073,-753.2220458984375
terminal_ppo,reward,1074,-743.9945068359375
terminal_ppo,reward,1075,-743.9945068359375
terminal_ppo,reward,1076,-743.9945068359375
terminal_ppo,reward,1077,-743.9945068359375
terminal_ppo,reward,1078,-743.9945068359375
terminal_ppo,reward,1079,-743.9945068359375
terminal_ppo,reward,1080,-743.9945068359375
terminal_ppo,reward,1081,-743.9945068359375
terminal_ppo,reward,1082,-743.9945068359375
terminal_ppo,reward,1083,-743.9945068359375
terminal_ppo,reward,1084,-743.9945068359375
terminal_ppo,reward,1085,-743.9945068359375
terminal_ppo,reward,1086,-743.9945068359375
terminal_ppo,reward,1087,-743.9945068359375
terminal_ppo,reward,1088,-743.9945068359375
terminal_ppo,reward,1089,-735.6661376953125
terminal_ppo,reward,1090,-735.6661376953125
terminal_ppo,reward,1091,-735.6661376953125
terminal_ppo,reward,1092,-735.6661376953125
terminal_ppo,reward,1093,-726.3072509765625
terminal_ppo,reward,1094,-726.3072509765625
terminal_ppo,reward,1095,-726.3072509765625
terminal_ppo,reward,1096,-718.17431640625
terminal_ppo,reward,1097,-718.17431640625
terminal_ppo,reward,1098,-718.17431640625
terminal_ppo,reward,1099,-709.8800048828125
terminal_ppo,reward,1100,-696.5674438476562
terminal_ppo,reward,1101,-696.5674438476562
terminal_ppo,reward,1102,-685.7622680664062
terminal_ppo,reward,1103,-685.7622680664062
terminal_ppo,reward,1104,-685.7622680664062
terminal_ppo,reward,1105,-685.7622680664062
terminal_ppo,reward,1106,-685.7622680664062
terminal_ppo,reward,1107,-685.7622680664062
terminal_ppo,reward,1108,-671.2319946289062
terminal_ppo,reward,1109,-671.2319946289062
terminal_ppo,reward,1110,-671.2319946289062
terminal_ppo,reward,1111,-671.2319946289062
terminal_ppo,reward,1112,-671.2319946289062
terminal_ppo,reward,1113,-671.2319946289062
terminal_ppo,reward,1114,-671.2319946289062
terminal_ppo,reward,1115,-671.2319946289062
terminal_ppo,reward,1116,-671.2319946289062
terminal_ppo,reward,1117,-671.2319946289062
terminal_ppo,reward,1118,-671.2319946289062
terminal_ppo,reward,1119,-671.2319946289062
terminal_ppo,reward,1120,-671.2319946289062
terminal_ppo,reward,1121,-671.2319946289062
terminal_ppo,reward,1122,-671.2319946289062
terminal_ppo,reward,1123,-671.2319946289062
terminal_ppo,reward,1124,-671.2319946289062
terminal_ppo,reward,1125,-671.2319946289062
terminal_ppo,reward,1126,-671.2319946289062
terminal_ppo,reward,1127,-671.2319946289062
terminal_ppo,reward,1128,-671.2319946289062
terminal_ppo,reward,1129,-671.2319946289062
terminal_ppo,reward,1130,-671.2319946289062
terminal_ppo,reward,1131,-671.2319946289062
terminal_ppo,reward,1132,-671.2319946289062
terminal_ppo,reward,1133,-671.2319946289062
terminal_ppo,reward,1134,-671.2319946289062
terminal_ppo,reward,1135,-671.2319946289062
terminal_ppo,reward,1136,-671.2319946289062
terminal_ppo,reward,1137,-671.2319946289062
terminal_ppo,reward,1138,-671.2319946289062
terminal_ppo,reward,1139,-671.2319946289062
terminal_ppo,reward,1140,-671.2319946289062
terminal_ppo,reward,1141,-671.2319946289062
terminal_ppo,reward,1142,-671.2319946289062
terminal_ppo,reward,1143,-661.0193481445312
terminal_ppo,reward,1144,-661.0193481445312
terminal_ppo,reward,1145,-661.0193481445312
terminal_ppo,reward,1146,-661.0193481445312
terminal_ppo,reward,1147,-661.0193481445312
terminal_ppo,reward,1148,-661.0193481445312
terminal_ppo,reward,1149,-661.0193481445312
terminal_ppo,reward,1150,-661.0193481445312
terminal_ppo,reward,1151,-661.0193481445312
terminal_ppo,reward,1152,-661.0193481445312
terminal_ppo,reward,1153,-661.0193481445312
terminal_ppo,reward,1154,-661.0193481445312
terminal_ppo,reward,1155,-661.0193481445312
terminal_ppo,reward,1156,-661.0193481445312
terminal_ppo,reward,1157,-661.0193481445312
terminal_ppo,reward,1158,-661.0193481445312
terminal_ppo,reward,1159,-661.0193481445312
terminal_ppo,reward,1160,-661.0193481445312
terminal_ppo,reward,1161,-661.0193481445312
terminal_ppo,reward,1162,-652.9010620117188
terminal_ppo,reward,1163,-652.9010620117188
terminal_ppo,reward,1164,-652.9010620117188
terminal_ppo,reward,1165,-652.9010620117188
terminal_ppo,reward,1166,-652.9010620117188
terminal_ppo,reward,1167,-641.6190795898438
terminal_ppo,reward,1168,-641.6190795898438
terminal_ppo,reward,1169,-641.6190795898438
terminal_ppo,reward,1170,-641.6190795898438
terminal_ppo,reward,1171,-641.6190795898438
terminal_ppo,reward,1172,-641.6190795898438
terminal_ppo,reward,1173,-641.6190795898438
terminal_ppo,reward,1174,-641.6190795898438
terminal_ppo,reward,1175,-629.116455078125
terminal_ppo,reward,1176,-629.116455078125
terminal_ppo,reward,1177,-622.8983154296875
terminal_ppo,reward,1178,-615.5455932617188
terminal_ppo,reward,1179,-608.3168334960938
terminal_ppo,reward,1180,-608.3168334960938
terminal_ppo,reward,1181,-608.3168334960938
terminal_ppo,reward,1182,-608.3168334960938
terminal_ppo,reward,1183,-608.3168334960938
terminal_ppo,reward,1184,-608.3168334960938
terminal_ppo,reward,1185,-608.3168334960938
terminal_ppo,reward,1186,-608.3168334960938
terminal_ppo,reward,1187,-608.3168334960938
terminal_ppo,reward,1188,-608.3168334960938
terminal_ppo,reward,1189,-608.3168334960938
terminal_ppo,reward,1190,-608.3168334960938
terminal_ppo,reward,1191,-608.3168334960938
terminal_ppo,reward,1192,-608.3168334960938
terminal_ppo,reward,1193,-608.3168334960938
terminal_ppo,reward,1194,-608.3168334960938
terminal_ppo,reward,1195,-608.3168334960938
terminal_ppo,reward,1196,-601.7196044921875
terminal_ppo,reward,1197,-581.1119384765625
terminal_ppo,reward,1198,-581.1119384765625
terminal_ppo,reward,1199,-581.1119384765625
terminal_ppo,reward,1200,-581.1119384765625
terminal_ppo,reward,1201,-581.1119384765625
terminal_ppo,reward,1202,-581.1119384765625
terminal_ppo,reward,1203,-561.9533081054688
terminal_ppo,reward,1204,-552.7171630859375
terminal_ppo,reward,1205,-552.7171630859375
terminal_ppo,reward,1206,-552.7171630859375
terminal_ppo,reward,1207,-552.7171630859375
terminal_ppo,reward,1208,-541.0380859375
terminal_ppo,reward,1209,-541.0380859375
terminal_ppo,reward,1210,-528.5230712890625
terminal_ppo,reward,1211,-528.5230712890625
terminal_ppo,reward,1212,-528.5230712890625
terminal_ppo,reward,1213,-528.5230712890625
terminal_ppo,reward,1214,-528.5230712890625
terminal_ppo,reward,1215,-528.5230712890625
terminal_ppo,reward,1216,-528.5230712890625
terminal_ppo,reward,1217,-528.5230712890625
terminal_ppo,reward,1218,-528.5230712890625
terminal_ppo,reward,1219,-528.5230712890625
terminal_ppo,reward,1220,-528.5230712890625
terminal_ppo,reward,1221,-528.5230712890625
terminal_ppo,reward,1222,-528.5230712890625
terminal_ppo,reward,1223,-528.5230712890625
terminal_ppo,reward,1224,-528.5230712890625
terminal_ppo,reward,1225,-528.5230712890625
terminal_ppo,reward,1226,-528.5230712890625
terminal_ppo,reward,1227,-528.5230712890625
terminal_ppo,reward,1228,-528.5230712890625
terminal_ppo,reward,1229,-528.5230712890625
terminal_ppo,reward,1230,-528.5230712890625
terminal_ppo,reward,1231,-528.5230712890625
terminal_ppo,reward,1232,-528.5230712890625
terminal_ppo,reward,1233,-528.5230712890625
terminal_ppo,reward,1234,-528.5230712890625
terminal_ppo,reward,1235,-528.5230712890625
terminal_ppo,reward,1236,-528.5230712890625
terminal_ppo,reward,1237,-528.5230712890625
terminal_ppo,reward,1238,-528.5230712890625
terminal_ppo,reward,1239,-528.5230712890625
terminal_ppo,reward,1240,-528.5230712890625
terminal_ppo,reward,1241,-528.5230712890625
terminal_ppo,reward,1242,-528.5230712890625
terminal_ppo,reward,1243,-528.5230712890625
terminal_ppo,reward,1244,-528.5230712890625
terminal_ppo,reward,1245,-528.5230712890625
terminal_ppo,reward,1246,-528.5230712890625
terminal_ppo,reward,1247,-528.5230712890625
terminal_ppo,reward,1248,-528.5230712890625
terminal_ppo,reward,1249,-528.5230712890625
terminal_ppo,reward,1250,-528.5230712890625
terminal_ppo,reward,1251,-528.5230712890625
terminal_ppo,reward,1252,-528.5230712890625
terminal_ppo,reward,1253,-528.5230712890625
terminal_ppo,reward,1254,-528.5230712890625
terminal_ppo,reward,1255,-528.5230712890625
terminal_ppo,reward,1256,-528.5230712890625
terminal_ppo,reward,1257,-528.5230712890625
terminal_ppo,reward,1258,-528.5230712890625
terminal_ppo,reward,1259,-528.5230712890625
terminal_ppo,reward,1260,-528.5230712890625
terminal_ppo,reward,1261,-528.5230712890625
terminal_ppo,reward,1262,-528.5230712890625
terminal_ppo,reward,1263,-528.5230712890625
terminal_ppo,reward,1264,-520.3585205078125
terminal_ppo,reward,1265,-520.3585205078125
terminal_ppo,reward,1266,-520.3585205078125
terminal_ppo,reward,1267,-520.3585205078125
terminal_ppo,reward,1268,-520.3585205078125
terminal_ppo,reward,1269,-520.3585205078125
terminal_ppo,reward,1270,-520.3585205078125
terminal_ppo,reward,1271,-520.3585205078125
terminal_ppo,reward,1272,-520.3585205078125
terminal_ppo,reward,1273,-520.3585205078125
terminal_ppo,reward,1274,-520.3585205078125
terminal_ppo,reward,1275,-520.3585205078125
terminal_ppo,reward,1276,-520.3585205078125
terminal_ppo,reward,1277,-511.9615478515625
terminal_ppo,reward,1278,-511.9615478515625
terminal_ppo,reward,1279,-511.9615478515625
terminal_ppo,reward,1280,-491.2293395996094
terminal_ppo,reward,1281,-491.2293395996094
terminal_ppo,reward,1282,-491.2293395996094
terminal_ppo,reward,1283,-485.8270568847656
terminal_ppo,reward,1284,-485.8270568847656
terminal_ppo,reward,1285,-485.8270568847656
terminal_ppo,reward,1286,-481.4822082519531
terminal_ppo,reward,1287,-477.6733703613281
terminal_ppo,reward,1288,-477.6733703613281
terminal_ppo,reward,1289,-477.6733703613281
terminal_ppo,reward,1290,-477.6733703613281
terminal_ppo,reward,1291,-474.010009765625
terminal_ppo,reward,1292,-474.010009765625
terminal_ppo,reward,1293,-474.010009765625
terminal_ppo,reward,1294,-472.8701171875
terminal_ppo,reward,1295,-473.7237548828125
terminal_ppo,reward,1296,-473.7237548828125
terminal_ppo,reward,1297,-473.7237548828125
terminal_ppo,reward,1298,-473.7237548828125
terminal_ppo,reward,1299,-473.7237548828125
terminal_ppo,reward,1300,-469.8611755371094
terminal_ppo,reward,1301,-466.5582275390625
terminal_ppo,reward,1302,-466.5582275390625
terminal_ppo,reward,1303,-466.5582275390625
terminal_ppo,reward,1304,-466.5582275390625
terminal_ppo,reward,1305,-466.5582275390625
terminal_ppo,reward,1306,-466.5582275390625
terminal_ppo,reward,1307,-466.5582275390625
terminal_ppo,reward,1308,-464.1450500488281
terminal_ppo,reward,1309,-464.1450500488281
terminal_ppo,reward,1310,-464.1450500488281
terminal_ppo,reward,1311,-464.1450500488281
terminal_ppo,reward,1312,-464.1450500488281
terminal_ppo,reward,1313,-464.1450500488281
terminal_ppo,reward,1314,-464.1450500488281
terminal_ppo,reward,1315,-464.1450500488281
terminal_ppo,reward,1316,-464.1450500488281
terminal_ppo,reward,1317,-464.1450500488281
terminal_ppo,reward,1318,-464.1450500488281
terminal_ppo,reward,1319,-464.1450500488281
terminal_ppo,reward,1320,-464.1450500488281
terminal_ppo,reward,1321,-464.1450500488281
terminal_ppo,reward,1322,-464.1450500488281
terminal_ppo,reward,1323,-464.1450500488281
terminal_ppo,reward,1324,-464.1450500488281
terminal_ppo,reward,1325,-464.1450500488281
terminal_ppo,reward,1326,-464.1450500488281
terminal_ppo,reward,1327,-464.1450500488281
terminal_ppo,reward,1328,-464.1450500488281
terminal_ppo,reward,1329,-464.1450500488281
terminal_ppo,reward,1330,-464.1450500488281
terminal_ppo,reward,1331,-464.1450500488281
terminal_ppo,reward,1332,-464.1450500488281
terminal_ppo,reward,1333,-464.1450500488281
terminal_ppo,reward,1334,-464.1450500488281
terminal_ppo,reward,1335,-459.7988586425781
terminal_ppo,reward,1336,-459.7988586425781
terminal_ppo,reward,1337,-459.7988586425781
terminal_ppo,reward,1338,-459.7988586425781
terminal_ppo,reward,1339,-459.7988586425781
terminal_ppo,reward,1340,-459.7988586425781
terminal_ppo,reward,1341,-459.7988586425781
terminal_ppo,reward,1342,-459.7988586425781
terminal_ppo,reward,1343,-459.7988586425781
terminal_ppo,reward,1344,-459.7988586425781
terminal_ppo,reward,1345,-459.7988586425781
terminal_ppo,reward,1346,-459.7988586425781
terminal_ppo,reward,1347,-459.7988586425781
terminal_ppo,reward,1348,-459.7988586425781
terminal_ppo,reward,1349,-459.7988586425781
terminal_ppo,reward,1350,-459.7988586425781
terminal_ppo,reward,1351,-459.7162780761719
terminal_ppo,reward,1352,-459.7162780761719
terminal_ppo,reward,1353,-459.7162780761719
terminal_ppo,reward,1354,-454.75750732421875
terminal_ppo,reward,1355,-454.75750732421875
terminal_ppo,reward,1356,-454.75750732421875
terminal_ppo,reward,1357,-454.75750732421875
terminal_ppo,reward,1358,-454.75750732421875
terminal_ppo,reward,1359,-454.75750732421875
terminal_ppo,reward,1360,-454.75750732421875
terminal_ppo,reward,1361,-453.6664733886719
terminal_ppo,reward,1362,-451.00030517578125
terminal_ppo,reward,1363,-451.00030517578125
terminal_ppo,reward,1364,-451.00030517578125
terminal_ppo,reward,1365,-451.00030517578125
terminal_ppo,reward,1366,-451.00030517578125
terminal_ppo,reward,1367,-451.00030517578125
terminal_ppo,reward,1368,-446.2316589355469
terminal_ppo,reward,1369,-446.2316589355469
terminal_ppo,reward,1370,-446.2316589355469
terminal_ppo,reward,1371,-442.5916748046875
terminal_ppo,reward,1372,-440.2538757324219
terminal_ppo,reward,1373,-440.2538757324219
terminal_ppo,reward,1374,-436.1474914550781
terminal_ppo,reward,1375,-436.1474914550781
terminal_ppo,reward,1376,-436.1474914550781
terminal_ppo,reward,1377,-436.1474914550781
terminal_ppo,reward,1378,-436.1474914550781
terminal_ppo,reward,1379,-431.4240417480469
terminal_ppo,reward,1380,-431.4240417480469
terminal_ppo,reward,1381,-431.4240417480469
terminal_ppo,reward,1382,-431.4240417480469
terminal_ppo,reward,1383,-431.4240417480469
terminal_ppo,reward,1384,-431.4240417480469
terminal_ppo,reward,1385,-431.4240417480469
terminal_ppo,reward,1386,-431.4240417480469
terminal_ppo,reward,1387,-431.4240417480469
terminal_ppo,reward,1388,-431.4240417480469
terminal_ppo,reward,1389,-430.2642517089844
terminal_ppo,reward,1390,-430.2642517089844
terminal_ppo,reward,1391,-430.2642517089844
terminal_ppo,reward,1392,-430.2642517089844
terminal_ppo,reward,1393,-418.4435119628906
terminal_ppo,reward,1394,-412.59381103515625
terminal_ppo,reward,1395,-412.59381103515625
terminal_ppo,reward,1396,-412.59381103515625
terminal_ppo,reward,1397,-412.59381103515625
terminal_ppo,reward,1398,-409.3277282714844
terminal_ppo,reward,1399,-409.3277282714844
terminal_ppo,reward,1400,-409.3277282714844
terminal_ppo,reward,1401,-409.3277282714844
terminal_ppo,reward,1402,-409.3277282714844
terminal_ppo,reward,1403,-409.3277282714844
terminal_ppo,reward,1404,-409.3277282714844
terminal_ppo,reward,1405,-409.3277282714844
terminal_ppo,reward,1406,-409.3277282714844
terminal_ppo,reward,1407,-409.3277282714844
terminal_ppo,reward,1408,-409.3277282714844
terminal_ppo,reward,1409,-409.3277282714844
terminal_ppo,reward,1410,-409.3277282714844
terminal_ppo,reward,1411,-409.3277282714844
terminal_ppo,reward,1412,-409.3277282714844
terminal_ppo,reward,1413,-409.3277282714844
terminal_ppo,reward,1414,-409.3277282714844
terminal_ppo,reward,1415,-409.3277282714844
terminal_ppo,reward,1416,-409.3277282714844
terminal_ppo,reward,1417,-409.3277282714844
terminal_ppo,reward,1418,-409.3277282714844
terminal_ppo,reward,1419,-409.3277282714844
terminal_ppo,reward,1420,-409.3277282714844
terminal_ppo,reward,1421,-409.3277282714844
terminal_ppo,reward,1422,-409.3277282714844
terminal_ppo,reward,1423,-405.9358215332031
terminal_ppo,reward,1424,-405.9358215332031
terminal_ppo,reward,1425,-405.9358215332031
terminal_ppo,reward,1426,-405.9358215332031
terminal_ppo,reward,1427,-405.9358215332031
terminal_ppo,reward,1428,-405.9358215332031
terminal_ppo,reward,1429,-405.9358215332031
terminal_ppo,reward,1430,-405.9358215332031
terminal_ppo,reward,1431,-405.9358215332031
terminal_ppo,reward,1432,-405.9358215332031
terminal_ppo,reward,1433,-405.9358215332031
terminal_ppo,reward,1434,-405.9358215332031
terminal_ppo,reward,1435,-405.9358215332031
terminal_ppo,reward,1436,-405.9358215332031
terminal_ppo,reward,1437,-405.9358215332031
terminal_ppo,reward,1438,-405.9358215332031
terminal_ppo,reward,1439,-405.9358215332031
terminal_ppo,reward,1440,-405.9358215332031
terminal_ppo,reward,1441,-405.9358215332031
terminal_ppo,reward,1442,-405.9358215332031
terminal_ppo,reward,1443,-405.9358215332031
terminal_ppo,reward,1444,-390.67669677734375
terminal_ppo,reward,1445,-388.3729553222656
terminal_ppo,reward,1446,-388.3729553222656
terminal_ppo,reward,1447,-388.3729553222656
terminal_ppo,reward,1448,-388.3729553222656
terminal_ppo,reward,1449,-381.47369384765625
terminal_ppo,reward,1450,-381.47369384765625
terminal_ppo,reward,1451,-375.8593444824219
terminal_ppo,reward,1452,-375.8593444824219
terminal_ppo,reward,1453,-375.8593444824219
terminal_ppo,reward,1454,-366.5647277832031
terminal_ppo,reward,1455,-366.5647277832031
terminal_ppo,reward,1456,-366.5647277832031
terminal_ppo,reward,1457,-348.9711608886719
terminal_ppo,reward,1458,-348.9711608886719
terminal_ppo,reward,1459,-348.9711608886719
terminal_ppo,reward,1460,-341.41131591796875
terminal_ppo,reward,1461,-341.41131591796875
terminal_ppo,reward,1462,-341.41131591796875
terminal_ppo,reward,1463,-341.41131591796875
terminal_ppo,reward,1464,-341.41131591796875
terminal_ppo,reward,1465,-341.41131591796875
terminal_ppo,reward,1466,-341.41131591796875
terminal_ppo,reward,1467,-341.41131591796875
terminal_ppo,reward,1468,-341.41131591796875
terminal_ppo,reward,1469,-341.41131591796875
terminal_ppo,reward,1470,-341.41131591796875
terminal_ppo,reward,1471,-335.275390625
terminal_ppo,reward,1472,-335.275390625
terminal_ppo,reward,1473,-335.275390625
terminal_ppo,reward,1474,-325.3753967285156
terminal_ppo,reward,1475,-325.3753967285156
terminal_ppo,reward,1476,-325.3753967285156
terminal_ppo,reward,1477,-325.3753967285156
terminal_ppo,reward,1478,-325.3753967285156
terminal_ppo,reward,1479,-311.2819519042969
terminal_ppo,reward,1480,-311.2819519042969
terminal_ppo,reward,1481,-295.55364990234375
terminal_ppo,reward,1482,-295.55364990234375
terminal_ppo,reward,1483,-295.55364990234375
terminal_ppo,reward,1484,-295.55364990234375
terminal_ppo,reward,1485,-295.55364990234375
terminal_ppo,reward,1486,-295.55364990234375
terminal_ppo,reward,1487,-295.55364990234375
terminal_ppo,reward,1488,-295.55364990234375
terminal_ppo,reward,1489,-295.55364990234375
terminal_ppo,reward,1490,-295.55364990234375
terminal_ppo,reward,1491,-295.55364990234375
terminal_ppo,reward,1492,-295.55364990234375
terminal_ppo,reward,1493,-295.55364990234375
terminal_ppo,reward,1494,-295.55364990234375
terminal_ppo,reward,1495,-295.55364990234375
terminal_ppo,reward,1496,-295.55364990234375
terminal_ppo,reward,1497,-295.55364990234375
terminal_ppo,reward,1498,-295.55364990234375
terminal_ppo,reward,69,-1465.14599609375
terminal_ppo,reward,70,-1465.14599609375
terminal_ppo,reward,70,-1465.14599609375
terminal_ppo,reward,70,-1465.14599609375
terminal_ppo,reward,71,-1465.14599609375
terminal_ppo,reward,71,-1465.14599609375
terminal_ppo,reward,71,-1465.14599609375
terminal_ppo,reward,72,-1465.14599609375
terminal_ppo,reward,72,-1465.14599609375
terminal_ppo,reward,73,-1465.14599609375
terminal_ppo,reward,73,-1465.14599609375
terminal_ppo,reward,73,-1465.14599609375
terminal_ppo,reward,74,-1465.14599609375
terminal_ppo,reward,74,-1465.14599609375
terminal_ppo,reward,74,-1465.14599609375
terminal_ppo,reward,75,-1465.14599609375
terminal_ppo,reward,75,-1465.14599609375
terminal_ppo,reward,76,-1465.14599609375
terminal_ppo,reward,76,-1465.14599609375
terminal_ppo,reward,76,-1465.14599609375
terminal_ppo,reward,77,-1465.14599609375
terminal_ppo,reward,77,-1465.14599609375
terminal_ppo,reward,77,-1465.14599609375
terminal_ppo,reward,78,-1465.14599609375
terminal_ppo,reward,78,-1465.14599609375
terminal_ppo,reward,79,-1465.14599609375
terminal_ppo,reward,79,-1465.14599609375
terminal_ppo,reward,79,-1465.14599609375
terminal_ppo,reward,80,-1465.14599609375
terminal_ppo,reward,80,-1465.14599609375
terminal_ppo,reward,81,-1465.14599609375
terminal_ppo,reward,81,-1465.14599609375
terminal_ppo,reward,81,-1465.14599609375
terminal_ppo,reward,82,-1465.14599609375
terminal_ppo,reward,82,-1465.14599609375
terminal_ppo,reward,82,-1465.14599609375
terminal_ppo,reward,83,-1465.14599609375
terminal_ppo,reward,83,-1465.14599609375
terminal_ppo,reward,83,-1465.14599609375
terminal_ppo,reward,84,-1465.14599609375
terminal_ppo,reward,84,-1465.14599609375
terminal_ppo,reward,85,-1465.14599609375
terminal_ppo,reward,85,-1465.14599609375
terminal_ppo,reward,85,-1465.14599609375
terminal_ppo,reward,86,-1465.14599609375
terminal_ppo,reward,86,-1465.14599609375
terminal_ppo,reward,86,-1465.14599609375
terminal_ppo,reward,87,-1465.14599609375
terminal_ppo,reward,87,-1465.14599609375
terminal_ppo,reward,87,-1465.14599609375
terminal_ppo,reward,88,-1465.14599609375
terminal_ppo,reward,88,-1465.14599609375
terminal_ppo,reward,89,-1465.14599609375
terminal_ppo,reward,89,-1465.14599609375
terminal_ppo,reward,89,-1465.14599609375
terminal_ppo,reward,90,-1465.14599609375
terminal_ppo,reward,90,-1465.14599609375
terminal_ppo,reward,90,-1465.14599609375
terminal_ppo,reward,91,-1465.14599609375
terminal_ppo,reward,91,-1465.14599609375
terminal_ppo,reward,91,-1465.14599609375
terminal_ppo,reward,92,-1465.14599609375
terminal_ppo,reward,92,-1465.14599609375
terminal_ppo,reward,92,-1465.14599609375
terminal_ppo,reward,93,-1465.14599609375
terminal_ppo,reward,93,-1465.14599609375
terminal_ppo,reward,94,-1465.14599609375
terminal_ppo,reward,94,-1465.14599609375
terminal_ppo,reward,94,-1465.14599609375
terminal_ppo,reward,95,-1465.14599609375
terminal_ppo,reward,95,-1465.14599609375
terminal_ppo,reward,95,-1465.14599609375
terminal_ppo,reward,96,-1465.14599609375
terminal_ppo,reward,96,-1465.14599609375
terminal_ppo,reward,96,-1465.14599609375
terminal_ppo,reward,97,-1465.14599609375
terminal_ppo,reward,97,-1465.14599609375
terminal_ppo,reward,98,-1465.14599609375
terminal_ppo,reward,98,-1465.14599609375
terminal_ppo,reward,98,-1465.14599609375
terminal_ppo,reward,99,-1465.14599609375
terminal_ppo,reward,99,-1465.14599609375
terminal_ppo,reward,99,-1465.14599609375
terminal_ppo,reward,100,-1465.14599609375
terminal_ppo,reward,100,-1465.14599609375
terminal_ppo,reward,101,-1465.14599609375
terminal_ppo,reward,101,-1465.14599609375
terminal_ppo,reward,101,-1465.14599609375
terminal_ppo,reward,102,-1465.14599609375
terminal_ppo,reward,102,-1465.14599609375
terminal_ppo,reward,102,-1465.14599609375
terminal_ppo,reward,103,-1465.14599609375
terminal_ppo,reward,103,-1465.14599609375
terminal_ppo,reward,104,-1465.14599609375
terminal_ppo,reward,104,-1465.14599609375
terminal_ppo,reward,104,-1465.14599609375
terminal_ppo,reward,105,-1465.14599609375
terminal_ppo,reward,105,-1465.14599609375
terminal_ppo,reward,105,-1465.14599609375
terminal_ppo,reward,106,-1465.14599609375
terminal_ppo,reward,106,-1465.14599609375
terminal_ppo,reward,107,-1465.14599609375
terminal_ppo,reward,107,-1465.14599609375
terminal_ppo,reward,107,-1465.14599609375
terminal_ppo,reward,108,-1465.14599609375
terminal_ppo,reward,108,-1465.14599609375
terminal_ppo,reward,109,-1465.14599609375
terminal_ppo,reward,109,-1465.14599609375
terminal_ppo,reward,109,-1465.14599609375
terminal_ppo,reward,110,-1465.14599609375
terminal_ppo,reward,110,-1465.14599609375
terminal_ppo,reward,111,-1465.14599609375
terminal_ppo,reward,111,-1465.14599609375
terminal_ppo,reward,111,-1465.14599609375
terminal_ppo,reward,112,-1465.14599609375
terminal_ppo,reward,112,-1465.14599609375
terminal_ppo,reward,112,-1465.14599609375
terminal_ppo,reward,113,-1465.14599609375
terminal_ppo,reward,113,-1465.14599609375
terminal_ppo,reward,114,-1465.14599609375
terminal_ppo,reward,114,-1465.14599609375
terminal_ppo,reward,114,-1465.14599609375
terminal_ppo,reward,115,-1465.14599609375
terminal_ppo,reward,115,-1465.14599609375
terminal_ppo,reward,115,-1465.14599609375
terminal_ppo,reward,116,-1465.14599609375
terminal_ppo,reward,116,-1465.14599609375
terminal_ppo,reward,117,-1465.14599609375
terminal_ppo,reward,117,-1465.14599609375
terminal_ppo,reward,117,-1465.14599609375
terminal_ppo,reward,118,-1465.14599609375
terminal_ppo,reward,118,-1465.14599609375
terminal_ppo,reward,118,-1465.14599609375
terminal_ppo,reward,119,-1465.14599609375
terminal_ppo,reward,119,-1465.14599609375
terminal_ppo,reward,119,-1437.589599609375
terminal_ppo,reward,120,-1437.589599609375
terminal_ppo,reward,120,-1418.393310546875
terminal_ppo,reward,121,-1396.5084228515625
terminal_ppo,reward,121,-1324.5516357421875
terminal_ppo,reward,121,-1324.5516357421875
terminal_ppo,reward,122,-1310.76806640625
terminal_ppo,reward,122,-1297.2431640625
terminal_ppo,reward,122,-1302.878173828125
terminal_ppo,reward,123,-1283.723388671875
terminal_ppo,reward,123,-1283.723388671875
terminal_ppo,reward,124,-1283.723388671875
terminal_ppo,reward,124,-1283.723388671875
terminal_ppo,reward,124,-1283.723388671875
terminal_ppo,reward,125,-1283.723388671875
terminal_ppo,reward,125,-1283.723388671875
terminal_ppo,reward,125,-1283.723388671875
terminal_ppo,reward,126,-1283.723388671875
terminal_ppo,reward,126,-1283.723388671875
terminal_ppo,reward,126,-1283.723388671875
terminal_ppo,reward,127,-1283.723388671875
terminal_ppo,reward,127,-1283.723388671875
terminal_ppo,reward,128,-1283.723388671875
terminal_ppo,reward,128,-1283.723388671875
terminal_ppo,reward,128,-1283.723388671875
terminal_ppo,reward,129,-1283.723388671875
terminal_ppo,reward,129,-1283.723388671875
terminal_ppo,reward,130,-1283.723388671875
terminal_ppo,reward,130,-1283.723388671875
terminal_ppo,reward,130,-1283.723388671875
terminal_ppo,reward,131,-1283.723388671875
terminal_ppo,reward,131,-1283.723388671875
terminal_ppo,reward,131,-1283.723388671875
terminal_ppo,reward,132,-1283.723388671875
terminal_ppo,reward,132,-1283.723388671875
terminal_ppo,reward,133,-1283.723388671875
terminal_ppo,reward,133,-1283.723388671875
terminal_ppo,reward,133,-1283.723388671875
terminal_ppo,reward,134,-1283.723388671875
terminal_ppo,reward,134,-1283.723388671875
terminal_ppo,reward,134,-1283.723388671875
terminal_ppo,reward,135,-1283.723388671875
terminal_ppo,reward,135,-1283.723388671875
terminal_ppo,reward,136,-1283.723388671875
terminal_ppo,reward,136,-1283.723388671875
terminal_ppo,reward,136,-1283.723388671875
terminal_ppo,reward,137,-1283.723388671875
terminal_ppo,reward,137,-1283.723388671875
terminal_ppo,reward,137,-1283.723388671875
terminal_ppo,reward,138,-1283.723388671875
terminal_ppo,reward,138,-1283.723388671875
terminal_ppo,reward,139,-1283.723388671875
terminal_ppo,reward,139,-1283.723388671875
terminal_ppo,reward,139,-1283.723388671875
terminal_ppo,reward,140,-1283.723388671875
terminal_ppo,reward,140,-1283.723388671875
terminal_ppo,reward,140,-1283.723388671875
terminal_ppo,reward,141,-1283.723388671875
terminal_ppo,reward,141,-1283.723388671875
terminal_ppo,reward,142,-1283.723388671875
terminal_ppo,reward,142,-1283.723388671875
terminal_ppo,reward,142,-1283.723388671875
terminal_ppo,reward,143,-1283.723388671875
terminal_ppo,reward,143,-1283.723388671875
terminal_ppo,reward,143,-1283.723388671875
terminal_ppo,reward,144,-1283.723388671875
terminal_ppo,reward,144,-1283.723388671875
terminal_ppo,reward,144,-1283.723388671875
terminal_ppo,reward,145,-1283.723388671875
terminal_ppo,reward,145,-1283.723388671875
terminal_ppo,reward,146,-1283.723388671875
terminal_ppo,reward,146,-1283.723388671875
terminal_ppo,reward,146,-1283.723388671875
terminal_ppo,reward,147,-1283.723388671875
terminal_ppo,reward,147,-1283.723388671875
terminal_ppo,reward,147,-1283.723388671875
terminal_ppo,reward,148,-1283.723388671875
terminal_ppo,reward,148,-1283.723388671875
terminal_ppo,reward,148,-1283.723388671875
terminal_ppo,reward,149,-1283.723388671875
terminal_ppo,reward,149,-1283.723388671875
terminal_ppo,reward,150,-1283.723388671875
terminal_ppo,reward,150,-1283.723388671875
terminal_ppo,reward,150,-1283.723388671875
terminal_ppo,reward,151,-1283.723388671875
terminal_ppo,reward,151,-1283.723388671875
terminal_ppo,reward,152,-1283.723388671875
terminal_ppo,reward,152,-1283.723388671875
terminal_ppo,reward,152,-1283.723388671875
terminal_ppo,reward,153,-1283.723388671875
terminal_ppo,reward,153,-1283.723388671875
terminal_ppo,reward,153,-1283.723388671875
terminal_ppo,reward,154,-1283.723388671875
terminal_ppo,reward,154,-1283.723388671875
terminal_ppo,reward,155,-1283.723388671875
terminal_ppo,reward,155,-1283.723388671875
terminal_ppo,reward,155,-1283.723388671875
terminal_ppo,reward,156,-1283.723388671875
terminal_ppo,reward,156,-1283.723388671875
terminal_ppo,reward,156,-1283.723388671875
terminal_ppo,reward,157,-1283.723388671875
terminal_ppo,reward,157,-1283.723388671875
terminal_ppo,reward,158,-1283.723388671875
terminal_ppo,reward,158,-1283.723388671875
terminal_ppo,reward,158,-1283.723388671875
terminal_ppo,reward,159,-1283.723388671875
terminal_ppo,reward,159,-1283.723388671875
terminal_ppo,reward,159,-1283.723388671875
terminal_ppo,reward,160,-1283.723388671875
terminal_ppo,reward,160,-1283.723388671875
terminal_ppo,reward,161,-1283.723388671875
terminal_ppo,reward,161,-1283.723388671875
terminal_ppo,reward,161,-1283.723388671875
terminal_ppo,reward,162,-1283.723388671875
terminal_ppo,reward,162,-1283.723388671875
terminal_ppo,reward,162,-1253.8577880859375
terminal_ppo,reward,163,-1253.8577880859375
terminal_ppo,reward,163,-1223.5672607421875
terminal_ppo,reward,164,-1197.5609130859375
terminal_ppo,reward,164,-1152.149658203125
terminal_ppo,reward,164,-1152.149658203125
terminal_ppo,reward,165,-1130.0390625
terminal_ppo,reward,165,-1111.4993896484375
terminal_ppo,reward,165,-1060.0028076171875
terminal_ppo,reward,166,-1060.0028076171875
terminal_ppo,reward,166,-1060.0028076171875
terminal_ppo,reward,167,-1060.0028076171875
terminal_ppo,reward,167,-1048.6263427734375
terminal_ppo,reward,167,-1048.6263427734375
terminal_ppo,reward,168,-1048.6263427734375
terminal_ppo,reward,168,-1021.862548828125
terminal_ppo,reward,168,-1006.5618286132812
terminal_ppo,reward,169,-1006.5618286132812
terminal_ppo,reward,169,-967.9884643554688
terminal_ppo,reward,169,-945.962158203125
terminal_ppo,reward,170,-945.962158203125
terminal_ppo,reward,170,-945.962158203125
terminal_ppo,reward,171,-945.962158203125
terminal_ppo,reward,171,-945.962158203125
terminal_ppo,reward,171,-945.962158203125
terminal_ppo,reward,172,-945.962158203125
terminal_ppo,reward,172,-945.962158203125
terminal_ppo,reward,172,-945.962158203125
terminal_ppo,reward,173,-945.962158203125
terminal_ppo,reward,173,-945.962158203125
terminal_ppo,reward,174,-945.962158203125
terminal_ppo,reward,174,-945.962158203125
terminal_ppo,reward,174,-945.962158203125
terminal_ppo,reward,175,-945.962158203125
terminal_ppo,reward,175,-945.962158203125
terminal_ppo,reward,175,-945.962158203125
terminal_ppo,reward,176,-945.962158203125
terminal_ppo,reward,176,-945.962158203125
terminal_ppo,reward,177,-945.962158203125
terminal_ppo,reward,177,-945.962158203125
terminal_ppo,reward,177,-945.962158203125
terminal_ppo,reward,178,-945.962158203125
terminal_ppo,reward,178,-945.962158203125
terminal_ppo,reward,178,-945.962158203125
terminal_ppo,reward,179,-945.962158203125
terminal_ppo,reward,179,-945.962158203125
terminal_ppo,reward,180,-945.962158203125
terminal_ppo,reward,180,-945.962158203125
terminal_ppo,reward,180,-945.962158203125
terminal_ppo,reward,181,-945.962158203125
terminal_ppo,reward,181,-945.962158203125
terminal_ppo,reward,181,-945.962158203125
terminal_ppo,reward,182,-945.962158203125
terminal_ppo,reward,182,-945.962158203125
terminal_ppo,reward,183,-945.962158203125
terminal_ppo,reward,183,-945.962158203125
terminal_ppo,reward,183,-945.962158203125
terminal_ppo,reward,184,-945.962158203125
terminal_ppo,reward,184,-945.962158203125
terminal_ppo,reward,184,-945.962158203125
terminal_ppo,reward,185,-945.962158203125
terminal_ppo,reward,185,-945.962158203125
terminal_ppo,reward,185,-945.962158203125
terminal_ppo,reward,186,-945.962158203125
terminal_ppo,reward,186,-945.962158203125
terminal_ppo,reward,187,-945.962158203125
terminal_ppo,reward,187,-945.962158203125
terminal_ppo,reward,187,-945.962158203125
terminal_ppo,reward,188,-945.962158203125
terminal_ppo,reward,188,-945.962158203125
terminal_ppo,reward,188,-945.962158203125
terminal_ppo,reward,189,-945.962158203125
terminal_ppo,reward,189,-945.962158203125
terminal_ppo,reward,189,-945.962158203125
terminal_ppo,reward,190,-945.962158203125
terminal_ppo,reward,190,-945.962158203125
terminal_ppo,reward,191,-945.962158203125
terminal_ppo,reward,191,-945.962158203125
terminal_ppo,reward,191,-945.962158203125
terminal_ppo,reward,192,-945.962158203125
terminal_ppo,reward,192,-945.962158203125
terminal_ppo,reward,192,-945.962158203125
terminal_ppo,reward,193,-945.962158203125
terminal_ppo,reward,193,-945.962158203125
terminal_ppo,reward,194,-945.962158203125
terminal_ppo,reward,194,-945.962158203125
terminal_ppo,reward,194,-945.962158203125
terminal_ppo,reward,195,-945.962158203125
terminal_ppo,reward,195,-945.962158203125
terminal_ppo,reward,195,-945.962158203125
terminal_ppo,reward,196,-945.962158203125
terminal_ppo,reward,196,-945.962158203125
terminal_ppo,reward,196,-945.962158203125
terminal_ppo,reward,197,-945.962158203125
terminal_ppo,reward,197,-945.962158203125
terminal_ppo,reward,198,-945.962158203125
terminal_ppo,reward,198,-945.962158203125
terminal_ppo,reward,198,-945.962158203125
terminal_ppo,reward,199,-945.962158203125
terminal_ppo,reward,199,-945.962158203125
terminal_ppo,reward,199,-945.962158203125
terminal_ppo,reward,200,-945.962158203125
terminal_ppo,reward,200,-945.962158203125
terminal_ppo,reward,201,-945.962158203125
terminal_ppo,reward,201,-945.962158203125
terminal_ppo,reward,201,-945.962158203125
terminal_ppo,reward,202,-945.962158203125
terminal_ppo,reward,202,-945.962158203125
terminal_ppo,reward,203,-945.962158203125
terminal_ppo,reward,203,-945.962158203125
terminal_ppo,reward,203,-945.962158203125
terminal_ppo,reward,204,-945.962158203125
terminal_ppo,reward,204,-945.962158203125
terminal_ppo,reward,204,-945.962158203125
terminal_ppo,reward,205,-945.962158203125
terminal_ppo,reward,205,-945.962158203125
terminal_ppo,reward,206,-945.962158203125
terminal_ppo,reward,206,-945.962158203125
terminal_ppo,reward,206,-945.962158203125
terminal_ppo,reward,207,-945.962158203125
terminal_ppo,reward,207,-945.962158203125
terminal_ppo,reward,207,-945.962158203125
terminal_ppo,reward,208,-945.962158203125
terminal_ppo,reward,208,-945.962158203125
terminal_ppo,reward,209,-945.962158203125
terminal_ppo,reward,209,-945.962158203125
terminal_ppo,reward,209,-945.962158203125
terminal_ppo,reward,210,-945.962158203125
terminal_ppo,reward,210,-945.962158203125
terminal_ppo,reward,210,-945.962158203125
terminal_ppo,reward,211,-945.962158203125
terminal_ppo,reward,211,-945.962158203125
terminal_ppo,reward,211,-945.962158203125
terminal_ppo,reward,212,-930.5911254882812
terminal_ppo,reward,212,-930.5911254882812
terminal_ppo,reward,213,-930.5911254882812
terminal_ppo,reward,213,-930.5911254882812
terminal_ppo,reward,213,-930.5911254882812
terminal_ppo,reward,214,-930.5911254882812
terminal_ppo,reward,214,-930.5911254882812
terminal_ppo,reward,214,-909.07666015625
terminal_ppo,reward,215,-909.07666015625
terminal_ppo,reward,215,-909.07666015625
terminal_ppo,reward,216,-889.36376953125
terminal_ppo,reward,216,-889.36376953125
terminal_ppo,reward,216,-889.36376953125
terminal_ppo,reward,217,-889.36376953125
terminal_ppo,reward,217,-858.386962890625
terminal_ppo,reward,217,-858.386962890625
terminal_ppo,reward,218,-858.386962890625
terminal_ppo,reward,218,-856.3132934570312
terminal_ppo,reward,219,-856.3132934570312
terminal_ppo,reward,219,-856.3132934570312
terminal_ppo,reward,219,-854.0859375
terminal_ppo,reward,220,-844.2980346679688
terminal_ppo,reward,220,-844.2980346679688
terminal_ppo,reward,220,-836.4639892578125
terminal_ppo,reward,221,-836.4639892578125
terminal_ppo,reward,221,-830.8919677734375
terminal_ppo,reward,222,-831.3822021484375
terminal_ppo,reward,222,-831.3822021484375
terminal_ppo,reward,222,-831.3822021484375
terminal_ppo,reward,223,-831.3822021484375
terminal_ppo,reward,223,-831.3822021484375
terminal_ppo,reward,223,-819.5694580078125
terminal_ppo,reward,224,-819.5694580078125
terminal_ppo,reward,224,-819.5694580078125
terminal_ppo,reward,224,-819.5694580078125
terminal_ppo,reward,225,-819.5694580078125
terminal_ppo,reward,225,-819.5694580078125
terminal_ppo,reward,226,-819.5694580078125
terminal_ppo,reward,226,-819.5694580078125
terminal_ppo,reward,226,-819.5694580078125
terminal_ppo,reward,227,-819.5694580078125
terminal_ppo,reward,227,-819.5694580078125
terminal_ppo,reward,227,-819.5694580078125
terminal_ppo,reward,228,-819.5694580078125
terminal_ppo,reward,228,-819.5694580078125
terminal_ppo,reward,229,-819.5694580078125
terminal_ppo,reward,229,-819.5694580078125
terminal_ppo,reward,229,-819.5694580078125
terminal_ppo,reward,230,-819.5694580078125
terminal_ppo,reward,230,-819.5694580078125
terminal_ppo,reward,230,-819.5694580078125
terminal_ppo,reward,231,-819.5694580078125
terminal_ppo,reward,231,-819.5694580078125
terminal_ppo,reward,232,-819.5694580078125
terminal_ppo,reward,232,-819.5694580078125
terminal_ppo,reward,232,-819.5694580078125
terminal_ppo,reward,233,-819.5694580078125
terminal_ppo,reward,233,-819.5694580078125
terminal_ppo,reward,233,-819.5694580078125
terminal_ppo,reward,234,-819.5694580078125
terminal_ppo,reward,234,-819.5694580078125
terminal_ppo,reward,235,-819.5694580078125
terminal_ppo,reward,235,-819.5694580078125
terminal_ppo,reward,235,-819.5694580078125
terminal_ppo,reward,236,-819.5694580078125
terminal_ppo,reward,236,-819.5694580078125
terminal_ppo,reward,236,-819.5694580078125
terminal_ppo,reward,237,-819.5694580078125
terminal_ppo,reward,237,-819.5694580078125
terminal_ppo,reward,238,-819.5694580078125
terminal_ppo,reward,238,-819.5694580078125
terminal_ppo,reward,238,-819.5694580078125
terminal_ppo,reward,239,-819.5694580078125
terminal_ppo,reward,239,-819.5694580078125
terminal_ppo,reward,239,-819.5694580078125
terminal_ppo,reward,240,-819.5694580078125
terminal_ppo,reward,240,-819.5694580078125
terminal_ppo,reward,240,-819.5694580078125
terminal_ppo,reward,241,-819.5694580078125
terminal_ppo,reward,241,-819.5694580078125
terminal_ppo,reward,242,-819.5694580078125
terminal_ppo,reward,242,-819.5694580078125
terminal_ppo,reward,242,-819.5694580078125
terminal_ppo,reward,243,-819.5694580078125
terminal_ppo,reward,243,-819.5694580078125
terminal_ppo,reward,243,-819.5694580078125
terminal_ppo,reward,244,-819.5694580078125
terminal_ppo,reward,244,-819.5694580078125
terminal_ppo,reward,245,-819.5694580078125
terminal_ppo,reward,245,-819.5694580078125
terminal_ppo,reward,245,-819.5694580078125
terminal_ppo,reward,246,-819.5694580078125
terminal_ppo,reward,246,-819.5694580078125
terminal_ppo,reward,246,-819.5694580078125
terminal_ppo,reward,247,-819.5694580078125
terminal_ppo,reward,247,-819.5694580078125
terminal_ppo,reward,247,-819.5694580078125
terminal_ppo,reward,248,-819.5694580078125
terminal_ppo,reward,248,-819.5694580078125
terminal_ppo,reward,248,-819.5694580078125
terminal_ppo,reward,249,-819.5694580078125
terminal_ppo,reward,249,-819.5694580078125
terminal_ppo,reward,250,-819.5694580078125
terminal_ppo,reward,250,-819.5694580078125
terminal_ppo,reward,250,-819.5694580078125
terminal_ppo,reward,251,-819.5694580078125
terminal_ppo,reward,251,-819.5694580078125
terminal_ppo,reward,251,-819.5694580078125
terminal_ppo,reward,252,-819.5694580078125
terminal_ppo,reward,252,-819.5694580078125
terminal_ppo,reward,252,-819.5694580078125
terminal_ppo,reward,253,-819.5694580078125
terminal_ppo,reward,253,-819.5694580078125
terminal_ppo,reward,254,-819.5694580078125
terminal_ppo,reward,254,-819.5694580078125
terminal_ppo,reward,254,-819.5694580078125
terminal_ppo,reward,255,-819.5694580078125
terminal_ppo,reward,255,-819.5694580078125
terminal_ppo,reward,255,-819.5694580078125
terminal_ppo,reward,256,-819.5694580078125
terminal_ppo,reward,256,-819.5694580078125
terminal_ppo,reward,257,-819.5694580078125
terminal_ppo,reward,257,-819.5694580078125
terminal_ppo,reward,257,-819.5694580078125
terminal_ppo,reward,258,-819.5694580078125
terminal_ppo,reward,258,-819.5694580078125
terminal_ppo,reward,258,-819.5694580078125
terminal_ppo,reward,259,-819.5694580078125
terminal_ppo,reward,259,-819.5694580078125
terminal_ppo,reward,260,-819.5694580078125
terminal_ppo,reward,260,-819.5694580078125
terminal_ppo,reward,260,-819.5694580078125
terminal_ppo,reward,261,-819.5694580078125
terminal_ppo,reward,261,-819.5694580078125
terminal_ppo,reward,261,-819.5694580078125
terminal_ppo,reward,262,-819.5694580078125
terminal_ppo,reward,262,-819.5694580078125
terminal_ppo,reward,263,-819.5694580078125
terminal_ppo,reward,263,-819.5694580078125
terminal_ppo,reward,263,-819.5694580078125
terminal_ppo,reward,264,-819.5694580078125
terminal_ppo,reward,264,-819.5694580078125
terminal_ppo,reward,264,-819.5694580078125
terminal_ppo,reward,265,-819.5694580078125
terminal_ppo,reward,265,-819.5694580078125
terminal_ppo,reward,265,-819.5694580078125
terminal_ppo,reward,266,-819.5694580078125
terminal_ppo,reward,266,-819.5694580078125
terminal_ppo,reward,267,-819.5694580078125
terminal_ppo,reward,267,-819.5694580078125
terminal_ppo,reward,267,-819.5694580078125
terminal_ppo,reward,268,-819.5694580078125
terminal_ppo,reward,268,-819.5694580078125
terminal_ppo,reward,268,-819.5694580078125
terminal_ppo,reward,269,-819.5694580078125
terminal_ppo,reward,269,-819.5694580078125
terminal_ppo,reward,270,-819.5694580078125
terminal_ppo,reward,270,-819.5694580078125
terminal_ppo,reward,270,-819.5694580078125
terminal_ppo,reward,271,-819.5694580078125
terminal_ppo,reward,271,-819.5694580078125
terminal_ppo,reward,271,-819.5694580078125
terminal_ppo,reward,272,-821.521484375
terminal_ppo,reward,272,-821.521484375
terminal_ppo,reward,273,-821.521484375
terminal_ppo,reward,273,-816.7115478515625
terminal_ppo,reward,273,-816.7115478515625
terminal_ppo,reward,274,-816.7115478515625
terminal_ppo,reward,274,-816.7115478515625
terminal_ppo,reward,274,-816.7115478515625
terminal_ppo,reward,275,-817.1962280273438
terminal_ppo,reward,275,-817.1962280273438
terminal_ppo,reward,275,-817.1962280273438
terminal_ppo,reward,276,-818.2872924804688
terminal_ppo,reward,276,-818.2872924804688
terminal_ppo,reward,277,-818.2872924804688
terminal_ppo,reward,277,-814.77685546875
terminal_ppo,reward,277,-812.59814453125
terminal_ppo,reward,278,-812.59814453125
terminal_ppo,reward,278,-812.59814453125
terminal_ppo,reward,278,-812.59814453125
terminal_ppo,reward,279,-812.59814453125
terminal_ppo,reward,279,-812.59814453125
terminal_ppo,reward,280,-816.5404663085938
terminal_ppo,reward,280,-816.5404663085938
terminal_ppo,reward,280,-816.5404663085938
terminal_ppo,reward,281,-813.1858520507812
terminal_ppo,reward,281,-813.1858520507812
terminal_ppo,reward,281,-813.1858520507812
terminal_ppo,reward,282,-811.973876953125
terminal_ppo,reward,282,-807.003173828125
terminal_ppo,reward,282,-807.003173828125
terminal_ppo,reward,283,-807.003173828125
terminal_ppo,reward,283,-807.003173828125
terminal_ppo,reward,284,-807.003173828125
terminal_ppo,reward,284,-807.003173828125
terminal_ppo,reward,284,-810.8875122070312
terminal_ppo,reward,285,-810.8875122070312
terminal_ppo,reward,285,-810.8875122070312
terminal_ppo,reward,285,-810.8875122070312
terminal_ppo,reward,286,-810.8875122070312
terminal_ppo,reward,286,-809.4788208007812
terminal_ppo,reward,286,-810.8543701171875
terminal_ppo,reward,287,-811.37060546875
terminal_ppo,reward,287,-811.37060546875
terminal_ppo,reward,288,-811.37060546875
terminal_ppo,reward,288,-811.37060546875
terminal_ppo,reward,288,-811.37060546875
terminal_ppo,reward,289,-811.37060546875
terminal_ppo,reward,289,-811.37060546875
terminal_ppo,reward,289,-811.37060546875
terminal_ppo,reward,290,-815.1876831054688
terminal_ppo,reward,290,-815.1876831054688
terminal_ppo,reward,290,-815.1876831054688
terminal_ppo,reward,291,-815.1876831054688
terminal_ppo,reward,291,-815.1876831054688
terminal_ppo,reward,292,-815.1876831054688
terminal_ppo,reward,292,-815.1876831054688
terminal_ppo,reward,292,-815.1876831054688
terminal_ppo,reward,293,-815.1876831054688
terminal_ppo,reward,293,-815.1876831054688
terminal_ppo,reward,293,-815.1876831054688
terminal_ppo,reward,294,-815.1876831054688
terminal_ppo,reward,294,-815.1876831054688
terminal_ppo,reward,295,-815.1876831054688
terminal_ppo,reward,295,-815.1876831054688
terminal_ppo,reward,295,-815.1876831054688
terminal_ppo,reward,296,-815.1876831054688
terminal_ppo,reward,296,-815.1876831054688
terminal_ppo,reward,296,-815.1876831054688
terminal_ppo,reward,297,-815.1876831054688
terminal_ppo,reward,297,-815.1876831054688
terminal_ppo,reward,298,-815.1876831054688
terminal_ppo,reward,298,-815.1876831054688
terminal_ppo,reward,298,-815.1876831054688
terminal_ppo,reward,299,-815.1876831054688
terminal_ppo,reward,299,-815.1876831054688
terminal_ppo,reward,299,-815.1876831054688
terminal_ppo,reward,300,-815.1876831054688
terminal_ppo,reward,300,-815.1876831054688
terminal_ppo,reward,300,-815.1876831054688
terminal_ppo,reward,301,-815.1876831054688
terminal_ppo,reward,301,-815.1876831054688
terminal_ppo,reward,302,-815.1876831054688
terminal_ppo,reward,302,-815.1876831054688
terminal_ppo,reward,302,-815.1876831054688
terminal_ppo,reward,303,-815.1876831054688
terminal_ppo,reward,303,-815.1876831054688
terminal_ppo,reward,303,-815.1876831054688
terminal_ppo,reward,304,-815.1876831054688
terminal_ppo,reward,304,-815.1876831054688
terminal_ppo,reward,304,-815.1876831054688
terminal_ppo,reward,305,-815.1876831054688
terminal_ppo,reward,305,-815.1876831054688
terminal_ppo,reward,306,-815.1876831054688
terminal_ppo,reward,306,-815.1876831054688
terminal_ppo,reward,306,-815.1876831054688
terminal_ppo,reward,307,-815.1876831054688
terminal_ppo,reward,307,-815.1876831054688
terminal_ppo,reward,307,-815.1876831054688
terminal_ppo,reward,308,-815.1876831054688
terminal_ppo,reward,308,-815.1876831054688
terminal_ppo,reward,308,-815.1876831054688
terminal_ppo,reward,309,-815.1876831054688
terminal_ppo,reward,309,-815.1876831054688
terminal_ppo,reward,310,-815.1876831054688
terminal_ppo,reward,310,-815.1876831054688
terminal_ppo,reward,310,-815.1876831054688
terminal_ppo,reward,311,-815.1876831054688
terminal_ppo,reward,311,-815.1876831054688
terminal_ppo,reward,311,-815.1876831054688
terminal_ppo,reward,312,-815.1876831054688
terminal_ppo,reward,312,-815.1876831054688
terminal_ppo,reward,312,-815.1876831054688
terminal_ppo,reward,313,-815.1876831054688
terminal_ppo,reward,313,-815.1876831054688
terminal_ppo,reward,313,-815.1876831054688
terminal_ppo,reward,314,-815.1876831054688
terminal_ppo,reward,314,-815.1876831054688
terminal_ppo,reward,315,-815.1876831054688
terminal_ppo,reward,315,-811.1521606445312
terminal_ppo,reward,315,-811.1521606445312
terminal_ppo,reward,316,-811.1521606445312
terminal_ppo,reward,316,-811.1521606445312
terminal_ppo,reward,316,-811.1521606445312
terminal_ppo,reward,317,-811.1521606445312
terminal_ppo,reward,317,-811.1521606445312
terminal_ppo,reward,317,-811.1521606445312
terminal_ppo,reward,318,-806.1214599609375
terminal_ppo,reward,318,-806.1214599609375
terminal_ppo,reward,319,-806.1214599609375
terminal_ppo,reward,319,-806.1214599609375
terminal_ppo,reward,319,-806.1214599609375
terminal_ppo,reward,320,-806.1214599609375
terminal_ppo,reward,320,-806.1214599609375
terminal_ppo,reward,320,-806.1214599609375
terminal_ppo,reward,321,-806.1214599609375
terminal_ppo,reward,321,-806.1214599609375
terminal_ppo,reward,322,-806.1214599609375
terminal_ppo,reward,322,-806.1214599609375
terminal_ppo,reward,322,-806.1214599609375
terminal_ppo,reward,323,-806.1214599609375
terminal_ppo,reward,323,-806.1214599609375
terminal_ppo,reward,323,-806.1214599609375
terminal_ppo,reward,324,-806.1214599609375
terminal_ppo,reward,324,-806.1214599609375
terminal_ppo,reward,325,-806.1214599609375
terminal_ppo,reward,325,-806.1214599609375
terminal_ppo,reward,325,-806.1214599609375
terminal_ppo,reward,326,-804.1735229492188
terminal_ppo,reward,326,-804.1735229492188
terminal_ppo,reward,326,-804.1735229492188
terminal_ppo,reward,327,-804.1735229492188
terminal_ppo,reward,327,-804.1735229492188
terminal_ppo,reward,327,-804.1735229492188
terminal_ppo,reward,328,-804.1735229492188
terminal_ppo,reward,328,-804.1735229492188
terminal_ppo,reward,329,-804.1735229492188
terminal_ppo,reward,329,-804.1735229492188
terminal_ppo,reward,329,-804.1735229492188
terminal_ppo,reward,330,-804.1735229492188
terminal_ppo,reward,330,-804.1735229492188
terminal_ppo,reward,331,-804.1735229492188
terminal_ppo,reward,331,-804.1735229492188
terminal_ppo,reward,331,-804.1735229492188
terminal_ppo,reward,332,-804.1735229492188
terminal_ppo,reward,332,-804.1735229492188
terminal_ppo,reward,332,-804.1735229492188
terminal_ppo,reward,333,-804.1735229492188
terminal_ppo,reward,333,-804.1735229492188
terminal_ppo,reward,333,-804.1735229492188
terminal_ppo,reward,334,-804.1735229492188
terminal_ppo,reward,334,-804.1735229492188
terminal_ppo,reward,335,-804.1735229492188
terminal_ppo,reward,335,-804.1735229492188
terminal_ppo,reward,335,-804.1735229492188
terminal_ppo,reward,336,-804.1735229492188
terminal_ppo,reward,336,-804.1735229492188
terminal_ppo,reward,336,-802.6273193359375
terminal_ppo,reward,337,-802.6273193359375
terminal_ppo,reward,337,-802.6273193359375
terminal_ppo,reward,338,-802.6273193359375
terminal_ppo,reward,338,-802.6273193359375
terminal_ppo,reward,338,-801.157958984375
terminal_ppo,reward,339,-801.157958984375
terminal_ppo,reward,339,-801.157958984375
terminal_ppo,reward,339,-801.157958984375
terminal_ppo,reward,340,-801.157958984375
terminal_ppo,reward,340,-801.157958984375
terminal_ppo,reward,341,-801.157958984375
terminal_ppo,reward,341,-801.157958984375
terminal_ppo,reward,341,-801.157958984375
terminal_ppo,reward,342,-801.157958984375
terminal_ppo,reward,342,-801.157958984375
terminal_ppo,reward,342,-803.4827880859375
terminal_ppo,reward,343,-801.7280883789062
terminal_ppo,reward,343,-803.9650268554688
terminal_ppo,reward,344,-803.9650268554688
terminal_ppo,reward,344,-803.9650268554688
terminal_ppo,reward,344,-806.2258911132812
terminal_ppo,reward,345,-806.2258911132812
terminal_ppo,reward,345,-806.2258911132812
terminal_ppo,reward,345,-806.2258911132812
terminal_ppo,reward,346,-806.2258911132812
terminal_ppo,reward,346,-806.223876953125
terminal_ppo,reward,346,-807.4530029296875
terminal_ppo,reward,347,-807.4530029296875
terminal_ppo,reward,347,-807.4530029296875
terminal_ppo,reward,348,-807.4530029296875
terminal_ppo,reward,348,-807.4530029296875
terminal_ppo,reward,348,-806.9534912109375
terminal_ppo,reward,349,-806.9534912109375
terminal_ppo,reward,349,-806.9534912109375
terminal_ppo,reward,349,-806.9534912109375
terminal_ppo,reward,350,-806.9534912109375
terminal_ppo,reward,350,-806.9534912109375
terminal_ppo,reward,350,-807.581787109375
terminal_ppo,reward,351,-808.989013671875
terminal_ppo,reward,351,-808.989013671875
terminal_ppo,reward,352,-808.989013671875
terminal_ppo,reward,352,-808.989013671875
terminal_ppo,reward,352,-808.989013671875
terminal_ppo,reward,353,-808.989013671875
terminal_ppo,reward,353,-808.989013671875
terminal_ppo,reward,353,-808.989013671875
terminal_ppo,reward,354,-808.989013671875
terminal_ppo,reward,354,-808.989013671875
terminal_ppo,reward,355,-808.989013671875
terminal_ppo,reward,355,-808.989013671875
terminal_ppo,reward,355,-808.989013671875
terminal_ppo,reward,356,-808.989013671875
terminal_ppo,reward,356,-808.989013671875
terminal_ppo,reward,356,-808.989013671875
terminal_ppo,reward,357,-809.86962890625
terminal_ppo,reward,357,-809.86962890625
terminal_ppo,reward,357,-809.86962890625
terminal_ppo,reward,358,-809.86962890625
terminal_ppo,reward,358,-809.86962890625
terminal_ppo,reward,359,-809.86962890625
terminal_ppo,reward,359,-809.86962890625
terminal_ppo,reward,359,-809.86962890625
terminal_ppo,reward,360,-809.86962890625
terminal_ppo,reward,360,-809.86962890625
terminal_ppo,reward,360,-809.86962890625
terminal_ppo,reward,361,-809.86962890625
terminal_ppo,reward,361,-809.86962890625
terminal_ppo,reward,362,-809.86962890625
terminal_ppo,reward,362,-809.86962890625
terminal_ppo,reward,362,-809.86962890625
terminal_ppo,reward,363,-809.86962890625
terminal_ppo,reward,363,-809.86962890625
terminal_ppo,reward,363,-809.86962890625
terminal_ppo,reward,364,-809.86962890625
terminal_ppo,reward,364,-809.86962890625
terminal_ppo,reward,365,-809.86962890625
terminal_ppo,reward,365,-809.86962890625
terminal_ppo,reward,365,-809.86962890625
terminal_ppo,reward,366,-809.86962890625
terminal_ppo,reward,366,-809.86962890625
terminal_ppo,reward,366,-809.86962890625
terminal_ppo,reward,367,-809.86962890625
terminal_ppo,reward,367,-809.86962890625
terminal_ppo,reward,367,-809.86962890625
terminal_ppo,reward,368,-809.86962890625
terminal_ppo,reward,368,-809.86962890625
terminal_ppo,reward,369,-809.86962890625
terminal_ppo,reward,369,-809.86962890625
terminal_ppo,reward,369,-809.86962890625
terminal_ppo,reward,370,-809.86962890625
terminal_ppo,reward,370,-809.86962890625
terminal_ppo,reward,370,-810.5714721679688
terminal_ppo,reward,371,-810.5714721679688
terminal_ppo,reward,371,-810.5714721679688
terminal_ppo,reward,372,-810.5714721679688
terminal_ppo,reward,372,-805.7427368164062
terminal_ppo,reward,372,-805.7427368164062
terminal_ppo,reward,373,-805.7427368164062
terminal_ppo,reward,373,-805.7427368164062
terminal_ppo,reward,373,-805.7427368164062
terminal_ppo,reward,374,-805.7427368164062
terminal_ppo,reward,374,-805.7427368164062
terminal_ppo,reward,374,-805.7427368164062
terminal_ppo,reward,375,-805.7427368164062
terminal_ppo,reward,375,-805.7427368164062
terminal_ppo,reward,376,-805.7427368164062
terminal_ppo,reward,376,-805.7427368164062
terminal_ppo,reward,376,-805.7427368164062
terminal_ppo,reward,377,-805.7427368164062
terminal_ppo,reward,377,-805.7427368164062
terminal_ppo,reward,377,-805.7427368164062
terminal_ppo,reward,378,-805.7427368164062
terminal_ppo,reward,378,-805.7427368164062
terminal_ppo,reward,378,-805.7427368164062
terminal_ppo,reward,379,-800.7036743164062
terminal_ppo,reward,379,-800.7036743164062
terminal_ppo,reward,380,-796.0340576171875
terminal_ppo,reward,380,-796.0340576171875
terminal_ppo,reward,380,-796.0340576171875
terminal_ppo,reward,381,-796.0340576171875
terminal_ppo,reward,381,-786.178466796875
terminal_ppo,reward,381,-773.6785888671875
terminal_ppo,reward,382,-759.5958862304688
terminal_ppo,reward,382,-759.5958862304688
terminal_ppo,reward,382,-759.5958862304688
terminal_ppo,reward,383,-759.5958862304688
terminal_ppo,reward,383,-759.5958862304688
terminal_ppo,reward,384,-759.5958862304688
terminal_ppo,reward,384,-759.5958862304688
terminal_ppo,reward,384,-759.5958862304688
terminal_ppo,reward,385,-759.5958862304688
terminal_ppo,reward,385,-759.5958862304688
terminal_ppo,reward,385,-759.5958862304688
terminal_ppo,reward,386,-759.5958862304688
terminal_ppo,reward,386,-759.5958862304688
terminal_ppo,reward,387,-759.5958862304688
terminal_ppo,reward,387,-759.5958862304688
terminal_ppo,reward,387,-759.5958862304688
terminal_ppo,reward,388,-759.5958862304688
terminal_ppo,reward,388,-759.5958862304688
terminal_ppo,reward,388,-759.5958862304688
terminal_ppo,reward,389,-759.5958862304688
terminal_ppo,reward,389,-753.2220458984375
terminal_ppo,reward,389,-753.2220458984375
terminal_ppo,reward,390,-753.2220458984375
terminal_ppo,reward,390,-753.2220458984375
terminal_ppo,reward,391,-753.2220458984375
terminal_ppo,reward,391,-753.2220458984375
terminal_ppo,reward,391,-753.2220458984375
terminal_ppo,reward,392,-753.2220458984375
terminal_ppo,reward,392,-753.2220458984375
terminal_ppo,reward,392,-753.2220458984375
terminal_ppo,reward,393,-753.2220458984375
terminal_ppo,reward,393,-743.9945068359375
terminal_ppo,reward,394,-743.9945068359375
terminal_ppo,reward,394,-743.9945068359375
terminal_ppo,reward,394,-743.9945068359375
terminal_ppo,reward,395,-743.9945068359375
terminal_ppo,reward,395,-743.9945068359375
terminal_ppo,reward,395,-743.9945068359375
terminal_ppo,reward,396,-743.9945068359375
terminal_ppo,reward,396,-743.9945068359375
terminal_ppo,reward,397,-743.9945068359375
terminal_ppo,reward,397,-743.9945068359375
terminal_ppo,reward,397,-743.9945068359375
terminal_ppo,reward,398,-743.9945068359375
terminal_ppo,reward,398,-743.9945068359375
terminal_ppo,reward,398,-743.9945068359375
terminal_ppo,reward,399,-735.6661376953125
terminal_ppo,reward,399,-735.6661376953125
terminal_ppo,reward,400,-735.6661376953125
terminal_ppo,reward,400,-735.6661376953125
terminal_ppo,reward,400,-726.3072509765625
terminal_ppo,reward,401,-726.3072509765625
terminal_ppo,reward,401,-726.3072509765625
terminal_ppo,reward,401,-718.17431640625
terminal_ppo,reward,402,-718.17431640625
terminal_ppo,reward,402,-718.17431640625
terminal_ppo,reward,403,-709.8800048828125
terminal_ppo,reward,403,-696.5674438476562
terminal_ppo,reward,403,-696.5674438476562
terminal_ppo,reward,404,-685.7622680664062
terminal_ppo,reward,404,-685.7622680664062
terminal_ppo,reward,404,-685.7622680664062
terminal_ppo,reward,405,-685.7622680664062
terminal_ppo,reward,405,-685.7622680664062
terminal_ppo,reward,406,-685.7622680664062
terminal_ppo,reward,406,-671.2319946289062
terminal_ppo,reward,406,-671.2319946289062
terminal_ppo,reward,407,-671.2319946289062
terminal_ppo,reward,407,-671.2319946289062
terminal_ppo,reward,407,-671.2319946289062
terminal_ppo,reward,408,-671.2319946289062
terminal_ppo,reward,408,-671.2319946289062
terminal_ppo,reward,408,-671.2319946289062
terminal_ppo,reward,409,-671.2319946289062
terminal_ppo,reward,409,-671.2319946289062
terminal_ppo,reward,410,-671.2319946289062
terminal_ppo,reward,410,-671.2319946289062
terminal_ppo,reward,410,-671.2319946289062
terminal_ppo,reward,411,-671.2319946289062
terminal_ppo,reward,411,-671.2319946289062
terminal_ppo,reward,411,-671.2319946289062
terminal_ppo,reward,412,-671.2319946289062
terminal_ppo,reward,412,-671.2319946289062
terminal_ppo,reward,412,-671.2319946289062
terminal_ppo,reward,413,-671.2319946289062
terminal_ppo,reward,413,-671.2319946289062
terminal_ppo,reward,414,-671.2319946289062
terminal_ppo,reward,414,-671.2319946289062
terminal_ppo,reward,414,-671.2319946289062
terminal_ppo,reward,415,-671.2319946289062
terminal_ppo,reward,415,-671.2319946289062
terminal_ppo,reward,415,-671.2319946289062
terminal_ppo,reward,416,-671.2319946289062
terminal_ppo,reward,416,-671.2319946289062
terminal_ppo,reward,417,-671.2319946289062
terminal_ppo,reward,417,-671.2319946289062
terminal_ppo,reward,417,-671.2319946289062
terminal_ppo,reward,418,-671.2319946289062
terminal_ppo,reward,418,-671.2319946289062
terminal_ppo,reward,418,-671.2319946289062
terminal_ppo,reward,419,-661.0193481445312
terminal_ppo,reward,419,-661.0193481445312
terminal_ppo,reward,420,-661.0193481445312
terminal_ppo,reward,420,-661.0193481445312
terminal_ppo,reward,420,-661.0193481445312
terminal_ppo,reward,421,-661.0193481445312
terminal_ppo,reward,421,-661.0193481445312
terminal_ppo,reward,421,-661.0193481445312
terminal_ppo,reward,422,-661.0193481445312
terminal_ppo,reward,422,-661.0193481445312
terminal_ppo,reward,423,-661.0193481445312
terminal_ppo,reward,423,-661.0193481445312
terminal_ppo,reward,423,-661.0193481445312
terminal_ppo,reward,424,-661.0193481445312
terminal_ppo,reward,424,-661.0193481445312
terminal_ppo,reward,424,-661.0193481445312
terminal_ppo,reward,425,-661.0193481445312
terminal_ppo,reward,425,-661.0193481445312
terminal_ppo,reward,425,-661.0193481445312
terminal_ppo,reward,426,-652.9010620117188
terminal_ppo,reward,426,-652.9010620117188
terminal_ppo,reward,427,-652.9010620117188
terminal_ppo,reward,427,-652.9010620117188
terminal_ppo,reward,427,-652.9010620117188
terminal_ppo,reward,428,-641.6190795898438
terminal_ppo,reward,428,-641.6190795898438
terminal_ppo,reward,428,-641.6190795898438
terminal_ppo,reward,429,-641.6190795898438
terminal_ppo,reward,429,-641.6190795898438
terminal_ppo,reward,430,-641.6190795898438
terminal_ppo,reward,430,-641.6190795898438
terminal_ppo,reward,430,-641.6190795898438
terminal_ppo,reward,431,-629.116455078125
terminal_ppo,reward,431,-629.116455078125
terminal_ppo,reward,431,-622.8983154296875
terminal_ppo,reward,432,-615.5455932617188
terminal_ppo,reward,432,-608.3168334960938
terminal_ppo,reward,432,-608.3168334960938
terminal_ppo,reward,433,-608.3168334960938
terminal_ppo,reward,433,-608.3168334960938
terminal_ppo,reward,434,-608.3168334960938
terminal_ppo,reward,434,-608.3168334960938
terminal_ppo,reward,434,-608.3168334960938
terminal_ppo,reward,435,-608.3168334960938
terminal_ppo,reward,435,-608.3168334960938
terminal_ppo,reward,435,-608.3168334960938
terminal_ppo,reward,436,-608.3168334960938
terminal_ppo,reward,436,-608.3168334960938
terminal_ppo,reward,437,-608.3168334960938
terminal_ppo,reward,437,-608.3168334960938
terminal_ppo,reward,437,-608.3168334960938
terminal_ppo,reward,438,-608.3168334960938
terminal_ppo,reward,438,-608.3168334960938
terminal_ppo,reward,438,-601.7196044921875
terminal_ppo,reward,439,-581.1119384765625
terminal_ppo,reward,439,-581.1119384765625
terminal_ppo,reward,440,-581.1119384765625
terminal_ppo,reward,440,-581.1119384765625
terminal_ppo,reward,440,-581.1119384765625
terminal_ppo,reward,441,-581.1119384765625
terminal_ppo,reward,441,-561.9533081054688
terminal_ppo,reward,441,-552.7171630859375
terminal_ppo,reward,442,-552.7171630859375
terminal_ppo,reward,442,-552.7171630859375
terminal_ppo,reward,442,-552.7171630859375
terminal_ppo,reward,443,-541.0380859375
terminal_ppo,reward,443,-541.0380859375
terminal_ppo,reward,444,-528.5230712890625
terminal_ppo,reward,444,-528.5230712890625
terminal_ppo,reward,444,-528.5230712890625
terminal_ppo,reward,445,-528.5230712890625
terminal_ppo,reward,445,-528.5230712890625
terminal_ppo,reward,445,-528.5230712890625
terminal_ppo,reward,446,-528.5230712890625
terminal_ppo,reward,446,-528.5230712890625
terminal_ppo,reward,447,-528.5230712890625
terminal_ppo,reward,447,-528.5230712890625
terminal_ppo,reward,447,-528.5230712890625
terminal_ppo,reward,448,-528.5230712890625
terminal_ppo,reward,448,-528.5230712890625
terminal_ppo,reward,448,-528.5230712890625
terminal_ppo,reward,449,-528.5230712890625
terminal_ppo,reward,449,-528.5230712890625
terminal_ppo,reward,449,-528.5230712890625
terminal_ppo,reward,450,-528.5230712890625
terminal_ppo,reward,450,-528.5230712890625
terminal_ppo,reward,451,-528.5230712890625
terminal_ppo,reward,451,-528.5230712890625
terminal_ppo,reward,451,-528.5230712890625
terminal_ppo,reward,452,-528.5230712890625
terminal_ppo,reward,452,-528.5230712890625
terminal_ppo,reward,452,-528.5230712890625
terminal_ppo,reward,453,-528.5230712890625
terminal_ppo,reward,453,-528.5230712890625
terminal_ppo,reward,454,-528.5230712890625
terminal_ppo,reward,454,-528.5230712890625
terminal_ppo,reward,454,-528.5230712890625
terminal_ppo,reward,455,-528.5230712890625
terminal_ppo,reward,455,-528.5230712890625
terminal_ppo,reward,455,-528.5230712890625
terminal_ppo,reward,456,-528.5230712890625
terminal_ppo,reward,456,-528.5230712890625
terminal_ppo,reward,457,-528.5230712890625
terminal_ppo,reward,457,-528.5230712890625
terminal_ppo,reward,457,-528.5230712890625
terminal_ppo,reward,458,-528.5230712890625
terminal_ppo,reward,458,-528.5230712890625
terminal_ppo,reward,458,-528.5230712890625
terminal_ppo,reward,459,-528.5230712890625
terminal_ppo,reward,459,-528.5230712890625
terminal_ppo,reward,459,-528.5230712890625
terminal_ppo,reward,460,-528.5230712890625
terminal_ppo,reward,460,-528.5230712890625
terminal_ppo,reward,461,-528.5230712890625
terminal_ppo,reward,461,-528.5230712890625
terminal_ppo,reward,461,-528.5230712890625
terminal_ppo,reward,462,-528.5230712890625
terminal_ppo,reward,462,-528.5230712890625
terminal_ppo,reward,462,-528.5230712890625
terminal_ppo,reward,463,-528.5230712890625
terminal_ppo,reward,463,-528.5230712890625
terminal_ppo,reward,463,-520.3585205078125
terminal_ppo,reward,464,-520.3585205078125
terminal_ppo,reward,464,-520.3585205078125
terminal_ppo,reward,465,-520.3585205078125
terminal_ppo,reward,465,-520.3585205078125
terminal_ppo,reward,465,-520.3585205078125
terminal_ppo,reward,466,-520.3585205078125
terminal_ppo,reward,466,-520.3585205078125
terminal_ppo,reward,466,-520.3585205078125
terminal_ppo,reward,467,-520.3585205078125
terminal_ppo,reward,467,-520.3585205078125
terminal_ppo,reward,467,-520.3585205078125
terminal_ppo,reward,468,-520.3585205078125
terminal_ppo,reward,468,-511.9615478515625
terminal_ppo,reward,469,-511.9615478515625
terminal_ppo,reward,469,-511.9615478515625
terminal_ppo,reward,469,-491.2293395996094
terminal_ppo,reward,470,-491.2293395996094
terminal_ppo,reward,470,-491.2293395996094
terminal_ppo,reward,470,-485.8270568847656
terminal_ppo,reward,471,-485.8270568847656
terminal_ppo,reward,471,-485.8270568847656
terminal_ppo,reward,472,-481.4822082519531
terminal_ppo,reward,472,-477.6733703613281
terminal_ppo,reward,472,-477.6733703613281
terminal_ppo,reward,473,-477.6733703613281
terminal_ppo,reward,473,-477.6733703613281
terminal_ppo,reward,473,-474.010009765625
terminal_ppo,reward,474,-474.010009765625
terminal_ppo,reward,474,-474.010009765625
terminal_ppo,reward,475,-472.8701171875
terminal_ppo,reward,475,-473.7237548828125
terminal_ppo,reward,475,-473.7237548828125
terminal_ppo,reward,476,-473.7237548828125
terminal_ppo,reward,476,-473.7237548828125
terminal_ppo,reward,476,-473.7237548828125
terminal_ppo,reward,477,-469.8611755371094
terminal_ppo,reward,477,-466.5582275390625
terminal_ppo,reward,478,-466.5582275390625
terminal_ppo,reward,478,-466.5582275390625
terminal_ppo,reward,478,-466.5582275390625
terminal_ppo,reward,479,-466.5582275390625
terminal_ppo,reward,479,-466.5582275390625
terminal_ppo,reward,479,-466.5582275390625
terminal_ppo,reward,480,-464.1450500488281
terminal_ppo,reward,480,-464.1450500488281
terminal_ppo,reward,480,-464.1450500488281
terminal_ppo,reward,481,-464.1450500488281
terminal_ppo,reward,481,-464.1450500488281
terminal_ppo,reward,482,-464.1450500488281
terminal_ppo,reward,482,-464.1450500488281
terminal_ppo,reward,482,-464.1450500488281
terminal_ppo,reward,483,-464.1450500488281
terminal_ppo,reward,483,-464.1450500488281
terminal_ppo,reward,483,-464.1450500488281
terminal_ppo,reward,484,-464.1450500488281
terminal_ppo,reward,484,-464.1450500488281
terminal_ppo,reward,484,-464.1450500488281
terminal_ppo,reward,485,-464.1450500488281
terminal_ppo,reward,485,-464.1450500488281
terminal_ppo,reward,486,-464.1450500488281
terminal_ppo,reward,486,-464.1450500488281
terminal_ppo,reward,486,-464.1450500488281
terminal_ppo,reward,487,-464.1450500488281
terminal_ppo,reward,487,-464.1450500488281
terminal_ppo,reward,487,-464.1450500488281
terminal_ppo,reward,488,-464.1450500488281
terminal_ppo,reward,488,-464.1450500488281
terminal_ppo,reward,488,-464.1450500488281
terminal_ppo,reward,489,-464.1450500488281
terminal_ppo,reward,489,-464.1450500488281
terminal_ppo,reward,490,-459.7988586425781
terminal_ppo,reward,490,-459.7988586425781
terminal_ppo,reward,490,-459.7988586425781
terminal_ppo,reward,491,-459.7988586425781
terminal_ppo,reward,491,-459.7988586425781
terminal_ppo,reward,491,-459.7988586425781
terminal_ppo,reward,492,-459.7988586425781
terminal_ppo,reward,492,-459.7988586425781
terminal_ppo,reward,493,-459.7988586425781
terminal_ppo,reward,493,-459.7988586425781
terminal_ppo,reward,493,-459.7988586425781
terminal_ppo,reward,494,-459.7988586425781
terminal_ppo,reward,494,-459.7988586425781
terminal_ppo,reward,494,-459.7988586425781
terminal_ppo,reward,495,-459.7988586425781
terminal_ppo,reward,495,-459.7988586425781
terminal_ppo,reward,495,-459.7162780761719
terminal_ppo,reward,496,-459.7162780761719
terminal_ppo,reward,496,-459.7162780761719
terminal_ppo,reward,497,-454.75750732421875
terminal_ppo,reward,497,-454.75750732421875
terminal_ppo,reward,497,-454.75750732421875
terminal_ppo,reward,498,-454.75750732421875
terminal_ppo,reward,498,-454.75750732421875
terminal_ppo,reward,498,-454.75750732421875
terminal_ppo,reward,499,-454.75750732421875
terminal_ppo,reward,499,-453.6664733886719
terminal_ppo,reward,500,-451.00030517578125
terminal_ppo,reward,500,-451.00030517578125
terminal_ppo,reward,500,-451.00030517578125
terminal_ppo,reward,501,-451.00030517578125
terminal_ppo,reward,501,-451.00030517578125
terminal_ppo,reward,501,-451.00030517578125
terminal_ppo,reward,502,-446.2316589355469
terminal_ppo,reward,502,-446.2316589355469
terminal_ppo,reward,503,-446.2316589355469
terminal_ppo,reward,503,-442.5916748046875
terminal_ppo,reward,503,-440.2538757324219
terminal_ppo,reward,504,-440.2538757324219
terminal_ppo,reward,504,-436.1474914550781
terminal_ppo,reward,504,-436.1474914550781
terminal_ppo,reward,505,-436.1474914550781
terminal_ppo,reward,505,-436.1474914550781
terminal_ppo,reward,506,-436.1474914550781
terminal_ppo,reward,506,-431.4240417480469
terminal_ppo,reward,506,-431.4240417480469
terminal_ppo,reward,507,-431.4240417480469
terminal_ppo,reward,507,-431.4240417480469
terminal_ppo,reward,507,-431.4240417480469
terminal_ppo,reward,508,-431.4240417480469
terminal_ppo,reward,508,-431.4240417480469
terminal_ppo,reward,509,-431.4240417480469
terminal_ppo,reward,509,-431.4240417480469
terminal_ppo,reward,509,-431.4240417480469
terminal_ppo,reward,510,-430.2642517089844
terminal_ppo,reward,510,-430.2642517089844
terminal_ppo,reward,510,-430.2642517089844
terminal_ppo,reward,511,-430.2642517089844
terminal_ppo,reward,511,-418.4435119628906
terminal_ppo,reward,511,-412.59381103515625
terminal_ppo,reward,512,-412.59381103515625
terminal_ppo,reward,512,-412.59381103515625
terminal_ppo,reward,513,-412.59381103515625
terminal_ppo,reward,513,-409.3277282714844
terminal_ppo,reward,513,-409.3277282714844
terminal_ppo,reward,514,-409.3277282714844
terminal_ppo,reward,514,-409.3277282714844
terminal_ppo,reward,515,-409.3277282714844
terminal_ppo,reward,515,-409.3277282714844
terminal_ppo,reward,515,-409.3277282714844
terminal_ppo,reward,516,-409.3277282714844
terminal_ppo,reward,516,-409.3277282714844
terminal_ppo,reward,516,-409.3277282714844
terminal_ppo,reward,517,-409.3277282714844
terminal_ppo,reward,517,-409.3277282714844
terminal_ppo,reward,518,-409.3277282714844
terminal_ppo,reward,518,-409.3277282714844
terminal_ppo,reward,518,-409.3277282714844
terminal_ppo,reward,519,-409.3277282714844
terminal_ppo,reward,519,-409.3277282714844
terminal_ppo,reward,519,-409.3277282714844
terminal_ppo,reward,520,-409.3277282714844
terminal_ppo,reward,520,-409.3277282714844
terminal_ppo,reward,520,-409.3277282714844
terminal_ppo,reward,521,-409.3277282714844
terminal_ppo,reward,521,-409.3277282714844
terminal_ppo,reward,522,-409.3277282714844
terminal_ppo,reward,522,-409.3277282714844
terminal_ppo,reward,522,-405.9358215332031
terminal_ppo,reward,523,-405.9358215332031
terminal_ppo,reward,523,-405.9358215332031
terminal_ppo,reward,523,-405.9358215332031
terminal_ppo,reward,524,-405.9358215332031
terminal_ppo,reward,524,-405.9358215332031
terminal_ppo,reward,525,-405.9358215332031
terminal_ppo,reward,525,-405.9358215332031
terminal_ppo,reward,525,-405.9358215332031
terminal_ppo,reward,526,-405.9358215332031
terminal_ppo,reward,526,-405.9358215332031
terminal_ppo,reward,526,-405.9358215332031
terminal_ppo,reward,527,-405.9358215332031
terminal_ppo,reward,527,-405.9358215332031
terminal_ppo,reward,527,-405.9358215332031
terminal_ppo,reward,528,-405.9358215332031
terminal_ppo,reward,528,-405.9358215332031
terminal_ppo,reward,529,-405.9358215332031
terminal_ppo,reward,529,-405.9358215332031
terminal_ppo,reward,529,-405.9358215332031
terminal_ppo,reward,530,-405.9358215332031
terminal_ppo,reward,530,-390.67669677734375
terminal_ppo,reward,530,-388.3729553222656
terminal_ppo,reward,531,-388.3729553222656
terminal_ppo,reward,531,-388.3729553222656
terminal_ppo,reward,531,-388.3729553222656
terminal_ppo,reward,532,-381.47369384765625
terminal_ppo,reward,532,-381.47369384765625
terminal_ppo,reward,533,-375.8593444824219
terminal_ppo,reward,533,-375.8593444824219
terminal_ppo,reward,533,-375.8593444824219
terminal_ppo,reward,534,-366.5647277832031
terminal_ppo,reward,534,-366.5647277832031
terminal_ppo,reward,534,-366.5647277832031
terminal_ppo,reward,535,-348.9711608886719
terminal_ppo,reward,535,-348.9711608886719
terminal_ppo,reward,536,-348.9711608886719
terminal_ppo,reward,536,-341.41131591796875
terminal_ppo,reward,536,-341.41131591796875
terminal_ppo,reward,537,-341.41131591796875
terminal_ppo,reward,537,-341.41131591796875
terminal_ppo,reward,537,-341.41131591796875
terminal_ppo,reward,538,-341.41131591796875
terminal_ppo,reward,538,-341.41131591796875
terminal_ppo,reward,539,-341.41131591796875
terminal_ppo,reward,539,-341.41131591796875
terminal_ppo,reward,539,-341.41131591796875
terminal_ppo,reward,540,-341.41131591796875
terminal_ppo,reward,540,-335.275390625
terminal_ppo,reward,540,-335.275390625
terminal_ppo,reward,541,-335.275390625
terminal_ppo,reward,541,-325.3753967285156
terminal_ppo,reward,542,-325.3753967285156
terminal_ppo,reward,542,-325.3753967285156
terminal_ppo,reward,542,-325.3753967285156
terminal_ppo,reward,543,-325.3753967285156
terminal_ppo,reward,543,-311.2819519042969
terminal_ppo,reward,543,-311.2819519042969
terminal_ppo,reward,544,-295.55364990234375
terminal_ppo,reward,544,-295.55364990234375
terminal_ppo,reward,545,-295.55364990234375
terminal_ppo,reward,545,-295.55364990234375
terminal_ppo,reward,545,-295.55364990234375
terminal_ppo,reward,546,-295.55364990234375
terminal_ppo,reward,546,-295.55364990234375
terminal_ppo,reward,546,-295.55364990234375
terminal_ppo,reward,547,-295.55364990234375
terminal_ppo,reward,547,-295.55364990234375
terminal_ppo,reward,548,-295.55364990234375
terminal_ppo,reward,548,-295.55364990234375
terminal_ppo,reward,548,-295.55364990234375
terminal_ppo,reward,549,-295.55364990234375
terminal_ppo,reward,549,-295.55364990234375
terminal_ppo,reward,549,-295.55364990234375
terminal_ppo,reward,550,-295.55364990234375
terminal_ppo,reward,550,-295.55364990234375
bc_ppo_old,gu,169,71.02156066894531
bc_ppo_old,gu,170,69.87583923339844
bc_ppo_old,gu,171,70.4990463256836
bc_ppo_old,gu,172,70.4990463256836
bc_ppo_old,gu,173,70.4990463256836
bc_ppo_old,gu,174,69.01579284667969
bc_ppo_old,gu,175,69.19483947753906
bc_ppo_old,gu,176,66.572265625
bc_ppo_old,gu,177,68.56074523925781
bc_ppo_old,gu,178,68.56074523925781
bc_ppo_old,gu,179,68.56074523925781
bc_ppo_old,gu,180,68.56074523925781
bc_ppo_old,gu,181,68.56074523925781
bc_ppo_old,gu,182,68.56074523925781
bc_ppo_old,gu,183,68.56074523925781
bc_ppo_old,gu,184,68.56074523925781
bc_ppo_old,gu,185,68.56074523925781
bc_ppo_old,gu,186,68.56074523925781
bc_ppo_old,gu,187,68.56074523925781
bc_ppo_old,gu,188,68.56074523925781
bc_ppo_old,gu,189,68.56074523925781
bc_ppo_old,gu,190,68.56074523925781
bc_ppo_old,gu,191,68.56074523925781
bc_ppo_old,gu,192,68.56074523925781
bc_ppo_old,gu,193,68.56074523925781
bc_ppo_old,gu,194,68.56074523925781
bc_ppo_old,gu,195,68.56074523925781
bc_ppo_old,gu,196,68.56074523925781
bc_ppo_old,gu,197,68.56074523925781
bc_ppo_old,gu,198,68.56074523925781
bc_ppo_old,gu,199,68.56074523925781
bc_ppo_old,scratch,169,0.5344381332397461
bc_ppo_old,scratch,170,0.6956448554992676
bc_ppo_old,scratch,171,0.2689029574394226
bc_ppo_old,scratch,172,0.2689029574394226
bc_ppo_old,scratch,173,0.2689029574394226
bc_ppo_old,scratch,174,0.832400918006897
bc_ppo_old,scratch,175,0.4254764914512634
bc_ppo_old,scratch,176,0.703321099281311
bc_ppo_old,scratch,177,0.5575060248374939
bc_ppo_old,scratch,178,0.5575060248374939
bc_ppo_old,scratch,179,0.5575060248374939
bc_ppo_old,scratch,180,0.5575060248374939
bc_ppo_old,scratch,181,0.5575060248374939
bc_ppo_old,scratch,182,0.5575060248374939
bc_ppo_old,scratch,183,0.5575060248374939
bc_ppo_old,scratch,184,0.5575060248374939
bc_ppo_old,scratch,185,0.5575060248374939
bc_ppo_old,scratch,186,0.5575060248374939
bc_ppo_old,scratch,187,0.5575060248374939
bc_ppo_old,scratch,188,0.5575060248374939
bc_ppo_old,scratch,189,0.5575060248374939
bc_ppo_old,scratch,190,0.5575060248374939
bc_ppo_old,scratch,191,0.5575060248374939
bc_ppo_old,scratch,192,0.5575060248374939
bc_ppo_old,scratch,193,0.5575060248374939
bc_ppo_old,scratch,194,0.5575060248374939
bc_ppo_old,scratch,195,0.5575060248374939
bc_ppo_old,scratch,196,0.5575060248374939
bc_ppo_old,scratch,197,0.5575060248374939
bc_ppo_old,scratch,198,0.5575060248374939
bc_ppo_old,scratch,199,0.5575060248374939
bc_ppo_old,reward,169,-1698.141845703125
bc_ppo_old,reward,170,-1709.3486328125
bc_ppo_old,reward,171,-1675.6256103515625
bc_ppo_old,reward,172,-1675.6256103515625
bc_ppo_old,reward,173,-1675.6256103515625
bc_ppo_old,reward,174,-1672.0198974609375
bc_ppo_old,reward,175,-1684.1572265625
bc_ppo_old,reward,176,-1672.8382568359375
bc_ppo_old,reward,177,-1670.757568359375
bc_ppo_old,reward,178,-1670.757568359375
bc_ppo_old,reward,179,-1670.757568359375
bc_ppo_old,reward,180,-1670.757568359375
bc_ppo_old,reward,181,-1670.757568359375
bc_ppo_old,reward,182,-1670.757568359375
bc_ppo_old,reward,183,-1670.757568359375
bc_ppo_old,reward,184,-1670.757568359375
bc_ppo_old,reward,185,-1670.757568359375
bc_ppo_old,reward,186,-1670.757568359375
bc_ppo_old,reward,187,-1670.757568359375
bc_ppo_old,reward,188,-1670.757568359375
bc_ppo_old,reward,189,-1670.757568359375
bc_ppo_old,reward,190,-1670.757568359375
bc_ppo_old,reward,191,-1670.757568359375
bc_ppo_old,reward,192,-1670.757568359375
bc_ppo_old,reward,193,-1670.757568359375
bc_ppo_old,reward,194,-1670.757568359375
bc_ppo_old,reward,195,-1670.757568359375
bc_ppo_old,reward,196,-1670.757568359375
bc_ppo_old,reward,197,-1670.757568359375
bc_ppo_old,reward,198,-1670.757568359375
bc_ppo_old,reward,199,-1670.757568359375
bc_ppo_old,reward,150,-1698.141845703125
bc_ppo_old,reward,151,-1709.3486328125
bc_ppo_old,reward,152,-1675.6256103515625
bc_ppo_old,reward,153,-1675.6256103515625
bc_ppo_old,reward,154,-1675.6256103515625
bc_ppo_old,reward,155,-1672.0198974609375
bc_ppo_old,reward,156,-1684.1572265625
bc_ppo_old,reward,157,-1672.8382568359375
bc_ppo_old,reward,158,-1670.757568359375
bc_ppo_old,reward,159,-1670.757568359375
bc_ppo_old,reward,160,-1670.757568359375
bc_ppo_old,reward,161,-1670.757568359375
bc_ppo_old,reward,162,-1670.757568359375
bc_ppo_old,reward,163,-1670.757568359375
bc_ppo_old,reward,164,-1670.757568359375
bc_ppo_old,reward,165,-1670.757568359375
bc_ppo_old,reward,166,-1670.757568359375
bc_ppo_old,reward,167,-1670.757568359375
bc_ppo_old,reward,168,-1670.757568359375
bc_ppo_old,reward,169,-1670.757568359375
bc_ppo_old,reward,170,-1670.757568359375
bc_ppo_old,reward,171,-1670.757568359375
bc_ppo_old,reward,172,-1670.757568359375
bc_ppo_old,reward,173,-1670.757568359375
bc_ppo_old,reward,174,-1670.757568359375
bc_ppo_old,reward,175,-1670.757568359375
bc_ppo_old,reward,176,-1670.757568359375
bc_ppo_old,reward,177,-1670.757568359375
bc_ppo_old,reward,178,-1670.757568359375
bc_ppo_old,reward,180,-1670.757568359375
bc_ppo_old,reward,180,-1670.757568359375
bc_ppo_old,gu,199,68.56074523925781
bc_ppo_old,gu,200,68.56074523925781
bc_ppo_old,gu,201,68.56074523925781
bc_ppo_old,gu,202,68.56074523925781
bc_ppo_old,gu,203,68.56074523925781
bc_ppo_old,gu,204,68.56074523925781
bc_ppo_old,gu,205,68.56074523925781
bc_ppo_old,gu,206,68.56074523925781
bc_ppo_old,gu,207,68.56074523925781
bc_ppo_old,gu,208,68.56074523925781
bc_ppo_old,gu,209,68.56074523925781
bc_ppo_old,gu,210,68.56074523925781
bc_ppo_old,gu,211,68.56074523925781
bc_ppo_old,gu,212,68.56074523925781
bc_ppo_old,gu,213,68.56074523925781
bc_ppo_old,gu,214,68.56074523925781
bc_ppo_old,gu,215,68.56074523925781
bc_ppo_old,gu,216,68.56074523925781
bc_ppo_old,gu,217,68.56074523925781
bc_ppo_old,gu,218,68.56074523925781
bc_ppo_old,gu,219,68.56074523925781
bc_ppo_old,gu,220,68.56074523925781
bc_ppo_old,gu,221,68.56074523925781
bc_ppo_old,gu,222,68.56074523925781
bc_ppo_old,gu,223,68.56074523925781
bc_ppo_old,gu,224,68.56074523925781
bc_ppo_old,gu,225,68.56074523925781
bc_ppo_old,gu,226,68.56074523925781
bc_ppo_old,gu,227,68.56074523925781
bc_ppo_old,gu,228,68.56074523925781
bc_ppo_old,gu,229,68.56074523925781
bc_ppo_old,gu,230,68.56074523925781
bc_ppo_old,gu,231,68.56074523925781
bc_ppo_old,gu,232,68.56074523925781
bc_ppo_old,gu,233,68.56074523925781
bc_ppo_old,gu,234,68.56074523925781
bc_ppo_old,gu,235,68.56074523925781
bc_ppo_old,gu,236,68.56074523925781
bc_ppo_old,gu,237,68.56074523925781
bc_ppo_old,gu,238,68.56074523925781
bc_ppo_old,gu,239,68.56074523925781
bc_ppo_old,gu,240,68.56074523925781
bc_ppo_old,gu,241,68.56074523925781
bc_ppo_old,gu,242,68.56074523925781
bc_ppo_old,gu,243,68.56074523925781
bc_ppo_old,gu,244,68.56074523925781
bc_ppo_old,gu,245,68.56074523925781
bc_ppo_old,gu,246,68.56074523925781
bc_ppo_old,gu,247,68.56074523925781
bc_ppo_old,gu,248,68.56074523925781
bc_ppo_old,gu,249,68.56074523925781
bc_ppo_old,gu,250,68.56074523925781
bc_ppo_old,gu,251,68.56074523925781
bc_ppo_old,gu,252,68.56074523925781
bc_ppo_old,gu,253,68.56074523925781
bc_ppo_old,gu,254,68.56074523925781
bc_ppo_old,gu,255,68.56074523925781
bc_ppo_old,gu,256,68.56074523925781
bc_ppo_old,gu,257,68.56074523925781
bc_ppo_old,gu,258,68.56074523925781
bc_ppo_old,gu,259,68.56074523925781
bc_ppo_old,gu,260,68.56074523925781
bc_ppo_old,gu,261,68.56074523925781
bc_ppo_old,gu,262,68.56074523925781
bc_ppo_old,gu,263,68.56074523925781
bc_ppo_old,gu,264,68.56074523925781
bc_ppo_old,gu,265,68.56074523925781
bc_ppo_old,gu,266,68.56074523925781
bc_ppo_old,gu,267,68.56074523925781
bc_ppo_old,gu,268,68.56074523925781
bc_ppo_old,gu,269,68.56074523925781
bc_ppo_old,gu,270,68.56074523925781
bc_ppo_old,gu,271,68.56074523925781
bc_ppo_old,gu,272,68.56074523925781
bc_ppo_old,gu,273,68.56074523925781
bc_ppo_old,gu,274,68.56074523925781
bc_ppo_old,gu,275,68.56074523925781
bc_ppo_old,gu,276,68.56074523925781
bc_ppo_old,gu,277,68.56074523925781
bc_ppo_old,gu,278,68.56074523925781
bc_ppo_old,gu,279,68.56074523925781
bc_ppo_old,gu,280,68.56074523925781
bc_ppo_old,gu,281,68.56074523925781
bc_ppo_old,gu,282,68.56074523925781
bc_ppo_old,gu,283,68.56074523925781
bc_ppo_old,gu,284,68.56074523925781
bc_ppo_old,gu,285,68.56074523925781
bc_ppo_old,gu,286,68.56074523925781
bc_ppo_old,gu,287,68.56074523925781
bc_ppo_old,gu,288,68.56074523925781
bc_ppo_old,gu,289,68.56074523925781
bc_ppo_old,gu,290,68.56074523925781
bc_ppo_old,gu,291,68.56074523925781
bc_ppo_old,gu,292,68.56074523925781
bc_ppo_old,gu,293,68.56074523925781
bc_ppo_old,gu,294,68.56074523925781
bc_ppo_old,gu,295,68.56074523925781
bc_ppo_old,gu,296,68.56074523925781
bc_ppo_old,gu,297,68.56074523925781
bc_ppo_old,gu,298,68.56074523925781
bc_ppo_old,gu,299,68.56074523925781
bc_ppo_old,gu,300,68.56074523925781
bc_ppo_old,gu,301,68.56074523925781
bc_ppo_old,gu,302,68.56074523925781
bc_ppo_old,gu,303,68.56074523925781
bc_ppo_old,gu,304,68.56074523925781
bc_ppo_old,gu,305,68.56074523925781
bc_ppo_old,gu,306,68.56074523925781
bc_ppo_old,gu,307,68.56074523925781
bc_ppo_old,gu,308,68.56074523925781
bc_ppo_old,gu,309,68.56074523925781
bc_ppo_old,gu,310,68.56074523925781
bc_ppo_old,gu,311,68.56074523925781
bc_ppo_old,gu,312,68.98677062988281
bc_ppo_old,gu,313,68.98677062988281
bc_ppo_old,gu,314,68.98677062988281
bc_ppo_old,gu,315,68.62246704101562
bc_ppo_old,gu,316,68.62246704101562
bc_ppo_old,gu,317,68.62246704101562
bc_ppo_old,gu,318,68.62246704101562
bc_ppo_old,gu,319,68.62246704101562
bc_ppo_old,gu,320,68.62246704101562
bc_ppo_old,gu,321,65.70478820800781
bc_ppo_old,gu,322,69.25340270996094
bc_ppo_old,gu,323,69.25340270996094
bc_ppo_old,gu,324,69.25340270996094
bc_ppo_old,gu,325,69.25340270996094
bc_ppo_old,gu,326,69.25340270996094
bc_ppo_old,gu,327,69.25340270996094
bc_ppo_old,gu,328,69.25340270996094
bc_ppo_old,gu,329,69.25340270996094
bc_ppo_old,gu,330,69.25340270996094
bc_ppo_old,gu,331,69.25340270996094
bc_ppo_old,gu,332,69.25340270996094
bc_ppo_old,gu,333,69.25340270996094
bc_ppo_old,gu,334,69.25340270996094
bc_ppo_old,gu,335,69.25340270996094
bc_ppo_old,gu,336,69.25340270996094
bc_ppo_old,gu,337,69.25340270996094
bc_ppo_old,gu,338,69.25340270996094
bc_ppo_old,gu,339,69.25340270996094
bc_ppo_old,gu,340,70.83845520019531
bc_ppo_old,gu,341,70.83845520019531
bc_ppo_old,gu,342,70.83845520019531
bc_ppo_old,gu,343,70.83845520019531
bc_ppo_old,gu,344,70.83845520019531
bc_ppo_old,gu,345,70.83845520019531
bc_ppo_old,gu,346,70.83845520019531
bc_ppo_old,gu,347,70.83845520019531
bc_ppo_old,gu,348,70.83845520019531
bc_ppo_old,gu,349,70.83845520019531
bc_ppo_old,gu,350,70.83845520019531
bc_ppo_old,gu,351,70.83845520019531
bc_ppo_old,gu,352,68.74017333984375
bc_ppo_old,gu,353,70.03892517089844
bc_ppo_old,gu,354,69.07948303222656
bc_ppo_old,gu,355,69.12214660644531
bc_ppo_old,gu,356,69.12214660644531
bc_ppo_old,gu,357,69.12214660644531
bc_ppo_old,gu,358,69.12214660644531
bc_ppo_old,gu,359,67.37815856933594
bc_ppo_old,gu,360,69.00596618652344
bc_ppo_old,gu,361,67.71551513671875
bc_ppo_old,gu,362,67.71551513671875
bc_ppo_old,gu,363,67.71551513671875
bc_ppo_old,gu,364,68.39271545410156
bc_ppo_old,gu,365,68.39271545410156
bc_ppo_old,gu,366,68.39271545410156
bc_ppo_old,gu,367,68.39271545410156
bc_ppo_old,gu,368,68.39271545410156
bc_ppo_old,gu,369,68.39271545410156
bc_ppo_old,gu,370,68.39271545410156
bc_ppo_old,gu,371,68.39271545410156
bc_ppo_old,gu,372,68.39271545410156
bc_ppo_old,gu,373,68.39271545410156
bc_ppo_old,gu,374,68.39271545410156
bc_ppo_old,gu,375,68.39271545410156
bc_ppo_old,gu,376,68.39271545410156
bc_ppo_old,gu,377,68.39271545410156
bc_ppo_old,gu,378,68.39271545410156
bc_ppo_old,gu,379,68.39271545410156
bc_ppo_old,gu,380,68.39271545410156
bc_ppo_old,gu,381,68.39271545410156
bc_ppo_old,gu,382,68.39271545410156
bc_ppo_old,gu,383,68.39271545410156
bc_ppo_old,gu,384,68.39271545410156
bc_ppo_old,gu,385,68.39271545410156
bc_ppo_old,gu,386,68.39271545410156
bc_ppo_old,gu,387,68.39271545410156
bc_ppo_old,gu,388,68.39271545410156
bc_ppo_old,gu,389,68.39271545410156
bc_ppo_old,gu,390,68.39271545410156
bc_ppo_old,gu,391,68.39271545410156
bc_ppo_old,gu,392,68.39271545410156
bc_ppo_old,gu,393,68.39271545410156
bc_ppo_old,gu,394,68.39271545410156
bc_ppo_old,gu,395,68.39271545410156
bc_ppo_old,gu,396,68.39271545410156
bc_ppo_old,gu,397,68.39271545410156
bc_ppo_old,gu,398,68.39271545410156
bc_ppo_old,gu,399,68.39271545410156
bc_ppo_old,gu,400,68.39271545410156
bc_ppo_old,gu,401,68.39271545410156
bc_ppo_old,gu,402,68.39271545410156
bc_ppo_old,gu,403,68.39271545410156
bc_ppo_old,gu,404,68.39271545410156
bc_ppo_old,gu,405,68.39271545410156
bc_ppo_old,gu,406,68.39271545410156
bc_ppo_old,gu,407,68.39271545410156
bc_ppo_old,gu,408,68.39271545410156
bc_ppo_old,gu,409,68.39271545410156
bc_ppo_old,gu,410,68.39271545410156
bc_ppo_old,gu,411,68.39271545410156
bc_ppo_old,gu,412,68.39271545410156
bc_ppo_old,gu,413,68.39271545410156
bc_ppo_old,gu,414,68.39271545410156
bc_ppo_old,gu,415,68.39271545410156
bc_ppo_old,gu,416,68.39271545410156
bc_ppo_old,gu,417,68.39271545410156
bc_ppo_old,gu,418,68.39271545410156
bc_ppo_old,gu,419,68.39271545410156
bc_ppo_old,gu,420,68.39271545410156
bc_ppo_old,gu,421,68.39271545410156
bc_ppo_old,gu,422,69.12361907958984
bc_ppo_old,gu,423,69.12361907958984
bc_ppo_old,gu,424,69.12361907958984
bc_ppo_old,gu,425,69.12361907958984
bc_ppo_old,gu,426,69.12361907958984
bc_ppo_old,gu,427,69.12361907958984
bc_ppo_old,gu,428,69.12361907958984
bc_ppo_old,gu,429,69.12361907958984
bc_ppo_old,gu,430,69.12361907958984
bc_ppo_old,gu,431,69.12361907958984
bc_ppo_old,gu,432,69.12361907958984
bc_ppo_old,gu,433,69.12361907958984
bc_ppo_old,gu,434,69.12361907958984
bc_ppo_old,gu,435,69.12361907958984
bc_ppo_old,gu,436,67.43395233154297
bc_ppo_old,gu,437,67.43395233154297
bc_ppo_old,gu,438,67.43395233154297
bc_ppo_old,gu,439,67.43395233154297
bc_ppo_old,gu,440,67.43395233154297
bc_ppo_old,gu,441,67.43395233154297
bc_ppo_old,gu,442,67.43395233154297
bc_ppo_old,gu,443,67.43395233154297
bc_ppo_old,gu,444,67.43395233154297
bc_ppo_old,gu,445,67.43395233154297
bc_ppo_old,gu,446,67.43395233154297
bc_ppo_old,gu,447,67.43395233154297
bc_ppo_old,gu,448,67.43395233154297
bc_ppo_old,gu,449,67.43395233154297
bc_ppo_old,gu,450,67.43395233154297
bc_ppo_old,gu,451,67.43395233154297
bc_ppo_old,gu,452,67.43395233154297
bc_ppo_old,gu,453,69.7389144897461
bc_ppo_old,gu,454,69.7389144897461
bc_ppo_old,gu,455,69.7389144897461
bc_ppo_old,gu,456,69.7389144897461
bc_ppo_old,gu,457,69.7389144897461
bc_ppo_old,gu,458,68.55855560302734
bc_ppo_old,gu,459,68.55855560302734
bc_ppo_old,gu,460,68.78054809570312
bc_ppo_old,gu,461,68.78054809570312
bc_ppo_old,gu,462,65.2334213256836
bc_ppo_old,gu,463,65.2334213256836
bc_ppo_old,gu,464,65.2334213256836
bc_ppo_old,gu,465,65.2334213256836
bc_ppo_old,gu,466,65.2334213256836
bc_ppo_old,gu,467,65.2334213256836
bc_ppo_old,gu,468,65.2334213256836
bc_ppo_old,gu,469,65.2334213256836
bc_ppo_old,gu,470,65.2334213256836
bc_ppo_old,gu,471,65.2334213256836
bc_ppo_old,gu,472,65.2334213256836
bc_ppo_old,gu,473,65.2334213256836
bc_ppo_old,gu,474,65.2334213256836
bc_ppo_old,gu,475,63.28693389892578
bc_ppo_old,gu,476,63.28693389892578
bc_ppo_old,gu,477,63.28693389892578
bc_ppo_old,gu,478,63.28693389892578
bc_ppo_old,gu,479,63.28693389892578
bc_ppo_old,gu,480,63.28693389892578
bc_ppo_old,gu,481,63.28693389892578
bc_ppo_old,gu,482,63.28693389892578
bc_ppo_old,gu,483,63.28693389892578
bc_ppo_old,gu,484,61.209022521972656
bc_ppo_old,gu,485,61.209022521972656
bc_ppo_old,gu,486,62.17315673828125
bc_ppo_old,gu,487,62.17315673828125
bc_ppo_old,gu,488,62.17315673828125
bc_ppo_old,gu,489,62.17315673828125
bc_ppo_old,gu,490,62.17315673828125
bc_ppo_old,gu,491,62.17315673828125
bc_ppo_old,gu,492,62.17315673828125
bc_ppo_old,gu,493,62.17315673828125
bc_ppo_old,gu,494,62.17315673828125
bc_ppo_old,gu,495,62.17315673828125
bc_ppo_old,gu,496,62.17315673828125
bc_ppo_old,gu,497,62.17315673828125
bc_ppo_old,gu,498,62.17315673828125
bc_ppo_old,gu,499,62.17315673828125
bc_ppo_old,gu,500,62.17315673828125
bc_ppo_old,gu,501,62.17315673828125
bc_ppo_old,gu,502,62.17315673828125
bc_ppo_old,gu,503,68.51997375488281
bc_ppo_old,gu,504,68.51997375488281
bc_ppo_old,gu,505,68.51997375488281
bc_ppo_old,gu,506,68.51997375488281
bc_ppo_old,gu,507,68.51997375488281
bc_ppo_old,gu,508,68.55537414550781
bc_ppo_old,gu,509,68.55537414550781
bc_ppo_old,gu,510,68.55537414550781
bc_ppo_old,gu,511,68.55537414550781
bc_ppo_old,gu,512,69.57572937011719
bc_ppo_old,gu,513,69.57572937011719
bc_ppo_old,gu,514,69.57572937011719
bc_ppo_old,gu,515,69.57572937011719
bc_ppo_old,gu,516,69.57572937011719
bc_ppo_old,gu,517,69.57572937011719
bc_ppo_old,gu,518,69.57572937011719
bc_ppo_old,gu,519,69.57572937011719
bc_ppo_old,gu,520,69.57572937011719
bc_ppo_old,gu,521,69.57572937011719
bc_ppo_old,gu,522,69.57572937011719
bc_ppo_old,gu,523,69.57572937011719
bc_ppo_old,gu,524,69.57572937011719
bc_ppo_old,gu,525,69.57572937011719
bc_ppo_old,gu,526,69.57572937011719
bc_ppo_old,gu,527,67.15642547607422
bc_ppo_old,gu,528,67.15642547607422
bc_ppo_old,gu,529,67.15642547607422
bc_ppo_old,gu,530,67.15642547607422
bc_ppo_old,gu,531,67.15642547607422
bc_ppo_old,gu,532,67.15642547607422
bc_ppo_old,gu,533,67.15642547607422
bc_ppo_old,gu,534,67.15642547607422
bc_ppo_old,gu,535,67.15642547607422
bc_ppo_old,gu,536,67.15642547607422
bc_ppo_old,gu,537,66.78279876708984
bc_ppo_old,gu,538,71.32662963867188
bc_ppo_old,gu,539,70.5606689453125
bc_ppo_old,gu,540,70.5606689453125
bc_ppo_old,gu,541,70.5606689453125
bc_ppo_old,gu,542,70.5606689453125
bc_ppo_old,gu,543,68.50666809082031
bc_ppo_old,gu,544,68.50666809082031
bc_ppo_old,gu,545,68.50666809082031
bc_ppo_old,gu,546,68.50666809082031
bc_ppo_old,gu,547,68.50666809082031
bc_ppo_old,gu,548,68.51140594482422
bc_ppo_old,gu,549,68.51140594482422
bc_ppo_old,gu,550,68.51140594482422
bc_ppo_old,gu,551,68.51140594482422
bc_ppo_old,gu,552,68.51140594482422
bc_ppo_old,gu,553,68.51140594482422
bc_ppo_old,gu,554,68.51140594482422
bc_ppo_old,gu,555,68.51140594482422
bc_ppo_old,gu,556,68.51140594482422
bc_ppo_old,gu,557,68.51140594482422
bc_ppo_old,gu,558,68.51140594482422
bc_ppo_old,gu,559,68.51140594482422
bc_ppo_old,gu,560,68.51140594482422
bc_ppo_old,gu,561,68.51140594482422
bc_ppo_old,gu,562,68.51140594482422
bc_ppo_old,gu,563,68.51140594482422
bc_ppo_old,gu,564,68.51140594482422
bc_ppo_old,gu,565,68.51140594482422
bc_ppo_old,gu,566,68.51140594482422
bc_ppo_old,gu,567,68.51140594482422
bc_ppo_old,gu,568,68.51140594482422
bc_ppo_old,gu,569,68.51140594482422
bc_ppo_old,gu,570,68.51140594482422
bc_ppo_old,gu,571,68.51140594482422
bc_ppo_old,gu,572,68.51140594482422
bc_ppo_old,gu,573,68.51140594482422
bc_ppo_old,gu,574,68.51140594482422
bc_ppo_old,gu,575,68.51140594482422
bc_ppo_old,gu,576,69.52853393554688
bc_ppo_old,gu,577,69.52853393554688
bc_ppo_old,gu,578,69.52853393554688
bc_ppo_old,gu,579,69.52853393554688
bc_ppo_old,gu,580,69.52853393554688
bc_ppo_old,gu,581,69.52853393554688
bc_ppo_old,gu,582,69.52853393554688
bc_ppo_old,gu,583,69.52853393554688
bc_ppo_old,gu,584,69.52853393554688
bc_ppo_old,gu,585,67.81463623046875
bc_ppo_old,gu,586,67.81463623046875
bc_ppo_old,gu,587,67.81463623046875
bc_ppo_old,gu,588,67.81463623046875
bc_ppo_old,gu,589,67.81463623046875
bc_ppo_old,gu,590,65.9610824584961
bc_ppo_old,gu,591,65.9610824584961
bc_ppo_old,gu,592,65.9610824584961
bc_ppo_old,gu,593,65.9610824584961
bc_ppo_old,gu,594,65.9610824584961
bc_ppo_old,gu,595,65.9610824584961
bc_ppo_old,gu,596,65.9610824584961
bc_ppo_old,gu,597,65.9610824584961
bc_ppo_old,gu,598,65.9610824584961
bc_ppo_old,gu,599,65.9610824584961
bc_ppo_old,gu,600,68.9002685546875
bc_ppo_old,gu,601,68.9002685546875
bc_ppo_old,gu,602,68.16897583007812
bc_ppo_old,gu,603,63.487640380859375
bc_ppo_old,gu,604,66.39328002929688
bc_ppo_old,gu,605,66.39328002929688
bc_ppo_old,gu,606,66.39328002929688
bc_ppo_old,gu,607,66.39328002929688
bc_ppo_old,gu,608,66.39328002929688
bc_ppo_old,gu,609,66.39328002929688
bc_ppo_old,gu,610,66.39328002929688
bc_ppo_old,gu,611,66.39328002929688
bc_ppo_old,gu,612,66.39328002929688
bc_ppo_old,gu,613,64.31429290771484
bc_ppo_old,gu,614,68.49238586425781
bc_ppo_old,gu,615,68.49238586425781
bc_ppo_old,gu,616,68.49238586425781
bc_ppo_old,gu,617,68.49238586425781
bc_ppo_old,gu,618,68.49238586425781
bc_ppo_old,gu,619,68.49238586425781
bc_ppo_old,gu,620,68.49238586425781
bc_ppo_old,gu,621,68.49238586425781
bc_ppo_old,gu,622,68.49238586425781
bc_ppo_old,gu,623,68.49238586425781
bc_ppo_old,gu,624,68.49238586425781
bc_ppo_old,gu,625,68.49238586425781
bc_ppo_old,gu,626,68.49238586425781
bc_ppo_old,gu,627,68.49238586425781
bc_ppo_old,gu,628,68.49238586425781
bc_ppo_old,gu,629,68.49238586425781
bc_ppo_old,gu,630,68.49238586425781
bc_ppo_old,gu,631,68.49238586425781
bc_ppo_old,gu,632,72.20037841796875
bc_ppo_old,gu,633,66.95512390136719
bc_ppo_old,gu,634,66.95512390136719
bc_ppo_old,gu,635,66.95512390136719
bc_ppo_old,gu,636,66.95512390136719
bc_ppo_old,gu,637,66.95512390136719
bc_ppo_old,gu,638,66.95512390136719
bc_ppo_old,gu,639,66.95512390136719
bc_ppo_old,gu,640,66.95512390136719
bc_ppo_old,gu,641,66.95512390136719
bc_ppo_old,gu,642,66.95512390136719
bc_ppo_old,gu,643,66.95512390136719
bc_ppo_old,gu,644,66.95512390136719
bc_ppo_old,gu,645,66.95512390136719
bc_ppo_old,gu,646,66.95512390136719
bc_ppo_old,gu,647,64.8905258178711
bc_ppo_old,gu,648,64.8905258178711
bc_ppo_old,gu,649,64.8905258178711
bc_ppo_old,gu,650,64.8905258178711
bc_ppo_old,gu,651,64.8905258178711
bc_ppo_old,gu,652,64.8905258178711
bc_ppo_old,gu,653,64.8905258178711
bc_ppo_old,gu,654,64.8905258178711
bc_ppo_old,gu,655,64.8905258178711
bc_ppo_old,gu,656,64.8905258178711
bc_ppo_old,gu,657,64.8905258178711
bc_ppo_old,gu,658,64.8905258178711
bc_ppo_old,gu,659,68.8839111328125
bc_ppo_old,gu,660,68.8839111328125
bc_ppo_old,gu,661,68.8839111328125
bc_ppo_old,gu,662,68.8839111328125
bc_ppo_old,gu,663,68.8839111328125
bc_ppo_old,gu,664,68.8839111328125
bc_ppo_old,gu,665,68.8839111328125
bc_ppo_old,gu,666,68.8839111328125
bc_ppo_old,gu,667,68.8839111328125
bc_ppo_old,gu,668,68.8839111328125
bc_ppo_old,gu,669,64.78341674804688
bc_ppo_old,gu,670,71.79170227050781
bc_ppo_old,gu,671,71.79170227050781
bc_ppo_old,gu,672,71.79170227050781
bc_ppo_old,gu,673,71.79170227050781
bc_ppo_old,gu,674,71.79170227050781
bc_ppo_old,gu,675,67.19041442871094
bc_ppo_old,gu,676,67.19041442871094
bc_ppo_old,gu,677,67.19041442871094
bc_ppo_old,gu,678,67.19041442871094
bc_ppo_old,gu,679,67.19041442871094
bc_ppo_old,gu,680,67.19041442871094
bc_ppo_old,gu,681,67.19041442871094
bc_ppo_old,gu,682,67.19041442871094
bc_ppo_old,gu,683,67.19041442871094
bc_ppo_old,gu,684,67.19041442871094
bc_ppo_old,gu,685,65.79173278808594
bc_ppo_old,gu,686,65.79173278808594
bc_ppo_old,gu,687,65.79173278808594
bc_ppo_old,gu,688,65.79173278808594
bc_ppo_old,gu,689,65.79173278808594
bc_ppo_old,gu,690,66.081787109375
bc_ppo_old,gu,691,66.081787109375
bc_ppo_old,gu,692,66.081787109375
bc_ppo_old,gu,693,66.081787109375
bc_ppo_old,gu,694,66.081787109375
bc_ppo_old,gu,695,66.081787109375
bc_ppo_old,gu,696,66.081787109375
bc_ppo_old,gu,697,66.081787109375
bc_ppo_old,gu,698,66.081787109375
bc_ppo_old,gu,699,62.944149017333984
bc_ppo_old,gu,700,62.944149017333984
bc_ppo_old,gu,701,62.944149017333984
bc_ppo_old,gu,702,62.944149017333984
bc_ppo_old,gu,703,62.944149017333984
bc_ppo_old,gu,704,62.944149017333984
bc_ppo_old,gu,705,62.944149017333984
bc_ppo_old,gu,706,62.944149017333984
bc_ppo_old,gu,707,70.93840026855469
bc_ppo_old,gu,708,70.93840026855469
bc_ppo_old,gu,709,70.93840026855469
bc_ppo_old,gu,710,70.93840026855469
bc_ppo_old,gu,711,70.93840026855469
bc_ppo_old,gu,712,70.93840026855469
bc_ppo_old,gu,713,70.93840026855469
bc_ppo_old,gu,714,67.86447143554688
bc_ppo_old,gu,715,64.72953796386719
bc_ppo_old,gu,716,64.72953796386719
bc_ppo_old,gu,717,64.72953796386719
bc_ppo_old,gu,718,64.72953796386719
bc_ppo_old,gu,719,66.50364685058594
bc_ppo_old,gu,720,66.50364685058594
bc_ppo_old,gu,721,66.50364685058594
bc_ppo_old,gu,722,66.50364685058594
bc_ppo_old,gu,723,66.50364685058594
bc_ppo_old,gu,724,66.50364685058594
bc_ppo_old,gu,725,66.50364685058594
bc_ppo_old,gu,726,66.50364685058594
bc_ppo_old,gu,727,66.50364685058594
bc_ppo_old,gu,728,66.50364685058594
bc_ppo_old,gu,729,66.50364685058594
bc_ppo_old,gu,730,66.50364685058594
bc_ppo_old,gu,731,66.50364685058594
bc_ppo_old,gu,732,66.50364685058594
bc_ppo_old,gu,733,66.50364685058594
bc_ppo_old,gu,734,66.50364685058594
bc_ppo_old,gu,735,66.50364685058594
bc_ppo_old,gu,736,66.50364685058594
bc_ppo_old,gu,737,66.50364685058594
bc_ppo_old,gu,738,66.50364685058594
bc_ppo_old,gu,739,62.69331359863281
bc_ppo_old,gu,740,62.69331359863281
bc_ppo_old,gu,741,62.69331359863281
bc_ppo_old,gu,742,62.69331359863281
bc_ppo_old,gu,743,62.69331359863281
bc_ppo_old,gu,744,62.69331359863281
bc_ppo_old,gu,745,71.06320190429688
bc_ppo_old,gu,746,71.06320190429688
bc_ppo_old,gu,747,71.06320190429688
bc_ppo_old,gu,748,71.06320190429688
bc_ppo_old,gu,749,71.06320190429688
bc_ppo_old,gu,750,65.09243774414062
bc_ppo_old,gu,751,65.09243774414062
bc_ppo_old,gu,752,65.09243774414062
bc_ppo_old,gu,753,65.09243774414062
bc_ppo_old,gu,754,68.14932250976562
bc_ppo_old,gu,755,68.14932250976562
bc_ppo_old,gu,756,68.14932250976562
bc_ppo_old,gu,757,68.14932250976562
bc_ppo_old,gu,758,65.69972229003906
bc_ppo_old,gu,759,65.69972229003906
bc_ppo_old,gu,760,65.69972229003906
bc_ppo_old,gu,761,65.69972229003906
bc_ppo_old,gu,762,65.69972229003906
bc_ppo_old,gu,763,65.69972229003906
bc_ppo_old,gu,764,65.69972229003906
bc_ppo_old,gu,765,65.69972229003906
bc_ppo_old,gu,766,65.69972229003906
bc_ppo_old,gu,767,65.69972229003906
bc_ppo_old,gu,768,65.69972229003906
bc_ppo_old,gu,769,65.69972229003906
bc_ppo_old,gu,770,65.69972229003906
bc_ppo_old,gu,771,65.69972229003906
bc_ppo_old,gu,772,65.69972229003906
bc_ppo_old,gu,773,65.69972229003906
bc_ppo_old,gu,774,63.30809783935547
bc_ppo_old,gu,775,63.30809783935547
bc_ppo_old,gu,776,63.30809783935547
bc_ppo_old,gu,777,66.59873962402344
bc_ppo_old,gu,778,66.59873962402344
bc_ppo_old,gu,779,66.59873962402344
bc_ppo_old,gu,780,66.59873962402344
bc_ppo_old,gu,781,66.59873962402344
bc_ppo_old,gu,782,66.59873962402344
bc_ppo_old,gu,783,66.59873962402344
bc_ppo_old,gu,784,66.59873962402344
bc_ppo_old,gu,785,66.59873962402344
bc_ppo_old,gu,786,66.59873962402344
bc_ppo_old,gu,787,63.12150192260742
bc_ppo_old,gu,788,63.12150192260742
bc_ppo_old,gu,789,63.12150192260742
bc_ppo_old,gu,790,63.12150192260742
bc_ppo_old,gu,791,63.12150192260742
bc_ppo_old,gu,792,63.12150192260742
bc_ppo_old,gu,793,63.12150192260742
bc_ppo_old,gu,794,63.12150192260742
bc_ppo_old,gu,795,63.12150192260742
bc_ppo_old,gu,796,63.12150192260742
bc_ppo_old,gu,797,63.12150192260742
bc_ppo_old,gu,798,63.12150192260742
bc_ppo_old,gu,799,63.12150192260742
bc_ppo_old,gu,800,63.12150192260742
bc_ppo_old,gu,801,66.29393005371094
bc_ppo_old,gu,802,70.15155029296875
bc_ppo_old,gu,803,70.15155029296875
bc_ppo_old,gu,804,70.15155029296875
bc_ppo_old,gu,805,70.15155029296875
bc_ppo_old,gu,806,70.15155029296875
bc_ppo_old,gu,807,60.134849548339844
bc_ppo_old,gu,808,60.134849548339844
bc_ppo_old,gu,809,60.134849548339844
bc_ppo_old,gu,810,60.134849548339844
bc_ppo_old,gu,811,60.134849548339844
bc_ppo_old,gu,812,60.134849548339844
bc_ppo_old,gu,813,60.134849548339844
bc_ppo_old,gu,814,60.134849548339844
bc_ppo_old,gu,815,68.54682922363281
bc_ppo_old,gu,816,68.54682922363281
bc_ppo_old,gu,817,68.54682922363281
bc_ppo_old,gu,818,68.54682922363281
bc_ppo_old,gu,819,56.51759338378906
bc_ppo_old,gu,820,56.51759338378906
bc_ppo_old,gu,821,67.54804992675781
bc_ppo_old,gu,822,67.54804992675781
bc_ppo_old,gu,823,67.54804992675781
bc_ppo_old,gu,824,67.54804992675781
bc_ppo_old,gu,825,67.54804992675781
bc_ppo_old,gu,826,67.54804992675781
bc_ppo_old,gu,827,67.54804992675781
bc_ppo_old,gu,828,69.3041000366211
bc_ppo_old,gu,829,69.3041000366211
bc_ppo_old,gu,830,69.3041000366211
bc_ppo_old,gu,831,69.3041000366211
bc_ppo_old,gu,832,69.3041000366211
bc_ppo_old,gu,833,69.3041000366211
bc_ppo_old,gu,834,69.3041000366211
bc_ppo_old,gu,835,69.3041000366211
bc_ppo_old,gu,836,65.97770690917969
bc_ppo_old,gu,837,65.97770690917969
bc_ppo_old,gu,838,65.97770690917969
bc_ppo_old,gu,839,65.97770690917969
bc_ppo_old,gu,840,65.97770690917969
bc_ppo_old,gu,841,65.97770690917969
bc_ppo_old,gu,842,65.97770690917969
bc_ppo_old,gu,843,65.97770690917969
bc_ppo_old,gu,844,65.97770690917969
bc_ppo_old,gu,845,65.97770690917969
bc_ppo_old,gu,846,65.97770690917969
bc_ppo_old,gu,847,65.97770690917969
bc_ppo_old,gu,848,65.97770690917969
bc_ppo_old,gu,849,65.97770690917969
bc_ppo_old,gu,850,65.97770690917969
bc_ppo_old,gu,851,65.97770690917969
bc_ppo_old,gu,852,65.97770690917969
bc_ppo_old,gu,853,65.97770690917969
bc_ppo_old,gu,854,69.53211975097656
bc_ppo_old,gu,855,69.0450439453125
bc_ppo_old,gu,856,69.0450439453125
bc_ppo_old,gu,857,69.0450439453125
bc_ppo_old,gu,858,69.0450439453125
bc_ppo_old,gu,859,69.0450439453125
bc_ppo_old,gu,860,69.0450439453125
bc_ppo_old,gu,861,69.0450439453125
bc_ppo_old,gu,862,69.0450439453125
bc_ppo_old,gu,863,69.0450439453125
bc_ppo_old,gu,864,69.0450439453125
bc_ppo_old,gu,865,69.0450439453125
bc_ppo_old,gu,866,69.0450439453125
bc_ppo_old,gu,867,69.0450439453125
bc_ppo_old,gu,868,69.0450439453125
bc_ppo_old,gu,869,69.0450439453125
bc_ppo_old,gu,870,69.0450439453125
bc_ppo_old,gu,871,69.0450439453125
bc_ppo_old,gu,872,69.0450439453125
bc_ppo_old,gu,873,69.0450439453125
bc_ppo_old,gu,874,69.0450439453125
bc_ppo_old,gu,875,69.0450439453125
bc_ppo_old,gu,876,69.0450439453125
bc_ppo_old,gu,877,69.0450439453125
bc_ppo_old,gu,878,69.0450439453125
bc_ppo_old,gu,879,69.0450439453125
bc_ppo_old,gu,880,69.0450439453125
bc_ppo_old,gu,881,69.0450439453125
bc_ppo_old,gu,882,69.0450439453125
bc_ppo_old,gu,883,69.0450439453125
bc_ppo_old,gu,884,69.0450439453125
bc_ppo_old,gu,885,69.0450439453125
bc_ppo_old,gu,886,69.0450439453125
bc_ppo_old,gu,887,69.0450439453125
bc_ppo_old,gu,888,69.0450439453125
bc_ppo_old,gu,889,69.0450439453125
bc_ppo_old,gu,890,69.0450439453125
bc_ppo_old,gu,891,69.0450439453125
bc_ppo_old,gu,892,69.0450439453125
bc_ppo_old,gu,893,69.0450439453125
bc_ppo_old,gu,894,69.0450439453125
bc_ppo_old,gu,895,69.0450439453125
bc_ppo_old,gu,896,69.0450439453125
bc_ppo_old,gu,897,69.0450439453125
bc_ppo_old,gu,898,69.0450439453125
bc_ppo_old,gu,899,69.0450439453125
bc_ppo_old,gu,900,69.0450439453125
bc_ppo_old,gu,901,69.0450439453125
bc_ppo_old,gu,902,69.0450439453125
bc_ppo_old,gu,903,69.0450439453125
bc_ppo_old,gu,904,69.0450439453125
bc_ppo_old,gu,905,69.0450439453125
bc_ppo_old,gu,906,69.7182846069336
bc_ppo_old,gu,907,69.7182846069336
bc_ppo_old,gu,908,69.7182846069336
bc_ppo_old,gu,909,69.7182846069336
bc_ppo_old,gu,910,62.96204376220703
bc_ppo_old,gu,911,62.96204376220703
bc_ppo_old,gu,912,62.96204376220703
bc_ppo_old,gu,913,62.96204376220703
bc_ppo_old,gu,914,62.96204376220703
bc_ppo_old,gu,915,62.96204376220703
bc_ppo_old,gu,916,62.96204376220703
bc_ppo_old,gu,917,62.96204376220703
bc_ppo_old,gu,918,62.96204376220703
bc_ppo_old,gu,919,62.96204376220703
bc_ppo_old,gu,920,62.96204376220703
bc_ppo_old,gu,921,62.96204376220703
bc_ppo_old,gu,922,62.96204376220703
bc_ppo_old,gu,923,62.96204376220703
bc_ppo_old,gu,924,62.96204376220703
bc_ppo_old,gu,925,62.96204376220703
bc_ppo_old,gu,926,62.96204376220703
bc_ppo_old,gu,927,62.96204376220703
bc_ppo_old,gu,928,62.96204376220703
bc_ppo_old,gu,929,62.96204376220703
bc_ppo_old,gu,930,59.09069061279297
bc_ppo_old,gu,931,59.09069061279297
bc_ppo_old,gu,932,59.09069061279297
bc_ppo_old,gu,933,68.14111328125
bc_ppo_old,gu,934,68.14111328125
bc_ppo_old,gu,935,68.14111328125
bc_ppo_old,gu,936,68.14111328125
bc_ppo_old,gu,937,68.14111328125
bc_ppo_old,gu,938,68.14111328125
bc_ppo_old,gu,939,68.14111328125
bc_ppo_old,gu,940,68.14111328125
bc_ppo_old,gu,941,68.14111328125
bc_ppo_old,gu,942,68.14111328125
bc_ppo_old,gu,943,68.14111328125
bc_ppo_old,gu,944,68.14111328125
bc_ppo_old,gu,945,68.14111328125
bc_ppo_old,gu,946,68.14111328125
bc_ppo_old,gu,947,68.94502258300781
bc_ppo_old,gu,948,68.94502258300781
bc_ppo_old,gu,949,68.94502258300781
bc_ppo_old,gu,950,68.94502258300781
bc_ppo_old,gu,951,68.94502258300781
bc_ppo_old,gu,952,70.51194763183594
bc_ppo_old,gu,953,70.51194763183594
bc_ppo_old,gu,954,70.51194763183594
bc_ppo_old,gu,955,70.51194763183594
bc_ppo_old,gu,956,70.51194763183594
bc_ppo_old,gu,957,70.51194763183594
bc_ppo_old,gu,958,70.92324829101562
bc_ppo_old,gu,959,70.92324829101562
bc_ppo_old,gu,960,70.92324829101562
bc_ppo_old,gu,961,64.17640686035156
bc_ppo_old,gu,962,67.15139770507812
bc_ppo_old,gu,963,67.15139770507812
bc_ppo_old,gu,964,67.15139770507812
bc_ppo_old,gu,965,67.15139770507812
bc_ppo_old,gu,966,67.15139770507812
bc_ppo_old,gu,967,67.15139770507812
bc_ppo_old,gu,968,67.15139770507812
bc_ppo_old,gu,969,67.15139770507812
bc_ppo_old,gu,970,67.15139770507812
bc_ppo_old,gu,971,67.625
bc_ppo_old,gu,972,67.625
bc_ppo_old,gu,973,67.625
bc_ppo_old,gu,974,67.625
bc_ppo_old,gu,975,67.625
bc_ppo_old,gu,976,69.1895980834961
bc_ppo_old,gu,977,69.1895980834961
bc_ppo_old,gu,978,69.1895980834961
bc_ppo_old,gu,979,69.1895980834961
bc_ppo_old,gu,980,69.1895980834961
bc_ppo_old,gu,981,69.1895980834961
bc_ppo_old,gu,982,69.1895980834961
bc_ppo_old,gu,983,69.1895980834961
bc_ppo_old,gu,984,69.1895980834961
bc_ppo_old,gu,985,69.1895980834961
bc_ppo_old,gu,986,69.1895980834961
bc_ppo_old,gu,987,69.1895980834961
bc_ppo_old,gu,988,69.1895980834961
bc_ppo_old,gu,989,69.1895980834961
bc_ppo_old,gu,990,69.27757263183594
bc_ppo_old,gu,991,67.1926498413086
bc_ppo_old,gu,992,67.1926498413086
bc_ppo_old,gu,993,67.1926498413086
bc_ppo_old,gu,994,67.1926498413086
bc_ppo_old,gu,995,67.1926498413086
bc_ppo_old,gu,996,67.1926498413086
bc_ppo_old,gu,997,67.1926498413086
bc_ppo_old,gu,998,67.1926498413086
bc_ppo_old,gu,999,67.1926498413086
bc_ppo_old,gu,1000,67.1926498413086
bc_ppo_old,gu,1001,67.1926498413086
bc_ppo_old,gu,1002,67.1926498413086
bc_ppo_old,gu,1003,67.1926498413086
bc_ppo_old,gu,1004,67.1926498413086
bc_ppo_old,gu,1005,70.81681823730469
bc_ppo_old,gu,1006,70.81681823730469
bc_ppo_old,gu,1007,70.81681823730469
bc_ppo_old,gu,1008,70.81681823730469
bc_ppo_old,gu,1009,70.81681823730469
bc_ppo_old,gu,1010,70.81681823730469
bc_ppo_old,gu,1011,70.81681823730469
bc_ppo_old,gu,1012,70.81681823730469
bc_ppo_old,gu,1013,70.81681823730469
bc_ppo_old,gu,1014,70.81681823730469
bc_ppo_old,gu,1015,70.81681823730469
bc_ppo_old,gu,1016,70.81681823730469
bc_ppo_old,gu,1017,70.81681823730469
bc_ppo_old,gu,1018,70.93836975097656
bc_ppo_old,gu,1019,70.93836975097656
bc_ppo_old,gu,1020,70.93836975097656
bc_ppo_old,gu,1021,70.93836975097656
bc_ppo_old,gu,1022,70.93836975097656
bc_ppo_old,gu,1023,70.93836975097656
bc_ppo_old,gu,1024,70.93836975097656
bc_ppo_old,gu,1025,70.93836975097656
bc_ppo_old,gu,1026,70.93836975097656
bc_ppo_old,gu,1027,70.93836975097656
bc_ppo_old,gu,1028,70.93836975097656
bc_ppo_old,gu,1029,70.93836975097656
bc_ppo_old,gu,1030,70.93836975097656
bc_ppo_old,gu,1031,70.93836975097656
bc_ppo_old,gu,1032,70.93836975097656
bc_ppo_old,gu,1033,70.93836975097656
bc_ppo_old,gu,1034,70.93836975097656
bc_ppo_old,gu,1035,70.93836975097656
bc_ppo_old,gu,1036,70.93836975097656
bc_ppo_old,gu,1037,70.93836975097656
bc_ppo_old,gu,1038,70.93836975097656
bc_ppo_old,gu,1039,70.93836975097656
bc_ppo_old,gu,1040,70.93836975097656
bc_ppo_old,gu,1041,70.93836975097656
bc_ppo_old,gu,1042,70.93836975097656
bc_ppo_old,gu,1043,70.93836975097656
bc_ppo_old,gu,1044,70.93836975097656
bc_ppo_old,gu,1045,70.93836975097656
bc_ppo_old,gu,1046,70.93836975097656
bc_ppo_old,gu,1047,70.93836975097656
bc_ppo_old,gu,1048,70.93836975097656
bc_ppo_old,gu,1049,70.93836975097656
bc_ppo_old,gu,1050,70.93836975097656
bc_ppo_old,gu,1051,70.93836975097656
bc_ppo_old,gu,1052,70.93836975097656
bc_ppo_old,gu,1053,70.93836975097656
bc_ppo_old,gu,1054,70.93836975097656
bc_ppo_old,gu,1055,70.93836975097656
bc_ppo_old,gu,1056,70.93836975097656
bc_ppo_old,gu,1057,70.93836975097656
bc_ppo_old,gu,1058,70.93836975097656
bc_ppo_old,gu,1059,70.93836975097656
bc_ppo_old,gu,1060,70.93836975097656
bc_ppo_old,gu,1061,70.93836975097656
bc_ppo_old,gu,1062,70.93836975097656
bc_ppo_old,gu,1063,70.93836975097656
bc_ppo_old,gu,1064,70.93836975097656
bc_ppo_old,gu,1065,70.93836975097656
bc_ppo_old,gu,1066,70.93836975097656
bc_ppo_old,gu,1067,70.93836975097656
bc_ppo_old,gu,1068,71.3236083984375
bc_ppo_old,gu,1069,67.63543701171875
bc_ppo_old,gu,1070,67.63543701171875
bc_ppo_old,gu,1071,67.63543701171875
bc_ppo_old,gu,1072,67.63543701171875
bc_ppo_old,gu,1073,67.63543701171875
bc_ppo_old,gu,1074,67.63543701171875
bc_ppo_old,gu,1075,67.63543701171875
bc_ppo_old,gu,1076,67.63543701171875
bc_ppo_old,gu,1077,67.63543701171875
bc_ppo_old,gu,1078,67.63543701171875
bc_ppo_old,gu,1079,67.63543701171875
bc_ppo_old,gu,1080,65.87727355957031
bc_ppo_old,gu,1081,67.99992370605469
bc_ppo_old,gu,1082,70.46300506591797
bc_ppo_old,gu,1083,68.26238250732422
bc_ppo_old,gu,1084,68.26238250732422
bc_ppo_old,gu,1085,68.55635070800781
bc_ppo_old,gu,1086,68.55635070800781
bc_ppo_old,gu,1087,65.61632537841797
bc_ppo_old,gu,1088,65.61632537841797
bc_ppo_old,gu,1089,65.61632537841797
bc_ppo_old,gu,1090,65.61632537841797
bc_ppo_old,gu,1091,65.61632537841797
bc_ppo_old,gu,1092,65.61632537841797
bc_ppo_old,gu,1093,65.61632537841797
bc_ppo_old,gu,1094,65.61632537841797
bc_ppo_old,gu,1095,65.61632537841797
bc_ppo_old,gu,1096,68.52581787109375
bc_ppo_old,gu,1097,68.52581787109375
bc_ppo_old,gu,1098,68.52581787109375
bc_ppo_old,gu,1099,68.52581787109375
bc_ppo_old,gu,1100,68.52581787109375
bc_ppo_old,gu,1101,66.13444519042969
bc_ppo_old,gu,1102,66.13444519042969
bc_ppo_old,gu,1103,66.13444519042969
bc_ppo_old,gu,1104,71.19661712646484
bc_ppo_old,gu,1105,71.19661712646484
bc_ppo_old,gu,1106,71.19661712646484
bc_ppo_old,gu,1107,71.19661712646484
bc_ppo_old,gu,1108,71.19661712646484
bc_ppo_old,gu,1109,71.19661712646484
bc_ppo_old,gu,1110,71.19661712646484
bc_ppo_old,gu,1111,71.19661712646484
bc_ppo_old,gu,1112,71.19661712646484
bc_ppo_old,gu,1113,66.7893295288086
bc_ppo_old,gu,1114,66.7893295288086
bc_ppo_old,gu,1115,66.7893295288086
bc_ppo_old,gu,1116,66.7893295288086
bc_ppo_old,gu,1117,66.7893295288086
bc_ppo_old,gu,1118,66.7893295288086
bc_ppo_old,gu,1119,66.7893295288086
bc_ppo_old,gu,1120,66.7893295288086
bc_ppo_old,gu,1121,66.7893295288086
bc_ppo_old,gu,1122,66.7893295288086
bc_ppo_old,gu,1123,66.7893295288086
bc_ppo_old,gu,1124,66.7893295288086
bc_ppo_old,gu,1125,66.50227355957031
bc_ppo_old,gu,1126,66.50227355957031
bc_ppo_old,gu,1127,66.50227355957031
bc_ppo_old,gu,1128,66.50227355957031
bc_ppo_old,gu,1129,66.50227355957031
bc_ppo_old,gu,1130,66.50227355957031
bc_ppo_old,gu,1131,66.50227355957031
bc_ppo_old,gu,1132,66.50227355957031
bc_ppo_old,gu,1133,66.50227355957031
bc_ppo_old,gu,1134,66.50227355957031
bc_ppo_old,gu,1135,66.50227355957031
bc_ppo_old,gu,1136,66.50227355957031
bc_ppo_old,gu,1137,66.50227355957031
bc_ppo_old,gu,1138,65.96739959716797
bc_ppo_old,gu,1139,65.96739959716797
bc_ppo_old,gu,1140,65.96739959716797
bc_ppo_old,gu,1141,65.96739959716797
bc_ppo_old,gu,1142,65.96739959716797
bc_ppo_old,gu,1143,65.96739959716797
bc_ppo_old,gu,1144,65.96739959716797
bc_ppo_old,gu,1145,65.96739959716797
bc_ppo_old,gu,1146,65.96739959716797
bc_ppo_old,gu,1147,65.96739959716797
bc_ppo_old,gu,1148,65.96739959716797
bc_ppo_old,gu,1149,65.96739959716797
bc_ppo_old,gu,1150,65.96739959716797
bc_ppo_old,gu,1151,65.96739959716797
bc_ppo_old,gu,1152,65.96739959716797
bc_ppo_old,gu,1153,65.96739959716797
bc_ppo_old,gu,1154,65.96739959716797
bc_ppo_old,gu,1155,71.66543579101562
bc_ppo_old,gu,1156,71.66543579101562
bc_ppo_old,gu,1157,71.66543579101562
bc_ppo_old,gu,1158,71.66543579101562
bc_ppo_old,gu,1159,71.66543579101562
bc_ppo_old,gu,1160,71.66543579101562
bc_ppo_old,gu,1161,71.66543579101562
bc_ppo_old,gu,1162,71.66543579101562
bc_ppo_old,gu,1163,71.66543579101562
bc_ppo_old,gu,1164,71.66543579101562
bc_ppo_old,gu,1165,71.66543579101562
bc_ppo_old,gu,1166,71.66543579101562
bc_ppo_old,gu,1167,71.66543579101562
bc_ppo_old,gu,1168,71.66543579101562
bc_ppo_old,gu,1169,71.66543579101562
bc_ppo_old,gu,1170,71.66543579101562
bc_ppo_old,gu,1171,71.66543579101562
bc_ppo_old,gu,1172,71.66543579101562
bc_ppo_old,gu,1173,71.66543579101562
bc_ppo_old,gu,1174,71.66543579101562
bc_ppo_old,gu,1175,71.66543579101562
bc_ppo_old,gu,1176,71.66543579101562
bc_ppo_old,gu,1177,71.66543579101562
bc_ppo_old,gu,1178,71.66543579101562
bc_ppo_old,gu,1179,71.66543579101562
bc_ppo_old,gu,1180,71.66543579101562
bc_ppo_old,gu,1181,71.66543579101562
bc_ppo_old,gu,1182,71.66543579101562
bc_ppo_old,gu,1183,69.92094421386719
bc_ppo_old,gu,1184,69.92094421386719
bc_ppo_old,gu,1185,69.92094421386719
bc_ppo_old,gu,1186,69.92094421386719
bc_ppo_old,gu,1187,63.180877685546875
bc_ppo_old,gu,1188,63.180877685546875
bc_ppo_old,gu,1189,63.180877685546875
bc_ppo_old,gu,1190,63.180877685546875
bc_ppo_old,gu,1191,63.180877685546875
bc_ppo_old,gu,1192,70.22819519042969
bc_ppo_old,gu,1193,70.22819519042969
bc_ppo_old,gu,1194,70.22819519042969
bc_ppo_old,gu,1195,70.22819519042969
bc_ppo_old,gu,1196,70.22819519042969
bc_ppo_old,gu,1197,70.22819519042969
bc_ppo_old,gu,1198,70.22819519042969
bc_ppo_old,gu,1199,70.22819519042969
bc_ppo_old,gu,1200,70.22819519042969
bc_ppo_old,gu,1201,70.22819519042969
bc_ppo_old,gu,1202,70.22819519042969
bc_ppo_old,gu,1203,70.22819519042969
bc_ppo_old,gu,1204,70.22819519042969
bc_ppo_old,gu,1205,70.22819519042969
bc_ppo_old,gu,1206,70.22819519042969
bc_ppo_old,gu,1207,67.12727355957031
bc_ppo_old,gu,1208,67.12727355957031
bc_ppo_old,gu,1209,67.12727355957031
bc_ppo_old,gu,1210,67.12727355957031
bc_ppo_old,gu,1211,67.12727355957031
bc_ppo_old,gu,1212,67.12727355957031
bc_ppo_old,gu,1213,65.72981262207031
bc_ppo_old,gu,1214,65.72981262207031
bc_ppo_old,gu,1215,65.72981262207031
bc_ppo_old,gu,1216,65.72981262207031
bc_ppo_old,gu,1217,65.72981262207031
bc_ppo_old,gu,1218,65.72981262207031
bc_ppo_old,gu,1219,65.72981262207031
bc_ppo_old,gu,1220,69.02360534667969
bc_ppo_old,gu,1221,69.02360534667969
bc_ppo_old,gu,1222,69.02360534667969
bc_ppo_old,gu,1223,69.02360534667969
bc_ppo_old,gu,1224,69.02360534667969
bc_ppo_old,gu,1225,69.02360534667969
bc_ppo_old,gu,1226,69.02360534667969
bc_ppo_old,gu,1227,67.73782348632812
bc_ppo_old,gu,1228,67.73782348632812
bc_ppo_old,gu,1229,70.96189880371094
bc_ppo_old,gu,1230,68.75498962402344
bc_ppo_old,gu,1231,68.75498962402344
bc_ppo_old,gu,1232,68.75498962402344
bc_ppo_old,gu,1233,68.75498962402344
bc_ppo_old,gu,1234,68.75498962402344
bc_ppo_old,gu,1235,70.66825866699219
bc_ppo_old,gu,1236,70.66825866699219
bc_ppo_old,gu,1237,70.66825866699219
bc_ppo_old,gu,1238,70.66825866699219
bc_ppo_old,gu,1239,70.66825866699219
bc_ppo_old,gu,1240,70.66825866699219
bc_ppo_old,gu,1241,70.66825866699219
bc_ppo_old,gu,1242,70.66825866699219
bc_ppo_old,gu,1243,70.66825866699219
bc_ppo_old,gu,1244,70.66825866699219
bc_ppo_old,gu,1245,70.66825866699219
bc_ppo_old,gu,1246,68.82918548583984
bc_ppo_old,gu,1247,70.11807250976562
bc_ppo_old,gu,1248,70.11807250976562
bc_ppo_old,gu,1249,70.11807250976562
bc_ppo_old,gu,1250,70.11807250976562
bc_ppo_old,gu,1251,70.11807250976562
bc_ppo_old,gu,1252,70.11807250976562
bc_ppo_old,gu,1253,70.11807250976562
bc_ppo_old,gu,1254,70.11807250976562
bc_ppo_old,gu,1255,68.49125671386719
bc_ppo_old,gu,1256,68.49125671386719
bc_ppo_old,gu,1257,68.49125671386719
bc_ppo_old,gu,1258,68.49125671386719
bc_ppo_old,gu,1259,68.49125671386719
bc_ppo_old,gu,1260,68.49125671386719
bc_ppo_old,gu,1261,66.43756103515625
bc_ppo_old,gu,1262,66.43756103515625
bc_ppo_old,gu,1263,66.43756103515625
bc_ppo_old,gu,1264,70.99696350097656
bc_ppo_old,gu,1265,70.99696350097656
bc_ppo_old,gu,1266,70.99696350097656
bc_ppo_old,gu,1267,70.99696350097656
bc_ppo_old,gu,1268,70.99696350097656
bc_ppo_old,gu,1269,70.99696350097656
bc_ppo_old,gu,1270,70.99696350097656
bc_ppo_old,gu,1271,70.99696350097656
bc_ppo_old,gu,1272,70.99696350097656
bc_ppo_old,gu,1273,70.99696350097656
bc_ppo_old,gu,1274,70.99696350097656
bc_ppo_old,gu,1275,70.99696350097656
bc_ppo_old,gu,1276,70.99696350097656
bc_ppo_old,gu,1277,70.99696350097656
bc_ppo_old,gu,1278,68.64988708496094
bc_ppo_old,gu,1279,68.64988708496094
bc_ppo_old,gu,1280,68.64988708496094
bc_ppo_old,gu,1281,68.64988708496094
bc_ppo_old,gu,1282,68.64988708496094
bc_ppo_old,gu,1283,68.64988708496094
bc_ppo_old,gu,1284,68.64988708496094
bc_ppo_old,gu,1285,68.64988708496094
bc_ppo_old,gu,1286,68.64988708496094
bc_ppo_old,gu,1287,68.64988708496094
bc_ppo_old,gu,1288,68.64988708496094
bc_ppo_old,gu,1289,68.64988708496094
bc_ppo_old,gu,1290,68.64988708496094
bc_ppo_old,gu,1291,68.64988708496094
bc_ppo_old,gu,1292,68.64988708496094
bc_ppo_old,gu,1293,68.64988708496094
bc_ppo_old,gu,1294,62.4854850769043
bc_ppo_old,gu,1295,62.4854850769043
bc_ppo_old,gu,1296,58.69601058959961
bc_ppo_old,gu,1297,58.69601058959961
bc_ppo_old,gu,1298,58.69601058959961
bc_ppo_old,gu,1299,58.69601058959961
bc_ppo_old,gu,1300,58.69601058959961
bc_ppo_old,gu,1301,58.69601058959961
bc_ppo_old,gu,1302,58.69601058959961
bc_ppo_old,gu,1303,58.69601058959961
bc_ppo_old,gu,1304,58.69601058959961
bc_ppo_old,gu,1305,58.69601058959961
bc_ppo_old,gu,1306,66.6272201538086
bc_ppo_old,gu,1307,66.6272201538086
bc_ppo_old,gu,1308,65.17108154296875
bc_ppo_old,gu,1309,65.17108154296875
bc_ppo_old,gu,1310,65.17108154296875
bc_ppo_old,gu,1311,65.17108154296875
bc_ppo_old,gu,1312,65.17108154296875
bc_ppo_old,gu,1313,65.17108154296875
bc_ppo_old,gu,1314,65.17108154296875
bc_ppo_old,gu,1315,65.17108154296875
bc_ppo_old,gu,1316,65.17108154296875
bc_ppo_old,gu,1317,65.17108154296875
bc_ppo_old,gu,1318,65.17108154296875
bc_ppo_old,gu,1319,65.17108154296875
bc_ppo_old,gu,1320,65.17108154296875
bc_ppo_old,gu,1321,65.17108154296875
bc_ppo_old,gu,1322,65.17108154296875
bc_ppo_old,gu,1323,65.17108154296875
bc_ppo_old,gu,1324,65.17108154296875
bc_ppo_old,gu,1325,65.17108154296875
bc_ppo_old,gu,1326,69.46013641357422
bc_ppo_old,gu,1327,69.46013641357422
bc_ppo_old,gu,1328,69.46013641357422
bc_ppo_old,gu,1329,69.46013641357422
bc_ppo_old,gu,1330,69.46013641357422
bc_ppo_old,gu,1331,69.46013641357422
bc_ppo_old,gu,1332,69.46013641357422
bc_ppo_old,gu,1333,69.46013641357422
bc_ppo_old,gu,1334,69.46013641357422
bc_ppo_old,gu,1335,68.23500061035156
bc_ppo_old,gu,1336,68.23500061035156
bc_ppo_old,gu,1337,68.23500061035156
bc_ppo_old,gu,1338,68.23500061035156
bc_ppo_old,gu,1339,68.23500061035156
bc_ppo_old,gu,1340,68.23500061035156
bc_ppo_old,gu,1341,68.23500061035156
bc_ppo_old,gu,1342,68.23500061035156
bc_ppo_old,gu,1343,68.23500061035156
bc_ppo_old,gu,1344,68.23500061035156
bc_ppo_old,gu,1345,68.23500061035156
bc_ppo_old,gu,1346,68.23500061035156
bc_ppo_old,gu,1347,68.23500061035156
bc_ppo_old,gu,1348,68.23500061035156
bc_ppo_old,gu,1349,68.23500061035156
bc_ppo_old,gu,1350,68.23500061035156
bc_ppo_old,gu,1351,68.23500061035156
bc_ppo_old,gu,1352,68.23500061035156
bc_ppo_old,gu,1353,68.23500061035156
bc_ppo_old,gu,1354,68.23500061035156
bc_ppo_old,gu,1355,68.23500061035156
bc_ppo_old,gu,1356,68.23500061035156
bc_ppo_old,gu,1357,68.23500061035156
bc_ppo_old,gu,1358,68.23500061035156
bc_ppo_old,gu,1359,67.53527069091797
bc_ppo_old,gu,1360,67.53527069091797
bc_ppo_old,gu,1361,67.53527069091797
bc_ppo_old,gu,1362,67.53527069091797
bc_ppo_old,gu,1363,67.53527069091797
bc_ppo_old,gu,1364,67.53527069091797
bc_ppo_old,gu,1365,67.53527069091797
bc_ppo_old,gu,1366,67.53527069091797
bc_ppo_old,gu,1367,67.53527069091797
bc_ppo_old,gu,1368,67.53527069091797
bc_ppo_old,gu,1369,67.53527069091797
bc_ppo_old,gu,1370,67.53527069091797
bc_ppo_old,gu,1371,67.53527069091797
bc_ppo_old,gu,1372,67.53527069091797
bc_ppo_old,gu,1373,67.53527069091797
bc_ppo_old,gu,1374,67.63911437988281
bc_ppo_old,gu,1375,67.63911437988281
bc_ppo_old,gu,1376,67.63911437988281
bc_ppo_old,gu,1377,67.63911437988281
bc_ppo_old,gu,1378,67.63911437988281
bc_ppo_old,gu,1379,67.63911437988281
bc_ppo_old,gu,1380,67.63911437988281
bc_ppo_old,gu,1381,67.63911437988281
bc_ppo_old,gu,1382,63.072837829589844
bc_ppo_old,gu,1383,63.072837829589844
bc_ppo_old,gu,1384,63.072837829589844
bc_ppo_old,gu,1385,63.072837829589844
bc_ppo_old,gu,1386,63.072837829589844
bc_ppo_old,gu,1387,63.072837829589844
bc_ppo_old,gu,1388,63.072837829589844
bc_ppo_old,gu,1389,63.072837829589844
bc_ppo_old,gu,1390,63.072837829589844
bc_ppo_old,gu,1391,67.14952087402344
bc_ppo_old,gu,1392,65.37405395507812
bc_ppo_old,gu,1393,69.55558776855469
bc_ppo_old,gu,1394,69.55558776855469
bc_ppo_old,gu,1395,69.55558776855469
bc_ppo_old,gu,1396,69.55558776855469
bc_ppo_old,gu,1397,69.55558776855469
bc_ppo_old,gu,1398,69.04146575927734
bc_ppo_old,gu,1399,69.04146575927734
bc_ppo_old,gu,1400,69.04146575927734
bc_ppo_old,gu,1401,69.04146575927734
bc_ppo_old,gu,1402,69.04146575927734
bc_ppo_old,gu,1403,69.04146575927734
bc_ppo_old,gu,1404,69.04146575927734
bc_ppo_old,gu,1405,69.04146575927734
bc_ppo_old,gu,1406,69.04146575927734
bc_ppo_old,gu,1407,69.04146575927734
bc_ppo_old,gu,1408,69.04146575927734
bc_ppo_old,gu,1409,69.04146575927734
bc_ppo_old,gu,1410,69.04146575927734
bc_ppo_old,gu,1411,69.04146575927734
bc_ppo_old,gu,1412,68.775390625
bc_ppo_old,gu,1413,68.775390625
bc_ppo_old,gu,1414,68.775390625
bc_ppo_old,gu,1415,68.775390625
bc_ppo_old,gu,1416,68.775390625
bc_ppo_old,gu,1417,68.775390625
bc_ppo_old,gu,1418,68.775390625
bc_ppo_old,gu,1419,68.775390625
bc_ppo_old,gu,1420,68.775390625
bc_ppo_old,gu,1421,68.775390625
bc_ppo_old,gu,1422,68.775390625
bc_ppo_old,gu,1423,68.775390625
bc_ppo_old,gu,1424,68.775390625
bc_ppo_old,gu,1425,68.775390625
bc_ppo_old,gu,1426,68.775390625
bc_ppo_old,gu,1427,68.775390625
bc_ppo_old,gu,1428,68.775390625
bc_ppo_old,gu,1429,68.775390625
bc_ppo_old,gu,1430,68.9476318359375
bc_ppo_old,gu,1431,68.9476318359375
bc_ppo_old,gu,1432,68.9476318359375
bc_ppo_old,gu,1433,68.9476318359375
bc_ppo_old,gu,1434,70.04722595214844
bc_ppo_old,gu,1435,70.04722595214844
bc_ppo_old,gu,1436,70.04722595214844
bc_ppo_old,gu,1437,70.04722595214844
bc_ppo_old,gu,1438,70.04722595214844
bc_ppo_old,gu,1439,68.1265869140625
bc_ppo_old,gu,1440,68.1265869140625
bc_ppo_old,gu,1441,68.1265869140625
bc_ppo_old,gu,1442,68.1265869140625
bc_ppo_old,gu,1443,68.1265869140625
bc_ppo_old,gu,1444,68.1265869140625
bc_ppo_old,gu,1445,68.1265869140625
bc_ppo_old,gu,1446,68.1265869140625
bc_ppo_old,gu,1447,68.1265869140625
bc_ppo_old,gu,1448,68.1265869140625
bc_ppo_old,gu,1449,68.21229553222656
bc_ppo_old,gu,1450,68.21229553222656
bc_ppo_old,gu,1451,68.1074447631836
bc_ppo_old,gu,1452,68.1074447631836
bc_ppo_old,gu,1453,68.1074447631836
bc_ppo_old,gu,1454,68.49342346191406
bc_ppo_old,gu,1455,68.49342346191406
bc_ppo_old,gu,1456,66.46290588378906
bc_ppo_old,gu,1457,66.46290588378906
bc_ppo_old,gu,1458,66.46290588378906
bc_ppo_old,gu,1459,66.46290588378906
bc_ppo_old,gu,1460,66.46290588378906
bc_ppo_old,gu,1461,66.46290588378906
bc_ppo_old,gu,1462,66.46290588378906
bc_ppo_old,gu,1463,66.46290588378906
bc_ppo_old,gu,1464,66.46290588378906
bc_ppo_old,gu,1465,66.46290588378906
bc_ppo_old,gu,1466,66.46290588378906
bc_ppo_old,gu,1467,66.46290588378906
bc_ppo_old,gu,1468,66.46290588378906
bc_ppo_old,gu,1469,66.46290588378906
bc_ppo_old,gu,1470,66.46290588378906
bc_ppo_old,gu,1471,66.46290588378906
bc_ppo_old,gu,1472,66.46290588378906
bc_ppo_old,gu,1473,66.46290588378906
bc_ppo_old,gu,1474,66.46290588378906
bc_ppo_old,gu,1475,66.46290588378906
bc_ppo_old,gu,1476,66.46290588378906
bc_ppo_old,gu,1477,66.46290588378906
bc_ppo_old,gu,1478,66.46290588378906
bc_ppo_old,gu,1479,66.46290588378906
bc_ppo_old,gu,1480,66.46290588378906
bc_ppo_old,gu,1481,66.46290588378906
bc_ppo_old,gu,1482,66.46290588378906
bc_ppo_old,gu,1483,66.46290588378906
bc_ppo_old,gu,1484,66.46290588378906
bc_ppo_old,gu,1485,66.46290588378906
bc_ppo_old,gu,1486,66.46290588378906
bc_ppo_old,gu,1487,61.76865768432617
bc_ppo_old,gu,1488,61.76865768432617
bc_ppo_old,gu,1489,61.76865768432617
bc_ppo_old,gu,1490,61.76865768432617
bc_ppo_old,gu,1491,61.76865768432617
bc_ppo_old,gu,1492,61.76865768432617
bc_ppo_old,gu,1493,61.76865768432617
bc_ppo_old,gu,1494,61.76865768432617
bc_ppo_old,gu,1495,61.76865768432617
bc_ppo_old,gu,1496,61.76865768432617
bc_ppo_old,gu,1497,61.76865768432617
bc_ppo_old,gu,1498,61.76865768432617
bc_ppo_old,scratch,199,0.5575060248374939
bc_ppo_old,scratch,200,0.5575060248374939
bc_ppo_old,scratch,201,0.5575060248374939
bc_ppo_old,scratch,202,0.5575060248374939
bc_ppo_old,scratch,203,0.5575060248374939
bc_ppo_old,scratch,204,0.5575060248374939
bc_ppo_old,scratch,205,0.5575060248374939
bc_ppo_old,scratch,206,0.5575060248374939
bc_ppo_old,scratch,207,0.5575060248374939
bc_ppo_old,scratch,208,0.5575060248374939
bc_ppo_old,scratch,209,0.5575060248374939
bc_ppo_old,scratch,210,0.5575060248374939
bc_ppo_old,scratch,211,0.5575060248374939
bc_ppo_old,scratch,212,0.5575060248374939
bc_ppo_old,scratch,213,0.5575060248374939
bc_ppo_old,scratch,214,0.5575060248374939
bc_ppo_old,scratch,215,0.5575060248374939
bc_ppo_old,scratch,216,0.5575060248374939
bc_ppo_old,scratch,217,0.5575060248374939
bc_ppo_old,scratch,218,0.5575060248374939
bc_ppo_old,scratch,219,0.5575060248374939
bc_ppo_old,scratch,220,0.5575060248374939
bc_ppo_old,scratch,221,0.5575060248374939
bc_ppo_old,scratch,222,0.5575060248374939
bc_ppo_old,scratch,223,0.5575060248374939
bc_ppo_old,scratch,224,0.5575060248374939
bc_ppo_old,scratch,225,0.5575060248374939
bc_ppo_old,scratch,226,0.5575060248374939
bc_ppo_old,scratch,227,0.5575060248374939
bc_ppo_old,scratch,228,0.5575060248374939
bc_ppo_old,scratch,229,0.5575060248374939
bc_ppo_old,scratch,230,0.5575060248374939
bc_ppo_old,scratch,231,0.5575060248374939
bc_ppo_old,scratch,232,0.5575060248374939
bc_ppo_old,scratch,233,0.5575060248374939
bc_ppo_old,scratch,234,0.5575060248374939
bc_ppo_old,scratch,235,0.5575060248374939
bc_ppo_old,scratch,236,0.5575060248374939
bc_ppo_old,scratch,237,0.5575060248374939
bc_ppo_old,scratch,238,0.5575060248374939
bc_ppo_old,scratch,239,0.5575060248374939
bc_ppo_old,scratch,240,0.5575060248374939
bc_ppo_old,scratch,241,0.5575060248374939
bc_ppo_old,scratch,242,0.5575060248374939
bc_ppo_old,scratch,243,0.5575060248374939
bc_ppo_old,scratch,244,0.5575060248374939
bc_ppo_old,scratch,245,0.5575060248374939
bc_ppo_old,scratch,246,0.5575060248374939
bc_ppo_old,scratch,247,0.5575060248374939
bc_ppo_old,scratch,248,0.5575060248374939
bc_ppo_old,scratch,249,0.5575060248374939
bc_ppo_old,scratch,250,0.5575060248374939
bc_ppo_old,scratch,251,0.5575060248374939
bc_ppo_old,scratch,252,0.5575060248374939
bc_ppo_old,scratch,253,0.5575060248374939
bc_ppo_old,scratch,254,0.5575060248374939
bc_ppo_old,scratch,255,0.5575060248374939
bc_ppo_old,scratch,256,0.5575060248374939
bc_ppo_old,scratch,257,0.5575060248374939
bc_ppo_old,scratch,258,0.5575060248374939
bc_ppo_old,scratch,259,0.5575060248374939
bc_ppo_old,scratch,260,0.5575060248374939
bc_ppo_old,scratch,261,0.5575060248374939
bc_ppo_old,scratch,262,0.5575060248374939
bc_ppo_old,scratch,263,0.5575060248374939
bc_ppo_old,scratch,264,0.5575060248374939
bc_ppo_old,scratch,265,0.5575060248374939
bc_ppo_old,scratch,266,0.5575060248374939
bc_ppo_old,scratch,267,0.5575060248374939
bc_ppo_old,scratch,268,0.5575060248374939
bc_ppo_old,scratch,269,0.5575060248374939
bc_ppo_old,scratch,270,0.5575060248374939
bc_ppo_old,scratch,271,0.5575060248374939
bc_ppo_old,scratch,272,0.5575060248374939
bc_ppo_old,scratch,273,0.5575060248374939
bc_ppo_old,scratch,274,0.5575060248374939
bc_ppo_old,scratch,275,0.5575060248374939
bc_ppo_old,scratch,276,0.5575060248374939
bc_ppo_old,scratch,277,0.5575060248374939
bc_ppo_old,scratch,278,0.5575060248374939
bc_ppo_old,scratch,279,0.5575060248374939
bc_ppo_old,scratch,280,0.5575060248374939
bc_ppo_old,scratch,281,0.5575060248374939
bc_ppo_old,scratch,282,0.5575060248374939
bc_ppo_old,scratch,283,0.5575060248374939
bc_ppo_old,scratch,284,0.5575060248374939
bc_ppo_old,scratch,285,0.5575060248374939
bc_ppo_old,scratch,286,0.5575060248374939
bc_ppo_old,scratch,287,0.5575060248374939
bc_ppo_old,scratch,288,0.5575060248374939
bc_ppo_old,scratch,289,0.5575060248374939
bc_ppo_old,scratch,290,0.5575060248374939
bc_ppo_old,scratch,291,0.5575060248374939
bc_ppo_old,scratch,292,0.5575060248374939
bc_ppo_old,scratch,293,0.5575060248374939
bc_ppo_old,scratch,294,0.5575060248374939
bc_ppo_old,scratch,295,0.5575060248374939
bc_ppo_old,scratch,296,0.5575060248374939
bc_ppo_old,scratch,297,0.5575060248374939
bc_ppo_old,scratch,298,0.5575060248374939
bc_ppo_old,scratch,299,0.5575060248374939
bc_ppo_old,scratch,300,0.5575060248374939
bc_ppo_old,scratch,301,0.5575060248374939
bc_ppo_old,scratch,302,0.5575060248374939
bc_ppo_old,scratch,303,0.5575060248374939
bc_ppo_old,scratch,304,0.5575060248374939
bc_ppo_old,scratch,305,0.5575060248374939
bc_ppo_old,scratch,306,0.5575060248374939
bc_ppo_old,scratch,307,0.5575060248374939
bc_ppo_old,scratch,308,0.5575060248374939
bc_ppo_old,scratch,309,0.5575060248374939
bc_ppo_old,scratch,310,0.5575060248374939
bc_ppo_old,scratch,311,0.5575060248374939
bc_ppo_old,scratch,312,0.8875936269760132
bc_ppo_old,scratch,313,0.8875936269760132
bc_ppo_old,scratch,314,0.8875936269760132
bc_ppo_old,scratch,315,0.8573523759841919
bc_ppo_old,scratch,316,0.8573523759841919
bc_ppo_old,scratch,317,0.8573523759841919
bc_ppo_old,scratch,318,0.8573523759841919
bc_ppo_old,scratch,319,0.8573523759841919
bc_ppo_old,scratch,320,0.8573523759841919
bc_ppo_old,scratch,321,1.068799376487732
bc_ppo_old,scratch,322,0.828640878200531
bc_ppo_old,scratch,323,0.828640878200531
bc_ppo_old,scratch,324,0.828640878200531
bc_ppo_old,scratch,325,0.828640878200531
bc_ppo_old,scratch,326,0.828640878200531
bc_ppo_old,scratch,327,0.828640878200531
bc_ppo_old,scratch,328,0.828640878200531
bc_ppo_old,scratch,329,0.828640878200531
bc_ppo_old,scratch,330,0.828640878200531
bc_ppo_old,scratch,331,0.828640878200531
bc_ppo_old,scratch,332,0.828640878200531
bc_ppo_old,scratch,333,0.828640878200531
bc_ppo_old,scratch,334,0.828640878200531
bc_ppo_old,scratch,335,0.828640878200531
bc_ppo_old,scratch,336,0.828640878200531
bc_ppo_old,scratch,337,0.828640878200531
bc_ppo_old,scratch,338,0.828640878200531
bc_ppo_old,scratch,339,0.828640878200531
bc_ppo_old,scratch,340,0.6612168550491333
bc_ppo_old,scratch,341,0.6612168550491333
bc_ppo_old,scratch,342,0.6612168550491333
bc_ppo_old,scratch,343,0.6612168550491333
bc_ppo_old,scratch,344,0.6612168550491333
bc_ppo_old,scratch,345,0.6612168550491333
bc_ppo_old,scratch,346,0.6612168550491333
bc_ppo_old,scratch,347,0.6612168550491333
bc_ppo_old,scratch,348,0.6612168550491333
bc_ppo_old,scratch,349,0.6612168550491333
bc_ppo_old,scratch,350,0.6612168550491333
bc_ppo_old,scratch,351,0.6612168550491333
bc_ppo_old,scratch,352,0.7185633182525635
bc_ppo_old,scratch,353,0.356039822101593
bc_ppo_old,scratch,354,0.6603879928588867
bc_ppo_old,scratch,355,0.5422630310058594
bc_ppo_old,scratch,356,0.5422630310058594
bc_ppo_old,scratch,357,0.5422630310058594
bc_ppo_old,scratch,358,0.5422630310058594
bc_ppo_old,scratch,359,0.5749878287315369
bc_ppo_old,scratch,360,0.5819586515426636
bc_ppo_old,scratch,361,0.5534200668334961
bc_ppo_old,scratch,362,0.5534200668334961
bc_ppo_old,scratch,363,0.5534200668334961
bc_ppo_old,scratch,364,0.536820650100708
bc_ppo_old,scratch,365,0.536820650100708
bc_ppo_old,scratch,366,0.536820650100708
bc_ppo_old,scratch,367,0.536820650100708
bc_ppo_old,scratch,368,0.536820650100708
bc_ppo_old,scratch,369,0.536820650100708
bc_ppo_old,scratch,370,0.536820650100708
bc_ppo_old,scratch,371,0.536820650100708
bc_ppo_old,scratch,372,0.536820650100708
bc_ppo_old,scratch,373,0.536820650100708
bc_ppo_old,scratch,374,0.536820650100708
bc_ppo_old,scratch,375,0.536820650100708
bc_ppo_old,scratch,376,0.536820650100708
bc_ppo_old,scratch,377,0.536820650100708
bc_ppo_old,scratch,378,0.536820650100708
bc_ppo_old,scratch,379,0.536820650100708
bc_ppo_old,scratch,380,0.536820650100708
bc_ppo_old,scratch,381,0.536820650100708
bc_ppo_old,scratch,382,0.536820650100708
bc_ppo_old,scratch,383,0.536820650100708
bc_ppo_old,scratch,384,0.536820650100708
bc_ppo_old,scratch,385,0.536820650100708
bc_ppo_old,scratch,386,0.536820650100708
bc_ppo_old,scratch,387,0.536820650100708
bc_ppo_old,scratch,388,0.536820650100708
bc_ppo_old,scratch,389,0.536820650100708
bc_ppo_old,scratch,390,0.536820650100708
bc_ppo_old,scratch,391,0.536820650100708
bc_ppo_old,scratch,392,0.536820650100708
bc_ppo_old,scratch,393,0.536820650100708
bc_ppo_old,scratch,394,0.536820650100708
bc_ppo_old,scratch,395,0.536820650100708
bc_ppo_old,scratch,396,0.536820650100708
bc_ppo_old,scratch,397,0.536820650100708
bc_ppo_old,scratch,398,0.536820650100708
bc_ppo_old,scratch,399,0.536820650100708
bc_ppo_old,scratch,400,0.536820650100708
bc_ppo_old,scratch,401,0.536820650100708
bc_ppo_old,scratch,402,0.536820650100708
bc_ppo_old,scratch,403,0.536820650100708
bc_ppo_old,scratch,404,0.536820650100708
bc_ppo_old,scratch,405,0.536820650100708
bc_ppo_old,scratch,406,0.536820650100708
bc_ppo_old,scratch,407,0.536820650100708
bc_ppo_old,scratch,408,0.536820650100708
bc_ppo_old,scratch,409,0.536820650100708
bc_ppo_old,scratch,410,0.536820650100708
bc_ppo_old,scratch,411,0.536820650100708
bc_ppo_old,scratch,412,0.536820650100708
bc_ppo_old,scratch,413,0.536820650100708
bc_ppo_old,scratch,414,0.536820650100708
bc_ppo_old,scratch,415,0.536820650100708
bc_ppo_old,scratch,416,0.536820650100708
bc_ppo_old,scratch,417,0.536820650100708
bc_ppo_old,scratch,418,0.536820650100708
bc_ppo_old,scratch,419,0.536820650100708
bc_ppo_old,scratch,420,0.536820650100708
bc_ppo_old,scratch,421,0.536820650100708
bc_ppo_old,scratch,422,0.7970730066299438
bc_ppo_old,scratch,423,0.7970730066299438
bc_ppo_old,scratch,424,0.7970730066299438
bc_ppo_old,scratch,425,0.7970730066299438
bc_ppo_old,scratch,426,0.7970730066299438
bc_ppo_old,scratch,427,0.7970730066299438
bc_ppo_old,scratch,428,0.7970730066299438
bc_ppo_old,scratch,429,0.7970730066299438
bc_ppo_old,scratch,430,0.7970730066299438
bc_ppo_old,scratch,431,0.7970730066299438
bc_ppo_old,scratch,432,0.7970730066299438
bc_ppo_old,scratch,433,0.7970730066299438
bc_ppo_old,scratch,434,0.7970730066299438
bc_ppo_old,scratch,435,0.7970730066299438
bc_ppo_old,scratch,436,0.9671761393547058
bc_ppo_old,scratch,437,0.9671761393547058
bc_ppo_old,scratch,438,0.9671761393547058
bc_ppo_old,scratch,439,0.9671761393547058
bc_ppo_old,scratch,440,0.9671761393547058
bc_ppo_old,scratch,441,0.9671761393547058
bc_ppo_old,scratch,442,0.9671761393547058
bc_ppo_old,scratch,443,0.9671761393547058
bc_ppo_old,scratch,444,0.9671761393547058
bc_ppo_old,scratch,445,0.9671761393547058
bc_ppo_old,scratch,446,0.9671761393547058
bc_ppo_old,scratch,447,0.9671761393547058
bc_ppo_old,scratch,448,0.9671761393547058
bc_ppo_old,scratch,449,0.9671761393547058
bc_ppo_old,scratch,450,0.9671761393547058
bc_ppo_old,scratch,451,0.9671761393547058
bc_ppo_old,scratch,452,0.9671761393547058
bc_ppo_old,scratch,453,0.8754270076751709
bc_ppo_old,scratch,454,0.8754270076751709
bc_ppo_old,scratch,455,0.8754270076751709
bc_ppo_old,scratch,456,0.8754270076751709
bc_ppo_old,scratch,457,0.8754270076751709
bc_ppo_old,scratch,458,1.0536041259765625
bc_ppo_old,scratch,459,1.0536041259765625
bc_ppo_old,scratch,460,1.3798019886016846
bc_ppo_old,scratch,461,1.3798019886016846
bc_ppo_old,scratch,462,1.361967921257019
bc_ppo_old,scratch,463,1.361967921257019
bc_ppo_old,scratch,464,1.361967921257019
bc_ppo_old,scratch,465,1.361967921257019
bc_ppo_old,scratch,466,1.361967921257019
bc_ppo_old,scratch,467,1.361967921257019
bc_ppo_old,scratch,468,1.361967921257019
bc_ppo_old,scratch,469,1.361967921257019
bc_ppo_old,scratch,470,1.361967921257019
bc_ppo_old,scratch,471,1.361967921257019
bc_ppo_old,scratch,472,1.361967921257019
bc_ppo_old,scratch,473,1.361967921257019
bc_ppo_old,scratch,474,1.361967921257019
bc_ppo_old,scratch,475,1.40440833568573
bc_ppo_old,scratch,476,1.40440833568573
bc_ppo_old,scratch,477,1.40440833568573
bc_ppo_old,scratch,478,1.40440833568573
bc_ppo_old,scratch,479,1.40440833568573
bc_ppo_old,scratch,480,1.40440833568573
bc_ppo_old,scratch,481,1.40440833568573
bc_ppo_old,scratch,482,1.40440833568573
bc_ppo_old,scratch,483,1.40440833568573
bc_ppo_old,scratch,484,1.4348878860473633
bc_ppo_old,scratch,485,1.4348878860473633
bc_ppo_old,scratch,486,1.3660218715667725
bc_ppo_old,scratch,487,1.3660218715667725
bc_ppo_old,scratch,488,1.3660218715667725
bc_ppo_old,scratch,489,1.3660218715667725
bc_ppo_old,scratch,490,1.3660218715667725
bc_ppo_old,scratch,491,1.3660218715667725
bc_ppo_old,scratch,492,1.3660218715667725
bc_ppo_old,scratch,493,1.3660218715667725
bc_ppo_old,scratch,494,1.3660218715667725
bc_ppo_old,scratch,495,1.3660218715667725
bc_ppo_old,scratch,496,1.3660218715667725
bc_ppo_old,scratch,497,1.3660218715667725
bc_ppo_old,scratch,498,1.3660218715667725
bc_ppo_old,scratch,499,1.3660218715667725
bc_ppo_old,scratch,500,1.3660218715667725
bc_ppo_old,scratch,501,1.3660218715667725
bc_ppo_old,scratch,502,1.3660218715667725
bc_ppo_old,scratch,503,0.7497338652610779
bc_ppo_old,scratch,504,0.7497338652610779
bc_ppo_old,scratch,505,0.7497338652610779
bc_ppo_old,scratch,506,0.7497338652610779
bc_ppo_old,scratch,507,0.7497338652610779
bc_ppo_old,scratch,508,0.44720155000686646
bc_ppo_old,scratch,509,0.44720155000686646
bc_ppo_old,scratch,510,0.44720155000686646
bc_ppo_old,scratch,511,0.44720155000686646
bc_ppo_old,scratch,512,0.35449421405792236
bc_ppo_old,scratch,513,0.35449421405792236
bc_ppo_old,scratch,514,0.35449421405792236
bc_ppo_old,scratch,515,0.35449421405792236
bc_ppo_old,scratch,516,0.35449421405792236
bc_ppo_old,scratch,517,0.35449421405792236
bc_ppo_old,scratch,518,0.35449421405792236
bc_ppo_old,scratch,519,0.35449421405792236
bc_ppo_old,scratch,520,0.35449421405792236
bc_ppo_old,scratch,521,0.35449421405792236
bc_ppo_old,scratch,522,0.35449421405792236
bc_ppo_old,scratch,523,0.35449421405792236
bc_ppo_old,scratch,524,0.35449421405792236
bc_ppo_old,scratch,525,0.35449421405792236
bc_ppo_old,scratch,526,0.35449421405792236
bc_ppo_old,scratch,527,0.711084246635437
bc_ppo_old,scratch,528,0.711084246635437
bc_ppo_old,scratch,529,0.711084246635437
bc_ppo_old,scratch,530,0.711084246635437
bc_ppo_old,scratch,531,0.711084246635437
bc_ppo_old,scratch,532,0.711084246635437
bc_ppo_old,scratch,533,0.711084246635437
bc_ppo_old,scratch,534,0.711084246635437
bc_ppo_old,scratch,535,0.711084246635437
bc_ppo_old,scratch,536,0.711084246635437
bc_ppo_old,scratch,537,0.9889386892318726
bc_ppo_old,scratch,538,0.7524944543838501
bc_ppo_old,scratch,539,0.6841191053390503
bc_ppo_old,scratch,540,0.6841191053390503
bc_ppo_old,scratch,541,0.6841191053390503
bc_ppo_old,scratch,542,0.6841191053390503
bc_ppo_old,scratch,543,0.5020066499710083
bc_ppo_old,scratch,544,0.5020066499710083
bc_ppo_old,scratch,545,0.5020066499710083
bc_ppo_old,scratch,546,0.5020066499710083
bc_ppo_old,scratch,547,0.5020066499710083
bc_ppo_old,scratch,548,0.4240100085735321
bc_ppo_old,scratch,549,0.4240100085735321
bc_ppo_old,scratch,550,0.4240100085735321
bc_ppo_old,scratch,551,0.4240100085735321
bc_ppo_old,scratch,552,0.4240100085735321
bc_ppo_old,scratch,553,0.4240100085735321
bc_ppo_old,scratch,554,0.4240100085735321
bc_ppo_old,scratch,555,0.4240100085735321
bc_ppo_old,scratch,556,0.4240100085735321
bc_ppo_old,scratch,557,0.4240100085735321
bc_ppo_old,scratch,558,0.4240100085735321
bc_ppo_old,scratch,559,0.4240100085735321
bc_ppo_old,scratch,560,0.4240100085735321
bc_ppo_old,scratch,561,0.4240100085735321
bc_ppo_old,scratch,562,0.4240100085735321
bc_ppo_old,scratch,563,0.4240100085735321
bc_ppo_old,scratch,564,0.4240100085735321
bc_ppo_old,scratch,565,0.4240100085735321
bc_ppo_old,scratch,566,0.4240100085735321
bc_ppo_old,scratch,567,0.4240100085735321
bc_ppo_old,scratch,568,0.4240100085735321
bc_ppo_old,scratch,569,0.4240100085735321
bc_ppo_old,scratch,570,0.4240100085735321
bc_ppo_old,scratch,571,0.4240100085735321
bc_ppo_old,scratch,572,0.4240100085735321
bc_ppo_old,scratch,573,0.4240100085735321
bc_ppo_old,scratch,574,0.4240100085735321
bc_ppo_old,scratch,575,0.4240100085735321
bc_ppo_old,scratch,576,1.1650185585021973
bc_ppo_old,scratch,577,1.1650185585021973
bc_ppo_old,scratch,578,1.1650185585021973
bc_ppo_old,scratch,579,1.1650185585021973
bc_ppo_old,scratch,580,1.1650185585021973
bc_ppo_old,scratch,581,1.1650185585021973
bc_ppo_old,scratch,582,1.1650185585021973
bc_ppo_old,scratch,583,1.1650185585021973
bc_ppo_old,scratch,584,1.1650185585021973
bc_ppo_old,scratch,585,1.4205758571624756
bc_ppo_old,scratch,586,1.4205758571624756
bc_ppo_old,scratch,587,1.4205758571624756
bc_ppo_old,scratch,588,1.4205758571624756
bc_ppo_old,scratch,589,1.4205758571624756
bc_ppo_old,scratch,590,1.2645511627197266
bc_ppo_old,scratch,591,1.2645511627197266
bc_ppo_old,scratch,592,1.2645511627197266
bc_ppo_old,scratch,593,1.2645511627197266
bc_ppo_old,scratch,594,1.2645511627197266
bc_ppo_old,scratch,595,1.2645511627197266
bc_ppo_old,scratch,596,1.2645511627197266
bc_ppo_old,scratch,597,1.2645511627197266
bc_ppo_old,scratch,598,1.2645511627197266
bc_ppo_old,scratch,599,1.2645511627197266
bc_ppo_old,scratch,600,1.2376844882965088
bc_ppo_old,scratch,601,1.2376844882965088
bc_ppo_old,scratch,602,0.7110888361930847
bc_ppo_old,scratch,603,1.3232758045196533
bc_ppo_old,scratch,604,0.9399241209030151
bc_ppo_old,scratch,605,0.9399241209030151
bc_ppo_old,scratch,606,0.9399241209030151
bc_ppo_old,scratch,607,0.9399241209030151
bc_ppo_old,scratch,608,0.9399241209030151
bc_ppo_old,scratch,609,0.9399241209030151
bc_ppo_old,scratch,610,0.9399241209030151
bc_ppo_old,scratch,611,0.9399241209030151
bc_ppo_old,scratch,612,0.9399241209030151
bc_ppo_old,scratch,613,1.3815686702728271
bc_ppo_old,scratch,614,1.3496880531311035
bc_ppo_old,scratch,615,1.3496880531311035
bc_ppo_old,scratch,616,1.3496880531311035
bc_ppo_old,scratch,617,1.3496880531311035
bc_ppo_old,scratch,618,1.3496880531311035
bc_ppo_old,scratch,619,1.3496880531311035
bc_ppo_old,scratch,620,1.3496880531311035
bc_ppo_old,scratch,621,1.3496880531311035
bc_ppo_old,scratch,622,1.3496880531311035
bc_ppo_old,scratch,623,1.3496880531311035
bc_ppo_old,scratch,624,1.3496880531311035
bc_ppo_old,scratch,625,1.3496880531311035
bc_ppo_old,scratch,626,1.3496880531311035
bc_ppo_old,scratch,627,1.3496880531311035
bc_ppo_old,scratch,628,1.3496880531311035
bc_ppo_old,scratch,629,1.3496880531311035
bc_ppo_old,scratch,630,1.3496880531311035
bc_ppo_old,scratch,631,1.3496880531311035
bc_ppo_old,scratch,632,0.2824288010597229
bc_ppo_old,scratch,633,1.264204502105713
bc_ppo_old,scratch,634,1.264204502105713
bc_ppo_old,scratch,635,1.264204502105713
bc_ppo_old,scratch,636,1.264204502105713
bc_ppo_old,scratch,637,1.264204502105713
bc_ppo_old,scratch,638,1.264204502105713
bc_ppo_old,scratch,639,1.264204502105713
bc_ppo_old,scratch,640,1.264204502105713
bc_ppo_old,scratch,641,1.264204502105713
bc_ppo_old,scratch,642,1.264204502105713
bc_ppo_old,scratch,643,1.264204502105713
bc_ppo_old,scratch,644,1.264204502105713
bc_ppo_old,scratch,645,1.264204502105713
bc_ppo_old,scratch,646,1.264204502105713
bc_ppo_old,scratch,647,1.2950818538665771
bc_ppo_old,scratch,648,1.2950818538665771
bc_ppo_old,scratch,649,1.2950818538665771
bc_ppo_old,scratch,650,1.2950818538665771
bc_ppo_old,scratch,651,1.2950818538665771
bc_ppo_old,scratch,652,1.2950818538665771
bc_ppo_old,scratch,653,1.2950818538665771
bc_ppo_old,scratch,654,1.2950818538665771
bc_ppo_old,scratch,655,1.2950818538665771
bc_ppo_old,scratch,656,1.2950818538665771
bc_ppo_old,scratch,657,1.2950818538665771
bc_ppo_old,scratch,658,1.2950818538665771
bc_ppo_old,scratch,659,1.1770075559616089
bc_ppo_old,scratch,660,1.1770075559616089
bc_ppo_old,scratch,661,1.1770075559616089
bc_ppo_old,scratch,662,1.1770075559616089
bc_ppo_old,scratch,663,1.1770075559616089
bc_ppo_old,scratch,664,1.1770075559616089
bc_ppo_old,scratch,665,1.1770075559616089
bc_ppo_old,scratch,666,1.1770075559616089
bc_ppo_old,scratch,667,1.1770075559616089
bc_ppo_old,scratch,668,1.1770075559616089
bc_ppo_old,scratch,669,1.3881791830062866
bc_ppo_old,scratch,670,1.3811410665512085
bc_ppo_old,scratch,671,1.3811410665512085
bc_ppo_old,scratch,672,1.3811410665512085
bc_ppo_old,scratch,673,1.3811410665512085
bc_ppo_old,scratch,674,1.3811410665512085
bc_ppo_old,scratch,675,1.3204700946807861
bc_ppo_old,scratch,676,1.3204700946807861
bc_ppo_old,scratch,677,1.3204700946807861
bc_ppo_old,scratch,678,1.3204700946807861
bc_ppo_old,scratch,679,1.3204700946807861
bc_ppo_old,scratch,680,1.3204700946807861
bc_ppo_old,scratch,681,1.3204700946807861
bc_ppo_old,scratch,682,1.3204700946807861
bc_ppo_old,scratch,683,1.3204700946807861
bc_ppo_old,scratch,684,1.3204700946807861
bc_ppo_old,scratch,685,1.0345470905303955
bc_ppo_old,scratch,686,1.0345470905303955
bc_ppo_old,scratch,687,1.0345470905303955
bc_ppo_old,scratch,688,1.0345470905303955
bc_ppo_old,scratch,689,1.0345470905303955
bc_ppo_old,scratch,690,1.1532392501831055
bc_ppo_old,scratch,691,1.1532392501831055
bc_ppo_old,scratch,692,1.1532392501831055
bc_ppo_old,scratch,693,1.1532392501831055
bc_ppo_old,scratch,694,1.1532392501831055
bc_ppo_old,scratch,695,1.1532392501831055
bc_ppo_old,scratch,696,1.1532392501831055
bc_ppo_old,scratch,697,1.1532392501831055
bc_ppo_old,scratch,698,1.1532392501831055
bc_ppo_old,scratch,699,1.3198258876800537
bc_ppo_old,scratch,700,1.3198258876800537
bc_ppo_old,scratch,701,1.3198258876800537
bc_ppo_old,scratch,702,1.3198258876800537
bc_ppo_old,scratch,703,1.3198258876800537
bc_ppo_old,scratch,704,1.3198258876800537
bc_ppo_old,scratch,705,1.3198258876800537
bc_ppo_old,scratch,706,1.3198258876800537
bc_ppo_old,scratch,707,1.265840768814087
bc_ppo_old,scratch,708,1.265840768814087
bc_ppo_old,scratch,709,1.265840768814087
bc_ppo_old,scratch,710,1.265840768814087
bc_ppo_old,scratch,711,1.265840768814087
bc_ppo_old,scratch,712,1.265840768814087
bc_ppo_old,scratch,713,1.265840768814087
bc_ppo_old,scratch,714,0.8960331678390503
bc_ppo_old,scratch,715,1.5162880420684814
bc_ppo_old,scratch,716,1.5162880420684814
bc_ppo_old,scratch,717,1.5162880420684814
bc_ppo_old,scratch,718,1.5162880420684814
bc_ppo_old,scratch,719,1.442263126373291
bc_ppo_old,scratch,720,1.442263126373291
bc_ppo_old,scratch,721,1.442263126373291
bc_ppo_old,scratch,722,1.442263126373291
bc_ppo_old,scratch,723,1.442263126373291
bc_ppo_old,scratch,724,1.442263126373291
bc_ppo_old,scratch,725,1.442263126373291
bc_ppo_old,scratch,726,1.442263126373291
bc_ppo_old,scratch,727,1.442263126373291
bc_ppo_old,scratch,728,1.442263126373291
bc_ppo_old,scratch,729,1.442263126373291
bc_ppo_old,scratch,730,1.442263126373291
bc_ppo_old,scratch,731,1.442263126373291
bc_ppo_old,scratch,732,1.442263126373291
bc_ppo_old,scratch,733,1.442263126373291
bc_ppo_old,scratch,734,1.442263126373291
bc_ppo_old,scratch,735,1.442263126373291
bc_ppo_old,scratch,736,1.442263126373291
bc_ppo_old,scratch,737,1.442263126373291
bc_ppo_old,scratch,738,1.442263126373291
bc_ppo_old,scratch,739,1.4355615377426147
bc_ppo_old,scratch,740,1.4355615377426147
bc_ppo_old,scratch,741,1.4355615377426147
bc_ppo_old,scratch,742,1.4355615377426147
bc_ppo_old,scratch,743,1.4355615377426147
bc_ppo_old,scratch,744,1.4355615377426147
bc_ppo_old,scratch,745,0.5110172033309937
bc_ppo_old,scratch,746,0.5110172033309937
bc_ppo_old,scratch,747,0.5110172033309937
bc_ppo_old,scratch,748,0.5110172033309937
bc_ppo_old,scratch,749,0.5110172033309937
bc_ppo_old,scratch,750,1.1345150470733643
bc_ppo_old,scratch,751,1.1345150470733643
bc_ppo_old,scratch,752,1.1345150470733643
bc_ppo_old,scratch,753,1.1345150470733643
bc_ppo_old,scratch,754,0.685417115688324
bc_ppo_old,scratch,755,0.685417115688324
bc_ppo_old,scratch,756,0.685417115688324
bc_ppo_old,scratch,757,0.685417115688324
bc_ppo_old,scratch,758,0.9789704084396362
bc_ppo_old,scratch,759,0.9789704084396362
bc_ppo_old,scratch,760,0.9789704084396362
bc_ppo_old,scratch,761,0.9789704084396362
bc_ppo_old,scratch,762,0.9789704084396362
bc_ppo_old,scratch,763,0.9789704084396362
bc_ppo_old,scratch,764,0.9789704084396362
bc_ppo_old,scratch,765,0.9789704084396362
bc_ppo_old,scratch,766,0.9789704084396362
bc_ppo_old,scratch,767,0.9789704084396362
bc_ppo_old,scratch,768,0.9789704084396362
bc_ppo_old,scratch,769,0.9789704084396362
bc_ppo_old,scratch,770,0.9789704084396362
bc_ppo_old,scratch,771,0.9789704084396362
bc_ppo_old,scratch,772,0.9789704084396362
bc_ppo_old,scratch,773,0.9789704084396362
bc_ppo_old,scratch,774,1.286575198173523
bc_ppo_old,scratch,775,1.286575198173523
bc_ppo_old,scratch,776,1.286575198173523
bc_ppo_old,scratch,777,1.2242953777313232
bc_ppo_old,scratch,778,1.2242953777313232
bc_ppo_old,scratch,779,1.2242953777313232
bc_ppo_old,scratch,780,1.2242953777313232
bc_ppo_old,scratch,781,1.2242953777313232
bc_ppo_old,scratch,782,1.2242953777313232
bc_ppo_old,scratch,783,1.2242953777313232
bc_ppo_old,scratch,784,1.2242953777313232
bc_ppo_old,scratch,785,1.2242953777313232
bc_ppo_old,scratch,786,1.2242953777313232
bc_ppo_old,scratch,787,1.3240320682525635
bc_ppo_old,scratch,788,1.3240320682525635
bc_ppo_old,scratch,789,1.3240320682525635
bc_ppo_old,scratch,790,1.3240320682525635
bc_ppo_old,scratch,791,1.3240320682525635
bc_ppo_old,scratch,792,1.3240320682525635
bc_ppo_old,scratch,793,1.3240320682525635
bc_ppo_old,scratch,794,1.3240320682525635
bc_ppo_old,scratch,795,1.3240320682525635
bc_ppo_old,scratch,796,1.3240320682525635
bc_ppo_old,scratch,797,1.3240320682525635
bc_ppo_old,scratch,798,1.3240320682525635
bc_ppo_old,scratch,799,1.3240320682525635
bc_ppo_old,scratch,800,1.3240320682525635
bc_ppo_old,scratch,801,1.3506627082824707
bc_ppo_old,scratch,802,0.48917317390441895
bc_ppo_old,scratch,803,0.48917317390441895
bc_ppo_old,scratch,804,0.48917317390441895
bc_ppo_old,scratch,805,0.48917317390441895
bc_ppo_old,scratch,806,0.48917317390441895
bc_ppo_old,scratch,807,1.381103754043579
bc_ppo_old,scratch,808,1.381103754043579
bc_ppo_old,scratch,809,1.381103754043579
bc_ppo_old,scratch,810,1.381103754043579
bc_ppo_old,scratch,811,1.381103754043579
bc_ppo_old,scratch,812,1.381103754043579
bc_ppo_old,scratch,813,1.381103754043579
bc_ppo_old,scratch,814,1.381103754043579
bc_ppo_old,scratch,815,0.5060091018676758
bc_ppo_old,scratch,816,0.5060091018676758
bc_ppo_old,scratch,817,0.5060091018676758
bc_ppo_old,scratch,818,0.5060091018676758
bc_ppo_old,scratch,819,1.368082046508789
bc_ppo_old,scratch,820,1.368082046508789
bc_ppo_old,scratch,821,1.5255696773529053
bc_ppo_old,scratch,822,1.5255696773529053
bc_ppo_old,scratch,823,1.5255696773529053
bc_ppo_old,scratch,824,1.5255696773529053
bc_ppo_old,scratch,825,1.5255696773529053
bc_ppo_old,scratch,826,1.5255696773529053
bc_ppo_old,scratch,827,1.5255696773529053
bc_ppo_old,scratch,828,0.4712996482849121
bc_ppo_old,scratch,829,0.4712996482849121
bc_ppo_old,scratch,830,0.4712996482849121
bc_ppo_old,scratch,831,0.4712996482849121
bc_ppo_old,scratch,832,0.4712996482849121
bc_ppo_old,scratch,833,0.4712996482849121
bc_ppo_old,scratch,834,0.4712996482849121
bc_ppo_old,scratch,835,0.4712996482849121
bc_ppo_old,scratch,836,1.148875117301941
bc_ppo_old,scratch,837,1.148875117301941
bc_ppo_old,scratch,838,1.148875117301941
bc_ppo_old,scratch,839,1.148875117301941
bc_ppo_old,scratch,840,1.148875117301941
bc_ppo_old,scratch,841,1.148875117301941
bc_ppo_old,scratch,842,1.148875117301941
bc_ppo_old,scratch,843,1.148875117301941
bc_ppo_old,scratch,844,1.148875117301941
bc_ppo_old,scratch,845,1.148875117301941
bc_ppo_old,scratch,846,1.148875117301941
bc_ppo_old,scratch,847,1.148875117301941
bc_ppo_old,scratch,848,1.148875117301941
bc_ppo_old,scratch,849,1.148875117301941
bc_ppo_old,scratch,850,1.148875117301941
bc_ppo_old,scratch,851,1.148875117301941
bc_ppo_old,scratch,852,1.148875117301941
bc_ppo_old,scratch,853,1.148875117301941
bc_ppo_old,scratch,854,0.6009072065353394
bc_ppo_old,scratch,855,0.7526556253433228
bc_ppo_old,scratch,856,0.7526556253433228
bc_ppo_old,scratch,857,0.7526556253433228
bc_ppo_old,scratch,858,0.7526556253433228
bc_ppo_old,scratch,859,0.7526556253433228
bc_ppo_old,scratch,860,0.7526556253433228
bc_ppo_old,scratch,861,0.7526556253433228
bc_ppo_old,scratch,862,0.7526556253433228
bc_ppo_old,scratch,863,0.7526556253433228
bc_ppo_old,scratch,864,0.7526556253433228
bc_ppo_old,scratch,865,0.7526556253433228
bc_ppo_old,scratch,866,0.7526556253433228
bc_ppo_old,scratch,867,0.7526556253433228
bc_ppo_old,scratch,868,0.7526556253433228
bc_ppo_old,scratch,869,0.7526556253433228
bc_ppo_old,scratch,870,0.7526556253433228
bc_ppo_old,scratch,871,0.7526556253433228
bc_ppo_old,scratch,872,0.7526556253433228
bc_ppo_old,scratch,873,0.7526556253433228
bc_ppo_old,scratch,874,0.7526556253433228
bc_ppo_old,scratch,875,0.7526556253433228
bc_ppo_old,scratch,876,0.7526556253433228
bc_ppo_old,scratch,877,0.7526556253433228
bc_ppo_old,scratch,878,0.7526556253433228
bc_ppo_old,scratch,879,0.7526556253433228
bc_ppo_old,scratch,880,0.7526556253433228
bc_ppo_old,scratch,881,0.7526556253433228
bc_ppo_old,scratch,882,0.7526556253433228
bc_ppo_old,scratch,883,0.7526556253433228
bc_ppo_old,scratch,884,0.7526556253433228
bc_ppo_old,scratch,885,0.7526556253433228
bc_ppo_old,scratch,886,0.7526556253433228
bc_ppo_old,scratch,887,0.7526556253433228
bc_ppo_old,scratch,888,0.7526556253433228
bc_ppo_old,scratch,889,0.7526556253433228
bc_ppo_old,scratch,890,0.7526556253433228
bc_ppo_old,scratch,891,0.7526556253433228
bc_ppo_old,scratch,892,0.7526556253433228
bc_ppo_old,scratch,893,0.7526556253433228
bc_ppo_old,scratch,894,0.7526556253433228
bc_ppo_old,scratch,895,0.7526556253433228
bc_ppo_old,scratch,896,0.7526556253433228
bc_ppo_old,scratch,897,0.7526556253433228
bc_ppo_old,scratch,898,0.7526556253433228
bc_ppo_old,scratch,899,0.7526556253433228
bc_ppo_old,scratch,900,0.7526556253433228
bc_ppo_old,scratch,901,0.7526556253433228
bc_ppo_old,scratch,902,0.7526556253433228
bc_ppo_old,scratch,903,0.7526556253433228
bc_ppo_old,scratch,904,0.7526556253433228
bc_ppo_old,scratch,905,0.7526556253433228
bc_ppo_old,scratch,906,0.32700368762016296
bc_ppo_old,scratch,907,0.32700368762016296
bc_ppo_old,scratch,908,0.32700368762016296
bc_ppo_old,scratch,909,0.32700368762016296
bc_ppo_old,scratch,910,1.1505439281463623
bc_ppo_old,scratch,911,1.1505439281463623
bc_ppo_old,scratch,912,1.1505439281463623
bc_ppo_old,scratch,913,1.1505439281463623
bc_ppo_old,scratch,914,1.1505439281463623
bc_ppo_old,scratch,915,1.1505439281463623
bc_ppo_old,scratch,916,1.1505439281463623
bc_ppo_old,scratch,917,1.1505439281463623
bc_ppo_old,scratch,918,1.1505439281463623
bc_ppo_old,scratch,919,1.1505439281463623
bc_ppo_old,scratch,920,1.1505439281463623
bc_ppo_old,scratch,921,1.1505439281463623
bc_ppo_old,scratch,922,1.1505439281463623
bc_ppo_old,scratch,923,1.1505439281463623
bc_ppo_old,scratch,924,1.1505439281463623
bc_ppo_old,scratch,925,1.1505439281463623
bc_ppo_old,scratch,926,1.1505439281463623
bc_ppo_old,scratch,927,1.1505439281463623
bc_ppo_old,scratch,928,1.1505439281463623
bc_ppo_old,scratch,929,1.1505439281463623
bc_ppo_old,scratch,930,1.4445890188217163
bc_ppo_old,scratch,931,1.4445890188217163
bc_ppo_old,scratch,932,1.4445890188217163
bc_ppo_old,scratch,933,0.9646236896514893
bc_ppo_old,scratch,934,0.9646236896514893
bc_ppo_old,scratch,935,0.9646236896514893
bc_ppo_old,scratch,936,0.9646236896514893
bc_ppo_old,scratch,937,0.9646236896514893
bc_ppo_old,scratch,938,0.9646236896514893
bc_ppo_old,scratch,939,0.9646236896514893
bc_ppo_old,scratch,940,0.9646236896514893
bc_ppo_old,scratch,941,0.9646236896514893
bc_ppo_old,scratch,942,0.9646236896514893
bc_ppo_old,scratch,943,0.9646236896514893
bc_ppo_old,scratch,944,0.9646236896514893
bc_ppo_old,scratch,945,0.9646236896514893
bc_ppo_old,scratch,946,0.9646236896514893
bc_ppo_old,scratch,947,0.6740400195121765
bc_ppo_old,scratch,948,0.6740400195121765
bc_ppo_old,scratch,949,0.6740400195121765
bc_ppo_old,scratch,950,0.6740400195121765
bc_ppo_old,scratch,951,0.6740400195121765
bc_ppo_old,scratch,952,0.19436828792095184
bc_ppo_old,scratch,953,0.19436828792095184
bc_ppo_old,scratch,954,0.19436828792095184
bc_ppo_old,scratch,955,0.19436828792095184
bc_ppo_old,scratch,956,0.19436828792095184
bc_ppo_old,scratch,957,0.19436828792095184
bc_ppo_old,scratch,958,0.2139134258031845
bc_ppo_old,scratch,959,0.2139134258031845
bc_ppo_old,scratch,960,0.2139134258031845
bc_ppo_old,scratch,961,0.9644927382469177
bc_ppo_old,scratch,962,1.085971713066101
bc_ppo_old,scratch,963,1.085971713066101
bc_ppo_old,scratch,964,1.085971713066101
bc_ppo_old,scratch,965,1.085971713066101
bc_ppo_old,scratch,966,1.085971713066101
bc_ppo_old,scratch,967,1.085971713066101
bc_ppo_old,scratch,968,1.085971713066101
bc_ppo_old,scratch,969,1.085971713066101
bc_ppo_old,scratch,970,1.085971713066101
bc_ppo_old,scratch,971,0.7120456099510193
bc_ppo_old,scratch,972,0.7120456099510193
bc_ppo_old,scratch,973,0.7120456099510193
bc_ppo_old,scratch,974,0.7120456099510193
bc_ppo_old,scratch,975,0.7120456099510193
bc_ppo_old,scratch,976,0.3207518458366394
bc_ppo_old,scratch,977,0.3207518458366394
bc_ppo_old,scratch,978,0.3207518458366394
bc_ppo_old,scratch,979,0.3207518458366394
bc_ppo_old,scratch,980,0.3207518458366394
bc_ppo_old,scratch,981,0.3207518458366394
bc_ppo_old,scratch,982,0.3207518458366394
bc_ppo_old,scratch,983,0.3207518458366394
bc_ppo_old,scratch,984,0.3207518458366394
bc_ppo_old,scratch,985,0.3207518458366394
bc_ppo_old,scratch,986,0.3207518458366394
bc_ppo_old,scratch,987,0.3207518458366394
bc_ppo_old,scratch,988,0.3207518458366394
bc_ppo_old,scratch,989,0.3207518458366394
bc_ppo_old,scratch,990,0.5495193004608154
bc_ppo_old,scratch,991,0.9394392967224121
bc_ppo_old,scratch,992,0.9394392967224121
bc_ppo_old,scratch,993,0.9394392967224121
bc_ppo_old,scratch,994,0.9394392967224121
bc_ppo_old,scratch,995,0.9394392967224121
bc_ppo_old,scratch,996,0.9394392967224121
bc_ppo_old,scratch,997,0.9394392967224121
bc_ppo_old,scratch,998,0.9394392967224121
bc_ppo_old,scratch,999,0.9394392967224121
bc_ppo_old,scratch,1000,0.9394392967224121
bc_ppo_old,scratch,1001,0.9394392967224121
bc_ppo_old,scratch,1002,0.9394392967224121
bc_ppo_old,scratch,1003,0.9394392967224121
bc_ppo_old,scratch,1004,0.9394392967224121
bc_ppo_old,scratch,1005,0.26175135374069214
bc_ppo_old,scratch,1006,0.26175135374069214
bc_ppo_old,scratch,1007,0.26175135374069214
bc_ppo_old,scratch,1008,0.26175135374069214
bc_ppo_old,scratch,1009,0.26175135374069214
bc_ppo_old,scratch,1010,0.26175135374069214
bc_ppo_old,scratch,1011,0.26175135374069214
bc_ppo_old,scratch,1012,0.26175135374069214
bc_ppo_old,scratch,1013,0.26175135374069214
bc_ppo_old,scratch,1014,0.26175135374069214
bc_ppo_old,scratch,1015,0.26175135374069214
bc_ppo_old,scratch,1016,0.26175135374069214
bc_ppo_old,scratch,1017,0.26175135374069214
bc_ppo_old,scratch,1018,0.26461827754974365
bc_ppo_old,scratch,1019,0.26461827754974365
bc_ppo_old,scratch,1020,0.26461827754974365
bc_ppo_old,scratch,1021,0.26461827754974365
bc_ppo_old,scratch,1022,0.26461827754974365
bc_ppo_old,scratch,1023,0.26461827754974365
bc_ppo_old,scratch,1024,0.26461827754974365
bc_ppo_old,scratch,1025,0.26461827754974365
bc_ppo_old,scratch,1026,0.26461827754974365
bc_ppo_old,scratch,1027,0.26461827754974365
bc_ppo_old,scratch,1028,0.26461827754974365
bc_ppo_old,scratch,1029,0.26461827754974365
bc_ppo_old,scratch,1030,0.26461827754974365
bc_ppo_old,scratch,1031,0.26461827754974365
bc_ppo_old,scratch,1032,0.26461827754974365
bc_ppo_old,scratch,1033,0.26461827754974365
bc_ppo_old,scratch,1034,0.26461827754974365
bc_ppo_old,scratch,1035,0.26461827754974365
bc_ppo_old,scratch,1036,0.26461827754974365
bc_ppo_old,scratch,1037,0.26461827754974365
bc_ppo_old,scratch,1038,0.26461827754974365
bc_ppo_old,scratch,1039,0.26461827754974365
bc_ppo_old,scratch,1040,0.26461827754974365
bc_ppo_old,scratch,1041,0.26461827754974365
bc_ppo_old,scratch,1042,0.26461827754974365
bc_ppo_old,scratch,1043,0.26461827754974365
bc_ppo_old,scratch,1044,0.26461827754974365
bc_ppo_old,scratch,1045,0.26461827754974365
bc_ppo_old,scratch,1046,0.26461827754974365
bc_ppo_old,scratch,1047,0.26461827754974365
bc_ppo_old,scratch,1048,0.26461827754974365
bc_ppo_old,scratch,1049,0.26461827754974365
bc_ppo_old,scratch,1050,0.26461827754974365
bc_ppo_old,scratch,1051,0.26461827754974365
bc_ppo_old,scratch,1052,0.26461827754974365
bc_ppo_old,scratch,1053,0.26461827754974365
bc_ppo_old,scratch,1054,0.26461827754974365
bc_ppo_old,scratch,1055,0.26461827754974365
bc_ppo_old,scratch,1056,0.26461827754974365
bc_ppo_old,scratch,1057,0.26461827754974365
bc_ppo_old,scratch,1058,0.26461827754974365
bc_ppo_old,scratch,1059,0.26461827754974365
bc_ppo_old,scratch,1060,0.26461827754974365
bc_ppo_old,scratch,1061,0.26461827754974365
bc_ppo_old,scratch,1062,0.26461827754974365
bc_ppo_old,scratch,1063,0.26461827754974365
bc_ppo_old,scratch,1064,0.26461827754974365
bc_ppo_old,scratch,1065,0.26461827754974365
bc_ppo_old,scratch,1066,0.26461827754974365
bc_ppo_old,scratch,1067,0.26461827754974365
bc_ppo_old,scratch,1068,0.6409133672714233
bc_ppo_old,scratch,1069,0.5813482999801636
bc_ppo_old,scratch,1070,0.5813482999801636
bc_ppo_old,scratch,1071,0.5813482999801636
bc_ppo_old,scratch,1072,0.5813482999801636
bc_ppo_old,scratch,1073,0.5813482999801636
bc_ppo_old,scratch,1074,0.5813482999801636
bc_ppo_old,scratch,1075,0.5813482999801636
bc_ppo_old,scratch,1076,0.5813482999801636
bc_ppo_old,scratch,1077,0.5813482999801636
bc_ppo_old,scratch,1078,0.5813482999801636
bc_ppo_old,scratch,1079,0.5813482999801636
bc_ppo_old,scratch,1080,0.6245748400688171
bc_ppo_old,scratch,1081,0.9792396426200867
bc_ppo_old,scratch,1082,0.6907071471214294
bc_ppo_old,scratch,1083,0.864466667175293
bc_ppo_old,scratch,1084,0.864466667175293
bc_ppo_old,scratch,1085,0.9712858200073242
bc_ppo_old,scratch,1086,0.9712858200073242
bc_ppo_old,scratch,1087,0.8763389587402344
bc_ppo_old,scratch,1088,0.8763389587402344
bc_ppo_old,scratch,1089,0.8763389587402344
bc_ppo_old,scratch,1090,0.8763389587402344
bc_ppo_old,scratch,1091,0.8763389587402344
bc_ppo_old,scratch,1092,0.8763389587402344
bc_ppo_old,scratch,1093,0.8763389587402344
bc_ppo_old,scratch,1094,0.8763389587402344
bc_ppo_old,scratch,1095,0.8763389587402344
bc_ppo_old,scratch,1096,0.8124632835388184
bc_ppo_old,scratch,1097,0.8124632835388184
bc_ppo_old,scratch,1098,0.8124632835388184
bc_ppo_old,scratch,1099,0.8124632835388184
bc_ppo_old,scratch,1100,0.8124632835388184
bc_ppo_old,scratch,1101,0.8624295592308044
bc_ppo_old,scratch,1102,0.8624295592308044
bc_ppo_old,scratch,1103,0.8624295592308044
bc_ppo_old,scratch,1104,0.855385422706604
bc_ppo_old,scratch,1105,0.855385422706604
bc_ppo_old,scratch,1106,0.855385422706604
bc_ppo_old,scratch,1107,0.855385422706604
bc_ppo_old,scratch,1108,0.855385422706604
bc_ppo_old,scratch,1109,0.855385422706604
bc_ppo_old,scratch,1110,0.855385422706604
bc_ppo_old,scratch,1111,0.855385422706604
bc_ppo_old,scratch,1112,0.855385422706604
bc_ppo_old,scratch,1113,0.6974936723709106
bc_ppo_old,scratch,1114,0.6974936723709106
bc_ppo_old,scratch,1115,0.6974936723709106
bc_ppo_old,scratch,1116,0.6974936723709106
bc_ppo_old,scratch,1117,0.6974936723709106
bc_ppo_old,scratch,1118,0.6974936723709106
bc_ppo_old,scratch,1119,0.6974936723709106
bc_ppo_old,scratch,1120,0.6974936723709106
bc_ppo_old,scratch,1121,0.6974936723709106
bc_ppo_old,scratch,1122,0.6974936723709106
bc_ppo_old,scratch,1123,0.6974936723709106
bc_ppo_old,scratch,1124,0.6974936723709106
bc_ppo_old,scratch,1125,0.9851909875869751
bc_ppo_old,scratch,1126,0.9851909875869751
bc_ppo_old,scratch,1127,0.9851909875869751
bc_ppo_old,scratch,1128,0.9851909875869751
bc_ppo_old,scratch,1129,0.9851909875869751
bc_ppo_old,scratch,1130,0.9851909875869751
bc_ppo_old,scratch,1131,0.9851909875869751
bc_ppo_old,scratch,1132,0.9851909875869751
bc_ppo_old,scratch,1133,0.9851909875869751
bc_ppo_old,scratch,1134,0.9851909875869751
bc_ppo_old,scratch,1135,0.9851909875869751
bc_ppo_old,scratch,1136,0.9851909875869751
bc_ppo_old,scratch,1137,0.9851909875869751
bc_ppo_old,scratch,1138,1.0438108444213867
bc_ppo_old,scratch,1139,1.0438108444213867
bc_ppo_old,scratch,1140,1.0438108444213867
bc_ppo_old,scratch,1141,1.0438108444213867
bc_ppo_old,scratch,1142,1.0438108444213867
bc_ppo_old,scratch,1143,1.0438108444213867
bc_ppo_old,scratch,1144,1.0438108444213867
bc_ppo_old,scratch,1145,1.0438108444213867
bc_ppo_old,scratch,1146,1.0438108444213867
bc_ppo_old,scratch,1147,1.0438108444213867
bc_ppo_old,scratch,1148,1.0438108444213867
bc_ppo_old,scratch,1149,1.0438108444213867
bc_ppo_old,scratch,1150,1.0438108444213867
bc_ppo_old,scratch,1151,1.0438108444213867
bc_ppo_old,scratch,1152,1.0438108444213867
bc_ppo_old,scratch,1153,1.0438108444213867
bc_ppo_old,scratch,1154,1.0438108444213867
bc_ppo_old,scratch,1155,0.7549582719802856
bc_ppo_old,scratch,1156,0.7549582719802856
bc_ppo_old,scratch,1157,0.7549582719802856
bc_ppo_old,scratch,1158,0.7549582719802856
bc_ppo_old,scratch,1159,0.7549582719802856
bc_ppo_old,scratch,1160,0.7549582719802856
bc_ppo_old,scratch,1161,0.7549582719802856
bc_ppo_old,scratch,1162,0.7549582719802856
bc_ppo_old,scratch,1163,0.7549582719802856
bc_ppo_old,scratch,1164,0.7549582719802856
bc_ppo_old,scratch,1165,0.7549582719802856
bc_ppo_old,scratch,1166,0.7549582719802856
bc_ppo_old,scratch,1167,0.7549582719802856
bc_ppo_old,scratch,1168,0.7549582719802856
bc_ppo_old,scratch,1169,0.7549582719802856
bc_ppo_old,scratch,1170,0.7549582719802856
bc_ppo_old,scratch,1171,0.7549582719802856
bc_ppo_old,scratch,1172,0.7549582719802856
bc_ppo_old,scratch,1173,0.7549582719802856
bc_ppo_old,scratch,1174,0.7549582719802856
bc_ppo_old,scratch,1175,0.7549582719802856
bc_ppo_old,scratch,1176,0.7549582719802856
bc_ppo_old,scratch,1177,0.7549582719802856
bc_ppo_old,scratch,1178,0.7549582719802856
bc_ppo_old,scratch,1179,0.7549582719802856
bc_ppo_old,scratch,1180,0.7549582719802856
bc_ppo_old,scratch,1181,0.7549582719802856
bc_ppo_old,scratch,1182,0.7549582719802856
bc_ppo_old,scratch,1183,0.8471587896347046
bc_ppo_old,scratch,1184,0.8471587896347046
bc_ppo_old,scratch,1185,0.8471587896347046
bc_ppo_old,scratch,1186,0.8471587896347046
bc_ppo_old,scratch,1187,1.2321447134017944
bc_ppo_old,scratch,1188,1.2321447134017944
bc_ppo_old,scratch,1189,1.2321447134017944
bc_ppo_old,scratch,1190,1.2321447134017944
bc_ppo_old,scratch,1191,1.2321447134017944
bc_ppo_old,scratch,1192,0.629940927028656
bc_ppo_old,scratch,1193,0.629940927028656
bc_ppo_old,scratch,1194,0.629940927028656
bc_ppo_old,scratch,1195,0.629940927028656
bc_ppo_old,scratch,1196,0.629940927028656
bc_ppo_old,scratch,1197,0.629940927028656
bc_ppo_old,scratch,1198,0.629940927028656
bc_ppo_old,scratch,1199,0.629940927028656
bc_ppo_old,scratch,1200,0.629940927028656
bc_ppo_old,scratch,1201,0.629940927028656
bc_ppo_old,scratch,1202,0.629940927028656
bc_ppo_old,scratch,1203,0.629940927028656
bc_ppo_old,scratch,1204,0.629940927028656
bc_ppo_old,scratch,1205,0.629940927028656
bc_ppo_old,scratch,1206,0.629940927028656
bc_ppo_old,scratch,1207,1.1230080127716064
bc_ppo_old,scratch,1208,1.1230080127716064
bc_ppo_old,scratch,1209,1.1230080127716064
bc_ppo_old,scratch,1210,1.1230080127716064
bc_ppo_old,scratch,1211,1.1230080127716064
bc_ppo_old,scratch,1212,1.1230080127716064
bc_ppo_old,scratch,1213,1.052804708480835
bc_ppo_old,scratch,1214,1.052804708480835
bc_ppo_old,scratch,1215,1.052804708480835
bc_ppo_old,scratch,1216,1.052804708480835
bc_ppo_old,scratch,1217,1.052804708480835
bc_ppo_old,scratch,1218,1.052804708480835
bc_ppo_old,scratch,1219,1.052804708480835
bc_ppo_old,scratch,1220,0.9262365102767944
bc_ppo_old,scratch,1221,0.9262365102767944
bc_ppo_old,scratch,1222,0.9262365102767944
bc_ppo_old,scratch,1223,0.9262365102767944
bc_ppo_old,scratch,1224,0.9262365102767944
bc_ppo_old,scratch,1225,0.9262365102767944
bc_ppo_old,scratch,1226,0.9262365102767944
bc_ppo_old,scratch,1227,0.823013186454773
bc_ppo_old,scratch,1228,0.823013186454773
bc_ppo_old,scratch,1229,0.7614754438400269
bc_ppo_old,scratch,1230,0.7061607241630554
bc_ppo_old,scratch,1231,0.7061607241630554
bc_ppo_old,scratch,1232,0.7061607241630554
bc_ppo_old,scratch,1233,0.7061607241630554
bc_ppo_old,scratch,1234,0.7061607241630554
bc_ppo_old,scratch,1235,0.7855321764945984
bc_ppo_old,scratch,1236,0.7855321764945984
bc_ppo_old,scratch,1237,0.7855321764945984
bc_ppo_old,scratch,1238,0.7855321764945984
bc_ppo_old,scratch,1239,0.7855321764945984
bc_ppo_old,scratch,1240,0.7855321764945984
bc_ppo_old,scratch,1241,0.7855321764945984
bc_ppo_old,scratch,1242,0.7855321764945984
bc_ppo_old,scratch,1243,0.7855321764945984
bc_ppo_old,scratch,1244,0.7855321764945984
bc_ppo_old,scratch,1245,0.7855321764945984
bc_ppo_old,scratch,1246,0.6492556929588318
bc_ppo_old,scratch,1247,0.321902334690094
bc_ppo_old,scratch,1248,0.321902334690094
bc_ppo_old,scratch,1249,0.321902334690094
bc_ppo_old,scratch,1250,0.321902334690094
bc_ppo_old,scratch,1251,0.321902334690094
bc_ppo_old,scratch,1252,0.321902334690094
bc_ppo_old,scratch,1253,0.321902334690094
bc_ppo_old,scratch,1254,0.321902334690094
bc_ppo_old,scratch,1255,0.6713567972183228
bc_ppo_old,scratch,1256,0.6713567972183228
bc_ppo_old,scratch,1257,0.6713567972183228
bc_ppo_old,scratch,1258,0.6713567972183228
bc_ppo_old,scratch,1259,0.6713567972183228
bc_ppo_old,scratch,1260,0.6713567972183228
bc_ppo_old,scratch,1261,1.2420966625213623
bc_ppo_old,scratch,1262,1.2420966625213623
bc_ppo_old,scratch,1263,1.2420966625213623
bc_ppo_old,scratch,1264,0.839777410030365
bc_ppo_old,scratch,1265,0.839777410030365
bc_ppo_old,scratch,1266,0.839777410030365
bc_ppo_old,scratch,1267,0.839777410030365
bc_ppo_old,scratch,1268,0.839777410030365
bc_ppo_old,scratch,1269,0.839777410030365
bc_ppo_old,scratch,1270,0.839777410030365
bc_ppo_old,scratch,1271,0.839777410030365
bc_ppo_old,scratch,1272,0.839777410030365
bc_ppo_old,scratch,1273,0.839777410030365
bc_ppo_old,scratch,1274,0.839777410030365
bc_ppo_old,scratch,1275,0.839777410030365
bc_ppo_old,scratch,1276,0.839777410030365
bc_ppo_old,scratch,1277,0.839777410030365
bc_ppo_old,scratch,1278,1.001250147819519
bc_ppo_old,scratch,1279,1.001250147819519
bc_ppo_old,scratch,1280,1.001250147819519
bc_ppo_old,scratch,1281,1.001250147819519
bc_ppo_old,scratch,1282,1.001250147819519
bc_ppo_old,scratch,1283,1.001250147819519
bc_ppo_old,scratch,1284,1.001250147819519
bc_ppo_old,scratch,1285,1.001250147819519
bc_ppo_old,scratch,1286,1.001250147819519
bc_ppo_old,scratch,1287,1.001250147819519
bc_ppo_old,scratch,1288,1.001250147819519
bc_ppo_old,scratch,1289,1.001250147819519
bc_ppo_old,scratch,1290,1.001250147819519
bc_ppo_old,scratch,1291,1.001250147819519
bc_ppo_old,scratch,1292,1.001250147819519
bc_ppo_old,scratch,1293,1.001250147819519
bc_ppo_old,scratch,1294,1.3397563695907593
bc_ppo_old,scratch,1295,1.3397563695907593
bc_ppo_old,scratch,1296,1.4661388397216797
bc_ppo_old,scratch,1297,1.4661388397216797
bc_ppo_old,scratch,1298,1.4661388397216797
bc_ppo_old,scratch,1299,1.4661388397216797
bc_ppo_old,scratch,1300,1.4661388397216797
bc_ppo_old,scratch,1301,1.4661388397216797
bc_ppo_old,scratch,1302,1.4661388397216797
bc_ppo_old,scratch,1303,1.4661388397216797
bc_ppo_old,scratch,1304,1.4661388397216797
bc_ppo_old,scratch,1305,1.4661388397216797
bc_ppo_old,scratch,1306,0.9564803838729858
bc_ppo_old,scratch,1307,0.9564803838729858
bc_ppo_old,scratch,1308,0.9050125479698181
bc_ppo_old,scratch,1309,0.9050125479698181
bc_ppo_old,scratch,1310,0.9050125479698181
bc_ppo_old,scratch,1311,0.9050125479698181
bc_ppo_old,scratch,1312,0.9050125479698181
bc_ppo_old,scratch,1313,0.9050125479698181
bc_ppo_old,scratch,1314,0.9050125479698181
bc_ppo_old,scratch,1315,0.9050125479698181
bc_ppo_old,scratch,1316,0.9050125479698181
bc_ppo_old,scratch,1317,0.9050125479698181
bc_ppo_old,scratch,1318,0.9050125479698181
bc_ppo_old,scratch,1319,0.9050125479698181
bc_ppo_old,scratch,1320,0.9050125479698181
bc_ppo_old,scratch,1321,0.9050125479698181
bc_ppo_old,scratch,1322,0.9050125479698181
bc_ppo_old,scratch,1323,0.9050125479698181
bc_ppo_old,scratch,1324,0.9050125479698181
bc_ppo_old,scratch,1325,0.9050125479698181
bc_ppo_old,scratch,1326,0.9322586059570312
bc_ppo_old,scratch,1327,0.9322586059570312
bc_ppo_old,scratch,1328,0.9322586059570312
bc_ppo_old,scratch,1329,0.9322586059570312
bc_ppo_old,scratch,1330,0.9322586059570312
bc_ppo_old,scratch,1331,0.9322586059570312
bc_ppo_old,scratch,1332,0.9322586059570312
bc_ppo_old,scratch,1333,0.9322586059570312
bc_ppo_old,scratch,1334,0.9322586059570312
bc_ppo_old,scratch,1335,0.9552321434020996
bc_ppo_old,scratch,1336,0.9552321434020996
bc_ppo_old,scratch,1337,0.9552321434020996
bc_ppo_old,scratch,1338,0.9552321434020996
bc_ppo_old,scratch,1339,0.9552321434020996
bc_ppo_old,scratch,1340,0.9552321434020996
bc_ppo_old,scratch,1341,0.9552321434020996
bc_ppo_old,scratch,1342,0.9552321434020996
bc_ppo_old,scratch,1343,0.9552321434020996
bc_ppo_old,scratch,1344,0.9552321434020996
bc_ppo_old,scratch,1345,0.9552321434020996
bc_ppo_old,scratch,1346,0.9552321434020996
bc_ppo_old,scratch,1347,0.9552321434020996
bc_ppo_old,scratch,1348,0.9552321434020996
bc_ppo_old,scratch,1349,0.9552321434020996
bc_ppo_old,scratch,1350,0.9552321434020996
bc_ppo_old,scratch,1351,0.9552321434020996
bc_ppo_old,scratch,1352,0.9552321434020996
bc_ppo_old,scratch,1353,0.9552321434020996
bc_ppo_old,scratch,1354,0.9552321434020996
bc_ppo_old,scratch,1355,0.9552321434020996
bc_ppo_old,scratch,1356,0.9552321434020996
bc_ppo_old,scratch,1357,0.9552321434020996
bc_ppo_old,scratch,1358,0.9552321434020996
bc_ppo_old,scratch,1359,1.0649417638778687
bc_ppo_old,scratch,1360,1.0649417638778687
bc_ppo_old,scratch,1361,1.0649417638778687
bc_ppo_old,scratch,1362,1.0649417638778687
bc_ppo_old,scratch,1363,1.0649417638778687
bc_ppo_old,scratch,1364,1.0649417638778687
bc_ppo_old,scratch,1365,1.0649417638778687
bc_ppo_old,scratch,1366,1.0649417638778687
bc_ppo_old,scratch,1367,1.0649417638778687
bc_ppo_old,scratch,1368,1.0649417638778687
bc_ppo_old,scratch,1369,1.0649417638778687
bc_ppo_old,scratch,1370,1.0649417638778687
bc_ppo_old,scratch,1371,1.0649417638778687
bc_ppo_old,scratch,1372,1.0649417638778687
bc_ppo_old,scratch,1373,1.0649417638778687
bc_ppo_old,scratch,1374,0.9636666178703308
bc_ppo_old,scratch,1375,0.9636666178703308
bc_ppo_old,scratch,1376,0.9636666178703308
bc_ppo_old,scratch,1377,0.9636666178703308
bc_ppo_old,scratch,1378,0.9636666178703308
bc_ppo_old,scratch,1379,0.9636666178703308
bc_ppo_old,scratch,1380,0.9636666178703308
bc_ppo_old,scratch,1381,0.9636666178703308
bc_ppo_old,scratch,1382,1.5898044109344482
bc_ppo_old,scratch,1383,1.5898044109344482
bc_ppo_old,scratch,1384,1.5898044109344482
bc_ppo_old,scratch,1385,1.5898044109344482
bc_ppo_old,scratch,1386,1.5898044109344482
bc_ppo_old,scratch,1387,1.5898044109344482
bc_ppo_old,scratch,1388,1.5898044109344482
bc_ppo_old,scratch,1389,1.5898044109344482
bc_ppo_old,scratch,1390,1.5898044109344482
bc_ppo_old,scratch,1391,0.9638100862503052
bc_ppo_old,scratch,1392,0.8395077586174011
bc_ppo_old,scratch,1393,0.6736891269683838
bc_ppo_old,scratch,1394,0.6736891269683838
bc_ppo_old,scratch,1395,0.6736891269683838
bc_ppo_old,scratch,1396,0.6736891269683838
bc_ppo_old,scratch,1397,0.6736891269683838
bc_ppo_old,scratch,1398,0.3960990607738495
bc_ppo_old,scratch,1399,0.3960990607738495
bc_ppo_old,scratch,1400,0.3960990607738495
bc_ppo_old,scratch,1401,0.3960990607738495
bc_ppo_old,scratch,1402,0.3960990607738495
bc_ppo_old,scratch,1403,0.3960990607738495
bc_ppo_old,scratch,1404,0.3960990607738495
bc_ppo_old,scratch,1405,0.3960990607738495
bc_ppo_old,scratch,1406,0.3960990607738495
bc_ppo_old,scratch,1407,0.3960990607738495
bc_ppo_old,scratch,1408,0.3960990607738495
bc_ppo_old,scratch,1409,0.3960990607738495
bc_ppo_old,scratch,1410,0.3960990607738495
bc_ppo_old,scratch,1411,0.3960990607738495
bc_ppo_old,scratch,1412,0.5153772830963135
bc_ppo_old,scratch,1413,0.5153772830963135
bc_ppo_old,scratch,1414,0.5153772830963135
bc_ppo_old,scratch,1415,0.5153772830963135
bc_ppo_old,scratch,1416,0.5153772830963135
bc_ppo_old,scratch,1417,0.5153772830963135
bc_ppo_old,scratch,1418,0.5153772830963135
bc_ppo_old,scratch,1419,0.5153772830963135
bc_ppo_old,scratch,1420,0.5153772830963135
bc_ppo_old,scratch,1421,0.5153772830963135
bc_ppo_old,scratch,1422,0.5153772830963135
bc_ppo_old,scratch,1423,0.5153772830963135
bc_ppo_old,scratch,1424,0.5153772830963135
bc_ppo_old,scratch,1425,0.5153772830963135
bc_ppo_old,scratch,1426,0.5153772830963135
bc_ppo_old,scratch,1427,0.5153772830963135
bc_ppo_old,scratch,1428,0.5153772830963135
bc_ppo_old,scratch,1429,0.5153772830963135
bc_ppo_old,scratch,1430,0.5544716119766235
bc_ppo_old,scratch,1431,0.5544716119766235
bc_ppo_old,scratch,1432,0.5544716119766235
bc_ppo_old,scratch,1433,0.5544716119766235
bc_ppo_old,scratch,1434,1.1514005661010742
bc_ppo_old,scratch,1435,1.1514005661010742
bc_ppo_old,scratch,1436,1.1514005661010742
bc_ppo_old,scratch,1437,1.1514005661010742
bc_ppo_old,scratch,1438,1.1514005661010742
bc_ppo_old,scratch,1439,0.8824390769004822
bc_ppo_old,scratch,1440,0.8824390769004822
bc_ppo_old,scratch,1441,0.8824390769004822
bc_ppo_old,scratch,1442,0.8824390769004822
bc_ppo_old,scratch,1443,0.8824390769004822
bc_ppo_old,scratch,1444,0.8824390769004822
bc_ppo_old,scratch,1445,0.8824390769004822
bc_ppo_old,scratch,1446,0.8824390769004822
bc_ppo_old,scratch,1447,0.8824390769004822
bc_ppo_old,scratch,1448,0.8824390769004822
bc_ppo_old,scratch,1449,0.7599316835403442
bc_ppo_old,scratch,1450,0.7599316835403442
bc_ppo_old,scratch,1451,0.5384647250175476
bc_ppo_old,scratch,1452,0.5384647250175476
bc_ppo_old,scratch,1453,0.5384647250175476
bc_ppo_old,scratch,1454,0.9436875581741333
bc_ppo_old,scratch,1455,0.9436875581741333
bc_ppo_old,scratch,1456,0.9491450786590576
bc_ppo_old,scratch,1457,0.9491450786590576
bc_ppo_old,scratch,1458,0.9491450786590576
bc_ppo_old,scratch,1459,0.9491450786590576
bc_ppo_old,scratch,1460,0.9491450786590576
bc_ppo_old,scratch,1461,0.9491450786590576
bc_ppo_old,scratch,1462,0.9491450786590576
bc_ppo_old,scratch,1463,0.9491450786590576
bc_ppo_old,scratch,1464,0.9491450786590576
bc_ppo_old,scratch,1465,0.9491450786590576
bc_ppo_old,scratch,1466,0.9491450786590576
bc_ppo_old,scratch,1467,0.9491450786590576
bc_ppo_old,scratch,1468,0.9491450786590576
bc_ppo_old,scratch,1469,0.9491450786590576
bc_ppo_old,scratch,1470,0.9491450786590576
bc_ppo_old,scratch,1471,0.9491450786590576
bc_ppo_old,scratch,1472,0.9491450786590576
bc_ppo_old,scratch,1473,0.9491450786590576
bc_ppo_old,scratch,1474,0.9491450786590576
bc_ppo_old,scratch,1475,0.9491450786590576
bc_ppo_old,scratch,1476,0.9491450786590576
bc_ppo_old,scratch,1477,0.9491450786590576
bc_ppo_old,scratch,1478,0.9491450786590576
bc_ppo_old,scratch,1479,0.9491450786590576
bc_ppo_old,scratch,1480,0.9491450786590576
bc_ppo_old,scratch,1481,0.9491450786590576
bc_ppo_old,scratch,1482,0.9491450786590576
bc_ppo_old,scratch,1483,0.9491450786590576
bc_ppo_old,scratch,1484,0.9491450786590576
bc_ppo_old,scratch,1485,0.9491450786590576
bc_ppo_old,scratch,1486,0.9491450786590576
bc_ppo_old,scratch,1487,1.1887134313583374
bc_ppo_old,scratch,1488,1.1887134313583374
bc_ppo_old,scratch,1489,1.1887134313583374
bc_ppo_old,scratch,1490,1.1887134313583374
bc_ppo_old,scratch,1491,1.1887134313583374
bc_ppo_old,scratch,1492,1.1887134313583374
bc_ppo_old,scratch,1493,1.1887134313583374
bc_ppo_old,scratch,1494,1.1887134313583374
bc_ppo_old,scratch,1495,1.1887134313583374
bc_ppo_old,scratch,1496,1.1887134313583374
bc_ppo_old,scratch,1497,1.1887134313583374
bc_ppo_old,scratch,1498,1.1887134313583374
bc_ppo_old,reward,199,-1670.757568359375
bc_ppo_old,reward,200,-1670.757568359375
bc_ppo_old,reward,201,-1670.757568359375
bc_ppo_old,reward,202,-1670.757568359375
bc_ppo_old,reward,203,-1670.757568359375
bc_ppo_old,reward,204,-1670.757568359375
bc_ppo_old,reward,205,-1670.757568359375
bc_ppo_old,reward,206,-1670.757568359375
bc_ppo_old,reward,207,-1670.757568359375
bc_ppo_old,reward,208,-1670.757568359375
bc_ppo_old,reward,209,-1670.757568359375
bc_ppo_old,reward,210,-1670.757568359375
bc_ppo_old,reward,211,-1670.757568359375
bc_ppo_old,reward,212,-1670.757568359375
bc_ppo_old,reward,213,-1670.757568359375
bc_ppo_old,reward,214,-1670.757568359375
bc_ppo_old,reward,215,-1670.757568359375
bc_ppo_old,reward,216,-1670.757568359375
bc_ppo_old,reward,217,-1670.757568359375
bc_ppo_old,reward,218,-1670.757568359375
bc_ppo_old,reward,219,-1670.757568359375
bc_ppo_old,reward,220,-1670.757568359375
bc_ppo_old,reward,221,-1670.757568359375
bc_ppo_old,reward,222,-1670.757568359375
bc_ppo_old,reward,223,-1670.757568359375
bc_ppo_old,reward,224,-1670.757568359375
bc_ppo_old,reward,225,-1670.757568359375
bc_ppo_old,reward,226,-1670.757568359375
bc_ppo_old,reward,227,-1670.757568359375
bc_ppo_old,reward,228,-1670.757568359375
bc_ppo_old,reward,229,-1670.757568359375
bc_ppo_old,reward,230,-1670.757568359375
bc_ppo_old,reward,231,-1670.757568359375
bc_ppo_old,reward,232,-1670.757568359375
bc_ppo_old,reward,233,-1670.757568359375
bc_ppo_old,reward,234,-1670.757568359375
bc_ppo_old,reward,235,-1670.757568359375
bc_ppo_old,reward,236,-1670.757568359375
bc_ppo_old,reward,237,-1670.757568359375
bc_ppo_old,reward,238,-1670.757568359375
bc_ppo_old,reward,239,-1670.757568359375
bc_ppo_old,reward,240,-1670.757568359375
bc_ppo_old,reward,241,-1670.757568359375
bc_ppo_old,reward,242,-1670.757568359375
bc_ppo_old,reward,243,-1670.757568359375
bc_ppo_old,reward,244,-1670.757568359375
bc_ppo_old,reward,245,-1670.757568359375
bc_ppo_old,reward,246,-1670.757568359375
bc_ppo_old,reward,247,-1670.757568359375
bc_ppo_old,reward,248,-1670.757568359375
bc_ppo_old,reward,249,-1670.757568359375
bc_ppo_old,reward,250,-1670.757568359375
bc_ppo_old,reward,251,-1670.757568359375
bc_ppo_old,reward,252,-1670.757568359375
bc_ppo_old,reward,253,-1670.757568359375
bc_ppo_old,reward,254,-1670.757568359375
bc_ppo_old,reward,255,-1670.757568359375
bc_ppo_old,reward,256,-1670.757568359375
bc_ppo_old,reward,257,-1670.757568359375
bc_ppo_old,reward,258,-1670.757568359375
bc_ppo_old,reward,259,-1670.757568359375
bc_ppo_old,reward,260,-1670.757568359375
bc_ppo_old,reward,261,-1670.757568359375
bc_ppo_old,reward,262,-1670.757568359375
bc_ppo_old,reward,263,-1670.757568359375
bc_ppo_old,reward,264,-1670.757568359375
bc_ppo_old,reward,265,-1670.757568359375
bc_ppo_old,reward,266,-1670.757568359375
bc_ppo_old,reward,267,-1670.757568359375
bc_ppo_old,reward,268,-1670.757568359375
bc_ppo_old,reward,269,-1670.757568359375
bc_ppo_old,reward,270,-1670.757568359375
bc_ppo_old,reward,271,-1670.757568359375
bc_ppo_old,reward,272,-1670.757568359375
bc_ppo_old,reward,273,-1670.757568359375
bc_ppo_old,reward,274,-1670.757568359375
bc_ppo_old,reward,275,-1670.757568359375
bc_ppo_old,reward,276,-1670.757568359375
bc_ppo_old,reward,277,-1670.757568359375
bc_ppo_old,reward,278,-1670.757568359375
bc_ppo_old,reward,279,-1670.757568359375
bc_ppo_old,reward,280,-1670.757568359375
bc_ppo_old,reward,281,-1670.757568359375
bc_ppo_old,reward,282,-1670.757568359375
bc_ppo_old,reward,283,-1670.757568359375
bc_ppo_old,reward,284,-1670.757568359375
bc_ppo_old,reward,285,-1670.757568359375
bc_ppo_old,reward,286,-1670.757568359375
bc_ppo_old,reward,287,-1670.757568359375
bc_ppo_old,reward,288,-1670.757568359375
bc_ppo_old,reward,289,-1670.757568359375
bc_ppo_old,reward,290,-1670.757568359375
bc_ppo_old,reward,291,-1670.757568359375
bc_ppo_old,reward,292,-1670.757568359375
bc_ppo_old,reward,293,-1670.757568359375
bc_ppo_old,reward,294,-1670.757568359375
bc_ppo_old,reward,295,-1670.757568359375
bc_ppo_old,reward,296,-1670.757568359375
bc_ppo_old,reward,297,-1670.757568359375
bc_ppo_old,reward,298,-1670.757568359375
bc_ppo_old,reward,299,-1670.757568359375
bc_ppo_old,reward,300,-1670.757568359375
bc_ppo_old,reward,301,-1670.757568359375
bc_ppo_old,reward,302,-1670.757568359375
bc_ppo_old,reward,303,-1670.757568359375
bc_ppo_old,reward,304,-1670.757568359375
bc_ppo_old,reward,305,-1670.757568359375
bc_ppo_old,reward,306,-1670.757568359375
bc_ppo_old,reward,307,-1670.757568359375
bc_ppo_old,reward,308,-1670.757568359375
bc_ppo_old,reward,309,-1670.757568359375
bc_ppo_old,reward,310,-1670.757568359375
bc_ppo_old,reward,311,-1670.757568359375
bc_ppo_old,reward,312,-1617.3074951171875
bc_ppo_old,reward,313,-1617.3074951171875
bc_ppo_old,reward,314,-1617.3074951171875
bc_ppo_old,reward,315,-1571.3187255859375
bc_ppo_old,reward,316,-1571.3187255859375
bc_ppo_old,reward,317,-1571.3187255859375
bc_ppo_old,reward,318,-1571.3187255859375
bc_ppo_old,reward,319,-1571.3187255859375
bc_ppo_old,reward,320,-1571.3187255859375
bc_ppo_old,reward,321,-1523.9681396484375
bc_ppo_old,reward,322,-1454.216552734375
bc_ppo_old,reward,323,-1454.216552734375
bc_ppo_old,reward,324,-1454.216552734375
bc_ppo_old,reward,325,-1454.216552734375
bc_ppo_old,reward,326,-1454.216552734375
bc_ppo_old,reward,327,-1454.216552734375
bc_ppo_old,reward,328,-1454.216552734375
bc_ppo_old,reward,329,-1454.216552734375
bc_ppo_old,reward,330,-1454.216552734375
bc_ppo_old,reward,331,-1454.216552734375
bc_ppo_old,reward,332,-1454.216552734375
bc_ppo_old,reward,333,-1454.216552734375
bc_ppo_old,reward,334,-1454.216552734375
bc_ppo_old,reward,335,-1454.216552734375
bc_ppo_old,reward,336,-1454.216552734375
bc_ppo_old,reward,337,-1454.216552734375
bc_ppo_old,reward,338,-1454.216552734375
bc_ppo_old,reward,339,-1454.216552734375
bc_ppo_old,reward,340,-1448.5687255859375
bc_ppo_old,reward,341,-1448.5687255859375
bc_ppo_old,reward,342,-1448.5687255859375
bc_ppo_old,reward,343,-1448.5687255859375
bc_ppo_old,reward,344,-1448.5687255859375
bc_ppo_old,reward,345,-1448.5687255859375
bc_ppo_old,reward,346,-1448.5687255859375
bc_ppo_old,reward,347,-1448.5687255859375
bc_ppo_old,reward,348,-1448.5687255859375
bc_ppo_old,reward,349,-1448.5687255859375
bc_ppo_old,reward,350,-1448.5687255859375
bc_ppo_old,reward,351,-1448.5687255859375
bc_ppo_old,reward,352,-1443.6029052734375
bc_ppo_old,reward,353,-1439.696044921875
bc_ppo_old,reward,354,-1431.7657470703125
bc_ppo_old,reward,355,-1427.0235595703125
bc_ppo_old,reward,356,-1427.0235595703125
bc_ppo_old,reward,357,-1427.0235595703125
bc_ppo_old,reward,358,-1427.0235595703125
bc_ppo_old,reward,359,-1429.31640625
bc_ppo_old,reward,360,-1421.1007080078125
bc_ppo_old,reward,361,-1422.956787109375
bc_ppo_old,reward,362,-1422.956787109375
bc_ppo_old,reward,363,-1422.956787109375
bc_ppo_old,reward,364,-1421.664794921875
bc_ppo_old,reward,365,-1421.664794921875
bc_ppo_old,reward,366,-1421.664794921875
bc_ppo_old,reward,367,-1421.664794921875
bc_ppo_old,reward,368,-1421.664794921875
bc_ppo_old,reward,369,-1421.664794921875
bc_ppo_old,reward,370,-1421.664794921875
bc_ppo_old,reward,371,-1421.664794921875
bc_ppo_old,reward,372,-1421.664794921875
bc_ppo_old,reward,373,-1421.664794921875
bc_ppo_old,reward,374,-1421.664794921875
bc_ppo_old,reward,375,-1421.664794921875
bc_ppo_old,reward,376,-1421.664794921875
bc_ppo_old,reward,377,-1421.664794921875
bc_ppo_old,reward,378,-1421.664794921875
bc_ppo_old,reward,379,-1421.664794921875
bc_ppo_old,reward,380,-1421.664794921875
bc_ppo_old,reward,381,-1421.664794921875
bc_ppo_old,reward,382,-1421.664794921875
bc_ppo_old,reward,383,-1421.664794921875
bc_ppo_old,reward,384,-1421.664794921875
bc_ppo_old,reward,385,-1421.664794921875
bc_ppo_old,reward,386,-1421.664794921875
bc_ppo_old,reward,387,-1421.664794921875
bc_ppo_old,reward,388,-1421.664794921875
bc_ppo_old,reward,389,-1421.664794921875
bc_ppo_old,reward,390,-1421.664794921875
bc_ppo_old,reward,391,-1421.664794921875
bc_ppo_old,reward,392,-1421.664794921875
bc_ppo_old,reward,393,-1421.664794921875
bc_ppo_old,reward,394,-1421.664794921875
bc_ppo_old,reward,395,-1421.664794921875
bc_ppo_old,reward,396,-1421.664794921875
bc_ppo_old,reward,397,-1421.664794921875
bc_ppo_old,reward,398,-1421.664794921875
bc_ppo_old,reward,399,-1421.664794921875
bc_ppo_old,reward,400,-1421.664794921875
bc_ppo_old,reward,401,-1421.664794921875
bc_ppo_old,reward,402,-1421.664794921875
bc_ppo_old,reward,403,-1421.664794921875
bc_ppo_old,reward,404,-1421.664794921875
bc_ppo_old,reward,405,-1421.664794921875
bc_ppo_old,reward,406,-1421.664794921875
bc_ppo_old,reward,407,-1421.664794921875
bc_ppo_old,reward,408,-1421.664794921875
bc_ppo_old,reward,409,-1421.664794921875
bc_ppo_old,reward,410,-1421.664794921875
bc_ppo_old,reward,411,-1421.664794921875
bc_ppo_old,reward,412,-1421.664794921875
bc_ppo_old,reward,413,-1421.664794921875
bc_ppo_old,reward,414,-1421.664794921875
bc_ppo_old,reward,415,-1421.664794921875
bc_ppo_old,reward,416,-1421.664794921875
bc_ppo_old,reward,417,-1421.664794921875
bc_ppo_old,reward,418,-1421.664794921875
bc_ppo_old,reward,419,-1421.664794921875
bc_ppo_old,reward,420,-1421.664794921875
bc_ppo_old,reward,421,-1421.664794921875
bc_ppo_old,reward,422,-1382.10595703125
bc_ppo_old,reward,423,-1382.10595703125
bc_ppo_old,reward,424,-1382.10595703125
bc_ppo_old,reward,425,-1382.10595703125
bc_ppo_old,reward,426,-1382.10595703125
bc_ppo_old,reward,427,-1382.10595703125
bc_ppo_old,reward,428,-1382.10595703125
bc_ppo_old,reward,429,-1382.10595703125
bc_ppo_old,reward,430,-1382.10595703125
bc_ppo_old,reward,431,-1382.10595703125
bc_ppo_old,reward,432,-1382.10595703125
bc_ppo_old,reward,433,-1382.10595703125
bc_ppo_old,reward,434,-1382.10595703125
bc_ppo_old,reward,435,-1382.10595703125
bc_ppo_old,reward,436,-1344.2889404296875
bc_ppo_old,reward,437,-1344.2889404296875
bc_ppo_old,reward,438,-1344.2889404296875
bc_ppo_old,reward,439,-1344.2889404296875
bc_ppo_old,reward,440,-1344.2889404296875
bc_ppo_old,reward,441,-1344.2889404296875
bc_ppo_old,reward,442,-1344.2889404296875
bc_ppo_old,reward,443,-1344.2889404296875
bc_ppo_old,reward,444,-1344.2889404296875
bc_ppo_old,reward,445,-1344.2889404296875
bc_ppo_old,reward,446,-1344.2889404296875
bc_ppo_old,reward,447,-1344.2889404296875
bc_ppo_old,reward,448,-1344.2889404296875
bc_ppo_old,reward,449,-1344.2889404296875
bc_ppo_old,reward,450,-1344.2889404296875
bc_ppo_old,reward,451,-1344.2889404296875
bc_ppo_old,reward,452,-1344.2889404296875
bc_ppo_old,reward,453,-1305.561279296875
bc_ppo_old,reward,454,-1305.561279296875
bc_ppo_old,reward,455,-1305.561279296875
bc_ppo_old,reward,456,-1305.561279296875
bc_ppo_old,reward,457,-1305.561279296875
bc_ppo_old,reward,458,-1268.21044921875
bc_ppo_old,reward,459,-1268.21044921875
bc_ppo_old,reward,460,-1233.73583984375
bc_ppo_old,reward,461,-1233.73583984375
bc_ppo_old,reward,462,-1202.8736572265625
bc_ppo_old,reward,463,-1202.8736572265625
bc_ppo_old,reward,464,-1202.8736572265625
bc_ppo_old,reward,465,-1202.8736572265625
bc_ppo_old,reward,466,-1202.8736572265625
bc_ppo_old,reward,467,-1202.8736572265625
bc_ppo_old,reward,468,-1202.8736572265625
bc_ppo_old,reward,469,-1202.8736572265625
bc_ppo_old,reward,470,-1202.8736572265625
bc_ppo_old,reward,471,-1202.8736572265625
bc_ppo_old,reward,472,-1202.8736572265625
bc_ppo_old,reward,473,-1202.8736572265625
bc_ppo_old,reward,474,-1202.8736572265625
bc_ppo_old,reward,475,-1173.747802734375
bc_ppo_old,reward,476,-1173.747802734375
bc_ppo_old,reward,477,-1173.747802734375
bc_ppo_old,reward,478,-1173.747802734375
bc_ppo_old,reward,479,-1173.747802734375
bc_ppo_old,reward,480,-1173.747802734375
bc_ppo_old,reward,481,-1173.747802734375
bc_ppo_old,reward,482,-1173.747802734375
bc_ppo_old,reward,483,-1173.747802734375
bc_ppo_old,reward,484,-1146.9300537109375
bc_ppo_old,reward,485,-1146.9300537109375
bc_ppo_old,reward,486,-1120.29052734375
bc_ppo_old,reward,487,-1120.29052734375
bc_ppo_old,reward,488,-1120.29052734375
bc_ppo_old,reward,489,-1120.29052734375
bc_ppo_old,reward,490,-1120.29052734375
bc_ppo_old,reward,491,-1120.29052734375
bc_ppo_old,reward,492,-1120.29052734375
bc_ppo_old,reward,493,-1120.29052734375
bc_ppo_old,reward,494,-1120.29052734375
bc_ppo_old,reward,495,-1120.29052734375
bc_ppo_old,reward,496,-1120.29052734375
bc_ppo_old,reward,497,-1120.29052734375
bc_ppo_old,reward,498,-1120.29052734375
bc_ppo_old,reward,499,-1120.29052734375
bc_ppo_old,reward,500,-1120.29052734375
bc_ppo_old,reward,501,-1120.29052734375
bc_ppo_old,reward,502,-1120.29052734375
bc_ppo_old,reward,503,-1122.3824462890625
bc_ppo_old,reward,504,-1122.3824462890625
bc_ppo_old,reward,505,-1122.3824462890625
bc_ppo_old,reward,506,-1122.3824462890625
bc_ppo_old,reward,507,-1122.3824462890625
bc_ppo_old,reward,508,-1125.2279052734375
bc_ppo_old,reward,509,-1125.2279052734375
bc_ppo_old,reward,510,-1125.2279052734375
bc_ppo_old,reward,511,-1125.2279052734375
bc_ppo_old,reward,512,-1128.6929931640625
bc_ppo_old,reward,513,-1128.6929931640625
bc_ppo_old,reward,514,-1128.6929931640625
bc_ppo_old,reward,515,-1128.6929931640625
bc_ppo_old,reward,516,-1128.6929931640625
bc_ppo_old,reward,517,-1128.6929931640625
bc_ppo_old,reward,518,-1128.6929931640625
bc_ppo_old,reward,519,-1128.6929931640625
bc_ppo_old,reward,520,-1128.6929931640625
bc_ppo_old,reward,521,-1128.6929931640625
bc_ppo_old,reward,522,-1128.6929931640625
bc_ppo_old,reward,523,-1128.6929931640625
bc_ppo_old,reward,524,-1128.6929931640625
bc_ppo_old,reward,525,-1128.6929931640625
bc_ppo_old,reward,526,-1128.6929931640625
bc_ppo_old,reward,527,-1131.1810302734375
bc_ppo_old,reward,528,-1131.1810302734375
bc_ppo_old,reward,529,-1131.1810302734375
bc_ppo_old,reward,530,-1131.1810302734375
bc_ppo_old,reward,531,-1131.1810302734375
bc_ppo_old,reward,532,-1131.1810302734375
bc_ppo_old,reward,533,-1131.1810302734375
bc_ppo_old,reward,534,-1131.1810302734375
bc_ppo_old,reward,535,-1131.1810302734375
bc_ppo_old,reward,536,-1131.1810302734375
bc_ppo_old,reward,537,-1109.053955078125
bc_ppo_old,reward,538,-1087.49072265625
bc_ppo_old,reward,539,-1085.8870849609375
bc_ppo_old,reward,540,-1085.8870849609375
bc_ppo_old,reward,541,-1085.8870849609375
bc_ppo_old,reward,542,-1085.8870849609375
bc_ppo_old,reward,543,-1089.1534423828125
bc_ppo_old,reward,544,-1089.1534423828125
bc_ppo_old,reward,545,-1089.1534423828125
bc_ppo_old,reward,546,-1089.1534423828125
bc_ppo_old,reward,547,-1089.1534423828125
bc_ppo_old,reward,548,-1094.379150390625
bc_ppo_old,reward,549,-1094.379150390625
bc_ppo_old,reward,550,-1094.379150390625
bc_ppo_old,reward,551,-1094.379150390625
bc_ppo_old,reward,552,-1094.379150390625
bc_ppo_old,reward,553,-1094.379150390625
bc_ppo_old,reward,554,-1094.379150390625
bc_ppo_old,reward,555,-1094.379150390625
bc_ppo_old,reward,556,-1094.379150390625
bc_ppo_old,reward,557,-1094.379150390625
bc_ppo_old,reward,558,-1094.379150390625
bc_ppo_old,reward,559,-1094.379150390625
bc_ppo_old,reward,560,-1094.379150390625
bc_ppo_old,reward,561,-1094.379150390625
bc_ppo_old,reward,562,-1094.379150390625
bc_ppo_old,reward,563,-1094.379150390625
bc_ppo_old,reward,564,-1094.379150390625
bc_ppo_old,reward,565,-1094.379150390625
bc_ppo_old,reward,566,-1094.379150390625
bc_ppo_old,reward,567,-1094.379150390625
bc_ppo_old,reward,568,-1094.379150390625
bc_ppo_old,reward,569,-1094.379150390625
bc_ppo_old,reward,570,-1094.379150390625
bc_ppo_old,reward,571,-1094.379150390625
bc_ppo_old,reward,572,-1094.379150390625
bc_ppo_old,reward,573,-1094.379150390625
bc_ppo_old,reward,574,-1094.379150390625
bc_ppo_old,reward,575,-1094.379150390625
bc_ppo_old,reward,576,-1064.5216064453125
bc_ppo_old,reward,577,-1064.5216064453125
bc_ppo_old,reward,578,-1064.5216064453125
bc_ppo_old,reward,579,-1064.5216064453125
bc_ppo_old,reward,580,-1064.5216064453125
bc_ppo_old,reward,581,-1064.5216064453125
bc_ppo_old,reward,582,-1064.5216064453125
bc_ppo_old,reward,583,-1064.5216064453125
bc_ppo_old,reward,584,-1064.5216064453125
bc_ppo_old,reward,585,-1045.2637939453125
bc_ppo_old,reward,586,-1045.2637939453125
bc_ppo_old,reward,587,-1045.2637939453125
bc_ppo_old,reward,588,-1045.2637939453125
bc_ppo_old,reward,589,-1045.2637939453125
bc_ppo_old,reward,590,-1026.2139892578125
bc_ppo_old,reward,591,-1026.2139892578125
bc_ppo_old,reward,592,-1026.2139892578125
bc_ppo_old,reward,593,-1026.2139892578125
bc_ppo_old,reward,594,-1026.2139892578125
bc_ppo_old,reward,595,-1026.2139892578125
bc_ppo_old,reward,596,-1026.2139892578125
bc_ppo_old,reward,597,-1026.2139892578125
bc_ppo_old,reward,598,-1026.2139892578125
bc_ppo_old,reward,599,-1026.2139892578125
bc_ppo_old,reward,600,-1004.9342041015625
bc_ppo_old,reward,601,-1004.9342041015625
bc_ppo_old,reward,602,-998.0397338867188
bc_ppo_old,reward,603,-980.193603515625
bc_ppo_old,reward,604,-972.3350219726562
bc_ppo_old,reward,605,-972.3350219726562
bc_ppo_old,reward,606,-972.3350219726562
bc_ppo_old,reward,607,-972.3350219726562
bc_ppo_old,reward,608,-972.3350219726562
bc_ppo_old,reward,609,-972.3350219726562
bc_ppo_old,reward,610,-972.3350219726562
bc_ppo_old,reward,611,-972.3350219726562
bc_ppo_old,reward,612,-972.3350219726562
bc_ppo_old,reward,613,-955.5595092773438
bc_ppo_old,reward,614,-938.7466430664062
bc_ppo_old,reward,615,-938.7466430664062
bc_ppo_old,reward,616,-938.7466430664062
bc_ppo_old,reward,617,-938.7466430664062
bc_ppo_old,reward,618,-938.7466430664062
bc_ppo_old,reward,619,-938.7466430664062
bc_ppo_old,reward,620,-938.7466430664062
bc_ppo_old,reward,621,-938.7466430664062
bc_ppo_old,reward,622,-938.7466430664062
bc_ppo_old,reward,623,-938.7466430664062
bc_ppo_old,reward,624,-938.7466430664062
bc_ppo_old,reward,625,-938.7466430664062
bc_ppo_old,reward,626,-938.7466430664062
bc_ppo_old,reward,627,-938.7466430664062
bc_ppo_old,reward,628,-938.7466430664062
bc_ppo_old,reward,629,-938.7466430664062
bc_ppo_old,reward,630,-938.7466430664062
bc_ppo_old,reward,631,-938.7466430664062
bc_ppo_old,reward,632,-939.0108032226562
bc_ppo_old,reward,633,-922.9071044921875
bc_ppo_old,reward,634,-922.9071044921875
bc_ppo_old,reward,635,-922.9071044921875
bc_ppo_old,reward,636,-922.9071044921875
bc_ppo_old,reward,637,-922.9071044921875
bc_ppo_old,reward,638,-922.9071044921875
bc_ppo_old,reward,639,-922.9071044921875
bc_ppo_old,reward,640,-922.9071044921875
bc_ppo_old,reward,641,-922.9071044921875
bc_ppo_old,reward,642,-922.9071044921875
bc_ppo_old,reward,643,-922.9071044921875
bc_ppo_old,reward,644,-922.9071044921875
bc_ppo_old,reward,645,-922.9071044921875
bc_ppo_old,reward,646,-922.9071044921875
bc_ppo_old,reward,647,-908.7100830078125
bc_ppo_old,reward,648,-908.7100830078125
bc_ppo_old,reward,649,-908.7100830078125
bc_ppo_old,reward,650,-908.7100830078125
bc_ppo_old,reward,651,-908.7100830078125
bc_ppo_old,reward,652,-908.7100830078125
bc_ppo_old,reward,653,-908.7100830078125
bc_ppo_old,reward,654,-908.7100830078125
bc_ppo_old,reward,655,-908.7100830078125
bc_ppo_old,reward,656,-908.7100830078125
bc_ppo_old,reward,657,-908.7100830078125
bc_ppo_old,reward,658,-908.7100830078125
bc_ppo_old,reward,659,-894.6464233398438
bc_ppo_old,reward,660,-894.6464233398438
bc_ppo_old,reward,661,-894.6464233398438
bc_ppo_old,reward,662,-894.6464233398438
bc_ppo_old,reward,663,-894.6464233398438
bc_ppo_old,reward,664,-894.6464233398438
bc_ppo_old,reward,665,-894.6464233398438
bc_ppo_old,reward,666,-894.6464233398438
bc_ppo_old,reward,667,-894.6464233398438
bc_ppo_old,reward,668,-894.6464233398438
bc_ppo_old,reward,669,-882.0987548828125
bc_ppo_old,reward,670,-868.3496704101562
bc_ppo_old,reward,671,-868.3496704101562
bc_ppo_old,reward,672,-868.3496704101562
bc_ppo_old,reward,673,-868.3496704101562
bc_ppo_old,reward,674,-868.3496704101562
bc_ppo_old,reward,675,-854.9222412109375
bc_ppo_old,reward,676,-854.9222412109375
bc_ppo_old,reward,677,-854.9222412109375
bc_ppo_old,reward,678,-854.9222412109375
bc_ppo_old,reward,679,-854.9222412109375
bc_ppo_old,reward,680,-854.9222412109375
bc_ppo_old,reward,681,-854.9222412109375
bc_ppo_old,reward,682,-854.9222412109375
bc_ppo_old,reward,683,-854.9222412109375
bc_ppo_old,reward,684,-854.9222412109375
bc_ppo_old,reward,685,-852.0109252929688
bc_ppo_old,reward,686,-852.0109252929688
bc_ppo_old,reward,687,-852.0109252929688
bc_ppo_old,reward,688,-852.0109252929688
bc_ppo_old,reward,689,-852.0109252929688
bc_ppo_old,reward,690,-837.3397827148438
bc_ppo_old,reward,691,-837.3397827148438
bc_ppo_old,reward,692,-837.3397827148438
bc_ppo_old,reward,693,-837.3397827148438
bc_ppo_old,reward,694,-837.3397827148438
bc_ppo_old,reward,695,-837.3397827148438
bc_ppo_old,reward,696,-837.3397827148438
bc_ppo_old,reward,697,-837.3397827148438
bc_ppo_old,reward,698,-837.3397827148438
bc_ppo_old,reward,699,-823.5350341796875
bc_ppo_old,reward,700,-823.5350341796875
bc_ppo_old,reward,701,-823.5350341796875
bc_ppo_old,reward,702,-823.5350341796875
bc_ppo_old,reward,703,-823.5350341796875
bc_ppo_old,reward,704,-823.5350341796875
bc_ppo_old,reward,705,-823.5350341796875
bc_ppo_old,reward,706,-823.5350341796875
bc_ppo_old,reward,707,-816.2924194335938
bc_ppo_old,reward,708,-816.2924194335938
bc_ppo_old,reward,709,-816.2924194335938
bc_ppo_old,reward,710,-816.2924194335938
bc_ppo_old,reward,711,-816.2924194335938
bc_ppo_old,reward,712,-816.2924194335938
bc_ppo_old,reward,713,-816.2924194335938
bc_ppo_old,reward,714,-810.8067016601562
bc_ppo_old,reward,715,-799.513671875
bc_ppo_old,reward,716,-799.513671875
bc_ppo_old,reward,717,-799.513671875
bc_ppo_old,reward,718,-799.513671875
bc_ppo_old,reward,719,-787.1699829101562
bc_ppo_old,reward,720,-787.1699829101562
bc_ppo_old,reward,721,-787.1699829101562
bc_ppo_old,reward,722,-787.1699829101562
bc_ppo_old,reward,723,-787.1699829101562
bc_ppo_old,reward,724,-787.1699829101562
bc_ppo_old,reward,725,-787.1699829101562
bc_ppo_old,reward,726,-787.1699829101562
bc_ppo_old,reward,727,-787.1699829101562
bc_ppo_old,reward,728,-787.1699829101562
bc_ppo_old,reward,729,-787.1699829101562
bc_ppo_old,reward,730,-787.1699829101562
bc_ppo_old,reward,731,-787.1699829101562
bc_ppo_old,reward,732,-787.1699829101562
bc_ppo_old,reward,733,-787.1699829101562
bc_ppo_old,reward,734,-787.1699829101562
bc_ppo_old,reward,735,-787.1699829101562
bc_ppo_old,reward,736,-787.1699829101562
bc_ppo_old,reward,737,-787.1699829101562
bc_ppo_old,reward,738,-787.1699829101562
bc_ppo_old,reward,739,-775.069580078125
bc_ppo_old,reward,740,-775.069580078125
bc_ppo_old,reward,741,-775.069580078125
bc_ppo_old,reward,742,-775.069580078125
bc_ppo_old,reward,743,-775.069580078125
bc_ppo_old,reward,744,-775.069580078125
bc_ppo_old,reward,745,-771.59326171875
bc_ppo_old,reward,746,-771.59326171875
bc_ppo_old,reward,747,-771.59326171875
bc_ppo_old,reward,748,-771.59326171875
bc_ppo_old,reward,749,-771.59326171875
bc_ppo_old,reward,750,-761.6641845703125
bc_ppo_old,reward,751,-761.6641845703125
bc_ppo_old,reward,752,-761.6641845703125
bc_ppo_old,reward,753,-761.6641845703125
bc_ppo_old,reward,754,-762.1890869140625
bc_ppo_old,reward,755,-762.1890869140625
bc_ppo_old,reward,756,-762.1890869140625
bc_ppo_old,reward,757,-762.1890869140625
bc_ppo_old,reward,758,-752.20166015625
bc_ppo_old,reward,759,-752.20166015625
bc_ppo_old,reward,760,-752.20166015625
bc_ppo_old,reward,761,-752.20166015625
bc_ppo_old,reward,762,-752.20166015625
bc_ppo_old,reward,763,-752.20166015625
bc_ppo_old,reward,764,-752.20166015625
bc_ppo_old,reward,765,-752.20166015625
bc_ppo_old,reward,766,-752.20166015625
bc_ppo_old,reward,767,-752.20166015625
bc_ppo_old,reward,768,-752.20166015625
bc_ppo_old,reward,769,-752.20166015625
bc_ppo_old,reward,770,-752.20166015625
bc_ppo_old,reward,771,-752.20166015625
bc_ppo_old,reward,772,-752.20166015625
bc_ppo_old,reward,773,-752.20166015625
bc_ppo_old,reward,774,-742.2313842773438
bc_ppo_old,reward,775,-742.2313842773438
bc_ppo_old,reward,776,-742.2313842773438
bc_ppo_old,reward,777,-738.526611328125
bc_ppo_old,reward,778,-738.526611328125
bc_ppo_old,reward,779,-738.526611328125
bc_ppo_old,reward,780,-738.526611328125
bc_ppo_old,reward,781,-738.526611328125
bc_ppo_old,reward,782,-738.526611328125
bc_ppo_old,reward,783,-738.526611328125
bc_ppo_old,reward,784,-738.526611328125
bc_ppo_old,reward,785,-738.526611328125
bc_ppo_old,reward,786,-738.526611328125
bc_ppo_old,reward,787,-727.9382934570312
bc_ppo_old,reward,788,-727.9382934570312
bc_ppo_old,reward,789,-727.9382934570312
bc_ppo_old,reward,790,-727.9382934570312
bc_ppo_old,reward,791,-727.9382934570312
bc_ppo_old,reward,792,-727.9382934570312
bc_ppo_old,reward,793,-727.9382934570312
bc_ppo_old,reward,794,-727.9382934570312
bc_ppo_old,reward,795,-727.9382934570312
bc_ppo_old,reward,796,-727.9382934570312
bc_ppo_old,reward,797,-727.9382934570312
bc_ppo_old,reward,798,-727.9382934570312
bc_ppo_old,reward,799,-727.9382934570312
bc_ppo_old,reward,800,-727.9382934570312
bc_ppo_old,reward,801,-719.9653930664062
bc_ppo_old,reward,802,-727.126220703125
bc_ppo_old,reward,803,-727.126220703125
bc_ppo_old,reward,804,-727.126220703125
bc_ppo_old,reward,805,-727.126220703125
bc_ppo_old,reward,806,-727.126220703125
bc_ppo_old,reward,807,-716.8333129882812
bc_ppo_old,reward,808,-716.8333129882812
bc_ppo_old,reward,809,-716.8333129882812
bc_ppo_old,reward,810,-716.8333129882812
bc_ppo_old,reward,811,-716.8333129882812
bc_ppo_old,reward,812,-716.8333129882812
bc_ppo_old,reward,813,-716.8333129882812
bc_ppo_old,reward,814,-716.8333129882812
bc_ppo_old,reward,815,-722.2457885742188
bc_ppo_old,reward,816,-722.2457885742188
bc_ppo_old,reward,817,-722.2457885742188
bc_ppo_old,reward,818,-722.2457885742188
bc_ppo_old,reward,819,-711.8562622070312
bc_ppo_old,reward,820,-711.8562622070312
bc_ppo_old,reward,821,-703.3350219726562
bc_ppo_old,reward,822,-703.3350219726562
bc_ppo_old,reward,823,-703.3350219726562
bc_ppo_old,reward,824,-703.3350219726562
bc_ppo_old,reward,825,-703.3350219726562
bc_ppo_old,reward,826,-703.3350219726562
bc_ppo_old,reward,827,-703.3350219726562
bc_ppo_old,reward,828,-708.7288818359375
bc_ppo_old,reward,829,-708.7288818359375
bc_ppo_old,reward,830,-708.7288818359375
bc_ppo_old,reward,831,-708.7288818359375
bc_ppo_old,reward,832,-708.7288818359375
bc_ppo_old,reward,833,-708.7288818359375
bc_ppo_old,reward,834,-708.7288818359375
bc_ppo_old,reward,835,-708.7288818359375
bc_ppo_old,reward,836,-705.4116821289062
bc_ppo_old,reward,837,-705.4116821289062
bc_ppo_old,reward,838,-705.4116821289062
bc_ppo_old,reward,839,-705.4116821289062
bc_ppo_old,reward,840,-705.4116821289062
bc_ppo_old,reward,841,-705.4116821289062
bc_ppo_old,reward,842,-705.4116821289062
bc_ppo_old,reward,843,-705.4116821289062
bc_ppo_old,reward,844,-705.4116821289062
bc_ppo_old,reward,845,-705.4116821289062
bc_ppo_old,reward,846,-705.4116821289062
bc_ppo_old,reward,847,-705.4116821289062
bc_ppo_old,reward,848,-705.4116821289062
bc_ppo_old,reward,849,-705.4116821289062
bc_ppo_old,reward,850,-705.4116821289062
bc_ppo_old,reward,851,-705.4116821289062
bc_ppo_old,reward,852,-705.4116821289062
bc_ppo_old,reward,853,-705.4116821289062
bc_ppo_old,reward,854,-707.3375854492188
bc_ppo_old,reward,855,-709.8365478515625
bc_ppo_old,reward,856,-709.8365478515625
bc_ppo_old,reward,857,-709.8365478515625
bc_ppo_old,reward,858,-709.8365478515625
bc_ppo_old,reward,859,-709.8365478515625
bc_ppo_old,reward,860,-709.8365478515625
bc_ppo_old,reward,861,-709.8365478515625
bc_ppo_old,reward,862,-709.8365478515625
bc_ppo_old,reward,863,-709.8365478515625
bc_ppo_old,reward,864,-709.8365478515625
bc_ppo_old,reward,865,-709.8365478515625
bc_ppo_old,reward,866,-709.8365478515625
bc_ppo_old,reward,867,-709.8365478515625
bc_ppo_old,reward,868,-709.8365478515625
bc_ppo_old,reward,869,-709.8365478515625
bc_ppo_old,reward,870,-709.8365478515625
bc_ppo_old,reward,871,-709.8365478515625
bc_ppo_old,reward,872,-709.8365478515625
bc_ppo_old,reward,873,-709.8365478515625
bc_ppo_old,reward,874,-709.8365478515625
bc_ppo_old,reward,875,-709.8365478515625
bc_ppo_old,reward,876,-709.8365478515625
bc_ppo_old,reward,877,-709.8365478515625
bc_ppo_old,reward,878,-709.8365478515625
bc_ppo_old,reward,879,-709.8365478515625
bc_ppo_old,reward,880,-709.8365478515625
bc_ppo_old,reward,881,-709.8365478515625
bc_ppo_old,reward,882,-709.8365478515625
bc_ppo_old,reward,883,-709.8365478515625
bc_ppo_old,reward,884,-709.8365478515625
bc_ppo_old,reward,885,-709.8365478515625
bc_ppo_old,reward,886,-709.8365478515625
bc_ppo_old,reward,887,-709.8365478515625
bc_ppo_old,reward,888,-709.8365478515625
bc_ppo_old,reward,889,-709.8365478515625
bc_ppo_old,reward,890,-709.8365478515625
bc_ppo_old,reward,891,-709.8365478515625
bc_ppo_old,reward,892,-709.8365478515625
bc_ppo_old,reward,893,-709.8365478515625
bc_ppo_old,reward,894,-709.8365478515625
bc_ppo_old,reward,895,-709.8365478515625
bc_ppo_old,reward,896,-709.8365478515625
bc_ppo_old,reward,897,-709.8365478515625
bc_ppo_old,reward,898,-709.8365478515625
bc_ppo_old,reward,899,-709.8365478515625
bc_ppo_old,reward,900,-709.8365478515625
bc_ppo_old,reward,901,-709.8365478515625
bc_ppo_old,reward,902,-709.8365478515625
bc_ppo_old,reward,903,-709.8365478515625
bc_ppo_old,reward,904,-709.8365478515625
bc_ppo_old,reward,905,-709.8365478515625
bc_ppo_old,reward,906,-717.3060302734375
bc_ppo_old,reward,907,-717.3060302734375
bc_ppo_old,reward,908,-717.3060302734375
bc_ppo_old,reward,909,-717.3060302734375
bc_ppo_old,reward,910,-708.4619140625
bc_ppo_old,reward,911,-708.4619140625
bc_ppo_old,reward,912,-708.4619140625
bc_ppo_old,reward,913,-708.4619140625
bc_ppo_old,reward,914,-708.4619140625
bc_ppo_old,reward,915,-708.4619140625
bc_ppo_old,reward,916,-708.4619140625
bc_ppo_old,reward,917,-708.4619140625
bc_ppo_old,reward,918,-708.4619140625
bc_ppo_old,reward,919,-708.4619140625
bc_ppo_old,reward,920,-708.4619140625
bc_ppo_old,reward,921,-708.4619140625
bc_ppo_old,reward,922,-708.4619140625
bc_ppo_old,reward,923,-708.4619140625
bc_ppo_old,reward,924,-708.4619140625
bc_ppo_old,reward,925,-708.4619140625
bc_ppo_old,reward,926,-708.4619140625
bc_ppo_old,reward,927,-708.4619140625
bc_ppo_old,reward,928,-708.4619140625
bc_ppo_old,reward,929,-708.4619140625
bc_ppo_old,reward,930,-700.1007080078125
bc_ppo_old,reward,931,-700.1007080078125
bc_ppo_old,reward,932,-700.1007080078125
bc_ppo_old,reward,933,-702.1144409179688
bc_ppo_old,reward,934,-702.1144409179688
bc_ppo_old,reward,935,-702.1144409179688
bc_ppo_old,reward,936,-702.1144409179688
bc_ppo_old,reward,937,-702.1144409179688
bc_ppo_old,reward,938,-702.1144409179688
bc_ppo_old,reward,939,-702.1144409179688
bc_ppo_old,reward,940,-702.1144409179688
bc_ppo_old,reward,941,-702.1144409179688
bc_ppo_old,reward,942,-702.1144409179688
bc_ppo_old,reward,943,-702.1144409179688
bc_ppo_old,reward,944,-702.1144409179688
bc_ppo_old,reward,945,-702.1144409179688
bc_ppo_old,reward,946,-702.1144409179688
bc_ppo_old,reward,947,-706.915283203125
bc_ppo_old,reward,948,-706.915283203125
bc_ppo_old,reward,949,-706.915283203125
bc_ppo_old,reward,950,-706.915283203125
bc_ppo_old,reward,951,-706.915283203125
bc_ppo_old,reward,952,-713.8507080078125
bc_ppo_old,reward,953,-713.8507080078125
bc_ppo_old,reward,954,-713.8507080078125
bc_ppo_old,reward,955,-713.8507080078125
bc_ppo_old,reward,956,-713.8507080078125
bc_ppo_old,reward,957,-713.8507080078125
bc_ppo_old,reward,958,-719.8501586914062
bc_ppo_old,reward,959,-719.8501586914062
bc_ppo_old,reward,960,-719.8501586914062
bc_ppo_old,reward,961,-707.7725219726562
bc_ppo_old,reward,962,-697.1090698242188
bc_ppo_old,reward,963,-697.1090698242188
bc_ppo_old,reward,964,-697.1090698242188
bc_ppo_old,reward,965,-697.1090698242188
bc_ppo_old,reward,966,-697.1090698242188
bc_ppo_old,reward,967,-697.1090698242188
bc_ppo_old,reward,968,-697.1090698242188
bc_ppo_old,reward,969,-697.1090698242188
bc_ppo_old,reward,970,-697.1090698242188
bc_ppo_old,reward,971,-693.5318603515625
bc_ppo_old,reward,972,-693.5318603515625
bc_ppo_old,reward,973,-693.5318603515625
bc_ppo_old,reward,974,-693.5318603515625
bc_ppo_old,reward,975,-693.5318603515625
bc_ppo_old,reward,976,-690.7105102539062
bc_ppo_old,reward,977,-690.7105102539062
bc_ppo_old,reward,978,-690.7105102539062
bc_ppo_old,reward,979,-690.7105102539062
bc_ppo_old,reward,980,-690.7105102539062
bc_ppo_old,reward,981,-690.7105102539062
bc_ppo_old,reward,982,-690.7105102539062
bc_ppo_old,reward,983,-690.7105102539062
bc_ppo_old,reward,984,-690.7105102539062
bc_ppo_old,reward,985,-690.7105102539062
bc_ppo_old,reward,986,-690.7105102539062
bc_ppo_old,reward,987,-690.7105102539062
bc_ppo_old,reward,988,-690.7105102539062
bc_ppo_old,reward,989,-690.7105102539062
bc_ppo_old,reward,990,-685.4765625
bc_ppo_old,reward,991,-673.77978515625
bc_ppo_old,reward,992,-673.77978515625
bc_ppo_old,reward,993,-673.77978515625
bc_ppo_old,reward,994,-673.77978515625
bc_ppo_old,reward,995,-673.77978515625
bc_ppo_old,reward,996,-673.77978515625
bc_ppo_old,reward,997,-673.77978515625
bc_ppo_old,reward,998,-673.77978515625
bc_ppo_old,reward,999,-673.77978515625
bc_ppo_old,reward,1000,-673.77978515625
bc_ppo_old,reward,1001,-673.77978515625
bc_ppo_old,reward,1002,-673.77978515625
bc_ppo_old,reward,1003,-673.77978515625
bc_ppo_old,reward,1004,-673.77978515625
bc_ppo_old,reward,1005,-670.5326538085938
bc_ppo_old,reward,1006,-670.5326538085938
bc_ppo_old,reward,1007,-670.5326538085938
bc_ppo_old,reward,1008,-670.5326538085938
bc_ppo_old,reward,1009,-670.5326538085938
bc_ppo_old,reward,1010,-670.5326538085938
bc_ppo_old,reward,1011,-670.5326538085938
bc_ppo_old,reward,1012,-670.5326538085938
bc_ppo_old,reward,1013,-670.5326538085938
bc_ppo_old,reward,1014,-670.5326538085938
bc_ppo_old,reward,1015,-670.5326538085938
bc_ppo_old,reward,1016,-670.5326538085938
bc_ppo_old,reward,1017,-670.5326538085938
bc_ppo_old,reward,1018,-667.9703979492188
bc_ppo_old,reward,1019,-667.9703979492188
bc_ppo_old,reward,1020,-667.9703979492188
bc_ppo_old,reward,1021,-667.9703979492188
bc_ppo_old,reward,1022,-667.9703979492188
bc_ppo_old,reward,1023,-667.9703979492188
bc_ppo_old,reward,1024,-667.9703979492188
bc_ppo_old,reward,1025,-667.9703979492188
bc_ppo_old,reward,1026,-667.9703979492188
bc_ppo_old,reward,1027,-667.9703979492188
bc_ppo_old,reward,1028,-667.9703979492188
bc_ppo_old,reward,1029,-667.9703979492188
bc_ppo_old,reward,1030,-667.9703979492188
bc_ppo_old,reward,1031,-667.9703979492188
bc_ppo_old,reward,1032,-667.9703979492188
bc_ppo_old,reward,1033,-667.9703979492188
bc_ppo_old,reward,1034,-667.9703979492188
bc_ppo_old,reward,1035,-667.9703979492188
bc_ppo_old,reward,1036,-667.9703979492188
bc_ppo_old,reward,1037,-667.9703979492188
bc_ppo_old,reward,1038,-667.9703979492188
bc_ppo_old,reward,1039,-667.9703979492188
bc_ppo_old,reward,1040,-667.9703979492188
bc_ppo_old,reward,1041,-667.9703979492188
bc_ppo_old,reward,1042,-667.9703979492188
bc_ppo_old,reward,1043,-667.9703979492188
bc_ppo_old,reward,1044,-667.9703979492188
bc_ppo_old,reward,1045,-667.9703979492188
bc_ppo_old,reward,1046,-667.9703979492188
bc_ppo_old,reward,1047,-667.9703979492188
bc_ppo_old,reward,1048,-667.9703979492188
bc_ppo_old,reward,1049,-667.9703979492188
bc_ppo_old,reward,1050,-667.9703979492188
bc_ppo_old,reward,1051,-667.9703979492188
bc_ppo_old,reward,1052,-667.9703979492188
bc_ppo_old,reward,1053,-667.9703979492188
bc_ppo_old,reward,1054,-667.9703979492188
bc_ppo_old,reward,1055,-667.9703979492188
bc_ppo_old,reward,1056,-667.9703979492188
bc_ppo_old,reward,1057,-667.9703979492188
bc_ppo_old,reward,1058,-667.9703979492188
bc_ppo_old,reward,1059,-667.9703979492188
bc_ppo_old,reward,1060,-667.9703979492188
bc_ppo_old,reward,1061,-667.9703979492188
bc_ppo_old,reward,1062,-667.9703979492188
bc_ppo_old,reward,1063,-667.9703979492188
bc_ppo_old,reward,1064,-667.9703979492188
bc_ppo_old,reward,1065,-667.9703979492188
bc_ppo_old,reward,1066,-667.9703979492188
bc_ppo_old,reward,1067,-667.9703979492188
bc_ppo_old,reward,1068,-658.2010498046875
bc_ppo_old,reward,1069,-650.1109619140625
bc_ppo_old,reward,1070,-650.1109619140625
bc_ppo_old,reward,1071,-650.1109619140625
bc_ppo_old,reward,1072,-650.1109619140625
bc_ppo_old,reward,1073,-650.1109619140625
bc_ppo_old,reward,1074,-650.1109619140625
bc_ppo_old,reward,1075,-650.1109619140625
bc_ppo_old,reward,1076,-650.1109619140625
bc_ppo_old,reward,1077,-650.1109619140625
bc_ppo_old,reward,1078,-650.1109619140625
bc_ppo_old,reward,1079,-650.1109619140625
bc_ppo_old,reward,1080,-641.0420532226562
bc_ppo_old,reward,1081,-620.2167358398438
bc_ppo_old,reward,1082,-609.6585083007812
bc_ppo_old,reward,1083,-597.1924438476562
bc_ppo_old,reward,1084,-597.1924438476562
bc_ppo_old,reward,1085,-587.7689208984375
bc_ppo_old,reward,1086,-587.7689208984375
bc_ppo_old,reward,1087,-582.5673828125
bc_ppo_old,reward,1088,-582.5673828125
bc_ppo_old,reward,1089,-582.5673828125
bc_ppo_old,reward,1090,-582.5673828125
bc_ppo_old,reward,1091,-582.5673828125
bc_ppo_old,reward,1092,-582.5673828125
bc_ppo_old,reward,1093,-582.5673828125
bc_ppo_old,reward,1094,-582.5673828125
bc_ppo_old,reward,1095,-582.5673828125
bc_ppo_old,reward,1096,-578.3938598632812
bc_ppo_old,reward,1097,-578.3938598632812
bc_ppo_old,reward,1098,-578.3938598632812
bc_ppo_old,reward,1099,-578.3938598632812
bc_ppo_old,reward,1100,-578.3938598632812
bc_ppo_old,reward,1101,-576.8672485351562
bc_ppo_old,reward,1102,-576.8672485351562
bc_ppo_old,reward,1103,-576.8672485351562
bc_ppo_old,reward,1104,-573.9835815429688
bc_ppo_old,reward,1105,-573.9835815429688
bc_ppo_old,reward,1106,-573.9835815429688
bc_ppo_old,reward,1107,-573.9835815429688
bc_ppo_old,reward,1108,-573.9835815429688
bc_ppo_old,reward,1109,-573.9835815429688
bc_ppo_old,reward,1110,-573.9835815429688
bc_ppo_old,reward,1111,-573.9835815429688
bc_ppo_old,reward,1112,-573.9835815429688
bc_ppo_old,reward,1113,-565.3256225585938
bc_ppo_old,reward,1114,-565.3256225585938
bc_ppo_old,reward,1115,-565.3256225585938
bc_ppo_old,reward,1116,-565.3256225585938
bc_ppo_old,reward,1117,-565.3256225585938
bc_ppo_old,reward,1118,-565.3256225585938
bc_ppo_old,reward,1119,-565.3256225585938
bc_ppo_old,reward,1120,-565.3256225585938
bc_ppo_old,reward,1121,-565.3256225585938
bc_ppo_old,reward,1122,-565.3256225585938
bc_ppo_old,reward,1123,-565.3256225585938
bc_ppo_old,reward,1124,-565.3256225585938
bc_ppo_old,reward,1125,-555.143310546875
bc_ppo_old,reward,1126,-555.143310546875
bc_ppo_old,reward,1127,-555.143310546875
bc_ppo_old,reward,1128,-555.143310546875
bc_ppo_old,reward,1129,-555.143310546875
bc_ppo_old,reward,1130,-555.143310546875
bc_ppo_old,reward,1131,-555.143310546875
bc_ppo_old,reward,1132,-555.143310546875
bc_ppo_old,reward,1133,-555.143310546875
bc_ppo_old,reward,1134,-555.143310546875
bc_ppo_old,reward,1135,-555.143310546875
bc_ppo_old,reward,1136,-555.143310546875
bc_ppo_old,reward,1137,-555.143310546875
bc_ppo_old,reward,1138,-545.2648315429688
bc_ppo_old,reward,1139,-545.2648315429688
bc_ppo_old,reward,1140,-545.2648315429688
bc_ppo_old,reward,1141,-545.2648315429688
bc_ppo_old,reward,1142,-545.2648315429688
bc_ppo_old,reward,1143,-545.2648315429688
bc_ppo_old,reward,1144,-545.2648315429688
bc_ppo_old,reward,1145,-545.2648315429688
bc_ppo_old,reward,1146,-545.2648315429688
bc_ppo_old,reward,1147,-545.2648315429688
bc_ppo_old,reward,1148,-545.2648315429688
bc_ppo_old,reward,1149,-545.2648315429688
bc_ppo_old,reward,1150,-545.2648315429688
bc_ppo_old,reward,1151,-545.2648315429688
bc_ppo_old,reward,1152,-545.2648315429688
bc_ppo_old,reward,1153,-545.2648315429688
bc_ppo_old,reward,1154,-545.2648315429688
bc_ppo_old,reward,1155,-532.372802734375
bc_ppo_old,reward,1156,-532.372802734375
bc_ppo_old,reward,1157,-532.372802734375
bc_ppo_old,reward,1158,-532.372802734375
bc_ppo_old,reward,1159,-532.372802734375
bc_ppo_old,reward,1160,-532.372802734375
bc_ppo_old,reward,1161,-532.372802734375
bc_ppo_old,reward,1162,-532.372802734375
bc_ppo_old,reward,1163,-532.372802734375
bc_ppo_old,reward,1164,-532.372802734375
bc_ppo_old,reward,1165,-532.372802734375
bc_ppo_old,reward,1166,-532.372802734375
bc_ppo_old,reward,1167,-532.372802734375
bc_ppo_old,reward,1168,-532.372802734375
bc_ppo_old,reward,1169,-532.372802734375
bc_ppo_old,reward,1170,-532.372802734375
bc_ppo_old,reward,1171,-532.372802734375
bc_ppo_old,reward,1172,-532.372802734375
bc_ppo_old,reward,1173,-532.372802734375
bc_ppo_old,reward,1174,-532.372802734375
bc_ppo_old,reward,1175,-532.372802734375
bc_ppo_old,reward,1176,-532.372802734375
bc_ppo_old,reward,1177,-532.372802734375
bc_ppo_old,reward,1178,-532.372802734375
bc_ppo_old,reward,1179,-532.372802734375
bc_ppo_old,reward,1180,-532.372802734375
bc_ppo_old,reward,1181,-532.372802734375
bc_ppo_old,reward,1182,-532.372802734375
bc_ppo_old,reward,1183,-521.6024780273438
bc_ppo_old,reward,1184,-521.6024780273438
bc_ppo_old,reward,1185,-521.6024780273438
bc_ppo_old,reward,1186,-521.6024780273438
bc_ppo_old,reward,1187,-506.9373779296875
bc_ppo_old,reward,1188,-506.9373779296875
bc_ppo_old,reward,1189,-506.9373779296875
bc_ppo_old,reward,1190,-506.9373779296875
bc_ppo_old,reward,1191,-506.9373779296875
bc_ppo_old,reward,1192,-493.8922424316406
bc_ppo_old,reward,1193,-493.8922424316406
bc_ppo_old,reward,1194,-493.8922424316406
bc_ppo_old,reward,1195,-493.8922424316406
bc_ppo_old,reward,1196,-493.8922424316406
bc_ppo_old,reward,1197,-493.8922424316406
bc_ppo_old,reward,1198,-493.8922424316406
bc_ppo_old,reward,1199,-493.8922424316406
bc_ppo_old,reward,1200,-493.8922424316406
bc_ppo_old,reward,1201,-493.8922424316406
bc_ppo_old,reward,1202,-493.8922424316406
bc_ppo_old,reward,1203,-493.8922424316406
bc_ppo_old,reward,1204,-493.8922424316406
bc_ppo_old,reward,1205,-493.8922424316406
bc_ppo_old,reward,1206,-493.8922424316406
bc_ppo_old,reward,1207,-484.6917724609375
bc_ppo_old,reward,1208,-484.6917724609375
bc_ppo_old,reward,1209,-484.6917724609375
bc_ppo_old,reward,1210,-484.6917724609375
bc_ppo_old,reward,1211,-484.6917724609375
bc_ppo_old,reward,1212,-484.6917724609375
bc_ppo_old,reward,1213,-476.48248291015625
bc_ppo_old,reward,1214,-476.48248291015625
bc_ppo_old,reward,1215,-476.48248291015625
bc_ppo_old,reward,1216,-476.48248291015625
bc_ppo_old,reward,1217,-476.48248291015625
bc_ppo_old,reward,1218,-476.48248291015625
bc_ppo_old,reward,1219,-476.48248291015625
bc_ppo_old,reward,1220,-468.4288024902344
bc_ppo_old,reward,1221,-468.4288024902344
bc_ppo_old,reward,1222,-468.4288024902344
bc_ppo_old,reward,1223,-468.4288024902344
bc_ppo_old,reward,1224,-468.4288024902344
bc_ppo_old,reward,1225,-468.4288024902344
bc_ppo_old,reward,1226,-468.4288024902344
bc_ppo_old,reward,1227,-459.0316467285156
bc_ppo_old,reward,1228,-459.0316467285156
bc_ppo_old,reward,1229,-466.65728759765625
bc_ppo_old,reward,1230,-475.97454833984375
bc_ppo_old,reward,1231,-475.97454833984375
bc_ppo_old,reward,1232,-475.97454833984375
bc_ppo_old,reward,1233,-475.97454833984375
bc_ppo_old,reward,1234,-475.97454833984375
bc_ppo_old,reward,1235,-482.44610595703125
bc_ppo_old,reward,1236,-482.44610595703125
bc_ppo_old,reward,1237,-482.44610595703125
bc_ppo_old,reward,1238,-482.44610595703125
bc_ppo_old,reward,1239,-482.44610595703125
bc_ppo_old,reward,1240,-482.44610595703125
bc_ppo_old,reward,1241,-482.44610595703125
bc_ppo_old,reward,1242,-482.44610595703125
bc_ppo_old,reward,1243,-482.44610595703125
bc_ppo_old,reward,1244,-482.44610595703125
bc_ppo_old,reward,1245,-482.44610595703125
bc_ppo_old,reward,1246,-495.2778015136719
bc_ppo_old,reward,1247,-504.7755432128906
bc_ppo_old,reward,1248,-504.7755432128906
bc_ppo_old,reward,1249,-504.7755432128906
bc_ppo_old,reward,1250,-504.7755432128906
bc_ppo_old,reward,1251,-504.7755432128906
bc_ppo_old,reward,1252,-504.7755432128906
bc_ppo_old,reward,1253,-504.7755432128906
bc_ppo_old,reward,1254,-504.7755432128906
bc_ppo_old,reward,1255,-510.7864074707031
bc_ppo_old,reward,1256,-510.7864074707031
bc_ppo_old,reward,1257,-510.7864074707031
bc_ppo_old,reward,1258,-510.7864074707031
bc_ppo_old,reward,1259,-510.7864074707031
bc_ppo_old,reward,1260,-510.7864074707031
bc_ppo_old,reward,1261,-516.357421875
bc_ppo_old,reward,1262,-516.357421875
bc_ppo_old,reward,1263,-516.357421875
bc_ppo_old,reward,1264,-520.24267578125
bc_ppo_old,reward,1265,-520.24267578125
bc_ppo_old,reward,1266,-520.24267578125
bc_ppo_old,reward,1267,-520.24267578125
bc_ppo_old,reward,1268,-520.24267578125
bc_ppo_old,reward,1269,-520.24267578125
bc_ppo_old,reward,1270,-520.24267578125
bc_ppo_old,reward,1271,-520.24267578125
bc_ppo_old,reward,1272,-520.24267578125
bc_ppo_old,reward,1273,-520.24267578125
bc_ppo_old,reward,1274,-520.24267578125
bc_ppo_old,reward,1275,-520.24267578125
bc_ppo_old,reward,1276,-520.24267578125
bc_ppo_old,reward,1277,-520.24267578125
bc_ppo_old,reward,1278,-523.3447875976562
bc_ppo_old,reward,1279,-523.3447875976562
bc_ppo_old,reward,1280,-523.3447875976562
bc_ppo_old,reward,1281,-523.3447875976562
bc_ppo_old,reward,1282,-523.3447875976562
bc_ppo_old,reward,1283,-523.3447875976562
bc_ppo_old,reward,1284,-523.3447875976562
bc_ppo_old,reward,1285,-523.3447875976562
bc_ppo_old,reward,1286,-523.3447875976562
bc_ppo_old,reward,1287,-523.3447875976562
bc_ppo_old,reward,1288,-523.3447875976562
bc_ppo_old,reward,1289,-523.3447875976562
bc_ppo_old,reward,1290,-523.3447875976562
bc_ppo_old,reward,1291,-523.3447875976562
bc_ppo_old,reward,1292,-523.3447875976562
bc_ppo_old,reward,1293,-523.3447875976562
bc_ppo_old,reward,1294,-513.3554077148438
bc_ppo_old,reward,1295,-513.3554077148438
bc_ppo_old,reward,1296,-500.61639404296875
bc_ppo_old,reward,1297,-500.61639404296875
bc_ppo_old,reward,1298,-500.61639404296875
bc_ppo_old,reward,1299,-500.61639404296875
bc_ppo_old,reward,1300,-500.61639404296875
bc_ppo_old,reward,1301,-500.61639404296875
bc_ppo_old,reward,1302,-500.61639404296875
bc_ppo_old,reward,1303,-500.61639404296875
bc_ppo_old,reward,1304,-500.61639404296875
bc_ppo_old,reward,1305,-500.61639404296875
bc_ppo_old,reward,1306,-491.8153991699219
bc_ppo_old,reward,1307,-491.8153991699219
bc_ppo_old,reward,1308,-484.13922119140625
bc_ppo_old,reward,1309,-484.13922119140625
bc_ppo_old,reward,1310,-484.13922119140625
bc_ppo_old,reward,1311,-484.13922119140625
bc_ppo_old,reward,1312,-484.13922119140625
bc_ppo_old,reward,1313,-484.13922119140625
bc_ppo_old,reward,1314,-484.13922119140625
bc_ppo_old,reward,1315,-484.13922119140625
bc_ppo_old,reward,1316,-484.13922119140625
bc_ppo_old,reward,1317,-484.13922119140625
bc_ppo_old,reward,1318,-484.13922119140625
bc_ppo_old,reward,1319,-484.13922119140625
bc_ppo_old,reward,1320,-484.13922119140625
bc_ppo_old,reward,1321,-484.13922119140625
bc_ppo_old,reward,1322,-484.13922119140625
bc_ppo_old,reward,1323,-484.13922119140625
bc_ppo_old,reward,1324,-484.13922119140625
bc_ppo_old,reward,1325,-484.13922119140625
bc_ppo_old,reward,1326,-487.126708984375
bc_ppo_old,reward,1327,-487.126708984375
bc_ppo_old,reward,1328,-487.126708984375
bc_ppo_old,reward,1329,-487.126708984375
bc_ppo_old,reward,1330,-487.126708984375
bc_ppo_old,reward,1331,-487.126708984375
bc_ppo_old,reward,1332,-487.126708984375
bc_ppo_old,reward,1333,-487.126708984375
bc_ppo_old,reward,1334,-487.126708984375
bc_ppo_old,reward,1335,-488.4599304199219
bc_ppo_old,reward,1336,-488.4599304199219
bc_ppo_old,reward,1337,-488.4599304199219
bc_ppo_old,reward,1338,-488.4599304199219
bc_ppo_old,reward,1339,-488.4599304199219
bc_ppo_old,reward,1340,-488.4599304199219
bc_ppo_old,reward,1341,-488.4599304199219
bc_ppo_old,reward,1342,-488.4599304199219
bc_ppo_old,reward,1343,-488.4599304199219
bc_ppo_old,reward,1344,-488.4599304199219
bc_ppo_old,reward,1345,-488.4599304199219
bc_ppo_old,reward,1346,-488.4599304199219
bc_ppo_old,reward,1347,-488.4599304199219
bc_ppo_old,reward,1348,-488.4599304199219
bc_ppo_old,reward,1349,-488.4599304199219
bc_ppo_old,reward,1350,-488.4599304199219
bc_ppo_old,reward,1351,-488.4599304199219
bc_ppo_old,reward,1352,-488.4599304199219
bc_ppo_old,reward,1353,-488.4599304199219
bc_ppo_old,reward,1354,-488.4599304199219
bc_ppo_old,reward,1355,-488.4599304199219
bc_ppo_old,reward,1356,-488.4599304199219
bc_ppo_old,reward,1357,-488.4599304199219
bc_ppo_old,reward,1358,-488.4599304199219
bc_ppo_old,reward,1359,-484.8323059082031
bc_ppo_old,reward,1360,-484.8323059082031
bc_ppo_old,reward,1361,-484.8323059082031
bc_ppo_old,reward,1362,-484.8323059082031
bc_ppo_old,reward,1363,-484.8323059082031
bc_ppo_old,reward,1364,-484.8323059082031
bc_ppo_old,reward,1365,-484.8323059082031
bc_ppo_old,reward,1366,-484.8323059082031
bc_ppo_old,reward,1367,-484.8323059082031
bc_ppo_old,reward,1368,-484.8323059082031
bc_ppo_old,reward,1369,-484.8323059082031
bc_ppo_old,reward,1370,-484.8323059082031
bc_ppo_old,reward,1371,-484.8323059082031
bc_ppo_old,reward,1372,-484.8323059082031
bc_ppo_old,reward,1373,-484.8323059082031
bc_ppo_old,reward,1374,-478.1681213378906
bc_ppo_old,reward,1375,-478.1681213378906
bc_ppo_old,reward,1376,-478.1681213378906
bc_ppo_old,reward,1377,-478.1681213378906
bc_ppo_old,reward,1378,-478.1681213378906
bc_ppo_old,reward,1379,-478.1681213378906
bc_ppo_old,reward,1380,-478.1681213378906
bc_ppo_old,reward,1381,-478.1681213378906
bc_ppo_old,reward,1382,-465.20263671875
bc_ppo_old,reward,1383,-465.20263671875
bc_ppo_old,reward,1384,-465.20263671875
bc_ppo_old,reward,1385,-465.20263671875
bc_ppo_old,reward,1386,-465.20263671875
bc_ppo_old,reward,1387,-465.20263671875
bc_ppo_old,reward,1388,-465.20263671875
bc_ppo_old,reward,1389,-465.20263671875
bc_ppo_old,reward,1390,-465.20263671875
bc_ppo_old,reward,1391,-475.2642822265625
bc_ppo_old,reward,1392,-481.63134765625
bc_ppo_old,reward,1393,-491.2259826660156
bc_ppo_old,reward,1394,-491.2259826660156
bc_ppo_old,reward,1395,-491.2259826660156
bc_ppo_old,reward,1396,-491.2259826660156
bc_ppo_old,reward,1397,-491.2259826660156
bc_ppo_old,reward,1398,-494.9779968261719
bc_ppo_old,reward,1399,-494.9779968261719
bc_ppo_old,reward,1400,-494.9779968261719
bc_ppo_old,reward,1401,-494.9779968261719
bc_ppo_old,reward,1402,-494.9779968261719
bc_ppo_old,reward,1403,-494.9779968261719
bc_ppo_old,reward,1404,-494.9779968261719
bc_ppo_old,reward,1405,-494.9779968261719
bc_ppo_old,reward,1406,-494.9779968261719
bc_ppo_old,reward,1407,-494.9779968261719
bc_ppo_old,reward,1408,-494.9779968261719
bc_ppo_old,reward,1409,-494.9779968261719
bc_ppo_old,reward,1410,-494.9779968261719
bc_ppo_old,reward,1411,-494.9779968261719
bc_ppo_old,reward,1412,-503.7738342285156
bc_ppo_old,reward,1413,-503.7738342285156
bc_ppo_old,reward,1414,-503.7738342285156
bc_ppo_old,reward,1415,-503.7738342285156
bc_ppo_old,reward,1416,-503.7738342285156
bc_ppo_old,reward,1417,-503.7738342285156
bc_ppo_old,reward,1418,-503.7738342285156
bc_ppo_old,reward,1419,-503.7738342285156
bc_ppo_old,reward,1420,-503.7738342285156
bc_ppo_old,reward,1421,-503.7738342285156
bc_ppo_old,reward,1422,-503.7738342285156
bc_ppo_old,reward,1423,-503.7738342285156
bc_ppo_old,reward,1424,-503.7738342285156
bc_ppo_old,reward,1425,-503.7738342285156
bc_ppo_old,reward,1426,-503.7738342285156
bc_ppo_old,reward,1427,-503.7738342285156
bc_ppo_old,reward,1428,-503.7738342285156
bc_ppo_old,reward,1429,-503.7738342285156
bc_ppo_old,reward,1430,-509.3450622558594
bc_ppo_old,reward,1431,-509.3450622558594
bc_ppo_old,reward,1432,-509.3450622558594
bc_ppo_old,reward,1433,-509.3450622558594
bc_ppo_old,reward,1434,-509.5975036621094
bc_ppo_old,reward,1435,-509.5975036621094
bc_ppo_old,reward,1436,-509.5975036621094
bc_ppo_old,reward,1437,-509.5975036621094
bc_ppo_old,reward,1438,-509.5975036621094
bc_ppo_old,reward,1439,-515.3466796875
bc_ppo_old,reward,1440,-515.3466796875
bc_ppo_old,reward,1441,-515.3466796875
bc_ppo_old,reward,1442,-515.3466796875
bc_ppo_old,reward,1443,-515.3466796875
bc_ppo_old,reward,1444,-515.3466796875
bc_ppo_old,reward,1445,-515.3466796875
bc_ppo_old,reward,1446,-515.3466796875
bc_ppo_old,reward,1447,-515.3466796875
bc_ppo_old,reward,1448,-515.3466796875
bc_ppo_old,reward,1449,-513.8723754882812
bc_ppo_old,reward,1450,-513.8723754882812
bc_ppo_old,reward,1451,-523.8087158203125
bc_ppo_old,reward,1452,-523.8087158203125
bc_ppo_old,reward,1453,-523.8087158203125
bc_ppo_old,reward,1454,-527.8637084960938
bc_ppo_old,reward,1455,-527.8637084960938
bc_ppo_old,reward,1456,-533.2415771484375
bc_ppo_old,reward,1457,-533.2415771484375
bc_ppo_old,reward,1458,-533.2415771484375
bc_ppo_old,reward,1459,-533.2415771484375
bc_ppo_old,reward,1460,-533.2415771484375
bc_ppo_old,reward,1461,-533.2415771484375
bc_ppo_old,reward,1462,-533.2415771484375
bc_ppo_old,reward,1463,-533.2415771484375
bc_ppo_old,reward,1464,-533.2415771484375
bc_ppo_old,reward,1465,-533.2415771484375
bc_ppo_old,reward,1466,-533.2415771484375
bc_ppo_old,reward,1467,-533.2415771484375
bc_ppo_old,reward,1468,-533.2415771484375
bc_ppo_old,reward,1469,-533.2415771484375
bc_ppo_old,reward,1470,-533.2415771484375
bc_ppo_old,reward,1471,-533.2415771484375
bc_ppo_old,reward,1472,-533.2415771484375
bc_ppo_old,reward,1473,-533.2415771484375
bc_ppo_old,reward,1474,-533.2415771484375
bc_ppo_old,reward,1475,-533.2415771484375
bc_ppo_old,reward,1476,-533.2415771484375
bc_ppo_old,reward,1477,-533.2415771484375
bc_ppo_old,reward,1478,-533.2415771484375
bc_ppo_old,reward,1479,-533.2415771484375
bc_ppo_old,reward,1480,-533.2415771484375
bc_ppo_old,reward,1481,-533.2415771484375
bc_ppo_old,reward,1482,-533.2415771484375
bc_ppo_old,reward,1483,-533.2415771484375
bc_ppo_old,reward,1484,-533.2415771484375
bc_ppo_old,reward,1485,-533.2415771484375
bc_ppo_old,reward,1486,-533.2415771484375
bc_ppo_old,reward,1487,-534.5701293945312
bc_ppo_old,reward,1488,-534.5701293945312
bc_ppo_old,reward,1489,-534.5701293945312
bc_ppo_old,reward,1490,-534.5701293945312
bc_ppo_old,reward,1491,-534.5701293945312
bc_ppo_old,reward,1492,-534.5701293945312
bc_ppo_old,reward,1493,-534.5701293945312
bc_ppo_old,reward,1494,-534.5701293945312
bc_ppo_old,reward,1495,-534.5701293945312
bc_ppo_old,reward,1496,-534.5701293945312
bc_ppo_old,reward,1497,-534.5701293945312
bc_ppo_old,reward,1498,-534.5701293945312
bc_ppo_old,reward,181,-1670.757568359375
bc_ppo_old,reward,182,-1670.757568359375
bc_ppo_old,reward,183,-1670.757568359375
bc_ppo_old,reward,183,-1670.757568359375
bc_ppo_old,reward,184,-1670.757568359375
bc_ppo_old,reward,185,-1670.757568359375
bc_ppo_old,reward,186,-1670.757568359375
bc_ppo_old,reward,186,-1670.757568359375
bc_ppo_old,reward,187,-1670.757568359375
bc_ppo_old,reward,188,-1670.757568359375
bc_ppo_old,reward,189,-1670.757568359375
bc_ppo_old,reward,189,-1670.757568359375
bc_ppo_old,reward,190,-1670.757568359375
bc_ppo_old,reward,191,-1670.757568359375
bc_ppo_old,reward,192,-1670.757568359375
bc_ppo_old,reward,192,-1670.757568359375
bc_ppo_old,reward,193,-1670.757568359375
bc_ppo_old,reward,194,-1670.757568359375
bc_ppo_old,reward,195,-1670.757568359375
bc_ppo_old,reward,197,-1670.757568359375
bc_ppo_old,reward,198,-1670.757568359375
bc_ppo_old,reward,199,-1670.757568359375
bc_ppo_old,reward,200,-1670.757568359375
bc_ppo_old,reward,200,-1670.757568359375
bc_ppo_old,reward,201,-1670.757568359375
bc_ppo_old,reward,202,-1670.757568359375
bc_ppo_old,reward,203,-1670.757568359375
bc_ppo_old,reward,204,-1670.757568359375
bc_ppo_old,reward,205,-1670.757568359375
bc_ppo_old,reward,206,-1670.757568359375
bc_ppo_old,reward,207,-1670.757568359375
bc_ppo_old,reward,208,-1670.757568359375
bc_ppo_old,reward,209,-1670.757568359375
bc_ppo_old,reward,210,-1670.757568359375
bc_ppo_old,reward,210,-1670.757568359375
bc_ppo_old,reward,211,-1670.757568359375
bc_ppo_old,reward,212,-1670.757568359375
bc_ppo_old,reward,213,-1670.757568359375
bc_ppo_old,reward,213,-1670.757568359375
bc_ppo_old,reward,214,-1670.757568359375
bc_ppo_old,reward,215,-1670.757568359375
bc_ppo_old,reward,216,-1670.757568359375
bc_ppo_old,reward,216,-1670.757568359375
bc_ppo_old,reward,217,-1670.757568359375
bc_ppo_old,reward,218,-1670.757568359375
bc_ppo_old,reward,219,-1670.757568359375
bc_ppo_old,reward,220,-1670.757568359375
bc_ppo_old,reward,221,-1670.757568359375
bc_ppo_old,reward,222,-1670.757568359375
bc_ppo_old,reward,223,-1670.757568359375
bc_ppo_old,reward,224,-1670.757568359375
bc_ppo_old,reward,225,-1670.757568359375
bc_ppo_old,reward,226,-1670.757568359375
bc_ppo_old,reward,227,-1670.757568359375
bc_ppo_old,reward,228,-1670.757568359375
bc_ppo_old,reward,229,-1670.757568359375
bc_ppo_old,reward,230,-1670.757568359375
bc_ppo_old,reward,231,-1670.757568359375
bc_ppo_old,reward,232,-1670.757568359375
bc_ppo_old,reward,233,-1670.757568359375
bc_ppo_old,reward,234,-1670.757568359375
bc_ppo_old,reward,235,-1670.757568359375
bc_ppo_old,reward,236,-1670.757568359375
bc_ppo_old,reward,237,-1670.757568359375
bc_ppo_old,reward,238,-1670.757568359375
bc_ppo_old,reward,239,-1670.757568359375
bc_ppo_old,reward,240,-1670.757568359375
bc_ppo_old,reward,241,-1670.757568359375
bc_ppo_old,reward,242,-1670.757568359375
bc_ppo_old,reward,243,-1670.757568359375
bc_ppo_old,reward,244,-1670.757568359375
bc_ppo_old,reward,245,-1670.757568359375
bc_ppo_old,reward,246,-1670.757568359375
bc_ppo_old,reward,247,-1670.757568359375
bc_ppo_old,reward,248,-1670.757568359375
bc_ppo_old,reward,249,-1670.757568359375
bc_ppo_old,reward,250,-1670.757568359375
bc_ppo_old,reward,251,-1670.757568359375
bc_ppo_old,reward,252,-1670.757568359375
bc_ppo_old,reward,253,-1670.757568359375
bc_ppo_old,reward,254,-1670.757568359375
bc_ppo_old,reward,255,-1670.757568359375
bc_ppo_old,reward,256,-1670.757568359375
bc_ppo_old,reward,257,-1670.757568359375
bc_ppo_old,reward,258,-1670.757568359375
bc_ppo_old,reward,259,-1670.757568359375
bc_ppo_old,reward,260,-1670.757568359375
bc_ppo_old,reward,261,-1670.757568359375
bc_ppo_old,reward,262,-1670.757568359375
bc_ppo_old,reward,263,-1670.757568359375
bc_ppo_old,reward,264,-1670.757568359375
bc_ppo_old,reward,265,-1670.757568359375
bc_ppo_old,reward,266,-1670.757568359375
bc_ppo_old,reward,267,-1670.757568359375
bc_ppo_old,reward,268,-1670.757568359375
bc_ppo_old,reward,270,-1670.757568359375
bc_ppo_old,reward,271,-1670.757568359375
bc_ppo_old,reward,272,-1670.757568359375
bc_ppo_old,reward,273,-1670.757568359375
bc_ppo_old,reward,274,-1670.757568359375
bc_ppo_old,reward,275,-1670.757568359375
bc_ppo_old,reward,276,-1670.757568359375
bc_ppo_old,reward,277,-1670.757568359375
bc_ppo_old,reward,278,-1670.757568359375
bc_ppo_old,reward,279,-1670.757568359375
bc_ppo_old,reward,280,-1670.757568359375
bc_ppo_old,reward,281,-1670.757568359375
bc_ppo_old,reward,282,-1670.757568359375
bc_ppo_old,reward,283,-1670.757568359375
bc_ppo_old,reward,284,-1670.757568359375
bc_ppo_old,reward,285,-1670.757568359375
bc_ppo_old,reward,286,-1670.757568359375
bc_ppo_old,reward,287,-1670.757568359375
bc_ppo_old,reward,288,-1617.3074951171875
bc_ppo_old,reward,289,-1617.3074951171875
bc_ppo_old,reward,290,-1617.3074951171875
bc_ppo_old,reward,291,-1571.3187255859375
bc_ppo_old,reward,292,-1571.3187255859375
bc_ppo_old,reward,293,-1571.3187255859375
bc_ppo_old,reward,294,-1571.3187255859375
bc_ppo_old,reward,296,-1571.3187255859375
bc_ppo_old,reward,297,-1571.3187255859375
bc_ppo_old,reward,298,-1523.9681396484375
bc_ppo_old,reward,299,-1454.216552734375
bc_ppo_old,reward,300,-1454.216552734375
bc_ppo_old,reward,301,-1454.216552734375
bc_ppo_old,reward,302,-1454.216552734375
bc_ppo_old,reward,303,-1454.216552734375
bc_ppo_old,reward,304,-1454.216552734375
bc_ppo_old,reward,305,-1454.216552734375
bc_ppo_old,reward,306,-1454.216552734375
bc_ppo_old,reward,307,-1454.216552734375
bc_ppo_old,reward,308,-1454.216552734375
bc_ppo_old,reward,309,-1454.216552734375
bc_ppo_old,reward,310,-1454.216552734375
bc_ppo_old,reward,311,-1454.216552734375
bc_ppo_old,reward,312,-1454.216552734375
bc_ppo_old,reward,313,-1454.216552734375
bc_ppo_old,reward,314,-1454.216552734375
bc_ppo_old,reward,315,-1454.216552734375
bc_ppo_old,reward,316,-1454.216552734375
bc_ppo_old,reward,317,-1448.5687255859375
bc_ppo_old,reward,318,-1448.5687255859375
bc_ppo_old,reward,319,-1448.5687255859375
bc_ppo_old,reward,321,-1448.5687255859375
bc_ppo_old,reward,322,-1448.5687255859375
bc_ppo_old,reward,323,-1448.5687255859375
bc_ppo_old,reward,324,-1448.5687255859375
bc_ppo_old,reward,325,-1448.5687255859375
bc_ppo_old,reward,325,-1448.5687255859375
bc_ppo_old,reward,326,-1448.5687255859375
bc_ppo_old,reward,327,-1448.5687255859375
bc_ppo_old,reward,328,-1448.5687255859375
bc_ppo_old,reward,329,-1443.6029052734375
bc_ppo_old,reward,331,-1439.696044921875
bc_ppo_old,reward,332,-1431.7657470703125
bc_ppo_old,reward,333,-1427.0235595703125
bc_ppo_old,reward,334,-1427.0235595703125
bc_ppo_old,reward,335,-1427.0235595703125
bc_ppo_old,reward,336,-1427.0235595703125
bc_ppo_old,reward,337,-1429.31640625
bc_ppo_old,reward,338,-1421.1007080078125
bc_ppo_old,reward,339,-1422.956787109375
bc_ppo_old,reward,340,-1422.956787109375
bc_ppo_old,reward,341,-1422.956787109375
bc_ppo_old,reward,342,-1421.664794921875
bc_ppo_old,reward,343,-1421.664794921875
bc_ppo_old,reward,344,-1421.664794921875
bc_ppo_old,reward,345,-1421.664794921875
bc_ppo_old,reward,346,-1421.664794921875
bc_ppo_old,reward,347,-1421.664794921875
bc_ppo_old,reward,348,-1421.664794921875
bc_ppo_old,reward,348,-1421.664794921875
bc_ppo_old,reward,350,-1421.664794921875
bc_ppo_old,reward,351,-1421.664794921875
bc_ppo_old,reward,352,-1421.664794921875
bc_ppo_old,reward,353,-1421.664794921875
bc_ppo_old,reward,354,-1421.664794921875
bc_ppo_old,reward,355,-1421.664794921875
bc_ppo_old,reward,356,-1421.664794921875
bc_ppo_old,reward,357,-1421.664794921875
bc_ppo_old,reward,358,-1421.664794921875
bc_ppo_old,reward,359,-1421.664794921875
bc_ppo_old,reward,360,-1421.664794921875
bc_ppo_old,reward,361,-1421.664794921875
bc_ppo_old,reward,362,-1421.664794921875
bc_ppo_old,reward,363,-1421.664794921875
bc_ppo_old,reward,364,-1421.664794921875
bc_ppo_old,reward,365,-1421.664794921875
bc_ppo_old,reward,366,-1421.664794921875
bc_ppo_old,reward,367,-1421.664794921875
bc_ppo_old,reward,368,-1421.664794921875
bc_ppo_old,reward,369,-1421.664794921875
bc_ppo_old,reward,370,-1421.664794921875
bc_ppo_old,reward,371,-1421.664794921875
bc_ppo_old,reward,372,-1421.664794921875
bc_ppo_old,reward,373,-1421.664794921875
bc_ppo_old,reward,374,-1421.664794921875
bc_ppo_old,reward,375,-1421.664794921875
bc_ppo_old,reward,376,-1421.664794921875
bc_ppo_old,reward,377,-1421.664794921875
bc_ppo_old,reward,378,-1421.664794921875
bc_ppo_old,reward,379,-1421.664794921875
bc_ppo_old,reward,380,-1421.664794921875
bc_ppo_old,reward,381,-1421.664794921875
bc_ppo_old,reward,382,-1421.664794921875
bc_ppo_old,reward,383,-1421.664794921875
bc_ppo_old,reward,384,-1421.664794921875
bc_ppo_old,reward,385,-1421.664794921875
bc_ppo_old,reward,386,-1421.664794921875
bc_ppo_old,reward,387,-1421.664794921875
bc_ppo_old,reward,388,-1421.664794921875
bc_ppo_old,reward,389,-1421.664794921875
bc_ppo_old,reward,390,-1421.664794921875
bc_ppo_old,reward,391,-1421.664794921875
bc_ppo_old,reward,392,-1421.664794921875
bc_ppo_old,reward,393,-1421.664794921875
bc_ppo_old,reward,394,-1421.664794921875
bc_ppo_old,reward,395,-1421.664794921875
bc_ppo_old,reward,396,-1421.664794921875
bc_ppo_old,reward,397,-1421.664794921875
bc_ppo_old,reward,398,-1421.664794921875
bc_ppo_old,reward,399,-1421.664794921875
bc_ppo_old,reward,400,-1382.10595703125
bc_ppo_old,reward,401,-1382.10595703125
bc_ppo_old,reward,402,-1382.10595703125
bc_ppo_old,reward,403,-1382.10595703125
bc_ppo_old,reward,404,-1382.10595703125
bc_ppo_old,reward,405,-1382.10595703125
bc_ppo_old,reward,406,-1382.10595703125
bc_ppo_old,reward,407,-1382.10595703125
bc_ppo_old,reward,408,-1382.10595703125
bc_ppo_old,reward,409,-1382.10595703125
bc_ppo_old,reward,410,-1382.10595703125
bc_ppo_old,reward,411,-1382.10595703125
bc_ppo_old,reward,412,-1382.10595703125
bc_ppo_old,reward,413,-1382.10595703125
bc_ppo_old,reward,414,-1344.2889404296875
bc_ppo_old,reward,415,-1344.2889404296875
bc_ppo_old,reward,416,-1344.2889404296875
bc_ppo_old,reward,417,-1344.2889404296875
bc_ppo_old,reward,418,-1344.2889404296875
bc_ppo_old,reward,419,-1344.2889404296875
bc_ppo_old,reward,420,-1344.2889404296875
bc_ppo_old,reward,421,-1344.2889404296875
bc_ppo_old,reward,422,-1344.2889404296875
bc_ppo_old,reward,423,-1344.2889404296875
bc_ppo_old,reward,424,-1344.2889404296875
bc_ppo_old,reward,425,-1344.2889404296875
bc_ppo_old,reward,426,-1344.2889404296875
bc_ppo_old,reward,427,-1344.2889404296875
bc_ppo_old,reward,428,-1344.2889404296875
bc_ppo_old,reward,429,-1344.2889404296875
bc_ppo_old,reward,430,-1344.2889404296875
bc_ppo_old,reward,431,-1305.561279296875
bc_ppo_old,reward,432,-1305.561279296875
bc_ppo_old,reward,433,-1305.561279296875
bc_ppo_old,reward,434,-1305.561279296875
bc_ppo_old,reward,435,-1305.561279296875
bc_ppo_old,reward,436,-1268.21044921875
bc_ppo_old,reward,437,-1268.21044921875
bc_ppo_old,reward,438,-1233.73583984375
bc_ppo_old,reward,439,-1233.73583984375
bc_ppo_old,reward,440,-1202.8736572265625
bc_ppo_old,reward,441,-1202.8736572265625
bc_ppo_old,reward,442,-1202.8736572265625
bc_ppo_old,reward,443,-1202.8736572265625
bc_ppo_old,reward,444,-1202.8736572265625
bc_ppo_old,reward,446,-1202.8736572265625
bc_ppo_old,reward,447,-1202.8736572265625
bc_ppo_old,reward,448,-1202.8736572265625
bc_ppo_old,reward,449,-1202.8736572265625
bc_ppo_old,reward,450,-1202.8736572265625
bc_ppo_old,reward,451,-1202.8736572265625
bc_ppo_old,reward,452,-1202.8736572265625
bc_ppo_old,reward,453,-1202.8736572265625
bc_ppo_old,reward,454,-1173.747802734375
bc_ppo_old,reward,455,-1173.747802734375
bc_ppo_old,reward,456,-1173.747802734375
bc_ppo_old,reward,457,-1173.747802734375
bc_ppo_old,reward,458,-1173.747802734375
bc_ppo_old,reward,459,-1173.747802734375
bc_ppo_old,reward,460,-1173.747802734375
bc_ppo_old,reward,461,-1173.747802734375
bc_ppo_old,reward,462,-1173.747802734375
bc_ppo_old,reward,463,-1146.9300537109375
bc_ppo_old,reward,464,-1146.9300537109375
bc_ppo_old,reward,465,-1120.29052734375
bc_ppo_old,reward,466,-1120.29052734375
bc_ppo_old,reward,467,-1120.29052734375
bc_ppo_old,reward,468,-1120.29052734375
bc_ppo_old,reward,469,-1120.29052734375
bc_ppo_old,reward,470,-1120.29052734375
bc_ppo_old,reward,471,-1120.29052734375
bc_ppo_old,reward,472,-1120.29052734375
bc_ppo_old,reward,473,-1120.29052734375
bc_ppo_old,reward,474,-1120.29052734375
bc_ppo_old,reward,475,-1120.29052734375
bc_ppo_old,reward,476,-1120.29052734375
bc_ppo_old,reward,477,-1120.29052734375
bc_ppo_old,reward,478,-1120.29052734375
bc_ppo_old,reward,480,-1120.29052734375
bc_ppo_old,reward,481,-1120.29052734375
bc_ppo_old,reward,482,-1120.29052734375
bc_ppo_old,reward,483,-1122.3824462890625
bc_ppo_old,reward,484,-1122.3824462890625
bc_ppo_old,reward,485,-1122.3824462890625
bc_ppo_old,reward,486,-1122.3824462890625
bc_ppo_old,reward,487,-1122.3824462890625
bc_ppo_old,reward,488,-1125.2279052734375
bc_ppo_old,reward,489,-1125.2279052734375
bc_ppo_old,reward,490,-1125.2279052734375
bc_ppo_old,reward,491,-1125.2279052734375
bc_ppo_old,reward,492,-1128.6929931640625
bc_ppo_old,reward,493,-1128.6929931640625
bc_ppo_old,reward,494,-1128.6929931640625
bc_ppo_old,reward,496,-1128.6929931640625
bc_ppo_old,reward,497,-1128.6929931640625
bc_ppo_old,reward,498,-1128.6929931640625
bc_ppo_old,reward,499,-1128.6929931640625
bc_ppo_old,reward,500,-1128.6929931640625
bc_ppo_old,reward,501,-1128.6929931640625
bc_ppo_old,reward,502,-1128.6929931640625
bc_ppo_old,reward,503,-1128.6929931640625
bc_ppo_old,reward,504,-1128.6929931640625
bc_ppo_old,reward,505,-1128.6929931640625
bc_ppo_old,reward,506,-1128.6929931640625
bc_ppo_old,reward,507,-1128.6929931640625
bc_ppo_old,reward,508,-1131.1810302734375
bc_ppo_old,reward,509,-1131.1810302734375
bc_ppo_old,reward,510,-1131.1810302734375
bc_ppo_old,reward,511,-1131.1810302734375
bc_ppo_old,reward,512,-1131.1810302734375
bc_ppo_old,reward,513,-1131.1810302734375
bc_ppo_old,reward,514,-1131.1810302734375
bc_ppo_old,reward,515,-1131.1810302734375
bc_ppo_old,reward,516,-1131.1810302734375
bc_ppo_old,reward,517,-1131.1810302734375
bc_ppo_old,reward,518,-1109.053955078125
bc_ppo_old,reward,519,-1087.49072265625
bc_ppo_old,reward,520,-1085.8870849609375
bc_ppo_old,reward,521,-1085.8870849609375
bc_ppo_old,reward,522,-1085.8870849609375
bc_ppo_old,reward,523,-1085.8870849609375
bc_ppo_old,reward,524,-1089.1534423828125
bc_ppo_old,reward,525,-1089.1534423828125
bc_ppo_old,reward,526,-1089.1534423828125
bc_ppo_old,reward,527,-1089.1534423828125
bc_ppo_old,reward,528,-1089.1534423828125
bc_ppo_old,reward,529,-1094.379150390625
bc_ppo_old,reward,530,-1094.379150390625
bc_ppo_old,reward,531,-1094.379150390625
bc_ppo_old,reward,532,-1094.379150390625
bc_ppo_old,reward,534,-1094.379150390625
bc_ppo_old,reward,535,-1094.379150390625
bc_ppo_old,reward,536,-1094.379150390625
bc_ppo_old,reward,537,-1094.379150390625
bc_ppo_old,reward,538,-1094.379150390625
bc_ppo_old,reward,539,-1094.379150390625
bc_ppo_old,reward,540,-1094.379150390625
bc_ppo_old,reward,541,-1094.379150390625
bc_ppo_old,reward,542,-1094.379150390625
bc_ppo_old,reward,543,-1094.379150390625
bc_ppo_old,reward,544,-1094.379150390625
bc_ppo_old,reward,545,-1094.379150390625
bc_ppo_old,reward,546,-1094.379150390625
bc_ppo_old,reward,547,-1094.379150390625
bc_ppo_old,reward,548,-1094.379150390625
bc_ppo_old,reward,549,-1094.379150390625
bc_ppo_old,reward,550,-1094.379150390625
bc_ppo_old,reward,551,-1094.379150390625
bc_ppo_old,reward,551,-1094.379150390625
bc_ppo_old,reward,552,-1094.379150390625
bc_ppo_old,reward,553,-1094.379150390625
bc_ppo_old,reward,554,-1094.379150390625
bc_ppo_old,reward,555,-1094.379150390625
bc_ppo_old,reward,556,-1094.379150390625
bc_ppo_old,reward,557,-1064.5216064453125
bc_ppo_old,reward,558,-1064.5216064453125
bc_ppo_old,reward,559,-1064.5216064453125
bc_ppo_old,reward,560,-1064.5216064453125
bc_ppo_old,reward,561,-1064.5216064453125
bc_ppo_old,reward,562,-1064.5216064453125
bc_ppo_old,reward,563,-1064.5216064453125
bc_ppo_old,reward,564,-1064.5216064453125
bc_ppo_old,reward,565,-1064.5216064453125
bc_ppo_old,reward,566,-1045.2637939453125
bc_ppo_old,reward,567,-1045.2637939453125
bc_ppo_old,reward,568,-1045.2637939453125
bc_ppo_old,reward,569,-1045.2637939453125
bc_ppo_old,reward,570,-1045.2637939453125
bc_ppo_old,reward,571,-1026.2139892578125
bc_ppo_old,reward,572,-1026.2139892578125
bc_ppo_old,reward,573,-1026.2139892578125
bc_ppo_old,reward,574,-1026.2139892578125
bc_ppo_old,reward,575,-1026.2139892578125
bc_ppo_old,reward,576,-1026.2139892578125
bc_ppo_old,reward,577,-1026.2139892578125
bc_ppo_old,reward,578,-1026.2139892578125
bc_ppo_old,reward,579,-1026.2139892578125
bc_ppo_old,reward,580,-1026.2139892578125
bc_ppo_old,reward,581,-1004.9342041015625
bc_ppo_old,reward,582,-1004.9342041015625
bc_ppo_old,reward,583,-998.0397338867188
bc_ppo_old,reward,584,-980.193603515625
bc_ppo_old,reward,585,-972.3350219726562
bc_ppo_old,reward,586,-972.3350219726562
bc_ppo_old,reward,587,-972.3350219726562
bc_ppo_old,reward,589,-972.3350219726562
bc_ppo_old,reward,590,-972.3350219726562
bc_ppo_old,reward,591,-972.3350219726562
bc_ppo_old,reward,592,-972.3350219726562
bc_ppo_old,reward,593,-972.3350219726562
bc_ppo_old,reward,594,-972.3350219726562
bc_ppo_old,reward,595,-955.5595092773438
bc_ppo_old,reward,596,-938.7466430664062
bc_ppo_old,reward,597,-938.7466430664062
bc_ppo_old,reward,598,-938.7466430664062
bc_ppo_old,reward,599,-938.7466430664062
bc_ppo_old,reward,600,-938.7466430664062
bc_ppo_old,reward,601,-938.7466430664062
bc_ppo_old,reward,602,-938.7466430664062
bc_ppo_old,reward,603,-938.7466430664062
bc_ppo_old,reward,604,-938.7466430664062
bc_ppo_old,reward,605,-938.7466430664062
bc_ppo_old,reward,606,-938.7466430664062
bc_ppo_old,reward,607,-938.7466430664062
bc_ppo_old,reward,608,-938.7466430664062
bc_ppo_old,reward,609,-938.7466430664062
bc_ppo_old,reward,610,-938.7466430664062
bc_ppo_old,reward,611,-938.7466430664062
bc_ppo_old,reward,612,-938.7466430664062
bc_ppo_old,reward,613,-938.7466430664062
bc_ppo_old,reward,614,-939.0108032226562
bc_ppo_old,reward,615,-922.9071044921875
bc_ppo_old,reward,616,-922.9071044921875
bc_ppo_old,reward,617,-922.9071044921875
bc_ppo_old,reward,618,-922.9071044921875
bc_ppo_old,reward,619,-922.9071044921875
bc_ppo_old,reward,620,-922.9071044921875
bc_ppo_old,reward,621,-922.9071044921875
bc_ppo_old,reward,622,-922.9071044921875
bc_ppo_old,reward,624,-922.9071044921875
bc_ppo_old,reward,625,-922.9071044921875
bc_ppo_old,reward,626,-922.9071044921875
bc_ppo_old,reward,627,-922.9071044921875
bc_ppo_old,reward,628,-922.9071044921875
bc_ppo_old,reward,629,-922.9071044921875
bc_ppo_old,reward,630,-908.7100830078125
bc_ppo_old,reward,631,-908.7100830078125
bc_ppo_old,reward,632,-908.7100830078125
bc_ppo_old,reward,633,-908.7100830078125
bc_ppo_old,reward,634,-908.7100830078125
bc_ppo_old,reward,635,-908.7100830078125
bc_ppo_old,reward,636,-908.7100830078125
bc_ppo_old,reward,637,-908.7100830078125
bc_ppo_old,reward,638,-908.7100830078125
bc_ppo_old,reward,639,-908.7100830078125
bc_ppo_old,reward,640,-908.7100830078125
bc_ppo_old,reward,641,-908.7100830078125
bc_ppo_old,reward,642,-894.6464233398438
bc_ppo_old,reward,643,-894.6464233398438
bc_ppo_old,reward,644,-894.6464233398438
bc_ppo_old,reward,645,-894.6464233398438
bc_ppo_old,reward,646,-894.6464233398438
bc_ppo_old,reward,646,-894.6464233398438
bc_ppo_old,reward,647,-894.6464233398438
bc_ppo_old,reward,648,-894.6464233398438
bc_ppo_old,reward,649,-894.6464233398438
bc_ppo_old,reward,649,-894.6464233398438
bc_ppo_old,reward,650,-882.0987548828125
bc_ppo_old,reward,651,-868.3496704101562
bc_ppo_old,reward,651,-868.3496704101562
bc_ppo_old,reward,652,-868.3496704101562
bc_ppo_old,reward,653,-868.3496704101562
bc_ppo_old,reward,654,-868.3496704101562
bc_ppo_old,reward,654,-854.9222412109375
bc_ppo_old,reward,655,-854.9222412109375
bc_ppo_old,reward,656,-854.9222412109375
bc_ppo_old,reward,656,-854.9222412109375
bc_ppo_old,reward,657,-854.9222412109375
bc_ppo_old,reward,658,-854.9222412109375
bc_ppo_old,reward,659,-854.9222412109375
bc_ppo_old,reward,659,-854.9222412109375
bc_ppo_old,reward,660,-854.9222412109375
bc_ppo_old,reward,661,-854.9222412109375
bc_ppo_old,reward,661,-852.0109252929688
bc_ppo_old,reward,662,-852.0109252929688
bc_ppo_old,reward,663,-852.0109252929688
bc_ppo_old,reward,664,-852.0109252929688
bc_ppo_old,reward,664,-852.0109252929688
bc_ppo_old,reward,665,-837.3397827148438
bc_ppo_old,reward,666,-837.3397827148438
bc_ppo_old,reward,667,-837.3397827148438
bc_ppo_old,reward,667,-837.3397827148438
bc_ppo_old,reward,668,-837.3397827148438
bc_ppo_old,reward,669,-837.3397827148438
bc_ppo_old,reward,669,-837.3397827148438
bc_ppo_old,reward,670,-837.3397827148438
bc_ppo_old,reward,671,-837.3397827148438
bc_ppo_old,reward,672,-823.5350341796875
bc_ppo_old,reward,672,-823.5350341796875
bc_ppo_old,reward,673,-823.5350341796875
bc_ppo_old,reward,674,-823.5350341796875
bc_ppo_old,reward,675,-823.5350341796875
bc_ppo_old,reward,675,-823.5350341796875
bc_ppo_old,reward,676,-823.5350341796875
bc_ppo_old,reward,677,-823.5350341796875
bc_ppo_old,reward,677,-816.2924194335938
bc_ppo_old,reward,678,-816.2924194335938
bc_ppo_old,reward,679,-816.2924194335938
bc_ppo_old,reward,680,-816.2924194335938
bc_ppo_old,reward,680,-816.2924194335938
bc_ppo_old,reward,681,-816.2924194335938
bc_ppo_old,reward,682,-816.2924194335938
bc_ppo_old,reward,682,-810.8067016601562
bc_ppo_old,reward,683,-799.513671875
bc_ppo_old,reward,684,-799.513671875
bc_ppo_old,reward,685,-799.513671875
bc_ppo_old,reward,685,-799.513671875
bc_ppo_old,reward,686,-787.1699829101562
bc_ppo_old,reward,687,-787.1699829101562
bc_ppo_old,reward,688,-787.1699829101562
bc_ppo_old,reward,688,-787.1699829101562
bc_ppo_old,reward,689,-787.1699829101562
bc_ppo_old,reward,690,-787.1699829101562
bc_ppo_old,reward,690,-787.1699829101562
bc_ppo_old,reward,691,-787.1699829101562
bc_ppo_old,reward,692,-787.1699829101562
bc_ppo_old,reward,693,-787.1699829101562
bc_ppo_old,reward,693,-787.1699829101562
bc_ppo_old,reward,694,-787.1699829101562
bc_ppo_old,reward,695,-787.1699829101562
bc_ppo_old,reward,695,-787.1699829101562
bc_ppo_old,reward,696,-787.1699829101562
bc_ppo_old,reward,697,-787.1699829101562
bc_ppo_old,reward,698,-787.1699829101562
bc_ppo_old,reward,698,-787.1699829101562
bc_ppo_old,reward,699,-787.1699829101562
bc_ppo_old,reward,700,-787.1699829101562
bc_ppo_old,reward,700,-775.069580078125
bc_ppo_old,reward,701,-775.069580078125
bc_ppo_old,reward,702,-775.069580078125
bc_ppo_old,reward,703,-775.069580078125
bc_ppo_old,reward,703,-775.069580078125
bc_ppo_old,reward,704,-775.069580078125
bc_ppo_old,reward,705,-771.59326171875
bc_ppo_old,reward,705,-771.59326171875
bc_ppo_old,reward,706,-771.59326171875
bc_ppo_old,reward,707,-771.59326171875
bc_ppo_old,reward,708,-771.59326171875
bc_ppo_old,reward,708,-761.6641845703125
bc_ppo_old,reward,709,-761.6641845703125
bc_ppo_old,reward,710,-761.6641845703125
bc_ppo_old,reward,711,-761.6641845703125
bc_ppo_old,reward,711,-762.1890869140625
bc_ppo_old,reward,712,-762.1890869140625
bc_ppo_old,reward,713,-762.1890869140625
bc_ppo_old,reward,713,-762.1890869140625
bc_ppo_old,reward,714,-752.20166015625
bc_ppo_old,reward,715,-752.20166015625
bc_ppo_old,reward,716,-752.20166015625
bc_ppo_old,reward,716,-752.20166015625
bc_ppo_old,reward,717,-752.20166015625
bc_ppo_old,reward,718,-752.20166015625
bc_ppo_old,reward,719,-752.20166015625
bc_ppo_old,reward,720,-752.20166015625
bc_ppo_old,reward,721,-752.20166015625
bc_ppo_old,reward,722,-752.20166015625
bc_ppo_old,reward,723,-752.20166015625
bc_ppo_old,reward,724,-752.20166015625
bc_ppo_old,reward,725,-752.20166015625
bc_ppo_old,reward,726,-752.20166015625
bc_ppo_old,reward,727,-752.20166015625
bc_ppo_old,reward,728,-752.20166015625
bc_ppo_old,reward,729,-742.2313842773438
bc_ppo_old,reward,730,-742.2313842773438
bc_ppo_old,reward,731,-742.2313842773438
bc_ppo_old,reward,732,-738.526611328125
bc_ppo_old,reward,733,-738.526611328125
bc_ppo_old,reward,734,-738.526611328125
bc_ppo_old,reward,735,-738.526611328125
bc_ppo_old,reward,736,-738.526611328125
bc_ppo_old,reward,737,-738.526611328125
bc_ppo_old,reward,738,-738.526611328125
bc_ppo_old,reward,739,-738.526611328125
bc_ppo_old,reward,740,-738.526611328125
bc_ppo_old,reward,741,-738.526611328125
bc_ppo_old,reward,742,-727.9382934570312
bc_ppo_old,reward,743,-727.9382934570312
bc_ppo_old,reward,744,-727.9382934570312
bc_ppo_old,reward,745,-727.9382934570312
bc_ppo_old,reward,746,-727.9382934570312
bc_ppo_old,reward,747,-727.9382934570312
bc_ppo_old,reward,748,-727.9382934570312
bc_ppo_old,reward,749,-727.9382934570312
bc_ppo_old,reward,750,-727.9382934570312
bc_ppo_old,reward,751,-727.9382934570312
bc_ppo_old,reward,752,-727.9382934570312
bc_ppo_old,reward,753,-727.9382934570312
bc_ppo_old,reward,753,-727.9382934570312
bc_ppo_old,reward,754,-727.9382934570312
bc_ppo_old,reward,755,-719.9653930664062
bc_ppo_old,reward,755,-727.126220703125
bc_ppo_old,reward,756,-727.126220703125
bc_ppo_old,reward,757,-727.126220703125
bc_ppo_old,reward,758,-727.126220703125
bc_ppo_old,reward,759,-727.126220703125
bc_ppo_old,reward,760,-716.8333129882812
bc_ppo_old,reward,761,-716.8333129882812
bc_ppo_old,reward,762,-716.8333129882812
bc_ppo_old,reward,763,-716.8333129882812
bc_ppo_old,reward,764,-716.8333129882812
bc_ppo_old,reward,765,-716.8333129882812
bc_ppo_old,reward,766,-716.8333129882812
bc_ppo_old,reward,767,-716.8333129882812
bc_ppo_old,reward,768,-722.2457885742188
bc_ppo_old,reward,769,-722.2457885742188
bc_ppo_old,reward,770,-722.2457885742188
bc_ppo_old,reward,771,-722.2457885742188
bc_ppo_old,reward,772,-711.8562622070312
bc_ppo_old,reward,773,-711.8562622070312
bc_ppo_old,reward,774,-703.3350219726562
bc_ppo_old,reward,775,-703.3350219726562
bc_ppo_old,reward,776,-703.3350219726562
bc_ppo_old,reward,777,-703.3350219726562
bc_ppo_old,reward,778,-703.3350219726562
bc_ppo_old,reward,779,-703.3350219726562
bc_ppo_old,reward,780,-703.3350219726562
bc_ppo_old,reward,781,-708.7288818359375
bc_ppo_old,reward,782,-708.7288818359375
bc_ppo_old,reward,783,-708.7288818359375
bc_ppo_old,reward,784,-708.7288818359375
bc_ppo_old,reward,785,-708.7288818359375
bc_ppo_old,reward,786,-708.7288818359375
bc_ppo_old,reward,787,-708.7288818359375
bc_ppo_old,reward,788,-708.7288818359375
bc_ppo_old,reward,789,-705.4116821289062
bc_ppo_old,reward,790,-705.4116821289062
bc_ppo_old,reward,791,-705.4116821289062
bc_ppo_old,reward,792,-705.4116821289062
bc_ppo_old,reward,793,-705.4116821289062
bc_ppo_old,reward,794,-705.4116821289062
bc_ppo_old,reward,795,-705.4116821289062
bc_ppo_old,reward,796,-705.4116821289062
bc_ppo_old,reward,797,-705.4116821289062
bc_ppo_old,reward,798,-705.4116821289062
bc_ppo_old,reward,799,-705.4116821289062
bc_ppo_old,reward,800,-705.4116821289062
bc_ppo_old,reward,801,-705.4116821289062
bc_ppo_old,reward,802,-705.4116821289062
bc_ppo_old,reward,803,-705.4116821289062
bc_ppo_old,reward,804,-705.4116821289062
bc_ppo_old,reward,805,-705.4116821289062
bc_ppo_old,reward,806,-705.4116821289062
bc_ppo_old,reward,807,-707.3375854492188
bc_ppo_old,reward,808,-709.8365478515625
bc_ppo_old,reward,809,-709.8365478515625
bc_ppo_old,reward,809,-709.8365478515625
bc_ppo_old,reward,810,-709.8365478515625
bc_ppo_old,reward,811,-709.8365478515625
bc_ppo_old,reward,811,-709.8365478515625
bc_ppo_old,reward,812,-709.8365478515625
bc_ppo_old,reward,813,-709.8365478515625
bc_ppo_old,reward,814,-709.8365478515625
bc_ppo_old,reward,814,-709.8365478515625
bc_ppo_old,reward,815,-709.8365478515625
bc_ppo_old,reward,816,-709.8365478515625
bc_ppo_old,reward,816,-709.8365478515625
bc_ppo_old,reward,817,-709.8365478515625
bc_ppo_old,reward,818,-709.8365478515625
bc_ppo_old,reward,819,-709.8365478515625
bc_ppo_old,reward,819,-709.8365478515625
bc_ppo_old,reward,820,-709.8365478515625
bc_ppo_old,reward,821,-709.8365478515625
bc_ppo_old,reward,821,-709.8365478515625
bc_ppo_old,reward,822,-709.8365478515625
bc_ppo_old,reward,823,-709.8365478515625
bc_ppo_old,reward,824,-709.8365478515625
bc_ppo_old,reward,824,-709.8365478515625
bc_ppo_old,reward,825,-709.8365478515625
bc_ppo_old,reward,826,-709.8365478515625
bc_ppo_old,reward,827,-709.8365478515625
bc_ppo_old,reward,827,-709.8365478515625
bc_ppo_old,reward,828,-709.8365478515625
bc_ppo_old,reward,829,-709.8365478515625
bc_ppo_old,reward,829,-709.8365478515625
bc_ppo_old,reward,830,-709.8365478515625
bc_ppo_old,reward,831,-709.8365478515625
bc_ppo_old,reward,831,-709.8365478515625
bc_ppo_old,reward,832,-709.8365478515625
bc_ppo_old,reward,833,-709.8365478515625
bc_ppo_old,reward,834,-709.8365478515625
bc_ppo_old,reward,834,-709.8365478515625
bc_ppo_old,reward,835,-709.8365478515625
bc_ppo_old,reward,836,-709.8365478515625
bc_ppo_old,reward,837,-709.8365478515625
bc_ppo_old,reward,837,-709.8365478515625
bc_ppo_old,reward,838,-709.8365478515625
bc_ppo_old,reward,839,-709.8365478515625
bc_ppo_old,reward,839,-709.8365478515625
bc_ppo_old,reward,840,-709.8365478515625
bc_ppo_old,reward,841,-709.8365478515625
bc_ppo_old,reward,842,-709.8365478515625
bc_ppo_old,reward,842,-709.8365478515625
bc_ppo_old,reward,843,-709.8365478515625
bc_ppo_old,reward,844,-709.8365478515625
bc_ppo_old,reward,844,-717.3060302734375
bc_ppo_old,reward,845,-717.3060302734375
bc_ppo_old,reward,846,-717.3060302734375
bc_ppo_old,reward,847,-717.3060302734375
bc_ppo_old,reward,847,-708.4619140625
bc_ppo_old,reward,848,-708.4619140625
bc_ppo_old,reward,849,-708.4619140625
bc_ppo_old,reward,850,-708.4619140625
bc_ppo_old,reward,850,-708.4619140625
bc_ppo_old,reward,851,-708.4619140625
bc_ppo_old,reward,852,-708.4619140625
bc_ppo_old,reward,852,-708.4619140625
bc_ppo_old,reward,853,-708.4619140625
bc_ppo_old,reward,854,-708.4619140625
bc_ppo_old,reward,855,-708.4619140625
bc_ppo_old,reward,855,-708.4619140625
bc_ppo_old,reward,856,-708.4619140625
bc_ppo_old,reward,857,-708.4619140625
bc_ppo_old,reward,858,-708.4619140625
bc_ppo_old,reward,858,-708.4619140625
bc_ppo_old,reward,859,-708.4619140625
bc_ppo_old,reward,860,-708.4619140625
bc_ppo_old,reward,860,-708.4619140625
bc_ppo_old,reward,861,-708.4619140625
bc_ppo_old,reward,862,-700.1007080078125
bc_ppo_old,reward,863,-700.1007080078125
bc_ppo_old,reward,863,-700.1007080078125
bc_ppo_old,reward,864,-702.1144409179688
bc_ppo_old,reward,865,-702.1144409179688
bc_ppo_old,reward,866,-702.1144409179688
bc_ppo_old,reward,866,-702.1144409179688
bc_ppo_old,reward,867,-702.1144409179688
bc_ppo_old,reward,868,-702.1144409179688
bc_ppo_old,reward,868,-702.1144409179688
bc_ppo_old,reward,869,-702.1144409179688
bc_ppo_old,reward,870,-702.1144409179688
bc_ppo_old,reward,871,-702.1144409179688
bc_ppo_old,reward,871,-702.1144409179688
bc_ppo_old,reward,872,-702.1144409179688
bc_ppo_old,reward,873,-702.1144409179688
bc_ppo_old,reward,873,-702.1144409179688
bc_ppo_old,reward,874,-706.915283203125
bc_ppo_old,reward,875,-706.915283203125
bc_ppo_old,reward,876,-706.915283203125
bc_ppo_old,reward,876,-706.915283203125
bc_ppo_old,reward,877,-706.915283203125
bc_ppo_old,reward,878,-713.8507080078125
bc_ppo_old,reward,879,-713.8507080078125
bc_ppo_old,reward,880,-713.8507080078125
bc_ppo_old,reward,881,-713.8507080078125
bc_ppo_old,reward,882,-713.8507080078125
bc_ppo_old,reward,883,-713.8507080078125
bc_ppo_old,reward,884,-719.8501586914062
bc_ppo_old,reward,885,-719.8501586914062
bc_ppo_old,reward,886,-719.8501586914062
bc_ppo_old,reward,887,-707.7725219726562
bc_ppo_old,reward,888,-697.1090698242188
bc_ppo_old,reward,890,-697.1090698242188
bc_ppo_old,reward,891,-697.1090698242188
bc_ppo_old,reward,892,-697.1090698242188
bc_ppo_old,reward,893,-697.1090698242188
bc_ppo_old,reward,894,-697.1090698242188
bc_ppo_old,reward,895,-697.1090698242188
bc_ppo_old,reward,896,-697.1090698242188
bc_ppo_old,reward,897,-697.1090698242188
bc_ppo_old,reward,898,-693.5318603515625
bc_ppo_old,reward,899,-693.5318603515625
bc_ppo_old,reward,900,-693.5318603515625
bc_ppo_old,reward,901,-693.5318603515625
bc_ppo_old,reward,902,-693.5318603515625
bc_ppo_old,reward,903,-690.7105102539062
bc_ppo_old,reward,904,-690.7105102539062
bc_ppo_old,reward,905,-690.7105102539062
bc_ppo_old,reward,906,-690.7105102539062
bc_ppo_old,reward,907,-690.7105102539062
bc_ppo_old,reward,908,-690.7105102539062
bc_ppo_old,reward,909,-690.7105102539062
bc_ppo_old,reward,910,-690.7105102539062
bc_ppo_old,reward,911,-690.7105102539062
bc_ppo_old,reward,912,-690.7105102539062
bc_ppo_old,reward,913,-690.7105102539062
bc_ppo_old,reward,914,-690.7105102539062
bc_ppo_old,reward,915,-690.7105102539062
bc_ppo_old,reward,916,-690.7105102539062
bc_ppo_old,reward,917,-685.4765625
bc_ppo_old,reward,918,-673.77978515625
bc_ppo_old,reward,919,-673.77978515625
bc_ppo_old,reward,920,-673.77978515625
bc_ppo_old,reward,921,-673.77978515625
bc_ppo_old,reward,922,-673.77978515625
bc_ppo_old,reward,923,-673.77978515625
bc_ppo_old,reward,924,-673.77978515625
bc_ppo_old,reward,925,-673.77978515625
bc_ppo_old,reward,927,-673.77978515625
bc_ppo_old,reward,928,-673.77978515625
bc_ppo_old,reward,929,-673.77978515625
bc_ppo_old,reward,930,-673.77978515625
bc_ppo_old,reward,931,-673.77978515625
bc_ppo_old,reward,932,-673.77978515625
bc_ppo_old,reward,933,-670.5326538085938
bc_ppo_old,reward,934,-670.5326538085938
bc_ppo_old,reward,935,-670.5326538085938
bc_ppo_old,reward,936,-670.5326538085938
bc_ppo_old,reward,937,-670.5326538085938
bc_ppo_old,reward,938,-670.5326538085938
bc_ppo_old,reward,940,-670.5326538085938
bc_ppo_old,reward,941,-670.5326538085938
bc_ppo_old,reward,942,-670.5326538085938
bc_ppo_old,reward,943,-670.5326538085938
bc_ppo_old,reward,944,-670.5326538085938
bc_ppo_old,reward,945,-670.5326538085938
bc_ppo_old,reward,946,-670.5326538085938
bc_ppo_old,reward,947,-667.9703979492188
bc_ppo_old,reward,948,-667.9703979492188
bc_ppo_old,reward,949,-667.9703979492188
bc_ppo_old,reward,950,-667.9703979492188
bc_ppo_old,reward,952,-667.9703979492188
bc_ppo_old,reward,953,-667.9703979492188
bc_ppo_old,reward,954,-667.9703979492188
bc_ppo_old,reward,955,-667.9703979492188
bc_ppo_old,reward,956,-667.9703979492188
bc_ppo_old,reward,957,-667.9703979492188
bc_ppo_old,reward,958,-667.9703979492188
bc_ppo_old,reward,959,-667.9703979492188
bc_ppo_old,reward,960,-667.9703979492188
bc_ppo_old,reward,961,-667.9703979492188
bc_ppo_old,reward,962,-667.9703979492188
bc_ppo_old,reward,963,-667.9703979492188
bc_ppo_old,reward,965,-667.9703979492188
bc_ppo_old,reward,966,-667.9703979492188
bc_ppo_old,reward,967,-667.9703979492188
bc_ppo_old,reward,968,-667.9703979492188
bc_ppo_old,reward,969,-667.9703979492188
bc_ppo_old,reward,970,-667.9703979492188
bc_ppo_old,reward,971,-667.9703979492188
bc_ppo_old,reward,972,-667.9703979492188
bc_ppo_old,reward,973,-667.9703979492188
bc_ppo_old,reward,974,-667.9703979492188
bc_ppo_old,reward,975,-667.9703979492188
bc_ppo_old,reward,976,-667.9703979492188
bc_ppo_old,reward,977,-667.9703979492188
bc_ppo_old,reward,979,-667.9703979492188
bc_ppo_old,reward,980,-667.9703979492188
bc_ppo_old,reward,981,-667.9703979492188
bc_ppo_old,reward,982,-667.9703979492188
bc_ppo_old,reward,983,-667.9703979492188
bc_ppo_old,reward,984,-667.9703979492188
bc_ppo_old,reward,985,-667.9703979492188
bc_ppo_old,reward,986,-667.9703979492188
bc_ppo_old,reward,987,-667.9703979492188
bc_ppo_old,reward,988,-667.9703979492188
bc_ppo_old,reward,990,-667.9703979492188
bc_ppo_old,reward,991,-667.9703979492188
bc_ppo_old,reward,992,-667.9703979492188
bc_ppo_old,reward,993,-667.9703979492188
bc_ppo_old,reward,994,-667.9703979492188
bc_ppo_old,reward,995,-667.9703979492188
bc_ppo_old,reward,996,-667.9703979492188
bc_ppo_old,reward,997,-667.9703979492188
bc_ppo_old,reward,998,-667.9703979492188
bc_ppo_old,reward,999,-667.9703979492188
bc_ppo_old,reward,1000,-667.9703979492188
bc_ppo_old,reward,1001,-658.2010498046875
bc_ppo_old,reward,1002,-650.1109619140625
bc_ppo_old,reward,1004,-650.1109619140625
bc_ppo_old,reward,1005,-650.1109619140625
bc_ppo_old,reward,1006,-650.1109619140625
bc_ppo_old,reward,1007,-650.1109619140625
bc_ppo_old,reward,1008,-650.1109619140625
bc_ppo_old,reward,1009,-650.1109619140625
bc_ppo_old,reward,1010,-650.1109619140625
bc_ppo_old,reward,1011,-650.1109619140625
bc_ppo_old,reward,1012,-650.1109619140625
bc_ppo_old,reward,1013,-650.1109619140625
bc_ppo_old,reward,1014,-641.0420532226562
bc_ppo_old,reward,1016,-620.2167358398438
bc_ppo_old,reward,1017,-609.6585083007812
bc_ppo_old,reward,1017,-597.1924438476562
bc_ppo_old,reward,1018,-597.1924438476562
bc_ppo_old,reward,1019,-587.7689208984375
bc_ppo_old,reward,1020,-587.7689208984375
bc_ppo_old,reward,1021,-582.5673828125
bc_ppo_old,reward,1021,-582.5673828125
bc_ppo_old,reward,1022,-582.5673828125
bc_ppo_old,reward,1023,-582.5673828125
bc_ppo_old,reward,1024,-582.5673828125
bc_ppo_old,reward,1024,-582.5673828125
bc_ppo_old,reward,1025,-582.5673828125
bc_ppo_old,reward,1026,-582.5673828125
bc_ppo_old,reward,1027,-582.5673828125
bc_ppo_old,reward,1027,-578.3938598632812
bc_ppo_old,reward,1028,-578.3938598632812
bc_ppo_old,reward,1029,-578.3938598632812
bc_ppo_old,reward,1030,-578.3938598632812
bc_ppo_old,reward,1030,-578.3938598632812
bc_ppo_old,reward,1031,-576.8672485351562
bc_ppo_old,reward,1032,-576.8672485351562
bc_ppo_old,reward,1033,-576.8672485351562
bc_ppo_old,reward,1034,-573.9835815429688
bc_ppo_old,reward,1034,-573.9835815429688
bc_ppo_old,reward,1035,-573.9835815429688
bc_ppo_old,reward,1036,-573.9835815429688
bc_ppo_old,reward,1037,-573.9835815429688
bc_ppo_old,reward,1037,-573.9835815429688
bc_ppo_old,reward,1038,-573.9835815429688
bc_ppo_old,reward,1039,-573.9835815429688
bc_ppo_old,reward,1040,-573.9835815429688
bc_ppo_old,reward,1041,-565.3256225585938
bc_ppo_old,reward,1041,-565.3256225585938
bc_ppo_old,reward,1042,-565.3256225585938
bc_ppo_old,reward,1043,-565.3256225585938
bc_ppo_old,reward,1044,-565.3256225585938
bc_ppo_old,reward,1045,-565.3256225585938
bc_ppo_old,reward,1045,-565.3256225585938
bc_ppo_old,reward,1046,-565.3256225585938
bc_ppo_old,reward,1047,-565.3256225585938
bc_ppo_old,reward,1048,-565.3256225585938
bc_ppo_old,reward,1048,-565.3256225585938
bc_ppo_old,reward,1049,-565.3256225585938
bc_ppo_old,reward,1050,-555.143310546875
bc_ppo_old,reward,1051,-555.143310546875
bc_ppo_old,reward,1052,-555.143310546875
bc_ppo_old,reward,1052,-555.143310546875
bc_ppo_old,reward,1053,-555.143310546875
bc_ppo_old,reward,1054,-555.143310546875
bc_ppo_old,reward,1055,-555.143310546875
bc_ppo_old,reward,1055,-555.143310546875
bc_ppo_old,reward,1056,-555.143310546875
bc_ppo_old,reward,1057,-555.143310546875
bc_ppo_old,reward,1058,-555.143310546875
bc_ppo_old,reward,1059,-555.143310546875
bc_ppo_old,reward,1059,-555.143310546875
bc_ppo_old,reward,1060,-545.2648315429688
bc_ppo_old,reward,1061,-545.2648315429688
bc_ppo_old,reward,1062,-545.2648315429688
bc_ppo_old,reward,1062,-545.2648315429688
bc_ppo_old,reward,1063,-545.2648315429688
bc_ppo_old,reward,1065,-545.2648315429688
bc_ppo_old,reward,1066,-545.2648315429688
bc_ppo_old,reward,1067,-545.2648315429688
bc_ppo_old,reward,1068,-545.2648315429688
bc_ppo_old,reward,1069,-545.2648315429688
bc_ppo_old,reward,1070,-545.2648315429688
bc_ppo_old,reward,1071,-545.2648315429688
bc_ppo_old,reward,1072,-545.2648315429688
bc_ppo_old,reward,1073,-545.2648315429688
bc_ppo_old,reward,1074,-545.2648315429688
bc_ppo_old,reward,1075,-545.2648315429688
bc_ppo_old,reward,1076,-545.2648315429688
bc_ppo_old,reward,1077,-532.372802734375
bc_ppo_old,reward,1078,-532.372802734375
bc_ppo_old,reward,1079,-532.372802734375
bc_ppo_old,reward,1080,-532.372802734375
bc_ppo_old,reward,1082,-532.372802734375
bc_ppo_old,reward,1083,-532.372802734375
bc_ppo_old,reward,1084,-532.372802734375
bc_ppo_old,reward,1085,-532.372802734375
bc_ppo_old,reward,1086,-532.372802734375
bc_ppo_old,reward,1087,-532.372802734375
bc_ppo_old,reward,1088,-532.372802734375
bc_ppo_old,reward,1089,-532.372802734375
bc_ppo_old,reward,1090,-532.372802734375
bc_ppo_old,reward,1091,-532.372802734375
bc_ppo_old,reward,1092,-532.372802734375
bc_ppo_old,reward,1093,-532.372802734375
bc_ppo_old,reward,1094,-532.372802734375
bc_ppo_old,reward,1096,-532.372802734375
bc_ppo_old,reward,1097,-532.372802734375
bc_ppo_old,reward,1098,-532.372802734375
bc_ppo_old,reward,1099,-532.372802734375
bc_ppo_old,reward,1100,-532.372802734375
bc_ppo_old,reward,1101,-532.372802734375
bc_ppo_old,reward,1102,-532.372802734375
bc_ppo_old,reward,1103,-532.372802734375
bc_ppo_old,reward,1104,-532.372802734375
bc_ppo_old,reward,1105,-532.372802734375
bc_ppo_old,reward,1106,-532.372802734375
bc_ppo_old,reward,1107,-521.6024780273438
bc_ppo_old,reward,1108,-521.6024780273438
bc_ppo_old,reward,1109,-521.6024780273438
bc_ppo_old,reward,1110,-521.6024780273438
bc_ppo_old,reward,1111,-506.9373779296875
bc_ppo_old,reward,1113,-506.9373779296875
bc_ppo_old,reward,1114,-506.9373779296875
bc_ppo_old,reward,1115,-506.9373779296875
bc_ppo_old,reward,1116,-506.9373779296875
bc_ppo_old,reward,1117,-493.8922424316406
bc_ppo_old,reward,1118,-493.8922424316406
bc_ppo_old,reward,1119,-493.8922424316406
bc_ppo_old,reward,1120,-493.8922424316406
bc_ppo_old,reward,1121,-493.8922424316406
bc_ppo_old,reward,1122,-493.8922424316406
bc_ppo_old,reward,1123,-493.8922424316406
bc_ppo_old,reward,1124,-493.8922424316406
bc_ppo_old,reward,1126,-493.8922424316406
bc_ppo_old,reward,1127,-493.8922424316406
bc_ppo_old,reward,1128,-493.8922424316406
bc_ppo_old,reward,1129,-493.8922424316406
bc_ppo_old,reward,1130,-493.8922424316406
bc_ppo_old,reward,1131,-493.8922424316406
bc_ppo_old,reward,1131,-493.8922424316406
bc_ppo_old,reward,1133,-484.6917724609375
bc_ppo_old,reward,1134,-484.6917724609375
bc_ppo_old,reward,1135,-484.6917724609375
bc_ppo_old,reward,1136,-484.6917724609375
bc_ppo_old,reward,1137,-484.6917724609375
bc_ppo_old,reward,1138,-484.6917724609375
bc_ppo_old,reward,1139,-476.48248291015625
bc_ppo_old,reward,1140,-476.48248291015625
bc_ppo_old,reward,1140,-476.48248291015625
bc_ppo_old,reward,1141,-476.48248291015625
bc_ppo_old,reward,1142,-476.48248291015625
bc_ppo_old,reward,1143,-476.48248291015625
bc_ppo_old,reward,1143,-476.48248291015625
bc_ppo_old,reward,1144,-468.4288024902344
bc_ppo_old,reward,1145,-468.4288024902344
bc_ppo_old,reward,1146,-468.4288024902344
bc_ppo_old,reward,1146,-468.4288024902344
bc_ppo_old,reward,1147,-468.4288024902344
bc_ppo_old,reward,1148,-468.4288024902344
bc_ppo_old,reward,1149,-468.4288024902344
bc_ppo_old,reward,1150,-459.0316467285156
bc_ppo_old,reward,1150,-459.0316467285156
bc_ppo_old,reward,1151,-466.65728759765625
bc_ppo_old,reward,1152,-475.97454833984375
bc_ppo_old,reward,1153,-475.97454833984375
bc_ppo_old,reward,1153,-475.97454833984375
bc_ppo_old,reward,1154,-475.97454833984375
bc_ppo_old,reward,1155,-475.97454833984375
bc_ppo_old,reward,1156,-482.44610595703125
bc_ppo_old,reward,1156,-482.44610595703125
bc_ppo_old,reward,1157,-482.44610595703125
bc_ppo_old,reward,1158,-482.44610595703125
bc_ppo_old,reward,1159,-482.44610595703125
bc_ppo_old,reward,1159,-482.44610595703125
bc_ppo_old,reward,1160,-482.44610595703125
bc_ppo_old,reward,1160,-482.44610595703125
bc_ppo_old,reward,1161,-482.44610595703125
bc_ppo_old,reward,1161,-482.44610595703125
bc_ppo_old,reward,1162,-482.44610595703125
bc_ppo_old,reward,1162,-495.2778015136719
bc_ppo_old,reward,1163,-504.7755432128906
bc_ppo_old,reward,1163,-504.7755432128906
bc_ppo_old,reward,1163,-504.7755432128906
bc_ppo_old,reward,1164,-504.7755432128906
bc_ppo_old,reward,1164,-504.7755432128906
bc_ppo_old,reward,1164,-504.7755432128906
bc_ppo_old,reward,1165,-504.7755432128906
bc_ppo_old,reward,1165,-504.7755432128906
bc_ppo_old,reward,1165,-510.7864074707031
bc_ppo_old,reward,1166,-510.7864074707031
bc_ppo_old,reward,1166,-510.7864074707031
bc_ppo_old,reward,1167,-510.7864074707031
bc_ppo_old,reward,1167,-510.7864074707031
bc_ppo_old,reward,1167,-510.7864074707031
bc_ppo_old,reward,1168,-516.357421875
bc_ppo_old,reward,1168,-516.357421875
bc_ppo_old,reward,1168,-516.357421875
bc_ppo_old,reward,1169,-520.24267578125
bc_ppo_old,reward,1169,-520.24267578125
bc_ppo_old,reward,1170,-520.24267578125
bc_ppo_old,reward,1170,-520.24267578125
bc_ppo_old,reward,1170,-520.24267578125
bc_ppo_old,reward,1171,-520.24267578125
bc_ppo_old,reward,1171,-520.24267578125
bc_ppo_old,reward,1171,-520.24267578125
bc_ppo_old,reward,1172,-520.24267578125
bc_ppo_old,reward,1172,-520.24267578125
bc_ppo_old,reward,1173,-520.24267578125
bc_ppo_old,reward,1173,-520.24267578125
bc_ppo_old,reward,1173,-520.24267578125
bc_ppo_old,reward,1174,-520.24267578125
bc_ppo_old,reward,1174,-523.3447875976562
bc_ppo_old,reward,1174,-523.3447875976562
bc_ppo_old,reward,1175,-523.3447875976562
bc_ppo_old,reward,1175,-523.3447875976562
bc_ppo_old,reward,1176,-523.3447875976562
bc_ppo_old,reward,1176,-523.3447875976562
bc_ppo_old,reward,1176,-523.3447875976562
bc_ppo_old,reward,1177,-523.3447875976562
bc_ppo_old,reward,1177,-523.3447875976562
bc_ppo_old,reward,1178,-523.3447875976562
bc_ppo_old,reward,1178,-523.3447875976562
bc_ppo_old,reward,1178,-523.3447875976562
bc_ppo_old,reward,1179,-523.3447875976562
bc_ppo_old,reward,1179,-523.3447875976562
bc_ppo_old,reward,1179,-523.3447875976562
bc_ppo_old,reward,1180,-523.3447875976562
bc_ppo_old,reward,1180,-513.3554077148438
bc_ppo_old,reward,1180,-513.3554077148438
bc_ppo_old,reward,1181,-500.61639404296875
bc_ppo_old,reward,1181,-500.61639404296875
bc_ppo_old,reward,1182,-500.61639404296875
bc_ppo_old,reward,1182,-500.61639404296875
bc_ppo_old,reward,1182,-500.61639404296875
bc_ppo_old,reward,1183,-500.61639404296875
bc_ppo_old,reward,1183,-500.61639404296875
bc_ppo_old,reward,1184,-500.61639404296875
bc_ppo_old,reward,1184,-500.61639404296875
bc_ppo_old,reward,1184,-500.61639404296875
bc_ppo_old,reward,1185,-491.8153991699219
bc_ppo_old,reward,1185,-491.8153991699219
bc_ppo_old,reward,1185,-484.13922119140625
bc_ppo_old,reward,1186,-484.13922119140625
bc_ppo_old,reward,1186,-484.13922119140625
bc_ppo_old,reward,1186,-484.13922119140625
bc_ppo_old,reward,1187,-484.13922119140625
bc_ppo_old,reward,1187,-484.13922119140625
bc_ppo_old,reward,1188,-484.13922119140625
bc_ppo_old,reward,1188,-484.13922119140625
bc_ppo_old,reward,1188,-484.13922119140625
bc_ppo_old,reward,1189,-484.13922119140625
bc_ppo_old,reward,1189,-484.13922119140625
bc_ppo_old,reward,1190,-484.13922119140625
bc_ppo_old,reward,1190,-484.13922119140625
bc_ppo_old,reward,1190,-484.13922119140625
bc_ppo_old,reward,1191,-484.13922119140625
bc_ppo_old,reward,1191,-484.13922119140625
bc_ppo_old,reward,1191,-484.13922119140625
bc_ppo_old,reward,1192,-484.13922119140625
bc_ppo_old,reward,1192,-487.126708984375
bc_ppo_old,reward,1193,-487.126708984375
bc_ppo_old,reward,1193,-487.126708984375
bc_ppo_old,reward,1193,-487.126708984375
bc_ppo_old,reward,1194,-487.126708984375
bc_ppo_old,reward,1194,-487.126708984375
bc_ppo_old,reward,1194,-487.126708984375
bc_ppo_old,reward,1195,-487.126708984375
bc_ppo_old,reward,1195,-487.126708984375
bc_ppo_old,reward,1196,-488.4599304199219
bc_ppo_old,reward,1196,-488.4599304199219
bc_ppo_old,reward,1196,-488.4599304199219
bc_ppo_old,reward,1197,-488.4599304199219
bc_ppo_old,reward,1197,-488.4599304199219
bc_ppo_old,reward,1197,-488.4599304199219
bc_ppo_old,reward,1198,-488.4599304199219
bc_ppo_old,reward,1198,-488.4599304199219
bc_ppo_old,reward,1199,-488.4599304199219
bc_ppo_old,reward,1199,-488.4599304199219
bc_ppo_old,reward,1199,-488.4599304199219
bc_ppo_old,reward,1200,-488.4599304199219
bc_ppo_old,reward,1200,-488.4599304199219
bc_ppo_old,reward,1200,-488.4599304199219
bc_ppo_old,reward,1201,-488.4599304199219
bc_ppo_old,reward,1201,-488.4599304199219
bc_ppo_old,reward,1201,-488.4599304199219
bc_ppo_old,reward,1202,-488.4599304199219
bc_ppo_old,reward,1202,-488.4599304199219
bc_ppo_old,reward,1203,-488.4599304199219
bc_ppo_old,reward,1203,-488.4599304199219
bc_ppo_old,reward,1203,-488.4599304199219
bc_ppo_old,reward,1204,-488.4599304199219
bc_ppo_old,reward,1204,-488.4599304199219
bc_ppo_old,reward,1204,-484.8323059082031
bc_ppo_old,reward,1205,-484.8323059082031
bc_ppo_old,reward,1205,-484.8323059082031
bc_ppo_old,reward,1206,-484.8323059082031
bc_ppo_old,reward,1206,-484.8323059082031
bc_ppo_old,reward,1206,-484.8323059082031
bc_ppo_old,reward,1207,-484.8323059082031
bc_ppo_old,reward,1207,-484.8323059082031
bc_ppo_old,reward,1207,-484.8323059082031
bc_ppo_old,reward,1208,-484.8323059082031
bc_ppo_old,reward,1208,-484.8323059082031
bc_ppo_old,reward,1209,-484.8323059082031
bc_ppo_old,reward,1209,-484.8323059082031
bc_ppo_old,reward,1209,-484.8323059082031
bc_ppo_old,reward,1210,-484.8323059082031
bc_ppo_old,reward,1210,-478.1681213378906
bc_ppo_old,reward,1210,-478.1681213378906
bc_ppo_old,reward,1211,-478.1681213378906
bc_ppo_old,reward,1211,-478.1681213378906
bc_ppo_old,reward,1212,-478.1681213378906
bc_ppo_old,reward,1212,-478.1681213378906
bc_ppo_old,reward,1212,-478.1681213378906
bc_ppo_old,reward,1213,-478.1681213378906
bc_ppo_old,reward,1213,-465.20263671875
bc_ppo_old,reward,1213,-465.20263671875
bc_ppo_old,reward,1214,-465.20263671875
bc_ppo_old,reward,1214,-465.20263671875
bc_ppo_old,reward,1215,-465.20263671875
bc_ppo_old,reward,1215,-465.20263671875
bc_ppo_old,reward,1215,-465.20263671875
bc_ppo_old,reward,1216,-465.20263671875
bc_ppo_old,reward,1216,-465.20263671875
bc_ppo_old,reward,1216,-475.2642822265625
bc_ppo_old,reward,1217,-481.63134765625
bc_ppo_old,reward,1217,-491.2259826660156
bc_ppo_old,reward,1218,-491.2259826660156
bc_ppo_old,reward,1218,-491.2259826660156
bc_ppo_old,reward,1218,-491.2259826660156
bc_ppo_old,reward,1219,-491.2259826660156
bc_ppo_old,reward,1219,-494.9779968261719
bc_ppo_old,reward,1219,-494.9779968261719
bc_ppo_old,reward,1220,-494.9779968261719
bc_ppo_old,reward,1220,-494.9779968261719
bc_ppo_old,reward,1221,-494.9779968261719
bc_ppo_old,reward,1221,-494.9779968261719
bc_ppo_old,reward,1221,-494.9779968261719
bc_ppo_old,reward,1222,-494.9779968261719
bc_ppo_old,reward,1222,-494.9779968261719
bc_ppo_old,reward,1223,-494.9779968261719
bc_ppo_old,reward,1223,-494.9779968261719
bc_ppo_old,reward,1223,-494.9779968261719
bc_ppo_old,reward,1224,-494.9779968261719
bc_ppo_old,reward,1224,-494.9779968261719
bc_ppo_old,reward,1224,-503.7738342285156
bc_ppo_old,reward,1225,-503.7738342285156
bc_ppo_old,reward,1225,-503.7738342285156
bc_ppo_old,reward,1226,-503.7738342285156
bc_ppo_old,reward,1226,-503.7738342285156
bc_ppo_old,reward,1226,-503.7738342285156
bc_ppo_old,reward,1227,-503.7738342285156
bc_ppo_old,reward,1227,-503.7738342285156
bc_ppo_old,reward,1228,-503.7738342285156
bc_ppo_old,reward,1228,-503.7738342285156
bc_ppo_old,reward,1228,-503.7738342285156
bc_ppo_old,reward,1229,-503.7738342285156
bc_ppo_old,reward,1229,-503.7738342285156
bc_ppo_old,reward,1229,-503.7738342285156
bc_ppo_old,reward,1230,-503.7738342285156
bc_ppo_old,reward,1230,-503.7738342285156
bc_ppo_old,reward,1231,-503.7738342285156
bc_ppo_old,reward,1231,-503.7738342285156
bc_ppo_old,reward,1231,-509.3450622558594
bc_ppo_old,reward,1232,-509.3450622558594
bc_ppo_old,reward,1232,-509.3450622558594
bc_ppo_old,reward,1232,-509.3450622558594
bc_ppo_old,reward,1233,-509.5975036621094
bc_ppo_old,reward,1233,-509.5975036621094
bc_ppo_old,reward,1234,-509.5975036621094
bc_ppo_old,reward,1234,-509.5975036621094
bc_ppo_old,reward,1234,-509.5975036621094
bc_ppo_old,reward,1235,-515.3466796875
bc_ppo_old,reward,1235,-515.3466796875
bc_ppo_old,reward,1236,-515.3466796875
bc_ppo_old,reward,1236,-515.3466796875
bc_ppo_old,reward,1236,-515.3466796875
bc_ppo_old,reward,1237,-515.3466796875
bc_ppo_old,reward,1237,-515.3466796875
bc_ppo_old,reward,1238,-515.3466796875
bc_ppo_old,reward,1238,-515.3466796875
bc_ppo_old,reward,1238,-515.3466796875
bc_ppo_old,reward,1239,-513.8723754882812
bc_ppo_old,reward,1239,-513.8723754882812
bc_ppo_old,reward,1239,-523.8087158203125
bc_ppo_old,reward,1240,-523.8087158203125
bc_ppo_old,reward,1240,-523.8087158203125
bc_ppo_old,reward,1241,-527.8637084960938
bc_ppo_old,reward,1241,-527.8637084960938
bc_ppo_old,reward,1241,-533.2415771484375
bc_ppo_old,reward,1242,-533.2415771484375
bc_ppo_old,reward,1242,-533.2415771484375
bc_ppo_old,reward,1242,-533.2415771484375
bc_ppo_old,reward,1243,-533.2415771484375
bc_ppo_old,reward,1243,-533.2415771484375
bc_ppo_old,reward,1243,-533.2415771484375
bc_ppo_old,reward,1244,-533.2415771484375
bc_ppo_old,reward,1244,-533.2415771484375
bc_ppo_old,reward,1245,-533.2415771484375
bc_ppo_old,reward,1245,-533.2415771484375
bc_ppo_old,reward,1245,-533.2415771484375
bc_ppo_old,reward,1246,-533.2415771484375
bc_ppo_old,reward,1246,-533.2415771484375
bc_ppo_old,reward,1246,-533.2415771484375
bc_ppo_old,reward,1247,-533.2415771484375
bc_ppo_old,reward,1247,-533.2415771484375
bc_ppo_old,reward,1248,-533.2415771484375
bc_ppo_old,reward,1248,-533.2415771484375
bc_ppo_old,reward,1248,-533.2415771484375
bc_ppo_old,reward,1249,-533.2415771484375
bc_ppo_old,reward,1249,-533.2415771484375
bc_ppo_old,reward,1250,-533.2415771484375
bc_ppo_old,reward,1250,-533.2415771484375
bc_ppo_old,reward,1251,-533.2415771484375
bc_ppo_old,reward,1251,-533.2415771484375
bc_ppo_old,reward,1251,-533.2415771484375
bc_ppo_old,reward,1252,-533.2415771484375
bc_ppo_old,reward,1252,-533.2415771484375
bc_ppo_old,reward,1252,-533.2415771484375
bc_ppo_old,reward,1253,-533.2415771484375
bc_ppo_old,reward,1253,-534.5701293945312
bc_ppo_old,reward,1254,-534.5701293945312
bc_ppo_old,reward,1254,-534.5701293945312
bc_ppo_old,reward,1254,-534.5701293945312
bc_ppo_old,reward,1255,-534.5701293945312
bc_ppo_old,reward,1255,-534.5701293945312
bc_ppo_old,reward,1256,-534.5701293945312
bc_ppo_old,reward,1256,-534.5701293945312
bc_ppo_old,reward,1256,-534.5701293945312
bc_ppo_old,reward,1257,-534.5701293945312
bc_ppo_old,reward,1257,-534.5701293945312
bc_ppo_old,reward,1257,-534.5701293945312
