C14_rand_29_r0,0,421,0.0133333337,0,0,5.6402998,0.0496666655,0.0316666663,0.281593531,0.280519187,0,0,14,3.66619492,10.4345551,0,0,0,0,0,0.305749148,-0.0114122108,14.2018766,0.843601882,0.353499502,5.6402998,543.607788,76.2050018,0.910300016,0.0250000004,50,1,0.119999997,0.550000012,0.0133333337
C14_rand_29_r0,0,422,0.0266666673,0,0,5.6402998,0.049333334,0.0313333347,0.278115273,0.277179241,0,0,14,3.66619492,10.4345551,0,0,0,0,0,0.305749148,-0.0114122108,14.2018766,0.843601882,0.353499502,5.6402998,543.607788,76.2050018,0.910300016,0.0250000004,50,1,0.119999997,0.550000012,0.0133333337
C14_rand_29_r0,0,423,0.0399999991,0,0,5.6402998,0.0489999987,0.0309999995,0.273914903,0.273456633,0,0,14,3.66619492,10.4345551,0,0,0,0,0,0.305749148,-0.0114122108,14.2018766,0.843601882,0.353499502,5.6402998,543.607788,76.2050018,0.910300016,0.0250000004,50,1,0.119999997,0.550000012,0.0133333337
C14_rand_29_r0,0,424,0.0533333346,0,0,5.6402998,0.0486666672,0.0306666661,0.269175738,0.268901616,0,0,14,3.66619492,10.4345551,0,0,0,0,0,0.305749148,-0.0114122108,14.2018766,0.843601882,0.353499502,5.6402998,543.607788,76.2050018,0.910300016,0.0250000004,50,1,0.119999997,0.550000012,0.0133333337
C14_rand_29_r0,0,425,0.0666666701,0,0,5.6402998,0.0483333319,0.0303333327,0.264538527,0.264457464,0,0,14,3.66619492,10.4345551,0,0,0,0,0,0.305749148,-0.0114122108,14.2018766,0.843601882,0.353499502,5.6402998,543.607788,76.2050018,0.910300016,0.0250000004,50,1,0.119999997,0.550000012,0.0133333337
C14_rand_29_r0,0,426,0.0799999982,0,0,5.6402998,0.0480000004,0.0299999993,0.259628654,0.25935626,0,0,14,3.66619492,10.4345551,0,0,0,0,0,0.305749148,-0.0114122108,14.2018766,0.843601882,0.353499502,5.6402998,543.607788,76.2050018,0.910300016,0.0250000004,50,1,0.119999997,0.550000012,0.0133333337
C14_rand_29_r0,0,427,0.0933333337,0,0,5.6402998,0.0476666652,0.0296666659,0.25480026,0.254758686,0,0,14,3.66619492,10.4345551,0,0,0,0,0,0.305749148,-0.0114122108,14.2018766,0.843601882,0.353499502,5.6402998,543.607788,76.2050018,0.910300016,0.0250000004,50,1,0.119999997,0.550000012,0.0133333337
C14_rand_29_r0,0,428,0.106666669,0,0,5.6402998,0.0473333336,0.0293333326,0.250019759,0.249582753,0,0,14,3.66619492,10.4345551,0,0,0,0,0,0.305749148,-0.0114122108,14.2018766,0.843601882,0.353499502,5.6402998,543.607788,76.2050018,0.910300016,0.0250000004,50,1,0.119999997,0.550000012,0.0133333337
C14_rand_29_r0,0,429,0.119999997,0,0,5.6402998,0.0469999984,0.0289999992,0.245093122,0.24486421,0,0,14,3.66619492,10.4345551,0,0,0,0,0,0.305749148,-0.0114122108,14.2018766,0.843601882,0.353499502,5.6402998,543.607788,76.2050018,0.910300016,0.0250000004,50,1,0.119999997,0.550000012,0.0133333337
C14_rand_29_r0,0,430,0.13333334,0,0,5.6402998,0.0466666669,0.0286666658,0.240368187,0.23961246,0,0,14,3.66619492,10.4345551,0,0,0,0,0,0.305749148,-0.0114122108,14.2018766,0.843601882,0.353499502,5.6402998,543.607788,76.2050018,0.910300016,0.0250000004,50,1,0.119999997,0.550000012,0.0133333337
C14_rand_29_r0,0,431,0.146666661,0,0,5.6402998,0.0463333316,0.0283333343,0.235305622,0.235040545,0,0,14,3.66619492,10.4345551,0,0,0,0,0,0.305749148,-0.0114122108,14.2018766,0.843601882,0.353499502,5.6402998,543.607788,76.2050018,0.910300016,0.0250000004,50,1,0.119999997,0.550000012,0.0133333337
C14_rand_29_r0,0,432,0.159999996,0,0,5.6402998,0.0460000001,0.0280000009,0.230394274,0.230351552,0,0,14,3.66619492,10.4345551,0,0,0,0,0,0.305749148,-0.0114122108,14.2018766,0.843601882,0.353499502,5.6402998,543.607788,76.2050018,0.910300016,0.0250000004,50,1,0.119999997,0.550000012,0.0133333337
C14_rand_29_r0,0,433,0.173333332,0,0,5.6402998,0.0456666648,0.0276666675,0.225481123,0.225030884,0,0,14,3.66619492,10.4345551,0,0,0,0,0,0.305749148,-0.0114122108,14.2018766,0.843601882,0.353499502,5.6402998,543.607788,76.2050018,0.910300016,0.0250000004,50,1,0.119999997,0.550000012,0.0133333337
C14_rand_29_r0,0,434,0.186666667,0,0,5.6402998,0.0453333333,0.0273333341,0.220416427,0.220209986,0,0,14,3.66619492,10.4345551,0,0,0,0,0,0.305749148,-0.0114122108,14.2018766,0.843601882,0.353499502,5.6402998,543.607788,76.2050018,0.910300016,0.0250000004,50,1,0.119999997,0.550000012,0.0133333337
C14_rand_29_r0,0,435,0.200000003,0,0,5.6402998,0.0450000018,0.0270000007,0.215526968,0.214828238,0,0,14,3.66619492,10.4345551,0,0,0,0,0,0.305749148,-0.0114122108,14.2018766,0.843601882,0.353499502,5.6402998,543.607788,76.2050018,0.910300016,0.0250000004,50,1,0.119999997,0.550000012,0.0133333337
C14_rand_29_r0,0,436,0.213333338,0,0,5.6402998,0.0446666665,0.0266666673,0.210532323,0.209996089,0,0,14,3.66619492,10.4345551,0,0,0,0,0,0.305749148,-0.0114122108,14.2018766,0.843601882,0.353499502,5.6402998,543.607788,76.2050018,0.910300016,0.0250000004,50,1,0.119999997,0.550000012,0.0133333337
C14_rand_29_r0,0,437,0.226666674,0,0,5.6402998,0.044333335,0.0263333339,0.205706224,0.204588756,0,0,14,3.66619492,10.4345551,0,0,0,0,0,0.305749148,-0.0114122108,14.2018766,0.843601882,0.353499502,5.6402998,543.607788,76.2050018,0.910300016,0.0250000004,50,1,0.119999997,0.550000012,0.0133333337
C14_rand_29_r0,0,438,0.239999995,0,0,5.6402998,0.0439999998,0.0260000005,0.200578347,0.200112388,0,0,14,3.66619492,10.4345551,0,0,0,0,0,0.305749148,-0.0114122108,14.2018766,0.843601882,0.353499502,5.6402998,543.607788,76.2050018,0.910300016,0.0250000004,50,1,0.119999997,0.550000012,0.0133333337
C14_rand_29_r0,0,439,0.25333333,0,0,5.6402998,0.0436666682,0.0256666671,0.195832402,0.195242807,0,0,14,3.66619492,10.4345551,0,0,0,0,0,0.305749148,-0.0114122108,14.2018766,0.843601882,0.353499502,5.6402998,543.607788,76.2050018,0.910300016,0.0250000004,50,1,0.119999997,0.550000012,0.0133333337
C14_rand_29_r0,0,440,0.266666681,0,0,5.6402998,0.043333333,0.0253333338,0.190610841,0.190566003,0,0,14,3.66619492,10.4345551,0,0,0,0,0,0.305749148,-0.0114122108,14.2018766,0.843601882,0.353499502,5.6402998,543.607788,76.2050018,0.910300016,0.0250000004,50,1,0.119999997,0.550000012,0.0133333337
C14_rand_29_r0,0,441,0.280000001,0,0,5.6402998,0.0430000015,0.0250000004,0.185529411,0.185503572,0,0,14,3.66619492,10.4345551,0,0,0,0,0,0.305749148,-0.0114122108,14.2018766,0.843601882,0.353499502,5.6402998,543.607788,76.2050018,0.910300016,0.0250000004,50,1,0.119999997,0.550000012,0.0133333337
C14_rand_29_r0,0,442,0.293333322,0,0,5.6402998,0.0426666662,0.024666667,0.180450872,0.18006222,0,0,14,3.66619492,10.4345551,0,0,0,0,0,0.305749148,-0.0114122108,14.2018766,0.843601882,0.353499502,5.6402998,543.607788,76.2050018,0.910300016,0.0250000004,50,1,0.119999997,0.550000012,0.0133333337
C14_rand_29_r0,0,443,0.306666672,0,0,5.6402998,0.0423333347,0.0243333336,0.175188005,0.175169453,0,0,14,3.66619492,10.4345551,0,0,0,0,0,0.305749148,-0.0114122108,14.2018766,0.843601882,0.353499502,5.6402998,543.607788,76.2050018,0.910300016,0.0250000004,50,1,0.119999997,0.550000012,0.0133333337
C14_rand_29_r0,0,444,0.319999993,0,0,5.6402998,0.0419999994,0.0240000002,0.170125648,0.169730201,0,0,14,3.66619492,10.4345551,0,0,0,0,0,0.305749148,-0.0114122108,14.2018766,0.843601882,0.353499502,5.6402998,543.607788,76.2050018,0.910300016,0.0250000004,50,1,0.119999997,0.550000012,0.0133333337
C14_rand_29_r0,0,445,0.333333343,0,0,5.6402998,0.0416666679,0.0236666668,0.164951384,0.16482313,0,0,14,3.66619492,10.4345551,0,0,0,0,0,0.305749148,-0.0114122108,14.2018766,0.843601882,0.353499502,5.6402998,543.607788,76.2050018,0.910300016,0.0250000004,50,1,0.119999997,0.550000012,0.0133333337
C14_rand_29_r0,0,446,0.346666664,0,0,5.6402998,0.0413333327,0.0233333334,0.159930527,0.159404442,0,0,14,3.66619492,10.4345551,0,0,0,0,0,0.305749148,-0.0114122108,14.2018766,0.843601882,0.353499502,5.6402998,543.607788,76.2050018,0.910300016,0.0250000004,50,1,0.119999997,0.550000012,0.0133333337
C14_rand_29_r0,0,447,0.360000014,0,0,5.6402998,0.0410000011,0.023,0.154836833,0.154482275,0,0,14,3.66619492,10.4345551,0,0,0,0,0,0.305749148,-0.0114122108,14.2018766,0.843601882,0.353499502,5.6402998,543.607788,76.2050018,0.910300016,0.0250000004,50,1,0.119999997,0.550000012,0.0133333337
C14_rand_29_r0,0,448,0.373333335,0,0,5.6402998,0.0406666659,0.0226666667,0.149884075,0.149093032,0,0,14,3.66619492,10.4345551,0,0,0,0,0,0.305749148,-0.0114122108,14.2018766,0.843601882,0.353499502,5.6402998,543.607788,76.2050018,0.910300016,0.0250000004,50,1,0.119999997,0.550000012,0.0133333337
C14_rand_29_r0,0,449,0.386666656,0,0,5.6402998,0.0403333344,0.0223333333,0.144863203,0.144192502,0,0,14,3.66619492,10.4345551,0,0,0,0,0,0.305749148,-0.0114122108,14.2018766,0.843601882,0.353499502,5.6402998,543.607788,76.2050018,0.910300016,0.0250000004,50,1,0.119999997,0.550000012,0.0133333337
C14_rand_29_r0,0,450,0.400000006,0,0,5.6402998,0.0399999991,0.0219999999,0.139768973,0.139660358,0,0,14,3.66619492,10.4345551,0,0,0,0,0,0.305749148,-0.0114122108,14.2018766,0.843601882,0.353499502,5.6402998,543.607788,76.2050018,0.910300016,0.0250000004,50,1,0.119999997,0.550000012,0.0133333337
C14_rand_29_r0,0,451,0.413333327,0,0,5.6402998,0.0396666676,0.0216666665,0.134710893,0.134506419,0,0,14,3.66619492,10.4345551,0,0,0,0,0,0.305749148,-0.0114122108,14.2018766,0.843601882,0.353499502,5.6402998,543.607788,76.2050018,0.910300016,0.0250000004,50,1,0.119999997,0.550000012,0.0133333337
C14_rand_29_r0,0,452,0.426666677,0,0,5.6402998,0.0393333323,0.0213333331,0.129709557,0.129682064,0,0,14,3.66619492,10.4345551,0,0,0,0,0,0.305749148,-0.0114122108,14.2018766,0.843601882,0.353499502,5.6402998,543.607788,76.2050018,0.910300016,0.0250000004,50,1,0.119999997,0.550000012,0.0133333337
C14_rand_29_r0,0,453,0.439999998,0,0,5.6402998,0.0390000008,0.0209999997,0.124817185,0.124523513,0,0,14,3.66619492,10.4345551,0,0,0,0,0,0.305749148,-0.0114122108,14.2018766,0.843601882,0.353499502,5.6402998,543.607788,76.2050018,0.910300016,0.0250000004,50,1,0.119999997,0.550000012,0.0133333337
C14_rand_29_r0,0,454,0.453333348,0,0,5.6402998,0.0386666656,0.0206666663,0.119827621,0.119800754,0,0,14,3.66619492,10.4345551,0,0,0,0,0,0.305749148,-0.0114122108,14.2018766,0.843601882,0.353499502,5.6402998,543.607788,76.2050018,0.910300016,0.0250000004,50,1,0.119999997,0.550000012,0.0133333337
C14_rand_29_r0,0,455,0.466666669,0,0,5.6402998,0.038333334,0.0203333329,0.115049861,0.115036651,0,0,14,3.66619492,10.4345551,0,0,0,0,0,0.305749148,-0.0114122108,14.2018766,0.843601882,0.353499502,5.6402998,543.607788,76.2050018,0.910300016,0.0250000004,50,1,0.119999997,0.550000012,0.0133333337
C14_rand_29_r0,0,456,0.479999989,0,0,5.6402998,0.0379999988,0.0199999996,0.11034324,0.110236965,0,0,14,3.66619492,10.4345551,0,0,0,0,0,0.305749148,-0.0114122108,14.2018766,0.843601882,0.353499502,5.6402998,543.607788,76.2050018,0.910300016,0.0250000004,50,1,0.119999997,0.550000012,0.0133333337
C14_rand_29_r0,0,457,0.49333334,0,0,5.6402998,0.0376666673,0.0196666662,0.105677366,0.10566809,0,0,14,3.66619492,10.4345551,0,0,0,0,0,0.305749148,-0.0114122108,14.2018766,0.843601882,0.353499502,5.6402998,543.607788,76.2050018,0.910300016,0.0250000004,50,1,0.119999997,0.550000012,0.0133333337
C14_rand_29_r0,0,458,0.50666666,0,0,5.6402998,0.037333332,0.0193333328,0.101157255,0.100987747,0,0,14,3.66619492,10.4345551,0,0,0,0,0,0.305749148,-0.0114122108,14.2018766,0.843601882,0.353499502,5.6402998,543.607788,76.2050018,0.910300016,0.0250000004,50,1,0.119999997,0.550000012,0.0133333337
C14_rand_29_r0,0,459,0.519999981,0,0,5.6402998,0.0370000005,0.0189999994,0.0967921019,0.0967163593,0,0,14,3.66619492,10.4345551,0,0,0,0,0,0.305749148,-0.0114122108,14.2018766,0.843601882,0.353499502,5.6402998,543.607788,76.2050018,0.910300016,0.0250000004,50,1,0.119999997,0.550000012,0.0133333337
C14_rand_29_r0,0,460,0.533333361,0,0,5.6402998,0.0366666652,0.018666666,0.0923706219,0.0923399553,0,0,14,3.66619492,10.4345551,0,0,0,0,0,0.305749148,-0.0114122108,14.2018766,0.843601882,0.353499502,5.6402998,543.607788,76.2050018,0.910300016,0.0250000004,50,1,0.119999997,0.550000012,0.0133333337
C14_rand_29_r0,0,461,0.546666682,0,0,5.6402998,0.0363333337,0.0183333326,0.0883721411,0.08819855,0,0,14,3.66619492,10.4345551,0,0,0,0,0,0.305749148,-0.0114122108,14.2018766,0.843601882,0.353499502,5.6402998,543.607788,76.2050018,0.910300016,0.0250000004,50,1,0.119999997,0.550000012,0.0133333337
C14_rand_29_r0,0,462,0.560000002,0,0,5.6402998,0.0359999985,0.0179999992,0.0841326341,0.0841056108,0,0,14,3.66619492,10.4345551,0,0,0,0,0,0.305749148,-0.0114122108,14.2018766,0.843601882,0.353499502,5.6402998,543.607788,76.2050018,0.910300016,0.0250000004,50,1,0.119999997,0.550000012,0.0133333337
C14_rand_29_r0,0,463,0.573333323,0,0,5.6402998,0.0356666669,0.0176666658,0.0803987607,0.0802314207,0,0,14,3.66619492,10.4345551,0,0,0,0,0,0.305749148,-0.0114122108,14.2018766,0.843601882,0.353499502,5.6402998,543.607788,76.2050018,0.910300016,0.0250000004,50,1,0.119999997,0.550000012,0.0133333337
C14_rand_29_r0,0,464,0.586666644,0,0,5.6402998,0.0353333317,0.0173333324,0.0765358284,0.076490052,0,0,14,3.66619492,10.4345551,0,0,0,0,0,0.305749148,-0.0114122108,14.2018766,0.843601882,0.353499502,5.6402998,543.607788,76.2050018,0.910300016,0.0250000004,50,1,0.119999997,0.550000012,0.0133333337
C14_rand_29_r0,0,465,0.600000024,0,0,5.6402998,0.0350000001,0.0170000009,0.073123768,0.0729223415,0,0,14,3.66619492,10.4345551,0,0,0,0,0,0.305749148,-0.0114122108,14.2018766,0.843601882,0.353499502,5.6402998,543.607788,76.2050018,0.910300016,0.0250000004,50,1,0.119999997,0.550000012,0.0133333337
C14_rand_29_r0,0,466,0.613333344,0,0,5.6402998,0.0346666649,0.0166666675,0.069638148,0.0695310384,0,0,14,3.66619492,10.4345551,0,0,0,0,0,0.305749148,-0.0114122108,14.2018766,0.843601882,0.353499502,5.6402998,543.607788,76.2050018,0.910300016,0.0250000004,50,1,0.119999997,0.550000012,0.0133333337
C14_rand_29_r0,0,467,0.626666665,0,0,5.6402998,0.0343333334,0.0163333341,0.0665955618,0.0664307848,0,0,14,3.66619492,10.4345551,0,0,0,0,0,0.305749148,-0.0114122108,14.2018766,0.843601882,0.353499502,5.6402998,543.607788,76.2050018,0.910300016,0.0250000004,50,1,0.119999997,0.550000012,0.0133333337
C14_rand_29_r0,0,468,0.639999986,0,0,5.6402998,0.0340000018,0.0160000008,0.0634493604,0.063320674,0,0,14,3.66619492,10.4345551,0,0,0,0,0,0.305749148,-0.0114122108,14.2018766,0.843601882,0.353499502,5.6402998,543.607788,76.2050018,0.910300016,0.0250000004,50,1,0.119999997,0.550000012,0.0133333337
C14_rand_29_r0,0,469,0.653333306,0,0,5.6402998,0.0336666666,0.0156666674,0.0604613386,0.0604176335,0,0,14,3.66619492,10.4345551,0,0,0,0,0,0.305749148,-0.0114122108,14.2018766,0.843601882,0.353499502,5.6402998,543.607788,76.2050018,0.910300016,0.0250000004,50,1,0.119999997,0.550000012,0.0133333337
C14_rand_29_r0,0,470,0.666666687,0,0,5.6402998,0.0333333351,0.0153333331,0.0576354191,0.0575819351,0,0,14,3.66619492,10.4345551,0,0,0,0,0,0.305749148,-0.0114122108,14.2018766,0.843601882,0.353499502,5.6402998,543.607788,76.2050018,0.910300016,0.0250000004,50,1,0.119999997,0.550000012,0.0133333337
C14_rand_29_r0,0,471,0.680000007,0,0,5.6402998,0.0329999998,0.0149999997,0.0549194217,0.0548508689,0,0,14,3.66619492,10.4345551,0,0,0,0,0,0.305749148,-0.0114122108,14.2018766,0.843601882,0.353499502,5.6402998,543.607788,76.2050018,0.910300016,0.0250000004,50,1,0.119999997,0.550000012,0.0133333337
C14_rand_29_r0,0,472,0.693333328,0,0,5.6402998,0.0326666683,0.0146666663,0.0523845144,0.0523228459,0,0,14,3.66619492,10.4345551,0,0,0,0,0,0.305749148,-0.0114122108,14.2018766,0.843601882,0.353499502,5.6402998,543.607788,76.2050018,0.910300016,0.0250000004,50,1,0.119999997,0.550000012,0.0133333337
C14_rand_29_r0,0,473,0.706666648,0,0,5.6402998,0.032333333,0.0143333329,0.0498135313,0.0498099737,0,0,14,3.66619492,10.4345551,0,0,0,0,0,0.305749148,-0.0114122108,14.2018766,0.843601882,0.353499502,5.6402998,543.607788,76.2050018,0.910300016,0.0250000004,50,1,0.119999997,0.550000012,0.0133333337
C14_rand_29_r0,0,474,0.720000029,0,0,5.6402998,0.0320000015,0.0140000004,0.0477140509,0.0474810861,0,0,14,3.66619492,10.4345551,0,0,0,0,0,0.305749148,-0.0114122108,14.2018766,0.843601882,0.353499502,5.6402998,543.607788,76.2050018,0.910300016,0.0250000004,50,1,0.119999997,0.550000012,0.0133333337
C14_rand_29_r0,0,475,0.733333349,0,0,5.6402998,0.0316666663,0.013666667,0.0453359969,0.0451730341,0,0,14,3.66619492,10.4345551,0,0,0,0,0,0.305749148,-0.0114122108,14.2018766,0.843601882,0.353499502,5.6402998,543.607788,76.2050018,0.910300016,0.0250000004,50,1,0.119999997,0.550000012,0.0133333337
C14_rand_29_r0,0,476,0.74666667,0,0.838254988,5.6402998,0.0313333347,0.0133333337,0.0433070734,0.0432351232,0,1.52409995,14,3.66619492,10.4345551,0,0,0,0,0,0.305749148,-0.0114122108,14.2018766,0.843601882,0.353499502,5.6402998,543.607788,76.2050018,0.910300016,0.0250000004,50,1,0.119999997,0.550000012,0.0133333337
C14_rand_29_r0,0,477,0.75999999,0,1.21546972,5.6402998,0.0309999995,0.0130000003,0.0410089865,0.0409060754,0,1.52409995,14,3.66619492,10.4345551,0,0,0,0,0,0.305749148,-0.0114122108,14.2018766,0.843601882,0.353499502,5.6402998,543.607788,76.2050018,0.910300016,0.0250000004,50,1,0.119999997,0.550000012,0.0133333337
C14_rand_29_r0,0,478,0.773333311,0,1.38521636,5.6402998,0.0306666661,0.0126666669,0.0391155891,0.0390207581,0,1.52409995,14,3.66619492,10.4345551,0,0,0,0,0,0.305749148,-0.0114122108,14.2018766,0.843601882,0.353499502,5.6402998,543.607788,76.2050018,0.910300016,0.0250000004,50,1,0.119999997,0.550000012,0.0133333337
C14_rand_29_r0,0,479,0.786666691,0,1.46160233,5.6402998,0.0303333327,0.0123333335,0.0372660868,0.0370016396,0,1.52409995,14,3.66619492,10.4345551,0,0,0,0,0,0.305749148,-0.0114122108,14.2018766,0.843601882,0.353499502,5.6402998,543.607788,76.2050018,0.910300016,0.0250000004,50,1,0.119999997,0.550000012,0.0133333337
C14_rand_29_r0,0,480,0.800000012,0,1.49597609,5.6402998,0.0299999993,0.0120000001,0.0353795402,0.0350801833,0,1.52409995,14,3.66619492,10.4345551,0,0,0,0,0,0.305749148,-0.0114122108,14.2018766,0.843601882,0.353499502,5.6402998,543.607788,76.2050018,0.910300016,0.0250000004,50,1,0.119999997,0.550000012,0.0133333337
C14_rand_29_r0,0,481,0.813333333,0,1.51144421,5.6402998,0.0296666659,0.0116666667,0.0336851925,0.0335697904,0,1.52409995,14,3.66619492,10.4345551,0,0,0,0,0,0.305749148,-0.0114122108,14.2018766,0.843601882,0.353499502,5.6402998,543.607788,76.2050018,0.910300016,0.0250000004,50,1,0.119999997,0.550000012,0.0133333337
C14_rand_29_r0,0,482,0.826666653,0,1.51840496,5.6402998,0.0293333326,0.0113333333,0.0320498422,0.0319628417,0,1.52409995,14,3.66619492,10.4345551,0,0,0,0,0,0.305749148,-0.0114122108,14.2018766,0.843601882,0.353499502,5.6402998,543.607788,76.2050018,0.910300016,0.0250000004,50,1,0.119999997,0.550000012,0.0133333337
C14_rand_29_r0,0,483,0.839999974,0,1.52153718,5.6402998,0.0289999992,0.0109999999,0.0309373494,0.0306031536,0,1.52409995,14,3.66619492,10.4345551,0,0,0,0,0,0.305749148,-0.0114122108,14.2018766,0.843601882,0.353499502,5.6402998,543.607788,76.2050018,0.910300016,0.0250000004,50,1,0.119999997,0.550000012,0.0133333337
C14_rand_29_r0,0,484,0.853333354,0,1.52294672,5.6402998,0.0286666658,0.0106666666,0.0294276886,0.0291985404,0,1.52409995,14,3.66619492,10.4345551,0,0,0,0,0,0.305749148,-0.0114122108,14.2018766,0.843601882,0.353499502,5.6402998,543.607788,76.2050018,0.910300016,0.0250000004,50,1,0.119999997,0.550000012,0.0133333337
C14_rand_29_r0,0,485,0.866666675,0,1.52358103,5.6402998,0.0283333343,0.0103333332,0.0281816218,0.0281738415,0,1.52409995,14,3.66619492,10.4345551,0,0,0,0,0,0.305749148,-0.0114122108,14.2018766,0.843601882,0.353499502,5.6402998,543.607788,76.2050018,0.910300016,0.0250000004,50,1,0.119999997,0.550000012,0.0133333337
C14_rand_29_r0,0,486,0.879999995,0,1.52386642,5.6402998,0.0280000009,0.00999999978,0.0275917072,0.0268686488,0,1.52409995,14,3.66619492,10.4345551,0,0,0,0,0,0.305749148,-0.0114122108,14.2018766,0.843601882,0.353499502,5.6402998,543.607788,76.2050018,0.910300016,0.0250000004,50,1,0.119999997,0.550000012,0.0133333337
C14_rand_29_r0,0,487,0.893333316,0,1.52399492,5.6402998,0.0276666675,0.00966666639,0.0258527584,0.0258448888,0,1.52409995,14,3.66619492,10.4345551,0,0,0,0,0,0.305749148,-0.0114122108,14.2018766,0.843601882,0.353499502,5.6402998,543.607788,76.2050018,0.910300016,0.0250000004,50,1,0.119999997,0.550000012,0.0133333337
C14_rand_29_r0,0,488,0.906666696,0,1.52405274,5.6402998,0.0273333341,0.009333333,0.0251862071,0.0249908883,0,1.52409995,14,3.66619492,10.4345551,0,0,0,0,0,0.305749148,-0.0114122108,14.2018766,0.843601882,0.353499502,5.6402998,543.607788,76.2050018,0.910300016,0.0250000004,50,1,0.119999997,0.550000012,0.0133333337
C14_rand_29_r0,0,489,0.920000017,0,1.52407873,5.6402998,0.0270000007,0.00899999961,0.0242949333,0.024143029,0,1.52409995,14,3.66619492,10.4345551,0,0,0,0,0,0.305749148,-0.0114122108,14.2018766,0.843601882,0.353499502,5.6402998,543.607788,76.2050018,0.910300016,0.0250000004,50,1,0.119999997,0.550000012,0.0133333337
C14_rand_29_r0,0,490,0.933333337,0,1.52409041,5.6402998,0.0266666673,0.00866666622,0.0235348325,0.0234921109,0,1.52409995,14,3.66619492,10.4345551,0,0,0,0,0,0.305749148,-0.0114122108,14.2018766,0.843601882,0.353499502,5.6402998,543.607788,76.2050018,0.910300016,0.0250000004,50,1,0.119999997,0.550000012,0.0133333337
C14_rand_29_r0,0,491,0.946666658,0,1.52409565,5.6402998,0.0263333339,0.00833333377,0.0232332125,0.0227646884,0,1.52409995,14,3.66619492,10.4345551,0,0,0,0,0,0.305749148,-0.0114122108,14.2018766,0.843601882,0.353499502,5.6402998,543.607788,76.2050018,0.910300016,0.0250000004,50,1,0.119999997,0.550000012,0.0133333337
C14_rand_29_r0,0,492,0.959999979,0,1.52409804,5.6402998,0.0260000005,0.00800000038,0.0224966444,0.0221033823,0,1.52409995,14,3.66619492,10.4345551,0,0,0,0,0,0.305749148,-0.0114122108,14.2018766,0.843601882,0.353499502,5.6402998,543.607788,76.2050018,0.910300016,0.0250000004,50,1,0.119999997,0.550000012,0.0133333337
C14_rand_29_r0,0,493,0.973333359,0,1.52409911,5.6402998,0.0256666671,0.00766666653,0.0221087933,0.0217100885,0,1.52409995,14,3.66619492,10.4345551,0,0,0,0,0,0.305749148,-0.0114122108,14.2018766,0.843601882,0.353499502,5.6402998,543.607788,76.2050018,0.910300016,0.0250000004,50,1,0.119999997,0.550000012,0.0133333337
C14_rand_29_r0,0,494,0.986666679,0,1.52409959,5.6402998,0.0253333338,0.00733333314,0.0212661494,0.0211637262,0,1.52409995,14,3.66619492,10.4345551,0,0,0,0,0,0.305749148,-0.0114122108,14.2018766,0.843601882,0.353499502,5.6402998,543.607788,76.2050018,0.910300016,0.0250000004,50,1,0.119999997,0.550000012,0.0133333337
C14_rand_29_r0,0,495,1,0,1.52409983,5.6402998,0.0250000004,0.00700000022,0.0212435201,0.0209350474,0,1.52409995,14,3.66619492,10.4345551,0,0,0,0,0,0.305749148,-0.0114122108,14.2018766,0.843601882,0.353499502,5.6402998,543.607788,76.2050018,0.910300016,0.0250000004,50,1,0.119999997,0.550000012,0.0133333337
C14_rand_29_r0,0,496,1.01333332,1,1.52409995,5.6402998,0.024666667,0.00666666683,0.0204540417,0.0204472467,0,1.52409995,14,3.66619492,10.4345551,0,0,0,0,0,0.220736802,-0.478651255,14.1857195,0.810426533,1.63430166,5.6402998,543.607788,76.2050018,0.910300016,0.0250000004,50,1,0.119999997,0.550000012,0.0133333337
C14_rand_29_r0,0,497,1.02666664,1,1.52409995,5.6402998,0.0243333336,0.00633333344,0.0203512441,0.0203255415,0,1.52409995,14,3.66619492,10.4345551,0,0,0,0,0,0.220736802,-0.478651255,14.1857195,0.810426533,1.63430166,5.6402998,543.607788,76.2050018,0.910300016,0.0250000004,50,1,0.119999997,0.550000012,0.0133333337
C14_rand_29_r0,0,498,1.03999996,1,1.52409995,5.6402998,0.0240000002,0.00600000005,0.0200159047,0.0198924243,0,1.52409995,14,3.66619492,10.4345551,0,0,0,0,0,0.220736802,-0.478651255,14.1857195,0.810426533,1.63430166,5.6402998,543.607788,76.2050018,0.910300016,0.0250000004,50,1,0.119999997,0.550000012,0.0133333337
C14_rand_29_r0,0,499,1.05333328,1,1.52409995,5.6402998,0.0236666668,0.00566666666,0.0200327951,0.0195445493,0,1.52409995,14,3.66619492,10.4345551,0,0,0,0,0,0.220736802,-0.478651255,14.1857195,0.810426533,1.63430166,5.6402998,543.607788,76.2050018,0.910300016,0.0250000004,50,1,0.119999997,0.550000012,0.0133333337
C14_rand_29_r0,0,500,1.06666672,1,1.52409995,5.6402998,0.0233333334,0.00533333328,0.019847773,0.0194365308,0,1.52409995,14,3.66619492,10.4345551,0,0,0,0,0,0.220736802,-0.478651255,14.1857195,0.810426533,1.63430166,5.6402998,543.607788,76.2050018,0.910300016,0.0250000004,50,1,0.119999997,0.550000012,0.0133333337
C14_rand_29_r0,0,501,1.08000004,1,1.52409995,5.6402998,0.023,0.00499999989,0.0195649937,0.0191189498,0,1.52409995,14,3.66619492,10.4345551,0,0,0,0,0,0.220736802,-0.478651255,14.1857195,0.810426533,1.63430166,5.6402998,543.607788,76.2050018,0.910300016,0.0250000004,50,1,0.119999997,0.550000012,0.0133333337
C14_rand_29_r0,0,502,1.09333336,1,1.52409995,5.6402998,0.0226666667,0.0046666665,0.0194072742,0.0191621371,0,1.52409995,14,3.66619492,10.4345551,0,0,0,0,0,0.220736802,-0.478651255,14.1857195,0.810426533,1.63430166,5.6402998,543.607788,76.2050018,0.910300016,0.0250000004,50,1,0.119999997,0.550000012,0.0133333337
C14_rand_29_r0,0,503,1.10666668,1,1.52409995,5.6402998,0.0223333333,0.00433333311,0.0192704611,0.0187254399,0,1.52409995,14,3.66619492,10.4345551,0,0,0,0,0,0.220736802,-0.478651255,14.1857195,0.810426533,1.63430166,5.6402998,543.607788,76.2050018,0.910300016,0.0250000004,50,1,0.119999997,0.550000012,0.0133333337
C14_rand_29_r0,0,504,1.12,1,1.52409995,5.6402998,0.0219999999,0.00400000019,0.0190458372,0.0189299304,0,1.52409995,14,3.66619492,10.4345551,0,0,0,0,0,0.220736802,-0.478651255,14.1857195,0.810426533,1.63430166,5.6402998,543.607788,76.2050018,0.910300016,0.0250000004,50,1,0.119999997,0.550000012,0.0133333337
C14_rand_29_r0,0,505,1.13333333,1,1.52409995,5.6402998,0.0216666665,0.00366666657,0.0188130867,0.0185433049,0,1.52409995,14,3.66619492,10.4345551,0,0,0,0,0,0.220736802,-0.478651255,14.1857195,0.810426533,1.63430166,5.6402998,543.607788,76.2050018,0.910300016,0.0250000004,50,1,0.119999997,0.550000012,0.0133333337
C14_rand_29_r0,0,506,1.14666665,1,1.52409995,5.6402998,0.0213333331,0.00333333341,0.0188878309,0.018422341,0,1.52409995,14,3.66619492,10.4345551,0,0,0,0,0,0.220736802,-0.478651255,14.1857195,0.810426533,1.63430166,5.6402998,543.607788,76.2050018,0.910300016,0.0250000004,50,1,0.119999997,0.550000012,0.0133333337
C14_rand_29_r0,0,507,1.15999997,1,1.52409995,5.6402998,0.0209999997,0.00300000003,0.0182367265,0.0181564689,0,1.52409995,14,3.66619492,10.4345551,0,0,0,0,0,0.220736802,-0.478651255,14.1857195,0.810426533,1.63430166,5.6402998,543.607788,76.2050018,0.910300016,0.0250000004,50,1,0.119999997,0.550000012,0.0133333337
C14_rand_29_r0,0,508,1.17333329,1,1.52409995,5.6402998,0.0206666663,0.00266666664,0.0184588935,0.0184334889,0,1.52409995,14,3.66619492,10.4345551,0,0,0,0,0,0.220736802,-0.478651255,14.1857195,0.810426533,1.63430166,5.6402998,543.607788,76.2050018,0.910300016,0.0250000004,50,1,0.119999997,0.550000012,0.0133333337
C14_rand_29_r0,0,509,1.18666661,1,1.60395563,5.6402998,0.0203333329,0.00233333325,0.0177387539,0.0177329108,0.000267089898,1.66929209,14,3.66619492,10.4345551,0,0,0,0,0,0.220736802,-0.478651255,14.1857195,0.810426533,1.63430166,5.6402998,543.607788,76.2050018,0.910300016,0.0250000004,50,1,0.119999997,0.550000012,0.0133333337
C14_rand_29_r0,0,510,1.20000005,1,1.57381618,5.6402998,0.0199999996,0.00200000009,0.0179590415,0.0179539062,4.60931551e-05,1.54915655,14,3.66619492,10.4345551,0,0,0,0,0,0.220736802,-0.478651255,14.1857195,0.810426533,1.63430166,5.6402998,543.607788,76.2050018,0.910300016,0.0250000004,50,1,0.119999997,0.550000012,0.0133333337
C14_rand_29_r0,0,511,1.21333337,1,1.76809776,5.6402998,0.0196666662,0.00166666671,0.0172747001,0.0172587391,0.000741261349,1.92705548,14,3.66619492,10.4345551,0,0,0,0,0,0.220736802,-0.478651255,14.1857195,0.810426533,1.63430166,5.6402998,543.607788,76.2050018,0.910300016,0.0250000004,50,1,0.119999997,0.550000012,0.0133333337
C14_rand_29_r0,0,512,1.22666669,1,1.80424762,5.6402998,0.0193333328,0.00133333332,0.0174353924,0.0174302422,0.000569757831,1.83382475,14,3.66619492,10.4345551,0,0,0,0,0,0.220736802,-0.478651255,14.1857195,0.810426533,1.63430166,5.6402998,543.607788,76.2050018,0.910300016,0.0250000004,50,1,0.119999997,0.550000012,0.0133333337
C14_rand_29_r0,0,513,1.24000001,1,2.02918291,5.6402998,0.0189999994,0.00100000005,0.016820319,0.0167323202,0.00126767985,2.2132206,14,3.66619492,10.4345551,0,0,0,0,0,0.220736802,-0.478651255,14.1857195,0.810426533,1.63430166,5.6402998,543.607788,76.2050018,0.910300016,0.0250000004,50,1,0.119999997,0.550000012,0.0133333337
C14_rand_29_r0,0,514,1.25333333,1,2.21802306,5.6402998,0.018666666,0.00066666666,0.0168955643,0.0164392628,0.0015607368,2.37252879,14,3.66619492,10.4345551,0,0,0,0,0,0.220736802,-0.478651255,14.1857195,0.810426533,1.63430166,5.6402998,543.607788,76.2050018,0.910300016,0.0250000004,50,1,0.119999997,0.550000012,0.0133333337
C14_rand_29_r0,0,515,1.26666665,1,2.38618207,5.6402998,0.0183333326,0.00033333333,0.0163643565,0.0161610506,0.00183894881,2.52376699,14,3.66619492,10.4345551,0,0,0,0,0,0.220736802,-0.478651255,14.1857195,0.810426533,1.63430166,5.6402998,543.607788,76.2050018,0.910300016,0.0250000004,50,1,0.119999997,0.550000012,0.0133333337
C14_rand_29_r0,0,516,1.27999997,1,2.55123186,5.6402998,0.0179999992,5.89805982e-17,0.0161848031,0.015862111,0.00213788822,2.68627262,14,3.66619492,10.4345551,0,0,0,0,0,0.220736802,-0.478651255,14.1857195,0.810426533,1.63430166,5.6402998,543.607788,76.2050018,0.910300016,0.0250000004,50,1,0.119999997,0.550000012,0.0133333337
C14_rand_29_r0,0,517,1.29333329,1,2.71807194,5.6402998,0.0176666658,-0.00033333333,0.0159015842,0.0155525049,0.00244749477,2.8545773,14,3.66619492,10.4345551,0,0,0,0,0,0.220736802,-0.478651255,14.1857195,0.810426533,1.63430166,5.6402998,543.607788,76.2050018,0.910300016,0.0250000004,50,1,0.119999997,0.550000012,0.0133333337
C14_rand_29_r0,0,518,1.30666661,1,2.88433003,5.6402998,0.0173333324,-0.00066666666,0.0154787134,0.0152475387,0.00275246101,3.02035928,14,3.66619492,10.4345551,1,0,0,0,0,0.220736802,-0.478651255,14.1857195,0.810426533,1.63430166,5.6402998,543.607788,76.2050018,0.910300016,0.0250000004,50,1,0.119999997,0.550000012,0.0133333337
C14_rand_29_r0,0,519,1.32000005,1,3.05994487,5.6402998,0.0170000009,-0.00100000005,0.0154278958,0.0149104018,0.00308959861,3.20362997,14,3.66619492,10.4345551,1,0,0,0,0,0.220736802,-0.478651255,14.1857195,0.810426533,1.63430166,5.6402998,543.607788,76.2050018,0.910300016,0.0250000004,50,1,0.119999997,0.550000012,0.0133333337
C14_rand_29_r0,0,520,1.33333337,1,3.2308023,5.6402998,0.0166666675,-0.00133333332,0.0147705451,0.014603259,0.00339674042,3.37059474,14,3.66619492,10.4345551,1,0,0,0,0,0.220736802,-0.478651255,14.1857195,0.810426533,1.63430166,5.6402998,543.607788,76.2050018,0.910300016,0.0250000004,50,1,0.119999997,0.550000012,0.0133333337
C14_rand_29_r0,0,521,1.34666669,1,3.25819921,5.6402998,0.0163333341,-0.00166666671,0.0148627153,0.0147687821,0.00323121762,3.28061509,14,3.66619492,10.4345551,1,0,0,0,0,0.220736802,-0.478651255,14.1857195,0.810426533,1.63430166,5.6402998,543.607788,76.2050018,0.910300016,0.0250000004,50,1,0.119999997,0.550000012,0.0133333337
C14_rand_29_r0,0,522,1.36000001,1,3.52060723,5.6402998,0.0160000008,-0.00200000009,0.0140566481,0.0139323529,0.00406764727,3.73530483,14,3.66619492,10.4345551,1,0,0,1,0,0.220736802,-0.478651255,14.1857195,0.810426533,1.63430166,5.6402998,543.607788,76.2050018,0.910300016,0.0250000004,50,1,0.119999997,0.550000012,0.0133333337
C14_rand_29_r0,0,523,1.45103002,1,3.7531743,5.6402998,0.0156666674,-0.00233333325,0.0144563122,0.0135494452,0.00445055496,3.94345641,14,3.66619492,10.4345551,1,1,0,2,0,0.220736802,-0.478651255,14.1857195,0.810426533,1.63430166,5.6402998,543.607788,76.2050018,0.910300016,0.0250000004,50,1,0.119999997,0.550000012,0.0133333337
C14_rand_29_r0,0,524,1.54206002,1,3.9509871,5.6402998,0.0153333331,-0.00266666664,0.0133335143,0.0132378647,0.00476213545,4.11283398,14,3.66619492,10.4345551,1,1,0,3,0,0.220736802,-0.478651255,14.1857195,0.810426533,1.63430166,5.6402998,543.607788,76.2050018,0.910300016,0.0250000004,50,1,0.119999997,0.550000012,0.0133333337
C14_rand_29_r0,0,525,1.63309002,1,4.0973835,5.6402998,0.0149999997,-0.00300000003,0.0135299442,0.0130459452,0.00495405449,4.21716261,14,3.66619492,10.4345551,1,1,0,4,0,0.220736802,-0.478651255,14.1857195,0.810426533,1.63430166,5.6402998,543.607788,76.2050018,0.910300016,0.0250000004,50,1,0.119999997,0.550000012,0.0133333337
C14_rand_29_r0,0,526,1.72412002,1,4.3236084,5.6402998,0.0146666663,-0.00333333341,0.0125864353,0.0125096412,0.00549035845,4.5087018,14,3.66619492,10.4345551,1,1,0,5,0,0.220736802,-0.478651255,14.1857195,0.810426533,1.63430166,5.6402998,543.607788,76.2050018,0.910300016,0.0250000004,50,1,0.119999997,0.550000012,0.0133333337
C14_rand_29_r0,0,527,1.81515002,1,4.47790337,5.6402998,0.0143333329,-0.00366666657,0.0126693426,0.0123340683,0.00566593185,4.60414457,14,3.66619492,10.4345551,1,1,0,6,0,0.220736802,-0.478651255,14.1857195,0.810426533,1.63430166,5.6402998,543.607788,76.2050018,0.910300016,0.0250000004,50,1,0.119999997,0.550000012,0.0133333337
C14_rand_29_r0,0,528,1.90618002,1,4.72999287,5.6402998,0.0140249152,-0.00397508545,0.0118058119,0.011723144,0.00627685618,4.9362483,14,3.66619492,10.4345551,1,1,0,7,0,0.220736802,-0.478651255,14.1857195,0.810426533,1.63430166,5.6402998,543.607788,76.2050018,0.910300016,0.0250000004,50,1,0.119999997,0.550000012,0.0133333337
C14_rand_29_r0,0,529,1.99721003,1,4.87373447,5.6402998,0.013760577,-0.0042394232,0.0116966674,0.0114122378,0.00658776239,4.99134159,14,3.66619492,10.4345551,1,1,0,8,0,0.220736802,-0.478651255,14.1857195,0.810426533,1.63430166,5.6402998,543.607788,76.2050018,0.910300016,0.0250000004,50,1,0.119999997,0.550000012,0.0133333337
C14_rand_29_r0,0,530,2.08823991,2,5.07753897,5.6402998,0.0135601982,-0.00443980191,0.011054663,0.0105761634,0.00742383674,5.24428797,14,3.66619492,10.4345551,1,1,0,9,0,-0.136804029,-2.12750649,12.9282637,0.815165877,3.62408876,5.6402998,543.607788,76.2050018,0.910300016,0.0250000004,50,1,0.119999997,0.550000012,0.0133333337
C14_rand_29_r0,0,531,2.17927003,2,4.97808695,5.6402998,0.0133428536,-0.00465714652,0.0108243255,0.0106775789,0.0073224213,4.89671755,14,3.66619492,10.4345551,1,1,0,10,0,-0.136804029,-2.12750649,12.9282637,0.815165877,3.62408876,5.6402998,543.607788,76.2050018,0.910300016,0.0250000004,50,1,0.119999997,0.550000012,0.0133333337
C14_rand_29_r0,0,532,2.27029991,2,5.23825407,5.6402998,0.0131949503,-0.00480505032,0.00999376364,0.00980042387,0.00819957629,5.45111752,14,3.66619492,10.4345551,1,1,0,11,0,-0.136804029,-2.12750649,12.9282637,0.815165877,3.62408876,5.6402998,543.607788,76.2050018,0.910300016,0.0250000004,50,1,0.119999997,0.550000012,0.0133333337
C14_rand_29_r0,0,533,2.36133003,2,5.29277039,5.6402998,0.0130737629,-0.00492623681,0.0103712035,0.00942559075,0.00857440848,5.33737516,14,3.66619492,10.4345551,1,1,0,12,0,-0.136804029,-2.12750649,12.9282637,0.815165877,3.62408876,5.6402998,543.607788,76.2050018,0.910300016,0.0250000004,50,1,0.119999997,0.550000012,0.0133333337
C14_rand_29_r0,0,534,2.45235991,2,5.32932615,5.6402998,0.0129671842,-0.00503281597,0.00941542909,0.00916066114,0.00883933902,5.35923529,14,3.66619492,10.4345551,1,1,0,13,0,-0.136804029,-2.12750649,12.9282637,0.815165877,3.62408876,5.6402998,543.607788,76.2050018,0.910300016,0.0250000004,50,1,0.119999997,0.550000012,0.0133333337
C14_rand_29_r0,0,535,2.54339004,2,5.25110197,5.6402998,0.0128413104,-0.0051586898,0.00940921344,0.00935445167,0.00864554849,5.18710089,14,3.66619492,10.4345551,1,1,0,14,0,-0.136804029,-2.12750649,12.9282637,0.815165877,3.62408876,5.6402998,543.607788,76.2050018,0.910300016,0.0250000004,50,1,0.119999997,0.550000012,0.0133333337
C14_rand_29_r0,0,536,2.63441992,2,5.46733713,5.6402998,0.0127722863,-0.00522771385,0.00974525977,0.0086757699,0.00932422932,5.64425659,14,3.66619492,10.4345551,1,1,0,15,0,-0.136804029,-2.12750649,12.9282637,0.815165877,3.62408876,5.6402998,543.607788,76.2050018,0.910300016,0.0250000004,50,1,0.119999997,0.550000012,0.0133333337
C14_rand_29_r0,0,537,2.72545004,2,5.35939503,5.6402998,0.0126827527,-0.00531724747,0.00905978121,0.00888409093,0.00911590829,5.27107859,14,3.66619492,10.4345551,1,1,0,16,0,-0.136804029,-2.12750649,12.9282637,0.815165877,3.62408876,5.6402998,543.607788,76.2050018,0.910300016,0.0250000004,50,1,0.119999997,0.550000012,0.0133333337
C14_rand_29_r0,0,538,2.81647992,2,5.43186426,5.6402998,0.0126099316,-0.00539006852,0.00869997125,0.00865174551,0.00934825465,5.49115705,14,3.66619492,10.4345551,1,1,0,17,0,-0.136804029,-2.12750649,12.9282637,0.815165877,3.62408876,5.6402998,543.607788,76.2050018,0.910300016,0.0250000004,50,1,0.119999997,0.550000012,0.0133333337
C14_rand_29_r0,0,539,2.90751004,2,5.35242844,5.6402998,0.0125178304,-0.00548216933,0.00931601506,0.00888593681,0.00911406334,5.28743553,14,3.66619492,10.4345551,1,1,0,18,0,-0.136804029,-2.12750649,12.9282637,0.815165877,3.62408876,5.6402998,543.607788,76.2050018,0.910300016,0.0250000004,50,1,0.119999997,0.550000012,0.0133333337
C14_rand_29_r0,0,540,2.99853992,2,5.5227704,5.6402998,0.0124698328,-0.00553016691,0.00891534891,0.0083588073,0.00964119192,5.66214132,14,3.66619492,10.4345551,1,1,0,19,0,-0.136804029,-2.12750649,12.9282637,0.815165877,3.62408876,5.6402998,543.607788,76.2050018,0.910300016,0.0250000004,50,1,0.119999997,0.550000012,0.0133333337
C14_rand_29_r0,0,541,3.08957005,3,5.28164482,5.6402998,0.0123622073,-0.00563779287,0.00914546661,0.00905071385,0.0089492863,5.08435965,14,3.66619492,10.4345551,1,1,0,20,0,-0.553715229,-3.36125183,10.6933842,0.862559259,2.36542487,5.6402998,543.607788,76.2050018,0.910300016,0.0250000004,50,1,0.119999997,0.550000012,0.0133333337
C14_rand_29_r0,0,542,3.18059993,3,5.64704323,5.6402998,0.0123461429,-0.00565385725,0.00845470838,0.00796720292,0.0100327972,5.94600534,14,3.66619492,10.4345551,1,1,0,21,0,-0.553715229,-3.36125183,10.6933842,0.862559259,2.36542487,5.6402998,543.607788,76.2050018,0.910300016,0.0250000004,50,1,0.119999997,0.550000012,0.0133333337
C14_rand_29_r0,0,543,3.27163005,3,5.59438848,5.6402998,0.0123307118,-0.00566928787,0.00817396585,0.00792314764,0.0100768525,5.55130816,14,3.66619492,10.4345551,1,1,0,22,0,-0.553715229,-3.36125183,10.6933842,0.862559259,2.36542487,5.6402998,543.607788,76.2050018,0.910300016,0.0250000004,50,1,0.119999997,0.550000012,0.0133333337
C14_rand_29_r0,0,544,3.36265993,3,5.58527994,5.6402998,0.0123128565,-0.00568714319,0.00850105472,0.00786902942,0.0101309698,5.57782745,14,3.66619492,10.4345551,1,1,0,23,0,-0.553715229,-3.36125183,10.6933842,0.862559259,2.36542487,5.6402998,543.607788,76.2050018,0.910300016,0.0250000004,50,1,0.119999997,0.550000012,0.0133333337
C14_rand_29_r0,0,545,3.45369005,3,5.69252205,5.6402998,0.0123243872,-0.00567561295,0.00787855126,0.00751702581,0.0104829744,5.78026533,14,3.66619492,10.4345551,1,1,0,24,0,-0.553715229,-3.36125183,10.6933842,0.862559259,2.36542487,5.6402998,543.607788,76.2050018,0.910300016,0.0250000004,50,1,0.119999997,0.550000012,0.0133333337
C14_rand_29_r0,0,546,3.54471993,3,5.62183094,5.6402998,0.0123211788,-0.00567882136,0.00842844415,0.0076677124,0.0103322873,5.5639925,14,3.66619492,10.4345551,1,1,0,25,0,-0.553715229,-3.36125183,10.6933842,0.862559259,2.36542487,5.6402998,543.607788,76.2050018,0.910300016,0.0250000004,50,1,0.119999997,0.550000012,0.0133333337
C14_rand_29_r0,0,547,3.63575006,3,5.7567935,5.6402998,0.012353003,-0.00564699713,0.00853636581,0.00723388046,0.0107661197,5.86721754,14,3.66619492,10.4345551,1,1,0,26,0,-0.553715229,-3.36125183,10.6933842,0.862559259,2.36542487,5.6402998,543.607788,76.2050018,0.910300016,0.0250000004,50,1,0.119999997,0.550000012,0.0133333337
C14_rand_29_r0,0,548,3.72677994,3,5.63645315,5.6402998,0.0123572387,-0.00564276148,0.00756640499,0.00754484395,0.0104551557,5.53799295,14,3.66619492,10.4345551,1,1,0,27,0,-0.553715229,-3.36125183,10.6933842,0.862559259,2.36542487,5.6402998,543.607788,76.2050018,0.910300016,0.0250000004,50,1,0.119999997,0.550000012,0.0133333337
C14_rand_29_r0,0,549,3.81781006,3,5.71613789,5.6402998,0.0123790102,-0.00562098948,0.00777027989,0.00732925395,0.0106707457,5.78133488,14,3.66619492,10.4345551,1,1,0,28,0,-0.553715229,-3.36125183,10.6933842,0.862559259,2.36542487,5.6402998,543.607788,76.2050018,0.910300016,0.0250000004,50,1,0.119999997,0.550000012,0.0133333337
C14_rand_29_r0,0,550,3.90883994,3,5.66828918,5.6402998,0.0123904143,-0.0056095859,0.00752840936,0.00746172527,0.0105382744,5.6291399,14,3.66619492,10.4345551,1,1,0,29,0,-0.553715229,-3.36125183,10.6933842,0.862559259,2.36542487,5.6402998,543.607788,76.2050018,0.910300016,0.0250000004,50,1,0.119999997,0.550000012,0.0133333337
C14_rand_29_r0,0,551,3.99987006,3,5.56104851,5.6402998,0.0123703005,-0.00562969968,0.00785917696,0.00783560239,0.0101643978,5.4733057,14,3.66619492,10.4345551,1,1,0,30,0,-0.553715229,-3.36125183,10.6933842,0.862559259,2.36542487,5.6402998,543.607788,76.2050018,0.910300016,0.0250000004,50,1,0.119999997,0.550000012,0.0133333337
C14_rand_29_r0,0,552,4.09089994,4,5.52031946,5.6402998,0.0123336203,-0.00566637982,0.00837194454,0.00807551108,0.00992448907,5.4869957,14,3.66619492,10.4345551,1,1,0,31,0,-0.0559849404,-1.22359979,10.9378872,0.82938391,1.08986974,5.6402998,543.607788,76.2050018,0.910300016,0.0250000004,50,1,0.119999997,0.550000012,0.0133333337
C14_rand_29_r0,0,553,4.18193007,4,5.59434795,5.6402998,0.0123147424,-0.00568525773,0.00828770176,0.0079059517,0.0100940485,5.65491676,14,3.66619492,10.4345551,1,1,0,32,0,-0.0559849404,-1.22359979,10.9378872,0.82938391,1.08986974,5.6402998,543.607788,76.2050018,0.910300016,0.0250000004,50,1,0.119999997,0.550000012,0.0133333337
C14_rand_29_r0,0,554,4.27296019,4,5.68386316,5.6402998,0.0123236971,-0.00567630352,0.0084408531,0.00756823737,0.0104317628,5.75710297,14,3.66619492,10.4345551,1,1,0,33,0,-0.0559849404,-1.22359979,10.9378872,0.82938391,1.08986974,5.6402998,543.607788,76.2050018,0.910300016,0.0250000004,50,1,0.119999997,0.550000012,0.0133333337
C14_rand_29_r0,0,555,4.36398983,4,5.518013,5.6402998,0.01229122,-0.00570877967,0.0082843313,0.0080235796,0.00997642055,5.38231707,14,3.66619492,10.4345551,1,1,0,34,0,-0.0559849404,-1.22359979,10.9378872,0.82938391,1.08986974,5.6402998,543.607788,76.2050018,0.910300016,0.0250000004,50,1,0.119999997,0.550000012,0.0133333337
C14_rand_29_r0,0,556,4.45501995,4,5.42340517,5.6402998,0.012225559,-0.00577444071,0.00891475193,0.00843886472,0.00956113543,5.34599876,14,3.66619492,10.4345551,1,1,0,35,0,-0.0559849404,-1.22359979,10.9378872,0.82938391,1.08986974,5.6402998,543.607788,76.2050018,0.910300016,0.0250000004,50,1,0.119999997,0.550000012,0.0133333337
C14_rand_29_r0,0,557,4.54605007,4,5.68878078,5.6402998,0.0122280829,-0.00577191729,0.00808545854,0.00768800033,0.0103120003,5.90590668,14,3.66619492,10.4345551,1,1,0,36,0,-0.0559849404,-1.22359979,10.9378872,0.82938391,1.08986974,5.6402998,543.607788,76.2050018,0.910300016,0.0250000004,50,1,0.119999997,0.550000012,0.0133333337
C14_rand_29_r0,0,558,4.63708019,4,5.6877718,5.6402998,0.0122416895,-0.0057583102,0.00804092363,0.00751728797,0.0104827117,5.68694639,14,3.66619492,10.4345551,1,1,0,37,0,-0.0559849404,-1.22359979,10.9378872,0.82938391,1.08986974,5.6402998,543.607788,76.2050018,0.910300016,0.0250000004,50,1,0.119999997,0.550000012,0.0133333337
C14_rand_29_r0,0,559,4.72810984,4,5.68228912,5.6402998,0.0122556211,-0.00574437855,0.0083208764,0.00744088041,0.0105591193,5.67780352,14,3.66619492,10.4345551,1,1,0,38,0,-0.0559849404,-1.22359979,10.9378872,0.82938391,1.08986974,5.6402998,543.607788,76.2050018,0.910300016,0.0250000004,50,1,0.119999997,0.550000012,0.0133333337
C14_rand_29_r0,0,560,4.81913996,4,5.68137312,5.6402998,0.0122693526,-0.00573064759,0.0078139063,0.00743296556,0.0105670346,5.68062305,14,3.66619492,10.4345551,1,1,0,39,0,-0.0559849404,-1.22359979,10.9378872,0.82938391,1.08986974,5.6402998,543.607788,76.2050018,0.910300016,0.0250000004,50,1,0.119999997,0.550000012,0.0133333337
C14_rand_29_r0,0,561,4.91017008,4,5.7991581,5.6402998,0.0123157678,-0.00568423187,0.00805654563,0.00703932205,0.0109606786,5.89552736,14,3.66619492,10.4345551,1,1,0,40,0,-0.0559849404,-1.22359979,10.9378872,0.82938391,1.08986974,5.6402998,543.607788,76.2050018,0.910300016,0.0250000004,50,1,0.119999997,0.550000012,0.0133333337
C14_rand_29_r0,0,562,5.0012002,5,5.81802845,5.6402998,0.0123728728,-0.0056271269,0.00712122954,0.00687857298,0.0111214276,5.83346796,14,3.66619492,10.4345551,1,1,0,41,0,-0.395896822,-1.67125845,10.9139137,0.748815179,0.963065505,5.6402998,543.607788,76.2050018,0.910300016,0.0250000004,50,1,0.119999997,0.550000012,0.0133333337
C14_rand_29_r0,0,563,5.09222984,5,5.73406315,5.6402998,0.0124084363,-0.00559156435,0.00829386897,0.00709790317,0.0109020965,5.66536379,14,3.66619492,10.4345551,1,1,0,42,0,-0.395896822,-1.67125845,10.9139137,0.748815179,0.963065505,5.6402998,543.607788,76.2050018,0.910300016,0.0250000004,50,1,0.119999997,0.550000012,0.0133333337
C14_rand_29_r0,0,564,5.18325996,5,5.72853374,5.6402998,0.0124388719,-0.00556112779,0.00719314022,0.00717121223,0.0108287875,5.72400999,14,3.66619492,10.4345551,1,1,0,43,0,-0.395896822,-1.67125845,10.9139137,0.748815179,0.963065505,5.6402998,543.607788,76.2050018,0.910300016,0.0250000004,50,1,0.119999997,0.550000012,0.0133333337
C14_rand_29_r0,0,565,5.27429008,5,5.64182758,5.6402998,0.0124443695,-0.00555563066,0.00797541533,0.00749600958,0.0105039906,5.57088614,14,3.66619492,10.4345551,1,1,0,44,0,-0.395896822,-1.67125845,10.9139137,0.748815179,0.963065505,5.6402998,543.607788,76.2050018,0.910300016,0.0250000004,50,1,0.119999997,0.550000012,0.0133333337
C14_rand_29_r0,0,566,5.36532021,5,5.83260107,5.6402998,0.0124987029,-0.0055012973,0.00725792488,0.006937203,0.0110627972,5.98868847,14,3.66619492,10.4345551,1,1,0,45,0,-0.395896822,-1.67125845,10.9139137,0.748815179,0.963065505,5.6402998,543.607788,76.2050018,0.910300016,0.0250000004,50,1,0.119999997,0.550000012,0.0133333337
C14_rand_29_r0,0,567,5.45634985,5,5.66396141,5.6402998,0.0125143304,-0.00548566924,0.00744929165,0.00737761566,0.010622384,5.52598333,14,3.66619492,10.4345551,1,1,0,46,0,-0.395896822,-1.67125845,10.9139137,0.748815179,0.963065505,5.6402998,543.607788,76.2050018,0.910300016,0.0250000004,50,1,0.119999997,0.550000012,0.0133333337
C14_rand_29_r0,0,568,5.54737997,5,5.7649622,5.6402998,0.0125515638,-0.00544843636,0.0073868488,0.00711153308,0.0108884675,5.84759903,14,3.66619492,10.4345551,1,1,0,47,0,-0.395896822,-1.67125845,10.9139137,0.748815179,0.963065505,5.6402998,543.607788,76.2050018,0.910300016,0.0250000004,50,1,0.119999997,0.550000012,0.0133333337
C14_rand_29_r0,0,569,5.63841009,5,6.02715158,5.6402998,0.012665228,-0.0053347717,0.00797865167,0.00620489568,0.0117951045,6.24167013,14,3.66619492,10.4345551,1,1,0,48,0,-0.395896822,-1.67125845,10.9139137,0.748815179,0.963065505,5.6402998,543.607788,76.2050018,0.910300016,0.0250000004,50,1,0.119999997,0.550000012,0.0133333337
C14_rand_29_r0,0,570,5.72944021,5,6.01544523,5.6402998,0.0127883786,-0.00521162106,0.00713891257,0.00599580444,0.0120041957,6.005867,14,3.66619492,10.4345551,1,1,0,49,0,-0.395896822,-1.67125845,10.9139137,0.748815179,0.963065505,5.6402998,543.607788,76.2050018,0.910300016,0.0250000004,50,1,0.119999997,0.550000012,0.0133333337
C14_rand_29_r0,0,571,5.82046986,5,5.94750452,5.6402998,0.0128942393,-0.00510576135,0.00707104383,0.00612563035,0.0118743693,5.89191675,14,3.66619492,10.4345551,1,1,0,50,0,-0.395896822,-1.67125845,10.9139137,0.748815179,0.963065505,5.6402998,543.607788,76.2050018,0.910300016,0.0250000004,50,1,0.119999997,0.550000012,0.0133333337
C14_rand_29_r0,0,572,5.91149998,5,5.99270916,5.6402998,0.0130097736,-0.00499022659,0.00613254961,0.00601761648,0.0119823841,6.02969503,14,3.66619492,10.4345551,1,1,0,51,0,-0.395896822,-1.67125845,10.9139137,0.748815179,0.963065505,5.6402998,543.607788,76.2050018,0.910300016,0.0250000004,50,1,0.119999997,0.550000012,0.0133333337
C14_rand_29_r0,0,573,6.0025301,6,5.95678616,5.6402998,0.0131169418,-0.0048830579,0.0071050236,0.00612442661,0.0118755735,5.92739487,14,3.66619492,10.4345551,1,1,0,52,0,-0.0797151998,-0.325100541,10.8713818,0.777251184,0.0714612007,5.6402998,543.607788,76.2050018,0.910300016,0.0250000004,50,1,0.119999997,0.550000012,0.0133333337
C14_rand_29_r0,0,574,6.09356022,6,5.96907043,5.6402998,0.0132261291,-0.00477387104,0.00633527944,0.00609963993,0.0119003598,5.97912121,14,3.66619492,10.4345551,1,1,0,53,0,-0.0797151998,-0.325100541,10.8713818,0.777251184,0.0714612007,5.6402998,543.607788,76.2050018,0.910300016,0.0250000004,50,1,0.119999997,0.550000012,0.0133333337
C14_rand_29_r0,0,575,6.18458986,6,5.61643457,5.6402998,0.0132376971,-0.00476230262,0.00781810004,0.00728060305,0.0107193971,5.32791376,14,3.66619492,10.4345551,1,1,0,54,0,-0.0797151998,-0.325100541,10.8713818,0.777251184,0.0714612007,5.6402998,543.607788,76.2050018,0.910300016,0.0250000004,50,1,0.119999997,0.550000012,0.0133333337
C14_rand_29_r0,0,576,6.27561998,6,6.01907778,5.6402998,0.0133448411,-0.00465515861,0.00785799045,0.00622421736,0.0117757823,6.34851265,14,3.66619492,10.4345551,1,1,0,55,0,-0.0797151998,-0.325100541,10.8713818,0.777251184,0.0714612007,5.6402998,543.607788,76.2050018,0.910300016,0.0250000004,50,1,0.119999997,0.550000012,0.0133333337
C14_rand_29_r0,0,577,6.3666501,6,5.55668736,5.6402998,0.0133394729,-0.00466052722,0.00840120111,0.00757288188,0.0104271183,5.17836809,14,3.66619492,10.4345551,1,1,0,56,0,-0.0797151998,-0.325100541,10.8713818,0.777251184,0.0714612007,5.6402998,543.607788,76.2050018,0.910300016,0.0250000004,50,1,0.119999997,0.550000012,0.0133333337
C14_rand_29_r0,0,578,6.45768023,6,5.9165206,5.6402998,0.0134153059,-0.00458469382,0.00789414532,0.00661976729,0.0113802329,6.21092939,14,3.66619492,10.4345551,1,1,0,57,0,-0.0797151998,-0.325100541,10.8713818,0.777251184,0.0714612007,5.6402998,543.607788,76.2050018,0.910300016,0.0250000004,50,1,0.119999997,0.550000012,0.0133333337
C14_rand_29_r0,0,579,6.54870987,6,5.39159393,5.6402998,0.0133588603,-0.00464114035,0.00912212208,0.0082340613,0.00976593792,4.96210861,14,3.66619492,10.4345551,1,1,0,58,0,-0.0797151998,-0.325100541,10.8713818,0.777251184,0.0714612007,5.6402998,543.607788,76.2050018,0.910300016,0.0250000004,50,1,0.119999997,0.550000012,0.0133333337
C14_rand_29_r0,0,580,6.63973999,6,5.91630459,5.6402998,0.0134261204,-0.00457387976,0.00891520362,0.00680162478,0.0111983754,6.345613,14,3.66619492,10.4345551,1,1,0,59,0,-0.0797151998,-0.325100541,10.8713818,0.777251184,0.0714612007,5.6402998,543.607788,76.2050018,0.910300016,0.0250000004,50,1,0.119999997,0.550000012,0.0133333337
C14_rand_29_r0,0,581,6.73077011,6,5.28166151,5.6402998,0.0133377081,-0.00466229161,0.00871398486,0.00867352914,0.00932647008,4.76240826,14,3.66619492,10.4345551,1,1,0,60,0,-0.0797151998,-0.325100541,10.8713818,0.777251184,0.0714612007,5.6402998,543.607788,76.2050018,0.910300016,0.0250000004,50,1,0.119999997,0.550000012,0.0133333337
C14_rand_29_r0,0,582,6.82180023,6,5.71585941,5.6402998,0.0133439619,-0.00465603825,0.00811187923,0.00757544907,0.0104245506,6.07111216,14,3.66619492,10.4345551,1,1,0,61,0,-0.0797151998,-0.325100541,10.8713818,0.777251184,0.0714612007,5.6402998,543.607788,76.2050018,0.910300016,0.0250000004,50,1,0.119999997,0.550000012,0.0133333337
C14_rand_29_r0,0,583,6.91282988,6,5.3453474,5.6402998,0.0132630728,-0.00473692734,0.00891343784,0.00867196359,0.00932803657,5.04220104,14,3.66619492,10.4345551,1,1,0,62,0,-0.0797151998,-0.325100541,10.8713818,0.777251184,0.0714612007,5.6402998,543.607788,76.2050018,0.910300016,0.0250000004,50,1,0.119999997,0.550000012,0.0133333337
C14_rand_29_r0,0,584,7.00386,7,5.67435312,5.6402998,0.0132590504,-0.00474094972,0.00808246154,0.00774685387,0.0102531463,5.94353962,14,3.66619492,10.4345551,1,1,0,63,0,0.0461494289,-1.90700734,10.8244658,0.848341227,10.7672491,5.6402998,543.607788,76.2050018,0.910300016,0.0250000004,50,1,0.119999997,0.550000012,0.0133333337
C14_rand_29_r0,0,585,7.09489012,7,5.47876835,5.6402998,0.0132135097,-0.00478649,0.00863717683,0.00824967399,0.00975032616,5.31874514,14,3.66619492,10.4345551,1,1,0,64,0,0.0461494289,-1.90700734,10.8244658,0.848341227,10.7672491,5.6402998,543.607788,76.2050018,0.910300016,0.0250000004,50,1,0.119999997,0.550000012,0.0133333337
C14_rand_29_r0,0,586,7.18591976,7,5.5124464,5.6402998,0.0131704053,-0.00482959487,0.00883827452,0.00819186866,0.00980813149,5.54000044,14,3.66619492,10.4345551,1,1,0,65,0,0.0461494289,-1.90700734,10.8244658,0.848341227,10.7672491,5.6402998,543.607788,76.2050018,0.910300016,0.0250000004,50,1,0.119999997,0.550000012,0.0133333337
C14_rand_29_r0,0,587,7.27694988,7,5.46301413,5.6402998,0.0131139746,-0.0048860251,0.00885684229,0.00838740729,0.00961259287,5.42256927,14,3.66619492,10.4345551,1,1,0,66,0,0.0461494289,-1.90700734,10.8244658,0.848341227,10.7672491,5.6402998,543.607788,76.2050018,0.910300016,0.0250000004,50,1,0.119999997,0.550000012,0.0133333337
C14_rand_29_r0,0,588,7.36798,7,5.48456764,5.6402998,0.0130613111,-0.00493868906,0.0094292881,0.00835299585,0.00964700337,5.50220251,14,3.66619492,10.4345551,1,1,0,67,0,0.0461494289,-1.90700734,10.8244658,0.848341227,10.7672491,5.6402998,543.607788,76.2050018,0.910300016,0.0250000004,50,1,0.119999997,0.550000012,0.0133333337
C14_rand_29_r0,0,589,7.45901012,7,5.28913927,5.6402998,0.0129549885,-0.00504501117,0.00929670036,0.0090073999,0.00899260025,5.12924337,14,3.66619492,10.4345551,1,1,0,68,0,0.0461494289,-1.90700734,10.8244658,0.848341227,10.7672491,5.6402998,543.607788,76.2050018,0.910300016,0.0250000004,50,1,0.119999997,0.550000012,0.0133333337
C14_rand_29_r0,0,590,7.55003977,7,5.49740171,5.6402998,0.0128975743,-0.00510242535,0.00947469287,0.00846801326,0.0095319869,5.66779852,14,3.66619492,10.4345551,1,1,0,69,0,0.0461494289,-1.90700734,10.8244658,0.848341227,10.7672491,5.6402998,543.607788,76.2050018,0.910300016,0.0250000004,50,1,0.119999997,0.550000012,0.0133333337
C14_rand_29_r0,0,591,7.64106989,7,5.35489082,5.6402998,0.0128087252,-0.00519127492,0.00917959772,0.00884675421,0.00915324595,5.23829126,14,3.66619492,10.4345551,1,1,0,70,0,0.0461494289,-1.90700734,10.8244658,0.848341227,10.7672491,5.6402998,543.607788,76.2050018,0.910300016,0.0250000004,50,1,0.119999997,0.550000012,0.0133333337
C14_rand_29_r0,0,592,7.73210001,7,5.38899088,5.6402998,0.012724109,-0.00527589116,0.0094511807,0.00878260937,0.00921738986,5.4168911,14,3.66619492,10.4345551,1,1,0,71,0,0.0461494289,-1.90700734,10.8244658,0.848341227,10.7672491,5.6402998,543.607788,76.2050018,0.910300016,0.0250000004,50,1,0.119999997,0.550000012,0.0133333337
C14_rand_29_r0,0,593,7.82313013,7,5.32575274,5.6402998,0.0126226321,-0.00537736807,0.00903023873,0.00900983904,0.00899016112,5.27401257,14,3.66619492,10.4345551,1,1,0,72,0,0.0461494289,-1.90700734,10.8244658,0.848341227,10.7672491,5.6402998,543.607788,76.2050018,0.910300016,0.0250000004,50,1,0.119999997,0.550000012,0.0133333337
C14_rand_29_r0,0,594,7.91415977,7,5.43699598,5.6402998,0.0125492457,-0.00545075443,0.00929015595,0.00868440513,0.00931559503,5.52801275,14,3.66619492,10.4345551,1,1,0,73,0,0.0461494289,-1.90700734,10.8244658,0.848341227,10.7672491,5.6402998,543.607788,76.2050018,0.910300016,0.0250000004,50,1,0.119999997,0.550000012,0.0133333337
C14_rand_29_r0,0,595,8.0051899,8,5.36045218,5.6402998,0.012459279,-0.00554072065,0.00929581188,0.00887157675,0.00912842248,5.29782534,14,3.66619492,10.4345551,1,1,0,74,0,2.27169299,1.60701466,11.8756294,0.767772496,6.49518585,5.6402998,543.607788,76.2050018,0.910300016,0.0250000004,50,1,0.119999997,0.550000012,0.0133333337
C14_rand_29_r0,0,596,8.09622002,8,5.47606373,5.6402998,0.0123986639,-0.00560133625,0.0101527357,0.00850914791,0.00949085224,5.57065535,14,3.66619492,10.4345551,1,1,0,75,0,2.27169299,1.60701466,11.8756294,0.767772496,6.49518585,5.6402998,543.607788,76.2050018,0.910300016,0.0250000004,50,1,0.119999997,0.550000012,0.0133333337
C14_rand_29_r0,0,597,8.18725014,8,5.29346657,5.6402998,0.0122922184,-0.00570778176,0.00928230491,0.00904700905,0.00895299111,5.14406824,14,3.66619492,10.4345551,1,1,0,76,0,2.27169299,1.60701466,11.8756294,0.767772496,6.49518585,5.6402998,543.607788,76.2050018,0.910300016,0.0250000004,50,1,0.119999997,0.550000012,0.0133333337
C14_rand_29_r0,0,598,8.27828026,8,5.18739557,5.6402998,0.0121486709,-0.0058513293,0.00963828899,0.00951242726,0.00848757289,5.10061026,14,3.66619492,10.4345551,1,1,0,77,0,2.27169299,1.60701466,11.8756294,0.767772496,6.49518585,5.6402998,543.607788,76.2050018,0.910300016,0.0250000004,50,1,0.119999997,0.550000012,0.0133333337
C14_rand_29_r0,0,599,8.36931038,8,5.46671724,5.6402998,0.0120765287,-0.00592347141,0.0089668911,0.00873061456,0.0092693856,5.69525337,14,3.66619492,10.4345551,1,1,0,78,0,2.27169299,1.60701466,11.8756294,0.767772496,6.49518585,5.6402998,543.607788,76.2050018,0.910300016,0.0250000004,50,1,0.119999997,0.550000012,0.0133333337
C14_rand_29_r0,0,600,8.46033955,8,5.25083733,5.6402998,0.0120000001,-0.00600000005,0.0098461695,0.00927247014,0.00872753002,5.07420826,14,3.66619492,10.4345551,1,1,0,79,0,2.27169299,1.60701466,11.8756294,0.767772496,6.49518585,5.6402998,543.607788,76.2050018,0.910300016,0.0250000004,50,1,0.119999997,0.550000012,0.0133333337
C14_rand_29_r0,0,601,8.55136967,8,5.5355835,5.6402998,0.0120000001,-0.00600000005,0.00872630998,0.00839945301,0.00960054621,5.76855803,14,3.66619492,10.4345551,1,1,0,80,0,2.27169299,1.60701466,11.8756294,0.767772496,6.49518585,5.6402998,543.607788,76.2050018,0.910300016,0.0250000004,50,1,0.119999997,0.550000012,0.0133333337
C14_rand_29_r0,0,602,8.64239979,8,5.75897741,5.6402998,0.0120247789,-0.00597522128,0.00885050651,0.00748294871,0.0105170514,5.94175386,14,3.66619492,10.4345551,1,1,0,81,0,2.27169299,1.60701466,11.8756294,0.767772496,6.49518585,5.6402998,543.607788,76.2050018,0.910300016,0.0250000004,50,1,0.119999997,0.550000012,0.0133333337
C14_rand_29_r0,0,603,8.73342991,8,5.48444033,5.6402998,0.0120000001,-0.00600000005,0.0086670164,0.00811582338,0.00988417678,5.25981951,14,3.66619492,10.4345551,1,1,0,82,0,2.27169299,1.60701466,11.8756294,0.767772496,6.49518585,5.6402998,543.607788,76.2050018,0.910300016,0.0250000004,50,1,0.119999997,0.550000012,0.0133333337
C14_rand_29_r0,0,604,8.82446003,8,5.78078413,5.6402998,0.0120324958,-0.00596750388,0.0076069925,0.00724927988,0.0107507203,6.02324724,14,3.66619492,10.4345551,1,1,0,83,0,2.27169299,1.60701466,11.8756294,0.767772496,6.49518585,5.6402998,543.607788,76.2050018,0.910300016,0.0250000004,50,1,0.119999997,0.550000012,0.0133333337
C14_rand_29_r0,0,605,8.91549015,8,5.53289032,5.6402998,0.0120080756,-0.00599192409,0.00879927538,0.00792168733,0.0100783128,5.33006811,14,3.66619492,10.4345551,1,1,0,84,0,2.27169299,1.60701466,11.8756294,0.767772496,6.49518585,5.6402998,543.607788,76.2050018,0.910300016,0.0250000004,50,1,0.119999997,0.550000012,0.0133333337
C14_rand_29_r0,0,606,9.00652027,9,5.80306339,5.6402998,0.0120492177,-0.00595078198,0.00714452052,0.00712366821,0.0108763315,6.02411461,14,3.66619492,10.4345551,1,1,0,85,0,0.917452931,-0.360966563,10.1038656,0.748815179,1.56416571,5.6402998,543.607788,76.2050018,0.910300016,0.0250000004,50,1,0.119999997,0.550000012,0.0133333337
C14_rand_29_r0,0,607,9.09755039,9,5.86325121,5.6402998,0.0121180061,-0.00588199403,0.00865344238,0.00677755382,0.0112224463,5.91249514,14,3.66619492,10.4345551,1,1,0,86,0,0.917452931,-0.360966563,10.1038656,0.748815179,1.56416571,5.6402998,543.607788,76.2050018,0.910300016,0.0250000004,50,1,0.119999997,0.550000012,0.0133333337
C14_rand_29_r0,0,608,9.18857956,9,5.71464968,5.6402998,0.0121501237,-0.00584987691,0.00734916562,0.00713263219,0.0108673675,5.59306717,14,3.66619492,10.4345551,1,1,0,87,0,0.917452931,-0.360966563,10.1038656,0.748815179,1.56416571,5.6402998,543.607788,76.2050018,0.910300016,0.0250000004,50,1,0.119999997,0.550000012,0.0133333337
C14_rand_29_r0,0,609,9.27960968,9,5.87309122,5.6402998,0.0122201405,-0.00577985961,0.00878523942,0.00668747816,0.011312522,6.00272512,14,3.66619492,10.4345551,1,1,0,88,0,0.917452931,-0.360966563,10.1038656,0.748815179,1.56416571,5.6402998,543.607788,76.2050018,0.910300016,0.0250000004,50,1,0.119999997,0.550000012,0.0133333337
C14_rand_29_r0,0,610,9.3706398,9,5.71586084,5.6402998,0.0122527992,-0.00574720092,0.00782682747,0.00713305315,0.0108669465,5.58721781,14,3.66619492,10.4345551,1,1,0,89,0,0.917452931,-0.360966563,10.1038656,0.748815179,1.56416571,5.6402998,543.607788,76.2050018,0.910300016,0.0250000004,50,1,0.119999997,0.550000012,0.0133333337
C14_rand_29_r0,0,611,9.46166992,9,5.52686405,5.6402998,0.0122267324,-0.00577326771,0.00832651183,0.00784275867,0.0101572415,5.37223053,14,3.66619492,10.4345551,1,1,0,90,0,0.917452931,-0.360966563,10.1038656,0.748815179,1.56416571,5.6402998,543.607788,76.2050018,0.910300016,0.0250000004,50,1,0.119999997,0.550000012,0.0133333337
C14_rand_29_r0,0,612,9.55270004,9,5.70181513,5.6402998,0.0122394748,-0.00576052489,0.00787724741,0.00746709155,0.0105329091,5.84495687,14,3.66619492,10.4345551,1,1,0,91,0,0.917452931,-0.360966563,10.1038656,0.748815179,1.56416571,5.6402998,543.607788,76.2050018,0.910300016,0.0250000004,50,1,0.119999997,0.550000012,0.0133333337
C14_rand_29_r0,0,613,9.64373016,9,5.79334831,5.6402998,0.0122841122,-0.00571588753,0.00789825618,0.00709783053,0.0109021692,5.8682394,14,3.66619492,10.4345551,1,1,0,92,0,0.917452931,-0.360966563,10.1038656,0.748815179,1.56416571,5.6402998,543.607788,76.2050018,0.910300016,0.0250000004,50,1,0.119999997,0.550000012,0.0133333337
C14_rand_29_r0,0,614,9.73476028,9,5.97184849,5.6402998,0.0123836491,-0.00561635103,0.00788922049,0.00637031114,0.0116296886,6.11789465,14,3.66619492,10.4345551,1,1,0,93,0,0.917452931,-0.360966563,10.1038656,0.748815179,1.56416571,5.6402998,543.607788,76.2050018,0.910300016,0.0250000004,50,1,0.119999997,0.550000012,0.0133333337
C14_rand_29_r0,0,615,9.82579041,9,5.95729065,5.6402998,0.0124882916,-0.00551170902,0.00780564221,0.00622590585,0.0117740938,5.94537926,14,3.66619492,10.4345551,1,1,0,94,0,0.917452931,-0.360966563,10.1038656,0.748815179,1.56416571,5.6402998,543.607788,76.2050018,0.910300016,0.0250000004,50,1,0.119999997,0.550000012,0.0133333337
C14_rand_29_r0,0,616,9.91681957,9,5.92983055,5.6402998,0.0125861568,-0.00541384332,0.0066059418,0.00625289278,0.0117471069,5.90736294,14,3.66619492,10.4345551,1,1,0,95,0,0.917452931,-0.360966563,10.1038656,0.748815179,1.56416571,5.6402998,543.607788,76.2050018,0.910300016,0.0250000004,50,1,0.119999997,0.550000012,0.0133333337
C14_rand_29_r0,0,617,10.0078497,10,6.1650157,5.6402998,0.0127482219,-0.00525177782,0.00640077563,0.00548194814,0.012518052,6.35744047,14,3.66619492,10.4345551,1,1,0,96,0,1.24538481,-0.267336875,8.982131,0.734597147,0.721186221,5.6402998,543.607788,76.2050018,0.910300016,0.0250000004,50,1,0.119999997,0.550000012,0.0133333337
C14_rand_29_r0,0,618,10.0988798,10,6.12625313,5.6402998,0.0129102198,-0.00508978032,0.00586892338,0.00542558637,0.0125744138,6.09453821,14,3.66619492,10.4345551,1,1,0,97,0,1.24538481,-0.267336875,8.982131,0.734597147,0.721186221,5.6402998,543.607788,76.2050018,0.910300016,0.0250000004,50,1,0.119999997,0.550000012,0.0133333337
C14_rand_29_r0,0,619,10.1899099,10,6.33543444,5.6402998,0.0131303128,-0.00486968784,0.00530912774,0.00466817245,0.0133318277,6.50658274,14,3.66619492,10.4345551,1,1,0,98,0,1.24538481,-0.267336875,8.982131,0.734597147,0.721186221,5.6402998,543.607788,76.2050018,0.910300016,0.0250000004,50,1,0.119999997,0.550000012,0.0133333337
C14_rand_29_r0,0,620,10.2809401,10,6.30347776,5.6402998,0.0133512104,-0.0046487893,0.00561857317,0.00460125785,0.0133987423,6.27733183,14,3.66619492,10.4345551,1,1,0,99,0,1.24538481,-0.267336875,8.982131,0.734597147,0.721186221,5.6402998,543.607788,76.2050018,0.910300016,0.0250000004,50,1,0.119999997,0.550000012,0.0133333337
C14_rand_29_r0,0,621,10.3719702,10,6.05883169,5.6402998,0.0135042854,-0.00449571433,0.00604951335,0.00536464108,0.0126353586,5.8586669,14,3.66619492,10.4345551,1,1,0,100,0,1.24538481,-0.267336875,8.982131,0.734597147,0.721186221,5.6402998,543.607788,76.2050018,0.910300016,0.0250000004,50,1,0.119999997,0.550000012,0.0133333337
C14_rand_29_r0,0,622,10.4630003,10,6.94267941,5.6402998,0.0138376188,-0.00416238094,0.00493764644,0.00261071953,0.0153892804,7.66582727,14,3.66619492,10.4345551,1,1,0,101,0,1.24538481,-0.267336875,8.982131,0.734597147,0.721186221,5.6402998,543.607788,76.2050018,0.910300016,0.0250000004,50,1,0.119999997,0.550000012,0.0133333337
C14_rand_29_r0,0,623,10.5540304,10,6.51852274,5.6402998,0.0141371256,-0.00386287458,0.00481006876,0.00384349679,0.0141565036,6.17148542,14,3.66619492,10.4345551,1,1,0,102,0,1.24538481,-0.267336875,8.982131,0.734597147,0.721186221,5.6402998,543.607788,76.2050018,0.910300016,0.0250000004,50,1,0.119999997,0.550000012,0.0133333337
C14_rand_29_r0,0,624,10.6450596,10,6.41202784,5.6402998,0.0144014116,-0.00359858805,0.00403625984,0.00384581019,0.0141541902,6.32489538,14,3.66619492,10.4345551,1,1,0,103,0,1.24538481,-0.267336875,8.982131,0.734597147,0.721186221,5.6402998,543.607788,76.2050018,0.910300016,0.0250000004,50,1,0.119999997,0.550000012,0.0133333337
C14_rand_29_r0,0,625,10.7360897,10,6.92867613,5.6402998,0.014734745,-0.00326525467,0.00231320225,0.00225374778,0.0157462526,7.35138845,14,3.66619492,10.4345551,1,1,0,104,0,1.24538481,-0.267336875,8.982131,0.734597147,0.721186221,5.6402998,543.607788,76.2050018,0.910300016,0.0250000004,50,1,0.119999997,0.550000012,0.0133333337
C14_rand_29_r0,0,626,10.8271198,10,6.8139863,5.6402998,0.0150680784,-0.00293192151,0.00504772179,0.00283419574,0.015165804,6.72014952,14,3.66619492,10.4345551,1,1,0,105,0,1.24538481,-0.267336875,8.982131,0.734597147,0.721186221,5.6402998,543.607788,76.2050018,0.910300016,0.0250000004,50,1,0.119999997,0.550000012,0.0133333337
C14_rand_29_r0,0,627,10.9181499,10,7.12451982,5.6402998,0.0154014118,-0.00259858812,0.00412995741,0.00162294961,0.0163770504,7.37859249,14,3.66619492,10.4345551,1,1,0,106,0,1.24538481,-0.267336875,8.982131,0.734597147,0.721186221,5.6402998,543.607788,76.2050018,0.910300016,0.0250000004,50,1,0.119999997,0.550000012,0.0133333337
C14_rand_29_r0,0,628,11.0091801,11,6.49180174,5.6402998,0.0156934951,-0.00230650441,0.00421215128,0.00420655729,0.0137934424,5.974123,14,3.66619492,10.4345551,1,1,0,107,0,0.347831994,-0.00694170222,9.01002312,0.767772496,0.183226973,5.6402998,543.607788,76.2050018,0.910300016,0.0250000004,50,1,0.119999997,0.550000012,0.0133333337
C14_rand_29_r0,0,629,11.1002102,11,6.51344347,5.6402998,0.0159847159,-0.0020152838,0.00441493466,0.00352882291,0.014471177,6.53115034,14,3.66619492,10.4345551,1,1,0,108,0,0.347831994,-0.00694170222,9.01002312,0.767772496,0.183226973,5.6402998,543.607788,76.2050018,0.910300016,0.0250000004,50,1,0.119999997,0.550000012,0.0133333337
C14_rand_29_r0,0,630,11.1912403,11,6.76351023,5.6402998,0.0163180493,-0.00168195053,0.00525238086,0.002732269,0.0152677307,6.96811056,14,3.66619492,10.4345551,1,1,0,109,0,0.347831994,-0.00694170222,9.01002312,0.767772496,0.183226973,5.6402998,543.607788,76.2050018,0.910300016,0.0250000004,50,1,0.119999997,0.550000012,0.0133333337
C14_rand_29_r0,0,631,11.2822704,11,7.06450748,5.6402998,0.0166513827,-0.00134861725,0.00437858282,0.00174769829,0.0162523016,7.31077814,14,3.66619492,10.4345551,1,1,0,110,0,0.347831994,-0.00694170222,9.01002312,0.767772496,0.183226973,5.6402998,543.607788,76.2050018,0.910300016,0.0250000004,50,1,0.119999997,0.550000012,0.0133333337
C14_rand_29_r0,0,632,11.3732996,11,6.98383617,5.6402998,0.0169847161,-0.00101528387,0.00307947025,0.00247054594,0.0155294538,6.91783237,14,3.66619492,10.4345551,1,1,0,111,0,0.347831994,-0.00694170222,9.01002312,0.767772496,0.183226973,5.6402998,543.607788,76.2050018,0.910300016,0.0250000004,50,1,0.119999997,0.550000012,0.0133333337
C14_rand_29_r0,0,633,11.4643297,11,6.80025291,5.6402998,0.0173180494,-0.000681950594,0.00322826044,0.00296315015,0.0150368502,6.65004873,14,3.66619492,10.4345551,1,1,0,112,0,0.347831994,-0.00694170222,9.01002312,0.767772496,0.183226973,5.6402998,543.607788,76.2050018,0.910300016,0.0250000004,50,1,0.119999997,0.550000012,0.0133333337
C14_rand_29_r0,0,634,11.5553598,11,6.90415812,5.6402998,0.0176513828,-0.000348617235,0.00271639088,0.00233931281,0.0156606864,6.9891715,14,3.66619492,10.4345551,1,1,0,113,0,0.347831994,-0.00694170222,9.01002312,0.767772496,0.183226973,5.6402998,543.607788,76.2050018,0.910300016,0.0250000004,50,1,0.119999997,0.550000012,0.0133333337
C14_rand_29_r0,0,635,11.64639,11,6.78331232,5.6402998,0.0179847162,-1.52839075e-05,0.00313642574,0.00289988914,0.0151001113,6.68443823,14,3.66619492,10.4345551,1,1,0,114,0,0.347831994,-0.00694170222,9.01002312,0.767772496,0.183226973,5.6402998,543.607788,76.2050018,0.910300016,0.0250000004,50,1,0.119999997,0.550000012,0.0133333337
C14_rand_29_r0,0,636,11.7374201,11,6.89129829,5.6402998,0.0183180496,0.000318049424,0.00389121915,0.00235682679,0.0156431738,6.97965097,14,3.66619492,10.4345551,1,1,0,115,0,0.347831994,-0.00694170222,9.01002312,0.767772496,0.183226973,5.6402998,543.607788,76.2050018,0.910300016,0.0250000004,50,1,0.119999997,0.550000012,0.0133333337
C14_rand_29_r0,0,637,11.8284502,11,6.75547123,5.6402998,0.018651383,0.000651382783,0.00438485062,0.00297365175,0.0150263486,6.64434004,14,3.66619492,10.4345551,1,1,0,116,0,0.347831994,-0.00694170222,9.01002312,0.767772496,0.183226973,5.6402998,543.607788,76.2050018,0.910300016,0.0250000004,50,1,0.119999997,0.550000012,0.0133333337
C14_rand_29_r0,0,638,11.9194803,11,6.69556618,5.6402998,0.0189847164,0.000984716113,0.00453423802,0.00296958187,0.0150304185,6.64655256,14,3.66619492,10.4345551,1,1,0,117,0,0.347831994,-0.00694170222,9.01002312,0.767772496,0.183226973,5.6402998,543.607788,76.2050018,0.910300016,0.0250000004,50,1,0.119999997,0.550000012,0.0133333337
C14_rand_29_r0,0,639,12.0105104,12,6.50880814,5.6402998,0.0192815233,0.00128152396,0.00467587542,0.00350405928,0.0144959409,6.35600662,14,3.66619492,10.4345551,1,1,0,118,0,0.543325603,-0.42425409,8.86877441,0.753554523,0.567963243,5.6402998,543.607788,76.2050018,0.910300016,0.0250000004,50,1,0.119999997,0.550000012,0.0133333337
C14_rand_29_r0,0,640,12.1015396,12,6.60635948,5.6402998,0.0195993427,0.00159934186,0.00520178024,0.00320391194,0.0147960884,6.68617439,14,3.66619492,10.4345551,1,1,0,119,0,0.543325603,-0.42425409,8.86877441,0.753554523,0.567963243,5.6402998,543.607788,76.2050018,0.910300016,0.0250000004,50,1,0.119999997,0.550000012,0.0133333337
C14_rand_29_r0,0,641,12.1925697,12,6.4254446,5.6402998,0.0198704079,0.00187040714,0.00456558494,0.00377911935,0.0142208803,6.2774229,14,3.66619492,10.4345551,1,1,0,120,0,0.543325603,-0.42425409,8.86877441,0.753554523,0.567963243,5.6402998,543.607788,76.2050018,0.910300016,0.0250000004,50,1,0.119999997,0.550000012,0.0133333337
C14_rand_29_r0,0,642,12.2835999,12,6.45948124,5.6402998,0.0201431345,0.00214313506,0.00502598565,0.00378622068,0.014213779,6.48732948,14,3.66619492,10.4345551,1,1,0,121,0,0.543325603,-0.42425409,8.86877441,0.753554523,0.567963243,5.6402998,543.607788,76.2050018,0.910300016,0.0250000004,50,1,0.119999997,0.550000012,0.0133333337
C14_rand_29_r0,0,643,12.37463,12,6.62005901,5.6402998,0.0204607453,0.00246074493,0.00403996836,0.00328638754,0.0147136124,6.751441,14,3.66619492,10.4345551,1,1,0,122,0,0.543325603,-0.42425409,8.86877441,0.753554523,0.567963243,5.6402998,543.607788,76.2050018,0.910300016,0.0250000004,50,1,0.119999997,0.550000012,0.0133333337
C14_rand_29_r0,0,644,12.4656601,12,6.78808308,5.6402998,0.0207940787,0.00279407832,0.0044488525,0.00258858479,0.0154114151,6.92555761,14,3.66619492,10.4345551,1,1,0,123,0,0.543325603,-0.42425409,8.86877441,0.753554523,0.567963243,5.6402998,543.607788,76.2050018,0.910300016,0.0250000004,50,1,0.119999997,0.550000012,0.0133333337
C14_rand_29_r0,0,645,12.5566902,12,6.51630068,5.6402998,0.0210929681,0.00309296744,0.00366267422,0.00361824688,0.0143817533,6.29393291,14,3.66619492,10.4345551,1,1,0,124,0,0.543325603,-0.42425409,8.86877441,0.753554523,0.567963243,5.6402998,543.607788,76.2050018,0.910300016,0.0250000004,50,1,0.119999997,0.550000012,0.0133333337
C14_rand_29_r0,0,646,12.6477203,12,6.67983866,5.6402998,0.0214263014,0.00342630059,0.00363154779,0.00295192166,0.0150480783,6.81364202,14,3.66619492,10.4345551,1,1,0,125,0,0.543325603,-0.42425409,8.86877441,0.753554523,0.567963243,5.6402998,543.607788,76.2050018,0.910300016,0.0250000004,50,1,0.119999997,0.550000012,0.0133333337
C14_rand_29_r0,0,647,12.7387505,12,6.34979486,5.6402998,0.0216789376,0.00367893814,0.00427945191,0.00401223265,0.0139877675,6.0797596,14,3.66619492,10.4345551,1,1,0,126,0,0.543325603,-0.42425409,8.86877441,0.753554523,0.567963243,5.6402998,543.607788,76.2050018,0.910300016,0.0250000004,50,1,0.119999997,0.550000012,0.0133333337
C14_rand_29_r0,0,648,12.8297796,12,6.5963273,5.6402998,0.0219866075,0.00398660777,0.00406793924,0.0033696543,0.0146303456,6.79803562,14,3.66619492,10.4345551,1,1,0,127,0,0.543325603,-0.42425409,8.86877441,0.753554523,0.567963243,5.6402998,543.607788,76.2050018,0.910300016,0.0250000004,50,1,0.119999997,0.550000012,0.0133333337
C14_rand_29_r0,0,649,12.9208097,12,6.02407122,5.6402998,0.022144489,0.00414448883,0.00521133188,0.00519183511,0.0128081646,5.55586147,14,3.66619492,10.4345551,1,1,0,128,0,0.543325603,-0.42425409,8.86877441,0.753554523,0.567963243,5.6402998,543.607788,76.2050018,0.910300016,0.0250000004,50,1,0.119999997,0.550000012,0.0133333337
C14_rand_29_r0,0,650,13.0118399,13,6.55519724,5.6402998,0.02242494,0.00442494079,0.00557627156,0.003813972,0.0141860284,6.98975468,14,3.66619492,10.4345551,1,1,0,129,0,-0.290823519,-1.42052782,8.66630363,0.77251184,0.884121895,5.6402998,543.607788,76.2050018,0.910300016,0.0250000004,50,1,0.119999997,0.550000012,0.0133333337
C14_rand_29_r0,0,651,13.10287,13,6.71153975,5.6402998,0.0227582734,0.00475827372,0.0061830054,0.0030595134,0.0149404863,6.83945608,14,3.66619492,10.4345551,1,1,0,130,0,-0.290823519,-1.42052782,8.66630363,0.77251184,0.884121895,5.6402998,543.607788,76.2050018,0.910300016,0.0250000004,50,1,0.119999997,0.550000012,0.0133333337
C14_rand_29_r0,0,652,13.1939001,13,6.02976513,5.6402998,0.0229220148,0.0049220142,0.00534575991,0.00513033662,0.0128696635,5.47194958,14,3.66619492,10.4345551,1,1,0,131,0,-0.290823519,-1.42052782,8.66630363,0.77251184,0.884121895,5.6402998,543.607788,76.2050018,0.910300016,0.0250000004,50,1,0.119999997,0.550000012,0.0133333337
C14_rand_29_r0,0,653,13.2849302,13,6.22723913,5.6402998,0.0231123436,0.005112343,0.00502347481,0.00487016933,0.0131298304,6.38880873,14,3.66619492,10.4345551,1,1,0,132,0,-0.290823519,-1.42052782,8.66630363,0.77251184,0.884121895,5.6402998,543.607788,76.2050018,0.910300016,0.0250000004,50,1,0.119999997,0.550000012,0.0133333337
C14_rand_29_r0,0,654,13.3759604,13,6.63366556,5.6402998,0.0234199986,0.00541999936,0.00425318256,0.00358439283,0.0144156069,6.96619654,14,3.66619492,10.4345551,1,1,0,133,0,-0.290823519,-1.42052782,8.66630363,0.77251184,0.884121895,5.6402998,543.607788,76.2050018,0.910300016,0.0250000004,50,1,0.119999997,0.550000012,0.0133333337
C14_rand_29_r0,0,655,13.4669905,13,6.01800585,5.6402998,0.0235761944,0.00557619333,0.00621888926,0.00526842941,0.0127315708,5.51428366,14,3.66619492,10.4345551,1,1,0,134,0,-0.290823519,-1.42052782,8.66630363,0.77251184,0.884121895,5.6402998,543.607788,76.2050018,0.910300016,0.0250000004,50,1,0.119999997,0.550000012,0.0133333337
C14_rand_29_r0,0,656,13.5580196,13,6.50082588,5.6402998,0.02384126,0.00584126078,0.004728714,0.00400088634,0.0139991138,6.8958602,14,3.66619492,10.4345551,1,1,0,135,0,-0.290823519,-1.42052782,8.66630363,0.77251184,0.884121895,5.6402998,543.607788,76.2050018,0.910300016,0.0250000004,50,1,0.119999997,0.550000012,0.0133333337
C14_rand_29_r0,0,657,13.6490498,13,6.72396278,5.6402998,0.0241745934,0.00617459416,0.00453665713,0.00306552532,0.0149344746,6.90652943,14,3.66619492,10.4345551,1,1,0,136,0,-0.290823519,-1.42052782,8.66630363,0.77251184,0.884121895,5.6402998,543.607788,76.2050018,0.910300016,0.0250000004,50,1,0.119999997,0.550000012,0.0133333337
C14_rand_29_r0,0,658,13.7400799,13,6.05131054,5.6402998,0.0243443195,0.00634431932,0.00574021693,0.00507697184,0.0129230283,5.50095892,14,3.66619492,10.4345551,1,1,0,137,0,-0.290823519,-1.42052782,8.66630363,0.77251184,0.884121895,5.6402998,543.607788,76.2050018,0.910300016,0.0250000004,50,1,0.119999997,0.550000012,0.0133333337
C14_rand_29_r0,0,659,13.83111,13,6.64529419,5.6402998,0.0246517714,0.00665177172,0.00448870379,0.00345400721,0.0145459929,7.13128042,14,3.66619492,10.4345551,1,1,0,138,0,-0.290823519,-1.42052782,8.66630363,0.77251184,0.884121895,5.6402998,543.607788,76.2050018,0.910300016,0.0250000004,50,1,0.119999997,0.550000012,0.0133333337
C14_rand_29_r0,0,660,13.9221401,13,5.7768321,5.6402998,0.02474094,0.0067409398,0.00654399116,0.00609428901,0.0119057111,5.06627226,14,3.66619492,10.4345551,1,1,0,139,0,-0.290823519,-1.42052782,8.66630363,0.77251184,0.884121895,5.6402998,543.607788,76.2050018,0.910300016,0.0250000004,50,1,0.119999997,0.550000012,0.0133333337
C14_rand_29_r0,0,661,14.0131702,14,6.13117647,5.6402998,0.0248921551,0.00689215539,0.00609675795,0.00543801021,0.0125619899,6.42109442,14,3.66619492,10.4345551,1,1,0,140,0,1.35014021,-0.196411178,9.04166985,0.748815179,1.93408966,5.6402998,543.607788,76.2050018,0.910300016,0.0250000004,50,1,0.119999997,0.550000012,0.0133333337
C14_rand_29_r0,0,662,14.1042004,14,6.67663765,5.6402998,0.0252052303,0.00720522972,0.00567404926,0.00362506299,0.0143749369,7.12292385,14,3.66619492,10.4345551,1,1,0,141,0,1.35014021,-0.196411178,9.04166985,0.748815179,1.93408966,5.6402998,543.607788,76.2050018,0.910300016,0.0250000004,50,1,0.119999997,0.550000012,0.0133333337
C14_rand_29_r0,0,663,14.1952295,14,6.30813646,5.6402998,0.0254429188,0.00744291861,0.00486334506,0.00431714905,0.0136828506,6.00663567,14,3.66619492,10.4345551,1,1,0,142,0,1.35014021,-0.196411178,9.04166985,0.748815179,1.93408966,5.6402998,543.607788,76.2050018,0.910300016,0.0250000004,50,1,0.119999997,0.550000012,0.0133333337
C14_rand_29_r0,0,664,14.2862597,14,6.18040514,5.6402998,0.0256325621,0.00763256289,0.00646763248,0.0048238025,0.0131761972,6.07589769,14,3.66619492,10.4345551,1,1,0,143,0,1.35014021,-0.196411178,9.04166985,0.748815179,1.93408966,5.6402998,543.607788,76.2050018,0.910300016,0.0250000004,50,1,0.119999997,0.550000012,0.0133333337
C14_rand_29_r0,0,665,14.3772898,14,6.70319796,5.6402998,0.0259594191,0.00795941986,0.00462958263,0.0032871007,0.014712899,7.13093758,14,3.66619492,10.4345551,1,1,0,144,0,1.35014021,-0.196411178,9.04166985,0.748815179,1.93408966,5.6402998,543.607788,76.2050018,0.910300016,0.0250000004,50,1,0.119999997,0.550000012,0.0133333337
C14_rand_29_r0,0,666,14.4683199,14,6.09099436,5.6402998,0.026139088,0.00813908875,0.00502465712,0.0049674646,0.0130325351,5.59010077,14,3.66619492,10.4345551,1,1,0,145,0,1.35014021,-0.196411178,9.04166985,0.748815179,1.93408966,5.6402998,543.607788,76.2050018,0.910300016,0.0250000004,50,1,0.119999997,0.550000012,0.0133333337
C14_rand_29_r0,0,667,14.55935,14,6.59810209,5.6402998,0.0264350902,0.00843508914,0.00418598717,0.00358793908,0.0144120613,7.01300812,14,3.66619492,10.4345551,1,1,0,146,0,1.35014021,-0.196411178,9.04166985,0.748815179,1.93408966,5.6402998,543.607788,76.2050018,0.910300016,0.0250000004,50,1,0.119999997,0.550000012,0.0133333337
C14_rand_29_r0,0,668,14.6503801,14,6.44804525,5.6402998,0.0267087966,0.00870879646,0.00520810904,0.0038746011,0.0141253993,6.32527208,14,3.66619492,10.4345551,1,1,0,147,0,1.35014021,-0.196411178,9.04166985,0.748815179,1.93408966,5.6402998,543.607788,76.2050018,0.910300016,0.0250000004,50,1,0.119999997,0.550000012,0.0133333337
C14_rand_29_r0,0,669,14.7414103,14,6.65836763,5.6402998,0.0270372108,0.00903721154,0.00314496737,0.00313280895,0.0148671912,6.83044958,14,3.66619492,10.4345551,1,1,0,148,0,1.35014021,-0.196411178,9.04166985,0.748815179,1.93408966,5.6402998,543.607788,76.2050018,0.910300016,0.0250000004,50,1,0.119999997,0.550000012,0.0133333337
C14_rand_29_r0,0,670,14.8324404,14,6.33165979,5.6402998,0.0272839908,0.00928399153,0.00430803699,0.00408194633,0.0139180543,6.06435347,14,3.66619492,10.4345551,1,1,0,149,0,1.35014021,-0.196411178,9.04166985,0.748815179,1.93408966,5.6402998,543.607788,76.2050018,0.910300016,0.0250000004,50,1,0.119999997,0.550000012,0.0133333337
C14_rand_29_r0,0,671,14.9234695,14,6.36555338,5.6402998,0.0275265798,0.00952658057,0.00461286819,0.00416348502,0.0138365151,6.3932848,14,3.66619492,10.4345551,1,1,0,150,0,1.35014021,-0.196411178,9.04166985,0.748815179,1.93408966,5.6402998,543.607788,76.2050018,0.910300016,0.0250000004,50,1,0.119999997,0.550000012,0.0133333337
C14_rand_29_r0,0,672,15.0144997,15,6.65258551,5.6402998,0.0278482027,0.00984820258,0.00433553662,0.00328972307,0.0147102773,6.88743019,14,3.66619492,10.4345551,1,1,0,151,0,0.0511391237,-0.278161198,8.4400444,0.786729872,1.99889827,5.6402998,543.607788,76.2050018,0.910300016,0.0250000004,50,1,0.119999997,0.550000012,0.0133333337
C14_rand_29_r0,0,673,15.1055298,15,6.6175704,5.6402998,0.0281732697,0.0101732705,0.00421125256,0.00317410193,0.0148258982,6.58892155,14,3.66619492,10.4345551,1,1,0,152,0,0.0511391237,-0.278161198,8.4400444,0.786729872,1.99889827,5.6402998,543.607788,76.2050018,0.910300016,0.0250000004,50,1,0.119999997,0.550000012,0.0133333337
C14_rand_29_r0,0,674,15.1965599,15,6.93958378,5.6402998,0.0285066031,0.0105066039,0.00297258329,0.00201539532,0.0159846041,7.20304918,14,3.66619492,10.4345551,1,1,0,153,0,0.0511391237,-0.278161198,8.4400444,0.786729872,1.99889827,5.6402998,543.607788,76.2050018,0.910300016,0.0250000004,50,1,0.119999997,0.550000012,0.0133333337
C14_rand_29_r0,0,675,15.28759,15,6.77495241,5.6402998,0.0288399365,0.0108399373,0.00445480319,0.00298116892,0.015018831,6.64025354,14,3.66619492,10.4345551,1,1,0,154,0,0.0511391237,-0.278161198,8.4400444,0.786729872,1.99889827,5.6402998,543.607788,76.2050018,0.910300016,0.0250000004,50,1,0.119999997,0.550000012,0.0133333337
C14_rand_29_r0,0,676,15.3786201,15,6.87759209,5.6402998,0.0291732699,0.0111732706,0.00331481476,0.00239008805,0.0156099116,6.96156979,14,3.66619492,10.4345551,1,1,0,155,0,0.0511391237,-0.278161198,8.4400444,0.786729872,1.99889827,5.6402998,543.607788,76.2050018,0.910300016,0.0250000004,50,1,0.119999997,0.550000012,0.0133333337
C14_rand_29_r0,0,677,15.4696503,15,6.48617983,5.6402998,0.0294637922,0.0114637921,0.00390147232,0.0038537106,0.0141462898,6.16593313,14,3.66619492,10.4345551,1,1,0,156,0,0.0511391237,-0.278161198,8.4400444,0.786729872,1.99889827,5.6402998,543.607788,76.2050018,0.910300016,0.0250000004,50,1,0.119999997,0.550000012,0.0133333337
C14_rand_29_r0,0,678,15.5606804,15,6.81725121,5.6402998,0.0297971256,0.0117971255,0.0035299873,0.00251736352,0.0154826362,7.08812761,14,3.66619492,10.4345551,1,1,0,157,0,0.0511391237,-0.278161198,8.4400444,0.786729872,1.99889827,5.6402998,543.607788,76.2050018,0.910300016,0.0250000004,50,1,0.119999997,0.550000012,0.0133333337
C14_rand_29_r0,0,679,15.6517096,15,6.76811504,5.6402998,0.030130459,0.0121304588,0.00391842984,0.0028199146,0.0151800858,6.7279129,14,3.66619492,10.4345551,1,1,0,158,0,0.0511391237,-0.278161198,8.4400444,0.786729872,1.99889827,5.6402998,543.607788,76.2050018,0.910300016,0.0250000004,50,1,0.119999997,0.550000012,0.0133333337
C14_rand_29_r0,0,680,15.7427397,15,6.85673523,5.6402998,0.0304637924,0.0124637922,0.00277960557,0.00244955532,0.0155504448,6.92924309,14,3.66619492,10.4345551,1,1,0,159,0,0.0511391237,-0.278161198,8.4400444,0.786729872,1.99889827,5.6402998,543.607788,76.2050018,0.910300016,0.0250000004,50,1,0.119999997,0.550000012,0.0133333337
C14_rand_29_r0,0,681,15.8337698,15,6.86218739,5.6402998,0.0307971258,0.0127971256,0.00273504131,0.00256470242,0.015435298,6.8666482,14,3.66619492,10.4345551,1,1,0,160,0,0.0511391237,-0.278161198,8.4400444,0.786729872,1.99889827,5.6402998,543.607788,76.2050018,0.910300016,0.0250000004,50,1,0.119999997,0.550000012,0.0133333337
C14_rand_29_r0,0,682,15.9247999,15,6.75642776,5.6402998,0.0311304592,0.013130459,0.00321955094,0.00292663765,0.0150733627,6.66989756,14,3.66619492,10.4345551,1,1,0,161,0,0.0511391237,-0.278161198,8.4400444,0.786729872,1.99889827,5.6402998,543.607788,76.2050018,0.910300016,0.0250000004,50,1,0.119999997,0.550000012,0.0133333337
C14_rand_29_r0,0,683,16.0158291,16,7.0123291,5.6402998,0.0314637907,0.0134637924,0.00277904468,0.00191155809,0.016088441,7.22170258,14,3.66619492,10.4345551,1,1,0,162,0,0.29329592,-1.67993093,8.03847885,0.758293867,1.29656744,5.6402998,543.607788,76.2050018,0.910300016,0.0250000004,50,1,0.119999997,0.550000012,0.0133333337
C14_rand_29_r0,0,684,16.1068592,16,7.31238699,5.6402998,0.0317971259,0.0137971258,0.00201816601,0.00129312172,0.0167068783,7.55788946,14,3.66619492,10.4345551,1,1,0,163,0,0.29329592,-1.67993093,8.03847885,0.758293867,1.29656744,5.6402998,543.607788,76.2050018,0.910300016,0.0250000004,50,1,0.119999997,0.550000012,0.0133333337
C14_rand_29_r0,0,685,16.1978893,16,7.17440081,5.6402998,0.0321304575,0.0141304592,0.00306100235,0.00220625545,0.0157937445,7.06150246,14,3.66619492,10.4345551,1,1,0,164,0,0.29329592,-1.67993093,8.03847885,0.758293867,1.29656744,5.6402998,543.607788,76.2050018,0.910300016,0.0250000004,50,1,0.119999997,0.550000012,0.0133333337
C14_rand_29_r0,0,686,16.2889194,16,7.49072456,5.6402998,0.0324637927,0.0144637926,0.00178865239,0.000940577593,0.017059423,7.74953508,14,3.66619492,10.4345551,1,1,0,165,0,0.29329592,-1.67993093,8.03847885,0.758293867,1.29656744,5.6402998,543.607788,76.2050018,0.910300016,0.0250000004,50,1,0.119999997,0.550000012,0.0133333337
C14_rand_29_r0,0,687,16.3799496,16,7.67744446,5.6402998,0.0327971242,0.0147971259,0.00150776096,0.000792161387,0.0172078386,7.83021545,14,3.66619492,10.4345551,1,1,0,166,0,0.29329592,-1.67993093,8.03847885,0.758293867,1.29656744,5.6402998,543.607788,76.2050018,0.910300016,0.0250000004,50,1,0.119999997,0.550000012,0.0133333337
C14_rand_29_r0,0,688,16.4709797,16,7.48634386,5.6402998,0.0331304595,0.0151304593,0.00177988969,0.00171235914,0.0162876416,7.32998848,14,3.66619492,10.4345551,1,1,0,167,0,0.29329592,-1.67993093,8.03847885,0.758293867,1.29656744,5.6402998,543.607788,76.2050018,0.910300016,0.0250000004,50,1,0.119999997,0.550000012,0.0133333337
C14_rand_29_r0,0,689,16.5620098,16,7.96190214,5.6402998,0.033463791,0.0154637927,0.00141172868,-0.000165845689,0.0181658454,8.35099506,14,3.66619492,10.4345551,1,1,0,168,0,0.29329592,-1.67993093,8.03847885,0.758293867,1.29656744,5.6402998,543.607788,76.2050018,0.910300016,0.0250000004,50,1,0.119999997,0.550000012,0.0133333337
C14_rand_29_r0,0,690,16.6530399,16,7.54021597,5.6402998,0.0337971263,0.0157971252,0.00237835571,0.00196031178,0.0160396881,7.19519949,14,3.66619492,10.4345551,1,1,0,169,0,0.29329592,-1.67993093,8.03847885,0.758293867,1.29656744,5.6402998,543.607788,76.2050018,0.910300016,0.0250000004,50,1,0.119999997,0.550000012,0.0133333337
C14_rand_29_r0,0,691,16.7440701,16,7.75079155,5.6402998,0.0341304578,0.0161304586,0.00104227907,0.000621328887,0.0173786711,7.92308092,14,3.66619492,10.4345551,1,1,0,170,0,0.29329592,-1.67993093,8.03847885,0.758293867,1.29656744,5.6402998,543.607788,76.2050018,0.910300016,0.0250000004,50,1,0.119999997,0.550000012,0.0133333337
C14_rand_29_r0,0,692,16.8351002,16,7.97805309,5.6402998,0.034463793,0.016463792,0.00108070695,0.000178154471,0.0178218447,8.16399384,14,3.66619492,10.4345551,1,1,0,171,0,0.29329592,-1.67993093,8.03847885,0.758293867,1.29656744,5.6402998,543.607788,76.2050018,0.910300016,0.0250000004,50,1,0.119999997,0.550000012,0.0133333337
C14_rand_29_r0,0,693,16.9261303,16,8.18115425,5.6402998,0.0347971246,0.0167971253,0.000991211389,-0.000159099975,0.0181591008,8.34732819,14,3.66619492,10.4345551,1,1,0,172,0,0.29329592,-1.67993093,8.03847885,0.758293867,1.29656744,5.6402998,543.607788,76.2050018,0.910300016,0.0250000004,50,1,0.119999997,0.550000012,0.0133333337
C14_rand_29_r0,0,694,17.0171604,17,8.35244656,5.6402998,0.0351304598,0.0171304587,0.00131651212,-0.000426324579,0.0184263252,8.49259377,14,3.66619492,10.4345551,1,1,0,173,0,0.514136553,0.384797215,8.42047405,0.777251184,0.731812298,5.6402998,543.607788,76.2050018,0.910300016,0.0250000004,50,1,0.119999997,0.550000012,0.0133333337
C14_rand_29_r0,0,695,17.1081905,17,8.22291183,5.6402998,0.0354637913,0.0174637921,0.00219567888,0.000264732342,0.0177352671,8.11693001,14,3.66619492,10.4345551,1,1,0,174,0,0.514136553,0.384797215,8.42047405,0.777251184,0.731812298,5.6402998,543.607788,76.2050018,0.910300016,0.0250000004,50,1,0.119999997,0.550000012,0.0133333337
C14_rand_29_r0,0,696,17.1992207,17,8.01957417,5.6402998,0.0357971266,0.0177971255,0.0012261587,0.000749867584,0.0172501318,7.85320663,14,3.66619492,10.4345551,1,1,0,175,0,0.514136553,0.384797215,8.42047405,0.777251184,0.731812298,5.6402998,543.607788,76.2050018,0.910300016,0.0250000004,50,1,0.119999997,0.550000012,0.0133333337
C14_rand_29_r0,0,697,17.2902508,17,8.37248898,5.6402998,0.0361304581,0.0181304589,0.00135362323,-0.000736555667,0.0187365562,8.66123772,14,3.66619492,10.4345551,1,1,0,176,0,0.514136553,0.384797215,8.42047405,0.777251184,0.731812298,5.6402998,543.607788,76.2050018,0.910300016,0.0250000004,50,1,0.119999997,0.550000012,0.0133333337
C14_rand_29_r0,0,698,17.3812809,17,8.12510586,5.6402998,0.0364637934,0.0184637923,0.00162819948,0.000622028834,0.0173779707,7.92270088,14,3.66619492,10.4345551,1,1,0,177,0,0.514136553,0.384797215,8.42047405,0.777251184,0.731812298,5.6402998,543.607788,76.2050018,0.910300016,0.0250000004,50,1,0.119999997,0.550000012,0.0133333337
C14_rand_29_r0,0,699,17.4723091,17,8.2407732,5.6402998,0.0367971249,0.0187971257,0.000579477753,-0.000137175623,0.0181371756,8.33541012,14,3.66619492,10.4345551,1,1,0,178,0,0.514136553,0.384797215,8.42047405,0.777251184,0.731812298,5.6402998,543.607788,76.2050018,0.910300016,0.0250000004,50,1,0.119999997,0.550000012,0.0133333337
C14_rand_29_r0,0,700,17.5633392,17,8.23748398,5.6402998,0.0371304601,0.0191304591,0.000854353013,4.79156151e-05,0.0179520845,8.23479271,14,3.66619492,10.4345551,1,1,0,179,0,0.514136553,0.384797215,8.42047405,0.777251184,0.731812298,5.6402998,543.607788,76.2050018,0.910300016,0.0250000004,50,1,0.119999997,0.550000012,0.0133333337
C14_rand_29_r0,0,701,17.6543694,17,8.20836353,5.6402998,0.0374637917,0.0194637924,0.000666363398,0.000140363059,0.0178596377,8.18453789,14,3.66619492,10.4345551,1,1,0,180,0,0.514136553,0.384797215,8.42047405,0.777251184,0.731812298,5.6402998,543.607788,76.2050018,0.910300016,0.0250000004,50,1,0.119999997,0.550000012,0.0133333337
C14_rand_29_r0,0,702,17.7453995,17,8.4238863,5.6402998,0.0377971269,0.0197971258,0.00224195514,-0.000624316453,0.0186243169,8.60022354,14,3.66619492,10.4345551,1,1,0,181,0,0.514136553,0.384797215,8.42047405,0.777251184,0.731812298,5.6402998,543.607788,76.2050018,0.910300016,0.0250000004,50,1,0.119999997,0.550000012,0.0133333337
C14_rand_29_r0,0,703,17.8364296,17,8.40754795,5.6402998,0.0381304584,0.0201304592,0.00124758296,-0.000245286006,0.0182452854,8.39417934,14,3.66619492,10.4345551,1,1,0,182,0,0.514136553,0.384797215,8.42047405,0.777251184,0.731812298,5.6402998,543.607788,76.2050018,0.910300016,0.0250000004,50,1,0.119999997,0.550000012,0.0133333337
C14_rand_29_r0,0,704,17.9274597,17,8.78886223,5.6402998,0.0384637937,0.0204637926,0.0018347021,-0.00154524273,0.0195452422,9.10084629,14,3.66619492,10.4345551,1,1,0,183,0,0.514136553,0.384797215,8.42047405,0.777251184,0.731812298,5.6402998,543.607788,76.2050018,0.910300016,0.0250000004,50,1,0.119999997,0.550000012,0.0133333337
C14_rand_29_r0,0,705,18.0184898,18,8.37496567,5.6402998,0.0387971252,0.020797126,0.00192800537,0.000413014292,0.0175869856,8.03632259,14,3.66619492,10.4345551,1,1,0,184,0,1.12756193,-0.151333511,9.06434822,0.739336491,0.309776545,5.6402998,543.607788,76.2050018,0.910300016,0.0250000004,50,1,0.119999997,0.550000012,0.0133333337
C14_rand_29_r0,0,706,18.10952,18,7.93228292,5.6402998,0.0391304605,0.0211304594,0.00243476895,0.0012706815,0.0167293176,7.57008791,14,3.66619492,10.4345551,1,1,0,185,0,1.12756193,-0.151333511,9.06434822,0.739336491,0.309776545,5.6402998,543.607788,76.2050018,0.910300016,0.0250000004,50,1,0.119999997,0.550000012,0.0133333337
C14_rand_29_r0,0,707,18.2005501,18,7.61377096,5.6402998,0.039463792,0.0214637928,0.00267218007,0.00166971504,0.016330285,7.35317039,14,3.66619492,10.4345551,1,1,0,186,0,1.12756193,-0.151333511,9.06434822,0.739336491,0.309776545,5.6402998,543.607788,76.2050018,0.910300016,0.0250000004,50,1,0.119999997,0.550000012,0.0133333337
C14_rand_29_r0,0,708,18.2915802,18,8.229702,5.6402998,0.0397971272,0.0217971262,0.00204803376,-0.000869752723,0.0188697521,8.73364449,14,3.66619492,10.4345551,1,1,0,187,0,1.12756193,-0.151333511,9.06434822,0.739336491,0.309776545,5.6402998,543.607788,76.2050018,0.910300016,0.0250000004,50,1,0.119999997,0.550000012,0.0133333337
C14_rand_29_r0,0,709,18.3826103,18,8.64524364,5.6402998,0.0401304588,0.0221304595,0.00374729093,-0.00133256521,0.0193325654,8.98523331,14,3.66619492,10.4345551,1,1,0,188,0,1.12756193,-0.151333511,9.06434822,0.739336491,0.309776545,5.6402998,543.607788,76.2050018,0.910300016,0.0250000004,50,1,0.119999997,0.550000012,0.0133333337
C14_rand_29_r0,0,710,18.4736404,18,8.85017681,5.6402998,0.040463794,0.0224637929,0.00232800841,-0.00139256474,0.0193925649,9.01784992,14,3.66619492,10.4345551,1,1,0,189,0,1.12756193,-0.151333511,9.06434822,0.739336491,0.309776545,5.6402998,543.607788,76.2050018,0.910300016,0.0250000004,50,1,0.119999997,0.550000012,0.0133333337
C14_rand_29_r0,0,711,18.5646706,18,9.17573833,5.6402998,0.0407971255,0.0227971263,0.00239348016,-0.00217301049,0.0201730113,9.44210625,14,3.66619492,10.4345551,1,1,0,190,0,1.12756193,-0.151333511,9.06434822,0.739336491,0.309776545,5.6402998,543.607788,76.2050018,0.910300016,0.0250000004,50,1,0.119999997,0.550000012,0.0133333337
C14_rand_29_r0,0,712,18.6557007,18,8.3972311,5.6402998,0.0411304608,0.0231304597,0.00148071151,0.000920828315,0.0170791708,7.76027107,14,3.66619492,10.4345551,1,1,0,191,0,1.12756193,-0.151333511,9.06434822,0.739336491,0.309776545,5.6402998,543.607788,76.2050018,0.910300016,0.0250000004,50,1,0.119999997,0.550000012,0.0133333337
C14_rand_29_r0,0,713,18.7467308,18,8.07713795,5.6402998,0.0414637923,0.0234637931,0.00253252429,0.000819703855,0.0171802957,7.81524277,14,3.66619492,10.4345551,1,1,0,192,0,1.12756193,-0.151333511,9.06434822,0.739336491,0.309776545,5.6402998,543.607788,76.2050018,0.910300016,0.0250000004,50,1,0.119999997,0.550000012,0.0133333337
C14_rand_29_r0,0,714,18.8377609,18,8.46232033,5.6402998,0.0417971276,0.0237971265,0.00125309499,-0.0009503701,0.0189503692,8.77746868,14,3.66619492,10.4345551,1,1,0,193,0,1.12756193,-0.151333511,9.06434822,0.739336491,0.309776545,5.6402998,543.607788,76.2050018,0.910300016,0.0250000004,50,1,0.119999997,0.550000012,0.0133333337
C14_rand_29_r0,0,715,18.9287891,18,7.95415878,5.6402998,0.0421304591,0.0241304599,0.00136858155,0.00132899103,0.0166710094,7.53839064,14,3.66619492,10.4345551,1,1,0,194,0,1.12756193,-0.151333511,9.06434822,0.739336491,0.309776545,5.6402998,543.607788,76.2050018,0.910300016,0.0250000004,50,1,0.119999997,0.550000012,0.0133333337
C14_rand_29_r0,0,716,19.0198193,19,8.43156528,5.6402998,0.0424637906,0.0244637933,0.00111748069,-0.00103260309,0.0190326031,8.82217121,14,3.66619492,10.4345551,1,1,0,195,0,-0.167591095,-1.37566519,8.7551651,0.77251184,1.53660095,5.6402998,543.607788,76.2050018,0.910300016,0.0250000004,50,1,0.119999997,0.550000012,0.0133333337
C14_rand_29_r0,0,717,19.1108494,19,8.67788887,5.6402998,0.0427971259,0.0247971248,0.00194143993,-0.00113792578,0.0191379264,8.879426,14,3.66619492,10.4345551,1,1,0,196,0,-0.167591095,-1.37566519,8.7551651,0.77251184,1.53660095,5.6402998,543.607788,76.2050018,0.910300016,0.0250000004,50,1,0.119999997,0.550000012,0.0133333337
C14_rand_29_r0,0,718,19.2018795,19,8.4788208,5.6402998,0.0431304574,0.0251304582,0.000967818953,-0.000101371596,0.0181013718,8.31594658,14,3.66619492,10.4345551,1,1,0,197,0,-0.167591095,-1.37566519,8.7551651,0.77251184,1.53660095,5.6402998,543.607788,76.2050018,0.910300016,0.0250000004,50,1,0.119999997,0.550000012,0.0133333337
C14_rand_29_r0,0,719,19.2929096,19,7.8801322,5.6402998,0.0434637927,0.0254637916,0.0026608631,0.0016014193,0.0163985807,7.39029646,14,3.66619492,10.4345551,1,1,0,198,0,-0.167591095,-1.37566519,8.7551651,0.77251184,1.53660095,5.6402998,543.607788,76.2050018,0.910300016,0.0250000004,50,1,0.119999997,0.550000012,0.0133333337
C14_rand_29_r0,0,720,19.3839397,19,7.93951559,5.6402998,0.0437971242,0.025797125,0.0018706749,0.000501718547,0.0174982809,7.98810244,14,3.66619492,10.4345551,1,1,0,199,0,-0.167591095,-1.37566519,8.7551651,0.77251184,1.53660095,5.6402998,543.607788,76.2050018,0.910300016,0.0250000004,50,1,0.119999997,0.550000012,0.0133333337
C14_rand_29_r0,0,721,19.4749699,19,8.33277416,5.6402998,0.0441304594,0.0261304583,0.0019684399,-0.000724217796,0.018724218,8.65453053,14,3.66619492,10.4345551,1,1,0,200,0,-0.167591095,-1.37566519,8.7551651,0.77251184,1.53660095,5.6402998,543.607788,76.2050018,0.910300016,0.0250000004,50,1,0.119999997,0.550000012,0.0133333337
C14_rand_29_r0,0,722,19.566,19,7.63671112,5.6402998,0.044463791,0.0264637917,0.00240163878,0.00219576596,0.0158042349,7.06720495,14,3.66619492,10.4345551,1,1,0,201,0,-0.167591095,-1.37566519,8.7551651,0.77251184,1.53660095,5.6402998,543.607788,76.2050018,0.910300016,0.0250000004,50,1,0.119999997,0.550000012,0.0133333337
C14_rand_29_r0,0,723,19.6570301,19,8.42403221,5.6402998,0.0447971262,0.0267971251,0.00247052847,-0.00148519524,0.0194851961,9.06820393,14,3.66619492,10.4345551,1,1,0,202,0,-0.167591095,-1.37566519,8.7551651,0.77251184,1.53660095,5.6402998,543.607788,76.2050018,0.910300016,0.0250000004,50,1,0.119999997,0.550000012,0.0133333337
C14_rand_29_r0,0,724,19.7480602,19,8.30582905,5.6402998,0.0451304577,0.0271304585,0.000579976127,9.51463589e-05,0.0179048534,8.20911789,14,3.66619492,10.4345551,1,1,0,203,0,-0.167591095,-1.37566519,8.7551651,0.77251184,1.53660095,5.6402998,543.607788,76.2050018,0.910300016,0.0250000004,50,1,0.119999997,0.550000012,0.0133333337
C14_rand_29_r0,0,725,19.8390903,19,8.31518745,5.6402998,0.045463793,0.0274637919,0.00185352575,-0.0001140604,0.0181140602,8.32284451,14,3.66619492,10.4345551,1,1,0,204,0,-0.167591095,-1.37566519,8.7551651,0.77251184,1.53660095,5.6402998,543.607788,76.2050018,0.910300016,0.0250000004,50,1,0.119999997,0.550000012,0.0133333337
C14_rand_29_r0,0,726,19.9301205,19,7.82012463,5.6402998,0.0457971245,0.0277971253,0.00161988894,0.00155584142,0.0164441578,7.41507292,14,3.66619492,10.4345551,1,1,0,205,0,-0.167591095,-1.37566519,8.7551651,0.77251184,1.53660095,5.6402998,543.607788,76.2050018,0.910300016,0.0250000004,50,1,0.119999997,0.550000012,0.0133333337
C14_rand_29_r0,0,727,20.0211506,20,8.21643925,5.6402998,0.0461304598,0.0281304587,0.0035998458,-0.000514811778,0.018514812,8.54069614,14,3.66619492,10.4345551,1,1,0,206,0,0.19327113,-0.330100477,9.34872532,0.753554523,0.969096184,5.6402998,543.607788,76.2050018,0.910300016,0.0250000004,50,1,0.119999997,0.550000012,0.0133333337
C14_rand_29_r0,0,728,20.1121807,20,8.28037739,5.6402998,0.0464637913,0.0284637921,0.000256484782,-0.000132173634,0.0181321744,8.33269119,14,3.66619492,10.4345551,1,1,0,207,0,0.19327113,-0.330100477,9.34872532,0.753554523,0.969096184,5.6402998,543.607788,76.2050018,0.910300016,0.0250000004,50,1,0.119999997,0.550000012,0.0133333337
C14_rand_29_r0,0,729,20.2032108,20,8.57000828,5.6402998,0.0467971265,0.0287971254,0.00223485916,-0.00100465526,0.019004656,8.80697918,14,3.66619492,10.4345551,1,1,0,208,0,0.19327113,-0.330100477,9.34872532,0.753554523,0.969096184,5.6402998,543.607788,76.2050018,0.910300016,0.0250000004,50,1,0.119999997,0.550000012,0.0133333337
C14_rand_29_r0,0,730,20.294241,20,7.43719721,5.6402998,0.0471304581,0.0291304588,0.00332514057,0.00322013139,0.0147798685,6.51035166,14,3.66619492,10.4345551,1,1,0,209,0,0.19327113,-0.330100477,9.34872532,0.753554523,0.969096184,5.6402998,543.607788,76.2050018,0.910300016,0.0250000004,50,1,0.119999997,0.550000012,0.0133333337
C14_rand_29_r0,0,731,20.3852692,20,7.93853188,5.6402998,0.0474637933,0.0294637922,0.000879682426,-0.000161650212,0.0181616507,8.34871483,14,3.66619492,10.4345551,1,1,0,210,0,0.19327113,-0.330100477,9.34872532,0.753554523,0.969096184,5.6402998,543.607788,76.2050018,0.910300016,0.0250000004,50,1,0.119999997,0.550000012,0.0133333337
C14_rand_29_r0,0,732,20.4762993,20,7.84370518,5.6402998,0.0477971248,0.0297971256,0.00208794395,0.000910068455,0.0170899313,7.76611996,14,3.66619492,10.4345551,1,1,0,211,0,0.19327113,-0.330100477,9.34872532,0.753554523,0.969096184,5.6402998,543.607788,76.2050018,0.910300016,0.0250000004,50,1,0.119999997,0.550000012,0.0133333337
C14_rand_29_r0,0,733,20.5673294,20,8.04626083,5.6402998,0.0481304601,0.030130459,0.00160841364,8.98676226e-05,0.0179101322,8.2119875,14,3.66619492,10.4345551,1,1,0,212,0,0.19327113,-0.330100477,9.34872532,0.753554523,0.969096184,5.6402998,543.607788,76.2050018,0.910300016,0.0250000004,50,1,0.119999997,0.550000012,0.0133333337
C14_rand_29_r0,0,734,20.6583595,20,8.21741962,5.6402998,0.0484637916,0.0304637924,0.00137267599,-0.000177734837,0.0181777347,8.35745811,14,3.66619492,10.4345551,1,1,0,213,0,0.19327113,-0.330100477,9.34872532,0.753554523,0.969096184,5.6402998,543.607788,76.2050018,0.910300016,0.0250000004,50,1,0.119999997,0.550000012,0.0133333337
C14_rand_29_r0,0,735,20.7493896,20,8.38861084,5.6402998,0.0487971269,0.0307971258,0.00168652146,-0.00049270154,0.0184927024,8.52867699,14,3.66619492,10.4345551,1,1,0,214,0,0.19327113,-0.330100477,9.34872532,0.753554523,0.969096184,5.6402998,543.607788,76.2050018,0.910300016,0.0250000004,50,1,0.119999997,0.550000012,0.0133333337
C14_rand_29_r0,0,736,20.8404198,20,7.95116758,5.6402998,0.0491304584,0.0311304592,0.00255809841,0.00122805568,0.0167719442,7.59325981,14,3.66619492,10.4345551,1,1,0,215,0,0.19327113,-0.330100477,9.34872532,0.753554523,0.969096184,5.6402998,543.607788,76.2050018,0.910300016,0.0250000004,50,1,0.119999997,0.550000012,0.0133333337
C14_rand_29_r0,0,737,20.9314499,20,8.2018528,5.6402998,0.0494637936,0.0314637907,0.00157215318,-0.000268794131,0.0182687938,8.40695858,14,3.66619492,10.4345551,1,1,0,216,0,0.19327113,-0.330100477,9.34872532,0.753554523,0.969096184,5.6402998,543.607788,76.2050018,0.910300016,0.0250000004,50,1,0.119999997,0.550000012,0.0133333337
C14_rand_29_r0,0,738,21.02248,21,7.82945156,5.6402998,0.0497971252,0.0317971259,0.00201641209,0.00135406677,0.0166459326,7.52475929,14,3.66619492,10.4345551,1,1,0,217,0,0.477839679,-0.563032925,8.72767544,0.748815179,0.995662987,5.6402998,543.607788,76.2050018,0.910300016,0.0250000004,50,1,0.119999997,0.550000012,0.0133333337
C14_rand_29_r0,0,739,21.1135101,21,8.07888317,5.6402998,0.0501304604,0.0321304575,0.00179126288,-4.06963409e-05,0.0180406962,8.2829628,14,3.66619492,10.4345551,1,1,0,218,0,0.477839679,-0.563032925,8.72767544,0.748815179,0.995662987,5.6402998,543.607788,76.2050018,0.910300016,0.0250000004,50,1,0.119999997,0.550000012,0.0133333337
C14_rand_29_r0,0,740,21.2045403,21,8.25592136,5.6402998,0.0504637919,0.0324637927,0.00135828834,-0.000257410866,0.0182574112,8.40077114,14,3.66619492,10.4345551,1,1,0,219,0,0.477839679,-0.563032925,8.72767544,0.748815179,0.995662987,5.6402998,543.607788,76.2050018,0.910300016,0.0250000004,50,1,0.119999997,0.550000012,0.0133333337
C14_rand_29_r0,0,741,21.2955704,21,8.06722164,5.6402998,0.0507971272,0.0327971242,0.00115396467,0.00064018491,0.0173598155,7.91283083,14,3.66619492,10.4345551,1,1,0,220,0,0.477839679,-0.563032925,8.72767544,0.748815179,0.995662987,5.6402998,543.607788,76.2050018,0.910300016,0.0250000004,50,1,0.119999997,0.550000012,0.0133333337
C14_rand_29_r0,0,742,21.3866005,21,9.11976624,5.6402998,0.0511304587,0.0331304595,0.00344043016,-0.00316422875,0.0211642291,9.98093987,14,3.66619492,10.4345551,1,1,0,221,0,0.477839679,-0.563032925,8.72767544,0.748815179,0.995662987,5.6402998,543.607788,76.2050018,0.910300016,0.0250000004,50,1,0.119999997,0.550000012,0.0133333337
C14_rand_29_r0,0,743,21.4776306,21,8.75777149,5.6402998,0.051463794,0.033463791,0.00108100777,-0.000369298592,0.0183692984,8.46159363,14,3.66619492,10.4345551,1,1,0,222,0,0.477839679,-0.563032925,8.72767544,0.748815179,0.995662987,5.6402998,543.607788,76.2050018,0.910300016,0.0250000004,50,1,0.119999997,0.550000012,0.0133333337
C14_rand_29_r0,0,744,21.5686607,21,8.17277718,5.6402998,0.0517971255,0.0337971263,0.00159572647,0.00104247103,0.0169575289,7.6941452,14,3.66619492,10.4345551,1,1,0,223,0,0.477839679,-0.563032925,8.72767544,0.748815179,0.995662987,5.6402998,543.607788,76.2050018,0.910300016,0.0250000004,50,1,0.119999997,0.550000012,0.0133333337
C14_rand_29_r0,0,745,21.6596909,21,7.95978689,5.6402998,0.0521304607,0.0341304578,0.00153310283,0.000874376565,0.0171256233,7.78552246,14,3.66619492,10.4345551,1,1,0,224,0,0.477839679,-0.563032925,8.72767544,0.748815179,0.995662987,5.6402998,543.607788,76.2050018,0.910300016,0.0250000004,50,1,0.119999997,0.550000012,0.0133333337
C14_rand_29_r0,0,746,21.7507191,21,7.90569019,5.6402998,0.0524637923,0.034463793,0.00109511043,0.000734741858,0.0172652584,7.86142921,14,3.66619492,10.4345551,1,1,0,225,0,0.477839679,-0.563032925,8.72767544,0.748815179,0.995662987,5.6402998,543.607788,76.2050018,0.910300016,0.0250000004,50,1,0.119999997,0.550000012,0.0133333337
C14_rand_29_r0,0,747,21.8417492,21,7.63014078,5.6402998,0.0527971275,0.0347971246,0.00216125348,0.00157493947,0.0164250601,7.40469122,14,3.66619492,10.4345551,1,1,0,226,0,0.477839679,-0.563032925,8.72767544,0.748815179,0.995662987,5.6402998,543.607788,76.2050018,0.910300016,0.0250000004,50,1,0.119999997,0.550000012,0.0133333337
C14_rand_29_r0,0,748,21.9327793,21,8.38734722,5.6402998,0.053130459,0.0351304598,0.00275142351,-0.00137238461,0.019372385,9.00687981,14,3.66619492,10.4345551,1,1,0,227,0,0.477839679,-0.563032925,8.72767544,0.748815179,0.995662987,5.6402998,543.607788,76.2050018,0.910300016,0.0250000004,50,1,0.119999997,0.550000012,0.0133333337
C14_rand_29_r0,0,749,22.0238094,22,8.4142952,5.6402998,0.0534637906,0.0354637913,0.0025038959,-0.000322849926,0.0183228496,8.43634415,14,3.66619492,10.4345551,1,1,0,228,0,0.322970599,-0.352204263,9.68977165,0.739336491,1.26083076,5.6402998,543.607788,76.2050018,0.910300016,0.0250000004,50,1,0.119999997,0.550000012,0.0133333337
C14_rand_29_r0,0,750,22.1148396,22,8.82640076,5.6402998,0.0537971258,0.0357971266,0.0022491042,-0.00166064198,0.0196606424,9.16357803,14,3.66619492,10.4345551,1,1,0,229,0,0.322970599,-0.352204263,9.68977165,0.739336491,1.26083076,5.6402998,543.607788,76.2050018,0.910300016,0.0250000004,50,1,0.119999997,0.550000012,0.0133333337
C14_rand_29_r0,0,751,22.2058697,22,8.02226257,5.6402998,0.0541304573,0.0361304581,0.00426700152,0.00164918439,0.0163508151,7.36433077,14,3.66619492,10.4345551,1,1,0,230,0,0.322970599,-0.352204263,9.68977165,0.739336491,1.26083076,5.6402998,543.607788,76.2050018,0.910300016,0.0250000004,50,1,0.119999997,0.550000012,0.0133333337
C14_rand_29_r0,0,752,22.2968998,22,7.74566936,5.6402998,0.0544637926,0.0364637934,0.00222891592,0.0013639885,0.0166360121,7.51936579,14,3.66619492,10.4345551,1,1,0,231,0,0.322970599,-0.352204263,9.68977165,0.739336491,1.26083076,5.6402998,543.607788,76.2050018,0.910300016,0.0250000004,50,1,0.119999997,0.550000012,0.0133333337
C14_rand_29_r0,0,753,22.3879299,22,8.14883232,5.6402998,0.0547971241,0.0367971249,0.00285140122,-0.000400754274,0.0184007548,8.47869396,14,3.66619492,10.4345551,1,1,0,232,0,0.322970599,-0.352204263,9.68977165,0.739336491,1.26083076,5.6402998,543.607788,76.2050018,0.910300016,0.0250000004,50,1,0.119999997,0.550000012,0.0133333337
C14_rand_29_r0,0,754,22.47896,22,8.63063526,5.6402998,0.0551304594,0.0371304601,0.00223727501,-0.00140541815,0.019405419,9.02483654,14,3.66619492,10.4345551,1,1,0,233,0,0.322970599,-0.352204263,9.68977165,0.739336491,1.26083076,5.6402998,543.607788,76.2050018,0.910300016,0.0250000004,50,1,0.119999997,0.550000012,0.0133333337
C14_rand_29_r0,0,755,22.5699902,22,9.01332569,5.6402998,0.0554637909,0.0374637917,0.00373973697,-0.00196023006,0.0199602302,9.326437,14,3.66619492,10.4345551,1,1,0,234,0,0.322970599,-0.352204263,9.68977165,0.739336491,1.26083076,5.6402998,543.607788,76.2050018,0.910300016,0.0250000004,50,1,0.119999997,0.550000012,0.0133333337
C14_rand_29_r0,0,756,22.6610203,22,8.62760639,5.6402998,0.0557971261,0.0377971269,0.00175367424,-9.41431863e-05,0.0180941429,8.31201744,14,3.66619492,10.4345551,1,1,0,235,0,0.322970599,-0.352204263,9.68977165,0.739336491,1.26083076,5.6402998,543.607788,76.2050018,0.910300016,0.0250000004,50,1,0.119999997,0.550000012,0.0133333337
C14_rand_29_r0,0,757,22.7520504,22,8.48309135,5.6402998,0.0561304577,0.0381304584,0.00202768878,-0.000191334824,0.0181913357,8.36485195,14,3.66619492,10.4345551,1,1,0,236,0,0.322970599,-0.352204263,9.68977165,0.739336491,1.26083076,5.6402998,543.607788,76.2050018,0.910300016,0.0250000004,50,1,0.119999997,0.550000012,0.0133333337
C14_rand_29_r0,0,758,22.8430805,22,8.60904598,5.6402998,0.0564637929,0.0384637937,0.00307952845,-0.000830119825,0.0188301206,8.71210003,14,3.66619492,10.4345551,1,1,0,237,0,0.322970599,-0.352204263,9.68977165,0.739336491,1.26083076,5.6402998,543.607788,76.2050018,0.910300016,0.0250000004,50,1,0.119999997,0.550000012,0.0133333337
C14_rand_29_r0,0,759,22.9341106,22,8.6825161,5.6402998,0.0567971244,0.0387971252,0.00305942213,-0.000886279508,0.0188862793,8.74262905,14,3.66619492,10.4345551,1,1,0,238,0,0.322970599,-0.352204263,9.68977165,0.739336491,1.26083076,5.6402998,543.607788,76.2050018,0.910300016,0.0250000004,50,1,0.119999997,0.550000012,0.0133333337
C14_rand_29_r0,0,760,23.0251408,23,8.90203953,5.6402998,0.0571304597,0.0391304605,0.00273489486,-0.00150992768,0.0195099283,9.08164883,14,3.66619492,10.4345551,1,1,0,239,0,4.10698795,-0.586613774,9.48783779,0.748815179,8.61392593,5.6402998,543.607788,76.2050018,0.910300016,0.0250000004,50,1,0.119999997,0.550000012,0.0133333337
C14_rand_29_r0,0,761,23.1161709,23,9.01003075,5.6402998,0.0574637912,0.039463792,0.00187488995,-0.00154071976,0.0195407197,9.09838772,14,3.66619492,10.4345551,1,1,0,240,0,4.10698795,-0.586613774,9.48783779,0.748815179,8.61392593,5.6402998,543.607788,76.2050018,0.910300016,0.0250000004,50,1,0.119999997,0.550000012,0.0133333337
C14_rand_29_r0,0,762,23.2071991,23,9.41536236,5.6402998,0.0577971265,0.0397971272,0.00292403367,-0.00273387646,0.0207338762,9.74699688,14,3.66619492,10.4345551,1,1,0,241,0,4.10698795,-0.586613774,9.48783779,0.748815179,8.61392593,5.6402998,543.607788,76.2050018,0.910300016,0.0250000004,50,1,0.119999997,0.550000012,0.0133333337
C14_rand_29_r0,0,763,23.2982292,23,8.96757984,5.6402998,0.058130458,0.0401304588,0.00169313408,-0.000626134919,0.0186261348,8.6012125,14,3.66619492,10.4345551,1,1,0,242,0,4.10698795,-0.586613774,9.48783779,0.748815179,8.61392593,5.6402998,543.607788,76.2050018,0.910300016,0.0250000004,50,1,0.119999997,0.550000012,0.0133333337
C14_rand_29_r0,0,764,23.3892593,23,8.78913403,5.6402998,0.0584637932,0.040463794,0.00269643241,-0.000703249301,0.0187032502,8.64313221,14,3.66619492,10.4345551,1,1,0,243,0,4.10698795,-0.586613774,9.48783779,0.748815179,8.61392593,5.6402998,543.607788,76.2050018,0.910300016,0.0250000004,50,1,0.119999997,0.550000012,0.0133333337
C14_rand_29_r0,0,765,23.4802895,23,8.77190018,5.6402998,0.0587971248,0.0407971255,0.00369150843,-0.000914189266,0.0189141892,8.75780106,14,3.66619492,10.4345551,1,1,0,244,0,4.10698795,-0.586613774,9.48783779,0.748815179,8.61392593,5.6402998,543.607788,76.2050018,0.910300016,0.0250000004,50,1,0.119999997,0.550000012,0.0133333337
C14_rand_29_r0,0,766,23.5713196,23,8.73468494,5.6402998,0.05913046,0.0411304608,0.00376058114,-0.000815651845,0.0188156515,8.70423508,14,3.66619492,10.4345551,1,1,0,245,0,4.10698795,-0.586613774,9.48783779,0.748815179,8.61392593,5.6402998,543.607788,76.2050018,0.910300016,0.0250000004,50,1,0.119999997,0.550000012,0.0133333337
C14_rand_29_r0,0,767,23.6623497,23,8.93109798,5.6402998,0.0594637915,0.0414637923,0.00336628174,-0.00152860186,0.0195286013,9.09180069,14,3.66619492,10.4345551,1,1,0,246,0,4.10698795,-0.586613774,9.48783779,0.748815179,8.61392593,5.6402998,543.607788,76.2050018,0.910300016,0.0250000004,50,1,0.119999997,0.550000012,0.0133333337
C14_rand_29_r0,0,768,23.7533798,23,9.09386539,5.6402998,0.0597971268,0.0417971276,0.00199411856,-0.00177738117,0.0197773818,9.22703838,14,3.66619492,10.4345551,1,1,0,247,0,4.10698795,-0.586613774,9.48783779,0.748815179,8.61392593,5.6402998,543.607788,76.2050018,0.910300016,0.0250000004,50,1,0.119999997,0.550000012,0.0133333337
C14_rand_29_r0,0,769,23.8444099,23,9.15949154,5.6402998,0.0601304583,0.0421304591,0.00199726084,-0.00175189879,0.0197518989,9.21318626,14,3.66619492,10.4345551,1,1,0,248,0,4.10698795,-0.586613774,9.48783779,0.748815179,8.61392593,5.6402998,543.607788,76.2050018,0.910300016,0.0250000004,50,1,0.119999997,0.550000012,0.0133333337
C14_rand_29_r0,0,770,23.9354401,23,8.7917757,5.6402998,0.0604637936,0.0424637906,0.000510641956,-0.000423240475,0.0184232406,8.49091721,14,3.66619492,10.4345551,1,1,0,249,0,4.10698795,-0.586613774,9.48783779,0.748815179,8.61392593,5.6402998,543.607788,76.2050018,0.910300016,0.0250000004,50,1,0.119999997,0.550000012,0.0133333337
C14_rand_29_r0,0,771,24.0264702,24,8.65320015,5.6402998,0.0607971251,0.0427971259,0.00177914451,-0.000513201347,0.0185132008,8.53982067,14,3.66619492,10.4345551,1,1,0,250,0,-1.99676585,-4.77964497,12.2649126,0.791469216,11.9931698,5.6402998,543.607788,76.2050018,0.910300016,0.0250000004,50,1,0.119999997,0.550000012,0.0133333337
C14_rand_29_r0,0,772,24.1175003,24,9.00748444,5.6402998,0.0611304604,0.0431304574,0.00267339149,-0.00190672954,0.0199067295,9.29735374,14,3.66619492,10.4345551,1,1,0,251,0,-1.99676585,-4.77964497,12.2649126,0.791469216,11.9931698,5.6402998,543.607788,76.2050018,0.910300016,0.0250000004,50,1,0.119999997,0.550000012,0.0133333337
C14_rand_29_r0,0,773,24.2085304,24,8.56007385,5.6402998,0.0614637919,0.0434637927,0.00229125447,0.000122938058,0.0178770628,8.19401073,14,3.66619492,10.4345551,1,1,0,252,0,-1.99676585,-4.77964497,12.2649126,0.791469216,11.9931698,5.6402998,543.607788,76.2050018,0.910300016,0.0250000004,50,1,0.119999997,0.550000012,0.0133333337
C14_rand_29_r0,0,774,24.2995605,24,8.08622742,5.6402998,0.0617971271,0.0437971242,0.00152213417,0.00103439682,0.0169656035,7.69853401,14,3.66619492,10.4345551,1,1,0,253,0,-1.99676585,-4.77964497,12.2649126,0.791469216,11.9931698,5.6402998,543.607788,76.2050018,0.910300016,0.0250000004,50,1,0.119999997,0.550000012,0.0133333337
C14_rand_29_r0,0,775,24.3905907,24,8.59148884,5.6402998,0.0621304587,0.0441304594,0.00153530133,-0.00136871624,0.0193687156,9.00488567,14,3.66619492,10.4345551,1,1,0,254,0,-1.99676585,-4.77964497,12.2649126,0.791469216,11.9931698,5.6402998,543.607788,76.2050018,0.910300016,0.0250000004,50,1,0.119999997,0.550000012,0.0133333337
C14_rand_29_r0,0,776,24.4816208,24,8.63252926,5.6402998,0.0624637939,0.044463791,0.00169211312,-0.000745514,0.0187455136,8.66610718,14,3.66619492,10.4345551,1,1,0,255,0,-1.99676585,-4.77964497,12.2649126,0.791469216,11.9931698,5.6402998,543.607788,76.2050018,0.910300016,0.0250000004,50,1,0.119999997,0.550000012,0.0133333337
C14_rand_29_r0,0,777,24.5726509,24,8.27846909,5.6402998,0.0627971292,0.0447971262,0.0011000376,0.0005004665,0.0174995344,7.98878288,14,3.66619492,10.4345551,1,1,0,256,0,-1.99676585,-4.77964497,12.2649126,0.791469216,11.9931698,5.6402998,543.607788,76.2050018,0.910300016,0.0250000004,50,1,0.119999997,0.550000012,0.0133333337
C14_rand_29_r0,0,778,24.6636791,24,7.97492743,5.6402998,0.0631304607,0.0451304577,0.00131817197,0.000982813537,0.0170171857,7.72657537,14,3.66619492,10.4345551,1,1,0,257,0,-1.99676585,-4.77964497,12.2649126,0.791469216,11.9931698,5.6402998,543.607788,76.2050018,0.910300016,0.0250000004,50,1,0.119999997,0.550000012,0.0133333337
C14_rand_29_r0,0,779,24.7547092,24,8.28220272,5.6402998,0.0634637922,0.045463793,0.000753434375,-0.000501774775,0.0185017753,8.53360939,14,3.66619492,10.4345551,1,1,0,258,0,-1.99676585,-4.77964497,12.2649126,0.791469216,11.9931698,5.6402998,543.607788,76.2050018,0.910300016,0.0250000004,50,1,0.119999997,0.550000012,0.0133333337
C14_rand_29_r0,0,780,24.8457394,24,7.8144536,5.6402998,0.0637971237,0.0457971245,0.00179310795,0.00152516295,0.0164748374,7.43174982,14,3.66619492,10.4345551,1,1,0,259,0,-1.99676585,-4.77964497,12.2649126,0.791469216,11.9931698,5.6402998,543.607788,76.2050018,0.910300016,0.0250000004,50,1,0.119999997,0.550000012,0.0133333337
C14_rand_29_r0,0,781,24.9367695,24,7.97813606,5.6402998,0.0641304627,0.0461304598,0.00174079242,0.000273693324,0.0177263059,8.11205864,14,3.66619492,10.4345551,1,1,0,260,0,-1.99676585,-4.77964497,12.2649126,0.791469216,11.9931698,5.6402998,543.607788,76.2050018,0.910300016,0.0250000004,50,1,0.119999997,0.550000012,0.0133333337
C14_rand_29_r0,0,782,25.0277996,25,8.02850056,5.6402998,0.0644637942,0.0464637913,0.000410607609,0.000351600145,0.0176484007,8.06970787,14,3.66619492,10.4345551,1,1,0,261,0,0.0330666304,-3.70761085,10.5507555,0.753554523,0.851576447,5.6402998,543.607788,76.2050018,0.910300016,0.0250000004,50,1,0.119999997,0.550000012,0.0133333337
C14_rand_29_r0,0,783,25.1188297,25,7.23557854,5.6402998,0.0647971258,0.0467971265,0.00334422896,0.00307945604,0.0149205439,6.58682394,14,3.66619492,10.4345551,1,1,0,262,0,0.0330666304,-3.70761085,10.5507555,0.753554523,0.851576447,5.6402998,543.607788,76.2050018,0.910300016,0.0250000004,50,1,0.119999997,0.550000012,0.0133333337
C14_rand_29_r0,0,784,25.2098598,25,7.02102661,5.6402998,0.0651304573,0.0471304581,0.00505560916,0.00260363542,0.015396365,6.84548378,14,3.66619492,10.4345551,1,1,0,263,0,0.0330666304,-3.70761085,10.5507555,0.753554523,0.851576447,5.6402998,543.607788,76.2050018,0.910300016,0.0250000004,50,1,0.119999997,0.550000012,0.0133333337
C14_rand_29_r0,0,785,25.30089,25,6.3110919,5.6402998,0.0653723478,0.0473723449,0.00480931811,0.00465520145,0.0133447982,5.73023653,14,3.66619492,10.4345551,1,1,0,264,0,0.0330666304,-3.70761085,10.5507555,0.753554523,0.851576447,5.6402998,543.607788,76.2050018,0.910300016,0.0250000004,50,1,0.119999997,0.550000012,0.0133333337
C14_rand_29_r0,0,786,25.3919201,25,6.15000629,5.6402998,0.0655542463,0.0475542471,0.00533398427,0.00489461841,0.0131053813,6.01820898,14,3.66619492,10.4345551,1,1,0,265,0,0.0330666304,-3.70761085,10.5507555,0.753554523,0.851576447,5.6402998,543.607788,76.2050018,0.910300016,0.0250000004,50,1,0.119999997,0.550000012,0.0133333337
C14_rand_29_r0,0,787,25.4829502,25,5.63371754,5.6402998,0.0655827299,0.0475827344,0.00775663415,0.00688353181,0.0111164683,5.21129942,14,3.66619492,10.4345551,1,1,0,266,0,0.0330666304,-3.70761085,10.5507555,0.753554523,0.851576447,5.6402998,543.607788,76.2050018,0.910300016,0.0250000004,50,1,0.119999997,0.550000012,0.0133333337
C14_rand_29_r0,0,788,25.4962826,25,5.20756865,5.6402998,0.0654672757,0.0474672765,0.00913315546,0.00882213749,0.00917786267,4.85890102,14,3.66619492,10.4345551,0,1,0,0,0,0.0330666304,-3.70761085,10.5507555,0.753554523,0.851576447,5.6402998,543.607788,76.2050018,0.910300016,0.0250000004,50,1,0.119999997,0.550000012,0.0133333337
C14_rand_29_r0,0,789,25.5096169,25,5.36624527,5.6402998,0.0653719082,0.047371909,0.0103441356,0.00886073522,0.00913926493,5.49607134,14,3.66619492,10.4345551,0,1,0,0,0,0.0330666304,-3.70761085,10.5507555,0.753554523,0.851576447,5.6402998,543.607788,76.2050018,0.910300016,0.0250000004,50,1,0.119999997,0.550000012,0.0133333337
C14_rand_29_r0,0,790,25.5229492,25,4.47390366,5.6402998,0.0650385767,0.0470385775,0.012029619,0.0119151883,0.00608481187,3.74380612,14,3.66619492,10.4345551,0,1,0,0,0,0.0330666304,-3.70761085,10.5507555,0.753554523,0.851576447,5.6402998,543.607788,76.2050018,0.910300016,0.0250000004,50,1,0.119999997,0.550000012,0.0133333337
C14_rand_29_r0,0,791,25.5362835,25,4.50785637,5.6402998,0.0647052452,0.0467052422,0.0127305118,0.0124600949,0.00553990528,4.53563595,14,3.66619492,10.4345551,0,1,0,0,0,0.0330666304,-3.70761085,10.5507555,0.753554523,0.851576447,5.6402998,543.607788,76.2050018,0.910300016,0.0250000004,50,1,0.119999997,0.550000012,0.0133333337
C14_rand_29_r0,0,792,25.5496159,25,3.73845124,5.6402998,0.0643719062,0.0463719107,0.0152350925,0.0150845926,0.00291540707,3.10893798,14,3.66619492,10.4345551,0,1,0,0,0,0.0330666304,-3.70761085,10.5507555,0.753554523,0.851576447,5.6402998,543.607788,76.2050018,0.910300016,0.0250000004,50,1,0.119999997,0.550000012,0.0133333337
C14_rand_29_r0,0,793,25.5629501,25,3.52451277,5.6402998,0.0640385747,0.0460385755,0.0159404874,0.0146421148,0.00335788494,3.34947228,14,3.66619492,10.4345551,0,0,0,0,0,0.0330666304,-3.70761085,10.5507555,0.753554523,0.851576447,5.6402998,543.607788,76.2050018,0.910300016,0.0250000004,50,1,0.119999997,0.550000012,0.0133333337
C14_rand_29_r0,0,794,25.5762825,25,2.49007511,5.6402998,0.0637052432,0.0457052439,0.0182822142,0.0177799575,0.000220042348,1.64371669,14,3.66619492,10.4345551,0,0,0,0,0,0.0330666304,-3.70761085,10.5507555,0.753554523,0.851576447,5.6402998,543.607788,76.2050018,0.910300016,0.0250000004,50,1,0.119999997,0.550000012,0.0133333337
C14_rand_29_r0,0,795,25.5896168,25,1.95878875,5.6402998,0.0633719116,0.0453719087,0.0186564326,0.0183559451,0,1.52409995,14,3.66619492,10.4345551,0,0,0,0,0,0.0330666304,-3.70761085,10.5507555,0.753554523,0.851576447,5.6402998,543.607788,76.2050018,0.910300016,0.0250000004,50,1,0.119999997,0.550000012,0.0133333337
C14_rand_29_r0,0,796,25.6029491,25,1.71970999,5.6402998,0.0630385727,0.0450385772,0.0213796999,0.0191847105,0,1.52409995,14,3.66619492,10.4345551,0,0,0,0,0,0.0330666304,-3.70761085,10.5507555,0.753554523,0.851576447,5.6402998,543.607788,76.2050018,0.910300016,0.0250000004,50,1,0.119999997,0.550000012,0.0133333337
C14_rand_29_r0,0,797,25.6162834,25,1.61212444,5.6402998,0.0627052411,0.0447052419,0.0223634075,0.0222393777,0,1.52409995,14,3.66619492,10.4345551,0,0,0,0,0,0.0330666304,-3.70761085,10.5507555,0.753554523,0.851576447,5.6402998,543.607788,76.2050018,0.910300016,0.0250000004,50,1,0.119999997,0.550000012,0.0133333337
C14_rand_29_r0,0,798,25.6296158,25,1.56371105,5.6402998,0.0623719096,0.0443719104,0.0232320912,0.023015555,0,1.52409995,14,3.66619492,10.4345551,0,0,0,0,0,0.0330666304,-3.70761085,10.5507555,0.753554523,0.851576447,5.6402998,543.607788,76.2050018,0.910300016,0.0250000004,50,1,0.119999997,0.550000012,0.0133333337
C14_rand_29_r0,0,799,25.6429501,25,1.54192495,5.6402998,0.0620385744,0.0440385751,0.0254537463,0.0244721361,0,1.52409995,14,3.66619492,10.4345551,0,0,0,0,0,0.0330666304,-3.70761085,10.5507555,0.753554523,0.851576447,5.6402998,543.607788,76.2050018,0.910300016,0.0250000004,50,1,0.119999997,0.550000012,0.0133333337
C14_rand_29_r0,0,800,25.6562824,25,1.53212118,5.6402998,0.0617052428,0.0437052436,0.0272571128,0.0254058428,0,1.52409995,14,3.66619492,10.4345551,0,0,0,0,0,0.0330666304,-3.70761085,10.5507555,0.753554523,0.851576447,5.6402998,543.607788,76.2050018,0.910300016,0.0250000004,50,1,0.119999997,0.550000012,0.0133333337
C14_rand_29_r0,0,801,25.6696167,25,1.5277096,5.6402998,0.0613719076,0.0433719084,0.0296470206,0.026831517,0,1.52409995,14,3.66619492,10.4345551,0,0,0,0,0,0.0330666304,-3.70761085,10.5507555,0.753554523,0.851576447,5.6402998,543.607788,76.2050018,0.910300016,0.0250000004,50,1,0.119999997,0.550000012,0.0133333337
C14_rand_29_r0,0,802,25.6829491,25,1.52572429,5.6402998,0.0610385761,0.0430385768,0.0302263014,0.0302213598,0,1.52409995,14,3.66619492,10.4345551,0,0,0,0,0,0.0330666304,-3.70761085,10.5507555,0.753554523,0.851576447,5.6402998,543.607788,76.2050018,0.910300016,0.0250000004,50,1,0.119999997,0.550000012,0.0133333337
C14_rand_29_r0,0,803,25.6962833,25,1.52483094,5.6402998,0.0607052445,0.0427052416,0.033045657,0.031627465,0,1.52409995,14,3.66619492,10.4345551,0,0,0,0,0,0.0330666304,-3.70761085,10.5507555,0.753554523,0.851576447,5.6402998,543.607788,76.2050018,0.910300016,0.0250000004,50,1,0.119999997,0.550000012,0.0133333337
C14_rand_29_r0,0,804,25.7096176,25,1.52442896,5.6402998,0.0603719093,0.0423719101,0.033904165,0.0326378234,0,1.52409995,14,3.66619492,10.4345551,0,0,0,0,0,0.0330666304,-3.70761085,10.5507555,0.753554523,0.851576447,5.6402998,543.607788,76.2050018,0.910300016,0.0250000004,50,1,0.119999997,0.550000012,0.0133333337
C14_rand_29_r0,0,805,25.72295,25,1.524248,5.6402998,0.0600385778,0.0420385748,0.0361830182,0.0357932486,0,1.52409995,14,3.66619492,10.4345551,0,0,0,0,0,0.0330666304,-3.70761085,10.5507555,0.753554523,0.851576447,5.6402998,543.607788,76.2050018,0.910300016,0.0250000004,50,1,0.119999997,0.550000012,0.0133333337
C14_rand_29_r0,0,806,25.7362843,25,1.52416658,5.6402998,0.0597052425,0.0417052433,0.03703719,0.0368317328,0,1.52409995,14,3.66619492,10.4345551,0,0,0,0,0,0.0330666304,-3.70761085,10.5507555,0.753554523,0.851576447,5.6402998,543.607788,76.2050018,0.910300016,0.0250000004,50,1,0.119999997,0.550000012,0.0133333337
C14_rand_29_r0,0,807,25.7496166,25,1.52412999,5.6402998,0.059371911,0.041371908,0.0395510644,0.0380115509,0,1.52409995,14,3.66619492,10.4345551,0,0,0,0,0,0.0330666304,-3.70761085,10.5507555,0.753554523,0.851576447,5.6402998,543.607788,76.2050018,0.910300016,0.0250000004,50,1,0.119999997,0.550000012,0.0133333337
C14_rand_29_r0,0,808,25.7629509,25,1.52411354,5.6402998,0.0590385757,0.0410385765,0.0401713662,0.039195355,0,1.52409995,14,3.66619492,10.4345551,0,0,0,0,0,0.0330666304,-3.70761085,10.5507555,0.753554523,0.851576447,5.6402998,543.607788,76.2050018,0.910300016,0.0250000004,50,1,0.119999997,0.550000012,0.0133333337
C14_rand_29_r0,0,809,25.7762833,25,1.52410603,5.6402998,0.0587052442,0.0407052413,0.0424561538,0.0417360887,0,1.52409995,14,3.66619492,10.4345551,0,0,0,0,0,0.0330666304,-3.70761085,10.5507555,0.753554523,0.851576447,5.6402998,543.607788,76.2050018,0.910300016,0.0250000004,50,1,0.119999997,0.550000012,0.0133333337
C14_rand_29_r0,0,810,25.7896175,25,1.52410269,5.6402998,0.058371909,0.0403719097,0.0434888452,0.0433903858,0,1.52409995,14,3.66619492,10.4345551,0,0,0,0,0,0.0330666304,-3.70761085,10.5507555,0.753554523,0.851576447,5.6402998,543.607788,76.2050018,0.910300016,0.0250000004,50,1,0.119999997,0.550000012,0.0133333337
C14_rand_29_r0,0,811,25.8029499,25,1.52410126,5.6402998,0.0580385774,0.0400385745,0.0453026332,0.0444187634,0,1.52409995,14,3.66619492,10.4345551,0,0,0,0,0,0.0330666304,-3.70761085,10.5507555,0.753554523,0.851576447,5.6402998,543.607788,76.2050018,0.910300016,0.0250000004,50,1,0.119999997,0.550000012,0.0133333337
C14_rand_29_r0,0,812,25.8162842,25,0.685845554,5.6402998,0.0577052422,0.039705243,0.0455846786,0.0454687588,0,0,14,3.66619492,10.4345551,0,0,0,0,0,0.0330666304,-3.70761085,10.5507555,0.753554523,0.851576447,5.6402998,543.607788,76.2050018,0.910300016,0.0250000004,50,1,0.119999997,0.550000012,0.0133333337
C14_rand_29_r0,0,813,25.8296165,25,0.308630496,5.6402998,0.0573719107,0.0393719077,0.0474025346,0.0463932902,0,0,14,3.66619492,10.4345551,0,0,0,0,0,0.0330666304,-3.70761085,10.5507555,0.753554523,0.851576447,5.6402998,543.607788,76.2050018,0.910300016,0.0250000004,50,1,0.119999997,0.550000012,0.0133333337
C14_rand_29_r0,0,814,25.8429508,25,0.138883725,5.6402998,0.0570385754,0.0390385762,0.0480620116,0.0473224334,0,0,14,3.66619492,10.4345551,0,0,0,0,0,0.0330666304,-3.70761085,10.5507555,0.753554523,0.851576447,5.6402998,543.607788,76.2050018,0.910300016,0.0250000004,50,1,0.119999997,0.550000012,0.0133333337
C14_rand_29_r0,0,815,25.8562832,25,0.0624976754,5.6402998,0.0567052439,0.0387052409,0.0498569719,0.0480979569,0,0,14,3.66619492,10.4345551,0,0,0,0,0,0.0330666304,-3.70761085,10.5507555,0.753554523,0.851576447,5.6402998,543.607788,76.2050018,0.910300016,0.0250000004,50,1,0.119999997,0.550000012,0.0133333337
C14_rand_29_r0,0,816,25.8696175,25,0.0281239543,5.6402998,0.0563719086,0.0383719094,0.050705485,0.0488781258,0,0,14,3.66619492,10.4345551,0,0,0,0,0,0.0330666304,-3.70761085,10.5507555,0.753554523,0.851576447,5.6402998,543.607788,76.2050018,0.910300016,0.0250000004,50,1,0.119999997,0.550000012,0.0133333337
C14_rand_29_r0,0,817,25.8829498,25,0.0126557797,5.6402998,0.0560385771,0.0380385779,0.0515136756,0.0514193811,0,0,14,3.66619492,10.4345551,0,0,0,0,0,0.0330666304,-3.70761085,10.5507555,0.753554523,0.851576447,5.6402998,543.607788,76.2050018,0.910300016,0.0250000004,50,1,0.119999997,0.550000012,0.0133333337
C14_rand_29_r0,0,818,25.8962841,25,0.00569510087,5.6402998,0.0557052419,0.0377052426,0.0526320897,0.0520550571,0,0,14,3.66619492,10.4345551,0,0,0,0,0,0.0330666304,-3.70761085,10.5507555,0.753554523,0.851576447,5.6402998,543.607788,76.2050018,0.910300016,0.0250000004,50,1,0.119999997,0.550000012,0.0133333337
C14_rand_29_r0,0,819,25.9096165,25,0.0025627953,5.6402998,0.0553719103,0.0373719111,0.0527067445,0.0525198169,0,0,14,3.66619492,10.4345551,0,0,0,0,0,0.0330666304,-3.70761085,10.5507555,0.753554523,0.851576447,5.6402998,543.607788,76.2050018,0.910300016,0.0250000004,50,1,0.119999997,0.550000012,0.0133333337
C14_rand_29_r0,0,820,25.9229507,25,0.00115325791,5.6402998,0.0550385751,0.0370385759,0.0539533198,0.0529936217,0,0,14,3.66619492,10.4345551,0,0,0,0,0,0.0330666304,-3.70761085,10.5507555,0.753554523,0.851576447,5.6402998,543.607788,76.2050018,0.910300016,0.0250000004,50,1,0.119999997,0.550000012,0.0133333337
C14_rand_29_r0,0,821,25.9362831,25,0.000518966059,5.6402998,0.0547052436,0.0367052443,0.0539785475,0.0532928333,0,0,14,3.66619492,10.4345551,0,0,0,0,0,0.0330666304,-3.70761085,10.5507555,0.753554523,0.851576447,5.6402998,543.607788,76.2050018,0.910300016,0.0250000004,50,1,0.119999997,0.550000012,0.0133333337
C14_rand_29_r0,0,822,25.9496174,25,0.000233534724,5.6402998,0.0543719083,0.0363719091,0.055239886,0.053585656,0,0,14,3.66619492,10.4345551,0,0,0,0,0,0.0330666304,-3.70761085,10.5507555,0.753554523,0.851576447,5.6402998,543.607788,76.2050018,0.910300016,0.0250000004,50,1,0.119999997,0.550000012,0.0133333337
C14_rand_29_r0,0,823,25.9629498,25,0.000105090628,5.6402998,0.0540385768,0.0360385776,0.0552073009,0.0536959805,0,0,14,3.66619492,10.4345551,0,0,0,0,0,0.0330666304,-3.70761085,10.5507555,0.753554523,0.851576447,5.6402998,543.607788,76.2050018,0.910300016,0.0250000004,50,1,0.119999997,0.550000012,0.0133333337
C14_rand_29_r0,0,824,25.976284,25,4.72907814e-05,5.6402998,0.0537052415,0.0357052423,0.0560100824,0.0557653531,0,0,14,3.66619492,10.4345551,0,0,0,0,0,0.0330666304,-3.70761085,10.5507555,0.753554523,0.851576447,5.6402998,543.607788,76.2050018,0.910300016,0.0250000004,50,1,0.119999997,0.550000012,0.0133333337
C14_rand_29_r0,0,825,25.9896164,25,2.12808518e-05,5.6402998,0.05337191,0.0353719108,0.0559624657,0.0557273589,0,0,14,3.66619492,10.4345551,0,0,0,0,0,0.0330666304,-3.70761085,10.5507555,0.753554523,0.851576447,5.6402998,543.607788,76.2050018,0.910300016,0.0250000004,50,1,0.119999997,0.550000012,0.0133333337
C14_rand_29_r0,0,826,26.0029507,26,9.57638349e-06,5.6402998,0.0530385748,0.0350385755,0.055854097,0.0555143654,0,0,14,3.66619492,10.4345551,0,0,0,0,0,-0.0732066035,-0.331458539,10.9828348,0.786729872,1.2504226,5.6402998,543.607788,76.2050018,0.910300016,0.0250000004,50,1,0.119999997,0.550000012,0.0133333337
C14_rand_29_r0,0,827,26.016283,26,4.30937234e-06,5.6402998,0.0527052432,0.034705244,0.0557097644,0.0552751422,0,0,14,3.66619492,10.4345551,0,0,0,0,0,-0.0732066035,-0.331458539,10.9828348,0.786729872,1.2504226,5.6402998,543.607788,76.2050018,0.910300016,0.0250000004,50,1,0.119999997,0.550000012,0.0133333337
C14_rand_29_r0,0,828,26.0296173,26,1.93921755e-06,5.6402998,0.052371908,0.0343719088,0.055703707,0.0549129546,0,0,14,3.66619492,10.4345551,0,0,0,0,0,-0.0732066035,-0.331458539,10.9828348,0.786729872,1.2504226,5.6402998,543.607788,76.2050018,0.910300016,0.0250000004,50,1,0.119999997,0.550000012,0.0133333337
C14_rand_29_r0,0,829,26.0429497,26,8.72647945e-07,5.6402998,0.0520385765,0.0340385772,0.0554782972,0.0545320846,0,0,14,3.66619492,10.4345551,0,0,0,0,0,-0.0732066035,-0.331458539,10.9828348,0.786729872,1.2504226,5.6402998,543.607788,76.2050018,0.910300016,0.0250000004,50,1,0.119999997,0.550000012,0.0133333337
C14_rand_29_r0,0,830,26.056284,26,3.92691561e-07,5.6402998,0.0517052412,0.033705242,0.0556435324,0.0540699698,0,0,14,3.66619492,10.4345551,0,0,0,0,0,-0.0732066035,-0.331458539,10.9828348,0.786729872,1.2504226,5.6402998,543.607788,76.2050018,0.910300016,0.0250000004,50,1,0.119999997,0.550000012,0.0133333337
C14_rand_29_r0,0,831,26.0696163,26,1.76711211e-07,5.6402998,0.0513719097,0.0333719105,0.0551494397,0.0540585555,0,0,14,3.66619492,10.4345551,0,0,0,0,0,-0.0732066035,-0.331458539,10.9828348,0.786729872,1.2504226,5.6402998,543.607788,76.2050018,0.910300016,0.0250000004,50,1,0.119999997,0.550000012,0.0133333337
C14_rand_29_r0,0,832,26.0829506,26,7.95200421e-08,5.6402998,0.0510385744,0.0330385752,0.0549872965,0.0535184965,0,0,14,3.66619492,10.4345551,0,0,0,0,0,-0.0732066035,-0.331458539,10.9828348,0.786729872,1.2504226,5.6402998,543.607788,76.2050018,0.910300016,0.0250000004,50,1,0.119999997,0.550000012,0.0133333337
C14_rand_29_r0,0,833,26.096283,26,3.57840193e-08,5.6402998,0.0507052429,0.0327052437,0.0544910654,0.0530291051,0,0,14,3.66619492,10.4345551,0,0,0,0,0,-0.0732066035,-0.331458539,10.9828348,0.786729872,1.2504226,5.6402998,543.607788,76.2050018,0.910300016,0.0250000004,50,1,0.119999997,0.550000012,0.0133333337
C14_rand_29_r0,0,834,26.1096172,26,1.6102808e-08,5.6402998,0.0503719077,0.0323719084,0.0540529862,0.0524359085,0,0,14,3.66619492,10.4345551,0,0,0,0,0,-0.0732066035,-0.331458539,10.9828348,0.786729872,1.2504226,5.6402998,543.607788,76.2050018,0.910300016,0.0250000004,50,1,0.119999997,0.550000012,0.0133333337
C14_rand_29_r0,0,835,26.1229496,26,7.24626403e-09,5.6402998,0.0500385761,0.0320385769,0.0538247004,0.0519337691,0,0,14,3.66619492,10.4345551,0,0,0,0,0,-0.0732066035,-0.331458539,10.9828348,0.786729872,1.2504226,5.6402998,543.607788,76.2050018,0.910300016,0.0250000004,50,1,0.119999997,0.550000012,0.0133333337
C14_rand_29_r0,0,836,26.1362839,26,3.26081873e-09,5.6402998,0.0497052446,0.0317052417,0.0531491116,0.0513226986,0,0,14,3.66619492,10.4345551,0,0,0,0,0,-0.0732066035,-0.331458539,10.9828348,0.786729872,1.2504226,5.6402998,543.607788,76.2050018,0.910300016,0.0250000004,50,1,0.119999997,0.550000012,0.0133333337
C14_rand_29_r0,0,837,26.1496162,26,1.46736845e-09,5.6402998,0.0493719094,0.0313719101,0.0531974435,0.0508337133,0,0,14,3.66619492,10.4345551,0,0,0,0,0,-0.0732066035,-0.331458539,10.9828348,0.786729872,1.2504226,5.6402998,543.607788,76.2050018,0.910300016,0.0250000004,50,1,0.119999997,0.550000012,0.0133333337
C14_rand_29_r0,0,838,26.1629505,26,6.60315802e-10,5.6402998,0.0490385778,0.0310385767,0.0521409847,0.0519584529,0,0,14,3.66619492,10.4345551,0,0,0,0,0,-0.0732066035,-0.331458539,10.9828348,0.786729872,1.2504226,5.6402998,543.607788,76.2050018,0.910300016,0.0250000004,50,1,0.119999997,0.550000012,0.0133333337
C14_rand_29_r0,0,839,26.1762829,26,2.97142116e-10,5.6402998,0.0487052426,0.0307052433,0.0523035526,0.051329419,0,0,14,3.66619492,10.4345551,0,0,0,0,0,-0.0732066035,-0.331458539,10.9828348,0.786729872,1.2504226,5.6402998,543.607788,76.2050018,0.910300016,0.0250000004,50,1,0.119999997,0.550000012,0.0133333337
C14_rand_29_r0,0,840,26.1896172,26,1.33713943e-10,5.6402998,0.048371911,0.03037191,0.0509211607,0.0508097671,0,0,14,3.66619492,10.4345551,0,0,0,0,0,-0.0732066035,-0.331458539,10.9828348,0.786729872,1.2504226,5.6402998,543.607788,76.2050018,0.910300016,0.0250000004,50,1,0.119999997,0.550000012,0.0133333337
C14_rand_29_r0,0,841,26.2029495,26,6.01712777e-11,5.6402998,0.0480385758,0.0300385766,0.0508302078,0.0501830019,0,0,14,3.66619492,10.4345551,0,0,0,0,0,-0.0732066035,-0.331458539,10.9828348,0.786729872,1.2504226,5.6402998,543.607788,76.2050018,0.910300016,0.0250000004,50,1,0.119999997,0.550000012,0.0133333337
C14_rand_29_r0,0,842,26.2162838,26,2.7077075e-11,5.6402998,0.0477052443,0.0297052432,0.0498174056,0.0496921055,0,0,14,3.66619492,10.4345551,0,0,0,0,0,-0.0732066035,-0.331458539,10.9828348,0.786729872,1.2504226,5.6402998,543.607788,76.2050018,0.910300016,0.0250000004,50,1,0.119999997,0.550000012,0.0133333337
C14_rand_29_r0,0,843,26.2296162,26,1.21846838e-11,5.6402998,0.047371909,0.0293719098,0.0494864285,0.0490772389,0,0,14,3.66619492,10.4345551,0,0,0,0,0,-0.0732066035,-0.331458539,10.9828348,0.786729872,1.2504226,5.6402998,543.607788,76.2050018,0.910300016,0.0250000004,50,1,0.119999997,0.550000012,0.0133333337
C14_rand_29_r0,0,844,26.2429504,26,5.48310746e-12,5.6402998,0.0470385775,0.0290385764,0.048854813,0.0486335047,0,0,14,3.66619492,10.4345551,0,0,0,0,0,-0.0732066035,-0.331458539,10.9828348,0.786729872,1.2504226,5.6402998,543.607788,76.2050018,0.910300016,0.0250000004,50,1,0.119999997,0.550000012,0.0133333337
C14_rand_29_r0,0,845,26.2562828,26,2.46739846e-12,5.6402998,0.0467052422,0.028705243,0.0482944697,0.0480390601,0,0,14,3.66619492,10.4345551,0,0,0,0,0,-0.0732066035,-0.331458539,10.9828348,0.786729872,1.2504226,5.6402998,543.607788,76.2050018,0.910300016,0.0250000004,50,1,0.119999997,0.550000012,0.0133333337
C14_rand_29_r0,0,846,26.2696171,26,1.11032928e-12,5.6402998,0.0463719107,0.0283719096,0.0480494574,0.0476508066,0,0,14,3.66619492,10.4345551,0,0,0,0,0,-0.0732066035,-0.331458539,10.9828348,0.786729872,1.2504226,5.6402998,543.607788,76.2050018,0.910300016,0.0250000004,50,1,0.119999997,0.550000012,0.0133333337
C14_rand_29_r0,0,847,26.2829494,26,4.99648174e-13,5.6402998,0.0460385755,0.0280385762,0.0472701043,0.0470851138,0,0,14,3.66619492,10.4345551,0,0,0,0,0,-0.0732066035,-0.331458539,10.9828348,0.786729872,1.2504226,5.6402998,543.607788,76.2050018,0.910300016,0.0250000004,50,1,0.119999997,0.550000012,0.0133333337
C14_rand_29_r0,0,848,26.2962837,26,2.24841684e-13,5.6402998,0.0457052439,0.0277052429,0.0471971147,0.0469934978,0,0,14,3.66619492,10.4345551,0,0,0,0,0,-0.0732066035,-0.331458539,10.9828348,0.786729872,1.2504226,5.6402998,543.607788,76.2050018,0.910300016,0.0250000004,50,1,0.119999997,0.550000012,0.0133333337
C14_rand_29_r0,0,849,26.3096161,26,1.01178756e-13,5.6402998,0.0453719087,0.0273719095,0.0464207157,0.0462254733,0,0,14,3.66619492,10.4345551,0,0,0,0,0,-0.0732066035,-0.331458539,10.9828348,0.786729872,1.2504226,5.6402998,543.607788,76.2050018,0.910300016,0.0250000004,50,1,0.119999997,0.550000012,0.0133333337
C14_rand_29_r0,0,850,26.3229504,26,4.553044e-14,5.6402998,0.0450385772,0.0270385761,0.0463599823,0.0462341383,0,0,14,3.66619492,10.4345551,0,0,0,0,0,-0.0732066035,-0.331458539,10.9828348,0.786729872,1.2504226,5.6402998,543.607788,76.2050018,0.910300016,0.0250000004,50,1,0.119999997,0.550000012,0.0133333337
C14_rand_29_r0,0,851,26.3362827,26,0.838254988,5.6402998,0.0447052419,0.0267052427,0.0452315398,0.0447833464,0,1.52409995,14,3.66619492,10.4345551,0,0,0,0,0,-0.0732066035,-0.331458539,10.9828348,0.786729872,1.2504226,5.6402998,543.607788,76.2050018,0.910300016,0.0250000004,50,1,0.119999997,0.550000012,0.0133333337
C14_rand_29_r0,0,852,26.349617,26,1.21546972,5.6402998,0.0443719104,0.0263719093,0.044722639,0.044475846,0,1.52409995,14,3.66619492,10.4345551,0,0,0,0,0,-0.0732066035,-0.331458539,10.9828348,0.786729872,1.2504226,5.6402998,543.607788,76.2050018,0.910300016,0.0250000004,50,1,0.119999997,0.550000012,0.0133333337
C14_rand_29_r0,0,853,26.3629494,26,1.38521636,5.6402998,0.0440385751,0.0260385759,0.0441794954,0.0435804687,0,1.52409995,14,3.66619492,10.4345551,0,0,0,0,0,-0.0732066035,-0.331458539,10.9828348,0.786729872,1.2504226,5.6402998,543.607788,76.2050018,0.910300016,0.0250000004,50,1,0.119999997,0.550000012,0.0133333337
C14_rand_29_r0,0,854,26.3762836,26,1.46160233,5.6402998,0.0437052436,0.0257052425,0.0433554985,0.0429301523,0,1.52409995,14,3.66619492,10.4345551,0,0,0,0,0,-0.0732066035,-0.331458539,10.9828348,0.786729872,1.2504226,5.6402998,543.607788,76.2050018,0.910300016,0.0250000004,50,1,0.119999997,0.550000012,0.0133333337
C14_rand_29_r0,0,855,26.389616,26,1.49597609,5.6402998,0.0433719084,0.0253719091,0.0431304462,0.0409502164,0,1.52409995,14,3.66619492,10.4345551,0,0,0,0,0,-0.0732066035,-0.331458539,10.9828348,0.786729872,1.2504226,5.6402998,543.607788,76.2050018,0.910300016,0.0250000004,50,1,0.119999997,0.550000012,0.0133333337
C14_rand_29_r0,0,856,26.4029503,26,1.51144421,5.6402998,0.0430385768,0.0250385758,0.042081736,0.0419388786,0,1.52409995,14,3.66619492,10.4345551,0,0,0,0,0,-0.0732066035,-0.331458539,10.9828348,0.786729872,1.2504226,5.6402998,543.607788,76.2050018,0.910300016,0.0250000004,50,1,0.119999997,0.550000012,0.0133333337
C14_rand_29_r0,0,857,26.4162827,26,1.51840496,5.6402998,0.0427052416,0.0247052424,0.0410517193,0.039903637,0,1.52409995,14,3.66619492,10.4345551,0,0,0,0,0,-0.0732066035,-0.331458539,10.9828348,0.786729872,1.2504226,5.6402998,543.607788,76.2050018,0.910300016,0.0250000004,50,1,0.119999997,0.550000012,0.0133333337
C14_rand_29_r0,0,858,26.4296169,26,1.52153718,5.6402998,0.0423719101,0.024371909,0.0412188694,0.0397715978,0,1.52409995,14,3.66619492,10.4345551,0,0,0,0,0,-0.0732066035,-0.331458539,10.9828348,0.786729872,1.2504226,5.6402998,543.607788,76.2050018,0.910300016,0.0250000004,50,1,0.119999997,0.550000012,0.0133333337
C14_rand_29_r0,0,859,26.4429493,26,1.52294672,5.6402998,0.0420385748,0.0240385756,0.0395212807,0.0389773138,0,1.52409995,14,3.66619492,10.4345551,0,0,0,0,0,-0.0732066035,-0.331458539,10.9828348,0.786729872,1.2504226,5.6402998,543.607788,76.2050018,0.910300016,0.0250000004,50,1,0.119999997,0.550000012,0.0133333337
C14_rand_29_r0,0,860,26.4562836,26,1.52358103,5.6402998,0.0417052433,0.0237052422,0.0394309498,0.0389063582,0,1.52409995,14,3.66619492,10.4345551,0,0,0,0,0,-0.0732066035,-0.331458539,10.9828348,0.786729872,1.2504226,5.6402998,543.607788,76.2050018,0.910300016,0.0250000004,50,1,0.119999997,0.550000012,0.0133333337
C14_rand_29_r0,0,861,26.4696159,26,1.52386642,5.6402998,0.041371908,0.0233719088,0.0386166796,0.0381685905,0,1.52409995,14,3.66619492,10.4345551,0,0,0,0,0,-0.0732066035,-0.331458539,10.9828348,0.786729872,1.2504226,5.6402998,543.607788,76.2050018,0.910300016,0.0250000004,50,1,0.119999997,0.550000012,0.0133333337
C14_rand_29_r0,0,862,26.4829502,26,1.52399492,5.6402998,0.0410385765,0.0230385754,0.0383251421,0.0381461196,0,1.52409995,14,3.66619492,10.4345551,0,0,0,0,0,-0.0732066035,-0.331458539,10.9828348,0.786729872,1.2504226,5.6402998,543.607788,76.2050018,0.910300016,0.0250000004,50,1,0.119999997,0.550000012,0.0133333337
C14_rand_29_r0,0,863,26.4962826,26,1.52405274,5.6402998,0.0407052413,0.022705242,0.0383866057,0.0374655947,0,1.52409995,14,3.66619492,10.4345551,0,0,0,0,0,-0.0732066035,-0.331458539,10.9828348,0.786729872,1.2504226,5.6402998,543.607788,76.2050018,0.910300016,0.0250000004,50,1,0.119999997,0.550000012,0.0133333337
C14_rand_29_r0,0,864,26.5096169,26,1.52407873,5.6402998,0.0403719097,0.0223719086,0.0379699431,0.0374886282,0,1.52409995,14,3.66619492,10.4345551,0,0,0,0,0,-0.0732066035,-0.331458539,10.9828348,0.786729872,1.2504226,5.6402998,543.607788,76.2050018,0.910300016,0.0250000004,50,1,0.119999997,0.550000012,0.0133333337
C14_rand_29_r0,0,865,26.5229492,26,1.52409041,5.6402998,0.0400385745,0.0220385753,0.0382347219,0.0380478837,0,1.52409995,14,3.66619492,10.4345551,0,0,0,0,0,-0.0732066035,-0.331458539,10.9828348,0.786729872,1.2504226,5.6402998,543.607788,76.2050018,0.910300016,0.0250000004,50,1,0.119999997,0.550000012,0.0133333337
C14_rand_29_r0,0,866,26.5362835,26,1.52409565,5.6402998,0.039705243,0.0217052419,0.0381378643,0.03634369,0,1.52409995,14,3.66619492,10.4345551,0,0,0,0,0,-0.0732066035,-0.331458539,10.9828348,0.786729872,1.2504226,5.6402998,543.607788,76.2050018,0.910300016,0.0250000004,50,1,0.119999997,0.550000012,0.0133333337
C14_rand_29_r0,0,867,26.5496159,26,1.52409804,5.6402998,0.0393719077,0.0213719103,0.0370673053,0.0354328863,0,1.52409995,14,3.66619492,10.4345551,0,0,0,0,0,-0.0732066035,-0.331458539,10.9828348,0.786729872,1.2504226,5.6402998,543.607788,76.2050018,0.910300016,0.0250000004,50,1,0.119999997,0.550000012,0.0133333337
C14_rand_29_r0,0,868,26.5629501,26,1.52409911,5.6402998,0.0390385762,0.021038577,0.0365693048,0.0358587317,0,1.52409995,14,3.66619492,10.4345551,0,0,0,0,0,-0.0732066035,-0.331458539,10.9828348,0.786729872,1.2504226,5.6402998,543.607788,76.2050018,0.910300016,0.0250000004,50,1,0.119999997,0.550000012,0.0133333337
C14_rand_29_r0,0,869,26.5762825,26,1.52409959,5.6402998,0.0387052409,0.0207052436,0.0354876146,0.0349288844,0,1.52409995,14,3.66619492,10.4345551,0,0,0,0,0,-0.0732066035,-0.331458539,10.9828348,0.786729872,1.2504226,5.6402998,543.607788,76.2050018,0.910300016,0.0250000004,50,1,0.119999997,0.550000012,0.0133333337
C14_rand_29_r0,0,870,26.5896168,26,1.52409983,5.6402998,0.0383719094,0.0203719102,0.0356250219,0.0352604799,0,1.52409995,14,3.66619492,10.4345551,0,0,0,0,0,-0.0732066035,-0.331458539,10.9828348,0.786729872,1.2504226,5.6402998,543.607788,76.2050018,0.910300016,0.0250000004,50,1,0.119999997,0.550000012,0.0133333337
C14_rand_29_r0,0,871,26.6029491,26,1.52409995,5.6402998,0.0380385779,0.0200385768,0.0345249288,0.0344746672,0,1.52409995,14,3.66619492,10.4345551,0,0,0,0,0,-0.0732066035,-0.331458539,10.9828348,0.786729872,1.2504226,5.6402998,543.607788,76.2050018,0.910300016,0.0250000004,50,1,0.119999997,0.550000012,0.0133333337
C14_rand_29_r0,0,872,26.6162834,26,1.52409995,5.6402998,0.0377052426,0.0197052434,0.0349297263,0.0348136909,0,1.52409995,14,3.66619492,10.4345551,0,0,0,0,0,-0.0732066035,-0.331458539,10.9828348,0.786729872,1.2504226,5.6402998,543.607788,76.2050018,0.910300016,0.0250000004,50,1,0.119999997,0.550000012,0.0133333337
C14_rand_29_r0,0,873,26.6296158,26,1.52409995,5.6402998,0.0373719111,0.01937191,0.0341811739,0.0340663753,0,1.52409995,14,3.66619492,10.4345551,0,0,0,0,0,-0.0732066035,-0.331458539,10.9828348,0.786729872,1.2504226,5.6402998,543.607788,76.2050018,0.910300016,0.0250000004,50,1,0.119999997,0.550000012,0.0133333337
C14_rand_29_r0,0,874,26.6429501,26,1.52409995,5.6402998,0.0370385759,0.0190385766,0.0349331312,0.0344053507,0,1.52409995,14,3.66619492,10.4345551,0,0,0,0,0,-0.0732066035,-0.331458539,10.9828348,0.786729872,1.2504226,5.6402998,543.607788,76.2050018,0.910300016,0.0250000004,50,1,0.119999997,0.550000012,0.0133333337
C14_rand_29_r0,0,875,26.6562824,26,1.52409995,5.6402998,0.0367052443,0.0187052432,0.0343737826,0.0339962505,0,1.52409995,14,3.66619492,10.4345551,0,0,0,0,0,-0.0732066035,-0.331458539,10.9828348,0.786729872,1.2504226,5.6402998,543.607788,76.2050018,0.910300016,0.0250000004,50,1,0.119999997,0.550000012,0.0133333337
C14_rand_29_r0,0,876,26.6696167,26,1.52409995,5.6402998,0.0363719091,0.0183719099,0.0350410379,0.0341759473,0,1.52409995,14,3.66619492,10.4345551,0,0,0,0,0,-0.0732066035,-0.331458539,10.9828348,0.786729872,1.2504226,5.6402998,543.607788,76.2050018,0.910300016,0.0250000004,50,1,0.119999997,0.550000012,0.0133333337
C14_rand_29_r0,0,877,26.6829491,26,1.52409995,5.6402998,0.0360385776,0.0180385765,0.0337510742,0.0335697904,0,1.52409995,14,3.66619492,10.4345551,0,0,0,0,0,-0.0732066035,-0.331458539,10.9828348,0.786729872,1.2504226,5.6402998,543.607788,76.2050018,0.910300016,0.0250000004,50,1,0.119999997,0.550000012,0.0133333337
C14_rand_29_r0,0,878,26.6962833,26,1.52409995,5.6402998,0.0357052423,0.0177052431,0.0338132344,0.0329889432,0,1.52409995,14,3.66619492,10.4345551,0,0,0,0,0,-0.0732066035,-0.331458539,10.9828348,0.786729872,1.2504226,5.6402998,543.607788,76.2050018,0.910300016,0.0250000004,50,1,0.119999997,0.550000012,0.0133333337
C14_rand_29_r0,0,879,26.7096176,26,1.52409995,5.6402998,0.0353719108,0.0173719097,0.0332893617,0.032493405,0,1.52409995,14,3.66619492,10.4345551,0,0,0,0,0,-0.0732066035,-0.331458539,10.9828348,0.786729872,1.2504226,5.6402998,543.607788,76.2050018,0.910300016,0.0250000004,50,1,0.119999997,0.550000012,0.0133333337
C14_rand_29_r0,0,880,26.72295,26,1.52409995,5.6402998,0.0350385755,0.0170385763,0.032822866,0.0326240212,0,1.52409995,14,3.66619492,10.4345551,0,0,0,0,0,-0.0732066035,-0.331458539,10.9828348,0.786729872,1.2504226,5.6402998,543.607788,76.2050018,0.910300016,0.0250000004,50,1,0.119999997,0.550000012,0.0133333337
C14_rand_29_r0,0,881,26.7362843,26,1.52409995,5.6402998,0.034705244,0.0167052429,0.0323591121,0.0321635678,0,1.52409995,14,3.66619492,10.4345551,0,0,0,0,0,-0.0732066035,-0.331458539,10.9828348,0.786729872,1.2504226,5.6402998,543.607788,76.2050018,0.910300016,0.0250000004,50,1,0.119999997,0.550000012,0.0133333337
C14_rand_29_r0,0,882,26.7496166,26,1.52409995,5.6402998,0.0343719088,0.0163719095,0.0323197506,0.0323081389,0,1.52409995,14,3.66619492,10.4345551,0,0,0,0,0,-0.0732066035,-0.331458539,10.9828348,0.786729872,1.2504226,5.6402998,543.607788,76.2050018,0.910300016,0.0250000004,50,1,0.119999997,0.550000012,0.0133333337
C14_rand_29_r0,0,883,26.7629509,26,1.52409995,5.6402998,0.0340385772,0.0160385761,0.0318492465,0.0318269469,0,1.52409995,14,3.66619492,10.4345551,0,0,0,0,0,-0.0732066035,-0.331458539,10.9828348,0.786729872,1.2504226,5.6402998,543.607788,76.2050018,0.910300016,0.0250000004,50,1,0.119999997,0.550000012,0.0133333337
C14_rand_29_r0,0,884,26.7762833,26,1.52409995,5.6402998,0.033705242,0.0157052428,0.0319800377,0.0318399481,0,1.52409995,14,3.66619492,10.4345551,0,0,0,0,0,-0.0732066035,-0.331458539,10.9828348,0.786729872,1.2504226,5.6402998,543.607788,76.2050018,0.910300016,0.0250000004,50,1,0.119999997,0.550000012,0.0133333337
C14_rand_29_r0,0,885,26.7896175,26,1.52409995,5.6402998,0.0333719105,0.0153719094,0.0316908509,0.0314784646,0,1.52409995,14,3.66619492,10.4345551,0,0,0,0,0,-0.0732066035,-0.331458539,10.9828348,0.786729872,1.2504226,5.6402998,543.607788,76.2050018,0.910300016,0.0250000004,50,1,0.119999997,0.550000012,0.0133333337
C14_rand_29_r0,0,886,26.8029499,26,1.52409995,5.6402998,0.0330385752,0.015038576,0.0318504386,0.0309903882,0,1.52409995,14,3.66619492,10.4345551,0,0,0,0,0,-0.0732066035,-0.331458539,10.9828348,0.786729872,1.2504226,5.6402998,543.607788,76.2050018,0.910300016,0.0250000004,50,1,0.119999997,0.550000012,0.0133333337
C14_rand_29_r0,0,887,26.8162842,26,1.52409995,5.6402998,0.0327052437,0.0147052426,0.0316673182,0.0312683098,0,1.52409995,14,3.66619492,10.4345551,0,0,0,0,0,-0.0732066035,-0.331458539,10.9828348,0.786729872,1.2504226,5.6402998,543.607788,76.2050018,0.910300016,0.0250000004,50,1,0.119999997,0.550000012,0.0133333337
C14_rand_29_r0,0,888,26.8296165,26,1.52409995,5.6402998,0.0323719084,0.0143719092,0.0316416062,0.0312252343,0,1.52409995,14,3.66619492,10.4345551,0,0,0,0,0,-0.0732066035,-0.331458539,10.9828348,0.786729872,1.2504226,5.6402998,543.607788,76.2050018,0.910300016,0.0250000004,50,1,0.119999997,0.550000012,0.0133333337
C14_rand_29_r0,0,889,26.8429508,26,1.52409995,5.6402998,0.0320385769,0.0140385758,0.0309759714,0.0308643505,0,1.52409995,14,3.66619492,10.4345551,0,0,0,0,0,-0.0732066035,-0.331458539,10.9828348,0.786729872,1.2504226,5.6402998,543.607788,76.2050018,0.910300016,0.0250000004,50,1,0.119999997,0.550000012,0.0133333337
C14_rand_29_r0,0,890,26.8562832,26,1.52409995,5.6402998,0.0317052417,0.0137052424,0.0308969505,0.0307227429,0,1.52409995,14,3.66619492,10.4345551,0,0,0,0,0,-0.0732066035,-0.331458539,10.9828348,0.786729872,1.2504226,5.6402998,543.607788,76.2050018,0.910300016,0.0250000004,50,1,0.119999997,0.550000012,0.0133333337
C14_rand_29_r0,0,891,26.8696175,26,1.52409995,5.6402998,0.0313719101,0.013371909,0.0304994006,0.0304372683,0,1.52409995,14,3.66619492,10.4345551,0,0,0,0,0,-0.0732066035,-0.331458539,10.9828348,0.786729872,1.2504226,5.6402998,543.607788,76.2050018,0.910300016,0.0250000004,50,1,0.119999997,0.550000012,0.0133333337
C14_rand_29_r0,0,892,26.8829498,26,1.52409995,5.6402998,0.0310385767,0.0130385756,0.0304281283,0.0295946337,0,1.52409995,14,3.66619492,10.4345551,0,0,0,0,0,-0.0732066035,-0.331458539,10.9828348,0.786729872,1.2504226,5.6402998,543.607788,76.2050018,0.910300016,0.0250000004,50,1,0.119999997,0.550000012,0.0133333337
C14_rand_29_r0,0,893,26.8962841,26,1.52409995,5.6402998,0.0307052433,0.0127052432,0.0301858094,0.0299860556,0,1.52409995,14,3.66619492,10.4345551,0,0,0,0,0,-0.0732066035,-0.331458539,10.9828348,0.786729872,1.2504226,5.6402998,543.607788,76.2050018,0.910300016,0.0250000004,50,1,0.119999997,0.550000012,0.0133333337
C14_rand_29_r0,0,894,26.9096165,26,1.52409995,5.6402998,0.03037191,0.0123719098,0.0294594727,0.0290878825,0,1.52409995,14,3.66619492,10.4345551,0,0,0,0,0,-0.0732066035,-0.331458539,10.9828348,0.786729872,1.2504226,5.6402998,543.607788,76.2050018,0.910300016,0.0250000004,50,1,0.119999997,0.550000012,0.0133333337
C14_rand_29_r0,0,895,26.9229507,26,1.52409995,5.6402998,0.0300385766,0.0120385764,0.0296360422,0.0290824641,0,1.52409995,14,3.66619492,10.4345551,0,0,0,0,0,-0.0732066035,-0.331458539,10.9828348,0.786729872,1.2504226,5.6402998,543.607788,76.2050018,0.910300016,0.0250000004,50,1,0.119999997,0.550000012,0.0133333337
C14_rand_29_r0,0,896,26.9362831,26,1.52409995,5.6402998,0.0297052432,0.011705243,0.0286761317,0.02856577,0,1.52409995,14,3.66619492,10.4345551,0,0,0,0,0,-0.0732066035,-0.331458539,10.9828348,0.786729872,1.2504226,5.6402998,543.607788,76.2050018,0.910300016,0.0250000004,50,1,0.119999997,0.550000012,0.0133333337
C14_rand_29_r0,0,897,26.9496174,26,1.52409995,5.6402998,0.0293719098,0.0113719096,0.0289789047,0.0280605536,0,1.52409995,14,3.66619492,10.4345551,0,0,0,0,0,-0.0732066035,-0.331458539,10.9828348,0.786729872,1.2504226,5.6402998,543.607788,76.2050018,0.910300016,0.0250000004,50,1,0.119999997,0.550000012,0.0133333337
C14_rand_29_r0,0,898,26.9629498,26,1.52409995,5.6402998,0.0290385764,0.0110385763,0.0280431807,0.0280288234,0,1.52409995,14,3.66619492,10.4345551,0,0,0,0,0,-0.0732066035,-0.331458539,10.9828348,0.786729872,1.2504226,5.6402998,543.607788,76.2050018,0.910300016,0.0250000004,50,1,0.119999997,0.550000012,0.0133333337
C14_rand_29_r0,0,899,26.976284,26,1.52409995,5.6402998,0.028705243,0.0107052429,0.0282953661,0.0275383182,0,1.52409995,14,3.66619492,10.4345551,0,0,0,0,0,-0.0732066035,-0.331458539,10.9828348,0.786729872,1.2504226,5.6402998,543.607788,76.2050018,0.910300016,0.0250000004,50,1,0.119999997,0.550000012,0.0133333337
C14_rand_29_r0,0,900,26.9896164,26,1.52409995,5.6402998,0.0283719096,0.0103719095,0.0275235474,0.0274802521,0,1.52409995,14,3.66619492,10.4345551,0,0,0,0,0,-0.0732066035,-0.331458539,10.9828348,0.786729872,1.2504226,5.6402998,543.607788,76.2050018,0.910300016,0.0250000004,50,1,0.119999997,0.550000012,0.0133333337
C14_rand_29_r0,0,901,27.0029507,27,1.52409995,5.6402998,0.0280385762,0.0100385761,0.0276910681,0.027003007,0,1.52409995,14,3.66619492,10.4345551,0,0,0,0,0,0.83967191,-1.19337821,11.0302982,0.758293867,1.8482945,5.6402998,543.607788,76.2050018,0.910300016,0.0250000004,50,1,0.119999997,0.550000012,0.0133333337
C14_rand_29_r0,0,902,27.016283,27,1.52409995,5.6402998,0.0277052429,0.0097052427,0.0270789154,0.0269173235,0,1.52409995,14,3.66619492,10.4345551,0,0,0,0,0,0.83967191,-1.19337821,11.0302982,0.758293867,1.8482945,5.6402998,543.607788,76.2050018,0.910300016,0.0250000004,50,1,0.119999997,0.550000012,0.0133333337
C14_rand_29_r0,0,903,27.0296173,27,1.52409995,5.6402998,0.0273719095,0.00937190931,0.0271360707,0.0264519472,0,1.52409995,14,3.66619492,10.4345551,0,0,0,0,0,0.83967191,-1.19337821,11.0302982,0.758293867,1.8482945,5.6402998,543.607788,76.2050018,0.910300016,0.0250000004,50,1,0.119999997,0.550000012,0.0133333337
C14_rand_29_r0,0,904,27.0429497,27,1.52409995,5.6402998,0.0270385761,0.00903857592,0.0266751703,0.0263410807,0,1.52409995,14,3.66619492,10.4345551,0,0,0,0,0,0.83967191,-1.19337821,11.0302982,0.758293867,1.8482945,5.6402998,543.607788,76.2050018,0.910300016,0.0250000004,50,1,0.119999997,0.550000012,0.0133333337
C14_rand_29_r0,0,905,27.056284,27,1.52409995,5.6402998,0.0267052427,0.00870524254,0.0266022906,0.0258874912,0,1.52409995,14,3.66619492,10.4345551,0,0,0,0,0,0.83967191,-1.19337821,11.0302982,0.758293867,1.8482945,5.6402998,543.607788,76.2050018,0.910300016,0.0250000004,50,1,0.119999997,0.550000012,0.0133333337
C14_rand_29_r0,0,906,27.0696163,27,1.52409995,5.6402998,0.0263719093,0.00837190915,0.0262708161,0.0257505793,0,1.52409995,14,3.66619492,10.4345551,0,0,0,0,0,0.83967191,-1.19337821,11.0302982,0.758293867,1.8482945,5.6402998,543.607788,76.2050018,0.910300016,0.0250000004,50,1,0.119999997,0.550000012,0.0133333337
C14_rand_29_r0,0,907,27.0829506,27,1.52409995,5.6402998,0.0260385759,0.00803857576,0.02606152,0.0253077038,0,1.52409995,14,3.66619492,10.4345551,0,0,0,0,0,0.83967191,-1.19337821,11.0302982,0.758293867,1.8482945,5.6402998,543.607788,76.2050018,0.910300016,0.0250000004,50,1,0.119999997,0.550000012,0.0133333337
C14_rand_29_r0,0,908,27.096283,27,1.52409995,5.6402998,0.0257052425,0.00770524284,0.025837481,0.0251444839,0,1.52409995,14,3.66619492,10.4345551,0,0,0,0,0,0.83967191,-1.19337821,11.0302982,0.758293867,1.8482945,5.6402998,543.607788,76.2050018,0.910300016,0.0250000004,50,1,0.119999997,0.550000012,0.0133333337
C14_rand_29_r0,0,909,27.1096172,27,1.52409995,5.6402998,0.0253719091,0.00737190945,0.0254959781,0.0247113258,0,1.52409995,14,3.66619492,10.4345551,0,0,0,0,0,0.83967191,-1.19337821,11.0302982,0.758293867,1.8482945,5.6402998,543.607788,76.2050018,0.910300016,0.0250000004,50,1,0.119999997,0.550000012,0.0133333337
C14_rand_29_r0,0,910,27.1229496,27,1.52409995,5.6402998,0.0250385758,0.00703857606,0.025317518,0.0246333126,0,1.52409995,14,3.66619492,10.4345551,0,0,0,0,0,0.83967191,-1.19337821,11.0302982,0.758293867,1.8482945,5.6402998,543.607788,76.2050018,0.910300016,0.0250000004,50,1,0.119999997,0.550000012,0.0133333337
C14_rand_29_r0,0,911,27.1362839,27,1.52409995,5.6402998,0.0247052424,0.00670524267,0.0248945951,0.0241008364,0,1.52409995,14,3.66619492,10.4345551,0,0,0,0,0,0.83967191,-1.19337821,11.0302982,0.758293867,1.8482945,5.6402998,543.607788,76.2050018,0.910300016,0.0250000004,50,1,0.119999997,0.550000012,0.0133333337
C14_rand_29_r0,0,912,27.1496162,27,1.52409995,5.6402998,0.024371909,0.00637190929,0.0244808886,0.0239879116,0,1.52409995,14,3.66619492,10.4345551,0,0,0,0,0,0.83967191,-1.19337821,11.0302982,0.758293867,1.8482945,5.6402998,543.607788,76.2050018,0.910300016,0.0250000004,50,1,0.119999997,0.550000012,0.0133333337
C14_rand_29_r0,0,913,27.1629505,27,1.52409995,5.6402998,0.0240385756,0.0060385759,0.024095552,0.023659151,0,1.52409995,14,3.66619492,10.4345551,0,0,0,0,0,0.83967191,-1.19337821,11.0302982,0.758293867,1.8482945,5.6402998,543.607788,76.2050018,0.910300016,0.0250000004,50,1,0.119999997,0.550000012,0.0133333337
C14_rand_29_r0,0,914,27.1762829,27,1.52409995,5.6402998,0.0237052422,0.00570524298,0.023730265,0.0233270992,0,1.52409995,14,3.66619492,10.4345551,0,0,0,0,0,0.83967191,-1.19337821,11.0302982,0.758293867,1.8482945,5.6402998,543.607788,76.2050018,0.910300016,0.0250000004,50,1,0.119999997,0.550000012,0.0133333337
C14_rand_29_r0,0,915,27.1896172,27,1.52409995,5.6402998,0.0233719088,0.00537190959,0.023383785,0.0229921639,0,1.52409995,14,3.66619492,10.4345551,0,0,0,0,0,0.83967191,-1.19337821,11.0302982,0.758293867,1.8482945,5.6402998,543.607788,76.2050018,0.910300016,0.0250000004,50,1,0.119999997,0.550000012,0.0133333337
C14_rand_29_r0,0,916,27.2029495,27,1.52409995,5.6402998,0.0230385754,0.0050385762,0.0230536591,0.0226533134,0,1.52409995,14,3.66619492,10.4345551,0,0,0,0,0,0.83967191,-1.19337821,11.0302982,0.758293867,1.8482945,5.6402998,543.607788,76.2050018,0.910300016,0.0250000004,50,1,0.119999997,0.550000012,0.0133333337
C14_rand_29_r0,0,917,27.2162838,27,1.52409995,5.6402998,0.022705242,0.00470524281,0.0227403753,0.0223123934,0,1.52409995,14,3.66619492,10.4345551,0,0,0,0,0,0.83967191,-1.19337821,11.0302982,0.758293867,1.8482945,5.6402998,543.607788,76.2050018,0.910300016,0.0250000004,50,1,0.119999997,0.550000012,0.0133333337
C14_rand_29_r0,0,918,27.2296162,27,1.52409995,5.6402998,0.0223719086,0.00437190942,0.0224428475,0.0219695047,0,1.52409995,14,3.66619492,10.4345551,0,0,0,0,0,0.83967191,-1.19337821,11.0302982,0.758293867,1.8482945,5.6402998,543.607788,76.2050018,0.910300016,0.0250000004,50,1,0.119999997,0.550000012,0.0133333337
C14_rand_29_r0,0,919,27.2429504,27,1.52409995,5.6402998,0.0220385753,0.00403857604,0.0221295897,0.0215043798,0,1.52409995,14,3.66619492,10.4345551,0,0,0,0,0,0.83967191,-1.19337821,11.0302982,0.758293867,1.8482945,5.6402998,543.607788,76.2050018,0.910300016,0.0250000004,50,1,0.119999997,0.550000012,0.0133333337
C14_rand_29_r0,0,920,27.2562828,27,1.52409995,5.6402998,0.0217052419,0.00370524265,0.0218942109,0.0212838631,0,1.52409995,14,3.66619492,10.4345551,0,0,0,0,0,0.83967191,-1.19337821,11.0302982,0.758293867,1.8482945,5.6402998,543.607788,76.2050018,0.910300016,0.0250000004,50,1,0.119999997,0.550000012,0.0133333337
C14_rand_29_r0,0,921,27.2696171,27,1.52409995,5.6402998,0.0213719103,0.00337190949,0.0214017052,0.0208361056,0,1.52409995,14,3.66619492,10.4345551,0,0,0,0,0,0.83967191,-1.19337821,11.0302982,0.758293867,1.8482945,5.6402998,543.607788,76.2050018,0.910300016,0.0250000004,50,1,0.119999997,0.550000012,0.0133333337
C14_rand_29_r0,0,922,27.2829494,27,1.52409995,5.6402998,0.021038577,0.00303857611,0.0212031174,0.0205490999,0,1.52409995,14,3.66619492,10.4345551,0,0,0,0,0,0.83967191,-1.19337821,11.0302982,0.758293867,1.8482945,5.6402998,543.607788,76.2050018,0.910300016,0.0250000004,50,1,0.119999997,0.550000012,0.0133333337
C14_rand_29_r0,0,923,27.2962837,27,1.52409995,5.6402998,0.0207052436,0.00270524272,0.020692531,0.0201695208,0,1.52409995,14,3.66619492,10.4345551,0,0,0,0,0,0.83967191,-1.19337821,11.0302982,0.758293867,1.8482945,5.6402998,543.607788,76.2050018,0.910300016,0.0250000004,50,1,0.119999997,0.550000012,0.0133333337
C14_rand_29_r0,0,924,27.3096161,27,1.52409995,5.6402998,0.0203719102,0.00237190933,0.0203748532,0.0198751558,0,1.52409995,14,3.66619492,10.4345551,0,0,0,0,0,0.83967191,-1.19337821,11.0302982,0.758293867,1.8482945,5.6402998,543.607788,76.2050018,0.910300016,0.0250000004,50,1,0.119999997,0.550000012,0.0133333337
C14_rand_29_r0,0,925,27.3229504,27,1.52409995,5.6402998,0.0200385768,0.00203857617,0.0200216938,0.0195078701,0,1.52409995,14,3.66619492,10.4345551,0,0,0,0,0,0.83967191,-1.19337821,11.0302982,0.758293867,1.8482945,5.6402998,543.607788,76.2050018,0.910300016,0.0250000004,50,1,0.119999997,0.550000012,0.0133333337
C14_rand_29_r0,0,926,27.3362827,27,1.52409995,5.6402998,0.0197052434,0.00170524279,0.0195441656,0.0192036796,0,1.52409995,14,3.66619492,10.4345551,0,0,0,0,0,0.83967191,-1.19337821,11.0302982,0.758293867,1.8482945,5.6402998,543.607788,76.2050018,0.910300016,0.0250000004,50,1,0.119999997,0.550000012,0.0133333337
C14_rand_29_r0,0,927,27.349617,27,1.52409995,5.6402998,0.01937191,0.0013719094,0.01940847,0.0188507289,0,1.52409995,14,3.66619492,10.4345551,0,0,0,0,0,0.83967191,-1.19337821,11.0302982,0.758293867,1.8482945,5.6402998,543.607788,76.2050018,0.910300016,0.0250000004,50,1,0.119999997,0.550000012,0.0133333337
C14_rand_29_r0,0,928,27.3629494,27,1.52409995,5.6402998,0.0190385766,0.00103857613,0.0187294856,0.0185346175,0,1.52409995,14,3.66619492,10.4345551,0,0,0,0,0,0.83967191,-1.19337821,11.0302982,0.758293867,1.8482945,5.6402998,543.607788,76.2050018,0.910300016,0.0250000004,50,1,0.119999997,0.550000012,0.0133333337
C14_rand_29_r0,0,929,27.3762836,27,1.52409995,5.6402998,0.0187052432,0.000705242739,0.0188735332,0.0181976147,0,1.52409995,14,3.66619492,10.4345551,0,0,0,0,0,0.83967191,-1.19337821,11.0302982,0.758293867,1.8482945,5.6402998,543.607788,76.2050018,0.910300016,0.0250000004,50,1,0.119999997,0.550000012,0.0133333337
C14_rand_29_r0,0,930,27.389616,27,1.56286013,5.6402998,0.0183719099,0.000371909409,0.017951332,0.017870361,0.000129639186,1.5945729,14,3.66619492,10.4345551,0,0,0,0,0,0.83967191,-1.19337821,11.0302982,0.758293867,1.8482945,5.6402998,543.607788,76.2050018,0.910300016,0.0250000004,50,1,0.119999997,0.550000012,0.0133333337
C14_rand_29_r0,0,931,27.4029503,27,1.54154205,5.6402998,0.0180385765,3.85760868e-05,0.0181224011,0.0181103945,0,1.52409995,14,3.66619492,10.4345551,0,0,0,0,0,0.83967191,-1.19337821,11.0302982,0.758293867,1.8482945,5.6402998,543.607788,76.2050018,0.910300016,0.0250000004,50,1,0.119999997,0.550000012,0.0133333337
C14_rand_29_r0,0,932,27.4162827,27,1.7694335,5.6402998,0.0177052431,-0.00029475725,0.0172264129,0.0172056947,0.000794304477,1.95589006,14,3.66619492,10.4345551,0,0,0,0,0,0.83967191,-1.19337821,11.0302982,0.758293867,1.8482945,5.6402998,543.607788,76.2050018,0.910300016,0.0250000004,50,1,0.119999997,0.550000012,0.0133333337
C14_rand_29_r0,0,933,27.4296169,27,1.88401413,5.6402998,0.0173719097,-0.00062809058,0.0174053814,0.0171654616,0.000834538892,1.97776186,14,3.66619492,10.4345551,0,0,0,0,0,0.83967191,-1.19337821,11.0302982,0.758293867,1.8482945,5.6402998,543.607788,76.2050018,0.910300016,0.0250000004,50,1,0.119999997,0.550000012,0.0133333337
C14_rand_29_r0,0,934,27.4429493,27,2.12326956,5.6402998,0.0170385763,-0.00096142391,0.0165789034,0.0165376887,0.00146231207,2.31902432,14,3.66619492,10.4345551,0,0,0,0,0,0.83967191,-1.19337821,11.0302982,0.758293867,1.8482945,5.6402998,543.607788,76.2050018,0.910300016,0.0250000004,50,1,0.119999997,0.550000012,0.0133333337
C14_rand_29_r0,0,935,27.4562836,27,2.25974965,5.6402998,0.0167052429,-0.00129475724,0.0165187232,0.0164413117,0.00155868835,2.37141514,14,3.66619492,10.4345551,0,0,0,0,0,0.83967191,-1.19337821,11.0302982,0.758293867,1.8482945,5.6402998,543.607788,76.2050018,0.910300016,0.0250000004,50,1,0.119999997,0.550000012,0.0133333337
C14_rand_29_r0,0,936,27.4696159,27,2.49128151,5.6402998,0.0163719095,-0.00162809063,0.0160411503,0.0158723332,0.00212766719,2.68071651,14,3.66619492,10.4345551,1,0,0,0,0,0.83967191,-1.19337821,11.0302982,0.758293867,1.8482945,5.6402998,543.607788,76.2050018,0.910300016,0.0250000004,50,1,0.119999997,0.550000012,0.0133333337
C14_rand_29_r0,0,937,27.4829502,27,2.64505553,5.6402998,0.0160385761,-0.00196142402,0.0157086067,0.0157064889,0.00229351129,2.77087069,14,3.66619492,10.4345551,1,0,0,0,0,0.83967191,-1.19337821,11.0302982,0.758293867,1.8482945,5.6402998,543.607788,76.2050018,0.910300016,0.0250000004,50,1,0.119999997,0.550000012,0.0133333337
C14_rand_29_r0,0,938,27.4962826,27,2.86271453,5.6402998,0.0157052428,-0.00229475717,0.0156414881,0.0152099384,0.00279006152,3.04079914,14,3.66619492,10.4345551,1,0,0,0,0,0.83967191,-1.19337821,11.0302982,0.758293867,1.8482945,5.6402998,543.607788,76.2050018,0.910300016,0.0250000004,50,1,0.119999997,0.550000012,0.0133333337
C14_rand_29_r0,0,939,27.5096169,27,3.07138824,5.6402998,0.0153719094,-0.00262809056,0.0150997937,0.0148395943,0.00316040614,3.24212146,14,3.66619492,10.4345551,1,0,0,0,0,0.83967191,-1.19337821,11.0302982,0.758293867,1.8482945,5.6402998,543.607788,76.2050018,0.910300016,0.0250000004,50,1,0.119999997,0.550000012,0.0133333337
C14_rand_29_r0,0,940,27.5229492,27,3.24000692,5.6402998,0.015038576,-0.00296142395,0.0146671794,0.0145896962,0.0034103035,3.3779676,14,3.66619492,10.4345551,1,0,0,0,0,0.83967191,-1.19337821,11.0302982,0.758293867,1.8482945,5.6402998,543.607788,76.2050018,0.910300016,0.0250000004,50,1,0.119999997,0.550000012,0.0133333337
C14_rand_29_r0,0,941,27.5362835,27,3.43835759,5.6402998,0.0147052426,-0.00329475733,0.0144411623,0.0141800689,0.00381993107,3.60064435,14,3.66619492,10.4345551,1,0,0,0,0,0.83967191,-1.19337821,11.0302982,0.758293867,1.8482945,5.6402998,543.607788,76.2050018,0.910300016,0.0250000004,50,1,0.119999997,0.550000012,0.0133333337
C14_rand_29_r0,0,942,27.5496159,27,3.6236701,5.6402998,0.0143719092,-0.00362809049,0.0139018819,0.0138587989,0.00414120127,3.77528954,14,3.66619492,10.4345551,1,0,0,1,0,0.83967191,-1.19337821,11.0302982,0.758293867,1.8482945,5.6402998,543.607788,76.2050018,0.910300016,0.0250000004,50,1,0.119999997,0.550000012,0.0133333337
C14_rand_29_r0,0,943,27.640646,27,3.73793459,5.6402998,0.0140385758,-0.00396142388,0.0137825198,0.0137555357,0.00424446445,3.831424,14,3.66619492,10.4345551,1,1,0,2,0,0.83967191,-1.19337821,11.0302982,0.758293867,1.8482945,5.6402998,543.607788,76.2050018,0.910300016,0.0250000004,50,1,0.119999997,0.550000012,0.0133333337
C14_rand_29_r0,0,944,27.7316761,27,3.97497487,5.6402998,0.0137052424,-0.00429475727,0.013465683,0.0131346965,0.00486530364,4.1689167,14,3.66619492,10.4345551,1,1,0,3,0,0.83967191,-1.19337821,11.0302982,0.758293867,1.8482945,5.6402998,543.607788,76.2050018,0.910300016,0.0250000004,50,1,0.119999997,0.550000012,0.0133333337
C14_rand_29_r0,0,945,27.8227062,27,4.10292149,5.6402998,0.013371909,-0.00462809065,0.0131210303,0.0130635276,0.00493647251,4.20760489,14,3.66619492,10.4345551,1,1,0,4,0,0.83967191,-1.19337821,11.0302982,0.758293867,1.8482945,5.6402998,543.607788,76.2050018,0.910300016,0.0250000004,50,1,0.119999997,0.550000012,0.0133333337
C14_rand_29_r0,0,946,27.9137363,27,4.31819963,5.6402998,0.0130385756,-0.00496142404,0.0130950371,0.0125360675,0.00546393311,4.49433661,14,3.66619492,10.4345551,1,1,0,5,0,0.83967191,-1.19337821,11.0302982,0.758293867,1.8482945,5.6402998,543.607788,76.2050018,0.910300016,0.0250000004,50,1,0.119999997,0.550000012,0.0133333337
C14_rand_29_r0,0,947,28.0047665,28,4.46112585,5.6402998,0.0127052432,-0.00529475743,0.0124546792,0.0123820426,0.00561795803,4.57806587,14,3.66619492,10.4345551,1,1,0,6,0,0.194590643,-1.9893291,10.515029,0.786729872,0.920103848,5.6402998,543.607788,76.2050018,0.910300016,0.0250000004,50,1,0.119999997,0.550000012,0.0133333337
C14_rand_29_r0,0,948,28.0957966,28,4.63088083,5.6402998,0.0123719098,-0.00562809035,0.0121344086,0.0120293889,0.00597061124,4.7697711,14,3.66619492,10.4345551,1,1,0,7,0,0.194590643,-1.9893291,10.515029,0.786729872,0.920103848,5.6402998,543.607788,76.2050018,0.910300016,0.0250000004,50,1,0.119999997,0.550000012,0.0133333337
C14_rand_29_r0,0,949,28.1868267,28,4.80011415,5.6402998,0.0120829688,-0.00591703085,0.0117927724,0.011718858,0.00628114259,4.93857813,14,3.66619492,10.4345551,1,1,0,8,0,0.194590643,-1.9893291,10.515029,0.786729872,0.920103848,5.6402998,543.607788,76.2050018,0.910300016,0.0250000004,50,1,0.119999997,0.550000012,0.0133333337
C14_rand_29_r0,0,950,28.2778568,28,4.86314583,5.6402998,0.0120000001,-0.00600000005,0.0114037143,0.0113893617,0.006610638,4.9147172,14,3.66619492,10.4345551,1,1,0,9,0,0.194590643,-1.9893291,10.515029,0.786729872,0.920103848,5.6402998,543.607788,76.2050018,0.910300016,0.0250000004,50,1,0.119999997,0.550000012,0.0133333337
C14_rand_29_r0,0,951,28.3688869,28,4.92335463,5.6402998,0.0120000001,-0.00600000005,0.0111899516,0.0110733537,0.00692664599,4.97261667,14,3.66619492,10.4345551,1,1,0,10,0,0.194590643,-1.9893291,10.515029,0.786729872,0.920103848,5.6402998,543.607788,76.2050018,0.910300016,0.0250000004,50,1,0.119999997,0.550000012,0.0133333337
C14_rand_29_r0,0,952,28.4599171,28,4.99902487,5.6402998,0.0120000001,-0.00600000005,0.0108166747,0.0107352939,0.00726470584,5.0609374,14,3.66619492,10.4345551,1,1,0,11,0,0.194590643,-1.9893291,10.515029,0.786729872,0.920103848,5.6402998,543.607788,76.2050018,0.910300016,0.0250000004,50,1,0.119999997,0.550000012,0.0133333337
C14_rand_29_r0,0,953,28.5509472,28,5.04195404,5.6402998,0.0120000001,-0.00600000005,0.0107801603,0.0104995426,0.00750045804,5.07707787,14,3.66619492,10.4345551,1,1,0,12,0,0.194590643,-1.9893291,10.515029,0.786729872,0.920103848,5.6402998,543.607788,76.2050018,0.910300016,0.0250000004,50,1,0.119999997,0.550000012,0.0133333337
C14_rand_29_r0,0,954,28.6419773,28,5.12187862,5.6402998,0.0120000001,-0.00600000005,0.0106664766,0.0101621924,0.00783780776,5.18727112,14,3.66619492,10.4345551,1,1,0,13,0,0.194590643,-1.9893291,10.515029,0.786729872,0.920103848,5.6402998,543.607788,76.2050018,0.910300016,0.0250000004,50,1,0.119999997,0.550000012,0.0133333337
C14_rand_29_r0,0,955,28.7330074,28,5.19192553,5.6402998,0.0120000001,-0.00600000005,0.010059298,0.00983902719,0.00816097297,5.24923706,14,3.66619492,10.4345551,1,1,0,14,0,0.194590643,-1.9893291,10.515029,0.786729872,0.920103848,5.6402998,543.607788,76.2050018,0.910300016,0.0250000004,50,1,0.119999997,0.550000012,0.0133333337
C14_rand_29_r0,0,956,28.8240376,28,5.21879864,5.6402998,0.0120000001,-0.00600000005,0.0100110257,0.00965605304,0.00834394712,5.2407856,14,3.66619492,10.4345551,1,1,0,15,0,0.194590643,-1.9893291,10.515029,0.786729872,0.920103848,5.6402998,543.607788,76.2050018,0.910300016,0.0250000004,50,1,0.119999997,0.550000012,0.0133333337
C14_rand_29_r0,0,957,28.9150658,28,5.28098202,5.6402998,0.0120000001,-0.00600000005,0.0094476277,0.00939264521,0.00860735495,5.33185911,14,3.66619492,10.4345551,1,1,0,16,0,0.194590643,-1.9893291,10.515029,0.786729872,0.920103848,5.6402998,543.607788,76.2050018,0.910300016,0.0250000004,50,1,0.119999997,0.550000012,0.0133333337
C14_rand_29_r0,0,958,29.0060959,29,5.33100414,5.6402998,0.0120000001,-0.00600000005,0.00923909061,0.00915766601,0.00884233415,5.37193108,14,3.66619492,10.4345551,1,1,0,17,0,-0.522789299,-2.94203472,10.9738846,0.857819915,4.05136204,5.6402998,543.607788,76.2050018,0.910300016,0.0250000004,50,1,0.119999997,0.550000012,0.0133333337
C14_rand_29_r0,0,959,29.097126,29,5.38103151,5.6402998,0.0120000001,-0.00600000005,0.00897707976,0.00892188028,0.00907811988,5.42196369,14,3.66619492,10.4345551,1,1,0,18,0,-0.522789299,-2.94203472,10.9738846,0.857819915,4.05136204,5.6402998,543.607788,76.2050018,0.910300016,0.0250000004,50,1,0.119999997,0.550000012,0.0133333337
C14_rand_29_r0,0,960,29.1881561,29,5.31434822,5.6402998,0.0120000001,-0.00600000005,0.00913759507,0.00907936785,0.0089206323,5.25978851,14,3.66619492,10.4345551,1,1,0,19,0,-0.522789299,-2.94203472,10.9738846,0.857819915,4.05136204,5.6402998,543.607788,76.2050018,0.910300016,0.0250000004,50,1,0.119999997,0.550000012,0.0133333337
C14_rand_29_r0,0,961,29.2791862,29,5.51458454,5.6402998,0.0120000001,-0.00600000005,0.00866385829,0.00844160561,0.00955839455,5.67841434,14,3.66619492,10.4345551,1,1,0,20,0,-0.522789299,-2.94203472,10.9738846,0.857819915,4.05136204,5.6402998,543.607788,76.2050018,0.910300016,0.0250000004,50,1,0.119999997,0.550000012,0.0133333337
C14_rand_29_r0,0,962,29.3702164,29,5.33187246,5.6402998,0.0120000001,-0.00600000005,0.00904149842,0.0089083137,0.00909168646,5.1823802,14,3.66619492,10.4345551,1,1,0,21,0,-0.522789299,-2.94203472,10.9738846,0.857819915,4.05136204,5.6402998,543.607788,76.2050018,0.910300016,0.0250000004,50,1,0.119999997,0.550000012,0.0133333337
C14_rand_29_r0,0,963,29.4612465,29,5.58405733,5.6402998,0.0120000001,-0.00600000005,0.00887878891,0.0081424322,0.00985756796,5.79039097,14,3.66619492,10.4345551,1,1,0,22,0,-0.522789299,-2.94203472,10.9738846,0.857819915,4.05136204,5.6402998,543.607788,76.2050018,0.910300016,0.0250000004,50,1,0.119999997,0.550000012,0.0133333337
C14_rand_29_r0,0,964,29.5522766,29,5.38978195,5.6402998,0.0120000001,-0.00600000005,0.00870771334,0.0086413417,0.00935865752,5.23082876,14,3.66619492,10.4345551,1,1,0,23,0,-0.522789299,-2.94203472,10.9738846,0.857819915,4.05136204,5.6402998,543.607788,76.2050018,0.910300016,0.0250000004,50,1,0.119999997,0.550000012,0.0133333337
C14_rand_29_r0,0,965,29.6433067,29,5.6269269,5.6402998,0.0120000001,-0.00600000005,0.00792578608,0.0079212673,0.0100787329,5.82095528,14,3.66619492,10.4345551,1,1,0,24,0,-0.522789299,-2.94203472,10.9738846,0.857819915,4.05136204,5.6402998,543.607788,76.2050018,0.910300016,0.0250000004,50,1,0.119999997,0.550000012,0.0133333337
C14_rand_29_r0,0,966,29.7343369,29,5.48705673,5.6402998,0.0120000001,-0.00600000005,0.00878049619,0.00825286284,0.00974713732,5.37261724,14,3.66619492,10.4345551,1,1,0,25,0,-0.522789299,-2.94203472,10.9738846,0.857819915,4.05136204,5.6402998,543.607788,76.2050018,0.910300016,0.0250000004,50,1,0.119999997,0.550000012,0.0133333337
C14_rand_29_r0,0,967,29.825367,29,5.6456356,5.6402998,0.0120000001,-0.00600000005,0.00874437392,0.00775655312,0.0102434466,5.77538204,14,3.66619492,10.4345551,1,1,0,26,0,-0.522789299,-2.94203472,10.9738846,0.857819915,4.05136204,5.6402998,543.607788,76.2050018,0.910300016,0.0250000004,50,1,0.119999997,0.550000012,0.0133333337
C14_rand_29_r0,0,968,29.9163971,29,5.43440723,5.6402998,0.0120000001,-0.00600000005,0.00906910188,0.00837198086,0.0096280193,5.26158333,14,3.66619492,10.4345551,1,1,0,27,0,-0.522789299,-2.94203472,10.9738846,0.857819915,4.05136204,5.6402998,543.607788,76.2050018,0.910300016,0.0250000004,50,1,0.119999997,0.550000012,0.0133333337
C14_rand_29_r0,0,969,30.0074272,30,5.68356419,5.6402998,0.0120023172,-0.00599768246,0.00795250759,0.00765927369,0.010340726,5.88742018,14,3.66619492,10.4345551,1,1,0,28,0,-0.502375424,-3.51394963,13.41677,0.824644566,1.2602185,5.6402998,543.607788,76.2050018,0.910300016,0.0250000004,50,1,0.119999997,0.550000012,0.0133333337
C14_rand_29_r0,0,970,30.0984573,30,5.57563114,5.6402998,0.0120000001,-0.00600000005,0.00858832523,0.00788624212,0.010113758,5.48732185,14,3.66619492,10.4345551,1,1,0,29,0,-0.502375424,-3.51394963,13.41677,0.824644566,1.2602185,5.6402998,543.607788,76.2050018,0.910300016,0.0250000004,50,1,0.119999997,0.550000012,0.0133333337
C14_rand_29_r0,0,971,30.1894875,30,5.66710997,5.6402998,0.012004518,-0.00599548221,0.00815575197,0.00758516183,0.0104148379,5.74195623,14,3.66619492,10.4345551,1,1,0,30,0,-0.502375424,-3.51394963,13.41677,0.824644566,1.2602185,5.6402998,543.607788,76.2050018,0.910300016,0.0250000004,50,1,0.119999997,0.550000012,0.0133333337
C14_rand_29_r0,0,972,30.2805176,30,5.54912853,5.6402998,0.0120000001,-0.00600000005,0.00812198501,0.0079316115,0.0100683887,5.45259857,14,3.66619492,10.4345551,1,1,0,31,0,-0.502375424,-3.51394963,13.41677,0.824644566,1.2602185,5.6402998,543.607788,76.2050018,0.910300016,0.0250000004,50,1,0.119999997,0.550000012,0.0133333337
C14_rand_29_r0,0,973,30.3715458,30,5.51581669,5.6402998,0.0120000001,-0.00600000005,0.00849962793,0.008110133,0.00988986716,5.48856115,14,3.66619492,10.4345551,1,1,0,32,0,-0.502375424,-3.51394963,13.41677,0.824644566,1.2602185,5.6402998,543.607788,76.2050018,0.910300016,0.0250000004,50,1,0.119999997,0.550000012,0.0133333337
C14_rand_29_r0,0,974,30.4625759,30,5.60291767,5.6402998,0.0120000001,-0.00600000005,0.00838018768,0.00788728148,0.0101127177,5.67418194,14,3.66619492,10.4345551,1,1,0,33,0,-0.502375424,-3.51394963,13.41677,0.824644566,1.2602185,5.6402998,543.607788,76.2050018,0.910300016,0.0250000004,50,1,0.119999997,0.550000012,0.0133333337
C14_rand_29_r0,0,975,30.553606,30,5.65833616,5.6402998,0.0120022055,-0.00599779468,0.00850669667,0.00764928665,0.0103507135,5.70367908,14,3.66619492,10.4345551,1,1,0,34,0,-0.502375424,-3.51394963,13.41677,0.824644566,1.2602185,5.6402998,543.607788,76.2050018,0.910300016,0.0250000004,50,1,0.119999997,0.550000012,0.0133333337
C14_rand_29_r0,0,976,30.6446362,30,5.57784891,5.6402998,0.0120000001,-0.00600000005,0.00854868256,0.00784179848,0.0101582017,5.51199532,14,3.66619492,10.4345551,1,1,0,35,0,-0.502375424,-3.51394963,13.41677,0.824644566,1.2602185,5.6402998,543.607788,76.2050018,0.910300016,0.0250000004,50,1,0.119999997,0.550000012,0.0133333337
C14_rand_29_r0,0,977,30.7356663,30,5.57860422,5.6402998,0.0120000001,-0.00600000005,0.00830393657,0.00787949655,0.0101205036,5.57922268,14,3.66619492,10.4345551,1,1,0,36,0,-0.502375424,-3.51394963,13.41677,0.824644566,1.2602185,5.6402998,543.607788,76.2050018,0.910300016,0.0250000004,50,1,0.119999997,0.550000012,0.0133333337
C14_rand_29_r0,0,978,30.8266964,30,5.40020037,5.6402998,0.0120000001,-0.00600000005,0.00862892531,0.00850246288,0.00949753728,5.25423384,14,3.66619492,10.4345551,1,1,0,37,0,-0.502375424,-3.51394963,13.41677,0.824644566,1.2602185,5.6402998,543.607788,76.2050018,0.910300016,0.0250000004,50,1,0.119999997,0.550000012,0.0133333337
C14_rand_29_r0,0,979,30.9177265,30,5.64629602,5.6402998,0.0120000001,-0.00600000005,0.00846084766,0.00783185195,0.0101681473,5.84764719,14,3.66619492,10.4345551,1,1,0,38,0,-0.502375424,-3.51394963,13.41677,0.824644566,1.2602185,5.6402998,543.607788,76.2050018,0.910300016,0.0250000004,50,1,0.119999997,0.550000012,0.0133333337
C14_rand_29_r0,0,980,31.0087566,31,5.47065115,5.6402998,0.0120000001,-0.00600000005,0.00836338662,0.00828491338,0.00971508678,5.32694197,14,3.66619492,10.4345551,1,1,0,39,0,0.710306942,-0.938872218,14.4329767,0.800947845,0.127338141,5.6402998,543.607788,76.2050018,0.910300016,0.0250000004,50,1,0.119999997,0.550000012,0.0133333337
C14_rand_29_r0,0,981,31.0997868,31,5.64564228,5.6402998,0.0120000001,-0.00600000005,0.00823312625,0.00776150683,0.0102384929,5.78881693,14,3.66619492,10.4345551,1,1,0,40,0,0.710306942,-0.938872218,14.4329767,0.800947845,0.127338141,5.6402998,543.607788,76.2050018,0.910300016,0.0250000004,50,1,0.119999997,0.550000012,0.0133333337
C14_rand_29_r0,0,982,31.1908169,31,5.54886961,5.6402998,0.0120000001,-0.00600000005,0.00807525311,0.00799408183,0.0100059183,5.46969223,14,3.66619492,10.4345551,1,1,0,41,0,0.710306942,-0.938872218,14.4329767,0.800947845,0.127338141,5.6402998,543.607788,76.2050018,0.910300016,0.0250000004,50,1,0.119999997,0.550000012,0.0133333337
C14_rand_29_r0,0,983,31.281847,31,5.64050579,5.6402998,0.0120000001,-0.00600000005,0.00802390371,0.00770895788,0.0102910418,5.7154808,14,3.66619492,10.4345551,1,1,0,42,0,0.710306942,-0.938872218,14.4329767,0.800947845,0.127338141,5.6402998,543.607788,76.2050018,0.910300016,0.0250000004,50,1,0.119999997,0.550000012,0.0133333337
C14_rand_29_r0,0,984,31.3728771,31,5.60846567,5.6402998,0.0120000001,-0.00600000005,0.00806779601,0.00776778022,0.0102322195,5.58225107,14,3.66619492,10.4345551,1,1,0,43,0,0.710306942,-0.938872218,14.4329767,0.800947845,0.127338141,5.6402998,543.607788,76.2050018,0.910300016,0.0250000004,50,1,0.119999997,0.550000012,0.0133333337
C14_rand_29_r0,0,985,31.4639072,31,5.57594299,5.6402998,0.0120000001,-0.00600000005,0.00830348395,0.00787214842,0.0101278508,5.54933357,14,3.66619492,10.4345551,1,1,0,44,0,0.710306942,-0.938872218,14.4329767,0.800947845,0.127338141,5.6402998,543.607788,76.2050018,0.910300016,0.0250000004,50,1,0.119999997,0.550000012,0.0133333337
C14_rand_29_r0,0,986,31.5549374,31,5.6270256,5.6402998,0.0120000001,-0.00600000005,0.0081704855,0.00773563469,0.0102643659,5.6688199,14,3.66619492,10.4345551,1,1,0,45,0,0.710306942,-0.938872218,14.4329767,0.800947845,0.127338141,5.6402998,543.607788,76.2050018,0.910300016,0.0250000004,50,1,0.119999997,0.550000012,0.0133333337
C14_rand_29_r0,0,987,31.6459675,31,5.61335659,5.6402998,0.0120000001,-0.00600000005,0.00786311924,0.0077527687,0.0102472315,5.60217285,14,3.66619492,10.4345551,1,1,0,46,0,0.710306942,-0.938872218,14.4329767,0.800947845,0.127338141,5.6402998,543.607788,76.2050018,0.910300016,0.0250000004,50,1,0.119999997,0.550000012,0.0133333337
C14_rand_29_r0,0,988,31.7369976,31,5.70368481,5.6402998,0.0120161669,-0.00598383322,0.00854741782,0.00744443713,0.0105555626,5.77758932,14,3.66619492,10.4345551,1,1,0,47,0,0.710306942,-0.938872218,14.4329767,0.800947845,0.127338141,5.6402998,543.607788,76.2050018,0.910300016,0.0250000004,50,1,0.119999997,0.550000012,0.0133333337
C14_rand_29_r0,0,989,31.8280258,31,5.56020927,5.6402998,0.0120000001,-0.00600000005,0.00808258634,0.00785161648,0.0101483827,5.44282007,14,3.66619492,10.4345551,1,1,0,48,0,0.710306942,-0.938872218,14.4329767,0.800947845,0.127338141,5.6402998,543.607788,76.2050018,0.910300016,0.0250000004,50,1,0.119999997,0.550000012,0.0133333337
C14_rand_29_r0,0,990,31.9190559,31,5.65739775,5.6402998,0.0120014902,-0.00599850947,0.00797170959,0.00761105027,0.0103889499,5.73691607,14,3.66619492,10.4345551,1,1,0,49,0,0.710306942,-0.938872218,14.4329767,0.800947845,0.127338141,5.6402998,543.607788,76.2050018,0.910300016,0.0250000004,50,1,0.119999997,0.550000012,0.0133333337
C14_rand_29_r0,0,991,32.0100861,32,5.58287334,5.6402998,0.0120000001,-0.00600000005,0.0079553891,0.00782958977,0.0101704104,5.52189875,14,3.66619492,10.4345551,1,1,0,50,0,0.787424147,-0.745168507,14.3683605,0.843601882,1.19048023,5.6402998,543.607788,76.2050018,0.910300016,0.0250000004,50,1,0.119999997,0.550000012,0.0133333337
C14_rand_29_r0,0,992,32.1011162,32,5.66360283,5.6402998,0.0120038558,-0.00599614438,0.00837167352,0.0075920308,0.0104079694,5.72965384,14,3.66619492,10.4345551,1,1,0,51,0,0.787424147,-0.745168507,14.3683605,0.843601882,1.19048023,5.6402998,543.607788,76.2050018,0.910300016,0.0250000004,50,1,0.119999997,0.550000012,0.0133333337
C14_rand_29_r0,0,993,32.1921463,32,5.79317856,5.6402998,0.0120469648,-0.00595303532,0.00771034602,0.00711563742,0.0108843623,5.89919472,14,3.66619492,10.4345551,1,1,0,52,0,0.787424147,-0.745168507,14.3683605,0.843601882,1.19048023,5.6402998,543.607788,76.2050018,0.910300016,0.0250000004,50,1,0.119999997,0.550000012,0.0133333337
C14_rand_29_r0,0,994,32.2831764,32,5.38047552,5.6402998,0.0120000001,-0.00600000005,0.00876972917,0.00836085156,0.0096391486,5.04280996,14,3.66619492,10.4345551,1,1,0,53,0,0.787424147,-0.745168507,14.3683605,0.843601882,1.19048023,5.6402998,543.607788,76.2050018,0.910300016,0.0250000004,50,1,0.119999997,0.550000012,0.0133333337
C14_rand_29_r0,0,995,32.3742065,32,5.91511822,5.6402998,0.0120655065,-0.00593449315,0.00740388688,0.00686070928,0.0111392904,6.35255289,14,3.66619492,10.4345551,1,1,0,54,0,0.787424147,-0.745168507,14.3683605,0.843601882,1.19048023,5.6402998,543.607788,76.2050018,0.910300016,0.0250000004,50,1,0.119999997,0.550000012,0.0133333337
C14_rand_29_r0,0,996,32.4652367,32,5.7790513,5.6402998,0.0121149672,-0.0058850334,0.00771418819,0.00702289259,0.0109771071,5.66772413,14,3.66619492,10.4345551,1,1,0,55,0,0.787424147,-0.745168507,14.3683605,0.843601882,1.19048023,5.6402998,543.607788,76.2050018,0.910300016,0.0250000004,50,1,0.119999997,0.550000012,0.0133333337
C14_rand_29_r0,0,997,32.5562668,32,6.02466965,5.6402998,0.012229979,-0.00577002065,0.00659526885,0.0061315624,0.0118684378,6.22563028,14,3.66619492,10.4345551,1,1,0,56,0,0.787424147,-0.745168507,14.3683605,0.843601882,1.19048023,5.6402998,543.607788,76.2050018,0.910300016,0.0250000004,50,1,0.119999997,0.550000012,0.0133333337
C14_rand_29_r0,0,998,32.6472969,32,5.72030878,5.6402998,0.0122713726,-0.00572862709,0.00707425224,0.00696785701,0.0110321427,5.4712863,14,3.66619492,10.4345551,1,1,0,57,0,0.787424147,-0.745168507,14.3683605,0.843601882,1.19048023,5.6402998,543.607788,76.2050018,0.910300016,0.0250000004,50,1,0.119999997,0.550000012,0.0133333337
C14_rand_29_r0,0,999,32.738327,32,6.02765846,5.6402998,0.0123858713,-0.00561412843,0.00636885734,0.00610099873,0.011899001,6.27912664,14,3.66619492,10.4345551,1,1,0,58,0,0.787424147,-0.745168507,14.3683605,0.843601882,1.19048023,5.6402998,543.607788,76.2050018,0.910300016,0.0250000004,50,1,0.119999997,0.550000012,0.0133333337
C14_rand_29_r0,0,1000,32.8293571,32,5.61503601,5.6402998,0.0123979365,-0.00560206315,0.00755576231,0.00732878176,0.0106712189,5.27743578,14,3.66619492,10.4345551,1,1,0,59,0,0.787424147,-0.745168507,14.3683605,0.843601882,1.19048023,5.6402998,543.607788,76.2050018,0.910300016,0.0250000004,50,1,0.119999997,0.550000012,0.0133333337
C14_rand_29_r0,0,1001,32.9203873,32,5.9934535,5.6402998,0.0124980463,-0.00550195388,0.00657441374,0.00630363636,0.0116963638,6.30306816,14,3.66619492,10.4345551,1,1,0,60,0,0.787424147,-0.745168507,14.3683605,0.843601882,1.19048023,5.6402998,543.607788,76.2050018,0.910300016,0.0250000004,50,1,0.119999997,0.550000012,0.0133333337
C14_rand_29_r0,0,1002,33.0114174,33,5.65700626,5.6402998,0.0125193717,-0.00548062846,0.0078750141,0.00725795468,0.0107420459,5.38173056,14,3.66619492,10.4345551,1,1,0,61,0,-1.0093019,-1.72725976,13.2775831,0.800947845,0.43523404,5.6402998,543.607788,76.2050018,0.910300016,0.0250000004,50,1,0.119999997,0.550000012,0.0133333337
C14_rand_29_r0,0,1003,33.1024475,33,6.00292206,5.6402998,0.0126236537,-0.00537634594,0.00797771756,0.00625724951,0.0117427502,6.28594446,14,3.66619492,10.4345551,1,1,0,62,0,-1.0093019,-1.72725976,13.2775831,0.800947845,0.43523404,5.6402998,543.607788,76.2050018,0.910300016,0.0250000004,50,1,0.119999997,0.550000012,0.0133333337
C14_rand_29_r0,0,1004,33.1934776,33,5.79673386,5.6402998,0.0126844887,-0.00531551195,0.00709331827,0.00676976144,0.0112302387,5.62803411,14,3.66619492,10.4345551,1,1,0,63,0,-1.0093019,-1.72725976,13.2775831,0.800947845,0.43523404,5.6402998,543.607788,76.2050018,0.910300016,0.0250000004,50,1,0.119999997,0.550000012,0.0133333337
C14_rand_29_r0,0,1005,33.2845078,33,5.59368801,5.6402998,0.0126816798,-0.00531832036,0.00757161714,0.00750399102,0.0104960091,5.42755985,14,3.66619492,10.4345551,1,1,0,64,0,-1.0093019,-1.72725976,13.2775831,0.800947845,0.43523404,5.6402998,543.607788,76.2050018,0.910300016,0.0250000004,50,1,0.119999997,0.550000012,0.0133333337
C14_rand_29_r0,0,1006,33.3755379,33,5.71558523,5.6402998,0.0127021242,-0.00529787596,0.00743723661,0.00732598733,0.0106740128,5.81531858,14,3.66619492,10.4345551,1,1,0,65,0,-1.0093019,-1.72725976,13.2775831,0.800947845,0.43523404,5.6402998,543.607788,76.2050018,0.910300016,0.0250000004,50,1,0.119999997,0.550000012,0.0133333337
C14_rand_29_r0,0,1007,33.466568,33,6.0048461,5.6402998,0.0128067937,-0.00519320602,0.00695673842,0.00634639245,0.0116536077,6.24151421,14,3.66619492,10.4345551,1,1,0,66,0,-1.0093019,-1.72725976,13.2775831,0.800947845,0.43523404,5.6402998,543.607788,76.2050018,0.910300016,0.0250000004,50,1,0.119999997,0.550000012,0.0133333337
C14_rand_29_r0,0,1008,33.5575981,33,5.74522591,5.6402998,0.0128533849,-0.00514661474,0.00732994452,0.00694167241,0.0110583277,5.53280973,14,3.66619492,10.4345551,1,1,0,67,0,-1.0093019,-1.72725976,13.2775831,0.800947845,0.43523404,5.6402998,543.607788,76.2050018,0.910300016,0.0250000004,50,1,0.119999997,0.550000012,0.0133333337
C14_rand_29_r0,0,1009,33.6486282,33,5.95119905,5.6402998,0.0129475109,-0.00505248876,0.00639984431,0.00635051494,0.0116494847,6.11972237,14,3.66619492,10.4345551,1,1,0,68,0,-1.0093019,-1.72725976,13.2775831,0.800947845,0.43523404,5.6402998,543.607788,76.2050018,0.910300016,0.0250000004,50,1,0.119999997,0.550000012,0.0133333337
C14_rand_29_r0,0,1010,33.7396584,33,5.72934103,5.6402998,0.0129879322,-0.0050120675,0.00743472623,0.00700274529,0.0109972544,5.54782104,14,3.66619492,10.4345551,1,1,0,69,0,-1.0093019,-1.72725976,13.2775831,0.800947845,0.43523404,5.6402998,543.607788,76.2050018,0.910300016,0.0250000004,50,1,0.119999997,0.550000012,0.0133333337
C14_rand_29_r0,0,1011,33.8306885,33,5.95085621,5.6402998,0.013080935,-0.0049190647,0.00650682021,0.00637964718,0.011620353,6.13209581,14,3.66619492,10.4345551,1,1,0,70,0,-1.0093019,-1.72725976,13.2775831,0.800947845,0.43523404,5.6402998,543.607788,76.2050018,0.910300016,0.0250000004,50,1,0.119999997,0.550000012,0.0133333337
C14_rand_29_r0,0,1012,33.9217148,33,5.76180315,5.6402998,0.0131301861,-0.00486981357,0.00714230584,0.00690310542,0.0110968947,5.6071229,14,3.66619492,10.4345551,1,1,0,71,0,-1.0093019,-1.72725976,13.2775831,0.800947845,0.43523404,5.6402998,543.607788,76.2050018,0.910300016,0.0250000004,50,1,0.119999997,0.550000012,0.0133333337
C14_rand_29_r0,0,1013,34.0127449,34,5.82963181,5.6402998,0.0131909866,-0.0048090131,0.00700385869,0.00675969152,0.0112403091,5.88512802,14,3.66619492,10.4345551,1,1,0,72,0,2.11802125,1.04828572,13.6970825,0.82938391,0.407953352,5.6402998,543.607788,76.2050018,0.910300016,0.0250000004,50,1,0.119999997,0.550000012,0.0133333337
C14_rand_29_r0,0,1014,34.103775,34,5.77905273,5.6402998,0.0132396631,-0.00476033706,0.00713759242,0.0069338074,0.0110661928,5.73766947,14,3.66619492,10.4345551,1,1,0,73,0,2.11802125,1.04828572,13.6970825,0.82938391,0.407953352,5.6402998,543.607788,76.2050018,0.910300016,0.0250000004,50,1,0.119999997,0.550000012,0.0133333337
C14_rand_29_r0,0,1015,34.1948051,34,5.81077957,5.6402998,0.0132951308,-0.00470486889,0.00752410479,0.00685354788,0.0111464523,5.83673811,14,3.66619492,10.4345551,1,1,0,74,0,2.11802125,1.04828572,13.6970825,0.82938391,0.407953352,5.6402998,543.607788,76.2050018,0.910300016,0.0250000004,50,1,0.119999997,0.550000012,0.0133333337
C14_rand_29_r0,0,1016,34.2858353,34,5.74398994,5.6402998,0.0133331781,-0.00466682157,0.0073117693,0.00706755836,0.0109324418,5.68934393,14,3.66619492,10.4345551,1,1,0,75,0,2.11802125,1.04828572,13.6970825,0.82938391,0.407953352,5.6402998,543.607788,76.2050018,0.910300016,0.0250000004,50,1,0.119999997,0.550000012,0.0133333337
C14_rand_29_r0,0,1017,34.3768654,34,5.97695875,5.6402998,0.0134330355,-0.00456696423,0.00671619689,0.00633435836,0.0116656413,6.16756964,14,3.66619492,10.4345551,1,1,0,76,0,2.11802125,1.04828572,13.6970825,0.82938391,0.407953352,5.6402998,543.607788,76.2050018,0.910300016,0.0250000004,50,1,0.119999997,0.550000012,0.0133333337
C14_rand_29_r0,0,1018,34.4678955,34,5.76902819,5.6402998,0.0134854363,-0.00451456336,0.00747997407,0.00686056819,0.011139432,5.59890318,14,3.66619492,10.4345551,1,1,0,77,0,2.11802125,1.04828572,13.6970825,0.82938391,0.407953352,5.6402998,543.607788,76.2050018,0.910300016,0.0250000004,50,1,0.119999997,0.550000012,0.0133333337
C14_rand_29_r0,0,1019,34.5589256,34,5.86755371,5.6402998,0.0135572962,-0.00444270391,0.00691178348,0.00661723921,0.0113827614,5.94816542,14,3.66619492,10.4345551,1,1,0,78,0,2.11802125,1.04828572,13.6970825,0.82938391,0.407953352,5.6402998,543.607788,76.2050018,0.910300016,0.0250000004,50,1,0.119999997,0.550000012,0.0133333337
C14_rand_29_r0,0,1020,34.6499557,34,5.73486757,5.6402998,0.0135955419,-0.00440445868,0.00780913793,0.00704565179,0.0109543484,5.62630606,14,3.66619492,10.4345551,1,1,0,79,0,2.11802125,1.04828572,13.6970825,0.82938391,0.407953352,5.6402998,543.607788,76.2050018,0.910300016,0.0250000004,50,1,0.119999997,0.550000012,0.0133333337
C14_rand_29_r0,0,1021,34.7409859,34,5.74110842,5.6402998,0.013629918,-0.0043700817,0.00745357526,0.00710780127,0.0108921984,5.74621487,14,3.66619492,10.4345551,1,1,0,80,0,2.11802125,1.04828572,13.6970825,0.82938391,0.407953352,5.6402998,543.607788,76.2050018,0.910300016,0.0250000004,50,1,0.119999997,0.550000012,0.0133333337
C14_rand_29_r0,0,1022,34.832016,34,5.84466648,5.6402998,0.0136924163,-0.00430758391,0.00727523491,0.00680336915,0.011196631,5.92939568,14,3.66619492,10.4345551,1,1,0,81,0,2.11802125,1.04828572,13.6970825,0.82938391,0.407953352,5.6402998,543.607788,76.2050018,0.910300016,0.0250000004,50,1,0.119999997,0.550000012,0.0133333337
C14_rand_29_r0,0,1023,34.9230461,34,5.78731775,5.6402998,0.0137436707,-0.0042563295,0.00710277399,0.00691451738,0.0110854823,5.74039555,14,3.66619492,10.4345551,1,1,0,82,0,2.11802125,1.04828572,13.6970825,0.82938391,0.407953352,5.6402998,543.607788,76.2050018,0.910300016,0.0250000004,50,1,0.119999997,0.550000012,0.0133333337
C14_rand_29_r0,0,1024,35.0140762,35,5.75352526,5.6402998,0.0137836644,-0.00421633571,0.00737059535,0.0070357942,0.0109642055,5.72587681,14,3.66619492,10.4345551,1,1,0,83,0,-0.730600238,-1.62453318,13.2996082,0.767772496,3.33589816,5.6402998,543.607788,76.2050018,0.910300016,0.0250000004,50,1,0.119999997,0.550000012,0.0133333337
C14_rand_29_r0,1,1446,0.0133333337,0,0,5.6402998,0.0496666655,0.0316666663,0.275392205,0.275383025,0,0,14,3.66619492,10.4345551,0,0,0,0,0,0.305749148,-0.0114122108,14.2018766,0.843601882,0.353499502,5.6402998,543.607788,76.2050018,0.910300016,0.0250000004,50,1,0.119999997,0.550000012,0.0133333337
C14_rand_29_r0,1,1447,0.0266666673,0,0,5.6402998,0.049333334,0.0313333347,0.27269277,0.272529483,0,0,14,3.66619492,10.4345551,0,0,0,0,0,0.305749148,-0.0114122108,14.2018766,0.843601882,0.353499502,5.6402998,543.607788,76.2050018,0.910300016,0.0250000004,50,1,0.119999997,0.550000012,0.0133333337
C14_rand_29_r0,1,1448,0.0399999991,0,0,5.6402998,0.0489999987,0.0309999995,0.269010901,0.269003689,0,0,14,3.66619492,10.4345551,0,0,0,0,0,0.305749148,-0.0114122108,14.2018766,0.843601882,0.353499502,5.6402998,543.607788,76.2050018,0.910300016,0.0250000004,50,1,0.119999997,0.550000012,0.0133333337
C14_rand_29_r0,1,1449,0.0533333346,0,0,5.6402998,0.0486666672,0.0306666661,0.264830321,0.264536321,0,0,14,3.66619492,10.4345551,0,0,0,0,0,0.305749148,-0.0114122108,14.2018766,0.843601882,0.353499502,5.6402998,543.607788,76.2050018,0.910300016,0.0250000004,50,1,0.119999997,0.550000012,0.0133333337
C14_rand_29_r0,1,1450,0.0666666701,0,0,5.6402998,0.0483333319,0.0303333327,0.260459274,0.260101616,0,0,14,3.66619492,10.4345551,0,0,0,0,0,0.305749148,-0.0114122108,14.2018766,0.843601882,0.353499502,5.6402998,543.607788,76.2050018,0.910300016,0.0250000004,50,1,0.119999997,0.550000012,0.0133333337
C14_rand_29_r0,1,1451,0.0799999982,0,0,5.6402998,0.0480000004,0.0299999993,0.256133974,0.25564146,0,0,14,3.66619492,10.4345551,0,0,0,0,0,0.305749148,-0.0114122108,14.2018766,0.843601882,0.353499502,5.6402998,543.607788,76.2050018,0.910300016,0.0250000004,50,1,0.119999997,0.550000012,0.0133333337
C14_rand_29_r0,1,1452,0.0933333337,0,0,5.6402998,0.0476666652,0.0296666659,0.251665443,0.251104325,0,0,14,3.66619492,10.4345551,0,0,0,0,0,0.305749148,-0.0114122108,14.2018766,0.843601882,0.353499502,5.6402998,543.607788,76.2050018,0.910300016,0.0250000004,50,1,0.119999997,0.550000012,0.0133333337
C14_rand_29_r0,1,1453,0.106666669,0,0,5.6402998,0.0473333336,0.0293333326,0.247129932,0.246591061,0,0,14,3.66619492,10.4345551,0,0,0,0,0,0.305749148,-0.0114122108,14.2018766,0.843601882,0.353499502,5.6402998,543.607788,76.2050018,0.910300016,0.0250000004,50,1,0.119999997,0.550000012,0.0133333337
C14_rand_29_r0,1,1454,0.119999997,0,0,5.6402998,0.0469999984,0.0289999992,0.242661074,0.242116243,0,0,14,3.66619492,10.4345551,0,0,0,0,0,0.305749148,-0.0114122108,14.2018766,0.843601882,0.353499502,5.6402998,543.607788,76.2050018,0.910300016,0.0250000004,50,1,0.119999997,0.550000012,0.0133333337
C14_rand_29_r0,1,1455,0.13333334,0,0,5.6402998,0.0466666669,0.0286666658,0.23825711,0.237654746,0,0,14,3.66619492,10.4345551,0,0,0,0,0,0.305749148,-0.0114122108,14.2018766,0.843601882,0.353499502,5.6402998,543.607788,76.2050018,0.910300016,0.0250000004,50,1,0.119999997,0.550000012,0.0133333337
C14_rand_29_r0,1,1456,0.146666661,0,0,5.6402998,0.0463333316,0.0283333343,0.233733341,0.232954726,0,0,14,3.66619492,10.4345551,0,0,0,0,0,0.305749148,-0.0114122108,14.2018766,0.843601882,0.353499502,5.6402998,543.607788,76.2050018,0.910300016,0.0250000004,50,1,0.119999997,0.550000012,0.0133333337
C14_rand_29_r0,1,1457,0.159999996,0,0,5.6402998,0.0460000001,0.0280000009,0.229093894,0.228453994,0,0,14,3.66619492,10.4345551,0,0,0,0,0,0.305749148,-0.0114122108,14.2018766,0.843601882,0.353499502,5.6402998,543.607788,76.2050018,0.910300016,0.0250000004,50,1,0.119999997,0.550000012,0.0133333337
C14_rand_29_r0,1,1458,0.173333332,0,0,5.6402998,0.0456666648,0.0276666675,0.224510655,0.223969087,0,0,14,3.66619492,10.4345551,0,0,0,0,0,0.305749148,-0.0114122108,14.2018766,0.843601882,0.353499502,5.6402998,543.607788,76.2050018,0.910300016,0.0250000004,50,1,0.119999997,0.550000012,0.0133333337
C14_rand_29_r0,1,1459,0.186666667,0,0,5.6402998,0.0453333333,0.0273333341,0.219994962,0.21949169,0,0,14,3.66619492,10.4345551,0,0,0,0,0,0.305749148,-0.0114122108,14.2018766,0.843601882,0.353499502,5.6402998,543.607788,76.2050018,0.910300016,0.0250000004,50,1,0.119999997,0.550000012,0.0133333337
C14_rand_29_r0,1,1460,0.200000003,0,0,5.6402998,0.0450000018,0.0270000007,0.215365812,0.214663878,0,0,14,3.66619492,10.4345551,0,0,0,0,0,0.305749148,-0.0114122108,14.2018766,0.843601882,0.353499502,5.6402998,543.607788,76.2050018,0.910300016,0.0250000004,50,1,0.119999997,0.550000012,0.0133333337
C14_rand_29_r0,1,1461,0.213333338,0,0,5.6402998,0.0446666665,0.0266666673,0.210580885,0.210118294,0,0,14,3.66619492,10.4345551,0,0,0,0,0,0.305749148,-0.0114122108,14.2018766,0.843601882,0.353499502,5.6402998,543.607788,76.2050018,0.910300016,0.0250000004,50,1,0.119999997,0.550000012,0.0133333337
C14_rand_29_r0,1,1462,0.226666674,0,0,5.6402998,0.044333335,0.0263333339,0.205897182,0.205581158,0,0,14,3.66619492,10.4345551,0,0,0,0,0,0.305749148,-0.0114122108,14.2018766,0.843601882,0.353499502,5.6402998,543.607788,76.2050018,0.910300016,0.0250000004,50,1,0.119999997,0.550000012,0.0133333337
C14_rand_29_r0,1,1463,0.239999995,0,0,5.6402998,0.0439999998,0.0260000005,0.201352656,0.201048851,0,0,14,3.66619492,10.4345551,0,0,0,0,0,0.305749148,-0.0114122108,14.2018766,0.843601882,0.353499502,5.6402998,543.607788,76.2050018,0.910300016,0.0250000004,50,1,0.119999997,0.550000012,0.0133333337
C14_rand_29_r0,1,1464,0.25333333,0,0,5.6402998,0.0436666682,0.0256666671,0.196454257,0.196107939,0,0,14,3.66619492,10.4345551,0,0,0,0,0,0.305749148,-0.0114122108,14.2018766,0.843601882,0.353499502,5.6402998,543.607788,76.2050018,0.910300016,0.0250000004,50,1,0.119999997,0.550000012,0.0133333337
C14_rand_29_r0,1,1465,0.266666681,0,0,5.6402998,0.043333333,0.0253333338,0.191646308,0.191508934,0,0,14,3.66619492,10.4345551,0,0,0,0,0,0.305749148,-0.0114122108,14.2018766,0.843601882,0.353499502,5.6402998,543.607788,76.2050018,0.910300016,0.0250000004,50,1,0.119999997,0.550000012,0.0133333337
C14_rand_29_r0,1,1466,0.280000001,0,0,5.6402998,0.0430000015,0.0250000004,0.187058181,0.186916918,0,0,14,3.66619492,10.4345551,0,0,0,0,0,0.305749148,-0.0114122108,14.2018766,0.843601882,0.353499502,5.6402998,543.607788,76.2050018,0.910300016,0.0250000004,50,1,0.119999997,0.550000012,0.0133333337
C14_rand_29_r0,1,1467,0.293333322,0,0,5.6402998,0.0426666662,0.024666667,0.18216227,0.181943834,0,0,14,3.66619492,10.4345551,0,0,0,0,0,0.305749148,-0.0114122108,14.2018766,0.843601882,0.353499502,5.6402998,543.607788,76.2050018,0.910300016,0.0250000004,50,1,0.119999997,0.550000012,0.0133333337
C14_rand_29_r0,1,1468,0.306666672,0,0,5.6402998,0.0423333347,0.0243333336,0.177323475,0.177304581,0,0,14,3.66619492,10.4345551,0,0,0,0,0,0.305749148,-0.0114122108,14.2018766,0.843601882,0.353499502,5.6402998,543.607788,76.2050018,0.910300016,0.0250000004,50,1,0.119999997,0.550000012,0.0133333337
C14_rand_29_r0,1,1469,0.319999993,0,0,5.6402998,0.0419999994,0.0240000002,0.172686368,0.172373548,0,0,14,3.66619492,10.4345551,0,0,0,0,0,0.305749148,-0.0114122108,14.2018766,0.843601882,0.353499502,5.6402998,543.607788,76.2050018,0.910300016,0.0250000004,50,1,0.119999997,0.550000012,0.0133333337
C14_rand_29_r0,1,1470,0.333333343,0,0,5.6402998,0.0416666679,0.0236666668,0.167805657,0.167684942,0,0,14,3.66619492,10.4345551,0,0,0,0,0,0.305749148,-0.0114122108,14.2018766,0.843601882,0.353499502,5.6402998,543.607788,76.2050018,0.910300016,0.0250000004,50,1,0.119999997,0.550000012,0.0133333337
C14_rand_29_r0,1,1471,0.346666664,0,0,5.6402998,0.0413333327,0.0233333334,0.162952542,0.162699357,0,0,14,3.66619492,10.4345551,0,0,0,0,0,0.305749148,-0.0114122108,14.2018766,0.843601882,0.353499502,5.6402998,543.607788,76.2050018,0.910300016,0.0250000004,50,1,0.119999997,0.550000012,0.0133333337
C14_rand_29_r0,1,1472,0.360000014,0,0,5.6402998,0.0410000011,0.023,0.158142999,0.158061892,0,0,14,3.66619492,10.4345551,0,0,0,0,0,0.305749148,-0.0114122108,14.2018766,0.843601882,0.353499502,5.6402998,543.607788,76.2050018,0.910300016,0.0250000004,50,1,0.119999997,0.550000012,0.0133333337
C14_rand_29_r0,1,1473,0.373333335,0,0,5.6402998,0.0406666659,0.0226666667,0.153422102,0.153012216,0,0,14,3.66619492,10.4345551,0,0,0,0,0,0.305749148,-0.0114122108,14.2018766,0.843601882,0.353499502,5.6402998,543.607788,76.2050018,0.910300016,0.0250000004,50,1,0.119999997,0.550000012,0.0133333337
C14_rand_29_r0,1,1474,0.386666656,0,0,5.6402998,0.0403333344,0.0223333333,0.148390934,0.148353502,0,0,14,3.66619492,10.4345551,0,0,0,0,0,0.305749148,-0.0114122108,14.2018766,0.843601882,0.353499502,5.6402998,543.607788,76.2050018,0.910300016,0.0250000004,50,1,0.119999997,0.550000012,0.0133333337
C14_rand_29_r0,1,1475,0.400000006,0,0,5.6402998,0.0399999991,0.0219999999,0.143833682,0.143735886,0,0,14,3.66619492,10.4345551,0,0,0,0,0,0.305749148,-0.0114122108,14.2018766,0.843601882,0.353499502,5.6402998,543.607788,76.2050018,0.910300016,0.0250000004,50,1,0.119999997,0.550000012,0.0133333337
C14_rand_29_r0,1,1476,0.413333327,0,0,5.6402998,0.0396666676,0.0216666665,0.138833955,0.138653785,0,0,14,3.66619492,10.4345551,0,0,0,0,0,0.305749148,-0.0114122108,14.2018766,0.843601882,0.353499502,5.6402998,543.607788,76.2050018,0.910300016,0.0250000004,50,1,0.119999997,0.550000012,0.0133333337
C14_rand_29_r0,1,1477,0.426666677,0,0,5.6402998,0.0393333323,0.0213333331,0.134073183,0.134036064,0,0,14,3.66619492,10.4345551,0,0,0,0,0,0.305749148,-0.0114122108,14.2018766,0.843601882,0.353499502,5.6402998,543.607788,76.2050018,0.910300016,0.0250000004,50,1,0.119999997,0.550000012,0.0133333337
C14_rand_29_r0,1,1478,0.439999998,0,0,5.6402998,0.0390000008,0.0209999997,0.129498824,0.128981084,0,0,14,3.66619492,10.4345551,0,0,0,0,0,0.305749148,-0.0114122108,14.2018766,0.843601882,0.353499502,5.6402998,543.607788,76.2050018,0.910300016,0.0250000004,50,1,0.119999997,0.550000012,0.0133333337
C14_rand_29_r0,1,1479,0.453333348,0,0,5.6402998,0.0386666656,0.0206666663,0.124497533,0.12437059,0,0,14,3.66619492,10.4345551,0,0,0,0,0,0.305749148,-0.0114122108,14.2018766,0.843601882,0.353499502,5.6402998,543.607788,76.2050018,0.910300016,0.0250000004,50,1,0.119999997,0.550000012,0.0133333337
C14_rand_29_r0,1,1480,0.466666669,0,0,5.6402998,0.038333334,0.0203333329,0.120178528,0.119809635,0,0,14,3.66619492,10.4345551,0,0,0,0,0,0.305749148,-0.0114122108,14.2018766,0.843601882,0.353499502,5.6402998,543.607788,76.2050018,0.910300016,0.0250000004,50,1,0.119999997,0.550000012,0.0133333337
C14_rand_29_r0,1,1481,0.479999989,0,0,5.6402998,0.0379999988,0.0199999996,0.115135826,0.114759676,0,0,14,3.66619492,10.4345551,0,0,0,0,0,0.305749148,-0.0114122108,14.2018766,0.843601882,0.353499502,5.6402998,543.607788,76.2050018,0.910300016,0.0250000004,50,1,0.119999997,0.550000012,0.0133333337
C14_rand_29_r0,1,1482,0.49333334,0,0,5.6402998,0.0376666673,0.0196666662,0.110593729,0.110227115,0,0,14,3.66619492,10.4345551,0,0,0,0,0,0.305749148,-0.0114122108,14.2018766,0.843601882,0.353499502,5.6402998,543.607788,76.2050018,0.910300016,0.0250000004,50,1,0.119999997,0.550000012,0.0133333337
C14_rand_29_r0,1,1483,0.50666666,0,0,5.6402998,0.037333332,0.0193333328,0.106025763,0.105244055,0,0,14,3.66619492,10.4345551,0,0,0,0,0,0.305749148,-0.0114122108,14.2018766,0.843601882,0.353499502,5.6402998,543.607788,76.2050018,0.910300016,0.0250000004,50,1,0.119999997,0.550000012,0.0133333337
C14_rand_29_r0,1,1484,0.519999981,0,0,5.6402998,0.0370000005,0.0189999994,0.101220809,0.100754701,0,0,14,3.66619492,10.4345551,0,0,0,0,0,0.305749148,-0.0114122108,14.2018766,0.843601882,0.353499502,5.6402998,543.607788,76.2050018,0.910300016,0.0250000004,50,1,0.119999997,0.550000012,0.0133333337
C14_rand_29_r0,1,1485,0.533333361,0,0,5.6402998,0.0366666652,0.018666666,0.0972155258,0.0958414301,0,0,14,3.66619492,10.4345551,0,0,0,0,0,0.305749148,-0.0114122108,14.2018766,0.843601882,0.353499502,5.6402998,543.607788,76.2050018,0.910300016,0.0250000004,50,1,0.119999997,0.550000012,0.0133333337
C14_rand_29_r0,1,1486,0.546666682,0,0,5.6402998,0.0363333337,0.0183333326,0.092100434,0.0914242938,0,0,14,3.66619492,10.4345551,0,0,0,0,0,0.305749148,-0.0114122108,14.2018766,0.843601882,0.353499502,5.6402998,543.607788,76.2050018,0.910300016,0.0250000004,50,1,0.119999997,0.550000012,0.0133333337
C14_rand_29_r0,1,1487,0.560000002,0,0,5.6402998,0.0359999985,0.0179999992,0.0880029723,0.0870869309,0,0,14,3.66619492,10.4345551,0,0,0,0,0,0.305749148,-0.0114122108,14.2018766,0.843601882,0.353499502,5.6402998,543.607788,76.2050018,0.910300016,0.0250000004,50,1,0.119999997,0.550000012,0.0133333337
C14_rand_29_r0,1,1488,0.573333323,0,0,5.6402998,0.0356666669,0.0176666658,0.0833017528,0.0823094323,0,0,14,3.66619492,10.4345551,0,0,0,0,0,0.305749148,-0.0114122108,14.2018766,0.843601882,0.353499502,5.6402998,543.607788,76.2050018,0.910300016,0.0250000004,50,1,0.119999997,0.550000012,0.0133333337
C14_rand_29_r0,1,1489,0.586666644,0,0,5.6402998,0.0353333317,0.0173333324,0.0789286941,0.0781132653,0,0,14,3.66619492,10.4345551,0,0,0,0,0,0.305749148,-0.0114122108,14.2018766,0.843601882,0.353499502,5.6402998,543.607788,76.2050018,0.910300016,0.0250000004,50,1,0.119999997,0.550000012,0.0133333337
C14_rand_29_r0,1,1490,0.600000024,0,0,5.6402998,0.0350000001,0.0170000009,0.0749516562,0.0735135376,0,0,14,3.66619492,10.4345551,0,0,0,0,0,0.305749148,-0.0114122108,14.2018766,0.843601882,0.353499502,5.6402998,543.607788,76.2050018,0.910300016,0.0250000004,50,1,0.119999997,0.550000012,0.0133333337
C14_rand_29_r0,1,1491,0.613333344,0,0,5.6402998,0.0346666649,0.0166666675,0.0702629387,0.0695219114,0,0,14,3.66619492,10.4345551,0,0,0,0,0,0.305749148,-0.0114122108,14.2018766,0.843601882,0.353499502,5.6402998,543.607788,76.2050018,0.910300016,0.0250000004,50,1,0.119999997,0.550000012,0.0133333337
C14_rand_29_r0,1,1492,0.626666665,0,0,5.6402998,0.0343333334,0.0163333341,0.0665600747,0.0665214881,0,0,14,3.66619492,10.4345551,0,0,0,0,0,0.305749148,-0.0114122108,14.2018766,0.843601882,0.353499502,5.6402998,543.607788,76.2050018,0.910300016,0.0250000004,50,1,0.119999997,0.550000012,0.0133333337
C14_rand_29_r0,1,1493,0.639999986,0,0,5.6402998,0.0340000018,0.0160000008,0.0621726364,0.0614136606,0,0,14,3.66619492,10.4345551,0,0,0,0,0,0.305749148,-0.0114122108,14.2018766,0.843601882,0.353499502,5.6402998,543.607788,76.2050018,0.910300016,0.0250000004,50,1,0.119999997,0.550000012,0.0133333337
C14_rand_29_r0,1,1494,0.653333306,0,0,5.6402998,0.0336666666,0.0156666674,0.0585519336,0.0578338094,0,0,14,3.66619492,10.4345551,0,0,0,0,0,0.305749148,-0.0114122108,14.2018766,0.843601882,0.353499502,5.6402998,543.607788,76.2050018,0.910300016,0.0250000004,50,1,0.119999997,0.550000012,0.0133333337
C14_rand_29_r0,1,1495,0.666666687,0,0,5.6402998,0.0333333351,0.0153333331,0.0548603721,0.0538770221,0,0,14,3.66619492,10.4345551,0,0,0,0,0,0.305749148,-0.0114122108,14.2018766,0.843601882,0.353499502,5.6402998,543.607788,76.2050018,0.910300016,0.0250000004,50,1,0.119999997,0.550000012,0.0133333337
C14_rand_29_r0,1,1496,0.680000007,0,0,5.6402998,0.0329999998,0.0149999997,0.0508929901,0.0506125167,0,0,14,3.66619492,10.4345551,0,0,0,0,0,0.305749148,-0.0114122108,14.2018766,0.843601882,0.353499502,5.6402998,543.607788,76.2050018,0.910300016,0.0250000004,50,1,0.119999997,0.550000012,0.0133333337
C14_rand_29_r0,1,1497,0.693333328,0,0,5.6402998,0.0326666683,0.0146666663,0.0482739992,0.0482449681,0,0,14,3.66619492,10.4345551,0,0,0,0,0,0.305749148,-0.0114122108,14.2018766,0.843601882,0.353499502,5.6402998,543.607788,76.2050018,0.910300016,0.0250000004,50,1,0.119999997,0.550000012,0.0133333337
C14_rand_29_r0,1,1498,0.706666648,0,0.838254988,5.6402998,0.032333333,0.0143333329,0.0442368276,0.0440621935,0,1.52409995,14,3.66619492,10.4345551,0,0,0,0,0,0.305749148,-0.0114122108,14.2018766,0.843601882,0.353499502,5.6402998,543.607788,76.2050018,0.910300016,0.0250000004,50,1,0.119999997,0.550000012,0.0133333337
C14_rand_29_r0,1,1499,0.720000029,0,1.21546972,5.6402998,0.0320000015,0.0140000004,0.0416307189,0.0413078368,0,1.52409995,14,3.66619492,10.4345551,0,0,0,0,0,0.305749148,-0.0114122108,14.2018766,0.843601882,0.353499502,5.6402998,543.607788,76.2050018,0.910300016,0.0250000004,50,1,0.119999997,0.550000012,0.0133333337
C14_rand_29_r0,1,1500,0.733333349,0,1.38521636,5.6402998,0.0316666663,0.013666667,0.038903147,0.0382187031,0,1.52409995,14,3.66619492,10.4345551,0,0,0,0,0,0.305749148,-0.0114122108,14.2018766,0.843601882,0.353499502,5.6402998,543.607788,76.2050018,0.910300016,0.0250000004,50,1,0.119999997,0.550000012,0.0133333337
C14_rand_29_r0,1,1501,0.74666667,0,1.46160233,5.6402998,0.0313333347,0.0133333337,0.0359256007,0.0358231254,0,1.52409995,14,3.66619492,10.4345551,0,0,0,0,0,0.305749148,-0.0114122108,14.2018766,0.843601882,0.353499502,5.6402998,543.607788,76.2050018,0.910300016,0.0250000004,50,1,0.119999997,0.550000012,0.0133333337
C14_rand_29_r0,1,1502,0.75999999,0,1.49597609,5.6402998,0.0309999995,0.0130000003,0.0337177627,0.0336818807,0,1.52409995,14,3.66619492,10.4345551,0,0,0,0,0,0.305749148,-0.0114122108,14.2018766,0.843601882,0.353499502,5.6402998,543.607788,76.2050018,0.910300016,0.0250000004,50,1,0.119999997,0.550000012,0.0133333337
C14_rand_29_r0,1,1503,0.773333311,0,1.51144421,5.6402998,0.0306666661,0.0126666669,0.031724982,0.0312598608,0,1.52409995,14,3.66619492,10.4345551,0,0,0,0,0,0.305749148,-0.0114122108,14.2018766,0.843601882,0.353499502,5.6402998,543.607788,76.2050018,0.910300016,0.0250000004,50,1,0.119999997,0.550000012,0.0133333337
C14_rand_29_r0,1,1504,0.786666691,0,1.51840496,5.6402998,0.0303333327,0.0123333335,0.0295268018,0.0293909293,0,1.52409995,14,3.66619492,10.4345551,0,0,0,0,0,0.305749148,-0.0114122108,14.2018766,0.843601882,0.353499502,5.6402998,543.607788,76.2050018,0.910300016,0.0250000004,50,1,0.119999997,0.550000012,0.0133333337
C14_rand_29_r0,1,1505,0.800000012,0,1.52153718,5.6402998,0.0299999993,0.0120000001,0.0279123131,0.0276169311,0,1.52409995,14,3.66619492,10.4345551,0,0,0,0,0,0.305749148,-0.0114122108,14.2018766,0.843601882,0.353499502,5.6402998,543.607788,76.2050018,0.910300016,0.0250000004,50,1,0.119999997,0.550000012,0.0133333337
C14_rand_29_r0,1,1506,0.813333333,0,1.52294672,5.6402998,0.0296666659,0.0116666667,0.026087543,0.0256855935,0,1.52409995,14,3.66619492,10.4345551,0,0,0,0,0,0.305749148,-0.0114122108,14.2018766,0.843601882,0.353499502,5.6402998,543.607788,76.2050018,0.910300016,0.0250000004,50,1,0.119999997,0.550000012,0.0133333337
C14_rand_29_r0,1,1507,0.826666653,0,1.52358103,5.6402998,0.0293333326,0.0113333333,0.0250453986,0.0242317449,0,1.52409995,14,3.66619492,10.4345551,0,0,0,0,0,0.305749148,-0.0114122108,14.2018766,0.843601882,0.353499502,5.6402998,543.607788,76.2050018,0.910300016,0.0250000004,50,1,0.119999997,0.550000012,0.0133333337
C14_rand_29_r0,1,1508,0.839999974,0,1.52386642,5.6402998,0.0289999992,0.0109999999,0.0231220294,0.0229275711,0,1.52409995,14,3.66619492,10.4345551,0,0,0,0,0,0.305749148,-0.0114122108,14.2018766,0.843601882,0.353499502,5.6402998,543.607788,76.2050018,0.910300016,0.0250000004,50,1,0.119999997,0.550000012,0.0133333337
C14_rand_29_r0,1,1509,0.853333354,0,1.52399492,5.6402998,0.0286666658,0.0106666666,0.0221343208,0.0210209712,0,1.52409995,14,3.66619492,10.4345551,0,0,0,0,0,0.305749148,-0.0114122108,14.2018766,0.843601882,0.353499502,5.6402998,543.607788,76.2050018,0.910300016,0.0250000004,50,1,0.119999997,0.550000012,0.0133333337
C14_rand_29_r0,1,1510,0.866666675,0,1.52405274,5.6402998,0.0283333343,0.0103333332,0.020818226,0.0204689801,0,1.52409995,14,3.66619492,10.4345551,0,0,0,0,0,0.305749148,-0.0114122108,14.2018766,0.843601882,0.353499502,5.6402998,543.607788,76.2050018,0.910300016,0.0250000004,50,1,0.119999997,0.550000012,0.0133333337
C14_rand_29_r0,1,1511,0.879999995,0,1.52407873,5.6402998,0.0280000009,0.00999999978,0.0195957832,0.019013755,0,1.52409995,14,3.66619492,10.4345551,0,0,0,0,0,0.305749148,-0.0114122108,14.2018766,0.843601882,0.353499502,5.6402998,543.607788,76.2050018,0.910300016,0.0250000004,50,1,0.119999997,0.550000012,0.0133333337
C14_rand_29_r0,1,1512,0.893333316,0,1.52409041,5.6402998,0.0276666675,0.00966666639,0.0186721738,0.0182297882,0,1.52409995,14,3.66619492,10.4345551,0,0,0,0,0,0.305749148,-0.0114122108,14.2018766,0.843601882,0.353499502,5.6402998,543.607788,76.2050018,0.910300016,0.0250000004,50,1,0.119999997,0.550000012,0.0133333337
C14_rand_29_r0,1,1513,0.906666696,0,1.56912756,5.6402998,0.0273333341,0.009333333,0.017890228,0.0178493839,0.000150616324,1.60597622,14,3.66619492,10.4345551,0,0,0,0,0,0.305749148,-0.0114122108,14.2018766,0.843601882,0.353499502,5.6402998,543.607788,76.2050018,0.910300016,0.0250000004,50,1,0.119999997,0.550000012,0.0133333337
C14_rand_29_r0,1,1514,0.920000017,0,1.9187119,5.6402998,0.0270000007,0.00899999961,0.0167959258,0.0167479292,0.00125207088,2.20473552,14,3.66619492,10.4345551,0,0,0,0,0,0.305749148,-0.0114122108,14.2018766,0.843601882,0.353499502,5.6402998,543.607788,76.2050018,0.910300016,0.0250000004,50,1,0.119999997,0.550000012,0.0133333337
C14_rand_29_r0,1,1515,0.933333337,0,2.22387767,5.6402998,0.0266666673,0.00866666622,0.0166428126,0.0162534118,0.00174658769,2.47355866,14,3.66619492,10.4345551,0,0,0,0,0,0.305749148,-0.0114122108,14.2018766,0.843601882,0.353499502,5.6402998,543.607788,76.2050018,0.910300016,0.0250000004,50,1,0.119999997,0.550000012,0.0133333337
C14_rand_29_r0,1,1516,0.946666658,0,2.55368328,5.6402998,0.0263333339,0.00833333377,0.0161200967,0.0156096295,0.00239037094,2.82352424,14,3.66619492,10.4345551,0,0,0,0,0,0.305749148,-0.0114122108,14.2018766,0.843601882,0.353499502,5.6402998,543.607788,76.2050018,0.910300016,0.0250000004,50,1,0.119999997,0.550000012,0.0133333337
C14_rand_29_r0,1,1517,0.959999979,0,2.80508232,5.6402998,0.0260000005,0.00800000038,0.0153380241,0.0152651751,0.00273482502,3.01077223,14,3.66619492,10.4345551,0,0,0,0,0,0.305749148,-0.0114122108,14.2018766,0.843601882,0.353499502,5.6402998,543.607788,76.2050018,0.910300016,0.0250000004,50,1,0.119999997,0.550000012,0.0133333337
C14_rand_29_r0,1,1518,0.973333359,0,2.93447948,5.6402998,0.0256666671,0.00766666653,0.0154966246,0.0152107645,0.00278923544,3.0403502,14,3.66619492,10.4345551,0,0,0,0,0,0.305749148,-0.0114122108,14.2018766,0.843601882,0.353499502,5.6402998,543.607788,76.2050018,0.910300016,0.0250000004,50,1,0.119999997,0.550000012,0.0133333337
C14_rand_29_r0,1,1519,0.986666679,0,3.20290422,5.6402998,0.0253333338,0.00733333314,0.0150384195,0.0145077314,0.00349226804,3.42252421,14,3.66619492,10.4345551,0,0,0,0,0,0.305749148,-0.0114122108,14.2018766,0.843601882,0.353499502,5.6402998,543.607788,76.2050018,0.910300016,0.0250000004,50,1,0.119999997,0.550000012,0.0133333337
C14_rand_29_r0,1,1520,1,0,3.38549614,5.6402998,0.0250000004,0.00700000022,0.0147295631,0.014301029,0.00369897112,3.53488946,14,3.66619492,10.4345551,0,0,0,0,0,0.305749148,-0.0114122108,14.2018766,0.843601882,0.353499502,5.6402998,543.607788,76.2050018,0.910300016,0.0250000004,50,1,0.119999997,0.550000012,0.0133333337
C14_rand_29_r0,1,1521,1.01333332,1,3.45956922,5.6402998,0.024666667,0.00666666683,0.0143549601,0.0143280989,0.00367190153,3.52017426,14,3.66619492,10.4345551,0,0,0,0,0,0.220736802,-0.478651255,14.1857195,0.810426533,1.63430166,5.6402998,543.607788,76.2050018,0.910300016,0.0250000004,50,1,0.119999997,0.550000012,0.0133333337
C14_rand_29_r0,1,1522,1.02666664,1,3.59199905,5.6402998,0.0243333336,0.00633333344,0.0141683929,0.0139966523,0.00400334736,3.70035076,14,3.66619492,10.4345551,0,0,0,0,0,0.220736802,-0.478651255,14.1857195,0.810426533,1.63430166,5.6402998,543.607788,76.2050018,0.910300016,0.0250000004,50,1,0.119999997,0.550000012,0.0133333337
C14_rand_29_r0,1,1523,1.03999996,1,3.69284916,5.6402998,0.0240000002,0.00600000005,0.0142063536,0.0138586629,0.00414133677,3.77536297,14,3.66619492,10.4345551,0,1,0,0,0,0.220736802,-0.478651255,14.1857195,0.810426533,1.63430166,5.6402998,543.607788,76.2050018,0.910300016,0.0250000004,50,1,0.119999997,0.550000012,0.0133333337
C14_rand_29_r0,1,1524,1.05333328,1,3.82130551,5.6402998,0.0236666668,0.00566666666,0.0138534782,0.0135808103,0.00441918988,3.92640615,14,3.66619492,10.4345551,0,1,0,0,0,0.220736802,-0.478651255,14.1857195,0.810426533,1.63430166,5.6402998,543.607788,76.2050018,0.910300016,0.0250000004,50,1,0.119999997,0.550000012,0.0133333337
C14_rand_29_r0,1,1525,1.06666672,1,3.91081452,5.6402998,0.0233333334,0.00533333328,0.0136874262,0.0134747727,0.00452522747,3.98404908,14,3.66619492,10.4345551,0,1,0,0,0,0.220736802,-0.478651255,14.1857195,0.810426533,1.63430166,5.6402998,543.607788,76.2050018,0.910300016,0.0250000004,50,1,0.119999997,0.550000012,0.0133333337
C14_rand_29_r0,1,1526,1.08000004,1,3.99342418,5.6402998,0.023,0.00499999989,0.0134002324,0.0133331902,0.00466680946,4.06101418,14,3.66619492,10.4345551,0,1,0,0,0,0.220736802,-0.478651255,14.1857195,0.810426533,1.63430166,5.6402998,543.607788,76.2050018,0.910300016,0.0250000004,50,1,0.119999997,0.550000012,0.0133333337
C14_rand_29_r0,1,1527,1.09333336,1,4.09500647,5.6402998,0.0226666667,0.0046666665,0.0131231463,0.0131177688,0.00488223135,4.17811918,14,3.66619492,10.4345551,0,1,0,0,0,0.220736802,-0.478651255,14.1857195,0.810426533,1.63430166,5.6402998,543.607788,76.2050018,0.910300016,0.0250000004,50,1,0.119999997,0.550000012,0.0133333337
C14_rand_29_r0,1,1528,1.10666668,1,4.18364048,5.6402998,0.0223333333,0.00433333311,0.0132260239,0.0129742082,0.00502579194,4.25615978,14,3.66619492,10.4345551,0,1,0,0,0,0.220736802,-0.478651255,14.1857195,0.810426533,1.63430166,5.6402998,543.607788,76.2050018,0.910300016,0.0250000004,50,1,0.119999997,0.550000012,0.0133333337
C14_rand_29_r0,1,1529,1.12,1,4.28963423,5.6402998,0.0219999999,0.00400000019,0.0131249353,0.0127530983,0.00524690142,4.3763566,14,3.66619492,10.4345551,0,1,0,0,0,0.220736802,-0.478651255,14.1857195,0.810426533,1.63430166,5.6402998,543.607788,76.2050018,0.910300016,0.0250000004,50,1,0.119999997,0.550000012,0.0133333337
C14_rand_29_r0,1,1530,1.13333333,1,4.36746216,5.6402998,0.0216666665,0.00366666657,0.0128343208,0.0126523217,0.00534767844,4.43113995,14,3.66619492,10.4345551,0,1,0,0,0,0.220736802,-0.478651255,14.1857195,0.810426533,1.63430166,5.6402998,543.607788,76.2050018,0.910300016,0.0250000004,50,1,0.119999997,0.550000012,0.0133333337
C14_rand_29_r0,1,1531,1.14666665,1,4.46123457,5.6402998,0.0213333331,0.00333333341,0.0126098376,0.0124558248,0.00554417539,4.53795671,14,3.66619492,10.4345551,0,1,0,0,0,0.220736802,-0.478651255,14.1857195,0.810426533,1.63430166,5.6402998,543.607788,76.2050018,0.910300016,0.0250000004,50,1,0.119999997,0.550000012,0.0133333337
C14_rand_29_r0,1,1532,1.15999997,1,4.56519699,5.6402998,0.0209999997,0.00300000003,0.0124986544,0.0122492416,0.00575075811,4.65025711,14,3.66619492,10.4345551,0,1,0,0,0,0.220736802,-0.478651255,14.1857195,0.810426533,1.63430166,5.6402998,543.607788,76.2050018,0.910300016,0.0250000004,50,1,0.119999997,0.550000012,0.0133333337
C14_rand_29_r0,1,1533,1.17333329,1,4.67955351,5.6402998,0.0206775703,0.00267757033,0.0121665029,0.0120232319,0.00597676821,4.77311754,14,3.66619492,10.4345551,0,1,0,0,0,0.220736802,-0.478651255,14.1857195,0.810426533,1.63430166,5.6402998,543.607788,76.2050018,0.910300016,0.0250000004,50,1,0.119999997,0.550000012,0.0133333337
C14_rand_29_r0,1,1534,1.18666661,1,4.76769066,5.6402998,0.0203814413,0.00238144072,0.0127067929,0.011808848,0.00619115168,4.83980322,14,3.66619492,10.4345551,0,1,0,0,0,0.220736802,-0.478651255,14.1857195,0.810426533,1.63430166,5.6402998,543.607788,76.2050018,0.910300016,0.0250000004,50,1,0.119999997,0.550000012,0.0133333337
C14_rand_29_r0,1,1535,1.20000005,1,4.78505945,5.6402998,0.0200945195,0.00209451886,0.0121526783,0.011662202,0.00633779773,4.79927015,14,3.66619492,10.4345551,0,1,0,0,0,0.220736802,-0.478651255,14.1857195,0.810426533,1.63430166,5.6402998,543.607788,76.2050018,0.910300016,0.0250000004,50,1,0.119999997,0.550000012,0.0133333337
C14_rand_29_r0,1,1536,1.21333337,1,4.85850048,5.6402998,0.0198295321,0.00182953209,0.0117037576,0.01136526,0.00663474016,4.91858912,14,3.66619492,10.4345551,0,1,0,0,0,0.220736802,-0.478651255,14.1857195,0.810426533,1.63430166,5.6402998,543.607788,76.2050018,0.910300016,0.0250000004,50,1,0.119999997,0.550000012,0.0133333337
C14_rand_29_r0,1,1537,1.22666669,1,4.89295101,5.6402998,0.0195777714,0.00157777069,0.0120302076,0.0111760758,0.00682392437,4.92113781,14,3.66619492,10.4345551,0,1,0,0,0,0.220736802,-0.478651255,14.1857195,0.810426533,1.63430166,5.6402998,543.607788,76.2050018,0.910300016,0.0250000004,50,1,0.119999997,0.550000012,0.0133333337
C14_rand_29_r0,1,1538,1.24000001,1,4.96795654,5.6402998,0.0193490479,0.00134904846,0.010908626,0.0108658187,0.00713418098,5.02932501,14,3.66619492,10.4345551,0,1,0,0,0,0.220736802,-0.478651255,14.1857195,0.810426533,1.63430166,5.6402998,543.607788,76.2050018,0.910300016,0.0250000004,50,1,0.119999997,0.550000012,0.0133333337
C14_rand_29_r0,1,1539,1.25333333,1,4.93120718,5.6402998,0.0191139579,0.00111395784,0.0120577058,0.0109078409,0.00709215878,4.90113974,14,3.66619492,10.4345551,0,1,0,0,0,0.220736802,-0.478651255,14.1857195,0.810426533,1.63430166,5.6402998,543.607788,76.2050018,0.910300016,0.0250000004,50,1,0.119999997,0.550000012,0.0133333337
C14_rand_29_r0,1,1540,1.26666665,1,5.09640455,5.6402998,0.0189236943,0.000923693995,0.0113487216,0.0103535661,0.00764643354,5.23156548,14,3.66619492,10.4345551,0,1,0,0,0,0.220736802,-0.478651255,14.1857195,0.810426533,1.63430166,5.6402998,543.607788,76.2050018,0.910300016,0.0250000004,50,1,0.119999997,0.550000012,0.0133333337
C14_rand_29_r0,1,1541,1.27999997,1,5.12662363,5.6402998,0.0187492948,0.000749295461,0.0107968329,0.010124092,0.00787590817,5.15134859,14,3.66619492,10.4345551,0,1,0,0,0,0.220736802,-0.478651255,14.1857195,0.810426533,1.63430166,5.6402998,543.607788,76.2050018,0.910300016,0.0250000004,50,1,0.119999997,0.550000012,0.0133333337
C14_rand_29_r0,1,1542,1.29333329,1,5.09892464,5.6402998,0.0185698476,0.000569846947,0.0106881419,0.0101287756,0.00787122454,5.07626152,14,3.66619492,10.4345551,0,1,0,0,0,0.220736802,-0.478651255,14.1857195,0.810426533,1.63430166,5.6402998,543.607788,76.2050018,0.910300016,0.0250000004,50,1,0.119999997,0.550000012,0.0133333337
C14_rand_29_r0,1,1543,1.30666661,1,5.25030994,5.6402998,0.0184316076,0.00043160835,0.0096248081,0.00962322764,0.00837677158,5.37417126,14,3.66619492,10.4345551,0,1,0,0,0,0.220736802,-0.478651255,14.1857195,0.810426533,1.63430166,5.6402998,543.607788,76.2050018,0.910300016,0.0250000004,50,1,0.119999997,0.550000012,0.0133333337
C14_rand_29_r0,1,1544,1.32000005,1,5.21129322,5.6402998,0.0182894003,0.000289400021,0.0104202246,0.00963495858,0.00836504158,5.1793704,14,3.66619492,10.4345551,0,1,0,0,0,0.220736802,-0.478651255,14.1857195,0.810426533,1.63430166,5.6402998,543.607788,76.2050018,0.910300016,0.0250000004,50,1,0.119999997,0.550000012,0.0133333337
C14_rand_29_r0,1,1545,1.33333337,1,5.35019302,5.6402998,0.0181851126,0.000185113357,0.00983829238,0.00914505124,0.00885494892,5.4638381,14,3.66619492,10.4345551,0,1,0,0,0,0.220736802,-0.478651255,14.1857195,0.810426533,1.63430166,5.6402998,543.607788,76.2050018,0.910300016,0.0250000004,50,1,0.119999997,0.550000012,0.0133333337
C14_rand_29_r0,1,1546,1.34666669,1,5.24181175,5.6402998,0.0180570409,5.70410375e-05,0.00952180196,0.00939764734,0.00860235281,5.15313625,14,3.66619492,10.4345551,0,1,0,0,0,0.220736802,-0.478651255,14.1857195,0.810426533,1.63430166,5.6402998,543.607788,76.2050018,0.910300016,0.0250000004,50,1,0.119999997,0.550000012,0.0133333337
C14_rand_29_r0,1,1547,1.36000001,1,5.39545441,5.6402998,0.0179676823,-3.23170752e-05,0.00942773372,0.00892070308,0.00907929707,5.52116156,14,3.66619492,10.4345551,0,1,0,0,0,0.220736802,-0.478651255,14.1857195,0.810426533,1.63430166,5.6402998,543.607788,76.2050018,0.910300016,0.0250000004,50,1,0.119999997,0.550000012,0.0133333337
C14_rand_29_r0,1,1548,1.37333333,1,5.49802637,5.6402998,0.0179132689,-8.67305134e-05,0.00855374988,0.00848325435,0.00951674581,5.58194923,14,3.66619492,10.4345551,1,1,0,1,0,0.220736802,-0.478651255,14.1857195,0.810426533,1.63430166,5.6402998,543.607788,76.2050018,0.910300016,0.0250000004,50,1,0.119999997,0.550000012,0.0133333337
C14_rand_29_r0,1,1549,3.09102988,3,5.45175028,5.6402998,0.0178518258,-0.000148174382,0.00888725929,0.00849849358,0.00950150657,5.4138875,14,3.66619492,10.4345551,1,1,0,2,0,-0.553715229,-3.36125183,10.6933842,0.862559259,2.36542487,5.6402998,543.607788,76.2050018,0.910300016,0.0250000004,50,1,0.119999997,0.550000012,0.0133333337
C14_rand_29_r0,1,1550,3.18206,3,5.56074858,5.6402998,0.0178194866,-0.000180512608,0.00898533873,0.00812341366,0.0098765865,5.64992952,14,3.66619492,10.4345551,1,1,0,3,0,-0.553715229,-3.36125183,10.6933842,0.862559259,2.36542487,5.6402998,543.607788,76.2050018,0.910300016,0.0250000004,50,1,0.119999997,0.550000012,0.0133333337
C14_rand_29_r0,1,1551,3.27308989,3,5.5758605,5.6402998,0.0177961979,-0.000203802119,0.00873029698,0.00799211394,0.0100078862,5.58822489,14,3.66619492,10.4345551,1,1,0,4,0,-0.553715229,-3.36125183,10.6933842,0.862559259,2.36542487,5.6402998,543.607788,76.2050018,0.910300016,0.0250000004,50,1,0.119999997,0.550000012,0.0133333337
C14_rand_29_r0,1,1552,3.36412001,3,5.54147482,5.6402998,0.0177648645,-0.000235135201,0.00848369207,0.00805375911,0.00994624104,5.51334047,14,3.66619492,10.4345551,1,1,0,5,0,-0.553715229,-3.36125183,10.6933842,0.862559259,2.36542487,5.6402998,543.607788,76.2050018,0.910300016,0.0250000004,50,1,0.119999997,0.550000012,0.0133333337
C14_rand_29_r0,1,1553,5.09103012,5,5.29023933,5.6402998,0.0176624041,-0.000337596488,0.00898999348,0.00890995655,0.0090900436,5.08468294,14,3.66619492,10.4345551,1,1,0,6,0,-0.395896822,-1.67125845,10.9139137,0.748815179,0.963065505,5.6402998,543.607788,76.2050018,0.910300016,0.0250000004,50,1,0.119999997,0.550000012,0.0133333337
C14_rand_29_r0,1,1554,5.18205976,5,5.69316387,5.6402998,0.0176600106,-0.000339988968,0.00867662299,0.00778243924,0.0102175614,6.02282953,14,3.66619492,10.4345551,1,1,0,7,0,-0.395896822,-1.67125845,10.9139137,0.748815179,0.963065505,5.6402998,543.607788,76.2050018,0.910300016,0.0250000004,50,1,0.119999997,0.550000012,0.0133333337
C14_rand_29_r0,1,1555,5.27308989,5,5.79265022,5.6402998,0.0177019313,-0.000298068218,0.00789584592,0.00721445028,0.0107855499,5.87404776,14,3.66619492,10.4345551,1,1,0,8,0,-0.395896822,-1.67125845,10.9139137,0.748815179,0.963065505,5.6402998,543.607788,76.2050018,0.910300016,0.0250000004,50,1,0.119999997,0.550000012,0.0133333337
C14_rand_29_r0,1,1556,5.36412001,5,5.81017208,5.6402998,0.0177561045,-0.000243894712,0.0073908926,0.00693286164,0.0110671381,5.82450867,14,3.66619492,10.4345551,1,1,0,9,0,-0.395896822,-1.67125845,10.9139137,0.748815179,0.963065505,5.6402998,543.607788,76.2050018,0.910300016,0.0250000004,50,1,0.119999997,0.550000012,0.0133333337
C14_rand_29_r0,1,1557,7.09103012,7,5.63138056,5.6402998,0.0177626573,-0.000237343411,0.00752370059,0.00745417271,0.0105458274,5.48509645,14,3.66619492,10.4345551,1,1,0,10,0,0.0461494289,-1.90700734,10.8244658,0.848341227,10.7672491,5.6402998,543.607788,76.2050018,0.910300016,0.0250000004,50,1,0.119999997,0.550000012,0.0133333337
C14_rand_29_r0,1,1558,7.18205976,7,5.79480934,5.6402998,0.0178066678,-0.000193332264,0.00765819801,0.00703901239,0.0109609878,5.92852402,14,3.66619492,10.4345551,1,1,0,11,0,0.0461494289,-1.90700734,10.8244658,0.848341227,10.7672491,5.6402998,543.607788,76.2050018,0.910300016,0.0250000004,50,1,0.119999997,0.550000012,0.0133333337
C14_rand_29_r0,1,1559,7.27308989,7,5.84799767,5.6402998,0.0178716965,-0.000128303291,0.00926412269,0.00679201586,0.0112079838,5.89151525,14,3.66619492,10.4345551,1,1,0,12,0,0.0461494289,-1.90700734,10.8244658,0.848341227,10.7672491,5.6402998,543.607788,76.2050018,0.910300016,0.0250000004,50,1,0.119999997,0.550000012,0.0133333337
C14_rand_29_r0,1,1560,7.36412001,7,5.59553385,5.6402998,0.0178701002,-0.000129900145,0.00777420541,0.0075396928,0.0104603078,5.38897276,14,3.66619492,10.4345551,1,1,0,13,0,0.0461494289,-1.90700734,10.8244658,0.848341227,10.7672491,5.6402998,543.607788,76.2050018,0.910300016,0.0250000004,50,1,0.119999997,0.550000012,0.0133333337
C14_rand_29_r0,1,1561,8.09103012,8,5.78211021,5.6402998,0.0179092251,-9.07745707e-05,0.00767332921,0.00709606847,0.0109039312,5.93476343,14,3.66619492,10.4345551,1,1,0,14,0,2.27169299,1.60701466,11.8756294,0.767772496,6.49518585,5.6402998,543.607788,76.2050018,0.910300016,0.0250000004,50,1,0.119999997,0.550000012,0.0133333337
C14_rand_29_r0,1,1562,8.18206024,8,6.22207117,5.6402998,0.0180773493,7.73495121e-05,0.00647279806,0.00556284701,0.0124371527,6.58203936,14,3.66619492,10.4345551,1,1,0,15,0,2.27169299,1.60701466,11.8756294,0.767772496,6.49518585,5.6402998,543.607788,76.2050018,0.910300016,0.0250000004,50,1,0.119999997,0.550000012,0.0133333337
C14_rand_29_r0,1,1563,8.27309036,8,6.12838554,5.6402998,0.0182409491,0.000240949521,0.00645672949,0.00545336725,0.0125466324,6.05173349,14,3.66619492,10.4345551,1,1,0,16,0,2.27169299,1.60701466,11.8756294,0.767772496,6.49518585,5.6402998,543.607788,76.2050018,0.910300016,0.0250000004,50,1,0.119999997,0.550000012,0.0133333337
C14_rand_29_r0,1,1564,8.36411953,8,6.45055914,5.6402998,0.0184932873,0.000493288215,0.00637109391,0.00427285302,0.0137271471,6.71415567,14,3.66619492,10.4345551,1,1,0,17,0,2.27169299,1.60701466,11.8756294,0.767772496,6.49518585,5.6402998,543.607788,76.2050018,0.910300016,0.0250000004,50,1,0.119999997,0.550000012,0.0133333337
C14_rand_29_r0,1,1565,10.0910301,10,6.55814028,5.6402998,0.0187903009,0.000790300255,0.00582690444,0.00365155004,0.0143484501,6.64616108,14,3.66619492,10.4345551,1,1,0,18,0,1.24538481,-0.267336875,8.982131,0.734597147,0.721186221,5.6402998,543.607788,76.2050018,0.910300016,0.0250000004,50,1,0.119999997,0.550000012,0.0133333337
C14_rand_29_r0,1,1566,10.1820602,10,6.69791412,5.6402998,0.0191236343,0.00112363358,0.00523847668,0.00297022471,0.015029775,6.81227446,14,3.66619492,10.4345551,1,1,0,19,0,1.24538481,-0.267336875,8.982131,0.734597147,0.721186221,5.6402998,543.607788,76.2050018,0.910300016,0.0250000004,50,1,0.119999997,0.550000012,0.0133333337
C14_rand_29_r0,1,1567,10.2730904,10,6.70227289,5.6402998,0.0194569677,0.00145696697,0.00351125048,0.0028605212,0.0151394792,6.70583868,14,3.66619492,10.4345551,1,1,0,20,0,1.24538481,-0.267336875,8.982131,0.734597147,0.721186221,5.6402998,543.607788,76.2050018,0.910300016,0.0250000004,50,1,0.119999997,0.550000012,0.0133333337
C14_rand_29_r0,1,1568,10.3641195,10,7.14861822,5.6402998,0.0197903011,0.00179030024,0.00346652488,0.00137420814,0.0166257918,7.51381016,14,3.66619492,10.4345551,1,1,0,21,0,1.24538481,-0.267336875,8.982131,0.734597147,0.721186221,5.6402998,543.607788,76.2050018,0.910300016,0.0250000004,50,1,0.119999997,0.550000012,0.0133333337
C14_rand_29_r0,1,1569,12.0910301,12,6.75454044,5.6402998,0.0201236345,0.00212363363,0.00488014659,0.00336405681,0.0146359429,6.43211269,14,3.66619492,10.4345551,1,1,0,22,0,0.543325603,-0.42425409,8.86877441,0.753554523,0.567963243,5.6402998,543.607788,76.2050018,0.910300016,0.0250000004,50,1,0.119999997,0.550000012,0.0133333337
C14_rand_29_r0,1,1570,12.1820602,12,7.01104927,5.6402998,0.0204569679,0.00245696702,0.00453697052,0.00191299664,0.0160870031,7.22092056,14,3.66619492,10.4345551,1,1,0,23,0,0.543325603,-0.42425409,8.86877441,0.753554523,0.567963243,5.6402998,543.607788,76.2050018,0.910300016,0.0250000004,50,1,0.119999997,0.550000012,0.0133333337
C14_rand_29_r0,1,1571,12.2730904,12,6.69131231,5.6402998,0.0207902994,0.00279030018,0.0034504733,0.00336847827,0.0146315219,6.42970943,14,3.66619492,10.4345551,1,1,0,24,0,0.543325603,-0.42425409,8.86877441,0.753554523,0.567963243,5.6402998,543.607788,76.2050018,0.910300016,0.0250000004,50,1,0.119999997,0.550000012,0.0133333337
C14_rand_29_r0,1,1572,12.3641195,12,6.85354757,5.6402998,0.0211236328,0.00312363356,0.00349959871,0.00234462181,0.0156553779,6.98628569,14,3.66619492,10.4345551,1,1,0,25,0,0.543325603,-0.42425409,8.86877441,0.753554523,0.567963243,5.6402998,543.607788,76.2050018,0.910300016,0.0250000004,50,1,0.119999997,0.550000012,0.0133333337
C14_rand_29_r0,1,1573,14.0910301,14,6.76171827,5.6402998,0.0214569662,0.00345696695,0.00297510624,0.00289593986,0.0151040601,6.68658495,14,3.66619492,10.4345551,1,1,0,26,0,1.35014021,-0.196411178,9.04166985,0.748815179,1.93408966,5.6402998,543.607788,76.2050018,0.910300016,0.0250000004,50,1,0.119999997,0.550000012,0.0133333337
C14_rand_29_r0,1,1574,14.1820602,14,7.02853251,5.6402998,0.0217902996,0.00379030034,0.00187934306,0.00186532433,0.0161346756,7.24683571,14,3.66619492,10.4345551,1,1,0,27,0,1.35014021,-0.196411178,9.04166985,0.748815179,1.93408966,5.6402998,543.607788,76.2050018,0.910300016,0.0250000004,50,1,0.119999997,0.550000012,0.0133333337
C14_rand_29_r0,1,1575,14.2730904,14,7.32801628,5.6402998,0.022123633,0.00412363373,0.00261041918,0.00126523536,0.016734764,7.57304859,14,3.66619492,10.4345551,1,1,0,28,0,1.35014021,-0.196411178,9.04166985,0.748815179,1.93408966,5.6402998,543.607788,76.2050018,0.910300016,0.0250000004,50,1,0.119999997,0.550000012,0.0133333337
C14_rand_29_r0,1,1576,14.3641195,14,7.45706415,5.6402998,0.0224569663,0.00445696712,0.00184176804,0.00128436647,0.0167156328,7.56264877,14,3.66619492,10.4345551,1,1,0,29,0,1.35014021,-0.196411178,9.04166985,0.748815179,1.93408966,5.6402998,543.607788,76.2050018,0.910300016,0.0250000004,50,1,0.119999997,0.550000012,0.0133333337
C14_rand_29_r0,1,1577,16.0910301,16,7.95382929,5.6402998,0.0227902997,0.0047903005,0.00121998705,-0.000182912801,0.0181829128,8.36027336,14,3.66619492,10.4345551,1,1,0,30,0,0.29329592,-1.67993093,8.03847885,0.758293867,1.29656744,5.6402998,543.607788,76.2050018,0.910300016,0.0250000004,50,1,0.119999997,0.550000012,0.0133333337
C14_rand_29_r0,1,1578,16.1820602,16,8.47767067,5.6402998,0.0231236331,0.00512363343,0.00134302198,-0.00118730497,0.0191873051,8.90626907,14,3.66619492,10.4345551,1,1,0,31,0,0.29329592,-1.67993093,8.03847885,0.758293867,1.29656744,5.6402998,543.607788,76.2050018,0.910300016,0.0250000004,50,1,0.119999997,0.550000012,0.0133333337
C14_rand_29_r0,1,1579,16.2730904,16,8.23295975,5.6402998,0.0234569665,0.00545696681,0.00109063077,0.000419603079,0.0175803974,8.03274059,14,3.66619492,10.4345551,1,1,0,32,0,0.29329592,-1.67993093,8.03847885,0.758293867,1.29656744,5.6402998,543.607788,76.2050018,0.910300016,0.0250000004,50,1,0.119999997,0.550000012,0.0133333337
C14_rand_29_r0,1,1580,16.3641205,16,8.72872543,5.6402998,0.0237902999,0.0057903002,0.00244042533,-0.00160687906,0.019606879,9.13435268,14,3.66619492,10.4345551,1,1,0,33,0,0.29329592,-1.67993093,8.03847885,0.758293867,1.29656744,5.6402998,543.607788,76.2050018,0.910300016,0.0250000004,50,1,0.119999997,0.550000012,0.0133333337
C14_rand_29_r0,1,1581,18.0910301,18,8.47988987,5.6402998,0.0241236333,0.00612363359,0.00161247794,-2.84344769e-05,0.0180284344,8.27629757,14,3.66619492,10.4345551,1,1,0,34,0,1.12756193,-0.151333511,9.06434822,0.739336491,0.309776545,5.6402998,543.607788,76.2050018,0.910300016,0.0250000004,50,1,0.119999997,0.550000012,0.0133333337
C14_rand_29_r0,1,1582,18.1820602,18,8.12179661,5.6402998,0.0244569667,0.00645696698,0.0015203373,0.000794743188,0.017205257,7.82881165,14,3.66619492,10.4345551,1,1,0,35,0,1.12756193,-0.151333511,9.06434822,0.739336491,0.309776545,5.6402998,543.607788,76.2050018,0.910300016,0.0250000004,50,1,0.119999997,0.550000012,0.0133333337
C14_rand_29_r0,1,1583,18.2730904,18,8.39882183,5.6402998,0.0247903001,0.00679030037,0.00210645422,-0.000670775538,0.018670775,8.62547874,14,3.66619492,10.4345551,1,1,0,36,0,1.12756193,-0.151333511,9.06434822,0.739336491,0.309776545,5.6402998,543.607788,76.2050018,0.910300016,0.0250000004,50,1,0.119999997,0.550000012,0.0133333337
C14_rand_29_r0,1,1584,18.3641205,18,7.89635134,5.6402998,0.0251236334,0.00712363375,0.00167482812,0.00142676744,0.0165732317,7.48523855,14,3.66619492,10.4345551,1,1,0,37,0,1.12756193,-0.151333511,9.06434822,0.739336491,0.309776545,5.6402998,543.607788,76.2050018,0.910300016,0.0250000004,50,1,0.119999997,0.550000012,0.0133333337
C14_rand_29_r0,1,1585,20.0910301,20,8.2148838,5.6402998,0.0254569668,0.00745696714,0.000882097869,-0.000394880859,0.01839488,8.47550106,14,3.66619492,10.4345551,1,1,0,38,0,0.19327113,-0.330100477,9.34872532,0.753554523,0.969096184,5.6402998,543.607788,76.2050018,0.910300016,0.0250000004,50,1,0.119999997,0.550000012,0.0133333337
C14_rand_29_r0,1,1586,20.1820602,20,8.19755363,5.6402998,0.0257903002,0.00779030006,0.00421718368,0.000142501362,0.0178574994,8.18337536,14,3.66619492,10.4345551,1,1,0,39,0,0.19327113,-0.330100477,9.34872532,0.753554523,0.969096184,5.6402998,543.607788,76.2050018,0.910300016,0.0250000004,50,1,0.119999997,0.550000012,0.0133333337
C14_rand_29_r0,1,1587,20.2730904,20,8.37772942,5.6402998,0.0261236336,0.00812363345,0.00179877738,-0.000486204808,0.0184862055,8.52514553,14,3.66619492,10.4345551,1,1,0,40,0,0.19327113,-0.330100477,9.34872532,0.753554523,0.969096184,5.6402998,543.607788,76.2050018,0.910300016,0.0250000004,50,1,0.119999997,0.550000012,0.0133333337
C14_rand_29_r0,1,1588,20.3641205,20,8.20081329,5.6402998,0.026456967,0.00845696684,0.00258104503,0.000376697775,0.0176233016,8.05606461,14,3.66619492,10.4345551,1,1,0,41,0,0.19327113,-0.330100477,9.34872532,0.753554523,0.969096184,5.6402998,543.607788,76.2050018,0.910300016,0.0250000004,50,1,0.119999997,0.550000012,0.0133333337
C14_rand_29_r0,1,1589,22.0910301,22,7.96439409,5.6402998,0.0267903004,0.00879030023,0.00194688118,0.000901165884,0.0170988347,7.77095938,14,3.66619492,10.4345551,1,1,0,42,0,0.322970599,-0.352204263,9.68977165,0.739336491,1.26083076,5.6402998,543.607788,76.2050018,0.910300016,0.0250000004,50,1,0.119999997,0.550000012,0.0133333337
C14_rand_29_r0,1,1590,22.1820602,22,8.3285017,5.6402998,0.0271236338,0.00912363362,0.00209638476,-0.00067248306,0.018672483,8.62640762,14,3.66619492,10.4345551,1,1,0,43,0,0.322970599,-0.352204263,9.68977165,0.739336491,1.26083076,5.6402998,543.607788,76.2050018,0.910300016,0.0250000004,50,1,0.119999997,0.550000012,0.0133333337
C14_rand_29_r0,1,1591,22.2730904,22,7.98890018,5.6402998,0.0274569672,0.009456967,0.00168474554,0.00101138349,0.0169886164,7.71104431,14,3.66619492,10.4345551,1,1,0,44,0,0.322970599,-0.352204263,9.68977165,0.739336491,1.26083076,5.6402998,543.607788,76.2050018,0.910300016,0.0250000004,50,1,0.119999997,0.550000012,0.0133333337
C14_rand_29_r0,1,1592,22.3641205,22,7.6967268,5.6402998,0.0277903005,0.00979030039,0.00233058375,0.00147747016,0.0165225305,7.45767593,14,3.66619492,10.4345551,1,1,0,45,0,0.322970599,-0.352204263,9.68977165,0.739336491,1.26083076,5.6402998,543.607788,76.2050018,0.910300016,0.0250000004,50,1,0.119999997,0.550000012,0.0133333337
C14_rand_29_r0,1,1593,23.0910301,23,8.03557491,5.6402998,0.0281236339,0.0101236338,0.000860047818,-9.56104632e-05,0.0180956107,8.31281471,14,3.66619492,10.4345551,1,1,0,46,0,4.10698795,-0.586613774,9.48783779,0.748815179,8.61392593,5.6402998,543.607788,76.2050018,0.910300016,0.0250000004,50,1,0.119999997,0.550000012,0.0133333337
C14_rand_29_r0,1,1594,23.1820602,23,8.4805994,5.6402998,0.0284569673,0.0104569672,0.00234304182,-0.00107406394,0.0190740637,8.84471035,14,3.66619492,10.4345551,1,1,0,47,0,4.10698795,-0.586613774,9.48783779,0.748815179,8.61392593,5.6402998,543.607788,76.2050018,0.910300016,0.0250000004,50,1,0.119999997,0.550000012,0.0133333337
C14_rand_29_r0,1,1595,23.2730904,23,8.15266991,5.6402998,0.0287903007,0.0107903006,0.00298336428,0.000692550617,0.0173074491,7.8843646,14,3.66619492,10.4345551,1,1,0,48,0,4.10698795,-0.586613774,9.48783779,0.748815179,8.61392593,5.6402998,543.607788,76.2050018,0.910300016,0.0250000004,50,1,0.119999997,0.550000012,0.0133333337
C14_rand_29_r0,1,1596,23.3641205,23,8.54650974,5.6402998,0.0291236341,0.0111236339,0.00115807133,-0.00111827371,0.0191182736,8.86874294,14,3.66619492,10.4345551,1,1,0,49,0,4.10698795,-0.586613774,9.48783779,0.748815179,8.61392593,5.6402998,543.607788,76.2050018,0.910300016,0.0250000004,50,1,0.119999997,0.550000012,0.0133333337
C14_rand_29_r0,1,1597,25.0910301,25,8.21581554,5.6402998,0.0294569675,0.0114569673,0.00118701241,0.000580554246,0.0174194463,7.9452467,14,3.66619492,10.4345551,1,1,0,50,0,0.0330666304,-3.70761085,10.5507555,0.753554523,0.851576447,5.6402998,543.607788,76.2050018,0.910300016,0.0250000004,50,1,0.119999997,0.550000012,0.0133333337
C14_rand_29_r0,1,1598,25.1820602,25,8.20025349,5.6402998,0.0297903009,0.0117903007,0.00273647183,0.000134875008,0.0178651251,8.18752098,14,3.66619492,10.4345551,1,1,0,51,0,0.0330666304,-3.70761085,10.5507555,0.753554523,0.851576447,5.6402998,543.607788,76.2050018,0.910300016,0.0250000004,50,1,0.119999997,0.550000012,0.0133333337
C14_rand_29_r0,1,1599,25.2730904,25,7.99911261,5.6402998,0.0301236343,0.0121236332,0.000980213168,0.000784200325,0.0172157995,7.83454275,14,3.66619492,10.4345551,1,1,0,52,0,0.0330666304,-3.70761085,10.5507555,0.753554523,0.851576447,5.6402998,543.607788,76.2050018,0.910300016,0.0250000004,50,1,0.119999997,0.550000012,0.0133333337
C14_rand_29_r0,1,1600,25.3641205,25,7.96772575,5.6402998,0.0304569677,0.0124569666,0.0022653623,0.000586442708,0.0174135566,7.94204569,14,3.66619492,10.4345551,1,1,0,53,0,0.0330666304,-3.70761085,10.5507555,0.753554523,0.851576447,5.6402998,543.607788,76.2050018,0.910300016,0.0250000004,50,1,0.119999997,0.550000012,0.0133333337
C14_rand_29_r0,1,1601,26.0910301,26,7.78868103,5.6402998,0.030790301,0.0127903,0.00180903601,0.0011380451,0.0168619547,7.64219046,14,3.66619492,10.4345551,1,1,0,54,0,-0.0732066035,-0.331458539,10.9828348,0.786729872,1.2504226,5.6402998,543.607788,76.2050018,0.910300016,0.0250000004,50,1,0.119999997,0.550000012,0.0133333337
C14_rand_29_r0,1,1602,26.1820602,26,7.40828657,5.6402998,0.0311236344,0.0131236333,0.00410269992,0.00214085588,0.0158591438,7.09705448,14,3.66619492,10.4345551,1,1,0,55,0,-0.0732066035,-0.331458539,10.9828348,0.786729872,1.2504226,5.6402998,543.607788,76.2050018,0.910300016,0.0250000004,50,1,0.119999997,0.550000012,0.0133333337
C14_rand_29_r0,1,1603,26.2730904,26,7.97974205,5.6402998,0.031456966,0.0134569667,0.00341823464,-0.000342998421,0.0183429979,8.4472971,14,3.66619492,10.4345551,1,1,0,56,0,-0.0732066035,-0.331458539,10.9828348,0.786729872,1.2504226,5.6402998,543.607788,76.2050018,0.910300016,0.0250000004,50,1,0.119999997,0.550000012,0.0133333337
C14_rand_29_r0,1,1604,26.3641205,26,7.45902443,5.6402998,0.0317903012,0.0137903001,0.00546316896,0.00225872057,0.0157412793,7.03298235,14,3.66619492,10.4345551,1,1,0,57,0,-0.0732066035,-0.331458539,10.9828348,0.786729872,1.2504226,5.6402998,543.607788,76.2050018,0.910300016,0.0250000004,50,1,0.119999997,0.550000012,0.0133333337
C14_rand_29_r0,1,1605,28.0910301,28,8.20643234,5.6402998,0.0321236327,0.0141236335,0.00226505124,-0.00102483423,0.019024834,8.81794834,14,3.66619492,10.4345551,1,1,0,58,0,0.194590643,-1.9893291,10.515029,0.786729872,0.920103848,5.6402998,543.607788,76.2050018,0.910300016,0.0250000004,50,1,0.119999997,0.550000012,0.0133333337
C14_rand_29_r0,1,1606,28.1820602,28,8.86617947,5.6402998,0.032456968,0.0144569669,0.00224111392,-0.00210653967,0.0201065391,9.40597153,14,3.66619492,10.4345551,1,1,0,59,0,0.194590643,-1.9893291,10.515029,0.786729872,0.920103848,5.6402998,543.607788,76.2050018,0.910300016,0.0250000004,50,1,0.119999997,0.550000012,0.0133333337
C14_rand_29_r0,1,1607,28.2730904,28,8.21816635,5.6402998,0.0327902995,0.0147903003,0.00255252817,0.00105382176,0.0169461779,7.68797493,14,3.66619492,10.4345551,1,1,0,60,0,0.194590643,-1.9893291,10.515029,0.786729872,0.920103848,5.6402998,543.607788,76.2050018,0.910300016,0.0250000004,50,1,0.119999997,0.550000012,0.0133333337
C14_rand_29_r0,1,1608,28.3641205,28,8.39542294,5.6402998,0.0331236348,0.0151236337,0.00363625004,-0.000514360087,0.0185143594,8.5404501,14,3.66619492,10.4345551,1,1,0,61,0,0.194590643,-1.9893291,10.515029,0.786729872,0.920103848,5.6402998,543.607788,76.2050018,0.910300016,0.0250000004,50,1,0.119999997,0.550000012,0.0133333337
C14_rand_29_r0,1,1609,30.0910301,30,8.06999207,5.6402998,0.0334569663,0.0154569671,0.00309009128,0.00084088149,0.0171591192,7.80373049,14,3.66619492,10.4345551,1,1,0,62,0,-0.502375424,-3.51394963,13.41677,0.824644566,1.2602185,5.6402998,543.607788,76.2050018,0.910300016,0.0250000004,50,1,0.119999997,0.550000012,0.0133333337
C14_rand_29_r0,1,1610,30.1820602,30,8.87880611,5.6402998,0.0337903015,0.0157903004,0.00389846601,-0.00235412898,0.0203541294,9.54056358,14,3.66619492,10.4345551,1,1,0,63,0,-0.502375424,-3.51394963,13.41677,0.824644566,1.2602185,5.6402998,543.607788,76.2050018,0.910300016,0.0250000004,50,1,0.119999997,0.550000012,0.0133333337
C14_rand_29_r0,1,1611,30.2730904,30,8.22453499,5.6402998,0.0341236331,0.0161236338,0.00359033118,0.00105152582,0.0169484746,7.68922281,14,3.66619492,10.4345551,1,1,0,64,0,-0.502375424,-3.51394963,13.41677,0.824644566,1.2602185,5.6402998,543.607788,76.2050018,0.910300016,0.0250000004,50,1,0.119999997,0.550000012,0.0133333337
C14_rand_29_r0,1,1612,30.3641205,30,8.27191353,5.6402998,0.0344569683,0.0164569672,0.00291998754,-9.16791105e-05,0.0180916786,8.31067753,14,3.66619492,10.4345551,1,1,0,65,0,-0.502375424,-3.51394963,13.41677,0.824644566,1.2602185,5.6402998,543.607788,76.2050018,0.910300016,0.0250000004,50,1,0.119999997,0.550000012,0.0133333337
C14_rand_29_r0,1,1613,32.0910301,32,7.84433365,5.6402998,0.0347902998,0.0167903006,0.00269980729,0.00140973856,0.0165902618,7.49449539,14,3.66619492,10.4345551,1,1,0,66,0,0.787424147,-0.745168507,14.3683605,0.843601882,1.19048023,5.6402998,543.607788,76.2050018,0.910300016,0.0250000004,50,1,0.119999997,0.550000012,0.0133333337
C14_rand_29_r0,1,1614,32.1820602,32,7.808002,5.6402998,0.0351236351,0.017123634,0.00115996879,0.000887706701,0.0171122923,7.77827597,14,3.66619492,10.4345551,1,1,0,67,0,0.787424147,-0.745168507,14.3683605,0.843601882,1.19048023,5.6402998,543.607788,76.2050018,0.910300016,0.0250000004,50,1,0.119999997,0.550000012,0.0133333337
C14_rand_29_r0,1,1615,32.2730904,32,7.93624258,5.6402998,0.0354569666,0.0174569674,0.00302695576,0.000404103455,0.0175958965,8.04116631,14,3.66619492,10.4345551,1,1,0,68,0,0.787424147,-0.745168507,14.3683605,0.843601882,1.19048023,5.6402998,543.607788,76.2050018,0.910300016,0.0250000004,50,1,0.119999997,0.550000012,0.0133333337
C14_rand_29_r0,1,1616,32.3641205,32,8.38294888,5.6402998,0.0357903019,0.0177903008,0.00278442469,-0.000896960497,0.0188969597,8.74843502,14,3.66619492,10.4345551,1,1,0,69,0,0.787424147,-0.745168507,14.3683605,0.843601882,1.19048023,5.6402998,543.607788,76.2050018,0.910300016,0.0250000004,50,1,0.119999997,0.550000012,0.0133333337
C14_rand_29_r0,1,1617,34.0910301,34,7.85676765,5.6402998,0.0361236334,0.0181236342,0.00235137623,0.00153526885,0.0164647307,7.42625618,14,3.66619492,10.4345551,1,1,0,70,0,2.11802125,1.04828572,13.6970825,0.82938391,0.407953352,5.6402998,543.607788,76.2050018,0.910300016,0.0250000004,50,1,0.119999997,0.550000012,0.0133333337
C14_rand_29_r0,1,1618,34.1820602,34,8.04314518,5.6402998,0.0364569686,0.0184569675,0.00324716675,0.000119946846,0.0178800523,8.19563675,14,3.66619492,10.4345551,1,1,0,71,0,2.11802125,1.04828572,13.6970825,0.82938391,0.407953352,5.6402998,543.607788,76.2050018,0.910300016,0.0250000004,50,1,0.119999997,0.550000012,0.0133333337
C14_rand_29_r0,1,1619,34.2730904,34,7.95849991,5.6402998,0.0367903002,0.0187903009,0.00287176366,0.000683574181,0.0173164252,7.88924408,14,3.66619492,10.4345551,1,1,0,72,0,2.11802125,1.04828572,13.6970825,0.82938391,0.407953352,5.6402998,543.607788,76.2050018,0.910300016,0.0250000004,50,1,0.119999997,0.550000012,0.0133333337
C14_rand_29_r0,1,1620,34.3641205,34,7.75643969,5.6402998,0.0371236354,0.0191236343,0.0023211909,0.00123199529,0.0167680047,7.59111834,14,3.66619492,10.4345551,1,1,0,73,0,2.11802125,1.04828572,13.6970825,0.82938391,0.407953352,5.6402998,543.607788,76.2050018,0.910300016,0.0250000004,50,1,0.119999997,0.550000012,0.0133333337
C14_rand_29_r0,1,1621,35.0910301,35,6.85505438,5.6402998,0.0374569669,0.0194569677,0.00406560907,0.00394270197,0.0140572982,6.11755705,14,3.66619492,10.4345551,1,1,0,74,0,-0.730600238,-1.62453318,13.2996082,0.767772496,3.33589816,5.6402998,543.607788,76.2050018,0.910300016,0.0250000004,50,1,0.119999997,0.550000012,0.0133333337
C14_rand_29_r0,1,1622,35.1043625,35,5.31672621,5.6402998,0.0374226421,0.019422641,0.00823590718,0.00773121044,0.0102687897,4.05809402,14,3.66619492,10.4345551,0,1,0,0,0,-0.730600238,-1.62453318,13.2996082,0.767772496,3.33589816,5.6402998,543.607788,76.2050018,0.910300016,0.0250000004,50,1,0.119999997,0.550000012,0.0133333337
C14_rand_29_r0,1,1623,35.1176949,35,4.53817892,5.6402998,0.0371107757,0.0191107746,0.0132789277,0.0111122467,0.00688775349,3.90118551,14,3.66619492,10.4345551,0,1,0,0,0,-0.730600238,-1.62453318,13.2996082,0.767772496,3.33589816,5.6402998,543.607788,76.2050018,0.910300016,0.0250000004,50,1,0.119999997,0.550000012,0.0133333337
C14_rand_29_r0,1,1624,35.131031,35,3.77694559,5.6402998,0.0367774405,0.0187774412,0.0153326169,0.0148209166,0.00317908311,3.1541183,14,3.66619492,10.4345551,0,1,0,0,0,-0.730600238,-1.62453318,13.2996082,0.767772496,3.33589816,5.6402998,543.607788,76.2050018,0.910300016,0.0250000004,50,1,0.119999997,0.550000012,0.0133333337
C14_rand_29_r0,1,1625,35.1443634,35,3.00612354,5.6402998,0.0364441089,0.0184441078,0.0172642898,0.0164338872,0.00156611286,2.37545109,14,3.66619492,10.4345551,0,0,0,0,0,-0.730600238,-1.62453318,13.2996082,0.767772496,3.33589816,5.6402998,543.607788,76.2050018,0.910300016,0.0250000004,50,1,0.119999997,0.550000012,0.0133333337
C14_rand_29_r0,1,1626,35.1576958,35,2.19101071,5.6402998,0.0361107737,0.0181107745,0.0198065937,0.0190018211,0,1.52409995,14,3.66619492,10.4345551,0,0,0,0,0,-0.730600238,-1.62453318,13.2996082,0.767772496,3.33589816,5.6402998,543.607788,76.2050018,0.910300016,0.0250000004,50,1,0.119999997,0.550000012,0.0133333337
C14_rand_29_r0,1,1627,35.1710281,35,1.82420981,5.6402998,0.0357774422,0.0177774411,0.0209985059,0.0208172407,0,1.52409995,14,3.66619492,10.4345551,0,0,0,0,0,-0.730600238,-1.62453318,13.2996082,0.767772496,3.33589816,5.6402998,543.607788,76.2050018,0.910300016,0.0250000004,50,1,0.119999997,0.550000012,0.0133333337
C14_rand_29_r0,1,1628,35.1843643,35,1.65914941,5.6402998,0.0354441069,0.0174441077,0.0229113121,0.0226538219,0,1.52409995,14,3.66619492,10.4345551,0,0,0,0,0,-0.730600238,-1.62453318,13.2996082,0.767772496,3.33589816,5.6402998,543.607788,76.2050018,0.910300016,0.0250000004,50,1,0.119999997,0.550000012,0.0133333337
C14_rand_29_r0,1,1629,35.1976967,35,1.58487225,5.6402998,0.0351107754,0.0171107743,0.0234537143,0.0229909588,0,1.52409995,14,3.66619492,10.4345551,0,0,0,0,0,-0.730600238,-1.62453318,13.2996082,0.767772496,3.33589816,5.6402998,543.607788,76.2050018,0.910300016,0.0250000004,50,1,0.119999997,0.550000012,0.0133333337
C14_rand_29_r0,1,1630,35.2110291,35,1.55144751,5.6402998,0.0347774401,0.0167774409,0.0245539248,0.0244825967,0,1.52409995,14,3.66619492,10.4345551,0,0,0,0,0,-0.730600238,-1.62453318,13.2996082,0.767772496,3.33589816,5.6402998,543.607788,76.2050018,0.910300016,0.0250000004,50,1,0.119999997,0.550000012,0.0133333337
C14_rand_29_r0,1,1631,35.2243652,35,1.5364064,5.6402998,0.0344441086,0.0164441075,0.0252493173,0.0240342245,0,1.52409995,14,3.66619492,10.4345551,0,0,0,0,0,-0.730600238,-1.62453318,13.2996082,0.767772496,3.33589816,5.6402998,543.607788,76.2050018,0.910300016,0.0250000004,50,1,0.119999997,0.550000012,0.0133333337
C14_rand_29_r0,1,1632,35.2376976,35,1.52963781,5.6402998,0.0341107734,0.016110776,0.025387641,0.0249611605,0,1.52409995,14,3.66619492,10.4345551,0,0,0,0,0,-0.730600238,-1.62453318,13.2996082,0.767772496,3.33589816,5.6402998,543.607788,76.2050018,0.910300016,0.0250000004,50,1,0.119999997,0.550000012,0.0133333337
C14_rand_29_r0,1,1633,35.25103,35,1.52659202,5.6402998,0.0337774418,0.0157774426,0.0252473615,0.0251190905,0,1.52409995,14,3.66619492,10.4345551,0,0,0,0,0,-0.730600238,-1.62453318,13.2996082,0.767772496,3.33589816,5.6402998,543.607788,76.2050018,0.910300016,0.0250000004,50,1,0.119999997,0.550000012,0.0133333337
C14_rand_29_r0,1,1634,35.2643623,35,1.52522147,5.6402998,0.0334441066,0.0154441083,0.025318699,0.025141133,0,1.52409995,14,3.66619492,10.4345551,0,0,0,0,0,-0.730600238,-1.62453318,13.2996082,0.767772496,3.33589816,5.6402998,543.607788,76.2050018,0.910300016,0.0250000004,50,1,0.119999997,0.550000012,0.0133333337
C14_rand_29_r0,1,1635,35.2776985,35,1.52460468,5.6402998,0.0331107751,0.0151107749,0.0246912502,0.0245528724,0,1.52409995,14,3.66619492,10.4345551,0,0,0,0,0,-0.730600238,-1.62453318,13.2996082,0.767772496,3.33589816,5.6402998,543.607788,76.2050018,0.910300016,0.0250000004,50,1,0.119999997,0.550000012,0.0133333337
C14_rand_29_r0,1,1636,35.2910309,35,1.52432704,5.6402998,0.0327774435,0.0147774415,0.0242973175,0.0242499337,0,1.52409995,14,3.66619492,10.4345551,0,0,0,0,0,-0.730600238,-1.62453318,13.2996082,0.767772496,3.33589816,5.6402998,543.607788,76.2050018,0.910300016,0.0250000004,50,1,0.119999997,0.550000012,0.0133333337
C14_rand_29_r0,1,1637,35.3043633,35,1.52420223,5.6402998,0.0324441083,0.0144441081,0.0237390734,0.0235137772,0,1.52409995,14,3.66619492,10.4345551,0,0,0,0,0,-0.730600238,-1.62453318,13.2996082,0.767772496,3.33589816,5.6402998,543.607788,76.2050018,0.910300016,0.0250000004,50,1,0.119999997,0.550000012,0.0133333337
C14_rand_29_r0,1,1638,35.3176956,35,1.52414596,5.6402998,0.0321107768,0.0141107747,0.0230029244,0.0230002366,0,1.52409995,14,3.66619492,10.4345551,0,0,0,0,0,-0.730600238,-1.62453318,13.2996082,0.767772496,3.33589816,5.6402998,543.607788,76.2050018,0.910300016,0.0250000004,50,1,0.119999997,0.550000012,0.0133333337
C14_rand_29_r0,1,1639,35.3310318,35,1.52412069,5.6402998,0.0317774415,0.0137774413,0.0225391909,0.0221997947,0,1.52409995,14,3.66619492,10.4345551,0,0,0,0,0,-0.730600238,-1.62453318,13.2996082,0.767772496,3.33589816,5.6402998,543.607788,76.2050018,0.910300016,0.0250000004,50,1,0.119999997,0.550000012,0.0133333337
C14_rand_29_r0,1,1640,35.3443642,35,1.52410936,5.6402998,0.03144411,0.0134441089,0.02157823,0.0215651151,0,1.52409995,14,3.66619492,10.4345551,0,0,0,0,0,-0.730600238,-1.62453318,13.2996082,0.767772496,3.33589816,5.6402998,543.607788,76.2050018,0.910300016,0.0250000004,50,1,0.119999997,0.550000012,0.0133333337
C14_rand_29_r0,1,1641,35.3576965,35,1.52410424,5.6402998,0.0311107747,0.0131107755,0.0212418344,0.0207644012,0,1.52409995,14,3.66619492,10.4345551,0,0,0,0,0,-0.730600238,-1.62453318,13.2996082,0.767772496,3.33589816,5.6402998,543.607788,76.2050018,0.910300016,0.0250000004,50,1,0.119999997,0.550000012,0.0133333337
C14_rand_29_r0,1,1642,35.3710289,35,1.52410185,5.6402998,0.0307774413,0.0127774421,0.0201663207,0.0200744923,0,1.52409995,14,3.66619492,10.4345551,0,0,0,0,0,-0.730600238,-1.62453318,13.2996082,0.767772496,3.33589816,5.6402998,543.607788,76.2050018,0.910300016,0.0250000004,50,1,0.119999997,0.550000012,0.0133333337
C14_rand_29_r0,1,1643,35.3843651,35,1.5241009,5.6402998,0.0304441079,0.0124441087,0.019767005,0.0195647925,0,1.52409995,14,3.66619492,10.4345551,0,0,0,0,0,-0.730600238,-1.62453318,13.2996082,0.767772496,3.33589816,5.6402998,543.607788,76.2050018,0.910300016,0.0250000004,50,1,0.119999997,0.550000012,0.0133333337
C14_rand_29_r0,1,1644,35.3976974,35,1.52410042,5.6402998,0.0301107746,0.0121107753,0.0188932326,0.0186133459,0,1.52409995,14,3.66619492,10.4345551,0,0,0,0,0,-0.730600238,-1.62453318,13.2996082,0.767772496,3.33589816,5.6402998,543.607788,76.2050018,0.910300016,0.0250000004,50,1,0.119999997,0.550000012,0.0133333337
C14_rand_29_r0,1,1645,35.4110298,35,1.52410018,5.6402998,0.0297774412,0.0117774419,0.018288454,0.0180965327,0,1.52409995,14,3.66619492,10.4345551,0,0,0,0,0,-0.730600238,-1.62453318,13.2996082,0.767772496,3.33589816,5.6402998,543.607788,76.2050018,0.910300016,0.0250000004,50,1,0.119999997,0.550000012,0.0133333337
C14_rand_29_r0,1,1646,35.4243622,35,1.75305939,5.6402998,0.0294441078,0.0114441086,0.0178655796,0.0172342099,0.000765790464,1.94038963,14,3.66619492,10.4345551,0,0,0,0,0,-0.730600238,-1.62453318,13.2996082,0.767772496,3.33589816,5.6402998,543.607788,76.2050018,0.910300016,0.0250000004,50,1,0.119999997,0.550000012,0.0133333337
C14_rand_29_r0,1,1647,35.4376984,35,2.005198,5.6402998,0.0291107744,0.0111107752,0.0171520989,0.0167354979,0.00126450206,2.21149325,14,3.66619492,10.4345551,0,0,0,0,0,-0.730600238,-1.62453318,13.2996082,0.767772496,3.33589816,5.6402998,543.607788,76.2050018,0.910300016,0.0250000004,50,1,0.119999997,0.550000012,0.0133333337
C14_rand_29_r0,1,1648,35.4510307,35,2.48096776,5.6402998,0.028777441,0.0107774418,0.0165216755,0.0155237038,0.00247629592,2.87023377,14,3.66619492,10.4345551,0,0,0,0,0,-0.730600238,-1.62453318,13.2996082,0.767772496,3.33589816,5.6402998,543.607788,76.2050018,0.910300016,0.0250000004,50,1,0.119999997,0.550000012,0.0133333337
C14_rand_29_r0,1,1649,35.4643631,35,2.97490501,5.6402998,0.0284441076,0.0104441084,0.0163632911,0.014587732,0.00341226812,3.37903547,14,3.66619492,10.4345551,0,0,0,0,0,-0.730600238,-1.62453318,13.2996082,0.767772496,3.33589816,5.6402998,543.607788,76.2050018,0.910300016,0.0250000004,50,1,0.119999997,0.550000012,0.0133333337
C14_rand_29_r0,1,1650,35.4776955,35,3.27570009,5.6402998,0.0281107742,0.010110775,0.0149330981,0.0143250991,0.00367490132,3.52180505,14,3.66619492,10.4345551,0,0,0,0,0,-0.730600238,-1.62453318,13.2996082,0.767772496,3.33589816,5.6402998,543.607788,76.2050018,0.910300016,0.0250000004,50,1,0.119999997,0.550000012,0.0133333337
C14_rand_29_r0,1,1651,35.4910316,35,3.20959854,5.6402998,0.0277774408,0.00977744162,0.015044977,0.01499891,0.00300108967,3.15551567,14,3.66619492,10.4345551,0,0,0,0,0,-0.730600238,-1.62453318,13.2996082,0.767772496,3.33589816,5.6402998,543.607788,76.2050018,0.910300016,0.0250000004,50,1,0.119999997,0.550000012,0.0133333337
C14_rand_29_r0,1,1652,35.504364,35,3.69244218,5.6402998,0.0274441093,0.00944410823,0.013770259,0.0132844755,0.00471552461,4.08749628,14,3.66619492,10.4345551,0,1,0,0,0,-0.730600238,-1.62453318,13.2996082,0.767772496,3.33589816,5.6402998,543.607788,76.2050018,0.910300016,0.0250000004,50,1,0.119999997,0.550000012,0.0133333337
C14_rand_29_r0,1,1653,35.5176964,35,3.91980243,5.6402998,0.0271107759,0.00911077484,0.013625457,0.0132507589,0.00474924082,4.10582447,14,3.66619492,10.4345551,0,1,0,0,0,-0.730600238,-1.62453318,13.2996082,0.767772496,3.33589816,5.6402998,543.607788,76.2050018,0.910300016,0.0250000004,50,1,0.119999997,0.550000012,0.0133333337
C14_rand_29_r0,1,1654,35.5310287,35,4.28870869,5.6402998,0.0267774425,0.00877744146,0.0130916014,0.0123590929,0.00564090721,4.59054089,14,3.66619492,10.4345551,0,1,0,0,0,-0.730600238,-1.62453318,13.2996082,0.767772496,3.33589816,5.6402998,543.607788,76.2050018,0.910300016,0.0250000004,50,1,0.119999997,0.550000012,0.0133333337
C14_rand_29_r0,1,1655,35.5443649,35,4.4607482,5.6402998,0.0264441092,0.00844410807,0.0123798065,0.0123389196,0.00566108106,4.60150766,14,3.66619492,10.4345551,0,1,0,0,0,-0.730600238,-1.62453318,13.2996082,0.767772496,3.33589816,5.6402998,543.607788,76.2050018,0.910300016,0.0250000004,50,1,0.119999997,0.550000012,0.0133333337
C14_rand_29_r0,1,1656,35.5576973,35,4.77837276,5.6402998,0.0261491295,0.00814912841,0.0129677132,0.0115355095,0.00646449113,5.03824759,14,3.66619492,10.4345551,0,1,0,0,0,-0.730600238,-1.62453318,13.2996082,0.767772496,3.33589816,5.6402998,543.607788,76.2050018,0.910300016,0.0250000004,50,1,0.119999997,0.550000012,0.0133333337
C14_rand_29_r0,1,1657,35.5710297,35,4.82891607,5.6402998,0.0258745812,0.00787458103,0.0118058752,0.0115219224,0.00647807727,4.8702693,14,3.66619492,10.4345551,0,1,0,0,0,-0.730600238,-1.62453318,13.2996082,0.767772496,3.33589816,5.6402998,543.607788,76.2050018,0.910300016,0.0250000004,50,1,0.119999997,0.550000012,0.0133333337
C14_rand_29_r0,1,1658,35.584362,35,4.71292353,5.6402998,0.0255712178,0.00757121854,0.0122640729,0.0118140951,0.00618590508,4.61802101,14,3.66619492,10.4345551,0,1,0,0,0,-0.730600238,-1.62453318,13.2996082,0.767772496,3.33589816,5.6402998,543.607788,76.2050018,0.910300016,0.0250000004,50,1,0.119999997,0.550000012,0.0133333337
C14_rand_29_r0,1,1659,35.5976982,35,4.92805147,5.6402998,0.0253228117,0.00732281106,0.0113580143,0.0111623481,0.0068376516,5.10406494,14,3.66619492,10.4345551,0,1,0,0,0,-0.730600238,-1.62453318,13.2996082,0.767772496,3.33589816,5.6402998,543.607788,76.2050018,0.910300016,0.0250000004,50,1,0.119999997,0.550000012,0.0133333337
C14_rand_29_r0,1,1660,35.6110306,35,5.23088646,5.6402998,0.0251676831,0.00716768391,0.0110013271,0.0100110266,0.00798897352,5.47866058,14,3.66619492,10.4345551,0,1,0,0,0,-0.730600238,-1.62453318,13.2996082,0.767772496,3.33589816,5.6402998,543.607788,76.2050018,0.910300016,0.0250000004,50,1,0.119999997,0.550000012,0.0133333337
C14_rand_29_r0,1,1661,35.6243629,35,5.1410737,5.6402998,0.0250031557,0.00700315554,0.0111375563,0.00998263434,0.00801736582,5.06759024,14,3.66619492,10.4345551,0,1,0,0,0,-0.730600238,-1.62453318,13.2996082,0.767772496,3.33589816,5.6402998,543.607788,76.2050018,0.910300016,0.0250000004,50,1,0.119999997,0.550000012,0.0133333337
C14_rand_29_r0,1,1662,35.6376953,35,5.30555439,5.6402998,0.0248827487,0.00688274903,0.010230355,0.00937640108,0.00862359907,5.44012928,14,3.66619492,10.4345551,0,1,0,0,0,-0.730600238,-1.62453318,13.2996082,0.767772496,3.33589816,5.6402998,543.607788,76.2050018,0.910300016,0.0250000004,50,1,0.119999997,0.550000012,0.0133333337
C14_rand_29_r0,1,1663,35.6510315,35,5.23149347,5.6402998,0.0247491244,0.00674912427,0.0103061041,0.00950055569,0.00849944446,5.17089796,14,3.66619492,10.4345551,0,1,0,0,0,-0.730600238,-1.62453318,13.2996082,0.767772496,3.33589816,5.6402998,543.607788,76.2050018,0.910300016,0.0250000004,50,1,0.119999997,0.550000012,0.0133333337
C14_rand_29_r0,1,1664,35.6643639,35,5.23844719,5.6402998,0.0246152282,0.00661522755,0.010235901,0.00947701279,0.00852298737,5.24413633,14,3.66619492,10.4345551,0,1,0,0,0,-0.730600238,-1.62453318,13.2996082,0.767772496,3.33589816,5.6402998,543.607788,76.2050018,0.910300016,0.0250000004,50,1,0.119999997,0.550000012,0.0133333337
C14_rand_29_r0,1,1665,35.6776962,35,5.29052067,5.6402998,0.0244957507,0.00649575051,0.00948777702,0.00931559503,0.00868440513,5.33312607,14,3.66619492,10.4345551,0,1,0,0,0,-0.730600238,-1.62453318,13.2996082,0.767772496,3.33589816,5.6402998,543.607788,76.2050018,0.910300016,0.0250000004,50,1,0.119999997,0.550000012,0.0133333337
C14_rand_29_r0,1,1666,35.6910286,35,5.19141054,5.6402998,0.0243511461,0.00635114592,0.00992252398,0.00960417651,0.00839582365,5.11032009,14,3.66619492,10.4345551,0,1,0,0,0,-0.730600238,-1.62453318,13.2996082,0.767772496,3.33589816,5.6402998,543.607788,76.2050018,0.910300016,0.0250000004,50,1,0.119999997,0.550000012,0.0133333337
C14_rand_29_r0,1,1667,35.7043648,35,5.41852188,5.6402998,0.0242654402,0.00626544002,0.00927788392,0.00890674256,0.00909325667,5.60434008,14,3.66619492,10.4345551,0,1,0,0,0,-0.730600238,-1.62453318,13.2996082,0.767772496,3.33589816,5.6402998,543.607788,76.2050018,0.910300016,0.0250000004,50,1,0.119999997,0.550000012,0.0133333337
C14_rand_29_r0,1,1668,35.7176971,35,5.2574296,5.6402998,0.0241448022,0.00614480302,0.00951420236,0.00929196831,0.00870803185,5.12562656,14,3.66619492,10.4345551,0,1,0,0,0,-0.730600238,-1.62453318,13.2996082,0.767772496,3.33589816,5.6402998,543.607788,76.2050018,0.910300016,0.0250000004,50,1,0.119999997,0.550000012,0.0133333337
C14_rand_29_r0,1,1669,35.7310295,35,5.4387393,5.6402998,0.0240687076,0.00606870744,0.00904015545,0.00873689912,0.0092631001,5.58708334,14,3.66619492,10.4345551,0,1,0,0,0,-0.730600238,-1.62453318,13.2996082,0.767772496,3.33589816,5.6402998,543.607788,76.2050018,0.910300016,0.0250000004,50,1,0.119999997,0.550000012,0.0133333337
C14_rand_29_r0,1,1670,35.7443619,35,5.50794935,5.6402998,0.02401926,0.00601926073,0.00882377941,0.00840366073,0.00959633943,5.56457567,14,3.66619492,10.4345551,0,1,0,0,0,-0.730600238,-1.62453318,13.2996082,0.767772496,3.33589816,5.6402998,543.607788,76.2050018,0.910300016,0.0250000004,50,1,0.119999997,0.550000012,0.0133333337
C14_rand_29_r0,1,1671,35.7576981,35,5.39999771,5.6402998,0.0239442699,0.00594426924,0.00896557979,0.00864474662,0.00935525354,5.31167364,14,3.66619492,10.4345551,0,1,0,0,0,-0.730600238,-1.62453318,13.2996082,0.767772496,3.33589816,5.6402998,543.607788,76.2050018,0.910300016,0.0250000004,50,1,0.119999997,0.550000012,0.0133333337
C14_rand_29_r0,1,1672,35.7710304,35,5.53890419,5.6402998,0.0239036046,0.00590360491,0.00880952738,0.00823253579,0.00976746436,5.65255451,14,3.66619492,10.4345551,0,1,0,0,0,-0.730600238,-1.62453318,13.2996082,0.767772496,3.33589816,5.6402998,543.607788,76.2050018,0.910300016,0.0250000004,50,1,0.119999997,0.550000012,0.0133333337
C14_rand_29_r0,1,1673,35.7843628,35,5.46190786,5.6402998,0.0238472745,0.00584727433,0.00871788617,0.00841039792,0.00958960224,5.398911,14,3.66619492,10.4345551,0,1,0,0,0,-0.730600238,-1.62453318,13.2996082,0.767772496,3.33589816,5.6402998,543.607788,76.2050018,0.910300016,0.0250000004,50,1,0.119999997,0.550000012,0.0133333337
C14_rand_29_r0,1,1674,35.7976952,35,5.25391293,5.6402998,0.0237305555,0.00573055586,0.00916828681,0.00912195537,0.00887804478,5.08373499,14,3.66619492,10.4345551,0,1,0,0,0,-0.730600238,-1.62453318,13.2996082,0.767772496,3.33589816,5.6402998,543.607788,76.2050018,0.910300016,0.0250000004,50,1,0.119999997,0.550000012,0.0133333337
C14_rand_29_r0,1,1675,35.8110313,35,5.52596188,5.6402998,0.0236793421,0.00567934243,0.00859105308,0.00840691384,0.00959308632,5.74854708,14,3.66619492,10.4345551,0,1,0,0,0,-0.730600238,-1.62453318,13.2996082,0.767772496,3.33589816,5.6402998,543.607788,76.2050018,0.910300016,0.0250000004,50,1,0.119999997,0.550000012,0.0133333337
C14_rand_29_r0,1,1676,35.8243637,35,5.32063341,5.6402998,0.0235820096,0.00558201037,0.00914541446,0.00895216689,0.00904783327,5.152637,14,3.66619492,10.4345551,0,1,0,0,0,-0.730600238,-1.62453318,13.2996082,0.767772496,3.33589816,5.6402998,543.607788,76.2050018,0.910300016,0.0250000004,50,1,0.119999997,0.550000012,0.0133333337
C14_rand_29_r0,1,1677,35.8376961,35,5.50017548,5.6402998,0.0235268641,0.0055268649,0.00866412744,0.00843052194,0.00956947822,5.64707375,14,3.66619492,10.4345551,0,1,0,0,0,-0.730600238,-1.62453318,13.2996082,0.767772496,3.33589816,5.6402998,543.607788,76.2050018,0.910300016,0.0250000004,50,1,0.119999997,0.550000012,0.0133333337
C14_rand_29_r0,1,1678,35.8510284,35,5.279006,5.6402998,0.0234173145,0.00541731436,0.00913280342,0.00908565521,0.00891434494,5.09804869,14,3.66619492,10.4345551,0,1,0,0,0,-0.730600238,-1.62453318,13.2996082,0.767772496,3.33589816,5.6402998,543.607788,76.2050018,0.910300016,0.0250000004,50,1,0.119999997,0.550000012,0.0133333337
C14_rand_29_r0,1,1679,35.8643646,35,5.46009874,5.6402998,0.0233490001,0.00534900045,0.00872755423,0.00860468205,0.00939531811,5.6082654,14,3.66619492,10.4345551,0,1,0,0,0,-0.730600238,-1.62453318,13.2996082,0.767772496,3.33589816,5.6402998,543.607788,76.2050018,0.910300016,0.0250000004,50,1,0.119999997,0.550000012,0.0133333337
C14_rand_29_r0,1,1680,35.877697,35,5.3141408,5.6402998,0.0232470147,0.00524701457,0.00917041209,0.00901858509,0.00898141507,5.19472075,14,3.66619492,10.4345551,0,1,0,0,0,-0.730600238,-1.62453318,13.2996082,0.767772496,3.33589816,5.6402998,543.607788,76.2050018,0.910300016,0.0250000004,50,1,0.119999997,0.550000012,0.0133333337
C14_rand_29_r0,1,1681,35.8910294,35,5.46557951,5.6402998,0.0231814831,0.00518148392,0.00877611805,0.00857560243,0.00942439772,5.58948421,14,3.66619492,10.4345551,0,1,0,0,0,-0.730600238,-1.62453318,13.2996082,0.767772496,3.33589816,5.6402998,543.607788,76.2050018,0.910300016,0.0250000004,50,1,0.119999997,0.550000012,0.0133333337
C14_rand_29_r0,1,1682,35.9043617,35,5.33943796,5.6402998,0.0230869893,0.00508698914,0.00907408353,0.00891881436,0.0090811858,5.23623085,14,3.66619492,10.4345551,0,1,0,0,0,-0.730600238,-1.62453318,13.2996082,0.767772496,3.33589816,5.6402998,543.607788,76.2050018,0.910300016,0.0250000004,50,1,0.119999997,0.550000012,0.0133333337
C14_rand_29_r0,1,1683,35.9176979,35,5.44404078,5.6402998,0.0230167229,0.00501672365,0.00880239997,0.00862271152,0.00937728863,5.52962542,14,3.66619492,10.4345551,0,1,0,0,0,-0.730600238,-1.62453318,13.2996082,0.767772496,3.33589816,5.6402998,543.607788,76.2050018,0.910300016,0.0250000004,50,1,0.119999997,0.550000012,0.0133333337
C14_rand_29_r0,1,1684,35.9310303,35,5.31367445,5.6402998,0.022914283,0.00491428329,0.00921397936,0.00901238807,0.00898761209,5.20701122,14,3.66619492,10.4345551,0,1,0,0,0,-0.730600238,-1.62453318,13.2996082,0.767772496,3.33589816,5.6402998,543.607788,76.2050018,0.910300016,0.0250000004,50,1,0.119999997,0.550000012,0.0133333337
C14_rand_29_r0,1,1685,35.9443626,35,5.46192789,5.6402998,0.0228476617,0.00484766206,0.00870669167,0.00859093945,0.0094090607,5.5832262,14,3.66619492,10.4345551,0,1,0,0,0,-0.730600238,-1.62453318,13.2996082,0.767772496,3.33589816,5.6402998,543.607788,76.2050018,0.910300016,0.0250000004,50,1,0.119999997,0.550000012,0.0133333337
C14_rand_29_r0,1,1686,35.957695,35,5.445117,5.6402998,0.0227823406,0.00478234095,0.00921452604,0.0085690273,0.00943097286,5.43136215,14,3.66619492,10.4345551,0,1,0,0,0,-0.730600238,-1.62453318,13.2996082,0.767772496,3.33589816,5.6402998,543.607788,76.2050018,0.910300016,0.0250000004,50,1,0.119999997,0.550000012,0.0133333337
C14_rand_29_r0,1,1687,35.9710312,35,5.44319677,5.6402998,0.0227167029,0.0047167032,0.00861814618,0.00853921287,0.00946078729,5.4416256,14,3.66619492,10.4345551,0,1,0,0,0,-0.730600238,-1.62453318,13.2996082,0.767772496,3.33589816,5.6402998,543.607788,76.2050018,0.910300016,0.0250000004,50,1,0.119999997,0.550000012,0.0133333337
C14_rand_29_r0,1,1688,35.9843636,35,5.45450115,5.6402998,0.0226541534,0.00465415278,0.00884373393,0.00850117672,0.0094988225,5.46374989,14,3.66619492,10.4345551,0,1,0,0,0,-0.730600238,-1.62453318,13.2996082,0.767772496,3.33589816,5.6402998,543.607788,76.2050018,0.910300016,0.0250000004,50,1,0.119999997,0.550000012,0.0133333337
C14_rand_29_r0,1,1689,35.9976959,35,5.45779848,5.6402998,0.0225930326,0.00459303288,0.00854192674,0.00848119427,0.00951880589,5.46049643,14,3.66619492,10.4345551,0,1,0,0,0,-0.730600238,-1.62453318,13.2996082,0.767772496,3.33589816,5.6402998,543.607788,76.2050018,0.910300016,0.0250000004,50,1,0.119999997,0.550000012,0.0133333337
C14_rand_29_r0,1,1690,36.0110283,36,5.47307873,5.6402998,0.0225363951,0.00453639589,0.00859102048,0.00842301734,0.00957698189,5.48558092,14,3.66619492,10.4345551,0,1,0,0,0,0.174700186,-0.659552574,10.4599552,0.781990528,1.01922417,5.6402998,543.607788,76.2050018,0.910300016,0.0250000004,50,1,0.119999997,0.550000012,0.0133333337
C14_rand_29_r0,1,1691,36.0243645,36,5.46962833,5.6402998,0.0224795472,0.0044795475,0.00847132225,0.00841985084,0.00958014932,5.46680498,14,3.66619492,10.4345551,0,1,0,0,0,0.174700186,-0.659552574,10.4599552,0.781990528,1.01922417,5.6402998,543.607788,76.2050018,0.910300016,0.0250000004,50,1,0.119999997,0.550000012,0.0133333337
C14_rand_29_r0,1,1692,36.0376968,36,5.49856091,5.6402998,0.0224307012,0.00443070102,0.00847671181,0.00831966568,0.00968033448,5.52223253,14,3.66619492,10.4345551,0,1,0,0,0,0.174700186,-0.659552574,10.4599552,0.781990528,1.01922417,5.6402998,543.607788,76.2050018,0.910300016,0.0250000004,50,1,0.119999997,0.550000012,0.0133333337
C14_rand_29_r0,1,1693,36.0510292,36,5.49768448,5.6402998,0.0223829448,0.0043829442,0.00835232344,0.00829884131,0.00970115885,5.49696732,14,3.66619492,10.4345551,0,1,0,0,0,0.174700186,-0.659552574,10.4599552,0.781990528,1.01922417,5.6402998,543.607788,76.2050018,0.910300016,0.0250000004,50,1,0.119999997,0.550000012,0.0133333337
C14_rand_29_r0,1,1694,36.0643616,36,5.54801083,5.6402998,0.0223493483,0.00434934907,0.00839438569,0.0081200283,0.00987997092,5.58918667,14,3.66619492,10.4345551,0,1,0,0,0,0.174700186,-0.659552574,10.4599552,0.781990528,1.01922417,5.6402998,543.607788,76.2050018,0.910300016,0.0250000004,50,1,0.119999997,0.550000012,0.0133333337
C14_rand_29_r0,1,1695,36.0776978,36,5.55194998,5.6402998,0.0223192088,0.00431920821,0.00815706886,0.00806348864,0.00993651152,5.55517292,14,3.66619492,10.4345551,0,1,0,0,0,0.174700186,-0.659552574,10.4599552,0.781990528,1.01922417,5.6402998,543.607788,76.2050018,0.910300016,0.0250000004,50,1,0.119999997,0.550000012,0.0133333337
C14_rand_29_r0,1,1696,36.0910301,36,5.61820889,5.6402998,0.0223080479,0.00430804817,0.00826491509,0.00781874824,0.0101812519,5.67242098,14,3.66619492,10.4345551,0,1,0,0,0,0.174700186,-0.659552574,10.4599552,0.781990528,1.01922417,5.6402998,543.607788,76.2050018,0.910300016,0.0250000004,50,1,0.119999997,0.550000012,0.0133333337
C14_rand_29_r0,1,1697,36.1043625,36,5.63215971,5.6402998,0.0223039277,0.00430392707,0.00796737056,0.00771216443,0.0102878353,5.64357376,14,3.66619492,10.4345551,1,1,0,1,0,0.174700186,-0.659552574,10.4599552,0.781990528,1.01922417,5.6402998,543.607788,76.2050018,0.910300016,0.0250000004,50,1,0.119999997,0.550000012,0.0133333337
C14_rand_29_r0,1,1698,36.1953926,36,5.58368587,5.6402998,0.0222875141,0.0042875139,0.0078431759,0.00783608668,0.0101639135,5.5440259,14,3.66619492,10.4345551,1,1,0,2,0,0.174700186,-0.659552574,10.4599552,0.781990528,1.01922417,5.6402998,543.607788,76.2050018,0.910300016,0.0250000004,50,1,0.119999997,0.550000012,0.0133333337
C14_rand_29_r0,1,1699,36.2864227,36,5.73206711,5.6402998,0.02231027,0.00431026937,0.00765091367,0.0073702326,0.0106297676,5.85346937,14,3.66619492,10.4345551,1,1,0,3,0,0.174700186,-0.659552574,10.4599552,0.781990528,1.01922417,5.6402998,543.607788,76.2050018,0.910300016,0.0250000004,50,1,0.119999997,0.550000012,0.0133333337
C14_rand_29_r0,1,1700,36.3774529,36,5.74526453,5.6402998,0.0223432183,0.00434321864,0.00745444838,0.00721997349,0.0107800262,5.75606203,14,3.66619492,10.4345551,1,1,0,4,0,0.174700186,-0.659552574,10.4599552,0.781990528,1.01922417,5.6402998,543.607788,76.2050018,0.910300016,0.0250000004,50,1,0.119999997,0.550000012,0.0133333337
C14_rand_29_r0,1,1701,37.0910301,37,5.83857489,5.6402998,0.022403786,0.00440378673,0.00698894635,0.00684200367,0.011157996,5.91491985,14,3.66619492,10.4345551,1,1,0,5,0,-0.0556829497,-0.911119461,10.9053793,0.77251184,0.877521098,5.6402998,543.607788,76.2050018,0.910300016,0.0250000004,50,1,0.119999997,0.550000012,0.0133333337
C14_rand_29_r0,1,1702,37.1820602,37,6.02129698,5.6402998,0.0225197133,0.00451971358,0.00623379182,0.00613900134,0.0118609983,6.17079687,14,3.66619492,10.4345551,1,1,0,6,0,-0.0556829497,-0.911119461,10.9053793,0.77251184,0.877521098,5.6402998,543.607788,76.2050018,0.910300016,0.0250000004,50,1,0.119999997,0.550000012,0.0133333337
C14_rand_29_r0,1,1703,37.2730904,37,6.05819559,5.6402998,0.0226551164,0.00465511717,0.00591492001,0.00582497334,0.0121750263,6.08838558,14,3.66619492,10.4345551,1,1,0,7,0,-0.0556829497,-0.911119461,10.9053793,0.77251184,0.877521098,5.6402998,543.607788,76.2050018,0.910300016,0.0250000004,50,1,0.119999997,0.550000012,0.0133333337
C14_rand_29_r0,1,1704,37.3641205,37,6.47308254,5.6402998,0.0229090136,0.00490901293,0.00511892652,0.00432904065,0.0136709595,6.81253529,14,3.66619492,10.4345551,1,1,0,8,0,-0.0556829497,-0.911119461,10.9053793,0.77251184,0.877521098,5.6402998,543.607788,76.2050018,0.910300016,0.0250000004,50,1,0.119999997,0.550000012,0.0133333337
C14_rand_29_r0,1,1705,38.0910301,38,6.53813934,5.6402998,0.023200728,0.00520072877,0.00406776881,0.00373924943,0.0142607503,6.59136772,14,3.66619492,10.4345551,1,1,0,9,0,-0.678364217,-1.26202238,11.4317665,0.763033152,3.29329228,5.6402998,543.607788,76.2050018,0.910300016,0.0250000004,50,1,0.119999997,0.550000012,0.0133333337
C14_rand_29_r0,1,1706,38.1820602,38,6.37276888,5.6402998,0.0234528109,0.00545281125,0.00425563706,0.00407216838,0.0139278313,6.23746586,14,3.66619492,10.4345551,1,1,0,10,0,-0.678364217,-1.26202238,11.4317665,0.763033152,3.29329228,5.6402998,543.607788,76.2050018,0.910300016,0.0250000004,50,1,0.119999997,0.550000012,0.0133333337
C14_rand_29_r0,1,1707,38.2730904,38,6.27159357,5.6402998,0.0236701854,0.00567018474,0.00486364588,0.00449502096,0.0135049792,6.18881321,14,3.66619492,10.4345551,1,1,0,11,0,-0.678364217,-1.26202238,11.4317665,0.763033152,3.29329228,5.6402998,543.607788,76.2050018,0.910300016,0.0250000004,50,1,0.119999997,0.550000012,0.0133333337
C14_rand_29_r0,1,1708,38.3641205,38,6.10057211,5.6402998,0.0238342676,0.00583426701,0.00555531681,0.0052066939,0.0127933063,5.96064615,14,3.66619492,10.4345551,1,1,0,12,0,-0.678364217,-1.26202238,11.4317665,0.763033152,3.29329228,5.6402998,543.607788,76.2050018,0.910300016,0.0250000004,50,1,0.119999997,0.550000012,0.0133333337
C14_rand_29_r0,1,1709,40.0910301,40,5.9421463,5.6402998,0.0239454601,0.00594545994,0.00631587999,0.00592740159,0.0120725986,5.81252527,14,3.66619492,10.4345551,1,1,0,13,0,0.729490578,0.168823674,10.6704302,0.786729872,4.30680227,5.6402998,543.607788,76.2050018,0.910300016,0.0250000004,50,1,0.119999997,0.550000012,0.0133333337
C14_rand_29_r0,1,1710,40.1820602,40,5.54341078,5.6402998,0.0239370782,0.0059370785,0.00762243057,0.0074674408,0.0105325589,5.21717215,14,3.66619492,10.4345551,1,1,0,14,0,0.729490578,0.168823674,10.6704302,0.786729872,4.30680227,5.6402998,543.607788,76.2050018,0.910300016,0.0250000004,50,1,0.119999997,0.550000012,0.0133333337
C14_rand_29_r0,1,1711,40.1953926,40,5.61232615,5.6402998,0.0239279103,0.00592791103,0.00884701964,0.00764255365,0.010357446,5.66871119,14,3.66619492,10.4345551,0,1,0,0,0,0.729490578,0.168823674,10.6704302,0.786729872,4.30680227,5.6402998,543.607788,76.2050018,0.910300016,0.0250000004,50,1,0.119999997,0.550000012,0.0133333337
C14_rand_29_r0,1,1712,40.208725,40,5.11893129,5.6402998,0.0237815585,0.00578155881,0.00974909496,0.00940312538,0.00859687477,4.71524477,14,3.66619492,10.4345551,0,1,0,0,0,0.729490578,0.168823674,10.6704302,0.786729872,4.30680227,5.6402998,543.607788,76.2050018,0.910300016,0.0250000004,50,1,0.119999997,0.550000012,0.0133333337
C14_rand_29_r0,1,1713,40.2220612,40,5.06188679,5.6402998,0.0235964954,0.00559649616,0.0101673165,0.0100051817,0.0079948185,5.01521349,14,3.66619492,10.4345551,0,1,0,0,0,0.729490578,0.168823674,10.6704302,0.786729872,4.30680227,5.6402998,543.607788,76.2050018,0.910300016,0.0250000004,50,1,0.119999997,0.550000012,0.0133333337
C14_rand_29_r0,1,1714,40.2353935,40,4.97638655,5.6402998,0.0233812314,0.00538123166,0.0110350214,0.0105308825,0.00746911718,4.90643167,14,3.66619492,10.4345551,0,1,0,0,0,0.729490578,0.168823674,10.6704302,0.786729872,4.30680227,5.6402998,543.607788,76.2050018,0.910300016,0.0250000004,50,1,0.119999997,0.550000012,0.0133333337
C14_rand_29_r0,1,1715,40.2487259,40,4.72527647,5.6402998,0.0230911821,0.00509118149,0.0118118403,0.0114961006,0.00650389958,4.51982307,14,3.66619492,10.4345551,0,1,0,0,0,0.729490578,0.168823674,10.6704302,0.786729872,4.30680227,5.6402998,543.607788,76.2050018,0.910300016,0.0250000004,50,1,0.119999997,0.550000012,0.0133333337
C14_rand_29_r0,1,1716,40.2620583,40,4.54627323,5.6402998,0.0227578487,0.0047578481,0.012494538,0.0123458905,0.00565410964,4.39981604,14,3.66619492,10.4345551,0,1,0,0,0,0.729490578,0.168823674,10.6704302,0.786729872,4.30680227,5.6402998,543.607788,76.2050018,0.910300016,0.0250000004,50,1,0.119999997,0.550000012,0.0133333337
C14_rand_29_r0,1,1717,40.2753944,40,4.50422049,5.6402998,0.0224245153,0.00442451471,0.0128970174,0.0125811789,0.00541882077,4.46981335,14,3.66619492,10.4345551,0,1,0,0,0,0.729490578,0.168823674,10.6704302,0.786729872,4.30680227,5.6402998,543.607788,76.2050018,0.910300016,0.0250000004,50,1,0.119999997,0.550000012,0.0133333337
C14_rand_29_r0,1,1718,40.2887268,40,4.80071306,5.6402998,0.0221357401,0.00413574046,0.0132597545,0.0115262186,0.00647378108,5.04329777,14,3.66619492,10.4345551,0,1,0,0,0,0.729490578,0.168823674,10.6704302,0.786729872,4.30680227,5.6402998,543.607788,76.2050018,0.910300016,0.0250000004,50,1,0.119999997,0.550000012,0.0133333337
C14_rand_29_r0,1,1719,40.3020592,40,4.7795639,5.6402998,0.0218485184,0.00384851801,0.0123580145,0.0116684176,0.00633158255,4.76225996,14,3.66619492,10.4345551,0,1,0,0,0,0.729490578,0.168823674,10.6704302,0.786729872,4.30680227,5.6402998,543.607788,76.2050018,0.910300016,0.0250000004,50,1,0.119999997,0.550000012,0.0133333337
C14_rand_29_r0,1,1720,40.3153915,40,4.73916292,5.6402998,0.0215503313,0.00355033181,0.0124468533,0.0117586609,0.00624133926,4.70610762,14,3.66619492,10.4345551,0,1,0,0,0,0.729490578,0.168823674,10.6704302,0.786729872,4.30680227,5.6402998,543.607788,76.2050018,0.910300016,0.0250000004,50,1,0.119999997,0.550000012,0.0133333337
C14_rand_29_r0,1,1721,40.3287277,40,4.56099701,5.6402998,0.0212169979,0.00321699842,0.0127553204,0.0123859746,0.00561402552,4.41522503,14,3.66619492,10.4345551,0,1,0,0,0,0.729490578,0.168823674,10.6704302,0.786729872,4.30680227,5.6402998,543.607788,76.2050018,0.910300016,0.0250000004,50,1,0.119999997,0.550000012,0.0133333337
C14_rand_29_r0,1,1722,40.3420601,40,4.69890022,5.6402998,0.0208999421,0.00289994292,0.0121695558,0.0119522018,0.00604779785,4.81173038,14,3.66619492,10.4345551,0,1,0,0,0,0.729490578,0.168823674,10.6704302,0.786729872,4.30680227,5.6402998,543.607788,76.2050018,0.910300016,0.0250000004,50,1,0.119999997,0.550000012,0.0133333337
C14_rand_29_r0,1,1723,40.3553925,40,4.98951674,5.6402998,0.0206663273,0.00266632717,0.0117317243,0.0110508334,0.0069491663,5.22729349,14,3.66619492,10.4345551,0,1,0,0,0,0.729490578,0.168823674,10.6704302,0.786729872,4.30680227,5.6402998,543.607788,76.2050018,0.910300016,0.0250000004,50,1,0.119999997,0.550000012,0.0133333337
C14_rand_29_r0,1,1724,40.3687248,40,4.99100208,5.6402998,0.0204470307,0.00244703074,0.0111368326,0.0107814567,0.00721854344,4.99221754,14,3.66619492,10.4345551,0,1,0,0,0,0.729490578,0.168823674,10.6704302,0.786729872,4.30680227,5.6402998,543.607788,76.2050018,0.910300016,0.0250000004,50,1,0.119999997,0.550000012,0.0133333337
C14_rand_29_r0,1,1725,40.382061,40,5.9011569,5.6402998,0.0204829425,0.00248294161,0.0105382409,0.00761909736,0.0103809023,6.64582872,14,3.66619492,10.4345551,0,1,0,0,0,0.729490578,0.168823674,10.6704302,0.786729872,4.30680227,5.6402998,543.607788,76.2050018,0.910300016,0.0250000004,50,1,0.119999997,0.550000012,0.0133333337
C14_rand_29_r0,1,1726,40.3953934,40,5.94118881,5.6402998,0.0205725078,0.0025725069,0.00867192633,0.00670851907,0.0112914806,5.9739418,14,3.66619492,10.4345551,0,1,0,0,0,0.729490578,0.168823674,10.6704302,0.786729872,4.30680227,5.6402998,543.607788,76.2050018,0.910300016,0.0250000004,50,1,0.119999997,0.550000012,0.0133333337
C14_rand_29_r0,1,1727,40.4087257,40,6.1424942,5.6402998,0.0207269322,0.00272693299,0.00669339718,0.00564418314,0.0123558166,6.307199,14,3.66619492,10.4345551,1,1,0,1,0,0.729490578,0.168823674,10.6704302,0.786729872,4.30680227,5.6402998,543.607788,76.2050018,0.910300016,0.0250000004,50,1,0.119999997,0.550000012,0.0133333337
C14_rand_29_r0,1,1728,40.4997559,40,6.48165941,5.6402998,0.0209863819,0.00298638153,0.00492970552,0.00426723203,0.0137327677,6.75915766,14,3.66619492,10.4345551,1,1,0,2,0,0.729490578,0.168823674,10.6704302,0.786729872,4.30680227,5.6402998,543.607788,76.2050018,0.910300016,0.0250000004,50,1,0.119999997,0.550000012,0.0133333337
C14_rand_29_r0,1,1729,41.0910301,41,6.43198204,5.6402998,0.0212495346,0.00324953464,0.00563542824,0.00406051241,0.0139394877,6.39133739,14,3.66619492,10.4345551,1,1,0,3,0,-0.58101362,-9.22879696,10.6074333,0.77251184,3.79791164,5.6402998,543.607788,76.2050018,0.910300016,0.0250000004,50,1,0.119999997,0.550000012,0.0133333337
C14_rand_29_r0,1,1730,41.1820602,41,5.83237028,5.6402998,0.021346746,0.00334674632,0.00697265659,0.0059600817,0.0120399185,5.34177828,14,3.66619492,10.4345551,1,1,0,4,0,-0.58101362,-9.22879696,10.6074333,0.77251184,3.79791164,5.6402998,543.607788,76.2050018,0.910300016,0.0250000004,50,1,0.119999997,0.550000012,0.0133333337
C14_rand_29_r0,1,1731,41.2730904,41,6.20980263,5.6402998,0.0215211436,0.00352114346,0.00673567224,0.00519096432,0.0128090354,6.51861095,14,3.66619492,10.4345551,1,1,0,5,0,-0.58101362,-9.22879696,10.6074333,0.77251184,3.79791164,5.6402998,543.607788,76.2050018,0.910300016,0.0250000004,50,1,0.119999997,0.550000012,0.0133333337
C14_rand_29_r0,1,1732,41.3641205,41,6.87990761,5.6402998,0.021854477,0.00385447685,0.00428817235,0.00286855525,0.0151314447,7.42817545,14,3.66619492,10.4345551,1,1,0,6,0,-0.58101362,-9.22879696,10.6074333,0.77251184,3.79791164,5.6402998,543.607788,76.2050018,0.910300016,0.0250000004,50,1,0.119999997,0.550000012,0.0133333337
C14_rand_29_r0,1,1733,43.0910301,43,6.86667681,5.6402998,0.0221878104,0.00418781023,0.0034610685,0.0025845638,0.0154154366,6.85585117,14,3.66619492,10.4345551,1,1,0,7,0,0.242058054,-0.344440937,9.64638329,0.791469216,0.596867681,5.6402998,543.607788,76.2050018,0.910300016,0.0250000004,50,1,0.119999997,0.550000012,0.0133333337
C14_rand_29_r0,1,1734,43.1820602,43,6.71256638,5.6402998,0.0225211438,0.00452114362,0.00496327737,0.00308009586,0.0149199041,6.58647633,14,3.66619492,10.4345551,1,1,0,8,0,0.242058054,-0.344440937,9.64638329,0.791469216,0.596867681,5.6402998,543.607788,76.2050018,0.910300016,0.0250000004,50,1,0.119999997,0.550000012,0.0133333337
C14_rand_29_r0,1,1735,43.2730904,43,6.37575006,5.6402998,0.0227809902,0.00478099054,0.00406645704,0.00397468079,0.0140253194,6.100173,14,3.66619492,10.4345551,1,1,0,9,0,0.242058054,-0.344440937,9.64638329,0.791469216,0.596867681,5.6402998,543.607788,76.2050018,0.910300016,0.0250000004,50,1,0.119999997,0.550000012,0.0133333337
C14_rand_29_r0,1,1736,43.3641205,43,6.48063231,5.6402998,0.0230577234,0.00505772419,0.00406134315,0.00373503868,0.0142649617,6.56644487,14,3.66619492,10.4345551,1,1,0,10,0,0.242058054,-0.344440937,9.64638329,0.791469216,0.596867681,5.6402998,543.607788,76.2050018,0.910300016,0.0250000004,50,1,0.119999997,0.550000012,0.0133333337
C14_rand_29_r0,1,1737,45.0910301,45,6.15308762,5.6402998,0.0232462864,0.00524628721,0.00544976909,0.00484639034,0.0131536098,5.88509655,14,3.66619492,10.4345551,1,1,0,11,0,0.409123331,-0.657675505,9.70484066,0.791469216,0.947898328,5.6402998,543.607788,76.2050018,0.910300016,0.0250000004,50,1,0.119999997,0.550000012,0.0133333337
C14_rand_29_r0,1,1738,45.1820602,45,5.95431137,5.6402998,0.0233649407,0.00536494004,0.00626797555,0.00575984409,0.0122401565,5.791677,14,3.66619492,10.4345551,1,1,0,12,0,0.409123331,-0.657675505,9.70484066,0.791469216,0.947898328,5.6402998,543.607788,76.2050018,0.910300016,0.0250000004,50,1,0.119999997,0.550000012,0.0133333337
C14_rand_29_r0,1,1739,45.2730904,45,5.76853085,5.6402998,0.0234203357,0.0054203351,0.00686313398,0.00667006057,0.0113299396,5.61652803,14,3.66619492,10.4345551,1,1,0,13,0,0.409123331,-0.657675505,9.70484066,0.791469216,0.947898328,5.6402998,543.607788,76.2050018,0.910300016,0.0250000004,50,1,0.119999997,0.550000012,0.0133333337
C14_rand_29_r0,1,1740,45.3641205,45,5.82877731,5.6402998,0.0234819222,0.00548192253,0.00677751284,0.00672099879,0.0112790018,5.87807035,14,3.66619492,10.4345551,1,1,0,14,0,0.409123331,-0.657675505,9.70484066,0.791469216,0.947898328,5.6402998,543.607788,76.2050018,0.910300016,0.0250000004,50,1,0.119999997,0.550000012,0.0133333337
C14_rand_29_r0,1,1741,46.0133324,46,5.51495171,5.6402998,0.0234573688,0.00545736775,0.00890742894,0.00780923245,0.0101907672,5.25818491,14,3.66619492,10.4345551,0,1,0,0,0,0.618302584,0.240714937,8.85561752,0.763033152,0.540505648,5.6402998,543.607788,76.2050018,0.910300016,0.0250000004,50,1,0.119999997,0.550000012,0.0133333337
C14_rand_29_r0,1,1742,46.0266685,46,5.48945475,5.6402998,0.0234113745,0.00541137392,0.00847473741,0.00814671349,0.00985328667,5.4685936,14,3.66619492,10.4345551,0,1,0,0,0,0.618302584,0.240714937,8.85561752,0.763033152,0.540505648,5.6402998,543.607788,76.2050018,0.910300016,0.0250000004,50,1,0.119999997,0.550000012,0.0133333337
C14_rand_29_r0,1,1743,46.0400009,46,5.00626707,5.6402998,0.0232275873,0.00522758812,0.0099923471,0.00990476366,0.0080952365,4.6109314,14,3.66619492,10.4345551,0,1,0,0,0,0.618302584,0.240714937,8.85561752,0.763033152,0.540505648,5.6402998,543.607788,76.2050018,0.910300016,0.0250000004,50,1,0.119999997,0.550000012,0.0133333337
C14_rand_29_r0,1,1744,46.0533333,46,5.20273018,5.6402998,0.0230754092,0.00507541001,0.0110420501,0.00967938919,0.00832061004,5.36347294,14,3.66619492,10.4345551,0,1,0,0,0,0.618302584,0.240714937,8.85561752,0.763033152,0.540505648,5.6402998,543.607788,76.2050018,0.910300016,0.0250000004,50,1,0.119999997,0.550000012,0.0133333337
C14_rand_29_r0,1,1745,46.0666656,46,4.99714613,5.6402998,0.0228713937,0.00487139309,0.0112963095,0.0103968401,0.00760316011,4.82894087,14,3.66619492,10.4345551,0,1,0,0,0,0.618302584,0.240714937,8.85561752,0.763033152,0.540505648,5.6402998,543.607788,76.2050018,0.910300016,0.0250000004,50,1,0.119999997,0.550000012,0.0133333337
C14_rand_29_r0,1,1746,46.0800018,46,5.00823021,5.6402998,0.0226618163,0.00466181524,0.0112985689,0.0104863616,0.00751363859,5.0172987,14,3.66619492,10.4345551,0,1,0,0,0,0.618302584,0.240714937,8.85561752,0.763033152,0.540505648,5.6402998,543.607788,76.2050018,0.910300016,0.0250000004,50,1,0.119999997,0.550000012,0.0133333337
C14_rand_29_r0,1,1747,46.0933342,46,4.69646311,5.6402998,0.0223647095,0.0043647089,0.012409823,0.0115925707,0.006407429,4.44138098,14,3.66619492,10.4345551,0,1,0,0,0,0.618302584,0.240714937,8.85561752,0.763033152,0.540505648,5.6402998,543.607788,76.2050018,0.910300016,0.0250000004,50,1,0.119999997,0.550000012,0.0133333337
C14_rand_29_r0,1,1748,46.1066666,46,4.79646635,5.6402998,0.0220807921,0.00408079289,0.0122388136,0.0115250628,0.00647493778,4.87828684,14,3.66619492,10.4345551,0,1,0,0,0,0.618302584,0.240714937,8.85561752,0.763033152,0.540505648,5.6402998,543.607788,76.2050018,0.910300016,0.0250000004,50,1,0.119999997,0.550000012,0.0133333337
C14_rand_29_r0,1,1749,46.1199989,46,4.53362513,5.6402998,0.0217474587,0.0037474595,0.0134009169,0.0124437436,0.00555625651,4.31857347,14,3.66619492,10.4345551,0,1,0,0,0,0.618302584,0.240714937,8.85561752,0.763033152,0.540505648,5.6402998,543.607788,76.2050018,0.910300016,0.0250000004,50,1,0.119999997,0.550000012,0.0133333337
C14_rand_29_r0,1,1750,46.1333351,46,4.43949604,5.6402998,0.0214141253,0.00341412611,0.0137132183,0.012778623,0.00522137666,4.36248112,14,3.66619492,10.4345551,0,1,0,0,0,0.618302584,0.240714937,8.85561752,0.763033152,0.540505648,5.6402998,543.607788,76.2050018,0.910300016,0.0250000004,50,1,0.119999997,0.550000012,0.0133333337
C14_rand_29_r0,1,1751,46.1466675,46,4.31193638,5.6402998,0.021080792,0.00308079296,0.0141237909,0.0130635928,0.00493640732,4.2075696,14,3.66619492,10.4345551,0,1,0,0,0,0.618302584,0.240714937,8.85561752,0.763033152,0.540505648,5.6402998,543.607788,76.2050018,0.910300016,0.0250000004,50,1,0.119999997,0.550000012,0.0133333337
C14_rand_29_r0,1,1752,46.1599998,46,4.03141737,5.6402998,0.0207474604,0.00274745957,0.0141316764,0.013809843,0.0041901567,3.80190182,14,3.66619492,10.4345551,0,1,0,0,0,0.618302584,0.240714937,8.85561752,0.763033152,0.540505648,5.6402998,543.607788,76.2050018,0.910300016,0.0250000004,50,1,0.119999997,0.550000012,0.0133333337
C14_rand_29_r0,1,1753,46.1733322,46,3.77060819,5.6402998,0.020414127,0.00241412618,0.014377269,0.0142599531,0.0037400471,3.55721879,14,3.66619492,10.4345551,0,1,0,0,0,0.618302584,0.240714937,8.85561752,0.763033152,0.540505648,5.6402998,543.607788,76.2050018,0.910300016,0.0250000004,50,1,0.119999997,0.550000012,0.0133333337
C14_rand_29_r0,1,1754,46.1866684,46,3.58379054,5.6402998,0.0200807936,0.00208079279,0.0149055282,0.014492251,0.00350774918,3.43093991,14,3.66619492,10.4345551,0,0,0,0,0,0.618302584,0.240714937,8.85561752,0.763033152,0.540505648,5.6402998,543.607788,76.2050018,0.910300016,0.0250000004,50,1,0.119999997,0.550000012,0.0133333337
C14_rand_29_r0,1,1755,46.2000008,46,3.54188752,5.6402998,0.0197474603,0.00174745952,0.0147825172,0.0143512236,0.0036487761,3.50760317,14,3.66619492,10.4345551,0,0,0,0,0,0.618302584,0.240714937,8.85561752,0.763033152,0.540505648,5.6402998,543.607788,76.2050018,0.910300016,0.0250000004,50,1,0.119999997,0.550000012,0.0133333337
C14_rand_29_r0,1,1756,46.2133331,46,3.46116805,5.6402998,0.0194141269,0.00141412613,0.0152210649,0.0145581346,0.00344186532,3.39512491,14,3.66619492,10.4345551,0,0,0,0,0,0.618302584,0.240714937,8.85561752,0.763033152,0.540505648,5.6402998,543.607788,76.2050018,0.910300016,0.0250000004,50,1,0.119999997,0.550000012,0.0133333337
C14_rand_29_r0,1,1757,46.2266655,46,3.48618269,5.6402998,0.0190807935,0.00108079286,0.0147067597,0.0143529791,0.00364702102,3.50664902,14,3.66619492,10.4345551,0,0,0,0,0,0.618302584,0.240714937,8.85561752,0.763033152,0.540505648,5.6402998,543.607788,76.2050018,0.910300016,0.0250000004,50,1,0.119999997,0.550000012,0.0133333337
C14_rand_29_r0,1,1758,46.2400017,46,3.40065742,5.6402998,0.0187474601,0.000747459533,0.0147976344,0.0146766808,0.0033233196,3.33068252,14,3.66619492,10.4345551,0,0,0,0,0,0.618302584,0.240714937,8.85561752,0.763033152,0.540505648,5.6402998,543.607788,76.2050018,0.910300016,0.0250000004,50,1,0.119999997,0.550000012,0.0133333337
C14_rand_29_r0,1,1759,46.253334,46,3.35582662,5.6402998,0.0184141267,0.000414126203,0.0148464488,0.014697901,0.00330209872,3.31914663,14,3.66619492,10.4345551,0,0,0,0,0,0.618302584,0.240714937,8.85561752,0.763033152,0.540505648,5.6402998,543.607788,76.2050018,0.910300016,0.0250000004,50,1,0.119999997,0.550000012,0.0133333337
C14_rand_29_r0,1,1760,46.2666664,46,3.41988158,5.6402998,0.0180807933,8.07928591e-05,0.0147039331,0.0144161843,0.00358381565,3.47229004,14,3.66619492,10.4345551,0,0,0,0,0,0.618302584,0.240714937,8.85561752,0.763033152,0.540505648,5.6402998,543.607788,76.2050018,0.910300016,0.0250000004,50,1,0.119999997,0.550000012,0.0133333337
C14_rand_29_r0,1,1761,46.2799988,46,3.38100386,5.6402998,0.0177474599,-0.000252540485,0.0147306528,0.014642626,0.00335737388,3.34919477,14,3.66619492,10.4345551,0,0,0,0,0,0.618302584,0.240714937,8.85561752,0.763033152,0.540505648,5.6402998,543.607788,76.2050018,0.910300016,0.0250000004,50,1,0.119999997,0.550000012,0.0133333337
C14_rand_29_r0,1,1762,46.293335,46,3.51598597,5.6402998,0.0174141265,-0.000585873786,0.014644322,0.0141326422,0.00386735774,3.62642574,14,3.66619492,10.4345551,1,0,0,0,0,0.618302584,0.240714937,8.85561752,0.763033152,0.540505648,5.6402998,543.607788,76.2050018,0.910300016,0.0250000004,50,1,0.119999997,0.550000012,0.0133333337
C14_rand_29_r0,1,1763,46.3066673,46,3.46873498,5.6402998,0.0170807932,-0.000919207116,0.0147323795,0.0144938417,0.00350615825,3.43007493,14,3.66619492,10.4345551,1,0,0,0,0,0.618302584,0.240714937,8.85561752,0.763033152,0.540505648,5.6402998,543.607788,76.2050018,0.910300016,0.0250000004,50,1,0.119999997,0.550000012,0.0133333337
C14_rand_29_r0,1,1764,46.3199997,46,3.45717502,5.6402998,0.0167474598,-0.0012525405,0.0148349516,0.0144613879,0.00353861204,3.44771719,14,3.66619492,10.4345551,1,0,0,0,0,0.618302584,0.240714937,8.85561752,0.763033152,0.540505648,5.6402998,543.607788,76.2050018,0.910300016,0.0250000004,50,1,0.119999997,0.550000012,0.0133333337
C14_rand_29_r0,1,1765,47.0133324,47,3.52647591,5.6402998,0.0164141264,-0.00158587378,0.0142731769,0.0142122023,0.00378779764,3.58317637,14,3.66619492,10.4345551,1,0,0,0,0,0.314795971,-0.785746992,8.85431767,0.79620856,0.868155479,5.6402998,543.607788,76.2050018,0.910300016,0.0250000004,50,1,0.119999997,0.550000012,0.0133333337
C14_rand_29_r0,1,1766,47.0266685,47,3.52551842,5.6402998,0.016080793,-0.00191920716,0.014686482,0.0143197086,0.00368029112,3.52473497,14,3.66619492,10.4345551,1,0,0,0,0,0.314795971,-0.785746992,8.85431767,0.79620856,0.868155479,5.6402998,543.607788,76.2050018,0.910300016,0.0250000004,50,1,0.119999997,0.550000012,0.0133333337
C14_rand_29_r0,1,1767,47.0400009,47,3.67332339,5.6402998,0.0157474596,-0.00225254055,0.0144218048,0.0138239106,0.00417608954,3.79425478,14,3.66619492,10.4345551,1,1,0,1,0,0.314795971,-0.785746992,8.85431767,0.79620856,0.868155479,5.6402998,543.607788,76.2050018,0.910300016,0.0250000004,50,1,0.119999997,0.550000012,0.0133333337
C14_rand_29_r0,1,1768,47.131031,47,3.6804769,5.6402998,0.0154141262,-0.00258587371,0.0144695248,0.0140224453,0.00397755438,3.6863296,14,3.66619492,10.4345551,1,1,0,2,0,0.314795971,-0.785746992,8.85431767,0.79620856,0.868155479,5.6402998,543.607788,76.2050018,0.910300016,0.0250000004,50,1,0.119999997,0.550000012,0.0133333337
C14_rand_29_r0,1,1769,49.0133324,49,3.59105444,5.6402998,0.0150807928,-0.00291920709,0.0145648308,0.0143322991,0.00366770057,3.51789069,14,3.66619492,10.4345551,1,0,0,0,0,0.329378247,-0.90809983,8.81677723,0.744075835,1.8673805,5.6402998,543.607788,76.2050018,0.910300016,0.0250000004,50,1,0.119999997,0.550000012,0.0133333337
C14_rand_29_r0,1,1770,49.0266685,49,3.7317729,5.6402998,0.0147474594,-0.00325254048,0.0145476833,0.0137270549,0.00427294476,3.84690619,14,3.66619492,10.4345551,1,1,0,1,0,0.329378247,-0.90809983,8.81677723,0.744075835,1.8673805,5.6402998,543.607788,76.2050018,0.910300016,0.0250000004,50,1,0.119999997,0.550000012,0.0133333337
C14_rand_29_r0,1,1771,49.1176949,49,3.81076336,5.6402998,0.0144141261,-0.00358587387,0.0139411269,0.0136746541,0.00432534609,3.87539196,14,3.66619492,10.4345551,1,1,0,2,0,0.329378247,-0.90809983,8.81677723,0.744075835,1.8673805,5.6402998,543.607788,76.2050018,0.910300016,0.0250000004,50,1,0.119999997,0.550000012,0.0133333337
C14_rand_29_r0,1,1772,49.208725,49,3.97751427,5.6402998,0.0140807927,-0.00391920703,0.0141112134,0.0132358167,0.00476418296,4.11394691,14,3.66619492,10.4345551,1,1,0,3,0,0.329378247,-0.90809983,8.81677723,0.744075835,1.8673805,5.6402998,543.607788,76.2050018,0.910300016,0.0250000004,50,1,0.119999997,0.550000012,0.0133333337
C14_rand_29_r0,1,1773,51.0910301,51,3.94201112,5.6402998,0.0137474593,-0.00425254041,0.0140353106,0.0136055397,0.00439446047,3.91296291,14,3.66619492,10.4345551,1,1,0,4,0,0.300912559,-0.674482644,8.99058819,0.791469216,0.631754339,5.6402998,543.607788,76.2050018,0.910300016,0.0250000004,50,1,0.119999997,0.550000012,0.0133333337
C14_rand_29_r0,1,1774,51.1820602,51,4.10962915,5.6402998,0.0134141259,-0.0045858738,0.0133954408,0.0129914796,0.00500852056,4.24677086,14,3.66619492,10.4345551,1,1,0,5,0,0.300912559,-0.674482644,8.99058819,0.791469216,0.631754339,5.6402998,543.607788,76.2050018,0.910300016,0.0250000004,50,1,0.119999997,0.550000012,0.0133333337
C14_rand_29_r0,1,1775,51.2730904,51,4.02830601,5.6402998,0.0130807925,-0.00491920719,0.0138071319,0.0135157583,0.00448424183,3.96176863,14,3.66619492,10.4345551,1,1,0,6,0,0.300912559,-0.674482644,8.99058819,0.791469216,0.631754339,5.6402998,543.607788,76.2050018,0.910300016,0.0250000004,50,1,0.119999997,0.550000012,0.0133333337
C14_rand_29_r0,1,1776,51.3641205,51,3.98854375,5.6402998,0.0127474591,-0.00525254058,0.0139638549,0.0135263493,0.00447365036,3.9560113,14,3.66619492,10.4345551,1,1,0,7,0,0.300912559,-0.674482644,8.99058819,0.791469216,0.631754339,5.6402998,543.607788,76.2050018,0.910300016,0.0250000004,50,1,0.119999997,0.550000012,0.0133333337
C14_rand_29_r0,1,1777,53.0910301,53,3.98901105,5.6402998,0.0124141257,-0.00558587397,0.0144117614,0.0134649416,0.00453505851,3.98939323,14,3.66619492,10.4345551,1,1,0,8,0,0.559858084,-0.165161267,9.67402458,0.781990528,0.472708851,5.6402998,543.607788,76.2050018,0.910300016,0.0250000004,50,1,0.119999997,0.550000012,0.0133333337
C14_rand_29_r0,1,1778,53.1820602,53,3.94460607,5.6402998,0.0120807933,-0.00591920735,0.0145469466,0.0136141637,0.00438583596,3.90827465,14,3.66619492,10.4345551,1,1,0,9,0,0.559858084,-0.165161267,9.67402458,0.781990528,0.472708851,5.6402998,543.607788,76.2050018,0.910300016,0.0250000004,50,1,0.119999997,0.550000012,0.0133333337
C14_rand_29_r0,1,1779,53.1953926,53,3.59799242,5.6402998,0.0120000001,-0.00600000005,0.0150522143,0.014706634,0.00329336571,3.31439924,14,3.66619492,10.4345551,1,0,0,0,0,0.559858084,-0.165161267,9.67402458,0.781990528,0.472708851,5.6402998,543.607788,76.2050018,0.910300016,0.0250000004,50,1,0.119999997,0.550000012,0.0133333337
C14_rand_29_r0,1,1780,53.208725,53,3.69589424,5.6402998,0.0120000001,-0.00600000005,0.0143368188,0.0138574997,0.00414250046,3.77599549,14,3.66619492,10.4345551,1,1,0,1,0,0.559858084,-0.165161267,9.67402458,0.781990528,0.472708851,5.6402998,543.607788,76.2050018,0.910300016,0.0250000004,50,1,0.119999997,0.550000012,0.0133333337
C14_rand_29_r0,2,2202,0.0133333337,0,0,5.6402998,0.0496666655,0.0316666663,0.268269211,0.267753273,0,0,14,3.66619492,10.4345551,0,0,0,0,0,0.305749148,-0.0114122108,14.2018766,0.843601882,0.353499502,5.6402998,543.607788,76.2050018,0.910300016,0.0250000004,50,1,0.119999997,0.550000012,0.0133333337
C14_rand_29_r0,2,2203,0.0266666673,0,0,5.6402998,0.049333334,0.0313333347,0.266059756,0.265493393,0,0,14,3.66619492,10.4345551,0,0,0,0,0,0.305749148,-0.0114122108,14.2018766,0.843601882,0.353499502,5.6402998,543.607788,76.2050018,0.910300016,0.0250000004,50,1,0.119999997,0.550000012,0.0133333337
C14_rand_29_r0,2,2204,0.0399999991,0,0,5.6402998,0.0489999987,0.0309999995,0.26261729,0.262123615,0,0,14,3.66619492,10.4345551,0,0,0,0,0,0.305749148,-0.0114122108,14.2018766,0.843601882,0.353499502,5.6402998,543.607788,76.2050018,0.910300016,0.0250000004,50,1,0.119999997,0.550000012,0.0133333337
C14_rand_29_r0,2,2205,0.0533333346,0,0,5.6402998,0.0486666672,0.0306666661,0.258779347,0.258253306,0,0,14,3.66619492,10.4345551,0,0,0,0,0,0.305749148,-0.0114122108,14.2018766,0.843601882,0.353499502,5.6402998,543.607788,76.2050018,0.910300016,0.0250000004,50,1,0.119999997,0.550000012,0.0133333337
C14_rand_29_r0,2,2206,0.0666666701,0,0,5.6402998,0.0483333319,0.0303333327,0.254306793,0.253976732,0,0,14,3.66619492,10.4345551,0,0,0,0,0,0.305749148,-0.0114122108,14.2018766,0.843601882,0.353499502,5.6402998,543.607788,76.2050018,0.910300016,0.0250000004,50,1,0.119999997,0.550000012,0.0133333337
C14_rand_29_r0,2,2207,0.0799999982,0,0,5.6402998,0.0480000004,0.0299999993,0.250069559,0.249733478,0,0,14,3.66619492,10.4345551,0,0,0,0,0,0.305749148,-0.0114122108,14.2018766,0.843601882,0.353499502,5.6402998,543.607788,76.2050018,0.910300016,0.0250000004,50,1,0.119999997,0.550000012,0.0133333337
C14_rand_29_r0,2,2208,0.0933333337,0,0,5.6402998,0.0476666652,0.0296666659,0.245421976,0.24527052,0,0,14,3.66619492,10.4345551,0,0,0,0,0,0.305749148,-0.0114122108,14.2018766,0.843601882,0.353499502,5.6402998,543.607788,76.2050018,0.910300016,0.0250000004,50,1,0.119999997,0.550000012,0.0133333337
C14_rand_29_r0,2,2209,0.106666669,0,0,5.6402998,0.0473333336,0.0293333326,0.241123304,0.240947023,0,0,14,3.66619492,10.4345551,0,0,0,0,0,0.305749148,-0.0114122108,14.2018766,0.843601882,0.353499502,5.6402998,543.607788,76.2050018,0.910300016,0.0250000004,50,1,0.119999997,0.550000012,0.0133333337
C14_rand_29_r0,2,2210,0.119999997,0,0,5.6402998,0.0469999984,0.0289999992,0.236462682,0.236415535,0,0,14,3.66619492,10.4345551,0,0,0,0,0,0.305749148,-0.0114122108,14.2018766,0.843601882,0.353499502,5.6402998,543.607788,76.2050018,0.910300016,0.0250000004,50,1,0.119999997,0.550000012,0.0133333337
C14_rand_29_r0,2,2211,0.13333334,0,0,5.6402998,0.0466666669,0.0286666658,0.232146204,0.232055634,0,0,14,3.66619492,10.4345551,0,0,0,0,0,0.305749148,-0.0114122108,14.2018766,0.843601882,0.353499502,5.6402998,543.607788,76.2050018,0.910300016,0.0250000004,50,1,0.119999997,0.550000012,0.0133333337
C14_rand_29_r0,2,2212,0.146666661,0,0,5.6402998,0.0463333316,0.0283333343,0.227503568,0.227458671,0,0,14,3.66619492,10.4345551,0,0,0,0,0,0.305749148,-0.0114122108,14.2018766,0.843601882,0.353499502,5.6402998,543.607788,76.2050018,0.910300016,0.0250000004,50,1,0.119999997,0.550000012,0.0133333337
C14_rand_29_r0,2,2213,0.159999996,0,0,5.6402998,0.0460000001,0.0280000009,0.223170593,0.22308144,0,0,14,3.66619492,10.4345551,0,0,0,0,0,0.305749148,-0.0114122108,14.2018766,0.843601882,0.353499502,5.6402998,543.607788,76.2050018,0.910300016,0.0250000004,50,1,0.119999997,0.550000012,0.0133333337
C14_rand_29_r0,2,2214,0.173333332,0,0,5.6402998,0.0456666648,0.0276666675,0.218559742,0.218425259,0,0,14,3.66619492,10.4345551,0,0,0,0,0,0.305749148,-0.0114122108,14.2018766,0.843601882,0.353499502,5.6402998,543.607788,76.2050018,0.910300016,0.0250000004,50,1,0.119999997,0.550000012,0.0133333337
C14_rand_29_r0,2,2215,0.186666667,0,0,5.6402998,0.0453333333,0.0273333341,0.214182958,0.213697776,0,0,14,3.66619492,10.4345551,0,0,0,0,0,0.305749148,-0.0114122108,14.2018766,0.843601882,0.353499502,5.6402998,543.607788,76.2050018,0.910300016,0.0250000004,50,1,0.119999997,0.550000012,0.0133333337
C14_rand_29_r0,2,2216,0.200000003,0,0,5.6402998,0.0450000018,0.0270000007,0.209431678,0.209043413,0,0,14,3.66619492,10.4345551,0,0,0,0,0,0.305749148,-0.0114122108,14.2018766,0.843601882,0.353499502,5.6402998,543.607788,76.2050018,0.910300016,0.0250000004,50,1,0.119999997,0.550000012,0.0133333337
C14_rand_29_r0,2,2217,0.213333338,0,0,5.6402998,0.0446666665,0.0266666673,0.204796791,0.204541236,0,0,14,3.66619492,10.4345551,0,0,0,0,0,0.305749148,-0.0114122108,14.2018766,0.843601882,0.353499502,5.6402998,543.607788,76.2050018,0.910300016,0.0250000004,50,1,0.119999997,0.550000012,0.0133333337
C14_rand_29_r0,2,2218,0.226666674,0,0,5.6402998,0.044333335,0.0263333339,0.200083956,0.199861407,0,0,14,3.66619492,10.4345551,0,0,0,0,0,0.305749148,-0.0114122108,14.2018766,0.843601882,0.353499502,5.6402998,543.607788,76.2050018,0.910300016,0.0250000004,50,1,0.119999997,0.550000012,0.0133333337
C14_rand_29_r0,2,2219,0.239999995,0,0,5.6402998,0.0439999998,0.0260000005,0.195447937,0.19535023,0,0,14,3.66619492,10.4345551,0,0,0,0,0,0.305749148,-0.0114122108,14.2018766,0.843601882,0.353499502,5.6402998,543.607788,76.2050018,0.910300016,0.0250000004,50,1,0.119999997,0.550000012,0.0133333337
C14_rand_29_r0,2,2220,0.25333333,0,0,5.6402998,0.0436666682,0.0256666671,0.190783009,0.190659717,0,0,14,3.66619492,10.4345551,0,0,0,0,0,0.305749148,-0.0114122108,14.2018766,0.843601882,0.353499502,5.6402998,543.607788,76.2050018,0.910300016,0.0250000004,50,1,0.119999997,0.550000012,0.0133333337
C14_rand_29_r0,2,2221,0.266666681,0,0,5.6402998,0.043333333,0.0253333338,0.186153948,0.186141551,0,0,14,3.66619492,10.4345551,0,0,0,0,0,0.305749148,-0.0114122108,14.2018766,0.843601882,0.353499502,5.6402998,543.607788,76.2050018,0.910300016,0.0250000004,50,1,0.119999997,0.550000012,0.0133333337
C14_rand_29_r0,2,2222,0.280000001,0,0,5.6402998,0.0430000015,0.0250000004,0.181549385,0.181449756,0,0,14,3.66619492,10.4345551,0,0,0,0,0,0.305749148,-0.0114122108,14.2018766,0.843601882,0.353499502,5.6402998,543.607788,76.2050018,0.910300016,0.0250000004,50,1,0.119999997,0.550000012,0.0133333337
C14_rand_29_r0,2,2223,0.293333322,0,0,5.6402998,0.0426666662,0.024666667,0.176937044,0.176927343,0,0,14,3.66619492,10.4345551,0,0,0,0,0,0.305749148,-0.0114122108,14.2018766,0.843601882,0.353499502,5.6402998,543.607788,76.2050018,0.910300016,0.0250000004,50,1,0.119999997,0.550000012,0.0133333337
C14_rand_29_r0,2,2224,0.306666672,0,0,5.6402998,0.0423333347,0.0243333336,0.172155187,0.171779796,0,0,14,3.66619492,10.4345551,0,0,0,0,0,0.305749148,-0.0114122108,14.2018766,0.843601882,0.353499502,5.6402998,543.607788,76.2050018,0.910300016,0.0250000004,50,1,0.119999997,0.550000012,0.0133333337
C14_rand_29_r0,2,2225,0.319999993,0,0,5.6402998,0.0419999994,0.0240000002,0.167690262,0.16694729,0,0,14,3.66619492,10.4345551,0,0,0,0,0,0.305749148,-0.0114122108,14.2018766,0.843601882,0.353499502,5.6402998,543.607788,76.2050018,0.910300016,0.0250000004,50,1,0.119999997,0.550000012,0.0133333337
C14_rand_29_r0,2,2226,0.333333343,0,0,5.6402998,0.0416666679,0.0236666668,0.162730291,0.162602067,0,0,14,3.66619492,10.4345551,0,0,0,0,0,0.305749148,-0.0114122108,14.2018766,0.843601882,0.353499502,5.6402998,543.607788,76.2050018,0.910300016,0.0250000004,50,1,0.119999997,0.550000012,0.0133333337
C14_rand_29_r0,2,2227,0.346666664,0,0,5.6402998,0.0413333327,0.0233333334,0.158144444,0.15778552,0,0,14,3.66619492,10.4345551,0,0,0,0,0,0.305749148,-0.0114122108,14.2018766,0.843601882,0.353499502,5.6402998,543.607788,76.2050018,0.910300016,0.0250000004,50,1,0.119999997,0.550000012,0.0133333337
C14_rand_29_r0,2,2228,0.360000014,0,0,5.6402998,0.0410000011,0.023,0.153785557,0.150115103,0,0,14,3.66619492,10.4345551,0,0,0,0,0,0.305749148,-0.0114122108,14.2018766,0.843601882,0.353499502,5.6402998,543.607788,76.2050018,0.910300016,0.0250000004,50,1,0.119999997,0.550000012,0.0133333337
C14_rand_29_r0,2,2229,0.373333335,0,0,5.6402998,0.0406666659,0.0226666667,0.148887411,0.145481423,0,0,14,3.66619492,10.4345551,0,0,0,0,0,0.305749148,-0.0114122108,14.2018766,0.843601882,0.353499502,5.6402998,543.607788,76.2050018,0.910300016,0.0250000004,50,1,0.119999997,0.550000012,0.0133333337
C14_rand_29_r0,2,2230,0.386666656,0,0,5.6402998,0.0403333344,0.0223333333,0.144086227,0.140828833,0,0,14,3.66619492,10.4345551,0,0,0,0,0,0.305749148,-0.0114122108,14.2018766,0.843601882,0.353499502,5.6402998,543.607788,76.2050018,0.910300016,0.0250000004,50,1,0.119999997,0.550000012,0.0133333337
C14_rand_29_r0,2,2231,0.400000006,0,0,5.6402998,0.0399999991,0.0219999999,0.139171913,0.136236385,0,0,14,3.66619492,10.4345551,0,0,0,0,0,0.305749148,-0.0114122108,14.2018766,0.843601882,0.353499502,5.6402998,543.607788,76.2050018,0.910300016,0.0250000004,50,1,0.119999997,0.550000012,0.0133333337
C14_rand_29_r0,2,2232,0.413333327,0,0,5.6402998,0.0396666676,0.0216666665,0.13462314,0.129788056,0,0,14,3.66619492,10.4345551,0,0,0,0,0,0.305749148,-0.0114122108,14.2018766,0.843601882,0.353499502,5.6402998,543.607788,76.2050018,0.910300016,0.0250000004,50,1,0.119999997,0.550000012,0.0133333337
C14_rand_29_r0,2,2233,0.426666677,0,0,5.6402998,0.0393333323,0.0213333331,0.129499868,0.127061844,0,0,14,3.66619492,10.4345551,0,0,0,0,0,0.305749148,-0.0114122108,14.2018766,0.843601882,0.353499502,5.6402998,543.607788,76.2050018,0.910300016,0.0250000004,50,1,0.119999997,0.550000012,0.0133333337
C14_rand_29_r0,2,2234,0.439999998,0,0,5.6402998,0.0390000008,0.0209999997,0.124756731,0.120658167,0,0,14,3.66619492,10.4345551,0,0,0,0,0,0.305749148,-0.0114122108,14.2018766,0.843601882,0.353499502,5.6402998,543.607788,76.2050018,0.910300016,0.0250000004,50,1,0.119999997,0.550000012,0.0133333337
C14_rand_29_r0,2,2235,0.453333348,0,0,5.6402998,0.0386666656,0.0206666663,0.119899914,0.11612276,0,0,14,3.66619492,10.4345551,0,0,0,0,0,0.305749148,-0.0114122108,14.2018766,0.843601882,0.353499502,5.6402998,543.607788,76.2050018,0.910300016,0.0250000004,50,1,0.119999997,0.550000012,0.0133333337
C14_rand_29_r0,2,2236,0.466666669,0,0,5.6402998,0.038333334,0.0203333329,0.114968091,0.111623965,0,0,14,3.66619492,10.4345551,0,0,0,0,0,0.305749148,-0.0114122108,14.2018766,0.843601882,0.353499502,5.6402998,543.607788,76.2050018,0.910300016,0.0250000004,50,1,0.119999997,0.550000012,0.0133333337
C14_rand_29_r0,2,2237,0.479999989,0,0,5.6402998,0.0379999988,0.0199999996,0.110326454,0.10713926,0,0,14,3.66619492,10.4345551,0,0,0,0,0,0.305749148,-0.0114122108,14.2018766,0.843601882,0.353499502,5.6402998,543.607788,76.2050018,0.910300016,0.0250000004,50,1,0.119999997,0.550000012,0.0133333337
C14_rand_29_r0,2,2238,0.49333334,0,0,5.6402998,0.0376666673,0.0196666662,0.105302647,0.102717951,0,0,14,3.66619492,10.4345551,0,0,0,0,0,0.305749148,-0.0114122108,14.2018766,0.843601882,0.353499502,5.6402998,543.607788,76.2050018,0.910300016,0.0250000004,50,1,0.119999997,0.550000012,0.0133333337
C14_rand_29_r0,2,2239,0.50666666,0,0,5.6402998,0.037333332,0.0193333328,0.100943446,0.0982947946,0,0,14,3.66619492,10.4345551,0,0,0,0,0,0.305749148,-0.0114122108,14.2018766,0.843601882,0.353499502,5.6402998,543.607788,76.2050018,0.910300016,0.0250000004,50,1,0.119999997,0.550000012,0.0133333337
C14_rand_29_r0,2,2240,0.519999981,0,0,5.6402998,0.0370000005,0.0189999994,0.0958239287,0.0939648375,0,0,14,3.66619492,10.4345551,0,0,0,0,0,0.305749148,-0.0114122108,14.2018766,0.843601882,0.353499502,5.6402998,543.607788,76.2050018,0.910300016,0.0250000004,50,1,0.119999997,0.550000012,0.0133333337
C14_rand_29_r0,2,2241,0.533333361,0,0,5.6402998,0.0366666652,0.018666666,0.0916162208,0.08779791,0,0,14,3.66619492,10.4345551,0,0,0,0,0,0.305749148,-0.0114122108,14.2018766,0.843601882,0.353499502,5.6402998,543.607788,76.2050018,0.910300016,0.0250000004,50,1,0.119999997,0.550000012,0.0133333337
C14_rand_29_r0,2,2242,0.546666682,0,0,5.6402998,0.0363333337,0.0183333326,0.0866362676,0.0854219794,0,0,14,3.66619492,10.4345551,0,0,0,0,0,0.305749148,-0.0114122108,14.2018766,0.843601882,0.353499502,5.6402998,543.607788,76.2050018,0.910300016,0.0250000004,50,1,0.119999997,0.550000012,0.0133333337
C14_rand_29_r0,2,2243,0.560000002,0,0,5.6402998,0.0359999985,0.0179999992,0.0823365971,0.0794159025,0,0,14,3.66619492,10.4345551,0,0,0,0,0,0.305749148,-0.0114122108,14.2018766,0.843601882,0.353499502,5.6402998,543.607788,76.2050018,0.910300016,0.0250000004,50,1,0.119999997,0.550000012,0.0133333337
C14_rand_29_r0,2,2244,0.573333323,0,0,5.6402998,0.0356666669,0.0176666658,0.0779181868,0.0771893412,0,0,14,3.66619492,10.4345551,0,0,0,0,0,0.305749148,-0.0114122108,14.2018766,0.843601882,0.353499502,5.6402998,543.607788,76.2050018,0.910300016,0.0250000004,50,1,0.119999997,0.550000012,0.0133333337
C14_rand_29_r0,2,2245,0.586666644,0,0,5.6402998,0.0353333317,0.0173333324,0.0736563802,0.0714057609,0,0,14,3.66619492,10.4345551,0,0,0,0,0,0.305749148,-0.0114122108,14.2018766,0.843601882,0.353499502,5.6402998,543.607788,76.2050018,0.910300016,0.0250000004,50,1,0.119999997,0.550000012,0.0133333337
C14_rand_29_r0,2,2246,0.600000024,0,0,5.6402998,0.0350000001,0.0170000009,0.0697344616,0.0675887987,0,0,14,3.66619492,10.4345551,0,0,0,0,0,0.305749148,-0.0114122108,14.2018766,0.843601882,0.353499502,5.6402998,543.607788,76.2050018,0.910300016,0.0250000004,50,1,0.119999997,0.550000012,0.0133333337
C14_rand_29_r0,2,2247,0.613333344,0,0,5.6402998,0.0346666649,0.0166666675,0.0658876523,0.0639421865,0,0,14,3.66619492,10.4345551,0,0,0,0,0,0.305749148,-0.0114122108,14.2018766,0.843601882,0.353499502,5.6402998,543.607788,76.2050018,0.910300016,0.0250000004,50,1,0.119999997,0.550000012,0.0133333337
C14_rand_29_r0,2,2248,0.626666665,0,0,5.6402998,0.0343333334,0.0163333341,0.0618386902,0.0604858734,0,0,14,3.66619492,10.4345551,0,0,0,0,0,0.305749148,-0.0114122108,14.2018766,0.843601882,0.353499502,5.6402998,543.607788,76.2050018,0.910300016,0.0250000004,50,1,0.119999997,0.550000012,0.0133333337
C14_rand_29_r0,2,2249,0.639999986,0,0,5.6402998,0.0340000018,0.0160000008,0.0590434074,0.0590287261,0,0,14,3.66619492,10.4345551,0,0,0,0,0,0.305749148,-0.0114122108,14.2018766,0.843601882,0.353499502,5.6402998,543.607788,76.2050018,0.910300016,0.0250000004,50,1,0.119999997,0.550000012,0.0133333337
C14_rand_29_r0,2,2250,0.653333306,0,0,5.6402998,0.0336666666,0.0156666674,0.055156026,0.0541714914,0,0,14,3.66619492,10.4345551,0,0,0,0,0,0.305749148,-0.0114122108,14.2018766,0.843601882,0.353499502,5.6402998,543.607788,76.2050018,0.910300016,0.0250000004,50,1,0.119999997,0.550000012,0.0133333337
C14_rand_29_r0,2,2251,0.666666687,0,0,5.6402998,0.0333333351,0.0153333331,0.0525802188,0.0513357557,0,0,14,3.66619492,10.4345551,0,0,0,0,0,0.305749148,-0.0114122108,14.2018766,0.843601882,0.353499502,5.6402998,543.607788,76.2050018,0.910300016,0.0250000004,50,1,0.119999997,0.550000012,0.0133333337
C14_rand_29_r0,2,2252,0.680000007,0,0,5.6402998,0.0329999998,0.0149999997,0.0499239527,0.0486985482,0,0,14,3.66619492,10.4345551,0,0,0,0,0,0.305749148,-0.0114122108,14.2018766,0.843601882,0.353499502,5.6402998,543.607788,76.2050018,0.910300016,0.0250000004,50,1,0.119999997,0.550000012,0.0133333337
C14_rand_29_r0,2,2253,0.693333328,0,0,5.6402998,0.0326666683,0.0146666663,0.0470222645,0.0462942608,0,0,14,3.66619492,10.4345551,0,0,0,0,0,0.305749148,-0.0114122108,14.2018766,0.843601882,0.353499502,5.6402998,543.607788,76.2050018,0.910300016,0.0250000004,50,1,0.119999997,0.550000012,0.0133333337
C14_rand_29_r0,2,2254,0.706666648,0,0.838254988,5.6402998,0.032333333,0.0143333329,0.0459046513,0.0440877527,0,1.52409995,14,3.66619492,10.4345551,0,0,0,0,0,0.305749148,-0.0114122108,14.2018766,0.843601882,0.353499502,5.6402998,543.607788,76.2050018,0.910300016,0.0250000004,50,1,0.119999997,0.550000012,0.0133333337
C14_rand_29_r0,2,2255,0.720000029,0,1.21546972,5.6402998,0.0320000015,0.0140000004,0.0428879261,0.0420420766,0,1.52409995,14,3.66619492,10.4345551,0,0,0,0,0,0.305749148,-0.0114122108,14.2018766,0.843601882,0.353499502,5.6402998,543.607788,76.2050018,0.910300016,0.0250000004,50,1,0.119999997,0.550000012,0.0133333337
C14_rand_29_r0,2,2256,0.733333349,0,1.38521636,5.6402998,0.0316666663,0.013666667,0.0412627533,0.0401864536,0,1.52409995,14,3.66619492,10.4345551,0,0,0,0,0,0.305749148,-0.0114122108,14.2018766,0.843601882,0.353499502,5.6402998,543.607788,76.2050018,0.910300016,0.0250000004,50,1,0.119999997,0.550000012,0.0133333337
C14_rand_29_r0,2,2257,0.74666667,0,1.46160233,5.6402998,0.0313333347,0.0133333337,0.0402580202,0.0384696908,0,1.52409995,14,3.66619492,10.4345551,0,0,0,0,0,0.305749148,-0.0114122108,14.2018766,0.843601882,0.353499502,5.6402998,543.607788,76.2050018,0.910300016,0.0250000004,50,1,0.119999997,0.550000012,0.0133333337
C14_rand_29_r0,2,2258,0.75999999,0,1.49597609,5.6402998,0.0309999995,0.0130000003,0.0379149169,0.0369121991,0,1.52409995,14,3.66619492,10.4345551,0,0,0,0,0,0.305749148,-0.0114122108,14.2018766,0.843601882,0.353499502,5.6402998,543.607788,76.2050018,0.910300016,0.0250000004,50,1,0.119999997,0.550000012,0.0133333337
C14_rand_29_r0,2,2259,0.773333311,0,1.51144421,5.6402998,0.0306666661,0.0126666669,0.0376368016,0.035502661,0,1.52409995,14,3.66619492,10.4345551,0,0,0,0,0,0.305749148,-0.0114122108,14.2018766,0.843601882,0.353499502,5.6402998,543.607788,76.2050018,0.910300016,0.0250000004,50,1,0.119999997,0.550000012,0.0133333337
C14_rand_29_r0,2,2260,0.786666691,0,1.51840496,5.6402998,0.0303333327,0.0123333335,0.0359738693,0.0357555449,0,1.52409995,14,3.66619492,10.4345551,0,0,0,0,0,0.305749148,-0.0114122108,14.2018766,0.843601882,0.353499502,5.6402998,543.607788,76.2050018,0.910300016,0.0250000004,50,1,0.119999997,0.550000012,0.0133333337
C14_rand_29_r0,2,2261,0.800000012,0,1.52153718,5.6402998,0.0299999993,0.0120000001,0.0348601043,0.0329462364,0,1.52409995,14,3.66619492,10.4345551,0,0,0,0,0,0.305749148,-0.0114122108,14.2018766,0.843601882,0.353499502,5.6402998,543.607788,76.2050018,0.910300016,0.0250000004,50,1,0.119999997,0.550000012,0.0133333337
C14_rand_29_r0,2,2262,0.813333333,0,1.52294672,5.6402998,0.0296666659,0.0116666667,0.0334462859,0.0333276913,0,1.52409995,14,3.66619492,10.4345551,0,0,0,0,0,0.305749148,-0.0114122108,14.2018766,0.843601882,0.353499502,5.6402998,543.607788,76.2050018,0.910300016,0.0250000004,50,1,0.119999997,0.550000012,0.0133333337
C14_rand_29_r0,2,2263,0.826666653,0,1.52358103,5.6402998,0.0293333326,0.0113333333,0.0326313041,0.0322529487,0,1.52409995,14,3.66619492,10.4345551,0,0,0,0,0,0.305749148,-0.0114122108,14.2018766,0.843601882,0.353499502,5.6402998,543.607788,76.2050018,0.910300016,0.0250000004,50,1,0.119999997,0.550000012,0.0133333337
C14_rand_29_r0,2,2264,0.839999974,0,1.52386642,5.6402998,0.0289999992,0.0109999999,0.0321602821,0.0314487331,0,1.52409995,14,3.66619492,10.4345551,0,0,0,0,0,0.305749148,-0.0114122108,14.2018766,0.843601882,0.353499502,5.6402998,543.607788,76.2050018,0.910300016,0.0250000004,50,1,0.119999997,0.550000012,0.0133333337
C14_rand_29_r0,2,2265,0.853333354,0,1.52399492,5.6402998,0.0286666658,0.0106666666,0.0303108674,0.0302449688,0,1.52409995,14,3.66619492,10.4345551,0,0,0,0,0,0.305749148,-0.0114122108,14.2018766,0.843601882,0.353499502,5.6402998,543.607788,76.2050018,0.910300016,0.0250000004,50,1,0.119999997,0.550000012,0.0133333337
C14_rand_29_r0,2,2266,0.866666675,0,1.52405274,5.6402998,0.0283333343,0.0103333332,0.0304877385,0.0293732472,0,1.52409995,14,3.66619492,10.4345551,0,0,0,0,0,0.305749148,-0.0114122108,14.2018766,0.843601882,0.353499502,5.6402998,543.607788,76.2050018,0.910300016,0.0250000004,50,1,0.119999997,0.550000012,0.0133333337
C14_rand_29_r0,2,2267,0.879999995,0,1.52407873,5.6402998,0.0280000009,0.00999999978,0.0293992478,0.0284672324,0,1.52409995,14,3.66619492,10.4345551,0,0,0,0,0,0.305749148,-0.0114122108,14.2018766,0.843601882,0.353499502,5.6402998,543.607788,76.2050018,0.910300016,0.0250000004,50,1,0.119999997,0.550000012,0.0133333337
C14_rand_29_r0,2,2268,0.893333316,0,1.52409041,5.6402998,0.0276666675,0.00966666639,0.0284338165,0.027690297,0,1.52409995,14,3.66619492,10.4345551,0,0,0,0,0,0.305749148,-0.0114122108,14.2018766,0.843601882,0.353499502,5.6402998,543.607788,76.2050018,0.910300016,0.0250000004,50,1,0.119999997,0.550000012,0.0133333337
C14_rand_29_r0,2,2269,0.906666696,0,1.52409565,5.6402998,0.0273333341,0.009333333,0.0282868668,0.0282846056,0,1.52409995,14,3.66619492,10.4345551,0,0,0,0,0,0.305749148,-0.0114122108,14.2018766,0.843601882,0.353499502,5.6402998,543.607788,76.2050018,0.910300016,0.0250000004,50,1,0.119999997,0.550000012,0.0133333337
C14_rand_29_r0,2,2270,0.920000017,0,1.52409804,5.6402998,0.0270000007,0.00899999961,0.027839968,0.0261843447,0,1.52409995,14,3.66619492,10.4345551,0,0,0,0,0,0.305749148,-0.0114122108,14.2018766,0.843601882,0.353499502,5.6402998,543.607788,76.2050018,0.910300016,0.0250000004,50,1,0.119999997,0.550000012,0.0133333337
C14_rand_29_r0,2,2271,0.933333337,0,1.52409911,5.6402998,0.0266666673,0.00866666622,0.0275301859,0.026836168,0,1.52409995,14,3.66619492,10.4345551,0,0,0,0,0,0.305749148,-0.0114122108,14.2018766,0.843601882,0.353499502,5.6402998,543.607788,76.2050018,0.910300016,0.0250000004,50,1,0.119999997,0.550000012,0.0133333337
C14_rand_29_r0,2,2272,0.946666658,0,1.52409959,5.6402998,0.0263333339,0.00833333377,0.0262068342,0.0260716639,0,1.52409995,14,3.66619492,10.4345551,0,0,0,0,0,0.305749148,-0.0114122108,14.2018766,0.843601882,0.353499502,5.6402998,543.607788,76.2050018,0.910300016,0.0250000004,50,1,0.119999997,0.550000012,0.0133333337
C14_rand_29_r0,2,2273,0.959999979,0,1.52409983,5.6402998,0.0260000005,0.00800000038,0.0260491241,0.025710715,0,1.52409995,14,3.66619492,10.4345551,0,0,0,0,0,0.305749148,-0.0114122108,14.2018766,0.843601882,0.353499502,5.6402998,543.607788,76.2050018,0.910300016,0.0250000004,50,1,0.119999997,0.550000012,0.0133333337
C14_rand_29_r0,2,2274,0.973333359,0,1.52409995,5.6402998,0.0256666671,0.00766666653,0.0256805569,0.0248389523,0,1.52409995,14,3.66619492,10.4345551,0,0,0,0,0,0.305749148,-0.0114122108,14.2018766,0.843601882,0.353499502,5.6402998,543.607788,76.2050018,0.910300016,0.0250000004,50,1,0.119999997,0.550000012,0.0133333337
C14_rand_29_r0,2,2275,0.986666679,0,1.52409995,5.6402998,0.0253333338,0.00733333314,0.0244267043,0.0242946893,0,1.52409995,14,3.66619492,10.4345551,0,0,0,0,0,0.305749148,-0.0114122108,14.2018766,0.843601882,0.353499502,5.6402998,543.607788,76.2050018,0.910300016,0.0250000004,50,1,0.119999997,0.550000012,0.0133333337
C14_rand_29_r0,2,2276,1,0,1.52409995,5.6402998,0.0250000004,0.00700000022,0.0240799338,0.0237559136,0,1.52409995,14,3.66619492,10.4345551,0,0,0,0,0,0.305749148,-0.0114122108,14.2018766,0.843601882,0.353499502,5.6402998,543.607788,76.2050018,0.910300016,0.0250000004,50,1,0.119999997,0.550000012,0.0133333337
C14_rand_29_r0,2,2277,1.01333332,1,1.52409995,5.6402998,0.024666667,0.00666666683,0.0241357386,0.023065513,0,1.52409995,14,3.66619492,10.4345551,0,0,0,0,0,0.220736802,-0.478651255,14.1857195,0.810426533,1.63430166,5.6402998,543.607788,76.2050018,0.910300016,0.0250000004,50,1,0.119999997,0.550000012,0.0133333337
C14_rand_29_r0,2,2278,1.02666664,1,1.52409995,5.6402998,0.0243333336,0.00633333344,0.0242487378,0.0215812549,0,1.52409995,14,3.66619492,10.4345551,0,0,0,0,0,0.220736802,-0.478651255,14.1857195,0.810426533,1.63430166,5.6402998,543.607788,76.2050018,0.910300016,0.0250000004,50,1,0.119999997,0.550000012,0.0133333337
C14_rand_29_r0,2,2279,1.03999996,1,1.52409995,5.6402998,0.0240000002,0.00600000005,0.0224043299,0.0221923459,0,1.52409995,14,3.66619492,10.4345551,0,0,0,0,0,0.220736802,-0.478651255,14.1857195,0.810426533,1.63430166,5.6402998,543.607788,76.2050018,0.910300016,0.0250000004,50,1,0.119999997,0.550000012,0.0133333337
C14_rand_29_r0,2,2280,1.05333328,1,1.52409995,5.6402998,0.0236666668,0.00566666666,0.0232259836,0.0216400065,0,1.52409995,14,3.66619492,10.4345551,0,0,0,0,0,0.220736802,-0.478651255,14.1857195,0.810426533,1.63430166,5.6402998,543.607788,76.2050018,0.910300016,0.0250000004,50,1,0.119999997,0.550000012,0.0133333337
C14_rand_29_r0,2,2281,1.06666672,1,1.52409995,5.6402998,0.0233333334,0.00533333328,0.0223524738,0.0214747321,0,1.52409995,14,3.66619492,10.4345551,0,0,0,0,0,0.220736802,-0.478651255,14.1857195,0.810426533,1.63430166,5.6402998,543.607788,76.2050018,0.910300016,0.0250000004,50,1,0.119999997,0.550000012,0.0133333337
C14_rand_29_r0,2,2282,1.08000004,1,1.52409995,5.6402998,0.023,0.00499999989,0.0212713052,0.0209595393,0,1.52409995,14,3.66619492,10.4345551,0,0,0,0,0,0.220736802,-0.478651255,14.1857195,0.810426533,1.63430166,5.6402998,543.607788,76.2050018,0.910300016,0.0250000004,50,1,0.119999997,0.550000012,0.0133333337
C14_rand_29_r0,2,2283,1.09333336,1,1.52409995,5.6402998,0.0226666667,0.0046666665,0.0222564023,0.0213638209,0,1.52409995,14,3.66619492,10.4345551,0,0,0,0,0,0.220736802,-0.478651255,14.1857195,0.810426533,1.63430166,5.6402998,543.607788,76.2050018,0.910300016,0.0250000004,50,1,0.119999997,0.550000012,0.0133333337
C14_rand_29_r0,2,2284,1.10666668,1,1.52409995,5.6402998,0.0223333333,0.00433333311,0.0208377801,0.020377811,0,1.52409995,14,3.66619492,10.4345551,0,0,0,0,0,0.220736802,-0.478651255,14.1857195,0.810426533,1.63430166,5.6402998,543.607788,76.2050018,0.910300016,0.0250000004,50,1,0.119999997,0.550000012,0.0133333337
C14_rand_29_r0,2,2285,1.12,1,1.52409995,5.6402998,0.0219999999,0.00400000019,0.0207325984,0.0199809913,0,1.52409995,14,3.66619492,10.4345551,0,0,0,0,0,0.220736802,-0.478651255,14.1857195,0.810426533,1.63430166,5.6402998,543.607788,76.2050018,0.910300016,0.0250000004,50,1,0.119999997,0.550000012,0.0133333337
C14_rand_29_r0,2,2286,1.13333333,1,1.52409995,5.6402998,0.0216666665,0.00366666657,0.0213192049,0.0211513378,0,1.52409995,14,3.66619492,10.4345551,0,0,0,0,0,0.220736802,-0.478651255,14.1857195,0.810426533,1.63430166,5.6402998,543.607788,76.2050018,0.910300016,0.0250000004,50,1,0.119999997,0.550000012,0.0133333337
C14_rand_29_r0,2,2287,1.14666665,1,1.52409995,5.6402998,0.0213333331,0.00333333341,0.0197337084,0.0194697585,0,1.52409995,14,3.66619492,10.4345551,0,0,0,0,0,0.220736802,-0.478651255,14.1857195,0.810426533,1.63430166,5.6402998,543.607788,76.2050018,0.910300016,0.0250000004,50,1,0.119999997,0.550000012,0.0133333337
C14_rand_29_r0,2,2288,1.15999997,1,1.52409995,5.6402998,0.0209999997,0.00300000003,0.0205704477,0.0196905285,0,1.52409995,14,3.66619492,10.4345551,0,0,0,0,0,0.220736802,-0.478651255,14.1857195,0.810426533,1.63430166,5.6402998,543.607788,76.2050018,0.910300016,0.0250000004,50,1,0.119999997,0.550000012,0.0133333337
C14_rand_29_r0,2,2289,1.17333329,1,1.52409995,5.6402998,0.0206666663,0.00266666664,0.0200307462,0.018989481,0,1.52409995,14,3.66619492,10.4345551,0,0,0,0,0,0.220736802,-0.478651255,14.1857195,0.810426533,1.63430166,5.6402998,543.607788,76.2050018,0.910300016,0.0250000004,50,1,0.119999997,0.550000012,0.0133333337
C14_rand_29_r0,2,2290,1.18666661,1,1.52409995,5.6402998,0.0203333329,0.00233333325,0.0192312822,0.0186810941,0,1.52409995,14,3.66619492,10.4345551,0,0,0,0,0,0.220736802,-0.478651255,14.1857195,0.810426533,1.63430166,5.6402998,543.607788,76.2050018,0.910300016,0.0250000004,50,1,0.119999997,0.550000012,0.0133333337
C14_rand_29_r0,2,2291,1.20000005,1,1.52409995,5.6402998,0.0199999996,0.00200000009,0.0199154653,0.0197272897,0,1.52409995,14,3.66619492,10.4345551,0,0,0,0,0,0.220736802,-0.478651255,14.1857195,0.810426533,1.63430166,5.6402998,543.607788,76.2050018,0.910300016,0.0250000004,50,1,0.119999997,0.550000012,0.0133333337
C14_rand_29_r0,2,2292,1.21333337,1,1.52409995,5.6402998,0.0196666662,0.00166666671,0.0186848156,0.0182075333,0,1.52409995,14,3.66619492,10.4345551,0,0,0,0,0,0.220736802,-0.478651255,14.1857195,0.810426533,1.63430166,5.6402998,543.607788,76.2050018,0.910300016,0.0250000004,50,1,0.119999997,0.550000012,0.0133333337
C14_rand_29_r0,2,2293,1.22666669,1,1.52409995,5.6402998,0.0193333328,0.00133333332,0.0194351058,0.0185588039,0,1.52409995,14,3.66619492,10.4345551,0,0,0,0,0,0.220736802,-0.478651255,14.1857195,0.810426533,1.63430166,5.6402998,543.607788,76.2050018,0.910300016,0.0250000004,50,1,0.119999997,0.550000012,0.0133333337
C14_rand_29_r0,2,2294,1.24000001,1,1.52409995,5.6402998,0.0189999994,0.00100000005,0.0185334608,0.0180313475,0,1.52409995,14,3.66619492,10.4345551,0,0,0,0,0,0.220736802,-0.478651255,14.1857195,0.810426533,1.63430166,5.6402998,543.607788,76.2050018,0.910300016,0.0250000004,50,1,0.119999997,0.550000012,0.0133333337
C14_rand_29_r0,2,2295,1.25333333,1,1.68563557,5.6402998,0.018666666,0.00066666666,0.0181210693,0.0174597185,0.000540281064,1.817801,14,3.66619492,10.4345551,0,0,0,0,0,0.220736802,-0.478651255,14.1857195,0.810426533,1.63430166,5.6402998,543.607788,76.2050018,0.910300016,0.0250000004,50,1,0.119999997,0.550000012,0.0133333337
C14_rand_29_r0,2,2296,1.26666665,1,1.87115204,5.6402998,0.0183333326,0.00033333333,0.0175429955,0.0170823559,0.000917643833,2.02293825,14,3.66619492,10.4345551,0,0,0,0,0,0.220736802,-0.478651255,14.1857195,0.810426533,1.63430166,5.6402998,543.607788,76.2050018,0.910300016,0.0250000004,50,1,0.119999997,0.550000012,0.0133333337
C14_rand_29_r0,2,2297,1.27999997,1,2.08841181,5.6402998,0.0179999992,5.89805982e-17,0.0172698386,0.0166349169,0.00136508257,2.26616955,14,3.66619492,10.4345551,0,0,0,0,0,0.220736802,-0.478651255,14.1857195,0.810426533,1.63430166,5.6402998,543.607788,76.2050018,0.910300016,0.0250000004,50,1,0.119999997,0.550000012,0.0133333337
C14_rand_29_r0,2,2298,1.29333329,1,2.33005381,5.6402998,0.0176666658,-0.00033333333,0.0166051872,0.0161537044,0.00184629601,2.52776098,14,3.66619492,10.4345551,0,0,0,0,0,0.220736802,-0.478651255,14.1857195,0.810426533,1.63430166,5.6402998,543.607788,76.2050018,0.910300016,0.0250000004,50,1,0.119999997,0.550000012,0.0133333337
C14_rand_29_r0,2,2299,1.30666661,1,2.57236314,5.6402998,0.0173333324,-0.00066666666,0.0163175445,0.0157069564,0.0022930433,2.77061629,14,3.66619492,10.4345551,1,0,0,0,0,0.220736802,-0.478651255,14.1857195,0.810426533,1.63430166,5.6402998,543.607788,76.2050018,0.910300016,0.0250000004,50,1,0.119999997,0.550000012,0.0133333337
C14_rand_29_r0,2,2300,1.32000005,1,2.81790066,5.6402998,0.0170000009,-0.00100000005,0.0157079007,0.0152504165,0.00274958322,3.01879501,14,3.66619492,10.4345551,1,0,0,0,0,0.220736802,-0.478651255,14.1857195,0.810426533,1.63430166,5.6402998,543.607788,76.2050018,0.910300016,0.0250000004,50,1,0.119999997,0.550000012,0.0133333337
C14_rand_29_r0,2,2301,3.01333332,3,2.90852451,5.6402998,0.0166666675,-0.00133333332,0.0153611433,0.0153168682,0.00268313219,2.9826715,14,3.66619492,10.4345551,1,0,0,0,0,-0.553715229,-3.36125183,10.6933842,0.862559259,2.36542487,5.6402998,543.607788,76.2050018,0.910300016,0.0250000004,50,1,0.119999997,0.550000012,0.0133333337
C14_rand_29_r0,2,2302,3.02666664,3,3.29004288,5.6402998,0.0163333341,-0.00166666671,0.0147521487,0.0141772181,0.00382278231,3.60219431,14,3.66619492,10.4345551,1,0,0,0,0,-0.553715229,-3.36125183,10.6933842,0.862559259,2.36542487,5.6402998,543.607788,76.2050018,0.910300016,0.0250000004,50,1,0.119999997,0.550000012,0.0133333337
C14_rand_29_r0,2,2303,3.03999996,3,3.51008344,5.6402998,0.0160000008,-0.00200000009,0.0144824507,0.014015479,0.00398452068,3.69011664,14,3.66619492,10.4345551,1,0,0,1,0,-0.553715229,-3.36125183,10.6933842,0.862559259,2.36542487,5.6402998,543.607788,76.2050018,0.910300016,0.0250000004,50,1,0.119999997,0.550000012,0.0133333337
C14_rand_29_r0,2,2304,3.13103008,3,3.66980338,5.6402998,0.0156666674,-0.00233333325,0.0142283896,0.0138124526,0.00418754714,3.80048323,14,3.66619492,10.4345551,1,1,0,2,0,-0.553715229,-3.36125183,10.6933842,0.862559259,2.36542487,5.6402998,543.607788,76.2050018,0.910300016,0.0250000004,50,1,0.119999997,0.550000012,0.0133333337
C14_rand_29_r0,2,2305,4.09103012,4,3.80835676,5.6402998,0.0153333331,-0.00266666664,0.0140848067,0.0135894325,0.00441056723,3.92171884,14,3.66619492,10.4345551,1,1,0,3,0,-0.0559849404,-1.22359979,10.9378872,0.82938391,1.08986974,5.6402998,543.607788,76.2050018,0.910300016,0.0250000004,50,1,0.119999997,0.550000012,0.0133333337
C14_rand_29_r0,2,2306,4.18205976,4,4.02595758,5.6402998,0.0149999997,-0.00300000003,0.0137705551,0.0130701689,0.00492983125,4.20399475,14,3.66619492,10.4345551,1,1,0,4,0,-0.0559849404,-1.22359979,10.9378872,0.82938391,1.08986974,5.6402998,543.607788,76.2050018,0.910300016,0.0250000004,50,1,0.119999997,0.550000012,0.0133333337
C14_rand_29_r0,2,2307,4.27308989,4,4.11831141,5.6402998,0.0146666663,-0.00333333341,0.0132327154,0.013088787,0.00491121318,4.19387388,14,3.66619492,10.4345551,1,1,0,5,0,-0.0559849404,-1.22359979,10.9378872,0.82938391,1.08986974,5.6402998,543.607788,76.2050018,0.910300016,0.0250000004,50,1,0.119999997,0.550000012,0.0133333337
C14_rand_29_r0,2,2308,4.36412001,4,4.19736528,5.6402998,0.0143333329,-0.00366666657,0.013318412,0.0129633816,0.00503661903,4.26204538,14,3.66619492,10.4345551,1,1,0,6,0,-0.0559849404,-1.22359979,10.9378872,0.82938391,1.08986974,5.6402998,543.607788,76.2050018,0.910300016,0.0250000004,50,1,0.119999997,0.550000012,0.0133333337
C14_rand_29_r0,2,2309,6.09103012,6,4.53129959,5.6402998,0.0140000004,-0.00400000019,0.0120916301,0.0119654685,0.00603453163,4.80451822,14,3.66619492,10.4345551,1,1,0,7,0,-0.0797151998,-0.325100541,10.8713818,0.777251184,0.0714612007,5.6402998,543.607788,76.2050018,0.910300016,0.0250000004,50,1,0.119999997,0.550000012,0.0133333337
C14_rand_29_r0,2,2310,6.18205976,6,4.57819271,5.6402998,0.013666667,-0.00433333311,0.0125889191,0.0123112304,0.00568876974,4.61655951,14,3.66619492,10.4345551,1,1,0,8,0,-0.0797151998,-0.325100541,10.8713818,0.777251184,0.0714612007,5.6402998,543.607788,76.2050018,0.910300016,0.0250000004,50,1,0.119999997,0.550000012,0.0133333337
C14_rand_29_r0,2,2311,6.27308989,6,4.95759821,5.6402998,0.0134214722,-0.00457852799,0.0127428733,0.0111128259,0.00688717375,5.26802158,14,3.66619492,10.4345551,1,1,0,9,0,-0.0797151998,-0.325100541,10.8713818,0.777251184,0.0714612007,5.6402998,543.607788,76.2050018,0.910300016,0.0250000004,50,1,0.119999997,0.550000012,0.0133333337
C14_rand_29_r0,2,2312,6.36412001,6,4.60571861,5.6402998,0.0130932219,-0.00490677776,0.0140881408,0.0121194515,0.00588054908,4.31781673,14,3.66619492,10.4345551,1,1,0,10,0,-0.0797151998,-0.325100541,10.8713818,0.777251184,0.0714612007,5.6402998,543.607788,76.2050018,0.910300016,0.0250000004,50,1,0.119999997,0.550000012,0.0133333337
C14_rand_29_r0,2,2313,8.09103012,8,4.90997648,5.6402998,0.012835646,-0.00516435364,0.0134262405,0.0112707755,0.00672922516,5.15891457,14,3.66619492,10.4345551,1,1,0,11,0,2.27169299,1.60701466,11.8756294,0.767772496,6.49518585,5.6402998,543.607788,76.2050018,0.910300016,0.0250000004,50,1,0.119999997,0.550000012,0.0133333337
C14_rand_29_r0,2,2314,8.18206024,8,4.29473877,5.6402998,0.0125023127,-0.00549768703,0.0132579608,0.0131920325,0.00480796723,3.791363,14,3.66619492,10.4345551,1,1,0,12,0,2.27169299,1.60701466,11.8756294,0.767772496,6.49518585,5.6402998,543.607788,76.2050018,0.910300016,0.0250000004,50,1,0.119999997,0.550000012,0.0133333337
C14_rand_29_r0,2,2315,8.27309036,8,4.24111843,5.6402998,0.0121689793,-0.00583102042,0.0132628949,0.0130825825,0.00491741765,4.19724655,14,3.66619492,10.4345551,1,1,0,13,0,2.27169299,1.60701466,11.8756294,0.767772496,6.49518585,5.6402998,543.607788,76.2050018,0.910300016,0.0250000004,50,1,0.119999997,0.550000012,0.0133333337
C14_rand_29_r0,2,2316,8.36411953,8,4.73401403,5.6402998,0.0120000001,-0.00600000005,0.0122564631,0.0113533102,0.00664668996,5.13729239,14,3.66619492,10.4345551,1,1,0,14,0,2.27169299,1.60701466,11.8756294,0.767772496,6.49518585,5.6402998,543.607788,76.2050018,0.910300016,0.0250000004,50,1,0.119999997,0.550000012,0.0133333337
C14_rand_29_r0,2,2317,10.0910301,10,4.9372654,5.6402998,0.0120000001,-0.00600000005,0.0112765273,0.0111964056,0.00680359453,5.10356236,14,3.66619492,10.4345551,1,1,0,15,0,1.24538481,-0.267336875,8.982131,0.734597147,0.721186221,5.6402998,543.607788,76.2050018,0.910300016,0.0250000004,50,1,0.119999997,0.550000012,0.0133333337
C14_rand_29_r0,2,2318,10.1820602,10,5.1882391,5.6402998,0.0120000001,-0.00600000005,0.0106843477,0.0101515306,0.00784846954,5.39358091,14,3.66619492,10.4345551,1,1,0,16,0,1.24538481,-0.267336875,8.982131,0.734597147,0.721186221,5.6402998,543.607788,76.2050018,0.910300016,0.0250000004,50,1,0.119999997,0.550000012,0.0133333337
C14_rand_29_r0,2,2319,10.2730904,10,5.09177923,5.6402998,0.0120000001,-0.00600000005,0.0105419625,0.0101802936,0.00781970657,5.01285744,14,3.66619492,10.4345551,1,1,0,17,0,1.24538481,-0.267336875,8.982131,0.734597147,0.721186221,5.6402998,543.607788,76.2050018,0.910300016,0.0250000004,50,1,0.119999997,0.550000012,0.0133333337
C14_rand_29_r0,2,2320,10.3641195,10,5.62112474,5.6402998,0.0120000001,-0.00600000005,0.00967285503,0.00837806612,0.00962193403,6.0542264,14,3.66619492,10.4345551,1,1,0,18,0,1.24538481,-0.267336875,8.982131,0.734597147,0.721186221,5.6402998,543.607788,76.2050018,0.910300016,0.0250000004,50,1,0.119999997,0.550000012,0.0133333337
C14_rand_29_r0,2,2321,12.0910301,12,5.76029158,5.6402998,0.0120274397,-0.0059725605,0.00770787243,0.00749146147,0.0105085382,5.87415552,14,3.66619492,10.4345551,1,1,0,19,0,0.543325603,-0.42425409,8.86877441,0.753554523,0.567963243,5.6402998,543.607788,76.2050018,0.910300016,0.0250000004,50,1,0.119999997,0.550000012,0.0133333337
C14_rand_29_r0,2,2322,12.1820602,12,5.77388239,5.6402998,0.0120691191,-0.00593088148,0.0081921583,0.00712734042,0.0108726602,5.78500175,14,3.66619492,10.4345551,1,1,0,20,0,0.543325603,-0.42425409,8.86877441,0.753554523,0.567963243,5.6402998,543.607788,76.2050018,0.910300016,0.0250000004,50,1,0.119999997,0.550000012,0.0133333337
C14_rand_29_r0,2,2323,12.2730904,12,5.62496758,5.6402998,0.012071806,-0.00592819368,0.00763524184,0.0075260899,0.0104739098,5.50312853,14,3.66619492,10.4345551,1,1,0,21,0,0.543325603,-0.42425409,8.86877441,0.753554523,0.567963243,5.6402998,543.607788,76.2050018,0.910300016,0.0250000004,50,1,0.119999997,0.550000012,0.0133333337
C14_rand_29_r0,2,2324,12.3641195,12,6.34209585,5.6402998,0.0122671975,-0.00573280267,0.00655324711,0.00523137301,0.0127686271,6.92883682,14,3.66619492,10.4345551,1,1,0,22,0,0.543325603,-0.42425409,8.86877441,0.753554523,0.567963243,5.6402998,543.607788,76.2050018,0.910300016,0.0250000004,50,1,0.119999997,0.550000012,0.0133333337
C14_rand_29_r0,2,2325,14.0910301,14,6.30263805,5.6402998,0.0124837458,-0.00551625434,0.0052800565,0.00482185604,0.0131781437,6.27035475,14,3.66619492,10.4345551,1,1,0,23,0,1.35014021,-0.196411178,9.04166985,0.748815179,1.93408966,5.6402998,543.607788,76.2050018,0.910300016,0.0250000004,50,1,0.119999997,0.550000012,0.0133333337
C14_rand_29_r0,2,2326,14.1820602,14,6.34851122,5.6402998,0.0127165625,-0.00528343767,0.00494571356,0.00443108892,0.0135689108,6.38604355,14,3.66619492,10.4345551,1,1,0,24,0,1.35014021,-0.196411178,9.04166985,0.748815179,1.93408966,5.6402998,543.607788,76.2050018,0.910300016,0.0250000004,50,1,0.119999997,0.550000012,0.0133333337
C14_rand_29_r0,2,2327,14.2730904,14,6.69156504,5.6402998,0.0130473832,-0.00495261699,0.00327295577,0.00321589806,0.0147841023,6.97224569,14,3.66619492,10.4345551,1,1,0,25,0,1.35014021,-0.196411178,9.04166985,0.748815179,1.93408966,5.6402998,543.607788,76.2050018,0.910300016,0.0250000004,50,1,0.119999997,0.550000012,0.0133333337
C14_rand_29_r0,2,2328,14.3641195,14,6.87277555,5.6402998,0.0133807166,-0.0046192836,0.00247290661,0.00230182451,0.0156981759,7.02103853,14,3.66619492,10.4345551,1,1,0,26,0,1.35014021,-0.196411178,9.04166985,0.748815179,1.93408966,5.6402998,543.607788,76.2050018,0.910300016,0.0250000004,50,1,0.119999997,0.550000012,0.0133333337
C14_rand_29_r0,2,2329,16.0910301,16,6.78002119,5.6402998,0.0137140499,-0.00428595021,0.00366576994,0.00286366185,0.0151363378,6.7041316,14,3.66619492,10.4345551,1,1,0,27,0,0.29329592,-1.67993093,8.03847885,0.758293867,1.29656744,5.6402998,543.607788,76.2050018,0.910300016,0.0250000004,50,1,0.119999997,0.550000012,0.0133333337
C14_rand_29_r0,2,2330,16.1820602,16,7.08253908,5.6402998,0.0140473833,-0.00395261683,0.00223686337,0.00171223993,0.0162877608,7.33005333,14,3.66619492,10.4345551,1,1,0,28,0,0.29329592,-1.67993093,8.03847885,0.758293867,1.29656744,5.6402998,543.607788,76.2050018,0.910300016,0.0250000004,50,1,0.119999997,0.550000012,0.0133333337
C14_rand_29_r0,2,2331,16.2730904,16,7.35381937,5.6402998,0.0143807167,-0.00361928367,0.00183920108,0.00126021844,0.0167397819,7.57577562,14,3.66619492,10.4345551,1,1,0,29,0,0.29329592,-1.67993093,8.03847885,0.758293867,1.29656744,5.6402998,543.607788,76.2050018,0.910300016,0.0250000004,50,1,0.119999997,0.550000012,0.0133333337
C14_rand_29_r0,2,2332,16.3641205,16,7.70187712,5.6402998,0.0147140492,-0.00328595028,0.00117558974,0.000504387019,0.0174956135,7.9866519,14,3.66619492,10.4345551,1,1,0,30,0,0.29329592,-1.67993093,8.03847885,0.758293867,1.29656744,5.6402998,543.607788,76.2050018,0.910300016,0.0250000004,50,1,0.119999997,0.550000012,0.0133333337
C14_rand_29_r0,2,2333,17.0910301,17,7.65219593,5.6402998,0.0150473826,-0.00295261713,0.00148627139,0.00119441317,0.0168055873,7.61154795,14,3.66619492,10.4345551,1,1,0,31,0,0.514136553,0.384797215,8.42047405,0.777251184,0.731812298,5.6402998,543.607788,76.2050018,0.910300016,0.0250000004,50,1,0.119999997,0.550000012,0.0133333337
C14_rand_29_r0,2,2334,17.1820602,17,7.69072104,5.6402998,0.015380716,-0.00261928374,0.00136230304,0.00099078624,0.0170092136,7.7222414,14,3.66619492,10.4345551,1,1,0,32,0,0.514136553,0.384797215,8.42047405,0.777251184,0.731812298,5.6402998,543.607788,76.2050018,0.910300016,0.0250000004,50,1,0.119999997,0.550000012,0.0133333337
C14_rand_29_r0,2,2335,17.2730904,17,7.82232618,5.6402998,0.0157140493,-0.00228595035,0.00158451393,0.000608596019,0.0173914041,7.93000269,14,3.66619492,10.4345551,1,1,0,33,0,0.514136553,0.384797215,8.42047405,0.777251184,0.731812298,5.6402998,543.607788,76.2050018,0.910300016,0.0250000004,50,1,0.119999997,0.550000012,0.0133333337
C14_rand_29_r0,2,2336,17.3641205,17,8.01885414,5.6402998,0.0160473827,-0.00195261708,0.000764417695,0.000149356405,0.017850643,8.17964935,14,3.66619492,10.4345551,1,1,0,34,0,0.514136553,0.384797215,8.42047405,0.777251184,0.731812298,5.6402998,543.607788,76.2050018,0.910300016,0.0250000004,50,1,0.119999997,0.550000012,0.0133333337
C14_rand_29_r0,2,2337,19.0910301,19,7.89862347,5.6402998,0.0163807161,-0.00161928369,0.000919323007,0.000847277814,0.0171527229,7.80025339,14,3.66619492,10.4345551,1,1,0,35,0,-0.167591095,-1.37566519,8.7551651,0.77251184,1.53660095,5.6402998,543.607788,76.2050018,0.910300016,0.0250000004,50,1,0.119999997,0.550000012,0.0133333337
C14_rand_29_r0,2,2338,19.1820602,19,8.25949383,5.6402998,0.0167140495,-0.00128595042,0.000809282414,-0.000540666515,0.0185406674,8.5547514,14,3.66619492,10.4345551,1,1,0,36,0,-0.167591095,-1.37566519,8.7551651,0.77251184,1.53660095,5.6402998,543.607788,76.2050018,0.910300016,0.0250000004,50,1,0.119999997,0.550000012,0.0133333337
C14_rand_29_r0,2,2339,19.2730904,19,8.3699522,5.6402998,0.0170473829,-0.000952617032,0.000875944213,-0.000366967724,0.0183669683,8.46032715,14,3.66619492,10.4345551,1,1,0,37,0,-0.167591095,-1.37566519,8.7551651,0.77251184,1.53660095,5.6402998,543.607788,76.2050018,0.910300016,0.0250000004,50,1,0.119999997,0.550000012,0.0133333337
C14_rand_29_r0,2,2340,19.3641205,19,8.40484047,5.6402998,0.0173807163,-0.000619283703,0.000691355963,-0.000317407364,0.018317407,8.43338585,14,3.66619492,10.4345551,1,1,0,38,0,-0.167591095,-1.37566519,8.7551651,0.77251184,1.53660095,5.6402998,543.607788,76.2050018,0.910300016,0.0250000004,50,1,0.119999997,0.550000012,0.0133333337
C14_rand_29_r0,2,2341,21.0910301,21,8.54247379,5.6402998,0.0177140497,-0.000285950373,0.000782060495,-0.000725234568,0.018725235,8.65508366,14,3.66619492,10.4345551,1,1,0,39,0,0.477839679,-0.563032925,8.72767544,0.748815179,0.995662987,5.6402998,543.607788,76.2050018,0.910300016,0.0250000004,50,1,0.119999997,0.550000012,0.0133333337
C14_rand_29_r0,2,2342,21.1820602,21,8.33590221,5.6402998,0.0180473831,4.73829641e-05,0.0015243846,0.000172830551,0.01782717,8.16688824,14,3.66619492,10.4345551,1,1,0,40,0,0.477839679,-0.563032925,8.72767544,0.748815179,0.995662987,5.6402998,543.607788,76.2050018,0.910300016,0.0250000004,50,1,0.119999997,0.550000012,0.0133333337
C14_rand_29_r0,2,2343,21.2730904,21,7.94126225,5.6402998,0.0183807164,0.000380716287,0.00158358377,0.00118185417,0.0168181453,7.6183753,14,3.66619492,10.4345551,1,1,0,41,0,0.477839679,-0.563032925,8.72767544,0.748815179,0.995662987,5.6402998,543.607788,76.2050018,0.910300016,0.0250000004,50,1,0.119999997,0.550000012,0.0133333337
C14_rand_29_r0,2,2344,21.3641205,21,7.94128752,5.6402998,0.0187140498,0.000714049616,0.00181156152,0.000587799412,0.0174122006,7.94130802,14,3.66619492,10.4345551,1,1,0,42,0,0.477839679,-0.563032925,8.72767544,0.748815179,0.995662987,5.6402998,543.607788,76.2050018,0.910300016,0.0250000004,50,1,0.119999997,0.550000012,0.0133333337
C14_rand_29_r0,2,2345,23.0910301,23,8.18033218,5.6402998,0.0190473832,0.00104738295,0.00178916869,-0.000211683859,0.0182116833,8.37591362,14,3.66619492,10.4345551,1,1,0,43,0,4.10698795,-0.586613774,9.48783779,0.748815179,8.61392593,5.6402998,543.607788,76.2050018,0.910300016,0.0250000004,50,1,0.119999997,0.550000012,0.0133333337
C14_rand_29_r0,2,2346,23.1820602,23,8.50392342,5.6402998,0.0193807166,0.00138071633,0.00161269598,-0.000934202049,0.0189342014,8.76867962,14,3.66619492,10.4345551,1,1,0,44,0,4.10698795,-0.586613774,9.48783779,0.748815179,8.61392593,5.6402998,543.607788,76.2050018,0.910300016,0.0250000004,50,1,0.119999997,0.550000012,0.0133333337
C14_rand_29_r0,2,2347,23.2730904,23,8.46420479,5.6402998,0.01971405,0.00171404961,0.000629673479,-0.000314319943,0.0183143206,8.43170738,14,3.66619492,10.4345551,1,1,0,45,0,4.10698795,-0.586613774,9.48783779,0.748815179,8.61392593,5.6402998,543.607788,76.2050018,0.910300016,0.0250000004,50,1,0.119999997,0.550000012,0.0133333337
C14_rand_29_r0,2,2348,23.3641205,23,8.37114906,5.6402998,0.0200473834,0.00204738299,0.00166326703,-6.28621565e-05,0.0180628616,8.29501247,14,3.66619492,10.4345551,1,1,0,46,0,4.10698795,-0.586613774,9.48783779,0.748815179,8.61392593,5.6402998,543.607788,76.2050018,0.910300016,0.0250000004,50,1,0.119999997,0.550000012,0.0133333337
C14_rand_29_r0,2,2349,24.0910301,24,7.72154093,5.6402998,0.0203807168,0.00238071638,0.00254270085,0.0019697973,0.0160302036,7.19004345,14,3.66619492,10.4345551,1,1,0,47,0,-1.99676585,-4.77964497,12.2649126,0.791469216,11.9931698,5.6402998,543.607788,76.2050018,0.910300016,0.0250000004,50,1,0.119999997,0.550000012,0.0133333337
C14_rand_29_r0,2,2350,24.1820602,24,7.92264986,5.6402998,0.0207140502,0.00271404954,0.00280664349,0.00031943369,0.0176805668,8.08719349,14,3.66619492,10.4345551,1,1,0,48,0,-1.99676585,-4.77964497,12.2649126,0.791469216,11.9931698,5.6402998,543.607788,76.2050018,0.910300016,0.0250000004,50,1,0.119999997,0.550000012,0.0133333337
C14_rand_29_r0,2,2351,24.2730904,24,8.07085419,5.6402998,0.0210473835,0.00304738292,0.000449303654,0.000126431027,0.0178735685,8.19211197,14,3.66619492,10.4345551,1,1,0,49,0,-1.99676585,-4.77964497,12.2649126,0.791469216,11.9931698,5.6402998,543.607788,76.2050018,0.910300016,0.0250000004,50,1,0.119999997,0.550000012,0.0133333337
C14_rand_29_r0,2,2352,24.3641205,24,8.2645731,5.6402998,0.0213807169,0.00338071631,0.00100943586,-0.00029843417,0.0182984341,8.42307186,14,3.66619492,10.4345551,1,1,0,50,0,-1.99676585,-4.77964497,12.2649126,0.791469216,11.9931698,5.6402998,543.607788,76.2050018,0.910300016,0.0250000004,50,1,0.119999997,0.550000012,0.0133333337
C14_rand_29_r0,2,2353,27.0910301,27,8.06433392,5.6402998,0.0217140503,0.0037140497,0.00132728263,0.000662866689,0.0173371341,7.90050077,14,3.66619492,10.4345551,1,1,0,51,0,0.83967191,-1.19337821,11.0302982,0.758293867,1.8482945,5.6402998,543.607788,76.2050018,0.910300016,0.0250000004,50,1,0.119999997,0.550000012,0.0133333337
C14_rand_29_r0,2,2354,27.1820602,27,8.28474522,5.6402998,0.0220473837,0.00404738309,0.000769544684,-0.000375715725,0.0183757152,8.46508217,14,3.66619492,10.4345551,1,1,0,52,0,0.83967191,-1.19337821,11.0302982,0.758293867,1.8482945,5.6402998,543.607788,76.2050018,0.910300016,0.0250000004,50,1,0.119999997,0.550000012,0.0133333337
C14_rand_29_r0,2,2355,27.2730904,27,7.95472622,5.6402998,0.0223807171,0.00438071648,0.0011458362,0.00105982635,0.0169401728,7.6847105,14,3.66619492,10.4345551,1,1,0,53,0,0.83967191,-1.19337821,11.0302982,0.758293867,1.8482945,5.6402998,543.607788,76.2050018,0.910300016,0.0250000004,50,1,0.119999997,0.550000012,0.0133333337
C14_rand_29_r0,2,2356,27.3641205,27,7.84904623,5.6402998,0.0227140505,0.0047140494,0.00123859616,0.000916579855,0.0170834195,7.76258039,14,3.66619492,10.4345551,1,1,0,54,0,0.83967191,-1.19337821,11.0302982,0.758293867,1.8482945,5.6402998,543.607788,76.2050018,0.910300016,0.0250000004,50,1,0.119999997,0.550000012,0.0133333337
C14_rand_29_r0,2,2357,29.0910301,29,8.28146362,5.6402998,0.0230473839,0.00504738279,0.00156368595,-0.000688766828,0.0186887663,8.63525963,14,3.66619492,10.4345551,1,1,0,55,0,-0.522789299,-2.94203472,10.9738846,0.857819915,4.05136204,5.6402998,543.607788,76.2050018,0.910300016,0.0250000004,50,1,0.119999997,0.550000012,0.0133333337
C14_rand_29_r0,2,2358,29.1820602,29,8.73433781,5.6402998,0.0233807154,0.00538071617,0.00212910818,-0.00155264593,0.0195526462,9.1048708,14,3.66619492,10.4345551,1,1,0,56,0,-0.522789299,-2.94203472,10.9738846,0.857819915,4.05136204,5.6402998,543.607788,76.2050018,0.910300016,0.0250000004,50,1,0.119999997,0.550000012,0.0133333337
C14_rand_29_r0,2,2359,29.2730904,29,8.4395895,5.6402998,0.0237140488,0.00571404956,0.0031121315,0.000114805123,0.0178851951,8.19843102,14,3.66619492,10.4345551,1,1,0,57,0,-0.522789299,-2.94203472,10.9738846,0.857819915,4.05136204,5.6402998,543.607788,76.2050018,0.910300016,0.0250000004,50,1,0.119999997,0.550000012,0.0133333337
C14_rand_29_r0,2,2360,29.3641205,29,8.15890217,5.6402998,0.0240473822,0.00604738295,0.000893467746,0.000609981827,0.0173900183,7.92924929,14,3.66619492,10.4345551,1,1,0,58,0,-0.522789299,-2.94203472,10.9738846,0.857819915,4.05136204,5.6402998,543.607788,76.2050018,0.910300016,0.0250000004,50,1,0.119999997,0.550000012,0.0133333337
C14_rand_29_r0,2,2361,31.0910301,31,7.93412495,5.6402998,0.0243807156,0.00638071634,0.0015110122,0.000939325313,0.0170606747,7.75021601,14,3.66619492,10.4345551,1,1,0,59,0,0.710306942,-0.938872218,14.4329767,0.800947845,0.127338141,5.6402998,543.607788,76.2050018,0.910300016,0.0250000004,50,1,0.119999997,0.550000012,0.0133333337
C14_rand_29_r0,2,2362,31.1820602,31,8.38301373,5.6402998,0.024714049,0.00671404973,0.00121814408,-0.000900367333,0.0189003665,8.75028706,14,3.66619492,10.4345551,1,1,0,60,0,0.710306942,-0.938872218,14.4329767,0.800947845,0.127338141,5.6402998,543.607788,76.2050018,0.910300016,0.0250000004,50,1,0.119999997,0.550000012,0.0133333337
C14_rand_29_r0,2,2363,31.2730904,31,8.85194969,5.6402998,0.0250473823,0.00704738311,0.00228769123,-0.00179317594,0.0197931752,9.23562527,14,3.66619492,10.4345551,1,1,0,61,0,0.710306942,-0.938872218,14.4329767,0.800947845,0.127338141,5.6402998,543.607788,76.2050018,0.910300016,0.0250000004,50,1,0.119999997,0.550000012,0.0133333337
C14_rand_29_r0,2,2364,31.3641205,31,9.75980759,5.6402998,0.0253807157,0.0073807165,0.00535084074,-0.00412385445,0.0221238546,10.5025997,14,3.66619492,10.4345551,1,1,0,62,0,0.710306942,-0.938872218,14.4329767,0.800947845,0.127338141,5.6402998,543.607788,76.2050018,0.910300016,0.0250000004,50,1,0.119999997,0.550000012,0.0133333337
C14_rand_29_r0,2,2365,33.0133324,33,10.791235,5.6402998,0.0257140491,0.00771404942,0.006597945,-0.0062072142,0.0242072139,11.6351309,14,3.66619492,10.4345551,1,0,0,0,0,-1.0093019,-1.72725976,13.2775831,0.800947845,0.43523404,5.6402998,543.607788,76.2050018,0.910300016,0.0250000004,50,1,0.119999997,0.550000012,0.0133333337
C14_rand_29_r0,2,2366,33.0266685,33,11.6981335,5.6402998,0.0260473825,0.00804738328,0.00777148968,-0.00768808043,0.0256880801,12.4401407,14,3.66619492,10.4345551,1,0,0,0,0,-1.0093019,-1.72725976,13.2775831,0.800947845,0.43523404,5.6402998,543.607788,76.2050018,0.910300016,0.0250000004,50,1,0.119999997,0.550000012,0.0133333337
C14_rand_29_r0,2,2367,33.0400009,33,12.5813808,5.6402998,0.0263807159,0.00838071667,0.00952000171,-0.00927727297,0.0272772722,13.304038,14,3.66619492,10.4345551,0,0,0,0,0,-1.0093019,-1.72725976,13.2775831,0.800947845,0.43523404,5.6402998,543.607788,76.2050018,0.910300016,0.0250000004,50,1,0.119999997,0.550000012,0.0133333337
C14_rand_29_r0,2,2368,33.0533333,33,13.0480757,5.6402998,0.0267140493,0.00871405005,0.00985713489,-0.00950883515,0.0275088344,13.4299173,14,3.66619492,10.4345551,0,0,0,0,0,-1.0093019,-1.72725976,13.2775831,0.800947845,0.43523404,5.6402998,543.607788,76.2050018,0.910300016,0.0250000004,50,1,0.119999997,0.550000012,0.0133333337
C14_rand_29_r0,2,2369,33.0666656,33,13.2738285,5.6402998,0.0270473827,0.00904738251,0.0107120592,-0.00956148095,0.0275614802,13.4585361,14,3.66619492,10.4345551,0,0,0,0,0,-1.0093019,-1.72725976,13.2775831,0.800947845,0.43523404,5.6402998,543.607788,76.2050018,0.910300016,0.0250000004,50,1,0.119999997,0.550000012,0.0133333337
C14_rand_29_r0,2,2370,33.0800018,33,13.6364069,5.6402998,0.0273807161,0.0093807159,0.0109879645,-0.0104343994,0.0284343995,13.9330606,14,3.66619492,10.4345551,0,0,0,0,0,-1.0093019,-1.72725976,13.2775831,0.800947845,0.43523404,5.6402998,543.607788,76.2050018,0.910300016,0.0250000004,50,1,0.119999997,0.550000012,0.0133333337
C14_rand_29_r0,2,2371,33.0933342,33,13.6969337,5.6402998,0.0277140494,0.00971404929,0.0102422778,-0.0100911278,0.0280911271,13.7464561,14,3.66619492,10.4345551,0,0,0,0,0,-1.0093019,-1.72725976,13.2775831,0.800947845,0.43523404,5.6402998,543.607788,76.2050018,0.910300016,0.0250000004,50,1,0.119999997,0.550000012,0.0133333337
C14_rand_29_r0,2,2372,33.1066666,33,13.6619749,5.6402998,0.0280473828,0.0100473827,0.0101893172,-0.00988310389,0.0278831031,13.6333723,14,3.66619492,10.4345551,0,0,0,0,0,-1.0093019,-1.72725976,13.2775831,0.800947845,0.43523404,5.6402998,543.607788,76.2050018,0.910300016,0.0250000004,50,1,0.119999997,0.550000012,0.0133333337
C14_rand_29_r0,2,2373,33.1199989,33,13.4273605,5.6402998,0.0283807162,0.0103807161,0.0105608394,-0.00915101357,0.0271510147,13.2354031,14,3.66619492,10.4345551,0,0,0,0,0,-1.0093019,-1.72725976,13.2775831,0.800947845,0.43523404,5.6402998,543.607788,76.2050018,0.910300016,0.0250000004,50,1,0.119999997,0.550000012,0.0133333337
C14_rand_29_r0,2,2374,33.1333351,33,13.4202232,5.6402998,0.0287140496,0.0107140495,0.0105590699,-0.00948026124,0.0274802614,13.4143848,14,3.66619492,10.4345551,0,0,0,0,0,-1.0093019,-1.72725976,13.2775831,0.800947845,0.43523404,5.6402998,543.607788,76.2050018,0.910300016,0.0250000004,50,1,0.119999997,0.550000012,0.0133333337
C14_rand_29_r0,2,2375,33.1466675,33,13.2515841,5.6402998,0.029047383,0.0110473828,0.00919274241,-0.00892696157,0.0269269608,13.1136065,14,3.66619492,10.4345551,0,0,0,0,0,-1.0093019,-1.72725976,13.2775831,0.800947845,0.43523404,5.6402998,543.607788,76.2050018,0.910300016,0.0250000004,50,1,0.119999997,0.550000012,0.0133333337
C14_rand_29_r0,2,2376,33.1599998,33,12.8159428,5.6402998,0.0293807164,0.0113807162,0.00867880974,-0.00772370817,0.0257237088,12.4595079,14,3.66619492,10.4345551,0,0,0,0,0,-1.0093019,-1.72725976,13.2775831,0.800947845,0.43523404,5.6402998,543.607788,76.2050018,0.910300016,0.0250000004,50,1,0.119999997,0.550000012,0.0133333337
C14_rand_29_r0,2,2377,33.1733322,33,12.5852938,5.6402998,0.0297140498,0.0117140496,0.00798953883,-0.00760794804,0.0256079491,12.3965807,14,3.66619492,10.4345551,1,0,0,0,0,-1.0093019,-1.72725976,13.2775831,0.800947845,0.43523404,5.6402998,543.607788,76.2050018,0.910300016,0.0250000004,50,1,0.119999997,0.550000012,0.0133333337
C14_rand_29_r0,2,2378,33.1866684,33,12.0298223,5.6402998,0.0300473832,0.012047383,0.00628735963,-0.00609723851,0.0240972377,11.5753469,14,3.66619492,10.4345551,1,0,0,0,0,-1.0093019,-1.72725976,13.2775831,0.800947845,0.43523404,5.6402998,543.607788,76.2050018,0.910300016,0.0250000004,50,1,0.119999997,0.550000012,0.0133333337
C14_rand_29_r0,2,2379,33.2000008,33,11.3182468,5.6402998,0.0303807165,0.0123807164,0.00508708367,-0.00455329893,0.0225532986,10.7360487,14,3.66619492,10.4345551,1,0,0,0,0,-1.0093019,-1.72725976,13.2775831,0.800947845,0.43523404,5.6402998,543.607788,76.2050018,0.910300016,0.0250000004,50,1,0.119999997,0.550000012,0.0133333337
C14_rand_29_r0,2,2380,33.2133331,33,10.5986586,5.6402998,0.0307140499,0.0127140498,0.00572003005,-0.00321751041,0.0212175101,10.0099039,14,3.66619492,10.4345551,1,0,0,1,0,-1.0093019,-1.72725976,13.2775831,0.800947845,0.43523404,5.6402998,543.607788,76.2050018,0.910300016,0.0250000004,50,1,0.119999997,0.550000012,0.0133333337
