C16_rand_7_r0,0,421,0.0133333337,0,0,4.2645998,0.0496666655,0.0316666663,0.286799252,0.286794692,0,0,14,2.77199006,7.88951015,0,0,0,0,0,-2.17078304,-11.2880917,51.3386002,1.41706157,1.00933409,4.2645998,385.356903,61.0863991,1.85769999,0.0250000004,50,1,0.119999997,0.550000012,0.0133333337
C16_rand_7_r0,0,422,0.0266666673,0,0,4.2645998,0.049333334,0.0313333347,0.283292562,0.283055961,0,0,14,2.77199006,7.88951015,0,0,0,0,0,-2.17078304,-11.2880917,51.3386002,1.41706157,1.00933409,4.2645998,385.356903,61.0863991,1.85769999,0.0250000004,50,1,0.119999997,0.550000012,0.0133333337
C16_rand_7_r0,0,423,0.0399999991,0,0,4.2645998,0.0489999987,0.0309999995,0.278770924,0.27873981,0,0,14,2.77199006,7.88951015,0,0,0,0,0,-2.17078304,-11.2880917,51.3386002,1.41706157,1.00933409,4.2645998,385.356903,61.0863991,1.85769999,0.0250000004,50,1,0.119999997,0.550000012,0.0133333337
C16_rand_7_r0,0,424,0.0533333346,0,0,4.2645998,0.0486666672,0.0306666661,0.274368674,0.274197221,0,0,14,2.77199006,7.88951015,0,0,0,0,0,-2.17078304,-11.2880917,51.3386002,1.41706157,1.00933409,4.2645998,385.356903,61.0863991,1.85769999,0.0250000004,50,1,0.119999997,0.550000012,0.0133333337
C16_rand_7_r0,0,425,0.0666666701,0,0,4.2645998,0.0483333319,0.0303333327,0.269623816,0.269499689,0,0,14,2.77199006,7.88951015,0,0,0,0,0,-2.17078304,-11.2880917,51.3386002,1.41706157,1.00933409,4.2645998,385.356903,61.0863991,1.85769999,0.0250000004,50,1,0.119999997,0.550000012,0.0133333337
C16_rand_7_r0,0,426,0.0799999982,0,0,4.2645998,0.0480000004,0.0299999993,0.265052289,0.264710903,0,0,14,2.77199006,7.88951015,0,0,0,0,0,-2.17078304,-11.2880917,51.3386002,1.41706157,1.00933409,4.2645998,385.356903,61.0863991,1.85769999,0.0250000004,50,1,0.119999997,0.550000012,0.0133333337
C16_rand_7_r0,0,427,0.0933333337,0,0,4.2645998,0.0476666652,0.0296666659,0.260151982,0.259946913,0,0,14,2.77199006,7.88951015,0,0,0,0,0,-2.17078304,-11.2880917,51.3386002,1.41706157,1.00933409,4.2645998,385.356903,61.0863991,1.85769999,0.0250000004,50,1,0.119999997,0.550000012,0.0133333337
C16_rand_7_r0,0,428,0.106666669,0,0,4.2645998,0.0473333336,0.0293333326,0.25540477,0.255183488,0,0,14,2.77199006,7.88951015,0,0,0,0,0,-2.17078304,-11.2880917,51.3386002,1.41706157,1.00933409,4.2645998,385.356903,61.0863991,1.85769999,0.0250000004,50,1,0.119999997,0.550000012,0.0133333337
C16_rand_7_r0,0,429,0.119999997,0,0,4.2645998,0.0469999984,0.0289999992,0.250525713,0.250422597,0,0,14,2.77199006,7.88951015,0,0,0,0,0,-2.17078304,-11.2880917,51.3386002,1.41706157,1.00933409,4.2645998,385.356903,61.0863991,1.85769999,0.0250000004,50,1,0.119999997,0.550000012,0.0133333337
C16_rand_7_r0,0,430,0.13333334,0,0,4.2645998,0.0466666669,0.0286666658,0.245740741,0.24563992,0,0,14,2.77199006,7.88951015,0,0,0,0,0,-2.17078304,-11.2880917,51.3386002,1.41706157,1.00933409,4.2645998,385.356903,61.0863991,1.85769999,0.0250000004,50,1,0.119999997,0.550000012,0.0133333337
C16_rand_7_r0,0,431,0.146666661,0,0,4.2645998,0.0463333316,0.0283333343,0.240911022,0.240838319,0,0,14,2.77199006,7.88951015,0,0,0,0,0,-2.17078304,-11.2880917,51.3386002,1.41706157,1.00933409,4.2645998,385.356903,61.0863991,1.85769999,0.0250000004,50,1,0.119999997,0.550000012,0.0133333337
C16_rand_7_r0,0,432,0.159999996,0,0,4.2645998,0.0460000001,0.0280000009,0.236071035,0.236037388,0,0,14,2.77199006,7.88951015,0,0,0,0,0,-2.17078304,-11.2880917,51.3386002,1.41706157,1.00933409,4.2645998,385.356903,61.0863991,1.85769999,0.0250000004,50,1,0.119999997,0.550000012,0.0133333337
C16_rand_7_r0,0,433,0.173333332,0,0,4.2645998,0.0456666648,0.0276666675,0.231302947,0.231199175,0,0,14,2.77199006,7.88951015,0,0,0,0,0,-2.17078304,-11.2880917,51.3386002,1.41706157,1.00933409,4.2645998,385.356903,61.0863991,1.85769999,0.0250000004,50,1,0.119999997,0.550000012,0.0133333337
C16_rand_7_r0,0,434,0.186666667,0,0,4.2645998,0.0453333333,0.0273333341,0.226395145,0.226380557,0,0,14,2.77199006,7.88951015,0,0,0,0,0,-2.17078304,-11.2880917,51.3386002,1.41706157,1.00933409,4.2645998,385.356903,61.0863991,1.85769999,0.0250000004,50,1,0.119999997,0.550000012,0.0133333337
C16_rand_7_r0,0,435,0.200000003,0,0,4.2645998,0.0450000018,0.0270000007,0.221546575,0.221514001,0,0,14,2.77199006,7.88951015,0,0,0,0,0,-2.17078304,-11.2880917,51.3386002,1.41706157,1.00933409,4.2645998,385.356903,61.0863991,1.85769999,0.0250000004,50,1,0.119999997,0.550000012,0.0133333337
C16_rand_7_r0,0,436,0.213333338,0,0,4.2645998,0.0446666665,0.0266666673,0.216719016,0.216670945,0,0,14,2.77199006,7.88951015,0,0,0,0,0,-2.17078304,-11.2880917,51.3386002,1.41706157,1.00933409,4.2645998,385.356903,61.0863991,1.85769999,0.0250000004,50,1,0.119999997,0.550000012,0.0133333337
C16_rand_7_r0,0,437,0.226666674,0,0,4.2645998,0.044333335,0.0263333339,0.211785302,0.211778939,0,0,14,2.77199006,7.88951015,0,0,0,0,0,-2.17078304,-11.2880917,51.3386002,1.41706157,1.00933409,4.2645998,385.356903,61.0863991,1.85769999,0.0250000004,50,1,0.119999997,0.550000012,0.0133333337
C16_rand_7_r0,0,438,0.239999995,0,0,4.2645998,0.0439999998,0.0260000005,0.206911877,0.206843317,0,0,14,2.77199006,7.88951015,0,0,0,0,0,-2.17078304,-11.2880917,51.3386002,1.41706157,1.00933409,4.2645998,385.356903,61.0863991,1.85769999,0.0250000004,50,1,0.119999997,0.550000012,0.0133333337
C16_rand_7_r0,0,439,0.25333333,0,0,4.2645998,0.0436666682,0.0256666671,0.202027142,0.202001646,0,0,14,2.77199006,7.88951015,0,0,0,0,0,-2.17078304,-11.2880917,51.3386002,1.41706157,1.00933409,4.2645998,385.356903,61.0863991,1.85769999,0.0250000004,50,1,0.119999997,0.550000012,0.0133333337
C16_rand_7_r0,0,440,0.266666681,0,0,4.2645998,0.043333333,0.0253333338,0.197077394,0.19704482,0,0,14,2.77199006,7.88951015,0,0,0,0,0,-2.17078304,-11.2880917,51.3386002,1.41706157,1.00933409,4.2645998,385.356903,61.0863991,1.85769999,0.0250000004,50,1,0.119999997,0.550000012,0.0133333337
C16_rand_7_r0,0,441,0.280000001,0,0,4.2645998,0.0430000015,0.0250000004,0.192225948,0.192050055,0,0,14,2.77199006,7.88951015,0,0,0,0,0,-2.17078304,-11.2880917,51.3386002,1.41706157,1.00933409,4.2645998,385.356903,61.0863991,1.85769999,0.0250000004,50,1,0.119999997,0.550000012,0.0133333337
C16_rand_7_r0,0,442,0.293333322,0,0,4.2645998,0.0426666662,0.024666667,0.187264532,0.18722719,0,0,14,2.77199006,7.88951015,0,0,0,0,0,-2.17078304,-11.2880917,51.3386002,1.41706157,1.00933409,4.2645998,385.356903,61.0863991,1.85769999,0.0250000004,50,1,0.119999997,0.550000012,0.0133333337
C16_rand_7_r0,0,443,0.306666672,0,0,4.2645998,0.0423333347,0.0243333336,0.182375848,0.182234392,0,0,14,2.77199006,7.88951015,0,0,0,0,0,-2.17078304,-11.2880917,51.3386002,1.41706157,1.00933409,4.2645998,385.356903,61.0863991,1.85769999,0.0250000004,50,1,0.119999997,0.550000012,0.0133333337
C16_rand_7_r0,0,444,0.319999993,0,0,4.2645998,0.0419999994,0.0240000002,0.177492991,0.17741479,0,0,14,2.77199006,7.88951015,0,0,0,0,0,-2.17078304,-11.2880917,51.3386002,1.41706157,1.00933409,4.2645998,385.356903,61.0863991,1.85769999,0.0250000004,50,1,0.119999997,0.550000012,0.0133333337
C16_rand_7_r0,0,445,0.333333343,0,0,4.2645998,0.0416666679,0.0236666668,0.172586381,0.172431901,0,0,14,2.77199006,7.88951015,0,0,0,0,0,-2.17078304,-11.2880917,51.3386002,1.41706157,1.00933409,4.2645998,385.356903,61.0863991,1.85769999,0.0250000004,50,1,0.119999997,0.550000012,0.0133333337
C16_rand_7_r0,0,446,0.346666664,0,0,4.2645998,0.0413333327,0.0233333334,0.167780593,0.167621121,0,0,14,2.77199006,7.88951015,0,0,0,0,0,-2.17078304,-11.2880917,51.3386002,1.41706157,1.00933409,4.2645998,385.356903,61.0863991,1.85769999,0.0250000004,50,1,0.119999997,0.550000012,0.0133333337
C16_rand_7_r0,0,447,0.360000014,0,0,4.2645998,0.0410000011,0.023,0.162871242,0.162655383,0,0,14,2.77199006,7.88951015,0,0,0,0,0,-2.17078304,-11.2880917,51.3386002,1.41706157,1.00933409,4.2645998,385.356903,61.0863991,1.85769999,0.0250000004,50,1,0.119999997,0.550000012,0.0133333337
C16_rand_7_r0,0,448,0.373333335,0,0,4.2645998,0.0406666659,0.0226666667,0.158134341,0.157852575,0,0,14,2.77199006,7.88951015,0,0,0,0,0,-2.17078304,-11.2880917,51.3386002,1.41706157,1.00933409,4.2645998,385.356903,61.0863991,1.85769999,0.0250000004,50,1,0.119999997,0.550000012,0.0133333337
C16_rand_7_r0,0,449,0.386666656,0,0,4.2645998,0.0403333344,0.0223333333,0.153237909,0.15289855,0,0,14,2.77199006,7.88951015,0,0,0,0,0,-2.17078304,-11.2880917,51.3386002,1.41706157,1.00933409,4.2645998,385.356903,61.0863991,1.85769999,0.0250000004,50,1,0.119999997,0.550000012,0.0133333337
C16_rand_7_r0,0,450,0.400000006,0,0,4.2645998,0.0399999991,0.0219999999,0.148495317,0.14835149,0,0,14,2.77199006,7.88951015,0,0,0,0,0,-2.17078304,-11.2880917,51.3386002,1.41706157,1.00933409,4.2645998,385.356903,61.0863991,1.85769999,0.0250000004,50,1,0.119999997,0.550000012,0.0133333337
C16_rand_7_r0,0,451,0.413333327,0,0,4.2645998,0.0396666676,0.0216666665,0.143690974,0.143169671,0,0,14,2.77199006,7.88951015,0,0,0,0,0,-2.17078304,-11.2880917,51.3386002,1.41706157,1.00933409,4.2645998,385.356903,61.0863991,1.85769999,0.0250000004,50,1,0.119999997,0.550000012,0.0133333337
C16_rand_7_r0,0,452,0.426666677,0,0,4.2645998,0.0393333323,0.0213333331,0.138765782,0.138595268,0,0,14,2.77199006,7.88951015,0,0,0,0,0,-2.17078304,-11.2880917,51.3386002,1.41706157,1.00933409,4.2645998,385.356903,61.0863991,1.85769999,0.0250000004,50,1,0.119999997,0.550000012,0.0133333337
C16_rand_7_r0,0,453,0.439999998,0,0,4.2645998,0.0390000008,0.0209999997,0.133981496,0.133763999,0,0,14,2.77199006,7.88951015,0,0,0,0,0,-2.17078304,-11.2880917,51.3386002,1.41706157,1.00933409,4.2645998,385.356903,61.0863991,1.85769999,0.0250000004,50,1,0.119999997,0.550000012,0.0133333337
C16_rand_7_r0,0,454,0.453333348,0,0,4.2645998,0.0386666656,0.0206666663,0.129100472,0.128881574,0,0,14,2.77199006,7.88951015,0,0,0,0,0,-2.17078304,-11.2880917,51.3386002,1.41706157,1.00933409,4.2645998,385.356903,61.0863991,1.85769999,0.0250000004,50,1,0.119999997,0.550000012,0.0133333337
C16_rand_7_r0,0,455,0.466666669,0,0,4.2645998,0.038333334,0.0203333329,0.124315955,0.124072611,0,0,14,2.77199006,7.88951015,0,0,0,0,0,-2.17078304,-11.2880917,51.3386002,1.41706157,1.00933409,4.2645998,385.356903,61.0863991,1.85769999,0.0250000004,50,1,0.119999997,0.550000012,0.0133333337
C16_rand_7_r0,0,456,0.479999989,0,0,4.2645998,0.0379999988,0.0199999996,0.11951872,0.119222865,0,0,14,2.77199006,7.88951015,0,0,0,0,0,-2.17078304,-11.2880917,51.3386002,1.41706157,1.00933409,4.2645998,385.356903,61.0863991,1.85769999,0.0250000004,50,1,0.119999997,0.550000012,0.0133333337
C16_rand_7_r0,0,457,0.49333334,0,0,4.2645998,0.0376666673,0.0196666662,0.114687309,0.114462383,0,0,14,2.77199006,7.88951015,0,0,0,0,0,-2.17078304,-11.2880917,51.3386002,1.41706157,1.00933409,4.2645998,385.356903,61.0863991,1.85769999,0.0250000004,50,1,0.119999997,0.550000012,0.0133333337
C16_rand_7_r0,0,458,0.50666666,0,0,4.2645998,0.037333332,0.0193333328,0.109914489,0.109794341,0,0,14,2.77199006,7.88951015,0,0,0,0,0,-2.17078304,-11.2880917,51.3386002,1.41706157,1.00933409,4.2645998,385.356903,61.0863991,1.85769999,0.0250000004,50,1,0.119999997,0.550000012,0.0133333337
C16_rand_7_r0,0,459,0.519999981,0,0,4.2645998,0.0370000005,0.0189999994,0.105181739,0.104919374,0,0,14,2.77199006,7.88951015,0,0,0,0,0,-2.17078304,-11.2880917,51.3386002,1.41706157,1.00933409,4.2645998,385.356903,61.0863991,1.85769999,0.0250000004,50,1,0.119999997,0.550000012,0.0133333337
C16_rand_7_r0,0,460,0.533333361,0,0,4.2645998,0.0366666652,0.018666666,0.100342244,0.100285389,0,0,14,2.77199006,7.88951015,0,0,0,0,0,-2.17078304,-11.2880917,51.3386002,1.41706157,1.00933409,4.2645998,385.356903,61.0863991,1.85769999,0.0250000004,50,1,0.119999997,0.550000012,0.0133333337
C16_rand_7_r0,0,461,0.546666682,0,0,4.2645998,0.0363333337,0.0183333326,0.0958282277,0.0954488292,0,0,14,2.77199006,7.88951015,0,0,0,0,0,-2.17078304,-11.2880917,51.3386002,1.41706157,1.00933409,4.2645998,385.356903,61.0863991,1.85769999,0.0250000004,50,1,0.119999997,0.550000012,0.0133333337
C16_rand_7_r0,0,462,0.560000002,0,0,4.2645998,0.0359999985,0.0179999992,0.090891324,0.0908767805,0,0,14,2.77199006,7.88951015,0,0,0,0,0,-2.17078304,-11.2880917,51.3386002,1.41706157,1.00933409,4.2645998,385.356903,61.0863991,1.85769999,0.0250000004,50,1,0.119999997,0.550000012,0.0133333337
C16_rand_7_r0,0,463,0.573333323,0,0,4.2645998,0.0356666669,0.0176666658,0.0865184888,0.0860937238,0,0,14,2.77199006,7.88951015,0,0,0,0,0,-2.17078304,-11.2880917,51.3386002,1.41706157,1.00933409,4.2645998,385.356903,61.0863991,1.85769999,0.0250000004,50,1,0.119999997,0.550000012,0.0133333337
C16_rand_7_r0,0,464,0.586666644,0,0,4.2645998,0.0353333317,0.0173333324,0.0815884173,0.0815882757,0,0,14,2.77199006,7.88951015,0,0,0,0,0,-2.17078304,-11.2880917,51.3386002,1.41706157,1.00933409,4.2645998,385.356903,61.0863991,1.85769999,0.0250000004,50,1,0.119999997,0.550000012,0.0133333337
C16_rand_7_r0,0,465,0.600000024,0,0,4.2645998,0.0350000001,0.0170000009,0.0773509517,0.0768743306,0,0,14,2.77199006,7.88951015,0,0,0,0,0,-2.17078304,-11.2880917,51.3386002,1.41706157,1.00933409,4.2645998,385.356903,61.0863991,1.85769999,0.0250000004,50,1,0.119999997,0.550000012,0.0133333337
C16_rand_7_r0,0,466,0.613333344,0,0,4.2645998,0.0346666649,0.0166666675,0.0724823698,0.0724622756,0,0,14,2.77199006,7.88951015,0,0,0,0,0,-2.17078304,-11.2880917,51.3386002,1.41706157,1.00933409,4.2645998,385.356903,61.0863991,1.85769999,0.0250000004,50,1,0.119999997,0.550000012,0.0133333337
C16_rand_7_r0,0,467,0.626666665,0,0,4.2645998,0.0343333334,0.0163333341,0.0683868155,0.0678089559,0,0,14,2.77199006,7.88951015,0,0,0,0,0,-2.17078304,-11.2880917,51.3386002,1.41706157,1.00933409,4.2645998,385.356903,61.0863991,1.85769999,0.0250000004,50,1,0.119999997,0.550000012,0.0133333337
C16_rand_7_r0,0,468,0.639999986,0,0,4.2645998,0.0340000018,0.0160000008,0.063643761,0.0635368675,0,0,14,2.77199006,7.88951015,0,0,0,0,0,-2.17078304,-11.2880917,51.3386002,1.41706157,1.00933409,4.2645998,385.356903,61.0863991,1.85769999,0.0250000004,50,1,0.119999997,0.550000012,0.0133333337
C16_rand_7_r0,0,469,0.653333306,0,0,4.2645998,0.0336666666,0.0156666674,0.0596126989,0.0592814982,0,0,14,2.77199006,7.88951015,0,0,0,0,0,-2.17078304,-11.2880917,51.3386002,1.41706157,1.00933409,4.2645998,385.356903,61.0863991,1.85769999,0.0250000004,50,1,0.119999997,0.550000012,0.0133333337
C16_rand_7_r0,0,470,0.666666687,0,0,4.2645998,0.0333333351,0.0153333331,0.0551344566,0.0548341908,0,0,14,2.77199006,7.88951015,0,0,0,0,0,-2.17078304,-11.2880917,51.3386002,1.41706157,1.00933409,4.2645998,385.356903,61.0863991,1.85769999,0.0250000004,50,1,0.119999997,0.550000012,0.0133333337
C16_rand_7_r0,0,471,0.680000007,0,0,4.2645998,0.0329999998,0.0149999997,0.0510308184,0.0508161411,0,0,14,2.77199006,7.88951015,0,0,0,0,0,-2.17078304,-11.2880917,51.3386002,1.41706157,1.00933409,4.2645998,385.356903,61.0863991,1.85769999,0.0250000004,50,1,0.119999997,0.550000012,0.0133333337
C16_rand_7_r0,0,472,0.693333328,0,0,4.2645998,0.0326666683,0.0146666663,0.0471458882,0.0465403609,0,0,14,2.77199006,7.88951015,0,0,0,0,0,-2.17078304,-11.2880917,51.3386002,1.41706157,1.00933409,4.2645998,385.356903,61.0863991,1.85769999,0.0250000004,50,1,0.119999997,0.550000012,0.0133333337
C16_rand_7_r0,0,473,0.706666648,0,0.6719504,4.2645998,0.032333333,0.0143333329,0.0430242158,0.0429219492,0,1.22172797,14,2.77199006,7.88951015,0,0,0,0,0,-2.17078304,-11.2880917,51.3386002,1.41706157,1.00933409,4.2645998,385.356903,61.0863991,1.85769999,0.0250000004,50,1,0.119999997,0.550000012,0.0133333337
C16_rand_7_r0,0,474,0.720000029,0,0.974328101,4.2645998,0.0320000015,0.0140000004,0.0396456942,0.0386586413,0,1.22172797,14,2.77199006,7.88951015,0,0,0,0,0,-2.17078304,-11.2880917,51.3386002,1.41706157,1.00933409,4.2645998,385.356903,61.0863991,1.85769999,0.0250000004,50,1,0.119999997,0.550000012,0.0133333337
C16_rand_7_r0,0,475,0.733333349,0,1.11039805,4.2645998,0.0316666663,0.013666667,0.0359732918,0.0359573551,0,1.22172797,14,2.77199006,7.88951015,0,0,0,0,0,-2.17078304,-11.2880917,51.3386002,1.41706157,1.00933409,4.2645998,385.356903,61.0863991,1.85769999,0.0250000004,50,1,0.119999997,0.550000012,0.0133333337
C16_rand_7_r0,0,476,0.74666667,0,1.17162955,4.2645998,0.0313333347,0.0133333337,0.0329237953,0.0321779028,0,1.22172797,14,2.77199006,7.88951015,0,0,0,0,0,-2.17078304,-11.2880917,51.3386002,1.41706157,1.00933409,4.2645998,385.356903,61.0863991,1.85769999,0.0250000004,50,1,0.119999997,0.550000012,0.0133333337
C16_rand_7_r0,0,477,0.75999999,0,1.1991837,4.2645998,0.0309999995,0.0130000003,0.0302134193,0.0301914793,0,1.22172797,14,2.77199006,7.88951015,0,0,0,0,0,-2.17078304,-11.2880917,51.3386002,1.41706157,1.00933409,4.2645998,385.356903,61.0863991,1.85769999,0.0250000004,50,1,0.119999997,0.550000012,0.0133333337
C16_rand_7_r0,0,478,0.773333311,0,1.21158302,4.2645998,0.0306666661,0.0126666669,0.027543867,0.0268583018,0,1.22172797,14,2.77199006,7.88951015,0,0,0,0,0,-2.17078304,-11.2880917,51.3386002,1.41706157,1.00933409,4.2645998,385.356903,61.0863991,1.85769999,0.0250000004,50,1,0.119999997,0.550000012,0.0133333337
C16_rand_7_r0,0,479,0.786666691,0,1.21716273,4.2645998,0.0303333327,0.0123333335,0.0254992861,0.0247594342,0,1.22172797,14,2.77199006,7.88951015,0,0,0,0,0,-2.17078304,-11.2880917,51.3386002,1.41706157,1.00933409,4.2645998,385.356903,61.0863991,1.85769999,0.0250000004,50,1,0.119999997,0.550000012,0.0133333337
C16_rand_7_r0,0,480,0.800000012,0,1.21967363,4.2645998,0.0299999993,0.0120000001,0.0237302911,0.0227750856,0,1.22172797,14,2.77199006,7.88951015,0,0,0,0,0,-2.17078304,-11.2880917,51.3386002,1.41706157,1.00933409,4.2645998,385.356903,61.0863991,1.85769999,0.0250000004,50,1,0.119999997,0.550000012,0.0133333337
C16_rand_7_r0,0,481,0.813333333,0,1.2208035,4.2645998,0.0296666659,0.0116666667,0.0218411982,0.0211267211,0,1.22172797,14,2.77199006,7.88951015,0,0,0,0,0,-2.17078304,-11.2880917,51.3386002,1.41706157,1.00933409,4.2645998,385.356903,61.0863991,1.85769999,0.0250000004,50,1,0.119999997,0.550000012,0.0133333337
C16_rand_7_r0,0,482,0.826666653,0,1.22131205,4.2645998,0.0293333326,0.0113333333,0.0213356018,0.0196272116,0,1.22172797,14,2.77199006,7.88951015,0,0,0,0,0,-2.17078304,-11.2880917,51.3386002,1.41706157,1.00933409,4.2645998,385.356903,61.0863991,1.85769999,0.0250000004,50,1,0.119999997,0.550000012,0.0133333337
C16_rand_7_r0,0,483,0.839999974,0,1.22154081,4.2645998,0.0289999992,0.0109999999,0.0188755449,0.0186196137,0,1.22172797,14,2.77199006,7.88951015,0,0,0,0,0,-2.17078304,-11.2880917,51.3386002,1.41706157,1.00933409,4.2645998,385.356903,61.0863991,1.85769999,0.0250000004,50,1,0.119999997,0.550000012,0.0133333337
C16_rand_7_r0,0,484,0.853333354,0,1.33495426,4.2645998,0.0286666658,0.0106666666,0.0182952192,0.017465381,0.000534618914,1.42774713,14,2.77199006,7.88951015,0,0,0,0,0,-2.17078304,-11.2880917,51.3386002,1.41706157,1.00933409,4.2645998,385.356903,61.0863991,1.85769999,0.0250000004,50,1,0.119999997,0.550000012,0.0133333337
C16_rand_7_r0,0,485,0.866666675,0,1.53421235,4.2645998,0.0283333343,0.0103333332,0.0171879455,0.0167660434,0.00123395654,1.69724166,14,2.77199006,7.88951015,0,0,0,0,0,-2.17078304,-11.2880917,51.3386002,1.41706157,1.00933409,4.2645998,385.356903,61.0863991,1.85769999,0.0250000004,50,1,0.119999997,0.550000012,0.0133333337
C16_rand_7_r0,0,486,0.879999995,0,1.81545043,4.2645998,0.0280000009,0.00999999978,0.0163657311,0.0158621725,0.00213782676,2.0455544,14,2.77199006,7.88951015,1,0,0,0,0,-2.17078304,-11.2880917,51.3386002,1.41706157,1.00933409,4.2645998,385.356903,61.0863991,1.85769999,0.0250000004,50,1,0.119999997,0.550000012,0.0133333337
C16_rand_7_r0,0,487,0.893333316,0,2.05731034,4.2645998,0.0276666675,0.00966666639,0.0167981777,0.0153181544,0.00268184603,2.25519586,14,2.77199006,7.88951015,1,0,0,0,0,-2.17078304,-11.2880917,51.3386002,1.41706157,1.00933409,4.2645998,385.356903,61.0863991,1.85769999,0.0250000004,50,1,0.119999997,0.550000012,0.0133333337
C16_rand_7_r0,0,488,0.906666696,0,2.32593679,4.2645998,0.0273333341,0.009333333,0.014993499,0.0145642394,0.00343576074,2.54572201,14,2.77199006,7.88951015,1,0,0,0,0,-2.17078304,-11.2880917,51.3386002,1.41706157,1.00933409,4.2645998,385.356903,61.0863991,1.85769999,0.0250000004,50,1,0.119999997,0.550000012,0.0133333337
C16_rand_7_r0,0,489,0.920000017,0,2.66630721,4.2645998,0.0270000007,0.00899999961,0.015184409,0.0135286544,0.0044713458,2.94479203,14,2.77199006,7.88951015,1,0,0,1,0,-2.17078304,-11.2880917,51.3386002,1.41706157,1.00933409,4.2645998,385.356903,61.0863991,1.85769999,0.0250000004,50,1,0.119999997,0.550000012,0.0133333337
C16_rand_7_r0,0,490,1.10576999,1,2.82198524,4.2645998,0.0266666673,0.00866666622,0.0139894374,0.0135168051,0.00448319549,2.94935822,14,2.77199006,7.88951015,1,1,0,2,0,-1.02510285,-14.1507559,50.3347321,1.59241712,2.4162178,4.2645998,385.356903,61.0863991,1.85769999,0.0250000004,50,1,0.119999997,0.550000012,0.0133333337
C16_rand_7_r0,0,491,1.29154003,1,3.08238983,4.2645998,0.0263333339,0.00833333377,0.0137777543,0.0126187019,0.00538129825,3.2954483,14,2.77199006,7.88951015,1,1,0,3,0,-1.02510285,-14.1507559,50.3347321,1.59241712,2.4162178,4.2645998,385.356903,61.0863991,1.85769999,0.0250000004,50,1,0.119999997,0.550000012,0.0133333337
C16_rand_7_r0,0,492,1.47730994,1,3.18331885,4.2645998,0.0260000005,0.00800000038,0.0143872686,0.0126953879,0.00530461222,3.2658968,14,2.77199006,7.88951015,1,1,0,4,0,-1.02510285,-14.1507559,50.3347321,1.59241712,2.4162178,4.2645998,385.356903,61.0863991,1.85769999,0.0250000004,50,1,0.119999997,0.550000012,0.0133333337
C16_rand_7_r0,0,493,1.66307998,1,3.32396889,4.2645998,0.0256831571,0.00768315792,0.0132322703,0.0122460658,0.00575393392,3.43904614,14,2.77199006,7.88951015,1,1,0,5,0,-1.02510285,-14.1507559,50.3347321,1.59241712,2.4162178,4.2645998,385.356903,61.0863991,1.85769999,0.0250000004,50,1,0.119999997,0.550000012,0.0133333337
C16_rand_7_r0,0,494,1.84885001,1,3.44772625,4.2645998,0.0254034419,0.0074034417,0.0149083771,0.0118039306,0.00619606907,3.54898214,14,2.77199006,7.88951015,1,1,0,6,0,-1.02510285,-14.1507559,50.3347321,1.59241712,2.4162178,4.2645998,385.356903,61.0863991,1.85769999,0.0250000004,50,1,0.119999997,0.550000012,0.0133333337
C16_rand_7_r0,0,495,2.03462005,2,3.23695946,4.2645998,0.0250713658,0.00707136653,0.0137101794,0.0127080176,0.00529198209,3.06451392,14,2.77199006,7.88951015,1,1,0,7,0,-1.02736175,-12.4510746,51.3282051,1.51658773,2.04001069,4.2645998,385.356903,61.0863991,1.85769999,0.0250000004,50,1,0.119999997,0.550000012,0.0133333337
C16_rand_7_r0,0,496,2.22039008,2,3.2013669,4.2645998,0.0247380324,0.00673803315,0.0153547516,0.0129264444,0.00507355528,3.17224598,14,2.77199006,7.88951015,1,1,0,8,0,-1.02736175,-12.4510746,51.3282051,1.51658773,2.04001069,4.2645998,385.356903,61.0863991,1.85769999,0.0250000004,50,1,0.119999997,0.550000012,0.0133333337
C16_rand_7_r0,0,497,2.40616012,2,2.93955779,4.2645998,0.024404699,0.00640469976,0.0162594784,0.0140981041,0.00390189537,2.72535038,14,2.77199006,7.88951015,1,1,0,9,0,-1.02736175,-12.4510746,51.3282051,1.51658773,2.04001069,4.2645998,385.356903,61.0863991,1.85769999,0.0250000004,50,1,0.119999997,0.550000012,0.0133333337
C16_rand_7_r0,0,498,2.41949344,2,2.67216325,4.2645998,0.0240713656,0.00607136637,0.0164457094,0.014803851,0.00319614867,2.45338583,14,2.77199006,7.88951015,1,0,0,0,0,-1.02736175,-12.4510746,51.3282051,1.51658773,2.04001069,4.2645998,385.356903,61.0863991,1.85769999,0.0250000004,50,1,0.119999997,0.550000012,0.0133333337
C16_rand_7_r0,0,499,2.43282676,2,1.87442386,4.2645998,0.0237380341,0.00573803298,0.0185739249,0.0180856995,0,1.22172797,14,2.77199006,7.88951015,0,0,0,0,0,-1.02736175,-12.4510746,51.3282051,1.51658773,2.04001069,4.2645998,385.356903,61.0863991,1.85769999,0.0250000004,50,1,0.119999997,0.550000012,0.0133333337
C16_rand_7_r0,0,500,2.44616008,2,1.67897916,4.2645998,0.0234047007,0.00540469959,0.0185402203,0.0172283985,0.000771601335,1.51906991,14,2.77199006,7.88951015,0,0,0,0,0,-1.02736175,-12.4510746,51.3282051,1.51658773,2.04001069,4.2645998,385.356903,61.0863991,1.85769999,0.0250000004,50,1,0.119999997,0.550000012,0.0133333337
C16_rand_7_r0,0,501,2.4594934,2,1.42749107,4.2645998,0.0230713673,0.00507136667,0.0207381994,0.0184520502,0,1.22172797,14,2.77199006,7.88951015,0,0,0,0,0,-1.02736175,-12.4510746,51.3282051,1.51658773,2.04001069,4.2645998,385.356903,61.0863991,1.85769999,0.0250000004,50,1,0.119999997,0.550000012,0.0133333337
C16_rand_7_r0,0,502,2.47282672,2,1.3143214,4.2645998,0.0227380339,0.00473803328,0.0219042953,0.0199500248,0,1.22172797,14,2.77199006,7.88951015,0,0,0,0,0,-1.02736175,-12.4510746,51.3282051,1.51658773,2.04001069,4.2645998,385.356903,61.0863991,1.85769999,0.0250000004,50,1,0.119999997,0.550000012,0.0133333337
C16_rand_7_r0,0,503,2.48616004,2,1.26339507,4.2645998,0.0224047005,0.0044046999,0.0220994279,0.0213492978,0,1.22172797,14,2.77199006,7.88951015,0,0,0,0,0,-1.02736175,-12.4510746,51.3282051,1.51658773,2.04001069,4.2645998,385.356903,61.0863991,1.85769999,0.0250000004,50,1,0.119999997,0.550000012,0.0133333337
C16_rand_7_r0,0,504,2.49949336,2,1.24047816,4.2645998,0.0220713671,0.00407136651,0.0243608057,0.0231078416,0,1.22172797,14,2.77199006,7.88951015,0,0,0,0,0,-1.02736175,-12.4510746,51.3282051,1.51658773,2.04001069,4.2645998,385.356903,61.0863991,1.85769999,0.0250000004,50,1,0.119999997,0.550000012,0.0133333337
C16_rand_7_r0,0,505,2.51282668,2,1.2301656,4.2645998,0.0217380337,0.00373803312,0.0248160399,0.0240333304,0,1.22172797,14,2.77199006,7.88951015,0,0,0,0,0,-1.02736175,-12.4510746,51.3282051,1.51658773,2.04001069,4.2645998,385.356903,61.0863991,1.85769999,0.0250000004,50,1,0.119999997,0.550000012,0.0133333337
C16_rand_7_r0,0,506,2.52616,2,1.2255249,4.2645998,0.0214047004,0.00340469973,0.0258032773,0.0254292656,0,1.22172797,14,2.77199006,7.88951015,0,0,0,0,0,-1.02736175,-12.4510746,51.3282051,1.51658773,2.04001069,4.2645998,385.356903,61.0863991,1.85769999,0.0250000004,50,1,0.119999997,0.550000012,0.0133333337
C16_rand_7_r0,0,507,2.53949332,2,1.22343659,4.2645998,0.021071367,0.00307136658,0.0274130143,0.0271786358,0,1.22172797,14,2.77199006,7.88951015,0,0,0,0,0,-1.02736175,-12.4510746,51.3282051,1.51658773,2.04001069,4.2645998,385.356903,61.0863991,1.85769999,0.0250000004,50,1,0.119999997,0.550000012,0.0133333337
C16_rand_7_r0,0,508,2.55282664,2,1.22249687,4.2645998,0.0207380336,0.00273803319,0.0277157556,0.0274125766,0,1.22172797,14,2.77199006,7.88951015,0,0,0,0,0,-1.02736175,-12.4510746,51.3282051,1.51658773,2.04001069,4.2645998,385.356903,61.0863991,1.85769999,0.0250000004,50,1,0.119999997,0.550000012,0.0133333337
C16_rand_7_r0,0,509,2.56615996,2,1.22207403,4.2645998,0.0204047002,0.0024046998,0.0288029332,0.0285848398,0,1.22172797,14,2.77199006,7.88951015,0,0,0,0,0,-1.02736175,-12.4510746,51.3282051,1.51658773,2.04001069,4.2645998,385.356903,61.0863991,1.85769999,0.0250000004,50,1,0.119999997,0.550000012,0.0133333337
C16_rand_7_r0,0,510,2.57949328,2,1.22188365,4.2645998,0.0200713668,0.00207136641,0.0292919446,0.0290351957,0,1.22172797,14,2.77199006,7.88951015,0,0,0,0,0,-1.02736175,-12.4510746,51.3282051,1.51658773,2.04001069,4.2645998,385.356903,61.0863991,1.85769999,0.0250000004,50,1,0.119999997,0.550000012,0.0133333337
C16_rand_7_r0,0,511,2.5928266,2,1.22179806,4.2645998,0.0197380334,0.00173803314,0.030012086,0.0297985561,0,1.22172797,14,2.77199006,7.88951015,0,0,0,0,0,-1.02736175,-12.4510746,51.3282051,1.51658773,2.04001069,4.2645998,385.356903,61.0863991,1.85769999,0.0250000004,50,1,0.119999997,0.550000012,0.0133333337
C16_rand_7_r0,0,512,2.60615993,2,1.22175956,4.2645998,0.0194047,0.00140469987,0.0302725807,0.0302558281,0,1.22172797,14,2.77199006,7.88951015,0,0,0,0,0,-1.02736175,-12.4510746,51.3282051,1.51658773,2.04001069,4.2645998,385.356903,61.0863991,1.85769999,0.0250000004,50,1,0.119999997,0.550000012,0.0133333337
C16_rand_7_r0,0,513,2.61949325,2,1.22174215,4.2645998,0.0190713666,0.00107136648,0.030922262,0.0308616031,0,1.22172797,14,2.77199006,7.88951015,0,0,0,0,0,-1.02736175,-12.4510746,51.3282051,1.51658773,2.04001069,4.2645998,385.356903,61.0863991,1.85769999,0.0250000004,50,1,0.119999997,0.550000012,0.0133333337
C16_rand_7_r0,0,514,2.63282657,2,1.2217344,4.2645998,0.0187380332,0.000738033152,0.031835001,0.0311817341,0,1.22172797,14,2.77199006,7.88951015,0,0,0,0,0,-1.02736175,-12.4510746,51.3282051,1.51658773,2.04001069,4.2645998,385.356903,61.0863991,1.85769999,0.0250000004,50,1,0.119999997,0.550000012,0.0133333337
C16_rand_7_r0,0,515,2.64615989,2,1.22173083,4.2645998,0.0184046999,0.000404699822,0.0322862118,0.0315575078,0,1.22172797,14,2.77199006,7.88951015,0,0,0,0,0,-1.02736175,-12.4510746,51.3282051,1.51658773,2.04001069,4.2645998,385.356903,61.0863991,1.85769999,0.0250000004,50,1,0.119999997,0.550000012,0.0133333337
C16_rand_7_r0,0,516,2.65949345,2,1.22172928,4.2645998,0.0180713665,7.13664922e-05,0.0328001529,0.0321271084,0,1.22172797,14,2.77199006,7.88951015,0,0,0,0,0,-1.02736175,-12.4510746,51.3282051,1.51658773,2.04001069,4.2645998,385.356903,61.0863991,1.85769999,0.0250000004,50,1,0.119999997,0.550000012,0.0133333337
C16_rand_7_r0,0,517,2.67282677,2,1.22172856,4.2645998,0.0177380331,-0.000261966838,0.0331518129,0.0327382945,0,1.22172797,14,2.77199006,7.88951015,0,0,0,0,0,-1.02736175,-12.4510746,51.3282051,1.51658773,2.04001069,4.2645998,385.356903,61.0863991,1.85769999,0.0250000004,50,1,0.119999997,0.550000012,0.0133333337
C16_rand_7_r0,0,518,2.68616009,2,1.22172821,4.2645998,0.0174046997,-0.000595300167,0.0337601602,0.033703357,0,1.22172797,14,2.77199006,7.88951015,0,0,0,0,0,-1.02736175,-12.4510746,51.3282051,1.51658773,2.04001069,4.2645998,385.356903,61.0863991,1.85769999,0.0250000004,50,1,0.119999997,0.550000012,0.0133333337
C16_rand_7_r0,0,519,2.69949341,2,1.22172809,4.2645998,0.0170713663,-0.000928633497,0.0343139507,0.0341281369,0,1.22172797,14,2.77199006,7.88951015,0,0,0,0,0,-1.02736175,-12.4510746,51.3282051,1.51658773,2.04001069,4.2645998,385.356903,61.0863991,1.85769999,0.0250000004,50,1,0.119999997,0.550000012,0.0133333337
C16_rand_7_r0,0,520,2.71282673,2,1.22172809,4.2645998,0.0167380329,-0.00126196689,0.034100946,0.0336382352,0,1.22172797,14,2.77199006,7.88951015,0,0,0,0,0,-1.02736175,-12.4510746,51.3282051,1.51658773,2.04001069,4.2645998,385.356903,61.0863991,1.85769999,0.0250000004,50,1,0.119999997,0.550000012,0.0133333337
C16_rand_7_r0,0,521,2.72616005,2,1.22172797,4.2645998,0.0164046995,-0.00159530016,0.0345367976,0.0345157273,0,1.22172797,14,2.77199006,7.88951015,0,0,0,0,0,-1.02736175,-12.4510746,51.3282051,1.51658773,2.04001069,4.2645998,385.356903,61.0863991,1.85769999,0.0250000004,50,1,0.119999997,0.550000012,0.0133333337
C16_rand_7_r0,0,522,2.73949337,2,1.22172797,4.2645998,0.0160713661,-0.00192863354,0.0350550637,0.0348753259,0,1.22172797,14,2.77199006,7.88951015,0,0,0,0,0,-1.02736175,-12.4510746,51.3282051,1.51658773,2.04001069,4.2645998,385.356903,61.0863991,1.85769999,0.0250000004,50,1,0.119999997,0.550000012,0.0133333337
C16_rand_7_r0,0,523,2.75282669,2,1.22172797,4.2645998,0.0157380328,-0.00226196693,0.0346829779,0.0342244394,0,1.22172797,14,2.77199006,7.88951015,0,0,0,0,0,-1.02736175,-12.4510746,51.3282051,1.51658773,2.04001069,4.2645998,385.356903,61.0863991,1.85769999,0.0250000004,50,1,0.119999997,0.550000012,0.0133333337
C16_rand_7_r0,0,524,2.76616001,2,1.22172797,4.2645998,0.0154046994,-0.00259530009,0.0351552963,0.0349891596,0,1.22172797,14,2.77199006,7.88951015,0,0,0,0,0,-1.02736175,-12.4510746,51.3282051,1.51658773,2.04001069,4.2645998,385.356903,61.0863991,1.85769999,0.0250000004,50,1,0.119999997,0.550000012,0.0133333337
C16_rand_7_r0,0,525,2.77949333,2,1.22172797,4.2645998,0.0150713669,-0.00292863348,0.0354467109,0.0353596583,0,1.22172797,14,2.77199006,7.88951015,0,0,0,0,0,-1.02736175,-12.4510746,51.3282051,1.51658773,2.04001069,4.2645998,385.356903,61.0863991,1.85769999,0.0250000004,50,1,0.119999997,0.550000012,0.0133333337
C16_rand_7_r0,0,526,2.79282665,2,1.22172797,4.2645998,0.0147380335,-0.00326196686,0.035140194,0.0345678702,0,1.22172797,14,2.77199006,7.88951015,0,0,0,0,0,-1.02736175,-12.4510746,51.3282051,1.51658773,2.04001069,4.2645998,385.356903,61.0863991,1.85769999,0.0250000004,50,1,0.119999997,0.550000012,0.0133333337
C16_rand_7_r0,0,527,2.80615997,2,1.22172797,4.2645998,0.0144047001,-0.00359530025,0.0357714258,0.0355536789,0,1.22172797,14,2.77199006,7.88951015,0,0,0,0,0,-1.02736175,-12.4510746,51.3282051,1.51658773,2.04001069,4.2645998,385.356903,61.0863991,1.85769999,0.0250000004,50,1,0.119999997,0.550000012,0.0133333337
C16_rand_7_r0,0,528,2.81949329,2,1.22172797,4.2645998,0.0140713667,-0.00392863341,0.0356375538,0.0353106596,0,1.22172797,14,2.77199006,7.88951015,0,0,0,0,0,-1.02736175,-12.4510746,51.3282051,1.51658773,2.04001069,4.2645998,385.356903,61.0863991,1.85769999,0.0250000004,50,1,0.119999997,0.550000012,0.0133333337
C16_rand_7_r0,0,529,2.83282661,2,1.22172797,4.2645998,0.0137380334,-0.00426196679,0.0356722698,0.0355395861,0,1.22172797,14,2.77199006,7.88951015,0,0,0,0,0,-1.02736175,-12.4510746,51.3282051,1.51658773,2.04001069,4.2645998,385.356903,61.0863991,1.85769999,0.0250000004,50,1,0.119999997,0.550000012,0.0133333337
C16_rand_7_r0,0,530,2.84615993,2,1.22172797,4.2645998,0.0134047,-0.00459530018,0.0357623361,0.0353228934,0,1.22172797,14,2.77199006,7.88951015,0,0,0,0,0,-1.02736175,-12.4510746,51.3282051,1.51658773,2.04001069,4.2645998,385.356903,61.0863991,1.85769999,0.0250000004,50,1,0.119999997,0.550000012,0.0133333337
C16_rand_7_r0,0,531,2.85949326,2,1.22172797,4.2645998,0.0130713666,-0.00492863357,0.0358194746,0.0350428298,0,1.22172797,14,2.77199006,7.88951015,0,0,0,0,0,-1.02736175,-12.4510746,51.3282051,1.51658773,2.04001069,4.2645998,385.356903,61.0863991,1.85769999,0.0250000004,50,1,0.119999997,0.550000012,0.0133333337
C16_rand_7_r0,0,532,2.87282658,2,1.22172797,4.2645998,0.0127380332,-0.00526196696,0.0355980024,0.0353907868,0,1.22172797,14,2.77199006,7.88951015,0,0,0,0,0,-1.02736175,-12.4510746,51.3282051,1.51658773,2.04001069,4.2645998,385.356903,61.0863991,1.85769999,0.0250000004,50,1,0.119999997,0.550000012,0.0133333337
C16_rand_7_r0,0,533,2.8861599,2,1.22172797,4.2645998,0.0124046998,-0.00559530035,0.0354368053,0.0347769335,0,1.22172797,14,2.77199006,7.88951015,0,0,0,0,0,-1.02736175,-12.4510746,51.3282051,1.51658773,2.04001069,4.2645998,385.356903,61.0863991,1.85769999,0.0250000004,50,1,0.119999997,0.550000012,0.0133333337
C16_rand_7_r0,0,534,2.89949322,2,1.22172797,4.2645998,0.0120713664,-0.00592863373,0.0350077301,0.0349584781,0,1.22172797,14,2.77199006,7.88951015,0,0,0,0,0,-1.02736175,-12.4510746,51.3282051,1.51658773,2.04001069,4.2645998,385.356903,61.0863991,1.85769999,0.0250000004,50,1,0.119999997,0.550000012,0.0133333337
C16_rand_7_r0,0,535,2.91282678,2,1.22172797,4.2645998,0.0120000001,-0.00600000005,0.0353063121,0.0351064429,0,1.22172797,14,2.77199006,7.88951015,0,0,0,0,0,-1.02736175,-12.4510746,51.3282051,1.51658773,2.04001069,4.2645998,385.356903,61.0863991,1.85769999,0.0250000004,50,1,0.119999997,0.550000012,0.0133333337
C16_rand_7_r0,0,536,2.9261601,2,1.22172797,4.2645998,0.0120000001,-0.00600000005,0.0350234173,0.0346036889,0,1.22172797,14,2.77199006,7.88951015,0,0,0,0,0,-1.02736175,-12.4510746,51.3282051,1.51658773,2.04001069,4.2645998,385.356903,61.0863991,1.85769999,0.0250000004,50,1,0.119999997,0.550000012,0.0133333337
C16_rand_7_r0,0,537,2.93949342,2,1.22172797,4.2645998,0.0120000001,-0.00600000005,0.0353011601,0.0347942002,0,1.22172797,14,2.77199006,7.88951015,0,0,0,0,0,-1.02736175,-12.4510746,51.3282051,1.51658773,2.04001069,4.2645998,385.356903,61.0863991,1.85769999,0.0250000004,50,1,0.119999997,0.550000012,0.0133333337
C16_rand_7_r0,0,538,2.95282674,2,1.22172797,4.2645998,0.0120000001,-0.00600000005,0.0350528546,0.0345049538,0,1.22172797,14,2.77199006,7.88951015,0,0,0,0,0,-1.02736175,-12.4510746,51.3282051,1.51658773,2.04001069,4.2645998,385.356903,61.0863991,1.85769999,0.0250000004,50,1,0.119999997,0.550000012,0.0133333337
C16_rand_7_r0,0,539,2.96616006,2,1.22172797,4.2645998,0.0120000001,-0.00600000005,0.0350660235,0.0349345282,0,1.22172797,14,2.77199006,7.88951015,0,0,0,0,0,-1.02736175,-12.4510746,51.3282051,1.51658773,2.04001069,4.2645998,385.356903,61.0863991,1.85769999,0.0250000004,50,1,0.119999997,0.550000012,0.0133333337
C16_rand_7_r0,0,540,2.97949338,2,1.22172797,4.2645998,0.0120000001,-0.00600000005,0.0355040096,0.0344052352,0,1.22172797,14,2.77199006,7.88951015,0,0,0,0,0,-1.02736175,-12.4510746,51.3282051,1.51658773,2.04001069,4.2645998,385.356903,61.0863991,1.85769999,0.0250000004,50,1,0.119999997,0.550000012,0.0133333337
C16_rand_7_r0,0,541,2.9928267,2,1.22172797,4.2645998,0.0120000001,-0.00600000005,0.0351112448,0.0348796733,0,1.22172797,14,2.77199006,7.88951015,0,0,0,0,0,-1.02736175,-12.4510746,51.3282051,1.51658773,2.04001069,4.2645998,385.356903,61.0863991,1.85769999,0.0250000004,50,1,0.119999997,0.550000012,0.0133333337
C16_rand_7_r0,0,542,3.00616002,3,1.22172797,4.2645998,0.0120000001,-0.00600000005,0.0362791792,0.0359902531,0,1.22172797,14,2.77199006,7.88951015,0,0,0,0,0,1.12764883,-19.003233,53.0999451,1.41706157,25.510294,4.2645998,385.356903,61.0863991,1.85769999,0.0250000004,50,1,0.119999997,0.550000012,0.0133333337
C16_rand_7_r0,0,543,3.01949334,3,1.22172797,4.2645998,0.0120000001,-0.00600000005,0.0355698206,0.0351270586,0,1.22172797,14,2.77199006,7.88951015,0,0,0,0,0,1.12764883,-19.003233,53.0999451,1.41706157,25.510294,4.2645998,385.356903,61.0863991,1.85769999,0.0250000004,50,1,0.119999997,0.550000012,0.0133333337
C16_rand_7_r0,0,544,3.03282666,3,1.22172797,4.2645998,0.0120000001,-0.00600000005,0.0360843539,0.0355841406,0,1.22172797,14,2.77199006,7.88951015,0,0,0,0,0,1.12764883,-19.003233,53.0999451,1.41706157,25.510294,4.2645998,385.356903,61.0863991,1.85769999,0.0250000004,50,1,0.119999997,0.550000012,0.0133333337
C16_rand_7_r0,0,545,3.04615998,3,1.22172797,4.2645998,0.0120000001,-0.00600000005,0.0356958508,0.0352797657,0,1.22172797,14,2.77199006,7.88951015,0,0,0,0,0,1.12764883,-19.003233,53.0999451,1.41706157,25.510294,4.2645998,385.356903,61.0863991,1.85769999,0.0250000004,50,1,0.119999997,0.550000012,0.0133333337
C16_rand_7_r0,0,546,3.0594933,3,1.22172797,4.2645998,0.0120000001,-0.00600000005,0.0359916911,0.0357176065,0,1.22172797,14,2.77199006,7.88951015,0,0,0,0,0,1.12764883,-19.003233,53.0999451,1.41706157,25.510294,4.2645998,385.356903,61.0863991,1.85769999,0.0250000004,50,1,0.119999997,0.550000012,0.0133333337
C16_rand_7_r0,0,547,3.07282662,3,1.22172797,4.2645998,0.0120000001,-0.00600000005,0.0364040621,0.0354298726,0,1.22172797,14,2.77199006,7.88951015,0,0,0,0,0,1.12764883,-19.003233,53.0999451,1.41706157,25.510294,4.2645998,385.356903,61.0863991,1.85769999,0.0250000004,50,1,0.119999997,0.550000012,0.0133333337
C16_rand_7_r0,0,548,3.08615994,3,1.22172797,4.2645998,0.0120000001,-0.00600000005,0.0364231318,0.0358407609,0,1.22172797,14,2.77199006,7.88951015,0,0,0,0,0,1.12764883,-19.003233,53.0999451,1.41706157,25.510294,4.2645998,385.356903,61.0863991,1.85769999,0.0250000004,50,1,0.119999997,0.550000012,0.0133333337
C16_rand_7_r0,0,549,3.09949327,3,1.22172797,4.2645998,0.0120000001,-0.00600000005,0.037664853,0.0355534144,0,1.22172797,14,2.77199006,7.88951015,0,0,0,0,0,1.12764883,-19.003233,53.0999451,1.41706157,25.510294,4.2645998,385.356903,61.0863991,1.85769999,0.0250000004,50,1,0.119999997,0.550000012,0.0133333337
C16_rand_7_r0,0,550,3.11282659,3,1.22172797,4.2645998,0.0120000001,-0.00600000005,0.0371023081,0.0369737856,0,1.22172797,14,2.77199006,7.88951015,0,0,0,0,0,1.12764883,-19.003233,53.0999451,1.41706157,25.510294,4.2645998,385.356903,61.0863991,1.85769999,0.0250000004,50,1,0.119999997,0.550000012,0.0133333337
C16_rand_7_r0,0,551,3.12615991,3,1.22172797,4.2645998,0.0120000001,-0.00600000005,0.0380969904,0.036683578,0,1.22172797,14,2.77199006,7.88951015,0,0,0,0,0,1.12764883,-19.003233,53.0999451,1.41706157,25.510294,4.2645998,385.356903,61.0863991,1.85769999,0.0250000004,50,1,0.119999997,0.550000012,0.0133333337
C16_rand_7_r0,0,552,3.13949323,3,1.22172797,4.2645998,0.0120000001,-0.00600000005,0.0370403007,0.0370123163,0,1.22172797,14,2.77199006,7.88951015,0,0,0,0,0,1.12764883,-19.003233,53.0999451,1.41706157,25.510294,4.2645998,385.356903,61.0863991,1.85769999,0.0250000004,50,1,0.119999997,0.550000012,0.0133333337
C16_rand_7_r0,0,553,3.15282655,3,1.22172797,4.2645998,0.0120000001,-0.00600000005,0.0384914875,0.0372770876,0,1.22172797,14,2.77199006,7.88951015,0,0,0,0,0,1.12764883,-19.003233,53.0999451,1.41706157,25.510294,4.2645998,385.356903,61.0863991,1.85769999,0.0250000004,50,1,0.119999997,0.550000012,0.0133333337
C16_rand_7_r0,0,554,3.16616011,3,1.22172797,4.2645998,0.0120000001,-0.00600000005,0.0374268293,0.0369613729,0,1.22172797,14,2.77199006,7.88951015,0,0,0,0,0,1.12764883,-19.003233,53.0999451,1.41706157,25.510294,4.2645998,385.356903,61.0863991,1.85769999,0.0250000004,50,1,0.119999997,0.550000012,0.0133333337
C16_rand_7_r0,0,555,3.17949343,3,1.22172797,4.2645998,0.0120000001,-0.00600000005,0.0387116224,0.0371621512,0,1.22172797,14,2.77199006,7.88951015,0,0,0,0,0,1.12764883,-19.003233,53.0999451,1.41706157,25.510294,4.2645998,385.356903,61.0863991,1.85769999,0.0250000004,50,1,0.119999997,0.550000012,0.0133333337
C16_rand_7_r0,0,556,3.19282675,3,1.22172797,4.2645998,0.0120000001,-0.00600000005,0.0380237065,0.0377272889,0,1.22172797,14,2.77199006,7.88951015,0,0,0,0,0,1.12764883,-19.003233,53.0999451,1.41706157,25.510294,4.2645998,385.356903,61.0863991,1.85769999,0.0250000004,50,1,0.119999997,0.550000012,0.0133333337
C16_rand_7_r0,0,557,3.20616007,3,1.22172797,4.2645998,0.0120000001,-0.00600000005,0.0384468809,0.0378685929,0,1.22172797,14,2.77199006,7.88951015,0,0,0,0,0,1.12764883,-19.003233,53.0999451,1.41706157,25.510294,4.2645998,385.356903,61.0863991,1.85769999,0.0250000004,50,1,0.119999997,0.550000012,0.0133333337
C16_rand_7_r0,0,558,3.21949339,3,1.22172797,4.2645998,0.0120000001,-0.00600000005,0.0377439931,0.0374861844,0,1.22172797,14,2.77199006,7.88951015,0,0,0,0,0,1.12764883,-19.003233,53.0999451,1.41706157,25.510294,4.2645998,385.356903,61.0863991,1.85769999,0.0250000004,50,1,0.119999997,0.550000012,0.0133333337
C16_rand_7_r0,0,559,3.23282671,3,1.22172797,4.2645998,0.0120000001,-0.00600000005,0.0380348675,0.0375647061,0,1.22172797,14,2.77199006,7.88951015,0,0,0,0,0,1.12764883,-19.003233,53.0999451,1.41706157,25.510294,4.2645998,385.356903,61.0863991,1.85769999,0.0250000004,50,1,0.119999997,0.550000012,0.0133333337
C16_rand_7_r0,0,560,3.24616003,3,1.22172797,4.2645998,0.0120000001,-0.00600000005,0.0379046127,0.0371425338,0,1.22172797,14,2.77199006,7.88951015,0,0,0,0,0,1.12764883,-19.003233,53.0999451,1.41706157,25.510294,4.2645998,385.356903,61.0863991,1.85769999,0.0250000004,50,1,0.119999997,0.550000012,0.0133333337
C16_rand_7_r0,0,561,3.25949335,3,1.22172797,4.2645998,0.0120000001,-0.00600000005,0.0380009301,0.0371624343,0,1.22172797,14,2.77199006,7.88951015,0,0,0,0,0,1.12764883,-19.003233,53.0999451,1.41706157,25.510294,4.2645998,385.356903,61.0863991,1.85769999,0.0250000004,50,1,0.119999997,0.550000012,0.0133333337
C16_rand_7_r0,0,562,3.27282667,3,1.22172797,4.2645998,0.0120000001,-0.00600000005,0.0382948406,0.0377030671,0,1.22172797,14,2.77199006,7.88951015,0,0,0,0,0,1.12764883,-19.003233,53.0999451,1.41706157,25.510294,4.2645998,385.356903,61.0863991,1.85769999,0.0250000004,50,1,0.119999997,0.550000012,0.0133333337
C16_rand_7_r0,0,563,3.28615999,3,1.22172797,4.2645998,0.0120000001,-0.00600000005,0.0379556529,0.0376617089,0,1.22172797,14,2.77199006,7.88951015,0,0,0,0,0,1.12764883,-19.003233,53.0999451,1.41706157,25.510294,4.2645998,385.356903,61.0863991,1.85769999,0.0250000004,50,1,0.119999997,0.550000012,0.0133333337
C16_rand_7_r0,0,564,3.29949331,3,1.22172797,4.2645998,0.0120000001,-0.00600000005,0.0377623476,0.0371762738,0,1.22172797,14,2.77199006,7.88951015,0,0,0,0,0,1.12764883,-19.003233,53.0999451,1.41706157,25.510294,4.2645998,385.356903,61.0863991,1.85769999,0.0250000004,50,1,0.119999997,0.550000012,0.0133333337
C16_rand_7_r0,0,565,3.31282663,3,1.22172797,4.2645998,0.0120000001,-0.00600000005,0.0372404121,0.0370675437,0,1.22172797,14,2.77199006,7.88951015,0,0,0,0,0,1.12764883,-19.003233,53.0999451,1.41706157,25.510294,4.2645998,385.356903,61.0863991,1.85769999,0.0250000004,50,1,0.119999997,0.550000012,0.0133333337
C16_rand_7_r0,0,566,3.32615995,3,1.22172797,4.2645998,0.0120000001,-0.00600000005,0.0376749188,0.0365513414,0,1.22172797,14,2.77199006,7.88951015,0,0,0,0,0,1.12764883,-19.003233,53.0999451,1.41706157,25.510294,4.2645998,385.356903,61.0863991,1.85769999,0.0250000004,50,1,0.119999997,0.550000012,0.0133333337
C16_rand_7_r0,0,567,3.33949327,3,1.22172797,4.2645998,0.0120000001,-0.00600000005,0.0369135886,0.0363788009,0,1.22172797,14,2.77199006,7.88951015,0,0,0,0,0,1.12764883,-19.003233,53.0999451,1.41706157,25.510294,4.2645998,385.356903,61.0863991,1.85769999,0.0250000004,50,1,0.119999997,0.550000012,0.0133333337
C16_rand_7_r0,0,568,3.3528266,3,1.22172797,4.2645998,0.0120000001,-0.00600000005,0.0372167341,0.0371324532,0,1.22172797,14,2.77199006,7.88951015,0,0,0,0,0,1.12764883,-19.003233,53.0999451,1.41706157,25.510294,4.2645998,385.356903,61.0863991,1.85769999,0.0250000004,50,1,0.119999997,0.550000012,0.0133333337
C16_rand_7_r0,0,569,3.36615992,3,1.22172797,4.2645998,0.0120000001,-0.00600000005,0.0369108468,0.0366641618,0,1.22172797,14,2.77199006,7.88951015,0,0,0,0,0,1.12764883,-19.003233,53.0999451,1.41706157,25.510294,4.2645998,385.356903,61.0863991,1.85769999,0.0250000004,50,1,0.119999997,0.550000012,0.0133333337
C16_rand_7_r0,0,570,3.37949324,3,1.22172797,4.2645998,0.0120000001,-0.00600000005,0.0363495126,0.0362616815,0,1.22172797,14,2.77199006,7.88951015,0,0,0,0,0,1.12764883,-19.003233,53.0999451,1.41706157,25.510294,4.2645998,385.356903,61.0863991,1.85769999,0.0250000004,50,1,0.119999997,0.550000012,0.0133333337
C16_rand_7_r0,0,571,3.39282656,3,1.22172797,4.2645998,0.0120000001,-0.00600000005,0.0358510539,0.0357895456,0,1.22172797,14,2.77199006,7.88951015,0,0,0,0,0,1.12764883,-19.003233,53.0999451,1.41706157,25.510294,4.2645998,385.356903,61.0863991,1.85769999,0.0250000004,50,1,0.119999997,0.550000012,0.0133333337
C16_rand_7_r0,0,572,3.40616012,3,1.22172797,4.2645998,0.0120000001,-0.00600000005,0.0356160626,0.0352909081,0,1.22172797,14,2.77199006,7.88951015,0,0,0,0,0,1.12764883,-19.003233,53.0999451,1.41706157,25.510294,4.2645998,385.356903,61.0863991,1.85769999,0.0250000004,50,1,0.119999997,0.550000012,0.0133333337
C16_rand_7_r0,0,573,3.41949344,3,1.22172797,4.2645998,0.0120000001,-0.00600000005,0.0352012403,0.0348210447,0,1.22172797,14,2.77199006,7.88951015,0,0,0,0,0,1.12764883,-19.003233,53.0999451,1.41706157,25.510294,4.2645998,385.356903,61.0863991,1.85769999,0.0250000004,50,1,0.119999997,0.550000012,0.0133333337
C16_rand_7_r0,0,574,3.43282676,3,1.22172797,4.2645998,0.0120000001,-0.00600000005,0.0350472778,0.0342330709,0,1.22172797,14,2.77199006,7.88951015,0,0,0,0,0,1.12764883,-19.003233,53.0999451,1.41706157,25.510294,4.2645998,385.356903,61.0863991,1.85769999,0.0250000004,50,1,0.119999997,0.550000012,0.0133333337
C16_rand_7_r0,0,575,3.44616008,3,1.22172797,4.2645998,0.0120000001,-0.00600000005,0.0350038148,0.0337682441,0,1.22172797,14,2.77199006,7.88951015,0,0,0,0,0,1.12764883,-19.003233,53.0999451,1.41706157,25.510294,4.2645998,385.356903,61.0863991,1.85769999,0.0250000004,50,1,0.119999997,0.550000012,0.0133333337
C16_rand_7_r0,0,576,3.4594934,3,1.22172797,4.2645998,0.0120000001,-0.00600000005,0.0340496004,0.0337277912,0,1.22172797,14,2.77199006,7.88951015,0,0,0,0,0,1.12764883,-19.003233,53.0999451,1.41706157,25.510294,4.2645998,385.356903,61.0863991,1.85769999,0.0250000004,50,1,0.119999997,0.550000012,0.0133333337
C16_rand_7_r0,0,577,3.47282672,3,1.22172797,4.2645998,0.0120000001,-0.00600000005,0.0336697772,0.0336302929,0,1.22172797,14,2.77199006,7.88951015,0,0,0,0,0,1.12764883,-19.003233,53.0999451,1.41706157,25.510294,4.2645998,385.356903,61.0863991,1.85769999,0.0250000004,50,1,0.119999997,0.550000012,0.0133333337
C16_rand_7_r0,0,578,3.48616004,3,1.22172797,4.2645998,0.0120000001,-0.00600000005,0.0327163897,0.0325047374,0,1.22172797,14,2.77199006,7.88951015,0,0,0,0,0,1.12764883,-19.003233,53.0999451,1.41706157,25.510294,4.2645998,385.356903,61.0863991,1.85769999,0.0250000004,50,1,0.119999997,0.550000012,0.0133333337
C16_rand_7_r0,0,579,3.49949336,3,1.22172797,4.2645998,0.0120000001,-0.00600000005,0.0327024944,0.0324067622,0,1.22172797,14,2.77199006,7.88951015,0,0,0,0,0,1.12764883,-19.003233,53.0999451,1.41706157,25.510294,4.2645998,385.356903,61.0863991,1.85769999,0.0250000004,50,1,0.119999997,0.550000012,0.0133333337
C16_rand_7_r0,0,580,3.51282668,3,1.22172797,4.2645998,0.0120000001,-0.00600000005,0.0315442756,0.0311867986,0,1.22172797,14,2.77199006,7.88951015,0,0,0,0,0,1.12764883,-19.003233,53.0999451,1.41706157,25.510294,4.2645998,385.356903,61.0863991,1.85769999,0.0250000004,50,1,0.119999997,0.550000012,0.0133333337
C16_rand_7_r0,0,581,3.52616,3,1.22172797,4.2645998,0.0120000001,-0.00600000005,0.0319368318,0.0306251515,0,1.22172797,14,2.77199006,7.88951015,0,0,0,0,0,1.12764883,-19.003233,53.0999451,1.41706157,25.510294,4.2645998,385.356903,61.0863991,1.85769999,0.0250000004,50,1,0.119999997,0.550000012,0.0133333337
C16_rand_7_r0,0,582,3.53949332,3,1.22172797,4.2645998,0.0120000001,-0.00600000005,0.0305709057,0.0297885388,0,1.22172797,14,2.77199006,7.88951015,0,0,0,0,0,1.12764883,-19.003233,53.0999451,1.41706157,25.510294,4.2645998,385.356903,61.0863991,1.85769999,0.0250000004,50,1,0.119999997,0.550000012,0.0133333337
C16_rand_7_r0,0,583,3.55282664,3,1.22172797,4.2645998,0.0120000001,-0.00600000005,0.031088898,0.0301436316,0,1.22172797,14,2.77199006,7.88951015,0,0,0,0,0,1.12764883,-19.003233,53.0999451,1.41706157,25.510294,4.2645998,385.356903,61.0863991,1.85769999,0.0250000004,50,1,0.119999997,0.550000012,0.0133333337
C16_rand_7_r0,0,584,3.56615996,3,1.22172797,4.2645998,0.0120000001,-0.00600000005,0.0298270658,0.0283029154,0,1.22172797,14,2.77199006,7.88951015,0,0,0,0,0,1.12764883,-19.003233,53.0999451,1.41706157,25.510294,4.2645998,385.356903,61.0863991,1.85769999,0.0250000004,50,1,0.119999997,0.550000012,0.0133333337
C16_rand_7_r0,0,585,3.57949328,3,1.22172797,4.2645998,0.0120000001,-0.00600000005,0.0294088423,0.0286370609,0,1.22172797,14,2.77199006,7.88951015,0,0,0,0,0,1.12764883,-19.003233,53.0999451,1.41706157,25.510294,4.2645998,385.356903,61.0863991,1.85769999,0.0250000004,50,1,0.119999997,0.550000012,0.0133333337
C16_rand_7_r0,0,586,3.5928266,3,1.22172797,4.2645998,0.0120000001,-0.00600000005,0.0280045643,0.0277093202,0,1.22172797,14,2.77199006,7.88951015,0,0,0,0,0,1.12764883,-19.003233,53.0999451,1.41706157,25.510294,4.2645998,385.356903,61.0863991,1.85769999,0.0250000004,50,1,0.119999997,0.550000012,0.0133333337
C16_rand_7_r0,0,587,3.60615993,3,1.22172797,4.2645998,0.0120000001,-0.00600000005,0.027853271,0.0270452276,0,1.22172797,14,2.77199006,7.88951015,0,0,0,0,0,1.12764883,-19.003233,53.0999451,1.41706157,25.510294,4.2645998,385.356903,61.0863991,1.85769999,0.0250000004,50,1,0.119999997,0.550000012,0.0133333337
C16_rand_7_r0,0,588,3.61949325,3,1.22172797,4.2645998,0.0120000001,-0.00600000005,0.0263239853,0.0260715317,0,1.22172797,14,2.77199006,7.88951015,0,0,0,0,0,1.12764883,-19.003233,53.0999451,1.41706157,25.510294,4.2645998,385.356903,61.0863991,1.85769999,0.0250000004,50,1,0.119999997,0.550000012,0.0133333337
C16_rand_7_r0,0,589,3.63282657,3,1.22172797,4.2645998,0.0120000001,-0.00600000005,0.0264620669,0.0253703557,0,1.22172797,14,2.77199006,7.88951015,0,0,0,0,0,1.12764883,-19.003233,53.0999451,1.41706157,25.510294,4.2645998,385.356903,61.0863991,1.85769999,0.0250000004,50,1,0.119999997,0.550000012,0.0133333337
C16_rand_7_r0,0,590,3.64615989,3,1.22172797,4.2645998,0.0120000001,-0.00600000005,0.0248814672,0.0243624486,0,1.22172797,14,2.77199006,7.88951015,0,0,0,0,0,1.12764883,-19.003233,53.0999451,1.41706157,25.510294,4.2645998,385.356903,61.0863991,1.85769999,0.0250000004,50,1,0.119999997,0.550000012,0.0133333337
C16_rand_7_r0,0,591,3.65949345,3,1.22172797,4.2645998,0.0120000001,-0.00600000005,0.025282301,0.0235989392,0,1.22172797,14,2.77199006,7.88951015,0,0,0,0,0,1.12764883,-19.003233,53.0999451,1.41706157,25.510294,4.2645998,385.356903,61.0863991,1.85769999,0.0250000004,50,1,0.119999997,0.550000012,0.0133333337
C16_rand_7_r0,0,592,3.67282677,3,1.22172797,4.2645998,0.0120000001,-0.00600000005,0.023723159,0.0225854293,0,1.22172797,14,2.77199006,7.88951015,0,0,0,0,0,1.12764883,-19.003233,53.0999451,1.41706157,25.510294,4.2645998,385.356903,61.0863991,1.85769999,0.0250000004,50,1,0.119999997,0.550000012,0.0133333337
C16_rand_7_r0,0,593,3.68616009,3,1.22172797,4.2645998,0.0120000001,-0.00600000005,0.0243668128,0.0217551291,0,1.22172797,14,2.77199006,7.88951015,0,0,0,0,0,1.12764883,-19.003233,53.0999451,1.41706157,25.510294,4.2645998,385.356903,61.0863991,1.85769999,0.0250000004,50,1,0.119999997,0.550000012,0.0133333337
C16_rand_7_r0,0,594,3.69949341,3,1.22172797,4.2645998,0.0120000001,-0.00600000005,0.0222634245,0.0218187012,0,1.22172797,14,2.77199006,7.88951015,0,0,0,0,0,1.12764883,-19.003233,53.0999451,1.41706157,25.510294,4.2645998,385.356903,61.0863991,1.85769999,0.0250000004,50,1,0.119999997,0.550000012,0.0133333337
C16_rand_7_r0,0,595,3.71282673,3,1.22172797,4.2645998,0.0120000001,-0.00600000005,0.0225096531,0.0224479754,0,1.22172797,14,2.77199006,7.88951015,0,0,0,0,0,1.12764883,-19.003233,53.0999451,1.41706157,25.510294,4.2645998,385.356903,61.0863991,1.85769999,0.0250000004,50,1,0.119999997,0.550000012,0.0133333337
C16_rand_7_r0,0,596,3.72616005,3,1.22172797,4.2645998,0.0120000001,-0.00600000005,0.0199445859,0.0198533684,0,1.22172797,14,2.77199006,7.88951015,0,0,0,0,0,1.12764883,-19.003233,53.0999451,1.41706157,25.510294,4.2645998,385.356903,61.0863991,1.85769999,0.0250000004,50,1,0.119999997,0.550000012,0.0133333337
C16_rand_7_r0,0,597,3.73949337,3,1.22172797,4.2645998,0.0120000001,-0.00600000005,0.020571081,0.02042838,0,1.22172797,14,2.77199006,7.88951015,0,0,0,0,0,1.12764883,-19.003233,53.0999451,1.41706157,25.510294,4.2645998,385.356903,61.0863991,1.85769999,0.0250000004,50,1,0.119999997,0.550000012,0.0133333337
C16_rand_7_r0,0,598,3.75282669,3,1.26734138,4.2645998,0.0120000001,-0.00600000005,0.0178880561,0.0177847873,0.00021521216,1.30466151,14,2.77199006,7.88951015,0,0,0,0,0,1.12764883,-19.003233,53.0999451,1.41706157,25.510294,4.2645998,385.356903,61.0863991,1.85769999,0.0250000004,50,1,0.119999997,0.550000012,0.0133333337
C16_rand_7_r0,0,599,3.76616001,3,1.24225402,4.2645998,0.0120000001,-0.00600000005,0.0188364144,0.018634554,0,1.22172797,14,2.77199006,7.88951015,0,0,0,0,0,1.12764883,-19.003233,53.0999451,1.41706157,25.510294,4.2645998,385.356903,61.0863991,1.85769999,0.0250000004,50,1,0.119999997,0.550000012,0.0133333337
C16_rand_7_r0,0,600,3.77949333,3,1.7366699,4.2645998,0.0120000001,-0.00600000005,0.0162559804,0.0156139936,0.00238600629,2.14119196,14,2.77199006,7.88951015,1,0,0,0,0,1.12764883,-19.003233,53.0999451,1.41706157,25.510294,4.2645998,385.356903,61.0863991,1.85769999,0.0250000004,50,1,0.119999997,0.550000012,0.0133333337
C16_rand_7_r0,0,601,3.79282665,3,1.7911787,4.2645998,0.0120000001,-0.00600000005,0.0164202508,0.0164065454,0.00159345462,1.83577669,14,2.77199006,7.88951015,0,0,0,0,0,1.12764883,-19.003233,53.0999451,1.41706157,25.510294,4.2645998,385.356903,61.0863991,1.85769999,0.0250000004,50,1,0.119999997,0.550000012,0.0133333337
C16_rand_7_r0,0,602,3.80615997,3,2.46360493,4.2645998,0.0120000001,-0.00600000005,0.0152652264,0.0133496514,0.00465034833,3.01377201,14,2.77199006,7.88951015,1,0,0,1,0,1.12764883,-19.003233,53.0999451,1.41706157,25.510294,4.2645998,385.356903,61.0863991,1.85769999,0.0250000004,50,1,0.119999997,0.550000012,0.0133333337
C16_rand_7_r0,0,603,3.81949329,3,2.60904574,4.2645998,0.0120000001,-0.00600000005,0.0143239675,0.0140911173,0.00390888285,2.72804284,14,2.77199006,7.88951015,1,0,0,0,0,1.12764883,-19.003233,53.0999451,1.41706157,25.510294,4.2645998,385.356903,61.0863991,1.85769999,0.0250000004,50,1,0.119999997,0.550000012,0.0133333337
C16_rand_7_r0,0,604,3.83282661,3,3.05440426,4.2645998,0.0120000001,-0.00600000005,0.0131545803,0.0122986352,0.00570136448,3.41878819,14,2.77199006,7.88951015,1,1,0,1,0,1.12764883,-19.003233,53.0999451,1.41706157,25.510294,4.2645998,385.356903,61.0863991,1.85769999,0.0250000004,50,1,0.119999997,0.550000012,0.0133333337
C16_rand_7_r0,0,605,4.01859665,4,3.53293061,4.2645998,0.0120000001,-0.00600000005,0.0124923307,0.010986439,0.0070135612,3.92445207,14,2.77199006,7.88951015,1,1,0,2,0,0.585551381,-2.42814994,27.7033787,1.4739337,36.5838928,4.2645998,385.356903,61.0863991,1.85769999,0.0250000004,50,1,0.119999997,0.550000012,0.0133333337
C16_rand_7_r0,0,606,4.20436668,4,3.82179165,4.2645998,0.0120000001,-0.00600000005,0.0109148202,0.00993061345,0.00806938671,4.05813265,14,2.77199006,7.88951015,1,1,0,3,0,0.585551381,-2.42814994,27.7033787,1.4739337,36.5838928,4.2645998,385.356903,61.0863991,1.85769999,0.0250000004,50,1,0.119999997,0.550000012,0.0133333337
C16_rand_7_r0,0,607,4.39013672,4,3.69328117,4.2645998,0.0120000001,-0.00600000005,0.0103064748,0.0102689322,0.00773106795,3.5881362,14,2.77199006,7.88951015,1,1,0,4,0,0.585551381,-2.42814994,27.7033787,1.4739337,36.5838928,4.2645998,385.356903,61.0863991,1.85769999,0.0250000004,50,1,0.119999997,0.550000012,0.0133333337
C16_rand_7_r0,0,608,4.57590675,4,3.97175288,4.2645998,0.0120000001,-0.00600000005,0.00990819279,0.00887483824,0.00912516098,4.19959307,14,2.77199006,7.88951015,1,1,0,5,0,0.585551381,-2.42814994,27.7033787,1.4739337,36.5838928,4.2645998,385.356903,61.0863991,1.85769999,0.0250000004,50,1,0.119999997,0.550000012,0.0133333337
C16_rand_7_r0,0,609,4.76167679,4,4.08417559,4.2645998,0.0120000001,-0.00600000005,0.00918540452,0.00823204126,0.00976795889,4.17615843,14,2.77199006,7.88951015,1,1,0,6,0,0.585551381,-2.42814994,27.7033787,1.4739337,36.5838928,4.2645998,385.356903,61.0863991,1.85769999,0.0250000004,50,1,0.119999997,0.550000012,0.0133333337
C16_rand_7_r0,0,610,4.94744682,4,4.18609285,4.2645998,0.0120000001,-0.00600000005,0.00798387825,0.00757558364,0.0104244165,4.26947975,14,2.77199006,7.88951015,1,1,0,7,0,0.585551381,-2.42814994,27.7033787,1.4739337,36.5838928,4.2645998,385.356903,61.0863991,1.85769999,0.0250000004,50,1,0.119999997,0.550000012,0.0133333337
C16_rand_7_r0,0,611,5.13321686,5,4.16615248,4.2645998,0.0120000001,-0.00600000005,0.00757859135,0.00754774362,0.0104522565,4.14983749,14,2.77199006,7.88951015,1,1,0,8,0,2.56295323,-27.8485661,64.1635284,1.20853078,37.7974205,4.2645998,385.356903,61.0863991,1.85769999,0.0250000004,50,1,0.119999997,0.550000012,0.0133333337
C16_rand_7_r0,0,612,5.31898689,5,4.48104858,4.2645998,0.0120546427,-0.00594535749,0.00612872792,0.00601596804,0.0119840316,4.73869085,14,2.77199006,7.88951015,1,1,0,9,0,2.56295323,-27.8485661,64.1635284,1.20853078,37.7974205,4.2645998,385.356903,61.0863991,1.85769999,0.0250000004,50,1,0.119999997,0.550000012,0.0133333337
C16_rand_7_r0,0,613,5.50475645,5,4.41528511,4.2645998,0.0121056065,-0.00589439366,0.00785389636,0.00616226625,0.0118377339,4.36147833,14,2.77199006,7.88951015,1,1,0,10,0,2.56295323,-27.8485661,64.1635284,1.20853078,37.7974205,4.2645998,385.356903,61.0863991,1.85769999,0.0250000004,50,1,0.119999997,0.550000012,0.0133333337
C16_rand_7_r0,0,614,5.69052649,5,4.33366156,4.2645998,0.0121332845,-0.00586671615,0.00676334184,0.0064427373,0.0115572624,4.2668786,14,2.77199006,7.88951015,1,1,0,11,0,2.56295323,-27.8485661,64.1635284,1.20853078,37.7974205,4.2645998,385.356903,61.0863991,1.85769999,0.0250000004,50,1,0.119999997,0.550000012,0.0133333337
C16_rand_7_r0,0,615,5.87629652,5,4.47369957,4.2645998,0.0121959802,-0.00580401998,0.00751359621,0.00583018968,0.01216981,4.58827639,14,2.77199006,7.88951015,1,1,0,12,0,2.56295323,-27.8485661,64.1635284,1.20853078,37.7974205,4.2645998,385.356903,61.0863991,1.85769999,0.0250000004,50,1,0.119999997,0.550000012,0.0133333337
C16_rand_7_r0,0,616,6.06206656,6,4.45338726,4.2645998,0.0122588705,-0.00574112963,0.00673339935,0.00589028886,0.0121097118,4.43676758,14,2.77199006,7.88951015,1,1,0,13,0,-1.147627,-3.86439943,26.3769836,1.36966825,59.0717125,4.2645998,385.356903,61.0863991,1.85769999,0.0250000004,50,1,0.119999997,0.550000012,0.0133333337
C16_rand_7_r0,0,617,6.24783659,6,3.98720145,4.2645998,0.0121922968,-0.0058077029,0.00816681981,0.00804486219,0.00995513797,3.60577679,14,2.77199006,7.88951015,1,1,0,14,0,-1.147627,-3.86439943,26.3769836,1.36966825,59.0717125,4.2645998,385.356903,61.0863991,1.85769999,0.0250000004,50,1,0.119999997,0.550000012,0.0133333337
C16_rand_7_r0,0,618,6.43360662,6,4.60691786,4.2645998,0.01227629,-0.00572371017,0.00578616327,0.00536248181,0.0126375183,5.11395884,14,2.77199006,7.88951015,1,1,0,15,0,-1.147627,-3.86439943,26.3769836,1.36966825,59.0717125,4.2645998,385.356903,61.0863991,1.85769999,0.0250000004,50,1,0.119999997,0.550000012,0.0133333337
C16_rand_7_r0,0,619,6.61937666,6,4.00965834,4.2645998,0.0122194709,-0.00578052877,0.00811555516,0.0080641713,0.00993582793,3.52099109,14,2.77199006,7.88951015,1,1,0,16,0,-1.147627,-3.86439943,26.3769836,1.36966825,59.0717125,4.2645998,385.356903,61.0863991,1.85769999,0.0250000004,50,1,0.119999997,0.550000012,0.0133333337
C16_rand_7_r0,0,620,6.80514669,6,4.09039116,4.2645998,0.0121616106,-0.00583838951,0.00784298219,0.00775444414,0.010245556,4.1564455,14,2.77199006,7.88951015,1,1,0,17,0,-1.147627,-3.86439943,26.3769836,1.36966825,59.0717125,4.2645998,385.356903,61.0863991,1.85769999,0.0250000004,50,1,0.119999997,0.550000012,0.0133333337
C16_rand_7_r0,0,621,6.99091673,6,4.23534966,4.2645998,0.0121438419,-0.00585615821,0.00812854804,0.0072518317,0.0107481685,4.35395241,14,2.77199006,7.88951015,1,1,0,18,0,-1.147627,-3.86439943,26.3769836,1.36966825,59.0717125,4.2645998,385.356903,61.0863991,1.85769999,0.0250000004,50,1,0.119999997,0.550000012,0.0133333337
C16_rand_7_r0,0,622,7.17668676,7,4.29462814,4.2645998,0.0121492213,-0.00585077843,0.00855773408,0.00689859409,0.0111014061,4.3431282,14,2.77199006,7.88951015,1,1,0,19,0,3.37463093,-98.1288376,84.9433289,1.1327014,56.3047752,4.2645998,385.356903,61.0863991,1.85769999,0.0250000004,50,1,0.119999997,0.550000012,0.0133333337
C16_rand_7_r0,1,1044,0.0133333337,0,0,4.2645998,0.0496666655,0.0316666663,0.273504645,0.271306425,0,0,14,2.77199006,7.88951015,0,0,0,0,0,-2.17078304,-11.2880917,51.3386002,1.41706157,1.00933409,4.2645998,385.356903,61.0863991,1.85769999,0.0250000004,50,1,0.119999997,0.550000012,0.0133333337
C16_rand_7_r0,1,1045,0.0266666673,0,0,4.2645998,0.049333334,0.0313333347,0.270414978,0.268036366,0,0,14,2.77199006,7.88951015,0,0,0,0,0,-2.17078304,-11.2880917,51.3386002,1.41706157,1.00933409,4.2645998,385.356903,61.0863991,1.85769999,0.0250000004,50,1,0.119999997,0.550000012,0.0133333337
C16_rand_7_r0,1,1046,0.0399999991,0,0,4.2645998,0.0489999987,0.0309999995,0.266198665,0.263978034,0,0,14,2.77199006,7.88951015,0,0,0,0,0,-2.17078304,-11.2880917,51.3386002,1.41706157,1.00933409,4.2645998,385.356903,61.0863991,1.85769999,0.0250000004,50,1,0.119999997,0.550000012,0.0133333337
C16_rand_7_r0,1,1047,0.0533333346,0,0,4.2645998,0.0486666672,0.0306666661,0.261467874,0.259320676,0,0,14,2.77199006,7.88951015,0,0,0,0,0,-2.17078304,-11.2880917,51.3386002,1.41706157,1.00933409,4.2645998,385.356903,61.0863991,1.85769999,0.0250000004,50,1,0.119999997,0.550000012,0.0133333337
C16_rand_7_r0,1,1048,0.0666666701,0,0,4.2645998,0.0483333319,0.0303333327,0.256952196,0.2547791,0,0,14,2.77199006,7.88951015,0,0,0,0,0,-2.17078304,-11.2880917,51.3386002,1.41706157,1.00933409,4.2645998,385.356903,61.0863991,1.85769999,0.0250000004,50,1,0.119999997,0.550000012,0.0133333337
C16_rand_7_r0,1,1049,0.0799999982,0,0,4.2645998,0.0480000004,0.0299999993,0.251882762,0.249975279,0,0,14,2.77199006,7.88951015,0,0,0,0,0,-2.17078304,-11.2880917,51.3386002,1.41706157,1.00933409,4.2645998,385.356903,61.0863991,1.85769999,0.0250000004,50,1,0.119999997,0.550000012,0.0133333337
C16_rand_7_r0,1,1050,0.0933333337,0,0,4.2645998,0.0476666652,0.0296666659,0.24726598,0.245159879,0,0,14,2.77199006,7.88951015,0,0,0,0,0,-2.17078304,-11.2880917,51.3386002,1.41706157,1.00933409,4.2645998,385.356903,61.0863991,1.85769999,0.0250000004,50,1,0.119999997,0.550000012,0.0133333337
C16_rand_7_r0,1,1051,0.106666669,0,0,4.2645998,0.0473333336,0.0293333326,0.242353842,0.240628973,0,0,14,2.77199006,7.88951015,0,0,0,0,0,-2.17078304,-11.2880917,51.3386002,1.41706157,1.00933409,4.2645998,385.356903,61.0863991,1.85769999,0.0250000004,50,1,0.119999997,0.550000012,0.0133333337
C16_rand_7_r0,1,1052,0.119999997,0,0,4.2645998,0.0469999984,0.0289999992,0.237561464,0.235843509,0,0,14,2.77199006,7.88951015,0,0,0,0,0,-2.17078304,-11.2880917,51.3386002,1.41706157,1.00933409,4.2645998,385.356903,61.0863991,1.85769999,0.0250000004,50,1,0.119999997,0.550000012,0.0133333337
C16_rand_7_r0,1,1053,0.13333334,0,0,4.2645998,0.0466666669,0.0286666658,0.233480051,0.227841496,0,0,14,2.77199006,7.88951015,0,0,0,0,0,-2.17078304,-11.2880917,51.3386002,1.41706157,1.00933409,4.2645998,385.356903,61.0863991,1.85769999,0.0250000004,50,1,0.119999997,0.550000012,0.0133333337
C16_rand_7_r0,1,1054,0.146666661,0,0,4.2645998,0.0463333316,0.0283333343,0.227988988,0.226594135,0,0,14,2.77199006,7.88951015,0,0,0,0,0,-2.17078304,-11.2880917,51.3386002,1.41706157,1.00933409,4.2645998,385.356903,61.0863991,1.85769999,0.0250000004,50,1,0.119999997,0.550000012,0.0133333337
C16_rand_7_r0,1,1055,0.159999996,0,0,4.2645998,0.0460000001,0.0280000009,0.223785773,0.218775555,0,0,14,2.77199006,7.88951015,0,0,0,0,0,-2.17078304,-11.2880917,51.3386002,1.41706157,1.00933409,4.2645998,385.356903,61.0863991,1.85769999,0.0250000004,50,1,0.119999997,0.550000012,0.0133333337
C16_rand_7_r0,1,1056,0.173333332,0,0,4.2645998,0.0456666648,0.0276666675,0.218558639,0.217414588,0,0,14,2.77199006,7.88951015,0,0,0,0,0,-2.17078304,-11.2880917,51.3386002,1.41706157,1.00933409,4.2645998,385.356903,61.0863991,1.85769999,0.0250000004,50,1,0.119999997,0.550000012,0.0133333337
C16_rand_7_r0,1,1057,0.186666667,0,0,4.2645998,0.0453333333,0.0273333341,0.214171767,0.209878221,0,0,14,2.77199006,7.88951015,0,0,0,0,0,-2.17078304,-11.2880917,51.3386002,1.41706157,1.00933409,4.2645998,385.356903,61.0863991,1.85769999,0.0250000004,50,1,0.119999997,0.550000012,0.0133333337
C16_rand_7_r0,1,1058,0.200000003,0,0,4.2645998,0.0450000018,0.0270000007,0.209327996,0.205254033,0,0,14,2.77199006,7.88951015,0,0,0,0,0,-2.17078304,-11.2880917,51.3386002,1.41706157,1.00933409,4.2645998,385.356903,61.0863991,1.85769999,0.0250000004,50,1,0.119999997,0.550000012,0.0133333337
C16_rand_7_r0,1,1059,0.213333338,0,0,4.2645998,0.0446666665,0.0266666673,0.204764009,0.199261576,0,0,14,2.77199006,7.88951015,0,0,0,0,0,-2.17078304,-11.2880917,51.3386002,1.41706157,1.00933409,4.2645998,385.356903,61.0863991,1.85769999,0.0250000004,50,1,0.119999997,0.550000012,0.0133333337
C16_rand_7_r0,1,1060,0.226666674,0,0,4.2645998,0.044333335,0.0263333339,0.199581608,0.196375594,0,0,14,2.77199006,7.88951015,0,0,0,0,0,-2.17078304,-11.2880917,51.3386002,1.41706157,1.00933409,4.2645998,385.356903,61.0863991,1.85769999,0.0250000004,50,1,0.119999997,0.550000012,0.0133333337
C16_rand_7_r0,1,1061,0.239999995,0,0,4.2645998,0.0439999998,0.0260000005,0.195073783,0.190558076,0,0,14,2.77199006,7.88951015,0,0,0,0,0,-2.17078304,-11.2880917,51.3386002,1.41706157,1.00933409,4.2645998,385.356903,61.0863991,1.85769999,0.0250000004,50,1,0.119999997,0.550000012,0.0133333337
C16_rand_7_r0,1,1062,0.25333333,0,0,4.2645998,0.0436666682,0.0256666671,0.189930543,0.187501162,0,0,14,2.77199006,7.88951015,0,0,0,0,0,-2.17078304,-11.2880917,51.3386002,1.41706157,1.00933409,4.2645998,385.356903,61.0863991,1.85769999,0.0250000004,50,1,0.119999997,0.550000012,0.0133333337
C16_rand_7_r0,1,1063,0.266666681,0,0,4.2645998,0.043333333,0.0253333338,0.185310468,0.182844624,0,0,14,2.77199006,7.88951015,0,0,0,0,0,-2.17078304,-11.2880917,51.3386002,1.41706157,1.00933409,4.2645998,385.356903,61.0863991,1.85769999,0.0250000004,50,1,0.119999997,0.550000012,0.0133333337
C16_rand_7_r0,1,1064,0.280000001,0,0,4.2645998,0.0430000015,0.0250000004,0.1803893,0.178547382,0,0,14,2.77199006,7.88951015,0,0,0,0,0,-2.17078304,-11.2880917,51.3386002,1.41706157,1.00933409,4.2645998,385.356903,61.0863991,1.85769999,0.0250000004,50,1,0.119999997,0.550000012,0.0133333337
C16_rand_7_r0,1,1065,0.293333322,0,0,4.2645998,0.0426666662,0.024666667,0.175527409,0.173839122,0,0,14,2.77199006,7.88951015,0,0,0,0,0,-2.17078304,-11.2880917,51.3386002,1.41706157,1.00933409,4.2645998,385.356903,61.0863991,1.85769999,0.0250000004,50,1,0.119999997,0.550000012,0.0133333337
C16_rand_7_r0,1,1066,0.306666672,0,0,4.2645998,0.0423333347,0.0243333336,0.171078429,0.168221354,0,0,14,2.77199006,7.88951015,0,0,0,0,0,-2.17078304,-11.2880917,51.3386002,1.41706157,1.00933409,4.2645998,385.356903,61.0863991,1.85769999,0.0250000004,50,1,0.119999997,0.550000012,0.0133333337
C16_rand_7_r0,1,1067,0.319999993,0,0,4.2645998,0.0419999994,0.0240000002,0.165864885,0.164780542,0,0,14,2.77199006,7.88951015,0,0,0,0,0,-2.17078304,-11.2880917,51.3386002,1.41706157,1.00933409,4.2645998,385.356903,61.0863991,1.85769999,0.0250000004,50,1,0.119999997,0.550000012,0.0133333337
C16_rand_7_r0,1,1068,0.333333343,0,0,4.2645998,0.0416666679,0.0236666668,0.161402792,0.160084173,0,0,14,2.77199006,7.88951015,0,0,0,0,0,-2.17078304,-11.2880917,51.3386002,1.41706157,1.00933409,4.2645998,385.356903,61.0863991,1.85769999,0.0250000004,50,1,0.119999997,0.550000012,0.0133333337
C16_rand_7_r0,1,1069,0.346666664,0,0,4.2645998,0.0413333327,0.0233333334,0.156348109,0.155659273,0,0,14,2.77199006,7.88951015,0,0,0,0,0,-2.17078304,-11.2880917,51.3386002,1.41706157,1.00933409,4.2645998,385.356903,61.0863991,1.85769999,0.0250000004,50,1,0.119999997,0.550000012,0.0133333337
C16_rand_7_r0,1,1070,0.360000014,0,0,4.2645998,0.0410000011,0.023,0.15161258,0.150916234,0,0,14,2.77199006,7.88951015,0,0,0,0,0,-2.17078304,-11.2880917,51.3386002,1.41706157,1.00933409,4.2645998,385.356903,61.0863991,1.85769999,0.0250000004,50,1,0.119999997,0.550000012,0.0133333337
C16_rand_7_r0,1,1071,0.373333335,0,0,4.2645998,0.0406666659,0.0226666667,0.147150576,0.145472974,0,0,14,2.77199006,7.88951015,0,0,0,0,0,-2.17078304,-11.2880917,51.3386002,1.41706157,1.00933409,4.2645998,385.356903,61.0863991,1.85769999,0.0250000004,50,1,0.119999997,0.550000012,0.0133333337
C16_rand_7_r0,1,1072,0.386666656,0,0,4.2645998,0.0403333344,0.0223333333,0.141993344,0.141728193,0,0,14,2.77199006,7.88951015,0,0,0,0,0,-2.17078304,-11.2880917,51.3386002,1.41706157,1.00933409,4.2645998,385.356903,61.0863991,1.85769999,0.0250000004,50,1,0.119999997,0.550000012,0.0133333337
C16_rand_7_r0,1,1073,0.400000006,0,0,4.2645998,0.0399999991,0.0219999999,0.137587488,0.137020469,0,0,14,2.77199006,7.88951015,0,0,0,0,0,-2.17078304,-11.2880917,51.3386002,1.41706157,1.00933409,4.2645998,385.356903,61.0863991,1.85769999,0.0250000004,50,1,0.119999997,0.550000012,0.0133333337
C16_rand_7_r0,1,1074,0.413333327,0,0,4.2645998,0.0396666676,0.0216666665,0.132593095,0.132491633,0,0,14,2.77199006,7.88951015,0,0,0,0,0,-2.17078304,-11.2880917,51.3386002,1.41706157,1.00933409,4.2645998,385.356903,61.0863991,1.85769999,0.0250000004,50,1,0.119999997,0.550000012,0.0133333337
C16_rand_7_r0,1,1075,0.426666677,0,0,4.2645998,0.0393333323,0.0213333331,0.127890438,0.127746657,0,0,14,2.77199006,7.88951015,0,0,0,0,0,-2.17078304,-11.2880917,51.3386002,1.41706157,1.00933409,4.2645998,385.356903,61.0863991,1.85769999,0.0250000004,50,1,0.119999997,0.550000012,0.0133333337
C16_rand_7_r0,1,1076,0.439999998,0,0,4.2645998,0.0390000008,0.0209999997,0.123368047,0.122494169,0,0,14,2.77199006,7.88951015,0,0,0,0,0,-2.17078304,-11.2880917,51.3386002,1.41706157,1.00933409,4.2645998,385.356903,61.0863991,1.85769999,0.0250000004,50,1,0.119999997,0.550000012,0.0133333337
C16_rand_7_r0,1,1077,0.453333348,0,0,4.2645998,0.0386666656,0.0206666663,0.118471213,0.118470341,0,0,14,2.77199006,7.88951015,0,0,0,0,0,-2.17078304,-11.2880917,51.3386002,1.41706157,1.00933409,4.2645998,385.356903,61.0863991,1.85769999,0.0250000004,50,1,0.119999997,0.550000012,0.0133333337
C16_rand_7_r0,1,1078,0.466666669,0,0,4.2645998,0.038333334,0.0203333329,0.11408107,0.113805883,0,0,14,2.77199006,7.88951015,0,0,0,0,0,-2.17078304,-11.2880917,51.3386002,1.41706157,1.00933409,4.2645998,385.356903,61.0863991,1.85769999,0.0250000004,50,1,0.119999997,0.550000012,0.0133333337
C16_rand_7_r0,1,1079,0.479999989,0,0,4.2645998,0.0379999988,0.0199999996,0.109413669,0.108733498,0,0,14,2.77199006,7.88951015,0,0,0,0,0,-2.17078304,-11.2880917,51.3386002,1.41706157,1.00933409,4.2645998,385.356903,61.0863991,1.85769999,0.0250000004,50,1,0.119999997,0.550000012,0.0133333337
C16_rand_7_r0,1,1080,0.49333334,0,0,4.2645998,0.0376666673,0.0196666662,0.104740791,0.104627334,0,0,14,2.77199006,7.88951015,0,0,0,0,0,-2.17078304,-11.2880917,51.3386002,1.41706157,1.00933409,4.2645998,385.356903,61.0863991,1.85769999,0.0250000004,50,1,0.119999997,0.550000012,0.0133333337
C16_rand_7_r0,1,1081,0.50666666,0,0,4.2645998,0.037333332,0.0193333328,0.100209303,0.099656947,0,0,14,2.77199006,7.88951015,0,0,0,0,0,-2.17078304,-11.2880917,51.3386002,1.41706157,1.00933409,4.2645998,385.356903,61.0863991,1.85769999,0.0250000004,50,1,0.119999997,0.550000012,0.0133333337
C16_rand_7_r0,1,1082,0.519999981,0,0,4.2645998,0.0370000005,0.0189999994,0.095844619,0.0956421643,0,0,14,2.77199006,7.88951015,0,0,0,0,0,-2.17078304,-11.2880917,51.3386002,1.41706157,1.00933409,4.2645998,385.356903,61.0863991,1.85769999,0.0250000004,50,1,0.119999997,0.550000012,0.0133333337
C16_rand_7_r0,1,1083,0.533333361,0,0,4.2645998,0.0366666652,0.018666666,0.0915333107,0.0908237025,0,0,14,2.77199006,7.88951015,0,0,0,0,0,-2.17078304,-11.2880917,51.3386002,1.41706157,1.00933409,4.2645998,385.356903,61.0863991,1.85769999,0.0250000004,50,1,0.119999997,0.550000012,0.0133333337
C16_rand_7_r0,1,1084,0.546666682,0,0,4.2645998,0.0363333337,0.0183333326,0.0871125832,0.0866092667,0,0,14,2.77199006,7.88951015,0,0,0,0,0,-2.17078304,-11.2880917,51.3386002,1.41706157,1.00933409,4.2645998,385.356903,61.0863991,1.85769999,0.0250000004,50,1,0.119999997,0.550000012,0.0133333337
C16_rand_7_r0,1,1085,0.560000002,0,0,4.2645998,0.0359999985,0.0179999992,0.0831346363,0.0827681571,0,0,14,2.77199006,7.88951015,0,0,0,0,0,-2.17078304,-11.2880917,51.3386002,1.41706157,1.00933409,4.2645998,385.356903,61.0863991,1.85769999,0.0250000004,50,1,0.119999997,0.550000012,0.0133333337
C16_rand_7_r0,1,1086,0.573333323,0,0,4.2645998,0.0356666669,0.0176666658,0.0788562149,0.0783906057,0,0,14,2.77199006,7.88951015,0,0,0,0,0,-2.17078304,-11.2880917,51.3386002,1.41706157,1.00933409,4.2645998,385.356903,61.0863991,1.85769999,0.0250000004,50,1,0.119999997,0.550000012,0.0133333337
C16_rand_7_r0,1,1087,0.586666644,0,0,4.2645998,0.0353333317,0.0173333324,0.0752706826,0.0748321339,0,0,14,2.77199006,7.88951015,0,0,0,0,0,-2.17078304,-11.2880917,51.3386002,1.41706157,1.00933409,4.2645998,385.356903,61.0863991,1.85769999,0.0250000004,50,1,0.119999997,0.550000012,0.0133333337
C16_rand_7_r0,1,1088,0.600000024,0,0,4.2645998,0.0350000001,0.0170000009,0.0713405758,0.0707801282,0,0,14,2.77199006,7.88951015,0,0,0,0,0,-2.17078304,-11.2880917,51.3386002,1.41706157,1.00933409,4.2645998,385.356903,61.0863991,1.85769999,0.0250000004,50,1,0.119999997,0.550000012,0.0133333337
C16_rand_7_r0,1,1089,0.613333344,0,0,4.2645998,0.0346666649,0.0166666675,0.0680609643,0.0675261319,0,0,14,2.77199006,7.88951015,0,0,0,0,0,-2.17078304,-11.2880917,51.3386002,1.41706157,1.00933409,4.2645998,385.356903,61.0863991,1.85769999,0.0250000004,50,1,0.119999997,0.550000012,0.0133333337
C16_rand_7_r0,1,1090,0.626666665,0,0,4.2645998,0.0343333334,0.0163333341,0.0645526722,0.0638171807,0,0,14,2.77199006,7.88951015,0,0,0,0,0,-2.17078304,-11.2880917,51.3386002,1.41706157,1.00933409,4.2645998,385.356903,61.0863991,1.85769999,0.0250000004,50,1,0.119999997,0.550000012,0.0133333337
C16_rand_7_r0,1,1091,0.639999986,0,0,4.2645998,0.0340000018,0.0160000008,0.0614036061,0.0606177524,0,0,14,2.77199006,7.88951015,0,0,0,0,0,-2.17078304,-11.2880917,51.3386002,1.41706157,1.00933409,4.2645998,385.356903,61.0863991,1.85769999,0.0250000004,50,1,0.119999997,0.550000012,0.0133333337
C16_rand_7_r0,1,1092,0.653333306,0,0,4.2645998,0.0336666666,0.0156666674,0.0584423728,0.0574758425,0,0,14,2.77199006,7.88951015,0,0,0,0,0,-2.17078304,-11.2880917,51.3386002,1.41706157,1.00933409,4.2645998,385.356903,61.0863991,1.85769999,0.0250000004,50,1,0.119999997,0.550000012,0.0133333337
C16_rand_7_r0,1,1093,0.666666687,0,0,4.2645998,0.0333333351,0.0153333331,0.0554044545,0.0545593202,0,0,14,2.77199006,7.88951015,0,0,0,0,0,-2.17078304,-11.2880917,51.3386002,1.41706157,1.00933409,4.2645998,385.356903,61.0863991,1.85769999,0.0250000004,50,1,0.119999997,0.550000012,0.0133333337
C16_rand_7_r0,1,1094,0.680000007,0,0,4.2645998,0.0329999998,0.0149999997,0.0526260138,0.0519235432,0,0,14,2.77199006,7.88951015,0,0,0,0,0,-2.17078304,-11.2880917,51.3386002,1.41706157,1.00933409,4.2645998,385.356903,61.0863991,1.85769999,0.0250000004,50,1,0.119999997,0.550000012,0.0133333337
C16_rand_7_r0,1,1095,0.693333328,0,0,4.2645998,0.0326666683,0.0146666663,0.0498488992,0.0492906421,0,0,14,2.77199006,7.88951015,0,0,0,0,0,-2.17078304,-11.2880917,51.3386002,1.41706157,1.00933409,4.2645998,385.356903,61.0863991,1.85769999,0.0250000004,50,1,0.119999997,0.550000012,0.0133333337
C16_rand_7_r0,1,1096,0.706666648,0,0,4.2645998,0.032333333,0.0143333329,0.047323063,0.0466903672,0,0,14,2.77199006,7.88951015,0,0,0,0,0,-2.17078304,-11.2880917,51.3386002,1.41706157,1.00933409,4.2645998,385.356903,61.0863991,1.85769999,0.0250000004,50,1,0.119999997,0.550000012,0.0133333337
C16_rand_7_r0,1,1097,0.720000029,0,0.6719504,4.2645998,0.0320000015,0.0140000004,0.0448079519,0.0443362519,0,1.22172797,14,2.77199006,7.88951015,0,0,0,0,0,-2.17078304,-11.2880917,51.3386002,1.41706157,1.00933409,4.2645998,385.356903,61.0863991,1.85769999,0.0250000004,50,1,0.119999997,0.550000012,0.0133333337
C16_rand_7_r0,1,1098,0.733333349,0,0.974328101,4.2645998,0.0316666663,0.013666667,0.0425468832,0.0419867449,0,1.22172797,14,2.77199006,7.88951015,0,0,0,0,0,-2.17078304,-11.2880917,51.3386002,1.41706157,1.00933409,4.2645998,385.356903,61.0863991,1.85769999,0.0250000004,50,1,0.119999997,0.550000012,0.0133333337
C16_rand_7_r0,1,1099,0.74666667,0,1.11039805,4.2645998,0.0313333347,0.0133333337,0.0402978472,0.0399100557,0,1.22172797,14,2.77199006,7.88951015,0,0,0,0,0,-2.17078304,-11.2880917,51.3386002,1.41706157,1.00933409,4.2645998,385.356903,61.0863991,1.85769999,0.0250000004,50,1,0.119999997,0.550000012,0.0133333337
C16_rand_7_r0,1,1100,0.75999999,0,1.17162955,4.2645998,0.0309999995,0.0130000003,0.0383114852,0.03712558,0,1.22172797,14,2.77199006,7.88951015,0,0,0,0,0,-2.17078304,-11.2880917,51.3386002,1.41706157,1.00933409,4.2645998,385.356903,61.0863991,1.85769999,0.0250000004,50,1,0.119999997,0.550000012,0.0133333337
C16_rand_7_r0,1,1101,0.773333311,0,1.1991837,4.2645998,0.0306666661,0.0126666669,0.0358097963,0.0350324735,0,1.22172797,14,2.77199006,7.88951015,0,0,0,0,0,-2.17078304,-11.2880917,51.3386002,1.41706157,1.00933409,4.2645998,385.356903,61.0863991,1.85769999,0.0250000004,50,1,0.119999997,0.550000012,0.0133333337
C16_rand_7_r0,1,1102,0.786666691,0,1.21158302,4.2645998,0.0303333327,0.0123333335,0.0346004926,0.0341576487,0,1.22172797,14,2.77199006,7.88951015,0,0,0,0,0,-2.17078304,-11.2880917,51.3386002,1.41706157,1.00933409,4.2645998,385.356903,61.0863991,1.85769999,0.0250000004,50,1,0.119999997,0.550000012,0.0133333337
C16_rand_7_r0,1,1103,0.800000012,0,1.21716273,4.2645998,0.0299999993,0.0120000001,0.0318565369,0.0312234592,0,1.22172797,14,2.77199006,7.88951015,0,0,0,0,0,-2.17078304,-11.2880917,51.3386002,1.41706157,1.00933409,4.2645998,385.356903,61.0863991,1.85769999,0.0250000004,50,1,0.119999997,0.550000012,0.0133333337
C16_rand_7_r0,1,1104,0.813333333,0,1.21967363,4.2645998,0.0296666659,0.0116666667,0.0308653265,0.0295250583,0,1.22172797,14,2.77199006,7.88951015,0,0,0,0,0,-2.17078304,-11.2880917,51.3386002,1.41706157,1.00933409,4.2645998,385.356903,61.0863991,1.85769999,0.0250000004,50,1,0.119999997,0.550000012,0.0133333337
C16_rand_7_r0,1,1105,0.826666653,0,1.2208035,4.2645998,0.0293333326,0.0113333333,0.0291364435,0.027970165,0,1.22172797,14,2.77199006,7.88951015,0,0,0,0,0,-2.17078304,-11.2880917,51.3386002,1.41706157,1.00933409,4.2645998,385.356903,61.0863991,1.85769999,0.0250000004,50,1,0.119999997,0.550000012,0.0133333337
C16_rand_7_r0,1,1106,0.839999974,0,1.22131205,4.2645998,0.0289999992,0.0109999999,0.0272146408,0.0265734289,0,1.22172797,14,2.77199006,7.88951015,0,0,0,0,0,-2.17078304,-11.2880917,51.3386002,1.41706157,1.00933409,4.2645998,385.356903,61.0863991,1.85769999,0.0250000004,50,1,0.119999997,0.550000012,0.0133333337
C16_rand_7_r0,1,1107,0.853333354,0,1.22154081,4.2645998,0.0286666658,0.0106666666,0.0274966229,0.0271976795,0,1.22172797,14,2.77199006,7.88951015,0,0,0,0,0,-2.17078304,-11.2880917,51.3386002,1.41706157,1.00933409,4.2645998,385.356903,61.0863991,1.85769999,0.0250000004,50,1,0.119999997,0.550000012,0.0133333337
C16_rand_7_r0,1,1108,0.866666675,0,1.22164381,4.2645998,0.0283333343,0.0103333332,0.024708299,0.0241523534,0,1.22172797,14,2.77199006,7.88951015,0,0,0,0,0,-2.17078304,-11.2880917,51.3386002,1.41706157,1.00933409,4.2645998,385.356903,61.0863991,1.85769999,0.0250000004,50,1,0.119999997,0.550000012,0.0133333337
C16_rand_7_r0,1,1109,0.879999995,0,1.22169006,4.2645998,0.0280000009,0.00999999978,0.0247114599,0.0231210869,0,1.22172797,14,2.77199006,7.88951015,0,0,0,0,0,-2.17078304,-11.2880917,51.3386002,1.41706157,1.00933409,4.2645998,385.356903,61.0863991,1.85769999,0.0250000004,50,1,0.119999997,0.550000012,0.0133333337
C16_rand_7_r0,1,1110,0.893333316,0,1.22171092,4.2645998,0.0276666675,0.00966666639,0.0233987831,0.02222085,0,1.22172797,14,2.77199006,7.88951015,0,0,0,0,0,-2.17078304,-11.2880917,51.3386002,1.41706157,1.00933409,4.2645998,385.356903,61.0863991,1.85769999,0.0250000004,50,1,0.119999997,0.550000012,0.0133333337
C16_rand_7_r0,1,1111,0.906666696,0,1.22172034,4.2645998,0.0273333341,0.009333333,0.0222576093,0.0214434192,0,1.22172797,14,2.77199006,7.88951015,0,0,0,0,0,-2.17078304,-11.2880917,51.3386002,1.41706157,1.00933409,4.2645998,385.356903,61.0863991,1.85769999,0.0250000004,50,1,0.119999997,0.550000012,0.0133333337
C16_rand_7_r0,1,1112,0.920000017,0,1.22172451,4.2645998,0.0270000007,0.00899999961,0.0229192898,0.0226523541,0,1.22172797,14,2.77199006,7.88951015,0,0,0,0,0,-2.17078304,-11.2880917,51.3386002,1.41706157,1.00933409,4.2645998,385.356903,61.0863991,1.85769999,0.0250000004,50,1,0.119999997,0.550000012,0.0133333337
C16_rand_7_r0,1,1113,0.933333337,0,1.22172642,4.2645998,0.0266666673,0.00866666622,0.0207982846,0.0201698951,0,1.22172797,14,2.77199006,7.88951015,0,0,0,0,0,-2.17078304,-11.2880917,51.3386002,1.41706157,1.00933409,4.2645998,385.356903,61.0863991,1.85769999,0.0250000004,50,1,0.119999997,0.550000012,0.0133333337
C16_rand_7_r0,1,1114,0.946666658,0,1.22172725,4.2645998,0.0263333339,0.00833333377,0.0214758888,0.0199256465,0,1.22172797,14,2.77199006,7.88951015,0,0,0,0,0,-2.17078304,-11.2880917,51.3386002,1.41706157,1.00933409,4.2645998,385.356903,61.0863991,1.85769999,0.0250000004,50,1,0.119999997,0.550000012,0.0133333337
C16_rand_7_r0,1,1115,0.959999979,0,1.22172773,4.2645998,0.0260000005,0.00800000038,0.0202744622,0.0192169342,0,1.22172797,14,2.77199006,7.88951015,0,0,0,0,0,-2.17078304,-11.2880917,51.3386002,1.41706157,1.00933409,4.2645998,385.356903,61.0863991,1.85769999,0.0250000004,50,1,0.119999997,0.550000012,0.0133333337
C16_rand_7_r0,1,1116,0.973333359,0,1.22172785,4.2645998,0.0256666671,0.00766666653,0.0203823652,0.0190708544,0,1.22172797,14,2.77199006,7.88951015,0,0,0,0,0,-2.17078304,-11.2880917,51.3386002,1.41706157,1.00933409,4.2645998,385.356903,61.0863991,1.85769999,0.0250000004,50,1,0.119999997,0.550000012,0.0133333337
C16_rand_7_r0,1,1117,0.986666679,0,1.22172797,4.2645998,0.0253333338,0.00733333314,0.0205491483,0.0185206626,0,1.22172797,14,2.77199006,7.88951015,0,0,0,0,0,-2.17078304,-11.2880917,51.3386002,1.41706157,1.00933409,4.2645998,385.356903,61.0863991,1.85769999,0.0250000004,50,1,0.119999997,0.550000012,0.0133333337
C16_rand_7_r0,1,1118,1,0,1.22172797,4.2645998,0.0250000004,0.00700000022,0.0194287337,0.018291967,0,1.22172797,14,2.77199006,7.88951015,0,0,0,0,0,-2.17078304,-11.2880917,51.3386002,1.41706157,1.00933409,4.2645998,385.356903,61.0863991,1.85769999,0.0250000004,50,1,0.119999997,0.550000012,0.0133333337
C16_rand_7_r0,1,1119,1.01333332,1,1.22172797,4.2645998,0.024666667,0.00666666683,0.020489607,0.0183269307,0,1.22172797,14,2.77199006,7.88951015,0,0,0,0,0,-1.02510285,-14.1507559,50.3347321,1.59241712,2.4162178,4.2645998,385.356903,61.0863991,1.85769999,0.0250000004,50,1,0.119999997,0.550000012,0.0133333337
C16_rand_7_r0,1,1120,1.02666664,1,1.25130761,4.2645998,0.0243333336,0.00633333344,0.0190389212,0.0178604387,0.000139561962,1.27550912,14,2.77199006,7.88951015,0,0,0,0,0,-1.02510285,-14.1507559,50.3347321,1.59241712,2.4162178,4.2645998,385.356903,61.0863991,1.85769999,0.0250000004,50,1,0.119999997,0.550000012,0.0133333337
C16_rand_7_r0,1,1121,1.03999996,1,1.25460589,4.2645998,0.0240000002,0.00600000005,0.019556554,0.0179076791,9.23205807e-05,1.25730443,14,2.77199006,7.88951015,0,0,0,0,0,-1.02510285,-14.1507559,50.3347321,1.59241712,2.4162178,4.2645998,385.356903,61.0863991,1.85769999,0.0250000004,50,1,0.119999997,0.550000012,0.0133333337
C16_rand_7_r0,1,1122,1.05333328,1,1.34055495,4.2645998,0.0236666668,0.00566666666,0.0191460922,0.0175091587,0.000490841223,1.41087711,14,2.77199006,7.88951015,0,0,0,0,0,-1.02510285,-14.1507559,50.3347321,1.59241712,2.4162178,4.2645998,385.356903,61.0863991,1.85769999,0.0250000004,50,1,0.119999997,0.550000012,0.0133333337
C16_rand_7_r0,1,1123,1.06666672,1,1.36944711,4.2645998,0.0233333334,0.00533333328,0.019173203,0.0175553262,0.000444673613,1.39308608,14,2.77199006,7.88951015,0,0,0,0,0,-1.02510285,-14.1507559,50.3347321,1.59241712,2.4162178,4.2645998,385.356903,61.0863991,1.85769999,0.0250000004,50,1,0.119999997,0.550000012,0.0133333337
C16_rand_7_r0,1,1124,1.08000004,1,1.4602077,4.2645998,0.023,0.00499999989,0.0196137838,0.0171884447,0.000811555074,1.53446639,14,2.77199006,7.88951015,0,0,0,0,0,-1.02510285,-14.1507559,50.3347321,1.59241712,2.4162178,4.2645998,385.356903,61.0863991,1.85769999,0.0250000004,50,1,0.119999997,0.550000012,0.0133333337
C16_rand_7_r0,1,1125,1.09333336,1,1.49363422,4.2645998,0.0226666667,0.0046666665,0.019261986,0.0172234327,0.000776566449,1.52098322,14,2.77199006,7.88951015,0,0,0,0,0,-1.02510285,-14.1507559,50.3347321,1.59241712,2.4162178,4.2645998,385.356903,61.0863991,1.85769999,0.0250000004,50,1,0.119999997,0.550000012,0.0133333337
C16_rand_7_r0,1,1126,1.10666668,1,1.34408581,4.2645998,0.0223333333,0.00433333311,0.0197669454,0.0187925622,0,1.22172797,14,2.77199006,7.88951015,0,0,0,0,0,-1.02510285,-14.1507559,50.3347321,1.59241712,2.4162178,4.2645998,385.356903,61.0863991,1.85769999,0.0250000004,50,1,0.119999997,0.550000012,0.0133333337
C16_rand_7_r0,1,1127,1.12,1,1.5339247,4.2645998,0.0219999999,0.00400000019,0.0189086869,0.0167867877,0.00121321168,1.68924749,14,2.77199006,7.88951015,0,0,0,0,0,-1.02510285,-14.1507559,50.3347321,1.59241712,2.4162178,4.2645998,385.356903,61.0863991,1.85769999,0.0250000004,50,1,0.119999997,0.550000012,0.0133333337
C16_rand_7_r0,1,1128,1.13333333,1,1.61110711,4.2645998,0.0216666665,0.00366666657,0.0195153356,0.0168256909,0.00117430976,1.67425632,14,2.77199006,7.88951015,0,0,0,0,0,-1.02510285,-14.1507559,50.3347321,1.59241712,2.4162178,4.2645998,385.356903,61.0863991,1.85769999,0.0250000004,50,1,0.119999997,0.550000012,0.0133333337
C16_rand_7_r0,1,1129,1.14666665,1,1.73416603,4.2645998,0.0213333331,0.00333333341,0.0186767913,0.0164089482,0.00159105146,1.83485067,14,2.77199006,7.88951015,0,0,0,0,0,-1.02510285,-14.1507559,50.3347321,1.59241712,2.4162178,4.2645998,385.356903,61.0863991,1.85769999,0.0250000004,50,1,0.119999997,0.550000012,0.0133333337
C16_rand_7_r0,1,1130,1.15999997,1,1.78728509,4.2645998,0.0209999997,0.00300000003,0.0190517809,0.0164196007,0.00158040016,1.83074617,14,2.77199006,7.88951015,0,0,0,0,0,-1.02510285,-14.1507559,50.3347321,1.59241712,2.4162178,4.2645998,385.356903,61.0863991,1.85769999,0.0250000004,50,1,0.119999997,0.550000012,0.0133333337
C16_rand_7_r0,1,1131,1.17333329,1,1.90247262,4.2645998,0.0206666663,0.00266666664,0.0186536796,0.0159889068,0.00201109401,1.99671698,14,2.77199006,7.88951015,0,0,0,0,0,-1.02510285,-14.1507559,50.3347321,1.59241712,2.4162178,4.2645998,385.356903,61.0863991,1.85769999,0.0250000004,50,1,0.119999997,0.550000012,0.0133333337
C16_rand_7_r0,1,1132,1.18666661,1,1.95668864,4.2645998,0.0203333329,0.00233333325,0.0189103056,0.0159776695,0.00202233135,2.00104737,14,2.77199006,7.88951015,0,0,0,0,0,-1.02510285,-14.1507559,50.3347321,1.59241712,2.4162178,4.2645998,385.356903,61.0863991,1.85769999,0.0250000004,50,1,0.119999997,0.550000012,0.0133333337
C16_rand_7_r0,1,1133,1.20000005,1,2.07807183,4.2645998,0.0199999996,0.00200000009,0.0188135859,0.0155200725,0.00247992761,2.17738533,14,2.77199006,7.88951015,0,0,0,0,0,-1.02510285,-14.1507559,50.3347321,1.59241712,2.4162178,4.2645998,385.356903,61.0863991,1.85769999,0.0250000004,50,1,0.119999997,0.550000012,0.0133333337
C16_rand_7_r0,1,1134,1.21333337,1,2.13857269,4.2645998,0.0196666662,0.00166666671,0.0190739743,0.0154923368,0.0025076631,2.18807316,14,2.77199006,7.88951015,0,0,0,0,0,-1.02510285,-14.1507559,50.3347321,1.59241712,2.4162178,4.2645998,385.356903,61.0863991,1.85769999,0.0250000004,50,1,0.119999997,0.550000012,0.0133333337
C16_rand_7_r0,1,1135,1.22666669,1,2.26921439,4.2645998,0.0193333328,0.00133333332,0.0191347208,0.0150043992,0.00299560046,2.37610316,14,2.77199006,7.88951015,0,0,0,0,0,-1.02510285,-14.1507559,50.3347321,1.59241712,2.4162178,4.2645998,385.356903,61.0863991,1.85769999,0.0250000004,50,1,0.119999997,0.550000012,0.0133333337
C16_rand_7_r0,1,1136,1.24000001,1,2.35516,4.2645998,0.0189999994,0.00100000005,0.0186249781,0.0148762697,0.00312373019,2.42547894,14,2.77199006,7.88951015,0,0,0,0,0,-1.02510285,-14.1507559,50.3347321,1.59241712,2.4162178,4.2645998,385.356903,61.0863991,1.85769999,0.0250000004,50,1,0.119999997,0.550000012,0.0133333337
C16_rand_7_r0,1,1137,1.25333333,1,2.06668925,4.2645998,0.018666666,0.00066666666,0.0185851865,0.0164198037,0.0015801969,1.83066773,14,2.77199006,7.88951015,0,0,0,0,0,-1.02510285,-14.1507559,50.3347321,1.59241712,2.4162178,4.2645998,385.356903,61.0863991,1.85769999,0.0250000004,50,1,0.119999997,0.550000012,0.0133333337
C16_rand_7_r0,1,1138,1.26666665,1,2.38697648,4.2645998,0.0183333326,0.00033333333,0.0180654079,0.0142961573,0.0037038431,2.64902949,14,2.77199006,7.88951015,0,0,0,0,0,-1.02510285,-14.1507559,50.3347321,1.59241712,2.4162178,4.2645998,385.356903,61.0863991,1.85769999,0.0250000004,50,1,0.119999997,0.550000012,0.0133333337
C16_rand_7_r0,1,1139,1.27999997,1,2.21093297,4.2645998,0.0179999992,5.89805982e-17,0.0181594733,0.0158067886,0.00219321228,2.06689739,14,2.77199006,7.88951015,0,0,0,0,0,-1.02510285,-14.1507559,50.3347321,1.59241712,2.4162178,4.2645998,385.356903,61.0863991,1.85769999,0.0250000004,50,1,0.119999997,0.550000012,0.0133333337
C16_rand_7_r0,1,1140,1.29333329,1,2.58811688,4.2645998,0.0176666658,-0.00033333333,0.017654622,0.0136533966,0.00434660353,2.8967216,14,2.77199006,7.88951015,0,0,0,0,0,-1.02510285,-14.1507559,50.3347321,1.59241712,2.4162178,4.2645998,385.356903,61.0863991,1.85769999,0.0250000004,50,1,0.119999997,0.550000012,0.0133333337
C16_rand_7_r0,1,1141,1.30666661,1,1.98037767,4.2645998,0.0173333324,-0.00066666666,0.0174448229,0.0173216462,0.0006783547,1.48313665,14,2.77199006,7.88951015,0,0,0,0,0,-1.02510285,-14.1507559,50.3347321,1.59241712,2.4162178,4.2645998,385.356903,61.0863991,1.85769999,0.0250000004,50,1,0.119999997,0.550000012,0.0133333337
C16_rand_7_r0,1,1142,1.32000005,1,2.63186479,4.2645998,0.0170000009,-0.00100000005,0.0174032357,0.0129574751,0.00504252454,3.16489959,14,2.77199006,7.88951015,1,0,0,1,0,-1.02510285,-14.1507559,50.3347321,1.59241712,2.4162178,4.2645998,385.356903,61.0863991,1.85769999,0.0250000004,50,1,0.119999997,0.550000012,0.0133333337
C16_rand_7_r0,1,1143,1.33333337,1,2.13316441,4.2645998,0.0166666675,-0.00133333332,0.0168659147,0.0166936554,0.00130634499,1.72513711,14,2.77199006,7.88951015,0,0,0,0,0,-1.02510285,-14.1507559,50.3347321,1.59241712,2.4162178,4.2645998,385.356903,61.0863991,1.85769999,0.0250000004,50,1,0.119999997,0.550000012,0.0133333337
C16_rand_7_r0,1,1144,1.34666669,1,2.85913491,4.2645998,0.0163333341,-0.00166666671,0.0173216406,0.0122095691,0.00579043105,3.45311046,14,2.77199006,7.88951015,1,1,0,1,0,-1.02510285,-14.1507559,50.3347321,1.59241712,2.4162178,4.2645998,385.356903,61.0863991,1.85769999,0.0250000004,50,1,0.119999997,0.550000012,0.0133333337
C16_rand_7_r0,1,1145,3.01333332,3,2.39247704,4.2645998,0.0160000008,-0.00200000009,0.0165757611,0.0159527082,0.00204729266,2.01066637,14,2.77199006,7.88951015,1,0,0,0,0,1.12764883,-19.003233,53.0999451,1.41706157,25.510294,4.2645998,385.356903,61.0863991,1.85769999,0.0250000004,50,1,0.119999997,0.550000012,0.0133333337
C16_rand_7_r0,1,1146,3.02666664,3,2.16984415,4.2645998,0.0156666674,-0.00233333325,0.0162937809,0.0160123315,0.00198766822,1.98768973,14,2.77199006,7.88951015,0,0,0,0,0,1.12764883,-19.003233,53.0999451,1.41706157,25.510294,4.2645998,385.356903,61.0863991,1.85769999,0.0250000004,50,1,0.119999997,0.550000012,0.0133333337
C16_rand_7_r0,1,1147,3.03999996,3,2.15250182,4.2645998,0.0153333331,-0.00266666664,0.0160835478,0.0156214647,0.00237853522,2.13831282,14,2.77199006,7.88951015,1,0,0,0,0,1.12764883,-19.003233,53.0999451,1.41706157,25.510294,4.2645998,385.356903,61.0863991,1.85769999,0.0250000004,50,1,0.119999997,0.550000012,0.0133333337
C16_rand_7_r0,1,1148,3.05333328,3,2.28254128,4.2645998,0.0149999997,-0.00300000003,0.0160295535,0.0149710951,0.00302890432,2.38893723,14,2.77199006,7.88951015,1,0,0,0,0,1.12764883,-19.003233,53.0999451,1.41706157,25.510294,4.2645998,385.356903,61.0863991,1.85769999,0.0250000004,50,1,0.119999997,0.550000012,0.0133333337
C16_rand_7_r0,1,1149,4.01333332,4,2.26820517,4.2645998,0.0146666663,-0.00333333341,0.0158637874,0.0153148333,0.00268516666,2.25647545,14,2.77199006,7.88951015,1,0,0,0,0,0.585551381,-2.42814994,27.7033787,1.4739337,36.5838928,4.2645998,385.356903,61.0863991,1.85769999,0.0250000004,50,1,0.119999997,0.550000012,0.0133333337
C16_rand_7_r0,1,1150,4.02666664,4,2.47378707,4.2645998,0.0143333329,-0.00366666657,0.0155224707,0.0143144233,0.00368557661,2.64199042,14,2.77199006,7.88951015,1,0,0,0,0,0.585551381,-2.42814994,27.7033787,1.4739337,36.5838928,4.2645998,385.356903,61.0863991,1.85769999,0.0250000004,50,1,0.119999997,0.550000012,0.0133333337
C16_rand_7_r0,1,1151,4.03999996,4,2.57856798,4.2645998,0.0140000004,-0.00400000019,0.0151255615,0.014256536,0.00374346413,2.66429782,14,2.77199006,7.88951015,1,0,0,0,0,0.585551381,-2.42814994,27.7033787,1.4739337,36.5838928,4.2645998,385.356903,61.0863991,1.85769999,0.0250000004,50,1,0.119999997,0.550000012,0.0133333337
C16_rand_7_r0,1,1152,4.05333328,4,2.71970272,4.2645998,0.013666667,-0.00433333311,0.0146369683,0.0138131054,0.00418689474,2.83517671,14,2.77199006,7.88951015,1,0,0,1,0,0.585551381,-2.42814994,27.7033787,1.4739337,36.5838928,4.2645998,385.356903,61.0863991,1.85769999,0.0250000004,50,1,0.119999997,0.550000012,0.0133333337
C16_rand_7_r0,1,1153,5.18577003,5,3.03278542,4.2645998,0.0133333337,-0.0046666665,0.0134967789,0.0126355812,0.00536441896,3.28894401,14,2.77199006,7.88951015,1,1,0,2,0,2.56295323,-27.8485661,64.1635284,1.20853078,37.7974205,4.2645998,385.356903,61.0863991,1.85769999,0.0250000004,50,1,0.119999997,0.550000012,0.0133333337
C16_rand_7_r0,1,1154,5.37154007,5,3.2838676,4.2645998,0.0130053526,-0.00499464804,0.0127471332,0.0121156611,0.0058843391,3.48929858,14,2.77199006,7.88951015,1,1,0,3,0,2.56295323,-27.8485661,64.1635284,1.20853078,37.7974205,4.2645998,385.356903,61.0863991,1.85769999,0.0250000004,50,1,0.119999997,0.550000012,0.0133333337
C16_rand_7_r0,1,1155,5.5573101,5,3.44837022,4.2645998,0.0127239581,-0.00527604204,0.0126311844,0.0118216965,0.00617830316,3.58296323,14,2.77199006,7.88951015,1,1,0,4,0,2.56295323,-27.8485661,64.1635284,1.20853078,37.7974205,4.2645998,385.356903,61.0863991,1.85769999,0.0250000004,50,1,0.119999997,0.550000012,0.0133333337
C16_rand_7_r0,1,1156,5.74308014,5,3.61582327,4.2645998,0.012496843,-0.00550315669,0.0116769616,0.010937795,0.00706220465,3.75283027,14,2.77199006,7.88951015,1,1,0,5,0,2.56295323,-27.8485661,64.1635284,1.20853078,37.7974205,4.2645998,385.356903,61.0863991,1.85769999,0.0250000004,50,1,0.119999997,0.550000012,0.0133333337
C16_rand_7_r0,1,1157,7.18577003,7,3.73159289,4.2645998,0.0123109333,-0.00568906683,0.0106259566,0.0102308486,0.00776915159,3.82631373,14,2.77199006,7.88951015,1,1,0,6,0,3.37463093,-98.1288376,84.9433289,1.1327014,56.3047752,4.2645998,385.356903,61.0863991,1.85769999,0.0250000004,50,1,0.119999997,0.550000012,0.0133333337
C16_rand_7_r0,1,1158,7.37154007,7,3.78232169,4.2645998,0.0121459821,-0.00585401803,0.0101948623,0.0098453965,0.00815460365,3.82382703,14,2.77199006,7.88951015,1,1,0,7,0,3.37463093,-98.1288376,84.9433289,1.1327014,56.3047752,4.2645998,385.356903,61.0863991,1.85769999,0.0250000004,50,1,0.119999997,0.550000012,0.0133333337
C16_rand_7_r0,1,1159,7.5573101,7,4.02026939,4.2645998,0.0120506203,-0.00594937941,0.00884423405,0.00863108225,0.0093689179,4.21495342,14,2.77199006,7.88951015,1,1,0,8,0,3.37463093,-98.1288376,84.9433289,1.1327014,56.3047752,4.2645998,385.356903,61.0863991,1.85769999,0.0250000004,50,1,0.119999997,0.550000012,0.0133333337
C16_rand_7_r0,1,1160,7.74308014,7,4.47873306,4.2645998,0.012094208,-0.00590579165,0.0064272359,0.00631129742,0.0116887027,4.85383987,14,2.77199006,7.88951015,1,1,0,9,0,3.37463093,-98.1288376,84.9433289,1.1327014,56.3047752,4.2645998,385.356903,61.0863991,1.85769999,0.0250000004,50,1,0.119999997,0.550000012,0.0133333337
C16_rand_7_r0,1,1161,7.92885017,7,4.56011486,4.2645998,0.0121835601,-0.00581643963,0.00586012891,0.00557915866,0.0124208415,4.62669945,14,2.77199006,7.88951015,1,1,0,10,0,3.37463093,-98.1288376,84.9433289,1.1327014,56.3047752,4.2645998,385.356903,61.0863991,1.85769999,0.0250000004,50,1,0.119999997,0.550000012,0.0133333337
C16_rand_7_r0,1,1162,8.11462021,8,4.82760572,4.2645998,0.0123548433,-0.00564515684,0.00467289053,0.00405460596,0.0139453942,5.04646206,14,2.77199006,7.88951015,1,1,0,11,0,1.11836791,-11.4436064,28.7421913,1.53080571,22.4704952,4.2645998,385.356903,61.0863991,1.85769999,0.0250000004,50,1,0.119999997,0.550000012,0.0133333337
C16_rand_7_r0,1,1163,9.18577003,9,4.7984376,4.2645998,0.0125316782,-0.0054683215,0.0040646987,0.00398090528,0.0140190953,4.77457333,14,2.77199006,7.88951015,1,1,0,12,0,0.449633598,-12.8830023,51.2123566,1.50236964,23.3774395,4.2645998,385.356903,61.0863991,1.85769999,0.0250000004,50,1,0.119999997,0.550000012,0.0133333337
C16_rand_7_r0,1,1164,9.37154007,9,5.37979555,4.2645998,0.0128650116,-0.00513498858,0.00248014042,0.00112321414,0.0168767851,5.85545158,14,2.77199006,7.88951015,1,1,0,13,0,0.449633598,-12.8830023,51.2123566,1.50236964,23.3774395,4.2645998,385.356903,61.0863991,1.85769999,0.0250000004,50,1,0.119999997,0.550000012,0.0133333337
C16_rand_7_r0,1,1165,11.18577,11,5.52064037,4.2645998,0.013198345,-0.00480165519,0.00056326919,0.000204535376,0.017795464,5.63587713,14,2.77199006,7.88951015,1,1,0,14,0,-0.875741303,-5.48331976,26.7150822,1.18009484,7.54720545,4.2645998,385.356903,61.0863991,1.85769999,0.0250000004,50,1,0.119999997,0.550000012,0.0133333337
C16_rand_7_r0,1,1166,11.3715401,11,5.82503271,4.2645998,0.0135316784,-0.0044683218,0.00119722774,-0.000932603376,0.0189326033,6.07408142,14,2.77199006,7.88951015,1,1,0,15,0,-0.875741303,-5.48331976,26.7150822,1.18009484,7.54720545,4.2645998,385.356903,61.0863991,1.85769999,0.0250000004,50,1,0.119999997,0.550000012,0.0133333337
C16_rand_7_r0,1,1167,11.5573101,11,5.8372798,4.2645998,0.0138650117,-0.00413498841,0.00156641006,-0.000344106287,0.0183441062,5.84730005,14,2.77199006,7.88951015,1,1,0,16,0,-0.875741303,-5.48331976,26.7150822,1.18009484,7.54720545,4.2645998,385.356903,61.0863991,1.85769999,0.0250000004,50,1,0.119999997,0.550000012,0.0133333337
C16_rand_7_r0,1,1168,11.7430801,11,5.83676147,4.2645998,0.0141983451,-0.00380165502,0.00100266386,-0.000315659126,0.0183156598,5.83633757,14,2.77199006,7.88951015,1,1,0,17,0,-0.875741303,-5.48331976,26.7150822,1.18009484,7.54720545,4.2645998,385.356903,61.0863991,1.85769999,0.0250000004,50,1,0.119999997,0.550000012,0.0133333337
C16_rand_7_r0,1,1169,13.18577,13,6.33862495,4.2645998,0.0145316785,-0.00346832164,0.00333434157,-0.00268463907,0.020684639,6.7492404,14,2.77199006,7.88951015,1,1,0,18,0,-4.14574862,-12.3237362,28.9563141,1.08530807,117.621605,4.2645998,385.356903,61.0863991,1.85769999,0.0250000004,50,1,0.119999997,0.550000012,0.0133333337
C16_rand_7_r0,1,1170,13.3715401,13,7.04162836,4.2645998,0.0148650119,-0.00313498825,0.00537680788,-0.00493598729,0.0229359865,7.61681318,14,2.77199006,7.88951015,1,1,0,19,0,-4.14574862,-12.3237362,28.9563141,1.08530807,117.621605,4.2645998,385.356903,61.0863991,1.85769999,0.0250000004,50,1,0.119999997,0.550000012,0.0133333337
C16_rand_7_r0,1,1171,13.5573101,13,7.32340479,4.2645998,0.0151983453,-0.00280165509,0.00534927705,-0.00477285543,0.0227728561,7.55394888,14,2.77199006,7.88951015,1,1,0,20,0,-4.14574862,-12.3237362,28.9563141,1.08530807,117.621605,4.2645998,385.356903,61.0863991,1.85769999,0.0250000004,50,1,0.119999997,0.550000012,0.0133333337
C16_rand_7_r0,1,1172,13.7430801,13,7.83467007,4.2645998,0.0155316787,-0.00246832171,0.00697840843,-0.00658683386,0.024586834,8.25297832,14,2.77199006,7.88951015,1,1,0,21,0,-4.14574862,-12.3237362,28.9563141,1.08530807,117.621605,4.2645998,385.356903,61.0863991,1.85769999,0.0250000004,50,1,0.119999997,0.550000012,0.0133333337
C16_rand_7_r0,1,1173,15.0133333,15,8.45909214,4.2645998,0.0158650111,-0.00213498832,0.00847220328,-0.00844746083,0.0264474619,8.96998405,14,2.77199006,7.88951015,1,0,0,0,0,5.48989248,-94.7370605,77.2477722,1.16587675,49.4866753,4.2645998,385.356903,61.0863991,1.85769999,0.0250000004,50,1,0.119999997,0.550000012,0.0133333337
C16_rand_7_r0,1,1174,15.0266666,15,9.08161163,4.2645998,0.0161983445,-0.00180165505,0.0100906622,-0.0100588538,0.0280588549,9.59094524,14,2.77199006,7.88951015,1,0,0,0,0,5.48989248,-94.7370605,77.2477722,1.16587675,49.4866753,4.2645998,385.356903,61.0863991,1.85769999,0.0250000004,50,1,0.119999997,0.550000012,0.0133333337
C16_rand_7_r0,1,1175,15.04,15,9.5909977,4.2645998,0.0165316779,-0.00146832166,0.0115613863,-0.0111405114,0.0291405115,10.0077686,14,2.77199006,7.88951015,1,0,0,0,0,5.48989248,-94.7370605,77.2477722,1.16587675,49.4866753,4.2645998,385.356903,61.0863991,1.85769999,0.0250000004,50,1,0.119999997,0.550000012,0.0133333337
C16_rand_7_r0,1,1176,15.0533333,15,10.1767731,4.2645998,0.0168650113,-0.00113498839,0.0130126504,-0.0128227836,0.0308227837,10.656044,14,2.77199006,7.88951015,1,0,0,0,0,5.48989248,-94.7370605,77.2477722,1.16587675,49.4866753,4.2645998,385.356903,61.0863991,1.85769999,0.0250000004,50,1,0.119999997,0.550000012,0.0133333337
C16_rand_7_r0,1,1177,16.0133343,16,10.6202908,4.2645998,0.0171983447,-0.000801654998,0.0144314542,-0.0136716682,0.0316716693,10.9831676,14,2.77199006,7.88951015,1,0,0,0,0,-0.164343253,-6.63488579,27.7611179,1.52132702,117.408493,4.2645998,385.356903,61.0863991,1.85769999,0.0250000004,50,1,0.119999997,0.550000012,0.0133333337
C16_rand_7_r0,1,1178,16.0266666,16,11.1480026,4.2645998,0.0175316781,-0.000468321698,0.0155669264,-0.0152198393,0.0332198404,11.5797663,14,2.77199006,7.88951015,1,0,0,0,0,-0.164343253,-6.63488579,27.7611179,1.52132702,117.408493,4.2645998,385.356903,61.0863991,1.85769999,0.0250000004,50,1,0.119999997,0.550000012,0.0133333337
C16_rand_7_r0,1,1179,16.0400009,16,11.6066427,4.2645998,0.0178650115,-0.000134988353,0.0166457556,-0.016263362,0.0342633612,11.9818945,14,2.77199006,7.88951015,1,0,0,0,0,-0.164343253,-6.63488579,27.7611179,1.52132702,117.408493,4.2645998,385.356903,61.0863991,1.85769999,0.0250000004,50,1,0.119999997,0.550000012,0.0133333337
C16_rand_7_r0,1,1180,16.0533333,16,12.0587378,4.2645998,0.0181983449,0.000198344977,0.017662596,-0.0174226463,0.0354226455,12.4286337,14,2.77199006,7.88951015,1,0,0,0,0,-0.164343253,-6.63488579,27.7611179,1.52132702,117.408493,4.2645998,385.356903,61.0863991,1.85769999,0.0250000004,50,1,0.119999997,0.550000012,0.0133333337
C16_rand_7_r0,1,1181,18.0133343,18,12.3731155,4.2645998,0.0185316782,0.000531678321,0.0181365423,-0.0179460589,0.03594606,12.6303339,14,2.77199006,7.88951015,0,0,0,0,0,4.52995491,-48.4200974,66.070549,1.23696685,41.7568245,4.2645998,385.356903,61.0863991,1.85769999,0.0250000004,50,1,0.119999997,0.550000012,0.0133333337
C16_rand_7_r0,1,1182,18.0266666,18,12.5445147,4.2645998,0.0238650125,0.00586501183,0.0188984312,-0.0180872697,0.0360872671,12.6847496,14,2.77199006,7.88951015,0,0,0,0,7,4.52995491,-48.4200974,66.070549,1.23696685,41.7568245,4.2645998,385.356903,61.0863991,1.85769999,0.0250000004,50,1,0.119999997,0.550000012,0.0133333337
C16_rand_7_r0,1,1183,18.0400009,18,12.8855553,4.2645998,0.0291983448,0.0111983446,0.0198814012,-0.0193324499,0.0373324491,13.1645889,14,2.77199006,7.88951015,0,0,0,0,7,4.52995491,-48.4200974,66.070549,1.23696685,41.7568245,4.2645998,385.356903,61.0863991,1.85769999,0.0250000004,50,1,0.119999997,0.550000012,0.0133333337
C16_rand_7_r0,1,1184,18.0533333,18,13.1776733,4.2645998,0.034531679,0.0165316779,0.0202076286,-0.0199866239,0.037986625,13.4166794,14,2.77199006,7.88951015,0,0,0,0,7,4.52995491,-48.4200974,66.070549,1.23696685,41.7568245,4.2645998,385.356903,61.0863991,1.85769999,0.0250000004,50,1,0.119999997,0.550000012,0.0133333337
C16_rand_7_r0,1,1185,18.0666676,18,13.3551035,4.2645998,0.0398650132,0.0218650121,0.0206866134,-0.0202035494,0.0382035486,13.5002737,14,2.77199006,7.88951015,0,0,0,0,7,4.52995491,-48.4200974,66.070549,1.23696685,41.7568245,4.2645998,385.356903,61.0863991,1.85769999,0.0250000004,50,1,0.119999997,0.550000012,0.0133333337
C16_rand_7_r0,1,1186,18.0799999,18,13.5987606,4.2645998,0.0451983437,0.0271983445,0.0214048792,-0.0209764484,0.0389764495,13.7981157,14,2.77199006,7.88951015,0,0,0,0,7,4.52995491,-48.4200974,66.070549,1.23696685,41.7568245,4.2645998,385.356903,61.0863991,1.85769999,0.0250000004,50,1,0.119999997,0.550000012,0.0133333337
C16_rand_7_r0,1,1187,18.0933342,18,13.7658329,4.2645998,0.0505316779,0.0325316787,0.0215448253,-0.0212474,0.0392474011,13.9025288,14,2.77199006,7.88951015,0,0,0,0,7,4.52995491,-48.4200974,66.070549,1.23696685,41.7568245,4.2645998,385.356903,61.0863991,1.85769999,0.0250000004,50,1,0.119999997,0.550000012,0.0133333337
C16_rand_7_r0,1,1188,18.1066666,18,13.7382383,4.2645998,0.0558650121,0.0378650129,0.0211473294,-0.0207624808,0.03876248,13.715661,14,2.77199006,7.88951015,0,0,0,0,7,4.52995491,-48.4200974,66.070549,1.23696685,41.7568245,4.2645998,385.356903,61.0863991,1.85769999,0.0250000004,50,1,0.119999997,0.550000012,0.0133333337
C16_rand_7_r0,1,1189,18.1200008,18,13.7737894,4.2645998,0.0611983463,0.0431983434,0.0217599515,-0.0209888052,0.0389888063,13.8028765,14,2.77199006,7.88951015,0,0,0,0,7,4.52995491,-48.4200974,66.070549,1.23696685,41.7568245,4.2645998,385.356903,61.0863991,1.85769999,0.0250000004,50,1,0.119999997,0.550000012,0.0133333337
C16_rand_7_r0,1,1190,18.1333332,18,13.7142763,4.2645998,0.0665316805,0.0485316776,0.0210514031,-0.0206325296,0.0386325307,13.6655836,14,2.77199006,7.88951015,0,0,0,0,7,4.52995491,-48.4200974,66.070549,1.23696685,41.7568245,4.2645998,385.356903,61.0863991,1.85769999,0.0250000004,50,1,0.119999997,0.550000012,0.0133333337
C16_rand_7_r0,1,1191,18.1466675,18,13.5256939,4.2645998,0.0718650147,0.0538650118,0.0207157377,-0.0198691189,0.0378691182,13.3713989,14,2.77199006,7.88951015,0,0,0,0,7,4.52995491,-48.4200974,66.070549,1.23696685,41.7568245,4.2645998,385.356903,61.0863991,1.85769999,0.0250000004,50,1,0.119999997,0.550000012,0.0133333337
C16_rand_7_r0,1,1192,18.1599998,18,13.5947123,4.2645998,0.0771983415,0.059198346,0.0207101721,-0.0205951594,0.0385951586,13.6511831,14,2.77199006,7.88951015,0,0,0,0,7,4.52995491,-48.4200974,66.070549,1.23696685,41.7568245,4.2645998,385.356903,61.0863991,1.85769999,0.0250000004,50,1,0.119999997,0.550000012,0.0133333337
C16_rand_7_r0,1,1193,18.1733341,18,13.2506161,4.2645998,0.0799999982,0.061999999,0.0199534297,-0.0188251082,0.0368251093,12.9690819,14,2.77199006,7.88951015,0,0,0,0,7,4.52995491,-48.4200974,66.070549,1.23696685,41.7568245,4.2645998,385.356903,61.0863991,1.85769999,0.0250000004,50,1,0.119999997,0.550000012,0.0133333337
C16_rand_7_r0,1,1194,18.1866665,18,13.204525,4.2645998,0.0799999982,0.061999999,0.0194187164,-0.0193382259,0.037338227,13.1668148,14,2.77199006,7.88951015,0,0,0,0,7,4.52995491,-48.4200974,66.070549,1.23696685,41.7568245,4.2645998,385.356903,61.0863991,1.85769999,0.0250000004,50,1,0.119999997,0.550000012,0.0133333337
C16_rand_7_r0,1,1195,18.2000008,18,12.8467627,4.2645998,0.0799999982,0.061999999,0.0181657802,-0.0177480951,0.0357480943,12.5540466,14,2.77199006,7.88951015,0,0,0,0,6,4.52995491,-48.4200974,66.070549,1.23696685,41.7568245,4.2645998,385.356903,61.0863991,1.85769999,0.0250000004,50,1,0.119999997,0.550000012,0.0133333337
C16_rand_7_r0,1,1196,18.2133331,18,12.4767952,4.2645998,0.0799999982,0.061999999,0.0177314635,-0.0167621206,0.0347621217,12.1740952,14,2.77199006,7.88951015,0,0,0,0,5,4.52995491,-48.4200974,66.070549,1.23696685,41.7568245,4.2645998,385.356903,61.0863991,1.85769999,0.0250000004,50,1,0.119999997,0.550000012,0.0133333337
C16_rand_7_r0,1,1197,18.2266674,18,12.3057985,4.2645998,0.0799999982,0.061999999,0.0168815404,-0.0167408362,0.0347408354,12.1658926,14,2.77199006,7.88951015,0,0,0,0,4,4.52995491,-48.4200974,66.070549,1.23696685,41.7568245,4.2645998,385.356903,61.0863991,1.85769999,0.0250000004,50,1,0.119999997,0.550000012,0.0133333337
C16_rand_7_r0,1,1198,18.2399998,18,12.0544882,4.2645998,0.0799999982,0.061999999,0.0160088036,-0.0159181617,0.0339181609,11.8488703,14,2.77199006,7.88951015,0,0,0,0,3,4.52995491,-48.4200974,66.070549,1.23696685,41.7568245,4.2645998,385.356903,61.0863991,1.85769999,0.0250000004,50,1,0.119999997,0.550000012,0.0133333337
C16_rand_7_r0,1,1199,18.253334,18,11.727088,4.2645998,0.0799999982,0.061999999,0.0150327664,-0.0149070108,0.0329070091,11.4592161,14,2.77199006,7.88951015,0,0,0,0,2,4.52995491,-48.4200974,66.070549,1.23696685,41.7568245,4.2645998,385.356903,61.0863991,1.85769999,0.0250000004,50,1,0.119999997,0.550000012,0.0133333337
C16_rand_7_r0,1,1200,18.2666664,18,11.3583136,4.2645998,0.0799999982,0.061999999,0.0143345268,-0.0138621936,0.0318621919,11.0565882,14,2.77199006,7.88951015,0,0,0,0,1,4.52995491,-48.4200974,66.070549,1.23696685,41.7568245,4.2645998,385.356903,61.0863991,1.85769999,0.0250000004,50,1,0.119999997,0.550000012,0.0133333337
C16_rand_7_r0,1,1201,18.2800007,18,10.7925453,4.2645998,0.0799999982,0.061999999,0.0134245977,-0.0119757783,0.0299757775,10.3296452,14,2.77199006,7.88951015,0,0,0,0,0,4.52995491,-48.4200974,66.070549,1.23696685,41.7568245,4.2645998,385.356903,61.0863991,1.85769999,0.0250000004,50,1,0.119999997,0.550000012,0.0133333337
C16_rand_7_r0,1,1202,18.2933331,18,10.5361843,4.2645998,0.0799999982,0.061999999,0.0122746909,-0.0119674448,0.0299674459,10.3264341,14,2.77199006,7.88951015,0,0,0,0,0,4.52995491,-48.4200974,66.070549,1.23696685,41.7568245,4.2645998,385.356903,61.0863991,1.85769999,0.0250000004,50,1,0.119999997,0.550000012,0.0133333337
C16_rand_7_r0,1,1203,18.3066673,18,10.2403011,4.2645998,0.0799999982,0.061999999,0.0116777467,-0.0111157177,0.0291157179,9.99821472,14,2.77199006,7.88951015,0,0,0,0,0,4.52995491,-48.4200974,66.070549,1.23696685,41.7568245,4.2645998,385.356903,61.0863991,1.85769999,0.0250000004,50,1,0.119999997,0.550000012,0.0133333337
C16_rand_7_r0,1,1204,18.3199997,18,9.89815712,4.2645998,0.0799999982,0.061999999,0.0102018453,-0.0101296343,0.0281296335,9.61822033,14,2.77199006,7.88951015,0,0,0,0,0,4.52995491,-48.4200974,66.070549,1.23696685,41.7568245,4.2645998,385.356903,61.0863991,1.85769999,0.0250000004,50,1,0.119999997,0.550000012,0.0133333337
C16_rand_7_r0,1,1205,18.333334,18,9.46380329,4.2645998,0.0799999982,0.061999999,0.00972092431,-0.00880671106,0.0268067103,9.10842323,14,2.77199006,7.88951015,0,0,0,0,0,4.52995491,-48.4200974,66.070549,1.23696685,41.7568245,4.2645998,385.356903,61.0863991,1.85769999,0.0250000004,50,1,0.119999997,0.550000012,0.0133333337
C16_rand_7_r0,1,1206,18.3466663,18,9.23425102,4.2645998,0.0799999982,0.061999999,0.00872243568,-0.00864585303,0.0266458541,9.04643536,14,2.77199006,7.88951015,0,0,0,0,0,4.52995491,-48.4200974,66.070549,1.23696685,41.7568245,4.2645998,385.356903,61.0863991,1.85769999,0.0250000004,50,1,0.119999997,0.550000012,0.0133333337
C16_rand_7_r0,1,1207,18.3600006,18,8.90758514,4.2645998,0.0799999982,0.061999999,0.00794443674,-0.00759196794,0.0255919676,8.64031315,14,2.77199006,7.88951015,1,0,0,0,0,4.52995491,-48.4200974,66.070549,1.23696685,41.7568245,4.2645998,385.356903,61.0863991,1.85769999,0.0250000004,50,1,0.119999997,0.550000012,0.0133333337
C16_rand_7_r0,1,1208,18.373333,18,8.61193848,4.2645998,0.0799999982,0.061999999,0.00717762299,-0.00689062197,0.0248906221,8.37004471,14,2.77199006,7.88951015,1,0,0,0,0,4.52995491,-48.4200974,66.070549,1.23696685,41.7568245,4.2645998,385.356903,61.0863991,1.85769999,0.0250000004,50,1,0.119999997,0.550000012,0.0133333337
C16_rand_7_r0,1,1209,18.3866673,18,8.3196764,4.2645998,0.0799999982,0.061999999,0.00629514642,-0.00613939343,0.0241393931,8.08055401,14,2.77199006,7.88951015,1,0,0,0,0,4.52995491,-48.4200974,66.070549,1.23696685,41.7568245,4.2645998,385.356903,61.0863991,1.85769999,0.0250000004,50,1,0.119999997,0.550000012,0.0133333337
C16_rand_7_r0,1,1210,18.3999996,18,7.99766684,4.2645998,0.0799999982,0.061999999,0.00598934432,-0.00524061779,0.0232406184,7.73420429,14,2.77199006,7.88951015,1,0,0,1,0,4.52995491,-48.4200974,66.070549,1.23696685,41.7568245,4.2645998,385.356903,61.0863991,1.85769999,0.0250000004,50,1,0.119999997,0.550000012,0.0133333337
C16_rand_7_r0,1,1211,18.4133339,18,8.12610435,4.2645998,0.0799999982,0.061999999,0.00657357555,-0.0065302914,0.0245302916,8.23118877,14,2.77199006,7.88951015,1,0,0,0,0,4.52995491,-48.4200974,66.070549,1.23696685,41.7568245,4.2645998,385.356903,61.0863991,1.85769999,0.0250000004,50,1,0.119999997,0.550000012,0.0133333337
C16_rand_7_r0,1,1212,18.4266663,18,7.57581949,4.2645998,0.0799999982,0.061999999,0.00584070291,-0.00366125745,0.0216612574,7.12558699,14,2.77199006,7.88951015,1,1,0,1,0,4.52995491,-48.4200974,66.070549,1.23696685,41.7568245,4.2645998,385.356903,61.0863991,1.85769999,0.0250000004,50,1,0.119999997,0.550000012,0.0133333337
C16_rand_7_r0,1,1213,18.6124363,18,7.49549818,4.2645998,0.0799999982,0.061999999,0.00515218591,-0.00445063831,0.0224506389,7.42978048,14,2.77199006,7.88951015,1,1,0,2,0,4.52995491,-48.4200974,66.070549,1.23696685,41.7568245,4.2645998,385.356903,61.0863991,1.85769999,0.0250000004,50,1,0.119999997,0.550000012,0.0133333337
C16_rand_7_r0,1,1214,18.7982063,18,7.29231691,4.2645998,0.0799999982,0.061999999,0.00367691135,-0.00366253057,0.0216625314,7.12607765,14,2.77199006,7.88951015,1,1,0,3,0,4.52995491,-48.4200974,66.070549,1.23696685,41.7568245,4.2645998,385.356903,61.0863991,1.85769999,0.0250000004,50,1,0.119999997,0.550000012,0.0133333337
C16_rand_7_r0,1,1215,18.9839764,18,7.32123661,4.2645998,0.0799999982,0.061999999,0.00536350952,-0.00423036842,0.0222303681,7.34489775,14,2.77199006,7.88951015,1,1,0,4,0,4.52995491,-48.4200974,66.070549,1.23696685,41.7568245,4.2645998,385.356903,61.0863991,1.85769999,0.0250000004,50,1,0.119999997,0.550000012,0.0133333337
C16_rand_7_r0,1,1216,19.1697464,19,7.33475876,4.2645998,0.0799999982,0.061999999,0.00435087224,-0.00423276704,0.0222327672,7.34582233,14,2.77199006,7.88951015,1,1,0,5,0,-2.47587442,-4.24378443,24.7338734,1.33175361,30.0315819,4.2645998,385.356903,61.0863991,1.85769999,0.0250000004,50,1,0.119999997,0.550000012,0.0133333337
C16_rand_7_r0,1,1217,19.3555164,19,7.12217999,4.2645998,0.0799999982,0.061999999,0.00456405617,-0.0032010749,0.0212010741,6.94825268,14,2.77199006,7.88951015,1,1,0,6,0,-2.47587442,-4.24378443,24.7338734,1.33175361,30.0315819,4.2645998,385.356903,61.0863991,1.85769999,0.0250000004,50,1,0.119999997,0.550000012,0.0133333337
C16_rand_7_r0,1,1218,19.5412865,19,7.13665819,4.2645998,0.0799999982,0.061999999,0.00407279981,-0.00372072705,0.0217207279,7.14850426,14,2.77199006,7.88951015,1,1,0,7,0,-2.47587442,-4.24378443,24.7338734,1.33175361,30.0315819,4.2645998,385.356903,61.0863991,1.85769999,0.0250000004,50,1,0.119999997,0.550000012,0.0133333337
C16_rand_7_r0,1,1219,19.7270565,19,7.14180326,4.2645998,0.0799999982,0.061999999,0.00436139898,-0.00371426181,0.0217142627,7.14601278,14,2.77199006,7.88951015,1,1,0,8,0,-2.47587442,-4.24378443,24.7338734,1.33175361,30.0315819,4.2645998,385.356903,61.0863991,1.85769999,0.0250000004,50,1,0.119999997,0.550000012,0.0133333337
C16_rand_7_r0,1,1220,19.9128265,19,7.1385951,4.2645998,0.0799999982,0.061999999,0.00421076873,-0.00368820154,0.0216882024,7.13597012,14,2.77199006,7.88951015,1,1,0,9,0,-2.47587442,-4.24378443,24.7338734,1.33175361,30.0315819,4.2645998,385.356903,61.0863991,1.85769999,0.0250000004,50,1,0.119999997,0.550000012,0.0133333337
C16_rand_7_r0,1,1221,20.0985966,20,7.02478504,4.2645998,0.0799999982,0.061999999,0.00436084438,-0.00315803825,0.0211580377,6.9316678,14,2.77199006,7.88951015,1,1,0,10,0,-0.27869916,-8.26516724,54.746151,1.37440753,15.8100405,4.2645998,385.356903,61.0863991,1.85769999,0.0250000004,50,1,0.119999997,0.550000012,0.0133333337
C16_rand_7_r0,1,1222,22.18577,22,7.01195478,4.2645998,0.0799999982,0.061999999,0.0041956557,-0.00333914161,0.0213391408,7.00145769,14,2.77199006,7.88951015,1,1,0,11,0,12.6783476,-95.7685471,80.3133087,1.28909957,7.76091623,4.2645998,385.356903,61.0863991,1.85769999,0.0250000004,50,1,0.119999997,0.550000012,0.0133333337
C16_rand_7_r0,1,1223,22.3715401,22,6.81584692,4.2645998,0.0799999982,0.061999999,0.00482425233,-0.00244111009,0.0204411093,6.65539503,14,2.77199006,7.88951015,1,1,0,12,0,12.6783476,-95.7685471,80.3133087,1.28909957,7.76091623,4.2645998,385.356903,61.0863991,1.85769999,0.0250000004,50,1,0.119999997,0.550000012,0.0133333337
C16_rand_7_r0,1,1224,22.5573101,22,6.96727943,4.2645998,0.0799999982,0.061999999,0.00427740486,-0.00357196759,0.0215719678,7.09117842,14,2.77199006,7.88951015,1,1,0,13,0,12.6783476,-95.7685471,80.3133087,1.28909957,7.76091623,4.2645998,385.356903,61.0863991,1.85769999,0.0250000004,50,1,0.119999997,0.550000012,0.0133333337
C16_rand_7_r0,1,1225,22.7430801,22,6.94811153,4.2645998,0.0799999982,0.061999999,0.00325889001,-0.00316001358,0.021160014,6.93242931,14,2.77199006,7.88951015,1,1,0,14,0,12.6783476,-95.7685471,80.3133087,1.28909957,7.76091623,4.2645998,385.356903,61.0863991,1.85769999,0.0250000004,50,1,0.119999997,0.550000012,0.0133333337
C16_rand_7_r0,1,1226,22.9288502,22,6.82621384,4.2645998,0.0799999982,0.061999999,0.00347376498,-0.00262557273,0.0206255727,6.72647858,14,2.77199006,7.88951015,1,1,0,15,0,12.6783476,-95.7685471,80.3133087,1.28909957,7.76091623,4.2645998,385.356903,61.0863991,1.85769999,0.0250000004,50,1,0.119999997,0.550000012,0.0133333337
C16_rand_7_r0,1,1227,23.1146202,23,6.72966814,4.2645998,0.0799999982,0.061999999,0.00342835113,-0.00242886599,0.0204288661,6.65067673,14,2.77199006,7.88951015,1,1,0,16,0,7.77816486,-78.8939667,72.9872513,1.40284359,20.0292263,4.2645998,385.356903,61.0863991,1.85769999,0.0250000004,50,1,0.119999997,0.550000012,0.0133333337
C16_rand_7_r0,1,1228,24.18577,24,6.26563406,4.2645998,0.0799999982,0.061999999,0.00315576582,-0.000444455392,0.0184444562,5.88597012,14,2.77199006,7.88951015,1,1,0,17,0,-0.193286091,-5.21552753,53.6002083,1.58293843,29.0751228,4.2645998,385.356903,61.0863991,1.85769999,0.0250000004,50,1,0.119999997,0.550000012,0.0133333337
C16_rand_7_r0,1,1229,24.3715401,24,5.89471054,4.2645998,0.0799999982,0.061999999,0.00228870357,0.000320399908,0.0176796,5.59122801,14,2.77199006,7.88951015,1,1,0,18,0,-0.193286091,-5.21552753,53.6002083,1.58293843,29.0751228,4.2645998,385.356903,61.0863991,1.85769999,0.0250000004,50,1,0.119999997,0.550000012,0.0133333337
C16_rand_7_r0,1,1230,24.5573101,24,6.02403069,4.2645998,0.0799999982,0.061999999,0.0010906664,-0.00107729156,0.0190772917,6.12983799,14,2.77199006,7.88951015,1,1,0,19,0,-0.193286091,-5.21552753,53.6002083,1.58293843,29.0751228,4.2645998,385.356903,61.0863991,1.85769999,0.0250000004,50,1,0.119999997,0.550000012,0.0133333337
C16_rand_7_r0,1,1231,24.7430801,24,5.81550741,4.2645998,0.0799999982,0.061999999,0.000582418812,0.00018112731,0.0178188719,5.64489746,14,2.77199006,7.88951015,1,1,0,20,0,-0.193286091,-5.21552753,53.6002083,1.58293843,29.0751228,4.2645998,385.356903,61.0863991,1.85769999,0.0250000004,50,1,0.119999997,0.550000012,0.0133333337
C16_rand_7_r0,1,1232,24.9288502,24,5.8564415,4.2645998,0.0799999982,0.061999999,0.000496117922,-0.000454738707,0.018454738,5.88993311,14,2.77199006,7.88951015,1,1,0,21,0,-0.193286091,-5.21552753,53.6002083,1.58293843,29.0751228,4.2645998,385.356903,61.0863991,1.85769999,0.0250000004,50,1,0.119999997,0.550000012,0.0133333337
C16_rand_7_r0,1,1233,25.1146202,25,5.51049519,4.2645998,0.0799999982,0.061999999,0.00162209873,0.00126440765,0.0167355929,5.22744799,14,2.77199006,7.88951015,1,1,0,22,0,-0.938498974,-2.44492674,24.6822529,1.06161141,1.08600783,4.2645998,385.356903,61.0863991,1.85769999,0.0250000004,50,1,0.119999997,0.550000012,0.0133333337
C16_rand_7_r0,1,1234,25.3003902,25,5.54707193,4.2645998,0.0799999982,0.061999999,0.00132496981,0.000357326266,0.0176426731,5.57699823,14,2.77199006,7.88951015,1,1,0,23,0,-0.938498974,-2.44492674,24.6822529,1.06161141,1.08600783,4.2645998,385.356903,61.0863991,1.85769999,0.0250000004,50,1,0.119999997,0.550000012,0.0133333337
C16_rand_7_r0,1,1235,25.4861603,25,5.12673903,4.2645998,0.0799999982,0.061999999,0.00351997232,0.00241818861,0.0155818118,4.78283072,14,2.77199006,7.88951015,1,1,0,24,0,-0.938498974,-2.44492674,24.6822529,1.06161141,1.08600783,4.2645998,385.356903,61.0863991,1.85769999,0.0250000004,50,1,0.119999997,0.550000012,0.0133333337
C16_rand_7_r0,1,1236,25.6719303,25,5.05890608,4.2645998,0.0799999982,0.061999999,0.00415506167,0.00221002218,0.0157899782,5.00340605,14,2.77199006,7.88951015,1,1,0,25,0,-0.938498974,-2.44492674,24.6822529,1.06161141,1.08600783,4.2645998,385.356903,61.0863991,1.85769999,0.0250000004,50,1,0.119999997,0.550000012,0.0133333337
C16_rand_7_r0,1,1237,25.8577003,25,4.41641378,4.2645998,0.0799999982,0.061999999,0.00587705895,0.00533731002,0.0126626901,3.89073825,14,2.77199006,7.88951015,1,1,0,26,0,-0.938498974,-2.44492674,24.6822529,1.06161141,1.08600783,4.2645998,385.356903,61.0863991,1.85769999,0.0250000004,50,1,0.119999997,0.550000012,0.0133333337
C16_rand_7_r0,1,1238,26.0434704,26,4.24402332,4.2645998,0.0799999982,0.061999999,0.00678467564,0.00652399333,0.0114760064,4.10297632,14,2.77199006,7.88951015,1,1,0,27,0,0.924947083,0.0628707558,23.6784039,1.19431281,1.61668408,4.2645998,385.356903,61.0863991,1.85769999,0.0250000004,50,1,0.119999997,0.550000012,0.0133333337
C16_rand_7_r0,1,1239,27.18577,27,4.15941811,4.2645998,0.0799722522,0.0619722493,0.00761570595,0.00730218505,0.0106978146,4.09019566,14,2.77199006,7.88951015,1,1,0,28,0,-0.909168005,-1.02904058,25.2928219,1.1990521,3.13192105,4.2645998,385.356903,61.0863991,1.85769999,0.0250000004,50,1,0.119999997,0.550000012,0.0133333337
C16_rand_7_r0,1,1240,27.1991024,27,3.61330748,4.2645998,0.0797867104,0.0617867112,0.0107647274,0.0100468956,0.00795310456,3.16648984,14,2.77199006,7.88951015,0,1,0,0,0,-0.909168005,-1.02904058,25.2928219,1.1990521,3.13192105,4.2645998,385.356903,61.0863991,1.85769999,0.0250000004,50,1,0.119999997,0.550000012,0.0133333337
C16_rand_7_r0,1,1241,27.2124367,27,3.58638716,4.2645998,0.0795673952,0.0615673959,0.010823871,0.0105151851,0.00748481462,3.56436133,14,2.77199006,7.88951015,0,1,0,0,0,-0.909168005,-1.02904058,25.2928219,1.1990521,3.13192105,4.2645998,385.356903,61.0863991,1.85769999,0.0250000004,50,1,0.119999997,0.550000012,0.0133333337
C16_rand_7_r0,1,1242,27.225771,27,3.16195536,4.2645998,0.0792340636,0.0612340607,0.0129768215,0.0127818221,0.00521817757,2.81469321,14,2.77199006,7.88951015,0,1,0,0,0,-0.909168005,-1.02904058,25.2928219,1.1990521,3.13192105,4.2645998,385.356903,61.0863991,1.85769999,0.0250000004,50,1,0.119999997,0.550000012,0.0133333337
C16_rand_7_r0,1,1243,27.2391033,27,3.00376797,4.2645998,0.0789007321,0.0609007291,0.0149636492,0.013711472,0.00428852811,2.87434196,14,2.77199006,7.88951015,0,1,0,0,0,-0.909168005,-1.02904058,25.2928219,1.1990521,3.13192105,4.2645998,385.356903,61.0863991,1.85769999,0.0250000004,50,1,0.119999997,0.550000012,0.0133333337
C16_rand_7_r0,1,1244,27.2524376,27,2.60831022,4.2645998,0.0785673931,0.0605673939,0.0153406234,0.0152414516,0.00275854836,2.28475356,14,2.77199006,7.88951015,0,0,0,0,0,-0.909168005,-1.02904058,25.2928219,1.1990521,3.13192105,4.2645998,385.356903,61.0863991,1.85769999,0.0250000004,50,1,0.119999997,0.550000012,0.0133333337
C16_rand_7_r0,1,1245,27.26577,27,2.08690548,4.2645998,0.0782340616,0.0602340624,0.0175135024,0.0168619025,0.00113809772,1.6603018,14,2.77199006,7.88951015,0,0,0,0,0,-0.909168005,-1.02904058,25.2928219,1.1990521,3.13192105,4.2645998,385.356903,61.0863991,1.85769999,0.0250000004,50,1,0.119999997,0.550000012,0.0133333337
C16_rand_7_r0,1,1246,27.2791042,27,1.61105788,4.2645998,0.0779007301,0.0599007271,0.0188227799,0.0186376367,0,1.22172797,14,2.77199006,7.88951015,0,0,0,0,0,-0.909168005,-1.02904058,25.2928219,1.1990521,3.13192105,4.2645998,385.356903,61.0863991,1.85769999,0.0250000004,50,1,0.119999997,0.550000012,0.0133333337
C16_rand_7_r0,1,1247,27.2924366,27,1.3969264,4.2645998,0.0775673985,0.0595673956,0.0203474574,0.0198205262,0,1.22172797,14,2.77199006,7.88951015,0,0,0,0,0,-0.909168005,-1.02904058,25.2928219,1.1990521,3.13192105,4.2645998,385.356903,61.0863991,1.85769999,0.0250000004,50,1,0.119999997,0.550000012,0.0133333337
C16_rand_7_r0,1,1248,27.3057709,27,1.30056727,4.2645998,0.0772340596,0.0592340603,0.021882467,0.0218663011,0,1.22172797,14,2.77199006,7.88951015,0,0,0,0,0,-0.909168005,-1.02904058,25.2928219,1.1990521,3.13192105,4.2645998,385.356903,61.0863991,1.85769999,0.0250000004,50,1,0.119999997,0.550000012,0.0133333337
C16_rand_7_r0,1,1249,27.3191032,27,1.25720572,4.2645998,0.076900728,0.0589007288,0.023734821,0.0235004779,0,1.22172797,14,2.77199006,7.88951015,0,0,0,0,0,-0.909168005,-1.02904058,25.2928219,1.1990521,3.13192105,4.2645998,385.356903,61.0863991,1.85769999,0.0250000004,50,1,0.119999997,0.550000012,0.0133333337
C16_rand_7_r0,1,1250,27.3324375,27,1.23769295,4.2645998,0.0765673965,0.0585673973,0.0250632595,0.0248616487,0,1.22172797,14,2.77199006,7.88951015,0,0,0,0,0,-0.909168005,-1.02904058,25.2928219,1.1990521,3.13192105,4.2645998,385.356903,61.0863991,1.85769999,0.0250000004,50,1,0.119999997,0.550000012,0.0133333337
C16_rand_7_r0,1,1251,27.3457699,27,1.22891223,4.2645998,0.076234065,0.058234062,0.0270287972,0.0267415699,0,1.22172797,14,2.77199006,7.88951015,0,0,0,0,0,-0.909168005,-1.02904058,25.2928219,1.1990521,3.13192105,4.2645998,385.356903,61.0863991,1.85769999,0.0250000004,50,1,0.119999997,0.550000012,0.0133333337
C16_rand_7_r0,1,1252,27.3591042,27,1.22496092,4.2645998,0.075900726,0.0579007305,0.0282344185,0.0280835386,0,1.22172797,14,2.77199006,7.88951015,0,0,0,0,0,-0.909168005,-1.02904058,25.2928219,1.1990521,3.13192105,4.2645998,385.356903,61.0863991,1.85769999,0.0250000004,50,1,0.119999997,0.550000012,0.0133333337
C16_rand_7_r0,1,1253,27.3724365,27,1.2231828,4.2645998,0.0755673945,0.0575673953,0.0300791338,0.0300684404,0,1.22172797,14,2.77199006,7.88951015,0,0,0,0,0,-0.909168005,-1.02904058,25.2928219,1.1990521,3.13192105,4.2645998,385.356903,61.0863991,1.85769999,0.0250000004,50,1,0.119999997,0.550000012,0.0133333337
C16_rand_7_r0,1,1254,27.3857708,27,1.22238266,4.2645998,0.075234063,0.0572340637,0.0316194668,0.0314216092,0,1.22172797,14,2.77199006,7.88951015,0,0,0,0,0,-0.909168005,-1.02904058,25.2928219,1.1990521,3.13192105,4.2645998,385.356903,61.0863991,1.85769999,0.0250000004,50,1,0.119999997,0.550000012,0.0133333337
C16_rand_7_r0,1,1255,27.3991032,27,1.22202265,4.2645998,0.0749007314,0.0569007285,0.0333654173,0.0333199129,0,1.22172797,14,2.77199006,7.88951015,0,0,0,0,0,-0.909168005,-1.02904058,25.2928219,1.1990521,3.13192105,4.2645998,385.356903,61.0863991,1.85769999,0.0250000004,50,1,0.119999997,0.550000012,0.0133333337
C16_rand_7_r0,1,1256,27.4124374,27,1.22186053,4.2645998,0.0745673925,0.056567397,0.0348454639,0.0348158702,0,1.22172797,14,2.77199006,7.88951015,0,0,0,0,0,-0.909168005,-1.02904058,25.2928219,1.1990521,3.13192105,4.2645998,385.356903,61.0863991,1.85769999,0.0250000004,50,1,0.119999997,0.550000012,0.0133333337
C16_rand_7_r0,1,1257,27.4257698,27,1.22178769,4.2645998,0.0742340609,0.0562340617,0.0365382582,0.0363570303,0,1.22172797,14,2.77199006,7.88951015,0,0,0,0,0,-0.909168005,-1.02904058,25.2928219,1.1990521,3.13192105,4.2645998,385.356903,61.0863991,1.85769999,0.0250000004,50,1,0.119999997,0.550000012,0.0133333337
C16_rand_7_r0,1,1258,27.4391041,27,1.22175479,4.2645998,0.0739007294,0.0559007302,0.0383866653,0.0382624976,0,1.22172797,14,2.77199006,7.88951015,0,0,0,0,0,-0.909168005,-1.02904058,25.2928219,1.1990521,3.13192105,4.2645998,385.356903,61.0863991,1.85769999,0.0250000004,50,1,0.119999997,0.550000012,0.0133333337
C16_rand_7_r0,1,1259,27.4524364,27,1.22174013,4.2645998,0.0735673979,0.0555673949,0.0395980105,0.0395092554,0,1.22172797,14,2.77199006,7.88951015,0,0,0,0,0,-0.909168005,-1.02904058,25.2928219,1.1990521,3.13192105,4.2645998,385.356903,61.0863991,1.85769999,0.0250000004,50,1,0.119999997,0.550000012,0.0133333337
C16_rand_7_r0,1,1260,27.4657707,27,1.22173345,4.2645998,0.0732340589,0.0552340634,0.0410968289,0.0410060734,0,1.22172797,14,2.77199006,7.88951015,0,0,0,0,0,-0.909168005,-1.02904058,25.2928219,1.1990521,3.13192105,4.2645998,385.356903,61.0863991,1.85769999,0.0250000004,50,1,0.119999997,0.550000012,0.0133333337
C16_rand_7_r0,1,1261,27.4791031,27,1.22173047,4.2645998,0.0729007274,0.0549007282,0.0430128202,0.0429375246,0,1.22172797,14,2.77199006,7.88951015,0,0,0,0,0,-0.909168005,-1.02904058,25.2928219,1.1990521,3.13192105,4.2645998,385.356903,61.0863991,1.85769999,0.0250000004,50,1,0.119999997,0.550000012,0.0133333337
C16_rand_7_r0,1,1262,27.4924374,27,1.22172916,4.2645998,0.0725673959,0.0545673966,0.0440634452,0.0440373458,0,1.22172797,14,2.77199006,7.88951015,0,0,0,0,0,-0.909168005,-1.02904058,25.2928219,1.1990521,3.13192105,4.2645998,385.356903,61.0863991,1.85769999,0.0250000004,50,1,0.119999997,0.550000012,0.0133333337
C16_rand_7_r0,1,1263,27.5057697,27,0.549778104,4.2645998,0.0722340643,0.0542340614,0.0458595902,0.0455551594,0,0,14,2.77199006,7.88951015,0,0,0,0,0,-0.909168005,-1.02904058,25.2928219,1.1990521,3.13192105,4.2645998,385.356903,61.0863991,1.85769999,0.0250000004,50,1,0.119999997,0.550000012,0.0133333337
C16_rand_7_r0,1,1264,27.519104,27,0.24740015,4.2645998,0.0719007254,0.0539007299,0.0471552312,0.0469430983,0,0,14,2.77199006,7.88951015,0,0,0,0,0,-0.909168005,-1.02904058,25.2928219,1.1990521,3.13192105,4.2645998,385.356903,61.0863991,1.85769999,0.0250000004,50,1,0.119999997,0.550000012,0.0133333337
C16_rand_7_r0,1,1265,27.5324364,27,0.111330062,4.2645998,0.0715673938,0.0535673946,0.0484756604,0.0483299196,0,0,14,2.77199006,7.88951015,0,0,0,0,0,-0.909168005,-1.02904058,25.2928219,1.1990521,3.13192105,4.2645998,385.356903,61.0863991,1.85769999,0.0250000004,50,1,0.119999997,0.550000012,0.0133333337
C16_rand_7_r0,1,1266,27.5457706,27,0.0500985272,4.2645998,0.0712340623,0.0532340631,0.0496940762,0.0495164171,0,0,14,2.77199006,7.88951015,0,0,0,0,0,-0.909168005,-1.02904058,25.2928219,1.1990521,3.13192105,4.2645998,385.356903,61.0863991,1.85769999,0.0250000004,50,1,0.119999997,0.550000012,0.0133333337
C16_rand_7_r0,1,1267,27.559103,27,0.0225443374,4.2645998,0.0709007308,0.0529007278,0.0517679267,0.0454467647,0,0,14,2.77199006,7.88951015,0,0,0,0,0,-0.909168005,-1.02904058,25.2928219,1.1990521,3.13192105,4.2645998,385.356903,61.0863991,1.85769999,0.0250000004,50,1,0.119999997,0.550000012,0.0133333337
C16_rand_7_r0,1,1268,27.5724373,27,0.0101449518,4.2645998,0.0705673993,0.0525673963,0.0521251224,0.0520440079,0,0,14,2.77199006,7.88951015,0,0,0,0,0,-0.909168005,-1.02904058,25.2928219,1.1990521,3.13192105,4.2645998,385.356903,61.0863991,1.85769999,0.0250000004,50,1,0.119999997,0.550000012,0.0133333337
C16_rand_7_r0,1,1269,27.5857697,27,0.00456522824,4.2645998,0.0702340603,0.0522340611,0.054024931,0.0479675531,0,0,14,2.77199006,7.88951015,0,0,0,0,0,-0.909168005,-1.02904058,25.2928219,1.1990521,3.13192105,4.2645998,385.356903,61.0863991,1.85769999,0.0250000004,50,1,0.119999997,0.550000012,0.0133333337
C16_rand_7_r0,1,1270,27.5991039,27,0.00205435278,4.2645998,0.0699007288,0.0519007295,0.0549767725,0.0491572544,0,0,14,2.77199006,7.88951015,0,0,0,0,0,-0.909168005,-1.02904058,25.2928219,1.1990521,3.13192105,4.2645998,385.356903,61.0863991,1.85769999,0.0250000004,50,1,0.119999997,0.550000012,0.0133333337
C16_rand_7_r0,1,1271,27.6124363,27,0.000924458785,4.2645998,0.0695673972,0.0515673943,0.056237746,0.050308004,0,0,14,2.77199006,7.88951015,0,0,0,0,0,-0.909168005,-1.02904058,25.2928219,1.1990521,3.13192105,4.2645998,385.356903,61.0863991,1.85769999,0.0250000004,50,1,0.119999997,0.550000012,0.0133333337
C16_rand_7_r0,1,1272,27.6257706,27,0.000416006456,4.2645998,0.0692340657,0.0512340628,0.0569509827,0.0513986088,0,0,14,2.77199006,7.88951015,0,0,0,0,0,-0.909168005,-1.02904058,25.2928219,1.1990521,3.13192105,4.2645998,385.356903,61.0863991,1.85769999,0.0250000004,50,1,0.119999997,0.550000012,0.0133333337
C16_rand_7_r0,1,1273,27.6391029,27,0.000187202895,4.2645998,0.0689007267,0.0509007275,0.0583853275,0.0524699986,0,0,14,2.77199006,7.88951015,0,0,0,0,0,-0.909168005,-1.02904058,25.2928219,1.1990521,3.13192105,4.2645998,385.356903,61.0863991,1.85769999,0.0250000004,50,1,0.119999997,0.550000012,0.0133333337
C16_rand_7_r0,1,1274,27.6524372,27,8.42413065e-05,4.2645998,0.0685673952,0.050567396,0.0588205345,0.0534572154,0,0,14,2.77199006,7.88951015,0,0,0,0,0,-0.909168005,-1.02904058,25.2928219,1.1990521,3.13192105,4.2645998,385.356903,61.0863991,1.85769999,0.0250000004,50,1,0.119999997,0.550000012,0.0133333337
C16_rand_7_r0,1,1275,27.6657696,27,3.79085868e-05,4.2645998,0.0682340637,0.0502340607,0.0604347959,0.0544297472,0,0,14,2.77199006,7.88951015,0,0,0,0,0,-0.909168005,-1.02904058,25.2928219,1.1990521,3.13192105,4.2645998,385.356903,61.0863991,1.85769999,0.0250000004,50,1,0.119999997,0.550000012,0.0133333337
C16_rand_7_r0,1,1276,27.6791039,27,1.70588646e-05,4.2645998,0.0679007322,0.0499007292,0.0605441369,0.0552824438,0,0,14,2.77199006,7.88951015,0,0,0,0,0,-0.909168005,-1.02904058,25.2928219,1.1990521,3.13192105,4.2645998,385.356903,61.0863991,1.85769999,0.0250000004,50,1,0.119999997,0.550000012,0.0133333337
C16_rand_7_r0,1,1277,27.6924362,27,7.67648908e-06,4.2645998,0.0675673932,0.049567394,0.0623401292,0.0561321229,0,0,14,2.77199006,7.88951015,0,0,0,0,0,-0.909168005,-1.02904058,25.2928219,1.1990521,3.13192105,4.2645998,385.356903,61.0863991,1.85769999,0.0250000004,50,1,0.119999997,0.550000012,0.0133333337
C16_rand_7_r0,1,1278,27.7057705,27,3.45442004e-06,4.2645998,0.0672340617,0.0492340624,0.0620798431,0.0568229854,0,0,14,2.77199006,7.88951015,0,0,0,0,0,-0.909168005,-1.02904058,25.2928219,1.1990521,3.13192105,4.2645998,385.356903,61.0863991,1.85769999,0.0250000004,50,1,0.119999997,0.550000012,0.0133333337
C16_rand_7_r0,1,1279,27.7191029,27,1.55448902e-06,4.2645998,0.0669007301,0.0489007272,0.0630406737,0.0628169179,0,0,14,2.77199006,7.88951015,0,0,0,0,0,-0.909168005,-1.02904058,25.2928219,1.1990521,3.13192105,4.2645998,385.356903,61.0863991,1.85769999,0.0250000004,50,1,0.119999997,0.550000012,0.0133333337
C16_rand_7_r0,1,1280,27.7324371,27,6.99520058e-07,4.2645998,0.0665673986,0.0485673957,0.0633807257,0.0580156967,0,0,14,2.77199006,7.88951015,0,0,0,0,0,-0.909168005,-1.02904058,25.2928219,1.1990521,3.13192105,4.2645998,385.356903,61.0863991,1.85769999,0.0250000004,50,1,0.119999997,0.550000012,0.0133333337
C16_rand_7_r0,1,1281,27.7457695,27,3.14784018e-07,4.2645998,0.0662340596,0.0482340604,0.0647412315,0.0584256276,0,0,14,2.77199006,7.88951015,0,0,0,0,0,-0.909168005,-1.02904058,25.2928219,1.1990521,3.13192105,4.2645998,385.356903,61.0863991,1.85769999,0.0250000004,50,1,0.119999997,0.550000012,0.0133333337
C16_rand_7_r0,1,1282,27.7591038,27,1.41652805e-07,4.2645998,0.0659007281,0.0479007289,0.0644277632,0.0588447265,0,0,14,2.77199006,7.88951015,0,0,0,0,0,-0.909168005,-1.02904058,25.2928219,1.1990521,3.13192105,4.2645998,385.356903,61.0863991,1.85769999,0.0250000004,50,1,0.119999997,0.550000012,0.0133333337
C16_rand_7_r0,1,1283,27.7724361,27,6.37437623e-08,4.2645998,0.0655673966,0.0475673974,0.0653028935,0.0590795316,0,0,14,2.77199006,7.88951015,0,0,0,0,0,-0.909168005,-1.02904058,25.2928219,1.1990521,3.13192105,4.2645998,385.356903,61.0863991,1.85769999,0.0250000004,50,1,0.119999997,0.550000012,0.0133333337
C16_rand_7_r0,1,1284,27.7857704,27,2.86846937e-08,4.2645998,0.0652340651,0.0472340621,0.0652789101,0.0593647771,0,0,14,2.77199006,7.88951015,0,0,0,0,0,-0.909168005,-1.02904058,25.2928219,1.1990521,3.13192105,4.2645998,385.356903,61.0863991,1.85769999,0.0250000004,50,1,0.119999997,0.550000012,0.0133333337
C16_rand_7_r0,1,1285,27.7991028,27,1.29081119e-08,4.2645998,0.0649007261,0.0469007306,0.0649178103,0.0640846863,0,0,14,2.77199006,7.88951015,0,0,0,0,0,-0.909168005,-1.02904058,25.2928219,1.1990521,3.13192105,4.2645998,385.356903,61.0863991,1.85769999,0.0250000004,50,1,0.119999997,0.550000012,0.0133333337
C16_rand_7_r0,1,1286,27.8124371,27,5.80865045e-09,4.2645998,0.0645673946,0.0465673953,0.0647662431,0.0645460263,0,0,14,2.77199006,7.88951015,0,0,0,0,0,-0.909168005,-1.02904058,25.2928219,1.1990521,3.13192105,4.2645998,385.356903,61.0863991,1.85769999,0.0250000004,50,1,0.119999997,0.550000012,0.0133333337
C16_rand_7_r0,1,1287,27.8257694,27,2.61389266e-09,4.2645998,0.064234063,0.0462340638,0.064819172,0.0640831217,0,0,14,2.77199006,7.88951015,0,0,0,0,0,-0.909168005,-1.02904058,25.2928219,1.1990521,3.13192105,4.2645998,385.356903,61.0863991,1.85769999,0.0250000004,50,1,0.119999997,0.550000012,0.0133333337
C16_rand_7_r0,1,1288,27.8391037,27,1.17625176e-09,4.2645998,0.0639007315,0.0459007286,0.0646522641,0.064368248,0,0,14,2.77199006,7.88951015,0,0,0,0,0,-0.909168005,-1.02904058,25.2928219,1.1990521,3.13192105,4.2645998,385.356903,61.0863991,1.85769999,0.0250000004,50,1,0.119999997,0.550000012,0.0133333337
C16_rand_7_r0,1,1289,27.8524361,27,5.2931326e-10,4.2645998,0.0635673925,0.045567397,0.0644303188,0.0637329593,0,0,14,2.77199006,7.88951015,0,0,0,0,0,-0.909168005,-1.02904058,25.2928219,1.1990521,3.13192105,4.2645998,385.356903,61.0863991,1.85769999,0.0250000004,50,1,0.119999997,0.550000012,0.0133333337
C16_rand_7_r0,1,1290,27.8657703,27,2.38190967e-10,4.2645998,0.063234061,0.0452340618,0.0642839372,0.063878797,0,0,14,2.77199006,7.88951015,0,0,0,0,0,-0.909168005,-1.02904058,25.2928219,1.1990521,3.13192105,4.2645998,385.356903,61.0863991,1.85769999,0.0250000004,50,1,0.119999997,0.550000012,0.0133333337
C16_rand_7_r0,1,1291,27.8791027,27,1.07185941e-10,4.2645998,0.0629007295,0.0449007303,0.0637399703,0.0635473207,0,0,14,2.77199006,7.88951015,0,0,0,0,0,-0.909168005,-1.02904058,25.2928219,1.1990521,3.13192105,4.2645998,385.356903,61.0863991,1.85769999,0.0250000004,50,1,0.119999997,0.550000012,0.0133333337
C16_rand_7_r0,1,1292,27.892437,27,4.8233674e-11,4.2645998,0.062567398,0.044567395,0.0637372211,0.0631520227,0,0,14,2.77199006,7.88951015,0,0,0,0,0,-0.909168005,-1.02904058,25.2928219,1.1990521,3.13192105,4.2645998,385.356903,61.0863991,1.85769999,0.0250000004,50,1,0.119999997,0.550000012,0.0133333337
C16_rand_7_r0,1,1293,27.9057693,27,2.17051533e-11,4.2645998,0.0622340627,0.0442340635,0.0628432259,0.0627240986,0,0,14,2.77199006,7.88951015,0,0,0,0,0,-0.909168005,-1.02904058,25.2928219,1.1990521,3.13192105,4.2645998,385.356903,61.0863991,1.85769999,0.0250000004,50,1,0.119999997,0.550000012,0.0133333337
C16_rand_7_r0,1,1294,27.9191036,27,9.7673189e-12,4.2645998,0.0619007275,0.0439007282,0.0629460812,0.0628242642,0,0,14,2.77199006,7.88951015,0,0,0,0,0,-0.909168005,-1.02904058,25.2928219,1.1990521,3.13192105,4.2645998,385.356903,61.0863991,1.85769999,0.0250000004,50,1,0.119999997,0.550000012,0.0133333337
C16_rand_7_r0,1,1295,27.932436,27,4.39529359e-12,4.2645998,0.0615673959,0.0435673967,0.0618675761,0.0617686883,0,0,14,2.77199006,7.88951015,0,0,0,0,0,-0.909168005,-1.02904058,25.2928219,1.1990521,3.13192105,4.2645998,385.356903,61.0863991,1.85769999,0.0250000004,50,1,0.119999997,0.550000012,0.0133333337
C16_rand_7_r0,1,1296,27.9457703,27,1.97788205e-12,4.2645998,0.0612340607,0.0432340614,0.0619788282,0.0611984469,0,0,14,2.77199006,7.88951015,0,0,0,0,0,-0.909168005,-1.02904058,25.2928219,1.1990521,3.13192105,4.2645998,385.356903,61.0863991,1.85769999,0.0250000004,50,1,0.119999997,0.550000012,0.0133333337
C16_rand_7_r0,1,1297,27.9591026,27,8.90046934e-13,4.2645998,0.0609007291,0.0429007299,0.0608757809,0.060740348,0,0,14,2.77199006,7.88951015,0,0,0,0,0,-0.909168005,-1.02904058,25.2928219,1.1990521,3.13192105,4.2645998,385.356903,61.0863991,1.85769999,0.0250000004,50,1,0.119999997,0.550000012,0.0133333337
C16_rand_7_r0,1,1298,27.9724369,27,4.00521115e-13,4.2645998,0.0605673939,0.0425673947,0.0606921799,0.0601654015,0,0,14,2.77199006,7.88951015,0,0,0,0,0,-0.909168005,-1.02904058,25.2928219,1.1990521,3.13192105,4.2645998,385.356903,61.0863991,1.85769999,0.0250000004,50,1,0.119999997,0.550000012,0.0133333337
C16_rand_7_r0,1,1299,27.9857693,27,1.80234503e-13,4.2645998,0.0602340624,0.0422340631,0.0599272251,0.0596888587,0,0,14,2.77199006,7.88951015,0,0,0,0,0,-0.909168005,-1.02904058,25.2928219,1.1990521,3.13192105,4.2645998,385.356903,61.0863991,1.85769999,0.0250000004,50,1,0.119999997,0.550000012,0.0133333337
C16_rand_7_r0,1,1300,27.9991035,27,8.11055257e-14,4.2645998,0.0599007271,0.0419007279,0.0594482981,0.0591354668,0,0,14,2.77199006,7.88951015,0,0,0,0,0,-0.909168005,-1.02904058,25.2928219,1.1990521,3.13192105,4.2645998,385.356903,61.0863991,1.85769999,0.0250000004,50,1,0.119999997,0.550000012,0.0133333337
C16_rand_7_r0,1,1301,28.0124359,28,3.64974876e-14,4.2645998,0.0595673956,0.0415673964,0.0590585284,0.0586482473,0,0,14,2.77199006,7.88951015,0,0,0,0,0,-0.00151985919,-3.73459458,28.0936623,1.24644554,2.77441716,4.2645998,385.356903,61.0863991,1.85769999,0.0250000004,50,1,0.119999997,0.550000012,0.0133333337
C16_rand_7_r0,1,1302,28.0257702,28,1.64238689e-14,4.2645998,0.0592340603,0.0412340611,0.0582913905,0.0581341162,0,0,14,2.77199006,7.88951015,0,0,0,0,0,-0.00151985919,-3.73459458,28.0936623,1.24644554,2.77441716,4.2645998,385.356903,61.0863991,1.85769999,0.0250000004,50,1,0.119999997,0.550000012,0.0133333337
C16_rand_7_r0,1,1303,28.0391026,28,7.39074109e-15,4.2645998,0.0589007288,0.0409007296,0.0582955889,0.0576400496,0,0,14,2.77199006,7.88951015,0,0,0,0,0,-0.00151985919,-3.73459458,28.0936623,1.24644554,2.77441716,4.2645998,385.356903,61.0863991,1.85769999,0.0250000004,50,1,0.119999997,0.550000012,0.0133333337
C16_rand_7_r0,1,1304,28.0524368,28,3.32583336e-15,4.2645998,0.0585673973,0.0405673943,0.057253506,0.0571772493,0,0,14,2.77199006,7.88951015,0,0,0,0,0,-0.00151985919,-3.73459458,28.0936623,1.24644554,2.77441716,4.2645998,385.356903,61.0863991,1.85769999,0.0250000004,50,1,0.119999997,0.550000012,0.0133333337
C16_rand_7_r0,1,1305,28.0657692,28,1.49662506e-15,4.2645998,0.058234062,0.0402340628,0.0574548729,0.0566900745,0,0,14,2.77199006,7.88951015,0,0,0,0,0,-0.00151985919,-3.73459458,28.0936623,1.24644554,2.77441716,4.2645998,385.356903,61.0863991,1.85769999,0.0250000004,50,1,0.119999997,0.550000012,0.0133333337
C16_rand_7_r0,1,1306,28.0791035,28,6.73481296e-16,4.2645998,0.0579007305,0.0399007276,0.0563541763,0.0562788509,0,0,14,2.77199006,7.88951015,0,0,0,0,0,-0.00151985919,-3.73459458,28.0936623,1.24644554,2.77441716,4.2645998,385.356903,61.0863991,1.85769999,0.0250000004,50,1,0.119999997,0.550000012,0.0133333337
C16_rand_7_r0,1,1307,28.0924358,28,3.03066562e-16,4.2645998,0.0575673953,0.039567396,0.0562748872,0.055801563,0,0,14,2.77199006,7.88951015,0,0,0,0,0,-0.00151985919,-3.73459458,28.0936623,1.24644554,2.77441716,4.2645998,385.356903,61.0863991,1.85769999,0.0250000004,50,1,0.119999997,0.550000012,0.0133333337
C16_rand_7_r0,1,1308,28.1057701,28,1.36379954e-16,4.2645998,0.0572340637,0.0392340608,0.0555913709,0.055433441,0,0,14,2.77199006,7.88951015,0,0,0,0,0,-0.00151985919,-3.73459458,28.0936623,1.24644554,2.77441716,4.2645998,385.356903,61.0863991,1.85769999,0.0250000004,50,1,0.119999997,0.550000012,0.0133333337
C16_rand_7_r0,1,1309,28.1191025,28,6.13709781e-17,4.2645998,0.0569007285,0.0389007293,0.0552081503,0.0549591519,0,0,14,2.77199006,7.88951015,0,0,0,0,0,-0.00151985919,-3.73459458,28.0936623,1.24644554,2.77441716,4.2645998,385.356903,61.0863991,1.85769999,0.0250000004,50,1,0.119999997,0.550000012,0.0133333337
C16_rand_7_r0,1,1310,28.1324368,28,2.76169418e-17,4.2645998,0.056567397,0.038567394,0.054961212,0.0546295643,0,0,14,2.77199006,7.88951015,0,0,0,0,0,-0.00151985919,-3.73459458,28.0936623,1.24644554,2.77441716,4.2645998,385.356903,61.0863991,1.85769999,0.0250000004,50,1,0.119999997,0.550000012,0.0133333337
C16_rand_7_r0,1,1311,28.1457691,28,1.24276236e-17,4.2645998,0.0562340617,0.0382340625,0.0542577803,0.0541621074,0,0,14,2.77199006,7.88951015,0,0,0,0,0,-0.00151985919,-3.73459458,28.0936623,1.24644554,2.77441716,4.2645998,385.356903,61.0863991,1.85769999,0.0250000004,50,1,0.119999997,0.550000012,0.0133333337
C16_rand_7_r0,1,1312,28.1591034,28,5.59243081e-18,4.2645998,0.0559007302,0.0379007272,0.0543873943,0.0537695624,0,0,14,2.77199006,7.88951015,0,0,0,0,0,-0.00151985919,-3.73459458,28.0936623,1.24644554,2.77441716,4.2645998,385.356903,61.0863991,1.85769999,0.0250000004,50,1,0.119999997,0.550000012,0.0133333337
C16_rand_7_r0,1,1313,28.1724358,28,2.51659382e-18,4.2645998,0.0555673949,0.0375673957,0.0534259342,0.0534065068,0,0,14,2.77199006,7.88951015,0,0,0,0,0,-0.00151985919,-3.73459458,28.0936623,1.24644554,2.77441716,4.2645998,385.356903,61.0863991,1.85769999,0.0250000004,50,1,0.119999997,0.550000012,0.0133333337
C16_rand_7_r0,1,1314,28.18577,28,1.13246723e-18,4.2645998,0.0552340634,0.0372340605,0.0537174009,0.0535980687,0,0,14,2.77199006,7.88951015,0,0,0,0,0,-0.00151985919,-3.73459458,28.0936623,1.24644554,2.77441716,4.2645998,385.356903,61.0863991,1.85769999,0.0250000004,50,1,0.119999997,0.550000012,0.0133333337
C16_rand_7_r0,1,1315,28.1991024,28,5.09610259e-19,4.2645998,0.0549007282,0.0369007289,0.0527107492,0.0526811853,0,0,14,2.77199006,7.88951015,0,0,0,0,0,-0.00151985919,-3.73459458,28.0936623,1.24644554,2.77441716,4.2645998,385.356903,61.0863991,1.85769999,0.0250000004,50,1,0.119999997,0.550000012,0.0133333337
C16_rand_7_r0,1,1316,28.2124367,28,2.29324606e-19,4.2645998,0.0545673966,0.0365673937,0.0529959351,0.0522556864,0,0,14,2.77199006,7.88951015,0,0,0,0,0,-0.00151985919,-3.73459458,28.0936623,1.24644554,2.77441716,4.2645998,385.356903,61.0863991,1.85769999,0.0250000004,50,1,0.119999997,0.550000012,0.0133333337
C16_rand_7_r0,1,1317,28.225771,28,1.03196074e-19,4.2645998,0.0542340614,0.0362340622,0.0521120466,0.0519805066,0,0,14,2.77199006,7.88951015,0,0,0,0,0,-0.00151985919,-3.73459458,28.0936623,1.24644554,2.77441716,4.2645998,385.356903,61.0863991,1.85769999,0.0250000004,50,1,0.119999997,0.550000012,0.0133333337
C16_rand_7_r0,1,1318,28.2391033,28,4.6438233e-20,4.2645998,0.0539007299,0.0359007306,0.05205971,0.0515594892,0,0,14,2.77199006,7.88951015,0,0,0,0,0,-0.00151985919,-3.73459458,28.0936623,1.24644554,2.77441716,4.2645998,385.356903,61.0863991,1.85769999,0.0250000004,50,1,0.119999997,0.550000012,0.0133333337
C16_rand_7_r0,1,1319,28.2524376,28,2.08972044e-20,4.2645998,0.0535673946,0.0355673954,0.0516375452,0.0513139404,0,0,14,2.77199006,7.88951015,0,0,0,0,0,-0.00151985919,-3.73459458,28.0936623,1.24644554,2.77441716,4.2645998,385.356903,61.0863991,1.85769999,0.0250000004,50,1,0.119999997,0.550000012,0.0133333337
C16_rand_7_r0,1,1320,28.26577,28,9.40374221e-21,4.2645998,0.0532340631,0.0352340639,0.0512276962,0.0508906879,0,0,14,2.77199006,7.88951015,0,0,0,0,0,-0.00151985919,-3.73459458,28.0936623,1.24644554,2.77441716,4.2645998,385.356903,61.0863991,1.85769999,0.0250000004,50,1,0.119999997,0.550000012,0.0133333337
C16_rand_7_r0,1,1321,28.2791042,28,4.23168395e-21,4.2645998,0.0529007278,0.0349007286,0.0512868315,0.0506726466,0,0,14,2.77199006,7.88951015,0,0,0,0,0,-0.00151985919,-3.73459458,28.0936623,1.24644554,2.77441716,4.2645998,385.356903,61.0863991,1.85769999,0.0250000004,50,1,0.119999997,0.550000012,0.0133333337
C16_rand_7_r0,1,1322,28.2924366,28,1.90425782e-21,4.2645998,0.0525673963,0.0345673971,0.0504979566,0.0502375215,0,0,14,2.77199006,7.88951015,0,0,0,0,0,-0.00151985919,-3.73459458,28.0936623,1.24644554,2.77441716,4.2645998,385.356903,61.0863991,1.85769999,0.0250000004,50,1,0.119999997,0.550000012,0.0133333337
C16_rand_7_r0,1,1323,28.3057709,28,8.56915999e-22,4.2645998,0.0522340611,0.0342340618,0.0506712608,0.0505712479,0,0,14,2.77199006,7.88951015,0,0,0,0,0,-0.00151985919,-3.73459458,28.0936623,1.24644554,2.77441716,4.2645998,385.356903,61.0863991,1.85769999,0.0250000004,50,1,0.119999997,0.550000012,0.0133333337
C16_rand_7_r0,1,1324,28.3191032,28,3.85612199e-22,4.2645998,0.0519007295,0.0339007303,0.0498635024,0.0495974422,0,0,14,2.77199006,7.88951015,0,0,0,0,0,-0.00151985919,-3.73459458,28.0936623,1.24644554,2.77441716,4.2645998,385.356903,61.0863991,1.85769999,0.0250000004,50,1,0.119999997,0.550000012,0.0133333337
C16_rand_7_r0,1,1325,28.3324375,28,1.73525494e-22,4.2645998,0.0515673943,0.0335673951,0.0500350557,0.0499352217,0,0,14,2.77199006,7.88951015,0,0,0,0,0,-0.00151985919,-3.73459458,28.0936623,1.24644554,2.77441716,4.2645998,385.356903,61.0863991,1.85769999,0.0250000004,50,1,0.119999997,0.550000012,0.0133333337
C16_rand_7_r0,1,1326,28.3457699,28,7.80864696e-23,4.2645998,0.0512340628,0.0332340635,0.0493279509,0.0489629693,0,0,14,2.77199006,7.88951015,0,0,0,0,0,-0.00151985919,-3.73459458,28.0936623,1.24644554,2.77441716,4.2645998,385.356903,61.0863991,1.85769999,0.0250000004,50,1,0.119999997,0.550000012,0.0133333337
C16_rand_7_r0,1,1327,28.3591042,28,3.51389129e-23,4.2645998,0.0509007275,0.0329007283,0.049409125,0.0493003987,0,0,14,2.77199006,7.88951015,0,0,0,0,0,-0.00151985919,-3.73459458,28.0936623,1.24644554,2.77441716,4.2645998,385.356903,61.0863991,1.85769999,0.0250000004,50,1,0.119999997,0.550000012,0.0133333337
C16_rand_7_r0,1,1328,28.3724365,28,1.58125102e-23,4.2645998,0.050567396,0.0325673968,0.0488996282,0.0483297929,0,0,14,2.77199006,7.88951015,0,0,0,0,0,-0.00151985919,-3.73459458,28.0936623,1.24644554,2.77441716,4.2645998,385.356903,61.0863991,1.85769999,0.0250000004,50,1,0.119999997,0.550000012,0.0133333337
C16_rand_7_r0,1,1329,28.3857708,28,7.11562949e-24,4.2645998,0.0502340607,0.0322340615,0.0488212407,0.0478858612,0,0,14,2.77199006,7.88951015,0,0,0,0,0,-0.00151985919,-3.73459458,28.0936623,1.24644554,2.77441716,4.2645998,385.356903,61.0863991,1.85769999,0.0250000004,50,1,0.119999997,0.550000012,0.0133333337
C16_rand_7_r0,1,1330,28.3991032,28,3.20203335e-24,4.2645998,0.0499007292,0.03190073,0.0483021475,0.0479639508,0,0,14,2.77199006,7.88951015,0,0,0,0,0,-0.00151985919,-3.73459458,28.0936623,1.24644554,2.77441716,4.2645998,385.356903,61.0863991,1.85769999,0.0250000004,50,1,0.119999997,0.550000012,0.0133333337
C16_rand_7_r0,1,1331,28.4124374,28,1.44091499e-24,4.2645998,0.049567394,0.0315673947,0.0480895005,0.0472505577,0,0,14,2.77199006,7.88951015,0,0,0,0,0,-0.00151985919,-3.73459458,28.0936623,1.24644554,2.77441716,4.2645998,385.356903,61.0863991,1.85769999,0.0250000004,50,1,0.119999997,0.550000012,0.0133333337
C16_rand_7_r0,1,1332,28.4257698,28,6.48411765e-25,4.2645998,0.0492340624,0.0312340613,0.047772117,0.0473462902,0,0,14,2.77199006,7.88951015,0,0,0,0,0,-0.00151985919,-3.73459458,28.0936623,1.24644554,2.77441716,4.2645998,385.356903,61.0863991,1.85769999,0.0250000004,50,1,0.119999997,0.550000012,0.0133333337
C16_rand_7_r0,1,1333,28.4391041,28,2.91785301e-25,4.2645998,0.0489007272,0.030900728,0.0473857336,0.0470029563,0,0,14,2.77199006,7.88951015,0,0,0,0,0,-0.00151985919,-3.73459458,28.0936623,1.24644554,2.77441716,4.2645998,385.356903,61.0863991,1.85769999,0.0250000004,50,1,0.119999997,0.550000012,0.0133333337
C16_rand_7_r0,1,1334,28.4524364,28,1.31303383e-25,4.2645998,0.0485673957,0.0305673964,0.0472878516,0.0467276499,0,0,14,2.77199006,7.88951015,0,0,0,0,0,-0.00151985919,-3.73459458,28.0936623,1.24644554,2.77441716,4.2645998,385.356903,61.0863991,1.85769999,0.0250000004,50,1,0.119999997,0.550000012,0.0133333337
C16_rand_7_r0,1,1335,28.4657707,28,5.908652e-26,4.2645998,0.0482340604,0.030234063,0.0466224477,0.046370931,0,0,14,2.77199006,7.88951015,0,0,0,0,0,-0.00151985919,-3.73459458,28.0936623,1.24644554,2.77441716,4.2645998,385.356903,61.0863991,1.85769999,0.0250000004,50,1,0.119999997,0.550000012,0.0133333337
C16_rand_7_r0,1,1336,28.4791031,28,2.65889358e-26,4.2645998,0.0479007289,0.0299007297,0.046781633,0.0464598238,0,0,14,2.77199006,7.88951015,0,0,0,0,0,-0.00151985919,-3.73459458,28.0936623,1.24644554,2.77441716,4.2645998,385.356903,61.0863991,1.85769999,0.0250000004,50,1,0.119999997,0.550000012,0.0133333337
C16_rand_7_r0,1,1337,28.4924374,28,1.19650208e-26,4.2645998,0.0475673974,0.0295673963,0.0458937101,0.0457355417,0,0,14,2.77199006,7.88951015,0,0,0,0,0,-0.00151985919,-3.73459458,28.0936623,1.24644554,2.77441716,4.2645998,385.356903,61.0863991,1.85769999,0.0250000004,50,1,0.119999997,0.550000012,0.0133333337
C16_rand_7_r0,1,1338,28.5057697,28,5.38425918e-27,4.2645998,0.0472340621,0.0292340629,0.0461259969,0.0458201692,0,0,14,2.77199006,7.88951015,0,0,0,0,0,-0.00151985919,-3.73459458,28.0936623,1.24644554,2.77441716,4.2645998,385.356903,61.0863991,1.85769999,0.0250000004,50,1,0.119999997,0.550000012,0.0133333337
C16_rand_7_r0,1,1339,28.519104,28,2.42291674e-27,4.2645998,0.0469007306,0.0289007295,0.0452013277,0.0450981446,0,0,14,2.77199006,7.88951015,0,0,0,0,0,-0.00151985919,-3.73459458,28.0936623,1.24644554,2.77441716,4.2645998,385.356903,61.0863991,1.85769999,0.0250000004,50,1,0.119999997,0.550000012,0.0133333337
C16_rand_7_r0,1,1340,28.5324364,28,1.09031247e-27,4.2645998,0.0465673953,0.0285673961,0.04547498,0.0451727472,0,0,14,2.77199006,7.88951015,0,0,0,0,0,-0.00151985919,-3.73459458,28.0936623,1.24644554,2.77441716,4.2645998,385.356903,61.0863991,1.85769999,0.0250000004,50,1,0.119999997,0.550000012,0.0133333337
C16_rand_7_r0,1,1341,28.5457706,28,0.6719504,4.2645998,0.0462340638,0.0282340627,0.0445490852,0.0444560833,0,1.22172797,14,2.77199006,7.88951015,0,0,0,0,0,-0.00151985919,-3.73459458,28.0936623,1.24644554,2.77441716,4.2645998,385.356903,61.0863991,1.85769999,0.0250000004,50,1,0.119999997,0.550000012,0.0133333337
C16_rand_7_r0,1,1342,28.559103,28,0.974328101,4.2645998,0.0459007286,0.0279007293,0.0448320173,0.0445235297,0,1.22172797,14,2.77199006,7.88951015,0,0,0,0,0,-0.00151985919,-3.73459458,28.0936623,1.24644554,2.77441716,4.2645998,385.356903,61.0863991,1.85769999,0.0250000004,50,1,0.119999997,0.550000012,0.0133333337
C16_rand_7_r0,1,1343,28.5724373,28,1.11039805,4.2645998,0.045567397,0.0275673959,0.0439451486,0.0438122675,0,1.22172797,14,2.77199006,7.88951015,0,0,0,0,0,-0.00151985919,-3.73459458,28.0936623,1.24644554,2.77441716,4.2645998,385.356903,61.0863991,1.85769999,0.0250000004,50,1,0.119999997,0.550000012,0.0133333337
C16_rand_7_r0,1,1344,28.5857697,28,1.17162955,4.2645998,0.0452340618,0.0272340626,0.0440115593,0.0434326567,0,1.22172797,14,2.77199006,7.88951015,0,0,0,0,0,-0.00151985919,-3.73459458,28.0936623,1.24644554,2.77441716,4.2645998,385.356903,61.0863991,1.85769999,0.0250000004,50,1,0.119999997,0.550000012,0.0133333337
C16_rand_7_r0,1,1345,28.5991039,28,1.1991837,4.2645998,0.0449007303,0.0269007292,0.0433989577,0.0431724079,0,1.22172797,14,2.77199006,7.88951015,0,0,0,0,0,-0.00151985919,-3.73459458,28.0936623,1.24644554,2.77441716,4.2645998,385.356903,61.0863991,1.85769999,0.0250000004,50,1,0.119999997,0.550000012,0.0133333337
C16_rand_7_r0,1,1346,28.6124363,28,1.21158302,4.2645998,0.044567395,0.0265673958,0.043159131,0.0427916721,0,1.22172797,14,2.77199006,7.88951015,0,0,0,0,0,-0.00151985919,-3.73459458,28.0936623,1.24644554,2.77441716,4.2645998,385.356903,61.0863991,1.85769999,0.0250000004,50,1,0.119999997,0.550000012,0.0133333337
C16_rand_7_r0,1,1347,28.6257706,28,1.21716273,4.2645998,0.0442340635,0.0262340624,0.0429185443,0.0425395183,0,1.22172797,14,2.77199006,7.88951015,0,0,0,0,0,-0.00151985919,-3.73459458,28.0936623,1.24644554,2.77441716,4.2645998,385.356903,61.0863991,1.85769999,0.0250000004,50,1,0.119999997,0.550000012,0.0133333337
C16_rand_7_r0,1,1348,28.6391029,28,1.21967363,4.2645998,0.0439007282,0.025900729,0.0423012488,0.0421535186,0,1.22172797,14,2.77199006,7.88951015,0,0,0,0,0,-0.00151985919,-3.73459458,28.0936623,1.24644554,2.77441716,4.2645998,385.356903,61.0863991,1.85769999,0.0250000004,50,1,0.119999997,0.550000012,0.0133333337
C16_rand_7_r0,1,1349,28.6524372,28,1.2208035,4.2645998,0.0435673967,0.0255673956,0.0425010175,0.0419052951,0,1.22172797,14,2.77199006,7.88951015,0,0,0,0,0,-0.00151985919,-3.73459458,28.0936623,1.24644554,2.77441716,4.2645998,385.356903,61.0863991,1.85769999,0.0250000004,50,1,0.119999997,0.550000012,0.0133333337
C16_rand_7_r0,1,1350,28.6657696,28,1.22131205,4.2645998,0.0432340614,0.0252340622,0.0415277854,0.0415055454,0,1.22172797,14,2.77199006,7.88951015,0,0,0,0,0,-0.00151985919,-3.73459458,28.0936623,1.24644554,2.77441716,4.2645998,385.356903,61.0863991,1.85769999,0.0250000004,50,1,0.119999997,0.550000012,0.0133333337
C16_rand_7_r0,1,1351,28.6791039,28,1.22154081,4.2645998,0.0429007299,0.0249007288,0.0419333577,0.0419309177,0,1.22172797,14,2.77199006,7.88951015,0,0,0,0,0,-0.00151985919,-3.73459458,28.0936623,1.24644554,2.77441716,4.2645998,385.356903,61.0863991,1.85769999,0.0250000004,50,1,0.119999997,0.550000012,0.0133333337
C16_rand_7_r0,1,1352,28.6924362,28,1.22164381,4.2645998,0.0425673947,0.0245673954,0.0408595018,0.0408459567,0,1.22172797,14,2.77199006,7.88951015,0,0,0,0,0,-0.00151985919,-3.73459458,28.0936623,1.24644554,2.77441716,4.2645998,385.356903,61.0863991,1.85769999,0.0250000004,50,1,0.119999997,0.550000012,0.0133333337
C16_rand_7_r0,1,1353,28.7057705,28,1.22169006,4.2645998,0.0422340631,0.0242340621,0.0413003229,0.0403880738,0,1.22172797,14,2.77199006,7.88951015,0,0,0,0,0,-0.00151985919,-3.73459458,28.0936623,1.24644554,2.77441716,4.2645998,385.356903,61.0863991,1.85769999,0.0250000004,50,1,0.119999997,0.550000012,0.0133333337
C16_rand_7_r0,1,1354,28.7191029,28,1.22171092,4.2645998,0.0419007279,0.0239007287,0.0402087979,0.0402017124,0,1.22172797,14,2.77199006,7.88951015,0,0,0,0,0,-0.00151985919,-3.73459458,28.0936623,1.24644554,2.77441716,4.2645998,385.356903,61.0863991,1.85769999,0.0250000004,50,1,0.119999997,0.550000012,0.0133333337
C16_rand_7_r0,1,1355,28.7324371,28,1.22172034,4.2645998,0.0415673964,0.0235673953,0.0403045118,0.0397269949,0,1.22172797,14,2.77199006,7.88951015,0,0,0,0,0,-0.00151985919,-3.73459458,28.0936623,1.24644554,2.77441716,4.2645998,385.356903,61.0863991,1.85769999,0.0250000004,50,1,0.119999997,0.550000012,0.0133333337
C16_rand_7_r0,1,1356,28.7457695,28,1.22172451,4.2645998,0.0412340611,0.0232340619,0.0396115929,0.039538119,0,1.22172797,14,2.77199006,7.88951015,0,0,0,0,0,-0.00151985919,-3.73459458,28.0936623,1.24644554,2.77441716,4.2645998,385.356903,61.0863991,1.85769999,0.0250000004,50,1,0.119999997,0.550000012,0.0133333337
C16_rand_7_r0,1,1357,28.7591038,28,1.22172642,4.2645998,0.0409007296,0.0229007285,0.039418105,0.039068222,0,1.22172797,14,2.77199006,7.88951015,0,0,0,0,0,-0.00151985919,-3.73459458,28.0936623,1.24644554,2.77441716,4.2645998,385.356903,61.0863991,1.85769999,0.0250000004,50,1,0.119999997,0.550000012,0.0133333337
C16_rand_7_r0,1,1358,28.7724361,28,1.22172725,4.2645998,0.0405673943,0.0225673951,0.0390939265,0.0388796404,0,1.22172797,14,2.77199006,7.88951015,0,0,0,0,0,-0.00151985919,-3.73459458,28.0936623,1.24644554,2.77441716,4.2645998,385.356903,61.0863991,1.85769999,0.0250000004,50,1,0.119999997,0.550000012,0.0133333337
C16_rand_7_r0,1,1359,28.7857704,28,1.22172773,4.2645998,0.0402340628,0.0222340617,0.0386598632,0.0384211615,0,1.22172797,14,2.77199006,7.88951015,0,0,0,0,0,-0.00151985919,-3.73459458,28.0936623,1.24644554,2.77441716,4.2645998,385.356903,61.0863991,1.85769999,0.0250000004,50,1,0.119999997,0.550000012,0.0133333337
C16_rand_7_r0,1,1360,28.7991028,28,1.22172785,4.2645998,0.0399007276,0.0219007283,0.0386655703,0.0382276997,0,1.22172797,14,2.77199006,7.88951015,0,0,0,0,0,-0.00151985919,-3.73459458,28.0936623,1.24644554,2.77441716,4.2645998,385.356903,61.0863991,1.85769999,0.0250000004,50,1,0.119999997,0.550000012,0.0133333337
C16_rand_7_r0,1,1361,28.8124371,28,1.22172797,4.2645998,0.039567396,0.021567395,0.0380415022,0.0377851874,0,1.22172797,14,2.77199006,7.88951015,0,0,0,0,0,-0.00151985919,-3.73459458,28.0936623,1.24644554,2.77441716,4.2645998,385.356903,61.0863991,1.85769999,0.0250000004,50,1,0.119999997,0.550000012,0.0133333337
C16_rand_7_r0,1,1362,28.8257694,28,1.22172797,4.2645998,0.0392340608,0.0212340616,0.0383269303,0.0375735797,0,1.22172797,14,2.77199006,7.88951015,0,0,0,0,0,-0.00151985919,-3.73459458,28.0936623,1.24644554,2.77441716,4.2645998,385.356903,61.0863991,1.85769999,0.0250000004,50,1,0.119999997,0.550000012,0.0133333337
C16_rand_7_r0,1,1363,28.8391037,28,1.22172797,4.2645998,0.0389007293,0.0209007282,0.0373715721,0.0372265726,0,1.22172797,14,2.77199006,7.88951015,0,0,0,0,0,-0.00151985919,-3.73459458,28.0936623,1.24644554,2.77441716,4.2645998,385.356903,61.0863991,1.85769999,0.0250000004,50,1,0.119999997,0.550000012,0.0133333337
C16_rand_7_r0,1,1364,28.8524361,28,1.22172797,4.2645998,0.038567394,0.0205673948,0.0379472449,0.0367483795,0,1.22172797,14,2.77199006,7.88951015,0,0,0,0,0,-0.00151985919,-3.73459458,28.0936623,1.24644554,2.77441716,4.2645998,385.356903,61.0863991,1.85769999,0.0250000004,50,1,0.119999997,0.550000012,0.0133333337
C16_rand_7_r0,1,1365,28.8657703,28,1.22172797,4.2645998,0.0382340625,0.0202340614,0.0366899855,0.0365761705,0,1.22172797,14,2.77199006,7.88951015,0,0,0,0,0,-0.00151985919,-3.73459458,28.0936623,1.24644554,2.77441716,4.2645998,385.356903,61.0863991,1.85769999,0.0250000004,50,1,0.119999997,0.550000012,0.0133333337
C16_rand_7_r0,1,1366,28.8791027,28,1.22172797,4.2645998,0.0379007272,0.019900728,0.0370937437,0.0361226499,0,1.22172797,14,2.77199006,7.88951015,0,0,0,0,0,-0.00151985919,-3.73459458,28.0936623,1.24644554,2.77441716,4.2645998,385.356903,61.0863991,1.85769999,0.0250000004,50,1,0.119999997,0.550000012,0.0133333337
C16_rand_7_r0,1,1367,28.892437,28,1.22172797,4.2645998,0.0375673957,0.0195673946,0.0360926576,0.0359255895,0,1.22172797,14,2.77199006,7.88951015,0,0,0,0,0,-0.00151985919,-3.73459458,28.0936623,1.24644554,2.77441716,4.2645998,385.356903,61.0863991,1.85769999,0.0250000004,50,1,0.119999997,0.550000012,0.0133333337
C16_rand_7_r0,1,1368,28.9057693,28,1.22172797,4.2645998,0.0372340605,0.0192340631,0.0363793895,0.035497237,0,1.22172797,14,2.77199006,7.88951015,0,0,0,0,0,-0.00151985919,-3.73459458,28.0936623,1.24644554,2.77441716,4.2645998,385.356903,61.0863991,1.85769999,0.0250000004,50,1,0.119999997,0.550000012,0.0133333337
C16_rand_7_r0,1,1369,28.9191036,28,1.22172797,4.2645998,0.0369007289,0.0189007297,0.0355877355,0.0352787413,0,1.22172797,14,2.77199006,7.88951015,0,0,0,0,0,-0.00151985919,-3.73459458,28.0936623,1.24644554,2.77441716,4.2645998,385.356903,61.0863991,1.85769999,0.0250000004,50,1,0.119999997,0.550000012,0.0133333337
C16_rand_7_r0,1,1370,28.932436,28,1.22172797,4.2645998,0.0365673937,0.0185673963,0.0358177014,0.0348755345,0,1.22172797,14,2.77199006,7.88951015,0,0,0,0,0,-0.00151985919,-3.73459458,28.0936623,1.24644554,2.77441716,4.2645998,385.356903,61.0863991,1.85769999,0.0250000004,50,1,0.119999997,0.550000012,0.0133333337
C16_rand_7_r0,1,1371,28.9457703,28,1.22172797,4.2645998,0.0362340622,0.0182340629,0.0351842605,0.0346353091,0,1.22172797,14,2.77199006,7.88951015,0,0,0,0,0,-0.00151985919,-3.73459458,28.0936623,1.24644554,2.77441716,4.2645998,385.356903,61.0863991,1.85769999,0.0250000004,50,1,0.119999997,0.550000012,0.0133333337
C16_rand_7_r0,1,1372,28.9591026,28,1.22172797,4.2645998,0.0359007306,0.0179007296,0.035031002,0.0343081281,0,1.22172797,14,2.77199006,7.88951015,0,0,0,0,0,-0.00151985919,-3.73459458,28.0936623,1.24644554,2.77441716,4.2645998,385.356903,61.0863991,1.85769999,0.0250000004,50,1,0.119999997,0.550000012,0.0133333337
C16_rand_7_r0,1,1373,28.9724369,28,1.22172797,4.2645998,0.0355673954,0.0175673962,0.0347257219,0.0343649238,0,1.22172797,14,2.77199006,7.88951015,0,0,0,0,0,-0.00151985919,-3.73459458,28.0936623,1.24644554,2.77441716,4.2645998,385.356903,61.0863991,1.85769999,0.0250000004,50,1,0.119999997,0.550000012,0.0133333337
C16_rand_7_r0,1,1374,28.9857693,28,1.22172797,4.2645998,0.0352340639,0.0172340628,0.0342437066,0.0336629152,0,1.22172797,14,2.77199006,7.88951015,0,0,0,0,0,-0.00151985919,-3.73459458,28.0936623,1.24644554,2.77441716,4.2645998,385.356903,61.0863991,1.85769999,0.0250000004,50,1,0.119999997,0.550000012,0.0133333337
C16_rand_7_r0,1,1375,28.9991035,28,1.22172797,4.2645998,0.0349007286,0.0169007294,0.0342954472,0.0337511189,0,1.22172797,14,2.77199006,7.88951015,0,0,0,0,0,-0.00151985919,-3.73459458,28.0936623,1.24644554,2.77441716,4.2645998,385.356903,61.0863991,1.85769999,0.0250000004,50,1,0.119999997,0.550000012,0.0133333337
C16_rand_7_r0,1,1376,29.0124359,29,1.22172797,4.2645998,0.0345673971,0.016567396,0.0335449986,0.0330160074,0,1.22172797,14,2.77199006,7.88951015,0,0,0,0,0,-0.937991738,-10.6448336,29.9225674,1.45023692,2.52655005,4.2645998,385.356903,61.0863991,1.85769999,0.0250000004,50,1,0.119999997,0.550000012,0.0133333337
C16_rand_7_r0,1,1377,29.0257702,29,1.22172797,4.2645998,0.0342340618,0.0162340626,0.0337363034,0.0332263783,0,1.22172797,14,2.77199006,7.88951015,0,0,0,0,0,-0.937991738,-10.6448336,29.9225674,1.45023692,2.52655005,4.2645998,385.356903,61.0863991,1.85769999,0.0250000004,50,1,0.119999997,0.550000012,0.0133333337
C16_rand_7_r0,1,1378,29.0391026,29,1.22172797,4.2645998,0.0339007303,0.0159007292,0.0327782668,0.0326905623,0,1.22172797,14,2.77199006,7.88951015,0,0,0,0,0,-0.937991738,-10.6448336,29.9225674,1.45023692,2.52655005,4.2645998,385.356903,61.0863991,1.85769999,0.0250000004,50,1,0.119999997,0.550000012,0.0133333337
C16_rand_7_r0,1,1379,29.0524368,29,1.22172797,4.2645998,0.0335673951,0.0155673958,0.0329705402,0.0325585455,0,1.22172797,14,2.77199006,7.88951015,0,0,0,0,0,-0.937991738,-10.6448336,29.9225674,1.45023692,2.52655005,4.2645998,385.356903,61.0863991,1.85769999,0.0250000004,50,1,0.119999997,0.550000012,0.0133333337
C16_rand_7_r0,1,1380,29.0657692,29,1.22172797,4.2645998,0.0332340635,0.0152340624,0.0320672579,0.0320443325,0,1.22172797,14,2.77199006,7.88951015,0,0,0,0,0,-0.937991738,-10.6448336,29.9225674,1.45023692,2.52655005,4.2645998,385.356903,61.0863991,1.85769999,0.0250000004,50,1,0.119999997,0.550000012,0.0133333337
C16_rand_7_r0,1,1381,29.0791035,29,1.22172797,4.2645998,0.0329007283,0.0149007291,0.032212697,0.0318729803,0,1.22172797,14,2.77199006,7.88951015,0,0,0,0,0,-0.937991738,-10.6448336,29.9225674,1.45023692,2.52655005,4.2645998,385.356903,61.0863991,1.85769999,0.0250000004,50,1,0.119999997,0.550000012,0.0133333337
C16_rand_7_r0,1,1382,29.0924358,29,1.22172797,4.2645998,0.0325673968,0.0145673957,0.0314784087,0.0313903838,0,1.22172797,14,2.77199006,7.88951015,0,0,0,0,0,-0.937991738,-10.6448336,29.9225674,1.45023692,2.52655005,4.2645998,385.356903,61.0863991,1.85769999,0.0250000004,50,1,0.119999997,0.550000012,0.0133333337
C16_rand_7_r0,1,1383,29.1057701,29,1.22172797,4.2645998,0.0322340615,0.0142340623,0.0314160995,0.0311548747,0,1.22172797,14,2.77199006,7.88951015,0,0,0,0,0,-0.937991738,-10.6448336,29.9225674,1.45023692,2.52655005,4.2645998,385.356903,61.0863991,1.85769999,0.0250000004,50,1,0.119999997,0.550000012,0.0133333337
C16_rand_7_r0,1,1384,29.1191025,29,1.22172797,4.2645998,0.03190073,0.0139007289,0.0309463888,0.0308075603,0,1.22172797,14,2.77199006,7.88951015,0,0,0,0,0,-0.937991738,-10.6448336,29.9225674,1.45023692,2.52655005,4.2645998,385.356903,61.0863991,1.85769999,0.0250000004,50,1,0.119999997,0.550000012,0.0133333337
C16_rand_7_r0,1,1385,29.1324368,29,1.22172797,4.2645998,0.0315673947,0.0135673955,0.0305100605,0.0304020718,0,1.22172797,14,2.77199006,7.88951015,0,0,0,0,0,-0.937991738,-10.6448336,29.9225674,1.45023692,2.52655005,4.2645998,385.356903,61.0863991,1.85769999,0.0250000004,50,1,0.119999997,0.550000012,0.0133333337
C16_rand_7_r0,1,1386,29.1457691,29,1.22172797,4.2645998,0.0312340613,0.0132340621,0.0302708875,0.0300977305,0,1.22172797,14,2.77199006,7.88951015,0,0,0,0,0,-0.937991738,-10.6448336,29.9225674,1.45023692,2.52655005,4.2645998,385.356903,61.0863991,1.85769999,0.0250000004,50,1,0.119999997,0.550000012,0.0133333337
C16_rand_7_r0,1,1387,29.1591034,29,1.22172797,4.2645998,0.030900728,0.0129007287,0.0297067966,0.0296371523,0,1.22172797,14,2.77199006,7.88951015,0,0,0,0,0,-0.937991738,-10.6448336,29.9225674,1.45023692,2.52655005,4.2645998,385.356903,61.0863991,1.85769999,0.0250000004,50,1,0.119999997,0.550000012,0.0133333337
C16_rand_7_r0,1,1388,29.1724358,29,1.22172797,4.2645998,0.0305673964,0.0125673953,0.0295991059,0.0293884613,0,1.22172797,14,2.77199006,7.88951015,0,0,0,0,0,-0.937991738,-10.6448336,29.9225674,1.45023692,2.52655005,4.2645998,385.356903,61.0863991,1.85769999,0.0250000004,50,1,0.119999997,0.550000012,0.0133333337
C16_rand_7_r0,1,1389,29.18577,29,1.22172797,4.2645998,0.030234063,0.012234062,0.0290333517,0.0288686864,0,1.22172797,14,2.77199006,7.88951015,0,0,0,0,0,-0.937991738,-10.6448336,29.9225674,1.45023692,2.52655005,4.2645998,385.356903,61.0863991,1.85769999,0.0250000004,50,1,0.119999997,0.550000012,0.0133333337
C16_rand_7_r0,1,1390,29.1991024,29,1.22172797,4.2645998,0.0299007297,0.0119007286,0.0289320294,0.0286802258,0,1.22172797,14,2.77199006,7.88951015,0,0,0,0,0,-0.937991738,-10.6448336,29.9225674,1.45023692,2.52655005,4.2645998,385.356903,61.0863991,1.85769999,0.0250000004,50,1,0.119999997,0.550000012,0.0133333337
C16_rand_7_r0,1,1391,29.2124367,29,1.22172797,4.2645998,0.0295673963,0.0115673952,0.0284562949,0.0278389025,0,1.22172797,14,2.77199006,7.88951015,0,0,0,0,0,-0.937991738,-10.6448336,29.9225674,1.45023692,2.52655005,4.2645998,385.356903,61.0863991,1.85769999,0.0250000004,50,1,0.119999997,0.550000012,0.0133333337
C16_rand_7_r0,1,1392,29.225771,29,1.22172797,4.2645998,0.0292340629,0.0112340618,0.028272599,0.0279778987,0,1.22172797,14,2.77199006,7.88951015,0,0,0,0,0,-0.937991738,-10.6448336,29.9225674,1.45023692,2.52655005,4.2645998,385.356903,61.0863991,1.85769999,0.0250000004,50,1,0.119999997,0.550000012,0.0133333337
C16_rand_7_r0,1,1393,29.2391033,29,1.22172797,4.2645998,0.0289007295,0.0109007293,0.0276981145,0.0271513537,0,1.22172797,14,2.77199006,7.88951015,0,0,0,0,0,-0.937991738,-10.6448336,29.9225674,1.45023692,2.52655005,4.2645998,385.356903,61.0863991,1.85769999,0.0250000004,50,1,0.119999997,0.550000012,0.0133333337
C16_rand_7_r0,1,1394,29.2524376,29,1.22172797,4.2645998,0.0285673961,0.0105673959,0.0276248343,0.0272902511,0,1.22172797,14,2.77199006,7.88951015,0,0,0,0,0,-0.937991738,-10.6448336,29.9225674,1.45023692,2.52655005,4.2645998,385.356903,61.0863991,1.85769999,0.0250000004,50,1,0.119999997,0.550000012,0.0133333337
C16_rand_7_r0,1,1395,29.26577,29,1.22172797,4.2645998,0.0282340627,0.0102340626,0.0270107538,0.0264771301,0,1.22172797,14,2.77199006,7.88951015,0,0,0,0,0,-0.937991738,-10.6448336,29.9225674,1.45023692,2.52655005,4.2645998,385.356903,61.0863991,1.85769999,0.0250000004,50,1,0.119999997,0.550000012,0.0133333337
C16_rand_7_r0,1,1396,29.2791042,29,1.22172797,4.2645998,0.0279007293,0.00990072917,0.0269849673,0.026619805,0,1.22172797,14,2.77199006,7.88951015,0,0,0,0,0,-0.937991738,-10.6448336,29.9225674,1.45023692,2.52655005,4.2645998,385.356903,61.0863991,1.85769999,0.0250000004,50,1,0.119999997,0.550000012,0.0133333337
C16_rand_7_r0,1,1397,29.2924366,29,1.22172797,4.2645998,0.0275673959,0.00956739578,0.0262783542,0.0257056635,0,1.22172797,14,2.77199006,7.88951015,0,0,0,0,0,-0.937991738,-10.6448336,29.9225674,1.45023692,2.52655005,4.2645998,385.356903,61.0863991,1.85769999,0.0250000004,50,1,0.119999997,0.550000012,0.0133333337
C16_rand_7_r0,1,1398,29.3057709,29,1.22172797,4.2645998,0.0272340626,0.0092340624,0.0263469182,0.0259585325,0,1.22172797,14,2.77199006,7.88951015,0,0,0,0,0,-0.937991738,-10.6448336,29.9225674,1.45023692,2.52655005,4.2645998,385.356903,61.0863991,1.85769999,0.0250000004,50,1,0.119999997,0.550000012,0.0133333337
C16_rand_7_r0,1,1399,29.3191032,29,1.22172797,4.2645998,0.0269007292,0.00890072901,0.0252699237,0.0249796938,0,1.22172797,14,2.77199006,7.88951015,0,0,0,0,0,-0.937991738,-10.6448336,29.9225674,1.45023692,2.52655005,4.2645998,385.356903,61.0863991,1.85769999,0.0250000004,50,1,0.119999997,0.550000012,0.0133333337
C16_rand_7_r0,1,1400,29.3324375,29,1.22172797,4.2645998,0.0265673958,0.00856739562,0.0257090442,0.0253029037,0,1.22172797,14,2.77199006,7.88951015,0,0,0,0,0,-0.937991738,-10.6448336,29.9225674,1.45023692,2.52655005,4.2645998,385.356903,61.0863991,1.85769999,0.0250000004,50,1,0.119999997,0.550000012,0.0133333337
C16_rand_7_r0,1,1401,29.3457699,29,1.22172797,4.2645998,0.0262340624,0.00823406223,0.0244247336,0.0242636874,0,1.22172797,14,2.77199006,7.88951015,0,0,0,0,0,-0.937991738,-10.6448336,29.9225674,1.45023692,2.52655005,4.2645998,385.356903,61.0863991,1.85769999,0.0250000004,50,1,0.119999997,0.550000012,0.0133333337
C16_rand_7_r0,1,1402,29.3591042,29,1.22172797,4.2645998,0.025900729,0.00790072884,0.0249262694,0.0241997186,0,1.22172797,14,2.77199006,7.88951015,0,0,0,0,0,-0.937991738,-10.6448336,29.9225674,1.45023692,2.52655005,4.2645998,385.356903,61.0863991,1.85769999,0.0250000004,50,1,0.119999997,0.550000012,0.0133333337
C16_rand_7_r0,1,1403,29.3724365,29,1.22172797,4.2645998,0.0255673956,0.00756739546,0.0237468798,0.0235552881,0,1.22172797,14,2.77199006,7.88951015,0,0,0,0,0,-0.937991738,-10.6448336,29.9225674,1.45023692,2.52655005,4.2645998,385.356903,61.0863991,1.85769999,0.0250000004,50,1,0.119999997,0.550000012,0.0133333337
C16_rand_7_r0,1,1404,29.3857708,29,1.22172797,4.2645998,0.0252340622,0.00723406207,0.0240453724,0.0235408861,0,1.22172797,14,2.77199006,7.88951015,0,0,0,0,0,-0.937991738,-10.6448336,29.9225674,1.45023692,2.52655005,4.2645998,385.356903,61.0863991,1.85769999,0.0250000004,50,1,0.119999997,0.550000012,0.0133333337
C16_rand_7_r0,1,1405,29.3991032,29,1.22172797,4.2645998,0.0249007288,0.00690072868,0.023240013,0.022859823,0,1.22172797,14,2.77199006,7.88951015,0,0,0,0,0,-0.937991738,-10.6448336,29.9225674,1.45023692,2.52655005,4.2645998,385.356903,61.0863991,1.85769999,0.0250000004,50,1,0.119999997,0.550000012,0.0133333337
C16_rand_7_r0,1,1406,29.4124374,29,1.22172797,4.2645998,0.0245673954,0.00656739576,0.023226602,0.0226075929,0,1.22172797,14,2.77199006,7.88951015,0,0,0,0,0,-0.937991738,-10.6448336,29.9225674,1.45023692,2.52655005,4.2645998,385.356903,61.0863991,1.85769999,0.0250000004,50,1,0.119999997,0.550000012,0.0133333337
C16_rand_7_r0,1,1407,29.4257698,29,1.22172797,4.2645998,0.0242340621,0.00623406237,0.0229014214,0.0221731625,0,1.22172797,14,2.77199006,7.88951015,0,0,0,0,0,-0.937991738,-10.6448336,29.9225674,1.45023692,2.52655005,4.2645998,385.356903,61.0863991,1.85769999,0.0250000004,50,1,0.119999997,0.550000012,0.0133333337
C16_rand_7_r0,1,1408,29.4391041,29,1.22172797,4.2645998,0.0239007287,0.00590072898,0.0223069489,0.0219038073,0,1.22172797,14,2.77199006,7.88951015,0,0,0,0,0,-0.937991738,-10.6448336,29.9225674,1.45023692,2.52655005,4.2645998,385.356903,61.0863991,1.85769999,0.0250000004,50,1,0.119999997,0.550000012,0.0133333337
C16_rand_7_r0,1,1409,29.4524364,29,1.22172797,4.2645998,0.0235673953,0.00556739559,0.0227300469,0.0214979183,0,1.22172797,14,2.77199006,7.88951015,0,0,0,0,0,-0.937991738,-10.6448336,29.9225674,1.45023692,2.52655005,4.2645998,385.356903,61.0863991,1.85769999,0.0250000004,50,1,0.119999997,0.550000012,0.0133333337
C16_rand_7_r0,1,1410,29.4657707,29,1.22172797,4.2645998,0.0232340619,0.00523406221,0.0215783529,0.0212118421,0,1.22172797,14,2.77199006,7.88951015,0,0,0,0,0,-0.937991738,-10.6448336,29.9225674,1.45023692,2.52655005,4.2645998,385.356903,61.0863991,1.85769999,0.0250000004,50,1,0.119999997,0.550000012,0.0133333337
C16_rand_7_r0,1,1411,29.4791031,29,1.22172797,4.2645998,0.0229007285,0.00490072882,0.021924844,0.0213670898,0,1.22172797,14,2.77199006,7.88951015,0,0,0,0,0,-0.937991738,-10.6448336,29.9225674,1.45023692,2.52655005,4.2645998,385.356903,61.0863991,1.85769999,0.0250000004,50,1,0.119999997,0.550000012,0.0133333337
C16_rand_7_r0,1,1412,29.4924374,29,1.22172797,4.2645998,0.0225673951,0.00456739543,0.0210397504,0.0205265898,0,1.22172797,14,2.77199006,7.88951015,0,0,0,0,0,-0.937991738,-10.6448336,29.9225674,1.45023692,2.52655005,4.2645998,385.356903,61.0863991,1.85769999,0.0250000004,50,1,0.119999997,0.550000012,0.0133333337
C16_rand_7_r0,1,1413,29.5057697,29,1.22172797,4.2645998,0.0222340617,0.00423406204,0.0209670477,0.0206763521,0,1.22172797,14,2.77199006,7.88951015,0,0,0,0,0,-0.937991738,-10.6448336,29.9225674,1.45023692,2.52655005,4.2645998,385.356903,61.0863991,1.85769999,0.0250000004,50,1,0.119999997,0.550000012,0.0133333337
C16_rand_7_r0,1,1414,29.519104,29,1.22172797,4.2645998,0.0219007283,0.00390072889,0.0203132275,0.0202870909,0,1.22172797,14,2.77199006,7.88951015,0,0,0,0,0,-0.937991738,-10.6448336,29.9225674,1.45023692,2.52655005,4.2645998,385.356903,61.0863991,1.85769999,0.0250000004,50,1,0.119999997,0.550000012,0.0133333337
C16_rand_7_r0,1,1415,29.5324364,29,1.22172797,4.2645998,0.021567395,0.0035673955,0.0201225691,0.0199763551,0,1.22172797,14,2.77199006,7.88951015,0,0,0,0,0,-0.937991738,-10.6448336,29.9225674,1.45023692,2.52655005,4.2645998,385.356903,61.0863991,1.85769999,0.0250000004,50,1,0.119999997,0.550000012,0.0133333337
C16_rand_7_r0,1,1416,29.5457706,29,1.22172797,4.2645998,0.0212340616,0.00323406211,0.0196707156,0.0196253285,0,1.22172797,14,2.77199006,7.88951015,0,0,0,0,0,-0.937991738,-10.6448336,29.9225674,1.45023692,2.52655005,4.2645998,385.356903,61.0863991,1.85769999,0.0250000004,50,1,0.119999997,0.550000012,0.0133333337
C16_rand_7_r0,1,1417,29.559103,29,1.22172797,4.2645998,0.0209007282,0.00290072896,0.0193972979,0.019269539,0,1.22172797,14,2.77199006,7.88951015,0,0,0,0,0,-0.937991738,-10.6448336,29.9225674,1.45023692,2.52655005,4.2645998,385.356903,61.0863991,1.85769999,0.0250000004,50,1,0.119999997,0.550000012,0.0133333337
C16_rand_7_r0,1,1418,29.5724373,29,1.22172797,4.2645998,0.0205673948,0.00256739557,0.0190567169,0.0189614147,0,1.22172797,14,2.77199006,7.88951015,0,0,0,0,0,-0.937991738,-10.6448336,29.9225674,1.45023692,2.52655005,4.2645998,385.356903,61.0863991,1.85769999,0.0250000004,50,1,0.119999997,0.550000012,0.0133333337
C16_rand_7_r0,1,1419,29.5857697,29,1.22172797,4.2645998,0.0202340614,0.00223406218,0.0188054629,0.0185582787,0,1.22172797,14,2.77199006,7.88951015,0,0,0,0,0,-0.937991738,-10.6448336,29.9225674,1.45023692,2.52655005,4.2645998,385.356903,61.0863991,1.85769999,0.0250000004,50,1,0.119999997,0.550000012,0.0133333337
C16_rand_7_r0,1,1420,29.5991039,29,1.27210176,4.2645998,0.019900728,0.00190072891,0.0184171759,0.0177623276,0.000237672459,1.3133167,14,2.77199006,7.88951015,0,0,0,0,0,-0.937991738,-10.6448336,29.9225674,1.45023692,2.52655005,4.2645998,385.356903,61.0863991,1.85769999,0.0250000004,50,1,0.119999997,0.550000012,0.0133333337
C16_rand_7_r0,1,1421,29.6124363,29,1.27712369,4.2645998,0.0195673946,0.00156739552,0.0183533467,0.0178455859,0.000154414185,1.2812326,14,2.77199006,7.88951015,0,0,0,0,0,-0.937991738,-10.6448336,29.9225674,1.45023692,2.52655005,4.2645998,385.356903,61.0863991,1.85769999,0.0250000004,50,1,0.119999997,0.550000012,0.0133333337
C16_rand_7_r0,1,1422,29.6257706,29,1.44304752,4.2645998,0.0192340631,0.00123406225,0.0174227413,0.017073391,0.000926609559,1.57880342,14,2.77199006,7.88951015,0,0,0,0,0,-0.937991738,-10.6448336,29.9225674,1.45023692,2.52655005,4.2645998,385.356903,61.0863991,1.85769999,0.0250000004,50,1,0.119999997,0.550000012,0.0133333337
C16_rand_7_r0,1,1423,29.6391029,29,1.50454533,4.2645998,0.0189007297,0.000900728861,0.0180444662,0.0171355195,0.000864481204,1.55486178,14,2.77199006,7.88951015,0,0,0,0,0,-0.937991738,-10.6448336,29.9225674,1.45023692,2.52655005,4.2645998,385.356903,61.0863991,1.85769999,0.0250000004,50,1,0.119999997,0.550000012,0.0133333337
C16_rand_7_r0,1,1424,29.6524372,29,1.69104016,4.2645998,0.0185673963,0.000567395531,0.0165988449,0.0163861737,0.00161382579,1.84362686,14,2.77199006,7.88951015,0,0,0,0,0,-0.937991738,-10.6448336,29.9225674,1.45023692,2.52655005,4.2645998,385.356903,61.0863991,1.85769999,0.0250000004,50,1,0.119999997,0.550000012,0.0133333337
C16_rand_7_r0,1,1425,29.6657696,29,1.56565201,4.2645998,0.0182340629,0.000234062216,0.0174445175,0.0173737388,0.000626260298,1.46306169,14,2.77199006,7.88951015,0,0,0,0,0,-0.937991738,-10.6448336,29.9225674,1.45023692,2.52655005,4.2645998,385.356903,61.0863991,1.85769999,0.0250000004,50,1,0.119999997,0.550000012,0.0133333337
C16_rand_7_r0,1,1426,29.6791039,29,1.8655082,4.2645998,0.0179007296,-9.92711211e-05,0.0159415398,0.0156927444,0.00230725622,2.11084509,14,2.77199006,7.88951015,0,0,0,0,0,-0.937991738,-10.6448336,29.9225674,1.45023692,2.52655005,4.2645998,385.356903,61.0863991,1.85769999,0.0250000004,50,1,0.119999997,0.550000012,0.0133333337
C16_rand_7_r0,1,1427,29.6924362,29,1.96656966,4.2645998,0.0175673962,-0.000432604458,0.0167750306,0.0158525668,0.00214743335,2.04925632,14,2.77199006,7.88951015,1,0,0,0,0,-0.937991738,-10.6448336,29.9225674,1.45023692,2.52655005,4.2645998,385.356903,61.0863991,1.85769999,0.0250000004,50,1,0.119999997,0.550000012,0.0133333337
C16_rand_7_r0,1,1428,29.7057705,29,2.19420695,4.2645998,0.0172340628,-0.000765937788,0.0154485907,0.0149931051,0.00300689507,2.38045573,14,2.77199006,7.88951015,1,0,0,0,0,-0.937991738,-10.6448336,29.9225674,1.45023692,2.52655005,4.2645998,385.356903,61.0863991,1.85769999,0.0250000004,50,1,0.119999997,0.550000012,0.0133333337
C16_rand_7_r0,1,1429,29.7191029,29,2.36446595,4.2645998,0.0169007294,-0.00109927112,0.0158464778,0.0146731082,0.00332689192,2.50376868,14,2.77199006,7.88951015,1,0,0,0,0,-0.937991738,-10.6448336,29.9225674,1.45023692,2.52655005,4.2645998,385.356903,61.0863991,1.85769999,0.0250000004,50,1,0.119999997,0.550000012,0.0133333337
C16_rand_7_r0,1,1430,29.7324371,29,2.51983762,4.2645998,0.016567396,-0.00143260451,0.0151244355,0.0143015273,0.00369847263,2.64696002,14,2.77199006,7.88951015,1,0,0,0,0,-0.937991738,-10.6448336,29.9225674,1.45023692,2.52655005,4.2645998,385.356903,61.0863991,1.85769999,0.0250000004,50,1,0.119999997,0.550000012,0.0133333337
C16_rand_7_r0,1,1431,29.7457695,29,2.65903902,4.2645998,0.0162340626,-0.00176593778,0.014910697,0.0139746321,0.00402536755,2.7729311,14,2.77199006,7.88951015,1,0,0,1,0,-0.937991738,-10.6448336,29.9225674,1.45023692,2.52655005,4.2645998,385.356903,61.0863991,1.85769999,0.0250000004,50,1,0.119999997,0.550000012,0.0133333337
C16_rand_7_r0,1,1432,29.9315395,29,2.79740214,4.2645998,0.0159007292,-0.00209927117,0.0149597563,0.013617361,0.00438263919,2.91060829,14,2.77199006,7.88951015,1,1,0,2,0,-0.937991738,-10.6448336,29.9225674,1.45023692,2.52655005,4.2645998,385.356903,61.0863991,1.85769999,0.0250000004,50,1,0.119999997,0.550000012,0.0133333337
C16_rand_7_r0,1,1433,30.1173096,30,2.92900276,4.2645998,0.0155673958,-0.00243260455,0.0141518954,0.0132902153,0.00470978441,3.03667593,14,2.77199006,7.88951015,1,1,0,3,0,1.28131926,0.622352779,27.4771271,1.34597158,5.42654371,4.2645998,385.356903,61.0863991,1.85769999,0.0250000004,50,1,0.119999997,0.550000012,0.0133333337
C16_rand_7_r0,1,1434,32.1857681,32,2.89133763,4.2645998,0.0152340624,-0.00276593771,0.0137504851,0.0137473373,0.00425266288,2.86052108,14,2.77199006,7.88951015,1,1,0,4,0,-0.882328212,-3.76515484,23.0695305,1.18483412,4.8813529,4.2645998,385.356903,61.0863991,1.85769999,0.0250000004,50,1,0.119999997,0.550000012,0.0133333337
C16_rand_7_r0,1,1435,32.3715401,32,3.0705204,4.2645998,0.0149007291,-0.0030992711,0.0132532371,0.0128219528,0.00517804734,3.21712422,14,2.77199006,7.88951015,1,1,0,5,0,-0.882328212,-3.76515484,23.0695305,1.18483412,4.8813529,4.2645998,385.356903,61.0863991,1.85769999,0.0250000004,50,1,0.119999997,0.550000012,0.0133333337
C16_rand_7_r0,1,1436,32.5573082,32,3.31089973,4.2645998,0.0145802563,-0.00341974339,0.0131403198,0.0120682372,0.00593176251,3.5075736,14,2.77199006,7.88951015,1,1,0,6,0,-0.882328212,-3.76515484,23.0695305,1.18483412,4.8813529,4.2645998,385.356903,61.0863991,1.85769999,0.0250000004,50,1,0.119999997,0.550000012,0.0133333337
C16_rand_7_r0,2,1858,0.0133333337,0,0,4.2645998,0.0496666655,0.0316666663,0.27567479,0.27556175,0,0,14,2.77199006,7.88951015,0,0,0,0,0,-2.17078304,-11.2880917,51.3386002,1.41706157,1.00933409,4.2645998,385.356903,61.0863991,1.85769999,0.0250000004,50,1,0.119999997,0.550000012,0.0133333337
C16_rand_7_r0,2,1859,0.0266666673,0,0,4.2645998,0.049333334,0.0313333347,0.272206277,0.272153318,0,0,14,2.77199006,7.88951015,0,0,0,0,0,-2.17078304,-11.2880917,51.3386002,1.41706157,1.00933409,4.2645998,385.356903,61.0863991,1.85769999,0.0250000004,50,1,0.119999997,0.550000012,0.0133333337
C16_rand_7_r0,2,1860,0.0399999991,0,0,4.2645998,0.0489999987,0.0309999995,0.267630935,0.267521501,0,0,14,2.77199006,7.88951015,0,0,0,0,0,-2.17078304,-11.2880917,51.3386002,1.41706157,1.00933409,4.2645998,385.356903,61.0863991,1.85769999,0.0250000004,50,1,0.119999997,0.550000012,0.0133333337
C16_rand_7_r0,2,1861,0.0533333346,0,0,4.2645998,0.0486666672,0.0306666661,0.262582779,0.262553871,0,0,14,2.77199006,7.88951015,0,0,0,0,0,-2.17078304,-11.2880917,51.3386002,1.41706157,1.00933409,4.2645998,385.356903,61.0863991,1.85769999,0.0250000004,50,1,0.119999997,0.550000012,0.0133333337
C16_rand_7_r0,2,1862,0.0666666701,0,0,4.2645998,0.0483333319,0.0303333327,0.257481724,0.25740698,0,0,14,2.77199006,7.88951015,0,0,0,0,0,-2.17078304,-11.2880917,51.3386002,1.41706157,1.00933409,4.2645998,385.356903,61.0863991,1.85769999,0.0250000004,50,1,0.119999997,0.550000012,0.0133333337
C16_rand_7_r0,2,1863,0.0799999982,0,0,4.2645998,0.0480000004,0.0299999993,0.252317578,0.252309769,0,0,14,2.77199006,7.88951015,0,0,0,0,0,-2.17078304,-11.2880917,51.3386002,1.41706157,1.00933409,4.2645998,385.356903,61.0863991,1.85769999,0.0250000004,50,1,0.119999997,0.550000012,0.0133333337
C16_rand_7_r0,2,1864,0.0933333337,0,0,4.2645998,0.0476666652,0.0296666659,0.247186199,0.247137278,0,0,14,2.77199006,7.88951015,0,0,0,0,0,-2.17078304,-11.2880917,51.3386002,1.41706157,1.00933409,4.2645998,385.356903,61.0863991,1.85769999,0.0250000004,50,1,0.119999997,0.550000012,0.0133333337
C16_rand_7_r0,2,1865,0.106666669,0,0,4.2645998,0.0473333336,0.0293333326,0.2420495,0.242045403,0,0,14,2.77199006,7.88951015,0,0,0,0,0,-2.17078304,-11.2880917,51.3386002,1.41706157,1.00933409,4.2645998,385.356903,61.0863991,1.85769999,0.0250000004,50,1,0.119999997,0.550000012,0.0133333337
C16_rand_7_r0,2,1866,0.119999997,0,0,4.2645998,0.0469999984,0.0289999992,0.236937046,0.236895785,0,0,14,2.77199006,7.88951015,0,0,0,0,0,-2.17078304,-11.2880917,51.3386002,1.41706157,1.00933409,4.2645998,385.356903,61.0863991,1.85769999,0.0250000004,50,1,0.119999997,0.550000012,0.0133333337
C16_rand_7_r0,2,1867,0.13333334,0,0,4.2645998,0.0466666669,0.0286666658,0.231843933,0.231825382,0,0,14,2.77199006,7.88951015,0,0,0,0,0,-2.17078304,-11.2880917,51.3386002,1.41706157,1.00933409,4.2645998,385.356903,61.0863991,1.85769999,0.0250000004,50,1,0.119999997,0.550000012,0.0133333337
C16_rand_7_r0,2,1868,0.146666661,0,0,4.2645998,0.0463333316,0.0283333343,0.226762235,0.226686582,0,0,14,2.77199006,7.88951015,0,0,0,0,0,-2.17078304,-11.2880917,51.3386002,1.41706157,1.00933409,4.2645998,385.356903,61.0863991,1.85769999,0.0250000004,50,1,0.119999997,0.550000012,0.0133333337
C16_rand_7_r0,2,1869,0.159999996,0,0,4.2645998,0.0460000001,0.0280000009,0.221670657,0.221478745,0,0,14,2.77199006,7.88951015,0,0,0,0,0,-2.17078304,-11.2880917,51.3386002,1.41706157,1.00933409,4.2645998,385.356903,61.0863991,1.85769999,0.0250000004,50,1,0.119999997,0.550000012,0.0133333337
C16_rand_7_r0,2,1870,0.173333332,0,0,4.2645998,0.0456666648,0.0276666675,0.216568574,0.216328055,0,0,14,2.77199006,7.88951015,0,0,0,0,0,-2.17078304,-11.2880917,51.3386002,1.41706157,1.00933409,4.2645998,385.356903,61.0863991,1.85769999,0.0250000004,50,1,0.119999997,0.550000012,0.0133333337
C16_rand_7_r0,2,1871,0.186666667,0,0,4.2645998,0.0453333333,0.0273333341,0.211405903,0.211299807,0,0,14,2.77199006,7.88951015,0,0,0,0,0,-2.17078304,-11.2880917,51.3386002,1.41706157,1.00933409,4.2645998,385.356903,61.0863991,1.85769999,0.0250000004,50,1,0.119999997,0.550000012,0.0133333337
C16_rand_7_r0,2,1872,0.200000003,0,0,4.2645998,0.0450000018,0.0270000007,0.206333339,0.206172526,0,0,14,2.77199006,7.88951015,0,0,0,0,0,-2.17078304,-11.2880917,51.3386002,1.41706157,1.00933409,4.2645998,385.356903,61.0863991,1.85769999,0.0250000004,50,1,0.119999997,0.550000012,0.0133333337
C16_rand_7_r0,2,1873,0.213333338,0,0,4.2645998,0.0446666665,0.0266666673,0.201228559,0.200899854,0,0,14,2.77199006,7.88951015,0,0,0,0,0,-2.17078304,-11.2880917,51.3386002,1.41706157,1.00933409,4.2645998,385.356903,61.0863991,1.85769999,0.0250000004,50,1,0.119999997,0.550000012,0.0133333337
C16_rand_7_r0,2,1874,0.226666674,0,0,4.2645998,0.044333335,0.0263333339,0.196158946,0.195727438,0,0,14,2.77199006,7.88951015,0,0,0,0,0,-2.17078304,-11.2880917,51.3386002,1.41706157,1.00933409,4.2645998,385.356903,61.0863991,1.85769999,0.0250000004,50,1,0.119999997,0.550000012,0.0133333337
C16_rand_7_r0,2,1875,0.239999995,0,0,4.2645998,0.0439999998,0.0260000005,0.19098404,0.190781653,0,0,14,2.77199006,7.88951015,0,0,0,0,0,-2.17078304,-11.2880917,51.3386002,1.41706157,1.00933409,4.2645998,385.356903,61.0863991,1.85769999,0.0250000004,50,1,0.119999997,0.550000012,0.0133333337
C16_rand_7_r0,2,1876,0.25333333,0,0,4.2645998,0.0436666682,0.0256666671,0.186025053,0.18563883,0,0,14,2.77199006,7.88951015,0,0,0,0,0,-2.17078304,-11.2880917,51.3386002,1.41706157,1.00933409,4.2645998,385.356903,61.0863991,1.85769999,0.0250000004,50,1,0.119999997,0.550000012,0.0133333337
C16_rand_7_r0,2,1877,0.266666681,0,0,4.2645998,0.043333333,0.0253333338,0.180830345,0.180726051,0,0,14,2.77199006,7.88951015,0,0,0,0,0,-2.17078304,-11.2880917,51.3386002,1.41706157,1.00933409,4.2645998,385.356903,61.0863991,1.85769999,0.0250000004,50,1,0.119999997,0.550000012,0.0133333337
C16_rand_7_r0,2,1878,0.280000001,0,0,4.2645998,0.0430000015,0.0250000004,0.17602317,0.175636262,0,0,14,2.77199006,7.88951015,0,0,0,0,0,-2.17078304,-11.2880917,51.3386002,1.41706157,1.00933409,4.2645998,385.356903,61.0863991,1.85769999,0.0250000004,50,1,0.119999997,0.550000012,0.0133333337
C16_rand_7_r0,2,1879,0.293333322,0,0,4.2645998,0.0426666662,0.024666667,0.170789495,0.170754582,0,0,14,2.77199006,7.88951015,0,0,0,0,0,-2.17078304,-11.2880917,51.3386002,1.41706157,1.00933409,4.2645998,385.356903,61.0863991,1.85769999,0.0250000004,50,1,0.119999997,0.550000012,0.0133333337
C16_rand_7_r0,2,1880,0.306666672,0,0,4.2645998,0.0423333347,0.0243333336,0.165945426,0.165570289,0,0,14,2.77199006,7.88951015,0,0,0,0,0,-2.17078304,-11.2880917,51.3386002,1.41706157,1.00933409,4.2645998,385.356903,61.0863991,1.85769999,0.0250000004,50,1,0.119999997,0.550000012,0.0133333337
C16_rand_7_r0,2,1881,0.319999993,0,0,4.2645998,0.0419999994,0.0240000002,0.160828456,0.160194382,0,0,14,2.77199006,7.88951015,0,0,0,0,0,-2.17078304,-11.2880917,51.3386002,1.41706157,1.00933409,4.2645998,385.356903,61.0863991,1.85769999,0.0250000004,50,1,0.119999997,0.550000012,0.0133333337
C16_rand_7_r0,2,1882,0.333333343,0,0,4.2645998,0.0416666679,0.0236666668,0.155834615,0.155753806,0,0,14,2.77199006,7.88951015,0,0,0,0,0,-2.17078304,-11.2880917,51.3386002,1.41706157,1.00933409,4.2645998,385.356903,61.0863991,1.85769999,0.0250000004,50,1,0.119999997,0.550000012,0.0133333337
C16_rand_7_r0,2,1883,0.346666664,0,0,4.2645998,0.0413333327,0.0233333334,0.150641933,0.15018639,0,0,14,2.77199006,7.88951015,0,0,0,0,0,-2.17078304,-11.2880917,51.3386002,1.41706157,1.00933409,4.2645998,385.356903,61.0863991,1.85769999,0.0250000004,50,1,0.119999997,0.550000012,0.0133333337
C16_rand_7_r0,2,1884,0.360000014,0,0,4.2645998,0.0410000011,0.023,0.145717755,0.145441741,0,0,14,2.77199006,7.88951015,0,0,0,0,0,-2.17078304,-11.2880917,51.3386002,1.41706157,1.00933409,4.2645998,385.356903,61.0863991,1.85769999,0.0250000004,50,1,0.119999997,0.550000012,0.0133333337
C16_rand_7_r0,2,1885,0.373333335,0,0,4.2645998,0.0406666659,0.0226666667,0.140577465,0.140200987,0,0,14,2.77199006,7.88951015,0,0,0,0,0,-2.17078304,-11.2880917,51.3386002,1.41706157,1.00933409,4.2645998,385.356903,61.0863991,1.85769999,0.0250000004,50,1,0.119999997,0.550000012,0.0133333337
C16_rand_7_r0,2,1886,0.386666656,0,0,4.2645998,0.0403333344,0.0223333333,0.135590777,0.135504946,0,0,14,2.77199006,7.88951015,0,0,0,0,0,-2.17078304,-11.2880917,51.3386002,1.41706157,1.00933409,4.2645998,385.356903,61.0863991,1.85769999,0.0250000004,50,1,0.119999997,0.550000012,0.0133333337
C16_rand_7_r0,2,1887,0.400000006,0,0,4.2645998,0.0399999991,0.0219999999,0.130689487,0.130261615,0,0,14,2.77199006,7.88951015,0,0,0,0,0,-2.17078304,-11.2880917,51.3386002,1.41706157,1.00933409,4.2645998,385.356903,61.0863991,1.85769999,0.0250000004,50,1,0.119999997,0.550000012,0.0133333337
C16_rand_7_r0,2,1888,0.413333327,0,0,4.2645998,0.0396666676,0.0216666665,0.125612199,0.125602007,0,0,14,2.77199006,7.88951015,0,0,0,0,0,-2.17078304,-11.2880917,51.3386002,1.41706157,1.00933409,4.2645998,385.356903,61.0863991,1.85769999,0.0250000004,50,1,0.119999997,0.550000012,0.0133333337
C16_rand_7_r0,2,1889,0.426666677,0,0,4.2645998,0.0393333323,0.0213333331,0.120809443,0.119501218,0,0,14,2.77199006,7.88951015,0,0,0,0,0,-2.17078304,-11.2880917,51.3386002,1.41706157,1.00933409,4.2645998,385.356903,61.0863991,1.85769999,0.0250000004,50,1,0.119999997,0.550000012,0.0133333337
C16_rand_7_r0,2,1890,0.439999998,0,0,4.2645998,0.0390000008,0.0209999997,0.115513191,0.11486233,0,0,14,2.77199006,7.88951015,0,0,0,0,0,-2.17078304,-11.2880917,51.3386002,1.41706157,1.00933409,4.2645998,385.356903,61.0863991,1.85769999,0.0250000004,50,1,0.119999997,0.550000012,0.0133333337
C16_rand_7_r0,2,1891,0.453333348,0,0,4.2645998,0.0386666656,0.0206666663,0.110697605,0.11047899,0,0,14,2.77199006,7.88951015,0,0,0,0,0,-2.17078304,-11.2880917,51.3386002,1.41706157,1.00933409,4.2645998,385.356903,61.0863991,1.85769999,0.0250000004,50,1,0.119999997,0.550000012,0.0133333337
C16_rand_7_r0,2,1892,0.466666669,0,0,4.2645998,0.038333334,0.0203333329,0.10560818,0.105129555,0,0,14,2.77199006,7.88951015,0,0,0,0,0,-2.17078304,-11.2880917,51.3386002,1.41706157,1.00933409,4.2645998,385.356903,61.0863991,1.85769999,0.0250000004,50,1,0.119999997,0.550000012,0.0133333337
C16_rand_7_r0,2,1893,0.479999989,0,0,4.2645998,0.0379999988,0.0199999996,0.100961082,0.100924507,0,0,14,2.77199006,7.88951015,0,0,0,0,0,-2.17078304,-11.2880917,51.3386002,1.41706157,1.00933409,4.2645998,385.356903,61.0863991,1.85769999,0.0250000004,50,1,0.119999997,0.550000012,0.0133333337
C16_rand_7_r0,2,1894,0.49333334,0,0,4.2645998,0.0376666673,0.0196666662,0.0961342081,0.0955568254,0,0,14,2.77199006,7.88951015,0,0,0,0,0,-2.17078304,-11.2880917,51.3386002,1.41706157,1.00933409,4.2645998,385.356903,61.0863991,1.85769999,0.0250000004,50,1,0.119999997,0.550000012,0.0133333337
C16_rand_7_r0,2,1895,0.50666666,0,0,4.2645998,0.037333332,0.0193333328,0.091607511,0.0905905664,0,0,14,2.77199006,7.88951015,0,0,0,0,0,-2.17078304,-11.2880917,51.3386002,1.41706157,1.00933409,4.2645998,385.356903,61.0863991,1.85769999,0.0250000004,50,1,0.119999997,0.550000012,0.0133333337
C16_rand_7_r0,2,1896,0.519999981,0,0,4.2645998,0.0370000005,0.0189999994,0.0868588015,0.0864973441,0,0,14,2.77199006,7.88951015,0,0,0,0,0,-2.17078304,-11.2880917,51.3386002,1.41706157,1.00933409,4.2645998,385.356903,61.0863991,1.85769999,0.0250000004,50,1,0.119999997,0.550000012,0.0133333337
C16_rand_7_r0,2,1897,0.533333361,0,0,4.2645998,0.0366666652,0.018666666,0.0825246498,0.0818052143,0,0,14,2.77199006,7.88951015,0,0,0,0,0,-2.17078304,-11.2880917,51.3386002,1.41706157,1.00933409,4.2645998,385.356903,61.0863991,1.85769999,0.0250000004,50,1,0.119999997,0.550000012,0.0133333337
C16_rand_7_r0,2,1898,0.546666682,0,0,4.2645998,0.0363333337,0.0183333326,0.0782997981,0.0780173168,0,0,14,2.77199006,7.88951015,0,0,0,0,0,-2.17078304,-11.2880917,51.3386002,1.41706157,1.00933409,4.2645998,385.356903,61.0863991,1.85769999,0.0250000004,50,1,0.119999997,0.550000012,0.0133333337
C16_rand_7_r0,2,1899,0.560000002,0,0,4.2645998,0.0359999985,0.0179999992,0.07425192,0.0736657679,0,0,14,2.77199006,7.88951015,0,0,0,0,0,-2.17078304,-11.2880917,51.3386002,1.41706157,1.00933409,4.2645998,385.356903,61.0863991,1.85769999,0.0250000004,50,1,0.119999997,0.550000012,0.0133333337
C16_rand_7_r0,2,1900,0.573333323,0,0,4.2645998,0.0356666669,0.0176666658,0.0705320314,0.0702335536,0,0,14,2.77199006,7.88951015,0,0,0,0,0,-2.17078304,-11.2880917,51.3386002,1.41706157,1.00933409,4.2645998,385.356903,61.0863991,1.85769999,0.0250000004,50,1,0.119999997,0.550000012,0.0133333337
C16_rand_7_r0,2,1901,0.586666644,0,0,4.2645998,0.0353333317,0.0173333324,0.0668203458,0.0662419721,0,0,14,2.77199006,7.88951015,0,0,0,0,0,-2.17078304,-11.2880917,51.3386002,1.41706157,1.00933409,4.2645998,385.356903,61.0863991,1.85769999,0.0250000004,50,1,0.119999997,0.550000012,0.0133333337
C16_rand_7_r0,2,1902,0.600000024,0,0,4.2645998,0.0350000001,0.0170000009,0.0635338947,0.0631477311,0,0,14,2.77199006,7.88951015,0,0,0,0,0,-2.17078304,-11.2880917,51.3386002,1.41706157,1.00933409,4.2645998,385.356903,61.0863991,1.85769999,0.0250000004,50,1,0.119999997,0.550000012,0.0133333337
C16_rand_7_r0,2,1903,0.613333344,0,0,4.2645998,0.0346666649,0.0166666675,0.0601777919,0.0594865531,0,0,14,2.77199006,7.88951015,0,0,0,0,0,-2.17078304,-11.2880917,51.3386002,1.41706157,1.00933409,4.2645998,385.356903,61.0863991,1.85769999,0.0250000004,50,1,0.119999997,0.550000012,0.0133333337
C16_rand_7_r0,2,1904,0.626666665,0,0,4.2645998,0.0343333334,0.0163333341,0.0572427325,0.0566961989,0,0,14,2.77199006,7.88951015,0,0,0,0,0,-2.17078304,-11.2880917,51.3386002,1.41706157,1.00933409,4.2645998,385.356903,61.0863991,1.85769999,0.0250000004,50,1,0.119999997,0.550000012,0.0133333337
C16_rand_7_r0,2,1905,0.639999986,0,0,4.2645998,0.0340000018,0.0160000008,0.0542587116,0.0533174574,0,0,14,2.77199006,7.88951015,0,0,0,0,0,-2.17078304,-11.2880917,51.3386002,1.41706157,1.00933409,4.2645998,385.356903,61.0863991,1.85769999,0.0250000004,50,1,0.119999997,0.550000012,0.0133333337
C16_rand_7_r0,2,1906,0.653333306,0,0,4.2645998,0.0336666666,0.0156666674,0.0514335632,0.0514212474,0,0,14,2.77199006,7.88951015,0,0,0,0,0,-2.17078304,-11.2880917,51.3386002,1.41706157,1.00933409,4.2645998,385.356903,61.0863991,1.85769999,0.0250000004,50,1,0.119999997,0.550000012,0.0133333337
C16_rand_7_r0,2,1907,0.666666687,0,0,4.2645998,0.0333333351,0.0153333331,0.0488366522,0.0483283028,0,0,14,2.77199006,7.88951015,0,0,0,0,0,-2.17078304,-11.2880917,51.3386002,1.41706157,1.00933409,4.2645998,385.356903,61.0863991,1.85769999,0.0250000004,50,1,0.119999997,0.550000012,0.0133333337
C16_rand_7_r0,2,1908,0.680000007,0,0,4.2645998,0.0329999998,0.0149999997,0.0461031459,0.046037782,0,0,14,2.77199006,7.88951015,0,0,0,0,0,-2.17078304,-11.2880917,51.3386002,1.41706157,1.00933409,4.2645998,385.356903,61.0863991,1.85769999,0.0250000004,50,1,0.119999997,0.550000012,0.0133333337
C16_rand_7_r0,2,1909,0.693333328,0,0.6719504,4.2645998,0.0326666683,0.0146666663,0.0440032631,0.0431736596,0,1.22172797,14,2.77199006,7.88951015,0,0,0,0,0,-2.17078304,-11.2880917,51.3386002,1.41706157,1.00933409,4.2645998,385.356903,61.0863991,1.85769999,0.0250000004,50,1,0.119999997,0.550000012,0.0133333337
C16_rand_7_r0,2,1910,0.706666648,0,0.974328101,4.2645998,0.032333333,0.0143333329,0.0413252227,0.0411170498,0,1.22172797,14,2.77199006,7.88951015,0,0,0,0,0,-2.17078304,-11.2880917,51.3386002,1.41706157,1.00933409,4.2645998,385.356903,61.0863991,1.85769999,0.0250000004,50,1,0.119999997,0.550000012,0.0133333337
C16_rand_7_r0,2,1911,0.720000029,0,1.11039805,4.2645998,0.0320000015,0.0140000004,0.0395531505,0.0377596579,0,1.22172797,14,2.77199006,7.88951015,0,0,0,0,0,-2.17078304,-11.2880917,51.3386002,1.41706157,1.00933409,4.2645998,385.356903,61.0863991,1.85769999,0.0250000004,50,1,0.119999997,0.550000012,0.0133333337
C16_rand_7_r0,2,1912,0.733333349,0,1.17162955,4.2645998,0.0316666663,0.013666667,0.0368948914,0.0362193547,0,1.22172797,14,2.77199006,7.88951015,0,0,0,0,0,-2.17078304,-11.2880917,51.3386002,1.41706157,1.00933409,4.2645998,385.356903,61.0863991,1.85769999,0.0250000004,50,1,0.119999997,0.550000012,0.0133333337
C16_rand_7_r0,2,1913,0.74666667,0,1.1991837,4.2645998,0.0313333347,0.0133333337,0.035162244,0.0335787013,0,1.22172797,14,2.77199006,7.88951015,0,0,0,0,0,-2.17078304,-11.2880917,51.3386002,1.41706157,1.00933409,4.2645998,385.356903,61.0863991,1.85769999,0.0250000004,50,1,0.119999997,0.550000012,0.0133333337
C16_rand_7_r0,2,1914,0.75999999,0,1.21158302,4.2645998,0.0309999995,0.0130000003,0.0326529555,0.0322991498,0,1.22172797,14,2.77199006,7.88951015,0,0,0,0,0,-2.17078304,-11.2880917,51.3386002,1.41706157,1.00933409,4.2645998,385.356903,61.0863991,1.85769999,0.0250000004,50,1,0.119999997,0.550000012,0.0133333337
C16_rand_7_r0,2,1915,0.773333311,0,1.21716273,4.2645998,0.0306666661,0.0126666669,0.0312989615,0.0299187321,0,1.22172797,14,2.77199006,7.88951015,0,0,0,0,0,-2.17078304,-11.2880917,51.3386002,1.41706157,1.00933409,4.2645998,385.356903,61.0863991,1.85769999,0.0250000004,50,1,0.119999997,0.550000012,0.0133333337
C16_rand_7_r0,2,1916,0.786666691,0,1.21967363,4.2645998,0.0303333327,0.0123333335,0.0290609468,0.028919464,0,1.22172797,14,2.77199006,7.88951015,0,0,0,0,0,-2.17078304,-11.2880917,51.3386002,1.41706157,1.00933409,4.2645998,385.356903,61.0863991,1.85769999,0.0250000004,50,1,0.119999997,0.550000012,0.0133333337
C16_rand_7_r0,2,1917,0.800000012,0,1.2208035,4.2645998,0.0299999993,0.0120000001,0.0280032679,0.026811095,0,1.22172797,14,2.77199006,7.88951015,0,0,0,0,0,-2.17078304,-11.2880917,51.3386002,1.41706157,1.00933409,4.2645998,385.356903,61.0863991,1.85769999,0.0250000004,50,1,0.119999997,0.550000012,0.0133333337
C16_rand_7_r0,2,1918,0.813333333,0,1.22131205,4.2645998,0.0296666659,0.0116666667,0.026206689,0.0260777678,0,1.22172797,14,2.77199006,7.88951015,0,0,0,0,0,-2.17078304,-11.2880917,51.3386002,1.41706157,1.00933409,4.2645998,385.356903,61.0863991,1.85769999,0.0250000004,50,1,0.119999997,0.550000012,0.0133333337
C16_rand_7_r0,2,1919,0.826666653,0,1.22154081,4.2645998,0.0293333326,0.0113333333,0.0253043454,0.0242315959,0,1.22172797,14,2.77199006,7.88951015,0,0,0,0,0,-2.17078304,-11.2880917,51.3386002,1.41706157,1.00933409,4.2645998,385.356903,61.0863991,1.85769999,0.0250000004,50,1,0.119999997,0.550000012,0.0133333337
C16_rand_7_r0,2,1920,0.839999974,0,1.22164381,4.2645998,0.0289999992,0.0109999999,0.0241599083,0.0237482078,0,1.22172797,14,2.77199006,7.88951015,0,0,0,0,0,-2.17078304,-11.2880917,51.3386002,1.41706157,1.00933409,4.2645998,385.356903,61.0863991,1.85769999,0.0250000004,50,1,0.119999997,0.550000012,0.0133333337
C16_rand_7_r0,2,1921,0.853333354,0,1.22169006,4.2645998,0.0286666658,0.0106666666,0.0232168101,0.0221516788,0,1.22172797,14,2.77199006,7.88951015,0,0,0,0,0,-2.17078304,-11.2880917,51.3386002,1.41706157,1.00933409,4.2645998,385.356903,61.0863991,1.85769999,0.0250000004,50,1,0.119999997,0.550000012,0.0133333337
C16_rand_7_r0,2,1922,0.866666675,0,1.22171092,4.2645998,0.0283333343,0.0103333332,0.0229517091,0.0218919441,0,1.22172797,14,2.77199006,7.88951015,0,0,0,0,0,-2.17078304,-11.2880917,51.3386002,1.41706157,1.00933409,4.2645998,385.356903,61.0863991,1.85769999,0.0250000004,50,1,0.119999997,0.550000012,0.0133333337
C16_rand_7_r0,2,1923,0.879999995,0,1.22172034,4.2645998,0.0280000009,0.00999999978,0.02174237,0.020522736,0,1.22172797,14,2.77199006,7.88951015,0,0,0,0,0,-2.17078304,-11.2880917,51.3386002,1.41706157,1.00933409,4.2645998,385.356903,61.0863991,1.85769999,0.0250000004,50,1,0.119999997,0.550000012,0.0133333337
C16_rand_7_r0,2,1924,0.893333316,0,1.22172451,4.2645998,0.0276666675,0.00966666639,0.0222704075,0.0209449623,0,1.22172797,14,2.77199006,7.88951015,0,0,0,0,0,-2.17078304,-11.2880917,51.3386002,1.41706157,1.00933409,4.2645998,385.356903,61.0863991,1.85769999,0.0250000004,50,1,0.119999997,0.550000012,0.0133333337
C16_rand_7_r0,2,1925,0.906666696,0,1.22172642,4.2645998,0.0273333341,0.009333333,0.0208594631,0.0192766823,0,1.22172797,14,2.77199006,7.88951015,0,0,0,0,0,-2.17078304,-11.2880917,51.3386002,1.41706157,1.00933409,4.2645998,385.356903,61.0863991,1.85769999,0.0250000004,50,1,0.119999997,0.550000012,0.0133333337
C16_rand_7_r0,2,1926,0.920000017,0,1.22172725,4.2645998,0.0270000007,0.00899999961,0.0206595603,0.0199046172,0,1.22172797,14,2.77199006,7.88951015,0,0,0,0,0,-2.17078304,-11.2880917,51.3386002,1.41706157,1.00933409,4.2645998,385.356903,61.0863991,1.85769999,0.0250000004,50,1,0.119999997,0.550000012,0.0133333337
C16_rand_7_r0,2,1927,0.933333337,0,1.22172773,4.2645998,0.0266666673,0.00866666622,0.0205243919,0.0183357168,0,1.22172797,14,2.77199006,7.88951015,0,0,0,0,0,-2.17078304,-11.2880917,51.3386002,1.41706157,1.00933409,4.2645998,385.356903,61.0863991,1.85769999,0.0250000004,50,1,0.119999997,0.550000012,0.0133333337
C16_rand_7_r0,2,1928,0.946666658,0,1.22172785,4.2645998,0.0263333339,0.00833333377,0.0194342919,0.0191331208,0,1.22172797,14,2.77199006,7.88951015,0,0,0,0,0,-2.17078304,-11.2880917,51.3386002,1.41706157,1.00933409,4.2645998,385.356903,61.0863991,1.85769999,0.0250000004,50,1,0.119999997,0.550000012,0.0133333337
C16_rand_7_r0,2,1929,0.959999979,0,1.30107141,4.2645998,0.0260000005,0.00800000038,0.0206782445,0.0176256429,0.000374356518,1.36598885,14,2.77199006,7.88951015,0,0,0,0,0,-2.17078304,-11.2880917,51.3386002,1.41706157,1.00933409,4.2645998,385.356903,61.0863991,1.85769999,0.0250000004,50,1,0.119999997,0.550000012,0.0133333337
C16_rand_7_r0,2,1930,0.973333359,0,1.25743258,4.2645998,0.0256666671,0.00766666653,0.018597018,0.0185584184,0,1.22172797,14,2.77199006,7.88951015,0,0,0,0,0,-2.17078304,-11.2880917,51.3386002,1.41706157,1.00933409,4.2645998,385.356903,61.0863991,1.85769999,0.0250000004,50,1,0.119999997,0.550000012,0.0133333337
C16_rand_7_r0,2,1931,0.986666679,0,1.237795,4.2645998,0.0253333338,0.00733333314,0.0200551096,0.0194799285,0,1.22172797,14,2.77199006,7.88951015,0,0,0,0,0,-2.17078304,-11.2880917,51.3386002,1.41706157,1.00933409,4.2645998,385.356903,61.0863991,1.85769999,0.0250000004,50,1,0.119999997,0.550000012,0.0133333337
C16_rand_7_r0,2,1932,1,0,1.22895813,4.2645998,0.0250000004,0.00700000022,0.0181423575,0.0181090757,0,1.22172797,14,2.77199006,7.88951015,0,0,0,0,0,-2.17078304,-11.2880917,51.3386002,1.41706157,1.00933409,4.2645998,385.356903,61.0863991,1.85769999,0.0250000004,50,1,0.119999997,0.550000012,0.0133333337
C16_rand_7_r0,2,1933,1.01333332,1,1.35316575,4.2645998,0.024666667,0.00666666683,0.019362947,0.0173952039,0.000604795408,1.45479012,14,2.77199006,7.88951015,0,0,0,0,0,-1.02510285,-14.1507559,50.3347321,1.59241712,2.4162178,4.2645998,385.356903,61.0863991,1.85769999,0.0250000004,50,1,0.119999997,0.550000012,0.0133333337
C16_rand_7_r0,2,1934,1.02666664,1,1.3388257,4.2645998,0.0243333336,0.00633333344,0.0180629883,0.0177265778,0.000273421931,1.32709301,14,2.77199006,7.88951015,0,0,0,0,0,-1.02510285,-14.1507559,50.3347321,1.59241712,2.4162178,4.2645998,385.356903,61.0863991,1.85769999,0.0250000004,50,1,0.119999997,0.550000012,0.0133333337
C16_rand_7_r0,2,1935,1.03999996,1,1.47156715,4.2645998,0.0240000002,0.00600000005,0.018381549,0.0170698352,0.000930165639,1.58017373,14,2.77199006,7.88951015,0,0,0,0,0,-1.02510285,-14.1507559,50.3347321,1.59241712,2.4162178,4.2645998,385.356903,61.0863991,1.85769999,0.0250000004,50,1,0.119999997,0.550000012,0.0133333337
C16_rand_7_r0,2,1936,1.05333328,1,1.40474236,4.2645998,0.0236666668,0.00566666666,0.0181138441,0.0176669583,0.000333040982,1.35006762,14,2.77199006,7.88951015,0,0,0,0,0,-1.02510285,-14.1507559,50.3347321,1.59241712,2.4162178,4.2645998,385.356903,61.0863991,1.85769999,0.0250000004,50,1,0.119999997,0.550000012,0.0133333337
C16_rand_7_r0,2,1937,1.06666672,1,1.56104493,4.2645998,0.0233333334,0.00533333328,0.0176218543,0.0167876147,0.00121238467,1.68892884,14,2.77199006,7.88951015,0,0,0,0,0,-1.02510285,-14.1507559,50.3347321,1.59241712,2.4162178,4.2645998,385.356903,61.0863991,1.85769999,0.0250000004,50,1,0.119999997,0.550000012,0.0133333337
C16_rand_7_r0,2,1938,1.08000004,1,1.58715057,4.2645998,0.023,0.00499999989,0.017901659,0.0169963017,0.00100369775,1.6085099,14,2.77199006,7.88951015,0,0,0,0,0,-1.02510285,-14.1507559,50.3347321,1.59241712,2.4162178,4.2645998,385.356903,61.0863991,1.85769999,0.0250000004,50,1,0.119999997,0.550000012,0.0133333337
C16_rand_7_r0,2,1939,1.09333336,1,1.90464091,4.2645998,0.0226666667,0.0046666665,0.0172583815,0.0155537538,0.00244624587,2.16440582,14,2.77199006,7.88951015,0,0,0,0,0,-1.02510285,-14.1507559,50.3347321,1.59241712,2.4162178,4.2645998,385.356903,61.0863991,1.85769999,0.0250000004,50,1,0.119999997,0.550000012,0.0133333337
C16_rand_7_r0,2,1940,1.10666668,1,1.80276012,4.2645998,0.0223333333,0.00433333311,0.01708051,0.0167085342,0.00129146548,1.71940315,14,2.77199006,7.88951015,0,0,0,0,0,-1.02510285,-14.1507559,50.3347321,1.59241712,2.4162178,4.2645998,385.356903,61.0863991,1.85769999,0.0250000004,50,1,0.119999997,0.550000012,0.0133333337
C16_rand_7_r0,2,1941,1.12,1,2.13557625,4.2645998,0.0219999999,0.00400000019,0.0168951508,0.0149219381,0.00307806185,2.40788031,14,2.77199006,7.88951015,0,0,0,0,0,-1.02510285,-14.1507559,50.3347321,1.59241712,2.4162178,4.2645998,385.356903,61.0863991,1.85769999,0.0250000004,50,1,0.119999997,0.550000012,0.0133333337
C16_rand_7_r0,2,1942,1.13333333,1,2.03850818,4.2645998,0.0216666665,0.00366666657,0.0162140355,0.0160865504,0.00191344949,1.95908892,14,2.77199006,7.88951015,0,0,0,0,0,-1.02510285,-14.1507559,50.3347321,1.59241712,2.4162178,4.2645998,385.356903,61.0863991,1.85769999,0.0250000004,50,1,0.119999997,0.550000012,0.0133333337
C16_rand_7_r0,2,1943,1.14666665,1,2.0920465,4.2645998,0.0213333331,0.00333333341,0.0159878992,0.0156278554,0.00237214542,2.13585067,14,2.77199006,7.88951015,0,0,0,0,0,-1.02510285,-14.1507559,50.3347321,1.59241712,2.4162178,4.2645998,385.356903,61.0863991,1.85769999,0.0250000004,50,1,0.119999997,0.550000012,0.0133333337
C16_rand_7_r0,2,1944,1.15999997,1,2.41115522,4.2645998,0.0209999997,0.00300000003,0.0159720052,0.0142359156,0.00376408477,2.67224407,14,2.77199006,7.88951015,0,0,0,0,0,-1.02510285,-14.1507559,50.3347321,1.59241712,2.4162178,4.2645998,385.356903,61.0863991,1.85769999,0.0250000004,50,1,0.119999997,0.550000012,0.0133333337
C16_rand_7_r0,2,1945,1.17333329,1,2.37826467,4.2645998,0.0206666663,0.00266666664,0.0157430358,0.0150686232,0.00293137715,2.35135436,14,2.77199006,7.88951015,0,0,0,0,0,-1.02510285,-14.1507559,50.3347321,1.59241712,2.4162178,4.2645998,385.356903,61.0863991,1.85769999,0.0250000004,50,1,0.119999997,0.550000012,0.0133333337
C16_rand_7_r0,2,1946,1.18666661,1,2.66151881,4.2645998,0.0203333329,0.00233333325,0.0149500798,0.0136623476,0.00433765259,2.8932724,14,2.77199006,7.88951015,0,0,0,0,0,-1.02510285,-14.1507559,50.3347321,1.59241712,2.4162178,4.2645998,385.356903,61.0863991,1.85769999,0.0250000004,50,1,0.119999997,0.550000012,0.0133333337
C16_rand_7_r0,2,1947,1.20000005,1,2.53857279,4.2645998,0.0199999996,0.00200000009,0.0154548315,0.014843828,0.00315617211,2.43798065,14,2.77199006,7.88951015,0,0,0,0,0,-1.02510285,-14.1507559,50.3347321,1.59241712,2.4162178,4.2645998,385.356903,61.0863991,1.85769999,0.0250000004,50,1,0.119999997,0.550000012,0.0133333337
C16_rand_7_r0,2,1948,1.21333337,1,2.85254383,4.2645998,0.0196666662,0.00166666671,0.0143549312,0.0131014213,0.00489857886,3.10942912,14,2.77199006,7.88951015,0,1,0,0,0,-1.02510285,-14.1507559,50.3347321,1.59241712,2.4162178,4.2645998,385.356903,61.0863991,1.85769999,0.0250000004,50,1,0.119999997,0.550000012,0.0133333337
C16_rand_7_r0,2,1949,1.22666669,1,2.74708462,4.2645998,0.0193333328,0.00133333332,0.0144112604,0.0142656127,0.00373438722,2.66079998,14,2.77199006,7.88951015,0,0,0,0,0,-1.02510285,-14.1507559,50.3347321,1.59241712,2.4162178,4.2645998,385.356903,61.0863991,1.85769999,0.0250000004,50,1,0.119999997,0.550000012,0.0133333337
C16_rand_7_r0,2,1950,1.24000001,1,2.79572201,4.2645998,0.0189999994,0.00100000005,0.0139595103,0.0138122244,0.00418777531,2.83551621,14,2.77199006,7.88951015,0,1,0,0,0,-1.02510285,-14.1507559,50.3347321,1.59241712,2.4162178,4.2645998,385.356903,61.0863991,1.85769999,0.0250000004,50,1,0.119999997,0.550000012,0.0133333337
C16_rand_7_r0,2,1951,1.25333333,1,2.84549928,4.2645998,0.018666666,0.00066666666,0.0136814695,0.0136806322,0.00431936746,2.88622618,14,2.77199006,7.88951015,0,1,0,0,0,-1.02510285,-14.1507559,50.3347321,1.59241712,2.4162178,4.2645998,385.356903,61.0863991,1.85769999,0.0250000004,50,1,0.119999997,0.550000012,0.0133333337
C16_rand_7_r0,2,1952,1.26666665,1,2.95707273,4.2645998,0.0183333326,0.00033333333,0.0134327151,0.0132598951,0.00474010454,3.04836011,14,2.77199006,7.88951015,0,1,0,0,0,-1.02510285,-14.1507559,50.3347321,1.59241712,2.4162178,4.2645998,385.356903,61.0863991,1.85769999,0.0250000004,50,1,0.119999997,0.550000012,0.0133333337
C16_rand_7_r0,2,1953,1.27999997,1,3.30847812,4.2645998,0.0180121884,1.21883731e-05,0.0129817901,0.0118387928,0.00616120733,3.59599161,14,2.77199006,7.88951015,0,1,0,0,0,-1.02510285,-14.1507559,50.3347321,1.59241712,2.4162178,4.2645998,385.356903,61.0863991,1.85769999,0.0250000004,50,1,0.119999997,0.550000012,0.0133333337
C16_rand_7_r0,2,1954,1.29333329,1,3.25810099,4.2645998,0.0176790804,-0.000320918858,0.0133202998,0.0127066532,0.00529334741,3.21688318,14,2.77199006,7.88951015,0,1,0,0,0,-1.02510285,-14.1507559,50.3347321,1.59241712,2.4162178,4.2645998,385.356903,61.0863991,1.85769999,0.0250000004,50,1,0.119999997,0.550000012,0.0133333337
C16_rand_7_r0,2,1955,1.30666661,1,3.56332588,4.2645998,0.0174287651,-0.000571235083,0.011931004,0.0112733627,0.00672663702,3.81305528,14,2.77199006,7.88951015,1,1,0,1,0,-1.02510285,-14.1507559,50.3347321,1.59241712,2.4162178,4.2645998,385.356903,61.0863991,1.85769999,0.0250000004,50,1,0.119999997,0.550000012,0.0133333337
C16_rand_7_r0,2,1956,1.49243665,1,3.37852597,4.2645998,0.0171409138,-0.000859086169,0.0131388595,0.0120058917,0.00599410804,3.22732592,14,2.77199006,7.88951015,1,1,0,2,0,-1.02510285,-14.1507559,50.3347321,1.59241712,2.4162178,4.2645998,385.356903,61.0863991,1.85769999,0.0250000004,50,1,0.119999997,0.550000012,0.0133333337
C16_rand_7_r0,2,1957,3.18577003,3,3.63459873,4.2645998,0.0169179384,-0.00108206167,0.0112694418,0.0107623301,0.00723766955,3.84411287,14,2.77199006,7.88951015,1,1,0,3,0,1.12764883,-19.003233,53.0999451,1.41706157,25.510294,4.2645998,385.356903,61.0863991,1.85769999,0.0250000004,50,1,0.119999997,0.550000012,0.0133333337
C16_rand_7_r0,2,1958,3.37154007,3,3.43013406,4.2645998,0.0166489799,-0.00135102042,0.0119666625,0.0116536794,0.00634632027,3.26284456,14,2.77199006,7.88951015,1,1,0,4,0,1.12764883,-19.003233,53.0999451,1.41706157,25.510294,4.2645998,385.356903,61.0863991,1.85769999,0.0250000004,50,1,0.119999997,0.550000012,0.0133333337
C16_rand_7_r0,2,1959,3.5573101,3,3.6747427,4.2645998,0.016440304,-0.00155969604,0.0106381467,0.0105028097,0.0074971905,3.87487721,14,2.77199006,7.88951015,1,1,0,5,0,1.12764883,-19.003233,53.0999451,1.41706157,25.510294,4.2645998,385.356903,61.0863991,1.85769999,0.0250000004,50,1,0.119999997,0.550000012,0.0133333337
C16_rand_7_r0,2,1960,3.7430799,3,3.5131309,4.2645998,0.0161967836,-0.00180321676,0.0112142609,0.0112113105,0.00678868918,3.38090301,14,2.77199006,7.88951015,1,1,0,6,0,1.12764883,-19.003233,53.0999451,1.41706157,25.510294,4.2645998,385.356903,61.0863991,1.85769999,0.0250000004,50,1,0.119999997,0.550000012,0.0133333337
C16_rand_7_r0,2,1961,3.92884994,3,3.91575861,4.2645998,0.0160592962,-0.00194070395,0.0100754611,0.00929992739,0.00870007277,4.24518156,14,2.77199006,7.88951015,1,1,0,7,0,1.12764883,-19.003233,53.0999451,1.41706157,25.510294,4.2645998,385.356903,61.0863991,1.85769999,0.0250000004,50,1,0.119999997,0.550000012,0.0133333337
C16_rand_7_r0,2,1962,4.11462021,4,3.62650108,4.2645998,0.0158591326,-0.00214086822,0.011396436,0.0105110463,0.00748895342,3.3898356,14,2.77199006,7.88951015,1,1,0,8,0,0.585551381,-2.42814994,27.7033787,1.4739337,36.5838928,4.2645998,385.356903,61.0863991,1.85769999,0.0250000004,50,1,0.119999997,0.550000012,0.0133333337
C16_rand_7_r0,2,1963,5.18577003,5,3.91463947,4.2645998,0.0157285593,-0.00227144011,0.00961479545,0.00913354289,0.00886645727,4.15038919,14,2.77199006,7.88951015,1,1,0,9,0,2.56295323,-27.8485661,64.1635284,1.20853078,37.7974205,4.2645998,385.356903,61.0863991,1.85769999,0.0250000004,50,1,0.119999997,0.550000012,0.0133333337
C16_rand_7_r0,2,1964,5.37154007,5,3.73762131,4.2645998,0.0155604146,-0.00243958505,0.0102205984,0.00991861429,0.00808138587,3.59278822,14,2.77199006,7.88951015,1,1,0,10,0,2.56295323,-27.8485661,64.1635284,1.20853078,37.7974205,4.2645998,385.356903,61.0863991,1.85769999,0.0250000004,50,1,0.119999997,0.550000012,0.0133333337
C16_rand_7_r0,2,1965,7.18577003,7,3.79960155,4.2645998,0.0154032242,-0.00259677554,0.00965087302,0.00960770156,0.00839229859,3.85031247,14,2.77199006,7.88951015,1,1,0,11,0,3.37463093,-98.1288376,84.9433289,1.1327014,56.3047752,4.2645998,385.356903,61.0863991,1.85769999,0.0250000004,50,1,0.119999997,0.550000012,0.0133333337
C16_rand_7_r0,2,1966,7.37154007,7,4.0399065,4.2645998,0.0153146107,-0.00268538878,0.0085173836,0.00850130524,0.00949869491,4.23651934,14,2.77199006,7.88951015,1,1,0,12,0,3.37463093,-98.1288376,84.9433289,1.1327014,56.3047752,4.2645998,385.356903,61.0863991,1.85769999,0.0250000004,50,1,0.119999997,0.550000012,0.0133333337
C16_rand_7_r0,2,1967,7.5573101,7,4.30741549,4.2645998,0.0153117357,-0.00268826447,0.00718693202,0.00709711341,0.0109028863,4.5262866,14,2.77199006,7.88951015,1,1,0,13,0,3.37463093,-98.1288376,84.9433289,1.1327014,56.3047752,4.2645998,385.356903,61.0863991,1.85769999,0.0250000004,50,1,0.119999997,0.550000012,0.0133333337
C16_rand_7_r0,2,1968,7.74308014,7,4.60000658,4.2645998,0.0154044246,-0.00259557529,0.00569130061,0.00546912476,0.0125308754,4.83939934,14,2.77199006,7.88951015,1,1,0,14,0,3.37463093,-98.1288376,84.9433289,1.1327014,56.3047752,4.2645998,385.356903,61.0863991,1.85769999,0.0250000004,50,1,0.119999997,0.550000012,0.0133333337
C16_rand_7_r0,2,1969,10.18577,10,4.85765743,4.2645998,0.0155846113,-0.00241538882,0.00458550127,0.00396577362,0.0140342265,5.06846285,14,2.77199006,7.88951015,1,1,0,15,0,1.68337488,-9.27115631,27.8609333,1.49289095,3.0349462,4.2645998,385.356903,61.0863991,1.85769999,0.0250000004,50,1,0.119999997,0.550000012,0.0133333337
C16_rand_7_r0,2,1970,10.3715401,10,5.0872817,4.2645998,0.0158431642,-0.00215683528,0.00268820021,0.0025972079,0.015402792,5.27515602,14,2.77199006,7.88951015,1,1,0,16,0,1.68337488,-9.27115631,27.8609333,1.49289095,3.0349462,4.2645998,385.356903,61.0863991,1.85769999,0.0250000004,50,1,0.119999997,0.550000012,0.0133333337
C16_rand_7_r0,2,1971,10.5573101,10,5.19516659,4.2645998,0.0161447469,-0.00185525219,0.00233313139,0.00183035829,0.0161696412,5.28343582,14,2.77199006,7.88951015,1,1,0,17,0,1.68337488,-9.27115631,27.8609333,1.49289095,3.0349462,4.2645998,385.356903,61.0863991,1.85769999,0.0250000004,50,1,0.119999997,0.550000012,0.0133333337
C16_rand_7_r0,2,1972,10.7430801,10,5.75205564,4.2645998,0.0164780803,-0.00152191881,0.00106489542,-0.000977341551,0.0189773422,6.20769215,14,2.77199006,7.88951015,1,1,0,18,0,1.68337488,-9.27115631,27.8609333,1.49289095,3.0349462,4.2645998,385.356903,61.0863991,1.85769999,0.0250000004,50,1,0.119999997,0.550000012,0.0133333337
C16_rand_7_r0,2,1973,13.18577,13,5.95644999,4.2645998,0.0168114137,-0.00118858553,0.00108357845,-0.00106131588,0.0190613158,6.12368155,14,2.77199006,7.88951015,1,1,0,19,0,-4.14574862,-12.3237362,28.9563141,1.08530807,117.621605,4.2645998,385.356903,61.0863991,1.85769999,0.0250000004,50,1,0.119999997,0.550000012,0.0133333337
C16_rand_7_r0,2,1974,13.3715401,13,6.04980421,4.2645998,0.0171447471,-0.000855252205,0.00429771468,-0.00106781186,0.0190678127,6.12618494,14,2.77199006,7.88951015,1,1,0,20,0,-4.14574862,-12.3237362,28.9563141,1.08530807,117.621605,4.2645998,385.356903,61.0863991,1.85769999,0.0250000004,50,1,0.119999997,0.550000012,0.0133333337
C16_rand_7_r0,2,1975,13.5573101,13,6.94039488,4.2645998,0.0174780805,-0.000521918875,0.00539395818,-0.00507156737,0.0230715666,7.66905975,14,2.77199006,7.88951015,1,1,0,21,0,-4.14574862,-12.3237362,28.9563141,1.08530807,117.621605,4.2645998,385.356903,61.0863991,1.85769999,0.0250000004,50,1,0.119999997,0.550000012,0.0133333337
C16_rand_7_r0,2,1976,13.7430801,13,7.75939131,4.2645998,0.0178114139,-0.000188585516,0.00722747203,-0.00704485364,0.0250448529,8.4294796,14,2.77199006,7.88951015,1,1,0,22,0,-4.14574862,-12.3237362,28.9563141,1.08530807,117.621605,4.2645998,385.356903,61.0863991,1.85769999,0.0250000004,50,1,0.119999997,0.550000012,0.0133333337
C16_rand_7_r0,2,1977,15.0133333,15,8.92676353,4.2645998,0.0181447472,0.000144747813,0.0111748092,-0.0108138453,0.0288138445,9.88188648,14,2.77199006,7.88951015,1,0,0,0,0,5.48989248,-94.7370605,77.2477722,1.16587675,49.4866753,4.2645998,385.356903,61.0863991,1.85769999,0.0250000004,50,1,0.119999997,0.550000012,0.0133333337
C16_rand_7_r0,2,1978,15.0266666,15,10.0141153,4.2645998,0.0184780806,0.000478081143,0.0135847367,-0.0134656215,0.0314656235,10.9037666,14,2.77199006,7.88951015,0,0,0,0,0,5.48989248,-94.7370605,77.2477722,1.16587675,49.4866753,4.2645998,385.356903,61.0863991,1.85769999,0.0250000004,50,1,0.119999997,0.550000012,0.0133333337
C16_rand_7_r0,2,1979,15.04,15,11.0813112,4.2645998,0.018811414,0.000811414502,0.0163998604,-0.0161921997,0.0341922008,11.9544725,14,2.77199006,7.88951015,0,0,0,0,0,5.48989248,-94.7370605,77.2477722,1.16587675,49.4866753,4.2645998,385.356903,61.0863991,1.85769999,0.0250000004,50,1,0.119999997,0.550000012,0.0133333337
C16_rand_7_r0,2,1980,15.0533333,15,12.1958771,4.2645998,0.0241447482,0.0061447476,0.0195304304,-0.0191850699,0.0371850692,13.1077948,14,2.77199006,7.88951015,0,0,0,0,7,5.48989248,-94.7370605,77.2477722,1.16587675,49.4866753,4.2645998,385.356903,61.0863991,1.85769999,0.0250000004,50,1,0.119999997,0.550000012,0.0133333337
C16_rand_7_r0,2,1981,15.0666666,15,13.1881447,4.2645998,0.0294780806,0.0114780813,0.0225539338,-0.0219015777,0.0399015769,14,14,2.77199006,7.88951015,0,0,0,0,7,5.48989248,-94.7370605,77.2477722,1.16587675,49.4866753,4.2645998,385.356903,61.0863991,1.85769999,0.0250000004,50,1,0.119999997,0.550000012,0.0133333337
C16_rand_7_r0,2,1982,15.0799999,15,13.6346655,4.2645998,0.0348114148,0.0168114137,0.0251345113,-0.0247568265,0.0427568257,14,14,2.77199006,7.88951015,0,0,0,0,7,5.48989248,-94.7370605,77.2477722,1.16587675,49.4866753,4.2645998,385.356903,61.0863991,1.85769999,0.0250000004,50,1,0.119999997,0.550000012,0.0133333337
C16_rand_7_r0,2,1983,15.0933332,15,13.8355989,4.2645998,0.040144749,0.0221447479,0.0272541475,-0.0271782819,0.045178283,14,14,2.77199006,7.88951015,0,0,0,0,7,5.48989248,-94.7370605,77.2477722,1.16587675,49.4866753,4.2645998,385.356903,61.0863991,1.85769999,0.0250000004,50,1,0.119999997,0.550000012,0.0133333337
C16_rand_7_r0,2,1984,15.1066666,15,13.9260197,4.2645998,0.0454780795,0.0274780802,0.0299869142,-0.029950751,0.0479507521,14,14,2.77199006,7.88951015,0,0,0,0,7,5.48989248,-94.7370605,77.2477722,1.16587675,49.4866753,4.2645998,385.356903,61.0863991,1.85769999,0.0250000004,50,1,0.119999997,0.550000012,0.0133333337
C16_rand_7_r0,2,1985,15.1199999,15,13.9667091,4.2645998,0.0508114137,0.0328114145,0.0316923112,-0.0314835347,0.0494835377,14,14,2.77199006,7.88951015,0,0,0,0,7,5.48989248,-94.7370605,77.2477722,1.16587675,49.4866753,4.2645998,385.356903,61.0863991,1.85769999,0.0250000004,50,1,0.119999997,0.550000012,0.0133333337
C16_rand_7_r0,2,1986,15.1333332,15,13.9850187,4.2645998,0.0561447479,0.0381447487,0.0337317996,-0.0333583653,0.0513583645,14,14,2.77199006,7.88951015,0,0,0,0,7,5.48989248,-94.7370605,77.2477722,1.16587675,49.4866753,4.2645998,385.356903,61.0863991,1.85769999,0.0250000004,50,1,0.119999997,0.550000012,0.0133333337
C16_rand_7_r0,2,1987,15.1466665,15,13.9932585,4.2645998,0.0614780821,0.0434780829,0.0354706608,-0.0352818891,0.0532818884,14,14,2.77199006,7.88951015,0,0,0,0,7,5.48989248,-94.7370605,77.2477722,1.16587675,49.4866753,4.2645998,385.356903,61.0863991,1.85769999,0.0250000004,50,1,0.119999997,0.550000012,0.0133333337
C16_rand_7_r0,2,1988,15.1599998,15,13.9969664,4.2645998,0.0668114126,0.0488114133,0.0369933471,-0.0366288647,0.0546288677,14,14,2.77199006,7.88951015,0,0,0,0,7,5.48989248,-94.7370605,77.2477722,1.16587675,49.4866753,4.2645998,385.356903,61.0863991,1.85769999,0.0250000004,50,1,0.119999997,0.550000012,0.0133333337
C16_rand_7_r0,2,1989,15.1733332,15,13.9986353,4.2645998,0.0721447468,0.0541447476,0.0382840335,-0.0381996706,0.0561996736,14,14,2.77199006,7.88951015,0,0,0,0,7,5.48989248,-94.7370605,77.2477722,1.16587675,49.4866753,4.2645998,385.356903,61.0863991,1.85769999,0.0250000004,50,1,0.119999997,0.550000012,0.0133333337
C16_rand_7_r0,2,1990,15.1866665,15,13.9993858,4.2645998,0.077478081,0.0594780818,0.0392516591,-0.0391716026,0.0571716018,14,14,2.77199006,7.88951015,0,0,0,0,7,5.48989248,-94.7370605,77.2477722,1.16587675,49.4866753,4.2645998,385.356903,61.0863991,1.85769999,0.0250000004,50,1,0.119999997,0.550000012,0.0133333337
C16_rand_7_r0,2,1991,15.1999998,15,13.9997234,4.2645998,0.0799999982,0.061999999,0.0405927226,-0.040433377,0.05843338,14,14,2.77199006,7.88951015,0,0,0,0,7,5.48989248,-94.7370605,77.2477722,1.16587675,49.4866753,4.2645998,385.356903,61.0863991,1.85769999,0.0250000004,50,1,0.119999997,0.550000012,0.0133333337
C16_rand_7_r0,2,1992,15.2133331,15,13.999876,4.2645998,0.0799999982,0.061999999,0.0409947559,-0.0408436656,0.0588436648,14,14,2.77199006,7.88951015,0,0,0,0,7,5.48989248,-94.7370605,77.2477722,1.16587675,49.4866753,4.2645998,385.356903,61.0863991,1.85769999,0.0250000004,50,1,0.119999997,0.550000012,0.0133333337
C16_rand_7_r0,2,1993,15.2266665,15,13.9999437,4.2645998,0.0799999982,0.061999999,0.0416334793,-0.0412599705,0.0592599735,14,14,2.77199006,7.88951015,0,0,0,0,7,5.48989248,-94.7370605,77.2477722,1.16587675,49.4866753,4.2645998,385.356903,61.0863991,1.85769999,0.0250000004,50,1,0.119999997,0.550000012,0.0133333337
C16_rand_7_r0,2,1994,15.2399998,15,13.9999752,4.2645998,0.0799999982,0.061999999,0.0420779698,-0.0418509915,0.0598509945,14,14,2.77199006,7.88951015,0,0,0,0,7,5.48989248,-94.7370605,77.2477722,1.16587675,49.4866753,4.2645998,385.356903,61.0863991,1.85769999,0.0250000004,50,1,0.119999997,0.550000012,0.0133333337
C16_rand_7_r0,2,1995,15.2533331,15,13.9999886,4.2645998,0.0799999982,0.061999999,0.0423546694,-0.0420408174,0.0600408167,14,14,2.77199006,7.88951015,0,0,0,0,7,5.48989248,-94.7370605,77.2477722,1.16587675,49.4866753,4.2645998,385.356903,61.0863991,1.85769999,0.0250000004,50,1,0.119999997,0.550000012,0.0133333337
C16_rand_7_r0,2,1996,15.2666664,15,13.9999952,4.2645998,0.0799999982,0.061999999,0.042682685,-0.0424751677,0.0604751669,14,14,2.77199006,7.88951015,0,0,0,0,7,5.48989248,-94.7370605,77.2477722,1.16587675,49.4866753,4.2645998,385.356903,61.0863991,1.85769999,0.0250000004,50,1,0.119999997,0.550000012,0.0133333337
C16_rand_7_r0,2,1997,15.2799997,15,13.9999981,4.2645998,0.0799999982,0.061999999,0.0426428206,-0.0424704514,0.0604704507,14,14,2.77199006,7.88951015,0,0,0,0,7,5.48989248,-94.7370605,77.2477722,1.16587675,49.4866753,4.2645998,385.356903,61.0863991,1.85769999,0.0250000004,50,1,0.119999997,0.550000012,0.0133333337
C16_rand_7_r0,2,1998,15.2933331,15,13.999999,4.2645998,0.0799999982,0.061999999,0.042559579,-0.0422083065,0.0602083057,14,14,2.77199006,7.88951015,0,0,0,0,7,5.48989248,-94.7370605,77.2477722,1.16587675,49.4866753,4.2645998,385.356903,61.0863991,1.85769999,0.0250000004,50,1,0.119999997,0.550000012,0.0133333337
C16_rand_7_r0,2,1999,15.3066664,15,14,4.2645998,0.0799999982,0.061999999,0.0420608483,-0.0420143008,0.0600143,14,14,2.77199006,7.88951015,0,0,0,0,7,5.48989248,-94.7370605,77.2477722,1.16587675,49.4866753,4.2645998,385.356903,61.0863991,1.85769999,0.0250000004,50,1,0.119999997,0.550000012,0.0133333337
C16_rand_7_r0,2,2000,15.3199997,15,14,4.2645998,0.0799999982,0.061999999,0.0417383499,-0.041678153,0.0596781522,14,14,2.77199006,7.88951015,0,0,0,0,7,5.48989248,-94.7370605,77.2477722,1.16587675,49.4866753,4.2645998,385.356903,61.0863991,1.85769999,0.0250000004,50,1,0.119999997,0.550000012,0.0133333337
C16_rand_7_r0,2,2001,15.333333,15,14,4.2645998,0.0799999982,0.061999999,0.0414784476,-0.0412803553,0.0592803545,14,14,2.77199006,7.88951015,0,0,0,0,7,5.48989248,-94.7370605,77.2477722,1.16587675,49.4866753,4.2645998,385.356903,61.0863991,1.85769999,0.0250000004,50,1,0.119999997,0.550000012,0.0133333337
C16_rand_7_r0,2,2002,15.3466663,15,14,4.2645998,0.0799999982,0.061999999,0.0409262553,-0.040763732,0.058763735,14,14,2.77199006,7.88951015,0,0,0,0,7,5.48989248,-94.7370605,77.2477722,1.16587675,49.4866753,4.2645998,385.356903,61.0863991,1.85769999,0.0250000004,50,1,0.119999997,0.550000012,0.0133333337
C16_rand_7_r0,2,2003,15.3599997,15,14,4.2645998,0.0799999982,0.061999999,0.0404654257,-0.040065337,0.0580653362,14,14,2.77199006,7.88951015,0,0,0,0,7,5.48989248,-94.7370605,77.2477722,1.16587675,49.4866753,4.2645998,385.356903,61.0863991,1.85769999,0.0250000004,50,1,0.119999997,0.550000012,0.0133333337
C16_rand_7_r0,2,2004,15.373333,15,14,4.2645998,0.0799999982,0.061999999,0.0395551063,-0.0394409895,0.0574409887,14,14,2.77199006,7.88951015,0,0,0,0,7,5.48989248,-94.7370605,77.2477722,1.16587675,49.4866753,4.2645998,385.356903,61.0863991,1.85769999,0.0250000004,50,1,0.119999997,0.550000012,0.0133333337
C16_rand_7_r0,2,2005,15.3866663,15,14,4.2645998,0.0799999982,0.061999999,0.0387249365,-0.0385783613,0.0565783605,14,14,2.77199006,7.88951015,0,0,0,0,7,5.48989248,-94.7370605,77.2477722,1.16587675,49.4866753,4.2645998,385.356903,61.0863991,1.85769999,0.0250000004,50,1,0.119999997,0.550000012,0.0133333337
C16_rand_7_r0,2,2006,15.3999996,15,14,4.2645998,0.0799999982,0.061999999,0.0380626619,-0.0378428809,0.0558428802,14,14,2.77199006,7.88951015,0,0,0,0,7,5.48989248,-94.7370605,77.2477722,1.16587675,49.4866753,4.2645998,385.356903,61.0863991,1.85769999,0.0250000004,50,1,0.119999997,0.550000012,0.0133333337
C16_rand_7_r0,2,2007,15.4133329,15,14,4.2645998,0.0799999982,0.061999999,0.0374090038,-0.0370470136,0.0550470129,14,14,2.77199006,7.88951015,0,0,0,0,7,5.48989248,-94.7370605,77.2477722,1.16587675,49.4866753,4.2645998,385.356903,61.0863991,1.85769999,0.0250000004,50,1,0.119999997,0.550000012,0.0133333337
C16_rand_7_r0,2,2008,15.4266663,15,14,4.2645998,0.0799999982,0.061999999,0.0364863798,-0.0362636484,0.0542636514,14,14,2.77199006,7.88951015,0,0,0,0,7,5.48989248,-94.7370605,77.2477722,1.16587675,49.4866753,4.2645998,385.356903,61.0863991,1.85769999,0.0250000004,50,1,0.119999997,0.550000012,0.0133333337
C16_rand_7_r0,2,2009,15.4399996,15,14,4.2645998,0.0799999982,0.061999999,0.0354050174,-0.0353518426,0.0533518456,14,14,2.77199006,7.88951015,0,0,0,0,7,5.48989248,-94.7370605,77.2477722,1.16587675,49.4866753,4.2645998,385.356903,61.0863991,1.85769999,0.0250000004,50,1,0.119999997,0.550000012,0.0133333337
C16_rand_7_r0,2,2010,15.4533329,15,14,4.2645998,0.0799999982,0.061999999,0.0342577249,-0.0342146643,0.0522146635,14,14,2.77199006,7.88951015,0,0,0,0,7,5.48989248,-94.7370605,77.2477722,1.16587675,49.4866753,4.2645998,385.356903,61.0863991,1.85769999,0.0250000004,50,1,0.119999997,0.550000012,0.0133333337
C16_rand_7_r0,2,2011,15.4666662,15,14,4.2645998,0.0799999982,0.061999999,0.0332702249,-0.0329511128,0.0509511121,14,14,2.77199006,7.88951015,0,0,0,0,7,5.48989248,-94.7370605,77.2477722,1.16587675,49.4866753,4.2645998,385.356903,61.0863991,1.85769999,0.0250000004,50,1,0.119999997,0.550000012,0.0133333337
C16_rand_7_r0,2,2012,15.4799995,15,14,4.2645998,0.0799999982,0.061999999,0.03185267,-0.0317670517,0.0497670509,14,14,2.77199006,7.88951015,0,0,0,0,7,5.48989248,-94.7370605,77.2477722,1.16587675,49.4866753,4.2645998,385.356903,61.0863991,1.85769999,0.0250000004,50,1,0.119999997,0.550000012,0.0133333337
C16_rand_7_r0,2,2013,15.4933329,15,14,4.2645998,0.0799999982,0.061999999,0.0306704659,-0.0304652713,0.0484652705,14,14,2.77199006,7.88951015,0,0,0,0,7,5.48989248,-94.7370605,77.2477722,1.16587675,49.4866753,4.2645998,385.356903,61.0863991,1.85769999,0.0250000004,50,1,0.119999997,0.550000012,0.0133333337
C16_rand_7_r0,2,2014,15.5066671,15,14,4.2645998,0.0799999982,0.061999999,0.0293256473,-0.0292593371,0.0472593382,14,14,2.77199006,7.88951015,0,0,0,0,7,5.48989248,-94.7370605,77.2477722,1.16587675,49.4866753,4.2645998,385.356903,61.0863991,1.85769999,0.0250000004,50,1,0.119999997,0.550000012,0.0133333337
C16_rand_7_r0,2,2015,15.5200005,15,14,4.2645998,0.0799999982,0.061999999,0.0280324239,-0.027520474,0.0455204733,14,14,2.77199006,7.88951015,0,0,0,0,7,5.48989248,-94.7370605,77.2477722,1.16587675,49.4866753,4.2645998,385.356903,61.0863991,1.85769999,0.0250000004,50,1,0.119999997,0.550000012,0.0133333337
C16_rand_7_r0,2,2016,15.5333338,15,14,4.2645998,0.0799999982,0.061999999,0.0265023876,-0.0263436865,0.0443436876,14,14,2.77199006,7.88951015,0,0,0,0,7,5.48989248,-94.7370605,77.2477722,1.16587675,49.4866753,4.2645998,385.356903,61.0863991,1.85769999,0.0250000004,50,1,0.119999997,0.550000012,0.0133333337
C16_rand_7_r0,2,2017,15.5466671,15,14,4.2645998,0.0799999982,0.061999999,0.0248588175,-0.024804201,0.0428042002,14,14,2.77199006,7.88951015,0,0,0,0,7,5.48989248,-94.7370605,77.2477722,1.16587675,49.4866753,4.2645998,385.356903,61.0863991,1.85769999,0.0250000004,50,1,0.119999997,0.550000012,0.0133333337
C16_rand_7_r0,2,2018,15.5600004,15,14,4.2645998,0.0799999982,0.061999999,0.0232942775,-0.0232135765,0.0412135758,14,14,2.77199006,7.88951015,0,0,0,0,7,5.48989248,-94.7370605,77.2477722,1.16587675,49.4866753,4.2645998,385.356903,61.0863991,1.85769999,0.0250000004,50,1,0.119999997,0.550000012,0.0133333337
C16_rand_7_r0,2,2019,15.5733337,15,14,4.2645998,0.0799999982,0.061999999,0.0219017938,-0.0216279048,0.0396279059,14,14,2.77199006,7.88951015,0,0,0,0,7,5.48989248,-94.7370605,77.2477722,1.16587675,49.4866753,4.2645998,385.356903,61.0863991,1.85769999,0.0250000004,50,1,0.119999997,0.550000012,0.0133333337
C16_rand_7_r0,2,2020,15.5866671,15,13.7311316,4.2645998,0.0799999982,0.061999999,0.020253947,-0.0202317704,0.0382317714,13.5111485,14,2.77199006,7.88951015,0,0,0,0,7,5.48989248,-94.7370605,77.2477722,1.16587675,49.4866753,4.2645998,385.356903,61.0863991,1.85769999,0.0250000004,50,1,0.119999997,0.550000012,0.0133333337
C16_rand_7_r0,2,2021,15.6000004,15,13.2895327,4.2645998,0.0799999982,0.061999999,0.0189355966,-0.0187190846,0.0367190838,12.9282246,14,2.77199006,7.88951015,0,0,0,0,7,5.48989248,-94.7370605,77.2477722,1.16587675,49.4866753,4.2645998,385.356903,61.0863991,1.85769999,0.0250000004,50,1,0.119999997,0.550000012,0.0133333337
C16_rand_7_r0,2,2022,15.6133337,15,12.7775288,4.2645998,0.0799999982,0.061999999,0.017578451,-0.0172409508,0.0352409519,12.3586159,14,2.77199006,7.88951015,0,0,0,0,6,5.48989248,-94.7370605,77.2477722,1.16587675,49.4866753,4.2645998,385.356903,61.0863991,1.85769999,0.0250000004,50,1,0.119999997,0.550000012,0.0133333337
C16_rand_7_r0,2,2023,15.626667,15,12.2172346,4.2645998,0.0799999982,0.061999999,0.0157780088,-0.0156844649,0.033684466,11.7588129,14,2.77199006,7.88951015,0,0,0,0,5,5.48989248,-94.7370605,77.2477722,1.16587675,49.4866753,4.2645998,385.356903,61.0863991,1.85769999,0.0250000004,50,1,0.119999997,0.550000012,0.0133333337
C16_rand_7_r0,2,2024,15.6400003,15,11.5203781,4.2645998,0.0799999982,0.061999999,0.013989361,-0.0135861756,0.0315861776,10.950223,14,2.77199006,7.88951015,0,0,0,0,4,5.48989248,-94.7370605,77.2477722,1.16587675,49.4866753,4.2645998,385.356903,61.0863991,1.85769999,0.0250000004,50,1,0.119999997,0.550000012,0.0133333337
C16_rand_7_r0,2,2025,15.6533337,15,10.9105196,4.2645998,0.0799999982,0.061999999,0.012410284,-0.0121883051,0.0301883053,10.4115438,14,2.77199006,7.88951015,0,0,0,0,3,5.48989248,-94.7370605,77.2477722,1.16587675,49.4866753,4.2645998,385.356903,61.0863991,1.85769999,0.0250000004,50,1,0.119999997,0.550000012,0.0133333337
C16_rand_7_r0,2,2026,15.666667,15,10.2804832,4.2645998,0.0799999982,0.061999999,0.0111746108,-0.0105105229,0.0285105221,9.76499844,14,2.77199006,7.88951015,0,0,0,0,2,5.48989248,-94.7370605,77.2477722,1.16587675,49.4866753,4.2645998,385.356903,61.0863991,1.85769999,0.0250000004,50,1,0.119999997,0.550000012,0.0133333337
C16_rand_7_r0,2,2027,15.6800003,15,9.63928127,4.2645998,0.0799999982,0.061999999,0.0095483819,-0.00882290211,0.0268229023,9.11466217,14,2.77199006,7.88951015,0,0,0,0,1,5.48989248,-94.7370605,77.2477722,1.16587675,49.4866753,4.2645998,385.356903,61.0863991,1.85769999,0.0250000004,50,1,0.119999997,0.550000012,0.0133333337
C16_rand_7_r0,2,2028,15.6933336,15,8.97205162,4.2645998,0.0799999982,0.061999999,0.00728135649,-0.00703617744,0.0250361767,8.42613602,14,2.77199006,7.88951015,1,0,0,0,0,5.48989248,-94.7370605,77.2477722,1.16587675,49.4866753,4.2645998,385.356903,61.0863991,1.85769999,0.0250000004,50,1,0.119999997,0.550000012,0.0133333337
C16_rand_7_r0,2,2029,15.7066669,15,8.33334827,4.2645998,0.0799999982,0.061999999,0.0055157952,-0.00543931453,0.0234393142,7.81077385,14,2.77199006,7.88951015,1,0,0,1,0,5.48989248,-94.7370605,77.2477722,1.16587675,49.4866753,4.2645998,385.356903,61.0863991,1.85769999,0.0250000004,50,1,0.119999997,0.550000012,0.0133333337
C16_rand_7_r0,2,2030,15.892437,15,7.69586134,4.2645998,0.0799999982,0.061999999,0.00427116919,-0.00378761766,0.0217876174,7.17428064,14,2.77199006,7.88951015,1,1,0,2,0,5.48989248,-94.7370605,77.2477722,1.16587675,49.4866753,4.2645998,385.356903,61.0863991,1.85769999,0.0250000004,50,1,0.119999997,0.550000012,0.0133333337
C16_rand_7_r0,2,2031,16.078207,16,7.03284407,4.2645998,0.0799999982,0.061999999,0.00291410694,-0.00201288448,0.0200128835,6.49037504,14,2.77199006,7.88951015,1,1,0,3,0,-0.164343253,-6.63488579,27.7611179,1.52132702,117.408493,4.2645998,385.356903,61.0863991,1.85769999,0.0250000004,50,1,0.119999997,0.550000012,0.0133333337
C16_rand_7_r0,2,2032,17.18577,17,6.46173191,4.2645998,0.0799999982,0.061999999,0.00197024411,-0.000725982536,0.0187259819,5.99445868,14,2.77199006,7.88951015,1,1,0,4,0,-0.0914618671,-0.728578925,89.6716309,0.654028416,155.740448,4.2645998,385.356903,61.0863991,1.85769999,0.0250000004,50,1,0.119999997,0.550000012,0.0133333337
C16_rand_7_r0,2,2033,17.3715401,17,6.23541164,4.2645998,0.0799999982,0.061999999,0.00148004969,-0.00087073585,0.0188707355,6.05024004,14,2.77199006,7.88951015,1,1,0,5,0,-0.0914618671,-0.728578925,89.6716309,0.654028416,155.740448,4.2645998,385.356903,61.0863991,1.85769999,0.0250000004,50,1,0.119999997,0.550000012,0.0133333337
C16_rand_7_r0,2,2034,17.5573101,17,5.84273863,4.2645998,0.0799999982,0.061999999,0.000675994321,0.000501445902,0.0174985547,5.52146053,14,2.77199006,7.88951015,1,1,0,6,0,-0.0914618671,-0.728578925,89.6716309,0.654028416,155.740448,4.2645998,385.356903,61.0863991,1.85769999,0.0250000004,50,1,0.119999997,0.550000012,0.0133333337
C16_rand_7_r0,2,2035,17.7430801,17,5.26716089,4.2645998,0.0799999982,0.061999999,0.00239885668,0.0023834079,0.015616592,4.79623365,14,2.77199006,7.88951015,1,1,0,7,0,-0.0914618671,-0.728578925,89.6716309,0.654028416,155.740448,4.2645998,385.356903,61.0863991,1.85769999,0.0250000004,50,1,0.119999997,0.550000012,0.0133333337
C16_rand_7_r0,2,2036,17.9288502,17,5.02252388,4.2645998,0.0799999982,0.061999999,0.0024450433,0.00231559295,0.0156844072,4.82236671,14,2.77199006,7.88951015,1,1,0,8,0,-0.0914618671,-0.728578925,89.6716309,0.654028416,155.740448,4.2645998,385.356903,61.0863991,1.85769999,0.0250000004,50,1,0.119999997,0.550000012,0.0133333337
C16_rand_7_r0,2,2037,18.1146202,18,5.10560608,4.2645998,0.0799999982,0.061999999,0.00225491915,0.00204374897,0.015956251,5.17358255,14,2.77199006,7.88951015,1,1,0,9,0,4.52995491,-48.4200974,66.070549,1.23696685,41.7568245,4.2645998,385.356903,61.0863991,1.85769999,0.0250000004,50,1,0.119999997,0.550000012,0.0133333337
C16_rand_7_r0,2,2038,19.18577,19,4.60290384,4.2645998,0.0799999982,0.061999999,0.00546454359,0.00447907811,0.0135209216,4.19160175,14,2.77199006,7.88951015,1,1,0,10,0,-2.47587442,-4.24378443,24.7338734,1.33175361,30.0315819,4.2645998,385.356903,61.0863991,1.85769999,0.0250000004,50,1,0.119999997,0.550000012,0.0133333337
C16_rand_7_r0,2,2039,19.3715401,19,4.45751238,4.2645998,0.0799999982,0.061999999,0.00638717646,0.00540704746,0.0125929527,4.33855534,14,2.77199006,7.88951015,1,1,0,11,0,-2.47587442,-4.24378443,24.7338734,1.33175361,30.0315819,4.2645998,385.356903,61.0863991,1.85769999,0.0250000004,50,1,0.119999997,0.550000012,0.0133333337
C16_rand_7_r0,2,2040,19.5573101,19,4.46561098,4.2645998,0.0799999982,0.061999999,0.00597942062,0.00566248549,0.0123375142,4.47223711,14,2.77199006,7.88951015,1,1,0,12,0,-2.47587442,-4.24378443,24.7338734,1.33175361,30.0315819,4.2645998,385.356903,61.0863991,1.85769999,0.0250000004,50,1,0.119999997,0.550000012,0.0133333337
C16_rand_7_r0,2,2041,19.7430801,19,4.42437029,4.2645998,0.0799999982,0.061999999,0.0061507225,0.00595325371,0.012046746,4.39062786,14,2.77199006,7.88951015,1,1,0,13,0,-2.47587442,-4.24378443,24.7338734,1.33175361,30.0315819,4.2645998,385.356903,61.0863991,1.85769999,0.0250000004,50,1,0.119999997,0.550000012,0.0133333337
C16_rand_7_r0,2,2042,19.7564125,19,4.12735319,4.2645998,0.0799711794,0.0619711801,0.00851006061,0.0073891948,0.0106108049,3.88433909,14,2.77199006,7.88951015,0,1,0,0,0,-2.47587442,-4.24378443,24.7338734,1.33175361,30.0315819,4.2645998,385.356903,61.0863991,1.85769999,0.0250000004,50,1,0.119999997,0.550000012,0.0133333337
C16_rand_7_r0,2,2043,19.7697468,19,3.9428606,4.2645998,0.079877004,0.0618770048,0.00908662006,0.00843411032,0.00956588984,3.79191232,14,2.77199006,7.88951015,0,1,0,0,0,-2.47587442,-4.24378443,24.7338734,1.33175361,30.0315819,4.2645998,385.356903,61.0863991,1.85769999,0.0250000004,50,1,0.119999997,0.550000012,0.0133333337
C16_rand_7_r0,2,2044,19.7830791,19,3.86926961,4.2645998,0.0797514915,0.061751496,0.00918378402,0.00901121926,0.0089887809,3.8090589,14,2.77199006,7.88951015,0,1,0,0,0,-2.47587442,-4.24378443,24.7338734,1.33175361,30.0315819,4.2645998,385.356903,61.0863991,1.85769999,0.0250000004,50,1,0.119999997,0.550000012,0.0133333337
C16_rand_7_r0,2,2045,19.7964134,19,3.84284472,4.2645998,0.0796134248,0.0616134219,0.00938033871,0.00927767623,0.00872232392,3.82122445,14,2.77199006,7.88951015,0,1,0,0,0,-2.47587442,-4.24378443,24.7338734,1.33175361,30.0315819,4.2645998,385.356903,61.0863991,1.85769999,0.0250000004,50,1,0.119999997,0.550000012,0.0133333337
C16_rand_7_r0,2,2046,19.8097458,19,3.75736237,4.2645998,0.0794495121,0.0614495091,0.0103432229,0.00974437781,0.00825562235,3.68742251,14,2.77199006,7.88951015,0,1,0,0,0,-2.47587442,-4.24378443,24.7338734,1.33175361,30.0315819,4.2645998,385.356903,61.0863991,1.85769999,0.0250000004,50,1,0.119999997,0.550000012,0.0133333337
C16_rand_7_r0,2,2047,19.8230801,19,4.65720749,4.2645998,0.0795312524,0.0615312494,0.0112494435,0.00556301232,0.0124369878,5.39344454,14,2.77199006,7.88951015,0,1,0,0,0,-2.47587442,-4.24378443,24.7338734,1.33175361,30.0315819,4.2645998,385.356903,61.0863991,1.85769999,0.0250000004,50,1,0.119999997,0.550000012,0.0133333337
C16_rand_7_r0,2,2048,19.8364124,19,4.3667593,4.2645998,0.0795732513,0.0615732521,0.00781698618,0.00650751358,0.0114924861,4.12912035,14,2.77199006,7.88951015,1,1,0,1,0,-2.47587442,-4.24378443,24.7338734,1.33175361,30.0315819,4.2645998,385.356903,61.0863991,1.85769999,0.0250000004,50,1,0.119999997,0.550000012,0.0133333337
C16_rand_7_r0,2,2049,19.8497467,19,3.80433989,4.2645998,0.0794524029,0.0614523999,0.00963835977,0.00892239157,0.00907760859,3.34417844,14,2.77199006,7.88951015,0,1,0,0,0,-2.47587442,-4.24378443,24.7338734,1.33175361,30.0315819,4.2645998,385.356903,61.0863991,1.85769999,0.0250000004,50,1,0.119999997,0.550000012,0.0133333337
C16_rand_7_r0,2,2050,19.8630791,19,4.00687265,4.2645998,0.0793606713,0.0613606684,0.00869683363,0.00832158513,0.00967841502,4.1725812,14,2.77199006,7.88951015,0,1,0,0,0,-2.47587442,-4.24378443,24.7338734,1.33175361,30.0315819,4.2645998,385.356903,61.0863991,1.85769999,0.0250000004,50,1,0.119999997,0.550000012,0.0133333337
C16_rand_7_r0,2,2051,19.8764133,19,3.50261617,4.2645998,0.0791337192,0.0611337163,0.0111109484,0.0108538307,0.00714616943,3.09004259,14,2.77199006,7.88951015,0,1,0,0,0,-2.47587442,-4.24378443,24.7338734,1.33175361,30.0315819,4.2645998,385.356903,61.0863991,1.85769999,0.0250000004,50,1,0.119999997,0.550000012,0.0133333337
C16_rand_7_r0,2,2052,19.8897476,19,3.43969798,4.2645998,0.07886675,0.0608667545,0.0114950677,0.0113661429,0.00663385727,3.38821983,14,2.77199006,7.88951015,0,1,0,0,0,-2.47587442,-4.24378443,24.7338734,1.33175361,30.0315819,4.2645998,385.356903,61.0863991,1.85769999,0.0250000004,50,1,0.119999997,0.550000012,0.0133333337
C16_rand_7_r0,2,2053,19.90308,19,3.10971737,4.2645998,0.0785334185,0.0605334193,0.0135673024,0.0131700393,0.00482996088,2.83973289,14,2.77199006,7.88951015,0,1,0,0,0,-2.47587442,-4.24378443,24.7338734,1.33175361,30.0315819,4.2645998,385.356903,61.0863991,1.85769999,0.0250000004,50,1,0.119999997,0.550000012,0.0133333337
C16_rand_7_r0,2,2054,19.9164143,19,3.20363235,4.2645998,0.078200087,0.0602000877,0.0135286879,0.012657566,0.00534243416,3.2804718,14,2.77199006,7.88951015,0,1,0,0,0,-2.47587442,-4.24378443,24.7338734,1.33175361,30.0315819,4.2645998,385.356903,61.0863991,1.85769999,0.0250000004,50,1,0.119999997,0.550000012,0.0133333337
C16_rand_7_r0,2,2055,19.9297466,19,3.28125715,4.2645998,0.0778713822,0.0598713793,0.015503482,0.0124907168,0.00550928339,3.34476829,14,2.77199006,7.88951015,0,1,0,0,0,-2.47587442,-4.24378443,24.7338734,1.33175361,30.0315819,4.2645998,385.356903,61.0863991,1.85769999,0.0250000004,50,1,0.119999997,0.550000012,0.0133333337
C16_rand_7_r0,2,2056,19.9430809,19,3.0706358,4.2645998,0.0775380433,0.0595380478,0.0145896003,0.0136052687,0.00439473102,2.89830923,14,2.77199006,7.88951015,0,1,0,0,0,-2.47587442,-4.24378443,24.7338734,1.33175361,30.0315819,4.2645998,385.356903,61.0863991,1.85769999,0.0250000004,50,1,0.119999997,0.550000012,0.0133333337
C16_rand_7_r0,2,2057,19.9564133,19,2.71457982,4.2645998,0.0772047117,0.0592047125,0.015706541,0.0148820244,0.00311797601,2.42326164,14,2.77199006,7.88951015,0,0,0,0,0,-2.47587442,-4.24378443,24.7338734,1.33175361,30.0315819,4.2645998,385.356903,61.0863991,1.85769999,0.0250000004,50,1,0.119999997,0.550000012,0.0133333337
C16_rand_7_r0,2,2058,19.9697475,19,2.31079817,4.2645998,0.0768713802,0.058871381,0.0162187088,0.0160311665,0.00196883292,1.98043132,14,2.77199006,7.88951015,0,0,0,0,0,-2.47587442,-4.24378443,24.7338734,1.33175361,30.0315819,4.2645998,385.356903,61.0863991,1.85769999,0.0250000004,50,1,0.119999997,0.550000012,0.0133333337
C16_rand_7_r0,2,2059,19.9830799,19,1.84693205,4.2645998,0.0765380487,0.0585380457,0.0176935233,0.0173624679,0.000637531746,1.46740532,14,2.77199006,7.88951015,0,0,0,0,0,-2.47587442,-4.24378443,24.7338734,1.33175361,30.0315819,4.2645998,385.356903,61.0863991,1.85769999,0.0250000004,50,1,0.119999997,0.550000012,0.0133333337
C16_rand_7_r0,2,2060,19.9964142,19,1.50306988,4.2645998,0.0762047097,0.0582047142,0.0192087647,0.0185342282,0,1.22172797,14,2.77199006,7.88951015,0,0,0,0,0,-2.47587442,-4.24378443,24.7338734,1.33175361,30.0315819,4.2645998,385.356903,61.0863991,1.85769999,0.0250000004,50,1,0.119999997,0.550000012,0.0133333337
C16_rand_7_r0,2,2061,20.0097466,20,1.34833181,4.2645998,0.0758713782,0.057871379,0.0206041746,0.0197946727,0,1.22172797,14,2.77199006,7.88951015,0,0,0,0,0,-0.27869916,-8.26516724,54.746151,1.37440753,15.8100405,4.2645998,385.356903,61.0863991,1.85769999,0.0250000004,50,1,0.119999997,0.550000012,0.0133333337
