C3_rand_24_r0,0,421,0.0133333337,0,0,7.50640011,0.0496666655,0.0316666663,0.240396991,0.212205008,0,0,14,4.87915993,13.8868399,0,0,0,0,0,4.18154526,-27.4896641,73.172493,1.11848342,17.2018089,7.50640011,465.033112,72.9654007,0.928499997,0.0250000004,50,1,0.119999997,0.550000012,0.0133333337
C3_rand_24_r0,0,422,0.0266666673,0,0,7.50640011,0.049333334,0.0313333347,0.237442985,0.207917035,0,0,14,4.87915993,13.8868399,0,0,0,0,0,4.18154526,-27.4896641,73.172493,1.11848342,17.2018089,7.50640011,465.033112,72.9654007,0.928499997,0.0250000004,50,1,0.119999997,0.550000012,0.0133333337
C3_rand_24_r0,0,423,0.0399999991,0,0,7.50640011,0.0489999987,0.0309999995,0.233759567,0.204610646,0,0,14,4.87915993,13.8868399,0,0,0,0,0,4.18154526,-27.4896641,73.172493,1.11848342,17.2018089,7.50640011,465.033112,72.9654007,0.928499997,0.0250000004,50,1,0.119999997,0.550000012,0.0133333337
C3_rand_24_r0,0,424,0.0533333346,0,0,7.50640011,0.0486666672,0.0306666661,0.23076804,0.198575884,0,0,14,4.87915993,13.8868399,0,0,0,0,0,4.18154526,-27.4896641,73.172493,1.11848342,17.2018089,7.50640011,465.033112,72.9654007,0.928499997,0.0250000004,50,1,0.119999997,0.550000012,0.0133333337
C3_rand_24_r0,0,425,0.0666666701,0,0,7.50640011,0.0483333319,0.0303333327,0.226780519,0.194729179,0,0,14,4.87915993,13.8868399,0,0,0,0,0,4.18154526,-27.4896641,73.172493,1.11848342,17.2018089,7.50640011,465.033112,72.9654007,0.928499997,0.0250000004,50,1,0.119999997,0.550000012,0.0133333337
C3_rand_24_r0,0,426,0.0799999982,0,0,7.50640011,0.0480000004,0.0299999993,0.224137172,0.188435853,0,0,14,4.87915993,13.8868399,0,0,0,0,0,4.18154526,-27.4896641,73.172493,1.11848342,17.2018089,7.50640011,465.033112,72.9654007,0.928499997,0.0250000004,50,1,0.119999997,0.550000012,0.0133333337
C3_rand_24_r0,0,427,0.0933333337,0,0,7.50640011,0.0476666652,0.0296666659,0.220026955,0.18456018,0,0,14,4.87915993,13.8868399,0,0,0,0,0,4.18154526,-27.4896641,73.172493,1.11848342,17.2018089,7.50640011,465.033112,72.9654007,0.928499997,0.0250000004,50,1,0.119999997,0.550000012,0.0133333337
C3_rand_24_r0,0,428,0.106666669,0,0,7.50640011,0.0473333336,0.0293333326,0.216651201,0.181996584,0,0,14,4.87915993,13.8868399,0,0,0,0,0,4.18154526,-27.4896641,73.172493,1.11848342,17.2018089,7.50640011,465.033112,72.9654007,0.928499997,0.0250000004,50,1,0.119999997,0.550000012,0.0133333337
C3_rand_24_r0,0,429,0.119999997,0,0,7.50640011,0.0469999984,0.0289999992,0.213532597,0.174216926,0,0,14,4.87915993,13.8868399,0,0,0,0,0,4.18154526,-27.4896641,73.172493,1.11848342,17.2018089,7.50640011,465.033112,72.9654007,0.928499997,0.0250000004,50,1,0.119999997,0.550000012,0.0133333337
C3_rand_24_r0,0,430,0.13333334,0,0,7.50640011,0.0466666669,0.0286666658,0.209999338,0.171492949,0,0,14,4.87915993,13.8868399,0,0,0,0,0,4.18154526,-27.4896641,73.172493,1.11848342,17.2018089,7.50640011,465.033112,72.9654007,0.928499997,0.0250000004,50,1,0.119999997,0.550000012,0.0133333337
C3_rand_24_r0,0,431,0.146666661,0,0,7.50640011,0.0463333316,0.0283333343,0.207509652,0.163015425,0,0,14,4.87915993,13.8868399,0,0,0,0,0,4.18154526,-27.4896641,73.172493,1.11848342,17.2018089,7.50640011,465.033112,72.9654007,0.928499997,0.0250000004,50,1,0.119999997,0.550000012,0.0133333337
C3_rand_24_r0,0,432,0.159999996,0,0,7.50640011,0.0460000001,0.0280000009,0.203782365,0.1607811,0,0,14,4.87915993,13.8868399,0,0,0,0,0,4.18154526,-27.4896641,73.172493,1.11848342,17.2018089,7.50640011,465.033112,72.9654007,0.928499997,0.0250000004,50,1,0.119999997,0.550000012,0.0133333337
C3_rand_24_r0,0,433,0.173333332,0,0,7.50640011,0.0456666648,0.0276666675,0.201013297,0.15690659,0,0,14,4.87915993,13.8868399,0,0,0,0,0,4.18154526,-27.4896641,73.172493,1.11848342,17.2018089,7.50640011,465.033112,72.9654007,0.928499997,0.0250000004,50,1,0.119999997,0.550000012,0.0133333337
C3_rand_24_r0,0,434,0.186666667,0,0,7.50640011,0.0453333333,0.0273333341,0.198061839,0.148420662,0,0,14,4.87915993,13.8868399,0,0,0,0,0,4.18154526,-27.4896641,73.172493,1.11848342,17.2018089,7.50640011,465.033112,72.9654007,0.928499997,0.0250000004,50,1,0.119999997,0.550000012,0.0133333337
C3_rand_24_r0,0,435,0.200000003,0,0,7.50640011,0.0450000018,0.0270000007,0.195214733,0.14619717,0,0,14,4.87915993,13.8868399,0,0,0,0,0,4.18154526,-27.4896641,73.172493,1.11848342,17.2018089,7.50640011,465.033112,72.9654007,0.928499997,0.0250000004,50,1,0.119999997,0.550000012,0.0133333337
C3_rand_24_r0,0,436,0.213333338,0,0,7.50640011,0.0446666665,0.0266666673,0.192819998,0.137954086,0,0,14,4.87915993,13.8868399,0,0,0,0,0,4.18154526,-27.4896641,73.172493,1.11848342,17.2018089,7.50640011,465.033112,72.9654007,0.928499997,0.0250000004,50,1,0.119999997,0.550000012,0.0133333337
C3_rand_24_r0,0,437,0.226666674,0,0,7.50640011,0.044333335,0.0263333339,0.189946696,0.133034781,0,0,14,4.87915993,13.8868399,0,0,0,0,0,4.18154526,-27.4896641,73.172493,1.11848342,17.2018089,7.50640011,465.033112,72.9654007,0.928499997,0.0250000004,50,1,0.119999997,0.550000012,0.0133333337
C3_rand_24_r0,0,438,0.239999995,0,0,7.50640011,0.0439999998,0.0260000005,0.188345462,0.126722947,0,0,14,4.87915993,13.8868399,0,0,0,0,0,4.18154526,-27.4896641,73.172493,1.11848342,17.2018089,7.50640011,465.033112,72.9654007,0.928499997,0.0250000004,50,1,0.119999997,0.550000012,0.0133333337
C3_rand_24_r0,0,439,0.25333333,0,0,7.50640011,0.0436666682,0.0256666671,0.185365871,0.122712195,0,0,14,4.87915993,13.8868399,0,0,0,0,0,4.18154526,-27.4896641,73.172493,1.11848342,17.2018089,7.50640011,465.033112,72.9654007,0.928499997,0.0250000004,50,1,0.119999997,0.550000012,0.0133333337
C3_rand_24_r0,0,440,0.266666681,0,0,7.50640011,0.043333333,0.0253333338,0.18371059,0.118697956,0,0,14,4.87915993,13.8868399,0,0,0,0,0,4.18154526,-27.4896641,73.172493,1.11848342,17.2018089,7.50640011,465.033112,72.9654007,0.928499997,0.0250000004,50,1,0.119999997,0.550000012,0.0133333337
C3_rand_24_r0,0,441,0.280000001,0,0,7.50640011,0.0430000015,0.0250000004,0.179645985,0.155370325,0,0,14,4.87915993,13.8868399,0,0,0,0,0,4.18154526,-27.4896641,73.172493,1.11848342,17.2018089,7.50640011,465.033112,72.9654007,0.928499997,0.0250000004,50,1,0.119999997,0.550000012,0.0133333337
C3_rand_24_r0,0,442,0.293333322,0,0,7.50640011,0.0426666662,0.024666667,0.176624566,0.152517408,0,0,14,4.87915993,13.8868399,0,0,0,0,0,4.18154526,-27.4896641,73.172493,1.11848342,17.2018089,7.50640011,465.033112,72.9654007,0.928499997,0.0250000004,50,1,0.119999997,0.550000012,0.0133333337
C3_rand_24_r0,0,443,0.306666672,0,0,7.50640011,0.0423333347,0.0243333336,0.172817647,0.152061239,0,0,14,4.87915993,13.8868399,0,0,0,0,0,4.18154526,-27.4896641,73.172493,1.11848342,17.2018089,7.50640011,465.033112,72.9654007,0.928499997,0.0250000004,50,1,0.119999997,0.550000012,0.0133333337
C3_rand_24_r0,0,444,0.319999993,0,0,7.50640011,0.0419999994,0.0240000002,0.169977069,0.148592189,0,0,14,4.87915993,13.8868399,0,0,0,0,0,4.18154526,-27.4896641,73.172493,1.11848342,17.2018089,7.50640011,465.033112,72.9654007,0.928499997,0.0250000004,50,1,0.119999997,0.550000012,0.0133333337
C3_rand_24_r0,0,445,0.333333343,0,0,7.50640011,0.0416666679,0.0236666668,0.166528478,0.146044359,0,0,14,4.87915993,13.8868399,0,0,0,0,0,4.18154526,-27.4896641,73.172493,1.11848342,17.2018089,7.50640011,465.033112,72.9654007,0.928499997,0.0250000004,50,1,0.119999997,0.550000012,0.0133333337
C3_rand_24_r0,0,446,0.346666664,0,0,7.50640011,0.0413333327,0.0233333334,0.163768619,0.142817229,0,0,14,4.87915993,13.8868399,0,0,0,0,0,4.18154526,-27.4896641,73.172493,1.11848342,17.2018089,7.50640011,465.033112,72.9654007,0.928499997,0.0250000004,50,1,0.119999997,0.550000012,0.0133333337
C3_rand_24_r0,0,447,0.360000014,0,0,7.50640011,0.0410000011,0.023,0.160983607,0.138214409,0,0,14,4.87915993,13.8868399,0,0,0,0,0,4.18154526,-27.4896641,73.172493,1.11848342,17.2018089,7.50640011,465.033112,72.9654007,0.928499997,0.0250000004,50,1,0.119999997,0.550000012,0.0133333337
C3_rand_24_r0,0,448,0.373333335,0,0,7.50640011,0.0406666659,0.0226666667,0.158258572,0.138596535,0,0,14,4.87915993,13.8868399,0,0,0,0,0,4.18154526,-27.4896641,73.172493,1.11848342,17.2018089,7.50640011,465.033112,72.9654007,0.928499997,0.0250000004,50,1,0.119999997,0.550000012,0.0133333337
C3_rand_24_r0,0,449,0.386666656,0,0,7.50640011,0.0403333344,0.0223333333,0.156367674,0.134487838,0,0,14,4.87915993,13.8868399,0,0,0,0,0,4.18154526,-27.4896641,73.172493,1.11848342,17.2018089,7.50640011,465.033112,72.9654007,0.928499997,0.0250000004,50,1,0.119999997,0.550000012,0.0133333337
C3_rand_24_r0,0,450,0.400000006,0,0,7.50640011,0.0399999991,0.0219999999,0.1534684,0.131679073,0,0,14,4.87915993,13.8868399,0,0,0,0,0,4.18154526,-27.4896641,73.172493,1.11848342,17.2018089,7.50640011,465.033112,72.9654007,0.928499997,0.0250000004,50,1,0.119999997,0.550000012,0.0133333337
C3_rand_24_r0,0,451,0.413333327,0,0,7.50640011,0.0396666676,0.0216666665,0.151606783,0.129101381,0,0,14,4.87915993,13.8868399,0,0,0,0,0,4.18154526,-27.4896641,73.172493,1.11848342,17.2018089,7.50640011,465.033112,72.9654007,0.928499997,0.0250000004,50,1,0.119999997,0.550000012,0.0133333337
C3_rand_24_r0,0,452,0.426666677,0,0,7.50640011,0.0393333323,0.0213333331,0.149424046,0.125343099,0,0,14,4.87915993,13.8868399,0,0,0,0,0,4.18154526,-27.4896641,73.172493,1.11848342,17.2018089,7.50640011,465.033112,72.9654007,0.928499997,0.0250000004,50,1,0.119999997,0.550000012,0.0133333337
C3_rand_24_r0,0,453,0.439999998,0,0,7.50640011,0.0390000008,0.0209999997,0.147542,0.123058632,0,0,14,4.87915993,13.8868399,0,0,0,0,0,4.18154526,-27.4896641,73.172493,1.11848342,17.2018089,7.50640011,465.033112,72.9654007,0.928499997,0.0250000004,50,1,0.119999997,0.550000012,0.0133333337
C3_rand_24_r0,0,454,0.453333348,0,0,7.50640011,0.0386666656,0.0206666663,0.145948246,0.119640864,0,0,14,4.87915993,13.8868399,0,0,0,0,0,4.18154526,-27.4896641,73.172493,1.11848342,17.2018089,7.50640011,465.033112,72.9654007,0.928499997,0.0250000004,50,1,0.119999997,0.550000012,0.0133333337
C3_rand_24_r0,0,455,0.466666669,0,0,7.50640011,0.038333334,0.0203333329,0.143849343,0.121328816,0,0,14,4.87915993,13.8868399,0,0,0,0,0,4.18154526,-27.4896641,73.172493,1.11848342,17.2018089,7.50640011,465.033112,72.9654007,0.928499997,0.0250000004,50,1,0.119999997,0.550000012,0.0133333337
C3_rand_24_r0,0,456,0.479999989,0,0,7.50640011,0.0379999988,0.0199999996,0.142647907,0.118171692,0,0,14,4.87915993,13.8868399,0,0,0,0,0,4.18154526,-27.4896641,73.172493,1.11848342,17.2018089,7.50640011,465.033112,72.9654007,0.928499997,0.0250000004,50,1,0.119999997,0.550000012,0.0133333337
C3_rand_24_r0,0,457,0.49333334,0,0,7.50640011,0.0376666673,0.0196666662,0.140390962,0.116245948,0,0,14,4.87915993,13.8868399,0,0,0,0,0,4.18154526,-27.4896641,73.172493,1.11848342,17.2018089,7.50640011,465.033112,72.9654007,0.928499997,0.0250000004,50,1,0.119999997,0.550000012,0.0133333337
C3_rand_24_r0,0,458,0.50666666,0,0,7.50640011,0.037333332,0.0193333328,0.139159501,0.115098797,0,0,14,4.87915993,13.8868399,0,0,0,0,0,4.18154526,-27.4896641,73.172493,1.11848342,17.2018089,7.50640011,465.033112,72.9654007,0.928499997,0.0250000004,50,1,0.119999997,0.550000012,0.0133333337
C3_rand_24_r0,0,459,0.519999981,0,0,7.50640011,0.0370000005,0.0189999994,0.137101755,0.115117259,0,0,14,4.87915993,13.8868399,0,0,0,0,0,4.18154526,-27.4896641,73.172493,1.11848342,17.2018089,7.50640011,465.033112,72.9654007,0.928499997,0.0250000004,50,1,0.119999997,0.550000012,0.0133333337
C3_rand_24_r0,0,460,0.533333361,0,0,7.50640011,0.0366666652,0.018666666,0.135629952,0.11412213,0,0,14,4.87915993,13.8868399,0,0,0,0,0,4.18154526,-27.4896641,73.172493,1.11848342,17.2018089,7.50640011,465.033112,72.9654007,0.928499997,0.0250000004,50,1,0.119999997,0.550000012,0.0133333337
C3_rand_24_r0,0,461,0.546666682,0,0,7.50640011,0.0363333337,0.0183333326,0.133881539,0.110475205,0,0,14,4.87915993,13.8868399,0,0,0,0,0,4.18154526,-27.4896641,73.172493,1.11848342,17.2018089,7.50640011,465.033112,72.9654007,0.928499997,0.0250000004,50,1,0.119999997,0.550000012,0.0133333337
C3_rand_24_r0,0,462,0.560000002,0,0,7.50640011,0.0359999985,0.0179999992,0.132157058,0.109557144,0,0,14,4.87915993,13.8868399,0,0,0,0,0,4.18154526,-27.4896641,73.172493,1.11848342,17.2018089,7.50640011,465.033112,72.9654007,0.928499997,0.0250000004,50,1,0.119999997,0.550000012,0.0133333337
C3_rand_24_r0,0,463,0.573333323,0,0,7.50640011,0.0356666669,0.0176666658,0.130645856,0.110362463,0,0,14,4.87915993,13.8868399,0,0,0,0,0,4.18154526,-27.4896641,73.172493,1.11848342,17.2018089,7.50640011,465.033112,72.9654007,0.928499997,0.0250000004,50,1,0.119999997,0.550000012,0.0133333337
C3_rand_24_r0,0,464,0.586666644,0,0,7.50640011,0.0353333317,0.0173333324,0.128719747,0.108801924,0,0,14,4.87915993,13.8868399,0,0,0,0,0,4.18154526,-27.4896641,73.172493,1.11848342,17.2018089,7.50640011,465.033112,72.9654007,0.928499997,0.0250000004,50,1,0.119999997,0.550000012,0.0133333337
C3_rand_24_r0,0,465,0.600000024,0,0,7.50640011,0.0350000001,0.0170000009,0.127402484,0.105918162,0,0,14,4.87915993,13.8868399,0,0,0,0,0,4.18154526,-27.4896641,73.172493,1.11848342,17.2018089,7.50640011,465.033112,72.9654007,0.928499997,0.0250000004,50,1,0.119999997,0.550000012,0.0133333337
C3_rand_24_r0,0,466,0.613333344,0,0,7.50640011,0.0346666649,0.0166666675,0.12524569,0.10439235,0,0,14,4.87915993,13.8868399,0,0,0,0,0,4.18154526,-27.4896641,73.172493,1.11848342,17.2018089,7.50640011,465.033112,72.9654007,0.928499997,0.0250000004,50,1,0.119999997,0.550000012,0.0133333337
C3_rand_24_r0,0,467,0.626666665,0,0,7.50640011,0.0343333334,0.0163333341,0.12379466,0.103430405,0,0,14,4.87915993,13.8868399,0,0,0,0,0,4.18154526,-27.4896641,73.172493,1.11848342,17.2018089,7.50640011,465.033112,72.9654007,0.928499997,0.0250000004,50,1,0.119999997,0.550000012,0.0133333337
C3_rand_24_r0,0,468,0.639999986,0,0,7.50640011,0.0340000018,0.0160000008,0.121762328,0.103608131,0,0,14,4.87915993,13.8868399,0,0,0,0,0,4.18154526,-27.4896641,73.172493,1.11848342,17.2018089,7.50640011,465.033112,72.9654007,0.928499997,0.0250000004,50,1,0.119999997,0.550000012,0.0133333337
C3_rand_24_r0,0,469,0.653333306,0,0,7.50640011,0.0336666666,0.0156666674,0.120060526,0.0990788713,0,0,14,4.87915993,13.8868399,0,0,0,0,0,4.18154526,-27.4896641,73.172493,1.11848342,17.2018089,7.50640011,465.033112,72.9654007,0.928499997,0.0250000004,50,1,0.119999997,0.550000012,0.0133333337
C3_rand_24_r0,0,470,0.666666687,0,0,7.50640011,0.0333333351,0.0153333331,0.118211336,0.100031868,0,0,14,4.87915993,13.8868399,0,0,0,0,0,4.18154526,-27.4896641,73.172493,1.11848342,17.2018089,7.50640011,465.033112,72.9654007,0.928499997,0.0250000004,50,1,0.119999997,0.550000012,0.0133333337
C3_rand_24_r0,0,471,0.680000007,0,0,7.50640011,0.0329999998,0.0149999997,0.116291635,0.0984865725,0,0,14,4.87915993,13.8868399,0,0,0,0,0,4.18154526,-27.4896641,73.172493,1.11848342,17.2018089,7.50640011,465.033112,72.9654007,0.928499997,0.0250000004,50,1,0.119999997,0.550000012,0.0133333337
C3_rand_24_r0,0,472,0.693333328,0,0,7.50640011,0.0326666683,0.0146666663,0.114616632,0.0957444012,0,0,14,4.87915993,13.8868399,0,0,0,0,0,4.18154526,-27.4896641,73.172493,1.11848342,17.2018089,7.50640011,465.033112,72.9654007,0.928499997,0.0250000004,50,1,0.119999997,0.550000012,0.0133333337
C3_rand_24_r0,0,473,0.706666648,0,0,7.50640011,0.032333333,0.0143333329,0.11245618,0.0948827043,0,0,14,4.87915993,13.8868399,0,0,0,0,0,4.18154526,-27.4896641,73.172493,1.11848342,17.2018089,7.50640011,465.033112,72.9654007,0.928499997,0.0250000004,50,1,0.119999997,0.550000012,0.0133333337
C3_rand_24_r0,0,474,0.720000029,0,0,7.50640011,0.0320000015,0.0140000004,0.110994369,0.0950807407,0,0,14,4.87915993,13.8868399,0,0,0,0,0,4.18154526,-27.4896641,73.172493,1.11848342,17.2018089,7.50640011,465.033112,72.9654007,0.928499997,0.0250000004,50,1,0.119999997,0.550000012,0.0133333337
C3_rand_24_r0,0,475,0.733333349,0,0,7.50640011,0.0316666663,0.013666667,0.108508065,0.0941297412,0,0,14,4.87915993,13.8868399,0,0,0,0,0,4.18154526,-27.4896641,73.172493,1.11848342,17.2018089,7.50640011,465.033112,72.9654007,0.928499997,0.0250000004,50,1,0.119999997,0.550000012,0.0133333337
C3_rand_24_r0,0,476,0.74666667,0,0,7.50640011,0.0313333347,0.0133333337,0.10634803,0.106334291,0,0,14,4.87915993,13.8868399,0,0,0,0,0,4.18154526,-27.4896641,73.172493,1.11848342,17.2018089,7.50640011,465.033112,72.9654007,0.928499997,0.0250000004,50,1,0.119999997,0.550000012,0.0133333337
C3_rand_24_r0,0,477,0.75999999,0,0,7.50640011,0.0309999995,0.0130000003,0.104201972,0.104144275,0,0,14,4.87915993,13.8868399,0,0,0,0,0,4.18154526,-27.4896641,73.172493,1.11848342,17.2018089,7.50640011,465.033112,72.9654007,0.928499997,0.0250000004,50,1,0.119999997,0.550000012,0.0133333337
C3_rand_24_r0,0,478,0.773333311,0,0,7.50640011,0.0306666661,0.0126666669,0.102060258,0.101989709,0,0,14,4.87915993,13.8868399,0,0,0,0,0,4.18154526,-27.4896641,73.172493,1.11848342,17.2018089,7.50640011,465.033112,72.9654007,0.928499997,0.0250000004,50,1,0.119999997,0.550000012,0.0133333337
C3_rand_24_r0,0,479,0.786666691,0,0,7.50640011,0.0303333327,0.0123333335,0.0998171717,0.0997931436,0,0,14,4.87915993,13.8868399,0,0,0,0,0,4.18154526,-27.4896641,73.172493,1.11848342,17.2018089,7.50640011,465.033112,72.9654007,0.928499997,0.0250000004,50,1,0.119999997,0.550000012,0.0133333337
C3_rand_24_r0,0,480,0.800000012,0,0,7.50640011,0.0299999993,0.0120000001,0.0975864232,0.0975207165,0,0,14,4.87915993,13.8868399,0,0,0,0,0,4.18154526,-27.4896641,73.172493,1.11848342,17.2018089,7.50640011,465.033112,72.9654007,0.928499997,0.0250000004,50,1,0.119999997,0.550000012,0.0133333337
C3_rand_24_r0,0,481,0.813333333,0,0,7.50640011,0.0296666659,0.0116666667,0.0954930559,0.0954328626,0,0,14,4.87915993,13.8868399,0,0,0,0,0,4.18154526,-27.4896641,73.172493,1.11848342,17.2018089,7.50640011,465.033112,72.9654007,0.928499997,0.0250000004,50,1,0.119999997,0.550000012,0.0133333337
C3_rand_24_r0,0,482,0.826666653,0,0,7.50640011,0.0293333326,0.0113333333,0.0931545869,0.0931485519,0,0,14,4.87915993,13.8868399,0,0,0,0,0,4.18154526,-27.4896641,73.172493,1.11848342,17.2018089,7.50640011,465.033112,72.9654007,0.928499997,0.0250000004,50,1,0.119999997,0.550000012,0.0133333337
C3_rand_24_r0,0,483,0.839999974,0,0,7.50640011,0.0289999992,0.0109999999,0.0911675468,0.0909575596,0,0,14,4.87915993,13.8868399,0,0,0,0,0,4.18154526,-27.4896641,73.172493,1.11848342,17.2018089,7.50640011,465.033112,72.9654007,0.928499997,0.0250000004,50,1,0.119999997,0.550000012,0.0133333337
C3_rand_24_r0,0,484,0.853333354,0,0,7.50640011,0.0286666658,0.0106666666,0.0887942836,0.0887625068,0,0,14,4.87915993,13.8868399,0,0,0,0,0,4.18154526,-27.4896641,73.172493,1.11848342,17.2018089,7.50640011,465.033112,72.9654007,0.928499997,0.0250000004,50,1,0.119999997,0.550000012,0.0133333337
C3_rand_24_r0,0,485,0.866666675,0,0,7.50640011,0.0283333343,0.0103333332,0.0866393372,0.0865587071,0,0,14,4.87915993,13.8868399,0,0,0,0,0,4.18154526,-27.4896641,73.172493,1.11848342,17.2018089,7.50640011,465.033112,72.9654007,0.928499997,0.0250000004,50,1,0.119999997,0.550000012,0.0133333337
C3_rand_24_r0,0,486,0.879999995,0,0,7.50640011,0.0280000009,0.00999999978,0.0845180303,0.0843661129,0,0,14,4.87915993,13.8868399,0,0,0,0,0,4.18154526,-27.4896641,73.172493,1.11848342,17.2018089,7.50640011,465.033112,72.9654007,0.928499997,0.0250000004,50,1,0.119999997,0.550000012,0.0133333337
C3_rand_24_r0,0,487,0.893333316,0,0,7.50640011,0.0276666675,0.00966666639,0.0822131112,0.082158193,0,0,14,4.87915993,13.8868399,0,0,0,0,0,4.18154526,-27.4896641,73.172493,1.11848342,17.2018089,7.50640011,465.033112,72.9654007,0.928499997,0.0250000004,50,1,0.119999997,0.550000012,0.0133333337
C3_rand_24_r0,0,488,0.906666696,0,0,7.50640011,0.0273333341,0.009333333,0.0810478851,0.0704739243,0,0,14,4.87915993,13.8868399,0,0,0,0,0,4.18154526,-27.4896641,73.172493,1.11848342,17.2018089,7.50640011,465.033112,72.9654007,0.928499997,0.0250000004,50,1,0.119999997,0.550000012,0.0133333337
C3_rand_24_r0,0,489,0.920000017,0,0,7.50640011,0.0270000007,0.00899999961,0.0787778273,0.0687830597,0,0,14,4.87915993,13.8868399,0,0,0,0,0,4.18154526,-27.4896641,73.172493,1.11848342,17.2018089,7.50640011,465.033112,72.9654007,0.928499997,0.0250000004,50,1,0.119999997,0.550000012,0.0133333337
C3_rand_24_r0,0,490,0.933333337,0,0,7.50640011,0.0266666673,0.00866666622,0.0767298713,0.0661470667,0,0,14,4.87915993,13.8868399,0,0,0,0,0,4.18154526,-27.4896641,73.172493,1.11848342,17.2018089,7.50640011,465.033112,72.9654007,0.928499997,0.0250000004,50,1,0.119999997,0.550000012,0.0133333337
C3_rand_24_r0,0,491,0.946666658,0,0,7.50640011,0.0263333339,0.00833333377,0.0742321163,0.0644787923,0,0,14,4.87915993,13.8868399,0,0,0,0,0,4.18154526,-27.4896641,73.172493,1.11848342,17.2018089,7.50640011,465.033112,72.9654007,0.928499997,0.0250000004,50,1,0.119999997,0.550000012,0.0133333337
C3_rand_24_r0,0,492,0.959999979,0,0,7.50640011,0.0260000005,0.00800000038,0.0724561661,0.0618692078,0,0,14,4.87915993,13.8868399,0,0,0,0,0,4.18154526,-27.4896641,73.172493,1.11848342,17.2018089,7.50640011,465.033112,72.9654007,0.928499997,0.0250000004,50,1,0.119999997,0.550000012,0.0133333337
C3_rand_24_r0,0,493,0.973333359,0,0,7.50640011,0.0256666671,0.00766666653,0.0697113574,0.0602219217,0,0,14,4.87915993,13.8868399,0,0,0,0,0,4.18154526,-27.4896641,73.172493,1.11848342,17.2018089,7.50640011,465.033112,72.9654007,0.928499997,0.0250000004,50,1,0.119999997,0.550000012,0.0133333337
C3_rand_24_r0,0,494,0.986666679,0,0,7.50640011,0.0253333338,0.00733333314,0.0678079128,0.0593314022,0,0,14,4.87915993,13.8868399,0,0,0,0,0,4.18154526,-27.4896641,73.172493,1.11848342,17.2018089,7.50640011,465.033112,72.9654007,0.928499997,0.0250000004,50,1,0.119999997,0.550000012,0.0133333337
C3_rand_24_r0,0,495,1,0,0,7.50640011,0.0250000004,0.00700000022,0.0652174428,0.0560042411,0,0,14,4.87915993,13.8868399,0,0,0,0,0,4.18154526,-27.4896641,73.172493,1.11848342,17.2018089,7.50640011,465.033112,72.9654007,0.928499997,0.0250000004,50,1,0.119999997,0.550000012,0.0133333337
C3_rand_24_r0,0,496,1.01333332,1,0,7.50640011,0.024666667,0.00666666683,0.0631325617,0.055127617,0,0,14,4.87915993,13.8868399,0,0,0,0,0,-1.39646804,-13.4642973,88.3011475,0.862559259,166.871674,7.50640011,465.033112,72.9654007,0.928499997,0.0250000004,50,1,0.119999997,0.550000012,0.0133333337
C3_rand_24_r0,0,497,1.02666664,1,0,7.50640011,0.0243333336,0.00633333344,0.0607549734,0.0518087484,0,0,14,4.87915993,13.8868399,0,0,0,0,0,-1.39646804,-13.4642973,88.3011475,0.862559259,166.871674,7.50640011,465.033112,72.9654007,0.928499997,0.0250000004,50,1,0.119999997,0.550000012,0.0133333337
C3_rand_24_r0,0,498,1.03999996,1,0,7.50640011,0.0240000002,0.00600000005,0.0585017838,0.0509402752,0,0,14,4.87915993,13.8868399,0,0,0,0,0,-1.39646804,-13.4642973,88.3011475,0.862559259,166.871674,7.50640011,465.033112,72.9654007,0.928499997,0.0250000004,50,1,0.119999997,0.550000012,0.0133333337
C3_rand_24_r0,0,499,1.05333328,1,0,7.50640011,0.0236666668,0.00566666666,0.0563302785,0.047628399,0,0,14,4.87915993,13.8868399,0,0,0,0,0,-1.39646804,-13.4642973,88.3011475,0.862559259,166.871674,7.50640011,465.033112,72.9654007,0.928499997,0.0250000004,50,1,0.119999997,0.550000012,0.0133333337
C3_rand_24_r0,0,500,1.06666672,1,0,7.50640011,0.0233333334,0.00533333328,0.0538441837,0.0461599827,0,0,14,4.87915993,13.8868399,0,0,0,0,0,-1.39646804,-13.4642973,88.3011475,0.862559259,166.871674,7.50640011,465.033112,72.9654007,0.928499997,0.0250000004,50,1,0.119999997,0.550000012,0.0133333337
C3_rand_24_r0,0,501,1.08000004,1,0,7.50640011,0.023,0.00499999989,0.0519444719,0.0434528142,0,0,14,4.87915993,13.8868399,0,0,0,0,0,-1.39646804,-13.4642973,88.3011475,0.862559259,166.871674,7.50640011,465.033112,72.9654007,0.928499997,0.0250000004,50,1,0.119999997,0.550000012,0.0133333337
C3_rand_24_r0,0,502,1.09333336,1,0.802619398,7.50640011,0.0226666667,0.0046666665,0.0491383597,0.0419808254,0,1.45930803,14,4.87915993,13.8868399,0,0,0,0,0,-1.39646804,-13.4642973,88.3011475,0.862559259,166.871674,7.50640011,465.033112,72.9654007,0.928499997,0.0250000004,50,1,0.119999997,0.550000012,0.0133333337
C3_rand_24_r0,0,503,1.10666668,1,1.16379809,7.50640011,0.0223333333,0.00433333311,0.0472119674,0.0404268019,0,1.45930803,14,4.87915993,13.8868399,0,0,0,0,0,-1.39646804,-13.4642973,88.3011475,0.862559259,166.871674,7.50640011,465.033112,72.9654007,0.928499997,0.0250000004,50,1,0.119999997,0.550000012,0.0133333337
C3_rand_24_r0,0,504,1.12,1,1.32632852,7.50640011,0.0219999999,0.00400000019,0.0444402359,0.0377871431,0,1.45930803,14,4.87915993,13.8868399,0,0,0,0,0,-1.39646804,-13.4642973,88.3011475,0.862559259,166.871674,7.50640011,465.033112,72.9654007,0.928499997,0.0250000004,50,1,0.119999997,0.550000012,0.0133333337
C3_rand_24_r0,0,505,1.13333333,1,1.39946723,7.50640011,0.0216666665,0.00366666657,0.0421935581,0.0362213738,0,1.45930803,14,4.87915993,13.8868399,0,0,0,0,0,-1.39646804,-13.4642973,88.3011475,0.862559259,166.871674,7.50640011,465.033112,72.9654007,0.928499997,0.0250000004,50,1,0.119999997,0.550000012,0.0133333337
C3_rand_24_r0,0,506,1.14666665,1,1.43237972,7.50640011,0.0213333331,0.00333333341,0.0397649072,0.0335754603,0,1.45930803,14,4.87915993,13.8868399,0,0,0,0,0,-1.39646804,-13.4642973,88.3011475,0.862559259,166.871674,7.50640011,465.033112,72.9654007,0.928499997,0.0250000004,50,1,0.119999997,0.550000012,0.0133333337
C3_rand_24_r0,0,507,1.15999997,1,1.44719028,7.50640011,0.0209999997,0.00300000003,0.0371812768,0.0320121273,0,1.45930803,14,4.87915993,13.8868399,0,0,0,0,0,-1.39646804,-13.4642973,88.3011475,0.862559259,166.871674,7.50640011,465.033112,72.9654007,0.928499997,0.0250000004,50,1,0.119999997,0.550000012,0.0133333337
C3_rand_24_r0,0,508,1.17333329,1,1.45385504,7.50640011,0.0206666663,0.00266666664,0.0351712555,0.0293857902,0,1.45930803,14,4.87915993,13.8868399,0,0,0,0,0,-1.39646804,-13.4642973,88.3011475,0.862559259,166.871674,7.50640011,465.033112,72.9654007,0.928499997,0.0250000004,50,1,0.119999997,0.550000012,0.0133333337
C3_rand_24_r0,0,509,1.18666661,1,1.4568541,7.50640011,0.0203333329,0.00233333325,0.032256119,0.0278489925,0,1.45930803,14,4.87915993,13.8868399,0,0,0,0,0,-1.39646804,-13.4642973,88.3011475,0.862559259,166.871674,7.50640011,465.033112,72.9654007,0.928499997,0.0250000004,50,1,0.119999997,0.550000012,0.0133333337
C3_rand_24_r0,0,510,1.20000005,1,1.45820379,7.50640011,0.0199999996,0.00200000009,0.0304994546,0.0245890822,0,1.45930803,14,4.87915993,13.8868399,0,0,0,0,0,-1.39646804,-13.4642973,88.3011475,0.862559259,166.871674,7.50640011,465.033112,72.9654007,0.928499997,0.0250000004,50,1,0.119999997,0.550000012,0.0133333337
C3_rand_24_r0,0,511,1.21333337,1,1.45881104,7.50640011,0.0196666662,0.00166666671,0.0275576878,0.023812646,0,1.45930803,14,4.87915993,13.8868399,0,0,0,0,0,-1.39646804,-13.4642973,88.3011475,0.862559259,166.871674,7.50640011,465.033112,72.9654007,0.928499997,0.0250000004,50,1,0.119999997,0.550000012,0.0133333337
C3_rand_24_r0,0,512,1.22666669,1,1.45908439,7.50640011,0.0193333328,0.00133333332,0.0255378727,0.0224970151,0,1.45930803,14,4.87915993,13.8868399,0,0,0,0,0,-1.39646804,-13.4642973,88.3011475,0.862559259,166.871674,7.50640011,465.033112,72.9654007,0.928499997,0.0250000004,50,1,0.119999997,0.550000012,0.0133333337
C3_rand_24_r0,0,513,1.24000001,1,1.45920742,7.50640011,0.0189999994,0.00100000005,0.0231018234,0.0193965826,0,1.45930803,14,4.87915993,13.8868399,0,0,0,0,0,-1.39646804,-13.4642973,88.3011475,0.862559259,166.871674,7.50640011,465.033112,72.9654007,0.928499997,0.0250000004,50,1,0.119999997,0.550000012,0.0133333337
C3_rand_24_r0,0,514,1.25333333,1,1.45926273,7.50640011,0.018666666,0.00066666666,0.0210024714,0.0188193787,0,1.45930803,14,4.87915993,13.8868399,0,0,0,0,0,-1.39646804,-13.4642973,88.3011475,0.862559259,166.871674,7.50640011,465.033112,72.9654007,0.928499997,0.0250000004,50,1,0.119999997,0.550000012,0.0133333337
C3_rand_24_r0,0,515,1.26666665,1,2.00252223,7.50640011,0.0183333326,0.00033333333,0.0186975095,0.0158760678,0.00212393282,2.44700718,14,4.87915993,13.8868399,0,0,0,0,0,-1.39646804,-13.4642973,88.3011475,0.862559259,166.871674,7.50640011,465.033112,72.9654007,0.928499997,0.0250000004,50,1,0.119999997,0.550000012,0.0133333337
C3_rand_24_r0,0,516,1.27999997,1,2.52853298,7.50640011,0.0179999992,5.89805982e-17,0.0168514941,0.0147752892,0.00322471093,2.95890522,14,4.87915993,13.8868399,1,0,0,0,0,-1.39646804,-13.4642973,88.3011475,0.862559259,166.871674,7.50640011,465.033112,72.9654007,0.928499997,0.0250000004,50,1,0.119999997,0.550000012,0.0133333337
C3_rand_24_r0,0,517,1.29333329,1,3.29694366,7.50640011,0.0176666658,-0.00033333333,0.0148270903,0.012696431,0.0053035696,3.92564344,14,4.87915993,13.8868399,1,0,0,0,0,-1.39646804,-13.4642973,88.3011475,0.862559259,166.871674,7.50640011,465.033112,72.9654007,0.928499997,0.0250000004,50,1,0.119999997,0.550000012,0.0133333337
C3_rand_24_r0,0,518,1.30666661,1,3.87675118,7.50640011,0.0173333324,-0.00066666666,0.0127889626,0.0117814513,0.00621854886,4.35113907,14,4.87915993,13.8868399,1,0,0,0,0,-1.39646804,-13.4642973,88.3011475,0.862559259,166.871674,7.50640011,465.033112,72.9654007,0.928499997,0.0250000004,50,1,0.119999997,0.550000012,0.0133333337
C3_rand_24_r0,0,519,1.32000005,1,4.62058687,7.50640011,0.0170000009,-0.00100000005,0.0117180683,0.00989332702,0.00810667314,5.22917938,14,4.87915993,13.8868399,1,0,0,1,0,-1.39646804,-13.4642973,88.3011475,0.862559259,166.871674,7.50640011,465.033112,72.9654007,0.928499997,0.0250000004,50,1,0.119999997,0.550000012,0.0133333337
C3_rand_24_r0,0,520,1.41285002,1,5.1411972,7.50640011,0.0166666675,-0.00133333332,0.00950049423,0.00916655827,0.00883344188,5.56715107,14,4.87915993,13.8868399,1,1,0,2,0,-1.39646804,-13.4642973,88.3011475,0.862559259,166.871674,7.50640011,465.033112,72.9654007,0.928499997,0.0250000004,50,1,0.119999997,0.550000012,0.0133333337
C3_rand_24_r0,0,521,1.50569999,1,6.39501667,7.50640011,0.0163333341,-0.00166666671,0.00851972681,0.0051803505,0.0128196497,7.42086935,14,4.87915993,13.8868399,1,1,0,3,0,-1.39646804,-13.4642973,88.3011475,0.862559259,166.871674,7.50640011,465.033112,72.9654007,0.928499997,0.0250000004,50,1,0.119999997,0.550000012,0.0133333337
C3_rand_24_r0,0,522,1.59854996,1,6.50972509,7.50640011,0.0160009228,-0.00199907622,0.00754036009,0.00693784188,0.0110621583,6.60357761,14,4.87915993,13.8868399,1,1,0,4,0,-1.39646804,-13.4642973,88.3011475,0.862559259,166.871674,7.50640011,465.033112,72.9654007,0.928499997,0.0250000004,50,1,0.119999997,0.550000012,0.0133333337
C3_rand_24_r0,0,523,1.69140005,1,7.52985287,7.50640011,0.0159520376,-0.00204796321,0.00561514776,0.00314248074,0.0148575194,8.36450195,14,4.87915993,13.8868399,1,1,0,5,0,-1.39646804,-13.4642973,88.3011475,0.862559259,166.871674,7.50640011,465.033112,72.9654007,0.928499997,0.0250000004,50,1,0.119999997,0.550000012,0.0133333337
C3_rand_24_r0,0,524,1.78425002,1,7.36475611,7.50640011,0.0159045439,-0.0020954567,0.00486228848,0.0029136464,0.0150863538,7.2296772,14,4.87915993,13.8868399,1,1,0,6,0,-1.39646804,-13.4642973,88.3011475,0.862559259,166.871674,7.50640011,465.033112,72.9654007,0.928499997,0.0250000004,50,1,0.119999997,0.550000012,0.0133333337
C3_rand_24_r0,0,525,1.87709999,1,7.56214237,7.50640011,0.0159121118,-0.00208788808,0.00322722271,0.00183831563,0.0161616839,7.72364044,14,4.87915993,13.8868399,1,1,0,7,0,-1.39646804,-13.4642973,88.3011475,0.862559259,166.871674,7.50640011,465.033112,72.9654007,0.928499997,0.0250000004,50,1,0.119999997,0.550000012,0.0133333337
C3_rand_24_r0,0,526,1.96994996,1,7.51351261,7.50640011,0.0159153491,-0.00208465103,0.00334574096,0.00185736758,0.0161426328,7.47372437,14,4.87915993,13.8868399,1,1,0,8,0,-1.39646804,-13.4642973,88.3011475,0.862559259,166.871674,7.50640011,465.033112,72.9654007,0.928499997,0.0250000004,50,1,0.119999997,0.550000012,0.0133333337
C3_rand_24_r0,0,527,2.06279993,2,7.64928484,7.50640011,0.0159555785,-0.00204442139,0.00154617766,0.00128174271,0.0167182572,7.76037121,14,4.87915993,13.8868399,1,1,0,9,0,46.769268,-4.60989475,80.1232681,0.867298603,13.1016169,7.50640011,465.033112,72.9654007,0.928499997,0.0250000004,50,1,0.119999997,0.550000012,0.0133333337
C3_rand_24_r0,0,528,2.1556499,2,8.05459309,7.50640011,0.016114559,-0.00188544043,0.000760190247,-0.000412306312,0.0184123069,8.38620949,14,4.87915993,13.8868399,1,1,0,10,0,46.769268,-4.60989475,80.1232681,0.867298603,13.1016169,7.50640011,465.033112,72.9654007,0.928499997,0.0250000004,50,1,0.119999997,0.550000012,0.0133333337
C3_rand_24_r0,0,529,2.24850011,2,7.91947412,7.50640011,0.0162557997,-0.00174420082,0.000816638232,-0.000288867217,0.0182888675,7.80892277,14,4.87915993,13.8868399,1,1,0,11,0,46.769268,-4.60989475,80.1232681,0.867298603,13.1016169,7.50640011,465.033112,72.9654007,0.928499997,0.0250000004,50,1,0.119999997,0.550000012,0.0133333337
C3_rand_24_r0,0,530,2.34135008,2,7.49854898,7.50640011,0.0162771586,-0.00172284164,0.00166845636,0.00128615252,0.0167138483,7.15415573,14,4.87915993,13.8868399,1,1,0,12,0,46.769268,-4.60989475,80.1232681,0.867298603,13.1016169,7.50640011,465.033112,72.9654007,0.928499997,0.0250000004,50,1,0.119999997,0.550000012,0.0133333337
C3_rand_24_r0,0,531,2.43420005,2,8.16962719,7.50640011,0.0164649487,-0.00153505208,0.00120600802,-0.000949617417,0.0189496167,8.71869087,14,4.87915993,13.8868399,1,1,0,13,0,46.769268,-4.60989475,80.1232681,0.867298603,13.1016169,7.50640011,465.033112,72.9654007,0.928499997,0.0250000004,50,1,0.119999997,0.550000012,0.0133333337
C3_rand_24_r0,0,532,2.52705002,2,7.91359806,7.50640011,0.0166093558,-0.0013906433,0.0025866353,-0.000334712444,0.0183347128,7.70411968,14,4.87915993,13.8868399,1,1,0,14,0,46.769268,-4.60989475,80.1232681,0.867298603,13.1016169,7.50640011,465.033112,72.9654007,0.928499997,0.0250000004,50,1,0.119999997,0.550000012,0.0133333337
C3_rand_24_r0,0,533,2.61989999,2,7.7726016,7.50640011,0.0167073701,-0.00129263033,0.00288773538,0.00017449155,0.0178255085,7.65724087,14,4.87915993,13.8868399,1,1,0,15,0,46.769268,-4.60989475,80.1232681,0.867298603,13.1016169,7.50640011,465.033112,72.9654007,0.928499997,0.0250000004,50,1,0.119999997,0.550000012,0.0133333337
C3_rand_24_r0,0,534,2.71274996,2,7.81290245,7.50640011,0.0168088451,-0.00119115517,0.00152674329,0.000205633041,0.0177943669,7.84587622,14,4.87915993,13.8868399,1,1,0,16,0,46.769268,-4.60989475,80.1232681,0.867298603,13.1016169,7.50640011,465.033112,72.9654007,0.928499997,0.0250000004,50,1,0.119999997,0.550000012,0.0133333337
C3_rand_24_r0,0,535,2.80559993,2,8.3348074,7.50640011,0.017055871,-0.000944129424,0.00238329661,-0.00179659401,0.0197965931,8.76182079,14,4.87915993,13.8868399,1,1,0,17,0,46.769268,-4.60989475,80.1232681,0.867298603,13.1016169,7.50640011,465.033112,72.9654007,0.928499997,0.0250000004,50,1,0.119999997,0.550000012,0.0133333337
C3_rand_24_r0,0,536,2.8984499,2,7.98629856,7.50640011,0.0172303468,-0.000769653299,0.00264445506,-0.000885999063,0.0188859999,7.70115471,14,4.87915993,13.8868399,1,1,0,18,0,46.769268,-4.60989475,80.1232681,0.867298603,13.1016169,7.50640011,465.033112,72.9654007,0.928499997,0.0250000004,50,1,0.119999997,0.550000012,0.0133333337
C3_rand_24_r0,0,537,2.99130011,2,8.16427803,7.50640011,0.0174421705,-0.000557829975,0.00256686262,-0.00151203352,0.0195120331,8.30989838,14,4.87915993,13.8868399,1,1,0,19,0,46.769268,-4.60989475,80.1232681,0.867298603,13.1016169,7.50640011,465.033112,72.9654007,0.928499997,0.0250000004,50,1,0.119999997,0.550000012,0.0133333337
C3_rand_24_r0,0,538,3.08415008,3,7.96766996,7.50640011,0.0176056046,-0.000394395494,0.00298776128,-0.000781792449,0.0187817924,7.80680847,14,4.87915993,13.8868399,1,1,0,20,0,14.0395842,-6.31096077,81.3951645,1.18009484,13.0472775,7.50640011,465.033112,72.9654007,0.928499997,0.0250000004,50,1,0.119999997,0.550000012,0.0133333337
C3_rand_24_r0,0,539,3.17700005,3,7.35633469,7.50640011,0.0175911579,-0.000408841181,0.0036441877,0.00171802961,0.0162819698,6.85615158,14,4.87915993,13.8868399,1,1,0,21,0,14.0395842,-6.31096077,81.3951645,1.18009484,13.0472775,7.50640011,465.033112,72.9654007,0.928499997,0.0250000004,50,1,0.119999997,0.550000012,0.0133333337
C3_rand_24_r0,0,540,3.26985002,3,8.39942169,7.50640011,0.0178368129,-0.000163187098,0.00180812203,-0.00176120619,0.0197612066,9.25285721,14,4.87915993,13.8868399,1,1,0,22,0,14.0395842,-6.31096077,81.3951645,1.18009484,13.0472775,7.50640011,465.033112,72.9654007,0.928499997,0.0250000004,50,1,0.119999997,0.550000012,0.0133333337
C3_rand_24_r0,0,541,3.36269999,3,7.53000212,7.50640011,0.0178843122,-0.000115688657,0.00112329575,0.00102462107,0.0169753786,6.81865835,14,4.87915993,13.8868399,1,1,0,23,0,14.0395842,-6.31096077,81.3951645,1.18009484,13.0472775,7.50640011,465.033112,72.9654007,0.928499997,0.0250000004,50,1,0.119999997,0.550000012,0.0133333337
C3_rand_24_r0,0,542,3.45554996,3,7.49468565,7.50640011,0.0178889744,-0.000111026275,0.00217452296,0.00149851898,0.0165014807,7.46579027,14,4.87915993,13.8868399,1,1,0,24,0,14.0395842,-6.31096077,81.3951645,1.18009484,13.0472775,7.50640011,465.033112,72.9654007,0.928499997,0.0250000004,50,1,0.119999997,0.550000012,0.0133333337
C3_rand_24_r0,0,543,3.54839993,3,7.70527363,7.50640011,0.0179449935,-5.50065415e-05,0.00210808497,0.0010162961,0.0169837046,7.87757301,14,4.87915993,13.8868399,1,1,0,25,0,14.0395842,-6.31096077,81.3951645,1.18009484,13.0472775,7.50640011,465.033112,72.9654007,0.928499997,0.0250000004,50,1,0.119999997,0.550000012,0.0133333337
C3_rand_24_r0,0,544,3.6412499,3,7.81324434,7.50640011,0.0180395655,3.95646675e-05,0.00291506853,0.000481172872,0.0175188277,7.90158415,14,4.87915993,13.8868399,1,1,0,26,0,14.0395842,-6.31096077,81.3951645,1.18009484,13.0472775,7.50640011,465.033112,72.9654007,0.928499997,0.0250000004,50,1,0.119999997,0.550000012,0.0133333337
C3_rand_24_r0,0,545,3.7341001,3,7.77013206,7.50640011,0.0181285851,0.000128585467,0.00279700686,0.000476765796,0.0175232347,7.73485851,14,4.87915993,13.8868399,1,1,0,27,0,14.0395842,-6.31096077,81.3951645,1.18009484,13.0472775,7.50640011,465.033112,72.9654007,0.928499997,0.0250000004,50,1,0.119999997,0.550000012,0.0133333337
C3_rand_24_r0,0,546,3.82695007,3,7.60456324,7.50640011,0.0181706902,0.000170689789,0.0019256114,0.00110050652,0.0168994926,7.46909761,14,4.87915993,13.8868399,1,1,0,28,0,14.0395842,-6.31096077,81.3951645,1.18009484,13.0472775,7.50640011,465.033112,72.9654007,0.928499997,0.0250000004,50,1,0.119999997,0.550000012,0.0133333337
C3_rand_24_r0,0,547,3.91980004,3,7.63196039,7.50640011,0.0182125848,0.000212585088,0.00273705088,0.00114376761,0.0168562327,7.65437651,14,4.87915993,13.8868399,1,1,0,29,0,14.0395842,-6.31096077,81.3951645,1.18009484,13.0472775,7.50640011,465.033112,72.9654007,0.928499997,0.0250000004,50,1,0.119999997,0.550000012,0.0133333337
C3_rand_24_r0,0,548,4.01265001,4,7.77426815,7.50640011,0.0182939749,0.000293975492,0.000934915035,0.000637544901,0.0173624549,7.89070177,14,4.87915993,13.8868399,1,1,0,30,0,3.77352428,-15.9980755,87.7854767,1.29857814,168.552185,7.50640011,465.033112,72.9654007,0.928499997,0.0250000004,50,1,0.119999997,0.550000012,0.0133333337
C3_rand_24_r0,0,549,4.10550022,4,7.87408495,7.50640011,0.018409675,0.000409675238,0.00128149462,0.000125844148,0.0178741552,7.95575333,14,4.87915993,13.8868399,1,1,0,31,0,3.77352428,-15.9980755,87.7854767,1.29857814,168.552185,7.50640011,465.033112,72.9654007,0.928499997,0.0250000004,50,1,0.119999997,0.550000012,0.0133333337
C3_rand_24_r0,0,550,4.19834995,4,7.82125568,7.50640011,0.0185164176,0.000516418484,0.00218568859,0.000185016688,0.0178149827,7.7780323,14,4.87915993,13.8868399,1,1,0,32,0,3.77352428,-15.9980755,87.7854767,1.29857814,168.552185,7.50640011,465.033112,72.9654007,0.928499997,0.0250000004,50,1,0.119999997,0.550000012,0.0133333337
C3_rand_24_r0,0,551,4.29120016,4,7.93468094,7.50640011,0.0186531767,0.000653175986,0.000819837267,-0.000267081021,0.0182670802,8.02748299,14,4.87915993,13.8868399,1,1,0,33,0,3.77352428,-15.9980755,87.7854767,1.29857814,168.552185,7.50640011,465.033112,72.9654007,0.928499997,0.0250000004,50,1,0.119999997,0.550000012,0.0133333337
C3_rand_24_r0,0,552,4.38404989,4,7.58607197,7.50640011,0.0186981,0.000698099961,0.00216573849,0.00101290829,0.0169870909,7.3008461,14,4.87915993,13.8868399,1,1,0,34,0,3.77352428,-15.9980755,87.7854767,1.29857814,168.552185,7.50640011,465.033112,72.9654007,0.928499997,0.0250000004,50,1,0.119999997,0.550000012,0.0133333337
C3_rand_24_r0,0,553,4.4769001,4,7.77759743,7.50640011,0.0187809207,0.000780919974,0.000854358485,0.000515278545,0.0174847208,7.93430042,14,4.87915993,13.8868399,1,1,0,35,0,3.77352428,-15.9980755,87.7854767,1.29857814,168.552185,7.50640011,465.033112,72.9654007,0.928499997,0.0250000004,50,1,0.119999997,0.550000012,0.0133333337
C3_rand_24_r0,0,554,4.56974983,4,7.8012948,7.50640011,0.0188766383,0.000876638456,0.00104999379,0.00040283837,0.0175971612,7.820683,14,4.87915993,13.8868399,1,1,0,36,0,3.77352428,-15.9980755,87.7854767,1.29857814,168.552185,7.50640011,465.033112,72.9654007,0.928499997,0.0250000004,50,1,0.119999997,0.550000012,0.0133333337
C3_rand_24_r0,0,555,4.66260004,4,7.83603096,7.50640011,0.0189841557,0.000984155689,0.00192901504,0.000187288868,0.0178127103,7.86445189,14,4.87915993,13.8868399,1,1,0,37,0,3.77352428,-15.9980755,87.7854767,1.29857814,168.552185,7.50640011,465.033112,72.9654007,0.928499997,0.0250000004,50,1,0.119999997,0.550000012,0.0133333337
C3_rand_24_r0,0,556,4.75544977,4,7.90921211,7.50640011,0.0191139672,0.0011139675,0.000900004117,-0.000148793828,0.0181487929,7.96908712,14,4.87915993,13.8868399,1,1,0,38,0,3.77352428,-15.9980755,87.7854767,1.29857814,168.552185,7.50640011,465.033112,72.9654007,0.928499997,0.0250000004,50,1,0.119999997,0.550000012,0.0133333337
C3_rand_24_r0,0,557,4.84829998,4,7.57681179,7.50640011,0.0191551615,0.00115516165,0.0014976979,0.00106969033,0.0169303101,7.30484819,14,4.87915993,13.8868399,1,1,0,39,0,3.77352428,-15.9980755,87.7854767,1.29857814,168.552185,7.50640011,465.033112,72.9654007,0.928499997,0.0250000004,50,1,0.119999997,0.550000012,0.0133333337
C3_rand_24_r0,0,558,4.94115019,4,7.66937733,7.50640011,0.0192072988,0.00120729895,0.00125323539,0.000957217533,0.0170427822,7.7451129,14,4.87915993,13.8868399,1,1,0,40,0,3.77352428,-15.9980755,87.7854767,1.29857814,168.552185,7.50640011,465.033112,72.9654007,0.928499997,0.0250000004,50,1,0.119999997,0.550000012,0.0133333337
C3_rand_24_r0,0,559,5.03399992,5,8.20557308,7.50640011,0.0194102023,0.00141020317,0.00126569218,-0.00107935432,0.0190793537,8.64427853,14,4.87915993,13.8868399,1,1,0,41,0,87.3207092,-20.536396,81.4912796,1.15165877,62.7571983,7.50640011,465.033112,72.9654007,0.928499997,0.0250000004,50,1,0.119999997,0.550000012,0.0133333337
C3_rand_24_r0,0,560,5.12685013,5,7.69370985,7.50640011,0.0194960516,0.00149605109,0.00200026715,0.000445955229,0.0175540447,7.27491236,14,4.87915993,13.8868399,1,1,0,42,0,87.3207092,-20.536396,81.4912796,1.15165877,62.7571983,7.50640011,465.033112,72.9654007,0.928499997,0.0250000004,50,1,0.119999997,0.550000012,0.0133333337
C3_rand_24_r0,0,561,5.21969986,5,7.90915871,7.50640011,0.0196222365,0.00162223645,0.00133701868,-0.000194985725,0.0181949865,8.08543491,14,4.87915993,13.8868399,1,1,0,43,0,87.3207092,-20.536396,81.4912796,1.15165877,62.7571983,7.50640011,465.033112,72.9654007,0.928499997,0.0250000004,50,1,0.119999997,0.550000012,0.0133333337
C3_rand_24_r0,0,562,5.31255007,5,8.08092022,7.50640011,0.0198028553,0.00180285622,0.00163838686,-0.000867219816,0.0188672207,8.22145176,14,4.87915993,13.8868399,1,1,0,44,0,87.3207092,-20.536396,81.4912796,1.15165877,62.7571983,7.50640011,465.033112,72.9654007,0.928499997,0.0250000004,50,1,0.119999997,0.550000012,0.0133333337
C3_rand_24_r0,0,563,5.4053998,5,7.55524683,7.50640011,0.0198465288,0.00184652803,0.00164874597,0.000977791846,0.0170222074,7.12515068,14,4.87915993,13.8868399,1,1,0,45,0,87.3207092,-20.536396,81.4912796,1.15165877,62.7571983,7.50640011,465.033112,72.9654007,0.928499997,0.0250000004,50,1,0.119999997,0.550000012,0.0133333337
C3_rand_24_r0,0,564,5.49825001,5,7.64467812,7.50640011,0.0198922176,0.00189221732,0.00127058884,0.000992519432,0.0170074813,7.71784925,14,4.87915993,13.8868399,1,1,0,46,0,87.3207092,-20.536396,81.4912796,1.15165877,62.7571983,7.50640011,465.033112,72.9654007,0.928499997,0.0250000004,50,1,0.119999997,0.550000012,0.0133333337
C3_rand_24_r0,0,565,5.59110022,5,7.80226469,7.50640011,0.0199820176,0.00198201672,0.00149476714,0.000514743209,0.0174852572,7.93119907,14,4.87915993,13.8868399,1,1,0,47,0,87.3207092,-20.536396,81.4912796,1.15165877,62.7571983,7.50640011,465.033112,72.9654007,0.928499997,0.0250000004,50,1,0.119999997,0.550000012,0.0133333337
C3_rand_24_r0,0,566,5.68394995,5,8.16136074,7.50640011,0.0201789178,0.00217891694,0.00150475127,-0.00102725264,0.0190272536,8.45516682,14,4.87915993,13.8868399,1,1,0,48,0,87.3207092,-20.536396,81.4912796,1.15165877,62.7571983,7.50640011,465.033112,72.9654007,0.928499997,0.0250000004,50,1,0.119999997,0.550000012,0.0133333337
C3_rand_24_r0,0,567,5.77680016,5,8.18126488,7.50640011,0.0203991961,0.00239919615,0.00163580209,-0.00148154516,0.0194815453,8.19754982,14,4.87915993,13.8868399,1,1,0,49,0,87.3207092,-20.536396,81.4912796,1.15165877,62.7571983,7.50640011,465.033112,72.9654007,0.928499997,0.0250000004,50,1,0.119999997,0.550000012,0.0133333337
C3_rand_24_r0,0,568,5.86964989,5,8.06711864,7.50640011,0.0205916651,0.00259166444,0.00179402134,-0.00122033514,0.0192203354,7.97372675,14,4.87915993,13.8868399,1,1,0,50,0,87.3207092,-20.536396,81.4912796,1.15165877,62.7571983,7.50640011,465.033112,72.9654007,0.928499997,0.0250000004,50,1,0.119999997,0.550000012,0.0133333337
C3_rand_24_r0,0,569,5.9625001,5,7.41641188,7.50640011,0.020598745,0.00259874575,0.00176763441,0.00138478016,0.0166152194,6.88401508,14,4.87915993,13.8868399,1,1,0,51,0,87.3207092,-20.536396,81.4912796,1.15165877,62.7571983,7.50640011,465.033112,72.9654007,0.928499997,0.0250000004,50,1,0.119999997,0.550000012,0.0133333337
C3_rand_24_r0,0,570,6.05534983,6,7.76285076,7.50640011,0.0206711628,0.00267116237,0.00142015889,0.000630693045,0.0173693076,8.04630089,14,4.87915993,13.8868399,1,1,0,52,0,5.37343359,-39.3234215,19.2711315,1.06161141,0.542142212,7.50640011,465.033112,72.9654007,0.928499997,0.0250000004,50,1,0.119999997,0.550000012,0.0133333337
C3_rand_24_r0,0,571,6.14820004,6,7.86080742,7.50640011,0.0207816791,0.00278167846,0.00113254867,0.000242149428,0.0177578498,7.94095421,14,4.87915993,13.8868399,1,1,0,53,0,5.37343359,-39.3234215,19.2711315,1.06161141,0.542142212,7.50640011,465.033112,72.9654007,0.928499997,0.0250000004,50,1,0.119999997,0.550000012,0.0133333337
C3_rand_24_r0,0,572,6.24104977,6,7.82221937,7.50640011,0.0208878256,0.00288782548,0.00167095813,0.000206690034,0.0177933108,7.79064751,14,4.87915993,13.8868399,1,1,0,54,0,5.37343359,-39.3234215,19.2711315,1.06161141,0.542142212,7.50640011,465.033112,72.9654007,0.928499997,0.0250000004,50,1,0.119999997,0.550000012,0.0133333337
C3_rand_24_r0,0,573,6.33389997,6,7.91741133,7.50640011,0.021019686,0.00301968632,0.00186394248,-0.000192250649,0.0181922503,7.99529552,14,4.87915993,13.8868399,1,1,0,55,0,5.37343359,-39.3234215,19.2711315,1.06161141,0.542142212,7.50640011,465.033112,72.9654007,0.928499997,0.0250000004,50,1,0.119999997,0.550000012,0.0133333337
C3_rand_24_r0,0,574,6.42675018,6,7.85703182,7.50640011,0.0211390611,0.00313906092,0.00232093432,-3.07768096e-05,0.0180307776,7.80763102,14,4.87915993,13.8868399,1,1,0,56,0,5.37343359,-39.3234215,19.2711315,1.06161141,0.542142212,7.50640011,465.033112,72.9654007,0.928499997,0.0250000004,50,1,0.119999997,0.550000012,0.0133333337
C3_rand_24_r0,0,575,6.51959991,6,7.8196187,7.50640011,0.021245962,0.00324596185,0.00130006729,0.000126819155,0.017873181,7.78900766,14,4.87915993,13.8868399,1,1,0,57,0,5.37343359,-39.3234215,19.2711315,1.06161141,0.542142212,7.50640011,465.033112,72.9654007,0.928499997,0.0250000004,50,1,0.119999997,0.550000012,0.0133333337
C3_rand_24_r0,0,576,6.61245012,6,7.79472303,7.50640011,0.0213438682,0.00334386854,0.000322818494,0.000275759783,0.0177242402,7.77435398,14,4.87915993,13.8868399,1,1,0,58,0,5.37343359,-39.3234215,19.2711315,1.06161141,0.542142212,7.50640011,465.033112,72.9654007,0.928499997,0.0250000004,50,1,0.119999997,0.550000012,0.0133333337
C3_rand_24_r0,0,577,6.70529985,6,7.77501822,7.50640011,0.0214348026,0.00343480241,0.000856309372,0.000393674971,0.0176063254,7.75889635,14,4.87915993,13.8868399,1,1,0,59,0,5.37343359,-39.3234215,19.2711315,1.06161141,0.542142212,7.50640011,465.033112,72.9654007,0.928499997,0.0250000004,50,1,0.119999997,0.550000012,0.0133333337
C3_rand_24_r0,0,578,6.79815006,6,7.87465715,7.50640011,0.0215522517,0.00355225173,0.000297013292,3.5082121e-05,0.0179649182,7.95617962,14,4.87915993,13.8868399,1,1,0,60,0,5.37343359,-39.3234215,19.2711315,1.06161141,0.542142212,7.50640011,465.033112,72.9654007,0.928499997,0.0250000004,50,1,0.119999997,0.550000012,0.0133333337
C3_rand_24_r0,0,579,6.89099979,6,7.79531384,7.50640011,0.0216520801,0.00365208043,0.00074353849,0.00027098041,0.0177290197,7.73039722,14,4.87915993,13.8868399,1,1,0,61,0,5.37343359,-39.3234215,19.2711315,1.06161141,0.542142212,7.50640011,465.033112,72.9654007,0.928499997,0.0250000004,50,1,0.119999997,0.550000012,0.0133333337
C3_rand_24_r0,0,580,6.98385,6,7.90144491,7.50640011,0.0217784531,0.00377845322,0.000967284548,-0.000117681913,0.0181176811,7.98827887,14,4.87915993,13.8868399,1,1,0,62,0,5.37343359,-39.3234215,19.2711315,1.06161141,0.542142212,7.50640011,465.033112,72.9654007,0.928499997,0.0250000004,50,1,0.119999997,0.550000012,0.0133333337
C3_rand_24_r0,0,581,7.07670021,7,7.53163815,7.50640011,0.0218065251,0.00380652584,0.00169542851,0.00126502092,0.0167349782,7.22906876,14,4.87915993,13.8868399,1,1,0,63,0,-0.116558284,-66.6628189,19.7229481,0.876777232,0.879083395,7.50640011,465.033112,72.9654007,0.928499997,0.0250000004,50,1,0.119999997,0.550000012,0.0133333337
C3_rand_24_r0,0,582,7.16954994,7,8.00813389,7.50640011,0.0219505746,0.00395057537,0.000735354493,-0.000323200482,0.0183231998,8.397995,14,4.87915993,13.8868399,1,1,0,64,0,-0.116558284,-66.6628189,19.7229481,0.876777232,0.879083395,7.50640011,465.033112,72.9654007,0.928499997,0.0250000004,50,1,0.119999997,0.550000012,0.0133333337
C3_rand_24_r0,0,583,7.26240015,7,7.43187761,7.50640011,0.0219538826,0.00395388296,0.00175175373,0.00167636178,0.0163236391,6.96039486,14,4.87915993,13.8868399,1,1,0,65,0,-0.116558284,-66.6628189,19.7229481,0.876777232,0.879083395,7.50640011,465.033112,72.9654007,0.928499997,0.0250000004,50,1,0.119999997,0.550000012,0.0133333337
C3_rand_24_r0,0,584,7.35524988,7,8.09640217,7.50640011,0.0221183244,0.00411832379,0.00191730284,-0.000610686024,0.0186106861,8.64010525,14,4.87915993,13.8868399,1,1,0,66,0,-0.116558284,-66.6628189,19.7229481,0.876777232,0.879083395,7.50640011,465.033112,72.9654007,0.928499997,0.0250000004,50,1,0.119999997,0.550000012,0.0133333337
C3_rand_24_r0,0,585,7.44810009,7,7.31526709,7.50640011,0.0220926385,0.00409263792,0.0026215699,0.00209561433,0.0159043856,6.67615604,14,4.87915993,13.8868399,1,1,0,67,0,-0.116558284,-66.6628189,19.7229481,0.876777232,0.879083395,7.50640011,465.033112,72.9654007,0.928499997,0.0250000004,50,1,0.119999997,0.550000012,0.0133333337
C3_rand_24_r0,0,586,7.54094982,7,7.57476854,7.50640011,0.0221073478,0.00410734816,0.00233129947,0.00149657717,0.0165034235,7.78708792,14,4.87915993,13.8868399,1,1,0,68,0,-0.116558284,-66.6628189,19.7229481,0.876777232,0.879083395,7.50640011,465.033112,72.9654007,0.928499997,0.0250000004,50,1,0.119999997,0.550000012,0.0133333337
C3_rand_24_r0,0,587,7.63380003,7,8.57597065,7.50640011,0.022406904,0.00440690294,0.00291467225,-0.00234164321,0.0203416441,9.39513683,14,4.87915993,13.8868399,1,1,0,69,0,-0.116558284,-66.6628189,19.7229481,0.876777232,0.879083395,7.50640011,465.033112,72.9654007,0.928499997,0.0250000004,50,1,0.119999997,0.550000012,0.0133333337
C3_rand_24_r0,0,588,7.72665024,7,7.0484252,7.50640011,0.0223296136,0.00432961388,0.00289037963,0.00271067233,0.0152893271,5.79861546,14,4.87915993,13.8868399,1,1,0,70,0,-0.116558284,-66.6628189,19.7229481,0.876777232,0.879083395,7.50640011,465.033112,72.9654007,0.928499997,0.0250000004,50,1,0.119999997,0.550000012,0.0133333337
C3_rand_24_r0,0,589,7.81949997,7,7.98817348,7.50640011,0.0224505588,0.00445055822,0.00184302102,-0.000103424609,0.0181034245,8.7570591,14,4.87915993,13.8868399,1,1,0,71,0,-0.116558284,-66.6628189,19.7229481,0.876777232,0.879083395,7.50640011,465.033112,72.9654007,0.928499997,0.0250000004,50,1,0.119999997,0.550000012,0.0133333337
C3_rand_24_r0,0,590,7.91235018,7,7.09637356,7.50640011,0.0223568194,0.00435681967,0.00335828331,0.00317050773,0.0148294922,6.36671925,14,4.87915993,13.8868399,1,1,0,72,0,-0.116558284,-66.6628189,19.7229481,0.876777232,0.879083395,7.50640011,465.033112,72.9654007,0.928499997,0.0250000004,50,1,0.119999997,0.550000012,0.0133333337
C3_rand_24_r0,0,591,8.00520039,8,8.10416889,7.50640011,0.0225072429,0.00450724317,0.000787790632,-0.000317724363,0.0183177236,8.92872906,14,4.87915993,13.8868399,1,1,0,73,0,-0.179646194,-67.2368164,19.1965408,0.966824651,50.5321503,7.50640011,465.033112,72.9654007,0.928499997,0.0250000004,50,1,0.119999997,0.550000012,0.0133333337
C3_rand_24_r0,0,592,8.09805012,8,6.95282221,7.50640011,0.0223785415,0.0043785423,0.00375533127,0.00365832145,0.0143416785,6.01081085,14,4.87915993,13.8868399,1,1,0,74,0,-0.179646194,-67.2368164,19.1965408,0.966824651,50.5321503,7.50640011,465.033112,72.9654007,0.928499997,0.0250000004,50,1,0.119999997,0.550000012,0.0133333337
C3_rand_24_r0,0,593,8.19089985,8,8.05899906,7.50640011,0.0225105919,0.00451059174,0.00286885793,-6.45401306e-05,0.0180645399,8.9640522,14,4.87915993,13.8868399,1,1,0,75,0,-0.179646194,-67.2368164,19.1965408,0.966824651,50.5321503,7.50640011,465.033112,72.9654007,0.928499997,0.0250000004,50,1,0.119999997,0.550000012,0.0133333337
C3_rand_24_r0,0,594,8.28374958,8,8.79077339,7.50640011,0.0228439253,0.00484392513,0.00351282163,-0.00343417423,0.0214341749,9.38949776,14,4.87915993,13.8868399,1,1,0,76,0,-0.179646194,-67.2368164,19.1965408,0.966824651,50.5321503,7.50640011,465.033112,72.9654007,0.928499997,0.0250000004,50,1,0.119999997,0.550000012,0.0133333337
C3_rand_24_r0,0,595,8.37660027,8,7.65011835,7.50640011,0.0229394026,0.00493940245,0.00340013579,0.000418104551,0.017581895,6.71685553,14,4.87915993,13.8868399,1,1,0,77,0,-0.179646194,-67.2368164,19.1965408,0.966824651,50.5321503,7.50640011,465.033112,72.9654007,0.928499997,0.0250000004,50,1,0.119999997,0.550000012,0.0133333337
C3_rand_24_r0,0,596,8.46945,8,7.60702276,7.50640011,0.022983266,0.00498326588,0.00180053583,0.000818954606,0.0171810463,7.57176208,14,4.87915993,13.8868399,1,1,0,78,0,-0.179646194,-67.2368164,19.1965408,0.966824651,50.5321503,7.50640011,465.033112,72.9654007,0.928499997,0.0250000004,50,1,0.119999997,0.550000012,0.0133333337
C3_rand_24_r0,0,597,8.56229973,8,7.69357204,7.50640011,0.0230425689,0.00504256878,0.0036784464,0.000890644733,0.017109355,7.76438522,14,4.87915993,13.8868399,1,1,0,79,0,-0.179646194,-67.2368164,19.1965408,0.966824651,50.5321503,7.50640011,465.033112,72.9654007,0.928499997,0.0250000004,50,1,0.119999997,0.550000012,0.0133333337
C3_rand_24_r0,0,598,8.65515041,8,7.88435411,7.50640011,0.0231574401,0.00515743997,0.0014212688,0.00015165357,0.0178483464,8.04044914,14,4.87915993,13.8868399,1,1,0,80,0,-0.179646194,-67.2368164,19.1965408,0.966824651,50.5321503,7.50640011,465.033112,72.9654007,0.928499997,0.0250000004,50,1,0.119999997,0.550000012,0.0133333337
C3_rand_24_r0,0,599,8.74800014,8,8.72933102,7.50640011,0.0234907735,0.00549077336,0.0035169262,-0.00333949644,0.0213394966,9.42067528,14,4.87915993,13.8868399,1,1,0,81,0,-0.179646194,-67.2368164,19.1965408,0.966824651,50.5321503,7.50640011,465.033112,72.9654007,0.928499997,0.0250000004,50,1,0.119999997,0.550000012,0.0133333337
C3_rand_24_r0,0,600,8.84084988,8,7.5942235,7.50640011,0.0235707238,0.00557072414,0.00151855475,0.000528539473,0.0174714606,6.66549921,14,4.87915993,13.8868399,1,1,0,82,0,-0.179646194,-67.2368164,19.1965408,0.966824651,50.5321503,7.50640011,465.033112,72.9654007,0.928499997,0.0250000004,50,1,0.119999997,0.550000012,0.0133333337
C3_rand_24_r0,0,601,8.93369961,8,8.3242836,7.50640011,0.0238112397,0.00581123959,0.00308711571,-0.00193755934,0.01993756,8.92160606,14,4.87915993,13.8868399,1,1,0,83,0,-0.179646194,-67.2368164,19.1965408,0.966824651,50.5321503,7.50640011,465.033112,72.9654007,0.928499997,0.0250000004,50,1,0.119999997,0.550000012,0.0133333337
C3_rand_24_r0,0,602,9.02655029,9,8.16246033,7.50640011,0.0240335651,0.00603356445,0.00290100998,-0.00153197872,0.0195319783,8.03005981,14,4.87915993,13.8868399,1,1,0,84,0,54.4771881,-6.66221762,69.7271271,1.32701421,11.4382181,7.50640011,465.033112,72.9654007,0.928499997,0.0250000004,50,1,0.119999997,0.550000012,0.0133333337
C3_rand_24_r0,0,603,9.11940002,9,8.11105537,7.50640011,0.024238579,0.00623857789,0.00165252702,-0.00144445931,0.01944446,8.06899548,14,4.87915993,13.8868399,1,1,0,85,0,54.4771881,-6.66221762,69.7271271,1.32701421,11.4382181,7.50640011,465.033112,72.9654007,0.928499997,0.0250000004,50,1,0.119999997,0.550000012,0.0133333337
C3_rand_24_r0,0,604,9.21224976,9,8.02748489,7.50640011,0.0244174935,0.00641749287,0.00231004064,-0.00104519003,0.0190451909,7.95910883,14,4.87915993,13.8868399,1,1,0,86,0,54.4771881,-6.66221762,69.7271271,1.32701421,11.4382181,7.50640011,465.033112,72.9654007,0.928499997,0.0250000004,50,1,0.119999997,0.550000012,0.0133333337
C3_rand_24_r0,0,605,9.30510044,9,8.02225304,7.50640011,0.024590604,0.00659060432,0.00189073081,-0.000926068053,0.0189260673,8.01797295,14,4.87915993,13.8868399,1,1,0,87,0,54.4771881,-6.66221762,69.7271271,1.32701421,11.4382181,7.50640011,465.033112,72.9654007,0.928499997,0.0250000004,50,1,0.119999997,0.550000012,0.0133333337
C3_rand_24_r0,0,606,9.39795017,9,7.93515587,7.50640011,0.0247385558,0.00673855515,0.00235487893,-0.000540108886,0.0185401086,7.86389446,14,4.87915993,13.8868399,1,1,0,88,0,54.4771881,-6.66221762,69.7271271,1.32701421,11.4382181,7.50640011,465.033112,72.9654007,0.928499997,0.0250000004,50,1,0.119999997,0.550000012,0.0133333337
C3_rand_24_r0,0,607,9.4907999,9,8.23011112,7.50640011,0.024964245,0.00696424488,0.0027387403,-0.00160969235,0.0196096916,8.47143841,14,4.87915993,13.8868399,1,1,0,89,0,54.4771881,-6.66221762,69.7271271,1.32701421,11.4382181,7.50640011,465.033112,72.9654007,0.928499997,0.0250000004,50,1,0.119999997,0.550000012,0.0133333337
C3_rand_24_r0,0,608,9.58364964,9,7.81049013,7.50640011,0.0250863284,0.00708632916,0.0012067185,-0.000181963725,0.0181819629,7.46716404,14,4.87915993,13.8868399,1,1,0,90,0,54.4771881,-6.66221762,69.7271271,1.32701421,11.4382181,7.50640011,465.033112,72.9654007,0.928499997,0.0250000004,50,1,0.119999997,0.550000012,0.0133333337
C3_rand_24_r0,0,609,9.67650032,9,8.09521484,7.50640011,0.0252702367,0.00727023603,0.00263998262,-0.00105809944,0.019058099,8.32817078,14,4.87915993,13.8868399,1,1,0,91,0,54.4771881,-6.66221762,69.7271271,1.32701421,11.4382181,7.50640011,465.033112,72.9654007,0.928499997,0.0250000004,50,1,0.119999997,0.550000012,0.0133333337
C3_rand_24_r0,0,610,9.76935005,9,7.69976425,7.50640011,0.0253545996,0.00735459942,0.00162111223,0.000406962761,0.0175930373,7.37621403,14,4.87915993,13.8868399,1,1,0,92,0,54.4771881,-6.66221762,69.7271271,1.32701421,11.4382181,7.50640011,465.033112,72.9654007,0.928499997,0.0250000004,50,1,0.119999997,0.550000012,0.0133333337
C3_rand_24_r0,0,611,9.86219978,9,8.02127647,7.50640011,0.025511682,0.00751168141,0.00214099092,-0.000608717208,0.0186087172,8.28433323,14,4.87915993,13.8868399,1,1,0,93,0,54.4771881,-6.66221762,69.7271271,1.32701421,11.4382181,7.50640011,465.033112,72.9654007,0.928499997,0.0250000004,50,1,0.119999997,0.550000012,0.0133333337
C3_rand_24_r0,0,612,9.95505047,9,7.92585659,7.50640011,0.0256543774,0.00765437772,0.00269602193,-0.000354560878,0.0183545612,7.84778547,14,4.87915993,13.8868399,1,1,0,94,0,54.4771881,-6.66221762,69.7271271,1.32701421,11.4382181,7.50640011,465.033112,72.9654007,0.928499997,0.0250000004,50,1,0.119999997,0.550000012,0.0133333337
C3_rand_24_r0,0,613,10.0479002,10,7.50082636,7.50640011,0.0256766118,0.00767661212,0.00156800007,0.00127476663,0.0167252328,7.15307474,14,4.87915993,13.8868399,1,1,0,95,0,72.3214264,2.29456758,58.950428,1.50236964,9.45172215,7.50640011,465.033112,72.9654007,0.928499997,0.0250000004,50,1,0.119999997,0.550000012,0.0133333337
C3_rand_24_r0,0,614,10.1407499,10,7.84736967,7.50640011,0.0257750321,0.0077750315,0.00229172409,0.000306106551,0.017693894,8.13090515,14,4.87915993,13.8868399,1,1,0,96,0,72.3214264,2.29456758,58.950428,1.50236964,9.45172215,7.50640011,465.033112,72.9654007,0.928499997,0.0250000004,50,1,0.119999997,0.550000012,0.0133333337
C3_rand_24_r0,0,615,10.2335997,10,7.74421787,7.50640011,0.0258574951,0.00785749499,0.00221668486,0.000601896318,0.0173981041,7.65982056,14,4.87915993,13.8868399,1,1,0,97,0,72.3214264,2.29456758,58.950428,1.50236964,9.45172215,7.50640011,465.033112,72.9654007,0.928499997,0.0250000004,50,1,0.119999997,0.550000012,0.0133333337
C3_rand_24_r0,0,616,10.3264503,10,7.64170742,7.50640011,0.0259088241,0.00790882483,0.00260637188,0.000971414789,0.0170285851,7.55783558,14,4.87915993,13.8868399,1,1,0,98,0,72.3214264,2.29456758,58.950428,1.50236964,9.45172215,7.50640011,465.033112,72.9654007,0.928499997,0.0250000004,50,1,0.119999997,0.550000012,0.0133333337
C3_rand_24_r0,0,617,10.4193001,10,7.27348709,7.50640011,0.0258526821,0.00785268191,0.00275305659,0.002523829,0.0154761709,6.97221565,14,4.87915993,13.8868399,1,1,0,99,0,72.3214264,2.29456758,58.950428,1.50236964,9.45172215,7.50640011,465.033112,72.9654007,0.928499997,0.0250000004,50,1,0.119999997,0.550000012,0.0133333337
C3_rand_24_r0,0,618,10.5121498,10,7.28582239,7.50640011,0.0257820524,0.00778205274,0.00299751596,0.0028395215,0.0151604787,7.29591513,14,4.87915993,13.8868399,1,1,0,100,0,72.3214264,2.29456758,58.950428,1.50236964,9.45172215,7.50640011,465.033112,72.9654007,0.928499997,0.0250000004,50,1,0.119999997,0.550000012,0.0133333337
C3_rand_24_r0,0,619,10.6049995,10,7.23862982,7.50640011,0.0256959014,0.00769590074,0.00333852787,0.00318210735,0.0148178926,7.20001793,14,4.87915993,13.8868399,1,1,0,101,0,72.3214264,2.29456758,58.950428,1.50236964,9.45172215,7.50640011,465.033112,72.9654007,0.928499997,0.0250000004,50,1,0.119999997,0.550000012,0.0133333337
C3_rand_24_r0,0,620,10.6978502,10,7.16312122,7.50640011,0.025586186,0.00758618675,0.00365748606,0.00354044023,0.0144595597,7.10134077,14,4.87915993,13.8868399,1,1,0,102,0,72.3214264,2.29456758,58.950428,1.50236964,9.45172215,7.50640011,465.033112,72.9654007,0.928499997,0.0250000004,50,1,0.119999997,0.550000012,0.0133333337
C3_rand_24_r0,0,621,10.7907,10,7.09793901,7.50640011,0.0254544392,0.00745444,0.00438506436,0.00388425356,0.0141157461,7.04460859,14,4.87915993,13.8868399,1,1,0,103,0,72.3214264,2.29456758,58.950428,1.50236964,9.45172215,7.50640011,465.033112,72.9654007,0.928499997,0.0250000004,50,1,0.119999997,0.550000012,0.0133333337
C3_rand_24_r0,0,622,10.8835497,10,7.02624321,7.50640011,0.0252991058,0.00729910517,0.00494958926,0.00425731251,0.0137426872,6.9675827,14,4.87915993,13.8868399,1,1,0,104,0,72.3214264,2.29456758,58.950428,1.50236964,9.45172215,7.50640011,465.033112,72.9654007,0.928499997,0.0250000004,50,1,0.119999997,0.550000012,0.0133333337
C3_rand_24_r0,0,623,10.9764004,10,6.96214056,7.50640011,0.0251220334,0.00712203281,0.00561783975,0.00460385857,0.0133961411,6.90969276,14,4.87915993,13.8868399,1,1,0,105,0,72.3214264,2.29456758,58.950428,1.50236964,9.45172215,7.50640011,465.033112,72.9654007,0.928499997,0.0250000004,50,1,0.119999997,0.550000012,0.0133333337
C3_rand_24_r0,0,624,11.0692501,11,6.90743732,7.50640011,0.0249261428,0.00692614214,0.00639162725,0.00490959547,0.0130904047,6.86268044,14,4.87915993,13.8868399,1,1,0,106,0,74.2476273,2.60981512,56.8648872,1.67298579,9.9808445,7.50640011,465.033112,72.9654007,0.928499997,0.0250000004,50,1,0.119999997,0.550000012,0.0133333337
C3_rand_24_r0,0,625,11.1620998,11,6.81607056,7.50640011,0.024701735,0.00670173578,0.00691426452,0.00534773525,0.0126522649,6.74131584,14,4.87915993,13.8868399,1,1,0,107,0,74.2476273,2.60981512,56.8648872,1.67298579,9.9808445,7.50640011,465.033112,72.9654007,0.928499997,0.0250000004,50,1,0.119999997,0.550000012,0.0133333337
C3_rand_24_r0,0,626,11.2549496,11,6.73831463,7.50640011,0.0244509783,0.00645097764,0.0081317611,0.00575944921,0.0122405505,6.67469645,14,4.87915993,13.8868399,1,1,0,108,0,74.2476273,2.60981512,56.8648872,1.67298579,9.9808445,7.50640011,465.033112,72.9654007,0.928499997,0.0250000004,50,1,0.119999997,0.550000012,0.0133333337
C3_rand_24_r0,0,627,11.3478003,11,6.70080423,7.50640011,0.0241854079,0.00618540775,0.00821909308,0.00601738179,0.0119826179,6.67011404,14,4.87915993,13.8868399,1,1,0,109,0,74.2476273,2.60981512,56.8648872,1.67298579,9.9808445,7.50640011,465.033112,72.9654007,0.928499997,0.0250000004,50,1,0.119999997,0.550000012,0.0133333337
C3_rand_24_r0,0,628,11.44065,11,6.60121346,7.50640011,0.0238897055,0.00588970585,0.00878260564,0.00648020394,0.0115197962,6.51973009,14,4.87915993,13.8868399,1,1,0,110,0,74.2476273,2.60981512,56.8648872,1.67298579,9.9808445,7.50640011,465.033112,72.9654007,0.928499997,0.0250000004,50,1,0.119999997,0.550000012,0.0133333337
C3_rand_24_r0,0,629,11.5334997,11,6.5557785,7.50640011,0.0235763602,0.00557636051,0.00835489668,0.00676630065,0.0112336995,6.51860428,14,4.87915993,13.8868399,1,1,0,111,0,74.2476273,2.60981512,56.8648872,1.67298579,9.9808445,7.50640011,465.033112,72.9654007,0.928499997,0.0250000004,50,1,0.119999997,0.550000012,0.0133333337
C3_rand_24_r0,0,630,11.6263504,11,6.46653986,7.50640011,0.0232430268,0.00524302712,0.00881994236,0.00720135961,0.0107986405,6.39352703,14,4.87915993,13.8868399,1,1,0,112,0,74.2476273,2.60981512,56.8648872,1.67298579,9.9808445,7.50640011,465.033112,72.9654007,0.928499997,0.0250000004,50,1,0.119999997,0.550000012,0.0133333337
C3_rand_24_r0,0,631,11.7192001,11,6.38345528,7.50640011,0.0229096934,0.00490969373,0.00891180988,0.00755737023,0.0104426295,6.31547642,14,4.87915993,13.8868399,1,1,0,113,0,74.2476273,2.60981512,56.8648872,1.67298579,9.9808445,7.50640011,465.033112,72.9654007,0.928499997,0.0250000004,50,1,0.119999997,0.550000012,0.0133333337
C3_rand_24_r0,0,632,11.8120499,11,6.29090834,7.50640011,0.02257636,0.00457636034,0.00910202228,0.00777302869,0.0102269715,6.21518803,14,4.87915993,13.8868399,1,1,0,114,0,74.2476273,2.60981512,56.8648872,1.67298579,9.9808445,7.50640011,465.033112,72.9654007,0.928499997,0.0250000004,50,1,0.119999997,0.550000012,0.0133333337
C3_rand_24_r0,0,633,11.9048996,11,6.14455557,7.50640011,0.0222430266,0.00424302695,0.00979391672,0.00818240922,0.00981759094,6.0248127,14,4.87915993,13.8868399,1,1,0,115,0,74.2476273,2.60981512,56.8648872,1.67298579,9.9808445,7.50640011,465.033112,72.9654007,0.928499997,0.0250000004,50,1,0.119999997,0.550000012,0.0133333337
C3_rand_24_r0,0,634,11.9977503,11,6.03816271,7.50640011,0.0219096933,0.00390969357,0.00949663017,0.00834088959,0.00965911057,5.9511137,14,4.87915993,13.8868399,1,1,0,116,0,74.2476273,2.60981512,56.8648872,1.67298579,9.9808445,7.50640011,465.033112,72.9654007,0.928499997,0.0250000004,50,1,0.119999997,0.550000012,0.0133333337
C3_rand_24_r0,0,635,12.0906,12,5.89711094,7.50640011,0.0215763599,0.00357636041,0.0097133182,0.00870518479,0.00929481443,5.78170443,14,4.87915993,13.8868399,1,1,0,117,0,69.7274017,-4.51778555,66.130249,1.58293843,1.79960728,7.50640011,465.033112,72.9654007,0.928499997,0.0250000004,50,1,0.119999997,0.550000012,0.0133333337
C3_rand_24_r0,0,636,12.1834497,12,5.78989601,7.50640011,0.0212430265,0.00324302702,0.00937795173,0.00887620542,0.00912379473,5.70217466,14,4.87915993,13.8868399,1,1,0,118,0,69.7274017,-4.51778555,66.130249,1.58293843,1.79960728,7.50640011,465.033112,72.9654007,0.928499997,0.0250000004,50,1,0.119999997,0.550000012,0.0133333337
C3_rand_24_r0,0,637,12.2763004,12,5.72230148,7.50640011,0.0209096931,0.00290969363,0.00975074247,0.0089518493,0.00904814992,5.66699743,14,4.87915993,13.8868399,1,1,0,119,0,69.7274017,-4.51778555,66.130249,1.58293843,1.79960728,7.50640011,465.033112,72.9654007,0.928499997,0.0250000004,50,1,0.119999997,0.550000012,0.0133333337
C3_rand_24_r0,0,638,12.3691502,12,5.63645411,7.50640011,0.0205763597,0.00257636048,0.00987309963,0.00916856993,0.00883143023,5.56621504,14,4.87915993,13.8868399,1,1,0,120,0,69.7274017,-4.51778555,66.130249,1.58293843,1.79960728,7.50640011,465.033112,72.9654007,0.928499997,0.0250000004,50,1,0.119999997,0.550000012,0.0133333337
C3_rand_24_r0,0,639,12.4619999,12,5.60382795,7.50640011,0.0202430263,0.00224302709,0.00944670103,0.00914509036,0.00885490887,5.57713366,14,4.87915993,13.8868399,1,1,0,121,0,69.7274017,-4.51778555,66.130249,1.58293843,1.79960728,7.50640011,465.033112,72.9654007,0.928499997,0.0250000004,50,1,0.119999997,0.550000012,0.0133333337
C3_rand_24_r0,0,640,12.5548496,12,6.43391657,7.50640011,0.0199096929,0.0019096937,0.00930453371,0.00584221585,0.0121577838,7.11308002,14,4.87915993,13.8868399,1,1,0,122,0,69.7274017,-4.51778555,66.130249,1.58293843,1.79960728,7.50640011,465.033112,72.9654007,0.928499997,0.0250000004,50,1,0.119999997,0.550000012,0.0133333337
C3_rand_24_r0,0,641,12.6477003,12,6.23431683,7.50640011,0.0195763595,0.00157636043,0.00937075727,0.00808307156,0.0099169286,6.07100773,14,4.87915993,13.8868399,1,1,0,123,0,69.7274017,-4.51778555,66.130249,1.58293843,1.79960728,7.50640011,465.033112,72.9654007,0.928499997,0.0250000004,50,1,0.119999997,0.550000012,0.0133333337
C3_rand_24_r0,0,642,12.74055,12,6.72803783,7.50640011,0.019304594,0.00130459317,0.00907645281,0.00580154918,0.012198451,7.13199139,14,4.87915993,13.8868399,1,1,0,124,0,69.7274017,-4.51778555,66.130249,1.58293843,1.79960728,7.50640011,465.033112,72.9654007,0.928499997,0.0250000004,50,1,0.119999997,0.550000012,0.0133333337
C3_rand_24_r0,0,643,12.8333998,12,6.24551487,7.50640011,0.0189712606,0.000971259782,0.00849483535,0.00797717087,0.0100228293,5.85072374,14,4.87915993,13.8868399,1,1,0,125,0,69.7274017,-4.51778555,66.130249,1.58293843,1.79960728,7.50640011,465.033112,72.9654007,0.928499997,0.0250000004,50,1,0.119999997,0.550000012,0.0133333337
C3_rand_24_r0,0,644,12.9262505,12,6.7543478,7.50640011,0.0187068004,0.000706800842,0.00814133137,0.00571838487,0.0122816153,7.17066526,14,4.87915993,13.8868399,1,1,0,126,0,69.7274017,-4.51778555,66.130249,1.58293843,1.79960728,7.50640011,465.033112,72.9654007,0.928499997,0.0250000004,50,1,0.119999997,0.550000012,0.0133333337
C3_rand_24_r0,0,645,13.0191002,13,6.87967443,7.50640011,0.0184886344,0.000488633872,0.00746585475,0.00547522912,0.0125247706,6.98221397,14,4.87915993,13.8868399,1,1,0,127,0,68.1782761,-6.07694483,67.5126038,1.58293843,3.23157692,7.50640011,465.033112,72.9654007,0.928499997,0.0250000004,50,1,0.119999997,0.550000012,0.0133333337
C3_rand_24_r0,0,646,13.1119499,13,6.83205605,7.50640011,0.0182649549,0.000264954899,0.00776951481,0.0054461048,0.0125538949,6.79309511,14,4.87915993,13.8868399,1,1,0,128,0,68.1782761,-6.07694483,67.5126038,1.58293843,3.23157692,7.50640011,465.033112,72.9654007,0.928499997,0.0250000004,50,1,0.119999997,0.550000012,0.0133333337
C3_rand_24_r0,0,647,13.2047997,13,6.89642668,7.50640011,0.0180582386,5.8238038e-05,0.00614334084,0.00516253943,0.0128374603,6.94909382,14,4.87915993,13.8868399,1,1,0,129,0,68.1782761,-6.07694483,67.5126038,1.58293843,3.23157692,7.50640011,465.033112,72.9654007,0.928499997,0.0250000004,50,1,0.119999997,0.550000012,0.0133333337
C3_rand_24_r0,0,648,13.2976503,13,6.90021706,7.50640011,0.0178554002,-0.000144598976,0.0069989874,0.0051012896,0.0128987106,6.90331793,14,4.87915993,13.8868399,1,1,0,130,0,68.1782761,-6.07694483,67.5126038,1.58293843,3.23157692,7.50640011,465.033112,72.9654007,0.928499997,0.0250000004,50,1,0.119999997,0.550000012,0.0133333337
C3_rand_24_r0,0,649,13.3905001,13,6.95011234,7.50640011,0.01766707,-0.000332929456,0.0062828809,0.00487635098,0.0131236492,6.99093628,14,4.87915993,13.8868399,1,1,0,131,0,68.1782761,-6.07694483,67.5126038,1.58293843,3.23157692,7.50640011,465.033112,72.9654007,0.928499997,0.0250000004,50,1,0.119999997,0.550000012,0.0133333337
C3_rand_24_r0,0,650,13.4833498,13,6.98139715,7.50640011,0.0174898487,-0.000510152022,0.00638744142,0.00470525399,0.0132947462,7.00699377,14,4.87915993,13.8868399,1,1,0,132,0,68.1782761,-6.07694483,67.5126038,1.58293843,3.23157692,7.50640011,465.033112,72.9654007,0.928499997,0.0250000004,50,1,0.119999997,0.550000012,0.0133333337
C3_rand_24_r0,0,651,13.5761995,13,7.03368282,7.50640011,0.0173289999,-0.000670999463,0.0046875854,0.00445129815,0.013548702,7.07646179,14,4.87915993,13.8868399,1,1,0,133,0,68.1782761,-6.07694483,67.5126038,1.58293843,3.23157692,7.50640011,465.033112,72.9654007,0.928499997,0.0250000004,50,1,0.119999997,0.550000012,0.0133333337
C3_rand_24_r0,0,652,13.6690502,13,7.1046505,7.50640011,0.0171905961,-0.000809404533,0.00446347427,0.00411166251,0.0138883376,7.16271496,14,4.87915993,13.8868399,1,1,0,134,0,68.1782761,-6.07694483,67.5126038,1.58293843,3.23157692,7.50640011,465.033112,72.9654007,0.928499997,0.0250000004,50,1,0.119999997,0.550000012,0.0133333337
C3_rand_24_r0,0,653,13.7618999,13,7.11741352,7.50640011,0.017059477,-0.000940523809,0.0051806015,0.00397534342,0.0140246563,7.12785625,14,4.87915993,13.8868399,1,1,0,135,0,68.1782761,-6.07694483,67.5126038,1.58293843,3.23157692,7.50640011,465.033112,72.9654007,0.928499997,0.0250000004,50,1,0.119999997,0.550000012,0.0133333337
C3_rand_24_r0,0,654,13.8547497,13,7.19861078,7.50640011,0.0169521254,-0.0010478741,0.00403263234,0.00361174578,0.0143882539,7.26504469,14,4.87915993,13.8868399,1,1,0,136,0,68.1782761,-6.07694483,67.5126038,1.58293843,3.23157692,7.50640011,465.033112,72.9654007,0.928499997,0.0250000004,50,1,0.119999997,0.550000012,0.0133333337
C3_rand_24_r0,0,655,13.9476004,13,7.21823359,7.50640011,0.0168541875,-0.00114581198,0.00347598596,0.00345411664,0.0145458831,7.23428822,14,4.87915993,13.8868399,1,1,0,137,0,68.1782761,-6.07694483,67.5126038,1.58293843,3.23157692,7.50640011,465.033112,72.9654007,0.928499997,0.0250000004,50,1,0.119999997,0.550000012,0.0133333337
C3_rand_24_r0,0,656,14.0404501,14,7.67499208,7.50640011,0.0168846957,-0.00111530384,0.00366935087,0.00161420112,0.0163857993,8.04870415,14,4.87915993,13.8868399,1,1,0,138,0,67.8057938,-5.59234476,66.8235245,1.57819903,1.5791446,7.50640011,465.033112,72.9654007,0.928499997,0.0250000004,50,1,0.119999997,0.550000012,0.0133333337
C3_rand_24_r0,0,657,14.1332998,14,7.6144824,7.50640011,0.0169198029,-0.00108019623,0.00378199224,0.00144518481,0.0165548157,7.56497478,14,4.87915993,13.8868399,1,1,0,139,0,67.8057938,-5.59234476,66.8235245,1.57819903,1.5791446,7.50640011,465.033112,72.9654007,0.928499997,0.0250000004,50,1,0.119999997,0.550000012,0.0133333337
C3_rand_24_r0,0,658,14.2261496,14,7.67627954,7.50640011,0.0169728436,-0.00102715625,0.00141644361,0.00105381,0.0169461891,7.72684097,14,4.87915993,13.8868399,1,1,0,140,0,67.8057938,-5.59234476,66.8235245,1.57819903,1.5791446,7.50640011,465.033112,72.9654007,0.928499997,0.0250000004,50,1,0.119999997,0.550000012,0.0133333337
C3_rand_24_r0,0,659,14.3190002,14,7.30830765,7.50640011,0.0169266574,-0.00107334182,0.00284605799,0.00243240921,0.0155675905,7.00723982,14,4.87915993,13.8868399,1,1,0,141,0,67.8057938,-5.59234476,66.8235245,1.57819903,1.5791446,7.50640011,465.033112,72.9654007,0.928499997,0.0250000004,50,1,0.119999997,0.550000012,0.0133333337
C3_rand_24_r0,0,660,14.41185,14,8.37703609,7.50640011,0.0171608031,-0.000839196204,0.00309119443,-0.00145937235,0.0194593724,9.25144958,14,4.87915993,13.8868399,1,1,0,142,0,67.8057938,-5.59234476,66.8235245,1.57819903,1.5791446,7.50640011,465.033112,72.9654007,0.928499997,0.0250000004,50,1,0.119999997,0.550000012,0.0133333337
C3_rand_24_r0,0,661,14.5046997,14,7.72268581,7.50640011,0.017259907,-0.000740092539,0.00231508329,0.000340223516,0.0176597759,7.18730879,14,4.87915993,13.8868399,1,1,0,143,0,67.8057938,-5.59234476,66.8235245,1.57819903,1.5791446,7.50640011,465.033112,72.9654007,0.928499997,0.0250000004,50,1,0.119999997,0.550000012,0.0133333337
C3_rand_24_r0,0,662,14.5975504,14,7.82986641,7.50640011,0.0173662771,-0.000633723452,0.00140577077,4.12176523e-05,0.0179587826,7.91755962,14,4.87915993,13.8868399,1,1,0,144,0,67.8057938,-5.59234476,66.8235245,1.57819903,1.5791446,7.50640011,465.033112,72.9654007,0.928499997,0.0250000004,50,1,0.119999997,0.550000012,0.0133333337
C3_rand_24_r0,0,663,14.6904001,14,7.88676119,7.50640011,0.0174896605,-0.000510339334,0.00243403716,-6.10533243e-05,0.018061053,7.93331194,14,4.87915993,13.8868399,1,1,0,145,0,67.8057938,-5.59234476,66.8235245,1.57819903,1.5791446,7.50640011,465.033112,72.9654007,0.928499997,0.0250000004,50,1,0.119999997,0.550000012,0.0133333337
C3_rand_24_r0,0,664,14.7832499,14,8.5065937,7.50640011,0.0177880563,-0.000211943625,0.00303321332,-0.00254455069,0.0205445513,9.01373005,14,4.87915993,13.8868399,1,1,0,146,0,67.8057938,-5.59234476,66.8235245,1.57819903,1.5791446,7.50640011,465.033112,72.9654007,0.928499997,0.0250000004,50,1,0.119999997,0.550000012,0.0133333337
C3_rand_24_r0,0,665,14.8760996,14,7.86585712,7.50640011,0.0179376379,-6.23617743e-05,0.00158099888,-0.000596464961,0.0185964648,7.34161806,14,4.87915993,13.8868399,1,1,0,147,0,67.8057938,-5.59234476,66.8235245,1.57819903,1.5791446,7.50640011,465.033112,72.9654007,0.928499997,0.0250000004,50,1,0.119999997,0.550000012,0.0133333337
C3_rand_24_r0,0,666,14.9689503,14,7.60943174,7.50640011,0.0179911889,-8.81148208e-06,0.00226359069,0.000679754652,0.0173202455,7.39962959,14,4.87915993,13.8868399,1,1,0,148,0,67.8057938,-5.59234476,66.8235245,1.57819903,1.5791446,7.50640011,465.033112,72.9654007,0.928499997,0.0250000004,50,1,0.119999997,0.550000012,0.0133333337
C3_rand_24_r0,0,667,15.0618,15,8.16874695,7.50640011,0.0181840993,0.000184098928,0.00255221967,-0.00105414505,0.0190541446,8.62636948,14,4.87915993,13.8868399,1,1,0,149,0,73.6999207,-3.47580504,65.6660919,1.57819903,9.69431877,7.50640011,465.033112,72.9654007,0.928499997,0.0250000004,50,1,0.119999997,0.550000012,0.0133333337
C3_rand_24_r0,0,668,15.1546497,15,7.17313671,7.50640011,0.018123677,0.000123677542,0.00274125324,0.00251057907,0.0154894209,6.35854626,14,4.87915993,13.8868399,1,1,0,150,0,73.6999207,-3.47580504,65.6660919,1.57819903,9.69431877,7.50640011,465.033112,72.9654007,0.928499997,0.0250000004,50,1,0.119999997,0.550000012,0.0133333337
C3_rand_24_r0,0,669,15.2475004,15,8.39815426,7.50640011,0.018361317,0.00036131675,0.00209975289,-0.0016457428,0.0196457431,9.40044117,14,4.87915993,13.8868399,1,1,0,151,0,73.6999207,-3.47580504,65.6660919,1.57819903,9.69431877,7.50640011,465.033112,72.9654007,0.928499997,0.0250000004,50,1,0.119999997,0.550000012,0.0133333337
C3_rand_24_r0,0,670,15.3403502,15,7.9166832,7.50640011,0.0185148902,0.000514890766,0.00211729202,-0.000413997914,0.0184139982,7.52275229,14,4.87915993,13.8868399,1,1,0,152,0,73.6999207,-3.47580504,65.6660919,1.57819903,9.69431877,7.50640011,465.033112,72.9654007,0.928499997,0.0250000004,50,1,0.119999997,0.550000012,0.0133333337
C3_rand_24_r0,0,671,15.4331999,15,8.38569641,7.50640011,0.0187847354,0.00078473537,0.00326634571,-0.002303435,0.0203034356,8.76943398,14,4.87915993,13.8868399,1,1,0,153,0,73.6999207,-3.47580504,65.6660919,1.57819903,9.69431877,7.50640011,465.033112,72.9654007,0.928499997,0.0250000004,50,1,0.119999997,0.550000012,0.0133333337
C3_rand_24_r0,0,672,15.5260496,15,7.39700937,7.50640011,0.0187993236,0.000799323083,0.00158479705,0.00129271066,0.01670729,6.58808374,14,4.87915993,13.8868399,1,1,0,154,0,73.6999207,-3.47580504,65.6660919,1.57819903,9.69431877,7.50640011,465.033112,72.9654007,0.928499997,0.0250000004,50,1,0.119999997,0.550000012,0.0133333337
C3_rand_24_r0,0,673,15.6189003,15,7.48816586,7.50640011,0.0187966898,0.000796689361,0.00243875757,0.00159984967,0.016400151,7.56274891,14,4.87915993,13.8868399,1,1,0,155,0,73.6999207,-3.47580504,65.6660919,1.57819903,9.69431877,7.50640011,465.033112,72.9654007,0.928499997,0.0250000004,50,1,0.119999997,0.550000012,0.0133333337
C3_rand_24_r0,0,674,15.71175,15,8.43604946,7.50640011,0.0190544855,0.00105448626,0.00270640734,-0.0017836662,0.0197836664,9.21158981,14,4.87915993,13.8868399,1,1,0,156,0,73.6999207,-3.47580504,65.6660919,1.57819903,9.69431877,7.50640011,465.033112,72.9654007,0.928499997,0.0250000004,50,1,0.119999997,0.550000012,0.0133333337
C3_rand_24_r0,0,675,15.8045998,15,7.5461421,7.50640011,0.019108491,0.00110849179,0.00133179338,0.000911643787,0.0170883555,6.81803608,14,4.87915993,13.8868399,1,1,0,157,0,73.6999207,-3.47580504,65.6660919,1.57819903,9.69431877,7.50640011,465.033112,72.9654007,0.928499997,0.0250000004,50,1,0.119999997,0.550000012,0.0133333337
C3_rand_24_r0,0,676,15.8974504,15,7.93514204,7.50640011,0.019236587,0.00123658776,0.00090340391,-0.000256436004,0.0182564352,8.25341511,14,4.87915993,13.8868399,1,1,0,158,0,73.6999207,-3.47580504,65.6660919,1.57819903,9.69431877,7.50640011,465.033112,72.9654007,0.928499997,0.0250000004,50,1,0.119999997,0.550000012,0.0133333337
C3_rand_24_r0,0,677,15.9903002,15,7.81742764,7.50640011,0.0193443336,0.00134433364,0.000542709255,0.000190708408,0.0178092923,7.72111607,14,4.87915993,13.8868399,1,1,0,159,0,73.6999207,-3.47580504,65.6660919,1.57819903,9.69431877,7.50640011,465.033112,72.9654007,0.928499997,0.0250000004,50,1,0.119999997,0.550000012,0.0133333337
C3_rand_24_r0,0,678,16.0831509,16,7.93240213,7.50640011,0.0194806252,0.00148062524,0.00159839308,-0.000274345744,0.0182743464,8.02647209,14,4.87915993,13.8868399,1,1,0,160,0,74.4419174,2.50970984,56.719738,1.68246448,10.1146154,7.50640011,465.033112,72.9654007,0.928499997,0.0250000004,50,1,0.119999997,0.550000012,0.0133333337
C3_rand_24_r0,0,679,16.1760006,16,8.10886097,7.50640011,0.0196706913,0.00167069072,0.00180086959,-0.00103071111,0.0190307107,8.25323677,14,4.87915993,13.8868399,1,1,0,161,0,74.4419174,2.50970984,56.719738,1.68246448,10.1146154,7.50640011,465.033112,72.9654007,0.928499997,0.0250000004,50,1,0.119999997,0.550000012,0.0133333337
C3_rand_24_r0,0,680,16.2688503,16,8.33520699,7.50640011,0.0199325923,0.00193259236,0.00225790567,-0.00211145217,0.0201114528,8.52039814,14,4.87915993,13.8868399,1,1,0,162,0,74.4419174,2.50970984,56.719738,1.68246448,10.1146154,7.50640011,465.033112,72.9654007,0.928499997,0.0250000004,50,1,0.119999997,0.550000012,0.0133333337
C3_rand_24_r0,0,681,16.3617001,16,7.59710598,7.50640011,0.0200014394,0.00200143876,0.00131471967,0.000496319553,0.0175036807,6.99320507,14,4.87915993,13.8868399,1,1,0,163,0,74.4419174,2.50970984,56.719738,1.68246448,10.1146154,7.50640011,465.033112,72.9654007,0.928499997,0.0250000004,50,1,0.119999997,0.550000012,0.0133333337
C3_rand_24_r0,0,682,16.4545498,16,7.64900112,7.50640011,0.0200525243,0.00205252459,0.00114801188,0.000812265673,0.0171877351,7.69146109,14,4.87915993,13.8868399,1,1,0,164,0,74.4419174,2.50970984,56.719738,1.68246448,10.1146154,7.50640011,465.033112,72.9654007,0.928499997,0.0250000004,50,1,0.119999997,0.550000012,0.0133333337
C3_rand_24_r0,0,683,16.5473995,16,7.69629669,7.50640011,0.0201137885,0.00211378792,0.00133209489,0.000885857502,0.017114142,7.7349925,14,4.87915993,13.8868399,1,1,0,165,0,74.4419174,2.50970984,56.719738,1.68246448,10.1146154,7.50640011,465.033112,72.9654007,0.928499997,0.0250000004,50,1,0.119999997,0.550000012,0.0133333337
C3_rand_24_r0,0,684,16.6402493,16,7.90253019,7.50640011,0.0202340353,0.00223403471,0.00244810665,6.69249785e-05,0.0179330744,8.07126713,14,4.87915993,13.8868399,1,1,0,166,0,74.4419174,2.50970984,56.719738,1.68246448,10.1146154,7.50640011,465.033112,72.9654007,0.928499997,0.0250000004,50,1,0.119999997,0.550000012,0.0133333337
C3_rand_24_r0,0,685,16.7331009,16,8.22407341,7.50640011,0.0204534288,0.00245342962,0.00200055027,-0.00138267328,0.0193826724,8.48715305,14,4.87915993,13.8868399,1,1,0,167,0,74.4419174,2.50970984,56.719738,1.68246448,10.1146154,7.50640011,465.033112,72.9654007,0.928499997,0.0250000004,50,1,0.119999997,0.550000012,0.0133333337
C3_rand_24_r0,0,686,16.8259506,16,8.08739185,7.50640011,0.0206513815,0.002651382,0.00186097331,-0.00121595571,0.0192159563,7.9755621,14,4.87915993,13.8868399,1,1,0,168,0,74.4419174,2.50970984,56.719738,1.68246448,10.1146154,7.50640011,465.033112,72.9654007,0.928499997,0.0250000004,50,1,0.119999997,0.550000012,0.0133333337
C3_rand_24_r0,0,687,16.9188004,16,7.42841196,7.50640011,0.0206627101,0.00266271061,0.00159949996,0.00132190366,0.0166780967,6.88924599,14,4.87915993,13.8868399,1,1,0,169,0,74.4419174,2.50970984,56.719738,1.68246448,10.1146154,7.50640011,465.033112,72.9654007,0.928499997,0.0250000004,50,1,0.119999997,0.550000012,0.0133333337
C3_rand_24_r0,0,688,17.0116501,17,7.90459251,7.50640011,0.0207752082,0.00277520763,0.00342955627,5.76413295e-05,0.0179423578,8.29419422,14,4.87915993,13.8868399,1,1,0,170,0,74.7790833,1.14119232,55.6569901,1.67298579,143.50206,7.50640011,465.033112,72.9654007,0.928499997,0.0250000004,50,1,0.119999997,0.550000012,0.0133333337
C3_rand_24_r0,0,689,17.1044998,17,7.74480486,7.50640011,0.0208601803,0.0028601808,0.00129913178,0.000567749608,0.0174322501,7.61406994,14,4.87915993,13.8868399,1,1,0,171,0,74.7790833,1.14119232,55.6569901,1.67298579,143.50206,7.50640011,465.033112,72.9654007,0.928499997,0.0250000004,50,1,0.119999997,0.550000012,0.0133333337
C3_rand_24_r0,0,690,17.1973495,17,6.94281912,7.50640011,0.0207177922,0.00271779275,0.003749019,0.00368133164,0.0143186683,6.28664923,14,4.87915993,13.8868399,1,1,0,172,0,74.7790833,1.14119232,55.6569901,1.67298579,143.50206,7.50640011,465.033112,72.9654007,0.928499997,0.0250000004,50,1,0.119999997,0.550000012,0.0133333337
C3_rand_24_r0,0,691,17.2901993,17,8.42099857,7.50640011,0.0209481157,0.00294811651,0.00219695736,-0.00136862823,0.019368628,9.63041687,14,4.87915993,13.8868399,1,1,0,173,0,74.7790833,1.14119232,55.6569901,1.67298579,143.50206,7.50640011,465.033112,72.9654007,0.928499997,0.0250000004,50,1,0.119999997,0.550000012,0.0133333337
C3_rand_24_r0,0,692,17.3830509,17,8.42456627,7.50640011,0.0212415494,0.00324154994,0.00250752922,-0.00229065376,0.0202906542,8.42748642,14,4.87915993,13.8868399,1,1,0,174,0,74.7790833,1.14119232,55.6569901,1.67298579,143.50206,7.50640011,465.033112,72.9654007,0.928499997,0.0250000004,50,1,0.119999997,0.550000012,0.0133333337
C3_rand_24_r0,0,693,17.4759007,17,8.24616718,7.50640011,0.0214959458,0.00349594653,0.00254750741,-0.00218100334,0.020181004,8.10020447,14,4.87915993,13.8868399,1,1,0,175,0,74.7790833,1.14119232,55.6569901,1.67298579,143.50206,7.50640011,465.033112,72.9654007,0.928499997,0.0250000004,50,1,0.119999997,0.550000012,0.0133333337
C3_rand_24_r0,0,694,17.5687504,17,7.41777277,7.50640011,0.0215137266,0.00351372734,0.00153786782,0.00111147331,0.0168885272,6.739995,14,4.87915993,13.8868399,1,1,0,176,0,74.7790833,1.14119232,55.6569901,1.67298579,143.50206,7.50640011,465.033112,72.9654007,0.928499997,0.0250000004,50,1,0.119999997,0.550000012,0.0133333337
C3_rand_24_r0,0,695,17.6616001,17,7.90784931,7.50640011,0.0216282047,0.00362820434,0.0026411803,-3.45522167e-05,0.0180345513,8.30882072,14,4.87915993,13.8868399,1,1,0,177,0,74.7790833,1.14119232,55.6569901,1.67298579,143.50206,7.50640011,465.033112,72.9654007,0.928499997,0.0250000004,50,1,0.119999997,0.550000012,0.0133333337
C3_rand_24_r0,0,696,17.7544498,17,7.8416481,7.50640011,0.0217404086,0.00374040846,0.00184397853,0.000176202971,0.0178237967,7.78748322,14,4.87915993,13.8868399,1,1,0,178,0,74.7790833,1.14119232,55.6569901,1.67298579,143.50206,7.50640011,465.033112,72.9654007,0.928499997,0.0250000004,50,1,0.119999997,0.550000012,0.0133333337
C3_rand_24_r0,0,697,17.8472996,17,8.28996944,7.50640011,0.0219767671,0.00397676742,0.00327525358,-0.00167171494,0.0196717158,8.65677834,14,4.87915993,13.8868399,1,1,0,179,0,74.7790833,1.14119232,55.6569901,1.67298579,143.50206,7.50640011,465.033112,72.9654007,0.928499997,0.0250000004,50,1,0.119999997,0.550000012,0.0133333337
C3_rand_24_r0,0,698,17.9401493,17,8.10069084,7.50640011,0.0221812408,0.00418124115,0.00236938288,-0.00131171802,0.0193117186,7.94582701,14,4.87915993,13.8868399,1,1,0,180,0,74.7790833,1.14119232,55.6569901,1.67298579,143.50206,7.50640011,465.033112,72.9654007,0.928499997,0.0250000004,50,1,0.119999997,0.550000012,0.0133333337
C3_rand_24_r0,0,699,18.0330009,18,7.36062574,7.50640011,0.0221748278,0.0041748276,0.00235097553,0.00154893624,0.0164510645,6.75511742,14,4.87915993,13.8868399,1,1,0,181,0,5.92437935,-50.3382378,88.5163803,1.69668245,4.83705044,7.50640011,465.033112,72.9654007,0.928499997,0.0250000004,50,1,0.119999997,0.550000012,0.0133333337
C3_rand_24_r0,1,1121,0.0133333337,0,0,7.50640011,0.0496666655,0.0316666663,0.260380924,0.252603441,0,0,14,4.87915993,13.8868399,0,0,0,0,0,4.18154526,-27.4896641,73.172493,1.11848342,17.2018089,7.50640011,465.033112,72.9654007,0.928499997,0.0250000004,50,1,0.119999997,0.550000012,0.0133333337
C3_rand_24_r0,1,1122,0.0266666673,0,0,7.50640011,0.049333334,0.0313333347,0.258181453,0.250407904,0,0,14,4.87915993,13.8868399,0,0,0,0,0,4.18154526,-27.4896641,73.172493,1.11848342,17.2018089,7.50640011,465.033112,72.9654007,0.928499997,0.0250000004,50,1,0.119999997,0.550000012,0.0133333337
C3_rand_24_r0,1,1123,0.0399999991,0,0,7.50640011,0.0489999987,0.0309999995,0.254400373,0.247091711,0,0,14,4.87915993,13.8868399,0,0,0,0,0,4.18154526,-27.4896641,73.172493,1.11848342,17.2018089,7.50640011,465.033112,72.9654007,0.928499997,0.0250000004,50,1,0.119999997,0.550000012,0.0133333337
C3_rand_24_r0,1,1124,0.0533333346,0,0,7.50640011,0.0486666672,0.0306666661,0.249958023,0.242932484,0,0,14,4.87915993,13.8868399,0,0,0,0,0,4.18154526,-27.4896641,73.172493,1.11848342,17.2018089,7.50640011,465.033112,72.9654007,0.928499997,0.0250000004,50,1,0.119999997,0.550000012,0.0133333337
C3_rand_24_r0,1,1125,0.0666666701,0,0,7.50640011,0.0483333319,0.0303333327,0.245300651,0.238609597,0,0,14,4.87915993,13.8868399,0,0,0,0,0,4.18154526,-27.4896641,73.172493,1.11848342,17.2018089,7.50640011,465.033112,72.9654007,0.928499997,0.0250000004,50,1,0.119999997,0.550000012,0.0133333337
C3_rand_24_r0,1,1126,0.0799999982,0,0,7.50640011,0.0480000004,0.0299999993,0.240414768,0.234033957,0,0,14,4.87915993,13.8868399,0,0,0,0,0,4.18154526,-27.4896641,73.172493,1.11848342,17.2018089,7.50640011,465.033112,72.9654007,0.928499997,0.0250000004,50,1,0.119999997,0.550000012,0.0133333337
C3_rand_24_r0,1,1127,0.0933333337,0,0,7.50640011,0.0476666652,0.0296666659,0.23575677,0.229636237,0,0,14,4.87915993,13.8868399,0,0,0,0,0,4.18154526,-27.4896641,73.172493,1.11848342,17.2018089,7.50640011,465.033112,72.9654007,0.928499997,0.0250000004,50,1,0.119999997,0.550000012,0.0133333337
C3_rand_24_r0,1,1128,0.106666669,0,0,7.50640011,0.0473333336,0.0293333326,0.23081781,0.224980235,0,0,14,4.87915993,13.8868399,0,0,0,0,0,4.18154526,-27.4896641,73.172493,1.11848342,17.2018089,7.50640011,465.033112,72.9654007,0.928499997,0.0250000004,50,1,0.119999997,0.550000012,0.0133333337
C3_rand_24_r0,1,1129,0.119999997,0,0,7.50640011,0.0469999984,0.0289999992,0.226224154,0.220602065,0,0,14,4.87915993,13.8868399,0,0,0,0,0,4.18154526,-27.4896641,73.172493,1.11848342,17.2018089,7.50640011,465.033112,72.9654007,0.928499997,0.0250000004,50,1,0.119999997,0.550000012,0.0133333337
C3_rand_24_r0,1,1130,0.13333334,0,0,7.50640011,0.0466666669,0.0286666658,0.221286595,0.215903878,0,0,14,4.87915993,13.8868399,0,0,0,0,0,4.18154526,-27.4896641,73.172493,1.11848342,17.2018089,7.50640011,465.033112,72.9654007,0.928499997,0.0250000004,50,1,0.119999997,0.550000012,0.0133333337
C3_rand_24_r0,1,1131,0.146666661,0,0,7.50640011,0.0463333316,0.0283333343,0.216735587,0.211539209,0,0,14,4.87915993,13.8868399,0,0,0,0,0,4.18154526,-27.4896641,73.172493,1.11848342,17.2018089,7.50640011,465.033112,72.9654007,0.928499997,0.0250000004,50,1,0.119999997,0.550000012,0.0133333337
C3_rand_24_r0,1,1132,0.159999996,0,0,7.50640011,0.0460000001,0.0280000009,0.211822465,0.20678176,0,0,14,4.87915993,13.8868399,0,0,0,0,0,4.18154526,-27.4896641,73.172493,1.11848342,17.2018089,7.50640011,465.033112,72.9654007,0.928499997,0.0250000004,50,1,0.119999997,0.550000012,0.0133333337
C3_rand_24_r0,1,1133,0.173333332,0,0,7.50640011,0.0456666648,0.0276666675,0.207284391,0.202444032,0,0,14,4.87915993,13.8868399,0,0,0,0,0,4.18154526,-27.4896641,73.172493,1.11848342,17.2018089,7.50640011,465.033112,72.9654007,0.928499997,0.0250000004,50,1,0.119999997,0.550000012,0.0133333337
C3_rand_24_r0,1,1134,0.186666667,0,0,7.50640011,0.0453333333,0.0273333341,0.202421874,0.197650999,0,0,14,4.87915993,13.8868399,0,0,0,0,0,4.18154526,-27.4896641,73.172493,1.11848342,17.2018089,7.50640011,465.033112,72.9654007,0.928499997,0.0250000004,50,1,0.119999997,0.550000012,0.0133333337
C3_rand_24_r0,1,1135,0.200000003,0,0,7.50640011,0.0450000018,0.0270000007,0.197869554,0.193321645,0,0,14,4.87915993,13.8868399,0,0,0,0,0,4.18154526,-27.4896641,73.172493,1.11848342,17.2018089,7.50640011,465.033112,72.9654007,0.928499997,0.0250000004,50,1,0.119999997,0.550000012,0.0133333337
C3_rand_24_r0,1,1136,0.213333338,0,0,7.50640011,0.0446666665,0.0266666673,0.193083286,0.188492402,0,0,14,4.87915993,13.8868399,0,0,0,0,0,4.18154526,-27.4896641,73.172493,1.11848342,17.2018089,7.50640011,465.033112,72.9654007,0.928499997,0.0250000004,50,1,0.119999997,0.550000012,0.0133333337
C3_rand_24_r0,1,1137,0.226666674,0,0,7.50640011,0.044333335,0.0263333339,0.18849206,0.184137031,0,0,14,4.87915993,13.8868399,0,0,0,0,0,4.18154526,-27.4896641,73.172493,1.11848342,17.2018089,7.50640011,465.033112,72.9654007,0.928499997,0.0250000004,50,1,0.119999997,0.550000012,0.0133333337
C3_rand_24_r0,1,1138,0.239999995,0,0,7.50640011,0.0439999998,0.0260000005,0.183808759,0.179231703,0,0,14,4.87915993,13.8868399,0,0,0,0,0,4.18154526,-27.4896641,73.172493,1.11848342,17.2018089,7.50640011,465.033112,72.9654007,0.928499997,0.0250000004,50,1,0.119999997,0.550000012,0.0133333337
C3_rand_24_r0,1,1139,0.25333333,0,0,7.50640011,0.0436666682,0.0256666671,0.179152951,0.17484127,0,0,14,4.87915993,13.8868399,0,0,0,0,0,4.18154526,-27.4896641,73.172493,1.11848342,17.2018089,7.50640011,465.033112,72.9654007,0.928499997,0.0250000004,50,1,0.119999997,0.550000012,0.0133333337
C3_rand_24_r0,1,1140,0.266666681,0,0,7.50640011,0.043333333,0.0253333338,0.174598277,0.1698495,0,0,14,4.87915993,13.8868399,0,0,0,0,0,4.18154526,-27.4896641,73.172493,1.11848342,17.2018089,7.50640011,465.033112,72.9654007,0.928499997,0.0250000004,50,1,0.119999997,0.550000012,0.0133333337
C3_rand_24_r0,1,1141,0.280000001,0,0,7.50640011,0.0430000015,0.0250000004,0.169854939,0.165413365,0,0,14,4.87915993,13.8868399,0,0,0,0,0,4.18154526,-27.4896641,73.172493,1.11848342,17.2018089,7.50640011,465.033112,72.9654007,0.928499997,0.0250000004,50,1,0.119999997,0.550000012,0.0133333337
C3_rand_24_r0,1,1142,0.293333322,0,0,7.50640011,0.0426666662,0.024666667,0.165456638,0.160334989,0,0,14,4.87915993,13.8868399,0,0,0,0,0,4.18154526,-27.4896641,73.172493,1.11848342,17.2018089,7.50640011,465.033112,72.9654007,0.928499997,0.0250000004,50,1,0.119999997,0.550000012,0.0133333337
C3_rand_24_r0,1,1143,0.306666672,0,0,7.50640011,0.0423333347,0.0243333336,0.160608694,0.155843735,0,0,14,4.87915993,13.8868399,0,0,0,0,0,4.18154526,-27.4896641,73.172493,1.11848342,17.2018089,7.50640011,465.033112,72.9654007,0.928499997,0.0250000004,50,1,0.119999997,0.550000012,0.0133333337
C3_rand_24_r0,1,1144,0.319999993,0,0,7.50640011,0.0419999994,0.0240000002,0.156216025,0.154637396,0,0,14,4.87915993,13.8868399,0,0,0,0,0,4.18154526,-27.4896641,73.172493,1.11848342,17.2018089,7.50640011,465.033112,72.9654007,0.928499997,0.0250000004,50,1,0.119999997,0.550000012,0.0133333337
C3_rand_24_r0,1,1145,0.333333343,0,0,7.50640011,0.0416666679,0.0236666668,0.15115796,0.150060907,0,0,14,4.87915993,13.8868399,0,0,0,0,0,4.18154526,-27.4896641,73.172493,1.11848342,17.2018089,7.50640011,465.033112,72.9654007,0.928499997,0.0250000004,50,1,0.119999997,0.550000012,0.0133333337
C3_rand_24_r0,1,1146,0.346666664,0,0,7.50640011,0.0413333327,0.0233333334,0.146375194,0.146174014,0,0,14,4.87915993,13.8868399,0,0,0,0,0,4.18154526,-27.4896641,73.172493,1.11848342,17.2018089,7.50640011,465.033112,72.9654007,0.928499997,0.0250000004,50,1,0.119999997,0.550000012,0.0133333337
C3_rand_24_r0,1,1147,0.360000014,0,0,7.50640011,0.0410000011,0.023,0.141599193,0.140167505,0,0,14,4.87915993,13.8868399,0,0,0,0,0,4.18154526,-27.4896641,73.172493,1.11848342,17.2018089,7.50640011,465.033112,72.9654007,0.928499997,0.0250000004,50,1,0.119999997,0.550000012,0.0133333337
C3_rand_24_r0,1,1148,0.373333335,0,0,7.50640011,0.0406666659,0.0226666667,0.136582181,0.136190102,0,0,14,4.87915993,13.8868399,0,0,0,0,0,4.18154526,-27.4896641,73.172493,1.11848342,17.2018089,7.50640011,465.033112,72.9654007,0.928499997,0.0250000004,50,1,0.119999997,0.550000012,0.0133333337
C3_rand_24_r0,1,1149,0.386666656,0,0,7.50640011,0.0403333344,0.0223333333,0.132046223,0.130819604,0,0,14,4.87915993,13.8868399,0,0,0,0,0,4.18154526,-27.4896641,73.172493,1.11848342,17.2018089,7.50640011,465.033112,72.9654007,0.928499997,0.0250000004,50,1,0.119999997,0.550000012,0.0133333337
C3_rand_24_r0,1,1150,0.400000006,0,0,7.50640011,0.0399999991,0.0219999999,0.126826391,0.126115859,0,0,14,4.87915993,13.8868399,0,0,0,0,0,4.18154526,-27.4896641,73.172493,1.11848342,17.2018089,7.50640011,465.033112,72.9654007,0.928499997,0.0250000004,50,1,0.119999997,0.550000012,0.0133333337
C3_rand_24_r0,1,1151,0.413333327,0,0,7.50640011,0.0396666676,0.0216666665,0.122535445,0.120715894,0,0,14,4.87915993,13.8868399,0,0,0,0,0,4.18154526,-27.4896641,73.172493,1.11848342,17.2018089,7.50640011,465.033112,72.9654007,0.928499997,0.0250000004,50,1,0.119999997,0.550000012,0.0133333337
C3_rand_24_r0,1,1152,0.426666677,0,0,7.50640011,0.0393333323,0.0213333331,0.117156036,0.116004936,0,0,14,4.87915993,13.8868399,0,0,0,0,0,4.18154526,-27.4896641,73.172493,1.11848342,17.2018089,7.50640011,465.033112,72.9654007,0.928499997,0.0250000004,50,1,0.119999997,0.550000012,0.0133333337
C3_rand_24_r0,1,1153,0.439999998,0,0,7.50640011,0.0390000008,0.0209999997,0.112872735,0.111310832,0,0,14,4.87915993,13.8868399,0,0,0,0,0,4.18154526,-27.4896641,73.172493,1.11848342,17.2018089,7.50640011,465.033112,72.9654007,0.928499997,0.0250000004,50,1,0.119999997,0.550000012,0.0133333337
C3_rand_24_r0,1,1154,0.453333348,0,0,7.50640011,0.0386666656,0.0206666663,0.107635431,0.10591197,0,0,14,4.87915993,13.8868399,0,0,0,0,0,4.18154526,-27.4896641,73.172493,1.11848342,17.2018089,7.50640011,465.033112,72.9654007,0.928499997,0.0250000004,50,1,0.119999997,0.550000012,0.0133333337
C3_rand_24_r0,1,1155,0.466666669,0,0,7.50640011,0.038333334,0.0203333329,0.103433877,0.101280712,0,0,14,4.87915993,13.8868399,0,0,0,0,0,4.18154526,-27.4896641,73.172493,1.11848342,17.2018089,7.50640011,465.033112,72.9654007,0.928499997,0.0250000004,50,1,0.119999997,0.550000012,0.0133333337
C3_rand_24_r0,1,1156,0.479999989,0,0,7.50640011,0.0379999988,0.0199999996,0.0983303115,0.0959888101,0,0,14,4.87915993,13.8868399,0,0,0,0,0,4.18154526,-27.4896641,73.172493,1.11848342,17.2018089,7.50640011,465.033112,72.9654007,0.928499997,0.0250000004,50,1,0.119999997,0.550000012,0.0133333337
C3_rand_24_r0,1,1157,0.49333334,0,0,7.50640011,0.0376666673,0.0196666662,0.0943168849,0.0914907232,0,0,14,4.87915993,13.8868399,0,0,0,0,0,4.18154526,-27.4896641,73.172493,1.11848342,17.2018089,7.50640011,465.033112,72.9654007,0.928499997,0.0250000004,50,1,0.119999997,0.550000012,0.0133333337
C3_rand_24_r0,1,1158,0.50666666,0,0,7.50640011,0.037333332,0.0193333328,0.0893511176,0.086407356,0,0,14,4.87915993,13.8868399,0,0,0,0,0,4.18154526,-27.4896641,73.172493,1.11848342,17.2018089,7.50640011,465.033112,72.9654007,0.928499997,0.0250000004,50,1,0.119999997,0.550000012,0.0133333337
C3_rand_24_r0,1,1159,0.519999981,0,0,7.50640011,0.0370000005,0.0189999994,0.0856850296,0.0821742788,0,0,14,4.87915993,13.8868399,0,0,0,0,0,4.18154526,-27.4896641,73.172493,1.11848342,17.2018089,7.50640011,465.033112,72.9654007,0.928499997,0.0250000004,50,1,0.119999997,0.550000012,0.0133333337
C3_rand_24_r0,1,1160,0.533333361,0,0,7.50640011,0.0366666652,0.018666666,0.080827415,0.0774566755,0,0,14,4.87915993,13.8868399,0,0,0,0,0,4.18154526,-27.4896641,73.172493,1.11848342,17.2018089,7.50640011,465.033112,72.9654007,0.928499997,0.0250000004,50,1,0.119999997,0.550000012,0.0133333337
C3_rand_24_r0,1,1161,0.546666682,0,0,7.50640011,0.0363333337,0.0183333326,0.0771446154,0.0757993385,0,0,14,4.87915993,13.8868399,0,0,0,0,0,4.18154526,-27.4896641,73.172493,1.11848342,17.2018089,7.50640011,465.033112,72.9654007,0.928499997,0.0250000004,50,1,0.119999997,0.550000012,0.0133333337
C3_rand_24_r0,1,1162,0.560000002,0,0,7.50640011,0.0359999985,0.0179999992,0.0728991479,0.071162045,0,0,14,4.87915993,13.8868399,0,0,0,0,0,4.18154526,-27.4896641,73.172493,1.11848342,17.2018089,7.50640011,465.033112,72.9654007,0.928499997,0.0250000004,50,1,0.119999997,0.550000012,0.0133333337
C3_rand_24_r0,1,1163,0.573333323,0,0,7.50640011,0.0356666669,0.0176666658,0.0692756325,0.0680605024,0,0,14,4.87915993,13.8868399,0,0,0,0,0,4.18154526,-27.4896641,73.172493,1.11848342,17.2018089,7.50640011,465.033112,72.9654007,0.928499997,0.0250000004,50,1,0.119999997,0.550000012,0.0133333337
C3_rand_24_r0,1,1164,0.586666644,0,0,7.50640011,0.0353333317,0.0173333324,0.0655535981,0.0639362559,0,0,14,4.87915993,13.8868399,0,0,0,0,0,4.18154526,-27.4896641,73.172493,1.11848342,17.2018089,7.50640011,465.033112,72.9654007,0.928499997,0.0250000004,50,1,0.119999997,0.550000012,0.0133333337
C3_rand_24_r0,1,1165,0.600000024,0,0,7.50640011,0.0350000001,0.0170000009,0.0621638037,0.0612657219,0,0,14,4.87915993,13.8868399,0,0,0,0,0,4.18154526,-27.4896641,73.172493,1.11848342,17.2018089,7.50640011,465.033112,72.9654007,0.928499997,0.0250000004,50,1,0.119999997,0.550000012,0.0133333337
C3_rand_24_r0,1,1166,0.613333344,0,0,7.50640011,0.0346666649,0.0166666675,0.0590963364,0.0576207936,0,0,14,4.87915993,13.8868399,0,0,0,0,0,4.18154526,-27.4896641,73.172493,1.11848342,17.2018089,7.50640011,465.033112,72.9654007,0.928499997,0.0250000004,50,1,0.119999997,0.550000012,0.0133333337
C3_rand_24_r0,1,1167,0.626666665,0,0,7.50640011,0.0343333334,0.0163333341,0.0558694899,0.055343613,0,0,14,4.87915993,13.8868399,0,0,0,0,0,4.18154526,-27.4896641,73.172493,1.11848342,17.2018089,7.50640011,465.033112,72.9654007,0.928499997,0.0250000004,50,1,0.119999997,0.550000012,0.0133333337
C3_rand_24_r0,1,1168,0.639999986,0,0,7.50640011,0.0340000018,0.0160000008,0.0536393002,0.0521468557,0,0,14,4.87915993,13.8868399,0,0,0,0,0,4.18154526,-27.4896641,73.172493,1.11848342,17.2018089,7.50640011,465.033112,72.9654007,0.928499997,0.0250000004,50,1,0.119999997,0.550000012,0.0133333337
C3_rand_24_r0,1,1169,0.653333306,0,0,7.50640011,0.0336666666,0.0156666674,0.0503354073,0.0494118631,0,0,14,4.87915993,13.8868399,0,0,0,0,0,4.18154526,-27.4896641,73.172493,1.11848342,17.2018089,7.50640011,465.033112,72.9654007,0.928499997,0.0250000004,50,1,0.119999997,0.550000012,0.0133333337
C3_rand_24_r0,1,1170,0.666666687,0,0,7.50640011,0.0333333351,0.0153333331,0.0482315905,0.047590971,0,0,14,4.87915993,13.8868399,0,0,0,0,0,4.18154526,-27.4896641,73.172493,1.11848342,17.2018089,7.50640011,465.033112,72.9654007,0.928499997,0.0250000004,50,1,0.119999997,0.550000012,0.0133333337
C3_rand_24_r0,1,1171,0.680000007,0,0.802619398,7.50640011,0.0329999998,0.0149999997,0.045506224,0.043236766,0,1.45930803,14,4.87915993,13.8868399,0,0,0,0,0,4.18154526,-27.4896641,73.172493,1.11848342,17.2018089,7.50640011,465.033112,72.9654007,0.928499997,0.0250000004,50,1,0.119999997,0.550000012,0.0133333337
C3_rand_24_r0,1,1172,0.693333328,0,1.16379809,7.50640011,0.0326666683,0.0146666663,0.0433780327,0.040996369,0,1.45930803,14,4.87915993,13.8868399,0,0,0,0,0,4.18154526,-27.4896641,73.172493,1.11848342,17.2018089,7.50640011,465.033112,72.9654007,0.928499997,0.0250000004,50,1,0.119999997,0.550000012,0.0133333337
C3_rand_24_r0,1,1173,0.706666648,0,1.32632852,7.50640011,0.032333333,0.0143333329,0.0418213569,0.0394052342,0,1.45930803,14,4.87915993,13.8868399,0,0,0,0,0,4.18154526,-27.4896641,73.172493,1.11848342,17.2018089,7.50640011,465.033112,72.9654007,0.928499997,0.0250000004,50,1,0.119999997,0.550000012,0.0133333337
C3_rand_24_r0,1,1174,0.720000029,0,1.39946723,7.50640011,0.0320000015,0.0140000004,0.0389033929,0.0374400057,0,1.45930803,14,4.87915993,13.8868399,0,0,0,0,0,4.18154526,-27.4896641,73.172493,1.11848342,17.2018089,7.50640011,465.033112,72.9654007,0.928499997,0.0250000004,50,1,0.119999997,0.550000012,0.0133333337
C3_rand_24_r0,1,1175,0.733333349,0,1.43237972,7.50640011,0.0316666663,0.013666667,0.0380054861,0.0356302112,0,1.45930803,14,4.87915993,13.8868399,0,0,0,0,0,4.18154526,-27.4896641,73.172493,1.11848342,17.2018089,7.50640011,465.033112,72.9654007,0.928499997,0.0250000004,50,1,0.119999997,0.550000012,0.0133333337
C3_rand_24_r0,1,1176,0.74666667,0,1.44719028,7.50640011,0.0313333347,0.0133333337,0.0357422605,0.0343743861,0,1.45930803,14,4.87915993,13.8868399,0,0,0,0,0,4.18154526,-27.4896641,73.172493,1.11848342,17.2018089,7.50640011,465.033112,72.9654007,0.928499997,0.0250000004,50,1,0.119999997,0.550000012,0.0133333337
C3_rand_24_r0,1,1177,0.75999999,0,1.45385504,7.50640011,0.0309999995,0.0130000003,0.0338526145,0.0327870548,0,1.45930803,14,4.87915993,13.8868399,0,0,0,0,0,4.18154526,-27.4896641,73.172493,1.11848342,17.2018089,7.50640011,465.033112,72.9654007,0.928499997,0.0250000004,50,1,0.119999997,0.550000012,0.0133333337
C3_rand_24_r0,1,1178,0.773333311,0,1.4568541,7.50640011,0.0306666661,0.0126666669,0.0340729617,0.0313503444,0,1.45930803,14,4.87915993,13.8868399,0,0,0,0,0,4.18154526,-27.4896641,73.172493,1.11848342,17.2018089,7.50640011,465.033112,72.9654007,0.928499997,0.0250000004,50,1,0.119999997,0.550000012,0.0133333337
C3_rand_24_r0,1,1179,0.786666691,0,1.45820379,7.50640011,0.0303333327,0.0123333335,0.0311008189,0.0303753503,0,1.45930803,14,4.87915993,13.8868399,0,0,0,0,0,4.18154526,-27.4896641,73.172493,1.11848342,17.2018089,7.50640011,465.033112,72.9654007,0.928499997,0.0250000004,50,1,0.119999997,0.550000012,0.0133333337
C3_rand_24_r0,1,1180,0.800000012,0,1.45881104,7.50640011,0.0299999993,0.0120000001,0.0302018449,0.0291512385,0,1.45930803,14,4.87915993,13.8868399,0,0,0,0,0,4.18154526,-27.4896641,73.172493,1.11848342,17.2018089,7.50640011,465.033112,72.9654007,0.928499997,0.0250000004,50,1,0.119999997,0.550000012,0.0133333337
C3_rand_24_r0,1,1181,0.813333333,0,1.45908439,7.50640011,0.0296666659,0.0116666667,0.0299171451,0.0283376779,0,1.45930803,14,4.87915993,13.8868399,0,0,0,0,0,4.18154526,-27.4896641,73.172493,1.11848342,17.2018089,7.50640011,465.033112,72.9654007,0.928499997,0.0250000004,50,1,0.119999997,0.550000012,0.0133333337
C3_rand_24_r0,1,1182,0.826666653,0,1.45920742,7.50640011,0.0293333326,0.0113333333,0.0277094785,0.0273142122,0,1.45930803,14,4.87915993,13.8868399,0,0,0,0,0,4.18154526,-27.4896641,73.172493,1.11848342,17.2018089,7.50640011,465.033112,72.9654007,0.928499997,0.0250000004,50,1,0.119999997,0.550000012,0.0133333337
C3_rand_24_r0,1,1183,0.839999974,0,1.45926273,7.50640011,0.0289999992,0.0109999999,0.0278417449,0.0264065415,0,1.45930803,14,4.87915993,13.8868399,0,0,0,0,0,4.18154526,-27.4896641,73.172493,1.11848342,17.2018089,7.50640011,465.033112,72.9654007,0.928499997,0.0250000004,50,1,0.119999997,0.550000012,0.0133333337
C3_rand_24_r0,1,1184,0.853333354,0,1.45928764,7.50640011,0.0286666658,0.0106666666,0.0267158579,0.0258048736,0,1.45930803,14,4.87915993,13.8868399,0,0,0,0,0,4.18154526,-27.4896641,73.172493,1.11848342,17.2018089,7.50640011,465.033112,72.9654007,0.928499997,0.0250000004,50,1,0.119999997,0.550000012,0.0133333337
C3_rand_24_r0,1,1185,0.866666675,0,1.45929885,7.50640011,0.0283333343,0.0103333332,0.0254346356,0.0250541102,0,1.45930803,14,4.87915993,13.8868399,0,0,0,0,0,4.18154526,-27.4896641,73.172493,1.11848342,17.2018089,7.50640011,465.033112,72.9654007,0.928499997,0.0250000004,50,1,0.119999997,0.550000012,0.0133333337
C3_rand_24_r0,1,1186,0.879999995,0,1.45930386,7.50640011,0.0280000009,0.00999999978,0.0267252531,0.0244161636,0,1.45930803,14,4.87915993,13.8868399,0,0,0,0,0,4.18154526,-27.4896641,73.172493,1.11848342,17.2018089,7.50640011,465.033112,72.9654007,0.928499997,0.0250000004,50,1,0.119999997,0.550000012,0.0133333337
C3_rand_24_r0,1,1187,0.893333316,0,1.45930612,7.50640011,0.0276666675,0.00966666639,0.0243712962,0.0239591058,0,1.45930803,14,4.87915993,13.8868399,0,0,0,0,0,4.18154526,-27.4896641,73.172493,1.11848342,17.2018089,7.50640011,465.033112,72.9654007,0.928499997,0.0250000004,50,1,0.119999997,0.550000012,0.0133333337
C3_rand_24_r0,1,1188,0.906666696,0,1.45930719,7.50640011,0.0273333341,0.009333333,0.0242570564,0.0234344862,0,1.45930803,14,4.87915993,13.8868399,0,0,0,0,0,4.18154526,-27.4896641,73.172493,1.11848342,17.2018089,7.50640011,465.033112,72.9654007,0.928499997,0.0250000004,50,1,0.119999997,0.550000012,0.0133333337
C3_rand_24_r0,1,1189,0.920000017,0,1.45930767,7.50640011,0.0270000007,0.00899999961,0.0245464165,0.023066882,0,1.45930803,14,4.87915993,13.8868399,0,0,0,0,0,4.18154526,-27.4896641,73.172493,1.11848342,17.2018089,7.50640011,465.033112,72.9654007,0.928499997,0.0250000004,50,1,0.119999997,0.550000012,0.0133333337
C3_rand_24_r0,1,1190,0.933333337,0,1.45930779,7.50640011,0.0266666673,0.00866666622,0.022897223,0.022635255,0,1.45930803,14,4.87915993,13.8868399,0,0,0,0,0,4.18154526,-27.4896641,73.172493,1.11848342,17.2018089,7.50640011,465.033112,72.9654007,0.928499997,0.0250000004,50,1,0.119999997,0.550000012,0.0133333337
C3_rand_24_r0,1,1191,0.946666658,0,1.45930791,7.50640011,0.0263333339,0.00833333377,0.024256479,0.0222756322,0,1.45930803,14,4.87915993,13.8868399,0,0,0,0,0,4.18154526,-27.4896641,73.172493,1.11848342,17.2018089,7.50640011,465.033112,72.9654007,0.928499997,0.0250000004,50,1,0.119999997,0.550000012,0.0133333337
C3_rand_24_r0,1,1192,0.959999979,0,1.45930791,7.50640011,0.0260000005,0.00800000038,0.0225829128,0.0219722316,0,1.45930803,14,4.87915993,13.8868399,0,0,0,0,0,4.18154526,-27.4896641,73.172493,1.11848342,17.2018089,7.50640011,465.033112,72.9654007,0.928499997,0.0250000004,50,1,0.119999997,0.550000012,0.0133333337
C3_rand_24_r0,1,1193,0.973333359,0,1.45930803,7.50640011,0.0256666671,0.00766666653,0.0225065183,0.0216758829,0,1.45930803,14,4.87915993,13.8868399,0,0,0,0,0,4.18154526,-27.4896641,73.172493,1.11848342,17.2018089,7.50640011,465.033112,72.9654007,0.928499997,0.0250000004,50,1,0.119999997,0.550000012,0.0133333337
C3_rand_24_r0,1,1194,0.986666679,0,1.45930803,7.50640011,0.0253333338,0.00733333314,0.0231192578,0.0214090943,0,1.45930803,14,4.87915993,13.8868399,0,0,0,0,0,4.18154526,-27.4896641,73.172493,1.11848342,17.2018089,7.50640011,465.033112,72.9654007,0.928499997,0.0250000004,50,1,0.119999997,0.550000012,0.0133333337
C3_rand_24_r0,1,1195,1,0,1.45930803,7.50640011,0.0250000004,0.00700000022,0.0215631649,0.0211579297,0,1.45930803,14,4.87915993,13.8868399,0,0,0,0,0,4.18154526,-27.4896641,73.172493,1.11848342,17.2018089,7.50640011,465.033112,72.9654007,0.928499997,0.0250000004,50,1,0.119999997,0.550000012,0.0133333337
C3_rand_24_r0,1,1196,1.01333332,1,1.45930803,7.50640011,0.024666667,0.00666666683,0.0228832942,0.0227695778,0,1.45930803,14,4.87915993,13.8868399,0,0,0,0,0,-1.39646804,-13.4642973,88.3011475,0.862559259,166.871674,7.50640011,465.033112,72.9654007,0.928499997,0.0250000004,50,1,0.119999997,0.550000012,0.0133333337
C3_rand_24_r0,1,1197,1.02666664,1,1.45930803,7.50640011,0.0243333336,0.00633333344,0.0213054642,0.0206838511,0,1.45930803,14,4.87915993,13.8868399,0,0,0,0,0,-1.39646804,-13.4642973,88.3011475,0.862559259,166.871674,7.50640011,465.033112,72.9654007,0.928499997,0.0250000004,50,1,0.119999997,0.550000012,0.0133333337
C3_rand_24_r0,1,1198,1.03999996,1,1.45930803,7.50640011,0.0240000002,0.00600000005,0.0219742991,0.0204915255,0,1.45930803,14,4.87915993,13.8868399,0,0,0,0,0,-1.39646804,-13.4642973,88.3011475,0.862559259,166.871674,7.50640011,465.033112,72.9654007,0.928499997,0.0250000004,50,1,0.119999997,0.550000012,0.0133333337
C3_rand_24_r0,1,1204,6.01333332,6,0.656688571,7.50640011,0.0496666655,0.0316666663,0.0204343665,0.0194445103,0,0,14,4.87915993,13.8868399,0,0,0,0,0,5.37343359,-39.3234215,19.2711315,1.06161141,0.542142212,7.50640011,465.033112,72.9654007,0.928499997,0.0250000004,50,1,0.119999997,0.550000012,0.0133333337
C3_rand_24_r0,1,1205,6.02666664,6,1.09812927,7.50640011,0.049333334,0.0313333347,0.0206891466,0.0180860795,0,1.45930803,14,4.87915993,13.8868399,0,0,0,0,0,5.37343359,-39.3234215,19.2711315,1.06161141,0.542142212,7.50640011,465.033112,72.9654007,0.928499997,0.0250000004,50,1,0.119999997,0.550000012,0.0133333337
C3_rand_24_r0,1,1206,6.03999996,6,1.29677761,7.50640011,0.0489999987,0.0309999995,0.019612452,0.0195759814,0,1.45930803,14,4.87915993,13.8868399,0,0,0,0,0,5.37343359,-39.3234215,19.2711315,1.06161141,0.542142212,7.50640011,465.033112,72.9654007,0.928499997,0.0250000004,50,1,0.119999997,0.550000012,0.0133333337
C3_rand_24_r0,1,1207,6.05333328,6,1.51198351,7.50640011,0.0486666672,0.0306666661,0.0177631136,0.0175080933,0.000491907122,1.68806112,14,4.87915993,13.8868399,0,0,0,0,0,5.37343359,-39.3234215,19.2711315,1.06161141,0.542142212,7.50640011,465.033112,72.9654007,0.928499997,0.0250000004,50,1,0.119999997,0.550000012,0.0133333337
C3_rand_24_r0,1,1208,6.0666666,6,2.4007237,7.50640011,0.0483333319,0.0303333327,0.0151610989,0.0144119402,0.00358805992,3.12787461,14,4.87915993,13.8868399,0,0,0,0,0,5.37343359,-39.3234215,19.2711315,1.06161141,0.542142212,7.50640011,465.033112,72.9654007,0.928499997,0.0250000004,50,1,0.119999997,0.550000012,0.0133333337
C3_rand_24_r0,1,1209,6.07999992,6,3.33859587,7.50640011,0.0480000004,0.0299999993,0.0123538896,0.0123087103,0.00569128944,4.10594606,14,4.87915993,13.8868399,0,0,0,0,0,5.37343359,-39.3234215,19.2711315,1.06161141,0.542142212,7.50640011,465.033112,72.9654007,0.928499997,0.0250000004,50,1,0.119999997,0.550000012,0.0133333337
C3_rand_24_r0,1,1210,6.09333324,6,4.32115555,7.50640011,0.0476666652,0.0296666659,0.0102823693,0.0101172058,0.00788279437,5.12506819,14,4.87915993,13.8868399,0,0,0,0,0,5.37343359,-39.3234215,19.2711315,1.06161141,0.542142212,7.50640011,465.033112,72.9654007,0.928499997,0.0250000004,50,1,0.119999997,0.550000012,0.0133333337
C3_rand_24_r0,1,1211,6.10666656,6,5.25772142,7.50640011,0.0473333336,0.0293333326,0.00848824997,0.00818415079,0.00981584843,6.02400255,14,4.87915993,13.8868399,0,1,0,0,0,5.37343359,-39.3234215,19.2711315,1.06161141,0.542142212,7.50640011,465.033112,72.9654007,0.928499997,0.0250000004,50,1,0.119999997,0.550000012,0.0133333337
C3_rand_24_r0,1,1212,6.11999989,6,6.32069206,7.50640011,0.0469999984,0.0289999992,0.0060249893,0.00567595894,0.0123240408,7.19039488,14,4.87915993,13.8868399,1,1,0,1,0,5.37343359,-39.3234215,19.2711315,1.06161141,0.542142212,7.50640011,465.033112,72.9654007,0.928499997,0.0250000004,50,1,0.119999997,0.550000012,0.0133333337
C3_rand_24_r0,1,1213,7.09285021,7,7.55264187,7.50640011,0.0469572879,0.0289572887,0.00504030241,0.0027294904,0.0152705098,8.56060028,14,4.87915993,13.8868399,1,1,0,2,0,-0.116558284,-66.6628189,19.7229481,0.876777232,0.879083395,7.50640011,465.033112,72.9654007,0.928499997,0.0250000004,50,1,0.119999997,0.550000012,0.0133333337
C3_rand_24_r0,1,1214,7.18569994,7,7.47319889,7.50640011,0.0469409488,0.0289409477,0.00430034054,0.00247160788,0.015528392,7.40820026,14,4.87915993,13.8868399,1,1,0,3,0,-0.116558284,-66.6628189,19.7229481,0.876777232,0.879083395,7.50640011,465.033112,72.9654007,0.928499997,0.0250000004,50,1,0.119999997,0.550000012,0.0133333337
C3_rand_24_r0,1,1215,7.27855015,7,7.75949955,7.50640011,0.0470085293,0.0290085301,0.00155480893,0.000964211125,0.0170357898,7.99374533,14,4.87915993,13.8868399,1,1,0,4,0,-0.116558284,-66.6628189,19.7229481,0.876777232,0.879083395,7.50640011,465.033112,72.9654007,0.928499997,0.0250000004,50,1,0.119999997,0.550000012,0.0133333337
C3_rand_24_r0,1,1216,7.37139988,7,7.82267427,7.50640011,0.0471076481,0.029107647,0.00192298845,0.000430861255,0.0175691396,7.87436247,14,4.87915993,13.8868399,1,1,0,5,0,-0.116558284,-66.6628189,19.7229481,0.876777232,0.879083395,7.50640011,465.033112,72.9654007,0.928499997,0.0250000004,50,1,0.119999997,0.550000012,0.0133333337
C3_rand_24_r0,1,1217,9.09284973,9,7.90559864,7.50640011,0.0472350568,0.0292350557,0.00155899487,-7.90895065e-05,0.018079089,7.97344589,14,4.87915993,13.8868399,1,1,0,6,0,54.4771881,-6.66221762,69.7271271,1.32701421,11.4382181,7.50640011,465.033112,72.9654007,0.928499997,0.0250000004,50,1,0.119999997,0.550000012,0.0133333337
C3_rand_24_r0,1,1218,9.18570042,9,7.99101305,7.50640011,0.0473909043,0.0293909051,0.00158693071,-0.000533478451,0.0185334776,8.06089783,14,4.87915993,13.8868399,1,1,0,7,0,54.4771881,-6.66221762,69.7271271,1.32701421,11.4382181,7.50640011,465.033112,72.9654007,0.928499997,0.0250000004,50,1,0.119999997,0.550000012,0.0133333337
C3_rand_24_r0,1,1219,9.27855015,9,7.62985325,7.50640011,0.047451172,0.0294511728,0.00206980575,0.000761107251,0.0172388926,7.33435869,14,4.87915993,13.8868399,1,1,0,8,0,54.4771881,-6.66221762,69.7271271,1.32701421,11.4382181,7.50640011,465.033112,72.9654007,0.928499997,0.0250000004,50,1,0.119999997,0.550000012,0.0133333337
C3_rand_24_r0,1,1220,9.37139988,9,8.0632906,7.50640011,0.0476159081,0.0296159089,0.00146547018,-0.000669137458,0.0186691377,8.41792011,14,4.87915993,13.8868399,1,1,0,9,0,54.4771881,-6.66221762,69.7271271,1.32701421,11.4382181,7.50640011,465.033112,72.9654007,0.928499997,0.0250000004,50,1,0.119999997,0.550000012,0.0133333337
C3_rand_24_r0,1,1221,10.0928497,10,7.95676804,7.50640011,0.0477684662,0.0297684669,0.00251258584,-0.000473559398,0.01847356,7.86961365,14,4.87915993,13.8868399,1,1,0,10,0,72.3214264,2.29456758,58.950428,1.50236964,9.45172215,7.50640011,465.033112,72.9654007,0.928499997,0.0250000004,50,1,0.119999997,0.550000012,0.0133333337
C3_rand_24_r0,1,1222,10.1857004,10,8.69342804,7.50640011,0.0481018014,0.0301018003,0.00360265886,-0.0034265155,0.0214265157,9.29615021,14,4.87915993,13.8868399,1,1,0,11,0,72.3214264,2.29456758,58.950428,1.50236964,9.45172215,7.50640011,465.033112,72.9654007,0.928499997,0.0250000004,50,1,0.119999997,0.550000012,0.0133333337
C3_rand_24_r0,1,1223,10.2785501,10,8.2654438,7.50640011,0.0483682007,0.0303682014,0.00359989773,-0.00215895684,0.0201589577,7.91527414,14,4.87915993,13.8868399,1,1,0,12,0,72.3214264,2.29456758,58.950428,1.50236964,9.45172215,7.50640011,465.033112,72.9654007,0.928499997,0.0250000004,50,1,0.119999997,0.550000012,0.0133333337
C3_rand_24_r0,1,1224,10.3713999,10,8.57158852,7.50640011,0.0487015359,0.0307015348,0.00556441024,-0.00347880111,0.021478802,8.82207012,14,4.87915993,13.8868399,1,1,0,13,0,72.3214264,2.29456758,58.950428,1.50236964,9.45172215,7.50640011,465.033112,72.9654007,0.928499997,0.0250000004,50,1,0.119999997,0.550000012,0.0133333337
C3_rand_24_r0,1,1225,11.0928497,11,9.16558361,7.50640011,0.0490348674,0.0310348682,0.00650012493,-0.00589268329,0.0238926839,9.65158081,14,4.87915993,13.8868399,1,1,0,14,0,74.2476273,2.60981512,56.8648872,1.67298579,9.9808445,7.50640011,465.033112,72.9654007,0.928499997,0.0250000004,50,1,0.119999997,0.550000012,0.0133333337
C3_rand_24_r0,1,1226,11.1857004,11,9.62232018,7.50640011,0.0493682027,0.0313682035,0.00749105308,-0.00663334737,0.024633348,9.99601364,14,4.87915993,13.8868399,1,1,0,15,0,74.2476273,2.60981512,56.8648872,1.67298579,9.9808445,7.50640011,465.033112,72.9654007,0.928499997,0.0250000004,50,1,0.119999997,0.550000012,0.0133333337
C3_rand_24_r0,1,1227,11.1990337,11,10.2354488,7.50640011,0.0497015342,0.031701535,0.00855727401,-0.00822696742,0.0262269676,10.7370996,14,4.87915993,13.8868399,0,1,0,0,0,74.2476273,2.60981512,56.8648872,1.67298579,9.9808445,7.50640011,465.033112,72.9654007,0.928499997,0.0250000004,50,1,0.119999997,0.550000012,0.0133333337
C3_rand_24_r0,1,1228,11.2123671,11,10.7198915,7.50640011,0.0500348695,0.0320348702,0.00977711193,-0.00904229376,0.0270422939,11.1162539,14,4.87915993,13.8868399,0,1,0,0,0,74.2476273,2.60981512,56.8648872,1.67298579,9.9808445,7.50640011,465.033112,72.9654007,0.928499997,0.0250000004,50,1,0.119999997,0.550000012,0.0133333337
C3_rand_24_r0,1,1229,11.2257004,11,9.72689438,7.50640011,0.050368201,0.0323682018,0.0126646254,-0.00430755084,0.0223075505,8.91444111,14,4.87915993,13.8868399,0,1,0,0,0,74.2476273,2.60981512,56.8648872,1.67298579,9.9808445,7.50640011,465.033112,72.9654007,0.928499997,0.0250000004,50,1,0.119999997,0.550000012,0.0133333337
C3_rand_24_r0,1,1230,11.2390337,11,10.9636116,7.50640011,0.0507015362,0.0327015333,0.0116253151,-0.0108899428,0.0288899429,11.9754715,14,4.87915993,13.8868399,0,1,0,0,0,74.2476273,2.60981512,56.8648872,1.67298579,9.9808445,7.50640011,465.033112,72.9654007,0.928499997,0.0250000004,50,1,0.119999997,0.550000012,0.0133333337
C3_rand_24_r0,1,1231,11.252367,11,11.6872225,7.50640011,0.0510348678,0.0330348685,0.0128555046,-0.0115432227,0.0295432229,12.2792683,14,4.87915993,13.8868399,0,1,0,0,0,74.2476273,2.60981512,56.8648872,1.67298579,9.9808445,7.50640011,465.033112,72.9654007,0.928499997,0.0250000004,50,1,0.119999997,0.550000012,0.0133333337
C3_rand_24_r0,1,1232,11.2657003,11,12.2514658,7.50640011,0.051368203,0.0333682001,0.0132435812,-0.0124761686,0.0304761678,12.7131195,14,4.87915993,13.8868399,0,1,0,0,0,74.2476273,2.60981512,56.8648872,1.67298579,9.9808445,7.50640011,465.033112,72.9654007,0.928499997,0.0250000004,50,1,0.119999997,0.550000012,0.0133333337
C3_rand_24_r0,1,1233,11.2790337,11,12.6418276,7.50640011,0.0517015345,0.0337015353,0.0141673079,-0.0130096683,0.0310096685,12.9612141,14,4.87915993,13.8868399,0,1,0,0,0,74.2476273,2.60981512,56.8648872,1.67298579,9.9808445,7.50640011,465.033112,72.9654007,0.928499997,0.0250000004,50,1,0.119999997,0.550000012,0.0133333337
C3_rand_24_r0,1,1234,11.292367,11,12.9817352,7.50640011,0.0520348698,0.0340348668,0.0145524153,-0.013651832,0.0316518322,13.2598419,14,4.87915993,13.8868399,0,1,0,0,0,74.2476273,2.60981512,56.8648872,1.67298579,9.9808445,7.50640011,465.033112,72.9654007,0.928499997,0.0250000004,50,1,0.119999997,0.550000012,0.0133333337
C3_rand_24_r0,1,1235,11.3057003,11,13.4309816,7.50640011,0.0523682013,0.0343682021,0.0151453381,-0.0148102548,0.0328102559,13.7985468,14,4.87915993,13.8868399,0,1,0,0,0,74.2476273,2.60981512,56.8648872,1.67298579,9.9808445,7.50640011,465.033112,72.9654007,0.928499997,0.0250000004,50,1,0.119999997,0.550000012,0.0133333337
C3_rand_24_r0,1,1236,11.3190336,11,13.3855,7.50640011,0.0527015366,0.0347015336,0.0154796178,-0.0138420258,0.0318420269,13.3482876,14,4.87915993,13.8868399,0,1,0,0,0,74.2476273,2.60981512,56.8648872,1.67298579,9.9808445,7.50640011,465.033112,72.9654007,0.928499997,0.0250000004,50,1,0.119999997,0.550000012,0.0133333337
C3_rand_24_r0,1,1237,11.3323669,11,13.7234755,7.50640011,0.0530348681,0.0350348689,0.0162631385,-0.0153507013,0.0333507024,14,14,4.87915993,13.8868399,0,1,0,0,0,74.2476273,2.60981512,56.8648872,1.67298579,9.9808445,7.50640011,465.033112,72.9654007,0.928499997,0.0250000004,50,1,0.119999997,0.550000012,0.0133333337
C3_rand_24_r0,1,1238,11.3457003,11,13.5830116,7.50640011,0.0533682033,0.0353682004,0.0148881916,-0.014099638,0.0320996381,13.4680862,14,4.87915993,13.8868399,0,1,0,0,0,74.2476273,2.60981512,56.8648872,1.67298579,9.9808445,7.50640011,465.033112,72.9654007,0.928499997,0.0250000004,50,1,0.119999997,0.550000012,0.0133333337
C3_rand_24_r0,1,1239,11.3590336,11,13.6797285,7.50640011,0.0537015349,0.0357015356,0.0159828681,-0.0147249149,0.0327249132,13.7588606,14,4.87915993,13.8868399,0,1,0,0,0,74.2476273,2.60981512,56.8648872,1.67298579,9.9808445,7.50640011,465.033112,72.9654007,0.928499997,0.0250000004,50,1,0.119999997,0.550000012,0.0133333337
C3_rand_24_r0,1,1240,11.3723669,11,13.5484171,7.50640011,0.0540348701,0.0360348672,0.0143051893,-0.0140413512,0.0320413522,13.4409809,14,4.87915993,13.8868399,0,1,0,0,0,74.2476273,2.60981512,56.8648872,1.67298579,9.9808445,7.50640011,465.033112,72.9654007,0.928499997,0.0250000004,50,1,0.119999997,0.550000012,0.0133333337
C3_rand_24_r0,1,1241,11.3857002,11,13.6174574,7.50640011,0.0543682016,0.0363682024,0.0154628679,-0.0145423133,0.0325423144,13.6739454,14,4.87915993,13.8868399,0,1,0,0,0,74.2476273,2.60981512,56.8648872,1.67298579,9.9808445,7.50640011,465.033112,72.9654007,0.928499997,0.0250000004,50,1,0.119999997,0.550000012,0.0133333337
C3_rand_24_r0,1,1242,11.3990335,11,13.4909058,7.50640011,0.0547015369,0.0367015339,0.0140538421,-0.0139260525,0.0319260508,13.3873634,14,4.87915993,13.8868399,0,1,0,0,0,74.2476273,2.60981512,56.8648872,1.67298579,9.9808445,7.50640011,465.033112,72.9654007,0.928499997,0.0250000004,50,1,0.119999997,0.550000012,0.0133333337
C3_rand_24_r0,1,1243,11.4123669,11,13.4114628,7.50640011,0.0550348684,0.0370348692,0.0152256787,-0.0138381049,0.0318381041,13.3464651,14,4.87915993,13.8868399,0,1,0,0,0,74.2476273,2.60981512,56.8648872,1.67298579,9.9808445,7.50640011,465.033112,72.9654007,0.928499997,0.0250000004,50,1,0.119999997,0.550000012,0.0133333337
C3_rand_24_r0,1,1244,11.4257002,11,13.3531551,7.50640011,0.0553682037,0.0373682007,0.0142195253,-0.0137499059,0.0317499042,13.3054495,14,4.87915993,13.8868399,0,1,0,0,0,74.2476273,2.60981512,56.8648872,1.67298579,9.9808445,7.50640011,465.033112,72.9654007,0.928499997,0.0250000004,50,1,0.119999997,0.550000012,0.0133333337
C3_rand_24_r0,1,1245,11.4390335,11,13.5407305,7.50640011,0.0557015352,0.037701536,0.0145898573,-0.0145858712,0.0325858705,13.6942005,14,4.87915993,13.8868399,0,1,0,0,0,74.2476273,2.60981512,56.8648872,1.67298579,9.9808445,7.50640011,465.033112,72.9654007,0.928499997,0.0250000004,50,1,0.119999997,0.550000012,0.0133333337
C3_rand_24_r0,1,1246,11.4523668,11,13.4492359,7.50640011,0.0560348667,0.0380348675,0.0146198887,-0.0138981268,0.031898126,13.3743773,14,4.87915993,13.8868399,0,1,0,0,0,74.2476273,2.60981512,56.8648872,1.67298579,9.9808445,7.50640011,465.033112,72.9654007,0.928499997,0.0250000004,50,1,0.119999997,0.550000012,0.0133333337
C3_rand_24_r0,1,1247,11.4657001,11,13.0897999,7.50640011,0.056368202,0.0383682027,0.0138116274,-0.012653782,0.0306537822,12.7957153,14,4.87915993,13.8868399,0,1,0,0,0,74.2476273,2.60981512,56.8648872,1.67298579,9.9808445,7.50640011,465.033112,72.9654007,0.928499997,0.0250000004,50,1,0.119999997,0.550000012,0.0133333337
C3_rand_24_r0,1,1248,11.4790335,11,12.9542246,7.50640011,0.0567015335,0.0387015343,0.0134822261,-0.0127561074,0.0307561085,12.8432999,14,4.87915993,13.8868399,0,1,0,0,0,74.2476273,2.60981512,56.8648872,1.67298579,9.9808445,7.50640011,465.033112,72.9654007,0.928499997,0.0250000004,50,1,0.119999997,0.550000012,0.0133333337
C3_rand_24_r0,1,1249,11.4923668,11,12.7138424,7.50640011,0.0570348687,0.0390348695,0.0121838432,-0.0120547935,0.0300547946,12.5171661,14,4.87915993,13.8868399,0,1,0,0,0,74.2476273,2.60981512,56.8648872,1.67298579,9.9808445,7.50640011,465.033112,72.9654007,0.928499997,0.0250000004,50,1,0.119999997,0.550000012,0.0133333337
C3_rand_24_r0,1,1250,11.5057001,11,12.5827017,7.50640011,0.0573682003,0.039368201,0.0129599655,-0.0119649926,0.0299649928,12.4754057,14,4.87915993,13.8868399,0,1,0,0,0,74.2476273,2.60981512,56.8648872,1.67298579,9.9808445,7.50640011,465.033112,72.9654007,0.928499997,0.0250000004,50,1,0.119999997,0.550000012,0.0133333337
C3_rand_24_r0,1,1251,11.5190334,11,12.3365078,7.50640011,0.0577015355,0.0397015363,0.0118082836,-0.0112331556,0.0292331558,12.1350765,14,4.87915993,13.8868399,0,1,0,0,0,74.2476273,2.60981512,56.8648872,1.67298579,9.9808445,7.50640011,465.033112,72.9654007,0.928499997,0.0250000004,50,1,0.119999997,0.550000012,0.0133333337
C3_rand_24_r0,1,1252,11.5323668,11,12.2204218,7.50640011,0.058034867,0.0400348678,0.0113611128,-0.0112124346,0.0292124357,12.1254416,14,4.87915993,13.8868399,0,1,0,0,0,74.2476273,2.60981512,56.8648872,1.67298579,9.9808445,7.50640011,465.033112,72.9654007,0.928499997,0.0250000004,50,1,0.119999997,0.550000012,0.0133333337
C3_rand_24_r0,1,1253,11.5457001,11,11.929348,7.50640011,0.0583682023,0.0403682031,0.0111464933,-0.010278644,0.0282786451,11.6911974,14,4.87915993,13.8868399,0,1,0,0,0,74.2476273,2.60981512,56.8648872,1.67298579,9.9808445,7.50640011,465.033112,72.9654007,0.928499997,0.0250000004,50,1,0.119999997,0.550000012,0.0133333337
C3_rand_24_r0,1,1254,11.5590334,11,11.3568029,7.50640011,0.0587015338,0.0407015346,0.00938426144,-0.0085522281,0.0265522283,10.8883572,14,4.87915993,13.8868399,0,1,0,0,0,74.2476273,2.60981512,56.8648872,1.67298579,9.9808445,7.50640011,465.033112,72.9654007,0.928499997,0.0250000004,50,1,0.119999997,0.550000012,0.0133333337
C3_rand_24_r0,1,1255,11.5723667,11,10.947072,7.50640011,0.0590348691,0.0410348698,0.00950317923,-0.00795760565,0.0259576067,10.6118383,14,4.87915993,13.8868399,0,1,0,0,0,74.2476273,2.60981512,56.8648872,1.67298579,9.9808445,7.50640011,465.033112,72.9654007,0.928499997,0.0250000004,50,1,0.119999997,0.550000012,0.0133333337
C3_rand_24_r0,1,1256,11.5857,11,10.509553,7.50640011,0.0593682006,0.0413682014,0.00781576987,-0.00696788076,0.0249678809,10.1515827,14,4.87915993,13.8868399,1,1,0,1,0,74.2476273,2.60981512,56.8648872,1.67298579,9.9808445,7.50640011,465.033112,72.9654007,0.928499997,0.0250000004,50,1,0.119999997,0.550000012,0.0133333337
C3_rand_24_r0,1,1257,11.6785498,11,10.0717573,7.50640011,0.0597015359,0.0417015366,0.00749742426,-0.00602596533,0.0240259655,9.71356106,14,4.87915993,13.8868399,1,1,0,2,0,74.2476273,2.60981512,56.8648872,1.67298579,9.9808445,7.50640011,465.033112,72.9654007,0.928499997,0.0250000004,50,1,0.119999997,0.550000012,0.0133333337
C3_rand_24_r0,1,1258,11.7714005,11,9.73090363,7.50640011,0.0600348674,0.0420348682,0.00578038348,-0.00546355871,0.0234635584,9.45202351,14,4.87915993,13.8868399,1,1,0,3,0,74.2476273,2.60981512,56.8648872,1.67298579,9.9808445,7.50640011,465.033112,72.9654007,0.928499997,0.0250000004,50,1,0.119999997,0.550000012,0.0133333337
C3_rand_24_r0,1,1259,11.8642502,11,8.99308395,7.50640011,0.0603682026,0.0423682034,0.00487446319,-0.00317853666,0.0211785361,8.38941288,14,4.87915993,13.8868399,1,1,0,4,0,74.2476273,2.60981512,56.8648872,1.67298579,9.9808445,7.50640011,465.033112,72.9654007,0.928499997,0.0250000004,50,1,0.119999997,0.550000012,0.0133333337
C3_rand_24_r0,1,1260,11.9570999,11,8.67122364,7.50640011,0.0607015342,0.0427015349,0.00348807708,-0.00321825524,0.0212182552,8.40788269,14,4.87915993,13.8868399,1,1,0,5,0,74.2476273,2.60981512,56.8648872,1.67298579,9.9808445,7.50640011,465.033112,72.9654007,0.928499997,0.0250000004,50,1,0.119999997,0.550000012,0.0133333337
C3_rand_24_r0,1,1261,12.0499496,12,8.25343132,7.50640011,0.0609645993,0.0429646,0.00308076106,-0.00215105806,0.0201510582,7.91160107,14,4.87915993,13.8868399,1,1,0,6,0,69.7274017,-4.51778555,66.130249,1.58293843,1.79960728,7.50640011,465.033112,72.9654007,0.928499997,0.0250000004,50,1,0.119999997,0.550000012,0.0133333337
C3_rand_24_r0,1,1262,13.0928497,13,7.79509163,7.50640011,0.0610886365,0.0430886336,0.00121380261,-0.000432583096,0.0184325837,7.42008638,14,4.87915993,13.8868399,1,1,0,7,0,68.1782761,-6.07694483,67.5126038,1.58293843,3.23157692,7.50640011,465.033112,72.9654007,0.928499997,0.0250000004,50,1,0.119999997,0.550000012,0.0133333337
C3_rand_24_r0,1,1263,13.1857004,13,7.64826345,7.50640011,0.0611487143,0.043148715,0.00272902008,0.00064391864,0.0173560809,7.52813196,14,4.87915993,13.8868399,1,1,0,8,0,68.1782761,-6.07694483,67.5126038,1.58293843,3.23157692,7.50640011,465.033112,72.9654007,0.928499997,0.0250000004,50,1,0.119999997,0.550000012,0.0133333337
C3_rand_24_r0,1,1264,13.2785501,13,7.60143852,7.50640011,0.061185129,0.043185126,0.0027191299,0.0011707698,0.0168292299,7.56312656,14,4.87915993,13.8868399,1,1,0,9,0,68.1782761,-6.07694483,67.5126038,1.58293843,3.23157692,7.50640011,465.033112,72.9654007,0.928499997,0.0250000004,50,1,0.119999997,0.550000012,0.0133333337
C3_rand_24_r0,1,1265,13.3713999,13,7.75607491,7.50640011,0.0612605512,0.043260552,0.00126497378,0.000706589781,0.0172934104,7.88259602,14,4.87915993,13.8868399,1,1,0,10,0,68.1782761,-6.07694483,67.5126038,1.58293843,3.23157692,7.50640011,465.033112,72.9654007,0.928499997,0.0250000004,50,1,0.119999997,0.550000012,0.0133333337
C3_rand_24_r0,1,1266,13.4642496,13,7.72980928,7.50640011,0.06133518,0.0433351807,0.000874895602,0.000714100315,0.0172859002,7.70831966,14,4.87915993,13.8868399,1,1,0,11,0,68.1782761,-6.07694483,67.5126038,1.58293843,3.23157692,7.50640011,465.033112,72.9654007,0.928499997,0.0250000004,50,1,0.119999997,0.550000012,0.0133333337
C3_rand_24_r0,1,1267,13.5571003,13,8.09638119,7.50640011,0.0615115017,0.0435115024,0.000935489137,-0.000757852977,0.0187578537,8.39630413,14,4.87915993,13.8868399,1,1,0,12,0,68.1782761,-6.07694483,67.5126038,1.58293843,3.23157692,7.50640011,465.033112,72.9654007,0.928499997,0.0250000004,50,1,0.119999997,0.550000012,0.0133333337
C3_rand_24_r0,1,1268,13.64995,13,7.7920475,7.50640011,0.0616202354,0.0436202362,0.00135581975,0.00011961523,0.0178803839,7.54304743,14,4.87915993,13.8868399,1,1,0,13,0,68.1782761,-6.07694483,67.5126038,1.58293843,3.23157692,7.50640011,465.033112,72.9654007,0.928499997,0.0250000004,50,1,0.119999997,0.550000012,0.0133333337
C3_rand_24_r0,1,1272,16.0928497,16,7.93146563,7.50640011,0.0501180738,0.0321180746,0.000951347407,0.000699006661,0.0173009932,8.04553413,14,4.87915993,13.8868399,1,1,0,14,0,74.4419174,2.50970984,56.719738,1.68246448,10.1146154,7.50640011,465.033112,72.9654007,0.928499997,0.0250000004,50,1,0.119999997,0.550000012,0.0133333337
C3_rand_24_r0,1,1273,17.0928497,17,8.50401783,7.50640011,0.0504148677,0.0324148685,0.00253882445,-0.00240583392,0.0204058345,8.97247028,14,4.87915993,13.8868399,1,1,0,15,0,74.7790833,1.14119232,55.6569901,1.67298579,143.50206,7.50640011,465.033112,72.9654007,0.928499997,0.0250000004,50,1,0.119999997,0.550000012,0.0133333337
C3_rand_24_r0,1,1274,17.1856995,17,7.5343132,7.50640011,0.0504720882,0.0324720889,0.000901337247,0.000710339809,0.0172896609,6.74091768,14,4.87915993,13.8868399,1,1,0,16,0,74.7790833,1.14119232,55.6569901,1.67298579,143.50206,7.50640011,465.033112,72.9654007,0.928499997,0.0250000004,50,1,0.119999997,0.550000012,0.0133333337
C3_rand_24_r0,1,1275,17.2785492,17,7.88369131,7.50640011,0.0505864285,0.0325864293,0.00303632114,-0.000106342741,0.0181063432,8.16954613,14,4.87915993,13.8868399,1,1,0,17,0,74.7790833,1.14119232,55.6569901,1.67298579,143.50206,7.50640011,465.033112,72.9654007,0.928499997,0.0250000004,50,1,0.119999997,0.550000012,0.0133333337
C3_rand_24_r0,1,1276,17.3714008,17,7.6296854,7.50640011,0.0506397299,0.0326397307,0.0012109048,0.000963722705,0.0170362778,7.42186213,14,4.87915993,13.8868399,1,1,0,18,0,74.7790833,1.14119232,55.6569901,1.67298579,143.50206,7.50640011,465.033112,72.9654007,0.928499997,0.0250000004,50,1,0.119999997,0.550000012,0.0133333337
C3_rand_24_r0,1,1277,18.0928497,18,8.29504585,7.50640011,0.0508676842,0.0328676812,0.00184346922,-0.00150998007,0.0195099805,8.83943176,14,4.87915993,13.8868399,1,1,0,19,0,5.92437935,-50.3382378,88.5163803,1.69668245,4.83705044,7.50640011,465.033112,72.9654007,0.928499997,0.0250000004,50,1,0.119999997,0.550000012,0.0133333337
C3_rand_24_r0,1,1278,18.1856995,18,7.4212985,7.50640011,0.050882034,0.0328820348,0.00201588031,0.00143264013,0.0165673606,6.70641375,14,4.87915993,13.8868399,1,1,0,20,0,5.92437935,-50.3382378,88.5163803,1.69668245,4.83705044,7.50640011,465.033112,72.9654007,0.928499997,0.0250000004,50,1,0.119999997,0.550000012,0.0133333337
C3_rand_24_r0,1,1279,18.2785492,18,7.79611635,7.50640011,0.0509649031,0.0329649039,0.00195117679,0.000440775155,0.0175592247,8.10278606,14,4.87915993,13.8868399,1,1,0,21,0,5.92437935,-50.3382378,88.5163803,1.69668245,4.83705044,7.50640011,465.033112,72.9654007,0.928499997,0.0250000004,50,1,0.119999997,0.550000012,0.0133333337
C3_rand_24_r0,1,1280,18.3714008,18,7.77042532,7.50640011,0.0510520563,0.033052057,0.00230825436,0.000555652427,0.017444348,7.74940538,14,4.87915993,13.8868399,1,1,0,22,0,5.92437935,-50.3382378,88.5163803,1.69668245,4.83705044,7.50640011,465.033112,72.9654007,0.928499997,0.0250000004,50,1,0.119999997,0.550000012,0.0133333337
C3_rand_24_r0,1,1281,19.0928497,19,7.95062447,7.50640011,0.0511899777,0.0331899785,0.000761207019,-0.000234410807,0.0182344113,8.09806061,14,4.87915993,13.8868399,1,1,0,23,0,2.45873356,-5.22000122,84.6616974,1.69194317,0.800514877,7.50640011,465.033112,72.9654007,0.928499997,0.0250000004,50,1,0.119999997,0.550000012,0.0133333337
C3_rand_24_r0,1,1282,19.1856995,19,7.66329145,7.50640011,0.0512565449,0.0332565457,0.00102518254,0.000728093379,0.0172719061,7.42820024,14,4.87915993,13.8868399,1,1,0,24,0,2.45873356,-5.22000122,84.6616974,1.69194317,0.800514877,7.50640011,465.033112,72.9654007,0.928499997,0.0250000004,50,1,0.119999997,0.550000012,0.0133333337
C3_rand_24_r0,1,1283,19.2785492,19,7.92620611,7.50640011,0.0513842516,0.0333842523,0.0007533225,-0.000133648879,0.0181336496,8.14131832,14,4.87915993,13.8868399,1,1,0,25,0,2.45873356,-5.22000122,84.6616974,1.69194317,0.800514877,7.50640011,465.033112,72.9654007,0.928499997,0.0250000004,50,1,0.119999997,0.550000012,0.0133333337
C3_rand_24_r0,1,1284,19.3714008,19,8.10069084,7.50640011,0.0515706167,0.0335706174,0.00233364524,-0.000928857713,0.0189288575,8.24345207,14,4.87915993,13.8868399,1,1,0,26,0,2.45873356,-5.22000122,84.6616974,1.69194317,0.800514877,7.50640011,465.033112,72.9654007,0.928499997,0.0250000004,50,1,0.119999997,0.550000012,0.0133333337
C3_rand_24_r0,1,1285,20.0928497,20,8.05509853,7.50640011,0.0517540947,0.0337540954,0.00160359603,-0.000995830167,0.0189958308,8.01779556,14,4.87915993,13.8868399,1,1,0,27,0,0.0927047282,-3.0131824,85.3514252,1.69194317,0.829488218,7.50640011,465.033112,72.9654007,0.928499997,0.0250000004,50,1,0.119999997,0.550000012,0.0133333337
C3_rand_24_r0,1,1286,20.1856995,20,7.639853,7.50640011,0.0518217459,0.0338217467,0.00135458645,0.000574668811,0.0174253304,7.30010653,14,4.87915993,13.8868399,1,1,0,28,0,0.0927047282,-3.0131824,85.3514252,1.69194317,0.829488218,7.50640011,465.033112,72.9654007,0.928499997,0.0250000004,50,1,0.119999997,0.550000012,0.0133333337
C3_rand_24_r0,1,1287,20.2785492,20,8.36578846,7.50640011,0.052071739,0.0340717398,0.00202173437,-0.00190374639,0.0199037474,8.95973492,14,4.87915993,13.8868399,1,1,0,29,0,0.0927047282,-3.0131824,85.3514252,1.69194317,0.829488218,7.50640011,465.033112,72.9654007,0.928499997,0.0250000004,50,1,0.119999997,0.550000012,0.0133333337
C3_rand_24_r0,1,1288,20.3714008,20,7.69840193,7.50640011,0.0521667376,0.0341667384,0.00207526144,0.000266179908,0.0177338198,7.15235901,14,4.87915993,13.8868399,1,1,0,30,0,0.0927047282,-3.0131824,85.3514252,1.69194317,0.829488218,7.50640011,465.033112,72.9654007,0.928499997,0.0250000004,50,1,0.119999997,0.550000012,0.0133333337
C3_rand_24_r0,2,1710,0.0133333337,0,0,7.50640011,0.0496666655,0.0316666663,0.269117147,0.268507242,0,0,14,4.87915993,13.8868399,0,0,0,0,0,4.18154526,-27.4896641,73.172493,1.11848342,17.2018089,7.50640011,465.033112,72.9654007,0.928499997,0.0250000004,50,1,0.119999997,0.550000012,0.0133333337
C3_rand_24_r0,2,1711,0.0266666673,0,0,7.50640011,0.049333334,0.0313333347,0.265850127,0.265292227,0,0,14,4.87915993,13.8868399,0,0,0,0,0,4.18154526,-27.4896641,73.172493,1.11848342,17.2018089,7.50640011,465.033112,72.9654007,0.928499997,0.0250000004,50,1,0.119999997,0.550000012,0.0133333337
C3_rand_24_r0,2,1712,0.0399999991,0,0,7.50640011,0.0489999987,0.0309999995,0.261527002,0.261060447,0,0,14,4.87915993,13.8868399,0,0,0,0,0,4.18154526,-27.4896641,73.172493,1.11848342,17.2018089,7.50640011,465.033112,72.9654007,0.928499997,0.0250000004,50,1,0.119999997,0.550000012,0.0133333337
C3_rand_24_r0,2,1713,0.0533333346,0,0,7.50640011,0.0486666672,0.0306666661,0.256955832,0.256364554,0,0,14,4.87915993,13.8868399,0,0,0,0,0,4.18154526,-27.4896641,73.172493,1.11848342,17.2018089,7.50640011,465.033112,72.9654007,0.928499997,0.0250000004,50,1,0.119999997,0.550000012,0.0133333337
C3_rand_24_r0,2,1714,0.0666666701,0,0,7.50640011,0.0483333319,0.0303333327,0.251912653,0.251608372,0,0,14,4.87915993,13.8868399,0,0,0,0,0,4.18154526,-27.4896641,73.172493,1.11848342,17.2018089,7.50640011,465.033112,72.9654007,0.928499997,0.0250000004,50,1,0.119999997,0.550000012,0.0133333337
C3_rand_24_r0,2,1715,0.0799999982,0,0,7.50640011,0.0480000004,0.0299999993,0.247179687,0.246871501,0,0,14,4.87915993,13.8868399,0,0,0,0,0,4.18154526,-27.4896641,73.172493,1.11848342,17.2018089,7.50640011,465.033112,72.9654007,0.928499997,0.0250000004,50,1,0.119999997,0.550000012,0.0133333337
C3_rand_24_r0,2,1716,0.0933333337,0,0,7.50640011,0.0476666652,0.0296666659,0.242245719,0.241942495,0,0,14,4.87915993,13.8868399,0,0,0,0,0,4.18154526,-27.4896641,73.172493,1.11848342,17.2018089,7.50640011,465.033112,72.9654007,0.928499997,0.0250000004,50,1,0.119999997,0.550000012,0.0133333337
C3_rand_24_r0,2,1717,0.106666669,0,0,7.50640011,0.0473333336,0.0293333326,0.237335607,0.237232372,0,0,14,4.87915993,13.8868399,0,0,0,0,0,4.18154526,-27.4896641,73.172493,1.11848342,17.2018089,7.50640011,465.033112,72.9654007,0.928499997,0.0250000004,50,1,0.119999997,0.550000012,0.0133333337
C3_rand_24_r0,2,1718,0.119999997,0,0,7.50640011,0.0469999984,0.0289999992,0.232777223,0.232242033,0,0,14,4.87915993,13.8868399,0,0,0,0,0,4.18154526,-27.4896641,73.172493,1.11848342,17.2018089,7.50640011,465.033112,72.9654007,0.928499997,0.0250000004,50,1,0.119999997,0.550000012,0.0133333337
C3_rand_24_r0,2,1719,0.13333334,0,0,7.50640011,0.0466666669,0.0286666658,0.227695107,0.227540284,0,0,14,4.87915993,13.8868399,0,0,0,0,0,4.18154526,-27.4896641,73.172493,1.11848342,17.2018089,7.50640011,465.033112,72.9654007,0.928499997,0.0250000004,50,1,0.119999997,0.550000012,0.0133333337
C3_rand_24_r0,2,1720,0.146666661,0,0,7.50640011,0.0463333316,0.0283333343,0.222919703,0.222904474,0,0,14,4.87915993,13.8868399,0,0,0,0,0,4.18154526,-27.4896641,73.172493,1.11848342,17.2018089,7.50640011,465.033112,72.9654007,0.928499997,0.0250000004,50,1,0.119999997,0.550000012,0.0133333337
C3_rand_24_r0,2,1721,0.159999996,0,0,7.50640011,0.0460000001,0.0280000009,0.218278065,0.217780843,0,0,14,4.87915993,13.8868399,0,0,0,0,0,4.18154526,-27.4896641,73.172493,1.11848342,17.2018089,7.50640011,465.033112,72.9654007,0.928499997,0.0250000004,50,1,0.119999997,0.550000012,0.0133333337
C3_rand_24_r0,2,1722,0.173333332,0,0,7.50640011,0.0456666648,0.0276666675,0.213297263,0.213148341,0,0,14,4.87915993,13.8868399,0,0,0,0,0,4.18154526,-27.4896641,73.172493,1.11848342,17.2018089,7.50640011,465.033112,72.9654007,0.928499997,0.0250000004,50,1,0.119999997,0.550000012,0.0133333337
C3_rand_24_r0,2,1723,0.186666667,0,0,7.50640011,0.0453333333,0.0273333341,0.208592623,0.208588526,0,0,14,4.87915993,13.8868399,0,0,0,0,0,4.18154526,-27.4896641,73.172493,1.11848342,17.2018089,7.50640011,465.033112,72.9654007,0.928499997,0.0250000004,50,1,0.119999997,0.550000012,0.0133333337
C3_rand_24_r0,2,1724,0.200000003,0,0,7.50640011,0.0450000018,0.0270000007,0.203893349,0.203312606,0,0,14,4.87915993,13.8868399,0,0,0,0,0,4.18154526,-27.4896641,73.172493,1.11848342,17.2018089,7.50640011,465.033112,72.9654007,0.928499997,0.0250000004,50,1,0.119999997,0.550000012,0.0133333337
C3_rand_24_r0,2,1725,0.213333338,0,0,7.50640011,0.0446666665,0.0266666673,0.198948666,0.198742583,0,0,14,4.87915993,13.8868399,0,0,0,0,0,4.18154526,-27.4896641,73.172493,1.11848342,17.2018089,7.50640011,465.033112,72.9654007,0.928499997,0.0250000004,50,1,0.119999997,0.550000012,0.0133333337
C3_rand_24_r0,2,1726,0.226666674,0,0,7.50640011,0.044333335,0.0263333339,0.194260389,0.194235399,0,0,14,4.87915993,13.8868399,0,0,0,0,0,4.18154526,-27.4896641,73.172493,1.11848342,17.2018089,7.50640011,465.033112,72.9654007,0.928499997,0.0250000004,50,1,0.119999997,0.550000012,0.0133333337
C3_rand_24_r0,2,1727,0.239999995,0,0,7.50640011,0.0439999998,0.0260000005,0.189540416,0.188830033,0,0,14,4.87915993,13.8868399,0,0,0,0,0,4.18154526,-27.4896641,73.172493,1.11848342,17.2018089,7.50640011,465.033112,72.9654007,0.928499997,0.0250000004,50,1,0.119999997,0.550000012,0.0133333337
C3_rand_24_r0,2,1728,0.25333333,0,0,7.50640011,0.0436666682,0.0256666671,0.184583142,0.184304237,0,0,14,4.87915993,13.8868399,0,0,0,0,0,4.18154526,-27.4896641,73.172493,1.11848342,17.2018089,7.50640011,465.033112,72.9654007,0.928499997,0.0250000004,50,1,0.119999997,0.550000012,0.0133333337
C3_rand_24_r0,2,1729,0.266666681,0,0,7.50640011,0.043333333,0.0253333338,0.179873884,0.179830462,0,0,14,4.87915993,13.8868399,0,0,0,0,0,4.18154526,-27.4896641,73.172493,1.11848342,17.2018089,7.50640011,465.033112,72.9654007,0.928499997,0.0250000004,50,1,0.119999997,0.550000012,0.0133333337
C3_rand_24_r0,2,1730,0.280000001,0,0,7.50640011,0.0430000015,0.0250000004,0.175143003,0.174314648,0,0,14,4.87915993,13.8868399,0,0,0,0,0,4.18154526,-27.4896641,73.172493,1.11848342,17.2018089,7.50640011,465.033112,72.9654007,0.928499997,0.0250000004,50,1,0.119999997,0.550000012,0.0133333337
C3_rand_24_r0,2,1731,0.293333322,0,0,7.50640011,0.0426666662,0.024666667,0.170134276,0.16982469,0,0,14,4.87915993,13.8868399,0,0,0,0,0,4.18154526,-27.4896641,73.172493,1.11848342,17.2018089,7.50640011,465.033112,72.9654007,0.928499997,0.0250000004,50,1,0.119999997,0.550000012,0.0133333337
C3_rand_24_r0,2,1732,0.306666672,0,0,7.50640011,0.0423333347,0.0243333336,0.165390715,0.165351495,0,0,14,4.87915993,13.8868399,0,0,0,0,0,4.18154526,-27.4896641,73.172493,1.11848342,17.2018089,7.50640011,465.033112,72.9654007,0.928499997,0.0250000004,50,1,0.119999997,0.550000012,0.0133333337
C3_rand_24_r0,2,1733,0.319999993,0,0,7.50640011,0.0419999994,0.0240000002,0.160637736,0.159737155,0,0,14,4.87915993,13.8868399,0,0,0,0,0,4.18154526,-27.4896641,73.172493,1.11848342,17.2018089,7.50640011,465.033112,72.9654007,0.928499997,0.0250000004,50,1,0.119999997,0.550000012,0.0133333337
C3_rand_24_r0,2,1734,0.333333343,0,0,7.50640011,0.0416666679,0.0236666668,0.155578718,0.155250773,0,0,14,4.87915993,13.8868399,0,0,0,0,0,4.18154526,-27.4896641,73.172493,1.11848342,17.2018089,7.50640011,465.033112,72.9654007,0.928499997,0.0250000004,50,1,0.119999997,0.550000012,0.0133333337
C3_rand_24_r0,2,1735,0.346666664,0,0,7.50640011,0.0413333327,0.0233333334,0.150832444,0.150797024,0,0,14,4.87915993,13.8868399,0,0,0,0,0,4.18154526,-27.4896641,73.172493,1.11848342,17.2018089,7.50640011,465.033112,72.9654007,0.928499997,0.0250000004,50,1,0.119999997,0.550000012,0.0133333337
C3_rand_24_r0,2,1736,0.360000014,0,0,7.50640011,0.0410000011,0.023,0.14602448,0.145064503,0,0,14,4.87915993,13.8868399,0,0,0,0,0,4.18154526,-27.4896641,73.172493,1.11848342,17.2018089,7.50640011,465.033112,72.9654007,0.928499997,0.0250000004,50,1,0.119999997,0.550000012,0.0133333337
C3_rand_24_r0,2,1737,0.373333335,0,0,7.50640011,0.0406666659,0.0226666667,0.140950188,0.140613288,0,0,14,4.87915993,13.8868399,0,0,0,0,0,4.18154526,-27.4896641,73.172493,1.11848342,17.2018089,7.50640011,465.033112,72.9654007,0.928499997,0.0250000004,50,1,0.119999997,0.550000012,0.0133333337
C3_rand_24_r0,2,1738,0.386666656,0,0,7.50640011,0.0403333344,0.0223333333,0.136254191,0.13602826,0,0,14,4.87915993,13.8868399,0,0,0,0,0,4.18154526,-27.4896641,73.172493,1.11848342,17.2018089,7.50640011,465.033112,72.9654007,0.928499997,0.0250000004,50,1,0.119999997,0.550000012,0.0133333337
C3_rand_24_r0,2,1739,0.400000006,0,0,7.50640011,0.0399999991,0.0219999999,0.131350368,0.130390912,0,0,14,4.87915993,13.8868399,0,0,0,0,0,4.18154526,-27.4896641,73.172493,1.11848342,17.2018089,7.50640011,465.033112,72.9654007,0.928499997,0.0250000004,50,1,0.119999997,0.550000012,0.0133333337
C3_rand_24_r0,2,1740,0.413333327,0,0,7.50640011,0.0396666676,0.0216666665,0.126329854,0.126019344,0,0,14,4.87915993,13.8868399,0,0,0,0,0,4.18154526,-27.4896641,73.172493,1.11848342,17.2018089,7.50640011,465.033112,72.9654007,0.928499997,0.0250000004,50,1,0.119999997,0.550000012,0.0133333337
C3_rand_24_r0,2,1741,0.426666677,0,0,7.50640011,0.0393333323,0.0213333331,0.121723287,0.121437564,0,0,14,4.87915993,13.8868399,0,0,0,0,0,4.18154526,-27.4896641,73.172493,1.11848342,17.2018089,7.50640011,465.033112,72.9654007,0.928499997,0.0250000004,50,1,0.119999997,0.550000012,0.0133333337
C3_rand_24_r0,2,1742,0.439999998,0,0,7.50640011,0.0390000008,0.0209999997,0.116699263,0.115859658,0,0,14,4.87915993,13.8868399,0,0,0,0,0,4.18154526,-27.4896641,73.172493,1.11848342,17.2018089,7.50640011,465.033112,72.9654007,0.928499997,0.0250000004,50,1,0.119999997,0.550000012,0.0133333337
C3_rand_24_r0,2,1743,0.453333348,0,0,7.50640011,0.0386666656,0.0206666663,0.111871064,0.111575194,0,0,14,4.87915993,13.8868399,0,0,0,0,0,4.18154526,-27.4896641,73.172493,1.11848342,17.2018089,7.50640011,465.033112,72.9654007,0.928499997,0.0250000004,50,1,0.119999997,0.550000012,0.0133333337
C3_rand_24_r0,2,1744,0.466666669,0,0,7.50640011,0.038333334,0.0203333329,0.107437395,0.105803691,0,0,14,4.87915993,13.8868399,0,0,0,0,0,4.18154526,-27.4896641,73.172493,1.11848342,17.2018089,7.50640011,465.033112,72.9654007,0.928499997,0.0250000004,50,1,0.119999997,0.550000012,0.0133333337
C3_rand_24_r0,2,1745,0.479999989,0,0,7.50640011,0.0379999988,0.0199999996,0.102279022,0.101614319,0,0,14,4.87915993,13.8868399,0,0,0,0,0,4.18154526,-27.4896641,73.172493,1.11848342,17.2018089,7.50640011,465.033112,72.9654007,0.928499997,0.0250000004,50,1,0.119999997,0.550000012,0.0133333337
C3_rand_24_r0,2,1746,0.49333334,0,0,7.50640011,0.0376666673,0.0196666662,0.0978527069,0.0971625522,0,0,14,4.87915993,13.8868399,0,0,0,0,0,4.18154526,-27.4896641,73.172493,1.11848342,17.2018089,7.50640011,465.033112,72.9654007,0.928499997,0.0250000004,50,1,0.119999997,0.550000012,0.0133333337
C3_rand_24_r0,2,1747,0.50666666,0,0,7.50640011,0.037333332,0.0193333328,0.0931151062,0.0919207036,0,0,14,4.87915993,13.8868399,0,0,0,0,0,4.18154526,-27.4896641,73.172493,1.11848342,17.2018089,7.50640011,465.033112,72.9654007,0.928499997,0.0250000004,50,1,0.119999997,0.550000012,0.0133333337
C3_rand_24_r0,2,1748,0.519999981,0,0,7.50640011,0.0370000005,0.0189999994,0.0885084867,0.087985903,0,0,14,4.87915993,13.8868399,0,0,0,0,0,4.18154526,-27.4896641,73.172493,1.11848342,17.2018089,7.50640011,465.033112,72.9654007,0.928499997,0.0250000004,50,1,0.119999997,0.550000012,0.0133333337
C3_rand_24_r0,2,1749,0.533333361,0,0,7.50640011,0.0366666652,0.018666666,0.0844791606,0.0826596022,0,0,14,4.87915993,13.8868399,0,0,0,0,0,4.18154526,-27.4896641,73.172493,1.11848342,17.2018089,7.50640011,465.033112,72.9654007,0.928499997,0.0250000004,50,1,0.119999997,0.550000012,0.0133333337
C3_rand_24_r0,2,1750,0.546666682,0,0,7.50640011,0.0363333337,0.0183333326,0.0796771646,0.0789922178,0,0,14,4.87915993,13.8868399,0,0,0,0,0,4.18154526,-27.4896641,73.172493,1.11848342,17.2018089,7.50640011,465.033112,72.9654007,0.928499997,0.0250000004,50,1,0.119999997,0.550000012,0.0133333337
C3_rand_24_r0,2,1751,0.560000002,0,0,7.50640011,0.0359999985,0.0179999992,0.0759465769,0.0750983953,0,0,14,4.87915993,13.8868399,0,0,0,0,0,4.18154526,-27.4896641,73.172493,1.11848342,17.2018089,7.50640011,465.033112,72.9654007,0.928499997,0.0250000004,50,1,0.119999997,0.550000012,0.0133333337
C3_rand_24_r0,2,1752,0.573333323,0,0,7.50640011,0.0356666669,0.0176666658,0.0715258047,0.0706855431,0,0,14,4.87915993,13.8868399,0,0,0,0,0,4.18154526,-27.4896641,73.172493,1.11848342,17.2018089,7.50640011,465.033112,72.9654007,0.928499997,0.0250000004,50,1,0.119999997,0.550000012,0.0133333337
C3_rand_24_r0,2,1753,0.586666644,0,0,7.50640011,0.0353333317,0.0173333324,0.0678756461,0.0671579689,0,0,14,4.87915993,13.8868399,0,0,0,0,0,4.18154526,-27.4896641,73.172493,1.11848342,17.2018089,7.50640011,465.033112,72.9654007,0.928499997,0.0250000004,50,1,0.119999997,0.550000012,0.0133333337
C3_rand_24_r0,2,1754,0.600000024,0,0,7.50640011,0.0350000001,0.0170000009,0.0641217157,0.0631927326,0,0,14,4.87915993,13.8868399,0,0,0,0,0,4.18154526,-27.4896641,73.172493,1.11848342,17.2018089,7.50640011,465.033112,72.9654007,0.928499997,0.0250000004,50,1,0.119999997,0.550000012,0.0133333337
C3_rand_24_r0,2,1755,0.613333344,0,0,7.50640011,0.0346666649,0.0166666675,0.0605687499,0.0600241274,0,0,14,4.87915993,13.8868399,0,0,0,0,0,4.18154526,-27.4896641,73.172493,1.11848342,17.2018089,7.50640011,465.033112,72.9654007,0.928499997,0.0250000004,50,1,0.119999997,0.550000012,0.0133333337
C3_rand_24_r0,2,1756,0.626666665,0,0,7.50640011,0.0343333334,0.0163333341,0.0574868582,0.0564945526,0,0,14,4.87915993,13.8868399,0,0,0,0,0,4.18154526,-27.4896641,73.172493,1.11848342,17.2018089,7.50640011,465.033112,72.9654007,0.928499997,0.0250000004,50,1,0.119999997,0.550000012,0.0133333337
C3_rand_24_r0,2,1757,0.639999986,0,0,7.50640011,0.0340000018,0.0160000008,0.0540529005,0.0536909066,0,0,14,4.87915993,13.8868399,0,0,0,0,0,4.18154526,-27.4896641,73.172493,1.11848342,17.2018089,7.50640011,465.033112,72.9654007,0.928499997,0.0250000004,50,1,0.119999997,0.550000012,0.0133333337
C3_rand_24_r0,2,1758,0.653333306,0,0,7.50640011,0.0336666666,0.0156666674,0.0516247079,0.0505966842,0,0,14,4.87915993,13.8868399,0,0,0,0,0,4.18154526,-27.4896641,73.172493,1.11848342,17.2018089,7.50640011,465.033112,72.9654007,0.928499997,0.0250000004,50,1,0.119999997,0.550000012,0.0133333337
C3_rand_24_r0,2,1759,0.666666687,0,0,7.50640011,0.0333333351,0.0153333331,0.0483502485,0.0481315292,0,0,14,4.87915993,13.8868399,0,0,0,0,0,4.18154526,-27.4896641,73.172493,1.11848342,17.2018089,7.50640011,465.033112,72.9654007,0.928499997,0.0250000004,50,1,0.119999997,0.550000012,0.0133333337
C3_rand_24_r0,2,1760,0.680000007,0,0,7.50640011,0.0329999998,0.0149999997,0.0465364866,0.0454355329,0,0,14,4.87915993,13.8868399,0,0,0,0,0,4.18154526,-27.4896641,73.172493,1.11848342,17.2018089,7.50640011,465.033112,72.9654007,0.928499997,0.0250000004,50,1,0.119999997,0.550000012,0.0133333337
C3_rand_24_r0,2,1761,0.693333328,0,0.802619398,7.50640011,0.0326666683,0.0146666663,0.043482732,0.0432874858,0,1.45930803,14,4.87915993,13.8868399,0,0,0,0,0,4.18154526,-27.4896641,73.172493,1.11848342,17.2018089,7.50640011,465.033112,72.9654007,0.928499997,0.0250000004,50,1,0.119999997,0.550000012,0.0133333337
C3_rand_24_r0,2,1762,0.706666648,0,1.16379809,7.50640011,0.032333333,0.0143333329,0.0419506356,0.041141782,0,1.45930803,14,4.87915993,13.8868399,0,0,0,0,0,4.18154526,-27.4896641,73.172493,1.11848342,17.2018089,7.50640011,465.033112,72.9654007,0.928499997,0.0250000004,50,1,0.119999997,0.550000012,0.0133333337
C3_rand_24_r0,2,1763,0.720000029,0,1.32632852,7.50640011,0.0320000015,0.0140000004,0.039465189,0.0390934907,0,1.45930803,14,4.87915993,13.8868399,0,0,0,0,0,4.18154526,-27.4896641,73.172493,1.11848342,17.2018089,7.50640011,465.033112,72.9654007,0.928499997,0.0250000004,50,1,0.119999997,0.550000012,0.0133333337
C3_rand_24_r0,2,1764,0.733333349,0,1.39946723,7.50640011,0.0316666663,0.013666667,0.0377009511,0.0373489223,0,1.45930803,14,4.87915993,13.8868399,0,0,0,0,0,4.18154526,-27.4896641,73.172493,1.11848342,17.2018089,7.50640011,465.033112,72.9654007,0.928499997,0.0250000004,50,1,0.119999997,0.550000012,0.0133333337
C3_rand_24_r0,2,1765,0.74666667,0,1.43237972,7.50640011,0.0313333347,0.0133333337,0.0359166376,0.0356595702,0,1.45930803,14,4.87915993,13.8868399,0,0,0,0,0,4.18154526,-27.4896641,73.172493,1.11848342,17.2018089,7.50640011,465.033112,72.9654007,0.928499997,0.0250000004,50,1,0.119999997,0.550000012,0.0133333337
C3_rand_24_r0,2,1766,0.75999999,0,1.44719028,7.50640011,0.0309999995,0.0130000003,0.0343737677,0.0341012366,0,1.45930803,14,4.87915993,13.8868399,0,0,0,0,0,4.18154526,-27.4896641,73.172493,1.11848342,17.2018089,7.50640011,465.033112,72.9654007,0.928499997,0.0250000004,50,1,0.119999997,0.550000012,0.0133333337
C3_rand_24_r0,2,1767,0.773333311,0,1.45385504,7.50640011,0.0306666661,0.0126666669,0.0330812,0.032673344,0,1.45930803,14,4.87915993,13.8868399,0,0,0,0,0,4.18154526,-27.4896641,73.172493,1.11848342,17.2018089,7.50640011,465.033112,72.9654007,0.928499997,0.0250000004,50,1,0.119999997,0.550000012,0.0133333337
C3_rand_24_r0,2,1768,0.786666691,0,1.4568541,7.50640011,0.0303333327,0.0123333335,0.032041505,0.0313708074,0,1.45930803,14,4.87915993,13.8868399,0,0,0,0,0,4.18154526,-27.4896641,73.172493,1.11848342,17.2018089,7.50640011,465.033112,72.9654007,0.928499997,0.0250000004,50,1,0.119999997,0.550000012,0.0133333337
C3_rand_24_r0,2,1769,0.800000012,0,1.45820379,7.50640011,0.0299999993,0.0120000001,0.0306877717,0.0303355828,0,1.45930803,14,4.87915993,13.8868399,0,0,0,0,0,4.18154526,-27.4896641,73.172493,1.11848342,17.2018089,7.50640011,465.033112,72.9654007,0.928499997,0.0250000004,50,1,0.119999997,0.550000012,0.0133333337
C3_rand_24_r0,2,1770,0.813333333,0,1.45881104,7.50640011,0.0296666659,0.0116666667,0.0293634478,0.029305622,0,1.45930803,14,4.87915993,13.8868399,0,0,0,0,0,4.18154526,-27.4896641,73.172493,1.11848342,17.2018089,7.50640011,465.033112,72.9654007,0.928499997,0.0250000004,50,1,0.119999997,0.550000012,0.0133333337
C3_rand_24_r0,2,1771,0.826666653,0,1.45908439,7.50640011,0.0293333326,0.0113333333,0.0282544848,0.0280172173,0,1.45930803,14,4.87915993,13.8868399,0,0,0,0,0,4.18154526,-27.4896641,73.172493,1.11848342,17.2018089,7.50640011,465.033112,72.9654007,0.928499997,0.0250000004,50,1,0.119999997,0.550000012,0.0133333337
C3_rand_24_r0,2,1772,0.839999974,0,1.45920742,7.50640011,0.0289999992,0.0109999999,0.0271761622,0.0269000791,0,1.45930803,14,4.87915993,13.8868399,0,0,0,0,0,4.18154526,-27.4896641,73.172493,1.11848342,17.2018089,7.50640011,465.033112,72.9654007,0.928499997,0.0250000004,50,1,0.119999997,0.550000012,0.0133333337
C3_rand_24_r0,2,1773,0.853333354,0,1.45926273,7.50640011,0.0286666658,0.0106666666,0.0264282823,0.0263938569,0,1.45930803,14,4.87915993,13.8868399,0,0,0,0,0,4.18154526,-27.4896641,73.172493,1.11848342,17.2018089,7.50640011,465.033112,72.9654007,0.928499997,0.0250000004,50,1,0.119999997,0.550000012,0.0133333337
C3_rand_24_r0,2,1774,0.866666675,0,1.45928764,7.50640011,0.0283333343,0.0103333332,0.0255495664,0.0252063125,0,1.45930803,14,4.87915993,13.8868399,0,0,0,0,0,4.18154526,-27.4896641,73.172493,1.11848342,17.2018089,7.50640011,465.033112,72.9654007,0.928499997,0.0250000004,50,1,0.119999997,0.550000012,0.0133333337
C3_rand_24_r0,2,1775,0.879999995,0,1.45929885,7.50640011,0.0280000009,0.00999999978,0.0248601492,0.0244929101,0,1.45930803,14,4.87915993,13.8868399,0,0,0,0,0,4.18154526,-27.4896641,73.172493,1.11848342,17.2018089,7.50640011,465.033112,72.9654007,0.928499997,0.0250000004,50,1,0.119999997,0.550000012,0.0133333337
C3_rand_24_r0,2,1776,0.893333316,0,1.45930386,7.50640011,0.0276666675,0.00966666639,0.0235639066,0.0220857244,0,1.45930803,14,4.87915993,13.8868399,0,0,0,0,0,4.18154526,-27.4896641,73.172493,1.11848342,17.2018089,7.50640011,465.033112,72.9654007,0.928499997,0.0250000004,50,1,0.119999997,0.550000012,0.0133333337
C3_rand_24_r0,2,1777,0.906666696,0,1.45930612,7.50640011,0.0273333341,0.009333333,0.0233624876,0.0233445205,0,1.45930803,14,4.87915993,13.8868399,0,0,0,0,0,4.18154526,-27.4896641,73.172493,1.11848342,17.2018089,7.50640011,465.033112,72.9654007,0.928499997,0.0250000004,50,1,0.119999997,0.550000012,0.0133333337
C3_rand_24_r0,2,1778,0.920000017,0,1.45930719,7.50640011,0.0270000007,0.00899999961,0.022984596,0.0210562944,0,1.45930803,14,4.87915993,13.8868399,0,0,0,0,0,4.18154526,-27.4896641,73.172493,1.11848342,17.2018089,7.50640011,465.033112,72.9654007,0.928499997,0.0250000004,50,1,0.119999997,0.550000012,0.0133333337
C3_rand_24_r0,2,1779,0.933333337,0,1.45930767,7.50640011,0.0266666673,0.00866666622,0.0215964913,0.0206480511,0,1.45930803,14,4.87915993,13.8868399,0,0,0,0,0,4.18154526,-27.4896641,73.172493,1.11848342,17.2018089,7.50640011,465.033112,72.9654007,0.928499997,0.0250000004,50,1,0.119999997,0.550000012,0.0133333337
C3_rand_24_r0,2,1780,0.946666658,0,1.45930779,7.50640011,0.0263333339,0.00833333377,0.0221856963,0.0203231685,0,1.45930803,14,4.87915993,13.8868399,0,0,0,0,0,4.18154526,-27.4896641,73.172493,1.11848342,17.2018089,7.50640011,465.033112,72.9654007,0.928499997,0.0250000004,50,1,0.119999997,0.550000012,0.0133333337
C3_rand_24_r0,2,1781,0.959999979,0,1.45930791,7.50640011,0.0260000005,0.00800000038,0.0207542367,0.0199790671,0,1.45930803,14,4.87915993,13.8868399,0,0,0,0,0,4.18154526,-27.4896641,73.172493,1.11848342,17.2018089,7.50640011,465.033112,72.9654007,0.928499997,0.0250000004,50,1,0.119999997,0.550000012,0.0133333337
C3_rand_24_r0,2,1782,0.973333359,0,1.45930791,7.50640011,0.0256666671,0.00766666653,0.0209679957,0.0195848569,0,1.45930803,14,4.87915993,13.8868399,0,0,0,0,0,4.18154526,-27.4896641,73.172493,1.11848342,17.2018089,7.50640011,465.033112,72.9654007,0.928499997,0.0250000004,50,1,0.119999997,0.550000012,0.0133333337
C3_rand_24_r0,2,1783,0.986666679,0,1.45930803,7.50640011,0.0253333338,0.00733333314,0.0204785056,0.0194921084,0,1.45930803,14,4.87915993,13.8868399,0,0,0,0,0,4.18154526,-27.4896641,73.172493,1.11848342,17.2018089,7.50640011,465.033112,72.9654007,0.928499997,0.0250000004,50,1,0.119999997,0.550000012,0.0133333337
C3_rand_24_r0,2,1784,1,0,1.45930803,7.50640011,0.0250000004,0.00700000022,0.0195918437,0.0191340689,0,1.45930803,14,4.87915993,13.8868399,0,0,0,0,0,4.18154526,-27.4896641,73.172493,1.11848342,17.2018089,7.50640011,465.033112,72.9654007,0.928499997,0.0250000004,50,1,0.119999997,0.550000012,0.0133333337
C3_rand_24_r0,2,1785,1.01333332,1,1.45930803,7.50640011,0.024666667,0.00666666683,0.0201973375,0.0190793425,0,1.45930803,14,4.87915993,13.8868399,0,0,0,0,0,-1.39646804,-13.4642973,88.3011475,0.862559259,166.871674,7.50640011,465.033112,72.9654007,0.928499997,0.0250000004,50,1,0.119999997,0.550000012,0.0133333337
C3_rand_24_r0,2,1786,1.02666664,1,1.45930803,7.50640011,0.0243333336,0.00633333344,0.0192548111,0.0187671501,0,1.45930803,14,4.87915993,13.8868399,0,0,0,0,0,-1.39646804,-13.4642973,88.3011475,0.862559259,166.871674,7.50640011,465.033112,72.9654007,0.928499997,0.0250000004,50,1,0.119999997,0.550000012,0.0133333337
C3_rand_24_r0,2,1787,1.03999996,1,1.45930803,7.50640011,0.0240000002,0.00600000005,0.0194936637,0.0183082316,0,1.45930803,14,4.87915993,13.8868399,0,0,0,0,0,-1.39646804,-13.4642973,88.3011475,0.862559259,166.871674,7.50640011,465.033112,72.9654007,0.928499997,0.0250000004,50,1,0.119999997,0.550000012,0.0133333337
C3_rand_24_r0,2,1788,1.05333328,1,1.45930803,7.50640011,0.0236666668,0.00566666666,0.0188946296,0.0183620155,0,1.45930803,14,4.87915993,13.8868399,0,0,0,0,0,-1.39646804,-13.4642973,88.3011475,0.862559259,166.871674,7.50640011,465.033112,72.9654007,0.928499997,0.0250000004,50,1,0.119999997,0.550000012,0.0133333337
C3_rand_24_r0,2,1789,1.06666672,1,1.46439993,7.50640011,0.0233333334,0.00533333328,0.0182867553,0.0179800913,1.9908297e-05,1.46856606,14,4.87915993,13.8868399,0,0,0,0,0,-1.39646804,-13.4642973,88.3011475,0.862559259,166.871674,7.50640011,465.033112,72.9654007,0.928499997,0.0250000004,50,1,0.119999997,0.550000012,0.0133333337
C3_rand_24_r0,2,1790,1.08000004,1,1.46159935,7.50640011,0.023,0.00499999989,0.0186149143,0.0180116091,0,1.45930803,14,4.87915993,13.8868399,0,0,0,0,0,-1.39646804,-13.4642973,88.3011475,0.862559259,166.871674,7.50640011,465.033112,72.9654007,0.928499997,0.0250000004,50,1,0.119999997,0.550000012,0.0133333337
C3_rand_24_r0,2,1791,1.09333336,1,1.54937375,7.50640011,0.0226666667,0.0046666665,0.0179092232,0.0176518932,0.000348106696,1.62118912,14,4.87915993,13.8868399,0,0,0,0,0,-1.39646804,-13.4642973,88.3011475,0.862559259,166.871674,7.50640011,465.033112,72.9654007,0.928499997,0.0250000004,50,1,0.119999997,0.550000012,0.0133333337
C3_rand_24_r0,2,1792,1.10666668,1,1.72545791,7.50640011,0.0223333333,0.00433333311,0.018467471,0.0171178728,0.000882128079,1.86952674,14,4.87915993,13.8868399,0,0,0,0,0,-1.39646804,-13.4642973,88.3011475,0.862559259,166.871674,7.50640011,465.033112,72.9654007,0.928499997,0.0250000004,50,1,0.119999997,0.550000012,0.0133333337
C3_rand_24_r0,2,1793,1.12,1,1.79024947,7.50640011,0.0219999999,0.00400000019,0.0175199918,0.0171743538,0.000825645926,1.84326065,14,4.87915993,13.8868399,0,0,0,0,0,-1.39646804,-13.4642973,88.3011475,0.862559259,166.871674,7.50640011,465.033112,72.9654007,0.928499997,0.0250000004,50,1,0.119999997,0.550000012,0.0133333337
C3_rand_24_r0,2,1794,1.13333333,1,1.91936362,7.50640011,0.0216666665,0.00366666657,0.0171135403,0.0167835392,0.00121646095,2.02500272,14,4.87915993,13.8868399,0,0,0,0,0,-1.39646804,-13.4642973,88.3011475,0.862559259,166.871674,7.50640011,465.033112,72.9654007,0.928499997,0.0250000004,50,1,0.119999997,0.550000012,0.0133333337
C3_rand_24_r0,2,1795,1.14666665,1,1.97839725,7.50640011,0.0213333331,0.00333333341,0.0170082562,0.016779894,0.0012201058,2.02669764,14,4.87915993,13.8868399,0,0,0,0,0,-1.39646804,-13.4642973,88.3011475,0.862559259,166.871674,7.50640011,465.033112,72.9654007,0.928499997,0.0250000004,50,1,0.119999997,0.550000012,0.0133333337
C3_rand_24_r0,2,1796,1.15999997,1,2.09918094,7.50640011,0.0209999997,0.00300000003,0.0164964329,0.0164115205,0.0015884802,2.19800377,14,4.87915993,13.8868399,0,0,0,0,0,-1.39646804,-13.4642973,88.3011475,0.862559259,166.871674,7.50640011,465.033112,72.9654007,0.928499997,0.0250000004,50,1,0.119999997,0.550000012,0.0133333337
C3_rand_24_r0,2,1797,1.17333329,1,2.17009759,7.50640011,0.0206666663,0.00266666664,0.017234141,0.0163467582,0.00165324227,2.22812033,14,4.87915993,13.8868399,0,0,0,0,0,-1.39646804,-13.4642973,88.3011475,0.862559259,166.871674,7.50640011,465.033112,72.9654007,0.928499997,0.0250000004,50,1,0.119999997,0.550000012,0.0133333337
C3_rand_24_r0,2,1798,1.18666661,1,2.32238364,7.50640011,0.0203333329,0.00233333325,0.0163307451,0.0158761237,0.00212387717,2.44698119,14,4.87915993,13.8868399,0,0,0,0,0,-1.39646804,-13.4642973,88.3011475,0.862559259,166.871674,7.50640011,465.033112,72.9654007,0.928499997,0.0250000004,50,1,0.119999997,0.550000012,0.0133333337
C3_rand_24_r0,2,1799,1.20000005,1,2.48970962,7.50640011,0.0199999996,0.00200000009,0.0160846673,0.0154898455,0.00251015415,2.62661266,14,4.87915993,13.8868399,0,0,0,0,0,-1.39646804,-13.4642973,88.3011475,0.862559259,166.871674,7.50640011,465.033112,72.9654007,0.928499997,0.0250000004,50,1,0.119999997,0.550000012,0.0133333337
C3_rand_24_r0,2,1800,1.21333337,1,2.58237863,7.50640011,0.0196666662,0.00166666671,0.0154612334,0.0154219242,0.00257807574,2.6581986,14,4.87915993,13.8868399,0,0,0,0,0,-1.39646804,-13.4642973,88.3011475,0.862559259,166.871674,7.50640011,465.033112,72.9654007,0.928499997,0.0250000004,50,1,0.119999997,0.550000012,0.0133333337
C3_rand_24_r0,2,1801,1.22666669,1,2.71768522,7.50640011,0.0193333328,0.00133333332,0.0150939533,0.0150559451,0.00294405478,2.82839084,14,4.87915993,13.8868399,0,0,0,0,0,-1.39646804,-13.4642973,88.3011475,0.862559259,166.871674,7.50640011,465.033112,72.9654007,0.928499997,0.0250000004,50,1,0.119999997,0.550000012,0.0133333337
C3_rand_24_r0,2,1802,1.24000001,1,2.80919194,7.50640011,0.0189999994,0.00100000005,0.0153263761,0.0149362329,0.00306376675,2.88406086,14,4.87915993,13.8868399,0,0,0,0,0,-1.39646804,-13.4642973,88.3011475,0.862559259,166.871674,7.50640011,465.033112,72.9654007,0.928499997,0.0250000004,50,1,0.119999997,0.550000012,0.0133333337
C3_rand_24_r0,2,1803,1.25333333,1,2.93975759,7.50640011,0.018666666,0.00066666666,0.0148472665,0.0145867458,0.00341325416,3.04658413,14,4.87915993,13.8868399,0,0,0,0,0,-1.39646804,-13.4642973,88.3011475,0.862559259,166.871674,7.50640011,465.033112,72.9654007,0.928499997,0.0250000004,50,1,0.119999997,0.550000012,0.0133333337
C3_rand_24_r0,2,1804,1.26666665,1,3.13095808,7.50640011,0.0183333326,0.00033333333,0.0152597809,0.0140689099,0.00393109024,3.287395,14,4.87915993,13.8868399,0,0,0,0,0,-1.39646804,-13.4642973,88.3011475,0.862559259,166.871674,7.50640011,465.033112,72.9654007,0.928499997,0.0250000004,50,1,0.119999997,0.550000012,0.0133333337
C3_rand_24_r0,2,1805,1.27999997,1,3.25181723,7.50640011,0.0179999992,5.89805982e-17,0.0140607934,0.0139327757,0.00406722445,3.35070205,14,4.87915993,13.8868399,0,0,0,0,0,-1.39646804,-13.4642973,88.3011475,0.862559259,166.871674,7.50640011,465.033112,72.9654007,0.928499997,0.0250000004,50,1,0.119999997,0.550000012,0.0133333337
C3_rand_24_r0,2,1806,1.29333329,1,3.39641118,7.50640011,0.0176666658,-0.00033333333,0.0138111943,0.0135800838,0.00441991631,3.51471543,14,4.87915993,13.8868399,0,0,0,0,0,-1.39646804,-13.4642973,88.3011475,0.862559259,166.871674,7.50640011,465.033112,72.9654007,0.928499997,0.0250000004,50,1,0.119999997,0.550000012,0.0133333337
C3_rand_24_r0,2,1807,1.30666661,1,3.50923657,7.50640011,0.0173333324,-0.00066666666,0.0134732211,0.0133933602,0.00460663997,3.60154796,14,4.87915993,13.8868399,1,0,0,0,0,-1.39646804,-13.4642973,88.3011475,0.862559259,166.871674,7.50640011,465.033112,72.9654007,0.928499997,0.0250000004,50,1,0.119999997,0.550000012,0.0133333337
C3_rand_24_r0,2,1808,1.32000005,1,3.64540792,7.50640011,0.0170000009,-0.00100000005,0.0130894482,0.0130594643,0.00494053634,3.75682092,14,4.87915993,13.8868399,1,0,0,0,0,-1.39646804,-13.4642973,88.3011475,0.862559259,166.871674,7.50640011,465.033112,72.9654007,0.928499997,0.0250000004,50,1,0.119999997,0.550000012,0.0133333337
C3_rand_24_r0,2,1809,3.01333332,3,3.76609802,7.50640011,0.0166666675,-0.00133333332,0.0136895562,0.0128271719,0.00517282868,3.86484456,14,4.87915993,13.8868399,1,0,0,0,0,14.0395842,-6.31096077,81.3951645,1.18009484,13.0472775,7.50640011,465.033112,72.9654007,0.928499997,0.0250000004,50,1,0.119999997,0.550000012,0.0133333337
C3_rand_24_r0,2,1810,3.02666664,3,3.95306993,7.50640011,0.0163333341,-0.00166666671,0.0125954179,0.0123084933,0.0056915069,4.10604715,14,4.87915993,13.8868399,1,0,0,0,0,14.0395842,-6.31096077,81.3951645,1.18009484,13.0472775,7.50640011,465.033112,72.9654007,0.928499997,0.0250000004,50,1,0.119999997,0.550000012,0.0133333337
C3_rand_24_r0,2,1811,3.03999996,3,4.13721895,7.50640011,0.0160000008,-0.00200000009,0.0120215062,0.0119174682,0.006082532,4.28788662,14,4.87915993,13.8868399,1,0,0,0,0,14.0395842,-6.31096077,81.3951645,1.18009484,13.0472775,7.50640011,465.033112,72.9654007,0.928499997,0.0250000004,50,1,0.119999997,0.550000012,0.0133333337
C3_rand_24_r0,2,1812,3.05333328,3,4.3069911,7.50640011,0.0156666674,-0.00233333325,0.0123400409,0.0115776882,0.00642231153,4.44589567,14,4.87915993,13.8868399,1,0,0,0,0,14.0395842,-6.31096077,81.3951645,1.18009484,13.0472775,7.50640011,465.033112,72.9654007,0.928499997,0.0250000004,50,1,0.119999997,0.550000012,0.0133333337
C3_rand_24_r0,2,1813,5.01333332,5,4.49919891,7.50640011,0.0153333331,-0.00266666664,0.0114281736,0.011124894,0.00687510613,4.65645981,14,4.87915993,13.8868399,1,0,0,0,0,87.3207092,-20.536396,81.4912796,1.15165877,62.7571983,7.50640011,465.033112,72.9654007,0.928499997,0.0250000004,50,1,0.119999997,0.550000012,0.0133333337
C3_rand_24_r0,2,1814,5.02666664,5,4.76862574,7.50640011,0.0149999997,-0.00300000003,0.0107346931,0.0104096625,0.00759033719,4.98906612,14,4.87915993,13.8868399,1,0,0,1,0,87.3207092,-20.536396,81.4912796,1.15165877,62.7571983,7.50640011,465.033112,72.9654007,0.928499997,0.0250000004,50,1,0.119999997,0.550000012,0.0133333337
C3_rand_24_r0,2,1815,5.11951685,5,5.1080122,7.50640011,0.0146666663,-0.00333333341,0.0108025875,0.00955676474,0.00844323542,5.38569164,14,4.87915993,13.8868399,1,1,0,2,0,87.3207092,-20.536396,81.4912796,1.15165877,62.7571983,7.50640011,465.033112,72.9654007,0.928499997,0.0250000004,50,1,0.119999997,0.550000012,0.0133333337
C3_rand_24_r0,2,1816,5.21236658,5,5.49269819,7.50640011,0.0143333329,-0.00366666657,0.00887554046,0.00864984188,0.00935015827,5.80744123,14,4.87915993,13.8868399,1,1,0,3,0,87.3207092,-20.536396,81.4912796,1.15165877,62.7571983,7.50640011,465.033112,72.9654007,0.928499997,0.0250000004,50,1,0.119999997,0.550000012,0.0133333337
C3_rand_24_r0,2,1817,7.09285021,7,6.00412083,7.50640011,0.0140000004,-0.00400000019,0.00950399041,0.00732710492,0.0106728952,6.42255735,14,4.87915993,13.8868399,1,1,0,4,0,-0.116558284,-66.6628189,19.7229481,0.876777232,0.879083395,7.50640011,465.033112,72.9654007,0.928499997,0.0250000004,50,1,0.119999997,0.550000012,0.0133333337
C3_rand_24_r0,2,1818,7.18569994,7,6.15792847,7.50640011,0.013666667,-0.00433333311,0.00784648582,0.00762554817,0.010374452,6.28377151,14,4.87915993,13.8868399,1,1,0,5,0,-0.116558284,-66.6628189,19.7229481,0.876777232,0.879083395,7.50640011,465.033112,72.9654007,0.928499997,0.0250000004,50,1,0.119999997,0.550000012,0.0133333337
C3_rand_24_r0,2,1819,7.27855015,7,7.1930275,7.50640011,0.0135240629,-0.00447593676,0.00448244018,0.00384913897,0.0141508607,8.03992653,14,4.87915993,13.8868399,1,1,0,6,0,-0.116558284,-66.6628189,19.7229481,0.876777232,0.879083395,7.50640011,465.033112,72.9654007,0.928499997,0.0250000004,50,1,0.119999997,0.550000012,0.0133333337
C3_rand_24_r0,2,1820,7.37139988,7,7.692698,7.50640011,0.0135520454,-0.00444795471,0.00246752892,0.00192111894,0.0160788819,8.10151863,14,4.87915993,13.8868399,1,1,0,7,0,-0.116558284,-66.6628189,19.7229481,0.876777232,0.879083395,7.50640011,465.033112,72.9654007,0.928499997,0.0250000004,50,1,0.119999997,0.550000012,0.0133333337
C3_rand_24_r0,2,1821,9.09284973,9,8.44826508,7.50640011,0.0138183385,-0.00418166164,0.00181559671,-0.00175979815,0.0197597984,9.06645679,14,4.87915993,13.8868399,1,1,0,8,0,54.4771881,-6.66221762,69.7271271,1.32701421,11.4382181,7.50640011,465.033112,72.9654007,0.928499997,0.0250000004,50,1,0.119999997,0.550000012,0.0133333337
C3_rand_24_r0,2,1822,9.18570042,9,7.6069088,7.50640011,0.0138906399,-0.00410936074,0.00115184265,0.000615568715,0.0173844304,6.91852617,14,4.87915993,13.8868399,1,1,0,9,0,54.4771881,-6.66221762,69.7271271,1.32701421,11.4382181,7.50640011,465.033112,72.9654007,0.928499997,0.0250000004,50,1,0.119999997,0.550000012,0.0133333337
C3_rand_24_r0,2,1823,9.27855015,9,7.75474262,7.50640011,0.0139716733,-0.00402832637,0.00136599492,0.000383562001,0.0176164377,7.87569761,14,4.87915993,13.8868399,1,1,0,10,0,54.4771881,-6.66221762,69.7271271,1.32701421,11.4382181,7.50640011,465.033112,72.9654007,0.928499997,0.0250000004,50,1,0.119999997,0.550000012,0.0133333337
C3_rand_24_r0,2,1824,9.37139988,9,8.0652256,7.50640011,0.0141404085,-0.0038595912,0.00348416297,-0.000652477145,0.0186524764,8.31925774,14,4.87915993,13.8868399,1,1,0,11,0,54.4771881,-6.66221762,69.7271271,1.32701421,11.4382181,7.50640011,465.033112,72.9654007,0.928499997,0.0250000004,50,1,0.119999997,0.550000012,0.0133333337
C3_rand_24_r0,2,1825,11.0928497,11,9.50504971,7.50640011,0.0144737419,-0.00352625782,0.00706338696,-0.00656125508,0.0245612543,10.6830873,14,4.87915993,13.8868399,1,1,0,12,0,74.2476273,2.60981512,56.8648872,1.67298579,9.9808445,7.50640011,465.033112,72.9654007,0.928499997,0.0250000004,50,1,0.119999997,0.550000012,0.0133333337
C3_rand_24_r0,2,1826,11.1857004,11,10.1028433,7.50640011,0.0148070753,-0.00319292466,0.0122431228,-0.00791483372,0.0259148348,10.5919476,14,4.87915993,13.8868399,1,1,0,13,0,74.2476273,2.60981512,56.8648872,1.67298579,9.9808445,7.50640011,465.033112,72.9654007,0.928499997,0.0250000004,50,1,0.119999997,0.550000012,0.0133333337
C3_rand_24_r0,2,1827,11.2785501,11,7.54650736,7.50640011,0.0148737719,-0.003126228,0.00750277052,0.00313166529,0.0148683349,5.45495987,14,4.87915993,13.8868399,1,1,0,14,0,74.2476273,2.60981512,56.8648872,1.67298579,9.9808445,7.50640011,465.033112,72.9654007,0.928499997,0.0250000004,50,1,0.119999997,0.550000012,0.0133333337
C3_rand_24_r0,2,1828,11.3713999,11,9.1638155,7.50640011,0.0152071053,-0.00279289461,0.00710451324,-0.00517912535,0.023179125,10.4870682,14,4.87915993,13.8868399,1,1,0,15,0,74.2476273,2.60981512,56.8648872,1.67298579,9.9808445,7.50640011,465.033112,72.9654007,0.928499997,0.0250000004,50,1,0.119999997,0.550000012,0.0133333337
