C4_rand_0_r0,0,421,0.0133333337,0,0,4.4763999,0.0496666655,0.0316666663,0.2567572,0.254704177,0,0,14,2.9096601,8.28133965,0,0,0,0,0,-0.0352675654,-24.3604794,76.258728,1.15165877,4.2210145,4.4763999,430.012512,66.6753006,0.51880002,0.0250000004,50,1,0.119999997,0.550000012,0.0133333337
C4_rand_0_r0,0,422,0.0266666673,0,0,4.4763999,0.049333334,0.0313333347,0.254756272,0.252820432,0,0,14,2.9096601,8.28133965,0,0,0,0,0,-0.0352675654,-24.3604794,76.258728,1.15165877,4.2210145,4.4763999,430.012512,66.6753006,0.51880002,0.0250000004,50,1,0.119999997,0.550000012,0.0133333337
C4_rand_0_r0,0,423,0.0399999991,0,0,4.4763999,0.0489999987,0.0309999995,0.251957834,0.249825045,0,0,14,2.9096601,8.28133965,0,0,0,0,0,-0.0352675654,-24.3604794,76.258728,1.15165877,4.2210145,4.4763999,430.012512,66.6753006,0.51880002,0.0250000004,50,1,0.119999997,0.550000012,0.0133333337
C4_rand_0_r0,0,424,0.0533333346,0,0,4.4763999,0.0486666672,0.0306666661,0.24819003,0.246210992,0,0,14,2.9096601,8.28133965,0,0,0,0,0,-0.0352675654,-24.3604794,76.258728,1.15165877,4.2210145,4.4763999,430.012512,66.6753006,0.51880002,0.0250000004,50,1,0.119999997,0.550000012,0.0133333337
C4_rand_0_r0,0,425,0.0666666701,0,0,4.4763999,0.0483333319,0.0303333327,0.244437024,0.241920948,0,0,14,2.9096601,8.28133965,0,0,0,0,0,-0.0352675654,-24.3604794,76.258728,1.15165877,4.2210145,4.4763999,430.012512,66.6753006,0.51880002,0.0250000004,50,1,0.119999997,0.550000012,0.0133333337
C4_rand_0_r0,0,426,0.0799999982,0,0,4.4763999,0.0480000004,0.0299999993,0.2400437,0.237740889,0,0,14,2.9096601,8.28133965,0,0,0,0,0,-0.0352675654,-24.3604794,76.258728,1.15165877,4.2210145,4.4763999,430.012512,66.6753006,0.51880002,0.0250000004,50,1,0.119999997,0.550000012,0.0133333337
C4_rand_0_r0,0,427,0.0933333337,0,0,4.4763999,0.0476666652,0.0296666659,0.236188129,0.23356019,0,0,14,2.9096601,8.28133965,0,0,0,0,0,-0.0352675654,-24.3604794,76.258728,1.15165877,4.2210145,4.4763999,430.012512,66.6753006,0.51880002,0.0250000004,50,1,0.119999997,0.550000012,0.0133333337
C4_rand_0_r0,0,428,0.106666669,0,0,4.4763999,0.0473333336,0.0293333326,0.23188211,0.229035139,0,0,14,2.9096601,8.28133965,0,0,0,0,0,-0.0352675654,-24.3604794,76.258728,1.15165877,4.2210145,4.4763999,430.012512,66.6753006,0.51880002,0.0250000004,50,1,0.119999997,0.550000012,0.0133333337
C4_rand_0_r0,0,429,0.119999997,0,0,4.4763999,0.0469999984,0.0289999992,0.227888927,0.224833041,0,0,14,2.9096601,8.28133965,0,0,0,0,0,-0.0352675654,-24.3604794,76.258728,1.15165877,4.2210145,4.4763999,430.012512,66.6753006,0.51880002,0.0250000004,50,1,0.119999997,0.550000012,0.0133333337
C4_rand_0_r0,0,430,0.13333334,0,0,4.4763999,0.0466666669,0.0286666658,0.223931789,0.220335156,0,0,14,2.9096601,8.28133965,0,0,0,0,0,-0.0352675654,-24.3604794,76.258728,1.15165877,4.2210145,4.4763999,430.012512,66.6753006,0.51880002,0.0250000004,50,1,0.119999997,0.550000012,0.0133333337
C4_rand_0_r0,0,431,0.146666661,0,0,4.4763999,0.0463333316,0.0283333343,0.219777763,0.216176838,0,0,14,2.9096601,8.28133965,0,0,0,0,0,-0.0352675654,-24.3604794,76.258728,1.15165877,4.2210145,4.4763999,430.012512,66.6753006,0.51880002,0.0250000004,50,1,0.119999997,0.550000012,0.0133333337
C4_rand_0_r0,0,432,0.159999996,0,0,4.4763999,0.0460000001,0.0280000009,0.216217279,0.211697981,0,0,14,2.9096601,8.28133965,0,0,0,0,0,-0.0352675654,-24.3604794,76.258728,1.15165877,4.2210145,4.4763999,430.012512,66.6753006,0.51880002,0.0250000004,50,1,0.119999997,0.550000012,0.0133333337
C4_rand_0_r0,0,433,0.173333332,0,0,4.4763999,0.0456666648,0.0276666675,0.211168587,0.210501015,0,0,14,2.9096601,8.28133965,0,0,0,0,0,-0.0352675654,-24.3604794,76.258728,1.15165877,4.2210145,4.4763999,430.012512,66.6753006,0.51880002,0.0250000004,50,1,0.119999997,0.550000012,0.0133333337
C4_rand_0_r0,0,434,0.186666667,0,0,4.4763999,0.0453333333,0.0273333341,0.207093671,0.206038609,0,0,14,2.9096601,8.28133965,0,0,0,0,0,-0.0352675654,-24.3604794,76.258728,1.15165877,4.2210145,4.4763999,430.012512,66.6753006,0.51880002,0.0250000004,50,1,0.119999997,0.550000012,0.0133333337
C4_rand_0_r0,0,435,0.200000003,0,0,4.4763999,0.0450000018,0.0270000007,0.202440113,0.201854572,0,0,14,2.9096601,8.28133965,0,0,0,0,0,-0.0352675654,-24.3604794,76.258728,1.15165877,4.2210145,4.4763999,430.012512,66.6753006,0.51880002,0.0250000004,50,1,0.119999997,0.550000012,0.0133333337
C4_rand_0_r0,0,436,0.213333338,0,0,4.4763999,0.0446666665,0.0266666673,0.198375449,0.197402403,0,0,14,2.9096601,8.28133965,0,0,0,0,0,-0.0352675654,-24.3604794,76.258728,1.15165877,4.2210145,4.4763999,430.012512,66.6753006,0.51880002,0.0250000004,50,1,0.119999997,0.550000012,0.0133333337
C4_rand_0_r0,0,437,0.226666674,0,0,4.4763999,0.044333335,0.0263333339,0.193711549,0.193207204,0,0,14,2.9096601,8.28133965,0,0,0,0,0,-0.0352675654,-24.3604794,76.258728,1.15165877,4.2210145,4.4763999,430.012512,66.6753006,0.51880002,0.0250000004,50,1,0.119999997,0.550000012,0.0133333337
C4_rand_0_r0,0,438,0.239999995,0,0,4.4763999,0.0439999998,0.0260000005,0.189666718,0.188761204,0,0,14,2.9096601,8.28133965,0,0,0,0,0,-0.0352675654,-24.3604794,76.258728,1.15165877,4.2210145,4.4763999,430.012512,66.6753006,0.51880002,0.0250000004,50,1,0.119999997,0.550000012,0.0133333337
C4_rand_0_r0,0,439,0.25333333,0,0,4.4763999,0.0436666682,0.0256666671,0.184986621,0.184553951,0,0,14,2.9096601,8.28133965,0,0,0,0,0,-0.0352675654,-24.3604794,76.258728,1.15165877,4.2210145,4.4763999,430.012512,66.6753006,0.51880002,0.0250000004,50,1,0.119999997,0.550000012,0.0133333337
C4_rand_0_r0,0,440,0.266666681,0,0,4.4763999,0.043333333,0.0253333338,0.180971891,0.180072829,0,0,14,2.9096601,8.28133965,0,0,0,0,0,-0.0352675654,-24.3604794,76.258728,1.15165877,4.2210145,4.4763999,430.012512,66.6753006,0.51880002,0.0250000004,50,1,0.119999997,0.550000012,0.0133333337
C4_rand_0_r0,0,441,0.280000001,0,0,4.4763999,0.0430000015,0.0250000004,0.176272124,0.175899476,0,0,14,2.9096601,8.28133965,0,0,0,0,0,-0.0352675654,-24.3604794,76.258728,1.15165877,4.2210145,4.4763999,430.012512,66.6753006,0.51880002,0.0250000004,50,1,0.119999997,0.550000012,0.0133333337
C4_rand_0_r0,0,442,0.293333322,0,0,4.4763999,0.0426666662,0.024666667,0.17220588,0.17169103,0,0,14,2.9096601,8.28133965,0,0,0,0,0,-0.0352675654,-24.3604794,76.258728,1.15165877,4.2210145,4.4763999,430.012512,66.6753006,0.51880002,0.0250000004,50,1,0.119999997,0.550000012,0.0133333337
C4_rand_0_r0,0,443,0.306666672,0,0,4.4763999,0.0423333347,0.0243333336,0.167573348,0.167262167,0,0,14,2.9096601,8.28133965,0,0,0,0,0,-0.0352675654,-24.3604794,76.258728,1.15165877,4.2210145,4.4763999,430.012512,66.6753006,0.51880002,0.0250000004,50,1,0.119999997,0.550000012,0.0133333337
C4_rand_0_r0,0,444,0.319999993,0,0,4.4763999,0.0419999994,0.0240000002,0.163480923,0.163089201,0,0,14,2.9096601,8.28133965,0,0,0,0,0,-0.0352675654,-24.3604794,76.258728,1.15165877,4.2210145,4.4763999,430.012512,66.6753006,0.51880002,0.0250000004,50,1,0.119999997,0.550000012,0.0133333337
C4_rand_0_r0,0,445,0.333333343,0,0,4.4763999,0.0416666679,0.0236666668,0.158891976,0.158634201,0,0,14,2.9096601,8.28133965,0,0,0,0,0,-0.0352675654,-24.3604794,76.258728,1.15165877,4.2210145,4.4763999,430.012512,66.6753006,0.51880002,0.0250000004,50,1,0.119999997,0.550000012,0.0133333337
C4_rand_0_r0,0,446,0.346666664,0,0,4.4763999,0.0413333327,0.0233333334,0.154761508,0.15447174,0,0,14,2.9096601,8.28133965,0,0,0,0,0,-0.0352675654,-24.3604794,76.258728,1.15165877,4.2210145,4.4763999,430.012512,66.6753006,0.51880002,0.0250000004,50,1,0.119999997,0.550000012,0.0133333337
C4_rand_0_r0,0,447,0.360000014,0,0,4.4763999,0.0410000011,0.023,0.150234014,0.150018141,0,0,14,2.9096601,8.28133965,0,0,0,0,0,-0.0352675654,-24.3604794,76.258728,1.15165877,4.2210145,4.4763999,430.012512,66.6753006,0.51880002,0.0250000004,50,1,0.119999997,0.550000012,0.0133333337
C4_rand_0_r0,0,448,0.373333335,0,0,4.4763999,0.0406666659,0.0226666667,0.146054745,0.145854071,0,0,14,2.9096601,8.28133965,0,0,0,0,0,-0.0352675654,-24.3604794,76.258728,1.15165877,4.2210145,4.4763999,430.012512,66.6753006,0.51880002,0.0250000004,50,1,0.119999997,0.550000012,0.0133333337
C4_rand_0_r0,0,449,0.386666656,0,0,4.4763999,0.0403333344,0.0223333333,0.141603395,0.141400203,0,0,14,2.9096601,8.28133965,0,0,0,0,0,-0.0352675654,-24.3604794,76.258728,1.15165877,4.2210145,4.4763999,430.012512,66.6753006,0.51880002,0.0250000004,50,1,0.119999997,0.550000012,0.0133333337
C4_rand_0_r0,0,450,0.400000006,0,0,4.4763999,0.0399999991,0.0219999999,0.137365147,0.137255326,0,0,14,2.9096601,8.28133965,0,0,0,0,0,-0.0352675654,-24.3604794,76.258728,1.15165877,4.2210145,4.4763999,430.012512,66.6753006,0.51880002,0.0250000004,50,1,0.119999997,0.550000012,0.0133333337
C4_rand_0_r0,0,451,0.413333327,0,0,4.4763999,0.0396666676,0.0216666665,0.133008242,0.132786021,0,0,14,2.9096601,8.28133965,0,0,0,0,0,-0.0352675654,-24.3604794,76.258728,1.15165877,4.2210145,4.4763999,430.012512,66.6753006,0.51880002,0.0250000004,50,1,0.119999997,0.550000012,0.0133333337
C4_rand_0_r0,0,452,0.426666677,0,0,4.4763999,0.0393333323,0.0213333331,0.128697708,0.128649771,0,0,14,2.9096601,8.28133965,0,0,0,0,0,-0.0352675654,-24.3604794,76.258728,1.15165877,4.2210145,4.4763999,430.012512,66.6753006,0.51880002,0.0250000004,50,1,0.119999997,0.550000012,0.0133333337
C4_rand_0_r0,0,453,0.439999998,0,0,4.4763999,0.0390000008,0.0209999997,0.124458209,0.124184273,0,0,14,2.9096601,8.28133965,0,0,0,0,0,-0.0352675654,-24.3604794,76.258728,1.15165877,4.2210145,4.4763999,430.012512,66.6753006,0.51880002,0.0250000004,50,1,0.119999997,0.550000012,0.0133333337
C4_rand_0_r0,0,454,0.453333348,0,0,4.4763999,0.0386666656,0.0206666663,0.120065451,0.120053761,0,0,14,2.9096601,8.28133965,0,0,0,0,0,-0.0352675654,-24.3604794,76.258728,1.15165877,4.2210145,4.4763999,430.012512,66.6753006,0.51880002,0.0250000004,50,1,0.119999997,0.550000012,0.0133333337
C4_rand_0_r0,0,455,0.466666669,0,0,4.4763999,0.038333334,0.0203333329,0.115967475,0.115601532,0,0,14,2.9096601,8.28133965,0,0,0,0,0,-0.0352675654,-24.3604794,76.258728,1.15165877,4.2210145,4.4763999,430.012512,66.6753006,0.51880002,0.0250000004,50,1,0.119999997,0.550000012,0.0133333337
C4_rand_0_r0,0,456,0.479999989,0,0,4.4763999,0.0379999988,0.0199999996,0.111481987,0.111475088,0,0,14,2.9096601,8.28133965,0,0,0,0,0,-0.0352675654,-24.3604794,76.258728,1.15165877,4.2210145,4.4763999,430.012512,66.6753006,0.51880002,0.0250000004,50,1,0.119999997,0.550000012,0.0133333337
C4_rand_0_r0,0,457,0.49333334,0,0,4.4763999,0.0376666673,0.0196666662,0.107550539,0.10703326,0,0,14,2.9096601,8.28133965,0,0,0,0,0,-0.0352675654,-24.3604794,76.258728,1.15165877,4.2210145,4.4763999,430.012512,66.6753006,0.51880002,0.0250000004,50,1,0.119999997,0.550000012,0.0133333337
C4_rand_0_r0,0,458,0.50666666,0,0,4.4763999,0.037333332,0.0193333328,0.102966137,0.102925673,0,0,14,2.9096601,8.28133965,0,0,0,0,0,-0.0352675654,-24.3604794,76.258728,1.15165877,4.2210145,4.4763999,430.012512,66.6753006,0.51880002,0.0250000004,50,1,0.119999997,0.550000012,0.0133333337
C4_rand_0_r0,0,459,0.519999981,0,0,4.4763999,0.0370000005,0.0189999994,0.0990371406,0.0989851728,0,0,14,2.9096601,8.28133965,0,0,0,0,0,-0.0352675654,-24.3604794,76.258728,1.15165877,4.2210145,4.4763999,430.012512,66.6753006,0.51880002,0.0250000004,50,1,0.119999997,0.550000012,0.0133333337
C4_rand_0_r0,0,460,0.533333361,0,0,4.4763999,0.0366666652,0.018666666,0.0945421383,0.09442202,0,0,14,2.9096601,8.28133965,0,0,0,0,0,-0.0352675654,-24.3604794,76.258728,1.15165877,4.2210145,4.4763999,430.012512,66.6753006,0.51880002,0.0250000004,50,1,0.119999997,0.550000012,0.0133333337
C4_rand_0_r0,0,461,0.546666682,0,0,4.4763999,0.0363333337,0.0183333326,0.0905473679,0.09050484,0,0,14,2.9096601,8.28133965,0,0,0,0,0,-0.0352675654,-24.3604794,76.258728,1.15165877,4.2210145,4.4763999,430.012512,66.6753006,0.51880002,0.0250000004,50,1,0.119999997,0.550000012,0.0133333337
C4_rand_0_r0,0,462,0.560000002,0,0,4.4763999,0.0359999985,0.0179999992,0.0862549022,0.086004138,0,0,14,2.9096601,8.28133965,0,0,0,0,0,-0.0352675654,-24.3604794,76.258728,1.15165877,4.2210145,4.4763999,430.012512,66.6753006,0.51880002,0.0250000004,50,1,0.119999997,0.550000012,0.0133333337
C4_rand_0_r0,0,463,0.573333323,0,0,4.4763999,0.0356666669,0.0176666658,0.0822201669,0.0821515992,0,0,14,2.9096601,8.28133965,0,0,0,0,0,-0.0352675654,-24.3604794,76.258728,1.15165877,4.2210145,4.4763999,430.012512,66.6753006,0.51880002,0.0250000004,50,1,0.119999997,0.550000012,0.0133333337
C4_rand_0_r0,0,464,0.586666644,0,0,4.4763999,0.0353333317,0.0173333324,0.0781950504,0.0777713433,0,0,14,2.9096601,8.28133965,0,0,0,0,0,-0.0352675654,-24.3604794,76.258728,1.15165877,4.2210145,4.4763999,430.012512,66.6753006,0.51880002,0.0250000004,50,1,0.119999997,0.550000012,0.0133333337
C4_rand_0_r0,0,465,0.600000024,0,0,4.4763999,0.0350000001,0.0170000009,0.0741782561,0.0740508363,0,0,14,2.9096601,8.28133965,0,0,0,0,0,-0.0352675654,-24.3604794,76.258728,1.15165877,4.2210145,4.4763999,430.012512,66.6753006,0.51880002,0.0250000004,50,1,0.119999997,0.550000012,0.0133333337
C4_rand_0_r0,0,466,0.613333344,0,0,4.4763999,0.0346666649,0.0166666675,0.0702592134,0.0698789284,0,0,14,2.9096601,8.28133965,0,0,0,0,0,-0.0352675654,-24.3604794,76.258728,1.15165877,4.2210145,4.4763999,430.012512,66.6753006,0.51880002,0.0250000004,50,1,0.119999997,0.550000012,0.0133333337
C4_rand_0_r0,0,467,0.626666665,0,0,4.4763999,0.0343333334,0.0163333341,0.0665730312,0.0659470633,0,0,14,2.9096601,8.28133965,0,0,0,0,0,-0.0352675654,-24.3604794,76.258728,1.15165877,4.2210145,4.4763999,430.012512,66.6753006,0.51880002,0.0250000004,50,1,0.119999997,0.550000012,0.0133333337
C4_rand_0_r0,0,468,0.639999986,0,0,4.4763999,0.0340000018,0.0160000008,0.062848039,0.0624950938,0,0,14,2.9096601,8.28133965,0,0,0,0,0,-0.0352675654,-24.3604794,76.258728,1.15165877,4.2210145,4.4763999,430.012512,66.6753006,0.51880002,0.0250000004,50,1,0.119999997,0.550000012,0.0133333337
C4_rand_0_r0,0,469,0.653333306,0,0,4.4763999,0.0336666666,0.0156666674,0.0592443421,0.058883246,0,0,14,2.9096601,8.28133965,0,0,0,0,0,-0.0352675654,-24.3604794,76.258728,1.15165877,4.2210145,4.4763999,430.012512,66.6753006,0.51880002,0.0250000004,50,1,0.119999997,0.550000012,0.0133333337
C4_rand_0_r0,0,470,0.666666687,0,0,4.4763999,0.0333333351,0.0153333331,0.0561908372,0.0551810078,0,0,14,2.9096601,8.28133965,0,0,0,0,0,-0.0352675654,-24.3604794,76.258728,1.15165877,4.2210145,4.4763999,430.012512,66.6753006,0.51880002,0.0250000004,50,1,0.119999997,0.550000012,0.0133333337
C4_rand_0_r0,0,471,0.680000007,0,0,4.4763999,0.0329999998,0.0149999997,0.0525878482,0.0524813123,0,0,14,2.9096601,8.28133965,0,0,0,0,0,-0.0352675654,-24.3604794,76.258728,1.15165877,4.2210145,4.4763999,430.012512,66.6753006,0.51880002,0.0250000004,50,1,0.119999997,0.550000012,0.0133333337
C4_rand_0_r0,0,472,0.693333328,0,0,4.4763999,0.0326666683,0.0146666663,0.0499066226,0.0491357483,0,0,14,2.9096601,8.28133965,0,0,0,0,0,-0.0352675654,-24.3604794,76.258728,1.15165877,4.2210145,4.4763999,430.012512,66.6753006,0.51880002,0.0250000004,50,1,0.119999997,0.550000012,0.0133333337
C4_rand_0_r0,0,473,0.706666648,0,0,4.4763999,0.032333333,0.0143333329,0.0468040816,0.0467845276,0,0,14,2.9096601,8.28133965,0,0,0,0,0,-0.0352675654,-24.3604794,76.258728,1.15165877,4.2210145,4.4763999,430.012512,66.6753006,0.51880002,0.0250000004,50,1,0.119999997,0.550000012,0.0133333337
C4_rand_0_r0,0,474,0.720000029,0,0.733428299,4.4763999,0.0320000015,0.0140000004,0.0444348939,0.0437869765,0,1.33350599,14,2.9096601,8.28133965,0,0,0,0,0,-0.0352675654,-24.3604794,76.258728,1.15165877,4.2210145,4.4763999,430.012512,66.6753006,0.51880002,0.0250000004,50,1,0.119999997,0.550000012,0.0133333337
C4_rand_0_r0,0,475,0.733333349,0,1.06347108,4.4763999,0.0316666663,0.013666667,0.0417427532,0.0412919745,0,1.33350599,14,2.9096601,8.28133965,0,0,0,0,0,-0.0352675654,-24.3604794,76.258728,1.15165877,4.2210145,4.4763999,430.012512,66.6753006,0.51880002,0.0250000004,50,1,0.119999997,0.550000012,0.0133333337
C4_rand_0_r0,0,476,0.74666667,0,1.21199024,4.4763999,0.0313333347,0.0133333337,0.0393033214,0.0389104001,0,1.33350599,14,2.9096601,8.28133965,0,0,0,0,0,-0.0352675654,-24.3604794,76.258728,1.15165877,4.2210145,4.4763999,430.012512,66.6753006,0.51880002,0.0250000004,50,1,0.119999997,0.550000012,0.0133333337
C4_rand_0_r0,0,477,0.75999999,0,1.27882397,4.4763999,0.0309999995,0.0130000003,0.0371934809,0.0369063802,0,1.33350599,14,2.9096601,8.28133965,0,0,0,0,0,-0.0352675654,-24.3604794,76.258728,1.15165877,4.2210145,4.4763999,430.012512,66.6753006,0.51880002,0.0250000004,50,1,0.119999997,0.550000012,0.0133333337
C4_rand_0_r0,0,478,0.773333311,0,1.30889904,4.4763999,0.0306666661,0.0126666669,0.0350626521,0.0348502994,0,1.33350599,14,2.9096601,8.28133965,0,0,0,0,0,-0.0352675654,-24.3604794,76.258728,1.15165877,4.2210145,4.4763999,430.012512,66.6753006,0.51880002,0.0250000004,50,1,0.119999997,0.550000012,0.0133333337
C4_rand_0_r0,0,479,0.786666691,0,1.32243288,4.4763999,0.0303333327,0.0123333335,0.0332486853,0.0328613035,0,1.33350599,14,2.9096601,8.28133965,0,0,0,0,0,-0.0352675654,-24.3604794,76.258728,1.15165877,4.2210145,4.4763999,430.012512,66.6753006,0.51880002,0.0250000004,50,1,0.119999997,0.550000012,0.0133333337
C4_rand_0_r0,0,480,0.800000012,0,1.32852304,4.4763999,0.0299999993,0.0120000001,0.0314408876,0.0312872641,0,1.33350599,14,2.9096601,8.28133965,0,0,0,0,0,-0.0352675654,-24.3604794,76.258728,1.15165877,4.2210145,4.4763999,430.012512,66.6753006,0.51880002,0.0250000004,50,1,0.119999997,0.550000012,0.0133333337
C4_rand_0_r0,0,481,0.813333333,0,1.33126366,4.4763999,0.0296666659,0.0116666667,0.0296910945,0.0296227206,0,1.33350599,14,2.9096601,8.28133965,0,0,0,0,0,-0.0352675654,-24.3604794,76.258728,1.15165877,4.2210145,4.4763999,430.012512,66.6753006,0.51880002,0.0250000004,50,1,0.119999997,0.550000012,0.0133333337
C4_rand_0_r0,0,482,0.826666653,0,1.332497,4.4763999,0.0293333326,0.0113333333,0.028561404,0.0280696191,0,1.33350599,14,2.9096601,8.28133965,0,0,0,0,0,-0.0352675654,-24.3604794,76.258728,1.15165877,4.2210145,4.4763999,430.012512,66.6753006,0.51880002,0.0250000004,50,1,0.119999997,0.550000012,0.0133333337
C4_rand_0_r0,0,483,0.839999974,0,1.33305192,4.4763999,0.0289999992,0.0109999999,0.0270034894,0.026812369,0,1.33350599,14,2.9096601,8.28133965,0,0,0,0,0,-0.0352675654,-24.3604794,76.258728,1.15165877,4.2210145,4.4763999,430.012512,66.6753006,0.51880002,0.0250000004,50,1,0.119999997,0.550000012,0.0133333337
C4_rand_0_r0,0,484,0.853333354,0,1.33330166,4.4763999,0.0286666658,0.0106666666,0.0255102981,0.0254963171,0,1.33350599,14,2.9096601,8.28133965,0,0,0,0,0,-0.0352675654,-24.3604794,76.258728,1.15165877,4.2210145,4.4763999,430.012512,66.6753006,0.51880002,0.0250000004,50,1,0.119999997,0.550000012,0.0133333337
C4_rand_0_r0,0,485,0.866666675,0,1.33341408,4.4763999,0.0283333343,0.0103333332,0.0246880222,0.0242888872,0,1.33350599,14,2.9096601,8.28133965,0,0,0,0,0,-0.0352675654,-24.3604794,76.258728,1.15165877,4.2210145,4.4763999,430.012512,66.6753006,0.51880002,0.0250000004,50,1,0.119999997,0.550000012,0.0133333337
C4_rand_0_r0,0,486,0.879999995,0,1.33346462,4.4763999,0.0280000009,0.00999999978,0.0235756468,0.0234746095,0,1.33350599,14,2.9096601,8.28133965,0,0,0,0,0,-0.0352675654,-24.3604794,76.258728,1.15165877,4.2210145,4.4763999,430.012512,66.6753006,0.51880002,0.0250000004,50,1,0.119999997,0.550000012,0.0133333337
C4_rand_0_r0,0,487,0.893333316,0,1.33348739,4.4763999,0.0276666675,0.00966666639,0.0223906767,0.0223807991,0,1.33350599,14,2.9096601,8.28133965,0,0,0,0,0,-0.0352675654,-24.3604794,76.258728,1.15165877,4.2210145,4.4763999,430.012512,66.6753006,0.51880002,0.0250000004,50,1,0.119999997,0.550000012,0.0133333337
C4_rand_0_r0,0,488,0.906666696,0,1.33349764,4.4763999,0.0273333341,0.009333333,0.0218879506,0.021477351,0,1.33350599,14,2.9096601,8.28133965,0,0,0,0,0,-0.0352675654,-24.3604794,76.258728,1.15165877,4.2210145,4.4763999,430.012512,66.6753006,0.51880002,0.0250000004,50,1,0.119999997,0.550000012,0.0133333337
C4_rand_0_r0,0,489,0.920000017,0,1.33350217,4.4763999,0.0270000007,0.00899999961,0.0210398231,0.020940911,0,1.33350599,14,2.9096601,8.28133965,0,0,0,0,0,-0.0352675654,-24.3604794,76.258728,1.15165877,4.2210145,4.4763999,430.012512,66.6753006,0.51880002,0.0250000004,50,1,0.119999997,0.550000012,0.0133333337
C4_rand_0_r0,0,490,0.933333337,0,1.33350432,4.4763999,0.0266666673,0.00866666622,0.0201830901,0.0201307256,0,1.33350599,14,2.9096601,8.28133965,0,0,0,0,0,-0.0352675654,-24.3604794,76.258728,1.15165877,4.2210145,4.4763999,430.012512,66.6753006,0.51880002,0.0250000004,50,1,0.119999997,0.550000012,0.0133333337
C4_rand_0_r0,0,491,0.946666658,0,1.33350527,4.4763999,0.0263333339,0.00833333377,0.0198628381,0.0197466202,0,1.33350599,14,2.9096601,8.28133965,0,0,0,0,0,-0.0352675654,-24.3604794,76.258728,1.15165877,4.2210145,4.4763999,430.012512,66.6753006,0.51880002,0.0250000004,50,1,0.119999997,0.550000012,0.0133333337
C4_rand_0_r0,0,492,0.959999979,0,1.33350563,4.4763999,0.0260000005,0.00800000038,0.0193750244,0.0190298297,0,1.33350599,14,2.9096601,8.28133965,0,0,0,0,0,-0.0352675654,-24.3604794,76.258728,1.15165877,4.2210145,4.4763999,430.012512,66.6753006,0.51880002,0.0250000004,50,1,0.119999997,0.550000012,0.0133333337
C4_rand_0_r0,0,493,0.973333359,0,1.33350587,4.4763999,0.0256666671,0.00766666653,0.0188082624,0.0185823832,0,1.33350599,14,2.9096601,8.28133965,0,0,0,0,0,-0.0352675654,-24.3604794,76.258728,1.15165877,4.2210145,4.4763999,430.012512,66.6753006,0.51880002,0.0250000004,50,1,0.119999997,0.550000012,0.0133333337
C4_rand_0_r0,0,494,0.986666679,0,1.33350599,4.4763999,0.0253333338,0.00733333314,0.0184690617,0.0183752757,0,1.33350599,14,2.9096601,8.28133965,0,0,0,0,0,-0.0352675654,-24.3604794,76.258728,1.15165877,4.2210145,4.4763999,430.012512,66.6753006,0.51880002,0.0250000004,50,1,0.119999997,0.550000012,0.0133333337
C4_rand_0_r0,0,495,1,0,1.35291231,4.4763999,0.0250000004,0.00700000022,0.0182836279,0.017917946,8.20539353e-05,1.36879027,14,2.9096601,8.28133965,0,0,0,0,0,-0.0352675654,-24.3604794,76.258728,1.15165877,4.2210145,4.4763999,430.012512,66.6753006,0.51880002,0.0250000004,50,1,0.119999997,0.550000012,0.0133333337
C4_rand_0_r0,0,496,1.01333332,1,1.44920492,4.4763999,0.024666667,0.00666666683,0.0182764493,0.0175477248,0.000452274602,1.52798975,14,2.9096601,8.28133965,0,0,0,0,0,-2.74728847,-31.9634056,72.1490936,1.42654026,7.34538746,4.4763999,430.012512,66.6753006,0.51880002,0.0250000004,50,1,0.119999997,0.550000012,0.0133333337
C4_rand_0_r0,0,497,1.02666664,1,1.5165416,4.4763999,0.0243333336,0.00633333344,0.0176731311,0.0174462274,0.000553773018,1.57163537,14,2.9096601,8.28133965,0,0,0,0,0,-2.74728847,-31.9634056,72.1490936,1.42654026,7.34538746,4.4763999,430.012512,66.6753006,0.51880002,0.0250000004,50,1,0.119999997,0.550000012,0.0133333337
C4_rand_0_r0,0,498,1.03999996,1,1.62049818,4.4763999,0.0240000002,0.00600000005,0.0177527778,0.0171347987,0.000865201699,1.70555353,14,2.9096601,8.28133965,0,0,0,0,0,-2.74728847,-31.9634056,72.1490936,1.42654026,7.34538746,4.4763999,430.012512,66.6753006,0.51880002,0.0250000004,50,1,0.119999997,0.550000012,0.0133333337
C4_rand_0_r0,0,499,1.05333328,1,1.68030131,4.4763999,0.0236666668,0.00566666666,0.0174135249,0.0170797352,0.000920264225,1.72923112,14,2.9096601,8.28133965,0,0,0,0,0,-2.74728847,-31.9634056,72.1490936,1.42654026,7.34538746,4.4763999,430.012512,66.6753006,0.51880002,0.0250000004,50,1,0.119999997,0.550000012,0.0133333337
C4_rand_0_r0,0,500,1.06666672,1,1.77058077,4.4763999,0.0233333334,0.00533333328,0.0175885111,0.016811803,0.00118819764,1.84444582,14,2.9096601,8.28133965,0,0,0,0,0,-2.74728847,-31.9634056,72.1490936,1.42654026,7.34538746,4.4763999,430.012512,66.6753006,0.51880002,0.0250000004,50,1,0.119999997,0.550000012,0.0133333337
C4_rand_0_r0,0,501,1.08000004,1,1.81307006,4.4763999,0.023,0.00499999989,0.0175695978,0.016803924,0.00119607663,1.84783387,14,2.9096601,8.28133965,0,0,0,0,0,-2.74728847,-31.9634056,72.1490936,1.42654026,7.34538746,4.4763999,430.012512,66.6753006,0.51880002,0.0250000004,50,1,0.119999997,0.550000012,0.0133333337
C4_rand_0_r0,0,502,1.09333336,1,1.81484056,4.4763999,0.0226666667,0.0046666665,0.0169819184,0.0168772805,0.00112271868,1.81628907,14,2.9096601,8.28133965,0,0,0,0,0,-2.74728847,-31.9634056,72.1490936,1.42654026,7.34538746,4.4763999,430.012512,66.6753006,0.51880002,0.0250000004,50,1,0.119999997,0.550000012,0.0133333337
C4_rand_0_r0,0,503,1.10666668,1,1.92616105,4.4763999,0.0223333333,0.00433333311,0.0177079849,0.0164099634,0.00159003609,2.01724148,14,2.9096601,8.28133965,0,0,0,0,0,-2.74728847,-31.9634056,72.1490936,1.42654026,7.34538746,4.4763999,430.012512,66.6753006,0.51880002,0.0250000004,50,1,0.119999997,0.550000012,0.0133333337
C4_rand_0_r0,0,504,1.12,1,1.90507376,4.4763999,0.0219999999,0.00400000019,0.0167482123,0.0167109333,0.00128906639,1.8878206,14,2.9096601,8.28133965,0,0,0,0,0,-2.74728847,-31.9634056,72.1490936,1.42654026,7.34538746,4.4763999,430.012512,66.6753006,0.51880002,0.0250000004,50,1,0.119999997,0.550000012,0.0133333337
C4_rand_0_r0,0,505,1.13333333,1,2.01515555,4.4763999,0.0216666665,0.00366666657,0.0176154114,0.016205363,0.00179463706,2.10522246,14,2.9096601,8.28133965,0,0,0,0,0,-2.74728847,-31.9634056,72.1490936,1.42654026,7.34538746,4.4763999,430.012512,66.6753006,0.51880002,0.0250000004,50,1,0.119999997,0.550000012,0.0133333337
C4_rand_0_r0,0,506,1.14666665,1,2.08676815,4.4763999,0.0213333331,0.00333333341,0.0170345251,0.0161120221,0.00188797794,2.14536023,14,2.9096601,8.28133965,0,0,0,0,0,-2.74728847,-31.9634056,72.1490936,1.42654026,7.34538746,4.4763999,430.012512,66.6753006,0.51880002,0.0250000004,50,1,0.119999997,0.550000012,0.0133333337
C4_rand_0_r0,0,507,1.15999997,1,2.15270877,4.4763999,0.0209999997,0.00300000003,0.0171749052,0.0159694683,0.00203053257,2.20666051,14,2.9096601,8.28133965,0,0,0,0,0,-2.74728847,-31.9634056,72.1490936,1.42654026,7.34538746,4.4763999,430.012512,66.6753006,0.51880002,0.0250000004,50,1,0.119999997,0.550000012,0.0133333337
C4_rand_0_r0,0,508,1.17333329,1,2.21104574,4.4763999,0.0206666663,0.00266666664,0.0172498729,0.0158482715,0.00215172768,2.25877571,14,2.9096601,8.28133965,0,0,0,0,0,-2.74728847,-31.9634056,72.1490936,1.42654026,7.34538746,4.4763999,430.012512,66.6753006,0.51880002,0.0250000004,50,1,0.119999997,0.550000012,0.0133333337
C4_rand_0_r0,0,509,1.18666661,1,2.15369821,4.4763999,0.0203333329,0.00233333325,0.0164692923,0.0162017457,0.00179825374,2.10677767,14,2.9096601,8.28133965,0,0,0,0,0,-2.74728847,-31.9634056,72.1490936,1.42654026,7.34538746,4.4763999,430.012512,66.6753006,0.51880002,0.0250000004,50,1,0.119999997,0.550000012,0.0133333337
C4_rand_0_r0,0,510,1.20000005,1,2.28264046,4.4763999,0.0199999996,0.00200000009,0.0175640453,0.0155474367,0.00245256326,2.38813877,14,2.9096601,8.28133965,0,0,0,0,0,-2.74728847,-31.9634056,72.1490936,1.42654026,7.34538746,4.4763999,430.012512,66.6753006,0.51880002,0.0250000004,50,1,0.119999997,0.550000012,0.0133333337
C4_rand_0_r0,0,511,1.21333337,1,2.24491382,4.4763999,0.0196666662,0.00166666671,0.0160553455,0.015952291,0.00204770896,2.21404648,14,2.9096601,8.28133965,0,0,0,0,0,-2.74728847,-31.9634056,72.1490936,1.42654026,7.34538746,4.4763999,430.012512,66.6753006,0.51880002,0.0250000004,50,1,0.119999997,0.550000012,0.0133333337
C4_rand_0_r0,0,512,1.22666669,1,2.13655877,4.4763999,0.0193333328,0.00133333332,0.0168691278,0.0163386557,0.00166134385,2.04790449,14,2.9096601,8.28133965,0,0,0,0,0,-2.74728847,-31.9634056,72.1490936,1.42654026,7.34538746,4.4763999,430.012512,66.6753006,0.51880002,0.0250000004,50,1,0.119999997,0.550000012,0.0133333337
C4_rand_0_r0,0,513,1.24000001,1,2.25210023,4.4763999,0.0189999994,0.00100000005,0.015928911,0.0156439561,0.00235604402,2.34663439,14,2.9096601,8.28133965,0,0,0,0,0,-2.74728847,-31.9634056,72.1490936,1.42654026,7.34538746,4.4763999,430.012512,66.6753006,0.51880002,0.0250000004,50,1,0.119999997,0.550000012,0.0133333337
C4_rand_0_r0,0,514,1.25333333,1,2.32274389,4.4763999,0.018666666,0.00066666666,0.0163577646,0.0155651011,0.0024348991,2.38054299,14,2.9096601,8.28133965,0,0,0,0,0,-2.74728847,-31.9634056,72.1490936,1.42654026,7.34538746,4.4763999,430.012512,66.6753006,0.51880002,0.0250000004,50,1,0.119999997,0.550000012,0.0133333337
C4_rand_0_r0,0,515,1.26666665,1,2.49920774,4.4763999,0.0183333326,0.00033333333,0.0157235321,0.0149533879,0.00304661202,2.64358735,14,2.9096601,8.28133965,0,0,0,0,0,-2.74728847,-31.9634056,72.1490936,1.42654026,7.34538746,4.4763999,430.012512,66.6753006,0.51880002,0.0250000004,50,1,0.119999997,0.550000012,0.0133333337
C4_rand_0_r0,0,516,1.27999997,1,2.55023599,4.4763999,0.0179999992,5.89805982e-17,0.0155924251,0.015073386,0.00292661367,2.59198642,14,2.9096601,8.28133965,0,0,0,0,0,-2.74728847,-31.9634056,72.1490936,1.42654026,7.34538746,4.4763999,430.012512,66.6753006,0.51880002,0.0250000004,50,1,0.119999997,0.550000012,0.0133333337
C4_rand_0_r0,0,517,1.29333329,1,2.7802763,4.4763999,0.0176666658,-0.00033333333,0.0149145219,0.0141978199,0.00380218029,2.96849108,14,2.9096601,8.28133965,0,0,0,0,0,-2.74728847,-31.9634056,72.1490936,1.42654026,7.34538746,4.4763999,430.012512,66.6753006,0.51880002,0.0250000004,50,1,0.119999997,0.550000012,0.0133333337
C4_rand_0_r0,0,518,1.30666661,1,3.01384497,4.4763999,0.0173333324,-0.00066666666,0.0142766302,0.0136479391,0.00435206061,3.20494652,14,2.9096601,8.28133965,1,1,0,1,0,-2.74728847,-31.9634056,72.1490936,1.42654026,7.34538746,4.4763999,430.012512,66.6753006,0.51880002,0.0250000004,50,1,0.119999997,0.550000012,0.0133333337
C4_rand_0_r0,0,519,1.35854661,1,3.18276978,4.4763999,0.0170000009,-0.00100000005,0.0136911375,0.0133780995,0.00462190062,3.32098103,14,2.9096601,8.28133965,1,1,0,2,0,-2.74728847,-31.9634056,72.1490936,1.42654026,7.34538746,4.4763999,430.012512,66.6753006,0.51880002,0.0250000004,50,1,0.119999997,0.550000012,0.0133333337
C4_rand_0_r0,0,520,1.41042662,1,3.34808636,4.4763999,0.0166666675,-0.00133333332,0.0133343665,0.013000519,0.00499948114,3.48334551,14,2.9096601,8.28133965,1,1,0,3,0,-2.74728847,-31.9634056,72.1490936,1.42654026,7.34538746,4.4763999,430.012512,66.6753006,0.51880002,0.0250000004,50,1,0.119999997,0.550000012,0.0133333337
C4_rand_0_r0,0,521,1.46230662,1,3.51442456,4.4763999,0.0163438953,-0.00165610434,0.0130156651,0.0126117533,0.00538824685,3.65051937,14,2.9096601,8.28133965,1,1,0,4,0,-2.74728847,-31.9634056,72.1490936,1.42654026,7.34538746,4.4763999,430.012512,66.6753006,0.51880002,0.0250000004,50,1,0.119999997,0.550000012,0.0133333337
C4_rand_0_r0,0,522,1.51418662,1,3.59541798,4.4763999,0.0160453841,-0.00195461675,0.0130967824,0.0124875223,0.00551247783,3.66168523,14,2.9096601,8.28133965,1,1,0,5,0,-2.74728847,-31.9634056,72.1490936,1.42654026,7.34538746,4.4763999,430.012512,66.6753006,0.51880002,0.0250000004,50,1,0.119999997,0.550000012,0.0133333337
C4_rand_0_r0,0,523,1.56606662,1,3.69556737,4.4763999,0.0157787334,-0.00222126674,0.0131026553,0.0119924918,0.00600750791,3.77750778,14,2.9096601,8.28133965,1,1,0,6,0,-2.74728847,-31.9634056,72.1490936,1.42654026,7.34538746,4.4763999,430.012512,66.6753006,0.51880002,0.0250000004,50,1,0.119999997,0.550000012,0.0133333337
C4_rand_0_r0,0,524,1.61794662,1,3.89849591,4.4763999,0.0155737624,-0.00242623733,0.0119702239,0.0110285971,0.00697140256,4.06452847,14,2.9096601,8.28133965,1,1,0,7,0,-2.74728847,-31.9634056,72.1490936,1.42654026,7.34538746,4.4763999,430.012512,66.6753006,0.51880002,0.0250000004,50,1,0.119999997,0.550000012,0.0133333337
C4_rand_0_r0,0,525,1.66982663,1,3.77278686,4.4763999,0.0153441532,-0.00265584723,0.0122201601,0.0113724126,0.00662758714,3.6699338,14,2.9096601,8.28133965,1,1,0,8,0,-2.74728847,-31.9634056,72.1490936,1.42654026,7.34538746,4.4763999,430.012512,66.6753006,0.51880002,0.0250000004,50,1,0.119999997,0.550000012,0.0133333337
C4_rand_0_r0,0,526,1.72170663,1,3.9646585,4.4763999,0.0151637346,-0.00283626583,0.0107266614,0.0105511788,0.00744882086,4.1216445,14,2.9096601,8.28133965,1,1,0,9,0,-2.74728847,-31.9634056,72.1490936,1.42654026,7.34538746,4.4763999,430.012512,66.6753006,0.51880002,0.0250000004,50,1,0.119999997,0.550000012,0.0133333337
C4_rand_0_r0,0,527,1.77358663,1,3.90570998,4.4763999,0.0149751389,-0.00302486075,0.0115704648,0.0107078608,0.00729213934,3.85747933,14,2.9096601,8.28133965,1,1,0,10,0,-2.74728847,-31.9634056,72.1490936,1.42654026,7.34538746,4.4763999,430.012512,66.6753006,0.51880002,0.0250000004,50,1,0.119999997,0.550000012,0.0133333337
C4_rand_0_r0,0,528,1.82546663,1,3.96656847,4.4763999,0.0148020871,-0.00319791306,0.0107072415,0.010414442,0.00758555811,4.01636171,14,2.9096601,8.28133965,1,1,0,11,0,-2.74728847,-31.9634056,72.1490936,1.42654026,7.34538746,4.4763999,430.012512,66.6753006,0.51880002,0.0250000004,50,1,0.119999997,0.550000012,0.0133333337
C4_rand_0_r0,0,529,1.87734663,1,4.01597786,4.4763999,0.0146453502,-0.00335465022,0.010857244,0.0101767285,0.00782327168,4.05640364,14,2.9096601,8.28133965,1,1,0,12,0,-2.74728847,-31.9634056,72.1490936,1.42654026,7.34538746,4.4763999,430.012512,66.6753006,0.51880002,0.0250000004,50,1,0.119999997,0.550000012,0.0133333337
C4_rand_0_r0,0,530,1.92922664,1,3.7879045,4.4763999,0.0144279785,-0.00357202184,0.011759785,0.0110832956,0.00691670412,3.60129905,14,2.9096601,8.28133965,1,1,0,13,0,-2.74728847,-31.9634056,72.1490936,1.42654026,7.34538746,4.4763999,430.012512,66.6753006,0.51880002,0.0250000004,50,1,0.119999997,0.550000012,0.0133333337
C4_rand_0_r0,0,531,1.98110664,1,4.2051549,4.4763999,0.0143164033,-0.00368359615,0.00991908927,0.00944922026,0.00855077989,4.54654121,14,2.9096601,8.28133965,1,1,0,14,0,-2.74728847,-31.9634056,72.1490936,1.42654026,7.34538746,4.4763999,430.012512,66.6753006,0.51880002,0.0250000004,50,1,0.119999997,0.550000012,0.0133333337
C4_rand_0_r0,0,532,2.03298664,2,4.15522766,4.4763999,0.0142085934,-0.00379140652,0.0115751699,0.00946996454,0.00853003561,4.11437798,14,2.9096601,8.28133965,1,1,0,15,0,-0.834737003,-17.2067318,67.0615082,1.47867298,9.2527771,4.4763999,430.012512,66.6753006,0.51880002,0.0250000004,50,1,0.119999997,0.550000012,0.0133333337
C4_rand_0_r0,0,533,2.08486676,2,3.93971252,4.4763999,0.0140415449,-0.00395845482,0.0103914775,0.0102511905,0.00774880964,3.7633822,14,2.9096601,8.28133965,1,1,0,16,0,-0.834737003,-17.2067318,67.0615082,1.47867298,9.2527771,4.4763999,430.012512,66.6753006,0.51880002,0.0250000004,50,1,0.119999997,0.550000012,0.0133333337
C4_rand_0_r0,0,534,2.13674664,2,4.48228359,4.4763999,0.0140153384,-0.00398466177,0.0101834061,0.0080981357,0.00990186445,4.92620516,14,2.9096601,8.28133965,1,1,0,17,0,-0.834737003,-17.2067318,67.0615082,1.47867298,9.2527771,4.4763999,430.012512,66.6753006,0.51880002,0.0250000004,50,1,0.119999997,0.550000012,0.0133333337
C4_rand_0_r0,0,535,2.18862677,2,3.99259949,4.4763999,0.0138765816,-0.00412341859,0.00996948779,0.00989068393,0.00810931623,3.59194922,14,2.9096601,8.28133965,1,1,0,18,0,-0.834737003,-17.2067318,67.0615082,1.47867298,9.2527771,4.4763999,430.012512,66.6753006,0.51880002,0.0250000004,50,1,0.119999997,0.550000012,0.0133333337
C4_rand_0_r0,0,536,2.24050665,2,4.22046041,4.4763999,0.0137823606,-0.0042176391,0.00952728186,0.0090426039,0.00895739626,4.40689182,14,2.9096601,8.28133965,1,1,0,19,0,-0.834737003,-17.2067318,67.0615082,1.47867298,9.2527771,4.4763999,430.012512,66.6753006,0.51880002,0.0250000004,50,1,0.119999997,0.550000012,0.0133333337
C4_rand_0_r0,0,537,2.29238677,2,4.36849594,4.4763999,0.0137366839,-0.00426331628,0.00864411518,0.0084358938,0.00956410635,4.48961592,14,2.9096601,8.28133965,1,1,0,20,0,-0.834737003,-17.2067318,67.0615082,1.47867298,9.2527771,4.4763999,430.012512,66.6753006,0.51880002,0.0250000004,50,1,0.119999997,0.550000012,0.0133333337
C4_rand_0_r0,0,538,2.34426665,2,4.36696911,4.4763999,0.0136986738,-0.00430132635,0.00872773305,0.00827240106,0.0097275991,4.36572027,14,2.9096601,8.28133965,1,1,0,21,0,-0.834737003,-17.2067318,67.0615082,1.47867298,9.2527771,4.4763999,430.012512,66.6753006,0.51880002,0.0250000004,50,1,0.119999997,0.550000012,0.0133333337
C4_rand_0_r0,0,539,2.39614677,2,4.70231438,4.4763999,0.0137550924,-0.00424490729,0.00773807382,0.00678026304,0.0112197371,4.97668791,14,2.9096601,8.28133965,1,1,0,22,0,-0.834737003,-17.2067318,67.0615082,1.47867298,9.2527771,4.4763999,430.012512,66.6753006,0.51880002,0.0250000004,50,1,0.119999997,0.550000012,0.0133333337
C4_rand_0_r0,0,540,2.44802666,2,4.75554371,4.4763999,0.013842036,-0.00415796414,0.0063157347,0.00631475868,0.011685241,4.79909468,14,2.9096601,8.28133965,1,1,0,23,0,-0.834737003,-17.2067318,67.0615082,1.47867298,9.2527771,4.4763999,430.012512,66.6753006,0.51880002,0.0250000004,50,1,0.119999997,0.550000012,0.0133333337
C4_rand_0_r0,0,541,2.49990678,2,4.87378693,4.4763999,0.0139669115,-0.00403308868,0.00746806664,0.00563210668,0.012367893,4.97053146,14,2.9096601,8.28133965,1,1,0,24,0,-0.834737003,-17.2067318,67.0615082,1.47867298,9.2527771,4.4763999,430.012512,66.6753006,0.51880002,0.0250000004,50,1,0.119999997,0.550000012,0.0133333337
C4_rand_0_r0,0,542,2.55178666,2,5.14808369,4.4763999,0.014174303,-0.00382569712,0.00519442838,0.00434440607,0.0136555936,5.37250853,14,2.9096601,8.28133965,1,1,0,25,0,-0.834737003,-17.2067318,67.0615082,1.47867298,9.2527771,4.4763999,430.012512,66.6753006,0.51880002,0.0250000004,50,1,0.119999997,0.550000012,0.0133333337
C4_rand_0_r0,0,543,2.60366678,2,5.11165428,4.4763999,0.0143853277,-0.00361467246,0.0066362191,0.00425267546,0.0137473242,5.08184814,14,2.9096601,8.28133965,1,1,0,26,0,-0.834737003,-17.2067318,67.0615082,1.47867298,9.2527771,4.4763999,430.012512,66.6753006,0.51880002,0.0250000004,50,1,0.119999997,0.550000012,0.0133333337
C4_rand_0_r0,0,544,2.65554667,2,4.93270302,4.4763999,0.0145472493,-0.00345275085,0.00602620421,0.00490620267,0.0130937975,4.78628826,14,2.9096601,8.28133965,1,1,0,27,0,-0.834737003,-17.2067318,67.0615082,1.47867298,9.2527771,4.4763999,430.012512,66.6753006,0.51880002,0.0250000004,50,1,0.119999997,0.550000012,0.0133333337
C4_rand_0_r0,0,545,2.70742655,2,5.22554493,4.4763999,0.0147823319,-0.00321766804,0.00430102972,0.00378433615,0.014215664,5.46514273,14,2.9096601,8.28133965,1,1,0,28,0,-0.834737003,-17.2067318,67.0615082,1.47867298,9.2527771,4.4763999,430.012512,66.6753006,0.51880002,0.0250000004,50,1,0.119999997,0.550000012,0.0133333337
C4_rand_0_r0,0,546,2.75930667,2,4.97460938,4.4763999,0.0149599044,-0.00304009602,0.005252006,0.00472189393,0.0132781062,4.76929903,14,2.9096601,8.28133965,1,1,0,29,0,-0.834737003,-17.2067318,67.0615082,1.47867298,9.2527771,4.4763999,430.012512,66.6753006,0.51880002,0.0250000004,50,1,0.119999997,0.550000012,0.0133333337
C4_rand_0_r0,0,547,2.81118655,2,5.46464968,4.4763999,0.0152640129,-0.00273598707,0.00291514094,0.00270748814,0.0152925113,5.86559105,14,2.9096601,8.28133965,1,1,0,30,0,-0.834737003,-17.2067318,67.0615082,1.47867298,9.2527771,4.4763999,430.012512,66.6753006,0.51880002,0.0250000004,50,1,0.119999997,0.550000012,0.0133333337
C4_rand_0_r0,0,548,2.86306667,2,5.16214895,4.4763999,0.0155051835,-0.0024948162,0.00493847858,0.00374171045,0.0142582897,4.91464901,14,2.9096601,8.28133965,1,1,0,31,0,-0.834737003,-17.2067318,67.0615082,1.47867298,9.2527771,4.4763999,430.012512,66.6753006,0.51880002,0.0250000004,50,1,0.119999997,0.550000012,0.0133333337
C4_rand_0_r0,0,549,2.91494656,2,5.64462757,4.4763999,0.0158385169,-0.00216148281,0.00420009345,0.0017116582,0.016288342,6.03938293,14,2.9096601,8.28133965,1,1,0,32,0,-0.834737003,-17.2067318,67.0615082,1.47867298,9.2527771,4.4763999,430.012512,66.6753006,0.51880002,0.0250000004,50,1,0.119999997,0.550000012,0.0133333337
C4_rand_0_r0,0,550,2.96682668,2,5.13429356,4.4763999,0.0160768218,-0.00192317914,0.00450674631,0.00393005135,0.0140699493,4.71674776,14,2.9096601,8.28133965,1,1,0,33,0,-0.834737003,-17.2067318,67.0615082,1.47867298,9.2527771,4.4763999,430.012512,66.6753006,0.51880002,0.0250000004,50,1,0.119999997,0.550000012,0.0133333337
C4_rand_0_r0,0,551,3.01870656,3,4.98406887,4.4763999,0.016257558,-0.00174244272,0.00461314898,0.0044783093,0.0135216909,4.86115742,14,2.9096601,8.28133965,1,1,0,34,0,1.14513397,-30.7513256,58.0852966,1.34123218,1.258582,4.4763999,430.012512,66.6753006,0.51880002,0.0250000004,50,1,0.119999997,0.550000012,0.0133333337
C4_rand_0_r0,0,552,3.07058668,3,5.52274275,4.4763999,0.0165783316,-0.00142166915,0.00379109615,0.0024504161,0.0155495843,5.96347618,14,2.9096601,8.28133965,1,1,0,35,0,1.14513397,-30.7513256,58.0852966,1.34123218,1.258582,4.4763999,430.012512,66.6753006,0.51880002,0.0250000004,50,1,0.119999997,0.550000012,0.0133333337
C4_rand_0_r0,0,553,3.12246656,3,5.26207924,4.4763999,0.0168500375,-0.00114996277,0.00561831426,0.00327468594,0.0147253145,5.04880857,14,2.9096601,8.28133965,1,1,0,36,0,1.14513397,-30.7513256,58.0852966,1.34123218,1.258582,4.4763999,430.012512,66.6753006,0.51880002,0.0250000004,50,1,0.119999997,0.550000012,0.0133333337
C4_rand_0_r0,0,554,3.17434669,3,5.56768703,4.4763999,0.0171833709,-0.000816629385,0.00293898745,0.00194303284,0.0160569679,5.81772995,14,2.9096601,8.28133965,1,1,0,37,0,1.14513397,-30.7513256,58.0852966,1.34123218,1.258582,4.4763999,430.012512,66.6753006,0.51880002,0.0250000004,50,1,0.119999997,0.550000012,0.0133333337
C4_rand_0_r0,0,555,3.22622657,3,5.19149399,4.4763999,0.0174375642,-0.000562436588,0.00483667571,0.00354180229,0.0144581972,4.88369989,14,2.9096601,8.28133965,1,1,0,38,0,1.14513397,-30.7513256,58.0852966,1.34123218,1.258582,4.4763999,430.012512,66.6753006,0.51880002,0.0250000004,50,1,0.119999997,0.550000012,0.0133333337
C4_rand_0_r0,0,556,3.27810669,3,5.98917484,4.4763999,0.0177708976,-0.000229103258,0.00334371463,0.000189527767,0.0178104714,6.64182281,14,2.9096601,8.28133965,1,1,0,39,0,1.14513397,-30.7513256,58.0852966,1.34123218,1.258582,4.4763999,430.012512,66.6753006,0.51880002,0.0250000004,50,1,0.119999997,0.550000012,0.0133333337
C4_rand_0_r0,0,557,3.32998657,3,6.14027119,4.4763999,0.018104231,0.000104230072,0.0046411301,0.000332138065,0.0176678617,6.26389551,14,2.9096601,8.28133965,1,1,0,40,0,1.14513397,-30.7513256,58.0852966,1.34123218,1.258582,4.4763999,430.012512,66.6753006,0.51880002,0.0250000004,50,1,0.119999997,0.550000012,0.0133333337
C4_rand_0_r0,0,558,3.38186669,3,5.21773338,4.4763999,0.018365711,0.000365711574,0.00461562211,0.00452030869,0.013479691,4.46292973,14,2.9096601,8.28133965,1,1,0,41,0,1.14513397,-30.7513256,58.0852966,1.34123218,1.258582,4.4763999,430.012512,66.6753006,0.51880002,0.0250000004,50,1,0.119999997,0.550000012,0.0133333337
C4_rand_0_r0,0,559,3.43374658,3,6.37684107,4.4763999,0.0186990444,0.000699044904,0.00186709105,-0.00146748917,0.0194674898,7.32520199,14,2.9096601,8.28133965,1,1,0,42,0,1.14513397,-30.7513256,58.0852966,1.34123218,1.258582,4.4763999,430.012512,66.6753006,0.51880002,0.0250000004,50,1,0.119999997,0.550000012,0.0133333337
C4_rand_0_r0,0,560,3.4856267,3,5.82620621,4.4763999,0.0190323777,0.00103237829,0.00456997333,0.00239768066,0.0156023195,5.37568617,14,2.9096601,8.28133965,1,1,0,43,0,1.14513397,-30.7513256,58.0852966,1.34123218,1.258582,4.4763999,430.012512,66.6753006,0.51880002,0.0250000004,50,1,0.119999997,0.550000012,0.0133333337
C4_rand_0_r0,0,561,3.53750658,3,5.8712039,4.4763999,0.0193657111,0.00136571156,0.00388240535,0.00115973095,0.0168402698,5.90802002,14,2.9096601,8.28133965,1,1,0,44,0,1.14513397,-30.7513256,58.0852966,1.34123218,1.258582,4.4763999,430.012512,66.6753006,0.51880002,0.0250000004,50,1,0.119999997,0.550000012,0.0133333337
C4_rand_0_r0,0,562,3.5893867,3,5.35770512,4.4763999,0.0196660738,0.00166607415,0.00485664792,0.00341652683,0.0145834731,4.93756962,14,2.9096601,8.28133965,1,1,0,45,0,1.14513397,-30.7513256,58.0852966,1.34123218,1.258582,4.4763999,430.012512,66.6753006,0.51880002,0.0250000004,50,1,0.119999997,0.550000012,0.0133333337
C4_rand_0_r0,0,563,3.64126658,3,6.11261892,4.4763999,0.0199994072,0.00199940754,0.00302396109,-0.000445700047,0.0184457004,6.73027611,14,2.9096601,8.28133965,1,1,0,46,0,1.14513397,-30.7513256,58.0852966,1.34123218,1.258582,4.4763999,430.012512,66.6753006,0.51880002,0.0250000004,50,1,0.119999997,0.550000012,0.0133333337
C4_rand_0_r0,0,564,3.69314671,3,5.36346292,4.4763999,0.02030137,0.00230136933,0.00417463668,0.0038515199,0.0141484803,4.75051737,14,2.9096601,8.28133965,1,1,0,47,0,1.14513397,-30.7513256,58.0852966,1.34123218,1.258582,4.4763999,430.012512,66.6753006,0.51880002,0.0250000004,50,1,0.119999997,0.550000012,0.0133333337
C4_rand_0_r0,0,565,3.74502659,3,5.79277277,4.4763999,0.0206347033,0.00263470272,0.00270177168,0.000902751635,0.0170972478,6.14402628,14,2.9096601,8.28133965,1,1,0,48,0,1.14513397,-30.7513256,58.0852966,1.34123218,1.258582,4.4763999,430.012512,66.6753006,0.51880002,0.0250000004,50,1,0.119999997,0.550000012,0.0133333337
C4_rand_0_r0,0,566,3.79690671,3,5.81557274,4.4763999,0.0209680367,0.0029680361,0.00295410724,0.00133133726,0.0166686624,5.83422756,14,2.9096601,8.28133965,1,1,0,49,0,1.14513397,-30.7513256,58.0852966,1.34123218,1.258582,4.4763999,430.012512,66.6753006,0.51880002,0.0250000004,50,1,0.119999997,0.550000012,0.0133333337
C4_rand_0_r0,0,567,3.84878659,3,6.17264414,4.4763999,0.0213013701,0.00330136949,0.00490724668,-0.000135052891,0.0181350522,6.46479321,14,2.9096601,8.28133965,1,1,0,50,0,1.14513397,-30.7513256,58.0852966,1.34123218,1.258582,4.4763999,430.012512,66.6753006,0.51880002,0.0250000004,50,1,0.119999997,0.550000012,0.0133333337
C4_rand_0_r0,0,568,3.90066671,3,6.31722212,4.4763999,0.0216347035,0.00363470265,0.00155543978,-6.69614237e-05,0.0180669613,6.43551302,14,2.9096601,8.28133965,1,1,0,51,0,1.14513397,-30.7513256,58.0852966,1.34123218,1.258582,4.4763999,430.012512,66.6753006,0.51880002,0.0250000004,50,1,0.119999997,0.550000012,0.0133333337
C4_rand_0_r0,0,569,3.9525466,3,5.56702995,4.4763999,0.0219680369,0.00396803627,0.00518204737,0.00338009372,0.0146199064,4.95323658,14,2.9096601,8.28133965,1,1,0,52,0,1.14513397,-30.7513256,58.0852966,1.34123218,1.258582,4.4763999,430.012512,66.6753006,0.51880002,0.0250000004,50,1,0.119999997,0.550000012,0.0133333337
C4_rand_0_r0,0,570,4.00442648,4,5.91088295,4.4763999,0.0223013703,0.00430136919,0.00463508163,0.000498826033,0.0175011735,6.19221735,14,2.9096601,8.28133965,1,1,0,53,0,2.72759867,-37.6807327,59.2126007,1.31279624,43.4351807,4.4763999,430.012512,66.6753006,0.51880002,0.0250000004,50,1,0.119999997,0.550000012,0.0133333337
C4_rand_0_r0,0,571,4.05630684,4,5.69589376,4.4763999,0.0226347037,0.00463470258,0.00440589758,0.00206209207,0.0159379076,5.51999378,14,2.9096601,8.28133965,1,1,0,54,0,2.72759867,-37.6807327,59.2126007,1.31279624,43.4351807,4.4763999,430.012512,66.6753006,0.51880002,0.0250000004,50,1,0.119999997,0.550000012,0.0133333337
C4_rand_0_r0,0,572,4.10818672,4,4.99561357,4.4763999,0.0228344835,0.00483448431,0.00529794069,0.00461396296,0.0133860372,4.42265749,14,2.9096601,8.28133965,1,1,0,55,0,2.72759867,-37.6807327,59.2126007,1.31279624,43.4351807,4.4763999,430.012512,66.6753006,0.51880002,0.0250000004,50,1,0.119999997,0.550000012,0.0133333337
C4_rand_0_r0,0,573,4.1600666,4,5.51491737,4.4763999,0.0231562592,0.00515625812,0.00296043139,0.00232828851,0.0156717114,5.93980217,14,2.9096601,8.28133965,1,1,0,56,0,2.72759867,-37.6807327,59.2126007,1.31279624,43.4351807,4.4763999,430.012512,66.6753006,0.51880002,0.0250000004,50,1,0.119999997,0.550000012,0.0133333337
C4_rand_0_r0,0,574,4.21194649,4,4.8165741,4.4763999,0.0233043805,0.00530437985,0.00593642006,0.00513417693,0.0128658228,4.24520206,14,2.9096601,8.28133965,1,1,0,57,0,2.72759867,-37.6807327,59.2126007,1.31279624,43.4351807,4.4763999,430.012512,66.6753006,0.51880002,0.0250000004,50,1,0.119999997,0.550000012,0.0133333337
C4_rand_0_r0,0,575,4.26382685,4,5.80604267,4.4763999,0.0236377139,0.00563771324,0.00198589568,0.00123729638,0.0167627037,6.61560822,14,2.9096601,8.28133965,1,1,0,58,0,2.72759867,-37.6807327,59.2126007,1.31279624,43.4351807,4.4763999,430.012512,66.6753006,0.51880002,0.0250000004,50,1,0.119999997,0.550000012,0.0133333337
C4_rand_0_r0,0,576,4.31570673,4,5.12317657,4.4763999,0.0238729287,0.005872929,0.00579333398,0.0042841807,0.0137158195,4.56446791,14,2.9096601,8.28133965,1,1,0,59,0,2.72759867,-37.6807327,59.2126007,1.31279624,43.4351807,4.4763999,430.012512,66.6753006,0.51880002,0.0250000004,50,1,0.119999997,0.550000012,0.0133333337
C4_rand_0_r0,0,577,4.36758661,4,6.03427696,4.4763999,0.0242062621,0.00620626239,0.00175832026,4.5388766e-05,0.0179546122,6.77972269,14,2.9096601,8.28133965,1,1,0,60,0,2.72759867,-37.6807327,59.2126007,1.31279624,43.4351807,4.4763999,430.012512,66.6753006,0.51880002,0.0250000004,50,1,0.119999997,0.550000012,0.0133333337
C4_rand_0_r0,0,578,4.4194665,4,5.14790773,4.4763999,0.0244483482,0.00644834805,0.0046912469,0.00461387169,0.0133861285,4.42269659,14,2.9096601,8.28133965,1,1,0,61,0,2.72759867,-37.6807327,59.2126007,1.31279624,43.4351807,4.4763999,430.012512,66.6753006,0.51880002,0.0250000004,50,1,0.119999997,0.550000012,0.0133333337
C4_rand_0_r0,0,579,4.47134686,4,5.74129009,4.4763999,0.0247816816,0.00678168144,0.00407435279,0.00126734155,0.0167326592,6.22678518,14,2.9096601,8.28133965,1,1,0,62,0,2.72759867,-37.6807327,59.2126007,1.31279624,43.4351807,4.4763999,430.012512,66.6753006,0.51880002,0.0250000004,50,1,0.119999997,0.550000012,0.0133333337
C4_rand_0_r0,0,580,4.52322674,4,5.78619957,4.4763999,0.025115015,0.00711501436,0.00395563757,0.00135757856,0.0166424215,5.82294321,14,2.9096601,8.28133965,1,1,0,63,0,2.72759867,-37.6807327,59.2126007,1.31279624,43.4351807,4.4763999,430.012512,66.6753006,0.51880002,0.0250000004,50,1,0.119999997,0.550000012,0.0133333337
C4_rand_0_r0,0,581,4.57510662,4,6.26910496,4.4763999,0.0254483484,0.00744834775,0.00627634162,-0.000598798273,0.0185987987,6.66420984,14,2.9096601,8.28133965,1,1,0,64,0,2.72759867,-37.6807327,59.2126007,1.31279624,43.4351807,4.4763999,430.012512,66.6753006,0.51880002,0.0250000004,50,1,0.119999997,0.550000012,0.0133333337
C4_rand_0_r0,0,582,4.6269865,4,6.20238304,4.4763999,0.0257816818,0.00778168114,0.00371635752,0.000602136715,0.0173978638,6.14779282,14,2.9096601,8.28133965,1,1,0,65,0,2.72759867,-37.6807327,59.2126007,1.31279624,43.4351807,4.4763999,430.012512,66.6753006,0.51880002,0.0250000004,50,1,0.119999997,0.550000012,0.0133333337
C4_rand_0_r0,0,583,4.67886686,4,5.53158522,4.4763999,0.0261150151,0.00811501499,0.00571377436,0.00331145804,0.0146885421,4.98275042,14,2.9096601,8.28133965,1,1,0,66,0,2.72759867,-37.6807327,59.2126007,1.31279624,43.4351807,4.4763999,430.012512,66.6753006,0.51880002,0.0250000004,50,1,0.119999997,0.550000012,0.0133333337
C4_rand_0_r0,0,584,4.73074675,4,5.92369652,4.4763999,0.0264483485,0.00844834745,0.00154883147,0.00037720715,0.0176227931,6.24451542,14,2.9096601,8.28133965,1,1,0,67,0,2.72759867,-37.6807327,59.2126007,1.31279624,43.4351807,4.4763999,430.012512,66.6753006,0.51880002,0.0250000004,50,1,0.119999997,0.550000012,0.0133333337
C4_rand_0_r0,0,585,4.78262663,4,5.66983318,4.4763999,0.0267816819,0.00878168084,0.00431952626,0.00219666213,0.0158033371,5.46212673,14,2.9096601,8.28133965,1,1,0,68,0,2.72759867,-37.6807327,59.2126007,1.31279624,43.4351807,4.4763999,430.012512,66.6753006,0.51880002,0.0250000004,50,1,0.119999997,0.550000012,0.0133333337
C4_rand_0_r0,0,586,4.83450651,4,6.27206659,4.4763999,0.0271150153,0.00911501423,0.00150260294,-0.000832729216,0.0188327301,6.76480293,14,2.9096601,8.28133965,1,1,0,69,0,2.72759867,-37.6807327,59.2126007,1.31279624,43.4351807,4.4763999,430.012512,66.6753006,0.51880002,0.0250000004,50,1,0.119999997,0.550000012,0.0133333337
C4_rand_0_r0,0,587,4.88638687,4,5.63051939,4.4763999,0.0274483487,0.00944834761,0.00308925007,0.00302573084,0.0149742691,5.10561705,14,2.9096601,8.28133965,1,1,0,70,0,2.72759867,-37.6807327,59.2126007,1.31279624,43.4351807,4.4763999,430.012512,66.6753006,0.51880002,0.0250000004,50,1,0.119999997,0.550000012,0.0133333337
C4_rand_0_r0,0,588,4.93826675,4,6.21414423,4.4763999,0.0277816821,0.009781681,0.00229307706,-0.000662623381,0.0186626241,6.69165516,14,2.9096601,8.28133965,1,1,0,71,0,2.72759867,-37.6807327,59.2126007,1.31279624,43.4351807,4.4763999,430.012512,66.6753006,0.51880002,0.0250000004,50,1,0.119999997,0.550000012,0.0133333337
C4_rand_0_r0,0,589,4.99014664,4,5.88816118,4.4763999,0.0281150155,0.0101150144,0.00230317144,0.00182615966,0.0161738396,5.62144756,14,2.9096601,8.28133965,1,1,0,72,0,2.72759867,-37.6807327,59.2126007,1.31279624,43.4351807,4.4763999,430.012512,66.6753006,0.51880002,0.0250000004,50,1,0.119999997,0.550000012,0.0133333337
C4_rand_0_r0,0,590,5.04202652,5,6.25016212,4.4763999,0.028448347,0.0104483478,0.0044573308,-0.000324701628,0.0183247011,6.54634476,14,2.9096601,8.28133965,1,1,0,73,0,-2.13618565,-36.8739967,15.7774839,1.20853078,43.1027794,4.4763999,430.012512,66.6753006,0.51880002,0.0250000004,50,1,0.119999997,0.550000012,0.0133333337
C4_rand_0_r0,0,591,5.09390688,5,5.8541193,4.4763999,0.0287816804,0.0107816812,0.00308010145,0.00203862577,0.0159613751,5.53008461,14,2.9096601,8.28133965,1,1,0,74,0,-2.13618565,-36.8739967,15.7774839,1.20853078,43.1027794,4.4763999,430.012512,66.6753006,0.51880002,0.0250000004,50,1,0.119999997,0.550000012,0.0133333337
C4_rand_0_r0,0,592,5.14578676,5,6.45393181,4.4763999,0.0291150138,0.0111150146,0.00452861981,-0.00125105272,0.0192510523,6.94468737,14,2.9096601,8.28133965,1,1,0,75,0,-2.13618565,-36.8739967,15.7774839,1.20853078,43.1027794,4.4763999,430.012512,66.6753006,0.51880002,0.0250000004,50,1,0.119999997,0.550000012,0.0133333337
C4_rand_0_r0,0,593,5.19766665,5,6.17999506,4.4763999,0.0294483472,0.0114483479,0.00387131888,0.00104846759,0.016951533,5.95586491,14,2.9096601,8.28133965,1,1,0,76,0,-2.13618565,-36.8739967,15.7774839,1.20853078,43.1027794,4.4763999,430.012512,66.6753006,0.51880002,0.0250000004,50,1,0.119999997,0.550000012,0.0133333337
C4_rand_0_r0,0,594,5.24954653,5,5.59745598,4.4763999,0.0297816806,0.0117816813,0.00498840678,0.002990345,0.0150096547,5.1208334,14,2.9096601,8.28133965,1,1,0,77,0,-2.13618565,-36.8739967,15.7774839,1.20853078,43.1027794,4.4763999,430.012512,66.6753006,0.51880002,0.0250000004,50,1,0.119999997,0.550000012,0.0133333337
C4_rand_0_r0,0,595,5.30142689,5,6.53059006,4.4763999,0.0301150139,0.0121150147,0.00289805373,-0.00206353096,0.0200635307,7.29406309,14,2.9096601,8.28133965,1,1,0,78,0,-2.13618565,-36.8739967,15.7774839,1.20853078,43.1027794,4.4763999,430.012512,66.6753006,0.51880002,0.0250000004,50,1,0.119999997,0.550000012,0.0133333337
C4_rand_0_r0,0,596,5.35330677,5,5.60051966,4.4763999,0.0304483473,0.0124483481,0.00527535845,0.00364446663,0.0143555338,4.83955288,14,2.9096601,8.28133965,1,1,0,79,0,-2.13618565,-36.8739967,15.7774839,1.20853078,43.1027794,4.4763999,430.012512,66.6753006,0.51880002,0.0250000004,50,1,0.119999997,0.550000012,0.0133333337
C4_rand_0_r0,0,597,5.40518665,5,6.71456861,4.4763999,0.0307816807,0.0127816815,0.00334143662,-0.00283560134,0.0208356008,7.62606287,14,2.9096601,8.28133965,1,1,0,80,0,-2.13618565,-36.8739967,15.7774839,1.20853078,43.1027794,4.4763999,430.012512,66.6753006,0.51880002,0.0250000004,50,1,0.119999997,0.550000012,0.0133333337
C4_rand_0_r0,0,598,5.45706654,5,5.87083387,4.4763999,0.0311150141,0.0131150149,0.00478124525,0.00285157585,0.0151484245,5.18050575,14,2.9096601,8.28133965,1,1,0,81,0,-2.13618565,-36.8739967,15.7774839,1.20853078,43.1027794,4.4763999,430.012512,66.6753006,0.51880002,0.0250000004,50,1,0.119999997,0.550000012,0.0133333337
C4_rand_0_r0,0,599,5.5089469,5,5.79888391,4.4763999,0.0314483494,0.0134483483,0.00206874381,0.00155042775,0.0164495725,5.74001551,14,2.9096601,8.28133965,1,1,0,82,0,-2.13618565,-36.8739967,15.7774839,1.20853078,43.1027794,4.4763999,430.012512,66.6753006,0.51880002,0.0250000004,50,1,0.119999997,0.550000012,0.0133333337
C4_rand_0_r0,0,600,5.56082678,5,5.3956809,4.4763999,0.0317592584,0.0137592591,0.00456273789,0.0031183539,0.0148816463,5.06578779,14,2.9096601,8.28133965,1,1,0,83,0,-2.13618565,-36.8739967,15.7774839,1.20853078,43.1027794,4.4763999,430.012512,66.6753006,0.51880002,0.0250000004,50,1,0.119999997,0.550000012,0.0133333337
C4_rand_0_r0,0,601,5.61270666,5,5.76480389,4.4763999,0.0320925936,0.0140925925,0.00178356702,0.000999052776,0.0170009471,6.06681299,14,2.9096601,8.28133965,1,1,0,84,0,-2.13618565,-36.8739967,15.7774839,1.20853078,43.1027794,4.4763999,430.012512,66.6753006,0.51880002,0.0250000004,50,1,0.119999997,0.550000012,0.0133333337
C4_rand_0_r0,0,602,5.66458654,5,5.11453342,4.4763999,0.0323254094,0.0143254073,0.00474790018,0.00424225954,0.0137577401,4.58249426,14,2.9096601,8.28133965,1,1,0,85,0,-2.13618565,-36.8739967,15.7774839,1.20853078,43.1027794,4.4763999,430.012512,66.6753006,0.51880002,0.0250000004,50,1,0.119999997,0.550000012,0.0133333337
C4_rand_0_r0,0,603,5.7164669,5,5.92242622,4.4763999,0.0326587409,0.0146587407,0.0037847429,0.000524208008,0.0174757913,6.58342886,14,2.9096601,8.28133965,1,1,0,86,0,-2.13618565,-36.8739967,15.7774839,1.20853078,43.1027794,4.4763999,430.012512,66.6753006,0.51880002,0.0250000004,50,1,0.119999997,0.550000012,0.0133333337
C4_rand_0_r0,0,604,5.76834679,5,5.31064129,4.4763999,0.0329460315,0.0149460305,0.00376035715,0.00371298171,0.0142870182,4.81009054,14,2.9096601,8.28133965,1,1,0,87,0,-2.13618565,-36.8739967,15.7774839,1.20853078,43.1027794,4.4763999,430.012512,66.6753006,0.51880002,0.0250000004,50,1,0.119999997,0.550000012,0.0133333337
C4_rand_0_r0,0,605,5.82022667,5,5.25996208,4.4763999,0.0332115665,0.0152115682,0.00387916202,0.00319158612,0.0148084136,5.2184968,14,2.9096601,8.28133965,1,1,0,88,0,-2.13618565,-36.8739967,15.7774839,1.20853078,43.1027794,4.4763999,430.012512,66.6753006,0.51880002,0.0250000004,50,1,0.119999997,0.550000012,0.0133333337
C4_rand_0_r0,0,606,5.87210655,5,5.27434635,4.4763999,0.033477474,0.0154774757,0.00384799996,0.00323670055,0.0147632994,5.28611517,14,2.9096601,8.28133965,1,1,0,89,0,-2.13618565,-36.8739967,15.7774839,1.20853078,43.1027794,4.4763999,430.012512,66.6753006,0.51880002,0.0250000004,50,1,0.119999997,0.550000012,0.0133333337
C4_rand_0_r0,0,607,5.92398643,5,5.36950397,4.4763999,0.0337698795,0.0157698784,0.00305528613,0.00285827694,0.0151417227,5.44736052,14,2.9096601,8.28133965,1,1,0,90,0,-2.13618565,-36.8739967,15.7774839,1.20853078,43.1027794,4.4763999,430.012512,66.6753006,0.51880002,0.0250000004,50,1,0.119999997,0.550000012,0.0133333337
C4_rand_0_r0,0,608,5.97586679,5,5.36227989,4.4763999,0.0340646915,0.0160646904,0.00504130963,0.00282339263,0.0151766073,5.3563695,14,2.9096601,8.28133965,1,1,0,91,0,-2.13618565,-36.8739967,15.7774839,1.20853078,43.1027794,4.4763999,430.012512,66.6753006,0.51880002,0.0250000004,50,1,0.119999997,0.550000012,0.0133333337
C4_rand_0_r0,0,609,6.02774668,6,5.50012445,4.4763999,0.034398023,0.0163980238,0.00370440842,0.00220440188,0.0157955978,5.61290598,14,2.9096601,8.28133965,1,1,0,92,0,7.63256931,-74.3147354,58.6979675,1.17535543,59.3305893,4.4763999,430.012512,66.6753006,0.51880002,0.0250000004,50,1,0.119999997,0.550000012,0.0133333337
C4_rand_0_r0,0,610,6.07962656,6,5.12168217,4.4763999,0.0346328244,0.0166328233,0.00394850736,0.00370842987,0.0142915705,4.81204796,14,2.9096601,8.28133965,1,1,0,93,0,7.63256931,-74.3147354,58.6979675,1.17535543,59.3305893,4.4763999,430.012512,66.6753006,0.51880002,0.0250000004,50,1,0.119999997,0.550000012,0.0133333337
C4_rand_0_r0,0,611,6.13150644,6,5.62037086,4.4763999,0.0349661559,0.0169661567,0.00301780715,0.00179648807,0.0162035115,6.0283885,14,2.9096601,8.28133965,1,1,0,94,0,7.63256931,-74.3147354,58.6979675,1.17535543,59.3305893,4.4763999,430.012512,66.6753006,0.51880002,0.0250000004,50,1,0.119999997,0.550000012,0.0133333337
C4_rand_0_r0,0,612,6.1833868,6,5.25939608,4.4763999,0.0352392122,0.0172392111,0.003823668,0.0033549387,0.0146450615,4.96405315,14,2.9096601,8.28133965,1,1,0,95,0,7.63256931,-74.3147354,58.6979675,1.17535543,59.3305893,4.4763999,430.012512,66.6753006,0.51880002,0.0250000004,50,1,0.119999997,0.550000012,0.0133333337
C4_rand_0_r0,0,613,6.23526669,6,5.71050692,4.4763999,0.0355725437,0.0175725445,0.00343001727,0.00132151588,0.0166784842,6.079597,14,2.9096601,8.28133965,1,1,0,96,0,7.63256931,-74.3147354,58.6979675,1.17535543,59.3305893,4.4763999,430.012512,66.6753006,0.51880002,0.0250000004,50,1,0.119999997,0.550000012,0.0133333337
C4_rand_0_r0,0,614,6.28714657,6,4.98433495,4.4763999,0.0357691944,0.0177691933,0.00499825273,0.00468945596,0.0133105442,4.39019442,14,2.9096601,8.28133965,1,1,0,97,0,7.63256931,-74.3147354,58.6979675,1.17535543,59.3305893,4.4763999,430.012512,66.6753006,0.51880002,0.0250000004,50,1,0.119999997,0.550000012,0.0133333337
C4_rand_0_r0,0,615,6.33902645,6,5.89044189,4.4763999,0.0361025259,0.0181025267,0.00478576962,0.000748180493,0.0172518194,6.63180161,14,2.9096601,8.28133965,1,1,0,98,0,7.63256931,-74.3147354,58.6979675,1.17535543,59.3305893,4.4763999,430.012512,66.6753006,0.51880002,0.0250000004,50,1,0.119999997,0.550000012,0.0133333337
C4_rand_0_r0,0,616,6.39090681,6,5.18969393,4.4763999,0.0363562182,0.0183562189,0.00527025247,0.00416351575,0.0138364844,4.61635494,14,2.9096601,8.28133965,1,1,0,99,0,7.63256931,-74.3147354,58.6979675,1.17535543,59.3305893,4.4763999,430.012512,66.6753006,0.51880002,0.0250000004,50,1,0.119999997,0.550000012,0.0133333337
C4_rand_0_r0,0,617,6.44278669,6,4.8539114,4.4763999,0.0365033671,0.018503366,0.00563852722,0.00499088364,0.0130091161,4.57918024,14,2.9096601,8.28133965,1,1,0,100,0,7.63256931,-74.3147354,58.6979675,1.17535543,59.3305893,4.4763999,430.012512,66.6753006,0.51880002,0.0250000004,50,1,0.119999997,0.550000012,0.0133333337
C4_rand_0_r0,0,618,6.49466658,6,5.07834148,4.4763999,0.0366950966,0.0186950956,0.0046304781,0.00439428492,0.0136057157,5.26196575,14,2.9096601,8.28133965,1,1,0,101,0,7.63256931,-74.3147354,58.6979675,1.17535543,59.3305893,4.4763999,430.012512,66.6753006,0.51880002,0.0250000004,50,1,0.119999997,0.550000012,0.0133333337
C4_rand_0_r0,0,619,6.54654646,6,5.07959747,4.4763999,0.0368946046,0.0188946072,0.00488591613,0.00440121861,0.0135987811,5.08062553,14,2.9096601,8.28133965,1,1,0,102,0,7.63256931,-74.3147354,58.6979675,1.17535543,59.3305893,4.4763999,430.012512,66.6753006,0.51880002,0.0250000004,50,1,0.119999997,0.550000012,0.0133333337
C4_rand_0_r0,0,620,6.59842682,6,5.23113918,4.4763999,0.0371375084,0.0191375073,0.00550507242,0.00369048445,0.0143095152,5.35512733,14,2.9096601,8.28133965,1,1,0,103,0,7.63256931,-74.3147354,58.6979675,1.17535543,59.3305893,4.4763999,430.012512,66.6753006,0.51880002,0.0250000004,50,1,0.119999997,0.550000012,0.0133333337
C4_rand_0_r0,0,621,6.6503067,6,5.18289518,4.4763999,0.0373742394,0.0193742402,0.00514497701,0.00377912354,0.0142208766,5.14342308,14,2.9096601,8.28133965,1,1,0,104,0,7.63256931,-74.3147354,58.6979675,1.17535543,59.3305893,4.4763999,430.012512,66.6753006,0.51880002,0.0250000004,50,1,0.119999997,0.550000012,0.0133333337
C4_rand_0_r0,0,622,6.70218658,6,4.98178816,4.4763999,0.0375540815,0.0195540804,0.00599152548,0.00459504547,0.0134049542,4.81724644,14,2.9096601,8.28133965,1,1,0,105,0,7.63256931,-74.3147354,58.6979675,1.17535543,59.3305893,4.4763999,430.012512,66.6753006,0.51880002,0.0250000004,50,1,0.119999997,0.550000012,0.0133333337
C4_rand_0_r0,0,623,6.75406647,6,4.86023617,4.4763999,0.0376906767,0.0196906757,0.00530141499,0.00525562325,0.0127443774,4.76078415,14,2.9096601,8.28133965,1,1,0,106,0,7.63256931,-74.3147354,58.6979675,1.17535543,59.3305893,4.4763999,430.012512,66.6753006,0.51880002,0.0250000004,50,1,0.119999997,0.550000012,0.0133333337
C4_rand_0_r0,0,624,6.80594683,6,5.01721334,4.4763999,0.0378636681,0.019863667,0.00548297167,0.0047629457,0.0132370545,5.14564943,14,2.9096601,8.28133965,1,1,0,107,0,7.63256931,-74.3147354,58.6979675,1.17535543,59.3305893,4.4763999,430.012512,66.6753006,0.51880002,0.0250000004,50,1,0.119999997,0.550000012,0.0133333337
C4_rand_0_r0,0,625,6.85782671,6,5.10652733,4.4763999,0.0380675346,0.0200675353,0.00542068109,0.00434537558,0.0136546241,5.17960262,14,2.9096601,8.28133965,1,1,0,108,0,7.63256931,-74.3147354,58.6979675,1.17535543,59.3305893,4.4763999,430.012512,66.6753006,0.51880002,0.0250000004,50,1,0.119999997,0.550000012,0.0133333337
C4_rand_0_r0,0,626,6.90970659,6,5.59351158,4.4763999,0.0384008698,0.0204008687,0.00547304982,0.00216900022,0.0158309992,5.9919529,14,2.9096601,8.28133965,1,1,0,109,0,7.63256931,-74.3147354,58.6979675,1.17535543,59.3305893,4.4763999,430.012512,66.6753006,0.51880002,0.0250000004,50,1,0.119999997,0.550000012,0.0133333337
C4_rand_0_r0,0,627,6.96158648,6,4.82745171,4.4763999,0.0385539383,0.0205539372,0.00575378723,0.00513018528,0.0128698153,4.20067549,14,2.9096601,8.28133965,1,1,0,110,0,7.63256931,-74.3147354,58.6979675,1.17535543,59.3305893,4.4763999,430.012512,66.6753006,0.51880002,0.0250000004,50,1,0.119999997,0.550000012,0.0133333337
C4_rand_0_r0,0,628,7.01346684,7,4.77628136,4.4763999,0.0386627503,0.0206627492,0.0058864872,0.0055660042,0.0124339955,4.73441458,14,2.9096601,8.28133965,1,1,0,111,0,4.59223652,-7.55572176,1.22070813,1.22274876,4.88745785,4.4763999,430.012512,66.6753006,0.51880002,0.0250000004,50,1,0.119999997,0.550000012,0.0133333337
C4_rand_0_r0,0,629,7.06534672,7,4.95743942,4.4763999,0.0388145074,0.0208145082,0.00516977254,0.005114411,0.0128855892,5.10565996,14,2.9096601,8.28133965,1,1,0,112,0,4.59223652,-7.55572176,1.22070813,1.22274876,4.88745785,4.4763999,430.012512,66.6753006,0.51880002,0.0250000004,50,1,0.119999997,0.550000012,0.0133333337
C4_rand_0_r0,0,630,7.1172266,7,5.09197855,4.4763999,0.039010793,0.0210107937,0.00547992112,0.00449070847,0.0135092912,5.20205593,14,2.9096601,8.28133965,1,1,0,113,0,4.59223652,-7.55572176,1.22070813,1.22274876,4.88745785,4.4763999,430.012512,66.6753006,0.51880002,0.0250000004,50,1,0.119999997,0.550000012,0.0133333337
C4_rand_0_r0,0,631,7.16910648,7,5.13766146,4.4763999,0.0392271914,0.0212271921,0.0054911715,0.00413926924,0.0138607305,5.17503786,14,2.9096601,8.28133965,1,1,0,114,0,4.59223652,-7.55572176,1.22070813,1.22274876,4.88745785,4.4763999,430.012512,66.6753006,0.51880002,0.0250000004,50,1,0.119999997,0.550000012,0.0133333337
C4_rand_0_r0,0,632,7.22098684,7,4.83978033,4.4763999,0.0393641964,0.0213641971,0.00545069808,0.00529859168,0.012701408,4.59605932,14,2.9096601,8.28133965,1,1,0,115,0,4.59223652,-7.55572176,1.22070813,1.22274876,4.88745785,4.4763999,430.012512,66.6753006,0.51880002,0.0250000004,50,1,0.119999997,0.550000012,0.0133333337
C4_rand_0_r0,0,633,7.27286673,7,5.06587696,4.4763999,0.0395507738,0.0215507764,0.00635689404,0.00451444509,0.0134855546,5.25086498,14,2.9096601,8.28133965,1,1,0,116,0,4.59223652,-7.55572176,1.22070813,1.22274876,4.88745785,4.4763999,430.012512,66.6753006,0.51880002,0.0250000004,50,1,0.119999997,0.550000012,0.0133333337
C4_rand_0_r0,0,634,7.32474661,7,4.85524511,4.4763999,0.0396871082,0.0216871072,0.00552931847,0.00537404697,0.0126259532,4.68290997,14,2.9096601,8.28133965,1,1,0,117,0,4.59223652,-7.55572176,1.22070813,1.22274876,4.88745785,4.4763999,430.012512,66.6753006,0.51880002,0.0250000004,50,1,0.119999997,0.550000012,0.0133333337
C4_rand_0_r0,0,635,7.37662649,7,4.88065386,4.4763999,0.0398221202,0.021822121,0.00560842408,0.00533330394,0.0126666958,4.901443,14,2.9096601,8.28133965,1,1,0,118,0,4.59223652,-7.55572176,1.22070813,1.22274876,4.88745785,4.4763999,430.012512,66.6753006,0.51880002,0.0250000004,50,1,0.119999997,0.550000012,0.0133333337
C4_rand_0_r0,0,636,7.42850685,7,5.06089115,4.4763999,0.040006984,0.0220069829,0.00499344524,0.00463181688,0.0133681828,5.20835781,14,2.9096601,8.28133965,1,1,0,119,0,4.59223652,-7.55572176,1.22070813,1.22274876,4.88745785,4.4763999,430.012512,66.6753006,0.51880002,0.0250000004,50,1,0.119999997,0.550000012,0.0133333337
C4_rand_0_r0,0,637,7.48038673,7,5.66469479,4.4763999,0.0403403156,0.0223403163,0.00491663115,0.00195800979,0.0160419904,6.1587162,14,2.9096601,8.28133965,1,1,0,120,0,4.59223652,-7.55572176,1.22070813,1.22274876,4.88745785,4.4763999,430.012512,66.6753006,0.51880002,0.0250000004,50,1,0.119999997,0.550000012,0.0133333337
C4_rand_0_r0,0,638,7.53226662,7,5.72799063,4.4763999,0.0406736471,0.0226736497,0.00550797256,0.00145795988,0.0165420398,5.779778,14,2.9096601,8.28133965,1,1,0,121,0,4.59223652,-7.55572176,1.22070813,1.22274876,4.88745785,4.4763999,430.012512,66.6753006,0.51880002,0.0250000004,50,1,0.119999997,0.550000012,0.0133333337
C4_rand_0_r0,0,639,7.5841465,7,5.78161097,4.4763999,0.0410069823,0.0230069831,0.00416871952,0.00135167339,0.0166483261,5.82548237,14,2.9096601,8.28133965,1,1,0,122,0,4.59223652,-7.55572176,1.22070813,1.22274876,4.88745785,4.4763999,430.012512,66.6753006,0.51880002,0.0250000004,50,1,0.119999997,0.550000012,0.0133333337
C4_rand_0_r0,0,640,7.63602686,7,4.97127914,4.4763999,0.0412000045,0.0232000034,0.00519149378,0.00487994729,0.0131200524,4.30828047,14,2.9096601,8.28133965,1,1,0,123,0,4.59223652,-7.55572176,1.22070813,1.22274876,4.88745785,4.4763999,430.012512,66.6753006,0.51880002,0.0250000004,50,1,0.119999997,0.550000012,0.0133333337
C4_rand_0_r0,0,641,7.68790674,7,5.74463224,4.4763999,0.041533336,0.0235333368,0.0043299403,0.00137359102,0.0166264083,6.3773756,14,2.9096601,8.28133965,1,1,0,124,0,4.59223652,-7.55572176,1.22070813,1.22274876,4.88745785,4.4763999,430.012512,66.6753006,0.51880002,0.0250000004,50,1,0.119999997,0.550000012,0.0133333337
C4_rand_0_r0,0,642,7.73978662,7,4.95087194,4.4763999,0.0417206921,0.023720691,0.00597043755,0.00489587383,0.0131041259,4.30143213,14,2.9096601,8.28133965,1,1,0,125,0,4.59223652,-7.55572176,1.22070813,1.22274876,4.88745785,4.4763999,430.012512,66.6753006,0.51880002,0.0250000004,50,1,0.119999997,0.550000012,0.0133333337
C4_rand_0_r0,0,643,7.79166651,7,5.82877731,4.4763999,0.0420540236,0.0240540244,0.0047757579,0.00103171729,0.0169682819,6.54706335,14,2.9096601,8.28133965,1,1,0,126,0,4.59223652,-7.55572176,1.22070813,1.22274876,4.88745785,4.4763999,430.012512,66.6753006,0.51880002,0.0250000004,50,1,0.119999997,0.550000012,0.0133333337
C4_rand_0_r0,0,644,7.84354687,7,5.0713768,4.4763999,0.0422748514,0.0242748503,0.00571240112,0.00454645837,0.0134535413,4.45168495,14,2.9096601,8.28133965,1,1,0,127,0,4.59223652,-7.55572176,1.22070813,1.22274876,4.88745785,4.4763999,430.012512,66.6753006,0.51880002,0.0250000004,50,1,0.119999997,0.550000012,0.0133333337
C4_rand_0_r0,0,645,7.89542675,7,4.84555817,4.4763999,0.0424141996,0.0244142003,0.00593685266,0.00510684215,0.012893158,4.6607976,14,2.9096601,8.28133965,1,1,0,128,0,4.59223652,-7.55572176,1.22070813,1.22274876,4.88745785,4.4763999,430.012512,66.6753006,0.51880002,0.0250000004,50,1,0.119999997,0.550000012,0.0133333337
C4_rand_0_r0,0,646,7.94730663,7,5.11359072,4.4763999,0.0426144227,0.0246144217,0.00605182489,0.00430189678,0.0136981029,5.33289003,14,2.9096601,8.28133965,1,1,0,129,0,4.59223652,-7.55572176,1.22070813,1.22274876,4.88745785,4.4763999,430.012512,66.6753006,0.51880002,0.0250000004,50,1,0.119999997,0.550000012,0.0133333337
C4_rand_0_r0,0,647,7.99918652,7,4.94485664,4.4763999,0.0427779183,0.0247779191,0.00719013764,0.00495899888,0.0130410008,4.80680132,14,2.9096601,8.28133965,1,1,0,130,0,4.59223652,-7.55572176,1.22070813,1.22274876,4.88745785,4.4763999,430.012512,66.6753006,0.51880002,0.0250000004,50,1,0.119999997,0.550000012,0.0133333337
C4_rand_0_r0,0,648,8.0510664,8,5.14385033,4.4763999,0.0429905728,0.0249905717,0.00694217812,0.00413822476,0.0138617754,5.30666304,14,2.9096601,8.28133965,1,1,0,131,0,2.54216766,-2.08958316,3.98050094,0.620853066,78.8402481,4.4763999,430.012512,66.6753006,0.51880002,0.0250000004,50,1,0.119999997,0.550000012,0.0133333337
C4_rand_0_r0,1,1070,0.0133333337,0,0,4.4763999,0.0496666655,0.0316666663,0.2729159,0.269211173,0,0,14,2.9096601,8.28133965,0,0,0,0,0,-0.0352675654,-24.3604794,76.258728,1.15165877,4.2210145,4.4763999,430.012512,66.6753006,0.51880002,0.0250000004,50,1,0.119999997,0.550000012,0.0133333337
C4_rand_0_r0,1,1071,0.0266666673,0,0,4.4763999,0.049333334,0.0313333347,0.270440042,0.266422272,0,0,14,2.9096601,8.28133965,0,0,0,0,0,-0.0352675654,-24.3604794,76.258728,1.15165877,4.2210145,4.4763999,430.012512,66.6753006,0.51880002,0.0250000004,50,1,0.119999997,0.550000012,0.0133333337
C4_rand_0_r0,1,1072,0.0399999991,0,0,4.4763999,0.0489999987,0.0309999995,0.266624212,0.264587313,0,0,14,2.9096601,8.28133965,0,0,0,0,0,-0.0352675654,-24.3604794,76.258728,1.15165877,4.2210145,4.4763999,430.012512,66.6753006,0.51880002,0.0250000004,50,1,0.119999997,0.550000012,0.0133333337
C4_rand_0_r0,1,1073,0.0533333346,0,0,4.4763999,0.0486666672,0.0306666661,0.262811393,0.260305852,0,0,14,2.9096601,8.28133965,0,0,0,0,0,-0.0352675654,-24.3604794,76.258728,1.15165877,4.2210145,4.4763999,430.012512,66.6753006,0.51880002,0.0250000004,50,1,0.119999997,0.550000012,0.0133333337
C4_rand_0_r0,1,1074,0.0666666701,0,0,4.4763999,0.0483333319,0.0303333327,0.258303225,0.258018017,0,0,14,2.9096601,8.28133965,0,0,0,0,0,-0.0352675654,-24.3604794,76.258728,1.15165877,4.2210145,4.4763999,430.012512,66.6753006,0.51880002,0.0250000004,50,1,0.119999997,0.550000012,0.0133333337
C4_rand_0_r0,1,1075,0.0799999982,0,0,4.4763999,0.0480000004,0.0299999993,0.25378418,0.25355491,0,0,14,2.9096601,8.28133965,0,0,0,0,0,-0.0352675654,-24.3604794,76.258728,1.15165877,4.2210145,4.4763999,430.012512,66.6753006,0.51880002,0.0250000004,50,1,0.119999997,0.550000012,0.0133333337
C4_rand_0_r0,1,1076,0.0933333337,0,0,4.4763999,0.0476666652,0.0296666659,0.249032274,0.248885795,0,0,14,2.9096601,8.28133965,0,0,0,0,0,-0.0352675654,-24.3604794,76.258728,1.15165877,4.2210145,4.4763999,430.012512,66.6753006,0.51880002,0.0250000004,50,1,0.119999997,0.550000012,0.0133333337
C4_rand_0_r0,1,1077,0.106666669,0,0,4.4763999,0.0473333336,0.0293333326,0.244461417,0.244405925,0,0,14,2.9096601,8.28133965,0,0,0,0,0,-0.0352675654,-24.3604794,76.258728,1.15165877,4.2210145,4.4763999,430.012512,66.6753006,0.51880002,0.0250000004,50,1,0.119999997,0.550000012,0.0133333337
C4_rand_0_r0,1,1078,0.119999997,0,0,4.4763999,0.0469999984,0.0289999992,0.239824399,0.239704311,0,0,14,2.9096601,8.28133965,0,0,0,0,0,-0.0352675654,-24.3604794,76.258728,1.15165877,4.2210145,4.4763999,430.012512,66.6753006,0.51880002,0.0250000004,50,1,0.119999997,0.550000012,0.0133333337
C4_rand_0_r0,1,1079,0.13333334,0,0,4.4763999,0.0466666669,0.0286666658,0.234934822,0.233550489,0,0,14,2.9096601,8.28133965,0,0,0,0,0,-0.0352675654,-24.3604794,76.258728,1.15165877,4.2210145,4.4763999,430.012512,66.6753006,0.51880002,0.0250000004,50,1,0.119999997,0.550000012,0.0133333337
C4_rand_0_r0,1,1080,0.146666661,0,0,4.4763999,0.0463333316,0.0283333343,0.230330005,0.228822991,0,0,14,2.9096601,8.28133965,0,0,0,0,0,-0.0352675654,-24.3604794,76.258728,1.15165877,4.2210145,4.4763999,430.012512,66.6753006,0.51880002,0.0250000004,50,1,0.119999997,0.550000012,0.0133333337
C4_rand_0_r0,1,1081,0.159999996,0,0,4.4763999,0.0460000001,0.0280000009,0.225208446,0.224331647,0,0,14,2.9096601,8.28133965,0,0,0,0,0,-0.0352675654,-24.3604794,76.258728,1.15165877,4.2210145,4.4763999,430.012512,66.6753006,0.51880002,0.0250000004,50,1,0.119999997,0.550000012,0.0133333337
C4_rand_0_r0,1,1082,0.173333332,0,0,4.4763999,0.0456666648,0.0276666675,0.220664665,0.219850242,0,0,14,2.9096601,8.28133965,0,0,0,0,0,-0.0352675654,-24.3604794,76.258728,1.15165877,4.2210145,4.4763999,430.012512,66.6753006,0.51880002,0.0250000004,50,1,0.119999997,0.550000012,0.0133333337
C4_rand_0_r0,1,1083,0.186666667,0,0,4.4763999,0.0453333333,0.0273333341,0.21553728,0.215037435,0,0,14,2.9096601,8.28133965,0,0,0,0,0,-0.0352675654,-24.3604794,76.258728,1.15165877,4.2210145,4.4763999,430.012512,66.6753006,0.51880002,0.0250000004,50,1,0.119999997,0.550000012,0.0133333337
C4_rand_0_r0,1,1084,0.200000003,0,0,4.4763999,0.0450000018,0.0270000007,0.210656524,0.209191397,0,0,14,2.9096601,8.28133965,0,0,0,0,0,-0.0352675654,-24.3604794,76.258728,1.15165877,4.2210145,4.4763999,430.012512,66.6753006,0.51880002,0.0250000004,50,1,0.119999997,0.550000012,0.0133333337
C4_rand_0_r0,1,1085,0.213333338,0,0,4.4763999,0.0446666665,0.0266666673,0.205782652,0.204350039,0,0,14,2.9096601,8.28133965,0,0,0,0,0,-0.0352675654,-24.3604794,76.258728,1.15165877,4.2210145,4.4763999,430.012512,66.6753006,0.51880002,0.0250000004,50,1,0.119999997,0.550000012,0.0133333337
C4_rand_0_r0,1,1086,0.226666674,0,0,4.4763999,0.044333335,0.0263333339,0.200679258,0.199760243,0,0,14,2.9096601,8.28133965,0,0,0,0,0,-0.0352675654,-24.3604794,76.258728,1.15165877,4.2210145,4.4763999,430.012512,66.6753006,0.51880002,0.0250000004,50,1,0.119999997,0.550000012,0.0133333337
C4_rand_0_r0,1,1087,0.239999995,0,0,4.4763999,0.0439999998,0.0260000005,0.195940733,0.194883496,0,0,14,2.9096601,8.28133965,0,0,0,0,0,-0.0352675654,-24.3604794,76.258728,1.15165877,4.2210145,4.4763999,430.012512,66.6753006,0.51880002,0.0250000004,50,1,0.119999997,0.550000012,0.0133333337
C4_rand_0_r0,1,1088,0.25333333,0,0,4.4763999,0.0436666682,0.0256666671,0.190741181,0.190229982,0,0,14,2.9096601,8.28133965,0,0,0,0,0,-0.0352675654,-24.3604794,76.258728,1.15165877,4.2210145,4.4763999,430.012512,66.6753006,0.51880002,0.0250000004,50,1,0.119999997,0.550000012,0.0133333337
C4_rand_0_r0,1,1089,0.266666681,0,0,4.4763999,0.043333333,0.0253333338,0.186113,0.185324878,0,0,14,2.9096601,8.28133965,0,0,0,0,0,-0.0352675654,-24.3604794,76.258728,1.15165877,4.2210145,4.4763999,430.012512,66.6753006,0.51880002,0.0250000004,50,1,0.119999997,0.550000012,0.0133333337
C4_rand_0_r0,1,1090,0.280000001,0,0,4.4763999,0.0430000015,0.0250000004,0.180836588,0.180602014,0,0,14,2.9096601,8.28133965,0,0,0,0,0,-0.0352675654,-24.3604794,76.258728,1.15165877,4.2210145,4.4763999,430.012512,66.6753006,0.51880002,0.0250000004,50,1,0.119999997,0.550000012,0.0133333337
C4_rand_0_r0,1,1091,0.293333322,0,0,4.4763999,0.0426666662,0.024666667,0.176202029,0.175874874,0,0,14,2.9096601,8.28133965,0,0,0,0,0,-0.0352675654,-24.3604794,76.258728,1.15165877,4.2210145,4.4763999,430.012512,66.6753006,0.51880002,0.0250000004,50,1,0.119999997,0.550000012,0.0133333337
C4_rand_0_r0,1,1092,0.306666672,0,0,4.4763999,0.0423333347,0.0243333336,0.170955732,0.170878202,0,0,14,2.9096601,8.28133965,0,0,0,0,0,-0.0352675654,-24.3604794,76.258728,1.15165877,4.2210145,4.4763999,430.012512,66.6753006,0.51880002,0.0250000004,50,1,0.119999997,0.550000012,0.0133333337
C4_rand_0_r0,1,1093,0.319999993,0,0,4.4763999,0.0419999994,0.0240000002,0.166272461,0.166076645,0,0,14,2.9096601,8.28133965,0,0,0,0,0,-0.0352675654,-24.3604794,76.258728,1.15165877,4.2210145,4.4763999,430.012512,66.6753006,0.51880002,0.0250000004,50,1,0.119999997,0.550000012,0.0133333337
C4_rand_0_r0,1,1094,0.333333343,0,0,4.4763999,0.0416666679,0.0236666668,0.161091536,0.161069825,0,0,14,2.9096601,8.28133965,0,0,0,0,0,-0.0352675654,-24.3604794,76.258728,1.15165877,4.2210145,4.4763999,430.012512,66.6753006,0.51880002,0.0250000004,50,1,0.119999997,0.550000012,0.0133333337
C4_rand_0_r0,1,1095,0.346666664,0,0,4.4763999,0.0413333327,0.0233333334,0.15603514,0.154877514,0,0,14,2.9096601,8.28133965,0,0,0,0,0,-0.0352675654,-24.3604794,76.258728,1.15165877,4.2210145,4.4763999,430.012512,66.6753006,0.51880002,0.0250000004,50,1,0.119999997,0.550000012,0.0133333337
C4_rand_0_r0,1,1096,0.360000014,0,0,4.4763999,0.0410000011,0.023,0.151153788,0.149865463,0,0,14,2.9096601,8.28133965,0,0,0,0,0,-0.0352675654,-24.3604794,76.258728,1.15165877,4.2210145,4.4763999,430.012512,66.6753006,0.51880002,0.0250000004,50,1,0.119999997,0.550000012,0.0133333337
C4_rand_0_r0,1,1097,0.373333335,0,0,4.4763999,0.0406666659,0.0226666667,0.145741075,0.144918501,0,0,14,2.9096601,8.28133965,0,0,0,0,0,-0.0352675654,-24.3604794,76.258728,1.15165877,4.2210145,4.4763999,430.012512,66.6753006,0.51880002,0.0250000004,50,1,0.119999997,0.550000012,0.0133333337
C4_rand_0_r0,1,1098,0.386666656,0,0,4.4763999,0.0403333344,0.0223333333,0.140953034,0.139899045,0,0,14,2.9096601,8.28133965,0,0,0,0,0,-0.0352675654,-24.3604794,76.258728,1.15165877,4.2210145,4.4763999,430.012512,66.6753006,0.51880002,0.0250000004,50,1,0.119999997,0.550000012,0.0133333337
C4_rand_0_r0,1,1099,0.400000006,0,0,4.4763999,0.0399999991,0.0219999999,0.135491639,0.134909332,0,0,14,2.9096601,8.28133965,0,0,0,0,0,-0.0352675654,-24.3604794,76.258728,1.15165877,4.2210145,4.4763999,430.012512,66.6753006,0.51880002,0.0250000004,50,1,0.119999997,0.550000012,0.0133333337
C4_rand_0_r0,1,1100,0.413333327,0,0,4.4763999,0.0396666676,0.0216666665,0.130782753,0.129887253,0,0,14,2.9096601,8.28133965,0,0,0,0,0,-0.0352675654,-24.3604794,76.258728,1.15165877,4.2210145,4.4763999,430.012512,66.6753006,0.51880002,0.0250000004,50,1,0.119999997,0.550000012,0.0133333337
C4_rand_0_r0,1,1101,0.426666677,0,0,4.4763999,0.0393333323,0.0213333331,0.125289232,0.124896124,0,0,14,2.9096601,8.28133965,0,0,0,0,0,-0.0352675654,-24.3604794,76.258728,1.15165877,4.2210145,4.4763999,430.012512,66.6753006,0.51880002,0.0250000004,50,1,0.119999997,0.550000012,0.0133333337
C4_rand_0_r0,1,1102,0.439999998,0,0,4.4763999,0.0390000008,0.0209999997,0.120664597,0.119867384,0,0,14,2.9096601,8.28133965,0,0,0,0,0,-0.0352675654,-24.3604794,76.258728,1.15165877,4.2210145,4.4763999,430.012512,66.6753006,0.51880002,0.0250000004,50,1,0.119999997,0.550000012,0.0133333337
C4_rand_0_r0,1,1103,0.453333348,0,0,4.4763999,0.0386666656,0.0206666663,0.115148634,0.114885136,0,0,14,2.9096601,8.28133965,0,0,0,0,0,-0.0352675654,-24.3604794,76.258728,1.15165877,4.2210145,4.4763999,430.012512,66.6753006,0.51880002,0.0250000004,50,1,0.119999997,0.550000012,0.0133333337
C4_rand_0_r0,1,1104,0.466666669,0,0,4.4763999,0.038333334,0.0203333329,0.110638171,0.10985779,0,0,14,2.9096601,8.28133965,0,0,0,0,0,-0.0352675654,-24.3604794,76.258728,1.15165877,4.2210145,4.4763999,430.012512,66.6753006,0.51880002,0.0250000004,50,1,0.119999997,0.550000012,0.0133333337
C4_rand_0_r0,1,1105,0.479999989,0,0,4.4763999,0.0379999988,0.0199999996,0.105103925,0.10491164,0,0,14,2.9096601,8.28133965,0,0,0,0,0,-0.0352675654,-24.3604794,76.258728,1.15165877,4.2210145,4.4763999,430.012512,66.6753006,0.51880002,0.0250000004,50,1,0.119999997,0.550000012,0.0133333337
C4_rand_0_r0,1,1106,0.49333334,0,0,4.4763999,0.0376666673,0.0196666662,0.10067568,0.100030512,0,0,14,2.9096601,8.28133965,0,0,0,0,0,-0.0352675654,-24.3604794,76.258728,1.15165877,4.2210145,4.4763999,430.012512,66.6753006,0.51880002,0.0250000004,50,1,0.119999997,0.550000012,0.0133333337
C4_rand_0_r0,1,1107,0.50666666,0,0,4.4763999,0.037333332,0.0193333328,0.0952066928,0.0950375348,0,0,14,2.9096601,8.28133965,0,0,0,0,0,-0.0352675654,-24.3604794,76.258728,1.15165877,4.2210145,4.4763999,430.012512,66.6753006,0.51880002,0.0250000004,50,1,0.119999997,0.550000012,0.0133333337
C4_rand_0_r0,1,1108,0.519999981,0,0,4.4763999,0.0370000005,0.0189999994,0.0908205658,0.0902581438,0,0,14,2.9096601,8.28133965,0,0,0,0,0,-0.0352675654,-24.3604794,76.258728,1.15165877,4.2210145,4.4763999,430.012512,66.6753006,0.51880002,0.0250000004,50,1,0.119999997,0.550000012,0.0133333337
C4_rand_0_r0,1,1109,0.533333361,0,0,4.4763999,0.0366666652,0.018666666,0.0855599716,0.0853660107,0,0,14,2.9096601,8.28133965,0,0,0,0,0,-0.0352675654,-24.3604794,76.258728,1.15165877,4.2210145,4.4763999,430.012512,66.6753006,0.51880002,0.0250000004,50,1,0.119999997,0.550000012,0.0133333337
C4_rand_0_r0,1,1110,0.546666682,0,0,4.4763999,0.0363333337,0.0183333326,0.0812295154,0.0807295442,0,0,14,2.9096601,8.28133965,0,0,0,0,0,-0.0352675654,-24.3604794,76.258728,1.15165877,4.2210145,4.4763999,430.012512,66.6753006,0.51880002,0.0250000004,50,1,0.119999997,0.550000012,0.0133333337
C4_rand_0_r0,1,1111,0.560000002,0,0,4.4763999,0.0359999985,0.0179999992,0.0763619244,0.0760579184,0,0,14,2.9096601,8.28133965,0,0,0,0,0,-0.0352675654,-24.3604794,76.258728,1.15165877,4.2210145,4.4763999,430.012512,66.6753006,0.51880002,0.0250000004,50,1,0.119999997,0.550000012,0.0133333337
C4_rand_0_r0,1,1112,0.573333323,0,0,4.4763999,0.0356666669,0.0176666658,0.0721058995,0.0716699213,0,0,14,2.9096601,8.28133965,0,0,0,0,0,-0.0352675654,-24.3604794,76.258728,1.15165877,4.2210145,4.4763999,430.012512,66.6753006,0.51880002,0.0250000004,50,1,0.119999997,0.550000012,0.0133333337
C4_rand_0_r0,1,1113,0.586666644,0,0,4.4763999,0.0353333317,0.0173333324,0.0679170564,0.0673068687,0,0,14,2.9096601,8.28133965,0,0,0,0,0,-0.0352675654,-24.3604794,76.258728,1.15165877,4.2210145,4.4763999,430.012512,66.6753006,0.51880002,0.0250000004,50,1,0.119999997,0.550000012,0.0133333337
C4_rand_0_r0,1,1114,0.600000024,0,0,4.4763999,0.0350000001,0.0170000009,0.0637197196,0.0632742941,0,0,14,2.9096601,8.28133965,0,0,0,0,0,-0.0352675654,-24.3604794,76.258728,1.15165877,4.2210145,4.4763999,430.012512,66.6753006,0.51880002,0.0250000004,50,1,0.119999997,0.550000012,0.0133333337
C4_rand_0_r0,1,1115,0.613333344,0,0,4.4763999,0.0346666649,0.0166666675,0.0606214032,0.0593157373,0,0,14,2.9096601,8.28133965,0,0,0,0,0,-0.0352675654,-24.3604794,76.258728,1.15165877,4.2210145,4.4763999,430.012512,66.6753006,0.51880002,0.0250000004,50,1,0.119999997,0.550000012,0.0133333337
C4_rand_0_r0,1,1116,0.626666665,0,0,4.4763999,0.0343333334,0.0163333341,0.0564114824,0.0557058603,0,0,14,2.9096601,8.28133965,0,0,0,0,0,-0.0352675654,-24.3604794,76.258728,1.15165877,4.2210145,4.4763999,430.012512,66.6753006,0.51880002,0.0250000004,50,1,0.119999997,0.550000012,0.0133333337
C4_rand_0_r0,1,1117,0.639999986,0,0,4.4763999,0.0340000018,0.0160000008,0.0539554544,0.0523035489,0,0,14,2.9096601,8.28133965,0,0,0,0,0,-0.0352675654,-24.3604794,76.258728,1.15165877,4.2210145,4.4763999,430.012512,66.6753006,0.51880002,0.0250000004,50,1,0.119999997,0.550000012,0.0133333337
C4_rand_0_r0,1,1118,0.653333306,0,0,4.4763999,0.0336666666,0.0156666674,0.0505566783,0.0490294769,0,0,14,2.9096601,8.28133965,0,0,0,0,0,-0.0352675654,-24.3604794,76.258728,1.15165877,4.2210145,4.4763999,430.012512,66.6753006,0.51880002,0.0250000004,50,1,0.119999997,0.550000012,0.0133333337
C4_rand_0_r0,1,1119,0.666666687,0,0,4.4763999,0.0333333351,0.0153333331,0.0480195247,0.0460501201,0,0,14,2.9096601,8.28133965,0,0,0,0,0,-0.0352675654,-24.3604794,76.258728,1.15165877,4.2210145,4.4763999,430.012512,66.6753006,0.51880002,0.0250000004,50,1,0.119999997,0.550000012,0.0133333337
C4_rand_0_r0,1,1120,0.680000007,0,0,4.4763999,0.0329999998,0.0149999997,0.0453100763,0.0451054014,0,0,14,2.9096601,8.28133965,0,0,0,0,0,-0.0352675654,-24.3604794,76.258728,1.15165877,4.2210145,4.4763999,430.012512,66.6753006,0.51880002,0.0250000004,50,1,0.119999997,0.550000012,0.0133333337
C4_rand_0_r0,1,1121,0.693333328,0,0.733428299,4.4763999,0.0326666683,0.0146666663,0.043445617,0.0425914861,0,1.33350599,14,2.9096601,8.28133965,0,0,0,0,0,-0.0352675654,-24.3604794,76.258728,1.15165877,4.2210145,4.4763999,430.012512,66.6753006,0.51880002,0.0250000004,50,1,0.119999997,0.550000012,0.0133333337
C4_rand_0_r0,1,1122,0.706666648,0,1.06347108,4.4763999,0.032333333,0.0143333329,0.0403856188,0.0400915444,0,1.33350599,14,2.9096601,8.28133965,0,0,0,0,0,-0.0352675654,-24.3604794,76.258728,1.15165877,4.2210145,4.4763999,430.012512,66.6753006,0.51880002,0.0250000004,50,1,0.119999997,0.550000012,0.0133333337
C4_rand_0_r0,1,1123,0.720000029,0,1.21199024,4.4763999,0.0320000015,0.0140000004,0.038016431,0.0379246362,0,1.33350599,14,2.9096601,8.28133965,0,0,0,0,0,-0.0352675654,-24.3604794,76.258728,1.15165877,4.2210145,4.4763999,430.012512,66.6753006,0.51880002,0.0250000004,50,1,0.119999997,0.550000012,0.0133333337
C4_rand_0_r0,1,1124,0.733333349,0,1.27882397,4.4763999,0.0316666663,0.013666667,0.0373160653,0.0356972218,0,1.33350599,14,2.9096601,8.28133965,0,0,0,0,0,-0.0352675654,-24.3604794,76.258728,1.15165877,4.2210145,4.4763999,430.012512,66.6753006,0.51880002,0.0250000004,50,1,0.119999997,0.550000012,0.0133333337
C4_rand_0_r0,1,1125,0.74666667,0,1.30889904,4.4763999,0.0313333347,0.0133333337,0.0342019573,0.0338480324,0,1.33350599,14,2.9096601,8.28133965,0,0,0,0,0,-0.0352675654,-24.3604794,76.258728,1.15165877,4.2210145,4.4763999,430.012512,66.6753006,0.51880002,0.0250000004,50,1,0.119999997,0.550000012,0.0133333337
C4_rand_0_r0,1,1126,0.75999999,0,1.32243288,4.4763999,0.0309999995,0.0130000003,0.0329290889,0.03212291,0,1.33350599,14,2.9096601,8.28133965,0,0,0,0,0,-0.0352675654,-24.3604794,76.258728,1.15165877,4.2210145,4.4763999,430.012512,66.6753006,0.51880002,0.0250000004,50,1,0.119999997,0.550000012,0.0133333337
C4_rand_0_r0,1,1127,0.773333311,0,1.32852304,4.4763999,0.0306666661,0.0126666669,0.0324923694,0.0302722044,0,1.33350599,14,2.9096601,8.28133965,0,0,0,0,0,-0.0352675654,-24.3604794,76.258728,1.15165877,4.2210145,4.4763999,430.012512,66.6753006,0.51880002,0.0250000004,50,1,0.119999997,0.550000012,0.0133333337
C4_rand_0_r0,1,1128,0.786666691,0,1.33126366,4.4763999,0.0303333327,0.0123333335,0.0303179994,0.0288029667,0,1.33350599,14,2.9096601,8.28133965,0,0,0,0,0,-0.0352675654,-24.3604794,76.258728,1.15165877,4.2210145,4.4763999,430.012512,66.6753006,0.51880002,0.0250000004,50,1,0.119999997,0.550000012,0.0133333337
C4_rand_0_r0,1,1129,0.800000012,0,1.332497,4.4763999,0.0299999993,0.0120000001,0.0303241462,0.0291745272,0,1.33350599,14,2.9096601,8.28133965,0,0,0,0,0,-0.0352675654,-24.3604794,76.258728,1.15165877,4.2210145,4.4763999,430.012512,66.6753006,0.51880002,0.0250000004,50,1,0.119999997,0.550000012,0.0133333337
C4_rand_0_r0,1,1130,0.813333333,0,1.33305192,4.4763999,0.0296666659,0.0116666667,0.0279949997,0.0279684998,0,1.33350599,14,2.9096601,8.28133965,0,0,0,0,0,-0.0352675654,-24.3604794,76.258728,1.15165877,4.2210145,4.4763999,430.012512,66.6753006,0.51880002,0.0250000004,50,1,0.119999997,0.550000012,0.0133333337
C4_rand_0_r0,1,1131,0.826666653,0,1.33330166,4.4763999,0.0293333326,0.0113333333,0.0276874136,0.0268391017,0,1.33350599,14,2.9096601,8.28133965,0,0,0,0,0,-0.0352675654,-24.3604794,76.258728,1.15165877,4.2210145,4.4763999,430.012512,66.6753006,0.51880002,0.0250000004,50,1,0.119999997,0.550000012,0.0133333337
C4_rand_0_r0,1,1132,0.839999974,0,1.33341408,4.4763999,0.0289999992,0.0109999999,0.0267663728,0.0254323408,0,1.33350599,14,2.9096601,8.28133965,0,0,0,0,0,-0.0352675654,-24.3604794,76.258728,1.15165877,4.2210145,4.4763999,430.012512,66.6753006,0.51880002,0.0250000004,50,1,0.119999997,0.550000012,0.0133333337
C4_rand_0_r0,1,1133,0.853333354,0,1.33346462,4.4763999,0.0286666658,0.0106666666,0.025277663,0.02448209,0,1.33350599,14,2.9096601,8.28133965,0,0,0,0,0,-0.0352675654,-24.3604794,76.258728,1.15165877,4.2210145,4.4763999,430.012512,66.6753006,0.51880002,0.0250000004,50,1,0.119999997,0.550000012,0.0133333337
C4_rand_0_r0,1,1134,0.866666675,0,1.33348739,4.4763999,0.0283333343,0.0103333332,0.026074674,0.0253527593,0,1.33350599,14,2.9096601,8.28133965,0,0,0,0,0,-0.0352675654,-24.3604794,76.258728,1.15165877,4.2210145,4.4763999,430.012512,66.6753006,0.51880002,0.0250000004,50,1,0.119999997,0.550000012,0.0133333337
C4_rand_0_r0,1,1135,0.879999995,0,1.33349764,4.4763999,0.0280000009,0.00999999978,0.0250353236,0.0224056318,0,1.33350599,14,2.9096601,8.28133965,0,0,0,0,0,-0.0352675654,-24.3604794,76.258728,1.15165877,4.2210145,4.4763999,430.012512,66.6753006,0.51880002,0.0250000004,50,1,0.119999997,0.550000012,0.0133333337
C4_rand_0_r0,1,1136,0.893333316,0,1.33350217,4.4763999,0.0276666675,0.00966666639,0.0234505013,0.0234479699,0,1.33350599,14,2.9096601,8.28133965,0,0,0,0,0,-0.0352675654,-24.3604794,76.258728,1.15165877,4.2210145,4.4763999,430.012512,66.6753006,0.51880002,0.0250000004,50,1,0.119999997,0.550000012,0.0133333337
C4_rand_0_r0,1,1137,0.906666696,0,1.33350432,4.4763999,0.0273333341,0.009333333,0.0240760595,0.0226781406,0,1.33350599,14,2.9096601,8.28133965,0,0,0,0,0,-0.0352675654,-24.3604794,76.258728,1.15165877,4.2210145,4.4763999,430.012512,66.6753006,0.51880002,0.0250000004,50,1,0.119999997,0.550000012,0.0133333337
C4_rand_0_r0,1,1138,0.920000017,0,1.33350527,4.4763999,0.0270000007,0.00899999961,0.0227959156,0.0217991136,0,1.33350599,14,2.9096601,8.28133965,0,0,0,0,0,-0.0352675654,-24.3604794,76.258728,1.15165877,4.2210145,4.4763999,430.012512,66.6753006,0.51880002,0.0250000004,50,1,0.119999997,0.550000012,0.0133333337
C4_rand_0_r0,1,1139,0.933333337,0,1.33350563,4.4763999,0.0266666673,0.00866666622,0.0222491883,0.0211224928,0,1.33350599,14,2.9096601,8.28133965,0,0,0,0,0,-0.0352675654,-24.3604794,76.258728,1.15165877,4.2210145,4.4763999,430.012512,66.6753006,0.51880002,0.0250000004,50,1,0.119999997,0.550000012,0.0133333337
C4_rand_0_r0,1,1140,0.946666658,0,1.33350587,4.4763999,0.0263333339,0.00833333377,0.0237339344,0.0231574439,0,1.33350599,14,2.9096601,8.28133965,0,0,0,0,0,-0.0352675654,-24.3604794,76.258728,1.15165877,4.2210145,4.4763999,430.012512,66.6753006,0.51880002,0.0250000004,50,1,0.119999997,0.550000012,0.0133333337
C4_rand_0_r0,1,1141,0.959999979,0,1.33350599,4.4763999,0.0260000005,0.00800000038,0.0220954064,0.0219578538,0,1.33350599,14,2.9096601,8.28133965,0,0,0,0,0,-0.0352675654,-24.3604794,76.258728,1.15165877,4.2210145,4.4763999,430.012512,66.6753006,0.51880002,0.0250000004,50,1,0.119999997,0.550000012,0.0133333337
C4_rand_0_r0,1,1142,0.973333359,0,1.33350599,4.4763999,0.0256666671,0.00766666653,0.0225480385,0.0209015496,0,1.33350599,14,2.9096601,8.28133965,0,0,0,0,0,-0.0352675654,-24.3604794,76.258728,1.15165877,4.2210145,4.4763999,430.012512,66.6753006,0.51880002,0.0250000004,50,1,0.119999997,0.550000012,0.0133333337
C4_rand_0_r0,1,1143,0.986666679,0,1.33350599,4.4763999,0.0253333338,0.00733333314,0.0210516639,0.0203219783,0,1.33350599,14,2.9096601,8.28133965,0,0,0,0,0,-0.0352675654,-24.3604794,76.258728,1.15165877,4.2210145,4.4763999,430.012512,66.6753006,0.51880002,0.0250000004,50,1,0.119999997,0.550000012,0.0133333337
C4_rand_0_r0,1,1144,1,0,1.33350599,4.4763999,0.0250000004,0.00700000022,0.0200340692,0.0197779294,0,1.33350599,14,2.9096601,8.28133965,0,0,0,0,0,-0.0352675654,-24.3604794,76.258728,1.15165877,4.2210145,4.4763999,430.012512,66.6753006,0.51880002,0.0250000004,50,1,0.119999997,0.550000012,0.0133333337
C4_rand_0_r0,1,1145,1.01333332,1,1.33350599,4.4763999,0.024666667,0.00666666683,0.0207473338,0.0201843474,0,1.33350599,14,2.9096601,8.28133965,0,0,0,0,0,-2.74728847,-31.9634056,72.1490936,1.42654026,7.34538746,4.4763999,430.012512,66.6753006,0.51880002,0.0250000004,50,1,0.119999997,0.550000012,0.0133333337
C4_rand_0_r0,1,1146,1.02666664,1,1.33350599,4.4763999,0.0243333336,0.00633333344,0.0189772248,0.0187896546,0,1.33350599,14,2.9096601,8.28133965,0,0,0,0,0,-2.74728847,-31.9634056,72.1490936,1.42654026,7.34538746,4.4763999,430.012512,66.6753006,0.51880002,0.0250000004,50,1,0.119999997,0.550000012,0.0133333337
C4_rand_0_r0,1,1147,1.03999996,1,1.33350599,4.4763999,0.0240000002,0.00600000005,0.0194566995,0.0192466453,0,1.33350599,14,2.9096601,8.28133965,0,0,0,0,0,-2.74728847,-31.9634056,72.1490936,1.42654026,7.34538746,4.4763999,430.012512,66.6753006,0.51880002,0.0250000004,50,1,0.119999997,0.550000012,0.0133333337
C4_rand_0_r0,1,1148,1.05333328,1,1.35739934,4.4763999,0.0236666668,0.00566666666,0.0194693375,0.0178989749,0.000101025849,1.37694836,14,2.9096601,8.28133965,0,0,0,0,0,-2.74728847,-31.9634056,72.1490936,1.42654026,7.34538746,4.4763999,430.012512,66.6753006,0.51880002,0.0250000004,50,1,0.119999997,0.550000012,0.0133333337
C4_rand_0_r0,1,1149,1.06666672,1,1.47026491,4.4763999,0.0233333334,0.00533333328,0.0192627329,0.0174672157,0.000532783451,1.56260955,14,2.9096601,8.28133965,0,0,0,0,0,-2.74728847,-31.9634056,72.1490936,1.42654026,7.34538746,4.4763999,430.012512,66.6753006,0.51880002,0.0250000004,50,1,0.119999997,0.550000012,0.0133333337
C4_rand_0_r0,1,1150,1.08000004,1,1.39504755,4.4763999,0.023,0.00499999989,0.0182593465,0.0180029757,0,1.33350599,14,2.9096601,8.28133965,0,0,0,0,0,-2.74728847,-31.9634056,72.1490936,1.42654026,7.34538746,4.4763999,430.012512,66.6753006,0.51880002,0.0250000004,50,1,0.119999997,0.550000012,0.0133333337
C4_rand_0_r0,1,1151,1.09333336,1,1.36119974,4.4763999,0.0226666667,0.0046666665,0.0192412566,0.0191588271,0,1.33350599,14,2.9096601,8.28133965,0,0,0,0,0,-2.74728847,-31.9634056,72.1490936,1.42654026,7.34538746,4.4763999,430.012512,66.6753006,0.51880002,0.0250000004,50,1,0.119999997,0.550000012,0.0133333337
C4_rand_0_r0,1,1152,1.10666668,1,1.53067493,4.4763999,0.0223333333,0.00433333311,0.0182604492,0.0172190219,0.000780978648,1.66933656,14,2.9096601,8.28133965,0,0,0,0,0,-2.74728847,-31.9634056,72.1490936,1.42654026,7.34538746,4.4763999,430.012512,66.6753006,0.51880002,0.0250000004,50,1,0.119999997,0.550000012,0.0133333337
C4_rand_0_r0,1,1153,1.12,1,1.42223203,4.4763999,0.0219999999,0.00400000019,0.0188683514,0.0183970202,0,1.33350599,14,2.9096601,8.28133965,0,0,0,0,0,-2.74728847,-31.9634056,72.1490936,1.42654026,7.34538746,4.4763999,430.012512,66.6753006,0.51880002,0.0250000004,50,1,0.119999997,0.550000012,0.0133333337
C4_rand_0_r0,1,1154,1.13333333,1,1.73948717,4.4763999,0.0216666665,0.00366666657,0.019446047,0.0164522454,0.00154775393,1.99905956,14,2.9096601,8.28133965,0,0,0,0,0,-2.74728847,-31.9634056,72.1490936,1.42654026,7.34538746,4.4763999,430.012512,66.6753006,0.51880002,0.0250000004,50,1,0.119999997,0.550000012,0.0133333337
C4_rand_0_r0,1,1155,1.14666665,1,1.97066855,4.4763999,0.0213333331,0.00333333341,0.0187437721,0.0160784032,0.0019215974,2.15981698,14,2.9096601,8.28133965,0,0,0,0,0,-2.74728847,-31.9634056,72.1490936,1.42654026,7.34538746,4.4763999,430.012512,66.6753006,0.51880002,0.0250000004,50,1,0.119999997,0.550000012,0.0133333337
C4_rand_0_r0,1,1156,1.15999997,1,1.79415548,4.4763999,0.0209999997,0.00300000003,0.019336924,0.0172646027,0.000735396461,1.64973569,14,2.9096601,8.28133965,0,0,0,0,0,-2.74728847,-31.9634056,72.1490936,1.42654026,7.34538746,4.4763999,430.012512,66.6753006,0.51880002,0.0250000004,50,1,0.119999997,0.550000012,0.0133333337
C4_rand_0_r0,1,1157,1.17333329,1,2.17137527,4.4763999,0.0206666663,0.00266666664,0.0192940664,0.0153337903,0.00266620982,2.48000956,14,2.9096601,8.28133965,0,0,0,0,0,-2.74728847,-31.9634056,72.1490936,1.42654026,7.34538746,4.4763999,430.012512,66.6753006,0.51880002,0.0250000004,50,1,0.119999997,0.550000012,0.0133333337
C4_rand_0_r0,1,1158,1.18666661,1,1.71054709,4.4763999,0.0203333329,0.00233333325,0.0191242173,0.0190548282,0,1.33350599,14,2.9096601,8.28133965,0,0,0,0,0,-2.74728847,-31.9634056,72.1490936,1.42654026,7.34538746,4.4763999,430.012512,66.6753006,0.51880002,0.0250000004,50,1,0.119999997,0.550000012,0.0133333337
C4_rand_0_r0,1,1159,1.20000005,1,1.51499438,4.4763999,0.0199999996,0.00200000009,0.0180983748,0.0179500226,4.99771013e-05,1.3549968,14,2.9096601,8.28133965,0,0,0,0,0,-2.74728847,-31.9634056,72.1490936,1.42654026,7.34538746,4.4763999,430.012512,66.6753006,0.51880002,0.0250000004,50,1,0.119999997,0.550000012,0.0133333337
C4_rand_0_r0,1,1160,1.21333337,1,1.4151758,4.4763999,0.0196666662,0.00166666671,0.0184443053,0.0182940289,0,1.33350599,14,2.9096601,8.28133965,0,0,0,0,0,-2.74728847,-31.9634056,72.1490936,1.42654026,7.34538746,4.4763999,430.012512,66.6753006,0.51880002,0.0250000004,50,1,0.119999997,0.550000012,0.0133333337
C4_rand_0_r0,1,1161,1.22666669,1,1.56594002,4.4763999,0.0193333328,0.00133333332,0.0172050521,0.0171726141,0.000827386335,1.68929243,14,2.9096601,8.28133965,0,0,0,0,0,-2.74728847,-31.9634056,72.1490936,1.42654026,7.34538746,4.4763999,430.012512,66.6753006,0.51880002,0.0250000004,50,1,0.119999997,0.550000012,0.0133333337
C4_rand_0_r0,1,1162,1.24000001,1,1.65673673,4.4763999,0.0189999994,0.00100000005,0.018115066,0.0170755647,0.000924435735,1.73102486,14,2.9096601,8.28133965,0,0,0,0,0,-2.74728847,-31.9634056,72.1490936,1.42654026,7.34538746,4.4763999,430.012512,66.6753006,0.51880002,0.0250000004,50,1,0.119999997,0.550000012,0.0133333337
C4_rand_0_r0,1,1163,1.25333333,1,1.87027109,4.4763999,0.018666666,0.00066666666,0.0168689229,0.0163454544,0.00165454485,2.044981,14,2.9096601,8.28133965,0,0,0,0,0,-2.74728847,-31.9634056,72.1490936,1.42654026,7.34538746,4.4763999,430.012512,66.6753006,0.51880002,0.0250000004,50,1,0.119999997,0.550000012,0.0133333337
C4_rand_0_r0,1,1164,1.26666665,1,1.98762321,4.4763999,0.0183333326,0.00033333333,0.0166245848,0.0162555557,0.00174444402,2.08363867,14,2.9096601,8.28133965,0,0,0,0,0,-2.74728847,-31.9634056,72.1490936,1.42654026,7.34538746,4.4763999,430.012512,66.6753006,0.51880002,0.0250000004,50,1,0.119999997,0.550000012,0.0133333337
C4_rand_0_r0,1,1165,1.27999997,1,2.05840111,4.4763999,0.0179999992,5.89805982e-17,0.0165279582,0.0161795784,0.00182042213,2.11631036,14,2.9096601,8.28133965,0,0,0,0,0,-2.74728847,-31.9634056,72.1490936,1.42654026,7.34538746,4.4763999,430.012512,66.6753006,0.51880002,0.0250000004,50,1,0.119999997,0.550000012,0.0133333337
C4_rand_0_r0,1,1166,1.29333329,1,2.27428389,4.4763999,0.0176666658,-0.00033333333,0.0155201964,0.01540145,0.0025985504,2.4509151,14,2.9096601,8.28133965,0,0,0,0,0,-2.74728847,-31.9634056,72.1490936,1.42654026,7.34538746,4.4763999,430.012512,66.6753006,0.51880002,0.0250000004,50,1,0.119999997,0.550000012,0.0133333337
C4_rand_0_r0,1,1167,1.30666661,1,2.3979876,4.4763999,0.0173333324,-0.00066666666,0.0163457952,0.0152891632,0.00271083694,2.49919987,14,2.9096601,8.28133965,1,0,0,0,0,-2.74728847,-31.9634056,72.1490936,1.42654026,7.34538746,4.4763999,430.012512,66.6753006,0.51880002,0.0250000004,50,1,0.119999997,0.550000012,0.0133333337
C4_rand_0_r0,1,1168,1.32000005,1,2.6371367,4.4763999,0.0170000009,-0.00100000005,0.014853104,0.0145133613,0.00348663842,2.83280396,14,2.9096601,8.28133965,1,0,0,0,0,-2.74728847,-31.9634056,72.1490936,1.42654026,7.34538746,4.4763999,430.012512,66.6753006,0.51880002,0.0250000004,50,1,0.119999997,0.550000012,0.0133333337
C4_rand_0_r0,1,1169,3.01333332,3,2.48418355,4.4763999,0.0166666675,-0.00133333332,0.0159243625,0.0156151066,0.0023848936,2.35904002,14,2.9096601,8.28133965,1,0,0,0,0,1.14513397,-30.7513256,58.0852966,1.34123218,1.258582,4.4763999,430.012512,66.6753006,0.51880002,0.0250000004,50,1,0.119999997,0.550000012,0.0133333337
C4_rand_0_r0,1,1170,3.02666664,3,2.90182495,4.4763999,0.0163333341,-0.00166666671,0.0143280486,0.0135582089,0.00444179075,3.24353147,14,2.9096601,8.28133965,1,0,0,1,0,1.14513397,-30.7513256,58.0852966,1.34123218,1.258582,4.4763999,430.012512,66.6753006,0.51880002,0.0250000004,50,1,0.119999997,0.550000012,0.0133333337
C4_rand_0_r0,1,1171,3.03999996,3,2.81757569,4.4763999,0.0160000008,-0.00200000009,0.0150943417,0.0147090759,0.00329092424,2.74864459,14,2.9096601,8.28133965,1,0,0,0,0,1.14513397,-30.7513256,58.0852966,1.34123218,1.258582,4.4763999,430.012512,66.6753006,0.51880002,0.0250000004,50,1,0.119999997,0.550000012,0.0133333337
C4_rand_0_r0,1,1172,3.05333328,3,3.26721382,4.4763999,0.0156666674,-0.00233333325,0.013333356,0.012647613,0.0053523872,3.63509941,14,2.9096601,8.28133965,1,1,0,1,0,1.14513397,-30.7513256,58.0852966,1.34123218,1.258582,4.4763999,430.012512,66.6753006,0.51880002,0.0250000004,50,1,0.119999997,0.550000012,0.0133333337
C4_rand_0_r0,1,1173,4.05187988,4,3.17272162,4.4763999,0.0153333331,-0.00266666664,0.0145865362,0.0139026679,0.00409733225,3.09541011,14,2.9096601,8.28133965,1,1,0,2,0,2.72759867,-37.6807327,59.2126007,1.31279624,43.4351807,4.4763999,430.012512,66.6753006,0.51880002,0.0250000004,50,1,0.119999997,0.550000012,0.0133333337
C4_rand_0_r0,1,1174,4.10375977,4,3.66890001,4.4763999,0.0150534725,-0.00294652767,0.01278402,0.0116249342,0.006375066,4.07486391,14,2.9096601,8.28133965,1,1,0,3,0,2.72759867,-37.6807327,59.2126007,1.31279624,43.4351807,4.4763999,430.012512,66.6753006,0.51880002,0.0250000004,50,1,0.119999997,0.550000012,0.0133333337
C4_rand_0_r0,1,1175,4.15564013,4,3.49725747,4.4763999,0.0147348447,-0.00326515525,0.0137204975,0.0127972839,0.00520271668,3.35682249,14,2.9096601,8.28133965,1,1,0,4,0,2.72759867,-37.6807327,59.2126007,1.31279624,43.4351807,4.4763999,430.012512,66.6753006,0.51880002,0.0250000004,50,1,0.119999997,0.550000012,0.0133333337
C4_rand_0_r0,1,1176,4.20752001,4,3.6900022,4.4763999,0.0144632962,-0.00353670376,0.0128287403,0.0120163895,0.00598361064,3.84770274,14,2.9096601,8.28133965,1,1,0,5,0,2.72759867,-37.6807327,59.2126007,1.31279624,43.4351807,4.4763999,430.012512,66.6753006,0.51880002,0.0250000004,50,1,0.119999997,0.550000012,0.0133333337
C4_rand_0_r0,1,1177,6.05187988,6,3.77269673,4.4763999,0.0142225651,-0.00377743505,0.0135180578,0.0115954848,0.00640451536,3.84035587,14,2.9096601,8.28133965,1,1,0,6,0,7.63256931,-74.3147354,58.6979675,1.17535543,59.3305893,4.4763999,430.012512,66.6753006,0.51880002,0.0250000004,50,1,0.119999997,0.550000012,0.0133333337
C4_rand_0_r0,1,1178,6.10375977,6,4.01446009,4.4763999,0.0140541261,-0.00394587358,0.0107311066,0.0104439007,0.00755609898,4.21226645,14,2.9096601,8.28133965,1,1,0,7,0,7.63256931,-74.3147354,58.6979675,1.17535543,59.3305893,4.4763999,430.012512,66.6753006,0.51880002,0.0250000004,50,1,0.119999997,0.550000012,0.0133333337
C4_rand_0_r0,1,1179,6.15564013,6,3.8665812,4.4763999,0.0138566596,-0.00414334051,0.0109295603,0.0108566079,0.00714339223,3.74558926,14,2.9096601,8.28133965,1,1,0,8,0,7.63256931,-74.3147354,58.6979675,1.17535543,59.3305893,4.4763999,430.012512,66.6753006,0.51880002,0.0250000004,50,1,0.119999997,0.550000012,0.0133333337
C4_rand_0_r0,1,1180,6.20752001,6,4.56491995,4.4763999,0.0138483373,-0.00415166281,0.00802161545,0.00789257977,0.0101074204,5.13628817,14,2.9096601,8.28133965,1,1,0,9,0,7.63256931,-74.3147354,58.6979675,1.17535543,59.3305893,4.4763999,430.012512,66.6753006,0.51880002,0.0250000004,50,1,0.119999997,0.550000012,0.0133333337
C4_rand_0_r0,1,1181,8.05187988,8,4.66557121,4.4763999,0.0138994977,-0.00410050247,0.00835913699,0.00703606568,0.0109639345,4.74792242,14,2.9096601,8.28133965,1,1,0,10,0,2.54216766,-2.08958316,3.98050094,0.620853066,78.8402481,4.4763999,430.012512,66.6753006,0.51880002,0.0250000004,50,1,0.119999997,0.550000012,0.0133333337
C4_rand_0_r0,1,1182,8.10375977,8,4.66386652,4.4763999,0.0139600988,-0.00403990177,0.00684018899,0.00668139709,0.0113186026,4.66247225,14,2.9096601,8.28133965,1,1,0,11,0,2.54216766,-2.08958316,3.98050094,0.620853066,78.8402481,4.4763999,430.012512,66.6753006,0.51880002,0.0250000004,50,1,0.119999997,0.550000012,0.0133333337
C4_rand_0_r0,1,1183,8.15563965,8,5.48684311,4.4763999,0.0142508773,-0.00374912284,0.00363393594,0.00311061461,0.0148893856,6.16018724,14,2.9096601,8.28133965,1,1,0,12,0,2.54216766,-2.08958316,3.98050094,0.620853066,78.8402481,4.4763999,430.012512,66.6753006,0.51880002,0.0250000004,50,1,0.119999997,0.550000012,0.0133333337
C4_rand_0_r0,1,1184,8.20751953,8,5.00943661,4.4763999,0.0144474059,-0.00355259399,0.00471865898,0.00455365423,0.0134463459,4.61883116,14,2.9096601,8.28133965,1,1,0,13,0,2.54216766,-2.08958316,3.98050094,0.620853066,78.8402481,4.4763999,430.012512,66.6753006,0.51880002,0.0250000004,50,1,0.119999997,0.550000012,0.0133333337
C4_rand_0_r0,1,1185,10.0518799,10,5.7343483,4.4763999,0.0147807393,-0.0032192606,0.00195323583,0.00145705021,0.0165429506,6.32745838,14,2.9096601,8.28133965,1,1,0,14,0,1.76981246,0.279972464,4.47375584,0.5687204,7.23338938,4.4763999,430.012512,66.6753006,0.51880002,0.0250000004,50,1,0.119999997,0.550000012,0.0133333337
C4_rand_0_r0,1,1186,10.1037598,10,6.63811159,4.4763999,0.0151140727,-0.00288592745,0.00297641638,-0.0022576903,0.0202576909,7.37755394,14,2.9096601,8.28133965,1,1,0,15,0,1.76981246,0.279972464,4.47375584,0.5687204,7.23338938,4.4763999,430.012512,66.6753006,0.51880002,0.0250000004,50,1,0.119999997,0.550000012,0.0133333337
C4_rand_0_r0,1,1187,10.1556396,10,6.62385845,4.4763999,0.0154474061,-0.00255259406,0.000998612493,-0.000477841764,0.0184778422,6.61219692,14,2.9096601,8.28133965,1,1,0,16,0,1.76981246,0.279972464,4.47375584,0.5687204,7.23338938,4.4763999,430.012512,66.6753006,0.51880002,0.0250000004,50,1,0.119999997,0.550000012,0.0133333337
C4_rand_0_r0,1,1188,10.2075195,10,6.41156006,4.4763999,0.0157807395,-0.00221926067,0.00187508436,0.000392680522,0.0176073201,6.23786163,14,2.9096601,8.28133965,1,1,0,17,0,1.76981246,0.279972464,4.47375584,0.5687204,7.23338938,4.4763999,430.012512,66.6753006,0.51880002,0.0250000004,50,1,0.119999997,0.550000012,0.0133333337
C4_rand_0_r0,1,1189,12.0518799,12,6.32668209,4.4763999,0.0161140729,-0.0018859274,0.00209712307,0.000347623863,0.0176523756,6.25723648,14,2.9096601,8.28133965,1,1,0,18,0,0.915382028,0.18314226,89.5694885,1.66824639,92.3369064,4.4763999,430.012512,66.6753006,0.51880002,0.0250000004,50,1,0.119999997,0.550000012,0.0133333337
C4_rand_0_r0,1,1190,12.1037598,12,6.6813221,4.4763999,0.0164474063,-0.00155259401,0.00243039732,-0.00131336448,0.0193133652,6.97148228,14,2.9096601,8.28133965,1,1,0,19,0,0.915382028,0.18314226,89.5694885,1.66824639,92.3369064,4.4763999,430.012512,66.6753006,0.51880002,0.0250000004,50,1,0.119999997,0.550000012,0.0133333337
C4_rand_0_r0,1,1191,12.1556396,12,6.32756233,4.4763999,0.0167807397,-0.00121926074,0.00155260065,0.000857177016,0.017142823,6.03812218,14,2.9096601,8.28133965,1,1,0,20,0,0.915382028,0.18314226,89.5694885,1.66824639,92.3369064,4.4763999,430.012512,66.6753006,0.51880002,0.0250000004,50,1,0.119999997,0.550000012,0.0133333337
C4_rand_0_r0,1,1192,12.2075195,12,6.53551769,4.4763999,0.017114073,-0.000885927351,0.00160555495,-0.000695199589,0.0186951999,6.70566368,14,2.9096601,8.28133965,1,1,0,21,0,0.915382028,0.18314226,89.5694885,1.66824639,92.3369064,4.4763999,430.012512,66.6753006,0.51880002,0.0250000004,50,1,0.119999997,0.550000012,0.0133333337
C4_rand_0_r0,1,1193,14.0518799,14,5.96998739,4.4763999,0.0174474064,-0.000552594021,0.00211750786,0.00209165551,0.0159083437,5.50728083,14,2.9096601,8.28133965,1,1,0,22,0,5.72900772,-0.374560237,3.06687999,0.654028416,1.9794898,4.4763999,430.012512,66.6753006,0.51880002,0.0250000004,50,1,0.119999997,0.550000012,0.0133333337
C4_rand_0_r0,1,1194,14.1037598,14,6.22208214,4.4763999,0.0177807398,-0.000219260706,0.00256725773,-5.02840267e-05,0.0180502832,6.42834187,14,2.9096601,8.28133965,1,1,0,23,0,5.72900772,-0.374560237,3.06687999,0.654028416,1.9794898,4.4763999,430.012512,66.6753006,0.51880002,0.0250000004,50,1,0.119999997,0.550000012,0.0133333337
C4_rand_0_r0,1,1195,14.1556396,14,6.19392824,4.4763999,0.0181140732,0.000114072631,0.0027163967,0.000548417447,0.0174515825,6.17089272,14,2.9096601,8.28133965,1,1,0,24,0,5.72900772,-0.374560237,3.06687999,0.654028416,1.9794898,4.4763999,430.012512,66.6753006,0.51880002,0.0250000004,50,1,0.119999997,0.550000012,0.0133333337
C4_rand_0_r0,1,1196,14.2075195,14,6.47515011,4.4763999,0.0184474066,0.000447405968,0.00375148817,-0.000694217219,0.0186942164,6.7052412,14,2.9096601,8.28133965,1,1,0,25,0,5.72900772,-0.374560237,3.06687999,0.654028416,1.9794898,4.4763999,430.012512,66.6753006,0.51880002,0.0250000004,50,1,0.119999997,0.550000012,0.0133333337
C4_rand_0_r0,1,1197,16.0518799,16,6.63442278,4.4763999,0.01878074,0.000780739298,0.00520687411,-0.000832575024,0.0188325755,6.76473665,14,2.9096601,8.28133965,1,1,0,26,0,0.245132208,-13.6956081,6.94639397,0.815165877,9.34700394,4.4763999,430.012512,66.6753006,0.51880002,0.0250000004,50,1,0.119999997,0.550000012,0.0133333337
C4_rand_0_r0,1,1198,16.1037598,16,6.98924446,4.4763999,0.0191140734,0.00111407263,0.00478367554,-0.00202978821,0.0200297888,7.27955341,14,2.9096601,8.28133965,1,1,0,27,0,0.245132208,-13.6956081,6.94639397,0.815165877,9.34700394,4.4763999,430.012512,66.6753006,0.51880002,0.0250000004,50,1,0.119999997,0.550000012,0.0133333337
C4_rand_0_r0,1,1199,16.1556396,16,7.01092815,4.4763999,0.0194474068,0.00144740602,0.00433107233,-0.00144635374,0.0194463544,7.02866936,14,2.9096601,8.28133965,1,1,0,28,0,0.245132208,-13.6956081,6.94639397,0.815165877,9.34700394,4.4763999,430.012512,66.6753006,0.51880002,0.0250000004,50,1,0.119999997,0.550000012,0.0133333337
C4_rand_0_r0,1,1200,16.2075195,16,6.63982439,4.4763999,0.0197807401,0.00178073929,0.00599879026,0.000164005934,0.0178359933,6.33619452,14,2.9096601,8.28133965,1,1,0,29,0,0.245132208,-13.6956081,6.94639397,0.815165877,9.34700394,4.4763999,430.012512,66.6753006,0.51880002,0.0250000004,50,1,0.119999997,0.550000012,0.0133333337
C4_rand_0_r0,1,1201,18.0518799,18,6.76068926,4.4763999,0.0201140735,0.00211407267,0.0078324955,-0.00105313037,0.0190531295,6.85957813,14,2.9096601,8.28133965,1,1,0,30,0,5.24428129,-0.79044193,88.3620758,1.09004736,3.59478664,4.4763999,430.012512,66.6753006,0.51880002,0.0250000004,50,1,0.119999997,0.550000012,0.0133333337
C4_rand_0_r0,1,1202,18.1037598,18,7.89698792,4.4763999,0.0204474051,0.00244740606,0.00729304459,-0.00562766986,0.0236276705,8.82668781,14,2.9096601,8.28133965,1,1,0,31,0,5.24428129,-0.79044193,88.3620758,1.09004736,3.59478664,4.4763999,430.012512,66.6753006,0.51880002,0.0250000004,50,1,0.119999997,0.550000012,0.0133333337
C4_rand_0_r0,1,1203,18.117094,18,7.53906107,4.4763999,0.0207807384,0.00278073922,0.00827928074,-0.00195225247,0.0199522525,7.24621201,14,2.9096601,8.28133965,0,1,0,0,0,5.24428129,-0.79044193,88.3620758,1.09004736,3.59478664,4.4763999,430.012512,66.6753006,0.51880002,0.0250000004,50,1,0.119999997,0.550000012,0.0133333337
C4_rand_0_r0,1,1204,18.1304264,18,7.67750025,4.4763999,0.0211140718,0.00311407261,0.0062148897,-0.0032186266,0.0212186258,7.79076862,14,2.9096601,8.28133965,1,1,0,1,0,5.24428129,-0.79044193,88.3620758,1.09004736,3.59478664,4.4763999,430.012512,66.6753006,0.51880002,0.0250000004,50,1,0.119999997,0.550000012,0.0133333337
C4_rand_0_r0,1,1205,20.0518799,20,8.05576324,4.4763999,0.0214474052,0.00344740599,0.00776175736,-0.00455459254,0.0225545932,8.36525059,14,2.9096601,8.28133965,1,1,0,2,0,5.07186747,3.99911022,87.2376099,1.79146922,86.6512527,4.4763999,430.012512,66.6753006,0.51880002,0.0250000004,50,1,0.119999997,0.550000012,0.0133333337
C4_rand_0_r0,1,1206,20.0652142,20,8.5437727,4.4763999,0.0217807386,0.00378073938,0.0119678807,-0.0058982824,0.023898283,8.9430542,14,2.9096601,8.28133965,0,0,0,0,0,5.07186747,3.99911022,87.2376099,1.79146922,86.6512527,4.4763999,430.012512,66.6753006,0.51880002,0.0250000004,50,1,0.119999997,0.550000012,0.0133333337
C4_rand_0_r0,1,1207,20.0785465,20,8.62496758,4.4763999,0.022114072,0.00411407277,0.0130035589,-0.00531305559,0.0233130548,8.69139957,14,2.9096601,8.28133965,0,0,0,0,0,5.07186747,3.99911022,87.2376099,1.79146922,86.6512527,4.4763999,430.012512,66.6753006,0.51880002,0.0250000004,50,1,0.119999997,0.550000012,0.0133333337
C4_rand_0_r0,1,1208,20.0918808,20,8.9932375,4.4763999,0.0224474054,0.00444740616,0.0124814594,-0.00671569025,0.0247156899,9.29454994,14,2.9096601,8.28133965,0,0,0,0,0,5.07186747,3.99911022,87.2376099,1.79146922,86.6512527,4.4763999,430.012512,66.6753006,0.51880002,0.0250000004,50,1,0.119999997,0.550000012,0.0133333337
C4_rand_0_r0,1,1209,20.1052132,20,9.50039864,4.4763999,0.0227807388,0.00478073908,0.0150390463,-0.00815936644,0.0261593666,9.91534805,14,2.9096601,8.28133965,0,0,0,0,0,5.07186747,3.99911022,87.2376099,1.79146922,86.6512527,4.4763999,430.012512,66.6753006,0.51880002,0.0250000004,50,1,0.119999997,0.550000012,0.0133333337
C4_rand_0_r0,1,1210,20.1185474,20,9.95166302,4.4763999,0.0231140722,0.00511407247,0.0157422572,-0.00910243299,0.0271024331,10.320879,14,2.9096601,8.28133965,0,0,0,0,0,5.07186747,3.99911022,87.2376099,1.79146922,86.6512527,4.4763999,430.012512,66.6753006,0.51880002,0.0250000004,50,1,0.119999997,0.550000012,0.0133333337
C4_rand_0_r0,1,1211,20.1318798,20,9.38110256,4.4763999,0.0234474055,0.00544740586,0.0169034265,-0.00583136734,0.0238313675,8.91427994,14,2.9096601,8.28133965,0,0,0,0,0,5.07186747,3.99911022,87.2376099,1.79146922,86.6512527,4.4763999,430.012512,66.6753006,0.51880002,0.0250000004,50,1,0.119999997,0.550000012,0.0133333337
C4_rand_0_r0,1,1212,20.1452141,20,9.39526558,4.4763999,0.0237807389,0.00578073924,0.0145070627,-0.00697685312,0.0249768533,9.40685272,14,2.9096601,8.28133965,0,0,0,0,0,5.07186747,3.99911022,87.2376099,1.79146922,86.6512527,4.4763999,430.012512,66.6753006,0.51880002,0.0250000004,50,1,0.119999997,0.550000012,0.0133333337
C4_rand_0_r0,1,1213,20.1585464,20,9.69916821,4.4763999,0.0241140723,0.00611407263,0.0147952503,-0.00823486969,0.0262348689,9.9478159,14,2.9096601,8.28133965,0,0,0,0,0,5.07186747,3.99911022,87.2376099,1.79146922,86.6512527,4.4763999,430.012512,66.6753006,0.51880002,0.0250000004,50,1,0.119999997,0.550000012,0.0133333337
C4_rand_0_r0,1,1214,20.1718807,20,10.1578445,4.4763999,0.0244474057,0.00644740602,0.0175951794,-0.0095960144,0.0275960155,10.5331249,14,2.9096601,8.28133965,0,0,0,0,0,5.07186747,3.99911022,87.2376099,1.79146922,86.6512527,4.4763999,430.012512,66.6753006,0.51880002,0.0250000004,50,1,0.119999997,0.550000012,0.0133333337
C4_rand_0_r0,1,1215,20.1852131,20,10.0994663,4.4763999,0.0247807391,0.00678073941,0.0168358907,-0.00847646035,0.0264764614,10.0517035,14,2.9096601,8.28133965,0,0,0,0,0,5.07186747,3.99911022,87.2376099,1.79146922,86.6512527,4.4763999,430.012512,66.6753006,0.51880002,0.0250000004,50,1,0.119999997,0.550000012,0.0133333337
C4_rand_0_r0,1,1216,20.1985474,20,10.3914051,4.4763999,0.0251140725,0.0071140728,0.0161621254,-0.00982191227,0.0278219115,10.6302643,14,2.9096601,8.28133965,0,0,0,0,0,5.07186747,3.99911022,87.2376099,1.79146922,86.6512527,4.4763999,430.012512,66.6753006,0.51880002,0.0250000004,50,1,0.119999997,0.550000012,0.0133333337
C4_rand_0_r0,1,1217,20.2118797,20,10.8696136,4.4763999,0.0254474059,0.00744740618,0.0181051809,-0.0112884054,0.0292884056,11.2608747,14,2.9096601,8.28133965,0,0,0,0,0,5.07186747,3.99911022,87.2376099,1.79146922,86.6512527,4.4763999,430.012512,66.6753006,0.51880002,0.0250000004,50,1,0.119999997,0.550000012,0.0133333337
C4_rand_0_r0,1,1218,20.225214,20,10.775773,4.4763999,0.0257807393,0.00778073911,0.0214244798,-0.00998174679,0.0279817469,10.6989946,14,2.9096601,8.28133965,0,0,0,0,0,5.07186747,3.99911022,87.2376099,1.79146922,86.6512527,4.4763999,430.012512,66.6753006,0.51880002,0.0250000004,50,1,0.119999997,0.550000012,0.0133333337
C4_rand_0_r0,1,1219,20.2385464,20,11.0748482,4.4763999,0.0261140727,0.00811407249,0.0202915166,-0.0114248451,0.0294248443,11.3195448,14,2.9096601,8.28133965,0,0,0,0,0,5.07186747,3.99911022,87.2376099,1.79146922,86.6512527,4.4763999,430.012512,66.6753006,0.51880002,0.0250000004,50,1,0.119999997,0.550000012,0.0133333337
C4_rand_0_r0,1,1220,20.2518806,20,11.4217424,4.4763999,0.026447406,0.00844740588,0.021326704,-0.0123225404,0.0303225406,11.7055655,14,2.9096601,8.28133965,0,0,0,0,0,5.07186747,3.99911022,87.2376099,1.79146922,86.6512527,4.4763999,430.012512,66.6753006,0.51880002,0.0250000004,50,1,0.119999997,0.550000012,0.0133333337
C4_rand_0_r0,1,1221,20.265213,20,11.7969513,4.4763999,0.0267807394,0.00878073927,0.021027185,-0.0132489651,0.0312489644,12.10394,14,2.9096601,8.28133965,0,0,0,0,0,5.07186747,3.99911022,87.2376099,1.79146922,86.6512527,4.4763999,430.012512,66.6753006,0.51880002,0.0250000004,50,1,0.119999997,0.550000012,0.0133333337
C4_rand_0_r0,1,1222,20.2785473,20,11.7939806,4.4763999,0.0271140728,0.00911407266,0.0203893948,-0.0125224981,0.0305224974,11.7915497,14,2.9096601,8.28133965,0,0,0,0,0,5.07186747,3.99911022,87.2376099,1.79146922,86.6512527,4.4763999,430.012512,66.6753006,0.51880002,0.0250000004,50,1,0.119999997,0.550000012,0.0133333337
C4_rand_0_r0,1,1223,20.2918797,20,11.9601145,4.4763999,0.0274474062,0.00944740605,0.0200312585,-0.0132306004,0.0312306006,12.0960426,14,2.9096601,8.28133965,0,0,0,0,0,5.07186747,3.99911022,87.2376099,1.79146922,86.6512527,4.4763999,430.012512,66.6753006,0.51880002,0.0250000004,50,1,0.119999997,0.550000012,0.0133333337
C4_rand_0_r0,1,1224,20.3052139,20,11.9108896,4.4763999,0.0277807396,0.00978073943,0.0197341647,-0.0127063654,0.0307063647,11.870615,14,2.9096601,8.28133965,0,0,0,0,0,5.07186747,3.99911022,87.2376099,1.79146922,86.6512527,4.4763999,430.012512,66.6753006,0.51880002,0.0250000004,50,1,0.119999997,0.550000012,0.0133333337
C4_rand_0_r0,1,1225,20.3185463,20,12.0380011,4.4763999,0.028114073,0.0101140728,0.018642962,-0.013337479,0.0313374773,12.1420012,14,2.9096601,8.28133965,0,0,0,0,0,5.07186747,3.99911022,87.2376099,1.79146922,86.6512527,4.4763999,430.012512,66.6753006,0.51880002,0.0250000004,50,1,0.119999997,0.550000012,0.0133333337
C4_rand_0_r0,1,1226,20.3318806,20,12.3191109,4.4763999,0.0284474064,0.0104474062,0.0184864011,-0.014284214,0.0322842151,12.5491095,14,2.9096601,8.28133965,0,0,0,0,0,5.07186747,3.99911022,87.2376099,1.79146922,86.6512527,4.4763999,430.012512,66.6753006,0.51880002,0.0250000004,50,1,0.119999997,0.550000012,0.0133333337
C4_rand_0_r0,1,1227,20.3452129,20,12.2483339,4.4763999,0.0287807398,0.0107807396,0.0176047105,-0.013450088,0.0314500891,12.1904249,14,2.9096601,8.28133965,0,0,0,0,0,5.07186747,3.99911022,87.2376099,1.79146922,86.6512527,4.4763999,430.012512,66.6753006,0.51880002,0.0250000004,50,1,0.119999997,0.550000012,0.0133333337
C4_rand_0_r0,1,1228,20.3585472,20,12.4128046,4.4763999,0.0291140731,0.011114073,0.0178971253,-0.0142801739,0.0322801732,12.5473728,14,2.9096601,8.28133965,0,0,0,0,0,5.07186747,3.99911022,87.2376099,1.79146922,86.6512527,4.4763999,430.012512,66.6753006,0.51880002,0.0250000004,50,1,0.119999997,0.550000012,0.0133333337
C4_rand_0_r0,1,1229,20.3718796,20,12.3451786,4.4763999,0.0294474065,0.0114474064,0.0171555877,-0.0136812991,0.0316812992,12.2898483,14,2.9096601,8.28133965,0,0,0,0,0,5.07186747,3.99911022,87.2376099,1.79146922,86.6512527,4.4763999,430.012512,66.6753006,0.51880002,0.0250000004,50,1,0.119999997,0.550000012,0.0133333337
C4_rand_0_r0,1,1230,20.3852139,20,12.4471283,4.4763999,0.0297807399,0.0117807388,0.0179416165,-0.0142410351,0.0322410353,12.5305424,14,2.9096601,8.28133965,0,0,0,0,0,5.07186747,3.99911022,87.2376099,1.79146922,86.6512527,4.4763999,430.012512,66.6753006,0.51880002,0.0250000004,50,1,0.119999997,0.550000012,0.0133333337
C4_rand_0_r0,1,1231,20.3985462,20,12.3962822,4.4763999,0.0301140733,0.0121140722,0.0172881074,-0.0138320643,0.0318320654,12.3546801,14,2.9096601,8.28133965,0,0,0,0,0,5.07186747,3.99911022,87.2376099,1.79146922,86.6512527,4.4763999,430.012512,66.6753006,0.51880002,0.0250000004,50,1,0.119999997,0.550000012,0.0133333337
C4_rand_0_r0,1,1232,20.4118805,20,12.4991198,4.4763999,0.0304474067,0.0124474056,0.0170619339,-0.0143636288,0.0323636308,12.5832596,14,2.9096601,8.28133965,0,0,0,0,0,5.07186747,3.99911022,87.2376099,1.79146922,86.6512527,4.4763999,430.012512,66.6753006,0.51880002,0.0250000004,50,1,0.119999997,0.550000012,0.0133333337
C4_rand_0_r0,1,1233,20.4252129,20,12.7237177,4.4763999,0.0307807401,0.012780739,0.0177428033,-0.0151176089,0.0331176072,12.9074793,14,2.9096601,8.28133965,0,0,0,0,0,5.07186747,3.99911022,87.2376099,1.79146922,86.6512527,4.4763999,430.012512,66.6753006,0.51880002,0.0250000004,50,1,0.119999997,0.550000012,0.0133333337
C4_rand_0_r0,1,1234,20.4385471,20,12.6470146,4.4763999,0.0311140735,0.0131140724,0.0167290438,-0.0143659515,0.0323659517,12.5842581,14,2.9096601,8.28133965,0,0,0,0,0,5.07186747,3.99911022,87.2376099,1.79146922,86.6512527,4.4763999,430.012512,66.6753006,0.51880002,0.0250000004,50,1,0.119999997,0.550000012,0.0133333337
C4_rand_0_r0,1,1235,20.4518795,20,12.5519953,4.4763999,0.0314474069,0.0134474058,0.0179544762,-0.0141101321,0.0321101323,12.4742517,14,2.9096601,8.28133965,0,0,0,0,0,5.07186747,3.99911022,87.2376099,1.79146922,86.6512527,4.4763999,430.012512,66.6753006,0.51880002,0.0250000004,50,1,0.119999997,0.550000012,0.0133333337
C4_rand_0_r0,1,1236,20.4652138,20,12.559598,4.4763999,0.0317807384,0.0137807392,0.0171378758,-0.0143230697,0.0323230699,12.5658178,14,2.9096601,8.28133965,0,0,0,0,0,5.07186747,3.99911022,87.2376099,1.79146922,86.6512527,4.4763999,430.012512,66.6753006,0.51880002,0.0250000004,50,1,0.119999997,0.550000012,0.0133333337
C4_rand_0_r0,1,1237,20.4785461,20,12.6691303,4.4763999,0.0321140736,0.0141140725,0.017577149,-0.0147717306,0.0327717289,12.7587481,14,2.9096601,8.28133965,0,0,0,0,0,5.07186747,3.99911022,87.2376099,1.79146922,86.6512527,4.4763999,430.012512,66.6753006,0.51880002,0.0250000004,50,1,0.119999997,0.550000012,0.0133333337
C4_rand_0_r0,1,1238,20.4918804,20,12.5855694,4.4763999,0.0324474052,0.0144474059,0.0183103848,-0.0142100109,0.032210011,12.5172014,14,2.9096601,8.28133965,0,0,0,0,0,5.07186747,3.99911022,87.2376099,1.79146922,86.6512527,4.4763999,430.012512,66.6753006,0.51880002,0.0250000004,50,1,0.119999997,0.550000012,0.0133333337
C4_rand_0_r0,1,1239,20.5052128,20,12.612936,4.4763999,0.0327807404,0.0147807393,0.0174390618,-0.0144847156,0.0324847139,12.6353273,14,2.9096601,8.28133965,0,0,0,0,0,5.07186747,3.99911022,87.2376099,1.79146922,86.6512527,4.4763999,430.012512,66.6753006,0.51880002,0.0250000004,50,1,0.119999997,0.550000012,0.0133333337
C4_rand_0_r0,1,1240,20.5185471,20,12.5302582,4.4763999,0.0331140719,0.0151140727,0.0182379037,-0.0140830623,0.0320830606,12.4626122,14,2.9096601,8.28133965,0,0,0,0,0,5.07186747,3.99911022,87.2376099,1.79146922,86.6512527,4.4763999,430.012512,66.6753006,0.51880002,0.0250000004,50,1,0.119999997,0.550000012,0.0133333337
C4_rand_0_r0,1,1241,20.5318794,20,12.4972973,4.4763999,0.0334474072,0.0154474061,0.018140357,-0.0141010107,0.032101009,12.4703302,14,2.9096601,8.28133965,0,0,0,0,0,5.07186747,3.99911022,87.2376099,1.79146922,86.6512527,4.4763999,430.012512,66.6753006,0.51880002,0.0250000004,50,1,0.119999997,0.550000012,0.0133333337
C4_rand_0_r0,1,1242,20.5452137,20,12.5436401,4.4763999,0.0337807387,0.0157807395,0.0188585054,-0.0143596707,0.0323596708,12.5815563,14,2.9096601,8.28133965,0,0,0,0,0,5.07186747,3.99911022,87.2376099,1.79146922,86.6512527,4.4763999,430.012512,66.6753006,0.51880002,0.0250000004,50,1,0.119999997,0.550000012,0.0133333337
C4_rand_0_r0,1,1243,20.5585461,20,12.4052582,4.4763999,0.034114074,0.0161140729,0.0190762691,-0.0136863869,0.031686388,12.2920361,14,2.9096601,8.28133965,0,0,0,0,0,5.07186747,3.99911022,87.2376099,1.79146922,86.6512527,4.4763999,430.012512,66.6753006,0.51880002,0.0250000004,50,1,0.119999997,0.550000012,0.0133333337
C4_rand_0_r0,1,1244,20.5718803,20,12.3364477,4.4763999,0.0344474055,0.0164474063,0.0191182084,-0.0136587396,0.0316587389,12.2801476,14,2.9096601,8.28133965,0,0,0,0,0,5.07186747,3.99911022,87.2376099,1.79146922,86.6512527,4.4763999,430.012512,66.6753006,0.51880002,0.0250000004,50,1,0.119999997,0.550000012,0.0133333337
C4_rand_0_r0,1,1245,20.5852127,20,12.3516226,4.4763999,0.0347807407,0.0167807397,0.0214563236,-0.0138538284,0.0318538286,12.3640385,14,2.9096601,8.28133965,0,0,0,0,0,5.07186747,3.99911022,87.2376099,1.79146922,86.6512527,4.4763999,430.012512,66.6753006,0.51880002,0.0250000004,50,1,0.119999997,0.550000012,0.0133333337
C4_rand_0_r0,1,1246,20.598547,20,12.1421061,4.4763999,0.0351140723,0.017114073,0.0208284836,-0.0129390769,0.0309390761,11.9706841,14,2.9096601,8.28133965,0,0,0,0,0,5.07186747,3.99911022,87.2376099,1.79146922,86.6512527,4.4763999,430.012512,66.6753006,0.51880002,0.0250000004,50,1,0.119999997,0.550000012,0.0133333337
C4_rand_0_r0,1,1247,20.6118793,20,12.0337114,4.4763999,0.0354474075,0.0174474064,0.0213262085,-0.0128794061,0.0308794063,11.9450245,14,2.9096601,8.28133965,0,0,0,0,0,5.07186747,3.99911022,87.2376099,1.79146922,86.6512527,4.4763999,430.012512,66.6753006,0.51880002,0.0250000004,50,1,0.119999997,0.550000012,0.0133333337
C4_rand_0_r0,1,1248,20.6252136,20,11.9989309,4.4763999,0.035780739,0.0177807398,0.0248911977,-0.0129385907,0.0309385918,11.9704752,14,2.9096601,8.28133965,0,0,0,0,0,5.07186747,3.99911022,87.2376099,1.79146922,86.6512527,4.4763999,430.012512,66.6753006,0.51880002,0.0250000004,50,1,0.119999997,0.550000012,0.0133333337
C4_rand_0_r0,1,1249,20.638546,20,11.7400656,4.4763999,0.0361140743,0.0181140732,0.0235949829,-0.0119102309,0.029910231,11.5282669,14,2.9096601,8.28133965,0,0,0,0,0,5.07186747,3.99911022,87.2376099,1.79146922,86.6512527,4.4763999,430.012512,66.6753006,0.51880002,0.0250000004,50,1,0.119999997,0.550000012,0.0133333337
C4_rand_0_r0,1,1250,20.6518803,20,11.6068306,4.4763999,0.0364474058,0.0184474066,0.0248938948,-0.0118394261,0.0298394263,11.4978199,14,2.9096601,8.28133965,0,0,0,0,0,5.07186747,3.99911022,87.2376099,1.79146922,86.6512527,4.4763999,430.012512,66.6753006,0.51880002,0.0250000004,50,1,0.119999997,0.550000012,0.0133333337
C4_rand_0_r0,1,1251,20.6652126,20,11.3179445,4.4763999,0.0367807411,0.01878074,0.0282867812,-0.0108714616,0.0288714617,11.081583,14,2.9096601,8.28133965,0,0,0,0,0,5.07186747,3.99911022,87.2376099,1.79146922,86.6512527,4.4763999,430.012512,66.6753006,0.51880002,0.0250000004,50,1,0.119999997,0.550000012,0.0133333337
C4_rand_0_r0,1,1252,20.6785469,20,11.1419859,4.4763999,0.0371140726,0.0191140734,0.0275147408,-0.0106771328,0.028677132,10.9980192,14,2.9096601,8.28133965,0,0,0,0,0,5.07186747,3.99911022,87.2376099,1.79146922,86.6512527,4.4763999,430.012512,66.6753006,0.51880002,0.0250000004,50,1,0.119999997,0.550000012,0.0133333337
C4_rand_0_r0,1,1253,20.6918793,20,11.0386696,4.4763999,0.0374474041,0.0194474068,0.0298279747,-0.010575084,0.0285750832,10.9541378,14,2.9096601,8.28133965,0,0,0,0,0,5.07186747,3.99911022,87.2376099,1.79146922,86.6512527,4.4763999,430.012512,66.6753006,0.51880002,0.0250000004,50,1,0.119999997,0.550000012,0.0133333337
C4_rand_0_r0,1,1254,20.7052135,20,10.7314367,4.4763999,0.0377807394,0.0197807401,0.032132864,-0.00947262067,0.0274726208,10.4800644,14,2.9096601,8.28133965,0,0,0,0,0,5.07186747,3.99911022,87.2376099,1.79146922,86.6512527,4.4763999,430.012512,66.6753006,0.51880002,0.0250000004,50,1,0.119999997,0.550000012,0.0133333337
C4_rand_0_r0,1,1255,20.7185459,20,10.5478306,4.4763999,0.0381140709,0.0201140735,0.0325811058,-0.00928086881,0.027280869,10.3976088,14,2.9096601,8.28133965,0,0,0,0,0,5.07186747,3.99911022,87.2376099,1.79146922,86.6512527,4.4763999,430.012512,66.6753006,0.51880002,0.0250000004,50,1,0.119999997,0.550000012,0.0133333337
C4_rand_0_r0,1,1256,20.7318802,20,9.7678442,4.4763999,0.0384474061,0.0204474051,0.0342707112,-0.00633226708,0.0243322682,9.129673,14,2.9096601,8.28133965,0,0,0,0,0,5.07186747,3.99911022,87.2376099,1.79146922,86.6512527,4.4763999,430.012512,66.6753006,0.51880002,0.0250000004,50,1,0.119999997,0.550000012,0.0133333337
C4_rand_0_r0,1,1257,20.7452126,20,9.2052927,4.4763999,0.0387807377,0.0207807384,0.0321738049,-0.00543775922,0.0234377589,8.74502373,14,2.9096601,8.28133965,0,0,0,0,0,5.07186747,3.99911022,87.2376099,1.79146922,86.6512527,4.4763999,430.012512,66.6753006,0.51880002,0.0250000004,50,1,0.119999997,0.550000012,0.0133333337
C4_rand_0_r0,1,1258,20.7585468,20,8.76971817,4.4763999,0.0391140729,0.0211140718,0.0327110589,-0.00466642203,0.0226664227,8.41333866,14,2.9096601,8.28133965,0,0,0,0,0,5.07186747,3.99911022,87.2376099,1.79146922,86.6512527,4.4763999,430.012512,66.6753006,0.51880002,0.0250000004,50,1,0.119999997,0.550000012,0.0133333337
C4_rand_0_r0,1,1259,20.7718792,20,8.4902277,4.4763999,0.0394474044,0.0214474052,0.0334064402,-0.00431344472,0.0223134439,8.26155376,14,2.9096601,8.28133965,0,0,0,0,0,5.07186747,3.99911022,87.2376099,1.79146922,86.6512527,4.4763999,430.012512,66.6753006,0.51880002,0.0250000004,50,1,0.119999997,0.550000012,0.0133333337
C4_rand_0_r0,1,1260,20.7852135,20,8.16715717,4.4763999,0.0397807397,0.0217807386,0.031963814,-0.00347921974,0.0214792192,7.90282679,14,2.9096601,8.28133965,0,1,0,0,0,5.07186747,3.99911022,87.2376099,1.79146922,86.6512527,4.4763999,430.012512,66.6753006,0.51880002,0.0250000004,50,1,0.119999997,0.550000012,0.0133333337
C4_rand_0_r0,1,1261,20.7985458,20,7.85480928,4.4763999,0.0401140712,0.022114072,0.0331852101,-0.00277325208,0.0207732525,7.59925222,14,2.9096601,8.28133965,0,1,0,0,0,5.07186747,3.99911022,87.2376099,1.79146922,86.6512527,4.4763999,430.012512,66.6753006,0.51880002,0.0250000004,50,1,0.119999997,0.550000012,0.0133333337
C4_rand_0_r0,1,1262,20.8118801,20,7.59717989,4.4763999,0.0404474065,0.0224474054,0.0333881304,-0.00227824296,0.0202782433,7.38639212,14,2.9096601,8.28133965,0,1,0,0,0,5.07186747,3.99911022,87.2376099,1.79146922,86.6512527,4.4763999,430.012512,66.6753006,0.51880002,0.0250000004,50,1,0.119999997,0.550000012,0.0133333337
C4_rand_0_r0,1,1263,20.8252125,20,7.30375051,4.4763999,0.040780738,0.0227807388,0.0326313674,-0.00152775343,0.0195277538,7.06367207,14,2.9096601,8.28133965,0,1,0,0,0,5.07186747,3.99911022,87.2376099,1.79146922,86.6512527,4.4763999,430.012512,66.6753006,0.51880002,0.0250000004,50,1,0.119999997,0.550000012,0.0133333337
C4_rand_0_r0,1,1264,20.8385468,20,7.01665592,4.4763999,0.0411140732,0.0231140722,0.0345303565,-0.000872163626,0.0188721642,6.78176022,14,2.9096601,8.28133965,0,1,0,0,0,5.07186747,3.99911022,87.2376099,1.79146922,86.6512527,4.4763999,430.012512,66.6753006,0.51880002,0.0250000004,50,1,0.119999997,0.550000012,0.0133333337
C4_rand_0_r0,1,1265,20.8518791,20,6.7308054,4.4763999,0.0414474048,0.0234474055,0.034153413,-0.000209780992,0.0182097815,6.49692726,14,2.9096601,8.28133965,0,1,0,0,0,5.07186747,3.99911022,87.2376099,1.79146922,86.6512527,4.4763999,430.012512,66.6753006,0.51880002,0.0250000004,50,1,0.119999997,0.550000012,0.0133333337
C4_rand_0_r0,1,1266,20.8652134,20,6.43488264,4.4763999,0.04178074,0.0237807389,0.034119904,0.000497555011,0.0175024457,6.19276428,14,2.9096601,8.28133965,0,1,0,0,0,5.07186747,3.99911022,87.2376099,1.79146922,86.6512527,4.4763999,430.012512,66.6753006,0.51880002,0.0250000004,50,1,0.119999997,0.550000012,0.0133333337
C4_rand_0_r0,1,1267,20.8785458,20,6.01327372,4.4763999,0.0421140715,0.0241140723,0.0362656005,0.00171715545,0.0162828453,5.66832066,14,2.9096601,8.28133965,0,1,0,0,0,5.07186747,3.99911022,87.2376099,1.79146922,86.6512527,4.4763999,430.012512,66.6753006,0.51880002,0.0250000004,50,1,0.119999997,0.550000012,0.0133333337
C4_rand_0_r0,1,1268,20.89188,20,5.78031826,4.4763999,0.0424474068,0.0244474057,0.0356140882,0.00189994683,0.0161000527,5.58971834,14,2.9096601,8.28133965,0,1,0,0,0,5.07186747,3.99911022,87.2376099,1.79146922,86.6512527,4.4763999,430.012512,66.6753006,0.51880002,0.0250000004,50,1,0.119999997,0.550000012,0.0133333337
C4_rand_0_r0,1,1269,20.9052124,20,5.51941252,4.4763999,0.0427807383,0.0247807391,0.0363313332,0.00255986745,0.0154401325,5.30594397,14,2.9096601,8.28133965,0,1,0,0,0,5.07186747,3.99911022,87.2376099,1.79146922,86.6512527,4.4763999,430.012512,66.6753006,0.51880002,0.0250000004,50,1,0.119999997,0.550000012,0.0133333337
C4_rand_0_r0,1,1270,20.9185467,20,5.08427763,4.4763999,0.0430051498,0.0250051506,0.0370987765,0.00390328281,0.0140967174,4.72825861,14,2.9096601,8.28133965,0,1,0,0,0,5.07186747,3.99911022,87.2376099,1.79146922,86.6512527,4.4763999,430.012512,66.6753006,0.51880002,0.0250000004,50,1,0.119999997,0.550000012,0.0133333337
C4_rand_0_r0,1,1271,20.931881,20,5.0949316,4.4763999,0.0432143658,0.0252143666,0.0377099067,0.00404364569,0.013956354,5.10364866,14,2.9096601,8.28133965,0,1,0,0,0,5.07186747,3.99911022,87.2376099,1.79146922,86.6512527,4.4763999,430.012512,66.6753006,0.51880002,0.0250000004,50,1,0.119999997,0.550000012,0.0133333337
C4_rand_0_r0,1,1272,20.9452133,20,4.6855998,4.4763999,0.0433073454,0.0253073461,0.0390024558,0.00593601447,0.0120639857,4.3506918,14,2.9096601,8.28133965,0,1,0,0,0,5.07186747,3.99911022,87.2376099,1.79146922,86.6512527,4.4763999,430.012512,66.6753006,0.51880002,0.0250000004,50,1,0.119999997,0.550000012,0.0133333337
C4_rand_0_r0,1,1273,20.9585476,20,4.70898247,4.4763999,0.0433874503,0.0253874492,0.0385791063,0.0061396854,0.0118603148,4.72811365,14,2.9096601,8.28133965,0,1,0,0,0,5.07186747,3.99911022,87.2376099,1.79146922,86.6512527,4.4763999,430.012512,66.6753006,0.51880002,0.0250000004,50,1,0.119999997,0.550000012,0.0133333337
C4_rand_0_r0,1,1274,20.97188,20,4.58433867,4.4763999,0.0434307829,0.0254307836,0.0402239524,0.00683099637,0.0111690033,4.48235798,14,2.9096601,8.28133965,0,1,0,0,0,5.07186747,3.99911022,87.2376099,1.79146922,86.6512527,4.4763999,430.012512,66.6753006,0.51880002,0.0250000004,50,1,0.119999997,0.550000012,0.0133333337
C4_rand_0_r0,1,1275,20.9852142,20,4.28382349,4.4763999,0.043384511,0.0253845118,0.0398432165,0.00820655469,0.00979344547,4.03794718,14,2.9096601,8.28133965,0,1,0,0,0,5.07186747,3.99911022,87.2376099,1.79146922,86.6512527,4.4763999,430.012512,66.6753006,0.51880002,0.0250000004,50,1,0.119999997,0.550000012,0.0133333337
C4_rand_0_r0,1,1276,20.9985466,20,4.31175327,4.4763999,0.0433310643,0.0253310651,0.0406331532,0.00835028943,0.00964971073,4.33460522,14,2.9096601,8.28133965,0,1,0,0,0,5.07186747,3.99911022,87.2376099,1.79146922,86.6512527,4.4763999,430.012512,66.6753006,0.51880002,0.0250000004,50,1,0.119999997,0.550000012,0.0133333337
C4_rand_0_r0,1,1277,21.0118809,21,4.01790667,4.4763999,0.0431947969,0.0251947977,0.0411454178,0.00971263461,0.00828736555,3.77748632,14,2.9096601,8.28133965,0,1,0,0,0,1.61847043,-24.9898643,3.52447605,0.94312799,3.28670645,4.4763999,430.012512,66.6753006,0.51880002,0.0250000004,50,1,0.119999997,0.550000012,0.0133333337
C4_rand_0_r0,1,1278,21.0252132,21,3.89796734,4.4763999,0.043011412,0.0250114109,0.0412548259,0.0104311593,0.00756884087,3.79983521,14,2.9096601,8.28133965,0,1,0,0,0,1.61847043,-24.9898643,3.52447605,0.94312799,3.28670645,4.4763999,430.012512,66.6753006,0.51880002,0.0250000004,50,1,0.119999997,0.550000012,0.0133333337
C4_rand_0_r0,1,1279,21.0385475,21,3.61547494,4.4763999,0.042741701,0.0247416999,0.0420261919,0.0118357558,0.00616424438,3.38434482,14,2.9096601,8.28133965,0,1,0,0,0,1.61847043,-24.9898643,3.52447605,0.94312799,3.28670645,4.4763999,430.012512,66.6753006,0.51880002,0.0250000004,50,1,0.119999997,0.550000012,0.0133333337
C4_rand_0_r0,1,1280,21.0518799,21,3.65035701,4.4763999,0.0424672924,0.0244672913,0.0423270501,0.0119538605,0.0060461401,3.67889667,14,2.9096601,8.28133965,0,1,0,0,0,1.61847043,-24.9898643,3.52447605,0.94312799,3.28670645,4.4763999,430.012512,66.6753006,0.51880002,0.0250000004,50,1,0.119999997,0.550000012,0.0133333337
C4_rand_0_r0,1,1281,21.0652142,21,3.97523332,4.4763999,0.0422823429,0.0242823437,0.0419466794,0.0106902905,0.00730970968,4.24104118,14,2.9096601,8.28133965,0,1,0,0,0,1.61847043,-24.9898643,3.52447605,0.94312799,3.28670645,4.4763999,430.012512,66.6753006,0.51880002,0.0250000004,50,1,0.119999997,0.550000012,0.0133333337
C4_rand_0_r0,1,1282,21.0785465,21,3.12459087,4.4763999,0.0419490114,0.0239490103,0.0427473821,0.0140728476,0.00392715214,2.4286108,14,2.9096601,8.28133965,0,1,0,0,0,1.61847043,-24.9898643,3.52447605,0.94312799,3.28670645,4.4763999,430.012512,66.6753006,0.51880002,0.0250000004,50,1,0.119999997,0.550000012,0.0133333337
C4_rand_0_r0,1,1283,21.0918808,21,3.52091956,4.4763999,0.0416280441,0.0236280449,0.0417373367,0.0121590476,0.00584095251,3.84518862,14,2.9096601,8.28133965,0,1,0,0,0,1.61847043,-24.9898643,3.52447605,0.94312799,3.28670645,4.4763999,430.012512,66.6753006,0.51880002,0.0250000004,50,1,0.119999997,0.550000012,0.0133333337
C4_rand_0_r0,1,1284,21.1052132,21,3.50867176,4.4763999,0.0413057357,0.0233057365,0.0418535918,0.0128498767,0.00515012303,3.49865055,14,2.9096601,8.28133965,0,1,0,0,0,1.61847043,-24.9898643,3.52447605,0.94312799,3.28670645,4.4763999,430.012512,66.6753006,0.51880002,0.0250000004,50,1,0.119999997,0.550000012,0.0133333337
C4_rand_0_r0,1,1285,21.1185474,21,3.33221817,4.4763999,0.0409724042,0.0229724031,0.0429829881,0.0135851316,0.00441486854,3.18784714,14,2.9096601,8.28133965,0,1,0,0,0,1.61847043,-24.9898643,3.52447605,0.94312799,3.28670645,4.4763999,430.012512,66.6753006,0.51880002,0.0250000004,50,1,0.119999997,0.550000012,0.0133333337
C4_rand_0_r0,1,1286,21.1318798,21,3.12171578,4.4763999,0.0406390689,0.0226390697,0.0415547863,0.0142420158,0.00375798461,2.94948649,14,2.9096601,8.28133965,0,1,0,0,0,1.61847043,-24.9898643,3.52447605,0.94312799,3.28670645,4.4763999,430.012512,66.6753006,0.51880002,0.0250000004,50,1,0.119999997,0.550000012,0.0133333337
C4_rand_0_r0,1,1287,21.1452141,21,2.87956476,4.4763999,0.0403057374,0.0223057363,0.0425459966,0.0148653574,0.00313464249,2.68144155,14,2.9096601,8.28133965,0,0,0,0,0,1.61847043,-24.9898643,3.52447605,0.94312799,3.28670645,4.4763999,430.012512,66.6753006,0.51880002,0.0250000004,50,1,0.119999997,0.550000012,0.0133333337
C4_rand_0_r0,1,1288,21.1585464,21,2.59609199,4.4763999,0.0399724022,0.0219724029,0.0427188724,0.0156032005,0.00239679939,2.36415958,14,2.9096601,8.28133965,0,0,0,0,0,1.61847043,-24.9898643,3.52447605,0.94312799,3.28670645,4.4763999,430.012512,66.6753006,0.51880002,0.0250000004,50,1,0.119999997,0.550000012,0.0133333337
C4_rand_0_r0,1,1289,21.1718807,21,2.32333064,4.4763999,0.0396390706,0.0216390695,0.0421520993,0.0162171293,0.00178286992,2.10016227,14,2.9096601,8.28133965,0,0,0,0,0,1.61847043,-24.9898643,3.52447605,0.94312799,3.28670645,4.4763999,430.012512,66.6753006,0.51880002,0.0250000004,50,1,0.119999997,0.550000012,0.0133333337
C4_rand_0_r0,1,1290,21.1852131,21,2.05952978,4.4763999,0.0393057354,0.0213057362,0.0439479351,0.0168135539,0.00118644664,1.8436929,14,2.9096601,8.28133965,0,0,0,0,0,1.61847043,-24.9898643,3.52447605,0.94312799,3.28670645,4.4763999,430.012512,66.6753006,0.51880002,0.0250000004,50,1,0.119999997,0.550000012,0.0133333337
C4_rand_0_r0,1,1291,21.1985474,21,1.76944971,4.4763999,0.0389724039,0.0209724028,0.0431585684,0.0175381396,0.000461859687,1.53211141,14,2.9096601,8.28133965,0,0,0,0,0,1.61847043,-24.9898643,3.52447605,0.94312799,3.28670645,4.4763999,430.012512,66.6753006,0.51880002,0.0250000004,50,1,0.119999997,0.550000012,0.0133333337
C4_rand_0_r0,1,1292,21.2118797,21,1.52968073,4.4763999,0.0386390686,0.0206390694,0.0434018634,0.0180777628,0,1.33350599,14,2.9096601,8.28133965,0,0,0,0,0,1.61847043,-24.9898643,3.52447605,0.94312799,3.28670645,4.4763999,430.012512,66.6753006,0.51880002,0.0250000004,50,1,0.119999997,0.550000012,0.0133333337
C4_rand_0_r0,1,1293,21.225214,21,1.42178464,4.4763999,0.0383057371,0.020305736,0.04456646,0.0200667176,0,1.33350599,14,2.9096601,8.28133965,0,0,0,0,0,1.61847043,-24.9898643,3.52447605,0.94312799,3.28670645,4.4763999,430.012512,66.6753006,0.51880002,0.0250000004,50,1,0.119999997,0.550000012,0.0133333337
C4_rand_0_r0,1,1294,21.2385464,21,1.37323141,4.4763999,0.0379724018,0.0199724026,0.0441606417,0.0191956442,0,1.33350599,14,2.9096601,8.28133965,0,0,0,0,0,1.61847043,-24.9898643,3.52447605,0.94312799,3.28670645,4.4763999,430.012512,66.6753006,0.51880002,0.0250000004,50,1,0.119999997,0.550000012,0.0133333337
C4_rand_0_r0,1,1295,21.2518806,21,1.35138237,4.4763999,0.0376390703,0.0196390692,0.0445721112,0.0214165263,0,1.33350599,14,2.9096601,8.28133965,0,0,0,0,0,1.61847043,-24.9898643,3.52447605,0.94312799,3.28670645,4.4763999,430.012512,66.6753006,0.51880002,0.0250000004,50,1,0.119999997,0.550000012,0.0133333337
C4_rand_0_r0,1,1296,21.265213,21,1.34155035,4.4763999,0.0373057351,0.0193057358,0.0426656753,0.0224888623,0,1.33350599,14,2.9096601,8.28133965,0,0,0,0,0,1.61847043,-24.9898643,3.52447605,0.94312799,3.28670645,4.4763999,430.012512,66.6753006,0.51880002,0.0250000004,50,1,0.119999997,0.550000012,0.0133333337
C4_rand_0_r0,1,1297,21.2785473,21,1.33712602,4.4763999,0.0369724035,0.0189724024,0.0429810919,0.0229396168,0,1.33350599,14,2.9096601,8.28133965,0,0,0,0,0,1.61847043,-24.9898643,3.52447605,0.94312799,3.28670645,4.4763999,430.012512,66.6753006,0.51880002,0.0250000004,50,1,0.119999997,0.550000012,0.0133333337
C4_rand_0_r0,1,1298,21.2918797,21,1.33513498,4.4763999,0.0366390683,0.0186390691,0.0423334911,0.0232858062,0,1.33350599,14,2.9096601,8.28133965,0,0,0,0,0,1.61847043,-24.9898643,3.52447605,0.94312799,3.28670645,4.4763999,430.012512,66.6753006,0.51880002,0.0250000004,50,1,0.119999997,0.550000012,0.0133333337
C4_rand_0_r0,1,1299,21.3052139,21,1.33423901,4.4763999,0.0363057368,0.0183057357,0.0411185101,0.0236373115,0,1.33350599,14,2.9096601,8.28133965,0,0,0,0,0,1.61847043,-24.9898643,3.52447605,0.94312799,3.28670645,4.4763999,430.012512,66.6753006,0.51880002,0.0250000004,50,1,0.119999997,0.550000012,0.0133333337
C4_rand_0_r0,1,1300,21.3185463,21,1.33383584,4.4763999,0.0359724015,0.0179724023,0.0421754159,0.0239509959,0,1.33350599,14,2.9096601,8.28133965,0,0,0,0,0,1.61847043,-24.9898643,3.52447605,0.94312799,3.28670645,4.4763999,430.012512,66.6753006,0.51880002,0.0250000004,50,1,0.119999997,0.550000012,0.0133333337
C4_rand_0_r0,1,1301,21.3318806,21,1.3336544,4.4763999,0.03563907,0.0176390689,0.0404750034,0.0241338778,0,1.33350599,14,2.9096601,8.28133965,0,0,0,0,0,1.61847043,-24.9898643,3.52447605,0.94312799,3.28670645,4.4763999,430.012512,66.6753006,0.51880002,0.0250000004,50,1,0.119999997,0.550000012,0.0133333337
C4_rand_0_r0,1,1302,21.3452129,21,1.33357275,4.4763999,0.0353057347,0.0173057355,0.0399625897,0.0243717153,0,1.33350599,14,2.9096601,8.28133965,0,0,0,0,0,1.61847043,-24.9898643,3.52447605,0.94312799,3.28670645,4.4763999,430.012512,66.6753006,0.51880002,0.0250000004,50,1,0.119999997,0.550000012,0.0133333337
C4_rand_0_r0,1,1303,21.3585472,21,1.33353603,4.4763999,0.0349724032,0.016972404,0.0410500355,0.0244126972,0,1.33350599,14,2.9096601,8.28133965,0,0,0,0,0,1.61847043,-24.9898643,3.52447605,0.94312799,3.28670645,4.4763999,430.012512,66.6753006,0.51880002,0.0250000004,50,1,0.119999997,0.550000012,0.0133333337
C4_rand_0_r0,1,1304,21.3718796,21,1.33351958,4.4763999,0.0346390679,0.0166390706,0.0389508605,0.0246173348,0,1.33350599,14,2.9096601,8.28133965,0,0,0,0,0,1.61847043,-24.9898643,3.52447605,0.94312799,3.28670645,4.4763999,430.012512,66.6753006,0.51880002,0.0250000004,50,1,0.119999997,0.550000012,0.0133333337
C4_rand_0_r0,1,1305,21.3852139,21,1.33351207,4.4763999,0.0343057364,0.0163057372,0.0390824117,0.0247847978,0,1.33350599,14,2.9096601,8.28133965,0,0,0,0,0,1.61847043,-24.9898643,3.52447605,0.94312799,3.28670645,4.4763999,430.012512,66.6753006,0.51880002,0.0250000004,50,1,0.119999997,0.550000012,0.0133333337
C4_rand_0_r0,1,1306,21.3985462,21,1.33350873,4.4763999,0.0339724049,0.0159724038,0.039184358,0.024702698,0,1.33350599,14,2.9096601,8.28133965,0,0,0,0,0,1.61847043,-24.9898643,3.52447605,0.94312799,3.28670645,4.4763999,430.012512,66.6753006,0.51880002,0.0250000004,50,1,0.119999997,0.550000012,0.0133333337
C4_rand_0_r0,1,1307,21.4118805,21,1.33350718,4.4763999,0.0336390696,0.0156390704,0.0376722887,0.0248366352,0,1.33350599,14,2.9096601,8.28133965,0,0,0,0,0,1.61847043,-24.9898643,3.52447605,0.94312799,3.28670645,4.4763999,430.012512,66.6753006,0.51880002,0.0250000004,50,1,0.119999997,0.550000012,0.0133333337
C4_rand_0_r0,1,1308,21.4252129,21,1.33350658,4.4763999,0.0333057381,0.0153057361,0.0384178981,0.0249347892,0,1.33350599,14,2.9096601,8.28133965,0,0,0,0,0,1.61847043,-24.9898643,3.52447605,0.94312799,3.28670645,4.4763999,430.012512,66.6753006,0.51880002,0.0250000004,50,1,0.119999997,0.550000012,0.0133333337
C4_rand_0_r0,1,1309,21.4385471,21,1.33350623,4.4763999,0.0329724029,0.0149724027,0.0375114344,0.0248015448,0,1.33350599,14,2.9096601,8.28133965,0,0,0,0,0,1.61847043,-24.9898643,3.52447605,0.94312799,3.28670645,4.4763999,430.012512,66.6753006,0.51880002,0.0250000004,50,1,0.119999997,0.550000012,0.0133333337
C4_rand_0_r0,1,1310,21.4518795,21,1.33350611,4.4763999,0.0326390713,0.0146390693,0.0365942046,0.0248711631,0,1.33350599,14,2.9096601,8.28133965,0,0,0,0,0,1.61847043,-24.9898643,3.52447605,0.94312799,3.28670645,4.4763999,430.012512,66.6753006,0.51880002,0.0250000004,50,1,0.119999997,0.550000012,0.0133333337
C4_rand_0_r0,1,1311,21.4652138,21,1.33350611,4.4763999,0.0323057361,0.0143057359,0.0366451181,0.0297863055,0,1.33350599,14,2.9096601,8.28133965,0,0,0,0,0,1.61847043,-24.9898643,3.52447605,0.94312799,3.28670645,4.4763999,430.012512,66.6753006,0.51880002,0.0250000004,50,1,0.119999997,0.550000012,0.0133333337
C4_rand_0_r0,1,1312,21.4785461,21,1.33350599,4.4763999,0.0319724046,0.0139724035,0.036004629,0.0247191712,0,1.33350599,14,2.9096601,8.28133965,0,0,0,0,0,1.61847043,-24.9898643,3.52447605,0.94312799,3.28670645,4.4763999,430.012512,66.6753006,0.51880002,0.0250000004,50,1,0.119999997,0.550000012,0.0133333337
C4_rand_0_r0,1,1313,21.4918804,21,1.33350599,4.4763999,0.0316390693,0.0136390701,0.0357073098,0.0246947668,0,1.33350599,14,2.9096601,8.28133965,0,0,0,0,0,1.61847043,-24.9898643,3.52447605,0.94312799,3.28670645,4.4763999,430.012512,66.6753006,0.51880002,0.0250000004,50,1,0.119999997,0.550000012,0.0133333337
C4_rand_0_r0,1,1314,21.5052128,21,1.33350599,4.4763999,0.0313057378,0.0133057367,0.0349387936,0.0274423249,0,1.33350599,14,2.9096601,8.28133965,0,0,0,0,0,1.61847043,-24.9898643,3.52447605,0.94312799,3.28670645,4.4763999,430.012512,66.6753006,0.51880002,0.0250000004,50,1,0.119999997,0.550000012,0.0133333337
C4_rand_0_r0,1,1315,21.5185471,21,1.33350599,4.4763999,0.0309724025,0.0129724033,0.0347179398,0.024444947,0,1.33350599,14,2.9096601,8.28133965,0,0,0,0,0,1.61847043,-24.9898643,3.52447605,0.94312799,3.28670645,4.4763999,430.012512,66.6753006,0.51880002,0.0250000004,50,1,0.119999997,0.550000012,0.0133333337
C4_rand_0_r0,1,1316,21.5318794,21,1.33350599,4.4763999,0.0306390692,0.0126390699,0.0331697613,0.0271991231,0,1.33350599,14,2.9096601,8.28133965,0,0,0,0,0,1.61847043,-24.9898643,3.52447605,0.94312799,3.28670645,4.4763999,430.012512,66.6753006,0.51880002,0.0250000004,50,1,0.119999997,0.550000012,0.0133333337
C4_rand_0_r0,1,1317,21.5452137,21,1.33350599,4.4763999,0.0303057358,0.0123057365,0.0322184414,0.0272129923,0,1.33350599,14,2.9096601,8.28133965,0,0,0,0,0,1.61847043,-24.9898643,3.52447605,0.94312799,3.28670645,4.4763999,430.012512,66.6753006,0.51880002,0.0250000004,50,1,0.119999997,0.550000012,0.0133333337
C4_rand_0_r0,1,1318,21.5585461,21,1.33350599,4.4763999,0.0299724024,0.0119724032,0.0324134938,0.0267053302,0,1.33350599,14,2.9096601,8.28133965,0,0,0,0,0,1.61847043,-24.9898643,3.52447605,0.94312799,3.28670645,4.4763999,430.012512,66.6753006,0.51880002,0.0250000004,50,1,0.119999997,0.550000012,0.0133333337
C4_rand_0_r0,1,1319,21.5718803,21,1.33350599,4.4763999,0.029639069,0.0116390698,0.0301919766,0.0269087441,0,1.33350599,14,2.9096601,8.28133965,0,0,0,0,0,1.61847043,-24.9898643,3.52447605,0.94312799,3.28670645,4.4763999,430.012512,66.6753006,0.51880002,0.0250000004,50,1,0.119999997,0.550000012,0.0133333337
C4_rand_0_r0,1,1320,21.5852127,21,1.33350599,4.4763999,0.0293057356,0.0113057364,0.0302241724,0.0268962365,0,1.33350599,14,2.9096601,8.28133965,0,0,0,0,0,1.61847043,-24.9898643,3.52447605,0.94312799,3.28670645,4.4763999,430.012512,66.6753006,0.51880002,0.0250000004,50,1,0.119999997,0.550000012,0.0133333337
C4_rand_0_r0,1,1321,21.598547,21,1.33350599,4.4763999,0.0289724022,0.010972403,0.0295277759,0.0265750028,0,1.33350599,14,2.9096601,8.28133965,0,0,0,0,0,1.61847043,-24.9898643,3.52447605,0.94312799,3.28670645,4.4763999,430.012512,66.6753006,0.51880002,0.0250000004,50,1,0.119999997,0.550000012,0.0133333337
C4_rand_0_r0,1,1322,21.6118793,21,1.33350599,4.4763999,0.0286390688,0.0106390696,0.0280267354,0.0265520792,0,1.33350599,14,2.9096601,8.28133965,0,0,0,0,0,1.61847043,-24.9898643,3.52447605,0.94312799,3.28670645,4.4763999,430.012512,66.6753006,0.51880002,0.0250000004,50,1,0.119999997,0.550000012,0.0133333337
C4_rand_0_r0,1,1323,21.6252136,21,1.33350599,4.4763999,0.0283057373,0.0103057362,0.0286469962,0.0259741955,0,1.33350599,14,2.9096601,8.28133965,0,0,0,0,0,1.61847043,-24.9898643,3.52447605,0.94312799,3.28670645,4.4763999,430.012512,66.6753006,0.51880002,0.0250000004,50,1,0.119999997,0.550000012,0.0133333337
C4_rand_0_r0,1,1324,21.638546,21,1.33350599,4.4763999,0.0279724039,0.00997240283,0.027375428,0.0261962786,0,1.33350599,14,2.9096601,8.28133965,0,0,0,0,0,1.61847043,-24.9898643,3.52447605,0.94312799,3.28670645,4.4763999,430.012512,66.6753006,0.51880002,0.0250000004,50,1,0.119999997,0.550000012,0.0133333337
C4_rand_0_r0,1,1325,21.6518803,21,1.33350599,4.4763999,0.0276390705,0.00963906944,0.0266438369,0.0261455011,0,1.33350599,14,2.9096601,8.28133965,0,0,0,0,0,1.61847043,-24.9898643,3.52447605,0.94312799,3.28670645,4.4763999,430.012512,66.6753006,0.51880002,0.0250000004,50,1,0.119999997,0.550000012,0.0133333337
C4_rand_0_r0,1,1326,21.6652126,21,1.33350599,4.4763999,0.0273057371,0.00930573605,0.0270137545,0.0255294126,0,1.33350599,14,2.9096601,8.28133965,0,0,0,0,0,1.61847043,-24.9898643,3.52447605,0.94312799,3.28670645,4.4763999,430.012512,66.6753006,0.51880002,0.0250000004,50,1,0.119999997,0.550000012,0.0133333337
C4_rand_0_r0,1,1327,21.6785469,21,1.33350599,4.4763999,0.0269724037,0.00897240266,0.0261363275,0.0257836711,0,1.33350599,14,2.9096601,8.28133965,0,0,0,0,0,1.61847043,-24.9898643,3.52447605,0.94312799,3.28670645,4.4763999,430.012512,66.6753006,0.51880002,0.0250000004,50,1,0.119999997,0.550000012,0.0133333337
C4_rand_0_r0,1,1328,21.6918793,21,1.33350599,4.4763999,0.0266390704,0.00863906927,0.0259088594,0.025707921,0,1.33350599,14,2.9096601,8.28133965,0,0,0,0,0,1.61847043,-24.9898643,3.52447605,0.94312799,3.28670645,4.4763999,430.012512,66.6753006,0.51880002,0.0250000004,50,1,0.119999997,0.550000012,0.0133333337
C4_rand_0_r0,1,1329,21.7052135,21,1.33350599,4.4763999,0.026305737,0.00830573682,0.0258068275,0.0250621904,0,1.33350599,14,2.9096601,8.28133965,0,0,0,0,0,1.61847043,-24.9898643,3.52447605,0.94312799,3.28670645,4.4763999,430.012512,66.6753006,0.51880002,0.0250000004,50,1,0.119999997,0.550000012,0.0133333337
C4_rand_0_r0,1,1330,21.7185459,21,1.33350599,4.4763999,0.0259724036,0.00797240343,0.02532834,0.0245028511,0,1.33350599,14,2.9096601,8.28133965,0,0,0,0,0,1.61847043,-24.9898643,3.52447605,0.94312799,3.28670645,4.4763999,430.012512,66.6753006,0.51880002,0.0250000004,50,1,0.119999997,0.550000012,0.0133333337
C4_rand_0_r0,1,1331,21.7318802,21,1.33350599,4.4763999,0.0256390702,0.00763906958,0.0253593102,0.0253197458,0,1.33350599,14,2.9096601,8.28133965,0,0,0,0,0,1.61847043,-24.9898643,3.52447605,0.94312799,3.28670645,4.4763999,430.012512,66.6753006,0.51880002,0.0250000004,50,1,0.119999997,0.550000012,0.0133333337
C4_rand_0_r0,1,1332,21.7452126,21,1.33350599,4.4763999,0.0253057368,0.00730573619,0.0249089226,0.0241223406,0,1.33350599,14,2.9096601,8.28133965,0,0,0,0,0,1.61847043,-24.9898643,3.52447605,0.94312799,3.28670645,4.4763999,430.012512,66.6753006,0.51880002,0.0250000004,50,1,0.119999997,0.550000012,0.0133333337
C4_rand_0_r0,1,1333,21.7585468,21,1.33350599,4.4763999,0.0249724034,0.00697240327,0.0241262186,0.0240388438,0,1.33350599,14,2.9096601,8.28133965,0,0,0,0,0,1.61847043,-24.9898643,3.52447605,0.94312799,3.28670645,4.4763999,430.012512,66.6753006,0.51880002,0.0250000004,50,1,0.119999997,0.550000012,0.0133333337
C4_rand_0_r0,1,1334,21.7718792,21,1.33350599,4.4763999,0.02463907,0.00663906988,0.0248045735,0.0247772541,0,1.33350599,14,2.9096601,8.28133965,0,0,0,0,0,1.61847043,-24.9898643,3.52447605,0.94312799,3.28670645,4.4763999,430.012512,66.6753006,0.51880002,0.0250000004,50,1,0.119999997,0.550000012,0.0133333337
C4_rand_0_r0,1,1335,21.7852135,21,1.33350599,4.4763999,0.0243057366,0.00630573649,0.0240795091,0.0236102212,0,1.33350599,14,2.9096601,8.28133965,0,0,0,0,0,1.61847043,-24.9898643,3.52447605,0.94312799,3.28670645,4.4763999,430.012512,66.6753006,0.51880002,0.0250000004,50,1,0.119999997,0.550000012,0.0133333337
C4_rand_0_r0,1,1336,21.7985458,21,1.33350599,4.4763999,0.0239724033,0.0059724031,0.0241432842,0.0234859567,0,1.33350599,14,2.9096601,8.28133965,0,0,0,0,0,1.61847043,-24.9898643,3.52447605,0.94312799,3.28670645,4.4763999,430.012512,66.6753006,0.51880002,0.0250000004,50,1,0.119999997,0.550000012,0.0133333337
C4_rand_0_r0,1,1337,21.8118801,21,1.33350599,4.4763999,0.0236390699,0.00563906971,0.0235851631,0.0234737173,0,1.33350599,14,2.9096601,8.28133965,0,0,0,0,0,1.61847043,-24.9898643,3.52447605,0.94312799,3.28670645,4.4763999,430.012512,66.6753006,0.51880002,0.0250000004,50,1,0.119999997,0.550000012,0.0133333337
C4_rand_0_r0,1,1338,21.8252125,21,1.33350599,4.4763999,0.0233057365,0.00530573633,0.023507582,0.0232884996,0,1.33350599,14,2.9096601,8.28133965,0,0,0,0,0,1.61847043,-24.9898643,3.52447605,0.94312799,3.28670645,4.4763999,430.012512,66.6753006,0.51880002,0.0250000004,50,1,0.119999997,0.550000012,0.0133333337
C4_rand_0_r0,1,1339,21.8385468,21,1.33350599,4.4763999,0.0229724031,0.00497240294,0.0230059419,0.022938095,0,1.33350599,14,2.9096601,8.28133965,0,0,0,0,0,1.61847043,-24.9898643,3.52447605,0.94312799,3.28670645,4.4763999,430.012512,66.6753006,0.51880002,0.0250000004,50,1,0.119999997,0.550000012,0.0133333337
C4_rand_0_r0,1,1340,21.8518791,21,1.33350599,4.4763999,0.0226390697,0.00463906955,0.0231945533,0.0225882791,0,1.33350599,14,2.9096601,8.28133965,0,0,0,0,0,1.61847043,-24.9898643,3.52447605,0.94312799,3.28670645,4.4763999,430.012512,66.6753006,0.51880002,0.0250000004,50,1,0.119999997,0.550000012,0.0133333337
C4_rand_0_r0,1,1341,21.8652134,21,1.33350599,4.4763999,0.0223057363,0.00430573663,0.0225821119,0.0224281102,0,1.33350599,14,2.9096601,8.28133965,0,0,0,0,0,1.61847043,-24.9898643,3.52447605,0.94312799,3.28670645,4.4763999,430.012512,66.6753006,0.51880002,0.0250000004,50,1,0.119999997,0.550000012,0.0133333337
C4_rand_0_r0,1,1342,21.8785458,21,1.33350599,4.4763999,0.0219724029,0.00397240324,0.0227481015,0.0193223935,0,1.33350599,14,2.9096601,8.28133965,0,0,0,0,0,1.61847043,-24.9898643,3.52447605,0.94312799,3.28670645,4.4763999,430.012512,66.6753006,0.51880002,0.0250000004,50,1,0.119999997,0.550000012,0.0133333337
C4_rand_0_r0,1,1343,21.89188,21,1.33350599,4.4763999,0.0216390695,0.00363906962,0.021925224,0.0218087044,0,1.33350599,14,2.9096601,8.28133965,0,0,0,0,0,1.61847043,-24.9898643,3.52447605,0.94312799,3.28670645,4.4763999,430.012512,66.6753006,0.51880002,0.0250000004,50,1,0.119999997,0.550000012,0.0133333337
C4_rand_0_r0,1,1344,21.9052124,21,1.33350599,4.4763999,0.0213057362,0.00330573646,0.0210402925,0.0187818836,0,1.33350599,14,2.9096601,8.28133965,0,0,0,0,0,1.61847043,-24.9898643,3.52447605,0.94312799,3.28670645,4.4763999,430.012512,66.6753006,0.51880002,0.0250000004,50,1,0.119999997,0.550000012,0.0133333337
C4_rand_0_r0,1,1345,21.9185467,21,1.33350599,4.4763999,0.0209724028,0.00297240308,0.0210375804,0.0184169542,0,1.33350599,14,2.9096601,8.28133965,0,0,0,0,0,1.61847043,-24.9898643,3.52447605,0.94312799,3.28670645,4.4763999,430.012512,66.6753006,0.51880002,0.0250000004,50,1,0.119999997,0.550000012,0.0133333337
C4_rand_0_r0,1,1346,21.931881,21,1.33350599,4.4763999,0.0206390694,0.00263906969,0.0196379777,0.018250132,0,1.33350599,14,2.9096601,8.28133965,0,0,0,0,0,1.61847043,-24.9898643,3.52447605,0.94312799,3.28670645,4.4763999,430.012512,66.6753006,0.51880002,0.0250000004,50,1,0.119999997,0.550000012,0.0133333337
C4_rand_0_r0,1,1347,21.9452133,21,1.3634057,4.4763999,0.020305736,0.0023057363,0.0197599623,0.0178735778,0.000126422266,1.38786912,14,2.9096601,8.28133965,0,0,0,0,0,1.61847043,-24.9898643,3.52447605,0.94312799,3.28670645,4.4763999,430.012512,66.6753006,0.51880002,0.0250000004,50,1,0.119999997,0.550000012,0.0133333337
C4_rand_0_r0,1,1348,21.9585476,21,1.41089714,4.4763999,0.0199724026,0.00197240314,0.0185299031,0.0177296642,0.000270335906,1.44975376,14,2.9096601,8.28133965,0,0,0,0,0,1.61847043,-24.9898643,3.52447605,0.94312799,3.28670645,4.4763999,430.012512,66.6753006,0.51880002,0.0250000004,50,1,0.119999997,0.550000012,0.0133333337
C4_rand_0_r0,1,1349,21.97188,21,1.52394676,4.4763999,0.0196390692,0.00163906976,0.0187910739,0.0173420291,0.000657971308,1.61644185,14,2.9096601,8.28133965,0,0,0,0,0,1.61847043,-24.9898643,3.52447605,0.94312799,3.28670645,4.4763999,430.012512,66.6753006,0.51880002,0.0250000004,50,1,0.119999997,0.550000012,0.0133333337
C4_rand_0_r0,1,1350,21.9852142,21,1.60682142,4.4763999,0.0193057358,0.00130573637,0.0176801924,0.0172067154,0.000793283747,1.6746279,14,2.9096601,8.28133965,0,0,0,0,0,1.61847043,-24.9898643,3.52447605,0.94312799,3.28670645,4.4763999,430.012512,66.6753006,0.51880002,0.0250000004,50,1,0.119999997,0.550000012,0.0133333337
C4_rand_0_r0,1,1351,21.9985466,21,1.73751593,4.4763999,0.0189724024,0.000972403039,0.0181007721,0.0168117974,0.00118820206,1.84444773,14,2.9096601,8.28133965,0,0,0,0,0,1.61847043,-24.9898643,3.52447605,0.94312799,3.28670645,4.4763999,430.012512,66.6753006,0.51880002,0.0250000004,50,1,0.119999997,0.550000012,0.0133333337
C4_rand_0_r0,1,1352,22.0118809,22,1.82843971,4.4763999,0.0186390691,0.000639069709,0.0170458816,0.0166760255,0.00132397539,1.90283191,14,2.9096601,8.28133965,0,0,0,0,0,2.4992516,1.14972043,4.3767581,0.592417061,67.9155655,4.4763999,430.012512,66.6753006,0.51880002,0.0250000004,50,1,0.119999997,0.550000012,0.0133333337
C4_rand_0_r0,1,1353,22.0252132,22,1.96622276,4.4763999,0.0183057357,0.000305736408,0.017659409,0.0162664503,0.00173355057,2.07895446,14,2.9096601,8.28133965,0,0,0,0,0,2.4992516,1.14972043,4.3767581,0.592417061,67.9155655,4.4763999,430.012512,66.6753006,0.51880002,0.0250000004,50,1,0.119999997,0.550000012,0.0133333337
C4_rand_0_r0,1,1354,22.0385475,22,2.05990481,4.4763999,0.0179724023,-2.7596936e-05,0.0165940989,0.0161325019,0.00186749874,2.13655376,14,2.9096601,8.28133965,0,0,0,0,0,2.4992516,1.14972043,4.3767581,0.592417061,67.9155655,4.4763999,430.012512,66.6753006,0.51880002,0.0250000004,50,1,0.119999997,0.550000012,0.0133333337
C4_rand_0_r0,1,1355,22.0518799,22,2.20031047,4.4763999,0.0176390689,-0.00036093028,0.0173913091,0.0157170855,0.00228291424,2.31518769,14,2.9096601,8.28133965,1,0,0,0,0,2.4992516,1.14972043,4.3767581,0.592417061,67.9155655,4.4763999,430.012512,66.6753006,0.51880002,0.0250000004,50,1,0.119999997,0.550000012,0.0133333337
C4_rand_0_r0,1,1356,22.0652142,22,2.29932809,4.4763999,0.0173057355,-0.00069426361,0.0163005255,0.0155655667,0.00243443297,2.38034272,14,2.9096601,8.28133965,1,0,0,0,0,2.4992516,1.14972043,4.3767581,0.592417061,67.9155655,4.4763999,430.012512,66.6753006,0.51880002,0.0250000004,50,1,0.119999997,0.550000012,0.0133333337
C4_rand_0_r0,1,1357,23.0133343,23,2.06219625,4.4763999,0.016972404,-0.00102759688,0.01685258,0.0167566109,0.00124338968,1.86817908,14,2.9096601,8.28133965,0,0,0,0,0,1.28605986,-42.9235115,70.8915024,1.17061615,65.9323349,4.4763999,430.012512,66.6753006,0.51880002,0.0250000004,50,1,0.119999997,0.550000012,0.0133333337
C4_rand_0_r0,1,1358,23.0266666,23,2.24317098,4.4763999,0.0166390706,-0.00136093027,0.0162642952,0.0155402226,0.00245977752,2.39124107,14,2.9096601,8.28133965,1,0,0,0,0,1.28605986,-42.9235115,70.8915024,1.17061615,65.9323349,4.4763999,430.012512,66.6753006,0.51880002,0.0250000004,50,1,0.119999997,0.550000012,0.0133333337
C4_rand_0_r0,1,1359,23.0400009,23,2.55195236,4.4763999,0.0163057372,-0.00169426366,0.0162651632,0.0145789692,0.00342103047,2.80459189,14,2.9096601,8.28133965,1,0,0,0,0,1.28605986,-42.9235115,70.8915024,1.17061615,65.9323349,4.4763999,430.012512,66.6753006,0.51880002,0.0250000004,50,1,0.119999997,0.550000012,0.0133333337
C4_rand_0_r0,1,1360,23.0533333,23,2.60111094,4.4763999,0.0159724038,-0.00202759705,0.0151996249,0.014958634,0.00304136612,2.64133143,14,2.9096601,8.28133965,1,0,0,0,0,1.28605986,-42.9235115,70.8915024,1.17061615,65.9323349,4.4763999,430.012512,66.6753006,0.51880002,0.0250000004,50,1,0.119999997,0.550000012,0.0133333337
C4_rand_0_r0,1,1361,24.0133343,24,2.84758854,4.4763999,0.0156390704,-0.0023609302,0.0153555153,0.0140100094,0.0039899908,3.04925203,14,2.9096601,8.28133965,1,0,0,1,0,1.19354832,-2.47012639,5.29814386,0.71563983,93.5580902,4.4763999,430.012512,66.6753006,0.51880002,0.0250000004,50,1,0.119999997,0.550000012,0.0133333337
C4_rand_0_r0,1,1362,24.0652142,24,2.8870213,4.4763999,0.0153057361,-0.00269426359,0.0143294055,0.0143122505,0.00368774938,2.91928434,14,2.9096601,8.28133965,1,0,0,2,0,1.19354832,-2.47012639,5.29814386,0.71563983,93.5580902,4.4763999,430.012512,66.6753006,0.51880002,0.0250000004,50,1,0.119999997,0.550000012,0.0133333337
C4_rand_0_r0,1,1363,24.117094,24,2.92176437,4.4763999,0.0149724027,-0.00302759698,0.0152799673,0.0142403776,0.00375962234,2.95019054,14,2.9096601,8.28133965,1,1,0,3,0,1.19354832,-2.47012639,5.29814386,0.71563983,93.5580902,4.4763999,430.012512,66.6753006,0.51880002,0.0250000004,50,1,0.119999997,0.550000012,0.0133333337
C4_rand_0_r0,1,1364,24.1689739,24,3.06666684,4.4763999,0.0146390693,-0.00336093036,0.0142737571,0.0136938058,0.00430619484,3.18522358,14,2.9096601,8.28133965,1,1,0,4,0,1.19354832,-2.47012639,5.29814386,0.71563983,93.5580902,4.4763999,430.012512,66.6753006,0.51880002,0.0250000004,50,1,0.119999997,0.550000012,0.0133333337
C4_rand_0_r0,2,1786,0.0133333337,0,0,4.4763999,0.0496666655,0.0316666663,0.24757427,0.24744013,0,0,14,2.9096601,8.28133965,0,0,0,0,0,-0.0352675654,-24.3604794,76.258728,1.15165877,4.2210145,4.4763999,430.012512,66.6753006,0.51880002,0.0250000004,50,1,0.119999997,0.550000012,0.0133333337
C4_rand_0_r0,2,1787,0.0266666673,0,0,4.4763999,0.049333334,0.0313333347,0.244972169,0.244884551,0,0,14,2.9096601,8.28133965,0,0,0,0,0,-0.0352675654,-24.3604794,76.258728,1.15165877,4.2210145,4.4763999,430.012512,66.6753006,0.51880002,0.0250000004,50,1,0.119999997,0.550000012,0.0133333337
C4_rand_0_r0,2,1788,0.0399999991,0,0,4.4763999,0.0489999987,0.0309999995,0.240870312,0.240682125,0,0,14,2.9096601,8.28133965,0,0,0,0,0,-0.0352675654,-24.3604794,76.258728,1.15165877,4.2210145,4.4763999,430.012512,66.6753006,0.51880002,0.0250000004,50,1,0.119999997,0.550000012,0.0133333337
C4_rand_0_r0,2,1789,0.0533333346,0,0,4.4763999,0.0486666672,0.0306666661,0.235679701,0.23563242,0,0,14,2.9096601,8.28133965,0,0,0,0,0,-0.0352675654,-24.3604794,76.258728,1.15165877,4.2210145,4.4763999,430.012512,66.6753006,0.51880002,0.0250000004,50,1,0.119999997,0.550000012,0.0133333337
C4_rand_0_r0,2,1790,0.0666666701,0,0,4.4763999,0.0483333319,0.0303333327,0.230637431,0.230387464,0,0,14,2.9096601,8.28133965,0,0,0,0,0,-0.0352675654,-24.3604794,76.258728,1.15165877,4.2210145,4.4763999,430.012512,66.6753006,0.51880002,0.0250000004,50,1,0.119999997,0.550000012,0.0133333337
C4_rand_0_r0,2,1791,0.0799999982,0,0,4.4763999,0.0480000004,0.0299999993,0.225182459,0.22517249,0,0,14,2.9096601,8.28133965,0,0,0,0,0,-0.0352675654,-24.3604794,76.258728,1.15165877,4.2210145,4.4763999,430.012512,66.6753006,0.51880002,0.0250000004,50,1,0.119999997,0.550000012,0.0133333337
C4_rand_0_r0,2,1792,0.0933333337,0,0,4.4763999,0.0476666652,0.0296666659,0.220030427,0.219856218,0,0,14,2.9096601,8.28133965,0,0,0,0,0,-0.0352675654,-24.3604794,76.258728,1.15165877,4.2210145,4.4763999,430.012512,66.6753006,0.51880002,0.0250000004,50,1,0.119999997,0.550000012,0.0133333337
C4_rand_0_r0,2,1793,0.106666669,0,0,4.4763999,0.0473333336,0.0293333326,0.214676023,0.214661017,0,0,14,2.9096601,8.28133965,0,0,0,0,0,-0.0352675654,-24.3604794,76.258728,1.15165877,4.2210145,4.4763999,430.012512,66.6753006,0.51880002,0.0250000004,50,1,0.119999997,0.550000012,0.0133333337
C4_rand_0_r0,2,1794,0.119999997,0,0,4.4763999,0.0469999984,0.0289999992,0.209484473,0.209348366,0,0,14,2.9096601,8.28133965,0,0,0,0,0,-0.0352675654,-24.3604794,76.258728,1.15165877,4.2210145,4.4763999,430.012512,66.6753006,0.51880002,0.0250000004,50,1,0.119999997,0.550000012,0.0133333337
C4_rand_0_r0,2,1795,0.13333334,0,0,4.4763999,0.0466666669,0.0286666658,0.20431,0.203937829,0,0,14,2.9096601,8.28133965,0,0,0,0,0,-0.0352675654,-24.3604794,76.258728,1.15165877,4.2210145,4.4763999,430.012512,66.6753006,0.51880002,0.0250000004,50,1,0.119999997,0.550000012,0.0133333337
C4_rand_0_r0,2,1796,0.146666661,0,0,4.4763999,0.0463333316,0.0283333343,0.198946282,0.198709056,0,0,14,2.9096601,8.28133965,0,0,0,0,0,-0.0352675654,-24.3604794,76.258728,1.15165877,4.2210145,4.4763999,430.012512,66.6753006,0.51880002,0.0250000004,50,1,0.119999997,0.550000012,0.0133333337
C4_rand_0_r0,2,1797,0.159999996,0,0,4.4763999,0.0460000001,0.0280000009,0.193769127,0.193492725,0,0,14,2.9096601,8.28133965,0,0,0,0,0,-0.0352675654,-24.3604794,76.258728,1.15165877,4.2210145,4.4763999,430.012512,66.6753006,0.51880002,0.0250000004,50,1,0.119999997,0.550000012,0.0133333337
C4_rand_0_r0,2,1798,0.173333332,0,0,4.4763999,0.0456666648,0.0276666675,0.188413009,0.1882893,0,0,14,2.9096601,8.28133965,0,0,0,0,0,-0.0352675654,-24.3604794,76.258728,1.15165877,4.2210145,4.4763999,430.012512,66.6753006,0.51880002,0.0250000004,50,1,0.119999997,0.550000012,0.0133333337
C4_rand_0_r0,2,1799,0.186666667,0,0,4.4763999,0.0453333333,0.0273333341,0.183313236,0.18309702,0,0,14,2.9096601,8.28133965,0,0,0,0,0,-0.0352675654,-24.3604794,76.258728,1.15165877,4.2210145,4.4763999,430.012512,66.6753006,0.51880002,0.0250000004,50,1,0.119999997,0.550000012,0.0133333337
C4_rand_0_r0,2,1800,0.200000003,0,0,4.4763999,0.0450000018,0.0270000007,0.177951202,0.177911833,0,0,14,2.9096601,8.28133965,0,0,0,0,0,-0.0352675654,-24.3604794,76.258728,1.15165877,4.2210145,4.4763999,430.012512,66.6753006,0.51880002,0.0250000004,50,1,0.119999997,0.550000012,0.0133333337
C4_rand_0_r0,2,1801,0.213333338,0,0,4.4763999,0.0446666665,0.0266666673,0.172950998,0.17274712,0,0,14,2.9096601,8.28133965,0,0,0,0,0,-0.0352675654,-24.3604794,76.258728,1.15165877,4.2210145,4.4763999,430.012512,66.6753006,0.51880002,0.0250000004,50,1,0.119999997,0.550000012,0.0133333337
C4_rand_0_r0,2,1802,0.226666674,0,0,4.4763999,0.044333335,0.0263333339,0.167568862,0.16756247,0,0,14,2.9096601,8.28133965,0,0,0,0,0,-0.0352675654,-24.3604794,76.258728,1.15165877,4.2210145,4.4763999,430.012512,66.6753006,0.51880002,0.0250000004,50,1,0.119999997,0.550000012,0.0133333337
C4_rand_0_r0,2,1803,0.239999995,0,0,4.4763999,0.0439999998,0.0260000005,0.16269888,0.162414417,0,0,14,2.9096601,8.28133965,0,0,0,0,0,-0.0352675654,-24.3604794,76.258728,1.15165877,4.2210145,4.4763999,430.012512,66.6753006,0.51880002,0.0250000004,50,1,0.119999997,0.550000012,0.0133333337
C4_rand_0_r0,2,1804,0.25333333,0,0,4.4763999,0.0436666682,0.0256666671,0.157286286,0.157245308,0,0,14,2.9096601,8.28133965,0,0,0,0,0,-0.0352675654,-24.3604794,76.258728,1.15165877,4.2210145,4.4763999,430.012512,66.6753006,0.51880002,0.0250000004,50,1,0.119999997,0.550000012,0.0133333337
C4_rand_0_r0,2,1805,0.266666681,0,0,4.4763999,0.043333333,0.0253333338,0.152589664,0.152124181,0,0,14,2.9096601,8.28133965,0,0,0,0,0,-0.0352675654,-24.3604794,76.258728,1.15165877,4.2210145,4.4763999,430.012512,66.6753006,0.51880002,0.0250000004,50,1,0.119999997,0.550000012,0.0133333337
C4_rand_0_r0,2,1806,0.280000001,0,0,4.4763999,0.0430000015,0.0250000004,0.147126898,0.146951348,0,0,14,2.9096601,8.28133965,0,0,0,0,0,-0.0352675654,-24.3604794,76.258728,1.15165877,4.2210145,4.4763999,430.012512,66.6753006,0.51880002,0.0250000004,50,1,0.119999997,0.550000012,0.0133333337
C4_rand_0_r0,2,1807,0.293333322,0,0,4.4763999,0.0426666662,0.024666667,0.142451733,0.141836897,0,0,14,2.9096601,8.28133965,0,0,0,0,0,-0.0352675654,-24.3604794,76.258728,1.15165877,4.2210145,4.4763999,430.012512,66.6753006,0.51880002,0.0250000004,50,1,0.119999997,0.550000012,0.0133333337
C4_rand_0_r0,2,1808,0.306666672,0,0,4.4763999,0.0423333347,0.0243333336,0.137121379,0.136672065,0,0,14,2.9096601,8.28133965,0,0,0,0,0,-0.0352675654,-24.3604794,76.258728,1.15165877,4.2210145,4.4763999,430.012512,66.6753006,0.51880002,0.0250000004,50,1,0.119999997,0.550000012,0.0133333337
C4_rand_0_r0,2,1809,0.319999993,0,0,4.4763999,0.0419999994,0.0240000002,0.132449567,0.131557614,0,0,14,2.9096601,8.28133965,0,0,0,0,0,-0.0352675654,-24.3604794,76.258728,1.15165877,4.2210145,4.4763999,430.012512,66.6753006,0.51880002,0.0250000004,50,1,0.119999997,0.550000012,0.0133333337
C4_rand_0_r0,2,1810,0.333333343,0,0,4.4763999,0.0416666679,0.0236666668,0.127310604,0.126397058,0,0,14,2.9096601,8.28133965,0,0,0,0,0,-0.0352675654,-24.3604794,76.258728,1.15165877,4.2210145,4.4763999,430.012512,66.6753006,0.51880002,0.0250000004,50,1,0.119999997,0.550000012,0.0133333337
C4_rand_0_r0,2,1811,0.346666664,0,0,4.4763999,0.0413333327,0.0233333334,0.122437611,0.122094251,0,0,14,2.9096601,8.28133965,0,0,0,0,0,-0.0352675654,-24.3604794,76.258728,1.15165877,4.2210145,4.4763999,430.012512,66.6753006,0.51880002,0.0250000004,50,1,0.119999997,0.550000012,0.0133333337
C4_rand_0_r0,2,1812,0.360000014,0,0,4.4763999,0.0410000011,0.023,0.117758997,0.116139293,0,0,14,2.9096601,8.28133965,0,0,0,0,0,-0.0352675654,-24.3604794,76.258728,1.15165877,4.2210145,4.4763999,430.012512,66.6753006,0.51880002,0.0250000004,50,1,0.119999997,0.550000012,0.0133333337
C4_rand_0_r0,2,1813,0.373333335,0,0,4.4763999,0.0406666659,0.0226666667,0.112470672,0.111818843,0,0,14,2.9096601,8.28133965,0,0,0,0,0,-0.0352675654,-24.3604794,76.258728,1.15165877,4.2210145,4.4763999,430.012512,66.6753006,0.51880002,0.0250000004,50,1,0.119999997,0.550000012,0.0133333337
C4_rand_0_r0,2,1814,0.386666656,0,0,4.4763999,0.0403333344,0.0223333333,0.107564956,0.10733822,0,0,14,2.9096601,8.28133965,0,0,0,0,0,-0.0352675654,-24.3604794,76.258728,1.15165877,4.2210145,4.4763999,430.012512,66.6753006,0.51880002,0.0250000004,50,1,0.119999997,0.550000012,0.0133333337
C4_rand_0_r0,2,1815,0.400000006,0,0,4.4763999,0.0399999991,0.0219999999,0.102281272,0.102203056,0,0,14,2.9096601,8.28133965,0,0,0,0,0,-0.0352675654,-24.3604794,76.258728,1.15165877,4.2210145,4.4763999,430.012512,66.6753006,0.51880002,0.0250000004,50,1,0.119999997,0.550000012,0.0133333337
C4_rand_0_r0,2,1816,0.413333327,0,0,4.4763999,0.0396666676,0.0216666665,0.0976505801,0.0972676203,0,0,14,2.9096601,8.28133965,0,0,0,0,0,-0.0352675654,-24.3604794,76.258728,1.15165877,4.2210145,4.4763999,430.012512,66.6753006,0.51880002,0.0250000004,50,1,0.119999997,0.550000012,0.0133333337
C4_rand_0_r0,2,1817,0.426666677,0,0,4.4763999,0.0393333323,0.0213333331,0.0922311023,0.0922282115,0,0,14,2.9096601,8.28133965,0,0,0,0,0,-0.0352675654,-24.3604794,76.258728,1.15165877,4.2210145,4.4763999,430.012512,66.6753006,0.51880002,0.0250000004,50,1,0.119999997,0.550000012,0.0133333337
C4_rand_0_r0,2,1818,0.439999998,0,0,4.4763999,0.0390000008,0.0209999997,0.0878182203,0.0873155892,0,0,14,2.9096601,8.28133965,0,0,0,0,0,-0.0352675654,-24.3604794,76.258728,1.15165877,4.2210145,4.4763999,430.012512,66.6753006,0.51880002,0.0250000004,50,1,0.119999997,0.550000012,0.0133333337
C4_rand_0_r0,2,1819,0.453333348,0,0,4.4763999,0.0386666656,0.0206666663,0.0827420503,0.0826272145,0,0,14,2.9096601,8.28133965,0,0,0,0,0,-0.0352675654,-24.3604794,76.258728,1.15165877,4.2210145,4.4763999,430.012512,66.6753006,0.51880002,0.0250000004,50,1,0.119999997,0.550000012,0.0133333337
C4_rand_0_r0,2,1820,0.466666669,0,0,4.4763999,0.038333334,0.0203333329,0.0783967748,0.0780001357,0,0,14,2.9096601,8.28133965,0,0,0,0,0,-0.0352675654,-24.3604794,76.258728,1.15165877,4.2210145,4.4763999,430.012512,66.6753006,0.51880002,0.0250000004,50,1,0.119999997,0.550000012,0.0133333337
C4_rand_0_r0,2,1821,0.479999989,0,0,4.4763999,0.0379999988,0.0199999996,0.0740547776,0.0736801177,0,0,14,2.9096601,8.28133965,0,0,0,0,0,-0.0352675654,-24.3604794,76.258728,1.15165877,4.2210145,4.4763999,430.012512,66.6753006,0.51880002,0.0250000004,50,1,0.119999997,0.550000012,0.0133333337
C4_rand_0_r0,2,1822,0.49333334,0,0,4.4763999,0.0376666673,0.0196666662,0.0697985142,0.0694589019,0,0,14,2.9096601,8.28133965,0,0,0,0,0,-0.0352675654,-24.3604794,76.258728,1.15165877,4.2210145,4.4763999,430.012512,66.6753006,0.51880002,0.0250000004,50,1,0.119999997,0.550000012,0.0133333337
C4_rand_0_r0,2,1823,0.50666666,0,0,4.4763999,0.037333332,0.0193333328,0.0663084686,0.0655993372,0,0,14,2.9096601,8.28133965,0,0,0,0,0,-0.0352675654,-24.3604794,76.258728,1.15165877,4.2210145,4.4763999,430.012512,66.6753006,0.51880002,0.0250000004,50,1,0.119999997,0.550000012,0.0133333337
C4_rand_0_r0,2,1824,0.519999981,0,0,4.4763999,0.0370000005,0.0189999994,0.0621142238,0.0618403144,0,0,14,2.9096601,8.28133965,0,0,0,0,0,-0.0352675654,-24.3604794,76.258728,1.15165877,4.2210145,4.4763999,430.012512,66.6753006,0.51880002,0.0250000004,50,1,0.119999997,0.550000012,0.0133333337
C4_rand_0_r0,2,1825,0.533333361,0,0,4.4763999,0.0366666652,0.018666666,0.0595133416,0.0584510528,0,0,14,2.9096601,8.28133965,0,0,0,0,0,-0.0352675654,-24.3604794,76.258728,1.15165877,4.2210145,4.4763999,430.012512,66.6753006,0.51880002,0.0250000004,50,1,0.119999997,0.550000012,0.0133333337
C4_rand_0_r0,2,1826,0.546666682,0,0,4.4763999,0.0363333337,0.0183333326,0.0553221293,0.0551273748,0,0,14,2.9096601,8.28133965,0,0,0,0,0,-0.0352675654,-24.3604794,76.258728,1.15165877,4.2210145,4.4763999,430.012512,66.6753006,0.51880002,0.0250000004,50,1,0.119999997,0.550000012,0.0133333337
C4_rand_0_r0,2,1827,0.560000002,0,0,4.4763999,0.0359999985,0.0179999992,0.0530635789,0.0520338491,0,0,14,2.9096601,8.28133965,0,0,0,0,0,-0.0352675654,-24.3604794,76.258728,1.15165877,4.2210145,4.4763999,430.012512,66.6753006,0.51880002,0.0250000004,50,1,0.119999997,0.550000012,0.0133333337
C4_rand_0_r0,2,1828,0.573333323,0,0,4.4763999,0.0356666669,0.0176666658,0.0493468679,0.0492229313,0,0,14,2.9096601,8.28133965,0,0,0,0,0,-0.0352675654,-24.3604794,76.258728,1.15165877,4.2210145,4.4763999,430.012512,66.6753006,0.51880002,0.0250000004,50,1,0.119999997,0.550000012,0.0133333337
C4_rand_0_r0,2,1829,0.586666644,0,0,4.4763999,0.0353333317,0.0173333324,0.0472016782,0.0464785881,0,0,14,2.9096601,8.28133965,0,0,0,0,0,-0.0352675654,-24.3604794,76.258728,1.15165877,4.2210145,4.4763999,430.012512,66.6753006,0.51880002,0.0250000004,50,1,0.119999997,0.550000012,0.0133333337
C4_rand_0_r0,2,1830,0.600000024,0,0.733428299,4.4763999,0.0350000001,0.0170000009,0.0441310816,0.0440154374,0,1.33350599,14,2.9096601,8.28133965,0,0,0,0,0,-0.0352675654,-24.3604794,76.258728,1.15165877,4.2210145,4.4763999,430.012512,66.6753006,0.51880002,0.0250000004,50,1,0.119999997,0.550000012,0.0133333337
C4_rand_0_r0,2,1831,0.613333344,0,1.06347108,4.4763999,0.0346666649,0.0166666675,0.0420961566,0.0415709801,0,1.33350599,14,2.9096601,8.28133965,0,0,0,0,0,-0.0352675654,-24.3604794,76.258728,1.15165877,4.2210145,4.4763999,430.012512,66.6753006,0.51880002,0.0250000004,50,1,0.119999997,0.550000012,0.0133333337
C4_rand_0_r0,2,1832,0.626666665,0,1.21199024,4.4763999,0.0343333334,0.0163333341,0.0396639034,0.0394217744,0,1.33350599,14,2.9096601,8.28133965,0,0,0,0,0,-0.0352675654,-24.3604794,76.258728,1.15165877,4.2210145,4.4763999,430.012512,66.6753006,0.51880002,0.0250000004,50,1,0.119999997,0.550000012,0.0133333337
C4_rand_0_r0,2,1833,0.639999986,0,1.27882397,4.4763999,0.0340000018,0.0160000008,0.0377787054,0.0372509211,0,1.33350599,14,2.9096601,8.28133965,0,0,0,0,0,-0.0352675654,-24.3604794,76.258728,1.15165877,4.2210145,4.4763999,430.012512,66.6753006,0.51880002,0.0250000004,50,1,0.119999997,0.550000012,0.0133333337
C4_rand_0_r0,2,1834,0.653333306,0,1.30889904,4.4763999,0.0336666666,0.0156666674,0.0359738097,0.035401538,0,1.33350599,14,2.9096601,8.28133965,0,0,0,0,0,-0.0352675654,-24.3604794,76.258728,1.15165877,4.2210145,4.4763999,430.012512,66.6753006,0.51880002,0.0250000004,50,1,0.119999997,0.550000012,0.0133333337
C4_rand_0_r0,2,1835,0.666666687,0,1.32243288,4.4763999,0.0333333351,0.0153333331,0.0342920087,0.0334951133,0,1.33350599,14,2.9096601,8.28133965,0,0,0,0,0,-0.0352675654,-24.3604794,76.258728,1.15165877,4.2210145,4.4763999,430.012512,66.6753006,0.51880002,0.0250000004,50,1,0.119999997,0.550000012,0.0133333337
C4_rand_0_r0,2,1836,0.680000007,0,1.32852304,4.4763999,0.0329999998,0.0149999997,0.0326443873,0.0326125287,0,1.33350599,14,2.9096601,8.28133965,0,0,0,0,0,-0.0352675654,-24.3604794,76.258728,1.15165877,4.2210145,4.4763999,430.012512,66.6753006,0.51880002,0.0250000004,50,1,0.119999997,0.550000012,0.0133333337
C4_rand_0_r0,2,1837,0.693333328,0,1.33126366,4.4763999,0.0326666683,0.0146666663,0.0311463196,0.031049151,0,1.33350599,14,2.9096601,8.28133965,0,0,0,0,0,-0.0352675654,-24.3604794,76.258728,1.15165877,4.2210145,4.4763999,430.012512,66.6753006,0.51880002,0.0250000004,50,1,0.119999997,0.550000012,0.0133333337
C4_rand_0_r0,2,1838,0.706666648,0,1.332497,4.4763999,0.032333333,0.0143333329,0.0290516429,0.0283280183,0,1.33350599,14,2.9096601,8.28133965,0,0,0,0,0,-0.0352675654,-24.3604794,76.258728,1.15165877,4.2210145,4.4763999,430.012512,66.6753006,0.51880002,0.0250000004,50,1,0.119999997,0.550000012,0.0133333337
C4_rand_0_r0,2,1839,0.720000029,0,1.33305192,4.4763999,0.0320000015,0.0140000004,0.0284510907,0.0283258129,0,1.33350599,14,2.9096601,8.28133965,0,0,0,0,0,-0.0352675654,-24.3604794,76.258728,1.15165877,4.2210145,4.4763999,430.012512,66.6753006,0.51880002,0.0250000004,50,1,0.119999997,0.550000012,0.0133333337
C4_rand_0_r0,2,1840,0.733333349,0,1.33330166,4.4763999,0.0316666663,0.013666667,0.0261118039,0.0258535761,0,1.33350599,14,2.9096601,8.28133965,0,0,0,0,0,-0.0352675654,-24.3604794,76.258728,1.15165877,4.2210145,4.4763999,430.012512,66.6753006,0.51880002,0.0250000004,50,1,0.119999997,0.550000012,0.0133333337
C4_rand_0_r0,2,1841,0.74666667,0,1.33341408,4.4763999,0.0313333347,0.0133333337,0.0261356719,0.0249534883,0,1.33350599,14,2.9096601,8.28133965,0,0,0,0,0,-0.0352675654,-24.3604794,76.258728,1.15165877,4.2210145,4.4763999,430.012512,66.6753006,0.51880002,0.0250000004,50,1,0.119999997,0.550000012,0.0133333337
C4_rand_0_r0,2,1842,0.75999999,0,1.33346462,4.4763999,0.0309999995,0.0130000003,0.0243139733,0.0238516908,0,1.33350599,14,2.9096601,8.28133965,0,0,0,0,0,-0.0352675654,-24.3604794,76.258728,1.15165877,4.2210145,4.4763999,430.012512,66.6753006,0.51880002,0.0250000004,50,1,0.119999997,0.550000012,0.0133333337
C4_rand_0_r0,2,1843,0.773333311,0,1.33348739,4.4763999,0.0306666661,0.0126666669,0.0235092677,0.0231631398,0,1.33350599,14,2.9096601,8.28133965,0,0,0,0,0,-0.0352675654,-24.3604794,76.258728,1.15165877,4.2210145,4.4763999,430.012512,66.6753006,0.51880002,0.0250000004,50,1,0.119999997,0.550000012,0.0133333337
C4_rand_0_r0,2,1844,0.786666691,0,1.33349764,4.4763999,0.0303333327,0.0123333335,0.0232015513,0.0216792263,0,1.33350599,14,2.9096601,8.28133965,0,0,0,0,0,-0.0352675654,-24.3604794,76.258728,1.15165877,4.2210145,4.4763999,430.012512,66.6753006,0.51880002,0.0250000004,50,1,0.119999997,0.550000012,0.0133333337
C4_rand_0_r0,2,1845,0.800000012,0,1.33350217,4.4763999,0.0299999993,0.0120000001,0.0219308771,0.021772407,0,1.33350599,14,2.9096601,8.28133965,0,0,0,0,0,-0.0352675654,-24.3604794,76.258728,1.15165877,4.2210145,4.4763999,430.012512,66.6753006,0.51880002,0.0250000004,50,1,0.119999997,0.550000012,0.0133333337
C4_rand_0_r0,2,1846,0.813333333,0,1.33350432,4.4763999,0.0296666659,0.0116666667,0.0212088227,0.0205147304,0,1.33350599,14,2.9096601,8.28133965,0,0,0,0,0,-0.0352675654,-24.3604794,76.258728,1.15165877,4.2210145,4.4763999,430.012512,66.6753006,0.51880002,0.0250000004,50,1,0.119999997,0.550000012,0.0133333337
C4_rand_0_r0,2,1847,0.826666653,0,1.33350527,4.4763999,0.0293333326,0.0113333333,0.0213500541,0.0207126811,0,1.33350599,14,2.9096601,8.28133965,0,0,0,0,0,-0.0352675654,-24.3604794,76.258728,1.15165877,4.2210145,4.4763999,430.012512,66.6753006,0.51880002,0.0250000004,50,1,0.119999997,0.550000012,0.0133333337
C4_rand_0_r0,2,1848,0.839999974,0,1.33350563,4.4763999,0.0289999992,0.0109999999,0.0198737737,0.0196441952,0,1.33350599,14,2.9096601,8.28133965,0,0,0,0,0,-0.0352675654,-24.3604794,76.258728,1.15165877,4.2210145,4.4763999,430.012512,66.6753006,0.51880002,0.0250000004,50,1,0.119999997,0.550000012,0.0133333337
C4_rand_0_r0,2,1849,0.853333354,0,1.33350587,4.4763999,0.0286666658,0.0106666666,0.0212331265,0.0205726419,0,1.33350599,14,2.9096601,8.28133965,0,0,0,0,0,-0.0352675654,-24.3604794,76.258728,1.15165877,4.2210145,4.4763999,430.012512,66.6753006,0.51880002,0.0250000004,50,1,0.119999997,0.550000012,0.0133333337
C4_rand_0_r0,2,1850,0.866666675,0,1.33350599,4.4763999,0.0283333343,0.0103333332,0.0191132315,0.0189992208,0,1.33350599,14,2.9096601,8.28133965,0,0,0,0,0,-0.0352675654,-24.3604794,76.258728,1.15165877,4.2210145,4.4763999,430.012512,66.6753006,0.51880002,0.0250000004,50,1,0.119999997,0.550000012,0.0133333337
C4_rand_0_r0,2,1851,0.879999995,0,1.33350599,4.4763999,0.0280000009,0.00999999978,0.0202644151,0.0187248569,0,1.33350599,14,2.9096601,8.28133965,0,0,0,0,0,-0.0352675654,-24.3604794,76.258728,1.15165877,4.2210145,4.4763999,430.012512,66.6753006,0.51880002,0.0250000004,50,1,0.119999997,0.550000012,0.0133333337
C4_rand_0_r0,2,1852,0.893333316,0,1.33350599,4.4763999,0.0276666675,0.00966666639,0.0188200641,0.0185200553,0,1.33350599,14,2.9096601,8.28133965,0,0,0,0,0,-0.0352675654,-24.3604794,76.258728,1.15165877,4.2210145,4.4763999,430.012512,66.6753006,0.51880002,0.0250000004,50,1,0.119999997,0.550000012,0.0133333337
C4_rand_0_r0,2,1853,0.906666696,0,1.33350599,4.4763999,0.0273333341,0.009333333,0.0193218868,0.0182962362,0,1.33350599,14,2.9096601,8.28133965,0,0,0,0,0,-0.0352675654,-24.3604794,76.258728,1.15165877,4.2210145,4.4763999,430.012512,66.6753006,0.51880002,0.0250000004,50,1,0.119999997,0.550000012,0.0133333337
C4_rand_0_r0,2,1854,0.920000017,0,1.33350599,4.4763999,0.0270000007,0.00899999961,0.0188847464,0.0181573797,0,1.33350599,14,2.9096601,8.28133965,0,0,0,0,0,-0.0352675654,-24.3604794,76.258728,1.15165877,4.2210145,4.4763999,430.012512,66.6753006,0.51880002,0.0250000004,50,1,0.119999997,0.550000012,0.0133333337
C4_rand_0_r0,2,1855,0.933333337,0,1.34054387,4.4763999,0.0266666673,0.00866666622,0.0187192801,0.0179702416,2.97574989e-05,1.34630215,14,2.9096601,8.28133965,0,0,0,0,0,-0.0352675654,-24.3604794,76.258728,1.15165877,4.2210145,4.4763999,430.012512,66.6753006,0.51880002,0.0250000004,50,1,0.119999997,0.550000012,0.0133333337
C4_rand_0_r0,2,1856,0.946666658,0,1.36659062,4.4763999,0.0263333339,0.00833333377,0.0192020927,0.0178735033,0.000126497544,1.38790154,14,2.9096601,8.28133965,0,0,0,0,0,-0.0352675654,-24.3604794,76.258728,1.15165877,4.2210145,4.4763999,430.012512,66.6753006,0.51880002,0.0250000004,50,1,0.119999997,0.550000012,0.0133333337
C4_rand_0_r0,2,1857,0.959999979,0,1.42020392,4.4763999,0.0260000005,0.00800000038,0.0183774941,0.0176963732,0.000303626788,1.46406937,14,2.9096601,8.28133965,0,0,0,0,0,-0.0352675654,-24.3604794,76.258728,1.15165877,4.2210145,4.4763999,430.012512,66.6753006,0.51880002,0.0250000004,50,1,0.119999997,0.550000012,0.0133333337
C4_rand_0_r0,2,1858,0.973333359,0,1.37252009,4.4763999,0.0256666671,0.00766666653,0.0189737976,0.0188609231,0,1.33350599,14,2.9096601,8.28133965,0,0,0,0,0,-0.0352675654,-24.3604794,76.258728,1.15165877,4.2210145,4.4763999,430.012512,66.6753006,0.51880002,0.0250000004,50,1,0.119999997,0.550000012,0.0133333337
C4_rand_0_r0,2,1859,0.986666679,0,1.48300314,4.4763999,0.0253333338,0.00733333314,0.018222373,0.0174421277,0.000557872991,1.57339835,14,2.9096601,8.28133965,0,0,0,0,0,-0.0352675654,-24.3604794,76.258728,1.15165877,4.2210145,4.4763999,430.012512,66.6753006,0.51880002,0.0250000004,50,1,0.119999997,0.550000012,0.0133333337
C4_rand_0_r0,2,1860,1,0,1.40077972,4.4763999,0.0250000004,0.00700000022,0.0189105868,0.0185961518,0,1.33350599,14,2.9096601,8.28133965,0,0,0,0,0,-0.0352675654,-24.3604794,76.258728,1.15165877,4.2210145,4.4763999,430.012512,66.6753006,0.51880002,0.0250000004,50,1,0.119999997,0.550000012,0.0133333337
C4_rand_0_r0,2,1861,1.01333332,1,1.55734003,4.4763999,0.024666667,0.00666666683,0.0181832686,0.0171815846,0.000818415137,1.6854347,14,2.9096601,8.28133965,0,0,0,0,0,-2.74728847,-31.9634056,72.1490936,1.42654026,7.34538746,4.4763999,430.012512,66.6753006,0.51880002,0.0250000004,50,1,0.119999997,0.550000012,0.0133333337
C4_rand_0_r0,2,1862,1.02666664,1,1.43423128,4.4763999,0.0243333336,0.00633333344,0.01855045,0.0185357779,0,1.33350599,14,2.9096601,8.28133965,0,0,0,0,0,-2.74728847,-31.9634056,72.1490936,1.42654026,7.34538746,4.4763999,430.012512,66.6753006,0.51880002,0.0250000004,50,1,0.119999997,0.550000012,0.0133333337
C4_rand_0_r0,2,1863,1.03999996,1,1.64113903,4.4763999,0.0240000002,0.00600000005,0.0182126276,0.0168909132,0.00110908668,1.81042719,14,2.9096601,8.28133965,0,0,0,0,0,-2.74728847,-31.9634056,72.1490936,1.42654026,7.34538746,4.4763999,430.012512,66.6753006,0.51880002,0.0250000004,50,1,0.119999997,0.550000012,0.0133333337
C4_rand_0_r0,2,1864,1.05333328,1,1.47194088,4.4763999,0.0236666668,0.00566666666,0.0183578543,0.0181562081,0,1.33350599,14,2.9096601,8.28133965,0,0,0,0,0,-2.74728847,-31.9634056,72.1490936,1.42654026,7.34538746,4.4763999,430.012512,66.6753006,0.51880002,0.0250000004,50,1,0.119999997,0.550000012,0.0133333337
C4_rand_0_r0,2,1865,1.06666672,1,1.73508513,4.4763999,0.0233333334,0.00533333328,0.0182897858,0.0165654402,0.00143456052,1.95038497,14,2.9096601,8.28133965,0,0,0,0,0,-2.74728847,-31.9634056,72.1490936,1.42654026,7.34538746,4.4763999,430.012512,66.6753006,0.51880002,0.0250000004,50,1,0.119999997,0.550000012,0.0133333337
C4_rand_0_r0,2,1866,1.08000004,1,1.5582217,4.4763999,0.023,0.00499999989,0.0178709067,0.0178139377,0.000186062724,1.41351533,14,2.9096601,8.28133965,0,0,0,0,0,-2.74728847,-31.9634056,72.1490936,1.42654026,7.34538746,4.4763999,430.012512,66.6753006,0.51880002,0.0250000004,50,1,0.119999997,0.550000012,0.0133333337
C4_rand_0_r0,2,1867,1.09333336,1,1.54353476,4.4763999,0.0226666667,0.0046666665,0.0181243718,0.0175395198,0.000460479787,1.5315181,14,2.9096601,8.28133965,0,0,0,0,0,-2.74728847,-31.9634056,72.1490936,1.42654026,7.34538746,4.4763999,430.012512,66.6753006,0.51880002,0.0250000004,50,1,0.119999997,0.550000012,0.0133333337
C4_rand_0_r0,2,1868,1.10666668,1,1.65578616,4.4763999,0.0223333333,0.00433333311,0.0172842816,0.0170369521,0.000963047205,1.74762833,14,2.9096601,8.28133965,0,0,0,0,0,-2.74728847,-31.9634056,72.1490936,1.42654026,7.34538746,4.4763999,430.012512,66.6753006,0.51880002,0.0250000004,50,1,0.119999997,0.550000012,0.0133333337
C4_rand_0_r0,2,1869,1.12,1,1.67019188,4.4763999,0.0219999999,0.00400000019,0.0176618248,0.0171896219,0.000810377474,1.68197846,14,2.9096601,8.28133965,0,0,0,0,0,-2.74728847,-31.9634056,72.1490936,1.42654026,7.34538746,4.4763999,430.012512,66.6753006,0.51880002,0.0250000004,50,1,0.119999997,0.550000012,0.0133333337
C4_rand_0_r0,2,1870,1.13333333,1,1.84025669,4.4763999,0.0216666665,0.00366666657,0.0166187435,0.016497964,0.0015020367,1.97940052,14,2.9096601,8.28133965,0,0,0,0,0,-2.74728847,-31.9634056,72.1490936,1.42654026,7.34538746,4.4763999,430.012512,66.6753006,0.51880002,0.0250000004,50,1,0.119999997,0.550000012,0.0133333337
C4_rand_0_r0,2,1871,1.14666665,1,1.95731151,4.4763999,0.0213333331,0.00333333341,0.0170677304,0.0163266119,0.00167338783,2.05308366,14,2.9096601,8.28133965,0,0,0,0,0,-2.74728847,-31.9634056,72.1490936,1.42654026,7.34538746,4.4763999,430.012512,66.6753006,0.51880002,0.0250000004,50,1,0.119999997,0.550000012,0.0133333337
C4_rand_0_r0,2,1872,1.15999997,1,2.10802269,4.4763999,0.0209999997,0.00300000003,0.0160504356,0.0159120932,0.00208790647,2.23133183,14,2.9096601,8.28133965,0,0,0,0,0,-2.74728847,-31.9634056,72.1490936,1.42654026,7.34538746,4.4763999,430.012512,66.6753006,0.51880002,0.0250000004,50,1,0.119999997,0.550000012,0.0133333337
C4_rand_0_r0,2,1873,1.17333329,1,2.22239804,4.4763999,0.0206666663,0.00266666664,0.0161124151,0.0157152489,0.00228475151,2.31597781,14,2.9096601,8.28133965,0,0,0,0,0,-2.74728847,-31.9634056,72.1490936,1.42654026,7.34538746,4.4763999,430.012512,66.6753006,0.51880002,0.0250000004,50,1,0.119999997,0.550000012,0.0133333337
C4_rand_0_r0,2,1874,1.18666661,1,2.37346816,4.4763999,0.0203333329,0.00233333325,0.0155862495,0.0152941132,0.00270588673,2.49707103,14,2.9096601,8.28133965,0,0,0,0,0,-2.74728847,-31.9634056,72.1490936,1.42654026,7.34538746,4.4763999,430.012512,66.6753006,0.51880002,0.0250000004,50,1,0.119999997,0.550000012,0.0133333337
C4_rand_0_r0,2,1875,1.20000005,1,2.49406528,4.4763999,0.0199999996,0.00200000009,0.0152617358,0.0150716444,0.00292835548,2.59273553,14,2.9096601,8.28133965,0,0,0,0,0,-2.74728847,-31.9634056,72.1490936,1.42654026,7.34538746,4.4763999,430.012512,66.6753006,0.51880002,0.0250000004,50,1,0.119999997,0.550000012,0.0133333337
C4_rand_0_r0,2,1876,1.21333337,1,2.64680624,4.4763999,0.0196666662,0.00166666671,0.0152275497,0.0146552827,0.00334471674,2.77177596,14,2.9096601,8.28133965,0,0,0,0,0,-2.74728847,-31.9634056,72.1490936,1.42654026,7.34538746,4.4763999,430.012512,66.6753006,0.51880002,0.0250000004,50,1,0.119999997,0.550000012,0.0133333337
C4_rand_0_r0,2,1877,1.22666669,1,2.77345848,4.4763999,0.0193333328,0.00133333332,0.0145242047,0.0144103896,0.0035896101,2.8770833,14,2.9096601,8.28133965,0,0,0,0,0,-2.74728847,-31.9634056,72.1490936,1.42654026,7.34538746,4.4763999,430.012512,66.6753006,0.51880002,0.0250000004,50,1,0.119999997,0.550000012,0.0133333337
C4_rand_0_r0,2,1878,1.24000001,1,2.92722106,4.4763999,0.0189999994,0.00100000005,0.0149716381,0.0140012307,0.00399876898,3.05302668,14,2.9096601,8.28133965,0,1,0,0,0,-2.74728847,-31.9634056,72.1490936,1.42654026,7.34538746,4.4763999,430.012512,66.6753006,0.51880002,0.0250000004,50,1,0.119999997,0.550000012,0.0133333337
C4_rand_0_r0,2,1879,1.25333333,1,3.05868411,4.4763999,0.018666666,0.00066666666,0.013903006,0.0137379412,0.004262059,3.16624475,14,2.9096601,8.28133965,0,1,0,0,0,-2.74728847,-31.9634056,72.1490936,1.42654026,7.34538746,4.4763999,430.012512,66.6753006,0.51880002,0.0250000004,50,1,0.119999997,0.550000012,0.0133333337
C4_rand_0_r0,2,1880,1.26666665,1,3.17905617,4.4763999,0.0183333326,0.00033333333,0.0147481989,0.0134791164,0.00452088425,3.27754259,14,2.9096601,8.28133965,0,1,0,0,0,-2.74728847,-31.9634056,72.1490936,1.42654026,7.34538746,4.4763999,430.012512,66.6753006,0.51880002,0.0250000004,50,1,0.119999997,0.550000012,0.0133333337
C4_rand_0_r0,2,1881,1.27999997,1,3.33454323,4.4763999,0.0179999992,5.89805982e-17,0.013397797,0.0130507164,0.00494928379,3.46175981,14,2.9096601,8.28133965,0,1,0,0,0,-2.74728847,-31.9634056,72.1490936,1.42654026,7.34538746,4.4763999,430.012512,66.6753006,0.51880002,0.0250000004,50,1,0.119999997,0.550000012,0.0133333337
C4_rand_0_r0,2,1882,1.29333329,1,3.46860504,4.4763999,0.0176666658,-0.00033333333,0.0139215086,0.0127797192,0.00522028096,3.57829213,14,2.9096601,8.28133965,0,1,0,0,0,-2.74728847,-31.9634056,72.1490936,1.42654026,7.34538746,4.4763999,430.012512,66.6753006,0.51880002,0.0250000004,50,1,0.119999997,0.550000012,0.0133333337
C4_rand_0_r0,2,1883,1.30666661,1,3.62897396,4.4763999,0.0173757151,-0.000624284963,0.0130145643,0.0123567246,0.00564327557,3.760185,14,2.9096601,8.28133965,1,1,0,1,0,-2.74728847,-31.9634056,72.1490936,1.42654026,7.34538746,4.4763999,430.012512,66.6753006,0.51880002,0.0250000004,50,1,0.119999997,0.550000012,0.0133333337
C4_rand_0_r0,2,1884,1.35854661,1,3.6741221,4.4763999,0.0171043687,-0.000895631907,0.0132148387,0.012076675,0.00592332566,3.71106124,14,2.9096601,8.28133965,1,1,0,2,0,-2.74728847,-31.9634056,72.1490936,1.42654026,7.34538746,4.4763999,430.012512,66.6753006,0.51880002,0.0250000004,50,1,0.119999997,0.550000012,0.0133333337
C4_rand_0_r0,2,1885,3.05187988,3,3.60165238,4.4763999,0.0168161578,-0.00118384184,0.012437731,0.0122866062,0.00571339391,3.54235911,14,2.9096601,8.28133965,1,1,0,3,0,1.14513397,-30.7513256,58.0852966,1.34123218,1.258582,4.4763999,430.012512,66.6753006,0.51880002,0.0250000004,50,1,0.119999997,0.550000012,0.0133333337
C4_rand_0_r0,2,1886,3.10376,3,3.63853168,4.4763999,0.0165353827,-0.00146461802,0.0124236494,0.0121496664,0.00585033325,3.66870546,14,2.9096601,8.28133965,1,1,0,4,0,1.14513397,-30.7513256,58.0852966,1.34123218,1.258582,4.4763999,430.012512,66.6753006,0.51880002,0.0250000004,50,1,0.119999997,0.550000012,0.0133333337
C4_rand_0_r0,2,1887,3.15563989,3,3.78006649,4.4763999,0.0162951592,-0.00170484011,0.0116073256,0.0115522398,0.00644776039,3.89586782,14,2.9096601,8.28133965,1,1,0,5,0,1.14513397,-30.7513256,58.0852966,1.34123218,1.258582,4.4763999,430.012512,66.6753006,0.51880002,0.0250000004,50,1,0.119999997,0.550000012,0.0133333337
C4_rand_0_r0,2,1888,3.20752001,3,3.8667233,4.4763999,0.0160857681,-0.00191423169,0.0118314205,0.0110778473,0.00692215236,3.93762445,14,2.9096601,8.28133965,1,1,0,6,0,1.14513397,-30.7513256,58.0852966,1.34123218,1.258582,4.4763999,430.012512,66.6753006,0.51880002,0.0250000004,50,1,0.119999997,0.550000012,0.0133333337
C4_rand_0_r0,2,1889,4.05187988,4,3.91033936,4.4763999,0.0158936307,-0.00210636947,0.0114918416,0.0107714888,0.00722851092,3.94602489,14,2.9096601,8.28133965,1,1,0,7,0,2.72759867,-37.6807327,59.2126007,1.31279624,43.4351807,4.4763999,430.012512,66.6753006,0.51880002,0.0250000004,50,1,0.119999997,0.550000012,0.0133333337
C4_rand_0_r0,2,1890,4.10375977,4,4.34276676,4.4763999,0.0158244874,-0.00217551272,0.0102434447,0.00886556692,0.00913443323,4.69657087,14,2.9096601,8.28133965,1,1,0,8,0,2.72759867,-37.6807327,59.2126007,1.31279624,43.4351807,4.4763999,430.012512,66.6753006,0.51880002,0.0250000004,50,1,0.119999997,0.550000012,0.0133333337
C4_rand_0_r0,2,1891,4.15564013,4,4.11725378,4.4763999,0.0157132,-0.00228679948,0.0110784685,0.00949760899,0.00850239024,3.93274331,14,2.9096601,8.28133965,1,1,0,9,0,2.72759867,-37.6807327,59.2126007,1.31279624,43.4351807,4.4763999,430.012512,66.6753006,0.51880002,0.0250000004,50,1,0.119999997,0.550000012,0.0133333337
C4_rand_0_r0,2,1892,4.20752001,4,4.48972416,4.4763999,0.0156983547,-0.00230164593,0.00833772682,0.00788571686,0.0101142833,4.79447269,14,2.9096601,8.28133965,1,1,0,10,0,2.72759867,-37.6807327,59.2126007,1.31279624,43.4351807,4.4763999,430.012512,66.6753006,0.51880002,0.0250000004,50,1,0.119999997,0.550000012,0.0133333337
