C5_rand_10_r0,0,421,0.0133333337,0,0,3.28679991,0.0496666655,0.0316666663,0.228094712,0.227995947,0,0,14,2.5,6.08058023,0,0,0,0,0,-0.934711277,-12.7048855,28.9471455,0.843601882,8.94263458,3.28679991,747.866089,65.8182983,1.28250003,0.0250000004,50,1,0.119999997,0.550000012,0.0133333337
C5_rand_10_r0,0,422,0.0266666673,0,0,3.28679991,0.049333334,0.0313333347,0.225266948,0.225190818,0,0,14,2.5,6.08058023,0,0,0,0,0,-0.934711277,-12.7048855,28.9471455,0.843601882,8.94263458,3.28679991,747.866089,65.8182983,1.28250003,0.0250000004,50,1,0.119999997,0.550000012,0.0133333337
C5_rand_10_r0,0,423,0.0399999991,0,0,3.28679991,0.0489999987,0.0309999995,0.221494064,0.221375123,0,0,14,2.5,6.08058023,0,0,0,0,0,-0.934711277,-12.7048855,28.9471455,0.843601882,8.94263458,3.28679991,747.866089,65.8182983,1.28250003,0.0250000004,50,1,0.119999997,0.550000012,0.0133333337
C5_rand_10_r0,0,424,0.0533333346,0,0,3.28679991,0.0486666672,0.0306666661,0.217370793,0.217271447,0,0,14,2.5,6.08058023,0,0,0,0,0,-0.934711277,-12.7048855,28.9471455,0.843601882,8.94263458,3.28679991,747.866089,65.8182983,1.28250003,0.0250000004,50,1,0.119999997,0.550000012,0.0133333337
C5_rand_10_r0,0,425,0.0666666701,0,0,3.28679991,0.0483333319,0.0303333327,0.213050455,0.212911889,0,0,14,2.5,6.08058023,0,0,0,0,0,-0.934711277,-12.7048855,28.9471455,0.843601882,8.94263458,3.28679991,747.866089,65.8182983,1.28250003,0.0250000004,50,1,0.119999997,0.550000012,0.0133333337
C5_rand_10_r0,0,426,0.0799999982,0,0,3.28679991,0.0480000004,0.0299999993,0.208745256,0.208606735,0,0,14,2.5,6.08058023,0,0,0,0,0,-0.934711277,-12.7048855,28.9471455,0.843601882,8.94263458,3.28679991,747.866089,65.8182983,1.28250003,0.0250000004,50,1,0.119999997,0.550000012,0.0133333337
C5_rand_10_r0,0,427,0.0933333337,0,0,3.28679991,0.0476666652,0.0296666659,0.204370081,0.204200506,0,0,14,2.5,6.08058023,0,0,0,0,0,-0.934711277,-12.7048855,28.9471455,0.843601882,8.94263458,3.28679991,747.866089,65.8182983,1.28250003,0.0250000004,50,1,0.119999997,0.550000012,0.0133333337
C5_rand_10_r0,0,428,0.106666669,0,0,3.28679991,0.0473333336,0.0293333326,0.20008792,0.199905217,0,0,14,2.5,6.08058023,0,0,0,0,0,-0.934711277,-12.7048855,28.9471455,0.843601882,8.94263458,3.28679991,747.866089,65.8182983,1.28250003,0.0250000004,50,1,0.119999997,0.550000012,0.0133333337
C5_rand_10_r0,0,429,0.119999997,0,0,3.28679991,0.0469999984,0.0289999992,0.195733294,0.195523903,0,0,14,2.5,6.08058023,0,0,0,0,0,-0.934711277,-12.7048855,28.9471455,0.843601882,8.94263458,3.28679991,747.866089,65.8182983,1.28250003,0.0250000004,50,1,0.119999997,0.550000012,0.0133333337
C5_rand_10_r0,0,430,0.13333334,0,0,3.28679991,0.0466666669,0.0286666658,0.191502631,0.191261172,0,0,14,2.5,6.08058023,0,0,0,0,0,-0.934711277,-12.7048855,28.9471455,0.843601882,8.94263458,3.28679991,747.866089,65.8182983,1.28250003,0.0250000004,50,1,0.119999997,0.550000012,0.0133333337
C5_rand_10_r0,0,431,0.146666661,0,0,3.28679991,0.0463333316,0.0283333343,0.18717958,0.186919913,0,0,14,2.5,6.08058023,0,0,0,0,0,-0.934711277,-12.7048855,28.9471455,0.843601882,8.94263458,3.28679991,747.866089,65.8182983,1.28250003,0.0250000004,50,1,0.119999997,0.550000012,0.0133333337
C5_rand_10_r0,0,432,0.159999996,0,0,3.28679991,0.0460000001,0.0280000009,0.183008462,0.182693079,0,0,14,2.5,6.08058023,0,0,0,0,0,-0.934711277,-12.7048855,28.9471455,0.843601882,8.94263458,3.28679991,747.866089,65.8182983,1.28250003,0.0250000004,50,1,0.119999997,0.550000012,0.0133333337
C5_rand_10_r0,0,433,0.173333332,0,0,3.28679991,0.0456666648,0.0276666675,0.178721189,0.17839396,0,0,14,2.5,6.08058023,0,0,0,0,0,-0.934711277,-12.7048855,28.9471455,0.843601882,8.94263458,3.28679991,747.866089,65.8182983,1.28250003,0.0250000004,50,1,0.119999997,0.550000012,0.0133333337
C5_rand_10_r0,0,434,0.186666667,0,0,3.28679991,0.0453333333,0.0273333341,0.17461656,0.174204573,0,0,14,2.5,6.08058023,0,0,0,0,0,-0.934711277,-12.7048855,28.9471455,0.843601882,8.94263458,3.28679991,747.866089,65.8182983,1.28250003,0.0250000004,50,1,0.119999997,0.550000012,0.0133333337
C5_rand_10_r0,0,435,0.200000003,0,0,3.28679991,0.0450000018,0.0270000007,0.170223758,0.16988799,0,0,14,2.5,6.08058023,0,0,0,0,0,-0.934711277,-12.7048855,28.9471455,0.843601882,8.94263458,3.28679991,747.866089,65.8182983,1.28250003,0.0250000004,50,1,0.119999997,0.550000012,0.0133333337
C5_rand_10_r0,0,436,0.213333338,0,0,3.28679991,0.0446666665,0.0266666673,0.166166827,0.165770665,0,0,14,2.5,6.08058023,0,0,0,0,0,-0.934711277,-12.7048855,28.9471455,0.843601882,8.94263458,3.28679991,747.866089,65.8182983,1.28250003,0.0250000004,50,1,0.119999997,0.550000012,0.0133333337
C5_rand_10_r0,0,437,0.226666674,0,0,3.28679991,0.044333335,0.0263333339,0.161781996,0.161525697,0,0,14,2.5,6.08058023,0,0,0,0,0,-0.934711277,-12.7048855,28.9471455,0.843601882,8.94263458,3.28679991,747.866089,65.8182983,1.28250003,0.0250000004,50,1,0.119999997,0.550000012,0.0133333337
C5_rand_10_r0,0,438,0.239999995,0,0,3.28679991,0.0439999998,0.0260000005,0.15779905,0.157453731,0,0,14,2.5,6.08058023,0,0,0,0,0,-0.934711277,-12.7048855,28.9471455,0.843601882,8.94263458,3.28679991,747.866089,65.8182983,1.28250003,0.0250000004,50,1,0.119999997,0.550000012,0.0133333337
C5_rand_10_r0,0,439,0.25333333,0,0,3.28679991,0.0436666682,0.0256666671,0.153425857,0.153253406,0,0,14,2.5,6.08058023,0,0,0,0,0,-0.934711277,-12.7048855,28.9471455,0.843601882,8.94263458,3.28679991,747.866089,65.8182983,1.28250003,0.0250000004,50,1,0.119999997,0.550000012,0.0133333337
C5_rand_10_r0,0,440,0.266666681,0,0,3.28679991,0.043333333,0.0253333338,0.149521708,0.149218336,0,0,14,2.5,6.08058023,0,0,0,0,0,-0.934711277,-12.7048855,28.9471455,0.843601882,8.94263458,3.28679991,747.866089,65.8182983,1.28250003,0.0250000004,50,1,0.119999997,0.550000012,0.0133333337
C5_rand_10_r0,0,441,0.280000001,0,0,3.28679991,0.0430000015,0.0250000004,0.145161688,0.145062923,0,0,14,2.5,6.08058023,0,0,0,0,0,-0.934711277,-12.7048855,28.9471455,0.843601882,8.94263458,3.28679991,747.866089,65.8182983,1.28250003,0.0250000004,50,1,0.119999997,0.550000012,0.0133333337
C5_rand_10_r0,0,442,0.293333322,0,0,3.28679991,0.0426666662,0.024666667,0.141344965,0.141069248,0,0,14,2.5,6.08058023,0,0,0,0,0,-0.934711277,-12.7048855,28.9471455,0.843601882,8.94263458,3.28679991,747.866089,65.8182983,1.28250003,0.0250000004,50,1,0.119999997,0.550000012,0.0133333337
C5_rand_10_r0,0,443,0.306666672,0,0,3.28679991,0.0423333347,0.0243333336,0.137003914,0.136959657,0,0,14,2.5,6.08058023,0,0,0,0,0,-0.934711277,-12.7048855,28.9471455,0.843601882,8.94263458,3.28679991,747.866089,65.8182983,1.28250003,0.0250000004,50,1,0.119999997,0.550000012,0.0133333337
C5_rand_10_r0,0,444,0.319999993,0,0,3.28679991,0.0419999994,0.0240000002,0.133284822,0.133019686,0,0,14,2.5,6.08058023,0,0,0,0,0,-0.934711277,-12.7048855,28.9471455,0.843601882,8.94263458,3.28679991,747.866089,65.8182983,1.28250003,0.0250000004,50,1,0.119999997,0.550000012,0.0133333337
C5_rand_10_r0,0,445,0.333333343,0,0,3.28679991,0.0416666679,0.0236666668,0.128972799,0.128956512,0,0,14,2.5,6.08058023,0,0,0,0,0,-0.934711277,-12.7048855,28.9471455,0.843601882,8.94263458,3.28679991,747.866089,65.8182983,1.28250003,0.0250000004,50,1,0.119999997,0.550000012,0.0133333337
C5_rand_10_r0,0,446,0.346666664,0,0,3.28679991,0.0413333327,0.0233333334,0.125360608,0.1250799,0,0,14,2.5,6.08058023,0,0,0,0,0,-0.934711277,-12.7048855,28.9471455,0.843601882,8.94263458,3.28679991,747.866089,65.8182983,1.28250003,0.0250000004,50,1,0.119999997,0.550000012,0.0133333337
C5_rand_10_r0,0,447,0.360000014,0,0,3.28679991,0.0410000011,0.023,0.121087447,0.121063396,0,0,14,2.5,6.08058023,0,0,0,0,0,-0.934711277,-12.7048855,28.9471455,0.843601882,8.94263458,3.28679991,747.866089,65.8182983,1.28250003,0.0250000004,50,1,0.119999997,0.550000012,0.0133333337
C5_rand_10_r0,0,448,0.373333335,0,0,3.28679991,0.0406666659,0.0226666667,0.117583886,0.117238581,0,0,14,2.5,6.08058023,0,0,0,0,0,-0.934711277,-12.7048855,28.9471455,0.843601882,8.94263458,3.28679991,747.866089,65.8182983,1.28250003,0.0250000004,50,1,0.119999997,0.550000012,0.0133333337
C5_rand_10_r0,0,449,0.386666656,0,0,3.28679991,0.0403333344,0.0223333333,0.113361828,0.113281079,0,0,14,2.5,6.08058023,0,0,0,0,0,-0.934711277,-12.7048855,28.9471455,0.843601882,8.94263458,3.28679991,747.866089,65.8182983,1.28250003,0.0250000004,50,1,0.119999997,0.550000012,0.0133333337
C5_rand_10_r0,0,450,0.400000006,0,0,3.28679991,0.0399999991,0.0219999999,0.109969817,0.109496333,0,0,14,2.5,6.08058023,0,0,0,0,0,-0.934711277,-12.7048855,28.9471455,0.843601882,8.94263458,3.28679991,747.866089,65.8182983,1.28250003,0.0250000004,50,1,0.119999997,0.550000012,0.0133333337
C5_rand_10_r0,0,451,0.413333327,0,0,3.28679991,0.0396666676,0.0216666665,0.105811283,0.105601035,0,0,14,2.5,6.08058023,0,0,0,0,0,-0.934711277,-12.7048855,28.9471455,0.843601882,8.94263458,3.28679991,747.866089,65.8182983,1.28250003,0.0250000004,50,1,0.119999997,0.550000012,0.0133333337
C5_rand_10_r0,0,452,0.426666677,0,0,3.28679991,0.0393333323,0.0213333331,0.10252852,0.101854526,0,0,14,2.5,6.08058023,0,0,0,0,0,-0.934711277,-12.7048855,28.9471455,0.843601882,8.94263458,3.28679991,747.866089,65.8182983,1.28250003,0.0250000004,50,1,0.119999997,0.550000012,0.0133333337
C5_rand_10_r0,0,453,0.439999998,0,0,3.28679991,0.0390000008,0.0209999997,0.0984490886,0.098009564,0,0,14,2.5,6.08058023,0,0,0,0,0,-0.934711277,-12.7048855,28.9471455,0.843601882,8.94263458,3.28679991,747.866089,65.8182983,1.28250003,0.0250000004,50,1,0.119999997,0.550000012,0.0133333337
C5_rand_10_r0,0,454,0.453333348,0,0,3.28679991,0.0386666656,0.0206666663,0.0952707604,0.0943052843,0,0,14,2.5,6.08058023,0,0,0,0,0,-0.934711277,-12.7048855,28.9471455,0.843601882,8.94263458,3.28679991,747.866089,65.8182983,1.28250003,0.0250000004,50,1,0.119999997,0.550000012,0.0133333337
C5_rand_10_r0,0,455,0.466666669,0,0,3.28679991,0.038333334,0.0203333329,0.0912994966,0.0905105472,0,0,14,2.5,6.08058023,0,0,0,0,0,-0.934711277,-12.7048855,28.9471455,0.843601882,8.94263458,3.28679991,747.866089,65.8182983,1.28250003,0.0250000004,50,1,0.119999997,0.550000012,0.0133333337
C5_rand_10_r0,0,456,0.479999989,0,0,3.28679991,0.0379999988,0.0199999996,0.0878512636,0.0877818391,0,0,14,2.5,6.08058023,0,0,0,0,0,-0.934711277,-12.7048855,28.9471455,0.843601882,8.94263458,3.28679991,747.866089,65.8182983,1.28250003,0.0250000004,50,1,0.119999997,0.550000012,0.0133333337
C5_rand_10_r0,0,457,0.49333334,0,0,3.28679991,0.0376666673,0.0196666662,0.0841804966,0.0841127485,0,0,14,2.5,6.08058023,0,0,0,0,0,-0.934711277,-12.7048855,28.9471455,0.843601882,8.94263458,3.28679991,747.866089,65.8182983,1.28250003,0.0250000004,50,1,0.119999997,0.550000012,0.0133333337
C5_rand_10_r0,0,458,0.50666666,0,0,3.28679991,0.037333332,0.0193333328,0.0807759911,0.0804688111,0,0,14,2.5,6.08058023,0,0,0,0,0,-0.934711277,-12.7048855,28.9471455,0.843601882,8.94263458,3.28679991,747.866089,65.8182983,1.28250003,0.0250000004,50,1,0.119999997,0.550000012,0.0133333337
C5_rand_10_r0,0,459,0.519999981,0,0,3.28679991,0.0370000005,0.0189999994,0.07710509,0.0768734589,0,0,14,2.5,6.08058023,0,0,0,0,0,-0.934711277,-12.7048855,28.9471455,0.843601882,8.94263458,3.28679991,747.866089,65.8182983,1.28250003,0.0250000004,50,1,0.119999997,0.550000012,0.0133333337
C5_rand_10_r0,0,460,0.533333361,0,0,3.28679991,0.0366666652,0.018666666,0.0738607123,0.073733367,0,0,14,2.5,6.08058023,0,0,0,0,0,-0.934711277,-12.7048855,28.9471455,0.843601882,8.94263458,3.28679991,747.866089,65.8182983,1.28250003,0.0250000004,50,1,0.119999997,0.550000012,0.0133333337
C5_rand_10_r0,0,461,0.546666682,0,0,3.28679991,0.0363333337,0.0183333326,0.0704126954,0.0698278919,0,0,14,2.5,6.08058023,0,0,0,0,0,-0.934711277,-12.7048855,28.9471455,0.843601882,8.94263458,3.28679991,747.866089,65.8182983,1.28250003,0.0250000004,50,1,0.119999997,0.550000012,0.0133333337
C5_rand_10_r0,0,462,0.560000002,0,0,3.28679991,0.0359999985,0.0179999992,0.0670866147,0.0668138564,0,0,14,2.5,6.08058023,0,0,0,0,0,-0.934711277,-12.7048855,28.9471455,0.843601882,8.94263458,3.28679991,747.866089,65.8182983,1.28250003,0.0250000004,50,1,0.119999997,0.550000012,0.0133333337
C5_rand_10_r0,0,463,0.573333323,0,0,3.28679991,0.0356666669,0.0176666658,0.06388852,0.0628918409,0,0,14,2.5,6.08058023,0,0,0,0,0,-0.934711277,-12.7048855,28.9471455,0.843601882,8.94263458,3.28679991,747.866089,65.8182983,1.28250003,0.0250000004,50,1,0.119999997,0.550000012,0.0133333337
C5_rand_10_r0,0,464,0.586666644,0,0,3.28679991,0.0353333317,0.0173333324,0.0604784042,0.0596573576,0,0,14,2.5,6.08058023,0,0,0,0,0,-0.934711277,-12.7048855,28.9471455,0.843601882,8.94263458,3.28679991,747.866089,65.8182983,1.28250003,0.0250000004,50,1,0.119999997,0.550000012,0.0133333337
C5_rand_10_r0,0,465,0.600000024,0,0,3.28679991,0.0350000001,0.0170000009,0.057308659,0.0564536527,0,0,14,2.5,6.08058023,0,0,0,0,0,-0.934711277,-12.7048855,28.9471455,0.843601882,8.94263458,3.28679991,747.866089,65.8182983,1.28250003,0.0250000004,50,1,0.119999997,0.550000012,0.0133333337
C5_rand_10_r0,0,466,0.613333344,0,0,3.28679991,0.0346666649,0.0166666675,0.0539043881,0.0534278788,0,0,14,2.5,6.08058023,0,0,0,0,0,-0.934711277,-12.7048855,28.9471455,0.843601882,8.94263458,3.28679991,747.866089,65.8182983,1.28250003,0.0250000004,50,1,0.119999997,0.550000012,0.0133333337
C5_rand_10_r0,0,467,0.626666665,0,0,3.28679991,0.0343333334,0.0163333341,0.0512696914,0.0504501127,0,0,14,2.5,6.08058023,0,0,0,0,0,-0.934711277,-12.7048855,28.9471455,0.843601882,8.94263458,3.28679991,747.866089,65.8182983,1.28250003,0.0250000004,50,1,0.119999997,0.550000012,0.0133333337
C5_rand_10_r0,0,468,0.639999986,0,0,3.28679991,0.0340000018,0.0160000008,0.0478991382,0.0476727933,0,0,14,2.5,6.08058023,0,0,0,0,0,-0.934711277,-12.7048855,28.9471455,0.843601882,8.94263458,3.28679991,747.866089,65.8182983,1.28250003,0.0250000004,50,1,0.119999997,0.550000012,0.0133333337
C5_rand_10_r0,0,469,0.653333306,0,0.724001288,3.28679991,0.0336666666,0.0156666674,0.0458273143,0.0449551456,0,1.31636596,14,2.5,6.08058023,0,0,0,0,0,-0.934711277,-12.7048855,28.9471455,0.843601882,8.94263458,3.28679991,747.866089,65.8182983,1.28250003,0.0250000004,50,1,0.119999997,0.550000012,0.0133333337
C5_rand_10_r0,0,470,0.666666687,0,1.04980183,3.28679991,0.0333333351,0.0153333331,0.0425154679,0.0424452089,0,1.31636596,14,2.5,6.08058023,0,0,0,0,0,-0.934711277,-12.7048855,28.9471455,0.843601882,8.94263458,3.28679991,747.866089,65.8182983,1.28250003,0.0250000004,50,1,0.119999997,0.550000012,0.0133333337
C5_rand_10_r0,0,471,0.680000007,0,1.19641221,3.28679991,0.0329999998,0.0149999997,0.0407992527,0.0404717959,0,1.31636596,14,2.5,6.08058023,0,0,0,0,0,-0.934711277,-12.7048855,28.9471455,0.843601882,8.94263458,3.28679991,747.866089,65.8182983,1.28250003,0.0250000004,50,1,0.119999997,0.550000012,0.0133333337
C5_rand_10_r0,0,472,0.693333328,0,1.2623868,3.28679991,0.0326666683,0.0146666663,0.0377942957,0.0377841964,0,1.31636596,14,2.5,6.08058023,0,0,0,0,0,-0.934711277,-12.7048855,28.9471455,0.843601882,8.94263458,3.28679991,747.866089,65.8182983,1.28250003,0.0250000004,50,1,0.119999997,0.550000012,0.0133333337
C5_rand_10_r0,0,473,0.706666648,0,1.2920754,3.28679991,0.032333333,0.0143333329,0.0361980982,0.0361007489,0,1.31636596,14,2.5,6.08058023,0,0,0,0,0,-0.934711277,-12.7048855,28.9471455,0.843601882,8.94263458,3.28679991,747.866089,65.8182983,1.28250003,0.0250000004,50,1,0.119999997,0.550000012,0.0133333337
C5_rand_10_r0,0,474,0.720000029,0,1.30543518,3.28679991,0.0320000015,0.0140000004,0.0337758586,0.033698868,0,1.31636596,14,2.5,6.08058023,0,0,0,0,0,-0.934711277,-12.7048855,28.9471455,0.843601882,8.94263458,3.28679991,747.866089,65.8182983,1.28250003,0.0250000004,50,1,0.119999997,0.550000012,0.0133333337
C5_rand_10_r0,0,475,0.733333349,0,1.31144714,3.28679991,0.0316666663,0.013666667,0.0323246568,0.0323075391,0,1.31636596,14,2.5,6.08058023,0,0,0,0,0,-0.934711277,-12.7048855,28.9471455,0.843601882,8.94263458,3.28679991,747.866089,65.8182983,1.28250003,0.0250000004,50,1,0.119999997,0.550000012,0.0133333337
C5_rand_10_r0,0,476,0.74666667,0,1.31415248,3.28679991,0.0313333347,0.0133333337,0.0304996334,0.0301695745,0,1.31636596,14,2.5,6.08058023,0,0,0,0,0,-0.934711277,-12.7048855,28.9471455,0.843601882,8.94263458,3.28679991,747.866089,65.8182983,1.28250003,0.0250000004,50,1,0.119999997,0.550000012,0.0133333337
C5_rand_10_r0,0,477,0.75999999,0,1.31536996,3.28679991,0.0309999995,0.0130000003,0.0292266477,0.0290612541,0,1.31636596,14,2.5,6.08058023,0,0,0,0,0,-0.934711277,-12.7048855,28.9471455,0.843601882,8.94263458,3.28679991,747.866089,65.8182983,1.28250003,0.0250000004,50,1,0.119999997,0.550000012,0.0133333337
C5_rand_10_r0,0,478,0.773333311,0,1.31591773,3.28679991,0.0306666661,0.0126666669,0.0279881954,0.0271759853,0,1.31636596,14,2.5,6.08058023,0,0,0,0,0,-0.934711277,-12.7048855,28.9471455,0.843601882,8.94263458,3.28679991,747.866089,65.8182983,1.28250003,0.0250000004,50,1,0.119999997,0.550000012,0.0133333337
C5_rand_10_r0,0,479,0.786666691,0,1.31616426,3.28679991,0.0303333327,0.0123333335,0.0269456841,0.0263396539,0,1.31636596,14,2.5,6.08058023,0,0,0,0,0,-0.934711277,-12.7048855,28.9471455,0.843601882,8.94263458,3.28679991,747.866089,65.8182983,1.28250003,0.0250000004,50,1,0.119999997,0.550000012,0.0133333337
C5_rand_10_r0,0,480,0.800000012,0,1.31627524,3.28679991,0.0299999993,0.0120000001,0.0262479763,0.024698738,0,1.31636596,14,2.5,6.08058023,0,0,0,0,0,-0.934711277,-12.7048855,28.9471455,0.843601882,8.94263458,3.28679991,747.866089,65.8182983,1.28250003,0.0250000004,50,1,0.119999997,0.550000012,0.0133333337
C5_rand_10_r0,0,481,0.813333333,0,1.31632519,3.28679991,0.0296666659,0.0116666667,0.025492508,0.0241182689,0,1.31636596,14,2.5,6.08058023,0,0,0,0,0,-0.934711277,-12.7048855,28.9471455,0.843601882,8.94263458,3.28679991,747.866089,65.8182983,1.28250003,0.0250000004,50,1,0.119999997,0.550000012,0.0133333337
C5_rand_10_r0,0,482,0.826666653,0,1.3163476,3.28679991,0.0293333326,0.0113333333,0.024993822,0.0243829619,0,1.31636596,14,2.5,6.08058023,0,0,0,0,0,-0.934711277,-12.7048855,28.9471455,0.843601882,8.94263458,3.28679991,747.866089,65.8182983,1.28250003,0.0250000004,50,1,0.119999997,0.550000012,0.0133333337
C5_rand_10_r0,0,483,0.839999974,0,1.31635773,3.28679991,0.0289999992,0.0109999999,0.0247985646,0.0239195973,0,1.31636596,14,2.5,6.08058023,0,0,0,0,0,-0.934711277,-12.7048855,28.9471455,0.843601882,8.94263458,3.28679991,747.866089,65.8182983,1.28250003,0.0250000004,50,1,0.119999997,0.550000012,0.0133333337
C5_rand_10_r0,0,484,0.853333354,0,1.31636226,3.28679991,0.0286666658,0.0106666666,0.0234318301,0.0231874622,0,1.31636596,14,2.5,6.08058023,0,0,0,0,0,-0.934711277,-12.7048855,28.9471455,0.843601882,8.94263458,3.28679991,747.866089,65.8182983,1.28250003,0.0250000004,50,1,0.119999997,0.550000012,0.0133333337
C5_rand_10_r0,0,485,0.866666675,0,1.31636429,3.28679991,0.0283333343,0.0103333332,0.0238204133,0.0224972647,0,1.31636596,14,2.5,6.08058023,0,0,0,0,0,-0.934711277,-12.7048855,28.9471455,0.843601882,8.94263458,3.28679991,747.866089,65.8182983,1.28250003,0.0250000004,50,1,0.119999997,0.550000012,0.0133333337
C5_rand_10_r0,0,486,0.879999995,0,1.31636524,3.28679991,0.0280000009,0.00999999978,0.0222284067,0.0219322518,0,1.31636596,14,2.5,6.08058023,0,0,0,0,0,-0.934711277,-12.7048855,28.9471455,0.843601882,8.94263458,3.28679991,747.866089,65.8182983,1.28250003,0.0250000004,50,1,0.119999997,0.550000012,0.0133333337
C5_rand_10_r0,0,487,0.893333316,0,1.31636572,3.28679991,0.0276666675,0.00966666639,0.0230533872,0.0229106527,0,1.31636596,14,2.5,6.08058023,0,0,0,0,0,-0.934711277,-12.7048855,28.9471455,0.843601882,8.94263458,3.28679991,747.866089,65.8182983,1.28250003,0.0250000004,50,1,0.119999997,0.550000012,0.0133333337
C5_rand_10_r0,0,488,0.906666696,0,1.31636584,3.28679991,0.0273333341,0.009333333,0.0214687157,0.0209363271,0,1.31636596,14,2.5,6.08058023,0,0,0,0,0,-0.934711277,-12.7048855,28.9471455,0.843601882,8.94263458,3.28679991,747.866089,65.8182983,1.28250003,0.0250000004,50,1,0.119999997,0.550000012,0.0133333337
C5_rand_10_r0,0,489,0.920000017,0,1.31636596,3.28679991,0.0270000007,0.00899999961,0.0225592945,0.0220294949,0,1.31636596,14,2.5,6.08058023,0,0,0,0,0,-0.934711277,-12.7048855,28.9471455,0.843601882,8.94263458,3.28679991,747.866089,65.8182983,1.28250003,0.0250000004,50,1,0.119999997,0.550000012,0.0133333337
C5_rand_10_r0,0,490,0.933333337,0,1.31636596,3.28679991,0.0266666673,0.00866666622,0.0210907087,0.0201378725,0,1.31636596,14,2.5,6.08058023,0,0,0,0,0,-0.934711277,-12.7048855,28.9471455,0.843601882,8.94263458,3.28679991,747.866089,65.8182983,1.28250003,0.0250000004,50,1,0.119999997,0.550000012,0.0133333337
C5_rand_10_r0,0,491,0.946666658,0,1.31636596,3.28679991,0.0263333339,0.00833333377,0.0224848986,0.0213150084,0,1.31636596,14,2.5,6.08058023,0,0,0,0,0,-0.934711277,-12.7048855,28.9471455,0.843601882,8.94263458,3.28679991,747.866089,65.8182983,1.28250003,0.0250000004,50,1,0.119999997,0.550000012,0.0133333337
C5_rand_10_r0,0,492,0.959999979,0,1.31636596,3.28679991,0.0260000005,0.00800000038,0.0210370272,0.0194734186,0,1.31636596,14,2.5,6.08058023,0,0,0,0,0,-0.934711277,-12.7048855,28.9471455,0.843601882,8.94263458,3.28679991,747.866089,65.8182983,1.28250003,0.0250000004,50,1,0.119999997,0.550000012,0.0133333337
C5_rand_10_r0,0,493,0.973333359,0,1.31636596,3.28679991,0.0256666671,0.00766666653,0.0215034559,0.0210214406,0,1.31636596,14,2.5,6.08058023,0,0,0,0,0,-0.934711277,-12.7048855,28.9471455,0.843601882,8.94263458,3.28679991,747.866089,65.8182983,1.28250003,0.0250000004,50,1,0.119999997,0.550000012,0.0133333337
C5_rand_10_r0,0,494,0.986666679,0,1.31636596,3.28679991,0.0253333338,0.00733333314,0.0209086426,0.0195778143,0,1.31636596,14,2.5,6.08058023,0,0,0,0,0,-0.934711277,-12.7048855,28.9471455,0.843601882,8.94263458,3.28679991,747.866089,65.8182983,1.28250003,0.0250000004,50,1,0.119999997,0.550000012,0.0133333337
C5_rand_10_r0,0,495,1,0,1.31636596,3.28679991,0.0250000004,0.00700000022,0.0207247678,0.0204811785,0,1.31636596,14,2.5,6.08058023,0,0,0,0,0,-0.934711277,-12.7048855,28.9471455,0.843601882,8.94263458,3.28679991,747.866089,65.8182983,1.28250003,0.0250000004,50,1,0.119999997,0.550000012,0.0133333337
C5_rand_10_r0,0,496,1.01333332,1,1.31636596,3.28679991,0.024666667,0.00666666683,0.0204762165,0.0190177485,0,1.31636596,14,2.5,6.08058023,0,0,0,0,0,-0.45524171,-1.8221395,20.8162556,0.815165877,35.0374184,3.28679991,747.866089,65.8182983,1.28250003,0.0250000004,50,1,0.119999997,0.550000012,0.0133333337
C5_rand_10_r0,0,497,1.02666664,1,1.31636596,3.28679991,0.0243333336,0.00633333344,0.0200830307,0.0199744385,0,1.31636596,14,2.5,6.08058023,0,0,0,0,0,-0.45524171,-1.8221395,20.8162556,0.815165877,35.0374184,3.28679991,747.866089,65.8182983,1.28250003,0.0250000004,50,1,0.119999997,0.550000012,0.0133333337
C5_rand_10_r0,0,498,1.03999996,1,1.31636596,3.28679991,0.0240000002,0.00600000005,0.0201053284,0.0184815507,0,1.31636596,14,2.5,6.08058023,0,0,0,0,0,-0.45524171,-1.8221395,20.8162556,0.815165877,35.0374184,3.28679991,747.866089,65.8182983,1.28250003,0.0250000004,50,1,0.119999997,0.550000012,0.0133333337
C5_rand_10_r0,0,499,1.05333328,1,1.31636596,3.28679991,0.0236666668,0.00566666666,0.0195811223,0.0194900148,0,1.31636596,14,2.5,6.08058023,0,0,0,0,0,-0.45524171,-1.8221395,20.8162556,0.815165877,35.0374184,3.28679991,747.866089,65.8182983,1.28250003,0.0250000004,50,1,0.119999997,0.550000012,0.0133333337
C5_rand_10_r0,0,500,1.06666672,1,1.33263886,3.28679991,0.0233333334,0.00533333328,0.0198075622,0.0179604385,3.95619718e-05,1.34595311,14,2.5,6.08058023,0,0,0,0,0,-0.45524171,-1.8221395,20.8162556,0.815165877,35.0374184,3.28679991,747.866089,65.8182983,1.28250003,0.0250000004,50,1,0.119999997,0.550000012,0.0133333337
C5_rand_10_r0,0,501,1.08000004,1,1.32368875,3.28679991,0.023,0.00499999989,0.0192240588,0.0190147888,0,1.31636596,14,2.5,6.08058023,0,0,0,0,0,-0.45524171,-1.8221395,20.8162556,0.815165877,35.0374184,3.28679991,747.866089,65.8182983,1.28250003,0.0250000004,50,1,0.119999997,0.550000012,0.0133333337
C5_rand_10_r0,0,502,1.09333336,1,1.5478791,3.28679991,0.0226666667,0.0046666665,0.0195893981,0.0174451657,0.000554834027,1.73130763,14,2.5,6.08058023,0,0,0,0,0,-0.45524171,-1.8221395,20.8162556,0.815165877,35.0374184,3.28679991,747.866089,65.8182983,1.28250003,0.0250000004,50,1,0.119999997,0.550000012,0.0133333337
C5_rand_10_r0,0,503,1.10666668,1,1.42054689,3.28679991,0.0223333333,0.00433333311,0.0190203413,0.0185410399,0,1.31636596,14,2.5,6.08058023,0,0,0,0,0,-0.45524171,-1.8221395,20.8162556,0.815165877,35.0374184,3.28679991,747.866089,65.8182983,1.28250003,0.0250000004,50,1,0.119999997,0.550000012,0.0133333337
C5_rand_10_r0,0,504,1.12,1,1.36324739,3.28679991,0.0219999999,0.00400000019,0.0193182938,0.0192497782,0,1.31636596,14,2.5,6.08058023,0,0,0,0,0,-0.45524171,-1.8221395,20.8162556,0.815165877,35.0374184,3.28679991,747.866089,65.8182983,1.28250003,0.0250000004,50,1,0.119999997,0.550000012,0.0133333337
C5_rand_10_r0,0,505,1.13333333,1,1.33746266,3.28679991,0.0216666665,0.00366666657,0.0189615637,0.0180476066,0,1.31636596,14,2.5,6.08058023,0,0,0,0,0,-0.45524171,-1.8221395,20.8162556,0.815165877,35.0374184,3.28679991,747.866089,65.8182983,1.28250003,0.0250000004,50,1,0.119999997,0.550000012,0.0133333337
C5_rand_10_r0,0,506,1.14666665,1,1.32585943,3.28679991,0.0213333331,0.00333333341,0.018707959,0.0187000819,0,1.31636596,14,2.5,6.08058023,0,0,0,0,0,-0.45524171,-1.8221395,20.8162556,0.815165877,35.0374184,3.28679991,747.866089,65.8182983,1.28250003,0.0250000004,50,1,0.119999997,0.550000012,0.0133333337
C5_rand_10_r0,0,507,1.15999997,1,2.07984591,3.28679991,0.0209999997,0.00300000003,0.0190724116,0.0161542445,0.00184575527,2.69674373,14,2.5,6.08058023,0,0,0,0,0,-0.45524171,-1.8221395,20.8162556,0.815165877,35.0374184,3.28679991,747.866089,65.8182983,1.28250003,0.0250000004,50,1,0.119999997,0.550000012,0.0133333337
C5_rand_10_r0,0,508,1.17333329,1,1.6599319,3.28679991,0.0206666663,0.00266666664,0.0181333646,0.0181224719,0,1.31636596,14,2.5,6.08058023,0,0,0,0,0,-0.45524171,-1.8221395,20.8162556,0.815165877,35.0374184,3.28679991,747.866089,65.8182983,1.28250003,0.0250000004,50,1,0.119999997,0.550000012,0.0133333337
C5_rand_10_r0,0,509,1.18666661,1,2.47139907,3.28679991,0.0203846116,0.00238461094,0.0183544047,0.0155677991,0.00243220129,3.13532686,14,2.5,6.08058023,0,0,0,0,0,-0.45524171,-1.8221395,20.8162556,0.815165877,35.0374184,3.28679991,747.866089,65.8182983,1.28250003,0.0250000004,50,1,0.119999997,0.550000012,0.0133333337
C5_rand_10_r0,0,510,1.20000005,1,1.9138329,3.28679991,0.0200512782,0.00205127755,0.0176362302,0.0175403245,0.000459676405,1.45764232,14,2.5,6.08058023,0,0,0,0,0,-0.45524171,-1.8221395,20.8162556,0.815165877,35.0374184,3.28679991,747.866089,65.8182983,1.28250003,0.0250000004,50,1,0.119999997,0.550000012,0.0133333337
C5_rand_10_r0,0,511,1.21333337,1,2.82895613,3.28679991,0.0198685434,0.0018685431,0.0177221708,0.0149762938,0.00302370614,3.57769346,14,2.5,6.08058023,0,1,0,0,0,-0.45524171,-1.8221395,20.8162556,0.815165877,35.0374184,3.28679991,747.866089,65.8182983,1.28250003,0.0250000004,50,1,0.119999997,0.550000012,0.0133333337
C5_rand_10_r0,0,512,1.22666669,1,2.09717703,3.28679991,0.01953521,0.00153520983,0.0172445327,0.0169612952,0.0010387057,1.49844885,14,2.5,6.08058023,0,0,0,0,0,-0.45524171,-1.8221395,20.8162556,0.815165877,35.0374184,3.28679991,747.866089,65.8182983,1.28250003,0.0250000004,50,1,0.119999997,0.550000012,0.0133333337
C5_rand_10_r0,0,513,1.24000001,1,3.15620422,3.28679991,0.0194433779,0.00144337758,0.0172096025,0.0143812839,0.00361871556,4.02268076,14,2.5,6.08058023,0,1,0,0,0,-0.45524171,-1.8221395,20.8162556,0.815165877,35.0374184,3.28679991,747.866089,65.8182983,1.28250003,0.0250000004,50,1,0.119999997,0.550000012,0.0133333337
C5_rand_10_r0,0,514,1.25333333,1,2.27923656,3.28679991,0.0191481933,0.00114819349,0.0169870537,0.0163966864,0.00160331279,1.56171751,14,2.5,6.08058023,0,0,0,0,0,-0.45524171,-1.8221395,20.8162556,0.815165877,35.0374184,3.28679991,747.866089,65.8182983,1.28250003,0.0250000004,50,1,0.119999997,0.550000012,0.0133333337
C5_rand_10_r0,0,515,1.26666665,1,3.38936543,3.28679991,0.0191274863,0.00112748658,0.0168523118,0.013812162,0.00418783771,4.29765272,14,2.5,6.08058023,0,1,0,0,0,-0.45524171,-1.8221395,20.8162556,0.815165877,35.0374184,3.28679991,747.866089,65.8182983,1.28250003,0.0250000004,50,1,0.119999997,0.550000012,0.0133333337
C5_rand_10_r0,0,516,1.27999997,1,2.44897866,3.28679991,0.0188913066,0.000891307252,0.0168931615,0.0158635247,0.00213647517,1.67957115,14,2.5,6.08058023,0,0,0,0,0,-0.45524171,-1.8221395,20.8162556,0.815165877,35.0374184,3.28679991,747.866089,65.8182983,1.28250003,0.0250000004,50,1,0.119999997,0.550000012,0.0133333337
C5_rand_10_r0,0,517,1.29333329,1,2.57879972,3.28679991,0.0186552778,0.000655277283,0.0162670128,0.0156569034,0.00234309584,2.68501711,14,2.5,6.08058023,0,1,0,0,0,-0.45524171,-1.8221395,20.8162556,0.815165877,35.0374184,3.28679991,747.866089,65.8182983,1.28250003,0.0250000004,50,1,0.119999997,0.550000012,0.0133333337
C5_rand_10_r0,0,518,1.30666661,1,2.76104045,3.28679991,0.0184698943,0.000469894643,0.0169641469,0.0153550869,0.00264491327,2.91014624,14,2.5,6.08058023,0,1,0,0,0,-0.45524171,-1.8221395,20.8162556,0.815165877,35.0374184,3.28679991,747.866089,65.8182983,1.28250003,0.0250000004,50,1,0.119999997,0.550000012,0.0133333337
C5_rand_10_r0,0,519,1.32000005,1,2.82111454,3.28679991,0.0183096398,0.000309640454,0.0155017124,0.0151409702,0.00285903015,2.87026596,14,2.5,6.08058023,0,1,0,0,0,-0.45524171,-1.8221395,20.8162556,0.815165877,35.0374184,3.28679991,747.866089,65.8182983,1.28250003,0.0250000004,50,1,0.119999997,0.550000012,0.0133333337
C5_rand_10_r0,0,520,1.33333337,1,3.86274171,3.28679991,0.0184429158,0.000442915218,0.0172370914,0.0125416396,0.00545836007,4.71498203,14,2.5,6.08058023,0,1,0,0,0,-0.45524171,-1.8221395,20.8162556,0.815165877,35.0374184,3.28679991,747.866089,65.8182983,1.28250003,0.0250000004,50,1,0.119999997,0.550000012,0.0133333337
C5_rand_10_r0,0,521,1.34666669,1,2.82290006,3.28679991,0.0183362663,0.000336266559,0.0148796188,0.0146592474,0.00334075233,1.9721204,14,2.5,6.08058023,0,1,0,0,0,-0.45524171,-1.8221395,20.8162556,0.815165877,35.0374184,3.28679991,747.866089,65.8182983,1.28250003,0.0250000004,50,1,0.119999997,0.550000012,0.0133333337
C5_rand_10_r0,0,522,1.36000001,1,3.9374001,3.28679991,0.0184992142,0.000499214046,0.0164773446,0.0120790228,0.00592097687,4.84926367,14,2.5,6.08058023,0,1,0,0,0,-0.45524171,-1.8221395,20.8162556,0.815165877,35.0374184,3.28679991,747.866089,65.8182983,1.28250003,0.0250000004,50,1,0.119999997,0.550000012,0.0133333337
C5_rand_10_r0,0,523,1.37333333,1,2.94827771,3.28679991,0.0184323378,0.000432337954,0.0144893797,0.0142794261,0.00372057385,2.13899565,14,2.5,6.08058023,0,1,0,0,0,-0.45524171,-1.8221395,20.8162556,0.815165877,35.0374184,3.28679991,747.866089,65.8182983,1.28250003,0.0250000004,50,1,0.119999997,0.550000012,0.0133333337
C5_rand_10_r0,0,524,1.38666666,1,4.04386616,3.28679991,0.0186314881,0.000631488103,0.0159340743,0.0117473342,0.006252666,4.94025707,14,2.5,6.08058023,0,1,0,0,0,-0.45524171,-1.8221395,20.8162556,0.815165877,35.0374184,3.28679991,747.866089,65.8182983,1.28250003,0.0250000004,50,1,0.119999997,0.550000012,0.0133333337
C5_rand_10_r0,0,525,1.39999998,1,3.02443957,3.28679991,0.0185918026,0.000591801887,0.0143611282,0.0140195731,0.00398042751,2.19036317,14,2.5,6.08058023,0,1,0,0,0,-0.45524171,-1.8221395,20.8162556,0.815165877,35.0374184,3.28679991,747.866089,65.8182983,1.28250003,0.0250000004,50,1,0.119999997,0.550000012,0.0133333337
C5_rand_10_r0,0,526,1.4133333,1,4.10336399,3.28679991,0.0188120101,0.000812010956,0.0156382937,0.011542432,0.00645756768,4.9861207,14,2.5,6.08058023,0,1,0,0,0,-0.45524171,-1.8221395,20.8162556,0.815165877,35.0374184,3.28679991,747.866089,65.8182983,1.28250003,0.0250000004,50,1,0.119999997,0.550000012,0.0133333337
C5_rand_10_r0,0,527,1.42666662,1,3.06313348,3.28679991,0.0187865831,0.000786582881,0.0145072229,0.0138793923,0.00412060786,2.21203566,14,2.5,6.08058023,0,1,0,0,0,-0.45524171,-1.8221395,20.8162556,0.815165877,35.0374184,3.28679991,747.866089,65.8182983,1.28250003,0.0250000004,50,1,0.119999997,0.550000012,0.0133333337
C5_rand_10_r0,0,528,1.44000006,1,4.12750483,3.28679991,0.0190158747,0.00101587398,0.0156031828,0.0114507852,0.00654921494,4.99835396,14,2.5,6.08058023,0,1,0,0,0,-0.45524171,-1.8221395,20.8162556,0.815165877,35.0374184,3.28679991,747.866089,65.8182983,1.28250003,0.0250000004,50,1,0.119999997,0.550000012,0.0133333337
C5_rand_10_r0,0,529,1.45333338,1,3.06814194,3.28679991,0.0189933516,0.000993350754,0.0149127459,0.0138456691,0.00415433105,2.2013905,14,2.5,6.08058023,0,1,0,0,0,-0.45524171,-1.8221395,20.8162556,0.815165877,35.0374184,3.28679991,747.866089,65.8182983,1.28250003,0.0250000004,50,1,0.119999997,0.550000012,0.0133333337
C5_rand_10_r0,0,530,1.4666667,1,3.15904713,3.28679991,0.0189541094,0.000954110001,0.0151644163,0.0137954,0.00420459965,3.23342395,14,2.5,6.08058023,0,1,0,0,0,-0.45524171,-1.8221395,20.8162556,0.815165877,35.0374184,3.28679991,747.866089,65.8182983,1.28250003,0.0250000004,50,1,0.119999997,0.550000012,0.0133333337
C5_rand_10_r0,0,531,1.48000002,1,3.205019,3.28679991,0.0189248528,0.00092485291,0.0155182071,0.0138713643,0.00412863586,3.24263239,14,2.5,6.08058023,0,1,0,0,0,-0.45524171,-1.8221395,20.8162556,0.815165877,35.0374184,3.28679991,747.866089,65.8182983,1.28250003,0.0250000004,50,1,0.119999997,0.550000012,0.0133333337
C5_rand_10_r0,0,532,1.49333334,1,3.22929072,3.28679991,0.0189040024,0.000904001878,0.0147758387,0.0138099315,0.00419006869,3.24914932,14,2.5,6.08058023,0,1,0,0,0,-0.45524171,-1.8221395,20.8162556,0.815165877,35.0374184,3.28679991,747.866089,65.8182983,1.28250003,0.0250000004,50,1,0.119999997,0.550000012,0.0133333337
C5_rand_10_r0,0,533,1.50666666,1,2.30392909,3.28679991,0.0186275076,0.00062750699,0.0160622224,0.0160417985,0.00195820141,1.54681504,14,2.5,6.08058023,0,0,0,0,0,-0.45524171,-1.8221395,20.8162556,0.815165877,35.0374184,3.28679991,747.866089,65.8182983,1.28250003,0.0250000004,50,1,0.119999997,0.550000012,0.0133333337
C5_rand_10_r0,0,534,1.51999998,1,3.36326218,3.28679991,0.0186026637,0.000602664077,0.0145160034,0.0138039496,0.00419605058,4.22998953,14,2.5,6.08058023,0,1,0,0,0,-0.45524171,-1.8221395,20.8162556,0.815165877,35.0374184,3.28679991,747.866089,65.8182983,1.28250003,0.0250000004,50,1,0.119999997,0.550000012,0.0133333337
C5_rand_10_r0,0,535,1.5333333,1,4.28454161,3.28679991,0.0188756734,0.000875674014,0.0166947264,0.0113942614,0.00660573924,5.03831577,14,2.5,6.08058023,0,1,0,0,0,-0.45524171,-1.8221395,20.8162556,0.815165877,35.0374184,3.28679991,747.866089,65.8182983,1.28250003,0.0250000004,50,1,0.119999997,0.550000012,0.0133333337
C5_rand_10_r0,0,536,1.54666662,1,3.06713891,3.28679991,0.0188601594,0.000860158703,0.0144146839,0.0137890521,0.00421094801,2.07108235,14,2.5,6.08058023,0,1,0,0,0,-0.45524171,-1.8221395,20.8162556,0.815165877,35.0374184,3.28679991,747.866089,65.8182983,1.28250003,0.0250000004,50,1,0.119999997,0.550000012,0.0133333337
C5_rand_10_r0,0,537,1.55999994,1,4.12478685,3.28679991,0.019090347,0.00109034695,0.0163791738,0.0114094308,0.00659056939,4.99013472,14,2.5,6.08058023,0,1,0,0,0,-0.45524171,-1.8221395,20.8162556,0.815165877,35.0374184,3.28679991,747.866089,65.8182983,1.28250003,0.0250000004,50,1,0.119999997,0.550000012,0.0133333337
C5_rand_10_r0,0,538,1.57333338,1,3.06376076,3.28679991,0.0190667566,0.00106675632,0.0145633649,0.0138486093,0.00415139087,2.19564867,14,2.5,6.08058023,0,1,0,0,0,-0.45524171,-1.8221395,20.8162556,0.815165877,35.0374184,3.28679991,747.866089,65.8182983,1.28250003,0.0250000004,50,1,0.119999997,0.550000012,0.0133333337
C5_rand_10_r0,0,539,1.5866667,1,4.10829544,3.28679991,0.0192910172,0.00129101775,0.0162950605,0.0114884693,0.0065115313,4.96291494,14,2.5,6.08058023,0,1,0,0,0,-0.45524171,-1.8221395,20.8162556,0.815165877,35.0374184,3.28679991,747.866089,65.8182983,1.28250003,0.0250000004,50,1,0.119999997,0.550000012,0.0133333337
C5_rand_10_r0,0,540,1.60000002,1,3.02263069,3.28679991,0.0192550141,0.00125501433,0.0149449455,0.0139618572,0.00403814251,2.1343596,14,2.5,6.08058023,0,1,0,0,0,-0.45524171,-1.8221395,20.8162556,0.815165877,35.0374184,3.28679991,747.866089,65.8182983,1.28250003,0.0250000004,50,1,0.119999997,0.550000012,0.0133333337
C5_rand_10_r0,0,541,1.61333334,1,4.06595373,3.28679991,0.0194654446,0.00146544527,0.0164375678,0.0116119571,0.00638804259,4.91958141,14,2.5,6.08058023,0,1,0,0,0,-0.45524171,-1.8221395,20.8162556,0.815165877,35.0374184,3.28679991,747.866089,65.8182983,1.28250003,0.0250000004,50,1,0.119999997,0.550000012,0.0133333337
C5_rand_10_r0,0,542,1.62666667,1,2.97279406,3.28679991,0.0194132924,0.0014132933,0.0155315343,0.014109727,0.00389027293,2.0783906,14,2.5,6.08058023,0,1,0,0,0,-0.45524171,-1.8221395,20.8162556,0.815165877,35.0374184,3.28679991,747.866089,65.8182983,1.28250003,0.0250000004,50,1,0.119999997,0.550000012,0.0133333337
C5_rand_10_r0,0,543,1.63999999,1,3.05478954,3.28679991,0.0193401538,0.00134015386,0.0161221251,0.0141010089,0.00389899104,3.12187672,14,2.5,6.08058023,0,1,0,0,0,-0.45524171,-1.8221395,20.8162556,0.815165877,35.0374184,3.28679991,747.866089,65.8182983,1.28250003,0.0250000004,50,1,0.119999997,0.550000012,0.0133333337
C5_rand_10_r0,0,544,1.65333331,1,3.67429924,3.28679991,0.0194356032,0.00143560267,0.0160998367,0.0127954101,0.00520459004,4.18117094,14,2.5,6.08058023,0,1,0,0,0,-0.45524171,-1.8221395,20.8162556,0.815165877,35.0374184,3.28679991,747.866089,65.8182983,1.28250003,0.0250000004,50,1,0.119999997,0.550000012,0.0133333337
C5_rand_10_r0,0,545,1.66666663,1,2.99402833,3.28679991,0.0193701852,0.0013701854,0.0158351045,0.0142367864,0.00376321352,2.43744302,14,2.5,6.08058023,0,1,0,0,0,-0.45524171,-1.8221395,20.8162556,0.815165877,35.0374184,3.28679991,747.866089,65.8182983,1.28250003,0.0250000004,50,1,0.119999997,0.550000012,0.0133333337
C5_rand_10_r0,0,546,1.67999995,1,3.56885958,3.28679991,0.0194376316,0.00143763237,0.0160980392,0.0129445,0.00505549973,4.03917646,14,2.5,6.08058023,0,1,0,0,0,-0.45524171,-1.8221395,20.8162556,0.815165877,35.0374184,3.28679991,747.866089,65.8182983,1.28250003,0.0250000004,50,1,0.119999997,0.550000012,0.0133333337
C5_rand_10_r0,0,547,1.69333339,1,2.95670915,3.28679991,0.0193571821,0.0013571817,0.0157045387,0.0143600255,0.00363997486,2.45585895,14,2.5,6.08058023,0,1,0,0,0,-0.45524171,-1.8221395,20.8162556,0.815165877,35.0374184,3.28679991,747.866089,65.8182983,1.28250003,0.0250000004,50,1,0.119999997,0.550000012,0.0133333337
C5_rand_10_r0,0,548,1.70666671,1,3.52552295,3.28679991,0.0194100849,0.00141008524,0.0162781179,0.0130884144,0.00491158525,3.99091601,14,2.5,6.08058023,0,1,0,0,0,-0.45524171,-1.8221395,20.8162556,0.815165877,35.0374184,3.28679991,747.866089,65.8182983,1.28250003,0.0250000004,50,1,0.119999997,0.550000012,0.0133333337
C5_rand_10_r0,0,549,1.72000003,1,2.92198682,3.28679991,0.0193175655,0.00131756545,0.0157385506,0.0144738266,0.00352617307,2.42818427,14,2.5,6.08058023,0,1,0,0,0,-0.45524171,-1.8221395,20.8162556,0.815165877,35.0374184,3.28679991,747.866089,65.8182983,1.28250003,0.0250000004,50,1,0.119999997,0.550000012,0.0133333337
C5_rand_10_r0,0,550,1.73333335,1,3.48181367,3.28679991,0.019356316,0.00135631592,0.016630169,0.013220422,0.00477957819,3.93985415,14,2.5,6.08058023,0,1,0,0,0,-0.45524171,-1.8221395,20.8162556,0.815165877,35.0374184,3.28679991,747.866089,65.8182983,1.28250003,0.0250000004,50,1,0.119999997,0.550000012,0.0133333337
C5_rand_10_r0,0,551,1.74666667,1,2.89066172,3.28679991,0.0192527361,0.00125273596,0.0159437675,0.0145768989,0.0034231015,2.40699196,14,2.5,6.08058023,0,1,0,0,0,-0.45524171,-1.8221395,20.8162556,0.815165877,35.0374184,3.28679991,747.866089,65.8182983,1.28250003,0.0250000004,50,1,0.119999997,0.550000012,0.0133333337
C5_rand_10_r0,0,552,1.75999999,1,3.44657779,3.28679991,0.0192798562,0.00127985538,0.0171399172,0.0133302193,0.00466978038,3.90141797,14,2.5,6.08058023,0,1,0,0,0,-0.45524171,-1.8221395,20.8162556,0.815165877,35.0374184,3.28679991,747.866089,65.8182983,1.28250003,0.0250000004,50,1,0.119999997,0.550000012,0.0133333337
C5_rand_10_r0,0,553,1.77333331,1,3.41510034,3.28679991,0.0193200149,0.00132001424,0.0163754951,0.0133247739,0.00467522629,3.38934612,14,2.5,6.08058023,0,1,0,0,0,-0.45524171,-1.8221395,20.8162556,0.815165877,35.0374184,3.28679991,747.866089,65.8182983,1.28250003,0.0250000004,50,1,0.119999997,0.550000012,0.0133333337
C5_rand_10_r0,0,554,1.78666663,1,2.47287869,3.28679991,0.0191006176,0.00110061804,0.016750982,0.0155121731,0.00248782686,1.70196998,14,2.5,6.08058023,0,0,0,0,0,-0.45524171,-1.8221395,20.8162556,0.815165877,35.0374184,3.28679991,747.866089,65.8182983,1.28250003,0.0250000004,50,1,0.119999997,0.550000012,0.0133333337
C5_rand_10_r0,0,555,1.79999995,1,3.47704458,3.28679991,0.0191168971,0.00111689779,0.0159993768,0.0134106511,0.00458934857,4.29863501,14,2.5,6.08058023,0,1,0,0,0,-0.45524171,-1.8221395,20.8162556,0.815165877,35.0374184,3.28679991,747.866089,65.8182983,1.28250003,0.0250000004,50,1,0.119999997,0.550000012,0.0133333337
C5_rand_10_r0,0,556,1.81333339,1,2.52835107,3.28679991,0.0189089309,0.000908930844,0.0165183619,0.0155711733,0.00242882711,1.75214732,14,2.5,6.08058023,0,1,0,0,0,-0.45524171,-1.8221395,20.8162556,0.815165877,35.0374184,3.28679991,747.866089,65.8182983,1.28250003,0.0250000004,50,1,0.119999997,0.550000012,0.0133333337
C5_rand_10_r0,0,557,1.82666671,1,3.4640131,3.28679991,0.018923495,0.000923495507,0.0157666355,0.01344267,0.00455733016,4.22955465,14,2.5,6.08058023,0,1,0,0,0,-0.45524171,-1.8221395,20.8162556,0.815165877,35.0374184,3.28679991,747.866089,65.8182983,1.28250003,0.0250000004,50,1,0.119999997,0.550000012,0.0133333337
C5_rand_10_r0,0,558,1.84000003,1,2.52348018,3.28679991,0.0187138896,0.000713889662,0.0164200924,0.0155778136,0.00242218585,1.75395346,14,2.5,6.08058023,0,1,0,0,0,-0.45524171,-1.8221395,20.8162556,0.815165877,35.0374184,3.28679991,747.866089,65.8182983,1.28250003,0.0250000004,50,1,0.119999997,0.550000012,0.0133333337
C5_rand_10_r0,0,559,1.85333335,1,3.47219086,3.28679991,0.0187304523,0.000730452884,0.0156835672,0.0134261129,0.00457388675,4.24840879,14,2.5,6.08058023,0,1,0,0,0,-0.45524171,-1.8221395,20.8162556,0.815165877,35.0374184,3.28679991,747.866089,65.8182983,1.28250003,0.0250000004,50,1,0.119999997,0.550000012,0.0133333337
C5_rand_10_r0,0,560,1.86666667,1,2.53860164,3.28679991,0.0185253806,0.000525380485,0.0164592098,0.015539445,0.00246055447,1.77475572,14,2.5,6.08058023,0,1,0,0,0,-0.45524171,-1.8221395,20.8162556,0.815165877,35.0374184,3.28679991,747.866089,65.8182983,1.28250003,0.0250000004,50,1,0.119999997,0.550000012,0.0133333337
C5_rand_10_r0,0,561,1.88,1,3.49334264,3.28679991,0.0185485743,0.000548574724,0.0157548841,0.0133672943,0.00463270582,4.27449417,14,2.5,6.08058023,0,1,0,0,0,-0.45524171,-1.8221395,20.8162556,0.815165877,35.0374184,3.28679991,747.866089,65.8182983,1.28250003,0.0250000004,50,1,0.119999997,0.550000012,0.0133333337
C5_rand_10_r0,0,562,1.89333332,1,2.48510218,3.28679991,0.018329747,0.000329746574,0.0163946375,0.0156576373,0.00234236359,1.66017807,14,2.5,6.08058023,0,0,0,0,0,-0.45524171,-1.8221395,20.8162556,0.815165877,35.0374184,3.28679991,747.866089,65.8182983,1.28250003,0.0250000004,50,1,0.119999997,0.550000012,0.0133333337
C5_rand_10_r0,0,563,1.90666664,1,3.53574729,3.28679991,0.0183624271,0.000362427207,0.0159828141,0.0132783093,0.00472169043,4.39536572,14,2.5,6.08058023,0,1,0,0,0,-0.45524171,-1.8221395,20.8162556,0.815165877,35.0374184,3.28679991,747.866089,65.8182983,1.28250003,0.0250000004,50,1,0.119999997,0.550000012,0.0133333337
C5_rand_10_r0,0,564,1.91999996,1,2.52672887,3.28679991,0.0181567427,0.000156743117,0.0160105489,0.015552734,0.00244726636,1.70116842,14,2.5,6.08058023,0,1,0,0,0,-0.45524171,-1.8221395,20.8162556,0.815165877,35.0374184,3.28679991,747.866089,65.8182983,1.28250003,0.0250000004,50,1,0.119999997,0.550000012,0.0133333337
C5_rand_10_r0,0,565,1.93333328,1,3.56827974,3.28679991,0.0182006508,0.000200651237,0.0163681731,0.0131753515,0.00482464815,4.42045784,14,2.5,6.08058023,0,1,0,0,0,-0.45524171,-1.8221395,20.8162556,0.815165877,35.0374184,3.28679991,747.866089,65.8182983,1.28250003,0.0250000004,50,1,0.119999997,0.550000012,0.0133333337
C5_rand_10_r0,0,566,1.94666672,1,3.53790236,3.28679991,0.0182777196,0.000277719897,0.015497108,0.0130707147,0.0049292855,3.51304817,14,2.5,6.08058023,0,1,0,0,0,-0.45524171,-1.8221395,20.8162556,0.815165877,35.0374184,3.28679991,747.866089,65.8182983,1.28250003,0.0250000004,50,1,0.119999997,0.550000012,0.0133333337
C5_rand_10_r0,0,567,1.96000004,1,2.58801675,3.28679991,0.0180964582,9.64581996e-05,0.0157358088,0.0151717002,0.00282829953,1.81083763,14,2.5,6.08058023,0,1,0,0,0,-0.45524171,-1.8221395,20.8162556,0.815165877,35.0374184,3.28679991,747.866089,65.8182983,1.28250003,0.0250000004,50,1,0.119999997,0.550000012,0.0133333337
C5_rand_10_r0,0,568,1.97333336,1,3.61504436,3.28679991,0.0181574263,0.000157426912,0.0150094852,0.0129997469,0.00500025274,4.45533991,14,2.5,6.08058023,0,1,0,0,0,-0.45524171,-1.8221395,20.8162556,0.815165877,35.0374184,3.28679991,747.866089,65.8182983,1.28250003,0.0250000004,50,1,0.119999997,0.550000012,0.0133333337
C5_rand_10_r0,0,569,1.98666668,1,2.69016218,3.28679991,0.0180018563,1.85565671e-06,0.0154302893,0.015092779,0.00290722074,1.93344045,14,2.5,6.08058023,0,1,0,0,0,-0.45524171,-1.8221395,20.8162556,0.815165877,35.0374184,3.28679991,747.866089,65.8182983,1.28250003,0.0250000004,50,1,0.119999997,0.550000012,0.0133333337
C5_rand_10_r0,0,570,2,2,3.62886548,3.28679991,0.0180709455,7.09453307e-05,0.01471618,0.0129422368,0.00505776284,4.39689541,14,2.5,6.08058023,0,1,0,0,0,-1.37313247,-2.21120572,20.6157341,0.516587675,3.41119146,3.28679991,747.866089,65.8182983,1.28250003,0.0250000004,50,1,0.119999997,0.550000012,0.0133333337
C5_rand_10_r0,0,571,2.01333332,2,2.71137166,3.28679991,0.0179226194,-7.73809079e-05,0.0153140919,0.0150134536,0.00298654637,1.96069491,14,2.5,6.08058023,0,1,0,0,0,-1.37313247,-2.21120572,20.6157341,0.516587675,3.41119146,3.28679991,747.866089,65.8182983,1.28250003,0.0250000004,50,1,0.119999997,0.550000012,0.0133333337
C5_rand_10_r0,0,572,2.02666664,2,3.64582133,3.28679991,0.0179976262,-2.37380027e-06,0.0146330334,0.0128859617,0.00511403847,4.41037083,14,2.5,6.08058023,1,1,0,1,0,-1.37313247,-2.21120572,20.6157341,0.516587675,3.41119146,3.28679991,747.866089,65.8182983,1.28250003,0.0250000004,50,1,0.119999997,0.550000012,0.0133333337
C5_rand_10_r0,0,573,2.15491676,2,2.73868895,3.28679991,0.0178578738,-0.000142125718,0.0153869186,0.0149343442,0.00306565571,1.99648952,14,2.5,6.08058023,1,1,0,2,0,-1.37313247,-2.21120572,20.6157341,0.516587675,3.41119146,3.28679991,747.866089,65.8182983,1.28250003,0.0250000004,50,1,0.119999997,0.550000012,0.0133333337
C5_rand_10_r0,0,574,2.28316665,2,3.66440129,3.28679991,0.0179394707,-6.05284476e-05,0.0147583671,0.0128253996,0.00517460052,4.42180252,14,2.5,6.08058023,1,1,0,3,0,-1.37313247,-2.21120572,20.6157341,0.516587675,3.41119146,3.28679991,747.866089,65.8182983,1.28250003,0.0250000004,50,1,0.119999997,0.550000012,0.0133333337
C5_rand_10_r0,0,575,2.41141677,2,2.77142668,3.28679991,0.0178099126,-0.000190088147,0.0155773098,0.0148402806,0.00315971905,2.04081106,14,2.5,6.08058023,1,1,0,4,0,-1.37313247,-2.21120572,20.6157341,0.516587675,3.41119146,3.28679991,747.866089,65.8182983,1.28250003,0.0250000004,50,1,0.119999997,0.550000012,0.0133333337
C5_rand_10_r0,0,576,2.53966665,2,3.69090581,3.28679991,0.0179005694,-9.94297952e-05,0.0149129378,0.012742959,0.00525704166,4.44320726,14,2.5,6.08058023,1,1,0,5,0,-1.37313247,-2.21120572,20.6157341,0.516587675,3.41119146,3.28679991,747.866089,65.8182983,1.28250003,0.0250000004,50,1,0.119999997,0.550000012,0.0133333337
C5_rand_10_r0,0,577,2.66791677,2,2.69305372,3.28679991,0.0177507512,-0.00024924957,0.0153423026,0.0150119672,0.0029880323,1.87662935,14,2.5,6.08058023,1,1,0,6,0,-1.37313247,-2.21120572,20.6157341,0.516587675,3.41119146,3.28679991,747.866089,65.8182983,1.28250003,0.0250000004,50,1,0.119999997,0.550000012,0.0133333337
C5_rand_10_r0,0,578,2.79616666,2,3.74722481,3.28679991,0.0178536754,-0.000146323757,0.0149385622,0.0126272794,0.0053727203,4.60972834,14,2.5,6.08058023,1,1,0,7,0,-1.37313247,-2.21120572,20.6157341,0.516587675,3.41119146,3.28679991,747.866089,65.8182983,1.28250003,0.0250000004,50,1,0.119999997,0.550000012,0.0133333337
C5_rand_10_r0,0,579,2.92441678,2,2.73985887,3.28679991,0.0177189019,-0.000281097542,0.015156595,0.0148950126,0.00310498709,1.91565049,14,2.5,6.08058023,1,1,0,8,0,-1.37313247,-2.21120572,20.6157341,0.516587675,3.41119146,3.28679991,747.866089,65.8182983,1.28250003,0.0250000004,50,1,0.119999997,0.550000012,0.0133333337
C5_rand_10_r0,0,580,3.05266666,3,3.78043103,3.28679991,0.0178335607,-0.000166440092,0.0148264831,0.0125183053,0.00548169436,4.63180828,14,2.5,6.08058023,1,1,0,9,0,0.166065067,-7.32419157,23.837492,0.77251184,35.4831238,3.28679991,747.866089,65.8182983,1.28250003,0.0250000004,50,1,0.119999997,0.550000012,0.0133333337
C5_rand_10_r0,0,581,3.18091655,3,2.77790022,3.28679991,0.0177113079,-0.000288691575,0.0150581878,0.0147769079,0.00322309206,1.95764768,14,2.5,6.08058023,1,1,0,10,0,0.166065067,-7.32419157,23.837492,0.77251184,35.4831238,3.28679991,747.866089,65.8182983,1.28250003,0.0250000004,50,1,0.119999997,0.550000012,0.0133333337
C5_rand_10_r0,0,582,3.30916667,3,3.80658746,3.28679991,0.017835319,-0.000164681376,0.0146345897,0.0124302087,0.00556979096,4.64824057,14,2.5,6.08058023,1,1,0,11,0,0.166065067,-7.32419157,23.837492,0.77251184,35.4831238,3.28679991,747.866089,65.8182983,1.28250003,0.0250000004,50,1,0.119999997,0.550000012,0.0133333337
C5_rand_10_r0,0,583,3.43741655,3,2.96581936,3.28679991,0.0177668259,-0.000233174331,0.0149252731,0.0142992754,0.00370072434,2.2779181,14,2.5,6.08058023,1,1,0,12,0,0.166065067,-7.32419157,23.837492,0.77251184,35.4831238,3.28679991,747.866089,65.8182983,1.28250003,0.0250000004,50,1,0.119999997,0.550000012,0.0133333337
C5_rand_10_r0,0,584,3.56566668,3,3.79622984,3.28679991,0.0178969186,-0.000103081533,0.0144437896,0.0123771066,0.00562289311,4.47565651,14,2.5,6.08058023,1,1,0,13,0,0.166065067,-7.32419157,23.837492,0.77251184,35.4831238,3.28679991,747.866089,65.8182983,1.28250003,0.0250000004,50,1,0.119999997,0.550000012,0.0133333337
C5_rand_10_r0,0,585,3.69391656,3,2.98208308,3.28679991,0.0178339574,-0.000166043013,0.0145736253,0.0142162852,0.00378371472,2.31596279,14,2.5,6.08058023,1,1,0,14,0,0.166065067,-7.32419157,23.837492,0.77251184,35.4831238,3.28679991,747.866089,65.8182983,1.28250003,0.0250000004,50,1,0.119999997,0.550000012,0.0133333337
C5_rand_10_r0,0,586,3.82216668,3,3.80000472,3.28679991,0.0179660209,-3.39797043e-05,0.0143429898,0.0123565132,0.00564348698,4.46921349,14,2.5,6.08058023,1,1,0,15,0,0.166065067,-7.32419157,23.837492,0.77251184,35.4831238,3.28679991,747.866089,65.8182983,1.28250003,0.0250000004,50,1,0.119999997,0.550000012,0.0133333337
C5_rand_10_r0,0,587,3.95041656,3,2.99955606,3.28679991,0.0179082416,-9.1759146e-05,0.0142902806,0.0141675305,0.00383246993,2.34464335,14,2.5,6.08058023,1,1,0,16,0,0.166065067,-7.32419157,23.837492,0.77251184,35.4831238,3.28679991,747.866089,65.8182983,1.28250003,0.0250000004,50,1,0.119999997,0.550000012,0.0133333337
C5_rand_10_r0,0,588,4.07866669,4,3.79884887,3.28679991,0.018040847,4.08467349e-05,0.0144219697,0.0123510761,0.0056489245,4.45281553,14,2.5,6.08058023,1,1,0,17,0,0.162244529,-5.96516609,22.3021832,0.440758288,4.32871771,3.28679991,747.866089,65.8182983,1.28250003,0.0250000004,50,1,0.119999997,0.550000012,0.0133333337
C5_rand_10_r0,0,589,4.09200001,4,3.01172781,3.28679991,0.0179865379,-1.34612401e-05,0.0141575113,0.0141338091,0.00386619102,2.36771965,14,2.5,6.08058023,0,1,0,0,0,0.162244529,-5.96516609,22.3021832,0.440758288,4.32871771,3.28679991,747.866089,65.8182983,1.28250003,0.0250000004,50,1,0.119999997,0.550000012,0.0133333337
C5_rand_10_r0,0,590,4.10533333,4,3.809659,3.28679991,0.0181227252,0.000122726065,0.014756456,0.012319779,0.00568022067,4.46251202,14,2.5,6.08058023,1,1,0,1,0,0.162244529,-5.96516609,22.3021832,0.440758288,4.32871771,3.28679991,747.866089,65.8182983,1.28250003,0.0250000004,50,1,0.119999997,0.550000012,0.0133333337
C5_rand_10_r0,0,591,4.11866665,4,3.01777935,3.28679991,0.0180706959,7.06959618e-05,0.0142555619,0.0141120115,0.00388798816,2.36987758,14,2.5,6.08058023,0,1,0,0,0,0.162244529,-5.96516609,22.3021832,0.440758288,4.32871771,3.28679991,747.866089,65.8182983,1.28250003,0.0250000004,50,1,0.119999997,0.550000012,0.0133333337
C5_rand_10_r0,0,592,4.13199997,4,2.90496516,3.28679991,0.0179559588,-4.40409422e-05,0.0149701992,0.0145138269,0.00348617323,2.81266284,14,2.5,6.08058023,0,1,0,0,0,0.162244529,-5.96516609,22.3021832,0.440758288,4.32871771,3.28679991,747.866089,65.8182983,1.28250003,0.0250000004,50,1,0.119999997,0.550000012,0.0133333337
C5_rand_10_r0,0,593,4.14533329,4,3.16107535,3.28679991,0.0179019123,-9.80872865e-05,0.0145639889,0.0140988836,0.00390111632,3.37062001,14,2.5,6.08058023,1,1,0,1,0,0.162244529,-5.96516609,22.3021832,0.440758288,4.32871771,3.28679991,747.866089,65.8182983,1.28250003,0.0250000004,50,1,0.119999997,0.550000012,0.0133333337
C5_rand_10_r0,0,594,4.27358341,4,2.98244214,3.28679991,0.017808361,-0.000191638857,0.0152654387,0.0144928833,0.00350711634,2.83628774,14,2.5,6.08058023,1,1,0,2,0,0.162244529,-5.96516609,22.3021832,0.440758288,4.32871771,3.28679991,747.866089,65.8182983,1.28250003,0.0250000004,50,1,0.119999997,0.550000012,0.0133333337
C5_rand_10_r0,0,595,4.40183353,4,3.16988325,3.28679991,0.0177602917,-0.000239707631,0.0149807809,0.0140503626,0.00394963752,3.32324433,14,2.5,6.08058023,1,1,0,3,0,0.162244529,-5.96516609,22.3021832,0.440758288,4.32871771,3.28679991,747.866089,65.8182983,1.28250003,0.0250000004,50,1,0.119999997,0.550000012,0.0133333337
C5_rand_10_r0,0,596,4.53008318,4,3.10284233,3.28679991,0.0177011825,-0.000298818399,0.0150108114,0.0141782435,0.00382175692,3.0479908,14,2.5,6.08058023,1,1,0,4,0,0.162244529,-5.96516609,22.3021832,0.440758288,4.32871771,3.28679991,747.866089,65.8182983,1.28250003,0.0250000004,50,1,0.119999997,0.550000012,0.0133333337
C5_rand_10_r0,0,597,4.6583333,4,3.18017435,3.28679991,0.0176617112,-0.000338288461,0.0155594731,0.0139752002,0.00402479991,3.24344587,14,2.5,6.08058023,1,1,0,5,0,0.162244529,-5.96516609,22.3021832,0.440758288,4.32871771,3.28679991,747.866089,65.8182983,1.28250003,0.0250000004,50,1,0.119999997,0.550000012,0.0133333337
C5_rand_10_r0,0,598,4.78658342,4,3.11181808,3.28679991,0.0176065266,-0.000393472874,0.014784378,0.0141222747,0.00387772522,3.05589032,14,2.5,6.08058023,1,1,0,6,0,0.162244529,-5.96516609,22.3021832,0.440758288,4.32871771,3.28679991,747.866089,65.8182983,1.28250003,0.0250000004,50,1,0.119999997,0.550000012,0.0133333337
C5_rand_10_r0,0,599,4.91483355,4,2.53349376,3.28679991,0.0173880775,-0.000611922005,0.0159959141,0.0155364703,0.00246353005,2.06031919,14,2.5,6.08058023,1,1,0,7,0,0.162244529,-5.96516609,22.3021832,0.440758288,4.32871771,3.28679991,747.866089,65.8182983,1.28250003,0.0250000004,50,1,0.119999997,0.550000012,0.0133333337
C5_rand_10_r0,0,600,5.04308319,5,3.2557354,3.28679991,0.0173430406,-0.000656959252,0.0148022901,0.0140100028,0.00398999685,3.84666061,14,2.5,6.08058023,1,1,0,8,0,-0.683110595,-2.76834393,20.8823757,0.710900486,8.51850224,3.28679991,747.866089,65.8182983,1.28250003,0.0250000004,50,1,0.119999997,0.550000012,0.0133333337
C5_rand_10_r0,0,601,5.17133331,5,2.74536109,3.28679991,0.0171851348,-0.000814865169,0.0155869508,0.0151252532,0.00287474692,2.32778215,14,2.5,6.08058023,1,1,0,9,0,-0.683110595,-2.76834393,20.8823757,0.710900486,8.51850224,3.28679991,747.866089,65.8182983,1.28250003,0.0250000004,50,1,0.119999997,0.550000012,0.0133333337
C5_rand_10_r0,0,602,5.29958344,5,3.30272675,3.28679991,0.0171632413,-0.0008367587,0.0151499733,0.01380785,0.00419215066,3.75875306,14,2.5,6.08058023,1,1,0,10,0,-0.683110595,-2.76834393,20.8823757,0.710900486,8.51850224,3.28679991,747.866089,65.8182983,1.28250003,0.0250000004,50,1,0.119999997,0.550000012,0.0133333337
C5_rand_10_r0,0,603,5.42783356,5,2.76573849,3.28679991,0.0170148537,-0.000985146966,0.0150835859,0.0150049124,0.00299508753,2.32638431,14,2.5,6.08058023,1,1,0,11,0,-0.683110595,-2.76834393,20.8823757,0.710900486,8.51850224,3.28679991,747.866089,65.8182983,1.28250003,0.0250000004,50,1,0.119999997,0.550000012,0.0133333337
C5_rand_10_r0,0,604,5.5560832,5,2.79388261,3.28679991,0.0168532003,-0.00114679988,0.0152105782,0.0150169656,0.00298303412,2.81690979,14,2.5,6.08058023,1,1,0,12,0,-0.683110595,-2.76834393,20.8823757,0.710900486,8.51850224,3.28679991,747.866089,65.8182983,1.28250003,0.0250000004,50,1,0.119999997,0.550000012,0.0133333337
C5_rand_10_r0,0,605,5.68433332,5,2.90447688,3.28679991,0.0167200565,-0.00127994281,0.0148833171,0.014848928,0.00315107219,2.99496293,14,2.5,6.08058023,1,1,0,13,0,-0.683110595,-2.76834393,20.8823757,0.710900486,8.51850224,3.28679991,747.866089,65.8182983,1.28250003,0.0250000004,50,1,0.119999997,0.550000012,0.0133333337
C5_rand_10_r0,0,606,5.81258345,5,2.93743539,3.28679991,0.0166008212,-0.00139917911,0.0155017367,0.014739247,0.00326075312,2.96440172,14,2.5,6.08058023,1,1,0,14,0,-0.683110595,-2.76834393,20.8823757,0.710900486,8.51850224,3.28679991,747.866089,65.8182983,1.28250003,0.0250000004,50,1,0.119999997,0.550000012,0.0133333337
C5_rand_10_r0,0,607,5.94083357,5,2.964288,3.28679991,0.016491361,-0.0015086385,0.0150119979,0.0146365874,0.00336341304,2.98625803,14,2.5,6.08058023,1,1,0,15,0,-0.683110595,-2.76834393,20.8823757,0.710900486,8.51850224,3.28679991,747.866089,65.8182983,1.28250003,0.0250000004,50,1,0.119999997,0.550000012,0.0133333337
C5_rand_10_r0,0,608,6.06908321,6,3.17215085,3.28679991,0.0164412707,-0.00155872875,0.0142561728,0.0141089903,0.00389101007,3.34222031,14,2.5,6.08058023,1,1,0,16,0,-0.669999957,-10.4090195,28.7604561,0.701421797,1.64083242,3.28679991,747.866089,65.8182983,1.28250003,0.0250000004,50,1,0.119999997,0.550000012,0.0133333337
C5_rand_10_r0,0,609,6.19733334,6,3.34714437,3.28679991,0.0164496861,-0.00155031483,0.0142050488,0.0135974614,0.00440253876,3.49032068,14,2.5,6.08058023,1,1,0,17,0,-0.669999957,-10.4090195,28.7604561,0.701421797,1.64083242,3.28679991,747.866089,65.8182983,1.28250003,0.0250000004,50,1,0.119999997,0.550000012,0.0133333337
C5_rand_10_r0,0,610,6.32558346,6,3.1260879,3.28679991,0.0164064448,-0.00159355474,0.0142763769,0.0140174013,0.00398259936,2.94522357,14,2.5,6.08058023,1,1,0,18,0,-0.669999957,-10.4090195,28.7604561,0.701421797,1.64083242,3.28679991,747.866089,65.8182983,1.28250003,0.0250000004,50,1,0.119999997,0.550000012,0.0133333337
C5_rand_10_r0,0,611,6.4538331,6,3.3449626,3.28679991,0.0164153948,-0.00158460508,0.0142368255,0.0135161988,0.00448380131,3.52404189,14,2.5,6.08058023,1,1,0,19,0,-0.669999957,-10.4090195,28.7604561,0.701421797,1.64083242,3.28679991,747.866089,65.8182983,1.28250003,0.0250000004,50,1,0.119999997,0.550000012,0.0133333337
C5_rand_10_r0,0,612,6.58208323,6,3.00020194,3.28679991,0.0163372755,-0.00166272407,0.0144765712,0.0143182334,0.00368176633,2.71812534,14,2.5,6.08058023,1,1,0,20,0,-0.669999957,-10.4090195,28.7604561,0.701421797,1.64083242,3.28679991,747.866089,65.8182983,1.28250003,0.0250000004,50,1,0.119999997,0.550000012,0.0133333337
C5_rand_10_r0,0,613,6.71033335,6,3.51742744,3.28679991,0.0163883194,-0.00161168072,0.0132778808,0.0131433653,0.00485663489,3.94061184,14,2.5,6.08058023,1,1,0,21,0,-0.669999957,-10.4090195,28.7604561,0.701421797,1.64083242,3.28679991,747.866089,65.8182983,1.28250003,0.0250000004,50,1,0.119999997,0.550000012,0.0133333337
C5_rand_10_r0,0,614,6.83858347,6,3.14121962,3.28679991,0.0163563881,-0.00164361252,0.0143892402,0.013941803,0.00405819761,2.83341312,14,2.5,6.08058023,1,1,0,22,0,-0.669999957,-10.4090195,28.7604561,0.701421797,1.64083242,3.28679991,747.866089,65.8182983,1.28250003,0.0250000004,50,1,0.119999997,0.550000012,0.0133333337
C5_rand_10_r0,0,615,6.96683311,6,3.54335237,3.28679991,0.0164223295,-0.00157766987,0.0137899499,0.0129907234,0.00500927679,3.87237024,14,2.5,6.08058023,1,1,0,23,0,-0.669999957,-10.4090195,28.7604561,0.701421797,1.64083242,3.28679991,747.866089,65.8182983,1.28250003,0.0250000004,50,1,0.119999997,0.550000012,0.0133333337
C5_rand_10_r0,0,616,7.09508324,7,3.28873873,3.28679991,0.0164338592,-0.00156614091,0.0148144308,0.0135328472,0.00446715299,3.08041859,14,2.5,6.08058023,1,1,0,24,0,0.396608233,-10.3916273,29.9133739,1.08056867,4.76501513,3.28679991,747.866089,65.8182983,1.28250003,0.0250000004,50,1,0.119999997,0.550000012,0.0133333337
C5_rand_10_r0,0,617,7.22333336,7,3.5225811,3.28679991,0.0165012758,-0.00149872468,0.0135813942,0.0129731167,0.00502688345,3.71390676,14,2.5,6.08058023,1,1,0,25,0,0.396608233,-10.3916273,29.9133739,1.08056867,4.76501513,3.28679991,747.866089,65.8182983,1.28250003,0.0250000004,50,1,0.119999997,0.550000012,0.0133333337
C5_rand_10_r0,0,618,7.35158348,7,3.36952901,3.28679991,0.0165354908,-0.00146450836,0.0139189009,0.0133059267,0.004694073,3.24430466,14,2.5,6.08058023,1,1,0,26,0,0.396608233,-10.3916273,29.9133739,1.08056867,4.76501513,3.28679991,747.866089,65.8182983,1.28250003,0.0250000004,50,1,0.119999997,0.550000012,0.0133333337
C5_rand_10_r0,0,619,7.47983313,7,3.83484864,3.28679991,0.01669343,-0.0013065699,0.0127090374,0.01218253,0.00581746968,4.21556473,14,2.5,6.08058023,1,1,0,27,0,0.396608233,-10.3916273,29.9133739,1.08056867,4.76501513,3.28679991,747.866089,65.8182983,1.28250003,0.0250000004,50,1,0.119999997,0.550000012,0.0133333337
C5_rand_10_r0,0,620,7.60808325,7,3.4072845,3.28679991,0.0167532209,-0.00124677888,0.0133366073,0.0130777638,0.00492223632,3.05745912,14,2.5,6.08058023,1,1,0,28,0,0.396608233,-10.3916273,29.9133739,1.08056867,4.76501513,3.28679991,747.866089,65.8182983,1.28250003,0.0250000004,50,1,0.119999997,0.550000012,0.0133333337
C5_rand_10_r0,0,621,7.73633337,7,4.62357187,3.28679991,0.0170865543,-0.000913445547,0.0116289295,0.0101712774,0.00782872271,5.61871576,14,2.5,6.08058023,1,1,0,29,0,0.396608233,-10.3916273,29.9133739,1.08056867,4.76501513,3.28679991,747.866089,65.8182983,1.28250003,0.0250000004,50,1,0.119999997,0.550000012,0.0133333337
C5_rand_10_r0,0,622,7.86458349,7,4.60639143,3.28679991,0.0174198877,-0.000580112217,0.0114041343,0.0100992527,0.00790074654,4.59233475,14,2.5,6.08058023,1,1,0,30,0,0.396608233,-10.3916273,29.9133739,1.08056867,4.76501513,3.28679991,747.866089,65.8182983,1.28250003,0.0250000004,50,1,0.119999997,0.550000012,0.0133333337
C5_rand_10_r0,0,623,7.99283314,7,4.63684845,3.28679991,0.0177532211,-0.000246778887,0.0129706701,0.010006411,0.00799358822,4.66176796,14,2.5,6.08058023,1,1,0,31,0,0.396608233,-10.3916273,29.9133739,1.08056867,4.76501513,3.28679991,747.866089,65.8182983,1.28250003,0.0250000004,50,1,0.119999997,0.550000012,0.0133333337
C5_rand_10_r0,0,624,8.12108326,8,4.6916666,3.28679991,0.0180865545,8.65544571e-05,0.0100756027,0.00990646053,0.00809353963,4.73651743,14,2.5,6.08058023,1,1,0,32,0,-0.970678866,-5.60468721,25.2793617,1.02369666,4.57477522,3.28679991,747.866089,65.8182983,1.28250003,0.0250000004,50,1,0.119999997,0.550000012,0.0133333337
C5_rand_10_r0,0,625,8.13441658,8,4.76479864,3.28679991,0.0184198879,0.000419887801,0.0124050267,0.00978863705,0.00821136218,4.8246336,14,2.5,6.08058023,0,1,0,0,0,-0.970678866,-5.60468721,25.2793617,1.02369666,4.57477522,3.28679991,747.866089,65.8182983,1.28250003,0.0250000004,50,1,0.119999997,0.550000012,0.0133333337
C5_rand_10_r0,0,626,8.1477499,8,4.15886736,3.28679991,0.0187176839,0.000717684219,0.0113514941,0.0113417609,0.00665823929,3.66310525,14,2.5,6.08058023,0,1,0,0,0,-0.970678866,-5.60468721,25.2793617,1.02369666,4.57477522,3.28679991,747.866089,65.8182983,1.28250003,0.0250000004,50,1,0.119999997,0.550000012,0.0133333337
C5_rand_10_r0,0,627,8.16108322,8,4.7485981,3.28679991,0.0190510172,0.00105101755,0.011092511,0.00943278149,0.00856721867,5.23110485,14,2.5,6.08058023,0,1,0,0,0,-0.970678866,-5.60468721,25.2793617,1.02369666,4.57477522,3.28679991,747.866089,65.8182983,1.28250003,0.0250000004,50,1,0.119999997,0.550000012,0.0133333337
C5_rand_10_r0,0,628,8.17441654,8,4.23287916,3.28679991,0.0193693731,0.00136937294,0.0111853462,0.0111441016,0.00685589807,3.81092763,14,2.5,6.08058023,0,1,0,0,0,-0.970678866,-5.60468721,25.2793617,1.02369666,4.57477522,3.28679991,747.866089,65.8182983,1.28250003,0.0250000004,50,1,0.119999997,0.550000012,0.0133333337
C5_rand_10_r0,0,629,8.18774986,8,4.67837238,3.28679991,0.0197027065,0.00170270633,0.0109542375,0.00957592111,0.00842407905,5.04286671,14,2.5,6.08058023,0,1,0,0,0,-0.970678866,-5.60468721,25.2793617,1.02369666,4.57477522,3.28679991,747.866089,65.8182983,1.28250003,0.0250000004,50,1,0.119999997,0.550000012,0.0133333337
C5_rand_10_r0,0,630,8.20108318,8,4.81624508,3.28679991,0.0200360399,0.00203603972,0.00969969667,0.00964901876,0.0083509814,4.92904949,14,2.5,6.08058023,0,1,0,0,0,-0.970678866,-5.60468721,25.2793617,1.02369666,4.57477522,3.28679991,747.866089,65.8182983,1.28250003,0.0250000004,50,1,0.119999997,0.550000012,0.0133333337
C5_rand_10_r0,0,631,8.2144165,8,4.75675631,3.28679991,0.0203693733,0.00236937287,0.0111533888,0.00994448084,0.00805551931,4.70808363,14,2.5,6.08058023,0,1,0,0,0,-0.970678866,-5.60468721,25.2793617,1.02369666,4.57477522,3.28679991,747.866089,65.8182983,1.28250003,0.0250000004,50,1,0.119999997,0.550000012,0.0133333337
C5_rand_10_r0,0,632,8.22774982,8,4.71146441,3.28679991,0.0207027066,0.00270270626,0.0101901237,0.00998951029,0.00801048893,4.67440748,14,2.5,6.08058023,0,1,0,0,0,-0.970678866,-5.60468721,25.2793617,1.02369666,4.57477522,3.28679991,747.866089,65.8182983,1.28250003,0.0250000004,50,1,0.119999997,0.550000012,0.0133333337
C5_rand_10_r0,0,633,8.24108315,8,4.59162092,3.28679991,0.02103604,0.00303603965,0.0111953793,0.0102313189,0.00776868081,4.49356699,14,2.5,6.08058023,0,1,0,0,0,-0.970678866,-5.60468721,25.2793617,1.02369666,4.57477522,3.28679991,747.866089,65.8182983,1.28250003,0.0250000004,50,1,0.119999997,0.550000012,0.0133333337
C5_rand_10_r0,0,634,8.25441647,8,4.41241074,3.28679991,0.0213693734,0.00336937304,0.0110559752,0.0105358958,0.00746410433,4.26578474,14,2.5,6.08058023,0,1,0,0,0,-0.970678866,-5.60468721,25.2793617,1.02369666,4.57477522,3.28679991,747.866089,65.8182983,1.28250003,0.0250000004,50,1,0.119999997,0.550000012,0.0133333337
C5_rand_10_r0,0,635,8.26774979,8,4.32560635,3.28679991,0.0217027068,0.00370270619,0.0107852546,0.0105508724,0.00744912773,4.25458384,14,2.5,6.08058023,0,1,0,0,0,-0.970678866,-5.60468721,25.2793617,1.02369666,4.57477522,3.28679991,747.866089,65.8182983,1.28250003,0.0250000004,50,1,0.119999997,0.550000012,0.0133333337
C5_rand_10_r0,0,636,8.28108311,8,4.32510376,3.28679991,0.0220360402,0.00403603958,0.010745829,0.0104571274,0.0075428728,4.32469273,14,2.5,6.08058023,0,1,0,0,0,-0.970678866,-5.60468721,25.2793617,1.02369666,4.57477522,3.28679991,747.866089,65.8182983,1.28250003,0.0250000004,50,1,0.119999997,0.550000012,0.0133333337
C5_rand_10_r0,0,637,8.29441643,8,4.06590652,3.28679991,0.0223080143,0.00430801371,0.0114401774,0.0110867275,0.0069132722,3.85383606,14,2.5,6.08058023,0,1,0,0,0,-0.970678866,-5.60468721,25.2793617,1.02369666,4.57477522,3.28679991,747.866089,65.8182983,1.28250003,0.0250000004,50,1,0.119999997,0.550000012,0.0133333337
C5_rand_10_r0,0,638,8.30774975,8,3.98300171,3.28679991,0.0225467328,0.00454673218,0.0120298704,0.0113287224,0.00667127781,3.91517067,14,2.5,6.08058023,0,1,0,0,0,-0.970678866,-5.60468721,25.2793617,1.02369666,4.57477522,3.28679991,747.866089,65.8182983,1.28250003,0.0250000004,50,1,0.119999997,0.550000012,0.0133333337
C5_rand_10_r0,0,639,8.32108307,8,3.85893273,3.28679991,0.0227454435,0.00474544428,0.0122796632,0.0117152594,0.00628474029,3.75742197,14,2.5,6.08058023,0,1,0,0,0,-0.970678866,-5.60468721,25.2793617,1.02369666,4.57477522,3.28679991,747.866089,65.8182983,1.28250003,0.0250000004,50,1,0.119999997,0.550000012,0.0133333337
C5_rand_10_r0,0,640,8.33441639,8,4.72747374,3.28679991,0.0230787769,0.00507877767,0.011603958,0.00967921596,0.0083207842,5.43809843,14,2.5,6.08058023,0,1,0,0,0,-0.970678866,-5.60468721,25.2793617,1.02369666,4.57477522,3.28679991,747.866089,65.8182983,1.28250003,0.0250000004,50,1,0.119999997,0.550000012,0.0133333337
C5_rand_10_r0,0,641,8.34774971,8,3.58005333,3.28679991,0.0232157931,0.00521579245,0.0129442196,0.0127081163,0.00529188383,2.64125466,14,2.5,6.08058023,0,1,0,0,0,-0.970678866,-5.60468721,25.2793617,1.02369666,4.57477522,3.28679991,747.866089,65.8182983,1.28250003,0.0250000004,50,1,0.119999997,0.550000012,0.0133333337
C5_rand_10_r0,0,642,8.36108303,8,4.29698086,3.28679991,0.0235192347,0.00551923411,0.0114647662,0.0107465051,0.00725349505,4.88355827,14,2.5,6.08058023,0,1,0,0,0,-0.970678866,-5.60468721,25.2793617,1.02369666,4.57477522,3.28679991,747.866089,65.8182983,1.28250003,0.0250000004,50,1,0.119999997,0.550000012,0.0133333337
C5_rand_10_r0,0,643,8.37441635,8,4.10839939,3.28679991,0.0237980299,0.00579802971,0.0125581287,0.0111104958,0.00688950391,3.95410562,14,2.5,6.08058023,0,1,0,0,0,-0.970678866,-5.60468721,25.2793617,1.02369666,4.57477522,3.28679991,747.866089,65.8182983,1.28250003,0.0250000004,50,1,0.119999997,0.550000012,0.0133333337
C5_rand_10_r0,0,644,8.38774967,8,3.76622844,3.28679991,0.0239776708,0.0059776702,0.0142320022,0.0118661989,0.00613380084,3.48627019,14,2.5,6.08058023,0,1,0,0,0,-0.970678866,-5.60468721,25.2793617,1.02369666,4.57477522,3.28679991,747.866089,65.8182983,1.28250003,0.0250000004,50,1,0.119999997,0.550000012,0.0133333337
C5_rand_10_r0,0,645,8.40108299,8,3.67209697,3.28679991,0.0241146367,0.00611463701,0.012252125,0.0122442935,0.00575570716,3.59508014,14,2.5,6.08058023,0,1,0,0,0,-0.970678866,-5.60468721,25.2793617,1.02369666,4.57477522,3.28679991,747.866089,65.8182983,1.28250003,0.0250000004,50,1,0.119999997,0.550000012,0.0133333337
C5_rand_10_r0,0,646,8.41441631,8,3.54338598,3.28679991,0.0242087394,0.00620873878,0.0146676758,0.0126795648,0.00532043539,3.43807721,14,2.5,6.08058023,0,1,0,0,0,-0.970678866,-5.60468721,25.2793617,1.02369666,4.57477522,3.28679991,747.866089,65.8182983,1.28250003,0.0250000004,50,1,0.119999997,0.550000012,0.0133333337
C5_rand_10_r0,0,647,8.42774963,8,3.28796148,3.28679991,0.0242247451,0.00622474495,0.0145264333,0.01338608,0.00461392011,3.07897758,14,2.5,6.08058023,0,1,0,0,0,-0.970678866,-5.60468721,25.2793617,1.02369666,4.57477522,3.28679991,747.866089,65.8182983,1.28250003,0.0250000004,50,1,0.119999997,0.550000012,0.0133333337
C5_rand_10_r0,0,648,8.44108295,8,3.17448473,3.28679991,0.024196215,0.00619621435,0.0140309595,0.0137949018,0.00420509838,3.08164048,14,2.5,6.08058023,0,1,0,0,0,-0.970678866,-5.60468721,25.2793617,1.02369666,4.57477522,3.28679991,747.866089,65.8182983,1.28250003,0.0250000004,50,1,0.119999997,0.550000012,0.0133333337
C5_rand_10_r0,0,649,8.45441628,8,3.04266953,3.28679991,0.0241236445,0.00612364477,0.0171233136,0.0142263975,0.00377360219,2.93482065,14,2.5,6.08058023,0,1,0,0,0,-0.970678866,-5.60468721,25.2793617,1.02369666,4.57477522,3.28679991,747.866089,65.8182983,1.28250003,0.0250000004,50,1,0.119999997,0.550000012,0.0133333337
C5_rand_10_r0,0,650,8.4677496,8,2.82135773,3.28679991,0.0239822604,0.00598226069,0.0154900458,0.0148527762,0.0031472235,2.64028454,14,2.5,6.08058023,0,1,0,0,0,-0.970678866,-5.60468721,25.2793617,1.02369666,4.57477522,3.28679991,747.866089,65.8182983,1.28250003,0.0250000004,50,1,0.119999997,0.550000012,0.0133333337
C5_rand_10_r0,0,651,8.48108292,8,2.72494078,3.28679991,0.023802625,0.00580262439,0.0160436146,0.0152084399,0.00279156049,2.64605427,14,2.5,6.08058023,0,1,0,0,0,-0.970678866,-5.60468721,25.2793617,1.02369666,4.57477522,3.28679991,747.866089,65.8182983,1.28250003,0.0250000004,50,1,0.119999997,0.550000012,0.0133333337
C5_rand_10_r0,0,652,8.49441624,8,2.10387444,3.28679991,0.0234692916,0.00546929101,0.0176162329,0.0168148559,0.00118514406,1.59572947,14,2.5,6.08058023,0,0,0,0,0,-0.970678866,-5.60468721,25.2793617,1.02369666,4.57477522,3.28679991,747.866089,65.8182983,1.28250003,0.0250000004,50,1,0.119999997,0.550000012,0.0133333337
C5_rand_10_r0,0,653,8.50774956,8,2.46648455,3.28679991,0.0231858697,0.00518587045,0.0165875852,0.0160654299,0.00193457003,2.76316524,14,2.5,6.08058023,0,0,0,0,0,-0.970678866,-5.60468721,25.2793617,1.02369666,4.57477522,3.28679991,747.866089,65.8182983,1.28250003,0.0250000004,50,1,0.119999997,0.550000012,0.0133333337
C5_rand_10_r0,0,654,8.52108288,8,2.42459631,3.28679991,0.0228991322,0.00489913253,0.0179249439,0.0163004082,0.00169959152,2.39032412,14,2.5,6.08058023,0,0,0,0,0,-0.970678866,-5.60468721,25.2793617,1.02369666,4.57477522,3.28679991,747.866089,65.8182983,1.28250003,0.0250000004,50,1,0.119999997,0.550000012,0.0133333337
C5_rand_10_r0,0,655,8.5344162,8,1.81214917,3.28679991,0.0225657988,0.00456579914,0.0179277118,0.0177610535,0.000238946814,1.31105614,14,2.5,6.08058023,0,0,0,0,0,-0.970678866,-5.60468721,25.2793617,1.02369666,4.57477522,3.28679991,747.866089,65.8182983,1.28250003,0.0250000004,50,1,0.119999997,0.550000012,0.0133333337
C5_rand_10_r0,0,656,8.54775047,8,1.99719954,3.28679991,0.0222324654,0.00423246576,0.0175567791,0.0168871824,0.00111281744,2.14860439,14,2.5,6.08058023,0,0,0,0,0,-0.970678866,-5.60468721,25.2793617,1.02369666,4.57477522,3.28679991,747.866089,65.8182983,1.28250003,0.0250000004,50,1,0.119999997,0.550000012,0.0133333337
C5_rand_10_r0,0,657,8.56108379,8,1.6227411,3.28679991,0.0218991321,0.00389913237,0.0183692202,0.0182078332,0,1.31636596,14,2.5,6.08058023,0,0,0,0,0,-0.970678866,-5.60468721,25.2793617,1.02369666,4.57477522,3.28679991,747.866089,65.8182983,1.28250003,0.0250000004,50,1,0.119999997,0.550000012,0.0133333337
C5_rand_10_r0,0,658,8.57441711,8,1.45423484,3.28679991,0.0215657987,0.00356579898,0.018331144,0.0182927661,0,1.31636596,14,2.5,6.08058023,0,0,0,0,0,-0.970678866,-5.60468721,25.2793617,1.02369666,4.57477522,3.28679991,747.866089,65.8182983,1.28250003,0.0250000004,50,1,0.119999997,0.550000012,0.0133333337
C5_rand_10_r0,0,659,8.58775043,8,1.66516972,3.28679991,0.0212324653,0.00323246582,0.0183874313,0.0173028335,0.00069716596,1.83775282,14,2.5,6.08058023,0,0,0,0,0,-0.970678866,-5.60468721,25.2793617,1.02369666,4.57477522,3.28679991,747.866089,65.8182983,1.28250003,0.0250000004,50,1,0.119999997,0.550000012,0.0133333337
C5_rand_10_r0,0,660,8.60108376,8,1.47332764,3.28679991,0.0208991319,0.00289913244,0.0188482348,0.0185064171,0,1.31636596,14,2.5,6.08058023,0,0,0,0,0,-0.970678866,-5.60468721,25.2793617,1.02369666,4.57477522,3.28679991,747.866089,65.8182983,1.28250003,0.0250000004,50,1,0.119999997,0.550000012,0.0133333337
C5_rand_10_r0,0,661,8.61441708,8,1.53892028,3.28679991,0.0205657985,0.00256579905,0.0177847296,0.0176306553,0.000369345536,1.59258699,14,2.5,6.08058023,0,0,0,0,0,-0.970678866,-5.60468721,25.2793617,1.02369666,4.57477522,3.28679991,747.866089,65.8182983,1.28250003,0.0250000004,50,1,0.119999997,0.550000012,0.0133333337
C5_rand_10_r0,0,662,8.6277504,8,1.41651547,3.28679991,0.0202324651,0.00223246566,0.0184861273,0.0184500292,0,1.31636596,14,2.5,6.08058023,0,0,0,0,0,-0.970678866,-5.60468721,25.2793617,1.02369666,4.57477522,3.28679991,747.866089,65.8182983,1.28250003,0.0250000004,50,1,0.119999997,0.550000012,0.0133333337
C5_rand_10_r0,0,663,8.64108372,8,1.5699743,3.28679991,0.0198991317,0.00189913239,0.0180138871,0.017493004,0.000506996468,1.69553149,14,2.5,6.08058023,0,0,0,0,0,-0.970678866,-5.60468721,25.2793617,1.02369666,4.57477522,3.28679991,747.866089,65.8182983,1.28250003,0.0250000004,50,1,0.119999997,0.550000012,0.0133333337
C5_rand_10_r0,0,664,8.65441704,8,1.77219117,3.28679991,0.0195657983,0.001565799,0.0176655315,0.0171692688,0.000830730656,1.93764126,14,2.5,6.08058023,0,0,0,0,0,-0.970678866,-5.60468721,25.2793617,1.02369666,4.57477522,3.28679991,747.866089,65.8182983,1.28250003,0.0250000004,50,1,0.119999997,0.550000012,0.0133333337
C5_rand_10_r0,0,665,8.66775036,8,1.54263115,3.28679991,0.019232465,0.00123246573,0.0180677362,0.0179485958,5.14039166e-05,1.35480928,14,2.5,6.08058023,0,0,0,0,0,-0.970678866,-5.60468721,25.2793617,1.02369666,4.57477522,3.28679991,747.866089,65.8182983,1.28250003,0.0250000004,50,1,0.119999997,0.550000012,0.0133333337
C5_rand_10_r0,0,666,8.68108368,8,1.89383876,3.28679991,0.0188991316,0.000899132399,0.0168876927,0.0168436114,0.00115638936,2.18119049,14,2.5,6.08058023,0,0,0,0,0,-0.970678866,-5.60468721,25.2793617,1.02369666,4.57477522,3.28679991,747.866089,65.8182983,1.28250003,0.0250000004,50,1,0.119999997,0.550000012,0.0133333337
C5_rand_10_r0,0,667,8.694417,8,1.83520639,3.28679991,0.0185657982,0.00056579907,0.0176187996,0.0173703842,0.000629616086,1.78723454,14,2.5,6.08058023,0,0,0,0,0,-0.970678866,-5.60468721,25.2793617,1.02369666,4.57477522,3.28679991,747.866089,65.8182983,1.28250003,0.0250000004,50,1,0.119999997,0.550000012,0.0133333337
C5_rand_10_r0,0,668,8.70775032,8,2.19812989,3.28679991,0.0182324648,0.000232465711,0.0169161446,0.0164239146,0.00157608604,2.49506736,14,2.5,6.08058023,0,0,0,0,0,-0.970678866,-5.60468721,25.2793617,1.02369666,4.57477522,3.28679991,747.866089,65.8182983,1.28250003,0.0250000004,50,1,0.119999997,0.550000012,0.0133333337
C5_rand_10_r0,0,669,8.72108364,8,2.34503222,3.28679991,0.0179153085,-8.46919793e-05,0.0168614835,0.0164638162,0.00153618294,2.46522522,14,2.5,6.08058023,0,0,0,0,0,-0.970678866,-5.60468721,25.2793617,1.02369666,4.57477522,3.28679991,747.866089,65.8182983,1.28250003,0.0250000004,50,1,0.119999997,0.550000012,0.0133333337
C5_rand_10_r0,0,670,8.73441696,8,2.37449336,3.28679991,0.01760903,-0.000390970119,0.0171721205,0.0164674912,0.00153250818,2.39859772,14,2.5,6.08058023,0,0,0,0,0,-0.970678866,-5.60468721,25.2793617,1.02369666,4.57477522,3.28679991,747.866089,65.8182983,1.28250003,0.0250000004,50,1,0.119999997,0.550000012,0.0133333337
C5_rand_10_r0,0,671,8.74775028,8,2.76719117,3.28679991,0.0174136478,-0.000586352253,0.0159865674,0.0154875619,0.00251243776,3.08848953,14,2.5,6.08058023,1,1,0,1,0,-0.970678866,-5.60468721,25.2793617,1.02369666,4.57477522,3.28679991,747.866089,65.8182983,1.28250003,0.0250000004,50,1,0.119999997,0.550000012,0.0133333337
C5_rand_10_r0,0,672,8.8760004,8,2.59734488,3.28679991,0.0171895679,-0.000810431316,0.0161922872,0.0157445204,0.00225547911,2.45837951,14,2.5,6.08058023,1,1,0,2,0,-0.970678866,-5.60468721,25.2793617,1.02369666,4.57477522,3.28679991,747.866089,65.8182983,1.28250003,0.0250000004,50,1,0.119999997,0.550000012,0.0133333337
C5_rand_10_r0,0,673,9.00424957,9,2.92581272,3.28679991,0.0170519482,-0.000948052038,0.015213144,0.0149116814,0.00308831898,3.1945591,14,2.5,6.08058023,1,1,0,3,0,7.90265465,-0.981763959,29.8531094,0.976303339,48.6450272,3.28679991,747.866089,65.8182983,1.28250003,0.0250000004,50,1,0.119999997,0.550000012,0.0133333337
C5_rand_10_r0,0,674,9.13249969,9,2.80544496,3.28679991,0.0168953016,-0.00110469852,0.0151454713,0.0151071232,0.00289287698,2.70696235,14,2.5,6.08058023,1,1,0,4,0,7.90265465,-0.981763959,29.8531094,0.976303339,48.6450272,3.28679991,747.866089,65.8182983,1.28250003,0.0250000004,50,1,0.119999997,0.550000012,0.0133333337
C5_rand_10_r0,0,675,9.26074982,9,3.17761207,3.28679991,0.0168388635,-0.00116113632,0.0145320538,0.0141711058,0.00382889388,3.48211217,14,2.5,6.08058023,1,1,0,5,0,7.90265465,-0.981763959,29.8531094,0.976303339,48.6450272,3.28679991,747.866089,65.8182983,1.28250003,0.0250000004,50,1,0.119999997,0.550000012,0.0133333337
C5_rand_10_r0,0,676,9.38899994,9,2.93832684,3.28679991,0.0167326592,-0.00126734073,0.0148573639,0.0146308541,0.00336914556,2.74254799,14,2.5,6.08058023,1,1,0,6,0,7.90265465,-0.981763959,29.8531094,0.976303339,48.6450272,3.28679991,747.866089,65.8182983,1.28250003,0.0250000004,50,1,0.119999997,0.550000012,0.0133333337
C5_rand_10_r0,0,677,9.51725006,9,3.38186884,3.28679991,0.0167413671,-0.00125863345,0.0141633023,0.0135535421,0.00444645807,3.74476695,14,2.5,6.08058023,1,1,0,7,0,7.90265465,-0.981763959,29.8531094,0.976303339,48.6450272,3.28679991,747.866089,65.8182983,1.28250003,0.0250000004,50,1,0.119999997,0.550000012,0.0133333337
C5_rand_10_r0,0,678,9.64550018,9,3.39111423,3.28679991,0.0167717934,-0.00122820598,0.0146441329,0.0134095196,0.00459048059,3.39867878,14,2.5,6.08058023,1,1,0,8,0,7.90265465,-0.981763959,29.8531094,0.976303339,48.6450272,3.28679991,747.866089,65.8182983,1.28250003,0.0250000004,50,1,0.119999997,0.550000012,0.0133333337
C5_rand_10_r0,0,679,9.77375031,9,3.15830636,3.28679991,0.0167411733,-0.00125882751,0.014388348,0.013870935,0.0041290652,2.96782684,14,2.5,6.08058023,1,1,0,9,0,7.90265465,-0.981763959,29.8531094,0.976303339,48.6450272,3.28679991,747.866089,65.8182983,1.28250003,0.0250000004,50,1,0.119999997,0.550000012,0.0133333337
C5_rand_10_r0,0,680,9.90200043,9,3.59461546,3.28679991,0.0168215726,-0.00117842678,0.0141886305,0.0128778685,0.0051221312,3.95159554,14,2.5,6.08058023,1,1,0,10,0,7.90265465,-0.981763959,29.8531094,0.976303339,48.6450272,3.28679991,747.866089,65.8182983,1.28250003,0.0250000004,50,1,0.119999997,0.550000012,0.0133333337
C5_rand_10_r0,0,681,10.0302496,10,3.25043964,3.28679991,0.0168248732,-0.00117512676,0.0136159807,0.0136056952,0.00439430447,2.96884108,14,2.5,6.08058023,1,1,0,11,0,8.52555466,-1.96407807,27.6522503,0.976303339,0.480177373,3.28679991,747.866089,65.8182983,1.28250003,0.0250000004,50,1,0.119999997,0.550000012,0.0133333337
C5_rand_10_r0,0,682,10.1584997,10,3.05243063,3.28679991,0.0167603213,-0.0012396794,0.0141580449,0.0141176805,0.00388231943,2.89042306,14,2.5,6.08058023,1,1,0,12,0,8.52555466,-1.96407807,27.6522503,0.976303339,0.480177373,3.28679991,747.866089,65.8182983,1.28250003,0.0250000004,50,1,0.119999997,0.550000012,0.0133333337
C5_rand_10_r0,0,683,10.2867498,10,4.37796974,3.28679991,0.0170526654,-0.000947335502,0.0136789847,0.0110367518,0.0069632479,5.46250153,14,2.5,6.08058023,1,1,0,13,0,8.52555466,-1.96407807,27.6522503,0.976303339,0.480177373,3.28679991,747.866089,65.8182983,1.28250003,0.0250000004,50,1,0.119999997,0.550000012,0.0133333337
C5_rand_10_r0,0,684,10.415,10,3.4672873,3.28679991,0.0171515234,-0.000848476193,0.0132262949,0.0128163472,0.00518365297,2.72218347,14,2.5,6.08058023,1,1,0,14,0,8.52555466,-1.96407807,27.6522503,0.976303339,0.480177373,3.28679991,747.866089,65.8182983,1.28250003,0.0250000004,50,1,0.119999997,0.550000012,0.0133333337
C5_rand_10_r0,0,685,10.5432501,10,4.27496481,3.28679991,0.0174424909,-0.000557509309,0.0125621194,0.0108781401,0.00712185958,4.93579245,14,2.5,6.08058023,1,1,0,15,0,8.52555466,-1.96407807,27.6522503,0.976303339,0.480177373,3.28679991,747.866089,65.8182983,1.28250003,0.0250000004,50,1,0.119999997,0.550000012,0.0133333337
C5_rand_10_r0,0,686,10.6715002,10,4.1924324,3.28679991,0.01774255,-0.000257450243,0.012816607,0.0109479856,0.00705201458,4.12490606,14,2.5,6.08058023,1,1,0,16,0,8.52555466,-1.96407807,27.6522503,0.976303339,0.480177373,3.28679991,747.866089,65.8182983,1.28250003,0.0250000004,50,1,0.119999997,0.550000012,0.0133333337
C5_rand_10_r0,0,687,10.7997503,10,4.20591593,3.28679991,0.0180478692,4.78696129e-05,0.0127815045,0.0107769016,0.00722309854,4.21694803,14,2.5,6.08058023,1,1,0,17,0,8.52555466,-1.96407807,27.6522503,0.976303339,0.480177373,3.28679991,747.866089,65.8182983,1.28250003,0.0250000004,50,1,0.119999997,0.550000012,0.0133333337
C5_rand_10_r0,0,688,10.8130836,10,4.14611101,3.28679991,0.0183374546,0.000337453734,0.0113695143,0.0109092686,0.00709073106,4.09717941,14,2.5,6.08058023,0,1,0,0,0,8.52555466,-1.96407807,27.6522503,0.976303339,0.480177373,3.28679991,747.866089,65.8182983,1.28250003,0.0250000004,50,1,0.119999997,0.550000012,0.0133333337
C5_rand_10_r0,0,689,10.826417,10,3.96677542,3.28679991,0.0185745992,0.000574599835,0.0125013059,0.0113629261,0.00663707359,3.82004642,14,2.5,6.08058023,0,1,0,0,0,8.52555466,-1.96407807,27.6522503,0.976303339,0.480177373,3.28679991,747.866089,65.8182983,1.28250003,0.0250000004,50,1,0.119999997,0.550000012,0.0133333337
C5_rand_10_r0,0,690,10.8397503,10,4.17392969,3.28679991,0.0188605487,0.000860549102,0.0110137286,0.0109400023,0.00705999788,4.34342003,14,2.5,6.08058023,0,1,0,0,0,8.52555466,-1.96407807,27.6522503,0.976303339,0.480177373,3.28679991,747.866089,65.8182983,1.28250003,0.0250000004,50,1,0.119999997,0.550000012,0.0133333337
C5_rand_10_r0,0,691,10.8530836,10,3.93971181,3.28679991,0.0190895721,0.00108957174,0.01218786,0.0114783505,0.00652164966,3.74807882,14,2.5,6.08058023,0,1,0,0,0,8.52555466,-1.96407807,27.6522503,0.976303339,0.480177373,3.28679991,747.866089,65.8182983,1.28250003,0.0250000004,50,1,0.119999997,0.550000012,0.0133333337
C5_rand_10_r0,0,692,10.8664169,10,4.12518549,3.28679991,0.0193606261,0.00136062701,0.0113468887,0.0110717947,0.00692820502,4.27693701,14,2.5,6.08058023,0,1,0,0,0,8.52555466,-1.96407807,27.6522503,0.976303339,0.480177373,3.28679991,747.866089,65.8182983,1.28250003,0.0250000004,50,1,0.119999997,0.550000012,0.0133333337
C5_rand_10_r0,0,693,10.8797503,10,3.85331464,3.28679991,0.0195631683,0.00156316813,0.0121315671,0.0117137162,0.00628628395,3.63087463,14,2.5,6.08058023,0,1,0,0,0,8.52555466,-1.96407807,27.6522503,0.976303339,0.480177373,3.28679991,747.866089,65.8182983,1.28250003,0.0250000004,50,1,0.119999997,0.550000012,0.0133333337
C5_rand_10_r0,0,694,10.8930836,10,4.04673719,3.28679991,0.0198080186,0.00180801854,0.0121491719,0.0113078309,0.00669216877,4.20499182,14,2.5,6.08058023,0,1,0,0,0,8.52555466,-1.96407807,27.6522503,0.976303339,0.480177373,3.28679991,747.866089,65.8182983,1.28250003,0.0250000004,50,1,0.119999997,0.550000012,0.0133333337
C5_rand_10_r0,0,695,10.9064169,10,3.73531294,3.28679991,0.019973414,0.00197341386,0.012275584,0.012053147,0.00594685273,3.48051119,14,2.5,6.08058023,0,1,0,0,0,8.52555466,-1.96407807,27.6522503,0.976303339,0.480177373,3.28679991,747.866089,65.8182983,1.28250003,0.0250000004,50,1,0.119999997,0.550000012,0.0133333337
C5_rand_10_r0,0,696,10.9197502,10,3.94103432,3.28679991,0.020182712,0.00218271161,0.0132179772,0.0116318623,0.00636813743,4.10935211,14,2.5,6.08058023,0,1,0,0,0,8.52555466,-1.96407807,27.6522503,0.976303339,0.480177373,3.28679991,747.866089,65.8182983,1.28250003,0.0250000004,50,1,0.119999997,0.550000012,0.0133333337
C5_rand_10_r0,0,697,10.9330835,10,3.59664488,3.28679991,0.0203036629,0.00230366248,0.0125695271,0.0124623664,0.00553763378,3.31487179,14,2.5,6.08058023,0,1,0,0,0,8.52555466,-1.96407807,27.6522503,0.976303339,0.480177373,3.28679991,747.866089,65.8182983,1.28250003,0.0250000004,50,1,0.119999997,0.550000012,0.0133333337
C5_rand_10_r0,0,698,10.9464169,10,3.25936866,3.28679991,0.0203162003,0.00231620111,0.0138159487,0.0133720823,0.00462791743,2.98341537,14,2.5,6.08058023,0,1,0,0,0,8.52555466,-1.96407807,27.6522503,0.976303339,0.480177373,3.28679991,747.866089,65.8182983,1.28250003,0.0250000004,50,1,0.119999997,0.550000012,0.0133333337
C5_rand_10_r0,0,699,10.9597502,10,3.54190421,3.28679991,0.0203891527,0.00238915323,0.0129600242,0.0128886756,0.00511132414,3.77306962,14,2.5,6.08058023,0,1,0,0,0,8.52555466,-1.96407807,27.6522503,0.976303339,0.480177373,3.28679991,747.866089,65.8182983,1.28250003,0.0250000004,50,1,0.119999997,0.550000012,0.0133333337
C5_rand_10_r0,0,700,10.9730835,10,3.19087195,3.28679991,0.020374665,0.00237466511,0.0140165351,0.0137321791,0.00426782062,2.90366364,14,2.5,6.08058023,0,1,0,0,0,8.52555466,-1.96407807,27.6522503,0.976303339,0.480177373,3.28679991,747.866089,65.8182983,1.28250003,0.0250000004,50,1,0.119999997,0.550000012,0.0133333337
C5_rand_10_r0,0,701,10.9864168,10,3.40504193,3.28679991,0.0204050951,0.00240509538,0.0134026045,0.0132891871,0.00471081305,3.58027196,14,2.5,6.08058023,0,1,0,0,0,8.52555466,-1.96407807,27.6522503,0.976303339,0.480177373,3.28679991,747.866089,65.8182983,1.28250003,0.0250000004,50,1,0.119999997,0.550000012,0.0133333337
C5_rand_10_r0,0,702,10.9997501,10,3.08582401,3.28679991,0.0203543399,0.00235434039,0.0143424422,0.014062373,0.00393762719,2.82464552,14,2.5,6.08058023,0,1,0,0,0,8.52555466,-1.96407807,27.6522503,0.976303339,0.480177373,3.28679991,747.866089,65.8182983,1.28250003,0.0250000004,50,1,0.119999997,0.550000012,0.0133333337
C5_rand_10_r0,0,703,11.0130835,11,3.29209685,3.28679991,0.0203473531,0.00234735268,0.0138869472,0.0136403572,0.00435964298,3.46086574,14,2.5,6.08058023,0,1,0,0,0,6.01488733,0.591226816,27.6382675,1.06161141,1.38903308,3.28679991,747.866089,65.8182983,1.28250003,0.0250000004,50,1,0.119999997,0.550000012,0.0133333337
C5_rand_10_r0,0,704,11.0264168,11,3.00286102,3.28679991,0.0202673152,0.00226731622,0.0147427898,0.0143380901,0.00366190961,2.76621342,14,2.5,6.08058023,0,1,0,0,0,6.01488733,0.591226816,27.6382675,1.06161141,1.38903308,3.28679991,747.866089,65.8182983,1.28250003,0.0250000004,50,1,0.119999997,0.550000012,0.0133333337
C5_rand_10_r0,0,705,11.0397501,11,3.20073295,3.28679991,0.0202300698,0.00223006913,0.0144184111,0.0139263347,0.00407366501,3.36262822,14,2.5,6.08058023,0,1,0,0,0,6.01488733,0.591226816,27.6382675,1.06161141,1.38903308,3.28679991,747.866089,65.8182983,1.28250003,0.0250000004,50,1,0.119999997,0.550000012,0.0133333337
C5_rand_10_r0,0,706,11.0530834,11,2.94035745,3.28679991,0.020127628,0.00212762738,0.015204303,0.0145498756,0.00345012429,2.72732282,14,2.5,6.08058023,0,1,0,0,0,6.01488733,0.591226816,27.6382675,1.06161141,1.38903308,3.28679991,747.866089,65.8182983,1.28250003,0.0250000004,50,1,0.119999997,0.550000012,0.0133333337
C5_rand_10_r0,0,707,11.0664167,11,3.12314892,3.28679991,0.0200650953,0.00206509512,0.0150122587,0.0141648846,0.00383511535,3.27270579,14,2.5,6.08058023,0,1,0,0,0,6.01488733,0.591226816,27.6382675,1.06161141,1.38903308,3.28679991,747.866089,65.8182983,1.28250003,0.0250000004,50,1,0.119999997,0.550000012,0.0133333337
C5_rand_10_r0,0,708,11.0797501,11,2.92769766,3.28679991,0.0199549217,0.00195492222,0.0149613004,0.0146292942,0.00337070622,2.76778293,14,2.5,6.08058023,0,1,0,0,0,6.01488733,0.591226816,27.6382675,1.06161141,1.38903308,3.28679991,747.866089,65.8182983,1.28250003,0.0250000004,50,1,0.119999997,0.550000012,0.0133333337
C5_rand_10_r0,0,709,11.0930834,11,2.80200338,3.28679991,0.0198018942,0.00180189451,0.0154128149,0.0149726132,0.00302738673,2.69916272,14,2.5,6.08058023,0,1,0,0,0,6.01488733,0.591226816,27.6382675,1.06161141,1.38903308,3.28679991,747.866089,65.8182983,1.28250003,0.0250000004,50,1,0.119999997,0.550000012,0.0133333337
C5_rand_10_r0,0,710,11.1064167,11,2.9504652,3.28679991,0.0196829643,0.00168296346,0.0147747817,0.014700463,0.00329953688,3.07193375,14,2.5,6.08058023,0,1,0,0,0,6.01488733,0.591226816,27.6382675,1.06161141,1.38903308,3.28679991,747.866089,65.8182983,1.28250003,0.0250000004,50,1,0.119999997,0.550000012,0.0133333337
C5_rand_10_r0,0,711,11.11975,11,2.81090379,3.28679991,0.0195309483,0.00153094821,0.0155966459,0.0150221316,0.00297786877,2.69671726,14,2.5,6.08058023,0,1,0,0,0,6.01488733,0.591226816,27.6382675,1.06161141,1.38903308,3.28679991,747.866089,65.8182983,1.28250003,0.0250000004,50,1,0.119999997,0.550000012,0.0133333337
C5_rand_10_r0,0,712,11.1330833,11,2.95563102,3.28679991,0.0194136202,0.00141362101,0.014714947,0.0146922935,0.00330770621,3.07404447,14,2.5,6.08058023,0,1,0,0,0,6.01488733,0.591226816,27.6382675,1.06161141,1.38903308,3.28679991,747.866089,65.8182983,1.28250003,0.0250000004,50,1,0.119999997,0.550000012,0.0133333337
C5_rand_10_r0,0,713,11.1464167,11,3.21796584,3.28679991,0.0193749461,0.00137494586,0.0153742041,0.0140296817,0.00397031847,3.43260336,14,2.5,6.08058023,0,1,0,0,0,6.01488733,0.591226816,27.6382675,1.06161141,1.38903308,3.28679991,747.866089,65.8182983,1.28250003,0.0250000004,50,1,0.119999997,0.550000012,0.0133333337
C5_rand_10_r0,0,714,11.15975,11,2.90732574,3.28679991,0.0192630906,0.00126309053,0.0147020901,0.0146565754,0.00334342453,2.65316582,14,2.5,6.08058023,0,1,0,0,0,6.01488733,0.591226816,27.6382675,1.06161141,1.38903308,3.28679991,747.866089,65.8182983,1.28250003,0.0250000004,50,1,0.119999997,0.550000012,0.0133333337
C5_rand_10_r0,0,715,11.1730833,11,3.2020874,3.28679991,0.0192209166,0.00122091663,0.0151478238,0.0139865438,0.0040134564,3.4432559,14,2.5,6.08058023,0,1,0,0,0,6.01488733,0.591226816,27.6382675,1.06161141,1.38903308,3.28679991,747.866089,65.8182983,1.28250003,0.0250000004,50,1,0.119999997,0.550000012,0.0133333337
C5_rand_10_r0,0,716,11.1864166,11,2.91257429,3.28679991,0.0191099364,0.00110993616,0.0147064766,0.014644919,0.00335508073,2.67569995,14,2.5,6.08058023,0,1,0,0,0,6.01488733,0.591226816,27.6382675,1.06161141,1.38903308,3.28679991,747.866089,65.8182983,1.28250003,0.0250000004,50,1,0.119999997,0.550000012,0.0133333337
C5_rand_10_r0,0,717,11.1997499,11,3.13030934,3.28679991,0.01904797,0.0010479698,0.0148731042,0.0141621698,0.00383783039,3.30845642,14,2.5,6.08058023,0,1,0,0,0,6.01488733,0.591226816,27.6382675,1.06161141,1.38903308,3.28679991,747.866089,65.8182983,1.28250003,0.0250000004,50,1,0.119999997,0.550000012,0.0133333337
C5_rand_10_r0,0,718,11.2130833,11,2.93844891,3.28679991,0.0189408772,0.000940877828,0.0148455119,0.0146080013,0.00339199882,2.78147221,14,2.5,6.08058023,0,1,0,0,0,6.01488733,0.591226816,27.6382675,1.06161141,1.38903308,3.28679991,747.866089,65.8182983,1.28250003,0.0250000004,50,1,0.119999997,0.550000012,0.0133333337
C5_rand_10_r0,0,719,11.2264166,11,3.19214821,3.28679991,0.0188967362,0.000896737038,0.0151789514,0.0140196029,0.00398039678,3.39972019,14,2.5,6.08058023,0,1,0,0,0,6.01488733,0.591226816,27.6382675,1.06161141,1.38903308,3.28679991,747.866089,65.8182983,1.28250003,0.0250000004,50,1,0.119999997,0.550000012,0.0133333337
C5_rand_10_r0,0,720,11.2397499,11,3.29687452,3.28679991,0.0188921783,0.000892178679,0.0150037808,0.0137101365,0.00428986317,3.38255978,14,2.5,6.08058023,0,1,0,0,0,6.01488733,0.591226816,27.6382675,1.06161141,1.38903308,3.28679991,747.866089,65.8182983,1.28250003,0.0250000004,50,1,0.119999997,0.550000012,0.0133333337
C5_rand_10_r0,0,721,11.2530832,11,2.93634081,3.28679991,0.0187940691,0.000794069201,0.0147506045,0.01449221,0.00350779039,2.64135885,14,2.5,6.08058023,0,1,0,0,0,6.01488733,0.591226816,27.6382675,1.06161141,1.38903308,3.28679991,747.866089,65.8182983,1.28250003,0.0250000004,50,1,0.119999997,0.550000012,0.0133333337
C5_rand_10_r0,0,722,11.2664165,11,3.3526299,3.28679991,0.0187960044,0.000796003733,0.0142514566,0.0135797085,0.00442029163,3.69323015,14,2.5,6.08058023,0,1,0,0,0,6.01488733,0.591226816,27.6382675,1.06161141,1.38903308,3.28679991,747.866089,65.8182983,1.28250003,0.0250000004,50,1,0.119999997,0.550000012,0.0133333337
C5_rand_10_r0,0,723,11.2797499,11,3.00252795,3.28679991,0.0187173616,0.00071736169,0.0144543406,0.0143580101,0.00364198955,2.71608114,14,2.5,6.08058023,0,1,0,0,0,6.01488733,0.591226816,27.6382675,1.06161141,1.38903308,3.28679991,747.866089,65.8182983,1.28250003,0.0250000004,50,1,0.119999997,0.550000012,0.0133333337
C5_rand_10_r0,0,724,11.2930832,11,3.38902974,3.28679991,0.0187326521,0.000732651853,0.0140910968,0.0134608271,0.00453917263,3.70525837,14,2.5,6.08058023,0,1,0,0,0,6.01488733,0.591226816,27.6382675,1.06161141,1.38903308,3.28679991,747.866089,65.8182983,1.28250003,0.0250000004,50,1,0.119999997,0.550000012,0.0133333337
C5_rand_10_r0,0,725,11.3064165,11,3.04271674,3.28679991,0.0186673999,0.000667399261,0.0143307513,0.0142296031,0.00377039658,2.75936961,14,2.5,6.08058023,0,1,0,0,0,6.01488733,0.591226816,27.6382675,1.06161141,1.38903308,3.28679991,747.866089,65.8182983,1.28250003,0.0250000004,50,1,0.119999997,0.550000012,0.0133333337
C5_rand_10_r0,0,726,11.3197498,11,3.41999245,3.28679991,0.0186935216,0.000693521753,0.0145471841,0.0133588165,0.00464118365,3.72867274,14,2.5,6.08058023,0,1,0,0,0,6.01488733,0.591226816,27.6382675,1.06161141,1.38903308,3.28679991,747.866089,65.8182983,1.28250003,0.0250000004,50,1,0.119999997,0.550000012,0.0133333337
C5_rand_10_r0,0,727,11.3330832,11,3.50166082,3.28679991,0.0187575594,0.000757559086,0.0142050413,0.0130905109,0.0049094893,3.56848049,14,2.5,6.08058023,0,1,0,0,0,6.01488733,0.591226816,27.6382675,1.06161141,1.38903308,3.28679991,747.866089,65.8182983,1.28250003,0.0250000004,50,1,0.119999997,0.550000012,0.0133333337
C5_rand_10_r0,0,728,11.3464165,11,3.25156689,3.28679991,0.0187584441,0.000758445007,0.0145178819,0.0135876667,0.00441233302,3.04694462,14,2.5,6.08058023,0,1,0,0,0,6.01488733,0.591226816,27.6382675,1.06161141,1.38903308,3.28679991,747.866089,65.8182983,1.28250003,0.0250000004,50,1,0.119999997,0.550000012,0.0133333337
C5_rand_10_r0,0,729,11.3597498,11,3.49755931,3.28679991,0.0188171361,0.000817136897,0.0135863479,0.0130494824,0.00495051779,3.69882584,14,2.5,6.08058023,0,1,0,0,0,6.01488733,0.591226816,27.6382675,1.06161141,1.38903308,3.28679991,747.866089,65.8182983,1.28250003,0.0250000004,50,1,0.119999997,0.550000012,0.0133333337
C5_rand_10_r0,0,730,11.3730831,11,3.27665758,3.28679991,0.0188241024,0.00082410156,0.0145845478,0.0135504063,0.00444959337,3.09591985,14,2.5,6.08058023,0,1,0,0,0,6.01488733,0.591226816,27.6382675,1.06161141,1.38903308,3.28679991,747.866089,65.8182983,1.28250003,0.0250000004,50,1,0.119999997,0.550000012,0.0133333337
C5_rand_10_r0,0,731,11.3864164,11,3.48618174,3.28679991,0.0188806467,0.00088064617,0.0136218984,0.0130724935,0.0049275062,3.65761065,14,2.5,6.08058023,0,1,0,0,0,6.01488733,0.591226816,27.6382675,1.06161141,1.38903308,3.28679991,747.866089,65.8182983,1.28250003,0.0250000004,50,1,0.119999997,0.550000012,0.0133333337
C5_rand_10_r0,0,732,11.3997498,11,3.56580544,3.28679991,0.0189675726,0.000967571745,0.0149017237,0.0128463339,0.00515366625,3.63095212,14,2.5,6.08058023,0,1,0,0,0,6.01488733,0.591226816,27.6382675,1.06161141,1.38903308,3.28679991,747.866089,65.8182983,1.28250003,0.0250000004,50,1,0.119999997,0.550000012,0.0133333337
C5_rand_10_r0,0,733,11.4130831,11,3.41768789,3.28679991,0.0190184172,0.00101841718,0.0142913954,0.0131331142,0.00486688549,3.29650068,14,2.5,6.08058023,0,1,0,0,0,6.01488733,0.591226816,27.6382675,1.06161141,1.38903308,3.28679991,747.866089,65.8182983,1.28250003,0.0250000004,50,1,0.119999997,0.550000012,0.0133333337
C5_rand_10_r0,0,734,11.4264164,11,3.5148437,3.28679991,0.0190902371,0.00109023682,0.013871436,0.0129253911,0.00507460907,3.5943346,14,2.5,6.08058023,0,1,0,0,0,6.01488733,0.591226816,27.6382675,1.06161141,1.38903308,3.28679991,747.866089,65.8182983,1.28250003,0.0250000004,50,1,0.119999997,0.550000012,0.0133333337
C5_rand_10_r0,0,735,11.4397497,11,2.75342011,3.28679991,0.0189540461,0.000954045681,0.0148454728,0.0147720687,0.00322793121,2.13043737,14,2.5,6.08058023,0,1,0,0,0,6.01488733,0.591226816,27.6382675,1.06161141,1.38903308,3.28679991,747.866089,65.8182983,1.28250003,0.0250000004,50,1,0.119999997,0.550000012,0.0133333337
C5_rand_10_r0,0,736,11.453083,11,3.58271289,3.28679991,0.0190135445,0.0010135452,0.0134077044,0.0130213099,0.00497868983,4.26122522,14,2.5,6.08058023,0,1,0,0,0,6.01488733,0.591226816,27.6382675,1.06161141,1.38903308,3.28679991,747.866089,65.8182983,1.28250003,0.0250000004,50,1,0.119999997,0.550000012,0.0133333337
C5_rand_10_r0,0,737,11.4664164,11,2.78093672,3.28679991,0.0188829452,0.000882944267,0.0151372561,0.0148444781,0.00315552158,2.12493825,14,2.5,6.08058023,0,1,0,0,0,6.01488733,0.591226816,27.6382675,1.06161141,1.38903308,3.28679991,747.866089,65.8182983,1.28250003,0.0250000004,50,1,0.119999997,0.550000012,0.0133333337
C5_rand_10_r0,0,738,11.4797497,11,3.55081272,3.28679991,0.0189345144,0.000934514333,0.013533433,0.0130994497,0.00490055,4.18071127,14,2.5,6.08058023,0,1,0,0,0,6.01488733,0.591226816,27.6382675,1.06161141,1.38903308,3.28679991,747.866089,65.8182983,1.28250003,0.0250000004,50,1,0.119999997,0.550000012,0.0133333337
C5_rand_10_r0,0,739,11.493083,11,3.59461045,3.28679991,0.0190286115,0.00102861226,0.0147595806,0.0128732799,0.00512672029,3.63044524,14,2.5,6.08058023,0,1,0,0,0,6.01488733,0.591226816,27.6382675,1.06161141,1.38903308,3.28679991,747.866089,65.8182983,1.28250003,0.0250000004,50,1,0.119999997,0.550000012,0.0133333337
C5_rand_10_r0,0,740,11.5064163,11,3.40145326,3.28679991,0.0190761425,0.00107614335,0.0142496675,0.0131662237,0.0048337765,3.24341559,14,2.5,6.08058023,0,1,0,0,0,6.01488733,0.591226816,27.6382675,1.06161141,1.38903308,3.28679991,747.866089,65.8182983,1.28250003,0.0250000004,50,1,0.119999997,0.550000012,0.0133333337
C5_rand_10_r0,0,741,11.5197496,11,3.50179744,3.28679991,0.0191437863,0.00114378671,0.013749809,0.0129568484,0.00504315179,3.58389711,14,2.5,6.08058023,0,1,0,0,0,6.01488733,0.591226816,27.6382675,1.06161141,1.38903308,3.28679991,747.866089,65.8182983,1.28250003,0.0250000004,50,1,0.119999997,0.550000012,0.0133333337
C5_rand_10_r0,0,742,11.533083,11,2.85203528,3.28679991,0.0190342925,0.00103429263,0.0152844135,0.0145400995,0.00345990015,2.32041192,14,2.5,6.08058023,0,1,0,0,0,6.01488733,0.591226816,27.6382675,1.06161141,1.38903308,3.28679991,747.866089,65.8182983,1.28250003,0.0250000004,50,1,0.119999997,0.550000012,0.0133333337
C5_rand_10_r0,0,743,11.5464163,11,3.55506539,3.28679991,0.0190905612,0.00109056185,0.0133155612,0.01305544,0.00494456058,4.13027191,14,2.5,6.08058023,0,1,0,0,0,6.01488733,0.591226816,27.6382675,1.06161141,1.38903308,3.28679991,747.866089,65.8182983,1.28250003,0.0250000004,50,1,0.119999997,0.550000012,0.0133333337
C5_rand_10_r0,0,744,11.5597496,11,2.59769607,3.28679991,0.018908523,0.000908522226,0.0154266534,0.0152767766,0.00272322306,1.81439376,14,2.5,6.08058023,0,1,0,0,0,6.01488733,0.591226816,27.6382675,1.06161141,1.38903308,3.28679991,747.866089,65.8182983,1.28250003,0.0250000004,50,1,0.119999997,0.550000012,0.0133333337
C5_rand_10_r0,0,745,11.5730829,11,3.55787301,3.28679991,0.0189534798,0.000953480368,0.0134822261,0.0131534366,0.0048465631,4.34347248,14,2.5,6.08058023,0,1,0,0,0,6.01488733,0.591226816,27.6382675,1.06161141,1.38903308,3.28679991,747.866089,65.8182983,1.28250003,0.0250000004,50,1,0.119999997,0.550000012,0.0133333337
C5_rand_10_r0,0,746,11.5864162,11,3.60301518,3.28679991,0.0190488119,0.00104881101,0.0147036947,0.0128954845,0.00510451524,3.6399498,14,2.5,6.08058023,0,1,0,0,0,6.01488733,0.591226816,27.6382675,1.06161141,1.38903308,3.28679991,747.866089,65.8182983,1.28250003,0.0250000004,50,1,0.119999997,0.550000012,0.0133333337
C5_rand_10_r0,0,747,11.5997496,11,3.3638463,3.28679991,0.019086102,0.00108610117,0.0142378751,0.0132603375,0.00473966217,3.16816258,14,2.5,6.08058023,0,1,0,0,0,6.01488733,0.591226816,27.6382675,1.06161141,1.38903308,3.28679991,747.866089,65.8182983,1.28250003,0.0250000004,50,1,0.119999997,0.550000012,0.0133333337
C5_rand_10_r0,0,748,11.6130829,11,3.48409367,3.28679991,0.0191471204,0.00114712003,0.0137295891,0.0130128227,0.00498717697,3.58247805,14,2.5,6.08058023,0,1,0,0,0,6.01488733,0.591226816,27.6382675,1.06161141,1.38903308,3.28679991,747.866089,65.8182983,1.28250003,0.0250000004,50,1,0.119999997,0.550000012,0.0133333337
C5_rand_10_r0,0,749,11.6264162,11,2.6031251,3.28679991,0.0189673807,0.000967380183,0.015229187,0.0151608521,0.00283914735,1.88233268,14,2.5,6.08058023,0,1,0,0,0,6.01488733,0.591226816,27.6382675,1.06161141,1.38903308,3.28679991,747.866089,65.8182983,1.28250003,0.0250000004,50,1,0.119999997,0.550000012,0.0133333337
C5_rand_10_r0,0,750,11.6397495,11,3.55582023,3.28679991,0.0190121513,0.00101215136,0.0133211883,0.0131522231,0.00484777661,4.33529806,14,2.5,6.08058023,0,1,0,0,0,6.01488733,0.591226816,27.6382675,1.06161141,1.38903308,3.28679991,747.866089,65.8182983,1.28250003,0.0250000004,50,1,0.119999997,0.550000012,0.0133333337
C5_rand_10_r0,0,751,11.6530838,11,2.6473515,3.28679991,0.0188419893,0.000841988716,0.0153815346,0.0152175967,0.00278240303,1.90405893,14,2.5,6.08058023,0,1,0,0,0,6.01488733,0.591226816,27.6382675,1.06161141,1.38903308,3.28679991,747.866089,65.8182983,1.28250003,0.0250000004,50,1,0.119999997,0.550000012,0.0133333337
C5_rand_10_r0,0,752,11.6664171,11,3.50824189,3.28679991,0.0188751407,0.0008751399,0.0134898238,0.0132657066,0.00473429356,4.21260691,14,2.5,6.08058023,0,1,0,0,0,6.01488733,0.591226816,27.6382675,1.06161141,1.38903308,3.28679991,747.866089,65.8182983,1.28250003,0.0250000004,50,1,0.119999997,0.550000012,0.0133333337
C5_rand_10_r0,0,753,11.6797504,11,3.56758785,3.28679991,0.0189586617,0.000958661782,0.0147712473,0.0129896635,0.00501033664,3.6161437,14,2.5,6.08058023,0,1,0,0,0,6.01488733,0.591226816,27.6382675,1.06161141,1.38903308,3.28679991,747.866089,65.8182983,1.28250003,0.0250000004,50,1,0.119999997,0.550000012,0.0133333337
C5_rand_10_r0,0,754,11.6930838,11,3.32816887,3.28679991,0.0189840738,0.000984073384,0.0142400013,0.0133706732,0.00462932652,3.13228059,14,2.5,6.08058023,0,1,0,0,0,6.01488733,0.591226816,27.6382675,1.06161141,1.38903308,3.28679991,747.866089,65.8182983,1.28250003,0.0250000004,50,1,0.119999997,0.550000012,0.0133333337
C5_rand_10_r0,0,755,11.7064171,11,3.44755054,3.28679991,0.0190329608,0.00103296165,0.0137878992,0.0131253581,0.00487464201,3.54522657,14,2.5,6.08058023,0,1,0,0,0,6.01488733,0.591226816,27.6382675,1.06161141,1.38903308,3.28679991,747.866089,65.8182983,1.28250003,0.0250000004,50,1,0.119999997,0.550000012,0.0133333337
C5_rand_10_r0,0,756,11.7197504,11,2.65431452,3.28679991,0.0188654196,0.000865419221,0.0151898982,0.0150604798,0.00293952017,2.00530314,14,2.5,6.08058023,0,1,0,0,0,6.01488733,0.591226816,27.6382675,1.06161141,1.38903308,3.28679991,747.866089,65.8182983,1.28250003,0.0250000004,50,1,0.119999997,0.550000012,0.0133333337
C5_rand_10_r0,0,757,11.7330837,11,3.50452471,3.28679991,0.0188979749,0.000897974591,0.0133634089,0.0132685248,0.00473147538,4.20015144,14,2.5,6.08058023,0,1,0,0,0,6.01488733,0.591226816,27.6382675,1.06161141,1.38903308,3.28679991,747.866089,65.8182983,1.28250003,0.0250000004,50,1,0.119999997,0.550000012,0.0133333337
C5_rand_10_r0,0,758,11.746417,11,2.69519711,3.28679991,0.018739067,0.000739066338,0.0153388213,0.0151096638,0.00289033586,2.03302002,14,2.5,6.08058023,0,1,0,0,0,6.01488733,0.591226816,27.6382675,1.06161141,1.38903308,3.28679991,747.866089,65.8182983,1.28250003,0.0250000004,50,1,0.119999997,0.550000012,0.0133333337
C5_rand_10_r0,0,759,11.7597504,11,3.46740627,3.28679991,0.0187627506,0.000762750045,0.0135143995,0.0133578992,0.00464210054,4.09921408,14,2.5,6.08058023,0,1,0,0,0,6.01488733,0.591226816,27.6382675,1.06161141,1.38903308,3.28679991,747.866089,65.8182983,1.28250003,0.0250000004,50,1,0.119999997,0.550000012,0.0133333337
C5_rand_10_r0,0,760,11.7730837,11,3.49674869,3.28679991,0.0188250169,0.00082501641,0.0148811676,0.0131672025,0.00483279722,3.52075601,14,2.5,6.08058023,0,1,0,0,0,6.01488733,0.591226816,27.6382675,1.06161141,1.38903308,3.28679991,747.866089,65.8182983,1.28250003,0.0250000004,50,1,0.119999997,0.550000012,0.0133333337
C5_rand_10_r0,0,761,11.786417,11,3.3219738,3.28679991,0.0188451651,0.000845164643,0.0142534561,0.0134204738,0.00457952591,3.1789763,14,2.5,6.08058023,0,1,0,0,0,6.01488733,0.591226816,27.6382675,1.06161141,1.38903308,3.28679991,747.866089,65.8182983,1.28250003,0.0250000004,50,1,0.119999997,0.550000012,0.0133333337
C5_rand_10_r0,0,762,11.7997503,11,3.40005517,3.28679991,0.0188799817,0.000879982486,0.0138581246,0.0132618425,0.00473815762,3.46393991,14,2.5,6.08058023,0,1,0,0,0,6.01488733,0.591226816,27.6382675,1.06161141,1.38903308,3.28679991,747.866089,65.8182983,1.28250003,0.0250000004,50,1,0.119999997,0.550000012,0.0133333337
C5_rand_10_r0,0,763,11.8130836,11,2.68452048,3.28679991,0.0187184848,0.000718485564,0.0151998429,0.0150093818,0.00299061835,2.09908319,14,2.5,6.08058023,0,1,0,0,0,6.01488733,0.591226816,27.6382675,1.06161141,1.38903308,3.28679991,747.866089,65.8182983,1.28250003,0.0250000004,50,1,0.119999997,0.550000012,0.0133333337
C5_rand_10_r0,0,764,11.826417,11,3.47453547,3.28679991,0.018743718,0.000743718178,0.0133886058,0.0133425565,0.00465744408,4.1209116,14,2.5,6.08058023,0,1,0,0,0,6.01488733,0.591226816,27.6382675,1.06161141,1.38903308,3.28679991,747.866089,65.8182983,1.28250003,0.0250000004,50,1,0.119999997,0.550000012,0.0133333337
C5_rand_10_r0,0,765,11.8397503,11,2.7280519,3.28679991,0.0185927153,0.000592715805,0.0153638711,0.0150356479,0.00296435226,2.1172924,14,2.5,6.08058023,0,1,0,0,0,6.01488733,0.591226816,27.6382675,1.06161141,1.38903308,3.28679991,747.866089,65.8182983,1.28250003,0.0250000004,50,1,0.119999997,0.550000012,0.0133333337
C5_rand_10_r0,0,766,11.8530836,11,3.45801353,3.28679991,0.018615108,0.00061510806,0.0135055939,0.0133749321,0.00462506805,4.05525494,14,2.5,6.08058023,0,1,0,0,0,6.01488733,0.591226816,27.6382675,1.06161141,1.38903308,3.28679991,747.866089,65.8182983,1.28250003,0.0250000004,50,1,0.119999997,0.550000012,0.0133333337
C5_rand_10_r0,0,767,11.8664169,11,3.46738815,3.28679991,0.0186690036,0.000669003464,0.0149330115,0.0132351257,0.004764874,3.47505856,14,2.5,6.08058023,0,1,0,0,0,6.01488733,0.591226816,27.6382675,1.06161141,1.38903308,3.28679991,747.866089,65.8182983,1.28250003,0.0250000004,50,1,0.119999997,0.550000012,0.0133333337
C5_rand_10_r0,0,768,11.8797503,11,3.3412106,3.28679991,0.0186931007,0.000693100097,0.0142267598,0.0133857876,0.00461421208,3.23797441,14,2.5,6.08058023,0,1,0,0,0,6.01488733,0.591226816,27.6382675,1.06161141,1.38903308,3.28679991,747.866089,65.8182983,1.28250003,0.0250000004,50,1,0.119999997,0.550000012,0.0133333337
C5_rand_10_r0,0,769,11.8930836,11,3.39687324,3.28679991,0.0187276918,0.000727692153,0.0138624804,0.0132697746,0.00473022554,3.44241548,14,2.5,6.08058023,0,1,0,0,0,6.01488733,0.591226816,27.6382675,1.06161141,1.38903308,3.28679991,747.866089,65.8182983,1.28250003,0.0250000004,50,1,0.119999997,0.550000012,0.0133333337
C5_rand_10_r0,0,770,11.9064169,11,2.71041131,3.28679991,0.0185733493,0.000573349476,0.0151965721,0.0149441482,0.00305585144,2.14876056,14,2.5,6.08058023,0,1,0,0,0,6.01488733,0.591226816,27.6382675,1.06161141,1.38903308,3.28679991,747.866089,65.8182983,1.28250003,0.0250000004,50,1,0.119999997,0.550000012,0.0133333337
C5_rand_10_r0,0,771,11.9197502,11,3.48610044,3.28679991,0.0186029878,0.000602986955,0.0133599238,0.013304987,0.00469501317,4.1207552,14,2.5,6.08058023,0,1,0,0,0,6.01488733,0.591226816,27.6382675,1.06161141,1.38903308,3.28679991,747.866089,65.8182983,1.28250003,0.0250000004,50,1,0.119999997,0.550000012,0.0133333337
C5_rand_10_r0,0,772,11.9330835,11,2.75573468,3.28679991,0.0184604079,0.000460408395,0.0153976921,0.014957739,0.00304226135,2.15816283,14,2.5,6.08058023,0,1,0,0,0,6.01488733,0.591226816,27.6382675,1.06161141,1.38903308,3.28679991,747.866089,65.8182983,1.28250003,0.0250000004,50,1,0.119999997,0.550000012,0.0133333337
C5_rand_10_r0,0,773,11.9464169,11,3.47495484,3.28679991,0.01848891,0.000488910533,0.0134758055,0.0133195492,0.00468045147,4.06340742,14,2.5,6.08058023,0,1,0,0,0,6.01488733,0.591226816,27.6382675,1.06161141,1.38903308,3.28679991,747.866089,65.8182983,1.28250003,0.0250000004,50,1,0.119999997,0.550000012,0.0133333337
C5_rand_10_r0,0,774,11.9597502,11,3.47099566,3.28679991,0.0185448267,0.000544826325,0.0149884885,0.0132126268,0.00478737289,3.46775627,14,2.5,6.08058023,0,1,0,0,0,6.01488733,0.591226816,27.6382675,1.06161141,1.38903308,3.28679991,747.866089,65.8182983,1.28250003,0.0250000004,50,1,0.119999997,0.550000012,0.0133333337
C5_rand_10_r0,0,775,11.9730835,11,3.35221362,3.28679991,0.0185723156,0.000572316058,0.0142256916,0.0133523159,0.00464768382,3.25502825,14,2.5,6.08058023,0,1,0,0,0,6.01488733,0.591226816,27.6382675,1.06161141,1.38903308,3.28679991,747.866089,65.8182983,1.28250003,0.0250000004,50,1,0.119999997,0.550000012,0.0133333337
C5_rand_10_r0,0,776,11.9864168,11,3.40202308,3.28679991,0.0186089035,0.000608904113,0.0139304344,0.0132513745,0.00474862522,3.4427762,14,2.5,6.08058023,0,1,0,0,0,6.01488733,0.591226816,27.6382675,1.06161141,1.38903308,3.28679991,747.866089,65.8182983,1.28250003,0.0250000004,50,1,0.119999997,0.550000012,0.0133333337
C5_rand_10_r0,0,777,11.9997501,11,2.72030306,3.28679991,0.0184576418,0.000457641843,0.0152377486,0.0149151944,0.00308480603,2.16253209,14,2.5,6.08058023,0,1,0,0,0,6.01488733,0.591226816,27.6382675,1.06161141,1.38903308,3.28679991,747.866089,65.8182983,1.28250003,0.0250000004,50,1,0.119999997,0.550000012,0.0133333337
C5_rand_10_r0,0,778,12.0130835,12,3.47771215,3.28679991,0.0184854623,0.000485462602,0.0134577313,0.0133199366,0.00468006358,4.0974102,14,2.5,6.08058023,0,1,0,0,0,4.85835886,-9.2505064,26.2665977,1.08056867,3.50896168,3.28679991,747.866089,65.8182983,1.28250003,0.0250000004,50,1,0.119999997,0.550000012,0.0133333337
C5_rand_10_r0,0,779,12.0264168,12,2.73150444,3.28679991,0.0183358509,0.000335850636,0.0153814405,0.0150170624,0.0029829375,2.12097096,14,2.5,6.08058023,0,1,0,0,0,4.85835886,-9.2505064,26.2665977,1.08056867,3.50896168,3.28679991,747.866089,65.8182983,1.28250003,0.0250000004,50,1,0.119999997,0.550000012,0.0133333337
C5_rand_10_r0,0,780,12.0397501,12,3.45194674,3.28679991,0.0183567889,0.000356789387,0.01359432,0.0133861164,0.00461388333,4.04139948,14,2.5,6.08058023,0,1,0,0,0,4.85835886,-9.2505064,26.2665977,1.08056867,3.50896168,3.28679991,747.866089,65.8182983,1.28250003,0.0250000004,50,1,0.119999997,0.550000012,0.0133333337
C5_rand_10_r0,0,781,12.0530834,12,3.47741342,3.28679991,0.0184132271,0.000413227332,0.0152286487,0.0132117914,0.00478820829,3.49824953,14,2.5,6.08058023,0,1,0,0,0,4.85835886,-9.2505064,26.2665977,1.08056867,3.50896168,3.28679991,747.866089,65.8182983,1.28250003,0.0250000004,50,1,0.119999997,0.550000012,0.0133333337
C5_rand_10_r0,0,782,12.0664167,12,3.31101394,3.28679991,0.0184293594,0.00042935973,0.0143187474,0.0134567432,0.00454325695,3.17486906,14,2.5,6.08058023,0,1,0,0,0,4.85835886,-9.2505064,26.2665977,1.08056867,3.50896168,3.28679991,747.866089,65.8182983,1.28250003,0.0250000004,50,1,0.119999997,0.550000012,0.0133333337
C5_rand_10_r0,0,783,12.0797501,12,3.39814734,3.28679991,0.0184629783,0.000462978292,0.0141401738,0.013275696,0.00472430419,3.46943855,14,2.5,6.08058023,0,1,0,0,0,4.85835886,-9.2505064,26.2665977,1.08056867,3.50896168,3.28679991,747.866089,65.8182983,1.28250003,0.0250000004,50,1,0.119999997,0.550000012,0.0133333337
C5_rand_10_r0,0,784,12.0930834,12,2.73886633,3.28679991,0.018316377,0.000316377613,0.0152531546,0.0148815038,0.00311849616,2.19945455,14,2.5,6.08058023,0,1,0,0,0,4.85835886,-9.2505064,26.2665977,1.08056867,3.50896168,3.28679991,747.866089,65.8182983,1.28250003,0.0250000004,50,1,0.119999997,0.550000012,0.0133333337
C5_rand_10_r0,0,785,12.1064167,12,3.45922494,3.28679991,0.0183398407,0.000339840015,0.0135863237,0.0133605748,0.00463942531,4.04860926,14,2.5,6.08058023,0,1,0,0,0,4.85835886,-9.2505064,26.2665977,1.08056867,3.50896168,3.28679991,747.866089,65.8182983,1.28250003,0.0250000004,50,1,0.119999997,0.550000012,0.0133333337
C5_rand_10_r0,0,786,12.11975,12,2.7756834,3.28679991,0.018201774,0.000201773611,0.0150870457,0.0149124451,0.00308755483,2.21642232,14,2.5,6.08058023,0,1,0,0,0,4.85835886,-9.2505064,26.2665977,1.08056867,3.50896168,3.28679991,747.866089,65.8182983,1.28250003,0.0250000004,50,1,0.119999997,0.550000012,0.0133333337
C5_rand_10_r0,0,787,12.1330833,12,3.43052411,3.28679991,0.0182186868,0.00021868592,0.0136140753,0.0134255644,0.0045744353,3.96630287,14,2.5,6.08058023,0,1,0,0,0,4.85835886,-9.2505064,26.2665977,1.08056867,3.50896168,3.28679991,747.866089,65.8182983,1.28250003,0.0250000004,50,1,0.119999997,0.550000012,0.0133333337
C5_rand_10_r0,0,788,12.1464167,12,3.46839404,3.28679991,0.0182719473,0.000271947443,0.015364551,0.0132315438,0.00476845633,3.49937868,14,2.5,6.08058023,0,1,0,0,0,4.85835886,-9.2505064,26.2665977,1.08056867,3.50896168,3.28679991,747.866089,65.8182983,1.28250003,0.0250000004,50,1,0.119999997,0.550000012,0.0133333337
C5_rand_10_r0,0,789,12.15975,12,3.30022883,3.28679991,0.0182845537,0.000284554582,0.014245254,0.0134898694,0.00451013073,3.16263914,14,2.5,6.08058023,0,1,0,0,0,4.85835886,-9.2505064,26.2665977,1.08056867,3.50896168,3.28679991,747.866089,65.8182983,1.28250003,0.0250000004,50,1,0.119999997,0.550000012,0.0133333337
C5_rand_10_r0,0,790,12.1730833,12,3.38780904,3.28679991,0.0183147136,0.000314713805,0.014193126,0.0133076459,0.00469235377,3.4594655,14,2.5,6.08058023,0,1,0,0,0,4.85835886,-9.2505064,26.2665977,1.08056867,3.50896168,3.28679991,747.866089,65.8182983,1.28250003,0.0250000004,50,1,0.119999997,0.550000012,0.0133333337
C5_rand_10_r0,0,791,12.1864166,12,2.80416465,3.28679991,0.0181856751,0.000185675002,0.0150443455,0.0147297094,0.00327029056,2.32663751,14,2.5,6.08058023,0,1,0,0,0,4.85835886,-9.2505064,26.2665977,1.08056867,3.50896168,3.28679991,747.866089,65.8182983,1.28250003,0.0250000004,50,1,0.119999997,0.550000012,0.0133333337
C5_rand_10_r0,0,792,12.1997499,12,3.43873477,3.28679991,0.0182063729,0.000206372642,0.0135682132,0.0133890919,0.00461090775,3.95792842,14,2.5,6.08058023,0,1,0,0,0,4.85835886,-9.2505064,26.2665977,1.08056867,3.50896168,3.28679991,747.866089,65.8182983,1.28250003,0.0250000004,50,1,0.119999997,0.550000012,0.0133333337
C5_rand_10_r0,0,793,12.2130833,12,2.8361547,3.28679991,0.0180846434,8.46429975e-05,0.0147645893,0.0147576127,0.00324238744,2.34313464,14,2.5,6.08058023,0,1,0,0,0,4.85835886,-9.2505064,26.2665977,1.08056867,3.50896168,3.28679991,747.866089,65.8182983,1.28250003,0.0250000004,50,1,0.119999997,0.550000012,0.0133333337
C5_rand_10_r0,0,794,12.2264166,12,3.41748142,3.28679991,0.0181006547,0.000100655117,0.0135388505,0.013437164,0.00456283567,3.89311242,14,2.5,6.08058023,0,1,0,0,0,4.85835886,-9.2505064,26.2665977,1.08056867,3.50896168,3.28679991,747.866089,65.8182983,1.28250003,0.0250000004,50,1,0.119999997,0.550000012,0.0133333337
C5_rand_10_r0,0,795,12.2397499,12,2.83734179,3.28679991,0.0179784745,-2.15257096e-05,0.0149668818,0.0147562167,0.00324378302,2.36268187,14,2.5,6.08058023,0,1,0,0,0,4.85835886,-9.2505064,26.2665977,1.08056867,3.50896168,3.28679991,747.866089,65.8182983,1.28250003,0.0250000004,50,1,0.119999997,0.550000012,0.0133333337
C5_rand_10_r0,0,796,12.2530832,12,3.41200304,3.28679991,0.0179928895,-7.11052917e-06,0.0141166523,0.0134541644,0.00454583578,3.88218069,14,2.5,6.08058023,1,1,0,1,0,4.85835886,-9.2505064,26.2665977,1.08056867,3.50896168,3.28679991,747.866089,65.8182983,1.28250003,0.0250000004,50,1,0.119999997,0.550000012,0.0133333337
C5_rand_10_r0,0,797,12.3813334,12,3.44054747,3.28679991,0.018037999,3.79996454e-05,0.0140961213,0.0132921664,0.00470783329,3.463902,14,2.5,6.08058023,1,1,0,2,0,4.85835886,-9.2505064,26.2665977,1.08056867,3.50896168,3.28679991,747.866089,65.8182983,1.28250003,0.0250000004,50,1,0.119999997,0.550000012,0.0133333337
C5_rand_10_r0,0,798,12.3946667,12,3.16997647,3.28679991,0.0180130675,1.30670524e-05,0.0145510985,0.0138191115,0.00418088865,2.94860029,14,2.5,6.08058023,0,1,0,0,0,4.85835886,-9.2505064,26.2665977,1.08056867,3.50896168,3.28679991,747.866089,65.8182983,1.28250003,0.0250000004,50,1,0.119999997,0.550000012,0.0133333337
C5_rand_10_r0,0,799,12.408,12,3.61605334,3.28679991,0.0181003716,0.00010037086,0.0133396741,0.0128084775,0.00519152265,3.98102522,14,2.5,6.08058023,0,1,0,0,0,4.85835886,-9.2505064,26.2665977,1.08056867,3.50896168,3.28679991,747.866089,65.8182983,1.28250003,0.0250000004,50,1,0.119999997,0.550000012,0.0133333337
C5_rand_10_r0,0,800,12.4213333,12,3.15691185,3.28679991,0.0180788413,7.88414545e-05,0.0141636888,0.0138200782,0.00417992193,2.78125072,14,2.5,6.08058023,0,1,0,0,0,4.85835886,-9.2505064,26.2665977,1.08056867,3.50896168,3.28679991,747.866089,65.8182983,1.28250003,0.0250000004,50,1,0.119999997,0.550000012,0.0133333337
C5_rand_10_r0,0,801,12.4346666,12,3.59018683,3.28679991,0.0181595273,0.00015952735,0.0131317545,0.0128390994,0.00516090123,3.94468474,14,2.5,6.08058023,0,1,0,0,0,4.85835886,-9.2505064,26.2665977,1.08056867,3.50896168,3.28679991,747.866089,65.8182983,1.28250003,0.0250000004,50,1,0.119999997,0.550000012,0.0133333337
C5_rand_10_r0,0,802,12.448,12,3.1530869,3.28679991,0.0181358326,0.000135832466,0.0142956041,0.0138360243,0.00416397536,2.79545951,14,2.5,6.08058023,0,1,0,0,0,4.85835886,-9.2505064,26.2665977,1.08056867,3.50896168,3.28679991,747.866089,65.8182983,1.28250003,0.0250000004,50,1,0.119999997,0.550000012,0.0133333337
C5_rand_10_r0,0,803,12.4613333,12,3.57384038,3.28679991,0.0182116162,0.000211616774,0.0137121743,0.0128860902,0.00511390995,3.91809344,14,2.5,6.08058023,0,1,0,0,0,4.85835886,-9.2505064,26.2665977,1.08056867,3.50896168,3.28679991,747.866089,65.8182983,1.28250003,0.0250000004,50,1,0.119999997,0.550000012,0.0133333337
C5_rand_10_r0,0,804,12.4746666,12,3.59324098,3.28679991,0.0183093697,0.000309369963,0.0135351885,0.0127739394,0.00522606075,3.60911393,14,2.5,6.08058023,0,1,0,0,0,4.85835886,-9.2505064,26.2665977,1.08056867,3.50896168,3.28679991,747.866089,65.8182983,1.28250003,0.0250000004,50,1,0.119999997,0.550000012,0.0133333337
C5_rand_10_r0,0,805,12.4879999,12,3.14061522,3.28679991,0.0182850547,0.000285055285,0.0142463325,0.0137795629,0.00422043772,2.77028513,14,2.5,6.08058023,0,1,0,0,0,4.85835886,-9.2505064,26.2665977,1.08056867,3.50896168,3.28679991,747.866089,65.8182983,1.28250003,0.0250000004,50,1,0.119999997,0.550000012,0.0133333337
C5_rand_10_r0,0,806,12.5013332,12,3.57600451,3.28679991,0.0183613375,0.000361337443,0.0129383188,0.012870457,0.00512954267,3.9322319,14,2.5,6.08058023,0,1,0,0,0,4.85835886,-9.2505064,26.2665977,1.08056867,3.50896168,3.28679991,747.866089,65.8182983,1.28250003,0.0250000004,50,1,0.119999997,0.550000012,0.0133333337
C5_rand_10_r0,0,807,12.5146666,12,3.1422894,3.28679991,0.01833391,0.000333909295,0.0139743602,0.0138700129,0.00412998721,2.78743172,14,2.5,6.08058023,0,1,0,0,0,4.85835886,-9.2505064,26.2665977,1.08056867,3.50896168,3.28679991,747.866089,65.8182983,1.28250003,0.0250000004,50,1,0.119999997,0.550000012,0.0133333337
C5_rand_10_r0,0,808,12.5279999,12,3.53995109,3.28679991,0.0183996577,0.000399657671,0.0131112225,0.012976381,0.00502361869,3.86531043,14,2.5,6.08058023,0,1,0,0,0,4.85835886,-9.2505064,26.2665977,1.08056867,3.50896168,3.28679991,747.866089,65.8182983,1.28250003,0.0250000004,50,1,0.119999997,0.550000012,0.0133333337
C5_rand_10_r0,0,809,12.5413332,12,3.10614109,3.28679991,0.0183604322,0.000360432721,0.0142026348,0.0139740752,0.00402592449,2.75120568,14,2.5,6.08058023,0,1,0,0,0,4.85835886,-9.2505064,26.2665977,1.08056867,3.50896168,3.28679991,747.866089,65.8182983,1.28250003,0.0250000004,50,1,0.119999997,0.550000012,0.0133333337
C5_rand_10_r0,0,810,12.5546665,12,3.49864316,3.28679991,0.0184127409,0.000412740541,0.0139874127,0.0130995531,0.00490044663,3.81978106,14,2.5,6.08058023,0,1,0,0,0,4.85835886,-9.2505064,26.2665977,1.08056867,3.50896168,3.28679991,747.866089,65.8182983,1.28250003,0.0250000004,50,1,0.119999997,0.550000012,0.0133333337
C5_rand_10_r0,0,811,12.5679998,12,3.50472832,3.28679991,0.018481994,0.000481994153,0.0138100116,0.013030827,0.00496917265,3.50970721,14,2.5,6.08058023,0,1,0,0,0,4.85835886,-9.2505064,26.2665977,1.08056867,3.50896168,3.28679991,747.866089,65.8182983,1.28250003,0.0250000004,50,1,0.119999997,0.550000012,0.0133333337
C5_rand_10_r0,0,812,12.5813332,12,3.74819589,3.28679991,0.0186217017,0.00062170194,0.014792514,0.0123560941,0.00564390607,3.94739652,14,2.5,6.08058023,0,1,0,0,0,4.85835886,-9.2505064,26.2665977,1.08056867,3.50896168,3.28679991,747.866089,65.8182983,1.28250003,0.0250000004,50,1,0.119999997,0.550000012,0.0133333337
C5_rand_10_r0,0,813,12.5946665,12,3.3589499,3.28679991,0.0186650287,0.000665028172,0.0135890581,0.0131967394,0.00480326032,3.04047585,14,2.5,6.08058023,0,1,0,0,0,4.85835886,-9.2505064,26.2665977,1.08056867,3.50896168,3.28679991,747.866089,65.8182983,1.28250003,0.0250000004,50,1,0.119999997,0.550000012,0.0133333337
C5_rand_10_r0,0,814,12.6079998,12,3.59844255,3.28679991,0.0187588166,0.000758816663,0.0145569975,0.0126975924,0.00530240778,3.79439139,14,2.5,6.08058023,0,1,0,0,0,4.85835886,-9.2505064,26.2665977,1.08056867,3.50896168,3.28679991,747.866089,65.8182983,1.28250003,0.0250000004,50,1,0.119999997,0.550000012,0.0133333337
C5_rand_10_r0,0,815,12.6213331,12,3.30719852,3.28679991,0.0187801141,0.000780114264,0.014093101,0.0134011991,0.00459880102,3.06890774,14,2.5,6.08058023,0,1,0,0,0,4.85835886,-9.2505064,26.2665977,1.08056867,3.50896168,3.28679991,747.866089,65.8182983,1.28250003,0.0250000004,50,1,0.119999997,0.550000012,0.0133333337
C5_rand_10_r0,0,816,12.6346664,12,3.5134418,3.28679991,0.0188466199,0.000846619951,0.0147978319,0.0129639478,0.00503605232,3.68218637,14,2.5,6.08058023,0,1,0,0,0,4.85835886,-9.2505064,26.2665977,1.08056867,3.50896168,3.28679991,747.866089,65.8182983,1.28250003,0.0250000004,50,1,0.119999997,0.550000012,0.0133333337
C5_rand_10_r0,0,817,12.6479998,12,3.54154325,3.28679991,0.0189284664,0.000928466266,0.0144043528,0.0128825428,0.00511745736,3.56453538,14,2.5,6.08058023,0,1,0,0,0,4.85835886,-9.2505064,26.2665977,1.08056867,3.50896168,3.28679991,747.866089,65.8182983,1.28250003,0.0250000004,50,1,0.119999997,0.550000012,0.0133333337
C5_rand_10_r0,0,818,12.6613331,12,3.29961848,3.28679991,0.0189456679,0.000945667969,0.0147349034,0.0134204384,0.00457956176,3.10168004,14,2.5,6.08058023,0,1,0,0,0,4.85835886,-9.2505064,26.2665977,1.08056867,3.50896168,3.28679991,747.866089,65.8182983,1.28250003,0.0250000004,50,1,0.119999997,0.550000012,0.0133333337
C5_rand_10_r0,0,819,12.6746664,12,3.39927101,3.28679991,0.0189797767,0.000979776843,0.0142158149,0.0132548511,0.00474514905,3.48080468,14,2.5,6.08058023,0,1,0,0,0,4.85835886,-9.2505064,26.2665977,1.08056867,3.50896168,3.28679991,747.866089,65.8182983,1.28250003,0.0250000004,50,1,0.119999997,0.550000012,0.0133333337
C5_rand_10_r0,0,820,12.6879997,12,3.30567575,3.28679991,0.0189907048,0.000990704983,0.0147724682,0.0135021396,0.00449786056,3.22909808,14,2.5,6.08058023,0,1,0,0,0,4.85835886,-9.2505064,26.2665977,1.08056867,3.50896168,3.28679991,747.866089,65.8182983,1.28250003,0.0250000004,50,1,0.119999997,0.550000012,0.0133333337
C5_rand_10_r0,0,821,12.701333,12,3.29263258,3.28679991,0.018994147,0.000994146452,0.0139301503,0.0135538606,0.00444613956,3.28196096,14,2.5,6.08058023,0,1,0,0,0,4.85835886,-9.2505064,26.2665977,1.08056867,3.50896168,3.28679991,747.866089,65.8182983,1.28250003,0.0250000004,50,1,0.119999997,0.550000012,0.0133333337
C5_rand_10_r0,0,822,12.7146664,12,3.2090714,3.28679991,0.0189731289,0.000973128772,0.0145043554,0.0137822749,0.00421772525,3.14070296,14,2.5,6.08058023,0,1,0,0,0,4.85835886,-9.2505064,26.2665977,1.08056867,3.50896168,3.28679991,747.866089,65.8182983,1.28250003,0.0250000004,50,1,0.119999997,0.550000012,0.0133333337
C5_rand_10_r0,0,823,12.7279997,12,3.19526267,3.28679991,0.0189441983,0.000944198808,0.0141589483,0.0138535844,0.00414641527,3.18396449,14,2.5,6.08058023,0,1,0,0,0,4.85835886,-9.2505064,26.2665977,1.08056867,3.50896168,3.28679991,747.866089,65.8182983,1.28250003,0.0250000004,50,1,0.119999997,0.550000012,0.0133333337
C5_rand_10_r0,0,824,12.741333,12,3.23654056,3.28679991,0.0189254154,0.000925416185,0.0144477114,0.0137799047,0.004220095,3.2703135,14,2.5,6.08058023,0,1,0,0,0,4.85835886,-9.2505064,26.2665977,1.08056867,3.50896168,3.28679991,747.866089,65.8182983,1.28250003,0.0250000004,50,1,0.119999997,0.550000012,0.0133333337
C5_rand_10_r0,0,825,12.7546663,12,3.00854182,3.28679991,0.0188449919,0.000844991766,0.0147679625,0.0143257827,0.00367421773,2.8219974,14,2.5,6.08058023,0,1,0,0,0,4.85835886,-9.2505064,26.2665977,1.08056867,3.50896168,3.28679991,747.866089,65.8182983,1.28250003,0.0250000004,50,1,0.119999997,0.550000012,0.0133333337
C5_rand_10_r0,0,826,12.7679996,12,3.07083774,3.28679991,0.0187715981,0.000771598192,0.0146958819,0.014250394,0.0037496062,3.12180734,14,2.5,6.08058023,0,1,0,0,0,4.85835886,-9.2505064,26.2665977,1.08056867,3.50896168,3.28679991,747.866089,65.8182983,1.28250003,0.0250000004,50,1,0.119999997,0.550000012,0.0133333337
C5_rand_10_r0,0,827,12.781333,12,3.03081894,3.28679991,0.0186882596,0.00068826013,0.014823108,0.0143787125,0.00362128741,2.99807644,14,2.5,6.08058023,0,1,0,0,0,4.85835886,-9.2505064,26.2665977,1.08056867,3.50896168,3.28679991,747.866089,65.8182983,1.28250003,0.0250000004,50,1,0.119999997,0.550000012,0.0133333337
C5_rand_10_r0,0,828,12.7946663,12,3.06911159,3.28679991,0.018613901,0.000613901473,0.014492631,0.0142943477,0.00370565243,3.10044217,14,2.5,6.08058023,0,1,0,0,0,4.85835886,-9.2505064,26.2665977,1.08056867,3.50896168,3.28679991,747.866089,65.8182983,1.28250003,0.0250000004,50,1,0.119999997,0.550000012,0.0133333337
C5_rand_10_r0,0,829,12.8079996,12,2.9620204,3.28679991,0.0185112916,0.000511291786,0.0146356858,0.0145491809,0.00345081929,2.87440038,14,2.5,6.08058023,0,1,0,0,0,4.85835886,-9.2505064,26.2665977,1.08056867,3.50896168,3.28679991,747.866089,65.8182983,1.28250003,0.0250000004,50,1,0.119999997,0.550000012,0.0133333337
C5_rand_10_r0,0,830,12.8213329,12,3.00800037,3.28679991,0.0184167456,0.000416745839,0.0145660965,0.0144694149,0.00353058474,3.0456202,14,2.5,6.08058023,0,1,0,0,0,4.85835886,-9.2505064,26.2665977,1.08056867,3.50896168,3.28679991,747.866089,65.8182983,1.28250003,0.0250000004,50,1,0.119999997,0.550000012,0.0133333337
C5_rand_10_r0,0,831,12.8346663,12,3.05536199,3.28679991,0.0183367003,0.000336699828,0.0145704411,0.0143619943,0.00363800558,3.0941124,14,2.5,6.08058023,0,1,0,0,0,4.85835886,-9.2505064,26.2665977,1.08056867,3.50896168,3.28679991,747.866089,65.8182983,1.28250003,0.0250000004,50,1,0.119999997,0.550000012,0.0133333337
C5_rand_10_r0,0,832,12.8479996,12,2.88048077,3.28679991,0.018210493,0.000210492348,0.0149476565,0.0147624062,0.00323759345,2.737396,14,2.5,6.08058023,0,1,0,0,0,4.85835886,-9.2505064,26.2665977,1.08056867,3.50896168,3.28679991,747.866089,65.8182983,1.28250003,0.0250000004,50,1,0.119999997,0.550000012,0.0133333337
C5_rand_10_r0,0,833,12.8613329,12,2.90687728,3.28679991,0.0180839244,8.39236673e-05,0.0147883687,0.0147506632,0.0032493365,2.92847443,14,2.5,6.08058023,0,1,0,0,0,4.85835886,-9.2505064,26.2665977,1.08056867,3.50896168,3.28679991,747.866089,65.8182983,1.28250003,0.0250000004,50,1,0.119999997,0.550000012,0.0133333337
C5_rand_10_r0,0,834,12.8746662,12,2.90687108,3.28679991,0.0179572925,-4.27069099e-05,0.0149919689,0.0147814639,0.00321853603,2.90686607,14,2.5,6.08058023,0,1,0,0,0,4.85835886,-9.2505064,26.2665977,1.08056867,3.50896168,3.28679991,747.866089,65.8182983,1.28250003,0.0250000004,50,1,0.119999997,0.550000012,0.0133333337
C5_rand_10_r0,0,835,12.8879995,12,3.10344625,3.28679991,0.0178852566,-0.000114743605,0.0146632669,0.0143038789,0.00369612128,3.26428032,14,2.5,6.08058023,1,1,0,1,0,4.85835886,-9.2505064,26.2665977,1.08056867,3.50896168,3.28679991,747.866089,65.8182983,1.28250003,0.0250000004,50,1,0.119999997,0.550000012,0.0133333337
C5_rand_10_r0,0,836,13.0162497,13,2.99937797,3.28679991,0.0177934114,-0.00020658916,0.0146142924,0.0144836605,0.0035163397,2.9142313,14,2.5,6.08058023,1,1,0,2,0,1.41676891,-12.6170425,29.1796684,1.01421797,9.05422306,3.28679991,747.866089,65.8182983,1.28250003,0.0250000004,50,1,0.119999997,0.550000012,0.0133333337
C5_rand_10_r0,0,837,13.1444998,13,3.07654786,3.28679991,0.0177196991,-0.000280300126,0.0144099658,0.0142867956,0.00371320429,3.13968682,14,2.5,6.08058023,1,1,0,3,0,1.41676891,-12.6170425,29.1796684,1.01421797,9.05422306,3.28679991,747.866089,65.8182983,1.28250003,0.0250000004,50,1,0.119999997,0.550000012,0.0133333337
C5_rand_10_r0,0,838,13.2727499,13,3.01767373,3.28679991,0.0176326577,-0.000367342582,0.0145226792,0.0144185936,0.00358140632,2.96950412,14,2.5,6.08058023,1,1,0,4,0,1.41676891,-12.6170425,29.1796684,1.01421797,9.05422306,3.28679991,747.866089,65.8182983,1.28250003,0.0250000004,50,1,0.119999997,0.550000012,0.0133333337
C5_rand_10_r0,0,839,13.401,13,3.08360386,3.28679991,0.0175617076,-0.000438293035,0.0149670001,0.0142642949,0.00373570528,3.13754654,14,2.5,6.08058023,1,1,0,5,0,1.41676891,-12.6170425,29.1796684,1.01421797,9.05422306,3.28679991,747.866089,65.8182983,1.28250003,0.0250000004,50,1,0.119999997,0.550000012,0.0133333337
C5_rand_10_r0,0,840,13.5292501,13,3.05825019,3.28679991,0.0174863953,-0.000513604144,0.0148328235,0.0143130887,0.00368691143,3.03750634,14,2.5,6.08058023,1,1,0,6,0,1.41676891,-12.6170425,29.1796684,1.01421797,9.05422306,3.28679991,747.866089,65.8182983,1.28250003,0.0250000004,50,1,0.119999997,0.550000012,0.0133333337
C5_rand_10_r0,0,841,13.6575003,13,3.00444174,3.28679991,0.0173954107,-0.000604588888,0.0146372849,0.0144391945,0.00356080546,2.96041656,14,2.5,6.08058023,1,1,0,7,0,1.41676891,-12.6170425,29.1796684,1.01421797,9.05422306,3.28679991,747.866089,65.8182983,1.28250003,0.0250000004,50,1,0.119999997,0.550000012,0.0133333337
C5_rand_10_r0,0,842,13.7857504,13,3.35435176,3.28679991,0.0173990112,-0.000600988627,0.0141163804,0.0136124045,0.00438759616,3.64064169,14,2.5,6.08058023,1,1,0,8,0,1.41676891,-12.6170425,29.1796684,1.01421797,9.05422306,3.28679991,747.866089,65.8182983,1.28250003,0.0250000004,50,1,0.119999997,0.550000012,0.0133333337
C5_rand_10_r0,0,843,13.9139996,13,3.01794863,3.28679991,0.0173249301,-0.000675069459,0.0145030208,0.0143136075,0.00368639221,2.74270988,14,2.5,6.08058023,1,1,0,9,0,1.41676891,-12.6170425,29.1796684,1.01421797,9.05422306,3.28679991,747.866089,65.8182983,1.28250003,0.0250000004,50,1,0.119999997,0.550000012,0.0133333337
C5_rand_10_r0,0,844,14.0422497,14,3.3209815,3.28679991,0.0173220783,-0.000677921402,0.0140248528,0.0136190485,0.00438095117,3.56891751,14,2.5,6.08058023,1,1,0,10,0,-0.672450304,-7.04187489,26.6486416,1.06161141,3.07665253,3.28679991,747.866089,65.8182983,1.28250003,0.0250000004,50,1,0.119999997,0.550000012,0.0133333337
C5_rand_10_r0,0,845,14.1704998,14,3.44167089,3.28679991,0.017364623,-0.000635377015,0.0142735085,0.0132810343,0.00471896539,3.54041672,14,2.5,6.08058023,1,1,0,11,0,-0.672450304,-7.04187489,26.6486416,1.06161141,3.07665253,3.28679991,747.866089,65.8182983,1.28250003,0.0250000004,50,1,0.119999997,0.550000012,0.0133333337
C5_rand_10_r0,0,846,14.2987499,14,2.96482015,3.28679991,0.0172822755,-0.000717725197,0.0144563764,0.0143326577,0.00366734271,2.57466936,14,2.5,6.08058023,1,1,0,12,0,-0.672450304,-7.04187489,26.6486416,1.06161141,3.07665253,3.28679991,747.866089,65.8182983,1.28250003,0.0250000004,50,1,0.119999997,0.550000012,0.0133333337
C5_rand_10_r0,0,847,14.427,14,3.46367884,3.28679991,0.0173176825,-0.000682316895,0.0133182649,0.01325766,0.00474233972,3.87183595,14,2.5,6.08058023,1,1,0,13,0,-0.672450304,-7.04187489,26.6486416,1.06161141,3.07665253,3.28679991,747.866089,65.8182983,1.28250003,0.0250000004,50,1,0.119999997,0.550000012,0.0133333337
C5_rand_10_r0,0,848,14.5552502,14,3.17085052,3.28679991,0.0172913764,-0.000708623673,0.0144194039,0.0138935233,0.0041064769,2.93126392,14,2.5,6.08058023,1,1,0,14,0,-0.672450304,-7.04187489,26.6486416,1.06161141,3.07665253,3.28679991,747.866089,65.8182983,1.28250003,0.0250000004,50,1,0.119999997,0.550000012,0.0133333337
C5_rand_10_r0,0,849,14.6835003,14,3.40057874,3.28679991,0.0173185971,-0.000681402918,0.0136743626,0.013340543,0.00465945713,3.58853817,14,2.5,6.08058023,1,1,0,15,0,-0.672450304,-7.04187489,26.6486416,1.06161141,3.07665253,3.28679991,747.866089,65.8182983,1.28250003,0.0250000004,50,1,0.119999997,0.550000012,0.0133333337
C5_rand_10_r0,0,850,14.8117504,14,3.64888692,3.28679991,0.0174237136,-0.000576286402,0.0135845039,0.0127055421,0.00529445801,3.85204816,14,2.5,6.08058023,1,1,0,16,0,-0.672450304,-7.04187489,26.6486416,1.06161141,3.07665253,3.28679991,747.866089,65.8182983,1.28250003,0.0250000004,50,1,0.119999997,0.550000012,0.0133333337
C5_rand_10_r0,0,851,14.9399996,14,3.68488955,3.28679991,0.0175518133,-0.000448186591,0.0124906385,0.0124783413,0.00552165881,3.71434593,14,2.5,6.08058023,1,1,0,17,0,-0.672450304,-7.04187489,26.6486416,1.06161141,3.07665253,3.28679991,747.866089,65.8182983,1.28250003,0.0250000004,50,1,0.119999997,0.550000012,0.0133333337
C5_rand_10_r0,0,852,15.0682497,15,3.64488649,3.28679991,0.0176726319,-0.00032736815,0.0144279376,0.0124936188,0.00550638093,3.61215687,14,2.5,6.08058023,1,1,0,18,0,1.69049549,-1.56930602,29.720192,0.985781968,1.76289272,3.28679991,747.866089,65.8182983,1.28250003,0.0250000004,50,1,0.119999997,0.550000012,0.0133333337
C5_rand_10_r0,1,1274,0.0133333337,0,0,3.28679991,0.0496666655,0.0316666663,0.245505735,0.245437726,0,0,14,2.5,6.08058023,0,0,0,0,0,-0.934711277,-12.7048855,28.9471455,0.843601882,8.94263458,3.28679991,747.866089,65.8182983,1.28250003,0.0250000004,50,1,0.119999997,0.550000012,0.0133333337
C5_rand_10_r0,1,1275,0.0266666673,0,0,3.28679991,0.049333334,0.0313333347,0.243537813,0.243170217,0,0,14,2.5,6.08058023,0,0,0,0,0,-0.934711277,-12.7048855,28.9471455,0.843601882,8.94263458,3.28679991,747.866089,65.8182983,1.28250003,0.0250000004,50,1,0.119999997,0.550000012,0.0133333337
C5_rand_10_r0,1,1276,0.0399999991,0,0,3.28679991,0.0489999987,0.0309999995,0.23925288,0.239171326,0,0,14,2.5,6.08058023,0,0,0,0,0,-0.934711277,-12.7048855,28.9471455,0.843601882,8.94263458,3.28679991,747.866089,65.8182983,1.28250003,0.0250000004,50,1,0.119999997,0.550000012,0.0133333337
C5_rand_10_r0,1,1277,0.0533333346,0,0,3.28679991,0.0486666672,0.0306666661,0.234383434,0.234112173,0,0,14,2.5,6.08058023,0,0,0,0,0,-0.934711277,-12.7048855,28.9471455,0.843601882,8.94263458,3.28679991,747.866089,65.8182983,1.28250003,0.0250000004,50,1,0.119999997,0.550000012,0.0133333337
C5_rand_10_r0,1,1278,0.0666666701,0,0,3.28679991,0.0483333319,0.0303333327,0.229109824,0.228940666,0,0,14,2.5,6.08058023,0,0,0,0,0,-0.934711277,-12.7048855,28.9471455,0.843601882,8.94263458,3.28679991,747.866089,65.8182983,1.28250003,0.0250000004,50,1,0.119999997,0.550000012,0.0133333337
C5_rand_10_r0,1,1279,0.0799999982,0,0,3.28679991,0.0480000004,0.0299999993,0.223744303,0.223559245,0,0,14,2.5,6.08058023,0,0,0,0,0,-0.934711277,-12.7048855,28.9471455,0.843601882,8.94263458,3.28679991,747.866089,65.8182983,1.28250003,0.0250000004,50,1,0.119999997,0.550000012,0.0133333337
C5_rand_10_r0,1,1280,0.0933333337,0,0,3.28679991,0.0476666652,0.0296666659,0.218588412,0.218226358,0,0,14,2.5,6.08058023,0,0,0,0,0,-0.934711277,-12.7048855,28.9471455,0.843601882,8.94263458,3.28679991,747.866089,65.8182983,1.28250003,0.0250000004,50,1,0.119999997,0.550000012,0.0133333337
C5_rand_10_r0,1,1281,0.106666669,0,0,3.28679991,0.0473333336,0.0293333326,0.213158071,0.212894857,0,0,14,2.5,6.08058023,0,0,0,0,0,-0.934711277,-12.7048855,28.9471455,0.843601882,8.94263458,3.28679991,747.866089,65.8182983,1.28250003,0.0250000004,50,1,0.119999997,0.550000012,0.0133333337
C5_rand_10_r0,1,1282,0.119999997,0,0,3.28679991,0.0469999984,0.0289999992,0.207808778,0.207567871,0,0,14,2.5,6.08058023,0,0,0,0,0,-0.934711277,-12.7048855,28.9471455,0.843601882,8.94263458,3.28679991,747.866089,65.8182983,1.28250003,0.0250000004,50,1,0.119999997,0.550000012,0.0133333337
C5_rand_10_r0,1,1283,0.13333334,0,0,3.28679991,0.0466666669,0.0286666658,0.202669308,0.202316403,0,0,14,2.5,6.08058023,0,0,0,0,0,-0.934711277,-12.7048855,28.9471455,0.843601882,8.94263458,3.28679991,747.866089,65.8182983,1.28250003,0.0250000004,50,1,0.119999997,0.550000012,0.0133333337
C5_rand_10_r0,1,1284,0.146666661,0,0,3.28679991,0.0463333316,0.0283333343,0.197218001,0.196901217,0,0,14,2.5,6.08058023,0,0,0,0,0,-0.934711277,-12.7048855,28.9471455,0.843601882,8.94263458,3.28679991,747.866089,65.8182983,1.28250003,0.0250000004,50,1,0.119999997,0.550000012,0.0133333337
C5_rand_10_r0,1,1285,0.159999996,0,0,3.28679991,0.0460000001,0.0280000009,0.191844866,0.191621915,0,0,14,2.5,6.08058023,0,0,0,0,0,-0.934711277,-12.7048855,28.9471455,0.843601882,8.94263458,3.28679991,747.866089,65.8182983,1.28250003,0.0250000004,50,1,0.119999997,0.550000012,0.0133333337
C5_rand_10_r0,1,1286,0.173333332,0,0,3.28679991,0.0456666648,0.0276666675,0.186682567,0.186384231,0,0,14,2.5,6.08058023,0,0,0,0,0,-0.934711277,-12.7048855,28.9471455,0.843601882,8.94263458,3.28679991,747.866089,65.8182983,1.28250003,0.0250000004,50,1,0.119999997,0.550000012,0.0133333337
C5_rand_10_r0,1,1287,0.186666667,0,0,3.28679991,0.0453333333,0.0273333341,0.181210145,0.180890873,0,0,14,2.5,6.08058023,0,0,0,0,0,-0.934711277,-12.7048855,28.9471455,0.843601882,8.94263458,3.28679991,747.866089,65.8182983,1.28250003,0.0250000004,50,1,0.119999997,0.550000012,0.0133333337
C5_rand_10_r0,1,1288,0.200000003,0,0,3.28679991,0.0450000018,0.0270000007,0.175786018,0.175627351,0,0,14,2.5,6.08058023,0,0,0,0,0,-0.934711277,-12.7048855,28.9471455,0.843601882,8.94263458,3.28679991,747.866089,65.8182983,1.28250003,0.0250000004,50,1,0.119999997,0.550000012,0.0133333337
C5_rand_10_r0,1,1289,0.213333338,0,0,3.28679991,0.0446666665,0.0266666673,0.170609221,0.170399114,0,0,14,2.5,6.08058023,0,0,0,0,0,-0.934711277,-12.7048855,28.9471455,0.843601882,8.94263458,3.28679991,747.866089,65.8182983,1.28250003,0.0250000004,50,1,0.119999997,0.550000012,0.0133333337
C5_rand_10_r0,1,1290,0.226666674,0,0,3.28679991,0.044333335,0.0263333339,0.165082052,0.164829195,0,0,14,2.5,6.08058023,0,0,0,0,0,-0.934711277,-12.7048855,28.9471455,0.843601882,8.94263458,3.28679991,747.866089,65.8182983,1.28250003,0.0250000004,50,1,0.119999997,0.550000012,0.0133333337
C5_rand_10_r0,1,1291,0.239999995,0,0,3.28679991,0.0439999998,0.0260000005,0.159616619,0.159562483,0,0,14,2.5,6.08058023,0,0,0,0,0,-0.934711277,-12.7048855,28.9471455,0.843601882,8.94263458,3.28679991,747.866089,65.8182983,1.28250003,0.0250000004,50,1,0.119999997,0.550000012,0.0133333337
C5_rand_10_r0,1,1292,0.25333333,0,0,3.28679991,0.0436666682,0.0256666671,0.154470712,0.154312655,0,0,14,2.5,6.08058023,0,0,0,0,0,-0.934711277,-12.7048855,28.9471455,0.843601882,8.94263458,3.28679991,747.866089,65.8182983,1.28250003,0.0250000004,50,1,0.119999997,0.550000012,0.0133333337
C5_rand_10_r0,1,1293,0.266666681,0,0,3.28679991,0.043333333,0.0253333338,0.148805663,0.148663953,0,0,14,2.5,6.08058023,0,0,0,0,0,-0.934711277,-12.7048855,28.9471455,0.843601882,8.94263458,3.28679991,747.866089,65.8182983,1.28250003,0.0250000004,50,1,0.119999997,0.550000012,0.0133333337
C5_rand_10_r0,1,1294,0.280000001,0,0,3.28679991,0.0430000015,0.0250000004,0.143367574,0.143362477,0,0,14,2.5,6.08058023,0,0,0,0,0,-0.934711277,-12.7048855,28.9471455,0.843601882,8.94263458,3.28679991,747.866089,65.8182983,1.28250003,0.0250000004,50,1,0.119999997,0.550000012,0.0133333337
C5_rand_10_r0,1,1295,0.293333322,0,0,3.28679991,0.0426666662,0.024666667,0.138216272,0.137709171,0,0,14,2.5,6.08058023,0,0,0,0,0,-0.934711277,-12.7048855,28.9471455,0.843601882,8.94263458,3.28679991,747.866089,65.8182983,1.28250003,0.0250000004,50,1,0.119999997,0.550000012,0.0133333337
C5_rand_10_r0,1,1296,0.306666672,0,0,3.28679991,0.0423333347,0.0243333336,0.132465109,0.132374868,0,0,14,2.5,6.08058023,0,0,0,0,0,-0.934711277,-12.7048855,28.9471455,0.843601882,8.94263458,3.28679991,747.866089,65.8182983,1.28250003,0.0250000004,50,1,0.119999997,0.550000012,0.0133333337
C5_rand_10_r0,1,1297,0.319999993,0,0,3.28679991,0.0419999994,0.0240000002,0.127254158,0.12706469,0,0,14,2.5,6.08058023,0,0,0,0,0,-0.934711277,-12.7048855,28.9471455,0.843601882,8.94263458,3.28679991,747.866089,65.8182983,1.28250003,0.0250000004,50,1,0.119999997,0.550000012,0.0133333337
C5_rand_10_r0,1,1298,0.333333343,0,0,3.28679991,0.0416666679,0.0236666668,0.121829435,0.121411592,0,0,14,2.5,6.08058023,0,0,0,0,0,-0.934711277,-12.7048855,28.9471455,0.843601882,8.94263458,3.28679991,747.866089,65.8182983,1.28250003,0.0250000004,50,1,0.119999997,0.550000012,0.0133333337
C5_rand_10_r0,1,1299,0.346666664,0,0,3.28679991,0.0413333327,0.0233333334,0.116392694,0.11610885,0,0,14,2.5,6.08058023,0,0,0,0,0,-0.934711277,-12.7048855,28.9471455,0.843601882,8.94263458,3.28679991,747.866089,65.8182983,1.28250003,0.0250000004,50,1,0.119999997,0.550000012,0.0133333337
C5_rand_10_r0,1,1300,0.360000014,0,0,3.28679991,0.0410000011,0.023,0.111539654,0.110519707,0,0,14,2.5,6.08058023,0,0,0,0,0,-0.934711277,-12.7048855,28.9471455,0.843601882,8.94263458,3.28679991,747.866089,65.8182983,1.28250003,0.0250000004,50,1,0.119999997,0.550000012,0.0133333337
C5_rand_10_r0,1,1301,0.373333335,0,0,3.28679991,0.0406666659,0.0226666667,0.10587924,0.105281934,0,0,14,2.5,6.08058023,0,0,0,0,0,-0.934711277,-12.7048855,28.9471455,0.843601882,8.94263458,3.28679991,747.866089,65.8182983,1.28250003,0.0250000004,50,1,0.119999997,0.550000012,0.0133333337
C5_rand_10_r0,1,1302,0.386666656,0,0,3.28679991,0.0403333344,0.0223333333,0.101160198,0.100856259,0,0,14,2.5,6.08058023,0,0,0,0,0,-0.934711277,-12.7048855,28.9471455,0.843601882,8.94263458,3.28679991,747.866089,65.8182983,1.28250003,0.0250000004,50,1,0.119999997,0.550000012,0.0133333337
C5_rand_10_r0,1,1303,0.400000006,0,0,3.28679991,0.0399999991,0.0219999999,0.095795095,0.0947230309,0,0,14,2.5,6.08058023,0,0,0,0,0,-0.934711277,-12.7048855,28.9471455,0.843601882,8.94263458,3.28679991,747.866089,65.8182983,1.28250003,0.0250000004,50,1,0.119999997,0.550000012,0.0133333337
C5_rand_10_r0,1,1304,0.413333327,0,0,3.28679991,0.0396666676,0.0216666665,0.0910806656,0.0904970095,0,0,14,2.5,6.08058023,0,0,0,0,0,-0.934711277,-12.7048855,28.9471455,0.843601882,8.94263458,3.28679991,747.866089,65.8182983,1.28250003,0.0250000004,50,1,0.119999997,0.550000012,0.0133333337
C5_rand_10_r0,1,1305,0.426666677,0,0,3.28679991,0.0393333323,0.0213333331,0.0859380141,0.0857237801,0,0,14,2.5,6.08058023,0,0,0,0,0,-0.934711277,-12.7048855,28.9471455,0.843601882,8.94263458,3.28679991,747.866089,65.8182983,1.28250003,0.0250000004,50,1,0.119999997,0.550000012,0.0133333337
C5_rand_10_r0,1,1306,0.439999998,0,0,3.28679991,0.0390000008,0.0209999997,0.0814386159,0.081120722,0,0,14,2.5,6.08058023,0,0,0,0,0,-0.934711277,-12.7048855,28.9471455,0.843601882,8.94263458,3.28679991,747.866089,65.8182983,1.28250003,0.0250000004,50,1,0.119999997,0.550000012,0.0133333337
C5_rand_10_r0,1,1307,0.453333348,0,0,3.28679991,0.0386666656,0.0206666663,0.0766330436,0.0763758793,0,0,14,2.5,6.08058023,0,0,0,0,0,-0.934711277,-12.7048855,28.9471455,0.843601882,8.94263458,3.28679991,747.866089,65.8182983,1.28250003,0.0250000004,50,1,0.119999997,0.550000012,0.0133333337
C5_rand_10_r0,1,1308,0.466666669,0,0,3.28679991,0.038333334,0.0203333329,0.0726187155,0.0722290054,0,0,14,2.5,6.08058023,0,0,0,0,0,-0.934711277,-12.7048855,28.9471455,0.843601882,8.94263458,3.28679991,747.866089,65.8182983,1.28250003,0.0250000004,50,1,0.119999997,0.550000012,0.0133333337
C5_rand_10_r0,1,1309,0.479999989,0,0,3.28679991,0.0379999988,0.0199999996,0.0681847483,0.0679307356,0,0,14,2.5,6.08058023,0,0,0,0,0,-0.934711277,-12.7048855,28.9471455,0.843601882,8.94263458,3.28679991,747.866089,65.8182983,1.28250003,0.0250000004,50,1,0.119999997,0.550000012,0.0133333337
C5_rand_10_r0,1,1310,0.49333334,0,0,3.28679991,0.0376666673,0.0196666662,0.0646714643,0.0643400326,0,0,14,2.5,6.08058023,0,0,0,0,0,-0.934711277,-12.7048855,28.9471455,0.843601882,8.94263458,3.28679991,747.866089,65.8182983,1.28250003,0.0250000004,50,1,0.119999997,0.550000012,0.0133333337
C5_rand_10_r0,1,1311,0.50666666,0,0,3.28679991,0.037333332,0.0193333328,0.0606353618,0.0604523569,0,0,14,2.5,6.08058023,0,0,0,0,0,-0.934711277,-12.7048855,28.9471455,0.843601882,8.94263458,3.28679991,747.866089,65.8182983,1.28250003,0.0250000004,50,1,0.119999997,0.550000012,0.0133333337
C5_rand_10_r0,1,1312,0.519999981,0,0,3.28679991,0.0370000005,0.0189999994,0.0574792735,0.0573279001,0,0,14,2.5,6.08058023,0,0,0,0,0,-0.934711277,-12.7048855,28.9471455,0.843601882,8.94263458,3.28679991,747.866089,65.8182983,1.28250003,0.0250000004,50,1,0.119999997,0.550000012,0.0133333337
C5_rand_10_r0,1,1313,0.533333361,0,0,3.28679991,0.0366666652,0.018666666,0.0539977811,0.0539164729,0,0,14,2.5,6.08058023,0,0,0,0,0,-0.934711277,-12.7048855,28.9471455,0.843601882,8.94263458,3.28679991,747.866089,65.8182983,1.28250003,0.0250000004,50,1,0.119999997,0.550000012,0.0133333337
C5_rand_10_r0,1,1314,0.546666682,0,0,3.28679991,0.0363333337,0.0183333326,0.0513035953,0.0512306727,0,0,14,2.5,6.08058023,0,0,0,0,0,-0.934711277,-12.7048855,28.9471455,0.843601882,8.94263458,3.28679991,747.866089,65.8182983,1.28250003,0.0250000004,50,1,0.119999997,0.550000012,0.0133333337
C5_rand_10_r0,1,1315,0.560000002,0,0,3.28679991,0.0359999985,0.0179999992,0.0482871868,0.0482466556,0,0,14,2.5,6.08058023,0,0,0,0,0,-0.934711277,-12.7048855,28.9471455,0.843601882,8.94263458,3.28679991,747.866089,65.8182983,1.28250003,0.0250000004,50,1,0.119999997,0.550000012,0.0133333337
C5_rand_10_r0,1,1316,0.573333323,0,0,3.28679991,0.0356666669,0.0176666658,0.0457487367,0.045497261,0,0,14,2.5,6.08058023,0,0,0,0,0,-0.934711277,-12.7048855,28.9471455,0.843601882,8.94263458,3.28679991,747.866089,65.8182983,1.28250003,0.0250000004,50,1,0.119999997,0.550000012,0.0133333337
C5_rand_10_r0,1,1317,0.586666644,0,0.724001288,3.28679991,0.0353333317,0.0173333324,0.0435393341,0.0433524698,0,1.31636596,14,2.5,6.08058023,0,0,0,0,0,-0.934711277,-12.7048855,28.9471455,0.843601882,8.94263458,3.28679991,747.866089,65.8182983,1.28250003,0.0250000004,50,1,0.119999997,0.550000012,0.0133333337
C5_rand_10_r0,1,1318,0.600000024,0,1.04980183,3.28679991,0.0350000001,0.0170000009,0.0408955738,0.0401862636,0,1.31636596,14,2.5,6.08058023,0,0,0,0,0,-0.934711277,-12.7048855,28.9471455,0.843601882,8.94263458,3.28679991,747.866089,65.8182983,1.28250003,0.0250000004,50,1,0.119999997,0.550000012,0.0133333337
C5_rand_10_r0,1,1319,0.613333344,0,1.19641221,3.28679991,0.0346666649,0.0166666675,0.0395915657,0.0387412645,0,1.31636596,14,2.5,6.08058023,0,0,0,0,0,-0.934711277,-12.7048855,28.9471455,0.843601882,8.94263458,3.28679991,747.866089,65.8182983,1.28250003,0.0250000004,50,1,0.119999997,0.550000012,0.0133333337
C5_rand_10_r0,1,1320,0.626666665,0,1.2623868,3.28679991,0.0343333334,0.0163333341,0.03653799,0.0362601914,0,1.31636596,14,2.5,6.08058023,0,0,0,0,0,-0.934711277,-12.7048855,28.9471455,0.843601882,8.94263458,3.28679991,747.866089,65.8182983,1.28250003,0.0250000004,50,1,0.119999997,0.550000012,0.0133333337
C5_rand_10_r0,1,1321,0.639999986,0,1.2920754,3.28679991,0.0340000018,0.0160000008,0.0357275642,0.0349458307,0,1.31636596,14,2.5,6.08058023,0,0,0,0,0,-0.934711277,-12.7048855,28.9471455,0.843601882,8.94263458,3.28679991,747.866089,65.8182983,1.28250003,0.0250000004,50,1,0.119999997,0.550000012,0.0133333337
C5_rand_10_r0,1,1322,0.653333306,0,1.30543518,3.28679991,0.0336666666,0.0156666674,0.0329388566,0.0329135545,0,1.31636596,14,2.5,6.08058023,0,0,0,0,0,-0.934711277,-12.7048855,28.9471455,0.843601882,8.94263458,3.28679991,747.866089,65.8182983,1.28250003,0.0250000004,50,1,0.119999997,0.550000012,0.0133333337
C5_rand_10_r0,1,1323,0.666666687,0,1.31144714,3.28679991,0.0333333351,0.0153333331,0.0319286995,0.0318551734,0,1.31636596,14,2.5,6.08058023,0,0,0,0,0,-0.934711277,-12.7048855,28.9471455,0.843601882,8.94263458,3.28679991,747.866089,65.8182983,1.28250003,0.0250000004,50,1,0.119999997,0.550000012,0.0133333337
C5_rand_10_r0,1,1324,0.680000007,0,1.31415248,3.28679991,0.0329999998,0.0149999997,0.0301581379,0.0300903618,0,1.31636596,14,2.5,6.08058023,0,0,0,0,0,-0.934711277,-12.7048855,28.9471455,0.843601882,8.94263458,3.28679991,747.866089,65.8182983,1.28250003,0.0250000004,50,1,0.119999997,0.550000012,0.0133333337
C5_rand_10_r0,1,1325,0.693333328,0,1.31536996,3.28679991,0.0326666683,0.0146666663,0.0294320565,0.0292682759,0,1.31636596,14,2.5,6.08058023,0,0,0,0,0,-0.934711277,-12.7048855,28.9471455,0.843601882,8.94263458,3.28679991,747.866089,65.8182983,1.28250003,0.0250000004,50,1,0.119999997,0.550000012,0.0133333337
C5_rand_10_r0,1,1326,0.706666648,0,1.31591773,3.28679991,0.032333333,0.0143333329,0.0282313377,0.0277377479,0,1.31636596,14,2.5,6.08058023,0,0,0,0,0,-0.934711277,-12.7048855,28.9471455,0.843601882,8.94263458,3.28679991,747.866089,65.8182983,1.28250003,0.0250000004,50,1,0.119999997,0.550000012,0.0133333337
C5_rand_10_r0,1,1327,0.720000029,0,1.31616426,3.28679991,0.0320000015,0.0140000004,0.0269701313,0.0263743512,0,1.31636596,14,2.5,6.08058023,0,0,0,0,0,-0.934711277,-12.7048855,28.9471455,0.843601882,8.94263458,3.28679991,747.866089,65.8182983,1.28250003,0.0250000004,50,1,0.119999997,0.550000012,0.0133333337
C5_rand_10_r0,1,1328,0.733333349,0,1.31627524,3.28679991,0.0316666663,0.013666667,0.0271314941,0.0258096606,0,1.31636596,14,2.5,6.08058023,0,0,0,0,0,-0.934711277,-12.7048855,28.9471455,0.843601882,8.94263458,3.28679991,747.866089,65.8182983,1.28250003,0.0250000004,50,1,0.119999997,0.550000012,0.0133333337
C5_rand_10_r0,1,1329,0.74666667,0,1.31632519,3.28679991,0.0313333347,0.0133333337,0.0247917715,0.024609413,0,1.31636596,14,2.5,6.08058023,0,0,0,0,0,-0.934711277,-12.7048855,28.9471455,0.843601882,8.94263458,3.28679991,747.866089,65.8182983,1.28250003,0.0250000004,50,1,0.119999997,0.550000012,0.0133333337
C5_rand_10_r0,1,1330,0.75999999,0,1.3163476,3.28679991,0.0309999995,0.0130000003,0.0248387922,0.0238880254,0,1.31636596,14,2.5,6.08058023,0,0,0,0,0,-0.934711277,-12.7048855,28.9471455,0.843601882,8.94263458,3.28679991,747.866089,65.8182983,1.28250003,0.0250000004,50,1,0.119999997,0.550000012,0.0133333337
C5_rand_10_r0,1,1331,0.773333311,0,1.31635773,3.28679991,0.0306666661,0.0126666669,0.0236968827,0.0231930073,0,1.31636596,14,2.5,6.08058023,0,0,0,0,0,-0.934711277,-12.7048855,28.9471455,0.843601882,8.94263458,3.28679991,747.866089,65.8182983,1.28250003,0.0250000004,50,1,0.119999997,0.550000012,0.0133333337
C5_rand_10_r0,1,1332,0.786666691,0,1.31636226,3.28679991,0.0303333327,0.0123333335,0.0233032051,0.02261227,0,1.31636596,14,2.5,6.08058023,0,0,0,0,0,-0.934711277,-12.7048855,28.9471455,0.843601882,8.94263458,3.28679991,747.866089,65.8182983,1.28250003,0.0250000004,50,1,0.119999997,0.550000012,0.0133333337
C5_rand_10_r0,1,1333,0.800000012,0,1.31636429,3.28679991,0.0299999993,0.0120000001,0.0226349197,0.0225245822,0,1.31636596,14,2.5,6.08058023,0,0,0,0,0,-0.934711277,-12.7048855,28.9471455,0.843601882,8.94263458,3.28679991,747.866089,65.8182983,1.28250003,0.0250000004,50,1,0.119999997,0.550000012,0.0133333337
C5_rand_10_r0,1,1334,0.813333333,0,1.31636524,3.28679991,0.0296666659,0.0116666667,0.0224841349,0.0220017843,0,1.31636596,14,2.5,6.08058023,0,0,0,0,0,-0.934711277,-12.7048855,28.9471455,0.843601882,8.94263458,3.28679991,747.866089,65.8182983,1.28250003,0.0250000004,50,1,0.119999997,0.550000012,0.0133333337
C5_rand_10_r0,1,1335,0.826666653,0,1.31636572,3.28679991,0.0293333326,0.0113333333,0.0219226573,0.021605378,0,1.31636596,14,2.5,6.08058023,0,0,0,0,0,-0.934711277,-12.7048855,28.9471455,0.843601882,8.94263458,3.28679991,747.866089,65.8182983,1.28250003,0.0250000004,50,1,0.119999997,0.550000012,0.0133333337
C5_rand_10_r0,1,1336,0.839999974,0,1.31636584,3.28679991,0.0289999992,0.0109999999,0.0212323535,0.0211539362,0,1.31636596,14,2.5,6.08058023,0,0,0,0,0,-0.934711277,-12.7048855,28.9471455,0.843601882,8.94263458,3.28679991,747.866089,65.8182983,1.28250003,0.0250000004,50,1,0.119999997,0.550000012,0.0133333337
C5_rand_10_r0,1,1337,0.853333354,0,1.31636596,3.28679991,0.0286666658,0.0106666666,0.0212894268,0.020932328,0,1.31636596,14,2.5,6.08058023,0,0,0,0,0,-0.934711277,-12.7048855,28.9471455,0.843601882,8.94263458,3.28679991,747.866089,65.8182983,1.28250003,0.0250000004,50,1,0.119999997,0.550000012,0.0133333337
C5_rand_10_r0,1,1338,0.866666675,0,1.31636596,3.28679991,0.0283333343,0.0103333332,0.0208142698,0.0207734555,0,1.31636596,14,2.5,6.08058023,0,0,0,0,0,-0.934711277,-12.7048855,28.9471455,0.843601882,8.94263458,3.28679991,747.866089,65.8182983,1.28250003,0.0250000004,50,1,0.119999997,0.550000012,0.0133333337
C5_rand_10_r0,1,1339,0.879999995,0,1.31636596,3.28679991,0.0280000009,0.00999999978,0.0204585847,0.020327244,0,1.31636596,14,2.5,6.08058023,0,0,0,0,0,-0.934711277,-12.7048855,28.9471455,0.843601882,8.94263458,3.28679991,747.866089,65.8182983,1.28250003,0.0250000004,50,1,0.119999997,0.550000012,0.0133333337
C5_rand_10_r0,1,1340,0.893333316,0,1.31636596,3.28679991,0.0276666675,0.00966666639,0.0204755925,0.0200589839,0,1.31636596,14,2.5,6.08058023,0,0,0,0,0,-0.934711277,-12.7048855,28.9471455,0.843601882,8.94263458,3.28679991,747.866089,65.8182983,1.28250003,0.0250000004,50,1,0.119999997,0.550000012,0.0133333337
C5_rand_10_r0,1,1341,0.906666696,0,1.31636596,3.28679991,0.0273333341,0.009333333,0.0198964905,0.0193042681,0,1.31636596,14,2.5,6.08058023,0,0,0,0,0,-0.934711277,-12.7048855,28.9471455,0.843601882,8.94263458,3.28679991,747.866089,65.8182983,1.28250003,0.0250000004,50,1,0.119999997,0.550000012,0.0133333337
C5_rand_10_r0,1,1342,0.920000017,0,1.31636596,3.28679991,0.0270000007,0.00899999961,0.0200760048,0.0190512426,0,1.31636596,14,2.5,6.08058023,0,0,0,0,0,-0.934711277,-12.7048855,28.9471455,0.843601882,8.94263458,3.28679991,747.866089,65.8182983,1.28250003,0.0250000004,50,1,0.119999997,0.550000012,0.0133333337
C5_rand_10_r0,1,1343,0.933333337,0,1.31636596,3.28679991,0.0266666673,0.00866666622,0.0189298969,0.0188399721,0,1.31636596,14,2.5,6.08058023,0,0,0,0,0,-0.934711277,-12.7048855,28.9471455,0.843601882,8.94263458,3.28679991,747.866089,65.8182983,1.28250003,0.0250000004,50,1,0.119999997,0.550000012,0.0133333337
C5_rand_10_r0,1,1344,0.946666658,0,1.31636596,3.28679991,0.0263333339,0.00833333377,0.0192593336,0.0186522044,0,1.31636596,14,2.5,6.08058023,0,0,0,0,0,-0.934711277,-12.7048855,28.9471455,0.843601882,8.94263458,3.28679991,747.866089,65.8182983,1.28250003,0.0250000004,50,1,0.119999997,0.550000012,0.0133333337
C5_rand_10_r0,1,1345,0.959999979,0,1.31636596,3.28679991,0.0260000005,0.00800000038,0.0185503103,0.0184067357,0,1.31636596,14,2.5,6.08058023,0,0,0,0,0,-0.934711277,-12.7048855,28.9471455,0.843601882,8.94263458,3.28679991,747.866089,65.8182983,1.28250003,0.0250000004,50,1,0.119999997,0.550000012,0.0133333337
C5_rand_10_r0,1,1346,0.973333359,0,1.31636596,3.28679991,0.0256666671,0.00766666653,0.0185180549,0.0182408001,0,1.31636596,14,2.5,6.08058023,0,0,0,0,0,-0.934711277,-12.7048855,28.9471455,0.843601882,8.94263458,3.28679991,747.866089,65.8182983,1.28250003,0.0250000004,50,1,0.119999997,0.550000012,0.0133333337
C5_rand_10_r0,1,1347,0.986666679,0,1.32070422,3.28679991,0.0253333338,0.00733333314,0.018701179,0.0179894529,1.05470008e-05,1.3242538,14,2.5,6.08058023,0,0,0,0,0,-0.934711277,-12.7048855,28.9471455,0.843601882,8.94263458,3.28679991,747.866089,65.8182983,1.28250003,0.0250000004,50,1,0.119999997,0.550000012,0.0133333337
C5_rand_10_r0,1,1348,1,0,1.31831825,3.28679991,0.0250000004,0.00700000022,0.0182312932,0.0181233976,0,1.31636596,14,2.5,6.08058023,0,0,0,0,0,-0.934711277,-12.7048855,28.9471455,0.843601882,8.94263458,3.28679991,747.866089,65.8182983,1.28250003,0.0250000004,50,1,0.119999997,0.550000012,0.0133333337
C5_rand_10_r0,1,1349,1.01333332,1,1.33508921,3.28679991,0.024666667,0.00666666683,0.0182616115,0.0179566164,4.3383312e-05,1.34881091,14,2.5,6.08058023,0,0,0,0,0,-0.45524171,-1.8221395,20.8162556,0.815165877,35.0374184,3.28679991,747.866089,65.8182983,1.28250003,0.0250000004,50,1,0.119999997,0.550000012,0.0133333337
C5_rand_10_r0,1,1350,1.02666664,1,1.45241547,3.28679991,0.0243333336,0.00633333344,0.0180964693,0.0176897254,0.000310274394,1.5484097,14,2.5,6.08058023,0,0,0,0,0,-0.45524171,-1.8221395,20.8162556,0.815165877,35.0374184,3.28679991,747.866089,65.8182983,1.28250003,0.0250000004,50,1,0.119999997,0.550000012,0.0133333337
C5_rand_10_r0,1,1351,1.03999996,1,1.57680416,3.28679991,0.0240000002,0.00600000005,0.0178455748,0.0175156742,0.000484325603,1.67857671,14,2.5,6.08058023,0,0,0,0,0,-0.45524171,-1.8221395,20.8162556,0.815165877,35.0374184,3.28679991,747.866089,65.8182983,1.28250003,0.0250000004,50,1,0.119999997,0.550000012,0.0133333337
C5_rand_10_r0,1,1352,1.05333328,1,1.78192413,3.28679991,0.0236666668,0.00566666666,0.0178164802,0.0171530787,0.000846921059,1.94974959,14,2.5,6.08058023,0,0,0,0,0,-0.45524171,-1.8221395,20.8162556,0.815165877,35.0374184,3.28679991,747.866089,65.8182983,1.28250003,0.0250000004,50,1,0.119999997,0.550000012,0.0133333337
C5_rand_10_r0,1,1353,1.06666672,1,1.94587398,3.28679991,0.0233333334,0.00533333328,0.0172269382,0.0169788972,0.00102110358,2.08001471,14,2.5,6.08058023,0,0,0,0,0,-0.45524171,-1.8221395,20.8162556,0.815165877,35.0374184,3.28679991,747.866089,65.8182983,1.28250003,0.0250000004,50,1,0.119999997,0.550000012,0.0133333337
C5_rand_10_r0,1,1354,1.08000004,1,2.14865637,3.28679991,0.023,0.00499999989,0.0176504832,0.016665265,0.00133473508,2.31456923,14,2.5,6.08058023,0,0,0,0,0,-0.45524171,-1.8221395,20.8162556,0.815165877,35.0374184,3.28679991,747.866089,65.8182983,1.28250003,0.0250000004,50,1,0.119999997,0.550000012,0.0133333337
C5_rand_10_r0,1,1355,1.09333336,1,2.31445456,3.28679991,0.0226743482,0.00467434851,0.0165170394,0.0164840315,0.00151596905,2.45010781,14,2.5,6.08058023,0,0,0,0,0,-0.45524171,-1.8221395,20.8162556,0.815165877,35.0374184,3.28679991,747.866089,65.8182983,1.28250003,0.0250000004,50,1,0.119999997,0.550000012,0.0133333337
C5_rand_10_r0,1,1356,1.10666668,1,2.44821024,3.28679991,0.022387132,0.00438713189,0.0168725718,0.0162996724,0.00170032715,2.55764675,14,2.5,6.08058023,0,0,0,0,0,-0.45524171,-1.8221395,20.8162556,0.815165877,35.0374184,3.28679991,747.866089,65.8182983,1.28250003,0.0250000004,50,1,0.119999997,0.550000012,0.0133333337
C5_rand_10_r0,1,1357,1.12,1,2.56159592,3.28679991,0.022137817,0.00413781684,0.0161851179,0.0159673914,0.00203260803,2.65436625,14,2.5,6.08058023,0,1,0,0,0,-0.45524171,-1.8221395,20.8162556,0.815165877,35.0374184,3.28679991,747.866089,65.8182983,1.28250003,0.0250000004,50,1,0.119999997,0.550000012,0.0133333337
C5_rand_10_r0,1,1358,1.13333333,1,2.61040521,3.28679991,0.0219083764,0.00390837668,0.0159622375,0.0157726351,0.00222736457,2.65034008,14,2.5,6.08058023,0,1,0,0,0,-0.45524171,-1.8221395,20.8162556,0.815165877,35.0374184,3.28679991,747.866089,65.8182983,1.28250003,0.0250000004,50,1,0.119999997,0.550000012,0.0133333337
C5_rand_10_r0,1,1359,1.14666665,1,2.64105296,3.28679991,0.0216907617,0.00369076245,0.0157596525,0.0156465732,0.00235342584,2.6661284,14,2.5,6.08058023,0,1,0,0,0,-0.45524171,-1.8221395,20.8162556,0.815165877,35.0374184,3.28679991,747.866089,65.8182983,1.28250003,0.0250000004,50,1,0.119999997,0.550000012,0.0133333337
C5_rand_10_r0,1,1360,1.15999997,1,2.7931385,3.28679991,0.0215173662,0.00351736532,0.0153734693,0.0152479131,0.00275208685,2.91757226,14,2.5,6.08058023,0,1,0,0,0,-0.45524171,-1.8221395,20.8162556,0.815165877,35.0374184,3.28679991,747.866089,65.8182983,1.28250003,0.0250000004,50,1,0.119999997,0.550000012,0.0133333337
C5_rand_10_r0,1,1361,1.17333329,1,2.81330895,3.28679991,0.0213569403,0.00335694058,0.0152291041,0.0151317734,0.0028682265,2.82981205,14,2.5,6.08058023,0,1,0,0,0,-0.45524171,-1.8221395,20.8162556,0.815165877,35.0374184,3.28679991,747.866089,65.8182983,1.28250003,0.0250000004,50,1,0.119999997,0.550000012,0.0133333337
C5_rand_10_r0,1,1362,1.18666661,1,2.95734167,3.28679991,0.0212386865,0.00323868683,0.0150700239,0.0147351734,0.00326482649,3.07518649,14,2.5,6.08058023,0,1,0,0,0,-0.45524171,-1.8221395,20.8162556,0.815165877,35.0374184,3.28679991,747.866089,65.8182983,1.28250003,0.0250000004,50,1,0.119999997,0.550000012,0.0133333337
C5_rand_10_r0,1,1363,1.20000005,1,2.97016096,3.28679991,0.0211310219,0.00313102244,0.0149282282,0.014638898,0.00336110173,2.98064947,14,2.5,6.08058023,0,1,0,0,0,-0.45524171,-1.8221395,20.8162556,0.815165877,35.0374184,3.28679991,747.866089,65.8182983,1.28250003,0.0250000004,50,1,0.119999997,0.550000012,0.0133333337
C5_rand_10_r0,1,1364,1.21333337,1,3.04388642,3.28679991,0.0210456029,0.00304560247,0.0146003142,0.0144177666,0.00358223286,3.10420728,14,2.5,6.08058023,0,1,0,0,0,-0.45524171,-1.8221395,20.8162556,0.815165877,35.0374184,3.28679991,747.866089,65.8182983,1.28250003,0.0250000004,50,1,0.119999997,0.550000012,0.0133333337
C5_rand_10_r0,1,1365,1.22666669,1,3.16521335,3.28679991,0.0209975913,0.00299759186,0.0145685161,0.0140859988,0.0039140014,3.26448107,14,2.5,6.08058023,0,1,0,0,0,-0.45524171,-1.8221395,20.8162556,0.815165877,35.0374184,3.28679991,747.866089,65.8182983,1.28250003,0.0250000004,50,1,0.119999997,0.550000012,0.0133333337
C5_rand_10_r0,1,1366,1.24000001,1,3.18260479,3.28679991,0.0209606476,0.00296064676,0.0140369022,0.0139789125,0.0040210872,3.19683385,14,2.5,6.08058023,0,1,0,0,0,-0.45524171,-1.8221395,20.8162556,0.815165877,35.0374184,3.28679991,747.866089,65.8182983,1.28250003,0.0250000004,50,1,0.119999997,0.550000012,0.0133333337
C5_rand_10_r0,1,1367,1.25333333,1,3.29413557,3.28679991,0.0209565274,0.00295652705,0.0141978534,0.0136683565,0.00433164323,3.38538837,14,2.5,6.08058023,0,1,0,0,0,-0.45524171,-1.8221395,20.8162556,0.815165877,35.0374184,3.28679991,747.866089,65.8182983,1.28250003,0.0250000004,50,1,0.119999997,0.550000012,0.0133333337
C5_rand_10_r0,1,1368,1.26666665,1,3.30142331,3.28679991,0.0209599026,0.0029599024,0.0136946421,0.013599324,0.00440067565,3.30738568,14,2.5,6.08058023,0,1,0,0,0,-0.45524171,-1.8221395,20.8162556,0.815165877,35.0374184,3.28679991,747.866089,65.8182983,1.28250003,0.0250000004,50,1,0.119999997,0.550000012,0.0133333337
C5_rand_10_r0,1,1369,1.27999997,1,3.40627646,3.28679991,0.0209936537,0.00299365283,0.0140502332,0.0133128036,0.00468719611,3.49206543,14,2.5,6.08058023,0,1,0,0,0,-0.45524171,-1.8221395,20.8162556,0.815165877,35.0374184,3.28679991,747.866089,65.8182983,1.28250003,0.0250000004,50,1,0.119999997,0.550000012,0.0133333337
C5_rand_10_r0,1,1370,1.29333329,1,3.3954432,3.28679991,0.0210294574,0.00302945659,0.0135821234,0.0132934581,0.00470654201,3.38657951,14,2.5,6.08058023,0,1,0,0,0,-0.45524171,-1.8221395,20.8162556,0.815165877,35.0374184,3.28679991,747.866089,65.8182983,1.28250003,0.0250000004,50,1,0.119999997,0.550000012,0.0133333337
C5_rand_10_r0,1,1371,1.30666661,1,3.43284082,3.28679991,0.0210759901,0.00307599083,0.0136050247,0.0131798442,0.00482015591,3.46343899,14,2.5,6.08058023,0,1,0,0,0,-0.45524171,-1.8221395,20.8162556,0.815165877,35.0374184,3.28679991,747.866089,65.8182983,1.28250003,0.0250000004,50,1,0.119999997,0.550000012,0.0133333337
C5_rand_10_r0,1,1372,1.32000005,1,3.49910259,3.28679991,0.0211427193,0.00314271939,0.0136738438,0.0130030029,0.0049969973,3.55331683,14,2.5,6.08058023,0,1,0,0,0,-0.45524171,-1.8221395,20.8162556,0.815165877,35.0374184,3.28679991,747.866089,65.8182983,1.28250003,0.0250000004,50,1,0.119999997,0.550000012,0.0133333337
C5_rand_10_r0,1,1373,1.33333337,1,3.49516964,3.28679991,0.021211721,0.00321172131,0.0131891565,0.0129784197,0.00502158049,3.4919517,14,2.5,6.08058023,0,1,0,0,0,-0.45524171,-1.8221395,20.8162556,0.815165877,35.0374184,3.28679991,747.866089,65.8182983,1.28250003,0.0250000004,50,1,0.119999997,0.550000012,0.0133333337
C5_rand_10_r0,1,1374,1.34666669,1,3.55325913,3.28679991,0.0212972388,0.00329723815,0.0134243565,0.0128208883,0.00517911231,3.60078716,14,2.5,6.08058023,0,1,0,0,0,-0.45524171,-1.8221395,20.8162556,0.815165877,35.0374184,3.28679991,747.866089,65.8182983,1.28250003,0.0250000004,50,1,0.119999997,0.550000012,0.0133333337
C5_rand_10_r0,1,1375,1.36000001,1,3.53088999,3.28679991,0.0213792939,0.00337929372,0.0129915448,0.0128516154,0.00514838425,3.51258779,14,2.5,6.08058023,0,1,0,0,0,-0.45524171,-1.8221395,20.8162556,0.815165877,35.0374184,3.28679991,747.866089,65.8182983,1.28250003,0.0250000004,50,1,0.119999997,0.550000012,0.0133333337
C5_rand_10_r0,1,1376,1.37333333,1,3.58554006,3.28679991,0.0214759521,0.00347595289,0.0133627877,0.0127125569,0.00528744282,3.63025379,14,2.5,6.08058023,0,1,0,0,0,-0.45524171,-1.8221395,20.8162556,0.815165877,35.0374184,3.28679991,747.866089,65.8182983,1.28250003,0.0250000004,50,1,0.119999997,0.550000012,0.0133333337
C5_rand_10_r0,1,1377,1.38666666,1,3.54109597,3.28679991,0.0215627011,0.0035627007,0.0130219618,0.0128032817,0.00519671896,3.50473285,14,2.5,6.08058023,0,1,0,0,0,-0.45524171,-1.8221395,20.8162556,0.815165877,35.0374184,3.28679991,747.866089,65.8182983,1.28250003,0.0250000004,50,1,0.119999997,0.550000012,0.0133333337
C5_rand_10_r0,1,1378,1.39999998,1,3.54593945,3.28679991,0.0216491409,0.00364914187,0.0133621059,0.0127952211,0.00520477863,3.54990244,14,2.5,6.08058023,0,1,0,0,0,-0.45524171,-1.8221395,20.8162556,0.815165877,35.0374184,3.28679991,747.866089,65.8182983,1.28250003,0.0250000004,50,1,0.119999997,0.550000012,0.0133333337
C5_rand_10_r0,1,1379,1.4133333,1,3.5358429,3.28679991,0.0217327271,0.00373272714,0.0132798068,0.0128266858,0.00517331436,3.52758193,14,2.5,6.08058023,0,1,0,0,0,-0.45524171,-1.8221395,20.8162556,0.815165877,35.0374184,3.28679991,747.866089,65.8182983,1.28250003,0.0250000004,50,1,0.119999997,0.550000012,0.0133333337
C5_rand_10_r0,1,1380,1.42666662,1,3.53315115,3.28679991,0.0218150895,0.00381508889,0.0130708339,0.0128372628,0.00516273687,3.53094888,14,2.5,6.08058023,0,1,0,0,0,-0.45524171,-1.8221395,20.8162556,0.815165877,35.0374184,3.28679991,747.866089,65.8182983,1.28250003,0.0250000004,50,1,0.119999997,0.550000012,0.0133333337
C5_rand_10_r0,1,1381,1.44000006,1,3.5356102,3.28679991,0.0218979307,0.0038979298,0.013231758,0.0128348013,0.00516519882,3.53762221,14,2.5,6.08058023,0,1,0,0,0,-0.45524171,-1.8221395,20.8162556,0.815165877,35.0374184,3.28679991,747.866089,65.8182983,1.28250003,0.0250000004,50,1,0.119999997,0.550000012,0.0133333337
C5_rand_10_r0,1,1382,1.45333338,1,3.49567103,3.28679991,0.0219697561,0.00396975642,0.0129927713,0.0129320603,0.0050679394,3.46299338,14,2.5,6.08058023,0,1,0,0,0,-0.45524171,-1.8221395,20.8162556,0.815165877,35.0374184,3.28679991,747.866089,65.8182983,1.28250003,0.0250000004,50,1,0.119999997,0.550000012,0.0133333337
C5_rand_10_r0,1,1383,1.4666667,1,3.50248694,3.28679991,0.0220416412,0.00404164055,0.0132191218,0.0129299564,0.00507004326,3.50806355,14,2.5,6.08058023,0,1,0,0,0,-0.45524171,-1.8221395,20.8162556,0.815165877,35.0374184,3.28679991,747.866089,65.8182983,1.28250003,0.0250000004,50,1,0.119999997,0.550000012,0.0133333337
C5_rand_10_r0,1,1384,1.48000002,1,3.44888258,3.28679991,0.0220986437,0.00409864401,0.0131344488,0.0130674299,0.00493257027,3.40502477,14,2.5,6.08058023,0,1,0,0,0,-0.45524171,-1.8221395,20.8162556,0.815165877,35.0374184,3.28679991,747.866089,65.8182983,1.28250003,0.0250000004,50,1,0.119999997,0.550000012,0.0133333337
C5_rand_10_r0,1,1385,1.49333334,1,3.46201944,3.28679991,0.022156816,0.00415681675,0.0133590233,0.0130554242,0.00494457595,3.47276759,14,2.5,6.08058023,0,1,0,0,0,-0.45524171,-1.8221395,20.8162556,0.815165877,35.0374184,3.28679991,747.866089,65.8182983,1.28250003,0.0250000004,50,1,0.119999997,0.550000012,0.0133333337
C5_rand_10_r0,1,1386,1.50666666,1,3.39172173,3.28679991,0.0221956577,0.00419565709,0.0134940008,0.0132345278,0.00476547237,3.33420563,14,2.5,6.08058023,0,1,0,0,0,-0.45524171,-1.8221395,20.8162556,0.815165877,35.0374184,3.28679991,747.866089,65.8182983,1.28250003,0.0250000004,50,1,0.119999997,0.550000012,0.0133333337
C5_rand_10_r0,1,1387,1.51999998,1,3.35260415,3.28679991,0.0222204104,0.00422040978,0.0135949366,0.0133548053,0.00464519439,3.32059884,14,2.5,6.08058023,0,1,0,0,0,-0.45524171,-1.8221395,20.8162556,0.815165877,35.0374184,3.28679991,747.866089,65.8182983,1.28250003,0.0250000004,50,1,0.119999997,0.550000012,0.0133333337
C5_rand_10_r0,1,1388,1.5333333,1,3.33136415,3.28679991,0.0222369134,0.00423691375,0.0137115512,0.0134380404,0.00456196023,3.31398582,14,2.5,6.08058023,0,1,0,0,0,-0.45524171,-1.8221395,20.8162556,0.815165877,35.0374184,3.28679991,747.866089,65.8182983,1.28250003,0.0250000004,50,1,0.119999997,0.550000012,0.0133333337
C5_rand_10_r0,1,1389,1.54666662,1,3.29578233,3.28679991,0.0222421605,0.00424215989,0.0135847637,0.0135448612,0.00445513846,3.26666999,14,2.5,6.08058023,0,1,0,0,0,-0.45524171,-1.8221395,20.8162556,0.815165877,35.0374184,3.28679991,747.866089,65.8182983,1.28250003,0.0250000004,50,1,0.119999997,0.550000012,0.0133333337
C5_rand_10_r0,1,1390,1.55999994,1,3.28568697,3.28679991,0.0222427249,0.00424272474,0.013667604,0.0135899279,0.00441007176,3.27742696,14,2.5,6.08058023,0,1,0,0,0,-0.45524171,-1.8221395,20.8162556,0.815165877,35.0374184,3.28679991,747.866089,65.8182983,1.28250003,0.0250000004,50,1,0.119999997,0.550000012,0.0133333337
C5_rand_10_r0,1,1391,1.57333338,1,3.23202443,3.28679991,0.0222276039,0.00422760332,0.01376657,0.0137340622,0.00426593795,3.1881187,14,2.5,6.08058023,0,1,0,0,0,-0.45524171,-1.8221395,20.8162556,0.815165877,35.0374184,3.28679991,747.866089,65.8182983,1.28250003,0.0250000004,50,1,0.119999997,0.550000012,0.0133333337
C5_rand_10_r0,1,1392,1.5866667,1,3.24276662,3.28679991,0.0222128518,0.00421285164,0.01374113,0.0137320701,0.00426793052,3.25155592,14,2.5,6.08058023,0,1,0,0,0,-0.45524171,-1.8221395,20.8162556,0.815165877,35.0374184,3.28679991,747.866089,65.8182983,1.28250003,0.0250000004,50,1,0.119999997,0.550000012,0.0133333337
C5_rand_10_r0,1,1393,1.60000002,1,3.17144227,3.28679991,0.02217835,0.00417834939,0.0141380494,0.0139152715,0.00408472866,3.11308622,14,2.5,6.08058023,0,1,0,0,0,-0.45524171,-1.8221395,20.8162556,0.815165877,35.0374184,3.28679991,747.866089,65.8182983,1.28250003,0.0250000004,50,1,0.119999997,0.550000012,0.0133333337
C5_rand_10_r0,1,1394,1.61333334,1,3.20594835,3.28679991,0.0221501403,0.0041501401,0.0139287049,0.013857645,0.00414235517,3.23418045,14,2.5,6.08058023,0,1,0,0,0,-0.45524171,-1.8221395,20.8162556,0.815165877,35.0374184,3.28679991,747.866089,65.8182983,1.28250003,0.0250000004,50,1,0.119999997,0.550000012,0.0133333337
C5_rand_10_r0,1,1395,1.62666667,1,3.10287499,3.28679991,0.0220943484,0.00409434829,0.014665775,0.014112751,0.00388724846,3.01854229,14,2.5,6.08058023,0,1,0,0,0,-0.45524171,-1.8221395,20.8162556,0.815165877,35.0374184,3.28679991,747.866089,65.8182983,1.28250003,0.0250000004,50,1,0.119999997,0.550000012,0.0133333337
C5_rand_10_r0,1,1396,1.63999999,1,3.17961812,3.28679991,0.0220552776,0.00405527698,0.0142249195,0.0139590614,0.00404093834,3.24240804,14,2.5,6.08058023,0,1,0,0,0,-0.45524171,-1.8221395,20.8162556,0.815165877,35.0374184,3.28679991,747.866089,65.8182983,1.28250003,0.0250000004,50,1,0.119999997,0.550000012,0.0133333337
C5_rand_10_r0,1,1397,1.65333331,1,3.08053493,3.28679991,0.021991469,0.00399146928,0.0145081766,0.0141956154,0.0038043845,2.9994669,14,2.5,6.08058023,0,1,0,0,0,-0.45524171,-1.8221395,20.8162556,0.815165877,35.0374184,3.28679991,747.866089,65.8182983,1.28250003,0.0250000004,50,1,0.119999997,0.550000012,0.0133333337
C5_rand_10_r0,1,1398,1.66666663,1,3.15783143,3.28679991,0.0219450109,0.00394501025,0.0146269044,0.0140299164,0.00397008378,3.2210741,14,2.5,6.08058023,0,1,0,0,0,-0.45524171,-1.8221395,20.8162556,0.815165877,35.0374184,3.28679991,747.866089,65.8182983,1.28250003,0.0250000004,50,1,0.119999997,0.550000012,0.0133333337
C5_rand_10_r0,1,1399,1.67999995,1,3.06738019,3.28679991,0.0218763165,0.00387631706,0.0144412778,0.0142427729,0.00375722698,2.99337459,14,2.5,6.08058023,0,1,0,0,0,-0.45524171,-1.8221395,20.8162556,0.815165877,35.0374184,3.28679991,747.866089,65.8182983,1.28250003,0.0250000004,50,1,0.119999997,0.550000012,0.0133333337
C5_rand_10_r0,1,1400,1.69333339,1,3.00635028,3.28679991,0.0217869654,0.00378696551,0.0149126267,0.014409597,0.00359040312,2.95641661,14,2.5,6.08058023,0,1,0,0,0,-0.45524171,-1.8221395,20.8162556,0.815165877,35.0374184,3.28679991,747.866089,65.8182983,1.28250003,0.0250000004,50,1,0.119999997,0.550000012,0.0133333337
C5_rand_10_r0,1,1401,1.70666671,1,3.08606267,3.28679991,0.0217163134,0.00371631305,0.0144709749,0.0142581221,0.00374187808,3.15128183,14,2.5,6.08058023,0,1,0,0,0,-0.45524171,-1.8221395,20.8162556,0.815165877,35.0374184,3.28679991,747.866089,65.8182983,1.28250003,0.0250000004,50,1,0.119999997,0.550000012,0.0133333337
C5_rand_10_r0,1,1402,1.72000003,1,3.00076079,3.28679991,0.0216250829,0.00362508232,0.0153770354,0.0144539699,0.00354602979,2.93096828,14,2.5,6.08058023,0,1,0,0,0,-0.45524171,-1.8221395,20.8162556,0.815165877,35.0374184,3.28679991,747.866089,65.8182983,1.28250003,0.0250000004,50,1,0.119999997,0.550000012,0.0133333337
C5_rand_10_r0,1,1403,1.73333335,1,3.09541583,3.28679991,0.0215567145,0.00355671509,0.0146055752,0.0142391911,0.00376080931,3.17286086,14,2.5,6.08058023,0,1,0,0,0,-0.45524171,-1.8221395,20.8162556,0.815165877,35.0374184,3.28679991,747.866089,65.8182983,1.28250003,0.0250000004,50,1,0.119999997,0.550000012,0.0133333337
C5_rand_10_r0,1,1404,1.74666667,1,3.17415166,3.28679991,0.0215140302,0.00351402932,0.01518392,0.0140305962,0.00396940345,3.23857188,14,2.5,6.08058023,0,1,0,0,0,-0.45524171,-1.8221395,20.8162556,0.815165877,35.0374184,3.28679991,747.866089,65.8182983,1.28250003,0.0250000004,50,1,0.119999997,0.550000012,0.0133333337
C5_rand_10_r0,1,1405,1.75999999,1,3.08472824,3.28679991,0.0214507841,0.0034507839,0.0148545792,0.0141985258,0.00380147388,3.01156378,14,2.5,6.08058023,0,1,0,0,0,-0.45524171,-1.8221395,20.8162556,0.815165877,35.0374184,3.28679991,747.866089,65.8182983,1.28250003,0.0250000004,50,1,0.119999997,0.550000012,0.0133333337
C5_rand_10_r0,1,1406,1.77333331,1,3.1765027,3.28679991,0.0214096047,0.00340960477,0.0148246391,0.0139861414,0.00401385827,3.25159073,14,2.5,6.08058023,0,1,0,0,0,-0.45524171,-1.8221395,20.8162556,0.815165877,35.0374184,3.28679991,747.866089,65.8182983,1.28250003,0.0250000004,50,1,0.119999997,0.550000012,0.0133333337
C5_rand_10_r0,1,1407,1.78666663,1,3.10150051,3.28679991,0.0213512704,0.00335126976,0.0152335912,0.0141523657,0.00384763419,3.04013515,14,2.5,6.08058023,0,1,0,0,0,-0.45524171,-1.8221395,20.8162556,0.815165877,35.0374184,3.28679991,747.866089,65.8182983,1.28250003,0.0250000004,50,1,0.119999997,0.550000012,0.0133333337
C5_rand_10_r0,1,1408,1.79999995,1,3.19953895,3.28679991,0.0213173088,0.00331730791,0.0145886596,0.0139225582,0.00407744199,3.27975249,14,2.5,6.08058023,0,1,0,0,0,-0.45524171,-1.8221395,20.8162556,0.815165877,35.0374184,3.28679991,747.866089,65.8182983,1.28250003,0.0250000004,50,1,0.119999997,0.550000012,0.0133333337
C5_rand_10_r0,1,1409,1.81333339,1,3.15155482,3.28679991,0.0212740786,0.00327407965,0.0150298877,0.0140177673,0.00398223288,3.11229491,14,2.5,6.08058023,0,1,0,0,0,-0.45524171,-1.8221395,20.8162556,0.815165877,35.0374184,3.28679991,747.866089,65.8182983,1.28250003,0.0250000004,50,1,0.119999997,0.550000012,0.0133333337
C5_rand_10_r0,1,1410,1.82666671,1,3.20762014,3.28679991,0.0212448798,0.00324488035,0.0145031307,0.0138779003,0.00412209984,3.25349188,14,2.5,6.08058023,0,1,0,0,0,-0.45524171,-1.8221395,20.8162556,0.815165877,35.0374184,3.28679991,747.866089,65.8182983,1.28250003,0.0250000004,50,1,0.119999997,0.550000012,0.0133333337
C5_rand_10_r0,1,1411,1.84000003,1,3.17143726,3.28679991,0.0212079696,0.00320796878,0.0145401945,0.0139531223,0.00404687785,3.14183307,14,2.5,6.08058023,0,1,0,0,0,-0.45524171,-1.8221395,20.8162556,0.815165877,35.0374184,3.28679991,747.866089,65.8182983,1.28250003,0.0250000004,50,1,0.119999997,0.550000012,0.0133333337
C5_rand_10_r0,1,1412,1.85333335,1,3.40231776,3.28679991,0.0212339051,0.00323390495,0.0144817764,0.013392956,0.00460704416,3.5912199,14,2.5,6.08058023,0,1,0,0,0,-0.45524171,-1.8221395,20.8162556,0.815165877,35.0374184,3.28679991,747.866089,65.8182983,1.28250003,0.0250000004,50,1,0.119999997,0.550000012,0.0133333337
C5_rand_10_r0,1,1413,1.86666667,1,3.1540451,3.28679991,0.0212013517,0.0032013515,0.0141864885,0.0139172664,0.00408273377,2.95091295,14,2.5,6.08058023,0,1,0,0,0,-0.45524171,-1.8221395,20.8162556,0.815165877,35.0374184,3.28679991,747.866089,65.8182983,1.28250003,0.0250000004,50,1,0.119999997,0.550000012,0.0133333337
C5_rand_10_r0,1,1414,1.88,1,3.39819288,3.28679991,0.021226868,0.00322686834,0.0144506004,0.0133609446,0.00463905558,3.59794998,14,2.5,6.08058023,0,1,0,0,0,-0.45524171,-1.8221395,20.8162556,0.815165877,35.0374184,3.28679991,747.866089,65.8182983,1.28250003,0.0250000004,50,1,0.119999997,0.550000012,0.0133333337
C5_rand_10_r0,1,1415,1.89333332,1,3.33193684,3.28679991,0.0212436598,0.00324365916,0.0140339108,0.013482485,0.00451751472,3.2777276,14,2.5,6.08058023,0,1,0,0,0,-0.45524171,-1.8221395,20.8162556,0.815165877,35.0374184,3.28679991,747.866089,65.8182983,1.28250003,0.0250000004,50,1,0.119999997,0.550000012,0.0133333337
C5_rand_10_r0,1,1416,1.90666664,1,3.37144804,3.28679991,0.0212699715,0.00326997088,0.0145512559,0.0133600198,0.00463998038,3.40377522,14,2.5,6.08058023,0,1,0,0,0,-0.45524171,-1.8221395,20.8162556,0.815165877,35.0374184,3.28679991,747.866089,65.8182983,1.28250003,0.0250000004,50,1,0.119999997,0.550000012,0.0133333337
C5_rand_10_r0,1,1417,1.91999996,1,3.32191014,3.28679991,0.021284109,0.00328410906,0.0137921339,0.0134734046,0.00452659512,3.28137922,14,2.5,6.08058023,0,1,0,0,0,-0.45524171,-1.8221395,20.8162556,0.815165877,35.0374184,3.28679991,747.866089,65.8182983,1.28250003,0.0250000004,50,1,0.119999997,0.550000012,0.0133333337
C5_rand_10_r0,1,1418,1.93333328,1,3.11423993,3.28679991,0.0212385319,0.00323853199,0.0145977316,0.0139883719,0.00401162822,2.94432807,14,2.5,6.08058023,0,1,0,0,0,-0.45524171,-1.8221395,20.8162556,0.815165877,35.0374184,3.28679991,747.866089,65.8182983,1.28250003,0.0250000004,50,1,0.119999997,0.550000012,0.0133333337
C5_rand_10_r0,1,1419,1.94666672,1,3.35750294,3.28679991,0.0212505758,0.00325057562,0.013670709,0.0134850899,0.00451491028,3.55653644,14,2.5,6.08058023,0,1,0,0,0,-0.45524171,-1.8221395,20.8162556,0.815165877,35.0374184,3.28679991,747.866089,65.8182983,1.28250003,0.0250000004,50,1,0.119999997,0.550000012,0.0133333337
C5_rand_10_r0,1,1420,1.96000004,1,3.12842774,3.28679991,0.0212085899,0.00320859067,0.0143103208,0.0140038785,0.00399612123,2.94100237,14,2.5,6.08058023,0,1,0,0,0,-0.45524171,-1.8221395,20.8162556,0.815165877,35.0374184,3.28679991,747.866089,65.8182983,1.28250003,0.0250000004,50,1,0.119999997,0.550000012,0.0133333337
C5_rand_10_r0,1,1421,1.97333336,1,3.34902954,3.28679991,0.0212188791,0.00321887899,0.0136669464,0.0135022448,0.00449775532,3.52952194,14,2.5,6.08058023,0,1,0,0,0,-0.45524171,-1.8221395,20.8162556,0.815165877,35.0374184,3.28679991,747.866089,65.8182983,1.28250003,0.0250000004,50,1,0.119999997,0.550000012,0.0133333337
C5_rand_10_r0,1,1422,1.98666668,1,3.29196978,3.28679991,0.0212220289,0.00322202989,0.0141517911,0.0136062792,0.00439372053,3.24528432,14,2.5,6.08058023,0,1,0,0,0,-0.45524171,-1.8221395,20.8162556,0.815165877,35.0374184,3.28679991,747.866089,65.8182983,1.28250003,0.0250000004,50,1,0.119999997,0.550000012,0.0133333337
C5_rand_10_r0,1,1423,2,2,3.3142755,3.28679991,0.0212301873,0.00323018711,0.0137933772,0.013527316,0.00447268365,3.33252573,14,2.5,6.08058023,0,1,0,0,0,-1.37313247,-2.21120572,20.6157341,0.516587675,3.41119146,3.28679991,747.866089,65.8182983,1.28250003,0.0250000004,50,1,0.119999997,0.550000012,0.0133333337
C5_rand_10_r0,1,1424,2.01333332,2,3.27278829,3.28679991,0.0212276541,0.00322765438,0.0139042167,0.0136261452,0.00437385496,3.23884439,14,2.5,6.08058023,0,1,0,0,0,-1.37313247,-2.21120572,20.6157341,0.516587675,3.41119146,3.28679991,747.866089,65.8182983,1.28250003,0.0250000004,50,1,0.119999997,0.550000012,0.0133333337
C5_rand_10_r0,1,1425,2.02666664,2,3.30371213,3.28679991,0.0212319307,0.00323193008,0.0140602188,0.0135620236,0.00443797605,3.32901335,14,2.5,6.08058023,0,1,0,0,0,-1.37313247,-2.21120572,20.6157341,0.516587675,3.41119146,3.28679991,747.866089,65.8182983,1.28250003,0.0250000004,50,1,0.119999997,0.550000012,0.0133333337
C5_rand_10_r0,1,1426,2.03999996,2,3.26557851,3.28679991,0.021226747,0.00322674797,0.0137659758,0.0136526125,0.00434738724,3.23437834,14,2.5,6.08058023,0,1,0,0,0,-1.37313247,-2.21120572,20.6157341,0.516587675,3.41119146,3.28679991,747.866089,65.8182983,1.28250003,0.0250000004,50,1,0.119999997,0.550000012,0.0133333337
C5_rand_10_r0,1,1427,2.05333328,2,3.29716873,3.28679991,0.0212287642,0.00322876452,0.0144796949,0.0135840354,0.00441596471,3.32301545,14,2.5,6.08058023,0,1,0,0,0,-1.37313247,-2.21120572,20.6157341,0.516587675,3.41119146,3.28679991,747.866089,65.8182983,1.28250003,0.0250000004,50,1,0.119999997,0.550000012,0.0133333337
C5_rand_10_r0,1,1428,2.0666666,2,3.25781345,3.28679991,0.0212210491,0.00322104874,0.0137418481,0.0136762625,0.0043237377,3.22561359,14,2.5,6.08058023,0,1,0,0,0,-1.37313247,-2.21120572,20.6157341,0.516587675,3.41119146,3.28679991,747.866089,65.8182983,1.28250003,0.0250000004,50,1,0.119999997,0.550000012,0.0133333337
C5_rand_10_r0,1,1429,2.07999992,2,3.05174947,3.28679991,0.0211544707,0.00315447082,0.0150063438,0.014185572,0.00381442788,2.88315153,14,2.5,6.08058023,0,1,0,0,0,-1.37313247,-2.21120572,20.6157341,0.516587675,3.41119146,3.28679991,747.866089,65.8182983,1.28250003,0.0250000004,50,1,0.119999997,0.550000012,0.0133333337
C5_rand_10_r0,1,1430,2.09333324,2,3.29385543,3.28679991,0.0211453345,0.00314533431,0.0138578033,0.0136823552,0.00431764452,3.49194217,14,2.5,6.08058023,0,1,0,0,0,-1.37313247,-2.21120572,20.6157341,0.516587675,3.41119146,3.28679991,747.866089,65.8182983,1.28250003,0.0250000004,50,1,0.119999997,0.550000012,0.0133333337
C5_rand_10_r0,1,1431,2.10666656,2,3.22932243,3.28679991,0.0211278461,0.0031278457,0.0147067746,0.0138007961,0.00419920357,3.17652273,14,2.5,6.08058023,0,1,0,0,0,-1.37313247,-2.21120572,20.6157341,0.516587675,3.41119146,3.28679991,747.866089,65.8182983,1.28250003,0.0250000004,50,1,0.119999997,0.550000012,0.0133333337
C5_rand_10_r0,1,1432,2.11999989,2,3.2732501,3.28679991,0.0211211666,0.00312116696,0.0141365565,0.0136675052,0.00433249492,3.30919075,14,2.5,6.08058023,0,1,0,0,0,-1.37313247,-2.21120572,20.6157341,0.516587675,3.41119146,3.28679991,747.866089,65.8182983,1.28250003,0.0250000004,50,1,0.119999997,0.550000012,0.0133333337
C5_rand_10_r0,1,1433,2.13333344,2,3.2225821,3.28679991,0.0211022161,0.00310221547,0.0144354254,0.0137816621,0.00421833759,3.18112636,14,2.5,6.08058023,0,1,0,0,0,-1.37313247,-2.21120572,20.6157341,0.516587675,3.41119146,3.28679991,747.866089,65.8182983,1.28250003,0.0250000004,50,1,0.119999997,0.550000012,0.0133333337
C5_rand_10_r0,1,1434,2.14666677,2,3.28377247,3.28679991,0.0210982151,0.00309821591,0.0146055883,0.0136422729,0.00435772678,3.33383727,14,2.5,6.08058023,0,1,0,0,0,-1.37313247,-2.21120572,20.6157341,0.516587675,3.41119146,3.28679991,747.866089,65.8182983,1.28250003,0.0250000004,50,1,0.119999997,0.550000012,0.0133333337
C5_rand_10_r0,1,1435,2.16000009,2,3.2347846,3.28679991,0.0210830998,0.00308310054,0.0143177891,0.013749361,0.00425063912,3.19470358,14,2.5,6.08058023,0,1,0,0,0,-1.37313247,-2.21120572,20.6157341,0.516587675,3.41119146,3.28679991,747.866089,65.8182983,1.28250003,0.0250000004,50,1,0.119999997,0.550000012,0.0133333337
C5_rand_10_r0,1,1436,2.17333341,2,2.79120183,3.28679991,0.0209429152,0.00294291531,0.0149763497,0.0148328841,0.00316711608,2.42827082,14,2.5,6.08058023,0,1,0,0,0,-1.37313247,-2.21120572,20.6157341,0.516587675,3.41119146,3.28679991,747.866089,65.8182983,1.28250003,0.0250000004,50,1,0.119999997,0.550000012,0.0133333337
C5_rand_10_r0,1,1437,2.18666673,2,3.3274076,3.28679991,0.0209308304,0.00293083093,0.0143803079,0.0137044238,0.0042955759,3.76612139,14,2.5,6.08058023,0,1,0,0,0,-1.37313247,-2.21120572,20.6157341,0.516587675,3.41119146,3.28679991,747.866089,65.8182983,1.28250003,0.0250000004,50,1,0.119999997,0.550000012,0.0133333337
C5_rand_10_r0,1,1438,2.20000005,2,2.86707687,3.28679991,0.0208122265,0.00281222723,0.015069644,0.0147337457,0.00326625397,2.49044275,14,2.5,6.08058023,0,1,0,0,0,-1.37313247,-2.21120572,20.6157341,0.516587675,3.41119146,3.28679991,747.866089,65.8182983,1.28250003,0.0250000004,50,1,0.119999997,0.550000012,0.0133333337
C5_rand_10_r0,1,1439,2.21333337,2,3.34584618,3.28679991,0.0208088625,0.00280886167,0.0146325827,0.0136286449,0.00437135529,3.73756647,14,2.5,6.08058023,0,1,0,0,0,-1.37313247,-2.21120572,20.6157341,0.516587675,3.41119146,3.28679991,747.866089,65.8182983,1.28250003,0.0250000004,50,1,0.119999997,0.550000012,0.0133333337
C5_rand_10_r0,1,1440,2.22666669,2,3.2093749,3.28679991,0.0207867939,0.00278679375,0.0148564409,0.0138756987,0.00412430195,3.09771657,14,2.5,6.08058023,0,1,0,0,0,-1.37313247,-2.21120572,20.6157341,0.516587675,3.41119146,3.28679991,747.866089,65.8182983,1.28250003,0.0250000004,50,1,0.119999997,0.550000012,0.0133333337
C5_rand_10_r0,1,1441,2.24000001,2,3.26110601,3.28679991,0.0207759794,0.00277597853,0.0148438876,0.0136993863,0.00430061342,3.30343127,14,2.5,6.08058023,0,1,0,0,0,-1.37313247,-2.21120572,20.6157341,0.516587675,3.41119146,3.28679991,747.866089,65.8182983,1.28250003,0.0250000004,50,1,0.119999997,0.550000012,0.0133333337
C5_rand_10_r0,1,1442,2.25333333,2,3.23052382,3.28679991,0.0207585432,0.00275854371,0.0143765602,0.0137709118,0.00422908831,3.20550203,14,2.5,6.08058023,0,1,0,0,0,-1.37313247,-2.21120572,20.6157341,0.516587675,3.41119146,3.28679991,747.866089,65.8182983,1.28250003,0.0250000004,50,1,0.119999997,0.550000012,0.0133333337
C5_rand_10_r0,1,1443,2.26666665,2,2.84528899,3.28679991,0.0206329953,0.00263299583,0.0148466956,0.0147089763,0.0032910239,2.53009701,14,2.5,6.08058023,0,1,0,0,0,-1.37313247,-2.21120572,20.6157341,0.516587675,3.41119146,3.28679991,747.866089,65.8182983,1.28250003,0.0250000004,50,1,0.119999997,0.550000012,0.0133333337
C5_rand_10_r0,1,1444,2.27999997,2,3.3379972,3.28679991,0.0206262935,0.00262629264,0.0140830502,0.0136605576,0.00433944212,3.74112201,14,2.5,6.08058023,0,1,0,0,0,-1.37313247,-2.21120572,20.6157341,0.516587675,3.41119146,3.28679991,747.866089,65.8182983,1.28250003,0.0250000004,50,1,0.119999997,0.550000012,0.0133333337
C5_rand_10_r0,1,1445,2.29333329,2,3.27323318,3.28679991,0.0206214078,0.00262140692,0.0146581689,0.0137294857,0.00427051447,3.22024441,14,2.5,6.08058023,0,1,0,0,0,-1.37313247,-2.21120572,20.6157341,0.516587675,3.41119146,3.28679991,747.866089,65.8182983,1.28250003,0.0250000004,50,1,0.119999997,0.550000012,0.0133333337
C5_rand_10_r0,1,1446,2.30666661,2,3.317559,3.28679991,0.0206291378,0.0026291369,0.0140021183,0.0135412728,0.00445872732,3.35382533,14,2.5,6.08058023,0,1,0,0,0,-1.37313247,-2.21120572,20.6157341,0.516587675,3.41119146,3.28679991,747.866089,65.8182983,1.28250003,0.0250000004,50,1,0.119999997,0.550000012,0.0133333337
C5_rand_10_r0,1,1447,2.31999993,2,3.28549385,3.28679991,0.0206300616,0.0026300624,0.0140337637,0.0136011047,0.00439889543,3.25925899,14,2.5,6.08058023,0,1,0,0,0,-1.37313247,-2.21120572,20.6157341,0.516587675,3.41119146,3.28679991,747.866089,65.8182983,1.28250003,0.0250000004,50,1,0.119999997,0.550000012,0.0133333337
C5_rand_10_r0,1,1448,2.33333325,2,3.35499835,3.28679991,0.0206491612,0.00264916057,0.0141734751,0.0134329787,0.0045670215,3.41186571,14,2.5,6.08058023,0,1,0,0,0,-1.37313247,-2.21120572,20.6157341,0.516587675,3.41119146,3.28679991,747.866089,65.8182983,1.28250003,0.0250000004,50,1,0.119999997,0.550000012,0.0133333337
C5_rand_10_r0,1,1449,2.34666657,2,3.32639718,3.28679991,0.0206633434,0.00266334298,0.0136191444,0.0134825911,0.00451740902,3.30299616,14,2.5,6.08058023,0,1,0,0,0,-1.37313247,-2.21120572,20.6157341,0.516587675,3.41119146,3.28679991,747.866089,65.8182983,1.28250003,0.0250000004,50,1,0.119999997,0.550000012,0.0133333337
C5_rand_10_r0,1,1450,2.3599999,2,3.27020764,3.28679991,0.020661097,0.00266109756,0.0144758811,0.0136138657,0.00438613491,3.22423434,14,2.5,6.08058023,0,1,0,0,0,-1.37313247,-2.21120572,20.6157341,0.516587675,3.41119146,3.28679991,747.866089,65.8182983,1.28250003,0.0250000004,50,1,0.119999997,0.550000012,0.0133333337
C5_rand_10_r0,1,1451,2.37333322,2,3.37396789,3.28679991,0.020684937,0.00268493663,0.0134565094,0.01338688,0.00461311964,3.45886278,14,2.5,6.08058023,0,1,0,0,0,-1.37313247,-2.21120572,20.6157341,0.516587675,3.41119146,3.28679991,747.866089,65.8182983,1.28250003,0.0250000004,50,1,0.119999997,0.550000012,0.0133333337
C5_rand_10_r0,1,1452,2.38666677,2,3.33819914,3.28679991,0.0207031872,0.00270318752,0.0140878502,0.0134496177,0.00455038249,3.30893397,14,2.5,6.08058023,0,1,0,0,0,-1.37313247,-2.21120572,20.6157341,0.516587675,3.41119146,3.28679991,747.866089,65.8182983,1.28250003,0.0250000004,50,1,0.119999997,0.550000012,0.0133333337
C5_rand_10_r0,1,1453,2.4000001,2,3.39283466,3.28679991,0.0207356829,0.00273568323,0.0135693988,0.0133071672,0.00469283247,3.43753648,14,2.5,6.08058023,0,1,0,0,0,-1.37313247,-2.21120572,20.6157341,0.516587675,3.41119146,3.28679991,747.866089,65.8182983,1.28250003,0.0250000004,50,1,0.119999997,0.550000012,0.0133333337
C5_rand_10_r0,1,1454,2.41333342,2,3.35833263,3.28679991,0.0207609702,0.00276096957,0.0135911573,0.0133755989,0.00462440122,3.33010364,14,2.5,6.08058023,0,1,0,0,0,-1.37313247,-2.21120572,20.6157341,0.516587675,3.41119146,3.28679991,747.866089,65.8182983,1.28250003,0.0250000004,50,1,0.119999997,0.550000012,0.0133333337
C5_rand_10_r0,1,1455,2.42666674,2,3.28179646,3.28679991,0.020763794,0.00276379404,0.0136446198,0.0135619948,0.00443800492,3.21917582,14,2.5,6.08058023,0,1,0,0,0,-1.37313247,-2.21120572,20.6157341,0.516587675,3.41119146,3.28679991,747.866089,65.8182983,1.28250003,0.0250000004,50,1,0.119999997,0.550000012,0.0133333337
C5_rand_10_r0,1,1456,2.44000006,2,3.39535189,3.28679991,0.0207944177,0.00279441802,0.0133491047,0.0133207999,0.00467920024,3.48826098,14,2.5,6.08058023,0,1,0,0,0,-1.37313247,-2.21120572,20.6157341,0.516587675,3.41119146,3.28679991,747.866089,65.8182983,1.28250003,0.0250000004,50,1,0.119999997,0.550000012,0.0133333337
C5_rand_10_r0,1,1457,2.45333338,2,3.30660129,3.28679991,0.0208050217,0.00280502252,0.0140738664,0.0135140037,0.00448599644,3.23398733,14,2.5,6.08058023,0,1,0,0,0,-1.37313247,-2.21120572,20.6157341,0.516587675,3.41119146,3.28679991,747.866089,65.8182983,1.28250003,0.0250000004,50,1,0.119999997,0.550000012,0.0133333337
C5_rand_10_r0,1,1458,2.4666667,2,3.40643382,3.28679991,0.0208400209,0.00284002139,0.0133866267,0.013279913,0.0047200867,3.48811507,14,2.5,6.08058023,0,1,0,0,0,-1.37313247,-2.21120572,20.6157341,0.516587675,3.41119146,3.28679991,747.866089,65.8182983,1.28250003,0.0250000004,50,1,0.119999997,0.550000012,0.0133333337
C5_rand_10_r0,1,1459,2.48000002,2,3.36374617,3.28679991,0.0208672285,0.00286722858,0.0140576195,0.0133640971,0.00463590259,3.32881975,14,2.5,6.08058023,0,1,0,0,0,-1.37313247,-2.21120572,20.6157341,0.516587675,3.41119146,3.28679991,747.866089,65.8182983,1.28250003,0.0250000004,50,1,0.119999997,0.550000012,0.0133333337
C5_rand_10_r0,1,1460,2.49333334,2,3.40693331,3.28679991,0.0209051333,0.00290513341,0.0137133617,0.0132535463,0.00474645384,3.44226837,14,2.5,6.08058023,0,1,0,0,0,-1.37313247,-2.21120572,20.6157341,0.516587675,3.41119146,3.28679991,747.866089,65.8182983,1.28250003,0.0250000004,50,1,0.119999997,0.550000012,0.0133333337
C5_rand_10_r0,1,1461,2.50666666,2,3.36901188,3.28679991,0.0209342875,0.00293428754,0.0137243485,0.0133364974,0.00466350233,3.33798528,14,2.5,6.08058023,0,1,0,0,0,-1.37313247,-2.21120572,20.6157341,0.516587675,3.41119146,3.28679991,747.866089,65.8182983,1.28250003,0.0250000004,50,1,0.119999997,0.550000012,0.0133333337
C5_rand_10_r0,1,1462,2.51999998,2,3.27191567,3.28679991,0.020935012,0.0029350121,0.0136428326,0.0135772759,0.00442272425,3.19247317,14,2.5,6.08058023,0,1,0,0,0,-1.37313247,-2.21120572,20.6157341,0.516587675,3.41119146,3.28679991,747.866089,65.8182983,1.28250003,0.0250000004,50,1,0.119999997,0.550000012,0.0133333337
C5_rand_10_r0,1,1463,2.5333333,2,3.39457655,3.28679991,0.0209650714,0.00296507077,0.0136597753,0.0133229643,0.00467703585,3.49493551,14,2.5,6.08058023,0,1,0,0,0,-1.37313247,-2.21120572,20.6157341,0.516587675,3.41119146,3.28679991,747.866089,65.8182983,1.28250003,0.0250000004,50,1,0.119999997,0.550000012,0.0133333337
C5_rand_10_r0,1,1464,2.54666662,2,3.28823376,3.28679991,0.0209704787,0.00297047873,0.0141311726,0.0135607952,0.00443920493,3.20122623,14,2.5,6.08058023,0,1,0,0,0,-1.37313247,-2.21120572,20.6157341,0.516587675,3.41119146,3.28679991,747.866089,65.8182983,1.28250003,0.0250000004,50,1,0.119999997,0.550000012,0.0133333337
C5_rand_10_r0,1,1465,2.55999994,2,3.22178626,3.28679991,0.02095332,0.00295332074,0.0137906279,0.0137361661,0.00426383456,3.16742015,14,2.5,6.08058023,0,1,0,0,0,-1.37313247,-2.21120572,20.6157341,0.516587675,3.41119146,3.28679991,747.866089,65.8182983,1.28250003,0.0250000004,50,1,0.119999997,0.550000012,0.0133333337
C5_rand_10_r0,1,1466,2.57333326,2,3.19361544,3.28679991,0.0209245756,0.00292457663,0.0144011546,0.0138511183,0.00414888142,3.17056656,14,2.5,6.08058023,0,1,0,0,0,-1.37313247,-2.21120572,20.6157341,0.516587675,3.41119146,3.28679991,747.866089,65.8182983,1.28250003,0.0250000004,50,1,0.119999997,0.550000012,0.0133333337
C5_rand_10_r0,1,1467,2.58666658,2,3.26314282,3.28679991,0.0209132154,0.0029132145,0.013869402,0.0137124471,0.00428755255,3.32002902,14,2.5,6.08058023,0,1,0,0,0,-1.37313247,-2.21120572,20.6157341,0.516587675,3.41119146,3.28679991,747.866089,65.8182983,1.28250003,0.0250000004,50,1,0.119999997,0.550000012,0.0133333337
C5_rand_10_r0,1,1468,2.5999999,2,3.38940859,3.28679991,0.0209398232,0.00293982308,0.0143708857,0.0133897541,0.00461024605,3.49271703,14,2.5,6.08058023,0,1,0,0,0,-1.37313247,-2.21120572,20.6157341,0.516587675,3.41119146,3.28679991,747.866089,65.8182983,1.28250003,0.0250000004,50,1,0.119999997,0.550000012,0.0133333337
C5_rand_10_r0,1,1469,2.61333323,2,3.26059914,3.28679991,0.020936979,0.00293697999,0.0140307415,0.0136405434,0.00435945671,3.15520954,14,2.5,6.08058023,0,1,0,0,0,-1.37313247,-2.21120572,20.6157341,0.516587675,3.41119146,3.28679991,747.866089,65.8182983,1.28250003,0.0250000004,50,1,0.119999997,0.550000012,0.0133333337
C5_rand_10_r0,1,1470,2.62666678,2,3.30107117,3.28679991,0.0209404696,0.00294047035,0.0143890623,0.0135567496,0.0044432506,3.33418465,14,2.5,6.08058023,0,1,0,0,0,-1.37313247,-2.21120572,20.6157341,0.516587675,3.41119146,3.28679991,747.866089,65.8182983,1.28250003,0.0250000004,50,1,0.119999997,0.550000012,0.0133333337
C5_rand_10_r0,1,1471,2.6400001,2,3.27228761,3.28679991,0.02093702,0.00293702073,0.0143140322,0.0136375595,0.0043624402,3.24873757,14,2.5,6.08058023,0,1,0,0,0,-1.37313247,-2.21120572,20.6157341,0.516587675,3.41119146,3.28679991,747.866089,65.8182983,1.28250003,0.0250000004,50,1,0.119999997,0.550000012,0.0133333337
C5_rand_10_r0,1,1472,2.65333343,2,3.23306823,3.28679991,0.0209215209,0.00292152027,0.013911115,0.0137380641,0.0042619356,3.20097947,14,2.5,6.08058023,0,1,0,0,0,-1.37313247,-2.21120572,20.6157341,0.516587675,3.41119146,3.28679991,747.866089,65.8182983,1.28250003,0.0250000004,50,1,0.119999997,0.550000012,0.0133333337
C5_rand_10_r0,1,1473,2.66666675,2,3.28694916,3.28679991,0.0209189784,0.00291897845,0.0139754778,0.0136277992,0.00437220093,3.33103347,14,2.5,6.08058023,0,1,0,0,0,-1.37313247,-2.21120572,20.6157341,0.516587675,3.41119146,3.28679991,747.866089,65.8182983,1.28250003,0.0250000004,50,1,0.119999997,0.550000012,0.0133333337
C5_rand_10_r0,1,1474,2.68000007,2,3.59729934,3.28679991,0.0210048053,0.00300480449,0.0141349761,0.0128638083,0.00513619184,3.85122228,14,2.5,6.08058023,0,1,0,0,0,-1.37313247,-2.21120572,20.6157341,0.516587675,3.41119146,3.28679991,747.866089,65.8182983,1.28250003,0.0250000004,50,1,0.119999997,0.550000012,0.0133333337
C5_rand_10_r0,1,1475,2.69333339,2,3.22576618,3.28679991,0.0210021548,0.00300215511,0.0138712693,0.0136399679,0.00436003273,2.92178464,14,2.5,6.08058023,0,1,0,0,0,-1.37313247,-2.21120572,20.6157341,0.516587675,3.41119146,3.28679991,747.866089,65.8182983,1.28250003,0.0250000004,50,1,0.119999997,0.550000012,0.0133333337
C5_rand_10_r0,1,1476,2.70666671,2,3.54959059,3.28679991,0.0210747104,0.00307471096,0.0144653721,0.0129134282,0.00508657191,3.81453776,14,2.5,6.08058023,0,1,0,0,0,-1.37313247,-2.21120572,20.6157341,0.516587675,3.41119146,3.28679991,747.866089,65.8182983,1.28250003,0.0250000004,50,1,0.119999997,0.550000012,0.0133333337
C5_rand_10_r0,1,1477,2.72000003,2,3.21261215,3.28679991,0.0210661963,0.00306619587,0.0140294489,0.0136898272,0.00431017298,2.93690228,14,2.5,6.08058023,0,1,0,0,0,-1.37313247,-2.21120572,20.6157341,0.516587675,3.41119146,3.28679991,747.866089,65.8182983,1.28250003,0.0250000004,50,1,0.119999997,0.550000012,0.0133333337
C5_rand_10_r0,1,1478,2.73333335,2,3.20236993,3.28679991,0.0210413244,0.00304132374,0.014027291,0.0137741594,0.00422584079,3.19399023,14,2.5,6.08058023,0,1,0,0,0,-1.37313247,-2.21120572,20.6157341,0.516587675,3.41119146,3.28679991,747.866089,65.8182983,1.28250003,0.0250000004,50,1,0.119999997,0.550000012,0.0133333337
C5_rand_10_r0,1,1479,2.74666667,2,3.51746631,3.28679991,0.0211012531,0.00310125249,0.0137694832,0.0130832773,0.00491672289,3.77527213,14,2.5,6.08058023,0,1,0,0,0,-1.37313247,-2.21120572,20.6157341,0.516587675,3.41119146,3.28679991,747.866089,65.8182983,1.28250003,0.0250000004,50,1,0.119999997,0.550000012,0.0133333337
C5_rand_10_r0,1,1480,2.75999999,2,3.16413331,3.28679991,0.0210771672,0.00307716639,0.0138653619,0.0138392197,0.00416078046,2.87504268,14,2.5,6.08058023,0,1,0,0,0,-1.37313247,-2.21120572,20.6157341,0.516587675,3.41119146,3.28679991,747.866089,65.8182983,1.28250003,0.0250000004,50,1,0.119999997,0.550000012,0.0133333337
C5_rand_10_r0,1,1481,2.77333331,2,3.4633739,3.28679991,0.0211222004,0.00312220049,0.0136171626,0.0131688016,0.00483119814,3.70820737,14,2.5,6.08058023,0,1,0,0,0,-1.37313247,-2.21120572,20.6157341,0.516587675,3.41119146,3.28679991,747.866089,65.8182983,1.28250003,0.0250000004,50,1,0.119999997,0.550000012,0.0133333337
C5_rand_10_r0,1,1482,2.78666663,2,3.14461374,3.28679991,0.0210902095,0.00309021003,0.0139421504,0.0139061473,0.00409385283,2.8838098,14,2.5,6.08058023,0,1,0,0,0,-1.37313247,-2.21120572,20.6157341,0.516587675,3.41119146,3.28679991,747.866089,65.8182983,1.28250003,0.0250000004,50,1,0.119999997,0.550000012,0.0133333337
C5_rand_10_r0,1,1483,2.79999995,2,3.4383502,3.28679991,0.0211269762,0.00312697538,0.0140321376,0.0132500241,0.0047499761,3.67867994,14,2.5,6.08058023,0,1,0,0,0,-1.37313247,-2.21120572,20.6157341,0.516587675,3.41119146,3.28679991,747.866089,65.8182983,1.28250003,0.0250000004,50,1,0.119999997,0.550000012,0.0133333337
C5_rand_10_r0,1,1484,2.81333327,2,3.12538695,3.28679991,0.0210882667,0.00308826612,0.0142600555,0.0139691755,0.00403082417,2.86932635,14,2.5,6.08058023,0,1,0,0,0,-1.37313247,-2.21120572,20.6157341,0.516587675,3.41119146,3.28679991,747.866089,65.8182983,1.28250003,0.0250000004,50,1,0.119999997,0.550000012,0.0133333337
C5_rand_10_r0,1,1485,2.82666659,2,3.29942131,3.28679991,0.02108532,0.00308532058,0.0143181831,0.013602226,0.00439777412,3.44181323,14,2.5,6.08058023,0,1,0,0,0,-1.37313247,-2.21120572,20.6157341,0.516587675,3.41119146,3.28679991,747.866089,65.8182983,1.28250003,0.0250000004,50,1,0.119999997,0.550000012,0.0133333337
C5_rand_10_r0,1,1486,2.83999991,2,3.37290168,3.28679991,0.0211087465,0.0031087466,0.0136894761,0.0134251313,0.00457486883,3.43302178,14,2.5,6.08058023,0,1,0,0,0,-1.37313247,-2.21120572,20.6157341,0.516587675,3.41119146,3.28679991,747.866089,65.8182983,1.28250003,0.0250000004,50,1,0.119999997,0.550000012,0.0133333337
C5_rand_10_r0,1,1487,2.85333323,2,3.25502348,3.28679991,0.0211038236,0.00310382433,0.0138399974,0.0136528453,0.00434715487,3.15857768,14,2.5,6.08058023,0,1,0,0,0,-1.37313247,-2.21120572,20.6157341,0.516587675,3.41119146,3.28679991,747.866089,65.8182983,1.28250003,0.0250000004,50,1,0.119999997,0.550000012,0.0133333337
C5_rand_10_r0,1,1488,2.86666656,2,3.32551479,3.28679991,0.021113757,0.00311375782,0.0135399709,0.013502202,0.00449779769,3.38318968,14,2.5,6.08058023,0,1,0,0,0,-1.37313247,-2.21120572,20.6157341,0.516587675,3.41119146,3.28679991,747.866089,65.8182983,1.28250003,0.0250000004,50,1,0.119999997,0.550000012,0.0133333337
C5_rand_10_r0,1,1489,2.88000011,2,3.23022628,3.28679991,0.0210996978,0.00309969857,0.0139615154,0.0137325358,0.00426746439,3.15226293,14,2.5,6.08058023,0,1,0,0,0,-1.37313247,-2.21120572,20.6157341,0.516587675,3.41119146,3.28679991,747.866089,65.8182983,1.28250003,0.0250000004,50,1,0.119999997,0.550000012,0.0133333337
C5_rand_10_r0,1,1490,2.89333344,2,3.29199409,3.28679991,0.0210987981,0.00309879822,0.013976505,0.0136048151,0.00439518457,3.3425312,14,2.5,6.08058023,0,1,0,0,0,-1.37313247,-2.21120572,20.6157341,0.516587675,3.41119146,3.28679991,747.866089,65.8182983,1.28250003,0.0250000004,50,1,0.119999997,0.550000012,0.0133333337
C5_rand_10_r0,1,1491,2.90666676,2,3.19920826,3.28679991,0.0210743174,0.00307431701,0.0146747362,0.0138284825,0.00417151768,3.12329245,14,2.5,6.08058023,0,1,0,0,0,-1.37313247,-2.21120572,20.6157341,0.516587675,3.41119146,3.28679991,747.866089,65.8182983,1.28250003,0.0250000004,50,1,0.119999997,0.550000012,0.0133333337
C5_rand_10_r0,1,1492,2.92000008,2,3.20760512,3.28679991,0.0210482385,0.00304823834,0.0143975616,0.0138310762,0.00416892441,3.21447539,14,2.5,6.08058023,0,1,0,0,0,-1.37313247,-2.21120572,20.6157341,0.516587675,3.41119146,3.28679991,747.866089,65.8182983,1.28250003,0.0250000004,50,1,0.119999997,0.550000012,0.0133333337
C5_rand_10_r0,1,1493,2.9333334,2,3.24040985,3.28679991,0.0210310053,0.00303100562,0.0141227627,0.0137689458,0.0042310548,3.26724982,14,2.5,6.08058023,0,1,0,0,0,-1.37313247,-2.21120572,20.6157341,0.516587675,3.41119146,3.28679991,747.866089,65.8182983,1.28250003,0.0250000004,50,1,0.119999997,0.550000012,0.0133333337
C5_rand_10_r0,1,1494,2.94666672,2,3.17720556,3.28679991,0.02099769,0.00299769058,0.013958212,0.0139117818,0.00408821786,3.12549305,14,2.5,6.08058023,0,1,0,0,0,-1.37313247,-2.21120572,20.6157341,0.516587675,3.41119146,3.28679991,747.866089,65.8182983,1.28250003,0.0250000004,50,1,0.119999997,0.550000012,0.0133333337
C5_rand_10_r0,1,1495,2.96000004,2,3.20223141,3.28679991,0.0209686477,0.00296864682,0.013954985,0.0138667161,0.00413328409,3.22270727,14,2.5,6.08058023,0,1,0,0,0,-1.37313247,-2.21120572,20.6157341,0.516587675,3.41119146,3.28679991,747.866089,65.8182983,1.28250003,0.0250000004,50,1,0.119999997,0.550000012,0.0133333337
C5_rand_10_r0,1,1496,2.97333336,2,3.15341878,3.28679991,0.0209267568,0.00292675593,0.0141040143,0.0139902122,0.00400978839,3.11348128,14,2.5,6.08058023,0,1,0,0,0,-1.37313247,-2.21120572,20.6157341,0.516587675,3.41119146,3.28679991,747.866089,65.8182983,1.28250003,0.0250000004,50,1,0.119999997,0.550000012,0.0133333337
C5_rand_10_r0,1,1497,2.98666668,2,3.75755501,3.28679991,0.0210505389,0.00305053941,0.0142058255,0.012535898,0.00546410214,4.25184822,14,2.5,6.08058023,0,1,0,0,0,-1.37313247,-2.21120572,20.6157341,0.516587675,3.41119146,3.28679991,747.866089,65.8182983,1.28250003,0.0250000004,50,1,0.119999997,0.550000012,0.0133333337
C5_rand_10_r0,1,1498,3,2,3.681633,3.28679991,0.0211808458,0.00318084587,0.0139740212,0.0125065725,0.00549342763,3.61951518,14,2.5,6.08058023,0,1,0,0,0,-1.37313247,-2.21120572,20.6157341,0.516587675,3.41119146,3.28679991,747.866089,65.8182983,1.28250003,0.0250000004,50,1,0.119999997,0.550000012,0.0133333337
C5_rand_10_r0,1,1499,3.01333332,3,2.98540497,3.28679991,0.0211188421,0.00311884261,0.0141204586,0.0140817091,0.0039182906,2.41576385,14,2.5,6.08058023,0,1,0,0,0,0.166065067,-7.32419157,23.837492,0.77251184,35.4831238,3.28679991,747.866089,65.8182983,1.28250003,0.0250000004,50,1,0.119999997,0.550000012,0.0133333337
C5_rand_10_r0,1,1500,3.02666664,3,3.70660663,3.28679991,0.0212251227,0.00322512188,0.0136913238,0.0125821531,0.00541784707,4.29668045,14,2.5,6.08058023,0,1,0,0,0,0.166065067,-7.32419157,23.837492,0.77251184,35.4831238,3.28679991,747.866089,65.8182983,1.28250003,0.0250000004,50,1,0.119999997,0.550000012,0.0133333337
C5_rand_10_r0,1,1501,3.03999996,3,3.64807963,3.28679991,0.0213431902,0.00334319053,0.0143201137,0.0126248393,0.00537516084,3.60019398,14,2.5,6.08058023,0,1,0,0,0,0.166065067,-7.32419157,23.837492,0.77251184,35.4831238,3.28679991,747.866089,65.8182983,1.28250003,0.0250000004,50,1,0.119999997,0.550000012,0.0133333337
C5_rand_10_r0,1,1502,3.05333328,3,3.5766356,3.28679991,0.0214433782,0.00344337849,0.0137072532,0.0126722464,0.00532775326,3.51818132,14,2.5,6.08058023,0,1,0,0,0,0.166065067,-7.32419157,23.837492,0.77251184,35.4831238,3.28679991,747.866089,65.8182983,1.28250003,0.0250000004,50,1,0.119999997,0.550000012,0.0133333337
C5_rand_10_r0,1,1503,3.0666666,3,3.55458188,3.28679991,0.0215344597,0.00353446021,0.0137703139,0.0127421198,0.00525787985,3.53653789,14,2.5,6.08058023,0,1,0,0,0,0.166065067,-7.32419157,23.837492,0.77251184,35.4831238,3.28679991,747.866089,65.8182983,1.28250003,0.0250000004,50,1,0.119999997,0.550000012,0.0133333337
C5_rand_10_r0,1,1504,3.07999992,3,3.53948498,3.28679991,0.0216198303,0.00361983082,0.0140386308,0.0128027806,0.00519721908,3.52713299,14,2.5,6.08058023,0,1,0,0,0,0.166065067,-7.32419157,23.837492,0.77251184,35.4831238,3.28679991,747.866089,65.8182983,1.28250003,0.0250000004,50,1,0.119999997,0.550000012,0.0133333337
C5_rand_10_r0,1,1505,3.09333324,3,3.50810003,3.28679991,0.0216955319,0.00369553152,0.0135033904,0.0128927249,0.00510727521,3.4824214,14,2.5,6.08058023,0,1,0,0,0,0.166065067,-7.32419157,23.837492,0.77251184,35.4831238,3.28679991,747.866089,65.8182983,1.28250003,0.0250000004,50,1,0.119999997,0.550000012,0.0133333337
C5_rand_10_r0,1,1506,3.10666656,3,3.46419287,3.28679991,0.0217574239,0.00375742419,0.0145261297,0.013016196,0.00498380419,3.42826915,14,2.5,6.08058023,0,1,0,0,0,0.166065067,-7.32419157,23.837492,0.77251184,35.4831238,3.28679991,747.866089,65.8182983,1.28250003,0.0250000004,50,1,0.119999997,0.550000012,0.0133333337
C5_rand_10_r0,1,1507,3.11999989,3,3.45829248,3.28679991,0.0218153764,0.0038153762,0.0135269482,0.0130554186,0.00494458107,3.45346475,14,2.5,6.08058023,0,1,0,0,0,0.166065067,-7.32419157,23.837492,0.77251184,35.4831238,3.28679991,747.866089,65.8182983,1.28250003,0.0250000004,50,1,0.119999997,0.550000012,0.0133333337
C5_rand_10_r0,1,1508,3.13333344,3,3.41192031,3.28679991,0.0218597911,0.00385979074,0.0139726587,0.0131825088,0.0048174914,3.37397957,14,2.5,6.08058023,0,1,0,0,0,0.166065067,-7.32419157,23.837492,0.77251184,35.4831238,3.28679991,747.866089,65.8182983,1.28250003,0.0250000004,50,1,0.119999997,0.550000012,0.0133333337
C5_rand_10_r0,1,1509,3.14666677,3,3.40766549,3.28679991,0.0219007675,0.00390076684,0.0138334204,0.0132136075,0.00478639267,3.4041841,14,2.5,6.08058023,0,1,0,0,0,0.166065067,-7.32419157,23.837492,0.77251184,35.4831238,3.28679991,747.866089,65.8182983,1.28250003,0.0250000004,50,1,0.119999997,0.550000012,0.0133333337
C5_rand_10_r0,1,1510,3.16000009,3,3.36106348,3.28679991,0.0219282247,0.00392822502,0.0136569412,0.0133404043,0.00465959543,3.32293463,14,2.5,6.08058023,0,1,0,0,0,0.166065067,-7.32419157,23.837492,0.77251184,35.4831238,3.28679991,747.866089,65.8182983,1.28250003,0.0250000004,50,1,0.119999997,0.550000012,0.0133333337
C5_rand_10_r0,1,1511,3.17333341,3,3.35537982,3.28679991,0.0219518505,0.00395185128,0.0144025078,0.013374621,0.00462537911,3.3507297,14,2.5,6.08058023,0,1,0,0,0,0.166065067,-7.32419157,23.837492,0.77251184,35.4831238,3.28679991,747.866089,65.8182983,1.28250003,0.0250000004,50,1,0.119999997,0.550000012,0.0133333337
C5_rand_10_r0,1,1512,3.18666673,3,3.31691265,3.28679991,0.0219641533,0.00396415358,0.0135930972,0.0134821562,0.00451784395,3.28543973,14,2.5,6.08058023,0,1,0,0,0,0.166065067,-7.32419157,23.837492,0.77251184,35.4831238,3.28679991,747.866089,65.8182983,1.28250003,0.0250000004,50,1,0.119999997,0.550000012,0.0133333337
C5_rand_10_r0,1,1513,3.20000005,3,3.2822752,3.28679991,0.0219649468,0.00396494707,0.0144752152,0.0135840774,0.00441592233,3.25393534,14,2.5,6.08058023,0,1,0,0,0,0.166065067,-7.32419157,23.837492,0.77251184,35.4831238,3.28679991,747.866089,65.8182983,1.28250003,0.0250000004,50,1,0.119999997,0.550000012,0.0133333337
C5_rand_10_r0,1,1514,3.21333337,3,3.28169513,3.28679991,0.0219636615,0.00396366138,0.0137827694,0.0136083653,0.00439163437,3.28122067,14,2.5,6.08058023,0,1,0,0,0,0.166065067,-7.32419157,23.837492,0.77251184,35.4831238,3.28679991,747.866089,65.8182983,1.28250003,0.0250000004,50,1,0.119999997,0.550000012,0.0133333337
C5_rand_10_r0,1,1515,3.22666669,3,3.2543962,3.28679991,0.0219544452,0.00395444594,0.0140455235,0.0136850793,0.00431492086,3.23206067,14,2.5,6.08058023,0,1,0,0,0,0.166065067,-7.32419157,23.837492,0.77251184,35.4831238,3.28679991,747.866089,65.8182983,1.28250003,0.0250000004,50,1,0.119999997,0.550000012,0.0133333337
C5_rand_10_r0,1,1516,3.24000001,3,3.24498034,3.28679991,0.021941293,0.00394129334,0.0142176002,0.0137199769,0.00428002281,3.23727632,14,2.5,6.08058023,0,1,0,0,0,0.166065067,-7.32419157,23.837492,0.77251184,35.4831238,3.28679991,747.866089,65.8182983,1.28250003,0.0250000004,50,1,0.119999997,0.550000012,0.0133333337
C5_rand_10_r0,1,1517,3.25333333,3,3.22697091,3.28679991,0.0219224822,0.00392248249,0.013836843,0.0137742497,0.00422575045,3.21223593,14,2.5,6.08058023,0,1,0,0,0,0.166065067,-7.32419157,23.837492,0.77251184,35.4831238,3.28679991,747.866089,65.8182983,1.28250003,0.0250000004,50,1,0.119999997,0.550000012,0.0133333337
C5_rand_10_r0,1,1518,3.26666665,3,3.21554112,3.28679991,0.021899553,0.00389955286,0.0148800677,0.013812216,0.00418778416,3.20618939,14,2.5,6.08058023,0,1,0,0,0,0.166065067,-7.32419157,23.837492,0.77251184,35.4831238,3.28679991,747.866089,65.8182983,1.28250003,0.0250000004,50,1,0.119999997,0.550000012,0.0133333337
C5_rand_10_r0,1,1519,3.27999997,3,3.20536256,3.28679991,0.021873109,0.00387310982,0.0138645964,0.0138462028,0.0041537974,3.1970346,14,2.5,6.08058023,0,1,0,0,0,0.166065067,-7.32419157,23.837492,0.77251184,35.4831238,3.28679991,747.866089,65.8182983,1.28250003,0.0250000004,50,1,0.119999997,0.550000012,0.0133333337
C5_rand_10_r0,1,1520,3.29333329,3,3.28272629,3.28679991,0.0218675714,0.00386757101,0.0146815628,0.0136655373,0.00433446234,3.3460238,14,2.5,6.08058023,0,1,0,0,0,0.166065067,-7.32419157,23.837492,0.77251184,35.4831238,3.28679991,747.866089,65.8182983,1.28250003,0.0250000004,50,1,0.119999997,0.550000012,0.0133333337
C5_rand_10_r0,1,1521,3.30666661,3,3.17577386,3.28679991,0.0218358077,0.00383580732,0.0141356038,0.0138998087,0.00410019187,3.08826756,14,2.5,6.08058023,0,1,0,0,0,0.166065067,-7.32419157,23.837492,0.77251184,35.4831238,3.28679991,747.866089,65.8182983,1.28250003,0.0250000004,50,1,0.119999997,0.550000012,0.0133333337
C5_rand_10_r0,1,1522,3.31999993,3,3.27305317,3.28679991,0.0218266957,0.0038266948,0.014253947,0.0136847794,0.00431522029,3.35264516,14,2.5,6.08058023,0,1,0,0,0,0.166065067,-7.32419157,23.837492,0.77251184,35.4831238,3.28679991,747.866089,65.8182983,1.28250003,0.0250000004,50,1,0.119999997,0.550000012,0.0133333337
C5_rand_10_r0,1,1523,3.33333325,3,3.16492653,3.28679991,0.0217913222,0.00379132223,0.014644579,0.0139344689,0.00406553131,3.07645941,14,2.5,6.08058023,0,1,0,0,0,0.166065067,-7.32419157,23.837492,0.77251184,35.4831238,3.28679991,747.866089,65.8182983,1.28250003,0.0250000004,50,1,0.119999997,0.550000012,0.0133333337
C5_rand_10_r0,1,1524,3.34666657,3,3.27310944,3.28679991,0.0217816234,0.00378162391,0.0141191734,0.0136918314,0.00430816878,3.36162281,14,2.5,6.08058023,0,1,0,0,0,0.166065067,-7.32419157,23.837492,0.77251184,35.4831238,3.28679991,747.866089,65.8182983,1.28250003,0.0250000004,50,1,0.119999997,0.550000012,0.0133333337
C5_rand_10_r0,1,1525,3.3599999,3,2.90303946,3.28679991,0.0216734074,0.00367340748,0.0146698868,0.0145743135,0.00342568685,2.60025477,14,2.5,6.08058023,0,1,0,0,0,0.166065067,-7.32419157,23.837492,0.77251184,35.4831238,3.28679991,747.866089,65.8182983,1.28250003,0.0250000004,50,1,0.119999997,0.550000012,0.0133333337
C5_rand_10_r0,1,1526,3.37333322,3,3.31648016,3.28679991,0.0216636155,0.00366361579,0.0142718172,0.0136845317,0.00431546802,3.65475011,14,2.5,6.08058023,0,1,0,0,0,0.166065067,-7.32419157,23.837492,0.77251184,35.4831238,3.28679991,747.866089,65.8182983,1.28250003,0.0250000004,50,1,0.119999997,0.550000012,0.0133333337
C5_rand_10_r0,1,1527,3.38666677,3,2.92954254,3.28679991,0.0215627458,0.00356274564,0.0146000301,0.0145578207,0.00344217941,2.612957,14,2.5,6.08058023,0,1,0,0,0,0.166065067,-7.32419157,23.837492,0.77251184,35.4831238,3.28679991,747.866089,65.8182983,1.28250003,0.0250000004,50,1,0.119999997,0.550000012,0.0133333337
C5_rand_10_r0,1,1528,3.4000001,3,3.22611594,3.28679991,0.0215290766,0.0035290774,0.0145747913,0.0138944248,0.00410557538,3.46876669,14,2.5,6.08058023,0,1,0,0,0,0.166065067,-7.32419157,23.837492,0.77251184,35.4831238,3.28679991,747.866089,65.8182983,1.28250003,0.0250000004,50,1,0.119999997,0.550000012,0.0133333337
C5_rand_10_r0,1,1529,3.41333342,3,3.32860351,3.28679991,0.0215350781,0.00353507814,0.0143691627,0.0136148604,0.00438513979,3.41245723,14,2.5,6.08058023,0,1,0,0,0,0.166065067,-7.32419157,23.837492,0.77251184,35.4831238,3.28679991,747.866089,65.8182983,1.28250003,0.0250000004,50,1,0.119999997,0.550000012,0.0133333337
C5_rand_10_r0,1,1530,3.42666674,3,2.93177533,3.28679991,0.0214374606,0.00343746017,0.0145313842,0.0144822644,0.00351773575,2.60709786,14,2.5,6.08058023,0,1,0,0,0,0.166065067,-7.32419157,23.837492,0.77251184,35.4831238,3.28679991,747.866089,65.8182983,1.28250003,0.0250000004,50,1,0.119999997,0.550000012,0.0133333337
C5_rand_10_r0,1,1531,3.44000006,3,3.35597134,3.28679991,0.0214404054,0.00344040478,0.0138043268,0.0135639943,0.00443600584,3.70304084,14,2.5,6.08058023,0,1,0,0,0,0.166065067,-7.32419157,23.837492,0.77251184,35.4831238,3.28679991,747.866089,65.8182983,1.28250003,0.0250000004,50,1,0.119999997,0.550000012,0.0133333337
C5_rand_10_r0,1,1532,3.45333338,3,2.98111057,3.28679991,0.021355981,0.00335598201,0.0145205641,0.0144084012,0.00359159871,2.67440629,14,2.5,6.08058023,0,1,0,0,0,0.166065067,-7.32419157,23.837492,0.77251184,35.4831238,3.28679991,747.866089,65.8182983,1.28250003,0.0250000004,50,1,0.119999997,0.550000012,0.0133333337
C5_rand_10_r0,1,1533,3.4666667,3,3.37572956,3.28679991,0.0213666148,0.00336661399,0.0135132698,0.0135002574,0.00449974276,3.69859934,14,2.5,6.08058023,0,1,0,0,0,0.166065067,-7.32419157,23.837492,0.77251184,35.4831238,3.28679991,747.866089,65.8182983,1.28250003,0.0250000004,50,1,0.119999997,0.550000012,0.0133333337
C5_rand_10_r0,1,1534,3.48000002,3,3.00871181,3.28679991,0.0212911386,0.00329113938,0.0145422705,0.01432232,0.00367767992,2.70842481,14,2.5,6.08058023,0,1,0,0,0,0.166065067,-7.32419157,23.837492,0.77251184,35.4831238,3.28679991,747.866089,65.8182983,1.28250003,0.0250000004,50,1,0.119999997,0.550000012,0.0133333337
C5_rand_10_r0,1,1535,3.49333334,3,3.40032339,3.28679991,0.0213100947,0.00331009459,0.0135003841,0.0134234112,0.00457658898,3.72073269,14,2.5,6.08058023,0,1,0,0,0,0.166065067,-7.32419157,23.837492,0.77251184,35.4831238,3.28679991,747.866089,65.8182983,1.28250003,0.0250000004,50,1,0.119999997,0.550000012,0.0133333337
C5_rand_10_r0,1,1536,3.50666666,3,3.03896308,3.28679991,0.0212444104,0.00324441004,0.0145989917,0.0142317312,0.00376826874,2.74330473,14,2.5,6.08058023,0,1,0,0,0,0.166065067,-7.32419157,23.837492,0.77251184,35.4831238,3.28679991,747.866089,65.8182983,1.28250003,0.0250000004,50,1,0.119999997,0.550000012,0.0133333337
C5_rand_10_r0,1,1537,3.51999998,3,3.43050814,3.28679991,0.021273382,0.00327338162,0.0137519753,0.0133314244,0.00466857525,3.75086331,14,2.5,6.08058023,0,1,0,0,0,0.166065067,-7.32419157,23.837492,0.77251184,35.4831238,3.28679991,747.866089,65.8182983,1.28250003,0.0250000004,50,1,0.119999997,0.550000012,0.0133333337
C5_rand_10_r0,1,1538,3.5333333,3,3.42062116,3.28679991,0.0213153828,0.00331538287,0.0147179561,0.0132839913,0.00471600937,3.41253185,14,2.5,6.08058023,0,1,0,0,0,0.166065067,-7.32419157,23.837492,0.77251184,35.4831238,3.28679991,747.866089,65.8182983,1.28250003,0.0250000004,50,1,0.119999997,0.550000012,0.0133333337
C5_rand_10_r0,1,1539,3.54666662,3,3.40381646,3.28679991,0.0213548876,0.00335488748,0.0142548895,0.0132452268,0.00475477334,3.3900671,14,2.5,6.08058023,0,1,0,0,0,0.166065067,-7.32419157,23.837492,0.77251184,35.4831238,3.28679991,747.866089,65.8182983,1.28250003,0.0250000004,50,1,0.119999997,0.550000012,0.0133333337
C5_rand_10_r0,1,1540,3.55999994,3,3.41875792,3.28679991,0.0213981271,0.00339812669,0.0140863108,0.0132036991,0.00479630101,3.43098259,14,2.5,6.08058023,0,1,0,0,0,0.166065067,-7.32419157,23.837492,0.77251184,35.4831238,3.28679991,747.866089,65.8182983,1.28250003,0.0250000004,50,1,0.119999997,0.550000012,0.0133333337
C5_rand_10_r0,1,1541,3.57333326,3,3.01678562,3.28679991,0.0213303287,0.0033303292,0.0145491511,0.014177585,0.00382241514,2.68789935,14,2.5,6.08058023,0,1,0,0,0,0.166065067,-7.32419157,23.837492,0.77251184,35.4831238,3.28679991,747.866089,65.8182983,1.28250003,0.0250000004,50,1,0.119999997,0.550000012,0.0133333337
C5_rand_10_r0,1,1542,3.58666658,3,3.49987459,3.28679991,0.0213782173,0.00337821711,0.0137337567,0.0131496787,0.00485032098,3.89512944,14,2.5,6.08058023,0,1,0,0,0,0.166065067,-7.32419157,23.837492,0.77251184,35.4831238,3.28679991,747.866089,65.8182983,1.28250003,0.0250000004,50,1,0.119999997,0.550000012,0.0133333337
C5_rand_10_r0,1,1543,3.5999999,3,2.9189992,3.28679991,0.0212840308,0.00328403153,0.0146928281,0.0144795151,0.00352048455,2.44373727,14,2.5,6.08058023,0,1,0,0,0,0.166065067,-7.32419157,23.837492,0.77251184,35.4831238,3.28679991,747.866089,65.8182983,1.28250003,0.0250000004,50,1,0.119999997,0.550000012,0.0133333337
C5_rand_10_r0,1,1544,3.61333323,3,3.53327799,3.28679991,0.0213367995,0.00333680003,0.013647411,0.0131008318,0.00489916792,4.0358696,14,2.5,6.08058023,0,1,0,0,0,0.166065067,-7.32419157,23.837492,0.77251184,35.4831238,3.28679991,747.866089,65.8182983,1.28250003,0.0250000004,50,1,0.119999997,0.550000012,0.0133333337
C5_rand_10_r0,1,1545,3.62666678,3,3.1876936,3.28679991,0.021318065,0.00331806508,0.014879805,0.0138370479,0.00416295184,2.90494275,14,2.5,6.08058023,0,1,0,0,0,0.166065067,-7.32419157,23.837492,0.77251184,35.4831238,3.28679991,747.866089,65.8182983,1.28250003,0.0250000004,50,1,0.119999997,0.550000012,0.0133333337
C5_rand_10_r0,1,1546,3.6400001,3,3.50456882,3.28679991,0.0213754345,0.00337543385,0.0138166863,0.0130661698,0.00493383035,3.76383018,14,2.5,6.08058023,0,1,0,0,0,0.166065067,-7.32419157,23.837492,0.77251184,35.4831238,3.28679991,747.866089,65.8182983,1.28250003,0.0250000004,50,1,0.119999997,0.550000012,0.0133333337
C5_rand_10_r0,1,1547,3.65333343,3,3.09654808,3.28679991,0.0213321485,0.00333214761,0.0144368261,0.0140029369,0.00399706326,2.76271296,14,2.5,6.08058023,0,1,0,0,0,0.166065067,-7.32419157,23.837492,0.77251184,35.4831238,3.28679991,747.866089,65.8182983,1.28250003,0.0250000004,50,1,0.119999997,0.550000012,0.0133333337
C5_rand_10_r0,1,1548,3.66666675,3,3.24009132,3.28679991,0.0213119593,0.00331195863,0.0137559231,0.0137390848,0.00426091487,3.3575356,14,2.5,6.08058023,0,1,0,0,0,0.166065067,-7.32419157,23.837492,0.77251184,35.4831238,3.28679991,747.866089,65.8182983,1.28250003,0.0250000004,50,1,0.119999997,0.550000012,0.0133333337
C5_rand_10_r0,1,1549,3.68000007,3,3.45828676,3.28679991,0.0213562287,0.00335622905,0.0141443983,0.013243692,0.00475630816,3.6368103,14,2.5,6.08058023,0,1,0,0,0,0.166065067,-7.32419157,23.837492,0.77251184,35.4831238,3.28679991,747.866089,65.8182983,1.28250003,0.0250000004,50,1,0.119999997,0.550000012,0.0133333337
C5_rand_10_r0,1,1550,3.69333339,3,3.22307038,3.28679991,0.0213459041,0.00334590464,0.0139728226,0.0137138739,0.00428612623,3.03062057,14,2.5,6.08058023,0,1,0,0,0,0.166065067,-7.32419157,23.837492,0.77251184,35.4831238,3.28679991,747.866089,65.8182983,1.28250003,0.0250000004,50,1,0.119999997,0.550000012,0.0133333337
C5_rand_10_r0,1,1551,3.70666671,3,3.46738911,3.28679991,0.0213943478,0.00339434762,0.0138502857,0.0131508503,0.00484914938,3.66728616,14,2.5,6.08058023,0,1,0,0,0,0.166065067,-7.32419157,23.837492,0.77251184,35.4831238,3.28679991,747.866089,65.8182983,1.28250003,0.0250000004,50,1,0.119999997,0.550000012,0.0133333337
C5_rand_10_r0,1,1552,3.72000003,3,3.26088285,3.28679991,0.0213952214,0.00339522213,0.0140953874,0.0136098703,0.00439012982,3.09192348,14,2.5,6.08058023,0,1,0,0,0,0.166065067,-7.32419157,23.837492,0.77251184,35.4831238,3.28679991,747.866089,65.8182983,1.28250003,0.0250000004,50,1,0.119999997,0.550000012,0.0133333337
C5_rand_10_r0,1,1553,3.73333335,3,3.32442641,3.28679991,0.0214058198,0.00340581988,0.0137485815,0.0134806475,0.00451935269,3.37641668,14,2.5,6.08058023,0,1,0,0,0,0.166065067,-7.32419157,23.837492,0.77251184,35.4831238,3.28679991,747.866089,65.8182983,1.28250003,0.0250000004,50,1,0.119999997,0.550000012,0.0133333337
C5_rand_10_r0,1,1554,3.74666667,3,3.48360991,3.28679991,0.0214622561,0.00346225547,0.0137377949,0.0131118232,0.00488817692,3.61385083,14,2.5,6.08058023,0,1,0,0,0,0.166065067,-7.32419157,23.837492,0.77251184,35.4831238,3.28679991,747.866089,65.8182983,1.28250003,0.0250000004,50,1,0.119999997,0.550000012,0.0133333337
C5_rand_10_r0,1,1555,3.75999999,3,3.33276248,3.28679991,0.021484429,0.00348442886,0.0136729004,0.0134106595,0.00458934018,3.209342,14,2.5,6.08058023,0,1,0,0,0,0.166065067,-7.32419157,23.837492,0.77251184,35.4831238,3.28679991,747.866089,65.8182983,1.28250003,0.0250000004,50,1,0.119999997,0.550000012,0.0133333337
C5_rand_10_r0,1,1556,3.77333331,3,3.48838925,3.28679991,0.0215441212,0.00354412128,0.0133986669,0.0130481981,0.00495180208,3.61572051,14,2.5,6.08058023,0,1,0,0,0,0.166065067,-7.32419157,23.837492,0.77251184,35.4831238,3.28679991,747.866089,65.8182983,1.28250003,0.0250000004,50,1,0.119999997,0.550000012,0.0133333337
C5_rand_10_r0,1,1557,3.78666663,3,3.3507905,3.28679991,0.0215718448,0.00357184536,0.0138748772,0.0133548612,0.00464513851,3.23820949,14,2.5,6.08058023,0,1,0,0,0,0.166065067,-7.32419157,23.837492,0.77251184,35.4831238,3.28679991,747.866089,65.8182983,1.28250003,0.0250000004,50,1,0.119999997,0.550000012,0.0133333337
C5_rand_10_r0,1,1558,3.79999995,3,3.50208116,3.28679991,0.0216362663,0.00363626634,0.0133645311,0.0130053237,0.00499467598,3.62586427,14,2.5,6.08058023,0,1,0,0,0,0.166065067,-7.32419157,23.837492,0.77251184,35.4831238,3.28679991,747.866089,65.8182983,1.28250003,0.0250000004,50,1,0.119999997,0.550000012,0.0133333337
C5_rand_10_r0,1,1559,3.81333327,3,3.45484114,3.28679991,0.0216936804,0.00369368121,0.0136034852,0.0130919088,0.00490809092,3.41619015,14,2.5,6.08058023,0,1,0,0,0,0.166065067,-7.32419157,23.837492,0.77251184,35.4831238,3.28679991,747.866089,65.8182983,1.28250003,0.0250000004,50,1,0.119999997,0.550000012,0.0133333337
C5_rand_10_r0,1,1560,3.82666659,3,3.31231546,3.28679991,0.0217103381,0.00371033791,0.0134295495,0.013423725,0.00457627466,3.19570351,14,2.5,6.08058023,0,1,0,0,0,0.166065067,-7.32419157,23.837492,0.77251184,35.4831238,3.28679991,747.866089,65.8182983,1.28250003,0.0250000004,50,1,0.119999997,0.550000012,0.0133333337
C5_rand_10_r0,1,1561,3.83999991,3,3.4807682,3.28679991,0.0217669941,0.00376699399,0.0132222576,0.0130734872,0.00492651341,3.61859298,14,2.5,6.08058023,0,1,0,0,0,0.166065067,-7.32419157,23.837492,0.77251184,35.4831238,3.28679991,747.866089,65.8182983,1.28250003,0.0250000004,50,1,0.119999997,0.550000012,0.0133333337
C5_rand_10_r0,1,1562,3.85333323,3,3.32867599,3.28679991,0.0217880681,0.00378806889,0.0135722579,0.0134163219,0.00458367821,3.20423698,14,2.5,6.08058023,0,1,0,0,0,0.166065067,-7.32419157,23.837492,0.77251184,35.4831238,3.28679991,747.866089,65.8182983,1.28250003,0.0250000004,50,1,0.119999997,0.550000012,0.0133333337
C5_rand_10_r0,1,1563,3.86666656,3,3.48160982,3.28679991,0.0218456946,0.00384569541,0.0131280683,0.0130660096,0.00493399054,3.60673761,14,2.5,6.08058023,0,1,0,0,0,0.166065067,-7.32419157,23.837492,0.77251184,35.4831238,3.28679991,747.866089,65.8182983,1.28250003,0.0250000004,50,1,0.119999997,0.550000012,0.0133333337
C5_rand_10_r0,1,1564,3.88000011,3,3.44141459,3.28679991,0.0218982473,0.00389824831,0.013808188,0.0131380334,0.00486196624,3.40852761,14,2.5,6.08058023,0,1,0,0,0,0.166065067,-7.32419157,23.837492,0.77251184,35.4831238,3.28679991,747.866089,65.8182983,1.28250003,0.0250000004,50,1,0.119999997,0.550000012,0.0133333337
C5_rand_10_r0,1,1565,3.89333344,3,3.46370935,3.28679991,0.0219561476,0.0039561484,0.0133332843,0.0130666476,0.00493335258,3.48195052,14,2.5,6.08058023,0,1,0,0,0,0.166065067,-7.32419157,23.837492,0.77251184,35.4831238,3.28679991,747.866089,65.8182983,1.28250003,0.0250000004,50,1,0.119999997,0.550000012,0.0133333337
C5_rand_10_r0,1,1566,3.90666676,3,3.43268871,3.28679991,0.0220063236,0.0040063234,0.0133512495,0.0131382179,0.0048617823,3.40730786,14,2.5,6.08058023,0,1,0,0,0,0.166065067,-7.32419157,23.837492,0.77251184,35.4831238,3.28679991,747.866089,65.8182983,1.28250003,0.0250000004,50,1,0.119999997,0.550000012,0.0133333337
C5_rand_10_r0,1,1567,3.92000008,3,3.27590942,3.28679991,0.02201166,0.00401166035,0.0137065155,0.0135262311,0.00447376911,3.14763546,14,2.5,6.08058023,0,1,0,0,0,0.166065067,-7.32419157,23.837492,0.77251184,35.4831238,3.28679991,747.866089,65.8182983,1.28250003,0.0250000004,50,1,0.119999997,0.550000012,0.0133333337
C5_rand_10_r0,1,1568,3.9333334,3,3.45387721,3.28679991,0.0220589601,0.00405896036,0.0131761516,0.0131588066,0.00484119356,3.5994873,14,2.5,6.08058023,0,1,0,0,0,0.166065067,-7.32419157,23.837492,0.77251184,35.4831238,3.28679991,747.866089,65.8182983,1.28250003,0.0250000004,50,1,0.119999997,0.550000012,0.0133333337
C5_rand_10_r0,1,1569,3.94666672,3,3.27677488,3.28679991,0.0220640581,0.00406405888,0.0140103139,0.0135624874,0.00443751225,3.13187313,14,2.5,6.08058023,0,1,0,0,0,0.166065067,-7.32419157,23.837492,0.77251184,35.4831238,3.28679991,747.866089,65.8182983,1.28250003,0.0250000004,50,1,0.119999997,0.550000012,0.0133333337
C5_rand_10_r0,1,1570,3.96000004,3,3.55071545,3.28679991,0.0221382193,0.0041382187,0.0132645881,0.0129255839,0.00507441582,3.7748487,14,2.5,6.08058023,0,1,0,0,0,0.166065067,-7.32419157,23.837492,0.77251184,35.4831238,3.28679991,747.866089,65.8182983,1.28250003,0.0250000004,50,1,0.119999997,0.550000012,0.0133333337
C5_rand_10_r0,1,1571,3.97333336,3,3.3843503,3.28679991,0.0221776757,0.00417767558,0.0138626872,0.0132650658,0.00473493431,3.24823332,14,2.5,6.08058023,0,1,0,0,0,0.166065067,-7.32419157,23.837492,0.77251184,35.4831238,3.28679991,747.866089,65.8182983,1.28250003,0.0250000004,50,1,0.119999997,0.550000012,0.0133333337
C5_rand_10_r0,1,1572,3.98666668,3,3.50926709,3.28679991,0.0222460479,0.00424604863,0.0133864786,0.0129626114,0.00503738876,3.61147165,14,2.5,6.08058023,0,1,0,0,0,0.166065067,-7.32419157,23.837492,0.77251184,35.4831238,3.28679991,747.866089,65.8182983,1.28250003,0.0250000004,50,1,0.119999997,0.550000012,0.0133333337
C5_rand_10_r0,1,1573,4,3,3.35942531,3.28679991,0.0222776178,0.00427761767,0.0135945231,0.0133108748,0.00468912534,3.23682761,14,2.5,6.08058023,0,1,0,0,0,0.166065067,-7.32419157,23.837492,0.77251184,35.4831238,3.28679991,747.866089,65.8182983,1.28250003,0.0250000004,50,1,0.119999997,0.550000012,0.0133333337
C5_rand_10_r0,1,1574,4.01333332,4,3.49401784,3.28679991,0.0223404393,0.00434043957,0.014033908,0.0130140688,0.00498593086,3.60413885,14,2.5,6.08058023,0,1,0,0,0,0.162244529,-5.96516609,22.3021832,0.440758288,4.32871771,3.28679991,747.866089,65.8182983,1.28250003,0.0250000004,50,1,0.119999997,0.550000012,0.0133333337
C5_rand_10_r0,1,1575,4.02666664,4,3.34090042,3.28679991,0.022365937,0.00436593778,0.0136091541,0.0133685386,0.00463146158,3.21562266,14,2.5,6.08058023,0,1,0,0,0,0.162244529,-5.96516609,22.3021832,0.440758288,4.32871771,3.28679991,747.866089,65.8182983,1.28250003,0.0250000004,50,1,0.119999997,0.550000012,0.0133333337
C5_rand_10_r0,1,1576,4.03999996,4,3.03887463,3.28679991,0.02230132,0.00430131936,0.0143721625,0.0141323861,0.00386761432,2.79176259,14,2.5,6.08058023,0,1,0,0,0,0.162244529,-5.96516609,22.3021832,0.440758288,4.32871771,3.28679991,747.866089,65.8182983,1.28250003,0.0250000004,50,1,0.119999997,0.550000012,0.0133333337
C5_rand_10_r0,1,1577,4.05333328,4,3.46748757,3.28679991,0.022340741,0.00434074085,0.0133148534,0.0132357962,0.00476420345,3.81817102,14,2.5,6.08058023,0,1,0,0,0,0.162244529,-5.96516609,22.3021832,0.440758288,4.32871771,3.28679991,747.866089,65.8182983,1.28250003,0.0250000004,50,1,0.119999997,0.550000012,0.0133333337
C5_rand_10_r0,1,1578,4.0666666,4,3.13213181,3.28679991,0.0223043468,0.00430434756,0.0141186565,0.0139706312,0.00402936898,2.85774994,14,2.5,6.08058023,0,1,0,0,0,0.162244529,-5.96516609,22.3021832,0.440758288,4.32871771,3.28679991,747.866089,65.8182983,1.28250003,0.0250000004,50,1,0.119999997,0.550000012,0.0133333337
C5_rand_10_r0,1,1579,4.07999992,4,3.42818427,3.28679991,0.0223375559,0.00433755526,0.0133188022,0.0132843312,0.0047156685,3.67040873,14,2.5,6.08058023,0,1,0,0,0,0.162244529,-5.96516609,22.3021832,0.440758288,4.32871771,3.28679991,747.866089,65.8182983,1.28250003,0.0250000004,50,1,0.119999997,0.550000012,0.0133333337
C5_rand_10_r0,1,1580,4.09333324,4,3.10748935,3.28679991,0.0222932808,0.00429328158,0.0140724555,0.0140203526,0.00397964753,2.84510255,14,2.5,6.08058023,0,1,0,0,0,0.162244529,-5.96516609,22.3021832,0.440758288,4.32871771,3.28679991,747.866089,65.8182983,1.28250003,0.0250000004,50,1,0.119999997,0.550000012,0.0133333337
C5_rand_10_r0,1,1581,4.10666656,4,3.42318225,3.28679991,0.0223237872,0.00432378659,0.0137047768,0.0133111468,0.0046888534,3.68147659,14,2.5,6.08058023,0,1,0,0,0,0.162244529,-5.96516609,22.3021832,0.440758288,4.32871771,3.28679991,747.866089,65.8182983,1.28250003,0.0250000004,50,1,0.119999997,0.550000012,0.0133333337
C5_rand_10_r0,1,1582,4.11999989,4,3.08209753,3.28679991,0.0222720094,0.00427200878,0.014156349,0.0140908835,0.00390911615,2.80302811,14,2.5,6.08058023,0,1,0,0,0,0.162244529,-5.96516609,22.3021832,0.440758288,4.32871771,3.28679991,747.866089,65.8182983,1.28250003,0.0250000004,50,1,0.119999997,0.550000012,0.0133333337
C5_rand_10_r0,1,1583,4.13333321,4,3.43104053,3.28679991,0.0223034453,0.00430344604,0.0143826194,0.0133038862,0.00469611352,3.71653914,14,2.5,6.08058023,0,1,0,0,0,0.162244529,-5.96516609,22.3021832,0.440758288,4.32871771,3.28679991,747.866089,65.8182983,1.28250003,0.0250000004,50,1,0.119999997,0.550000012,0.0133333337
C5_rand_10_r0,1,1584,4.14666653,4,3.07283854,3.28679991,0.0222492516,0.00424925191,0.0141371582,0.0141170686,0.00388293155,2.77976441,14,2.5,6.08058023,0,1,0,0,0,0.162244529,-5.96516609,22.3021832,0.440758288,4.32871771,3.28679991,747.866089,65.8182983,1.28250003,0.0250000004,50,1,0.119999997,0.550000012,0.0133333337
C5_rand_10_r0,1,1585,4.15999985,4,3.09950995,3.28679991,0.0221881941,0.00418819441,0.0141997747,0.014112521,0.00388747919,3.12133193,14,2.5,6.08058023,0,1,0,0,0,0.162244529,-5.96516609,22.3021832,0.440758288,4.32871771,3.28679991,747.866089,65.8182983,1.28250003,0.0250000004,50,1,0.119999997,0.550000012,0.0133333337
C5_rand_10_r0,1,1586,4.17333317,4,3.37094784,3.28679991,0.0222013928,0.00420139264,0.0139789646,0.0135180317,0.004481968,3.59303355,14,2.5,6.08058023,0,1,0,0,0,0.162244529,-5.96516609,22.3021832,0.440758288,4.32871771,3.28679991,747.866089,65.8182983,1.28250003,0.0250000004,50,1,0.119999997,0.550000012,0.0133333337
C5_rand_10_r0,1,1587,4.18666649,4,3.22781777,3.28679991,0.0221872088,0.0041872086,0.0142811118,0.0137708578,0.00422914233,3.1107111,14,2.5,6.08058023,0,1,0,0,0,0.162244529,-5.96516609,22.3021832,0.440758288,4.32871771,3.28679991,747.866089,65.8182983,1.28250003,0.0250000004,50,1,0.119999997,0.550000012,0.0133333337
C5_rand_10_r0,1,1588,4.19999981,4,3.35098457,3.28679991,0.0222026743,0.00420267321,0.013868547,0.0134594245,0.00454057567,3.45175767,14,2.5,6.08058023,0,1,0,0,0,0.162244529,-5.96516609,22.3021832,0.440758288,4.32871771,3.28679991,747.866089,65.8182983,1.28250003,0.0250000004,50,1,0.119999997,0.550000012,0.0133333337
C5_rand_10_r0,1,1589,4.21333313,4,3.2128582,3.28679991,0.0221847109,0.00418471172,0.0142059177,0.0137734162,0.00422658352,3.09984565,14,2.5,6.08058023,0,1,0,0,0,0.162244529,-5.96516609,22.3021832,0.440758288,4.32871771,3.28679991,747.866089,65.8182983,1.28250003,0.0250000004,50,1,0.119999997,0.550000012,0.0133333337
C5_rand_10_r0,1,1590,4.22666645,4,3.38142943,3.28679991,0.0222080033,0.00420800364,0.0139986807,0.0133889895,0.0046110102,3.51935148,14,2.5,6.08058023,0,1,0,0,0,0.162244529,-5.96516609,22.3021832,0.440758288,4.32871771,3.28679991,747.866089,65.8182983,1.28250003,0.0250000004,50,1,0.119999997,0.550000012,0.0133333337
C5_rand_10_r0,1,1591,4.23999977,4,3.14017034,3.28679991,0.0221711546,0.00417115539,0.0141265625,0.0139421076,0.00405789213,2.94277644,14,2.5,6.08058023,0,1,0,0,0,0.162244529,-5.96516609,22.3021832,0.440758288,4.32871771,3.28679991,747.866089,65.8182983,1.28250003,0.0250000004,50,1,0.119999997,0.550000012,0.0133333337
C5_rand_10_r0,1,1592,4.25333357,4,3.19110227,3.28679991,0.0221384317,0.00413843151,0.0140781393,0.0138719138,0.00412808638,3.23277402,14,2.5,6.08058023,0,1,0,0,0,0.162244529,-5.96516609,22.3021832,0.440758288,4.32871771,3.28679991,747.866089,65.8182983,1.28250003,0.0250000004,50,1,0.119999997,0.550000012,0.0133333337
C5_rand_10_r0,1,1593,4.26666689,4,3.20512986,3.28679991,0.0221102908,0.00411029113,0.0142701073,0.0138717527,0.00412824703,3.21660686,14,2.5,6.08058023,0,1,0,0,0,0.162244529,-5.96516609,22.3021832,0.440758288,4.32871771,3.28679991,747.866089,65.8182983,1.28250003,0.0250000004,50,1,0.119999997,0.550000012,0.0133333337
C5_rand_10_r0,1,1594,4.28000021,4,3.20798278,3.28679991,0.0220837072,0.00408370746,0.0138807585,0.0138559584,0.0041440418,3.2103169,14,2.5,6.08058023,0,1,0,0,0,0.162244529,-5.96516609,22.3021832,0.440758288,4.32871771,3.28679991,747.866089,65.8182983,1.28250003,0.0250000004,50,1,0.119999997,0.550000012,0.0133333337
C5_rand_10_r0,1,1595,4.29333353,4,3.14238858,3.28679991,0.022039162,0.0040391623,0.0141377524,0.0140103307,0.00398966949,3.08872056,14,2.5,6.08058023,0,1,0,0,0,0.162244529,-5.96516609,22.3021832,0.440758288,4.32871771,3.28679991,747.866089,65.8182983,1.28250003,0.0250000004,50,1,0.119999997,0.550000012,0.0133333337
C5_rand_10_r0,1,1596,4.30666685,4,3.22608042,3.28679991,0.0220148712,0.00401487155,0.0138518382,0.0138299447,0.0041700555,3.29455566,14,2.5,6.08058023,0,1,0,0,0,0.162244529,-5.96516609,22.3021832,0.440758288,4.32871771,3.28679991,747.866089,65.8182983,1.28250003,0.0250000004,50,1,0.119999997,0.550000012,0.0133333337
C5_rand_10_r0,1,1597,4.32000017,4,3.13253832,3.28679991,0.0219679736,0.00396797294,0.0140558286,0.0140419686,0.00395803107,3.05600357,14,2.5,6.08058023,0,1,0,0,0,0.162244529,-5.96516609,22.3021832,0.440758288,4.32871771,3.28679991,747.866089,65.8182983,1.28250003,0.0250000004,50,1,0.119999997,0.550000012,0.0133333337
C5_rand_10_r0,1,1598,4.33333349,4,3.24112296,3.28679991,0.0219474677,0.00394746801,0.0140037118,0.0137950275,0.00420497265,3.32996488,14,2.5,6.08058023,0,1,0,0,0,0.162244529,-5.96516609,22.3021832,0.440758288,4.32871771,3.28679991,747.866089,65.8182983,1.28250003,0.0250000004,50,1,0.119999997,0.550000012,0.0133333337
C5_rand_10_r0,1,1599,4.34666681,4,3.12091351,3.28679991,0.0218979716,0.00389797124,0.014279468,0.0140666943,0.00393330539,3.0225606,14,2.5,6.08058023,0,1,0,0,0,0.162244529,-5.96516609,22.3021832,0.440758288,4.32871771,3.28679991,747.866089,65.8182983,1.28250003,0.0250000004,50,1,0.119999997,0.550000012,0.0133333337
C5_rand_10_r0,1,1600,4.36000013,4,3.2255137,3.28679991,0.0218726974,0.00387269771,0.0140207792,0.0138339773,0.00416602287,3.31109548,14,2.5,6.08058023,0,1,0,0,0,0.162244529,-5.96516609,22.3021832,0.440758288,4.32871771,3.28679991,747.866089,65.8182983,1.28250003,0.0250000004,50,1,0.119999997,0.550000012,0.0133333337
C5_rand_10_r0,1,1601,4.37333345,4,3.20959616,3.28679991,0.0218470395,0.00384704,0.0143837864,0.0138591984,0.00414080173,3.19657278,14,2.5,6.08058023,0,1,0,0,0,0.162244529,-5.96516609,22.3021832,0.440758288,4.32871771,3.28679991,747.866089,65.8182983,1.28250003,0.0250000004,50,1,0.119999997,0.550000012,0.0133333337
C5_rand_10_r0,1,1602,4.38666677,4,3.26545095,3.28679991,0.021836834,0.00383683341,0.0139355548,0.0137080215,0.00429197866,3.31115055,14,2.5,6.08058023,0,1,0,0,0,0.162244529,-5.96516609,22.3021832,0.440758288,4.32871771,3.28679991,747.866089,65.8182983,1.28250003,0.0250000004,50,1,0.119999997,0.550000012,0.0133333337
C5_rand_10_r0,1,1603,4.4000001,4,3.20861101,3.28679991,0.0218134131,0.0038134132,0.0144799221,0.0138257248,0.00417427486,3.16210532,14,2.5,6.08058023,0,1,0,0,0,0.162244529,-5.96516609,22.3021832,0.440758288,4.32871771,3.28679991,747.866089,65.8182983,1.28250003,0.0250000004,50,1,0.119999997,0.550000012,0.0133333337
C5_rand_10_r0,1,1604,4.41333342,4,3.31399179,3.28679991,0.0218170639,0.00381706306,0.0140689835,0.0135771185,0.00442288164,3.40021229,14,2.5,6.08058023,0,1,0,0,0,0.162244529,-5.96516609,22.3021832,0.440758288,4.32871771,3.28679991,747.866089,65.8182983,1.28250003,0.0250000004,50,1,0.119999997,0.550000012,0.0133333337
C5_rand_10_r0,1,1605,4.42666674,4,3.16521597,3.28679991,0.0217838977,0.00378389796,0.0140782297,0.0139111606,0.00408883905,3.04349041,14,2.5,6.08058023,0,1,0,0,0,0.162244529,-5.96516609,22.3021832,0.440758288,4.32871771,3.28679991,747.866089,65.8182983,1.28250003,0.0250000004,50,1,0.119999997,0.550000012,0.0133333337
C5_rand_10_r0,1,1606,4.44000006,4,3.15270138,3.28679991,0.0217411201,0.00374112092,0.0142495688,0.013973223,0.00402677711,3.14246202,14,2.5,6.08058023,0,1,0,0,0,0.162244529,-5.96516609,22.3021832,0.440758288,4.32871771,3.28679991,747.866089,65.8182983,1.28250003,0.0250000004,50,1,0.119999997,0.550000012,0.0133333337
C5_rand_10_r0,1,1607,4.45333338,4,3.25049615,3.28679991,0.0217239074,0.00372390705,0.0137895625,0.0137725333,0.00422746688,3.33051038,14,2.5,6.08058023,0,1,0,0,0,0.162244529,-5.96516609,22.3021832,0.440758288,4.32871771,3.28679991,747.866089,65.8182983,1.28250003,0.0250000004,50,1,0.119999997,0.550000012,0.0133333337
C5_rand_10_r0,1,1608,4.4666667,4,3.20179057,3.28679991,0.0216974244,0.0036974242,0.0143072046,0.0138629479,0.00413705222,3.16194057,14,2.5,6.08058023,0,1,0,0,0,0.162244529,-5.96516609,22.3021832,0.440758288,4.32871771,3.28679991,747.866089,65.8182983,1.28250003,0.0250000004,50,1,0.119999997,0.550000012,0.0133333337
C5_rand_10_r0,1,1609,4.48000002,4,3.29376101,3.28679991,0.0216949433,0.00369494408,0.0136637706,0.0136350123,0.0043649883,3.36900949,14,2.5,6.08058023,0,1,0,0,0,0.162244529,-5.96516609,22.3021832,0.440758288,4.32871771,3.28679991,747.866089,65.8182983,1.28250003,0.0250000004,50,1,0.119999997,0.550000012,0.0133333337
C5_rand_10_r0,1,1610,4.49333334,4,3.57407141,3.28679991,0.0217743292,0.00377432839,0.0141050117,0.0129274046,0.00507259509,3.80341649,14,2.5,6.08058023,0,1,0,0,0,0.162244529,-5.96516609,22.3021832,0.440758288,4.32871771,3.28679991,747.866089,65.8182983,1.28250003,0.0250000004,50,1,0.119999997,0.550000012,0.0133333337
C5_rand_10_r0,1,1611,4.50666666,4,3.27985358,3.28679991,0.0217856299,0.00378562952,0.0137302289,0.0135170771,0.00448292308,3.03912997,14,2.5,6.08058023,0,1,0,0,0,0.162244529,-5.96516609,22.3021832,0.440758288,4.32871771,3.28679991,747.866089,65.8182983,1.28250003,0.0250000004,50,1,0.119999997,0.550000012,0.0133333337
C5_rand_10_r0,1,1612,4.51999998,4,3.56734705,3.28679991,0.0218654424,0.0038654427,0.0137853613,0.0128557663,0.00514423382,3.80256891,14,2.5,6.08058023,0,1,0,0,0,0.162244529,-5.96516609,22.3021832,0.440758288,4.32871771,3.28679991,747.866089,65.8182983,1.28250003,0.0250000004,50,1,0.119999997,0.550000012,0.0133333337
C5_rand_10_r0,1,1613,4.5333333,4,3.38165879,3.28679991,0.0219050944,0.00390509469,0.0137379179,0.0132599501,0.0047400496,3.22973228,14,2.5,6.08058023,0,1,0,0,0,0.162244529,-5.96516609,22.3021832,0.440758288,4.32871771,3.28679991,747.866089,65.8182983,1.28250003,0.0250000004,50,1,0.119999997,0.550000012,0.0133333337
C5_rand_10_r0,1,1614,4.54666662,4,3.56018472,3.28679991,0.0219876431,0.0039876434,0.0137076164,0.0128348507,0.00516514946,3.70625114,14,2.5,6.08058023,0,1,0,0,0,0.162244529,-5.96516609,22.3021832,0.440758288,4.32871771,3.28679991,747.866089,65.8182983,1.28250003,0.0250000004,50,1,0.119999997,0.550000012,0.0133333337
C5_rand_10_r0,1,1615,4.55999994,4,3.38464093,3.28679991,0.0220285803,0.00402857969,0.0136727029,0.0132304188,0.0047695809,3.24101448,14,2.5,6.08058023,0,1,0,0,0,0.162244529,-5.96516609,22.3021832,0.440758288,4.32871771,3.28679991,747.866089,65.8182983,1.28250003,0.0250000004,50,1,0.119999997,0.550000012,0.0133333337
C5_rand_10_r0,1,1616,4.57333326,4,3.55993056,3.28679991,0.0221112724,0.00411127182,0.0138900764,0.0128319487,0.00516805099,3.70334911,14,2.5,6.08058023,0,1,0,0,0,0.162244529,-5.96516609,22.3021832,0.440758288,4.32871771,3.28679991,747.866089,65.8182983,1.28250003,0.0250000004,50,1,0.119999997,0.550000012,0.0133333337
C5_rand_10_r0,1,1617,4.58666658,4,3.38731384,3.28679991,0.0221529752,0.00415297458,0.0138171492,0.0132228853,0.00477711437,3.24608207,14,2.5,6.08058023,0,1,0,0,0,0.162244529,-5.96516609,22.3021832,0.440758288,4.32871771,3.28679991,747.866089,65.8182983,1.28250003,0.0250000004,50,1,0.119999997,0.550000012,0.0133333337
C5_rand_10_r0,1,1618,4.5999999,4,3.16475081,3.28679991,0.0221260227,0.00412602257,0.0137991188,0.0137915714,0.00420842879,2.98265386,14,2.5,6.08058023,0,1,0,0,0,0.162244529,-5.96516609,22.3021832,0.440758288,4.32871771,3.28679991,747.866089,65.8182983,1.28250003,0.0250000004,50,1,0.119999997,0.550000012,0.0133333337
C5_rand_10_r0,1,1619,4.61333323,4,3.3994391,3.28679991,0.0221528187,0.00415281905,0.0137830591,0.0133400485,0.00465995166,3.59145665,14,2.5,6.08058023,0,1,0,0,0,0.162244529,-5.96516609,22.3021832,0.440758288,4.32871771,3.28679991,747.866089,65.8182983,1.28250003,0.0250000004,50,1,0.119999997,0.550000012,0.0133333337
C5_rand_10_r0,1,1620,4.62666655,4,3.18586802,3.28679991,0.0221292488,0.00412924821,0.0138928341,0.0138322078,0.00416779192,3.01112795,14,2.5,6.08058023,0,1,0,0,0,0.162244529,-5.96516609,22.3021832,0.440758288,4.32871771,3.28679991,747.866089,65.8182983,1.28250003,0.0250000004,50,1,0.119999997,0.550000012,0.0133333337
C5_rand_10_r0,1,1621,4.63999987,4,3.38432169,3.28679991,0.022152409,0.00415240927,0.0134964827,0.0133820474,0.00461795274,3.54669285,14,2.5,6.08058023,0,1,0,0,0,0.162244529,-5.96516609,22.3021832,0.440758288,4.32871771,3.28679991,747.866089,65.8182983,1.28250003,0.0250000004,50,1,0.119999997,0.550000012,0.0133333337
C5_rand_10_r0,1,1622,4.65333319,4,3.17075777,3.28679991,0.0221240353,0.00412403559,0.0140453177,0.0138716027,0.00412839744,2.99602389,14,2.5,6.08058023,0,1,0,0,0,0.162244529,-5.96516609,22.3021832,0.440758288,4.32871771,3.28679991,747.866089,65.8182983,1.28250003,0.0250000004,50,1,0.119999997,0.550000012,0.0133333337
C5_rand_10_r0,1,1623,4.66666651,4,3.37249994,3.28679991,0.0221431125,0.00414311187,0.0134481136,0.0134196198,0.00458037993,3.53756166,14,2.5,6.08058023,0,1,0,0,0,0.162244529,-5.96516609,22.3021832,0.440758288,4.32871771,3.28679991,747.866089,65.8182983,1.28250003,0.0250000004,50,1,0.119999997,0.550000012,0.0133333337
C5_rand_10_r0,1,1624,4.67999983,4,3.22530532,3.28679991,0.0221292097,0.00412920956,0.0139268599,0.0137476232,0.00425237743,3.10487342,14,2.5,6.08058023,0,1,0,0,0,0.162244529,-5.96516609,22.3021832,0.440758288,4.32871771,3.28679991,747.866089,65.8182983,1.28250003,0.0250000004,50,1,0.119999997,0.550000012,0.0133333337
C5_rand_10_r0,1,1625,4.69333315,4,3.34617519,3.28679991,0.0221433863,0.00414338568,0.013667807,0.0134668797,0.00453311997,3.4450686,14,2.5,6.08058023,0,1,0,0,0,0.162244529,-5.96516609,22.3021832,0.440758288,4.32871771,3.28679991,747.866089,65.8182983,1.28250003,0.0250000004,50,1,0.119999997,0.550000012,0.0133333337
C5_rand_10_r0,1,1626,4.70666647,4,3.21692419,3.28679991,0.0221263394,0.00412633829,0.0139625417,0.0137650762,0.00423492398,3.11117339,14,2.5,6.08058023,0,1,0,0,0,0.162244529,-5.96516609,22.3021832,0.440758288,4.32871771,3.28679991,747.866089,65.8182983,1.28250003,0.0250000004,50,1,0.119999997,0.550000012,0.0133333337
C5_rand_10_r0,1,1627,4.71999979,4,3.32231283,3.28679991,0.0221333615,0.00413336186,0.0141687561,0.0135323303,0.00446766987,3.40854001,14,2.5,6.08058023,0,1,0,0,0,0.162244529,-5.96516609,22.3021832,0.440758288,4.32871771,3.28679991,747.866089,65.8182983,1.28250003,0.0250000004,50,1,0.119999997,0.550000012,0.0133333337
C5_rand_10_r0,1,1628,4.73333311,4,3.2069478,3.28679991,0.0221123509,0.00411235122,0.0142263332,0.0138009936,0.00419900613,3.11255789,14,2.5,6.08058023,0,1,0,0,0,0.162244529,-5.96516609,22.3021832,0.440758288,4.32871771,3.28679991,747.866089,65.8182983,1.28250003,0.0250000004,50,1,0.119999997,0.550000012,0.0133333337
C5_rand_10_r0,1,1629,4.74666643,4,3.29021573,3.28679991,0.0221097991,0.00410979846,0.0149441278,0.0136203775,0.00437962264,3.35834432,14,2.5,6.08058023,0,1,0,0,0,0.162244529,-5.96516609,22.3021832,0.440758288,4.32871771,3.28679991,747.866089,65.8182983,1.28250003,0.0250000004,50,1,0.119999997,0.550000012,0.0133333337
C5_rand_10_r0,1,1630,4.76000023,4,3.1913197,3.28679991,0.0220828503,0.00408285065,0.0147266453,0.0138544412,0.00414555892,3.11040473,14,2.5,6.08058023,0,1,0,0,0,0.162244529,-5.96516609,22.3021832,0.440758288,4.32871771,3.28679991,747.866089,65.8182983,1.28250003,0.0250000004,50,1,0.119999997,0.550000012,0.0133333337
C5_rand_10_r0,1,1631,4.77333355,4,2.8997705,3.28679991,0.0219708513,0.00397085119,0.0153270634,0.0145838661,0.00341613381,2.66123033,14,2.5,6.08058023,0,1,0,0,0,0.162244529,-5.96516609,22.3021832,0.440758288,4.32871771,3.28679991,747.866089,65.8182983,1.28250003,0.0250000004,50,1,0.119999997,0.550000012,0.0133333337
C5_rand_10_r0,1,1632,4.78666687,4,3.05983138,3.28679991,0.0218891371,0.00388913765,0.0151001355,0.0143248858,0.00367511436,3.19079041,14,2.5,6.08058023,0,1,0,0,0,0.162244529,-5.96516609,22.3021832,0.440758288,4.32871771,3.28679991,747.866089,65.8182983,1.28250003,0.0250000004,50,1,0.119999997,0.550000012,0.0133333337
C5_rand_10_r0,1,1633,4.80000019,4,2.94423127,3.28679991,0.0217803605,0.0037803608,0.0151055669,0.0146211134,0.00337888673,2.84964919,14,2.5,6.08058023,0,1,0,0,0,0.162244529,-5.96516609,22.3021832,0.440758288,4.32871771,3.28679991,747.866089,65.8182983,1.28250003,0.0250000004,50,1,0.119999997,0.550000012,0.0133333337
C5_rand_10_r0,1,1634,4.81333351,4,3.05735469,3.28679991,0.0216984972,0.00369849661,0.0150225461,0.0143625308,0.00363746891,3.14991045,14,2.5,6.08058023,0,1,0,0,0,0.162244529,-5.96516609,22.3021832,0.440758288,4.32871771,3.28679991,747.866089,65.8182983,1.28250003,0.0250000004,50,1,0.119999997,0.550000012,0.0133333337
C5_rand_10_r0,1,1635,4.82666683,4,3.1984067,3.28679991,0.0216602981,0.00366029865,0.0148281865,0.0140012596,0.00399874058,3.31381273,14,2.5,6.08058023,0,1,0,0,0,0.162244529,-5.96516609,22.3021832,0.440758288,4.32871771,3.28679991,747.866089,65.8182983,1.28250003,0.0250000004,50,1,0.119999997,0.550000012,0.0133333337
C5_rand_10_r0,1,1636,4.84000015,4,2.85264039,3.28679991,0.0215333328,0.00353333261,0.0148738604,0.0147656053,0.00323439483,2.56974101,14,2.5,6.08058023,0,1,0,0,0,0.162244529,-5.96516609,22.3021832,0.440758288,4.32871771,3.28679991,747.866089,65.8182983,1.28250003,0.0250000004,50,1,0.119999997,0.550000012,0.0133333337
C5_rand_10_r0,1,1637,4.85333347,4,3.21676946,3.28679991,0.0214927178,0.00349271856,0.0143725332,0.0139708137,0.00402918598,3.51469326,14,2.5,6.08058023,0,1,0,0,0,0.162244529,-5.96516609,22.3021832,0.440758288,4.32871771,3.28679991,747.866089,65.8182983,1.28250003,0.0250000004,50,1,0.119999997,0.550000012,0.0133333337
C5_rand_10_r0,1,1638,4.86666679,4,2.84763288,3.28679991,0.0213639587,0.00336395879,0.0148654897,0.0148106273,0.0031893726,2.5456121,14,2.5,6.08058023,0,1,0,0,0,0.162244529,-5.96516609,22.3021832,0.440758288,4.32871771,3.28679991,747.866089,65.8182983,1.28250003,0.0250000004,50,1,0.119999997,0.550000012,0.0133333337
C5_rand_10_r0,1,1639,4.88000011,4,3.24048233,3.28679991,0.021329632,0.0033296328,0.0140725151,0.0139171574,0.00408284226,3.56190467,14,2.5,6.08058023,0,1,0,0,0,0.162244529,-5.96516609,22.3021832,0.440758288,4.32871771,3.28679991,747.866089,65.8182983,1.28250003,0.0250000004,50,1,0.119999997,0.550000012,0.0133333337
C5_rand_10_r0,1,1640,4.89333344,4,2.83101106,3.28679991,0.0211973041,0.00319730374,0.0150457677,0.0148437768,0.0031562231,2.49598885,14,2.5,6.08058023,0,1,0,0,0,0.162244529,-5.96516609,22.3021832,0.440758288,4.32871771,3.28679991,747.866089,65.8182983,1.28250003,0.0250000004,50,1,0.119999997,0.550000012,0.0133333337
C5_rand_10_r0,1,1641,4.90666676,4,3.26784992,3.28679991,0.0211699847,0.00316998502,0.0139675224,0.013851285,0.00414871471,3.62526369,14,2.5,6.08058023,0,1,0,0,0,0.162244529,-5.96516609,22.3021832,0.440758288,4.32871771,3.28679991,747.866089,65.8182983,1.28250003,0.0250000004,50,1,0.119999997,0.550000012,0.0133333337
C5_rand_10_r0,1,1642,4.92000008,4,2.73046207,3.28679991,0.0210108943,0.00301089371,0.0151890581,0.0150811663,0.00291883363,2.29078126,14,2.5,6.08058023,0,1,0,0,0,0.162244529,-5.96516609,22.3021832,0.440758288,4.32871771,3.28679991,747.866089,65.8182983,1.28250003,0.0250000004,50,1,0.119999997,0.550000012,0.0133333337
C5_rand_10_r0,1,1643,4.9333334,4,3.30934286,3.28679991,0.0209906399,0.00299064023,0.0140868034,0.0137817245,0.00421827519,3.78297257,14,2.5,6.08058023,0,1,0,0,0,0.162244529,-5.96516609,22.3021832,0.440758288,4.32871771,3.28679991,747.866089,65.8182983,1.28250003,0.0250000004,50,1,0.119999997,0.550000012,0.0133333337
C5_rand_10_r0,1,1644,4.94666672,4,2.91378403,3.28679991,0.0208836496,0.0028836492,0.0150528522,0.0146435667,0.00335643324,2.59014511,14,2.5,6.08058023,0,1,0,0,0,0.162244529,-5.96516609,22.3021832,0.440758288,4.32871771,3.28679991,747.866089,65.8182983,1.28250003,0.0250000004,50,1,0.119999997,0.550000012,0.0133333337
C5_rand_10_r0,1,1645,4.96000004,4,3.30849862,3.28679991,0.0208718441,0.00287184468,0.0144447032,0.0137092201,0.00429077959,3.63144684,14,2.5,6.08058023,0,1,0,0,0,0.162244529,-5.96516609,22.3021832,0.440758288,4.32871771,3.28679991,747.866089,65.8182983,1.28250003,0.0250000004,50,1,0.119999997,0.550000012,0.0133333337
C5_rand_10_r0,1,1646,4.97333336,4,2.87709522,3.28679991,0.0207560696,0.00275607058,0.0147523033,0.0146872252,0.00331277493,2.52412891,14,2.5,6.08058023,0,1,0,0,0,0.162244529,-5.96516609,22.3021832,0.440758288,4.32871771,3.28679991,747.866089,65.8182983,1.28250003,0.0250000004,50,1,0.119999997,0.550000012,0.0133333337
C5_rand_10_r0,1,1647,4.98666668,4,3.34455442,3.28679991,0.0207528174,0.0027528177,0.0150432782,0.0136278039,0.00437219627,3.72702122,14,2.5,6.08058023,0,1,0,0,0,0.162244529,-5.96516609,22.3021832,0.440758288,4.32871771,3.28679991,747.866089,65.8182983,1.28250003,0.0250000004,50,1,0.119999997,0.550000012,0.0133333337
C5_rand_10_r0,1,1648,5,5,3.1597724,3.28679991,0.0207169894,0.00271699019,0.0147225019,0.0139942812,0.00400571898,3.00858712,14,2.5,6.08058023,0,1,0,0,0,-0.683110595,-2.76834393,20.8823757,0.710900486,8.51850224,3.28679991,747.866089,65.8182983,1.28250003,0.0250000004,50,1,0.119999997,0.550000012,0.0133333337
C5_rand_10_r0,1,1649,5.01333332,5,2.94815421,3.28679991,0.0206169505,0.00261695054,0.0147502096,0.0144786136,0.00352138607,2.77501178,14,2.5,6.08058023,0,1,0,0,0,-0.683110595,-2.76834393,20.8823757,0.710900486,8.51850224,3.28679991,747.866089,65.8182983,1.28250003,0.0250000004,50,1,0.119999997,0.550000012,0.0133333337
C5_rand_10_r0,1,1650,5.02666664,5,3.23830724,3.28679991,0.0205868073,0.00258680712,0.0145511869,0.0138807604,0.00411923928,3.47570539,14,2.5,6.08058023,0,1,0,0,0,-0.683110595,-2.76834393,20.8823757,0.710900486,8.51850224,3.28679991,747.866089,65.8182983,1.28250003,0.0250000004,50,1,0.119999997,0.550000012,0.0133333337
C5_rand_10_r0,1,1651,5.03999996,5,3.1030705,3.28679991,0.0205307472,0.00253074733,0.014479409,0.0141578913,0.00384210842,2.9924221,14,2.5,6.08058023,0,1,0,0,0,-0.683110595,-2.76834393,20.8823757,0.710900486,8.51850224,3.28679991,747.866089,65.8182983,1.28250003,0.0250000004,50,1,0.119999997,0.550000012,0.0133333337
C5_rand_10_r0,1,1652,5.05333328,5,3.32886338,3.28679991,0.0205330886,0.00253308821,0.0144729847,0.0135978526,0.00440214761,3.51360321,14,2.5,6.08058023,0,1,0,0,0,-0.683110595,-2.76834393,20.8823757,0.710900486,8.51850224,3.28679991,747.866089,65.8182983,1.28250003,0.0250000004,50,1,0.119999997,0.550000012,0.0133333337
C5_rand_10_r0,1,1653,5.0666666,5,3.10470819,3.28679991,0.0204828978,0.00248289737,0.0142823132,0.0140814465,0.00391855324,2.92130852,14,2.5,6.08058023,0,1,0,0,0,-0.683110595,-2.76834393,20.8823757,0.710900486,8.51850224,3.28679991,747.866089,65.8182983,1.28250003,0.0250000004,50,1,0.119999997,0.550000012,0.0133333337
C5_rand_10_r0,1,1654,5.07999992,5,3.29307365,3.28679991,0.0204762742,0.00247627473,0.0142416935,0.0136556635,0.00434433622,3.44719076,14,2.5,6.08058023,0,1,0,0,0,-0.683110595,-2.76834393,20.8823757,0.710900486,8.51850224,3.28679991,747.866089,65.8182983,1.28250003,0.0250000004,50,1,0.119999997,0.550000012,0.0133333337
C5_rand_10_r0,1,1655,5.09333324,5,3.13514352,3.28679991,0.0204330441,0.00243304437,0.01427917,0.0140156299,0.00398437027,3.00592828,14,2.5,6.08058023,0,1,0,0,0,-0.683110595,-2.76834393,20.8823757,0.710900486,8.51850224,3.28679991,747.866089,65.8182983,1.28250003,0.0250000004,50,1,0.119999997,0.550000012,0.0133333337
C5_rand_10_r0,1,1656,5.10666656,5,3.33152866,3.28679991,0.0204382632,0.00243826373,0.0140367579,0.0135587156,0.00444128411,3.49220729,14,2.5,6.08058023,0,1,0,0,0,-0.683110595,-2.76834393,20.8823757,0.710900486,8.51850224,3.28679991,747.866089,65.8182983,1.28250003,0.0250000004,50,1,0.119999997,0.550000012,0.0133333337
C5_rand_10_r0,1,1657,5.11999989,5,3.31233907,3.28679991,0.0204462279,0.00244622794,0.0141857015,0.013564378,0.00443562167,3.29663849,14,2.5,6.08058023,0,1,0,0,0,-0.683110595,-2.76834393,20.8823757,0.710900486,8.51850224,3.28679991,747.866089,65.8182983,1.28250003,0.0250000004,50,1,0.119999997,0.550000012,0.0133333337
C5_rand_10_r0,1,1658,5.13333321,5,3.33191299,3.28679991,0.0204600859,0.00246008672,0.0142420884,0.013481305,0.00451869518,3.34792805,14,2.5,6.08058023,0,1,0,0,0,-0.683110595,-2.76834393,20.8823757,0.710900486,8.51850224,3.28679991,747.866089,65.8182983,1.28250003,0.0250000004,50,1,0.119999997,0.550000012,0.0133333337
C5_rand_10_r0,1,1659,5.14666653,5,3.27261806,3.28679991,0.0204584561,0.00245845714,0.0142199704,0.0136157479,0.00438425224,3.22410417,14,2.5,6.08058023,0,1,0,0,0,-0.683110595,-2.76834393,20.8823757,0.710900486,8.51850224,3.28679991,747.866089,65.8182983,1.28250003,0.0250000004,50,1,0.119999997,0.550000012,0.0133333337
C5_rand_10_r0,1,1660,5.15999985,5,3.09100866,3.28679991,0.0204037987,0.00240379898,0.0141134588,0.0140741859,0.00392581429,2.94241905,14,2.5,6.08058023,0,1,0,0,0,-0.683110595,-2.76834393,20.8823757,0.710900486,8.51850224,3.28679991,747.866089,65.8182983,1.28250003,0.0250000004,50,1,0.119999997,0.550000012,0.0133333337
C5_rand_10_r0,1,1661,5.17333317,5,3.27109408,3.28679991,0.0203903262,0.00239032647,0.0140333604,0.0137177007,0.00428229943,3.41843677,14,2.5,6.08058023,0,1,0,0,0,-0.683110595,-2.76834393,20.8823757,0.710900486,8.51850224,3.28679991,747.866089,65.8182983,1.28250003,0.0250000004,50,1,0.119999997,0.550000012,0.0133333337
C5_rand_10_r0,1,1662,5.18666649,5,3.32162571,3.28679991,0.0203977544,0.00239775493,0.0142005114,0.0135743869,0.00442561321,3.36296988,14,2.5,6.08058023,0,1,0,0,0,-0.683110595,-2.76834393,20.8823757,0.710900486,8.51850224,3.28679991,747.866089,65.8182983,1.28250003,0.0250000004,50,1,0.119999997,0.550000012,0.0133333337
C5_rand_10_r0,1,1663,5.19999981,5,3.26198363,3.28679991,0.0203920994,0.00239209947,0.0136798164,0.0136643024,0.00433569727,3.21318555,14,2.5,6.08058023,0,1,0,0,0,-0.683110595,-2.76834393,20.8823757,0.710900486,8.51850224,3.28679991,747.866089,65.8182983,1.28250003,0.0250000004,50,1,0.119999997,0.550000012,0.0133333337
C5_rand_10_r0,1,1664,5.21333313,5,3.28406191,3.28679991,0.0203903969,0.00239039632,0.0142116044,0.0136144655,0.00438553467,3.30212617,14,2.5,6.08058023,0,1,0,0,0,-0.683110595,-2.76834393,20.8823757,0.710900486,8.51850224,3.28679991,747.866089,65.8182983,1.28250003,0.0250000004,50,1,0.119999997,0.550000012,0.0133333337
C5_rand_10_r0,1,1665,5.22666645,5,3.27816367,3.28679991,0.0203877129,0.00238771364,0.0138266757,0.0136320898,0.00436791033,3.27333784,14,2.5,6.08058023,0,1,0,0,0,-0.683110595,-2.76834393,20.8823757,0.710900486,8.51850224,3.28679991,747.866089,65.8182983,1.28250003,0.0250000004,50,1,0.119999997,0.550000012,0.0133333337
C5_rand_10_r0,1,1666,5.23999977,5,3.26467323,3.28679991,0.020381121,0.00238112011,0.0145068355,0.0136636076,0.00433639204,3.25363541,14,2.5,6.08058023,0,1,0,0,0,-0.683110595,-2.76834393,20.8823757,0.710900486,8.51850224,3.28679991,747.866089,65.8182983,1.28250003,0.0250000004,50,1,0.119999997,0.550000012,0.0133333337
C5_rand_10_r0,1,1667,5.25333357,5,3.30985308,3.28679991,0.0203864258,0.00238642492,0.0143933082,0.013559659,0.00444034068,3.34681869,14,2.5,6.08058023,0,1,0,0,0,-0.683110595,-2.76834393,20.8823757,0.710900486,8.51850224,3.28679991,747.866089,65.8182983,1.28250003,0.0250000004,50,1,0.119999997,0.550000012,0.0133333337
C5_rand_10_r0,1,1668,5.26666689,5,3.02118587,3.28679991,0.0203135274,0.00231352728,0.0143411113,0.0142480545,0.00375194522,2.78500366,14,2.5,6.08058023,0,1,0,0,0,-0.683110595,-2.76834393,20.8823757,0.710900486,8.51850224,3.28679991,747.866089,65.8182983,1.28250003,0.0250000004,50,1,0.119999997,0.550000012,0.0133333337
C5_rand_10_r0,1,1669,5.28000021,5,3.32657099,3.28679991,0.0203124247,0.00231242529,0.0143624898,0.0136027532,0.00439724699,3.57643175,14,2.5,6.08058023,0,1,0,0,0,-0.683110595,-2.76834393,20.8823757,0.710900486,8.51850224,3.28679991,747.866089,65.8182983,1.28250003,0.0250000004,50,1,0.119999997,0.550000012,0.0133333337
C5_rand_10_r0,1,1670,5.29333353,5,3.21077085,3.28679991,0.0202911217,0.00229112245,0.0139723746,0.0138392644,0.00416073529,3.11602521,14,2.5,6.08058023,0,1,0,0,0,-0.683110595,-2.76834393,20.8823757,0.710900486,8.51850224,3.28679991,747.866089,65.8182983,1.28250003,0.0250000004,50,1,0.119999997,0.550000012,0.0133333337
C5_rand_10_r0,1,1671,5.30666685,5,3.29035783,3.28679991,0.0202885605,0.00228856015,0.0145910401,0.0136257578,0.00437424192,3.35547447,14,2.5,6.08058023,0,1,0,0,0,-0.683110595,-2.76834393,20.8823757,0.710900486,8.51850224,3.28679991,747.866089,65.8182983,1.28250003,0.0250000004,50,1,0.119999997,0.550000012,0.0133333337
C5_rand_10_r0,1,1672,5.32000017,5,3.22000265,3.28679991,0.0202695783,0.0022695784,0.0140078273,0.0137849124,0.00421508728,3.16243935,14,2.5,6.08058023,0,1,0,0,0,-0.683110595,-2.76834393,20.8823757,0.710900486,8.51850224,3.28679991,747.866089,65.8182983,1.28250003,0.0250000004,50,1,0.119999997,0.550000012,0.0133333337
C5_rand_10_r0,1,1673,5.33333349,5,3.0802052,3.28679991,0.0202090275,0.0022090273,0.014628794,0.014134516,0.00386548368,2.96582556,14,2.5,6.08058023,0,1,0,0,0,-0.683110595,-2.76834393,20.8823757,0.710900486,8.51850224,3.28679991,747.866089,65.8182983,1.28250003,0.0250000004,50,1,0.119999997,0.550000012,0.0133333337
C5_rand_10_r0,1,1674,5.34666681,5,3.28133416,3.28679991,0.0201974176,0.0021974172,0.014610013,0.0137121035,0.00428789621,3.44589448,14,2.5,6.08058023,0,1,0,0,0,-0.683110595,-2.76834393,20.8823757,0.710900486,8.51850224,3.28679991,747.866089,65.8182983,1.28250003,0.0250000004,50,1,0.119999997,0.550000012,0.0133333337
C5_rand_10_r0,1,1675,5.36000013,5,3.09044695,3.28679991,0.0201409403,0.00214093947,0.0146433786,0.0141377887,0.00386221125,2.93426633,14,2.5,6.08058023,0,1,0,0,0,-0.683110595,-2.76834393,20.8823757,0.710900486,8.51850224,3.28679991,747.866089,65.8182983,1.28250003,0.0250000004,50,1,0.119999997,0.550000012,0.0133333337
C5_rand_10_r0,1,1676,5.37333345,5,2.92447495,3.28679991,0.0200308803,0.00203088089,0.0146411071,0.0145693803,0.00343061984,2.78867984,14,2.5,6.08058023,0,1,0,0,0,-0.683110595,-2.76834393,20.8823757,0.710900486,8.51850224,3.28679991,747.866089,65.8182983,1.28250003,0.0250000004,50,1,0.119999997,0.550000012,0.0133333337
C5_rand_10_r0,1,1677,5.38666677,5,3.2763145,3.28679991,0.0200096257,0.00200962508,0.0143073741,0.0138153601,0.00418464001,3.56418324,14,2.5,6.08058023,0,1,0,0,0,-0.683110595,-2.76834393,20.8823757,0.710900486,8.51850224,3.28679991,747.866089,65.8182983,1.28250003,0.0250000004,50,1,0.119999997,0.550000012,0.0133333337
C5_rand_10_r0,1,1678,5.4000001,5,3.16611028,3.28679991,0.0199725572,0.00197255751,0.0146212252,0.0139992815,0.00400071917,3.07594323,14,2.5,6.08058023,0,1,0,0,0,-0.683110595,-2.76834393,20.8823757,0.710900486,8.51850224,3.28679991,747.866089,65.8182983,1.28250003,0.0250000004,50,1,0.119999997,0.550000012,0.0133333337
C5_rand_10_r0,1,1679,5.41333342,5,3.2851882,3.28679991,0.0199659318,0.00196593185,0.014225849,0.0136727113,0.00432728836,3.38261557,14,2.5,6.08058023,0,1,0,0,0,-0.683110595,-2.76834393,20.8823757,0.710900486,8.51850224,3.28679991,747.866089,65.8182983,1.28250003,0.0250000004,50,1,0.119999997,0.550000012,0.0133333337
C5_rand_10_r0,1,1680,5.42666674,5,2.97943187,3.28679991,0.0198794473,0.00187944749,0.0144444108,0.0143855801,0.00361441984,2.72926736,14,2.5,6.08058023,0,1,0,0,0,-0.683110595,-2.76834393,20.8823757,0.710900486,8.51850224,3.28679991,747.866089,65.8182983,1.28250003,0.0250000004,50,1,0.119999997,0.550000012,0.0133333337
C5_rand_10_r0,1,1681,5.44000006,5,3.19309282,3.28679991,0.0198390037,0.00183900364,0.0143949166,0.0139533244,0.00404667528,3.36790633,14,2.5,6.08058023,0,1,0,0,0,-0.683110595,-2.76834393,20.8823757,0.710900486,8.51850224,3.28679991,747.866089,65.8182983,1.28250003,0.0250000004,50,1,0.119999997,0.550000012,0.0133333337
C5_rand_10_r0,1,1682,5.45333338,5,3.08998775,3.28679991,0.0197775923,0.00177759305,0.0143475868,0.0141946226,0.00380537729,3.0056293,14,2.5,6.08058023,0,1,0,0,0,-0.683110595,-2.76834393,20.8823757,0.710900486,8.51850224,3.28679991,747.866089,65.8182983,1.28250003,0.0250000004,50,1,0.119999997,0.550000012,0.0133333337
C5_rand_10_r0,1,1683,5.4666667,5,3.24591088,3.28679991,0.0197560005,0.00175599987,0.0141384378,0.0138134649,0.00418653479,3.37348437,14,2.5,6.08058023,0,1,0,0,0,-0.683110595,-2.76834393,20.8823757,0.710900486,8.51850224,3.28679991,747.866089,65.8182983,1.28250003,0.0250000004,50,1,0.119999997,0.550000012,0.0133333337
C5_rand_10_r0,1,1684,5.48000002,5,3.36043525,3.28679991,0.0197728556,0.00177285518,0.0145457219,0.0134953661,0.00450463407,3.45413685,14,2.5,6.08058023,0,1,0,0,0,-0.683110595,-2.76834393,20.8823757,0.710900486,8.51850224,3.28679991,747.866089,65.8182983,1.28250003,0.0250000004,50,1,0.119999997,0.550000012,0.0133333337
C5_rand_10_r0,1,1685,5.49333334,5,3.25359559,3.28679991,0.0197664406,0.00176644092,0.0141695496,0.0136773745,0.00432262523,3.16618156,14,2.5,6.08058023,0,1,0,0,0,-0.683110595,-2.76834393,20.8823757,0.710900486,8.51850224,3.28679991,747.866089,65.8182983,1.28250003,0.0250000004,50,1,0.119999997,0.550000012,0.0133333337
C5_rand_10_r0,1,1686,5.50666666,5,3.24002767,3.28679991,0.0197523795,0.00175237958,0.0140395537,0.0137163503,0.00428364938,3.22892666,14,2.5,6.08058023,0,1,0,0,0,-0.683110595,-2.76834393,20.8823757,0.710900486,8.51850224,3.28679991,747.866089,65.8182983,1.28250003,0.0250000004,50,1,0.119999997,0.550000012,0.0133333337
C5_rand_10_r0,1,1687,5.51999998,5,3.14247704,3.28679991,0.0197099466,0.00170994631,0.014162194,0.0139790485,0.00402095169,3.06266308,14,2.5,6.08058023,0,1,0,0,0,-0.683110595,-2.76834393,20.8823757,0.710900486,8.51850224,3.28679991,747.866089,65.8182983,1.28250003,0.0250000004,50,1,0.119999997,0.550000012,0.0133333337
C5_rand_10_r0,1,1688,5.5333333,5,3.32274866,3.28679991,0.0197128598,0.00171285984,0.0137046464,0.0135838753,0.00441612536,3.47024345,14,2.5,6.08058023,0,1,0,0,0,-0.683110595,-2.76834393,20.8823757,0.710900486,8.51850224,3.28679991,747.866089,65.8182983,1.28250003,0.0250000004,50,1,0.119999997,0.550000012,0.0133333337
C5_rand_10_r0,1,1689,5.54666662,5,3.20929623,3.28679991,0.0196918175,0.00169181661,0.01400821,0.0138174631,0.00418253662,3.11647153,14,2.5,6.08058023,0,1,0,0,0,-0.683110595,-2.76834393,20.8823757,0.710900486,8.51850224,3.28679991,747.866089,65.8182983,1.28250003,0.0250000004,50,1,0.119999997,0.550000012,0.0133333337
C5_rand_10_r0,1,1690,5.55999994,5,3.35886121,3.28679991,0.0197083261,0.0017083264,0.013674926,0.013456231,0.00454376871,3.4812324,14,2.5,6.08058023,0,1,0,0,0,-0.683110595,-2.76834393,20.8823757,0.710900486,8.51850224,3.28679991,747.866089,65.8182983,1.28250003,0.0250000004,50,1,0.119999997,0.550000012,0.0133333337
C5_rand_10_r0,1,1691,5.57333326,5,3.33171988,3.28679991,0.0197235551,0.00172355573,0.0138247628,0.0134875448,0.00451245485,3.30951333,14,2.5,6.08058023,0,1,0,0,0,-0.683110595,-2.76834393,20.8823757,0.710900486,8.51850224,3.28679991,747.866089,65.8182983,1.28250003,0.0250000004,50,1,0.119999997,0.550000012,0.0133333337
C5_rand_10_r0,1,1692,5.58666658,5,3.38055205,3.28679991,0.0197521355,0.00175213616,0.0139736393,0.0133458944,0.00465410575,3.42050552,14,2.5,6.08058023,0,1,0,0,0,-0.683110595,-2.76834393,20.8823757,0.710900486,8.51850224,3.28679991,747.866089,65.8182983,1.28250003,0.0250000004,50,1,0.119999997,0.550000012,0.0133333337
C5_rand_10_r0,1,1693,5.5999999,5,3.48497009,3.28679991,0.0198119469,0.00181194686,0.013378296,0.0130749606,0.0049250396,3.57040334,14,2.5,6.08058023,0,1,0,0,0,-0.683110595,-2.76834393,20.8823757,0.710900486,8.51850224,3.28679991,747.866089,65.8182983,1.28250003,0.0250000004,50,1,0.119999997,0.550000012,0.0133333337
C5_rand_10_r0,1,1694,5.61333323,5,3.14617109,3.28679991,0.0197828524,0.00178285176,0.0139898621,0.0138479592,0.00415204046,2.86897206,14,2.5,6.08058023,0,1,0,0,0,-0.683110595,-2.76834393,20.8823757,0.710900486,8.51850224,3.28679991,747.866089,65.8182983,1.28250003,0.0250000004,50,1,0.119999997,0.550000012,0.0133333337
C5_rand_10_r0,1,1695,5.62666655,5,3.40609765,3.28679991,0.0198111404,0.0018111408,0.0133727016,0.0133148497,0.00468515046,3.61876464,14,2.5,6.08058023,0,1,0,0,0,-0.683110595,-2.76834393,20.8823757,0.710900486,8.51850224,3.28679991,747.866089,65.8182983,1.28250003,0.0250000004,50,1,0.119999997,0.550000012,0.0133333337
C5_rand_10_r0,1,1696,5.63999987,5,3.36897373,3.28679991,0.0198386814,0.00183868164,0.0138889235,0.0133864526,0.00461354759,3.33859968,14,2.5,6.08058023,0,1,0,0,0,-0.683110595,-2.76834393,20.8823757,0.710900486,8.51850224,3.28679991,747.866089,65.8182983,1.28250003,0.0250000004,50,1,0.119999997,0.550000012,0.0133333337
C5_rand_10_r0,1,1697,5.65333319,5,3.40393639,3.28679991,0.0198758096,0.00187580974,0.0136589119,0.0132647892,0.00473521091,3.43254209,14,2.5,6.08058023,0,1,0,0,0,-0.683110595,-2.76834393,20.8823757,0.710900486,8.51850224,3.28679991,747.866089,65.8182983,1.28250003,0.0250000004,50,1,0.119999997,0.550000012,0.0133333337
C5_rand_10_r0,1,1698,5.66666651,5,3.47904611,3.28679991,0.0199353993,0.00193539937,0.0134096779,0.0130698103,0.00493018935,3.54049945,14,2.5,6.08058023,0,1,0,0,0,-0.683110595,-2.76834393,20.8823757,0.710900486,8.51850224,3.28679991,747.866089,65.8182983,1.28250003,0.0250000004,50,1,0.119999997,0.550000012,0.0133333337
C5_rand_10_r0,1,1699,5.67999983,5,3.17464733,3.28679991,0.0199141782,0.00191417744,0.0138210841,0.0137734152,0.00422658445,2.92559385,14,2.5,6.08058023,0,1,0,0,0,-0.683110595,-2.76834393,20.8823757,0.710900486,8.51850224,3.28679991,747.866089,65.8182983,1.28250003,0.0250000004,50,1,0.119999997,0.550000012,0.0133333337
C5_rand_10_r0,1,1700,5.69333315,5,3.51257277,3.28679991,0.0199733544,0.00197335519,0.013103703,0.0130455708,0.00495442934,3.78905702,14,2.5,6.08058023,0,1,0,0,0,-0.683110595,-2.76834393,20.8823757,0.710900486,8.51850224,3.28679991,747.866089,65.8182983,1.28250003,0.0250000004,50,1,0.119999997,0.550000012,0.0133333337
C5_rand_10_r0,1,1701,5.70666647,5,3.18969131,3.28679991,0.0199562442,0.0019562433,0.013874786,0.013775696,0.00422430458,2.92551565,14,2.5,6.08058023,0,1,0,0,0,-0.683110595,-2.76834393,20.8823757,0.710900486,8.51850224,3.28679991,747.866089,65.8182983,1.28250003,0.0250000004,50,1,0.119999997,0.550000012,0.0133333337
C5_rand_10_r0,1,1702,5.71999979,5,3.5121026,3.28679991,0.0200159755,0.00201597554,0.0134960031,0.0130414683,0.00495853228,3.77589369,14,2.5,6.08058023,0,1,0,0,0,-0.683110595,-2.76834393,20.8823757,0.710900486,8.51850224,3.28679991,747.866089,65.8182983,1.28250003,0.0250000004,50,1,0.119999997,0.550000012,0.0133333337
C5_rand_10_r0,1,1703,5.73333311,5,3.32568932,3.28679991,0.0200367328,0.00203673355,0.0138175227,0.0134416204,0.0045583793,3.17316937,14,2.5,6.08058023,0,1,0,0,0,-0.683110595,-2.76834393,20.8823757,0.710900486,8.51850224,3.28679991,747.866089,65.8182983,1.28250003,0.0250000004,50,1,0.119999997,0.550000012,0.0133333337
C5_rand_10_r0,1,1704,5.74666643,5,3.1790731,3.28679991,0.0200102683,0.00201026909,0.0140761845,0.0137999309,0.00420006923,3.05911422,14,2.5,6.08058023,0,1,0,0,0,-0.683110595,-2.76834393,20.8823757,0.710900486,8.51850224,3.28679991,747.866089,65.8182983,1.28250003,0.0250000004,50,1,0.119999997,0.550000012,0.0133333337
C5_rand_10_r0,1,1705,5.76000023,5,3.44851589,3.28679991,0.020050779,0.00205077929,0.0134412525,0.0132338284,0.0047661718,3.66896915,14,2.5,6.08058023,0,1,0,0,0,-0.683110595,-2.76834393,20.8823757,0.710900486,8.51850224,3.28679991,747.866089,65.8182983,1.28250003,0.0250000004,50,1,0.119999997,0.550000012,0.0133333337
C5_rand_10_r0,1,1706,5.77333355,5,3.17801404,3.28679991,0.0200273134,0.00202731276,0.0140447812,0.0138325784,0.00416742219,2.95669436,14,2.5,6.08058023,0,1,0,0,0,-0.683110595,-2.76834393,20.8823757,0.710900486,8.51850224,3.28679991,747.866089,65.8182983,1.28250003,0.0250000004,50,1,0.119999997,0.550000012,0.0133333337
C5_rand_10_r0,1,1707,5.78666687,5,3.43821454,3.28679991,0.0200654604,0.00206546113,0.0132732885,0.0132418834,0.00475811679,3.65110588,14,2.5,6.08058023,0,1,0,0,0,-0.683110595,-2.76834393,20.8823757,0.710900486,8.51850224,3.28679991,747.866089,65.8182983,1.28250003,0.0250000004,50,1,0.119999997,0.550000012,0.0133333337
C5_rand_10_r0,1,1708,5.80000019,5,3.1606667,3.28679991,0.0200367831,0.00203678221,0.0139023867,0.0138759539,0.0041240463,2.93358207,14,2.5,6.08058023,0,1,0,0,0,-0.683110595,-2.76834393,20.8823757,0.710900486,8.51850224,3.28679991,747.866089,65.8182983,1.28250003,0.0250000004,50,1,0.119999997,0.550000012,0.0133333337
C5_rand_10_r0,1,1709,5.81333351,5,3.44143176,3.28679991,0.0200749561,0.00207495573,0.0137842223,0.0132426079,0.00475739222,3.6711483,14,2.5,6.08058023,0,1,0,0,0,-0.683110595,-2.76834393,20.8823757,0.710900486,8.51850224,3.28679991,747.866089,65.8182983,1.28250003,0.0250000004,50,1,0.119999997,0.550000012,0.0133333337
C5_rand_10_r0,1,1710,5.82666683,5,3.14543819,3.28679991,0.0200420506,0.00204205071,0.0139497304,0.0139163649,0.00408363529,2.90326166,14,2.5,6.08058023,0,1,0,0,0,-0.683110595,-2.76834393,20.8823757,0.710900486,8.51850224,3.28679991,747.866089,65.8182983,1.28250003,0.0250000004,50,1,0.119999997,0.550000012,0.0133333337
C5_rand_10_r0,1,1711,5.84000015,5,3.0431273,3.28679991,0.0199688803,0.00196887972,0.0143395094,0.0142166037,0.00378339598,2.95941854,14,2.5,6.08058023,0,1,0,0,0,-0.683110595,-2.76834393,20.8823757,0.710900486,8.51850224,3.28679991,747.866089,65.8182983,1.28250003,0.0250000004,50,1,0.119999997,0.550000012,0.0133333337
C5_rand_10_r0,1,1712,5.85333347,5,3.42490911,3.28679991,0.0199950486,0.00199504825,0.0137418453,0.0133891255,0.00461087422,3.73727584,14,2.5,6.08058023,0,1,0,0,0,-0.683110595,-2.76834393,20.8823757,0.710900486,8.51850224,3.28679991,747.866089,65.8182983,1.28250003,0.0250000004,50,1,0.119999997,0.550000012,0.0133333337
C5_rand_10_r0,1,1713,5.86666679,5,3.19369769,3.28679991,0.0199735481,0.00197354797,0.014215746,0.0138443541,0.00415564561,3.00452471,14,2.5,6.08058023,0,1,0,0,0,-0.683110595,-2.76834393,20.8823757,0.710900486,8.51850224,3.28679991,747.866089,65.8182983,1.28250003,0.0250000004,50,1,0.119999997,0.550000012,0.0133333337
C5_rand_10_r0,1,1714,5.88000011,5,3.39256167,3.28679991,0.019999342,0.00199934281,0.0136274165,0.0133596482,0.00464035198,3.55526876,14,2.5,6.08058023,0,1,0,0,0,-0.683110595,-2.76834393,20.8823757,0.710900486,8.51850224,3.28679991,747.866089,65.8182983,1.28250003,0.0250000004,50,1,0.119999997,0.550000012,0.0133333337
C5_rand_10_r0,1,1715,5.89333344,5,3.17403197,3.28679991,0.0199723169,0.00197231746,0.0141335027,0.0138587486,0.00414125109,2.99523497,14,2.5,6.08058023,0,1,0,0,0,-0.683110595,-2.76834393,20.8823757,0.710900486,8.51850224,3.28679991,747.866089,65.8182983,1.28250003,0.0250000004,50,1,0.119999997,0.550000012,0.0133333337
C5_rand_10_r0,1,1716,5.90666676,5,3.40694332,3.28679991,0.0200011861,0.00200118637,0.0141886333,0.0133323437,0.00466765603,3.59750724,14,2.5,6.08058023,0,1,0,0,0,-0.683110595,-2.76834393,20.8823757,0.710900486,8.51850224,3.28679991,747.866089,65.8182983,1.28250003,0.0250000004,50,1,0.119999997,0.550000012,0.0133333337
C5_rand_10_r0,1,1717,5.92000008,5,3.16928315,3.28679991,0.0199733544,0.00197335449,0.0142316669,0.013869795,0.00413020514,2.97483397,14,2.5,6.08058023,0,1,0,0,0,-0.683110595,-2.76834393,20.8823757,0.710900486,8.51850224,3.28679991,747.866089,65.8182983,1.28250003,0.0250000004,50,1,0.119999997,0.550000012,0.0133333337
C5_rand_10_r0,1,1718,5.9333334,5,3.02651381,3.28679991,0.0198964141,0.00189641397,0.014419931,0.0142562939,0.00374370604,2.9097023,14,2.5,6.08058023,0,1,0,0,0,-0.683110595,-2.76834393,20.8823757,0.710900486,8.51850224,3.28679991,747.866089,65.8182983,1.28250003,0.0250000004,50,1,0.119999997,0.550000012,0.0133333337
C5_rand_10_r0,1,1719,5.94666672,5,3.41417193,3.28679991,0.0199189708,0.00191897165,0.0142316753,0.013416958,0.00458304211,3.73134708,14,2.5,6.08058023,0,1,0,0,0,-0.683110595,-2.76834393,20.8823757,0.710900486,8.51850224,3.28679991,747.866089,65.8182983,1.28250003,0.0250000004,50,1,0.119999997,0.550000012,0.0133333337
C5_rand_10_r0,1,1720,5.96000004,5,3.25671196,3.28679991,0.0199143738,0.00191437348,0.0142222485,0.0136984764,0.00430152332,3.12788081,14,2.5,6.08058023,0,1,0,0,0,-0.683110595,-2.76834393,20.8823757,0.710900486,8.51850224,3.28679991,747.866089,65.8182983,1.28250003,0.0250000004,50,1,0.119999997,0.550000012,0.0133333337
C5_rand_10_r0,1,1721,5.97333336,5,3.36378789,3.28679991,0.0199349932,0.00193499262,0.0141748609,0.0134092895,0.00459071063,3.45139551,14,2.5,6.08058023,0,1,0,0,0,-0.683110595,-2.76834393,20.8823757,0.710900486,8.51850224,3.28679991,747.866089,65.8182983,1.28250003,0.0250000004,50,1,0.119999997,0.550000012,0.0133333337
C5_rand_10_r0,1,1722,5.98666668,5,3.24764538,3.28679991,0.019927552,0.00192755286,0.013910315,0.0136756338,0.00432436587,3.1526196,14,2.5,6.08058023,0,1,0,0,0,-0.683110595,-2.76834393,20.8823757,0.710900486,8.51850224,3.28679991,747.866089,65.8182983,1.28250003,0.0250000004,50,1,0.119999997,0.550000012,0.0133333337
C5_rand_10_r0,1,1723,6,6,3.34850001,3.28679991,0.0199434515,0.00194345182,0.0147908265,0.0134515427,0.00454845699,3.43101716,14,2.5,6.08058023,0,1,0,0,0,-0.669999957,-10.4090195,28.7604561,0.701421797,1.64083242,3.28679991,747.866089,65.8182983,1.28250003,0.0250000004,50,1,0.119999997,0.550000012,0.0133333337
C5_rand_10_r0,1,1724,6.01333332,6,3.24679899,3.28679991,0.0199349895,0.00193499029,0.0138870291,0.0136858914,0.00431410875,3.16358924,14,2.5,6.08058023,0,1,0,0,0,-0.669999957,-10.4090195,28.7604561,0.701421797,1.64083242,3.28679991,747.866089,65.8182983,1.28250003,0.0250000004,50,1,0.119999997,0.550000012,0.0133333337
C5_rand_10_r0,1,1725,6.02666664,6,3.2273159,3.28679991,0.019917056,0.00191705662,0.0142720174,0.0137506295,0.00424937019,3.21137524,14,2.5,6.08058023,0,1,0,0,0,-0.669999957,-10.4090195,28.7604561,0.701421797,1.64083242,3.28679991,747.866089,65.8182983,1.28250003,0.0250000004,50,1,0.119999997,0.550000012,0.0133333337
C5_rand_10_r0,1,1726,6.03999996,6,3.38340354,3.28679991,0.0199409015,0.00194090197,0.0139757358,0.013399859,0.0046001412,3.51111126,14,2.5,6.08058023,0,1,0,0,0,-0.669999957,-10.4090195,28.7604561,0.701421797,1.64083242,3.28679991,747.866089,65.8182983,1.28250003,0.0250000004,50,1,0.119999997,0.550000012,0.0133333337
C5_rand_10_r0,1,1727,6.05333328,6,3.20905185,3.28679991,0.0199232791,0.00192327949,0.0139158526,0.0137738846,0.00422611507,3.06640053,14,2.5,6.08058023,0,1,0,0,0,-0.669999957,-10.4090195,28.7604561,0.701421797,1.64083242,3.28679991,747.866089,65.8182983,1.28250003,0.0250000004,50,1,0.119999997,0.550000012,0.0133333337
C5_rand_10_r0,1,1728,6.0666666,6,3.35598516,3.28679991,0.0199395604,0.00193956052,0.0139116272,0.0134448921,0.00455510756,3.47620344,14,2.5,6.08058023,0,1,0,0,0,-0.669999957,-10.4090195,28.7604561,0.701421797,1.64083242,3.28679991,747.866089,65.8182983,1.28250003,0.0250000004,50,1,0.119999997,0.550000012,0.0133333337
C5_rand_10_r0,1,1729,6.07999992,6,3.21067047,3.28679991,0.0199211277,0.00192112697,0.0137820635,0.0137798963,0.00422010338,3.09177685,14,2.5,6.08058023,0,1,0,0,0,-0.669999957,-10.4090195,28.7604561,0.701421797,1.64083242,3.28679991,747.866089,65.8182983,1.28250003,0.0250000004,50,1,0.119999997,0.550000012,0.0133333337
C5_rand_10_r0,1,1730,6.09333324,6,3.34633064,3.28679991,0.0199345909,0.0019345911,0.0143432766,0.0134744179,0.00452558231,3.45732546,14,2.5,6.08058023,0,1,0,0,0,-0.669999957,-10.4090195,28.7604561,0.701421797,1.64083242,3.28679991,747.866089,65.8182983,1.28250003,0.0250000004,50,1,0.119999997,0.550000012,0.0133333337
C5_rand_10_r0,1,1731,6.10666656,6,3.20968771,3.28679991,0.019915415,0.00191541505,0.0138581619,0.013786599,0.00421340112,3.09788895,14,2.5,6.08058023,0,1,0,0,0,-0.669999957,-10.4090195,28.7604561,0.701421797,1.64083242,3.28679991,747.866089,65.8182983,1.28250003,0.0250000004,50,1,0.119999997,0.550000012,0.0133333337
C5_rand_10_r0,1,1732,6.11999989,6,3.20308924,3.28679991,0.0198889654,0.00188896596,0.0144171622,0.0138255069,0.00417449372,3.19769049,14,2.5,6.08058023,0,1,0,0,0,-0.669999957,-10.4090195,28.7604561,0.701421797,1.64083242,3.28679991,747.866089,65.8182983,1.28250003,0.0250000004,50,1,0.119999997,0.550000012,0.0133333337
C5_rand_10_r0,1,1733,6.13333321,6,3.33782721,3.28679991,0.0198987313,0.00189873204,0.0137772169,0.0135291228,0.00447087735,3.44806719,14,2.5,6.08058023,0,1,0,0,0,-0.669999957,-10.4090195,28.7604561,0.701421797,1.64083242,3.28679991,747.866089,65.8182983,1.28250003,0.0250000004,50,1,0.119999997,0.550000012,0.0133333337
C5_rand_10_r0,1,1734,6.14666653,6,3.33797789,3.28679991,0.0199145749,0.0019145757,0.0140707046,0.0134849297,0.00451507047,3.33810115,14,2.5,6.08058023,0,1,0,0,0,-0.669999957,-10.4090195,28.7604561,0.701421797,1.64083242,3.28679991,747.866089,65.8182983,1.28250003,0.0250000004,50,1,0.119999997,0.550000012,0.0133333337
C5_rand_10_r0,1,1735,6.15999985,6,3.24896908,3.28679991,0.0199067071,0.00190670777,0.0136867417,0.0136693958,0.0043306048,3.17614388,14,2.5,6.08058023,0,1,0,0,0,-0.669999957,-10.4090195,28.7604561,0.701421797,1.64083242,3.28679991,747.866089,65.8182983,1.28250003,0.0250000004,50,1,0.119999997,0.550000012,0.0133333337
C5_rand_10_r0,1,1736,6.17333317,6,3.4079113,3.28679991,0.0199390389,0.00193903851,0.0136895478,0.0133108133,0.00468918635,3.53795481,14,2.5,6.08058023,0,1,0,0,0,-0.669999957,-10.4090195,28.7604561,0.701421797,1.64083242,3.28679991,747.866089,65.8182983,1.28250003,0.0250000004,50,1,0.119999997,0.550000012,0.0133333337
C5_rand_10_r0,1,1737,6.18666649,6,3.4319551,3.28679991,0.0199847482,0.00198474783,0.0135141546,0.0132139772,0.00478602294,3.45162725,14,2.5,6.08058023,0,1,0,0,0,-0.669999957,-10.4090195,28.7604561,0.701421797,1.64083242,3.28679991,747.866089,65.8182983,1.28250003,0.0250000004,50,1,0.119999997,0.550000012,0.0133333337
C5_rand_10_r0,1,1738,6.19999981,6,3.45103335,3.28679991,0.0200379863,0.00203798641,0.0133499447,0.0131232534,0.0048767468,3.4666431,14,2.5,6.08058023,0,1,0,0,0,-0.669999957,-10.4090195,28.7604561,0.701421797,1.64083242,3.28679991,747.866089,65.8182983,1.28250003,0.0250000004,50,1,0.119999997,0.550000012,0.0133333337
C5_rand_10_r0,1,1739,6.21333313,6,3.48039937,3.28679991,0.0201006364,0.00210063718,0.0132037178,0.0130329737,0.00496702641,3.50442624,14,2.5,6.08058023,0,1,0,0,0,-0.669999957,-10.4090195,28.7604561,0.701421797,1.64083242,3.28679991,747.866089,65.8182983,1.28250003,0.0250000004,50,1,0.119999997,0.550000012,0.0133333337
C5_rand_10_r0,1,1740,6.22666645,6,3.50507236,3.28679991,0.0201717094,0.00217171013,0.0130765429,0.0129554169,0.0050445837,3.52525902,14,2.5,6.08058023,0,1,0,0,0,-0.669999957,-10.4090195,28.7604561,0.701421797,1.64083242,3.28679991,747.866089,65.8182983,1.28250003,0.0250000004,50,1,0.119999997,0.550000012,0.0133333337
C5_rand_10_r0,1,1741,6.23999977,6,3.52478266,3.28679991,0.0202496611,0.00224966207,0.0129711684,0.0128900157,0.00510998396,3.54090953,14,2.5,6.08058023,0,1,0,0,0,-0.669999957,-10.4090195,28.7604561,0.701421797,1.64083242,3.28679991,747.866089,65.8182983,1.28250003,0.0250000004,50,1,0.119999997,0.550000012,0.0133333337
C5_rand_10_r0,1,1742,6.25333357,6,3.53869009,3.28679991,0.0203326233,0.00233262335,0.0128916437,0.0128414454,0.0051585543,3.55006862,14,2.5,6.08058023,0,1,0,0,0,-0.669999957,-10.4090195,28.7604561,0.701421797,1.64083242,3.28679991,747.866089,65.8182983,1.28250003,0.0250000004,50,1,0.119999997,0.550000012,0.0133333337
C5_rand_10_r0,1,1743,6.26666689,6,3.54743481,3.28679991,0.0204188488,0.00241884892,0.0128409676,0.0128089469,0.0051910528,3.55458951,14,2.5,6.08058023,0,1,0,0,0,-0.669999957,-10.4090195,28.7604561,0.701421797,1.64083242,3.28679991,747.866089,65.8182983,1.28250003,0.0250000004,50,1,0.119999997,0.550000012,0.0133333337
C5_rand_10_r0,1,1744,6.28000021,6,3.55168605,3.28679991,0.0205067992,0.00250679906,0.0128216743,0.0127909435,0.00520905666,3.55516434,14,2.5,6.08058023,0,1,0,0,0,-0.669999957,-10.4090195,28.7604561,0.701421797,1.64083242,3.28679991,747.866089,65.8182983,1.28250003,0.0250000004,50,1,0.119999997,0.550000012,0.0133333337
C5_rand_10_r0,1,1745,6.29333353,6,3.55200577,3.28679991,0.0205951259,0.00259512593,0.0128298393,0.0127857085,0.00521429209,3.55226755,14,2.5,6.08058023,0,1,0,0,0,-0.669999957,-10.4090195,28.7604561,0.701421797,1.64083242,3.28679991,747.866089,65.8182983,1.28250003,0.0250000004,50,1,0.119999997,0.550000012,0.0133333337
C5_rand_10_r0,1,1746,6.30666685,6,3.54796004,3.28679991,0.0206823908,0.00268239132,0.0128677031,0.012793907,0.00520609319,3.54464984,14,2.5,6.08058023,0,1,0,0,0,-0.669999957,-10.4090195,28.7604561,0.701421797,1.64083242,3.28679991,747.866089,65.8182983,1.28250003,0.0250000004,50,1,0.119999997,0.550000012,0.0133333337
C5_rand_10_r0,1,1747,6.32000017,6,3.53988171,3.28679991,0.0207672361,0.0027672362,0.012938302,0.0128147239,0.00518527674,3.53327227,14,2.5,6.08058023,0,1,0,0,0,-0.669999957,-10.4090195,28.7604561,0.701421797,1.64083242,3.28679991,747.866089,65.8182983,1.28250003,0.0250000004,50,1,0.119999997,0.550000012,0.0133333337
C5_rand_10_r0,1,1748,6.33333349,6,3.52830338,3.28679991,0.0208484605,0.00284846127,0.0130393067,0.0128468173,0.00515318243,3.5188303,14,2.5,6.08058023,0,1,0,0,0,-0.669999957,-10.4090195,28.7604561,0.701421797,1.64083242,3.28679991,747.866089,65.8182983,1.28250003,0.0250000004,50,1,0.119999997,0.550000012,0.0133333337
C5_rand_10_r0,1,1749,6.34666681,6,3.59280634,3.28679991,0.020947,0.00294700055,0.0129635669,0.0126964478,0.00530355284,3.64558148,14,2.5,6.08058023,0,1,0,0,0,-0.669999957,-10.4090195,28.7604561,0.701421797,1.64083242,3.28679991,747.866089,65.8182983,1.28250003,0.0250000004,50,1,0.119999997,0.550000012,0.0133333337
C5_rand_10_r0,1,1750,6.36000013,6,3.79107094,3.28679991,0.0211034995,0.00310349907,0.0130293621,0.0121935746,0.00580642559,3.9532876,14,2.5,6.08058023,0,1,0,0,0,-0.669999957,-10.4090195,28.7604561,0.701421797,1.64083242,3.28679991,747.866089,65.8182983,1.28250003,0.0250000004,50,1,0.119999997,0.550000012,0.0133333337
C5_rand_10_r0,1,1751,6.37333345,6,3.41262746,3.28679991,0.0211645346,0.00316453422,0.0131111462,0.0130244838,0.00497551588,3.10299182,14,2.5,6.08058023,0,1,0,0,0,-0.669999957,-10.4090195,28.7604561,0.701421797,1.64083242,3.28679991,747.866089,65.8182983,1.28250003,0.0250000004,50,1,0.119999997,0.550000012,0.0133333337
C5_rand_10_r0,1,1752,6.38666677,6,3.79596448,3.28679991,0.0213161409,0.0033161412,0.0123182768,0.012182598,0.00581740169,4.10960388,14,2.5,6.08058023,0,1,0,0,0,-0.669999957,-10.4090195,28.7604561,0.701421797,1.64083242,3.28679991,747.866089,65.8182983,1.28250003,0.0250000004,50,1,0.119999997,0.550000012,0.0133333337
C5_rand_10_r0,1,1753,6.4000001,6,3.31860495,3.28679991,0.0213502441,0.0033502439,0.0134646017,0.0132842502,0.00471574953,2.92803788,14,2.5,6.08058023,0,1,0,0,0,-0.669999957,-10.4090195,28.7604561,0.701421797,1.64083242,3.28679991,747.866089,65.8182983,1.28250003,0.0250000004,50,1,0.119999997,0.550000012,0.0133333337
C5_rand_10_r0,1,1754,6.41333342,6,3.79531503,3.28679991,0.0214971825,0.00349718169,0.0126379542,0.0122235315,0.00577646866,4.18535089,14,2.5,6.08058023,0,1,0,0,0,-0.669999957,-10.4090195,28.7604561,0.701421797,1.64083242,3.28679991,747.866089,65.8182983,1.28250003,0.0250000004,50,1,0.119999997,0.550000012,0.0133333337
C5_rand_10_r0,1,1755,6.42666674,6,4.32476711,3.28679991,0.0218099952,0.00380999572,0.0124606015,0.0108620543,0.00713794585,4.75795555,14,2.5,6.08058023,0,1,0,0,0,-0.669999957,-10.4090195,28.7604561,0.701421797,1.64083242,3.28679991,747.866089,65.8182983,1.28250003,0.0250000004,50,1,0.119999997,0.550000012,0.0133333337
C5_rand_10_r0,1,1756,6.44000006,6,3.07325578,3.28679991,0.0218028128,0.00380281359,0.0136577841,0.013608004,0.00439199572,2.04929185,14,2.5,6.08058023,0,1,0,0,0,-0.669999957,-10.4090195,28.7604561,0.701421797,1.64083242,3.28679991,747.866089,65.8182983,1.28250003,0.0250000004,50,1,0.119999997,0.550000012,0.0133333337
C5_rand_10_r0,1,1757,6.45333338,6,4.25001335,3.28679991,0.0220691767,0.00406917557,0.0114638275,0.0110676736,0.00693232706,5.21281528,14,2.5,6.08058023,0,1,0,0,0,-0.669999957,-10.4090195,28.7604561,0.701421797,1.64083242,3.28679991,747.866089,65.8182983,1.28250003,0.0250000004,50,1,0.119999997,0.550000012,0.0133333337
C5_rand_10_r0,1,1758,6.4666667,6,4.14532614,3.28679991,0.0223520491,0.00435204897,0.0134932576,0.0111651346,0.00683486508,4.05967331,14,2.5,6.08058023,0,1,0,0,0,-0.669999957,-10.4090195,28.7604561,0.701421797,1.64083242,3.28679991,747.866089,65.8182983,1.28250003,0.0250000004,50,1,0.119999997,0.550000012,0.0133333337
C5_rand_10_r0,1,1759,6.48000002,6,3.98951364,3.28679991,0.0225943923,0.00459439261,0.0116299344,0.0113422247,0.00665777549,3.86203027,14,2.5,6.08058023,0,1,0,0,0,-0.669999957,-10.4090195,28.7604561,0.701421797,1.64083242,3.28679991,747.866089,65.8182983,1.28250003,0.0250000004,50,1,0.119999997,0.550000012,0.0133333337
C5_rand_10_r0,1,1760,6.49333334,6,4.46501541,3.28679991,0.0229277257,0.004927726,0.0127256364,0.0102297571,0.0077702431,4.85406208,14,2.5,6.08058023,0,1,0,0,0,-0.669999957,-10.4090195,28.7604561,0.701421797,1.64083242,3.28679991,747.866089,65.8182983,1.28250003,0.0250000004,50,1,0.119999997,0.550000012,0.0133333337
C5_rand_10_r0,1,1761,6.50666666,6,3.87467098,3.28679991,0.023146579,0.00514657935,0.0129639599,0.0117047178,0.00629528193,3.39166188,14,2.5,6.08058023,0,1,0,0,0,-0.669999957,-10.4090195,28.7604561,0.701421797,1.64083242,3.28679991,747.866089,65.8182983,1.28250003,0.0250000004,50,1,0.119999997,0.550000012,0.0133333337
C5_rand_10_r0,1,1762,6.51999998,6,4.264534,3.28679991,0.0234546475,0.00545464735,0.0115925046,0.010715561,0.0072844387,4.58351278,14,2.5,6.08058023,0,1,0,0,0,-0.669999957,-10.4090195,28.7604561,0.701421797,1.64083242,3.28679991,747.866089,65.8182983,1.28250003,0.0250000004,50,1,0.119999997,0.550000012,0.0133333337
C5_rand_10_r0,1,1763,6.5333333,6,3.67635655,3.28679991,0.0236142017,0.00561420247,0.0134063754,0.0121009331,0.00589906704,3.19512033,14,2.5,6.08058023,0,1,0,0,0,-0.669999957,-10.4090195,28.7604561,0.701421797,1.64083242,3.28679991,747.866089,65.8182983,1.28250003,0.0250000004,50,1,0.119999997,0.550000012,0.0133333337
C5_rand_10_r0,1,1764,6.54666662,6,4.07465601,3.28679991,0.0238596443,0.00585964369,0.0116308406,0.0112733478,0.00672665238,4.40053749,14,2.5,6.08058023,0,1,0,0,0,-0.669999957,-10.4090195,28.7604561,0.701421797,1.64083242,3.28679991,747.866089,65.8182983,1.28250003,0.0250000004,50,1,0.119999997,0.550000012,0.0133333337
C5_rand_10_r0,1,1765,6.55999994,6,3.40777731,3.28679991,0.0239341557,0.00593415555,0.0134589439,0.0128768617,0.00512313796,2.86214924,14,2.5,6.08058023,0,1,0,0,0,-0.669999957,-10.4090195,28.7604561,0.701421797,1.64083242,3.28679991,747.866089,65.8182983,1.28250003,0.0250000004,50,1,0.119999997,0.550000012,0.0133333337
C5_rand_10_r0,1,1766,6.57333326,6,3.89263749,3.28679991,0.0241148621,0.00611486239,0.0128371287,0.0118711023,0.00612889789,4.28934097,14,2.5,6.08058023,0,1,0,0,0,-0.669999957,-10.4090195,28.7604561,0.701421797,1.64083242,3.28679991,747.866089,65.8182983,1.28250003,0.0250000004,50,1,0.119999997,0.550000012,0.0133333337
C5_rand_10_r0,1,1767,6.58666658,6,4.18073702,3.28679991,0.0243932959,0.00639329571,0.0126476716,0.0111403717,0.00685962802,4.41645479,14,2.5,6.08058023,0,1,0,0,0,-0.669999957,-10.4090195,28.7604561,0.701421797,1.64083242,3.28679991,747.866089,65.8182983,1.28250003,0.0250000004,50,1,0.119999997,0.550000012,0.0133333337
C5_rand_10_r0,1,1768,6.5999999,6,3.10266662,3.28679991,0.0243885536,0.00638855342,0.014213345,0.0135604739,0.00443952577,2.22060943,14,2.5,6.08058023,0,1,0,0,0,-0.669999957,-10.4090195,28.7604561,0.701421797,1.64083242,3.28679991,747.866089,65.8182983,1.28250003,0.0250000004,50,1,0.119999997,0.550000012,0.0133333337
C5_rand_10_r0,1,1769,6.61333323,6,3.94133115,3.28679991,0.0245695766,0.00656957692,0.0124728307,0.0118374228,0.00616257684,4.62751102,14,2.5,6.08058023,0,1,0,0,0,-0.669999957,-10.4090195,28.7604561,0.701421797,1.64083242,3.28679991,747.866089,65.8182983,1.28250003,0.0250000004,50,1,0.119999997,0.550000012,0.0133333337
C5_rand_10_r0,1,1770,6.62666655,6,2.86666965,3.28679991,0.0244830456,0.00648304494,0.014512606,0.0143866772,0.00361332297,1.98740113,14,2.5,6.08058023,0,1,0,0,0,-0.669999957,-10.4090195,28.7604561,0.701421797,1.64083242,3.28679991,747.866089,65.8182983,1.28250003,0.0250000004,50,1,0.119999997,0.550000012,0.0133333337
C5_rand_10_r0,1,1771,6.63999987,6,3.73493576,3.28679991,0.0245931055,0.00659310492,0.0133791566,0.0125129065,0.00548709324,4.44533539,14,2.5,6.08058023,0,1,0,0,0,-0.669999957,-10.4090195,28.7604561,0.701421797,1.64083242,3.28679991,747.866089,65.8182983,1.28250003,0.0250000004,50,1,0.119999997,0.550000012,0.0133333337
C5_rand_10_r0,1,1772,6.65333319,6,3.91898823,3.28679991,0.0247870553,0.0067870561,0.0142439529,0.0119772442,0.00602275552,4.06957674,14,2.5,6.08058023,0,1,0,0,0,-0.669999957,-10.4090195,28.7604561,0.701421797,1.64083242,3.28679991,747.866089,65.8182983,1.28250003,0.0250000004,50,1,0.119999997,0.550000012,0.0133333337
C5_rand_10_r0,1,1773,6.66666651,6,3.57490396,3.28679991,0.0248994101,0.00689940993,0.0147021711,0.0125721395,0.00542786019,3.29338026,14,2.5,6.08058023,0,1,0,0,0,-0.669999957,-10.4090195,28.7604561,0.701421797,1.64083242,3.28679991,747.866089,65.8182983,1.28250003,0.0250000004,50,1,0.119999997,0.550000012,0.0133333337
C5_rand_10_r0,1,1774,6.67999983,6,3.55220389,3.28679991,0.0249918588,0.00699185906,0.0138057312,0.0126817646,0.00531823561,3.53363109,14,2.5,6.08058023,0,1,0,0,0,-0.669999957,-10.4090195,28.7604561,0.701421797,1.64083242,3.28679991,747.866089,65.8182983,1.28250003,0.0250000004,50,1,0.119999997,0.550000012,0.0133333337
C5_rand_10_r0,1,1775,6.69333315,6,3.35139656,3.28679991,0.0250252113,0.00702521065,0.0151612563,0.0132502327,0.00474976702,3.18709993,14,2.5,6.08058023,0,1,0,0,0,-0.669999957,-10.4090195,28.7604561,0.701421797,1.64083242,3.28679991,747.866089,65.8182983,1.28250003,0.0250000004,50,1,0.119999997,0.550000012,0.0133333337
C5_rand_10_r0,1,1776,6.70666647,6,3.32787943,3.28679991,0.02504218,0.00704218028,0.0143812643,0.0133997817,0.00460021803,3.3086381,14,2.5,6.08058023,0,1,0,0,0,-0.669999957,-10.4090195,28.7604561,0.701421797,1.64083242,3.28679991,747.866089,65.8182983,1.28250003,0.0250000004,50,1,0.119999997,0.550000012,0.0133333337
C5_rand_10_r0,1,1777,6.71999979,6,3.39691758,3.28679991,0.0250755977,0.0070755966,0.0154760564,0.0132927168,0.00470728334,3.45340323,14,2.5,6.08058023,0,1,0,0,0,-0.669999957,-10.4090195,28.7604561,0.701421797,1.64083242,3.28679991,747.866089,65.8182983,1.28250003,0.0250000004,50,1,0.119999997,0.550000012,0.0133333337
C5_rand_10_r0,1,1778,6.73333311,6,3.40134859,3.28679991,0.0251129847,0.00711298548,0.0142907938,0.0132706258,0.00472937431,3.40497398,14,2.5,6.08058023,0,1,0,0,0,-0.669999957,-10.4090195,28.7604561,0.701421797,1.64083242,3.28679991,747.866089,65.8182983,1.28250003,0.0250000004,50,1,0.119999997,0.550000012,0.0133333337
C5_rand_10_r0,1,1779,6.74666643,6,3.097188,3.28679991,0.0250665471,0.00706654647,0.0151253911,0.0139939617,0.00400603795,2.84832931,14,2.5,6.08058023,0,1,0,0,0,-0.669999957,-10.4090195,28.7604561,0.701421797,1.64083242,3.28679991,747.866089,65.8182983,1.28250003,0.0250000004,50,1,0.119999997,0.550000012,0.0133333337
C5_rand_10_r0,1,1780,6.76000023,6,3.29800606,3.28679991,0.0250619203,0.00706191966,0.0148595152,0.0136156306,0.00438436959,3.46231198,14,2.5,6.08058023,0,1,0,0,0,-0.669999957,-10.4090195,28.7604561,0.701421797,1.64083242,3.28679991,747.866089,65.8182983,1.28250003,0.0250000004,50,1,0.119999997,0.550000012,0.0133333337
C5_rand_10_r0,1,1781,6.77333355,6,3.37926459,3.28679991,0.0250868332,0.00708683301,0.0145406779,0.0134169916,0.00458300812,3.44574857,14,2.5,6.08058023,0,1,0,0,0,-0.669999957,-10.4090195,28.7604561,0.701421797,1.64083242,3.28679991,747.866089,65.8182983,1.28250003,0.0250000004,50,1,0.119999997,0.550000012,0.0133333337
C5_rand_10_r0,1,1782,6.78666687,6,2.79028177,3.28679991,0.0249530636,0.00695306342,0.0158844125,0.0147818141,0.00321818609,2.3083868,14,2.5,6.08058023,0,1,0,0,0,-0.669999957,-10.4090195,28.7604561,0.701421797,1.64083242,3.28679991,747.866089,65.8182983,1.28250003,0.0250000004,50,1,0.119999997,0.550000012,0.0133333337
C5_rand_10_r0,1,1783,6.80000019,6,3.28325319,3.28679991,0.0249297842,0.00692978362,0.0139851952,0.0137768844,0.00422311528,3.68659353,14,2.5,6.08058023,0,1,0,0,0,-0.669999957,-10.4090195,28.7604561,0.701421797,1.64083242,3.28679991,747.866089,65.8182983,1.28250003,0.0250000004,50,1,0.119999997,0.550000012,0.0133333337
C5_rand_10_r0,1,1784,6.81333351,6,2.64541364,3.28679991,0.0247477405,0.00674774079,0.0156325456,0.0152834579,0.00271654176,2.12354493,14,2.5,6.08058023,0,1,0,0,0,-0.669999957,-10.4090195,28.7604561,0.701421797,1.64083242,3.28679991,747.866089,65.8182983,1.28250003,0.0250000004,50,1,0.119999997,0.550000012,0.0133333337
C5_rand_10_r0,1,1785,6.82666683,6,3.1917932,3.28679991,0.0246910099,0.00669100927,0.014285923,0.0140956566,0.00390434312,3.63883114,14,2.5,6.08058023,0,1,0,0,0,-0.669999957,-10.4090195,28.7604561,0.701421797,1.64083242,3.28679991,747.866089,65.8182983,1.28250003,0.0250000004,50,1,0.119999997,0.550000012,0.0133333337
C5_rand_10_r0,1,1786,6.84000015,6,3.2475729,3.28679991,0.0246706586,0.00667065755,0.0153374104,0.0138960918,0.00410390785,3.29321098,14,2.5,6.08058023,0,1,0,0,0,-0.669999957,-10.4090195,28.7604561,0.701421797,1.64083242,3.28679991,747.866089,65.8182983,1.28250003,0.0250000004,50,1,0.119999997,0.550000012,0.0133333337
C5_rand_10_r0,1,1787,6.85333347,6,2.98877406,3.28679991,0.0245844815,0.00658448087,0.0153813036,0.0143941958,0.00360580441,2.77702928,14,2.5,6.08058023,0,1,0,0,0,-0.669999957,-10.4090195,28.7604561,0.701421797,1.64083242,3.28679991,747.866089,65.8182983,1.28250003,0.0250000004,50,1,0.119999997,0.550000012,0.0133333337
C5_rand_10_r0,1,1788,6.86666679,6,3.09954405,3.28679991,0.0245181024,0.00651810272,0.0145732919,0.0141893541,0.00381064625,3.19017434,14,2.5,6.08058023,0,1,0,0,0,-0.669999957,-10.4090195,28.7604561,0.701421797,1.64083242,3.28679991,747.866089,65.8182983,1.28250003,0.0250000004,50,1,0.119999997,0.550000012,0.0133333337
C5_rand_10_r0,1,1789,6.88000011,6,2.96842241,3.28679991,0.0244186018,0.00641860114,0.0163698345,0.01452477,0.00347522972,2.8611412,14,2.5,6.08058023,0,1,0,0,0,-0.669999957,-10.4090195,28.7604561,0.701421797,1.64083242,3.28679991,747.866089,65.8182983,1.28250003,0.0250000004,50,1,0.119999997,0.550000012,0.0133333337
C5_rand_10_r0,1,1790,6.89333344,6,3.00351739,3.28679991,0.0243233275,0.00632332824,0.0146872764,0.0144709041,0.00352909579,3.03223133,14,2.5,6.08058023,0,1,0,0,0,-0.669999957,-10.4090195,28.7604561,0.701421797,1.64083242,3.28679991,747.866089,65.8182983,1.28250003,0.0250000004,50,1,0.119999997,0.550000012,0.0133333337
C5_rand_10_r0,1,1791,6.90666676,6,2.94703889,3.28679991,0.0242130719,0.00621307129,0.0158972964,0.0146242809,0.0033757193,2.90082908,14,2.5,6.08058023,0,1,0,0,0,-0.669999957,-10.4090195,28.7604561,0.701421797,1.64083242,3.28679991,747.866089,65.8182983,1.28250003,0.0250000004,50,1,0.119999997,0.550000012,0.0133333337
C5_rand_10_r0,1,1792,6.92000008,6,2.92546034,3.28679991,0.0240943227,0.00609432301,0.0156048359,0.0146940742,0.00330592575,2.90780544,14,2.5,6.08058023,0,1,0,0,0,-0.669999957,-10.4090195,28.7604561,0.701421797,1.64083242,3.28679991,747.866089,65.8182983,1.28250003,0.0250000004,50,1,0.119999997,0.550000012,0.0133333337
C5_rand_10_r0,1,1793,6.9333334,6,2.6333549,3.28679991,0.0238930192,0.00589301903,0.0158965476,0.0154254604,0.00257453974,2.39435935,14,2.5,6.08058023,0,1,0,0,0,-0.669999957,-10.4090195,28.7604561,0.701421797,1.64083242,3.28679991,747.866089,65.8182983,1.28250003,0.0250000004,50,1,0.119999997,0.550000012,0.0133333337
C5_rand_10_r0,1,1794,6.94666672,6,2.83722973,3.28679991,0.0237345882,0.00573458755,0.0152433263,0.0150461728,0.00295382738,3.00403619,14,2.5,6.08058023,0,1,0,0,0,-0.669999957,-10.4090195,28.7604561,0.701421797,1.64083242,3.28679991,747.866089,65.8182983,1.28250003,0.0250000004,50,1,0.119999997,0.550000012,0.0133333337
C5_rand_10_r0,1,1795,6.96000004,6,2.93228602,3.28679991,0.0236097071,0.00560970651,0.0159543958,0.01481173,0.00318826968,3.0100596,14,2.5,6.08058023,0,1,0,0,0,-0.669999957,-10.4090195,28.7604561,0.701421797,1.64083242,3.28679991,747.866089,65.8182983,1.28250003,0.0250000004,50,1,0.119999997,0.550000012,0.0133333337
C5_rand_10_r0,1,1796,6.97333336,6,2.6809032,3.28679991,0.0234205872,0.00542058796,0.0154925231,0.015349715,0.00265028444,2.4752264,14,2.5,6.08058023,0,1,0,0,0,-0.669999957,-10.4090195,28.7604561,0.701421797,1.64083242,3.28679991,747.866089,65.8182983,1.28250003,0.0250000004,50,1,0.119999997,0.550000012,0.0133333337
C5_rand_10_r0,1,1797,6.98666668,6,2.84032321,3.28679991,0.023265047,0.00526504684,0.0165351164,0.0150263244,0.00297367573,2.97075748,14,2.5,6.08058023,0,1,0,0,0,-0.669999957,-10.4090195,28.7604561,0.701421797,1.64083242,3.28679991,747.866089,65.8182983,1.28250003,0.0250000004,50,1,0.119999997,0.550000012,0.0133333337
C5_rand_10_r0,1,1798,7,7,2.62654662,3.28679991,0.0230557192,0.00505571999,0.0157982577,0.0155431544,0.00245684572,2.45163846,14,2.5,6.08058023,0,1,0,0,0,0.396608233,-10.3916273,29.9133739,1.08056867,4.76501513,3.28679991,747.866089,65.8182983,1.28250003,0.0250000004,50,1,0.119999997,0.550000012,0.0133333337
C5_rand_10_r0,1,1799,7.01333332,7,2.77765965,3.28679991,0.0228794049,0.00487940386,0.0159369353,0.0152259152,0.00277408492,2.90129781,14,2.5,6.08058023,0,1,0,0,0,0.396608233,-10.3916273,29.9133739,1.08056867,4.76501513,3.28679991,747.866089,65.8182983,1.28250003,0.0250000004,50,1,0.119999997,0.550000012,0.0133333337
C5_rand_10_r0,1,1800,7.02666664,7,2.45011187,3.28679991,0.0226176046,0.00461760489,0.0164278802,0.0160132404,0.00198675971,2.18211818,14,2.5,6.08058023,0,0,0,0,0,0.396608233,-10.3916273,29.9133739,1.08056867,4.76501513,3.28679991,747.866089,65.8182983,1.28250003,0.0250000004,50,1,0.119999997,0.550000012,0.0133333337
C5_rand_10_r0,1,1801,7.03999996,7,3.06704903,3.28679991,0.0225129295,0.00451292982,0.0156784002,0.0146064181,0.00339358184,3.57181597,14,2.5,6.08058023,0,1,0,0,0,0.396608233,-10.3916273,29.9133739,1.08056867,4.76501513,3.28679991,747.866089,65.8182983,1.28250003,0.0250000004,50,1,0.119999997,0.550000012,0.0133333337
C5_rand_10_r0,1,1802,7.05333328,7,2.73036456,3.28679991,0.022340918,0.00434091827,0.0163757131,0.0152702024,0.00272979774,2.4548955,14,2.5,6.08058023,0,1,0,0,0,0.396608233,-10.3916273,29.9133739,1.08056867,4.76501513,3.28679991,747.866089,65.8182983,1.28250003,0.0250000004,50,1,0.119999997,0.550000012,0.0133333337
C5_rand_10_r0,1,1803,7.0666666,7,2.91738057,3.28679991,0.0222096331,0.00420963345,0.0153035484,0.0148027642,0.00319723599,3.0703938,14,2.5,6.08058023,0,1,0,0,0,0.396608233,-10.3916273,29.9133739,1.08056867,4.76501513,3.28679991,747.866089,65.8182983,1.28250003,0.0250000004,50,1,0.119999997,0.550000012,0.0133333337
C5_rand_10_r0,1,1804,7.07999992,7,2.70626283,3.28679991,0.0220264923,0.00402649213,0.0166839529,0.0153055703,0.00269442936,2.53353,14,2.5,6.08058023,0,1,0,0,0,0.396608233,-10.3916273,29.9133739,1.08056867,4.76501513,3.28679991,747.866089,65.8182983,1.28250003,0.0250000004,50,1,0.119999997,0.550000012,0.0133333337
C5_rand_10_r0,1,1805,7.09333324,7,2.86371636,3.28679991,0.0218784455,0.00387844536,0.0154532129,0.0149656339,0.00303436583,2.99254179,14,2.5,6.08058023,0,1,0,0,0,0.396608233,-10.3916273,29.9133739,1.08056867,4.76501513,3.28679991,747.866089,65.8182983,1.28250003,0.0250000004,50,1,0.119999997,0.550000012,0.0133333337
C5_rand_10_r0,1,1806,7.10666656,7,3.0007906,3.28679991,0.0217743237,0.00377432397,0.0159742013,0.0146193272,0.00338067324,3.11294222,14,2.5,6.08058023,0,1,0,0,0,0.396608233,-10.3916273,29.9133739,1.08056867,4.76501513,3.28679991,747.866089,65.8182983,1.28250003,0.0250000004,50,1,0.119999997,0.550000012,0.0133333337
C5_rand_10_r0,1,1807,7.11999989,7,2.63563132,3.28679991,0.0215760898,0.00357609009,0.0157212485,0.0154251028,0.00257489737,2.33686447,14,2.5,6.08058023,0,1,0,0,0,0.396608233,-10.3916273,29.9133739,1.08056867,4.76501513,3.28679991,747.866089,65.8182983,1.28250003,0.0250000004,50,1,0.119999997,0.550000012,0.0133333337
C5_rand_10_r0,1,1808,7.13333321,7,2.97246122,3.28679991,0.021455735,0.00345573481,0.0152630033,0.0147036817,0.00329631823,3.24804926,14,2.5,6.08058023,0,1,0,0,0,0.396608233,-10.3916273,29.9133739,1.08056867,4.76501513,3.28679991,747.866089,65.8182983,1.28250003,0.0250000004,50,1,0.119999997,0.550000012,0.0133333337
C5_rand_10_r0,1,1809,7.14666653,7,2.68549657,3.28679991,0.0212686472,0.00326864677,0.0155436499,0.0153586017,0.00264139846,2.4507072,14,2.5,6.08058023,0,1,0,0,0,0.396608233,-10.3916273,29.9133739,1.08056867,4.76501513,3.28679991,747.866089,65.8182983,1.28250003,0.0250000004,50,1,0.119999997,0.550000012,0.0133333337
C5_rand_10_r0,1,1810,7.15999985,7,3.88880587,3.28679991,0.0214046892,0.00340468925,0.0152639728,0.0124716004,0.00552839972,4.87333155,14,2.5,6.08058023,0,1,0,0,0,0.396608233,-10.3916273,29.9133739,1.08056867,4.76501513,3.28679991,747.866089,65.8182983,1.28250003,0.0250000004,50,1,0.119999997,0.550000012,0.0133333337
C5_rand_10_r0,1,1811,7.17333317,7,2.91317582,3.28679991,0.0213235784,0.00332357851,0.0148822013,0.0144536719,0.00354632805,2.11493325,14,2.5,6.08058023,0,1,0,0,0,0.396608233,-10.3916273,29.9133739,1.08056867,4.76501513,3.28679991,747.866089,65.8182983,1.28250003,0.0250000004,50,1,0.119999997,0.550000012,0.0133333337
C5_rand_10_r0,1,1812,7.18666649,7,3.21588278,3.28679991,0.02129036,0.00329036079,0.0145394513,0.0137970578,0.0042029419,3.463552,14,2.5,6.08058023,0,1,0,0,0,0.396608233,-10.3916273,29.9133739,1.08056867,4.76501513,3.28679991,747.866089,65.8182983,1.28250003,0.0250000004,50,1,0.119999997,0.550000012,0.0133333337
C5_rand_10_r0,1,1813,7.19999981,7,4.03120661,3.28679991,0.0214916039,0.00349160424,0.0138148237,0.0118931448,0.00610685535,4.69828987,14,2.5,6.08058023,0,1,0,0,0,0.396608233,-10.3916273,29.9133739,1.08056867,4.76501513,3.28679991,747.866089,65.8182983,1.28250003,0.0250000004,50,1,0.119999997,0.550000012,0.0133333337
C5_rand_10_r0,1,1814,7.21333313,7,3.31022573,3.28679991,0.0215316527,0.00353165204,0.0142625934,0.0132998778,0.00470012194,2.72033215,14,2.5,6.08058023,0,1,0,0,0,0.396608233,-10.3916273,29.9133739,1.08056867,4.76501513,3.28679991,747.866089,65.8182983,1.28250003,0.0250000004,50,1,0.119999997,0.550000012,0.0133333337
C5_rand_10_r0,1,1815,7.22666645,7,4.25953579,3.28679991,0.0218085311,0.00380853098,0.0128720403,0.0110543771,0.00694562355,5.03624392,14,2.5,6.08058023,0,1,0,0,0,0.396608233,-10.3916273,29.9133739,1.08056867,4.76501513,3.28679991,747.866089,65.8182983,1.28250003,0.0250000004,50,1,0.119999997,0.550000012,0.0133333337
C5_rand_10_r0,1,1816,7.23999977,7,4.02013874,3.28679991,0.0220583826,0.00405838247,0.0143134389,0.0114243701,0.00657562958,3.82426834,14,2.5,6.08058023,0,1,0,0,0,0.396608233,-10.3916273,29.9133739,1.08056867,4.76501513,3.28679991,747.866089,65.8182983,1.28250003,0.0250000004,50,1,0.119999997,0.550000012,0.0133333337
C5_rand_10_r0,1,1817,7.25333357,7,4.40099812,3.28679991,0.022391716,0.00439171586,0.0128777176,0.010379252,0.00762074767,4.71261024,14,2.5,6.08058023,0,1,0,0,0,0.396608233,-10.3916273,29.9133739,1.08056867,4.76501513,3.28679991,747.866089,65.8182983,1.28250003,0.0250000004,50,1,0.119999997,0.550000012,0.0133333337
C5_rand_10_r0,1,1818,7.26666689,7,4.2058115,3.28679991,0.0227025524,0.00470255269,0.0125298453,0.0108296266,0.00717037404,4.04611349,14,2.5,6.08058023,0,1,0,0,0,0.396608233,-10.3916273,29.9133739,1.08056867,4.76501513,3.28679991,747.866089,65.8182983,1.28250003,0.0250000004,50,1,0.119999997,0.550000012,0.0133333337
C5_rand_10_r0,1,1819,7.28000021,7,4.54021215,3.28679991,0.0230358858,0.00503588561,0.0138485655,0.00992190093,0.00807809923,4.81381273,14,2.5,6.08058023,0,1,0,0,0,0.396608233,-10.3916273,29.9133739,1.08056867,4.76501513,3.28679991,747.866089,65.8182983,1.28250003,0.0250000004,50,1,0.119999997,0.550000012,0.0133333337
C5_rand_10_r0,1,1820,7.29333353,7,4.42616987,3.28679991,0.0233692192,0.005369219,0.0115662422,0.0104462029,0.00755379722,4.33286285,14,2.5,6.08058023,0,1,0,0,0,0.396608233,-10.3916273,29.9133739,1.08056867,4.76501513,3.28679991,747.866089,65.8182983,1.28250003,0.0250000004,50,1,0.119999997,0.550000012,0.0133333337
C5_rand_10_r0,1,1821,7.30666685,7,4.17581129,3.28679991,0.023671722,0.00567172235,0.0144655164,0.0109301005,0.0070698997,3.97097254,14,2.5,6.08058023,0,1,0,0,0,0.396608233,-10.3916273,29.9133739,1.08056867,4.76501513,3.28679991,747.866089,65.8182983,1.28250003,0.0250000004,50,1,0.119999997,0.550000012,0.0133333337
C5_rand_10_r0,1,1822,7.32000017,7,4.40683889,3.28679991,0.0240050554,0.00600505574,0.0116111292,0.0102573363,0.00774266385,4.59586096,14,2.5,6.08058023,0,1,0,0,0,0.396608233,-10.3916273,29.9133739,1.08056867,4.76501513,3.28679991,747.866089,65.8182983,1.28250003,0.0250000004,50,1,0.119999997,0.550000012,0.0133333337
C5_rand_10_r0,1,1823,7.33333349,7,4.22193623,3.28679991,0.0243203714,0.00632037129,0.0126796858,0.0107968152,0.00720318547,4.07065201,14,2.5,6.08058023,0,1,0,0,0,0.396608233,-10.3916273,29.9133739,1.08056867,4.76501513,3.28679991,747.866089,65.8182983,1.28250003,0.0250000004,50,1,0.119999997,0.550000012,0.0133333337
C5_rand_10_r0,1,1824,7.34666681,7,4.41606426,3.28679991,0.0246537048,0.00665370468,0.0126350848,0.0102177132,0.00778228743,4.57489681,14,2.5,6.08058023,0,1,0,0,0,0.396608233,-10.3916273,29.9133739,1.08056867,4.76501513,3.28679991,747.866089,65.8182983,1.28250003,0.0250000004,50,1,0.119999997,0.550000012,0.0133333337
C5_rand_10_r0,1,1825,7.36000013,7,4.22328138,3.28679991,0.0249693934,0.0069693937,0.0116146728,0.0108036371,0.0071963626,4.06554937,14,2.5,6.08058023,0,1,0,0,0,0.396608233,-10.3916273,29.9133739,1.08056867,4.76501513,3.28679991,747.866089,65.8182983,1.28250003,0.0250000004,50,1,0.119999997,0.550000012,0.0133333337
C5_rand_10_r0,1,1826,7.37333345,7,4.3789854,3.28679991,0.0253027268,0.00730272708,0.0144312959,0.0103073558,0.00769264437,4.50638008,14,2.5,6.08058023,0,1,0,0,0,0.396608233,-10.3916273,29.9133739,1.08056867,4.76501513,3.28679991,747.866089,65.8182983,1.28250003,0.0250000004,50,1,0.119999997,0.550000012,0.0133333337
C5_rand_10_r0,1,1827,7.38666677,7,4.15254736,3.28679991,0.0255987681,0.00759876799,0.0114884274,0.0109350374,0.00706496229,3.96727967,14,2.5,6.08058023,0,1,0,0,0,0.396608233,-10.3916273,29.9133739,1.08056867,4.76501513,3.28679991,747.866089,65.8182983,1.28250003,0.0250000004,50,1,0.119999997,0.550000012,0.0133333337
C5_rand_10_r0,1,1828,7.4000001,7,3.89164448,3.28679991,0.0258161202,0.00781612098,0.0139219221,0.0115185278,0.00648147194,3.67817855,14,2.5,6.08058023,0,1,0,0,0,0.396608233,-10.3916273,29.9133739,1.08056867,4.76501513,3.28679991,747.866089,65.8182983,1.28250003,0.0250000004,50,1,0.119999997,0.550000012,0.0133333337
C5_rand_10_r0,1,1829,7.41333342,7,4.08831835,3.28679991,0.0260749906,0.00807498954,0.0123335188,0.0111704627,0.00682953745,4.24923277,14,2.5,6.08058023,0,1,0,0,0,0.396608233,-10.3916273,29.9133739,1.08056867,4.76501513,3.28679991,747.866089,65.8182983,1.28250003,0.0250000004,50,1,0.119999997,0.550000012,0.0133333337
C5_rand_10_r0,1,1830,7.42666674,7,3.8396728,3.28679991,0.0262717102,0.00827171095,0.0127217658,0.0117708957,0.00622910494,3.63623571,14,2.5,6.08058023,0,1,0,0,0,0.396608233,-10.3916273,29.9133739,1.08056867,4.76501513,3.28679991,747.866089,65.8182983,1.28250003,0.0250000004,50,1,0.119999997,0.550000012,0.0133333337
C5_rand_10_r0,1,1831,7.44000006,7,3.98008156,3.28679991,0.0264970753,0.00849707518,0.0139677608,0.0114856912,0.00651430897,4.09496164,14,2.5,6.08058023,0,1,0,0,0,0.396608233,-10.3916273,29.9133739,1.08056867,4.76501513,3.28679991,747.866089,65.8182983,1.28250003,0.0250000004,50,1,0.119999997,0.550000012,0.0133333337
C5_rand_10_r0,1,1832,7.45333338,7,3.73878527,3.28679991,0.0266601872,0.00866018794,0.0123111308,0.0120746754,0.00592532475,3.54136109,14,2.5,6.08058023,0,1,0,0,0,0.396608233,-10.3916273,29.9133739,1.08056867,4.76501513,3.28679991,747.866089,65.8182983,1.28250003,0.0250000004,50,1,0.119999997,0.550000012,0.0133333337
C5_rand_10_r0,1,1833,7.4666667,7,2.55766439,3.28679991,0.0264848359,0.00848483574,0.0152975982,0.0150109101,0.00298909005,1.59129262,14,2.5,6.08058023,0,1,0,0,0,0.396608233,-10.3916273,29.9133739,1.08056867,4.76501513,3.28679991,747.866089,65.8182983,1.28250003,0.0250000004,50,1,0.119999997,0.550000012,0.0133333337
C5_rand_10_r0,1,1834,7.48000002,7,3.83511138,3.28679991,0.0266079195,0.00860791933,0.012749468,0.0124003189,0.00559968175,4.88029528,14,2.5,6.08058023,0,1,0,0,0,0.396608233,-10.3916273,29.9133739,1.08056867,4.76501513,3.28679991,747.866089,65.8182983,1.28250003,0.0250000004,50,1,0.119999997,0.550000012,0.0133333337
C5_rand_10_r0,1,1835,7.49333334,7,3.57502508,3.28679991,0.0267084949,0.00870849565,0.0143326158,0.0128542986,0.00514570111,3.3622272,14,2.5,6.08058023,0,1,0,0,0,0.396608233,-10.3916273,29.9133739,1.08056867,4.76501513,3.28679991,747.866089,65.8182983,1.28250003,0.0250000004,50,1,0.119999997,0.550000012,0.0133333337
C5_rand_10_r0,1,1836,7.50666666,7,3.57156038,3.28679991,0.0268043578,0.00880435854,0.0139380163,0.0126970299,0.00530297076,3.56872582,14,2.5,6.08058023,0,1,0,0,0,0.396608233,-10.3916273,29.9133739,1.08056867,4.76501513,3.28679991,747.866089,65.8182983,1.28250003,0.0250000004,50,1,0.119999997,0.550000012,0.0133333337
C5_rand_10_r0,1,1837,7.51999998,7,3.40720773,3.28679991,0.0268537812,0.00885378197,0.0134907495,0.0131176962,0.00488230353,3.2727375,14,2.5,6.08058023,0,1,0,0,0,0.396608233,-10.3916273,29.9133739,1.08056867,4.76501513,3.28679991,747.866089,65.8182983,1.28250003,0.0250000004,50,1,0.119999997,0.550000012,0.0133333337
C5_rand_10_r0,1,1838,7.5333333,7,3.48884988,3.28679991,0.0269181449,0.00891814474,0.0157437697,0.0129846269,0.00501537276,3.55564809,14,2.5,6.08058023,0,1,0,0,0,0.396608233,-10.3916273,29.9133739,1.08056867,4.76501513,3.28679991,747.866089,65.8182983,1.28250003,0.0250000004,50,1,0.119999997,0.550000012,0.0133333337
C5_rand_10_r0,1,1839,7.54666662,7,3.33189082,3.28679991,0.0269413963,0.00894139614,0.0134007204,0.013376656,0.00462334417,3.20346951,14,2.5,6.08058023,0,1,0,0,0,0.396608233,-10.3916273,29.9133739,1.08056867,4.76501513,3.28679991,747.866089,65.8182983,1.28250003,0.0250000004,50,1,0.119999997,0.550000012,0.0133333337
C5_rand_10_r0,1,1840,7.55999994,7,3.21062422,3.28679991,0.0269241128,0.00892411172,0.0160019454,0.0137168383,0.00428316183,3.11140609,14,2.5,6.08058023,0,1,0,0,0,0.396608233,-10.3916273,29.9133739,1.08056867,4.76501513,3.28679991,747.866089,65.8182983,1.28250003,0.0250000004,50,1,0.119999997,0.550000012,0.0133333337
C5_rand_10_r0,1,1841,7.57333326,7,3.2887187,3.28679991,0.026921764,0.00892176386,0.0140838251,0.0136083644,0.00439163577,3.35261416,14,2.5,6.08058023,0,1,0,0,0,0.396608233,-10.3916273,29.9133739,1.08056867,4.76501513,3.28679991,747.866089,65.8182983,1.28250003,0.0250000004,50,1,0.119999997,0.550000012,0.0133333337
C5_rand_10_r0,1,1842,7.58666658,7,3.16607976,3.28679991,0.0268878397,0.0088878395,0.014777055,0.013913082,0.00408691773,3.06573892,14,2.5,6.08058023,0,1,0,0,0,0.396608233,-10.3916273,29.9133739,1.08056867,4.76501513,3.28679991,747.866089,65.8182983,1.28250003,0.0250000004,50,1,0.119999997,0.550000012,0.0133333337
C5_rand_10_r0,1,1843,7.5999999,7,3.22731328,3.28679991,0.0268656611,0.00886566099,0.0154396165,0.0137967858,0.00420321431,3.27741337,14,2.5,6.08058023,0,1,0,0,0,0.396608233,-10.3916273,29.9133739,1.08056867,4.76501513,3.28679991,747.866089,65.8182983,1.28250003,0.0250000004,50,1,0.119999997,0.550000012,0.0133333337
C5_rand_10_r0,1,1844,7.61333323,7,3.11789799,3.28679991,0.0268150475,0.00881504733,0.0141741242,0.014067756,0.00393224461,3.0283761,14,2.5,6.08058023,0,1,0,0,0,0.396608233,-10.3916273,29.9133739,1.08056867,4.76501513,3.28679991,747.866089,65.8182983,1.28250003,0.0250000004,50,1,0.119999997,0.550000012,0.0133333337
C5_rand_10_r0,1,1845,7.62666655,7,2.21706581,3.28679991,0.0265094638,0.00850946363,0.0165228248,0.016288273,0.00171172759,1.48002124,14,2.5,6.08058023,0,0,0,0,0,0.396608233,-10.3916273,29.9133739,1.08056867,4.76501513,3.28679991,747.866089,65.8182983,1.28250003,0.0250000004,50,1,0.119999997,0.550000012,0.0133333337
C5_rand_10_r0,1,1846,7.63999987,7,3.24281836,3.28679991,0.0264463164,0.00844631623,0.0142764207,0.0141553422,0.00384465768,4.08207035,14,2.5,6.08058023,0,1,0,0,0,0.396608233,-10.3916273,29.9133739,1.08056867,4.76501513,3.28679991,747.866089,65.8182983,1.28250003,0.0250000004,50,1,0.119999997,0.550000012,0.0133333337
C5_rand_10_r0,1,1847,7.65333319,7,3.10503078,3.28679991,0.0263852999,0.0083852997,0.0160094723,0.0143323401,0.00366766029,2.99229574,14,2.5,6.08058023,0,1,0,0,0,0.396608233,-10.3916273,29.9133739,1.08056867,4.76501513,3.28679991,747.866089,65.8182983,1.28250003,0.0250000004,50,1,0.119999997,0.550000012,0.0133333337
C5_rand_10_r0,1,1848,7.66666651,7,3.11099815,3.28679991,0.0263262969,0.00832629669,0.0150697352,0.0141558331,0.00384416687,3.11588049,14,2.5,6.08058023,0,1,0,0,0,0.396608233,-10.3916273,29.9133739,1.08056867,4.76501513,3.28679991,747.866089,65.8182983,1.28250003,0.0250000004,50,1,0.119999997,0.550000012,0.0133333337
C5_rand_10_r0,1,1849,7.67999983,7,3.04798484,3.28679991,0.0262501258,0.00825012568,0.0148699563,0.0143049276,0.00369507214,2.99642849,14,2.5,6.08058023,0,1,0,0,0,0.396608233,-10.3916273,29.9133739,1.08056867,4.76501513,3.28679991,747.866089,65.8182983,1.28250003,0.0250000004,50,1,0.119999997,0.550000012,0.0133333337
C5_rand_10_r0,1,1850,7.69333315,7,3.14311123,3.28679991,0.0261975173,0.0081975162,0.0165025126,0.014095379,0.00390462088,3.22094178,14,2.5,6.08058023,0,1,0,0,0,0.396608233,-10.3916273,29.9133739,1.08056867,4.76501513,3.28679991,747.866089,65.8182983,1.28250003,0.0250000004,50,1,0.119999997,0.550000012,0.0133333337
C5_rand_10_r0,1,1851,7.70666647,7,3.08022928,3.28679991,0.0261313673,0.00813136715,0.0143925371,0.0142279034,0.00377209671,3.02878046,14,2.5,6.08058023,0,1,0,0,0,0.396608233,-10.3916273,29.9133739,1.08056867,4.76501513,3.28679991,747.866089,65.8182983,1.28250003,0.0250000004,50,1,0.119999997,0.550000012,0.0133333337
C5_rand_10_r0,1,1852,7.71999979,7,2.18351936,3.28679991,0.0258138757,0.00781387556,0.0166512057,0.0164106525,0.00158934738,1.44984734,14,2.5,6.08058023,0,0,0,0,0,0.396608233,-10.3916273,29.9133739,1.08056867,4.76501513,3.28679991,747.866089,65.8182983,1.28250003,0.0250000004,50,1,0.119999997,0.550000012,0.0133333337
C5_rand_10_r0,1,1853,7.73333311,7,3.27935529,3.28679991,0.0257588923,0.00775889261,0.0146438321,0.0140926931,0.00390730752,4.17594862,14,2.5,6.08058023,0,1,0,0,0,0.396608233,-10.3916273,29.9133739,1.08056867,4.76501513,3.28679991,747.866089,65.8182983,1.28250003,0.0250000004,50,1,0.119999997,0.550000012,0.0133333337
C5_rand_10_r0,1,1854,7.74666643,7,3.1892333,3.28679991,0.0257226266,0.00772262691,0.0155936889,0.0141244894,0.0038755103,3.11549711,14,2.5,6.08058023,0,1,0,0,0,0.396608233,-10.3916273,29.9133739,1.08056867,4.76501513,3.28679991,747.866089,65.8182983,1.28250003,0.0250000004,50,1,0.119999997,0.550000012,0.0133333337
C5_rand_10_r0,1,1855,7.76000023,7,3.19920731,3.28679991,0.0256922506,0.00769225135,0.015595098,0.0139028085,0.00409719162,3.20736766,14,2.5,6.08058023,0,1,0,0,0,0.396608233,-10.3916273,29.9133739,1.08056867,4.76501513,3.28679991,747.866089,65.8182983,1.28250003,0.0250000004,50,1,0.119999997,0.550000012,0.0133333337
C5_rand_10_r0,1,1856,7.77333355,7,3.18860602,3.28679991,0.0256599132,0.00765991258,0.0145772742,0.0139083909,0.00409160927,3.17993212,14,2.5,6.08058023,0,1,0,0,0,0.396608233,-10.3916273,29.9133739,1.08056867,4.76501513,3.28679991,747.866089,65.8182983,1.28250003,0.0250000004,50,1,0.119999997,0.550000012,0.0133333337
C5_rand_10_r0,1,1857,7.78666687,7,3.26981926,3.28679991,0.0256498065,0.00764980586,0.0171824843,0.0137097165,0.00429028366,3.33626652,14,2.5,6.08058023,0,1,0,0,0,0.396608233,-10.3916273,29.9133739,1.08056867,4.76501513,3.28679991,747.866089,65.8182983,1.28250003,0.0250000004,50,1,0.119999997,0.550000012,0.0133333337
C5_rand_10_r0,1,1858,7.80000019,7,3.25937629,3.28679991,0.0256405044,0.00764050381,0.0143094026,0.0137065584,0.00429344224,3.25083184,14,2.5,6.08058023,0,1,0,0,0,0.396608233,-10.3916273,29.9133739,1.08056867,4.76501513,3.28679991,747.866089,65.8182983,1.28250003,0.0250000004,50,1,0.119999997,0.550000012,0.0133333337
C5_rand_10_r0,1,1859,7.81333351,7,3.26559567,3.28679991,0.0256330632,0.00763306348,0.0165787898,0.0136757642,0.00432423549,3.27068424,14,2.5,6.08058023,0,1,0,0,0,0.396608233,-10.3916273,29.9133739,1.08056867,4.76501513,3.28679991,747.866089,65.8182983,1.28250003,0.0250000004,50,1,0.119999997,0.550000012,0.0133333337
C5_rand_10_r0,1,1860,7.82666683,7,3.32353306,3.28679991,0.0256420262,0.00764202699,0.0148519995,0.0135318832,0.00446811737,3.37093663,14,2.5,6.08058023,0,1,0,0,0,0.396608233,-10.3916273,29.9133739,1.08056867,4.76501513,3.28679991,747.866089,65.8182983,1.28250003,0.0250000004,50,1,0.119999997,0.550000012,0.0133333337
C5_rand_10_r0,1,1861,7.84000015,7,3.32893395,3.28679991,0.0256552249,0.00765522476,0.0152184665,0.013495516,0.00450448412,3.33335304,14,2.5,6.08058023,0,1,0,0,0,0.396608233,-10.3916273,29.9133739,1.08056867,4.76501513,3.28679991,747.866089,65.8182983,1.28250003,0.0250000004,50,1,0.119999997,0.550000012,0.0133333337
C5_rand_10_r0,1,1862,7.85333347,7,3.3653574,3.28679991,0.0256792456,0.0076792459,0.0161365066,0.0133905141,0.00460948562,3.39515853,14,2.5,6.08058023,0,1,0,0,0,0.396608233,-10.3916273,29.9133739,1.08056867,4.76501513,3.28679991,747.866089,65.8182983,1.28250003,0.0250000004,50,1,0.119999997,0.550000012,0.0133333337
C5_rand_10_r0,1,1863,7.86666679,7,3.37236023,3.28679991,0.0257070158,0.00770701608,0.01454648,0.0133561855,0.00464381464,3.37808967,14,2.5,6.08058023,0,1,0,0,0,0.396608233,-10.3916273,29.9133739,1.08056867,4.76501513,3.28679991,747.866089,65.8182983,1.28250003,0.0250000004,50,1,0.119999997,0.550000012,0.0133333337
C5_rand_10_r0,1,1864,7.88000011,7,3.40148878,3.28679991,0.0257435031,0.0077435025,0.0180158,0.0132732335,0.00472676661,3.4253211,14,2.5,6.08058023,0,1,0,0,0,0.396608233,-10.3916273,29.9133739,1.08056867,4.76501513,3.28679991,747.866089,65.8182983,1.28250003,0.0250000004,50,1,0.119999997,0.550000012,0.0133333337
C5_rand_10_r0,1,1865,7.89333344,7,3.40400362,3.28679991,0.02578214,0.00778213982,0.0146740796,0.0132529614,0.00474703871,3.40606117,14,2.5,6.08058023,0,1,0,0,0,0.396608233,-10.3916273,29.9133739,1.08056867,4.76501513,3.28679991,747.866089,65.8182983,1.28250003,0.0250000004,50,1,0.119999997,0.550000012,0.0133333337
C5_rand_10_r0,1,1866,7.90666676,7,3.40629911,3.28679991,0.0258217733,0.00782177411,0.0165562276,0.0132387718,0.00476122834,3.40817761,14,2.5,6.08058023,0,1,0,0,0,0.396608233,-10.3916273,29.9133739,1.08056867,4.76501513,3.28679991,747.866089,65.8182983,1.28250003,0.0250000004,50,1,0.119999997,0.550000012,0.0133333337
C5_rand_10_r0,1,1867,7.92000008,7,3.42993212,3.28679991,0.0258681383,0.00786813814,0.0155949974,0.0131785674,0.00482143275,3.4492681,14,2.5,6.08058023,0,1,0,0,0,0.396608233,-10.3916273,29.9133739,1.08056867,4.76501513,3.28679991,747.866089,65.8182983,1.28250003,0.0250000004,50,1,0.119999997,0.550000012,0.0133333337
C5_rand_10_r0,1,1868,7.9333334,7,3.42512321,3.28679991,0.0259142891,0.0079142889,0.0155526446,0.0131805725,0.00481942762,3.42118859,14,2.5,6.08058023,0,1,0,0,0,0.396608233,-10.3916273,29.9133739,1.08056867,4.76501513,3.28679991,747.866089,65.8182983,1.28250003,0.0250000004,50,1,0.119999997,0.550000012,0.0133333337
C5_rand_10_r0,1,1869,7.94666672,7,3.44551492,3.28679991,0.0259660687,0.00796606857,0.0171889663,0.013126865,0.00487313466,3.46219921,14,2.5,6.08058023,0,1,0,0,0,0.396608233,-10.3916273,29.9133739,1.08056867,4.76501513,3.28679991,747.866089,65.8182983,1.28250003,0.0250000004,50,1,0.119999997,0.550000012,0.0133333337
C5_rand_10_r0,1,1870,7.96000004,7,3.43283939,3.28679991,0.0260152649,0.00801526476,0.0152639644,0.0131502682,0.00484973146,3.42246842,14,2.5,6.08058023,0,1,0,0,0,0.396608233,-10.3916273,29.9133739,1.08056867,4.76501513,3.28679991,747.866089,65.8182983,1.28250003,0.0250000004,50,1,0.119999997,0.550000012,0.0133333337
C5_rand_10_r0,1,1871,7.97333336,7,3.42345786,3.28679991,0.026061425,0.00806142483,0.0185645428,0.0131728482,0.00482715201,3.41578221,14,2.5,6.08058023,0,1,0,0,0,0.396608233,-10.3916273,29.9133739,1.08056867,4.76501513,3.28679991,747.866089,65.8182983,1.28250003,0.0250000004,50,1,0.119999997,0.550000012,0.0133333337
C5_rand_10_r0,1,1872,7.98666668,7,3.43321943,3.28679991,0.0261097904,0.00810979027,0.0157440118,0.0131548857,0.00484511396,3.44120622,14,2.5,6.08058023,0,1,0,0,0,0.396608233,-10.3916273,29.9133739,1.08056867,4.76501513,3.28679991,747.866089,65.8182983,1.28250003,0.0250000004,50,1,0.119999997,0.550000012,0.0133333337
C5_rand_10_r0,1,1873,8,8,3.41866469,3.28679991,0.026154479,0.00815447979,0.0172959082,0.0131893046,0.00481069554,3.4067564,14,2.5,6.08058023,0,1,0,0,0,-0.970678866,-5.60468721,25.2793617,1.02369666,4.57477522,3.28679991,747.866089,65.8182983,1.28250003,0.0250000004,50,1,0.119999997,0.550000012,0.0133333337
C5_rand_10_r0,1,1874,8.01333332,8,3.42261887,3.28679991,0.0261996556,0.00819965545,0.016937213,0.0131831765,0.0048168241,3.42585421,14,2.5,6.08058023,0,1,0,0,0,-0.970678866,-5.60468721,25.2793617,1.02369666,4.57477522,3.28679991,747.866089,65.8182983,1.28250003,0.0250000004,50,1,0.119999997,0.550000012,0.0133333337
C5_rand_10_r0,1,1875,8.02666664,8,3.40586495,3.28679991,0.0262402594,0.00824025832,0.0166302696,0.0132256681,0.00477433158,3.39215708,14,2.5,6.08058023,0,1,0,0,0,-0.970678866,-5.60468721,25.2793617,1.02369666,4.57477522,3.28679991,747.866089,65.8182983,1.28250003,0.0250000004,50,1,0.119999997,0.550000012,0.0133333337
C5_rand_10_r0,1,1876,8.03999996,8,3.40526462,3.28679991,0.0262799319,0.00827993266,0.0187067483,0.0132329455,0.00476705423,3.40477347,14,2.5,6.08058023,0,1,0,0,0,-0.970678866,-5.60468721,25.2793617,1.02369666,4.57477522,3.28679991,747.866089,65.8182983,1.28250003,0.0250000004,50,1,0.119999997,0.550000012,0.0133333337
C5_rand_10_r0,1,1877,8.05333328,8,3.38638091,3.28679991,0.0263142064,0.00831420626,0.016664179,0.0132831037,0.00471689645,3.37093067,14,2.5,6.08058023,0,1,0,0,0,-0.970678866,-5.60468721,25.2793617,1.02369666,4.57477522,3.28679991,747.866089,65.8182983,1.28250003,0.0250000004,50,1,0.119999997,0.550000012,0.0133333337
C5_rand_10_r0,1,1878,8.0666666,8,3.359303,3.28679991,0.0263400581,0.00834005792,0.019754393,0.0133567909,0.00464320928,3.33714843,14,2.5,6.08058023,0,1,0,0,0,-0.970678866,-5.60468721,25.2793617,1.02369666,4.57477522,3.28679991,747.866089,65.8182983,1.28250003,0.0250000004,50,1,0.119999997,0.550000012,0.0133333337
C5_rand_10_r0,1,1879,8.07999992,8,3.36461329,3.28679991,0.0263659824,0.00836598221,0.0173571464,0.013358728,0.00464127213,3.36895776,14,2.5,6.08058023,0,1,0,0,0,-0.970678866,-5.60468721,25.2793617,1.02369666,4.57477522,3.28679991,747.866089,65.8182983,1.28250003,0.0250000004,50,1,0.119999997,0.550000012,0.0133333337
C5_rand_10_r0,1,1880,8.09333324,8,3.33200264,3.28679991,0.0263828579,0.00838285871,0.0188592989,0.0134434421,0.00455655809,3.30532122,14,2.5,6.08058023,0,1,0,0,0,-0.970678866,-5.60468721,25.2793617,1.02369666,4.57477522,3.28679991,747.866089,65.8182983,1.28250003,0.0250000004,50,1,0.119999997,0.550000012,0.0133333337
C5_rand_10_r0,1,1881,8.10666656,8,3.33990145,3.28679991,0.0264004227,0.00840042159,0.0185852479,0.0134363323,0.00456366781,3.34636402,14,2.5,6.08058023,0,1,0,0,0,-0.970678866,-5.60468721,25.2793617,1.02369666,4.57477522,3.28679991,747.866089,65.8182983,1.28250003,0.0250000004,50,1,0.119999997,0.550000012,0.0133333337
C5_rand_10_r0,1,1882,8.11999989,8,3.30580282,3.28679991,0.0264086276,0.00840862747,0.0184848364,0.0135242492,0.00447575143,3.2779038,14,2.5,6.08058023,0,1,0,0,0,-0.970678866,-5.60468721,25.2793617,1.02369666,4.57477522,3.28679991,747.866089,65.8182983,1.28250003,0.0250000004,50,1,0.119999997,0.550000012,0.0133333337
C5_rand_10_r0,1,1883,8.13333321,8,3.32273531,3.28679991,0.0264199767,0.0084199775,0.0202117786,0.0134951901,0.00450480962,3.33658934,14,2.5,6.08058023,0,1,0,0,0,-0.970678866,-5.60468721,25.2793617,1.02369666,4.57477522,3.28679991,747.866089,65.8182983,1.28250003,0.0250000004,50,1,0.119999997,0.550000012,0.0133333337
C5_rand_10_r0,1,1884,8.14666653,8,3.28069496,3.28679991,0.0264201723,0.00842017308,0.0186205283,0.0135993203,0.00440067984,3.24629831,14,2.5,6.08058023,0,1,0,0,0,-0.970678866,-5.60468721,25.2793617,1.02369666,4.57477522,3.28679991,747.866089,65.8182983,1.28250003,0.0250000004,50,1,0.119999997,0.550000012,0.0133333337
C5_rand_10_r0,1,1885,8.15999985,8,2.7821281,3.28679991,0.0262800194,0.00828001928,0.0218925402,0.0148243215,0.0031756789,2.37420964,14,2.5,6.08058023,0,1,0,0,0,-0.970678866,-5.60468721,25.2793617,1.02369666,4.57477522,3.28679991,747.866089,65.8182983,1.28250003,0.0250000004,50,1,0.119999997,0.550000012,0.0133333337
C5_rand_10_r0,1,1886,8.17333317,8,3.34879708,3.28679991,0.026273882,0.00827388186,0.0192175712,0.0136423297,0.00435766997,3.81243563,14,2.5,6.08058023,0,1,0,0,0,-0.970678866,-5.60468721,25.2793617,1.02369666,4.57477522,3.28679991,747.866089,65.8182983,1.28250003,0.0250000004,50,1,0.119999997,0.550000012,0.0133333337
C5_rand_10_r0,1,1887,8.18666649,8,3.25661635,3.28679991,0.0262644738,0.00826447457,0.0212636422,0.0137787126,0.00422128756,3.18119574,14,2.5,6.08058023,0,1,0,0,0,-0.970678866,-5.60468721,25.2793617,1.02369666,4.57477522,3.28679991,747.866089,65.8182983,1.28250003,0.0250000004,50,1,0.119999997,0.550000012,0.0133333337
C5_rand_10_r0,1,1888,8.19999981,8,3.27204108,3.28679991,0.0262588058,0.00825880654,0.0202042181,0.0136576304,0.00434236974,3.28466105,14,2.5,6.08058023,0,1,0,0,0,-0.970678866,-5.60468721,25.2793617,1.02369666,4.57477522,3.28679991,747.866089,65.8182983,1.28250003,0.0250000004,50,1,0.119999997,0.550000012,0.0133333337
C5_rand_10_r0,1,1889,8.21333313,8,3.20802855,3.28679991,0.0262359809,0.00823598076,0.020875318,0.0138103822,0.00418961747,3.15565467,14,2.5,6.08058023,0,1,0,0,0,-0.970678866,-5.60468721,25.2793617,1.02369666,4.57477522,3.28679991,747.866089,65.8182983,1.28250003,0.0250000004,50,1,0.119999997,0.550000012,0.0133333337
C5_rand_10_r0,1,1890,8.22666645,8,3.27390981,3.28679991,0.0262285955,0.0082285963,0.0215265471,0.0136707863,0.00432921387,3.32781267,14,2.5,6.08058023,0,1,0,0,0,-0.970678866,-5.60468721,25.2793617,1.02369666,4.57477522,3.28679991,747.866089,65.8182983,1.28250003,0.0250000004,50,1,0.119999997,0.550000012,0.0133333337
C5_rand_10_r0,1,1891,8.23999977,8,3.20261025,3.28679991,0.0262039788,0.00820397958,0.0208681244,0.0138346674,0.0041653323,3.14427447,14,2.5,6.08058023,0,1,0,0,0,-0.970678866,-5.60468721,25.2793617,1.02369666,4.57477522,3.28679991,747.866089,65.8182983,1.28250003,0.0250000004,50,1,0.119999997,0.550000012,0.0133333337
C5_rand_10_r0,1,1892,8.25333309,8,3.27426219,3.28679991,0.0261963941,0.00819639396,0.023117885,0.0136734601,0.00432653958,3.3328867,14,2.5,6.08058023,0,1,0,0,0,-0.970678866,-5.60468721,25.2793617,1.02369666,4.57477522,3.28679991,747.866089,65.8182983,1.28250003,0.0250000004,50,1,0.119999997,0.550000012,0.0133333337
C5_rand_10_r0,1,1893,8.26666641,8,3.19797468,3.28679991,0.0261704549,0.00817045569,0.0212335587,0.0138473827,0.00415261695,3.13555741,14,2.5,6.08058023,0,1,0,0,0,-0.970678866,-5.60468721,25.2793617,1.02369666,4.57477522,3.28679991,747.866089,65.8182983,1.28250003,0.0250000004,50,1,0.119999997,0.550000012,0.0133333337
C5_rand_10_r0,1,1894,8.27999973,8,1.49542594,3.28679991,0.0258371215,0.00783712231,0.02311798,0.01991174,0,0.102431588,14,2.5,6.08058023,0,0,0,0,0,-0.970678866,-5.60468721,25.2793617,1.02369666,4.57477522,3.28679991,747.866089,65.8182983,1.28250003,0.0250000004,50,1,0.119999997,0.550000012,0.0133333337
C5_rand_10_r0,1,1895,8.29333305,8,3.12526417,3.28679991,0.0257366952,0.00773669593,0.0219222009,0.0137981754,0.00420182431,4.45876789,14,2.5,6.08058023,0,1,0,0,0,-0.970678866,-5.60468721,25.2793617,1.02369666,4.57477522,3.28679991,747.866089,65.8182983,1.28250003,0.0250000004,50,1,0.119999997,0.550000012,0.0133333337
C5_rand_10_r0,1,1896,8.30666637,8,1.62449586,3.28679991,0.0254033618,0.00740336254,0.0234394688,0.0198029168,0,0.396594614,14,2.5,6.08058023,0,0,0,0,0,-0.970678866,-5.60468721,25.2793617,1.02369666,4.57477522,3.28679991,747.866089,65.8182983,1.28250003,0.0250000004,50,1,0.119999997,0.550000012,0.0133333337
C5_rand_10_r0,1,1897,8.31999969,8,3.2567358,3.28679991,0.0253394563,0.00733945565,0.0228563119,0.0136197526,0.00438024756,4.59220457,14,2.5,6.08058023,0,1,0,0,0,-0.970678866,-5.60468721,25.2793617,1.02369666,4.57477522,3.28679991,747.866089,65.8182983,1.28250003,0.0250000004,50,1,0.119999997,0.550000012,0.0133333337
C5_rand_10_r0,1,1898,8.33333302,8,3.37443876,3.28679991,0.0253531486,0.00735314889,0.0233254805,0.0136965998,0.00430339994,3.47074103,14,2.5,6.08058023,0,1,0,0,0,-0.970678866,-5.60468721,25.2793617,1.02369666,4.57477522,3.28679991,747.866089,65.8182983,1.28250003,0.0250000004,50,1,0.119999997,0.550000012,0.0133333337
C5_rand_10_r0,1,1899,8.34666634,8,3.3966527,3.28679991,0.025385946,0.00738594541,0.0240328778,0.0133615993,0.00463840039,3.41482759,14,2.5,6.08058023,0,1,0,0,0,-0.970678866,-5.60468721,25.2793617,1.02369666,4.57477522,3.28679991,747.866089,65.8182983,1.28250003,0.0250000004,50,1,0.119999997,0.550000012,0.0133333337
C5_rand_10_r0,1,1900,8.35999966,8,3.32605815,3.28679991,0.0254023168,0.00740231667,0.0233413298,0.013456651,0.00454334915,3.2682991,14,2.5,6.08058023,0,1,0,0,0,-0.970678866,-5.60468721,25.2793617,1.02369666,4.57477522,3.28679991,747.866089,65.8182983,1.28250003,0.0250000004,50,1,0.119999997,0.550000012,0.0133333337
C5_rand_10_r0,1,1901,8.37333298,8,1.49672616,3.28679991,0.0250689834,0.00706898328,0.0245517883,0.0194410551,0,0,14,2.5,6.08058023,0,0,0,0,0,-0.970678866,-5.60468721,25.2793617,1.02369666,4.57477522,3.28679991,747.866089,65.8182983,1.28250003,0.0250000004,50,1,0.119999997,0.550000012,0.0133333337
C5_rand_10_r0,1,1902,8.3866663,8,3.36440229,3.28679991,0.0250349846,0.00703498395,0.0236655176,0.0132182147,0.00478178542,4.89250088,14,2.5,6.08058023,0,1,0,0,0,-0.970678866,-5.60468721,25.2793617,1.02369666,4.57477522,3.28679991,747.866089,65.8182983,1.28250003,0.0250000004,50,1,0.119999997,0.550000012,0.0133333337
C5_rand_10_r0,1,1903,8.39999962,8,1.5878278,3.28679991,0.0247016512,0.00670165056,0.0245108083,0.0191778746,0,0.134266749,14,2.5,6.08058023,0,0,0,0,0,-0.970678866,-5.60468721,25.2793617,1.02369666,4.57477522,3.28679991,747.866089,65.8182983,1.28250003,0.0250000004,50,1,0.119999997,0.550000012,0.0133333337
C5_rand_10_r0,1,1904,8.41333294,8,3.52493072,3.28679991,0.0247122422,0.0067122425,0.0242484882,0.0129276123,0.00507238833,5.10983324,14,2.5,6.08058023,0,1,0,0,0,-0.970678866,-5.60468721,25.2793617,1.02369666,4.57477522,3.28679991,747.866089,65.8182983,1.28250003,0.0250000004,50,1,0.119999997,0.550000012,0.0133333337
C5_rand_10_r0,1,1905,8.42666626,8,1.58621883,3.28679991,0.0243789088,0.00637890911,0.0246653594,0.0188406799,0,0,14,2.5,6.08058023,0,0,0,0,0,-0.970678866,-5.60468721,25.2793617,1.02369666,4.57477522,3.28679991,747.866089,65.8182983,1.28250003,0.0250000004,50,1,0.119999997,0.550000012,0.0133333337
C5_rand_10_r0,1,1906,8.43999958,8,1.43779981,3.28679991,0.0240455754,0.00604557572,0.0248850938,0.0244146623,0,1.31636596,14,2.5,6.08058023,0,0,0,0,0,-0.970678866,-5.60468721,25.2793617,1.02369666,4.57477522,3.28679991,747.866089,65.8182983,1.28250003,0.0250000004,50,1,0.119999997,0.550000012,0.0133333337
C5_rand_10_r0,1,1907,8.4533329,8,1.37101114,3.28679991,0.023712242,0.00571224233,0.0249914136,0.0183822121,0,1.31636596,14,2.5,6.08058023,0,0,0,0,0,-0.970678866,-5.60468721,25.2793617,1.02369666,4.57477522,3.28679991,747.866089,65.8182983,1.28250003,0.0250000004,50,1,0.119999997,0.550000012,0.0133333337
C5_rand_10_r0,1,1908,8.46666622,8,1.34095633,3.28679991,0.0233789086,0.00537890894,0.0242270455,0.0238444433,0,1.31636596,14,2.5,6.08058023,0,0,0,0,0,-0.970678866,-5.60468721,25.2793617,1.02369666,4.57477522,3.28679991,747.866089,65.8182983,1.28250003,0.0250000004,50,1,0.119999997,0.550000012,0.0133333337
C5_rand_10_r0,1,1909,8.47999954,8,1.32743168,3.28679991,0.0230455752,0.00504557602,0.0236932915,0.0235318672,0,1.31636596,14,2.5,6.08058023,0,0,0,0,0,-0.970678866,-5.60468721,25.2793617,1.02369666,4.57477522,3.28679991,747.866089,65.8182983,1.28250003,0.0250000004,50,1,0.119999997,0.550000012,0.0133333337
C5_rand_10_r0,1,1910,8.49333286,8,1.32134557,3.28679991,0.0227122419,0.00471224263,0.0233644228,0.0232216846,0,1.31636596,14,2.5,6.08058023,0,0,0,0,0,-0.970678866,-5.60468721,25.2793617,1.02369666,4.57477522,3.28679991,747.866089,65.8182983,1.28250003,0.0250000004,50,1,0.119999997,0.550000012,0.0133333337
C5_rand_10_r0,1,1911,8.50666714,8,1.31860685,3.28679991,0.0223789085,0.00437890925,0.0229517128,0.0226456877,0,1.31636596,14,2.5,6.08058023,0,0,0,0,0,-0.970678866,-5.60468721,25.2793617,1.02369666,4.57477522,3.28679991,747.866089,65.8182983,1.28250003,0.0250000004,50,1,0.119999997,0.550000012,0.0133333337
C5_rand_10_r0,1,1912,8.52000046,8,1.31737435,3.28679991,0.0220455751,0.00404557586,0.0222999211,0.0222436488,0,1.31636596,14,2.5,6.08058023,0,0,0,0,0,-0.970678866,-5.60468721,25.2793617,1.02369666,4.57477522,3.28679991,747.866089,65.8182983,1.28250003,0.0250000004,50,1,0.119999997,0.550000012,0.0133333337
C5_rand_10_r0,1,1913,8.53333378,8,1.31681979,3.28679991,0.0217122417,0.00371224247,0.0220915787,0.0215722714,0,1.31636596,14,2.5,6.08058023,0,0,0,0,0,-0.970678866,-5.60468721,25.2793617,1.02369666,4.57477522,3.28679991,747.866089,65.8182983,1.28250003,0.0250000004,50,1,0.119999997,0.550000012,0.0133333337
C5_rand_10_r0,1,1914,8.5466671,8,1.31657016,3.28679991,0.0213789083,0.00337890908,0.0211306401,0.021121785,0,1.31636596,14,2.5,6.08058023,0,0,0,0,0,-0.970678866,-5.60468721,25.2793617,1.02369666,4.57477522,3.28679991,747.866089,65.8182983,1.28250003,0.0250000004,50,1,0.119999997,0.550000012,0.0133333337
C5_rand_10_r0,1,1915,8.56000042,8,1.31645787,3.28679991,0.0210455749,0.00304557593,0.0209645834,0.0206779037,0,1.31636596,14,2.5,6.08058023,0,0,0,0,0,-0.970678866,-5.60468721,25.2793617,1.02369666,4.57477522,3.28679991,747.866089,65.8182983,1.28250003,0.0250000004,50,1,0.119999997,0.550000012,0.0133333337
C5_rand_10_r0,1,1916,8.57333374,8,1.31640732,3.28679991,0.0207122434,0.00271224254,0.0200124197,0.0199402627,0,1.31636596,14,2.5,6.08058023,0,0,0,0,0,-0.970678866,-5.60468721,25.2793617,1.02369666,4.57477522,3.28679991,747.866089,65.8182983,1.28250003,0.0250000004,50,1,0.119999997,0.550000012,0.0133333337
C5_rand_10_r0,1,1917,8.58666706,8,1.31638455,3.28679991,0.02037891,0.00237890915,0.0194886867,0.0192256738,0,1.31636596,14,2.5,6.08058023,0,0,0,0,0,-0.970678866,-5.60468721,25.2793617,1.02369666,4.57477522,3.28679991,747.866089,65.8182983,1.28250003,0.0250000004,50,1,0.119999997,0.550000012,0.0133333337
C5_rand_10_r0,1,1918,8.60000038,8,1.31637442,3.28679991,0.0200455766,0.00204557576,0.0189501457,0.0187592283,0,1.31636596,14,2.5,6.08058023,0,0,0,0,0,-0.970678866,-5.60468721,25.2793617,1.02369666,4.57477522,3.28679991,747.866089,65.8182983,1.28250003,0.0250000004,50,1,0.119999997,0.550000012,0.0133333337
C5_rand_10_r0,1,1919,8.6133337,8,1.31636977,3.28679991,0.0197122432,0.00171224249,0.0180614982,0.0180298723,0,1.31636596,14,2.5,6.08058023,0,0,0,0,0,-0.970678866,-5.60468721,25.2793617,1.02369666,4.57477522,3.28679991,747.866089,65.8182983,1.28250003,0.0250000004,50,1,0.119999997,0.550000012,0.0133333337
C5_rand_10_r0,1,1920,8.62666702,8,1.48142743,3.28679991,0.0193789098,0.00137890922,0.0179389548,0.0175987128,0.000401286641,1.61647463,14,2.5,6.08058023,0,0,0,0,0,-0.970678866,-5.60468721,25.2793617,1.02369666,4.57477522,3.28679991,747.866089,65.8182983,1.28250003,0.0250000004,50,1,0.119999997,0.550000012,0.0133333337
C5_rand_10_r0,1,1921,8.64000034,8,1.85129952,3.28679991,0.0190455765,0.00104557583,0.0169483181,0.0168800727,0.00111992797,2.15392208,14,2.5,6.08058023,0,0,0,0,0,-0.970678866,-5.60468721,25.2793617,1.02369666,4.57477522,3.28679991,747.866089,65.8182983,1.28250003,0.0250000004,50,1,0.119999997,0.550000012,0.0133333337
C5_rand_10_r0,1,1922,8.65333366,8,2.18098497,3.28679991,0.0187122431,0.000712242501,0.0170571879,0.0164832026,0.00151679746,2.45072746,14,2.5,6.08058023,0,0,0,0,0,-0.970678866,-5.60468721,25.2793617,1.02369666,4.57477522,3.28679991,747.866089,65.8182983,1.28250003,0.0250000004,50,1,0.119999997,0.550000012,0.0133333337
C5_rand_10_r0,1,1923,8.66666698,8,2.61723304,3.28679991,0.0184706952,0.000470696104,0.0162267052,0.0157832969,0.00221670326,2.97416329,14,2.5,6.08058023,0,1,0,0,0,-0.970678866,-5.60468721,25.2793617,1.02369666,4.57477522,3.28679991,747.866089,65.8182983,1.28250003,0.0250000004,50,1,0.119999997,0.550000012,0.0133333337
C5_rand_10_r0,1,1924,8.68000031,8,2.70439029,3.28679991,0.0182686578,0.000268657866,0.0161544904,0.0155639891,0.00243601133,2.77570081,14,2.5,6.08058023,0,1,0,0,0,-0.970678866,-5.60468721,25.2793617,1.02369666,4.57477522,3.28679991,747.866089,65.8182983,1.28250003,0.0250000004,50,1,0.119999997,0.550000012,0.0133333337
C5_rand_10_r0,1,1925,8.69333363,8,3.0334897,3.28679991,0.0181646217,0.00016462084,0.0154315354,0.0146506252,0.00334937498,3.30275273,14,2.5,6.08058023,0,1,0,0,0,-0.970678866,-5.60468721,25.2793617,1.02369666,4.57477522,3.28679991,747.866089,65.8182983,1.28250003,0.0250000004,50,1,0.119999997,0.550000012,0.0133333337
C5_rand_10_r0,1,1926,8.70666695,8,2.96896505,3.28679991,0.0180589929,5.89938318e-05,0.0149093354,0.0146500422,0.00334995752,2.91617203,14,2.5,6.08058023,0,1,0,0,0,-0.970678866,-5.60468721,25.2793617,1.02369666,4.57477522,3.28679991,747.866089,65.8182983,1.28250003,0.0250000004,50,1,0.119999997,0.550000012,0.0133333337
C5_rand_10_r0,1,1927,8.72000027,8,3.30348969,3.28679991,0.0180460252,4.60253686e-05,0.0143869985,0.0137745636,0.00422543613,3.57719183,14,2.5,6.08058023,0,1,0,0,0,-0.970678866,-5.60468721,25.2793617,1.02369666,4.57477522,3.28679991,747.866089,65.8182983,1.28250003,0.0250000004,50,1,0.119999997,0.550000012,0.0133333337
C5_rand_10_r0,1,1928,8.73333359,8,3.2887218,3.28679991,0.0180443972,4.43978206e-05,0.0140329711,0.0136871617,0.00431283796,3.27663922,14,2.5,6.08058023,0,1,0,0,0,-0.970678866,-5.60468721,25.2793617,1.02369666,4.57477522,3.28679991,747.866089,65.8182983,1.28250003,0.0250000004,50,1,0.119999997,0.550000012,0.0133333337
C5_rand_10_r0,1,1929,8.74666691,8,3.41554236,3.28679991,0.0180798881,7.98883048e-05,0.0135376658,0.0133027993,0.00469720038,3.51930428,14,2.5,6.08058023,0,1,0,0,0,-0.970678866,-5.60468721,25.2793617,1.02369666,4.57477522,3.28679991,747.866089,65.8182983,1.28250003,0.0250000004,50,1,0.119999997,0.550000012,0.0133333337
C5_rand_10_r0,1,1930,8.76000023,8,3.60643291,3.28679991,0.0181745905,0.000174590285,0.0133378264,0.012781457,0.00521854311,3.76261616,14,2.5,6.08058023,0,1,0,0,0,-0.970678866,-5.60468721,25.2793617,1.02369666,4.57477522,3.28679991,747.866089,65.8182983,1.28250003,0.0250000004,50,1,0.119999997,0.550000012,0.0133333337
C5_rand_10_r0,1,1931,8.77333355,8,3.59612489,3.28679991,0.0182762984,0.000276297564,0.0129549326,0.0127026895,0.00529731018,3.58769131,14,2.5,6.08058023,0,1,0,0,0,-0.970678866,-5.60468721,25.2793617,1.02369666,4.57477522,3.28679991,747.866089,65.8182983,1.28250003,0.0250000004,50,1,0.119999997,0.550000012,0.0133333337
C5_rand_10_r0,1,1932,8.78666687,8,3.74670672,3.28679991,0.0184209999,0.000421000615,0.0125469873,0.0122883338,0.00571166677,3.86990976,14,2.5,6.08058023,0,1,0,0,0,-0.970678866,-5.60468721,25.2793617,1.02369666,4.57477522,3.28679991,747.866089,65.8182983,1.28250003,0.0250000004,50,1,0.119999997,0.550000012,0.0133333337
C5_rand_10_r0,1,1933,8.80000019,8,3.64240217,3.28679991,0.0185438953,0.000543896167,0.0124957664,0.0124796154,0.00552038476,3.55706215,14,2.5,6.08058023,0,1,0,0,0,-0.970678866,-5.60468721,25.2793617,1.02369666,4.57477522,3.28679991,747.866089,65.8182983,1.28250003,0.0250000004,50,1,0.119999997,0.550000012,0.0133333337
C5_rand_10_r0,1,1934,8.81333351,8,3.85512424,3.28679991,0.0187222473,0.000722246594,0.0121877063,0.0119634969,0.00603650324,4.02916956,14,2.5,6.08058023,0,1,0,0,0,-0.970678866,-5.60468721,25.2793617,1.02369666,4.57477522,3.28679991,747.866089,65.8182983,1.28250003,0.0250000004,50,1,0.119999997,0.550000012,0.0133333337
C5_rand_10_r0,1,1935,8.82666683,8,3.70166969,3.28679991,0.0188672133,0.000867213181,0.0123466561,0.0122764632,0.00572353695,3.57611585,14,2.5,6.08058023,0,1,0,0,0,-0.970678866,-5.60468721,25.2793617,1.02369666,4.57477522,3.28679991,747.866089,65.8182983,1.28250003,0.0250000004,50,1,0.119999997,0.550000012,0.0133333337
C5_rand_10_r0,1,1936,8.84000015,8,3.78794575,3.28679991,0.0190305822,0.00103058142,0.012101776,0.0120751122,0.00592488749,3.85853505,14,2.5,6.08058023,0,1,0,0,0,-0.970678866,-5.60468721,25.2793617,1.02369666,4.57477522,3.28679991,747.866089,65.8182983,1.28250003,0.0250000004,50,1,0.119999997,0.550000012,0.0133333337
C5_rand_10_r0,1,1937,8.85333347,8,3.88305068,3.28679991,0.0192234349,0.00122343469,0.0120004537,0.0118411155,0.00615888461,3.96086383,14,2.5,6.08058023,0,1,0,0,0,-0.970678866,-5.60468721,25.2793617,1.02369666,4.57477522,3.28679991,747.866089,65.8182983,1.28250003,0.0250000004,50,1,0.119999997,0.550000012,0.0133333337
C5_rand_10_r0,1,1938,8.86666679,8,3.79686284,3.28679991,0.0193972606,0.00139726093,0.012079373,0.0119990036,0.00600099657,3.72634554,14,2.5,6.08058023,0,1,0,0,0,-0.970678866,-5.60468721,25.2793617,1.02369666,4.57477522,3.28679991,747.866089,65.8182983,1.28250003,0.0250000004,50,1,0.119999997,0.550000012,0.0133333337
C5_rand_10_r0,1,1939,8.88000011,8,3.85525513,3.28679991,0.0195841361,0.00158413628,0.0118649928,0.0118632223,0.00613677781,3.90303063,14,2.5,6.08058023,0,1,0,0,0,-0.970678866,-5.60468721,25.2793617,1.02369666,4.57477522,3.28679991,747.866089,65.8182983,1.28250003,0.0250000004,50,1,0.119999997,0.550000012,0.0133333337
C5_rand_10_r0,1,1940,8.89333344,8,3.73680782,3.28679991,0.0197402835,0.00174028438,0.0122785755,0.0121461647,0.00585383596,3.63989663,14,2.5,6.08058023,0,1,0,0,0,-0.970678866,-5.60468721,25.2793617,1.02369666,4.57477522,3.28679991,747.866089,65.8182983,1.28250003,0.0250000004,50,1,0.119999997,0.550000012,0.0133333337
C5_rand_10_r0,1,1941,8.90666676,8,3.81453848,3.28679991,0.0199129023,0.00191290304,0.0121298525,0.0119898599,0.00601014029,3.87813616,14,2.5,6.08058023,0,1,0,0,0,-0.970678866,-5.60468721,25.2793617,1.02369666,4.57477522,3.28679991,747.866089,65.8182983,1.28250003,0.0250000004,50,1,0.119999997,0.550000012,0.0133333337
C5_rand_10_r0,1,1942,8.92000008,8,4.07275248,3.28679991,0.0201599933,0.00215999293,0.0124610839,0.0113601657,0.00663983403,4.28401852,14,2.5,6.08058023,0,1,0,0,0,-0.970678866,-5.60468721,25.2793617,1.02369666,4.57477522,3.28679991,747.866089,65.8182983,1.28250003,0.0250000004,50,1,0.119999997,0.550000012,0.0133333337
C5_rand_10_r0,1,1943,8.9333334,8,3.6274333,3.28679991,0.0202957951,0.0022957949,0.0124367131,0.0123320557,0.00566794444,3.26308131,14,2.5,6.08058023,0,1,0,0,0,-0.970678866,-5.60468721,25.2793617,1.02369666,4.57477522,3.28679991,747.866089,65.8182983,1.28250003,0.0250000004,50,1,0.119999997,0.550000012,0.0133333337
C5_rand_10_r0,1,1944,8.94666672,8,3.98288631,3.28679991,0.0205117855,0.00251178606,0.0123544373,0.0115683582,0.00643164199,4.27371168,14,2.5,6.08058023,0,1,0,0,0,-0.970678866,-5.60468721,25.2793617,1.02369666,4.57477522,3.28679991,747.866089,65.8182983,1.28250003,0.0250000004,50,1,0.119999997,0.550000012,0.0133333337
C5_rand_10_r0,1,1945,8.96000004,8,3.51271772,3.28679991,0.0206105392,0.00261053932,0.0127994595,0.01267685,0.00532315066,3.12803411,14,2.5,6.08058023,0,1,0,0,0,-0.970678866,-5.60468721,25.2793617,1.02369666,4.57477522,3.28679991,747.866089,65.8182983,1.28250003,0.0250000004,50,1,0.119999997,0.550000012,0.0133333337
C5_rand_10_r0,1,1946,8.97333336,8,3.90414381,3.28679991,0.020798482,0.00279848278,0.0124272648,0.0118299266,0.00617007306,4.22440147,14,2.5,6.08058023,0,1,0,0,0,-0.970678866,-5.60468721,25.2793617,1.02369666,4.57477522,3.28679991,747.866089,65.8182983,1.28250003,0.0250000004,50,1,0.119999997,0.550000012,0.0133333337
C5_rand_10_r0,1,1947,8.98666668,8,3.7468555,3.28679991,0.0209576003,0.0029575997,0.0130688157,0.0121695828,0.00583041739,3.61816478,14,2.5,6.08058023,0,1,0,0,0,-0.970678866,-5.60468721,25.2793617,1.02369666,4.57477522,3.28679991,747.866089,65.8182983,1.28250003,0.0250000004,50,1,0.119999997,0.550000012,0.0133333337
C5_rand_10_r0,1,1948,9,9,3.75768852,3.28679991,0.0211149212,0.00311492174,0.0126707908,0.0121233854,0.00587661471,3.76655221,14,2.5,6.08058023,0,1,0,0,0,7.90265465,-0.981763959,29.8531094,0.976303339,48.6450272,3.28679991,747.866089,65.8182983,1.28250003,0.0250000004,50,1,0.119999997,0.550000012,0.0133333337
C5_rand_10_r0,1,1949,9.01333332,9,3.62088823,3.28679991,0.0212339442,0.0032339443,0.0129617332,0.0124772992,0.00552270049,3.50896096,14,2.5,6.08058023,0,1,0,0,0,7.90265465,-0.981763959,29.8531094,0.976303339,48.6450272,3.28679991,747.866089,65.8182983,1.28250003,0.0250000004,50,1,0.119999997,0.550000012,0.0133333337
C5_rand_10_r0,1,1950,9.02666664,9,3.65587902,3.28679991,0.0213563032,0.00335630332,0.013084284,0.0124448081,0.00555519201,3.68450761,14,2.5,6.08058023,0,1,0,0,0,7.90265465,-0.981763959,29.8531094,0.976303339,48.6450272,3.28679991,747.866089,65.8182983,1.28250003,0.0250000004,50,1,0.119999997,0.550000012,0.0133333337
C5_rand_10_r0,1,1951,9.03999996,9,3.5170753,3.28679991,0.0214406624,0.00344066182,0.0129935713,0.012802925,0.0051970752,3.40350842,14,2.5,6.08058023,0,1,0,0,0,7.90265465,-0.981763959,29.8531094,0.976303339,48.6450272,3.28679991,747.866089,65.8182983,1.28250003,0.0250000004,50,1,0.119999997,0.550000012,0.0133333337
C5_rand_10_r0,1,1952,9.05333328,9,3.5509932,3.28679991,0.021528108,0.00352810859,0.0136482082,0.0127692716,0.00523072807,3.57874417,14,2.5,6.08058023,0,1,0,0,0,7.90265465,-0.981763959,29.8531094,0.976303339,48.6450272,3.28679991,747.866089,65.8182983,1.28250003,0.0250000004,50,1,0.119999997,0.550000012,0.0133333337
C5_rand_10_r0,1,1953,9.0666666,9,3.41336274,3.28679991,0.0215778388,0.00357783935,0.0131553942,0.0131246727,0.00487532699,3.30075622,14,2.5,6.08058023,0,1,0,0,0,7.90265465,-0.981763959,29.8531094,0.976303339,48.6450272,3.28679991,747.866089,65.8182983,1.28250003,0.0250000004,50,1,0.119999997,0.550000012,0.0133333337
C5_rand_10_r0,1,1954,9.07999992,9,3.45023775,3.28679991,0.0216315277,0.0036315273,0.0143444864,0.0130836116,0.00491638808,3.48040819,14,2.5,6.08058023,0,1,0,0,0,7.90265465,-0.981763959,29.8531094,0.976303339,48.6450272,3.28679991,747.866089,65.8182983,1.28250003,0.0250000004,50,1,0.119999997,0.550000012,0.0133333337
C5_rand_10_r0,1,1955,9.09333324,9,3.31524682,3.28679991,0.0216483772,0.00364837702,0.0134427752,0.0134312436,0.00456875656,3.20479941,14,2.5,6.08058023,0,1,0,0,0,7.90265465,-0.981763959,29.8531094,0.976303339,48.6450272,3.28679991,747.866089,65.8182983,1.28250003,0.0250000004,50,1,0.119999997,0.550000012,0.0133333337
C5_rand_10_r0,1,1956,9.10666656,9,3.19433117,3.28679991,0.0216255002,0.00362549955,0.0146087585,0.0137720481,0.0042279521,3.09540033,14,2.5,6.08058023,0,1,0,0,0,7.90265465,-0.981763959,29.8531094,0.976303339,48.6450272,3.28679991,747.866089,65.8182983,1.28250003,0.0250000004,50,1,0.119999997,0.550000012,0.0133333337
C5_rand_10_r0,1,1957,9.11999989,9,3.25217652,3.28679991,0.0216120686,0.00361206895,0.0138462884,0.0137089128,0.00429108785,3.29950428,14,2.5,6.08058023,0,1,0,0,0,7.90265465,-0.981763959,29.8531094,0.976303339,48.6450272,3.28679991,747.866089,65.8182983,1.28250003,0.0250000004,50,1,0.119999997,0.550000012,0.0133333337
C5_rand_10_r0,1,1958,9.13333321,9,3.12689471,3.28679991,0.0215654131,0.00356541248,0.0145675428,0.0140268914,0.00397310825,3.02439165,14,2.5,6.08058023,0,1,0,0,0,7.90265465,-0.981763959,29.8531094,0.976303339,48.6450272,3.28679991,747.866089,65.8182983,1.28250003,0.0250000004,50,1,0.119999997,0.550000012,0.0133333337
C5_rand_10_r0,1,1959,9.14666653,9,3.17874193,3.28679991,0.02152762,0.00352762034,0.0143489465,0.0139392316,0.00406076852,3.22116232,14,2.5,6.08058023,0,1,0,0,0,7.90265465,-0.981763959,29.8531094,0.976303339,48.6450272,3.28679991,747.866089,65.8182983,1.28250003,0.0250000004,50,1,0.119999997,0.550000012,0.0133333337
C5_rand_10_r0,1,1960,9.15999985,9,3.06420565,3.28679991,0.0214594901,0.0034594899,0.014601402,0.0142276017,0.00377239869,2.97049427,14,2.5,6.08058023,0,1,0,0,0,7.90265465,-0.981763959,29.8531094,0.976303339,48.6450272,3.28679991,747.866089,65.8182983,1.28250003,0.0250000004,50,1,0.119999997,0.550000012,0.0133333337
C5_rand_10_r0,1,1961,9.17333317,9,3.12623405,3.28679991,0.0214035325,0.00340353302,0.0149450302,0.0141116958,0.00388830388,3.17698455,14,2.5,6.08058023,0,1,0,0,0,7.90265465,-0.981763959,29.8531094,0.976303339,48.6450272,3.28679991,747.866089,65.8182983,1.28250003,0.0250000004,50,1,0.119999997,0.550000012,0.0133333337
C5_rand_10_r0,1,1962,9.18666649,9,3.02350783,3.28679991,0.0213210694,0.00332107022,0.0147126289,0.0143650174,0.00363498298,2.93945909,14,2.5,6.08058023,0,1,0,0,0,7.90265465,-0.981763959,29.8531094,0.976303339,48.6450272,3.28679991,747.866089,65.8182983,1.28250003,0.0250000004,50,1,0.119999997,0.550000012,0.0133333337
C5_rand_10_r0,1,1963,9.19999981,9,2.68283319,3.28679991,0.0211395584,0.00313955778,0.0153779341,0.0152208321,0.00277916784,2.40409923,14,2.5,6.08058023,0,1,0,0,0,7.90265465,-0.981763959,29.8531094,0.976303339,48.6450272,3.28679991,747.866089,65.8182983,1.28250003,0.0250000004,50,1,0.119999997,0.550000012,0.0133333337
C5_rand_10_r0,1,1964,9.21333313,9,3.07165051,3.28679991,0.0210495424,0.00304954196,0.0148987733,0.0144258793,0.00357412058,3.38977385,14,2.5,6.08058023,0,1,0,0,0,7.90265465,-0.981763959,29.8531094,0.976303339,48.6450272,3.28679991,747.866089,65.8182983,1.28250003,0.0250000004,50,1,0.119999997,0.550000012,0.0133333337
C5_rand_10_r0,1,1965,9.22666645,9,2.72786307,3.28679991,0.0208792798,0.0028792792,0.0157298092,0.015203909,0.00279609067,2.44658256,14,2.5,6.08058023,0,1,0,0,0,7.90265465,-0.981763959,29.8531094,0.976303339,48.6450272,3.28679991,747.866089,65.8182983,1.28250003,0.0250000004,50,1,0.119999997,0.550000012,0.0133333337
C5_rand_10_r0,1,1966,9.23999977,9,3.07771468,3.28679991,0.0207928233,0.0027928229,0.015152839,0.0144009972,0.00359900272,3.36395693,14,2.5,6.08058023,0,1,0,0,0,7.90265465,-0.981763959,29.8531094,0.976303339,48.6450272,3.28679991,747.866089,65.8182983,1.28250003,0.0250000004,50,1,0.119999997,0.550000012,0.0133333337
C5_rand_10_r0,1,1967,9.25333309,9,2.996135,3.28679991,0.0206976738,0.00269767316,0.0159854405,0.0145395361,0.0034604636,2.92938805,14,2.5,6.08058023,0,1,0,0,0,7.90265465,-0.981763959,29.8531094,0.976303339,48.6450272,3.28679991,747.866089,65.8182983,1.28250003,0.0250000004,50,1,0.119999997,0.550000012,0.0133333337
C5_rand_10_r0,1,1968,9.26666641,9,2.85702181,3.28679991,0.0205624327,0.00256243208,0.0151574695,0.0148343984,0.00316560199,2.74320173,14,2.5,6.08058023,0,1,0,0,0,7.90265465,-0.981763959,29.8531094,0.976303339,48.6450272,3.28679991,747.866089,65.8182983,1.28250003,0.0250000004,50,1,0.119999997,0.550000012,0.0133333337
C5_rand_10_r0,1,1969,9.27999973,9,3.05509114,3.28679991,0.0204755291,0.00247552828,0.0158320703,0.0144123686,0.00358763104,3.21714807,14,2.5,6.08058023,0,1,0,0,0,7.90265465,-0.981763959,29.8531094,0.976303339,48.6450272,3.28679991,747.866089,65.8182983,1.28250003,0.0250000004,50,1,0.119999997,0.550000012,0.0133333337
C5_rand_10_r0,1,1970,9.29333305,9,2.94932008,3.28679991,0.0203673001,0.00236729998,0.0149812214,0.0146309631,0.00336903729,2.86278009,14,2.5,6.08058023,0,1,0,0,0,7.90265465,-0.981763959,29.8531094,0.976303339,48.6450272,3.28679991,747.866089,65.8182983,1.28250003,0.0250000004,50,1,0.119999997,0.550000012,0.0133333337
C5_rand_10_r0,1,1971,9.30666637,9,3.11148453,3.28679991,0.0203005634,0.00230056304,0.0157761686,0.0142336041,0.00376639632,3.24416447,14,2.5,6.08058023,0,1,0,0,0,7.90265465,-0.981763959,29.8531094,0.976303339,48.6450272,3.28679991,747.866089,65.8182983,1.28250003,0.0250000004,50,1,0.119999997,0.550000012,0.0133333337
C5_rand_10_r0,1,1972,9.31999969,9,3.02871346,3.28679991,0.0202177502,0.0022177496,0.0150507372,0.0143931489,0.00360685075,2.96099162,14,2.5,6.08058023,0,1,0,0,0,7.90265465,-0.981763959,29.8531094,0.976303339,48.6450272,3.28679991,747.866089,65.8182983,1.28250003,0.0250000004,50,1,0.119999997,0.550000012,0.0133333337
C5_rand_10_r0,1,1973,9.33333302,9,2.97466302,3.28679991,0.0201172419,0.00211724266,0.0154250385,0.0145188933,0.00348110637,2.93044019,14,2.5,6.08058023,0,1,0,0,0,7.90265465,-0.981763959,29.8531094,0.976303339,48.6450272,3.28679991,747.866089,65.8182983,1.28250003,0.0250000004,50,1,0.119999997,0.550000012,0.0133333337
C5_rand_10_r0,1,1974,9.34666634,9,3.15366721,3.28679991,0.0200635102,0.00206351024,0.0153900161,0.0141180037,0.00388199626,3.30012512,14,2.5,6.08058023,0,1,0,0,0,7.90265465,-0.981763959,29.8531094,0.976303339,48.6450272,3.28679991,747.866089,65.8182983,1.28250003,0.0250000004,50,1,0.119999997,0.550000012,0.0133333337
C5_rand_10_r0,1,1975,9.35999966,9,3.08032727,3.28679991,0.0199972019,0.00199720124,0.0145959398,0.0142451478,0.00375485257,3.02032185,14,2.5,6.08058023,0,1,0,0,0,7.90265465,-0.981763959,29.8531094,0.976303339,48.6450272,3.28679991,747.866089,65.8182983,1.28250003,0.0250000004,50,1,0.119999997,0.550000012,0.0133333337
C5_rand_10_r0,1,1976,9.37333298,9,2.96164298,3.28679991,0.0198958293,0.00189582829,0.0157895945,0.0145198619,0.00348013779,2.86453748,14,2.5,6.08058023,0,1,0,0,0,7.90265465,-0.981763959,29.8531094,0.976303339,48.6450272,3.28679991,747.866089,65.8182983,1.28250003,0.0250000004,50,1,0.119999997,0.550000012,0.0133333337
C5_rand_10_r0,1,1977,9.3866663,9,3.21525955,3.28679991,0.0198590606,0.00185906049,0.014009729,0.013958591,0.00404140865,3.4227643,14,2.5,6.08058023,0,1,0,0,0,7.90265465,-0.981763959,29.8531094,0.976303339,48.6450272,3.28679991,747.866089,65.8182983,1.28250003,0.0250000004,50,1,0.119999997,0.550000012,0.0133333337
C5_rand_10_r0,1,1978,9.39999962,9,2.78707004,3.28679991,0.0197141189,0.00171411864,0.0151908286,0.0149359042,0.00306409597,2.43673325,14,2.5,6.08058023,0,1,0,0,0,7.90265465,-0.981763959,29.8531094,0.976303339,48.6450272,3.28679991,747.866089,65.8182983,1.28250003,0.0250000004,50,1,0.119999997,0.550000012,0.0133333337
C5_rand_10_r0,1,1979,9.41333294,9,3.35413647,3.28679991,0.019708667,0.00170866633,0.0137138488,0.0136600379,0.0043399618,3.81809974,14,2.5,6.08058023,0,1,0,0,0,7.90265465,-0.981763959,29.8531094,0.976303339,48.6450272,3.28679991,747.866089,65.8182983,1.28250003,0.0250000004,50,1,0.119999997,0.550000012,0.0133333337
C5_rand_10_r0,1,1980,9.42666626,9,2.8830812,3.28679991,0.0195956137,0.00159561343,0.0147800511,0.014689059,0.00331094093,2.49767256,14,2.5,6.08058023,0,1,0,0,0,7.90265465,-0.981763959,29.8531094,0.976303339,48.6450272,3.28679991,747.866089,65.8182983,1.28250003,0.0250000004,50,1,0.119999997,0.550000012,0.0133333337
C5_rand_10_r0,1,1981,9.43999958,9,3.45255542,3.28679991,0.0196228139,0.00162281457,0.0137489885,0.0133574149,0.00464258529,3.91848898,14,2.5,6.08058023,0,1,0,0,0,7.90265465,-0.981763959,29.8531094,0.976303339,48.6450272,3.28679991,747.866089,65.8182983,1.28250003,0.0250000004,50,1,0.119999997,0.550000012,0.0133333337
C5_rand_10_r0,1,1982,9.4533329,9,2.95736384,3.28679991,0.0195358377,0.001535838,0.0145622659,0.0144437132,0.00355628715,2.55220699,14,2.5,6.08058023,0,1,0,0,0,7.90265465,-0.981763959,29.8531094,0.976303339,48.6450272,3.28679991,747.866089,65.8182983,1.28250003,0.0250000004,50,1,0.119999997,0.550000012,0.0133333337
C5_rand_10_r0,1,1983,9.46666622,9,3.54832292,3.28679991,0.0195939876,0.00159398711,0.0141432742,0.01306816,0.00493184011,4.03183508,14,2.5,6.08058023,0,1,0,0,0,7.90265465,-0.981763959,29.8531094,0.976303339,48.6450272,3.28679991,747.866089,65.8182983,1.28250003,0.0250000004,50,1,0.119999997,0.550000012,0.0133333337
C5_rand_10_r0,1,1984,9.47999954,9,3.44741702,3.28679991,0.0196482949,0.00164829451,0.0142405909,0.013193666,0.00480633415,3.36485744,14,2.5,6.08058023,0,1,0,0,0,7.90265465,-0.981763959,29.8531094,0.976303339,48.6450272,3.28679991,747.866089,65.8182983,1.28250003,0.0250000004,50,1,0.119999997,0.550000012,0.0133333337
C5_rand_10_r0,1,1985,9.49333286,9,3.25931907,3.28679991,0.0196497124,0.00164971221,0.0141638471,0.0135608548,0.00443914486,3.10542083,14,2.5,6.08058023,0,1,0,0,0,7.90265465,-0.981763959,29.8531094,0.976303339,48.6450272,3.28679991,747.866089,65.8182983,1.28250003,0.0250000004,50,1,0.119999997,0.550000012,0.0133333337
C5_rand_10_r0,1,1986,9.50666714,9,3.53731918,3.28679991,0.0197195373,0.00171953707,0.0136566227,0.0129584931,0.00504150707,3.76477361,14,2.5,6.08058023,0,1,0,0,0,7.90265465,-0.981763959,29.8531094,0.976303339,48.6450272,3.28679991,747.866089,65.8182983,1.28250003,0.0250000004,50,1,0.119999997,0.550000012,0.0133333337
C5_rand_10_r0,1,1987,9.52000046,9,3.34840226,3.28679991,0.0197482854,0.0017482863,0.0146980891,0.0133606941,0.00463930564,3.19383383,14,2.5,6.08058023,0,1,0,0,0,7.90265465,-0.981763959,29.8531094,0.976303339,48.6450272,3.28679991,747.866089,65.8182983,1.28250003,0.0250000004,50,1,0.119999997,0.550000012,0.0133333337
C5_rand_10_r0,1,1988,9.53333378,9,3.59588623,3.28679991,0.0198389348,0.00183893519,0.0134439347,0.0127692418,0.00523075834,3.79837322,14,2.5,6.08058023,0,1,0,0,0,7.90265465,-0.981763959,29.8531094,0.976303339,48.6450272,3.28679991,747.866089,65.8182983,1.28250003,0.0250000004,50,1,0.119999997,0.550000012,0.0133333337
C5_rand_10_r0,1,1989,9.5466671,9,3.08292675,3.28679991,0.0197974127,0.00179741182,0.0146644665,0.0139602209,0.00403977931,2.6632328,14,2.5,6.08058023,0,1,0,0,0,7.90265465,-0.981763959,29.8531094,0.976303339,48.6450272,3.28679991,747.866089,65.8182983,1.28250003,0.0250000004,50,1,0.119999997,0.550000012,0.0133333337
C5_rand_10_r0,1,1990,9.56000042,9,3.37634897,3.28679991,0.0198153667,0.00181536598,0.0134005053,0.0133836092,0.00461639091,3.6164217,14,2.5,6.08058023,0,1,0,0,0,7.90265465,-0.981763959,29.8531094,0.976303339,48.6450272,3.28679991,747.866089,65.8182983,1.28250003,0.0250000004,50,1,0.119999997,0.550000012,0.0133333337
C5_rand_10_r0,1,1991,9.57333374,9,3.77687812,3.28679991,0.0199544914,0.00195449125,0.0146556459,0.0124167996,0.0055832006,4.10458374,14,2.5,6.08058023,0,1,0,0,0,7.90265465,-0.981763959,29.8531094,0.976303339,48.6450272,3.28679991,747.866089,65.8182983,1.28250003,0.0250000004,50,1,0.119999997,0.550000012,0.0133333337
C5_rand_10_r0,1,1992,9.58666706,9,3.34354639,3.28679991,0.0199934412,0.00199344149,0.0134170353,0.013268644,0.00473135617,2.98900199,14,2.5,6.08058023,0,1,0,0,0,7.90265465,-0.981763959,29.8531094,0.976303339,48.6450272,3.28679991,747.866089,65.8182983,1.28250003,0.0250000004,50,1,0.119999997,0.550000012,0.0133333337
C5_rand_10_r0,1,1993,9.60000038,9,3.75914621,3.28679991,0.0201311409,0.00213114056,0.0141225178,0.0123131517,0.00568684842,4.09918213,14,2.5,6.08058023,0,1,0,0,0,7.90265465,-0.981763959,29.8531094,0.976303339,48.6450272,3.28679991,747.866089,65.8182983,1.28250003,0.0250000004,50,1,0.119999997,0.550000012,0.0133333337
C5_rand_10_r0,1,1994,9.6133337,9,3.36511469,3.28679991,0.0201758444,0.00217584451,0.0139391897,0.013204339,0.00479566073,3.04272532,14,2.5,6.08058023,0,1,0,0,0,7.90265465,-0.981763959,29.8531094,0.976303339,48.6450272,3.28679991,747.866089,65.8182983,1.28250003,0.0250000004,50,1,0.119999997,0.550000012,0.0133333337
C5_rand_10_r0,1,1995,9.62666702,9,3.77861333,3.28679991,0.0203199107,0.00231990987,0.0139690973,0.0122590382,0.00574096153,4.11693048,14,2.5,6.08058023,0,1,0,0,0,7.90265465,-0.981763959,29.8531094,0.976303339,48.6450272,3.28679991,747.866089,65.8182983,1.28250003,0.0250000004,50,1,0.119999997,0.550000012,0.0133333337
C5_rand_10_r0,1,1996,9.64000034,9,3.43929911,3.28679991,0.0203862824,0.00238628173,0.0141392555,0.0130116651,0.00498833507,3.16167808,14,2.5,6.08058023,0,1,0,0,0,7.90265465,-0.981763959,29.8531094,0.976303339,48.6450272,3.28679991,747.866089,65.8182983,1.28250003,0.0250000004,50,1,0.119999997,0.550000012,0.0133333337
C5_rand_10_r0,1,1997,9.65333366,9,3.12041759,3.28679991,0.0203511268,0.0023511264,0.0139806475,0.0138259595,0.00417404016,2.85951471,14,2.5,6.08058023,0,1,0,0,0,7.90265465,-0.981763959,29.8531094,0.976303339,48.6450272,3.28679991,747.866089,65.8182983,1.28250003,0.0250000004,50,1,0.119999997,0.550000012,0.0133333337
C5_rand_10_r0,1,1998,9.66666698,9,3.71819329,3.28679991,0.0204650983,0.00246509863,0.0140635036,0.0125599215,0.00544007868,4.20728254,14,2.5,6.08058023,0,1,0,0,0,7.90265465,-0.981763959,29.8531094,0.976303339,48.6450272,3.28679991,747.866089,65.8182983,1.28250003,0.0250000004,50,1,0.119999997,0.550000012,0.0133333337
C5_rand_10_r0,1,1999,9.68000031,9,3.26948762,3.28679991,0.0204792842,0.002479285,0.0140042957,0.013517309,0.00448269071,2.90236497,14,2.5,6.08058023,0,1,0,0,0,7.90265465,-0.981763959,29.8531094,0.976303339,48.6450272,3.28679991,747.866089,65.8182983,1.28250003,0.0250000004,50,1,0.119999997,0.550000012,0.0133333337
C5_rand_10_r0,1,2000,9.69333363,9,3.66608644,3.28679991,0.0205870066,0.00258700666,0.0134054944,0.0125891389,0.00541086122,3.99057627,14,2.5,6.08058023,0,1,0,0,0,7.90265465,-0.981763959,29.8531094,0.976303339,48.6450272,3.28679991,747.866089,65.8182983,1.28250003,0.0250000004,50,1,0.119999997,0.550000012,0.0133333337
C5_rand_10_r0,1,2001,9.70666695,9,3.31477761,3.28679991,0.0206127316,0.00261273189,0.0143292472,0.0133832023,0.0046167979,3.02734303,14,2.5,6.08058023,0,1,0,0,0,7.90265465,-0.981763959,29.8531094,0.976303339,48.6450272,3.28679991,747.866089,65.8182983,1.28250003,0.0250000004,50,1,0.119999997,0.550000012,0.0133333337
C5_rand_10_r0,1,2002,9.72000027,9,3.64019966,3.28679991,0.0207151864,0.00271518598,0.0131190978,0.0126406914,0.00535930879,3.90645409,14,2.5,6.08058023,0,1,0,0,0,7.90265465,-0.981763959,29.8531094,0.976303339,48.6450272,3.28679991,747.866089,65.8182983,1.28250003,0.0250000004,50,1,0.119999997,0.550000012,0.0133333337
C5_rand_10_r0,1,2003,9.73333359,9,3.28204942,3.28679991,0.0207309425,0.0027309421,0.0138313361,0.0134622641,0.0045377356,2.98901749,14,2.5,6.08058023,0,1,0,0,0,7.90265465,-0.981763959,29.8531094,0.976303339,48.6450272,3.28679991,747.866089,65.8182983,1.28250003,0.0250000004,50,1,0.119999997,0.550000012,0.0133333337
C5_rand_10_r0,1,2004,9.74666691,9,3.61704516,3.28679991,0.0208253022,0.00282530277,0.013246974,0.0127138197,0.00528617995,3.89113259,14,2.5,6.08058023,0,1,0,0,0,7.90265465,-0.981763959,29.8531094,0.976303339,48.6450272,3.28679991,747.866089,65.8182983,1.28250003,0.0250000004,50,1,0.119999997,0.550000012,0.0133333337
C5_rand_10_r0,1,2005,9.76000023,9,3.24808216,3.28679991,0.0208302755,0.00283027464,0.0137793925,0.01356225,0.00443775021,2.94620323,14,2.5,6.08058023,0,1,0,0,0,7.90265465,-0.981763959,29.8531094,0.976303339,48.6450272,3.28679991,747.866089,65.8182983,1.28250003,0.0250000004,50,1,0.119999997,0.550000012,0.0133333337
C5_rand_10_r0,1,2006,9.77333355,9,3.59075427,3.28679991,0.0209155343,0.00291553489,0.0137854489,0.0127975224,0.00520247733,3.87112236,14,2.5,6.08058023,0,1,0,0,0,7.90265465,-0.981763959,29.8531094,0.976303339,48.6450272,3.28679991,747.866089,65.8182983,1.28250003,0.0250000004,50,1,0.119999997,0.550000012,0.0133333337
C5_rand_10_r0,1,2007,9.78666687,9,3.4256084,3.28679991,0.0209683031,0.00296830293,0.013906654,0.0131499469,0.00485005323,3.29048896,14,2.5,6.08058023,0,1,0,0,0,7.90265465,-0.981763959,29.8531094,0.976303339,48.6450272,3.28679991,747.866089,65.8182983,1.28250003,0.0250000004,50,1,0.119999997,0.550000012,0.0133333337
C5_rand_10_r0,1,2008,9.80000019,9,3.53096271,3.28679991,0.0210449211,0.00304492051,0.0146995382,0.0128847156,0.00511528412,3.61716175,14,2.5,6.08058023,0,1,0,0,0,7.90265465,-0.981763959,29.8531094,0.976303339,48.6450272,3.28679991,747.866089,65.8182983,1.28250003,0.0250000004,50,1,0.119999997,0.550000012,0.0133333337
C5_rand_10_r0,1,2009,9.81333351,9,3.38154101,3.28679991,0.0210840069,0.00308400718,0.0134209068,0.0132373059,0.00476269424,3.25928712,14,2.5,6.08058023,0,1,0,0,0,7.90265465,-0.981763959,29.8531094,0.976303339,48.6450272,3.28679991,747.866089,65.8182983,1.28250003,0.0250000004,50,1,0.119999997,0.550000012,0.0133333337
C5_rand_10_r0,1,2010,9.82666683,9,3.03735065,3.28679991,0.0210212301,0.00302122999,0.0144342529,0.0141087994,0.00389120053,2.75574017,14,2.5,6.08058023,0,1,0,0,0,7.90265465,-0.981763959,29.8531094,0.976303339,48.6450272,3.28679991,747.866089,65.8182983,1.28250003,0.0250000004,50,1,0.119999997,0.550000012,0.0133333337
C5_rand_10_r0,1,2011,9.84000015,9,3.42822576,3.28679991,0.0210500527,0.0030500521,0.0133207021,0.0133198574,0.00468014274,3.74803281,14,2.5,6.08058023,0,1,0,0,0,7.90265465,-0.981763959,29.8531094,0.976303339,48.6450272,3.28679991,747.866089,65.8182983,1.28250003,0.0250000004,50,1,0.119999997,0.550000012,0.0133333337
C5_rand_10_r0,1,2012,9.85333347,9,3.04576588,3.28679991,0.0209879018,0.00298790191,0.0142170573,0.0141936159,0.00380638381,2.73284411,14,2.5,6.08058023,0,1,0,0,0,7.90265465,-0.981763959,29.8531094,0.976303339,48.6450272,3.28679991,747.866089,65.8182983,1.28250003,0.0250000004,50,1,0.119999997,0.550000012,0.0133333337
C5_rand_10_r0,1,2013,9.86666679,9,3.40313864,3.28679991,0.0210098606,0.00300985971,0.0136126969,0.013386745,0.00461325515,3.69553447,14,2.5,6.08058023,0,1,0,0,0,7.90265465,-0.981763959,29.8531094,0.976303339,48.6450272,3.28679991,747.866089,65.8182983,1.28250003,0.0250000004,50,1,0.119999997,0.550000012,0.0133333337
C5_rand_10_r0,1,2014,9.88000011,9,3.01756239,3.28679991,0.0209387317,0.00293873134,0.0144253913,0.0142709836,0.00372901652,2.70209098,14,2.5,6.08058023,0,1,0,0,0,7.90265465,-0.981763959,29.8531094,0.976303339,48.6450272,3.28679991,747.866089,65.8182983,1.28250003,0.0250000004,50,1,0.119999997,0.550000012,0.0133333337
C5_rand_10_r0,1,2015,9.89333344,9,3.38434577,3.28679991,0.0209539719,0.00295397267,0.0142961005,0.0134489881,0.00455101207,3.68444133,14,2.5,6.08058023,0,1,0,0,0,7.90265465,-0.981763959,29.8531094,0.976303339,48.6450272,3.28679991,747.866089,65.8182983,1.28250003,0.0250000004,50,1,0.119999997,0.550000012,0.0133333337
C5_rand_10_r0,1,2016,9.90666676,9,3.23996258,3.28679991,0.020943502,0.00294350227,0.0146131264,0.0137452008,0.00425479934,3.1218307,14,2.5,6.08058023,0,1,0,0,0,7.90265465,-0.981763959,29.8531094,0.976303339,48.6450272,3.28679991,747.866089,65.8182983,1.28250003,0.0250000004,50,1,0.119999997,0.550000012,0.0133333337
C5_rand_10_r0,1,2017,9.92000008,9,2.71397161,3.28679991,0.0207826383,0.00278263842,0.015335192,0.0150017794,0.00299822073,2.28361559,14,2.5,6.08058023,0,1,0,0,0,7.90265465,-0.981763959,29.8531094,0.976303339,48.6450272,3.28679991,747.866089,65.8182983,1.28250003,0.0250000004,50,1,0.119999997,0.550000012,0.0133333337
C5_rand_10_r0,1,2018,9.9333334,9,3.30529094,3.28679991,0.0207609646,0.00276096398,0.0142106637,0.0137828952,0.00421710452,3.78909731,14,2.5,6.08058023,0,1,0,0,0,7.90265465,-0.981763959,29.8531094,0.976303339,48.6450272,3.28679991,747.866089,65.8182983,1.28250003,0.0250000004,50,1,0.119999997,0.550000012,0.0133333337
C5_rand_10_r0,1,2019,9.94666672,9,2.91809034,3.28679991,0.0206549317,0.00265493221,0.0151721211,0.0146361683,0.0033638319,2.60128975,14,2.5,6.08058023,0,1,0,0,0,7.90265465,-0.981763959,29.8531094,0.976303339,48.6450272,3.28679991,747.866089,65.8182983,1.28250003,0.0250000004,50,1,0.119999997,0.550000012,0.0133333337
C5_rand_10_r0,1,2020,9.96000004,9,3.27848554,3.28679991,0.0206349511,0.00263495068,0.0141633516,0.0137818325,0.00421816763,3.57335448,14,2.5,6.08058023,0,1,0,0,0,7.90265465,-0.981763959,29.8531094,0.976303339,48.6450272,3.28679991,747.866089,65.8182983,1.28250003,0.0250000004,50,1,0.119999997,0.550000012,0.0133333337
C5_rand_10_r0,1,2021,9.97333336,9,2.90535569,3.28679991,0.0205256641,0.0025256637,0.015104508,0.0146288639,0.0033711365,2.60006762,14,2.5,6.08058023,0,1,0,0,0,7.90265465,-0.981763959,29.8531094,0.976303339,48.6450272,3.28679991,747.866089,65.8182983,1.28250003,0.0250000004,50,1,0.119999997,0.550000012,0.0133333337
C5_rand_10_r0,1,2022,9.98666668,9,3.29298496,3.28679991,0.0205091666,0.00250916742,0.0144976825,0.0137498388,0.00425016088,3.61013627,14,2.5,6.08058023,0,1,0,0,0,7.90265465,-0.981763959,29.8531094,0.976303339,48.6450272,3.28679991,747.866089,65.8182983,1.28250003,0.0250000004,50,1,0.119999997,0.550000012,0.0133333337
C5_rand_10_r0,1,2023,10,10,2.92030358,3.28679991,0.0204046126,0.00240461342,0.0154456934,0.014589983,0.00341001735,2.61538243,14,2.5,6.08058023,0,1,0,0,0,8.52555466,-1.96407807,27.6522503,0.976303339,0.480177373,3.28679991,747.866089,65.8182983,1.28250003,0.0250000004,50,1,0.119999997,0.550000012,0.0133333337
C5_rand_10_r0,1,2024,10.0133333,10,3.31569934,3.28679991,0.0203952156,0.00239521521,0.0152055314,0.013685978,0.00431402214,3.63920498,14,2.5,6.08058023,0,1,0,0,0,8.52555466,-1.96407807,27.6522503,0.976303339,0.480177373,3.28679991,747.866089,65.8182983,1.28250003,0.0250000004,50,1,0.119999997,0.550000012,0.0133333337
C5_rand_10_r0,1,2025,10.0266666,10,3.21005535,3.28679991,0.0203723311,0.00237233099,0.0156275313,0.0138729168,0.00412708288,3.12361956,14,2.5,6.08058023,0,1,0,0,0,8.52555466,-1.96407807,27.6522503,0.976303339,0.480177373,3.28679991,747.866089,65.8182983,1.28250003,0.0250000004,50,1,0.119999997,0.550000012,0.0133333337
C5_rand_10_r0,1,2026,10.04,10,2.72568464,3.28679991,0.0202126522,0.00221265154,0.0156647172,0.0150061361,0.00299386354,2.32938123,14,2.5,6.08058023,0,1,0,0,0,8.52555466,-1.96407807,27.6522503,0.976303339,0.480177373,3.28679991,747.866089,65.8182983,1.28250003,0.0250000004,50,1,0.119999997,0.550000012,0.0133333337
C5_rand_10_r0,1,2027,10.0533333,10,3.32077694,3.28679991,0.0201954767,0.00219547632,0.0152034722,0.0137518048,0.00424819486,3.80767083,14,2.5,6.08058023,0,1,0,0,0,8.52555466,-1.96407807,27.6522503,0.976303339,0.480177373,3.28679991,747.866089,65.8182983,1.28250003,0.0250000004,50,1,0.119999997,0.550000012,0.0133333337
C5_rand_10_r0,1,2028,10.0666666,10,2.8142581,3.28679991,0.0200613514,0.00206135213,0.015256281,0.014881786,0.00311821443,2.39983344,14,2.5,6.08058023,0,1,0,0,0,8.52555466,-1.96407807,27.6522503,0.976303339,0.480177373,3.28679991,747.866089,65.8182983,1.28250003,0.0250000004,50,1,0.119999997,0.550000012,0.0133333337
C5_rand_10_r0,1,2029,10.0799999,10,3.37373519,3.28679991,0.0200631469,0.00206314679,0.0151414499,0.0135850124,0.00441498728,3.83148909,14,2.5,6.08058023,0,1,0,0,0,8.52555466,-1.96407807,27.6522503,0.976303339,0.480177373,3.28679991,747.866089,65.8182983,1.28250003,0.0250000004,50,1,0.119999997,0.550000012,0.0133333337
C5_rand_10_r0,1,2030,10.0933332,10,2.86480474,3.28679991,0.019946225,0.00194622495,0.0149944574,0.0147166662,0.00328333373,2.44840693,14,2.5,6.08058023,0,1,0,0,0,8.52555466,-1.96407807,27.6522503,0.976303339,0.480177373,3.28679991,747.866089,65.8182983,1.28250003,0.0250000004,50,1,0.119999997,0.550000012,0.0133333337
C5_rand_10_r0,1,2031,10.1066666,10,3.44129801,3.28679991,0.0199696533,0.00196965411,0.0155269355,0.0133852186,0.00461478159,3.9129746,14,2.5,6.08058023,0,1,0,0,0,8.52555466,-1.96407807,27.6522503,0.976303339,0.480177373,3.28679991,747.866089,65.8182983,1.28250003,0.0250000004,50,1,0.119999997,0.550000012,0.0133333337
C5_rand_10_r0,1,2032,10.1199999,10,2.92653418,3.28679991,0.019873485,0.00187348516,0.0149384374,0.0145262666,0.00347373378,2.5053637,14,2.5,6.08058023,0,1,0,0,0,8.52555466,-1.96407807,27.6522503,0.976303339,0.480177373,3.28679991,747.866089,65.8182983,1.28250003,0.0250000004,50,1,0.119999997,0.550000012,0.0133333337
C5_rand_10_r0,1,2033,10.1333332,10,2.95048761,3.28679991,0.0197640359,0.00176403683,0.0147714205,0.014536405,0.00346359471,2.97008586,14,2.5,6.08058023,0,1,0,0,0,8.52555466,-1.96407807,27.6522503,0.976303339,0.480177373,3.28679991,747.866089,65.8182983,1.28250003,0.0250000004,50,1,0.119999997,0.550000012,0.0133333337
C5_rand_10_r0,1,2034,10.1466665,10,3.0764904,3.28679991,0.0196873769,0.00168737618,0.0151234679,0.0143263992,0.0036736012,3.17958379,14,2.5,6.08058023,0,1,0,0,0,8.52555466,-1.96407807,27.6522503,0.976303339,0.480177373,3.28679991,747.866089,65.8182983,1.28250003,0.0250000004,50,1,0.119999997,0.550000012,0.0133333337
C5_rand_10_r0,1,2035,10.1599998,10,3.07204151,3.28679991,0.0196149442,0.00161494431,0.014342471,0.0143019306,0.0036980696,3.06840158,14,2.5,6.08058023,0,1,0,0,0,8.52555466,-1.96407807,27.6522503,0.976303339,0.480177373,3.28679991,747.866089,65.8182983,1.28250003,0.0250000004,50,1,0.119999997,0.550000012,0.0133333337
C5_rand_10_r0,1,2036,10.1733332,10,3.07655668,3.28679991,0.0195444711,0.00154447136,0.0151986126,0.0142637556,0.00373624382,3.08025074,14,2.5,6.08058023,0,1,0,0,0,8.52555466,-1.96407807,27.6522503,0.976303339,0.480177373,3.28679991,747.866089,65.8182983,1.28250003,0.0250000004,50,1,0.119999997,0.550000012,0.0133333337
C5_rand_10_r0,1,2037,10.1866665,10,3.161726,3.28679991,0.0194979832,0.00149798312,0.0141488677,0.0140512912,0.003948709,3.23140979,14,2.5,6.08058023,0,1,0,0,0,8.52555466,-1.96407807,27.6522503,0.976303339,0.480177373,3.28679991,747.866089,65.8182983,1.28250003,0.0250000004,50,1,0.119999997,0.550000012,0.0133333337
C5_rand_10_r0,1,2038,10.1999998,10,3.17125797,3.28679991,0.0194581393,0.00145813997,0.0143922195,0.0139946444,0.00400535623,3.17905664,14,2.5,6.08058023,0,1,0,0,0,8.52555466,-1.96407807,27.6522503,0.976303339,0.480177373,3.28679991,747.866089,65.8182983,1.28250003,0.0250000004,50,1,0.119999997,0.550000012,0.0133333337
C5_rand_10_r0,1,2039,10.2133331,10,3.16775274,3.28679991,0.0194184314,0.00141843082,0.0140928403,0.0139785036,0.00402149651,3.16488504,14,2.5,6.08058023,0,1,0,0,0,8.52555466,-1.96407807,27.6522503,0.976303339,0.480177373,3.28679991,747.866089,65.8182983,1.28250003,0.0250000004,50,1,0.119999997,0.550000012,0.0133333337
C5_rand_10_r0,1,2040,10.2266665,10,3.26917076,3.28679991,0.0194069147,0.0014069156,0.0138117038,0.0137273986,0.00427260157,3.35214901,14,2.5,6.08058023,0,1,0,0,0,8.52555466,-1.96407807,27.6522503,0.976303339,0.480177373,3.28679991,747.866089,65.8182983,1.28250003,0.0250000004,50,1,0.119999997,0.550000012,0.0133333337
C5_rand_10_r0,1,2041,10.2399998,10,3.26296663,3.28679991,0.0193983763,0.00139837607,0.0145319765,0.0137045579,0.00429544225,3.25789022,14,2.5,6.08058023,0,1,0,0,0,8.52555466,-1.96407807,27.6522503,0.976303339,0.480177373,3.28679991,747.866089,65.8182983,1.28250003,0.0250000004,50,1,0.119999997,0.550000012,0.0133333337
C5_rand_10_r0,1,2042,10.2533331,10,3.3507514,3.28679991,0.0194147173,0.00141471706,0.0135264769,0.0134686381,0.00453136163,3.42257547,14,2.5,6.08058023,0,1,0,0,0,8.52555466,-1.96407807,27.6522503,0.976303339,0.480177373,3.28679991,747.866089,65.8182983,1.28250003,0.0250000004,50,1,0.119999997,0.550000012,0.0133333337
C5_rand_10_r0,1,2043,10.2666664,10,3.36270785,3.28679991,0.0194385257,0.00143852609,0.0142251393,0.0134042269,0.00459577283,3.37249041,14,2.5,6.08058023,0,1,0,0,0,8.52555466,-1.96407807,27.6522503,0.976303339,0.480177373,3.28679991,747.866089,65.8182983,1.28250003,0.0250000004,50,1,0.119999997,0.550000012,0.0133333337
C5_rand_10_r0,1,2044,10.2799997,10,3.34915447,3.28679991,0.0194598157,0.00145981496,0.013545949,0.0134108234,0.00458917627,3.33806515,14,2.5,6.08058023,0,1,0,0,0,8.52555466,-1.96407807,27.6522503,0.976303339,0.480177373,3.28679991,747.866089,65.8182983,1.28250003,0.0250000004,50,1,0.119999997,0.550000012,0.0133333337
C5_rand_10_r0,1,2045,10.2933331,10,3.44292307,3.28679991,0.0195067301,0.00150673056,0.0135831274,0.0131813372,0.004818663,3.51964307,14,2.5,6.08058023,0,1,0,0,0,8.52555466,-1.96407807,27.6522503,0.976303339,0.480177373,3.28679991,747.866089,65.8182983,1.28250003,0.0250000004,50,1,0.119999997,0.550000012,0.0133333337
C5_rand_10_r0,1,2046,10.3066664,10,3.42538333,3.28679991,0.0195530448,0.00155304524,0.0135129737,0.0131912418,0.00480875792,3.41103268,14,2.5,6.08058023,0,1,0,0,0,8.52555466,-1.96407807,27.6522503,0.976303339,0.480177373,3.28679991,747.866089,65.8182983,1.28250003,0.0250000004,50,1,0.119999997,0.550000012,0.0133333337
C5_rand_10_r0,1,2047,10.3199997,10,3.49681592,3.28679991,0.0196191017,0.00161910208,0.0132833347,0.013001563,0.00499843759,3.5552609,14,2.5,6.08058023,0,1,0,0,0,8.52555466,-1.96407807,27.6522503,0.976303339,0.480177373,3.28679991,747.866089,65.8182983,1.28250003,0.0250000004,50,1,0.119999997,0.550000012,0.0133333337
C5_rand_10_r0,1,2048,10.333333,10,3.47703266,3.28679991,0.0196829531,0.00168295403,0.0142413536,0.013023559,0.00497644115,3.46084642,14,2.5,6.08058023,0,1,0,0,0,8.52555466,-1.96407807,27.6522503,0.976303339,0.480177373,3.28679991,747.866089,65.8182983,1.28250003,0.0250000004,50,1,0.119999997,0.550000012,0.0133333337
C5_rand_10_r0,1,2049,10.3466663,10,3.53575802,3.28679991,0.0197627507,0.00176275102,0.0133746006,0.0128707886,0.00512921158,3.58380604,14,2.5,6.08058023,0,1,0,0,0,8.52555466,-1.96407807,27.6522503,0.976303339,0.480177373,3.28679991,747.866089,65.8182983,1.28250003,0.0250000004,50,1,0.119999997,0.550000012,0.0133333337
C5_rand_10_r0,1,2050,10.3599997,10,3.53179932,3.28679991,0.0198441055,0.00184410589,0.0138606718,0.0128604621,0.00513953809,3.5285604,14,2.5,6.08058023,0,1,0,0,0,8.52555466,-1.96407807,27.6522503,0.976303339,0.480177373,3.28679991,747.866089,65.8182983,1.28250003,0.0250000004,50,1,0.119999997,0.550000012,0.0133333337
C5_rand_10_r0,1,2051,10.373333,10,3.50009823,3.28679991,0.0199169144,0.0019169146,0.0134054944,0.0129249748,0.00507502537,3.47416115,14,2.5,6.08058023,0,1,0,0,0,8.52555466,-1.96407807,27.6522503,0.976303339,0.480177373,3.28679991,747.866089,65.8182983,1.28250003,0.0250000004,50,1,0.119999997,0.550000012,0.0133333337
C5_rand_10_r0,1,2052,10.3866663,10,3.39899015,3.28679991,0.0199602135,0.0019602133,0.0132860122,0.013181231,0.00481876871,3.31626534,14,2.5,6.08058023,0,1,0,0,0,8.52555466,-1.96407807,27.6522503,0.976303339,0.480177373,3.28679991,747.866089,65.8182983,1.28250003,0.0250000004,50,1,0.119999997,0.550000012,0.0133333337
C5_rand_10_r0,1,2053,10.3999996,10,3.53990722,3.28679991,0.0200377367,0.00203773729,0.0137007795,0.0128838522,0.00511614792,3.65520287,14,2.5,6.08058023,0,1,0,0,0,8.52555466,-1.96407807,27.6522503,0.976303339,0.480177373,3.28679991,747.866089,65.8182983,1.28250003,0.0250000004,50,1,0.119999997,0.550000012,0.0133333337
C5_rand_10_r0,1,2054,10.4133329,10,3.42270041,3.28679991,0.0200884081,0.00208840799,0.0131609077,0.0131422402,0.00485775992,3.32680392,14,2.5,6.08058023,0,1,0,0,0,8.52555466,-1.96407807,27.6522503,0.976303339,0.480177373,3.28679991,747.866089,65.8182983,1.28250003,0.0250000004,50,1,0.119999997,0.550000012,0.0133333337
C5_rand_10_r0,1,2055,10.4266663,10,3.43675542,3.28679991,0.0201385077,0.00213850755,0.0137596121,0.0131216422,0.00487835845,3.44825482,14,2.5,6.08058023,0,1,0,0,0,8.52555466,-1.96407807,27.6522503,0.976303339,0.480177373,3.28679991,747.866089,65.8182983,1.28250003,0.0250000004,50,1,0.119999997,0.550000012,0.0133333337
C5_rand_10_r0,1,2056,10.4399996,10,3.4403317,3.28679991,0.0201895051,0.00218950491,0.0134514365,0.013131341,0.00486865919,3.44325781,14,2.5,6.08058023,0,1,0,0,0,8.52555466,-1.96407807,27.6522503,0.976303339,0.480177373,3.28679991,747.866089,65.8182983,1.28250003,0.0250000004,50,1,0.119999997,0.550000012,0.0133333337
C5_rand_10_r0,1,2057,10.4533329,10,3.44787502,3.28679991,0.0202427469,0.00224274769,0.0132568544,0.0131121716,0.0048878286,3.45404696,14,2.5,6.08058023,0,1,0,0,0,8.52555466,-1.96407807,27.6522503,0.976303339,0.480177373,3.28679991,747.866089,65.8182983,1.28250003,0.0250000004,50,1,0.119999997,0.550000012,0.0133333337
C5_rand_10_r0,1,2058,10.4666662,10,3.54693317,3.28679991,0.02032388,0.00232388079,0.013657935,0.0128677422,0.00513225747,3.62798071,14,2.5,6.08058023,0,1,0,0,0,8.52555466,-1.96407807,27.6522503,0.976303339,0.480177373,3.28679991,747.866089,65.8182983,1.28250003,0.0250000004,50,1,0.119999997,0.550000012,0.0133333337
C5_rand_10_r0,1,2059,10.4799995,10,3.42446947,3.28679991,0.0203756448,0.0023756444,0.0131516987,0.0131265689,0.00487343175,3.32427216,14,2.5,6.08058023,0,1,0,0,0,8.52555466,-1.96407807,27.6522503,0.976303339,0.480177373,3.28679991,747.866089,65.8182983,1.28250003,0.0250000004,50,1,0.119999997,0.550000012,0.0133333337
C5_rand_10_r0,1,2060,10.4933329,10,3.52355218,3.28679991,0.020450037,0.00245003612,0.013299305,0.0129067888,0.00509321084,3.60461974,14,2.5,6.08058023,0,1,0,0,0,8.52555466,-1.96407807,27.6522503,0.976303339,0.480177373,3.28679991,747.866089,65.8182983,1.28250003,0.0250000004,50,1,0.119999997,0.550000012,0.0133333337
C5_rand_10_r0,1,2061,10.5066671,10,3.41245532,3.28679991,0.0204973388,0.00249733916,0.0134630408,0.0131657943,0.00483420538,3.32155776,14,2.5,6.08058023,0,1,0,0,0,8.52555466,-1.96407807,27.6522503,0.976303339,0.480177373,3.28679991,747.866089,65.8182983,1.28250003,0.0250000004,50,1,0.119999997,0.550000012,0.0133333337
C5_rand_10_r0,1,2062,10.5200005,10,3.44355893,3.28679991,0.0205487665,0.00254876702,0.0133420695,0.013111677,0.00488832267,3.46900725,14,2.5,6.08058023,0,1,0,0,0,8.52555466,-1.96407807,27.6522503,0.976303339,0.480177373,3.28679991,747.866089,65.8182983,1.28250003,0.0250000004,50,1,0.119999997,0.550000012,0.0133333337
C5_rand_10_r0,1,2063,10.5333338,10,3.51560879,3.28679991,0.0206208955,0.00262089632,0.0140638137,0.012948758,0.00505124219,3.57455897,14,2.5,6.08058023,0,1,0,0,0,8.52555466,-1.96407807,27.6522503,0.976303339,0.480177373,3.28679991,747.866089,65.8182983,1.28250003,0.0250000004,50,1,0.119999997,0.550000012,0.0133333337
C5_rand_10_r0,1,2064,10.5466671,10,3.39503908,3.28679991,0.0206629839,0.00266298442,0.0132509209,0.0132113928,0.00478860736,3.29639125,14,2.5,6.08058023,0,1,0,0,0,8.52555466,-1.96407807,27.6522503,0.976303339,0.480177373,3.28679991,747.866089,65.8182983,1.28250003,0.0250000004,50,1,0.119999997,0.550000012,0.0133333337
C5_rand_10_r0,1,2065,10.5600004,10,3.47565818,3.28679991,0.02072246,0.00272245961,0.0132953003,0.0130421221,0.00495787757,3.54161906,14,2.5,6.08058023,0,1,0,0,0,8.52555466,-1.96407807,27.6522503,0.976303339,0.480177373,3.28679991,747.866089,65.8182983,1.28250003,0.0250000004,50,1,0.119999997,0.550000012,0.0133333337
C5_rand_10_r0,1,2066,10.5733337,10,3.3528254,3.28679991,0.0207507126,0.00275071245,0.0135184349,0.0133371335,0.00466286624,3.25232601,14,2.5,6.08058023,0,1,0,0,0,8.52555466,-1.96407807,27.6522503,0.976303339,0.480177373,3.28679991,747.866089,65.8182983,1.28250003,0.0250000004,50,1,0.119999997,0.550000012,0.0133333337
C5_rand_10_r0,1,2067,10.5866671,10,3.44016123,3.28679991,0.0207980219,0.00279802177,0.0132588763,0.0131552946,0.00484470604,3.51161766,14,2.5,6.08058023,0,1,0,0,0,8.52555466,-1.96407807,27.6522503,0.976303339,0.480177373,3.28679991,747.866089,65.8182983,1.28250003,0.0250000004,50,1,0.119999997,0.550000012,0.0133333337
C5_rand_10_r0,1,2068,10.6000004,10,3.30741596,3.28679991,0.0208116323,0.00281163328,0.0141267003,0.0134729398,0.00452705985,3.19880629,14,2.5,6.08058023,0,1,0,0,0,8.52555466,-1.96407807,27.6522503,0.976303339,0.480177373,3.28679991,747.866089,65.8182983,1.28250003,0.0250000004,50,1,0.119999997,0.550000012,0.0133333337
C5_rand_10_r0,1,2069,10.6133337,10,3.31160402,3.28679991,0.0208207909,0.00282079168,0.0135601759,0.0134954723,0.0045045279,3.31503057,14,2.5,6.08058023,0,1,0,0,0,8.52555466,-1.96407807,27.6522503,0.976303339,0.480177373,3.28679991,747.866089,65.8182983,1.28250003,0.0250000004,50,1,0.119999997,0.550000012,0.0133333337
C5_rand_10_r0,1,2070,10.626667,10,3.43007803,3.28679991,0.0208621174,0.00286211772,0.013927036,0.0132355383,0.00476446189,3.52701139,14,2.5,6.08058023,0,1,0,0,0,8.52555466,-1.96407807,27.6522503,0.976303339,0.480177373,3.28679991,747.866089,65.8182983,1.28250003,0.0250000004,50,1,0.119999997,0.550000012,0.0133333337
C5_rand_10_r0,1,2071,10.6400003,10,3.25158095,3.28679991,0.0208592229,0.00285922224,0.0138052767,0.0136292474,0.00437075272,3.10553789,14,2.5,6.08058023,0,1,0,0,0,8.52555466,-1.96407807,27.6522503,0.976303339,0.480177373,3.28679991,747.866089,65.8182983,1.28250003,0.0250000004,50,1,0.119999997,0.550000012,0.0133333337
C5_rand_10_r0,1,2072,10.6533337,10,3.38379526,3.28679991,0.0208856836,0.00288568274,0.0134083116,0.0133460434,0.00465395628,3.4919703,14,2.5,6.08058023,0,1,0,0,0,8.52555466,-1.96407807,27.6522503,0.976303339,0.480177373,3.28679991,747.866089,65.8182983,1.28250003,0.0250000004,50,1,0.119999997,0.550000012,0.0133333337
C5_rand_10_r0,1,2073,10.666667,10,3.19781399,3.28679991,0.0208653752,0.00286537455,0.0143097751,0.0137878247,0.00421217503,3.04564762,14,2.5,6.08058023,0,1,0,0,0,8.52555466,-1.96407807,27.6522503,0.976303339,0.480177373,3.28679991,747.866089,65.8182983,1.28250003,0.0250000004,50,1,0.119999997,0.550000012,0.0133333337
C5_rand_10_r0,1,2074,10.6800003,10,3.35369134,3.28679991,0.0208805706,0.00288057071,0.0136326877,0.0134523567,0.00454764348,3.4812274,14,2.5,6.08058023,0,1,0,0,0,8.52555466,-1.96407807,27.6522503,0.976303339,0.480177373,3.28679991,747.866089,65.8182983,1.28250003,0.0250000004,50,1,0.119999997,0.550000012,0.0133333337
C5_rand_10_r0,1,2075,10.6933336,10,3.19776773,3.28679991,0.0208583716,0.00285837241,0.0145211127,0.0138144838,0.00418551592,3.07019401,14,2.5,6.08058023,0,1,0,0,0,8.52555466,-1.96407807,27.6522503,0.976303339,0.480177373,3.28679991,747.866089,65.8182983,1.28250003,0.0250000004,50,1,0.119999997,0.550000012,0.0133333337
C5_rand_10_r0,1,2076,10.7066669,10,3.16519189,3.28679991,0.0208208933,0.00282089249,0.014152308,0.0139205595,0.00407944014,3.13853884,14,2.5,6.08058023,0,1,0,0,0,8.52555466,-1.96407807,27.6522503,0.976303339,0.480177373,3.28679991,747.866089,65.8182983,1.28250003,0.0250000004,50,1,0.119999997,0.550000012,0.0133333337
C5_rand_10_r0,1,2077,10.7200003,10,3.35600924,3.28679991,0.0208338704,0.00283387071,0.0141710453,0.0135017065,0.00449829362,3.51213264,14,2.5,6.08058023,0,1,0,0,0,8.52555466,-1.96407807,27.6522503,0.976303339,0.480177373,3.28679991,747.866089,65.8182983,1.28250003,0.0250000004,50,1,0.119999997,0.550000012,0.0133333337
C5_rand_10_r0,1,2078,10.7333336,10,3.24454331,3.28679991,0.0208242964,0.00282429578,0.0142177297,0.0137150139,0.00428498583,3.15334368,14,2.5,6.08058023,0,1,0,0,0,8.52555466,-1.96407807,27.6522503,0.976303339,0.480177373,3.28679991,747.866089,65.8182983,1.28250003,0.0250000004,50,1,0.119999997,0.550000012,0.0133333337
C5_rand_10_r0,1,2079,10.7466669,10,3.3028388,3.28679991,0.0208271556,0.00282715517,0.0138650108,0.0135704335,0.00442956667,3.35053539,14,2.5,6.08058023,0,1,0,0,0,8.52555466,-1.96407807,27.6522503,0.976303339,0.480177373,3.28679991,747.866089,65.8182983,1.28250003,0.0250000004,50,1,0.119999997,0.550000012,0.0133333337
C5_rand_10_r0,1,2080,10.7600002,10,3.31349325,3.28679991,0.0208350457,0.0028350465,0.0143692633,0.0135426475,0.00445735222,3.32221055,14,2.5,6.08058023,0,1,0,0,0,8.52555466,-1.96407807,27.6522503,0.976303339,0.480177373,3.28679991,747.866089,65.8182983,1.28250003,0.0250000004,50,1,0.119999997,0.550000012,0.0133333337
C5_rand_10_r0,1,2081,10.7733335,10,3.23203921,3.28679991,0.0208211504,0.00282115047,0.0140524069,0.0137257604,0.00427423976,3.16539502,14,2.5,6.08058023,0,1,0,0,0,8.52555466,-1.96407807,27.6522503,0.976303339,0.480177373,3.28679991,747.866089,65.8182983,1.28250003,0.0250000004,50,1,0.119999997,0.550000012,0.0133333337
C5_rand_10_r0,1,2082,10.7866669,10,3.30536842,3.28679991,0.0208239928,0.0028239924,0.0141651705,0.0135734212,0.00442657853,3.36536503,14,2.5,6.08058023,0,1,0,0,0,8.52555466,-1.96407807,27.6522503,0.976303339,0.480177373,3.28679991,747.866089,65.8182983,1.28250003,0.0250000004,50,1,0.119999997,0.550000012,0.0133333337
C5_rand_10_r0,1,2083,10.8000002,10,3.22295856,3.28679991,0.0208067317,0.0028067322,0.013943173,0.0137656117,0.004234388,3.1555326,14,2.5,6.08058023,0,1,0,0,0,8.52555466,-1.96407807,27.6522503,0.976303339,0.480177373,3.28679991,747.866089,65.8182983,1.28250003,0.0250000004,50,1,0.119999997,0.550000012,0.0133333337
C5_rand_10_r0,1,2084,10.8133335,10,3.09764576,3.28679991,0.0207513124,0.00275131268,0.0141585758,0.0140862577,0.00391374249,2.99511719,14,2.5,6.08058023,0,1,0,0,0,8.52555466,-1.96407807,27.6522503,0.976303339,0.480177373,3.28679991,747.866089,65.8182983,1.28250003,0.0250000004,50,1,0.119999997,0.550000012,0.0133333337
C5_rand_10_r0,1,2085,10.8266668,10,3.34801507,3.28679991,0.0207590796,0.00275908038,0.0140089402,0.0135419751,0.00445802463,3.55286241,14,2.5,6.08058023,0,1,0,0,0,8.52555466,-1.96407807,27.6522503,0.976303339,0.480177373,3.28679991,747.866089,65.8182983,1.28250003,0.0250000004,50,1,0.119999997,0.550000012,0.0133333337
C5_rand_10_r0,1,2086,10.8400002,10,3.36097646,3.28679991,0.0207809787,0.0027809795,0.0138059724,0.0134507148,0.0045492854,3.37158132,14,2.5,6.08058023,0,1,0,0,0,8.52555466,-1.96407807,27.6522503,0.976303339,0.480177373,3.28679991,747.866089,65.8182983,1.28250003,0.0250000004,50,1,0.119999997,0.550000012,0.0133333337
C5_rand_10_r0,1,2087,10.8533335,10,3.29911828,3.28679991,0.0207880512,0.00278805103,0.0138229746,0.013540661,0.00445933966,3.24850678,14,2.5,6.08058023,0,1,0,0,0,8.52555466,-1.96407807,27.6522503,0.976303339,0.480177373,3.28679991,747.866089,65.8182983,1.28250003,0.0250000004,50,1,0.119999997,0.550000012,0.0133333337
C5_rand_10_r0,1,2088,10.8666668,10,3.20983243,3.28679991,0.0207678489,0.00276784971,0.0137826204,0.0137683507,0.00423164899,3.1367805,14,2.5,6.08058023,0,1,0,0,0,8.52555466,-1.96407807,27.6522503,0.976303339,0.480177373,3.28679991,747.866089,65.8182983,1.28250003,0.0250000004,50,1,0.119999997,0.550000012,0.0133333337
C5_rand_10_r0,1,2089,10.8800001,10,3.28037,3.28679991,0.0207626969,0.00276269671,0.0137582468,0.0136431968,0.00435680337,3.33808255,14,2.5,6.08058023,0,1,0,0,0,8.52555466,-1.96407807,27.6522503,0.976303339,0.480177373,3.28679991,747.866089,65.8182983,1.28250003,0.0250000004,50,1,0.119999997,0.550000012,0.0133333337
C5_rand_10_r0,1,2090,10.8933334,10,3.35079169,3.28679991,0.0207796134,0.00277961348,0.013487773,0.013469697,0.00453030271,3.4084096,14,2.5,6.08058023,0,1,0,0,0,8.52555466,-1.96407807,27.6522503,0.976303339,0.480177373,3.28679991,747.866089,65.8182983,1.28250003,0.0250000004,50,1,0.119999997,0.550000012,0.0133333337
C5_rand_10_r0,1,2091,10.9066668,10,3.3963232,3.28679991,0.020812856,0.00281285588,0.0134976013,0.0133195072,0.00468049245,3.43357611,14,2.5,6.08058023,0,1,0,0,0,8.52555466,-1.96407807,27.6522503,0.976303339,0.480177373,3.28679991,747.866089,65.8182983,1.28250003,0.0250000004,50,1,0.119999997,0.550000012,0.0133333337
C5_rand_10_r0,1,2092,10.9200001,10,3.29981232,3.28679991,0.0208220109,0.00282201078,0.0135850348,0.0135177448,0.00448225532,3.2208488,14,2.5,6.08058023,0,1,0,0,0,8.52555466,-1.96407807,27.6522503,0.976303339,0.480177373,3.28679991,747.866089,65.8182983,1.28250003,0.0250000004,50,1,0.119999997,0.550000012,0.0133333337
C5_rand_10_r0,1,2093,10.9333334,10,3.37962794,3.28679991,0.0208493229,0.00284932228,0.0133555857,0.0133453086,0.00465469109,3.44493198,14,2.5,6.08058023,0,1,0,0,0,8.52555466,-1.96407807,27.6522503,0.976303339,0.480177373,3.28679991,747.866089,65.8182983,1.28250003,0.0250000004,50,1,0.119999997,0.550000012,0.0133333337
C5_rand_10_r0,1,2094,10.9466667,10,3.29607654,3.28679991,0.0208564512,0.00285645109,0.0138518354,0.0135398814,0.00446011871,3.22771645,14,2.5,6.08058023,0,1,0,0,0,8.52555466,-1.96407807,27.6522503,0.976303339,0.480177373,3.28679991,747.866089,65.8182983,1.28250003,0.0250000004,50,1,0.119999997,0.550000012,0.0133333337
C5_rand_10_r0,1,2095,10.96,10,3.46577597,3.28679991,0.0209073555,0.00290735462,0.0134861851,0.0131424824,0.00485751778,3.60462093,14,2.5,6.08058023,0,1,0,0,0,8.52555466,-1.96407807,27.6522503,0.976303339,0.480177373,3.28679991,747.866089,65.8182983,1.28250003,0.0250000004,50,1,0.119999997,0.550000012,0.0133333337
C5_rand_10_r0,1,2096,10.9733334,10,3.48355627,3.28679991,0.0209704936,0.00297049317,0.0132220527,0.0130537571,0.00494624302,3.49810386,14,2.5,6.08058023,0,1,0,0,0,8.52555466,-1.96407807,27.6522503,0.976303339,0.480177373,3.28679991,747.866089,65.8182983,1.28250003,0.0250000004,50,1,0.119999997,0.550000012,0.0133333337
C5_rand_10_r0,1,2097,10.9866667,10,3.45762038,3.28679991,0.0210284665,0.00302846637,0.013401513,0.0130716581,0.00492834207,3.43639994,14,2.5,6.08058023,0,1,0,0,0,8.52555466,-1.96407807,27.6522503,0.976303339,0.480177373,3.28679991,747.866089,65.8182983,1.28250003,0.0250000004,50,1,0.119999997,0.550000012,0.0133333337
C5_rand_10_r0,1,2098,11,11,3.5166347,3.28679991,0.0211019721,0.00310197147,0.0129445102,0.0129270852,0.005072915,3.56491923,14,2.5,6.08058023,0,1,0,0,0,6.01488733,0.591226816,27.6382675,1.06161141,1.38903308,3.28679991,747.866089,65.8182983,1.28250003,0.0250000004,50,1,0.119999997,0.550000012,0.0133333337
C5_rand_10_r0,1,2099,11.0133333,11,3.72305274,3.28679991,0.0212354045,0.00323540368,0.0138609735,0.0124077965,0.0055922037,3.89194036,14,2.5,6.08058023,0,1,0,0,0,6.01488733,0.591226816,27.6382675,1.06161141,1.38903308,3.28679991,747.866089,65.8182983,1.28250003,0.0250000004,50,1,0.119999997,0.550000012,0.0133333337
C5_rand_10_r0,1,2100,11.0266666,11,3.47818375,3.28679991,0.0213108044,0.00331080449,0.0133332498,0.0129124941,0.00508750556,3.27783632,14,2.5,6.08058023,0,1,0,0,0,6.01488733,0.591226816,27.6382675,1.06161141,1.38903308,3.28679991,747.866089,65.8182983,1.28250003,0.0250000004,50,1,0.119999997,0.550000012,0.0133333337
C5_rand_10_r0,1,2101,11.04,11,3.45523524,3.28679991,0.0213701595,0.00337015884,0.0135071268,0.0130068278,0.00499317236,3.4364593,14,2.5,6.08058023,0,1,0,0,0,6.01488733,0.591226816,27.6382675,1.06161141,1.38903308,3.28679991,747.866089,65.8182983,1.28250003,0.0250000004,50,1,0.119999997,0.550000012,0.0133333337
C5_rand_10_r0,1,2102,11.0533333,11,3.4657135,3.28679991,0.0214297492,0.00342974951,0.0136344163,0.0130409803,0.00495901983,3.47428656,14,2.5,6.08058023,0,1,0,0,0,6.01488733,0.591226816,27.6382675,1.06161141,1.38903308,3.28679991,747.866089,65.8182983,1.28250003,0.0250000004,50,1,0.119999997,0.550000012,0.0133333337
C5_rand_10_r0,1,2103,11.0666666,11,3.45902419,3.28679991,0.021487521,0.00348752132,0.0130739957,0.0130674588,0.00493254093,3.45355105,14,2.5,6.08058023,0,1,0,0,0,6.01488733,0.591226816,27.6382675,1.06161141,1.38903308,3.28679991,747.866089,65.8182983,1.28250003,0.0250000004,50,1,0.119999997,0.550000012,0.0133333337
C5_rand_10_r0,1,2104,11.0799999,11,3.72725892,3.28679991,0.0216195006,0.00361949974,0.0135305133,0.0124176228,0.00558237685,3.94672394,14,2.5,6.08058023,0,1,0,0,0,6.01488733,0.591226816,27.6382675,1.06161141,1.38903308,3.28679991,747.866089,65.8182983,1.28250003,0.0250000004,50,1,0.119999997,0.550000012,0.0133333337
C5_rand_10_r0,1,2105,11.0933332,11,3.7213335,3.28679991,0.0217621997,0.00376219978,0.0132073872,0.0123336371,0.00566636352,3.7164855,14,2.5,6.08058023,0,1,0,0,0,6.01488733,0.591226816,27.6382675,1.06161141,1.38903308,3.28679991,747.866089,65.8182983,1.28250003,0.0250000004,50,1,0.119999997,0.550000012,0.0133333337
C5_rand_10_r0,1,2106,11.1066666,11,3.61872554,3.28679991,0.0218781848,0.00387818483,0.0131272348,0.0125199938,0.00548000587,3.53477359,14,2.5,6.08058023,0,1,0,0,0,6.01488733,0.591226816,27.6382675,1.06161141,1.38903308,3.28679991,747.866089,65.8182983,1.28250003,0.0250000004,50,1,0.119999997,0.550000012,0.0133333337
C5_rand_10_r0,1,2107,11.1199999,11,3.65257335,3.28679991,0.0219991188,0.00399911916,0.0135652451,0.0124665191,0.00553348102,3.6802671,14,2.5,6.08058023,0,1,0,0,0,6.01488733,0.591226816,27.6382675,1.06161141,1.38903308,3.28679991,747.866089,65.8182983,1.28250003,0.0250000004,50,1,0.119999997,0.550000012,0.0133333337
C5_rand_10_r0,1,2108,11.1333332,11,3.5694356,3.28679991,0.022097785,0.00409778487,0.0135526229,0.012679534,0.00532046612,3.50141382,14,2.5,6.08058023,0,1,0,0,0,6.01488733,0.591226816,27.6382675,1.06161141,1.38903308,3.28679991,747.866089,65.8182983,1.28250003,0.0250000004,50,1,0.119999997,0.550000012,0.0133333337
C5_rand_10_r0,1,2109,11.1466665,11,3.26367521,3.28679991,0.0221078061,0.0041078059,0.0139532778,0.0134495217,0.00455047796,3.01350784,14,2.5,6.08058023,0,1,0,0,0,6.01488733,0.591226816,27.6382675,1.06161141,1.38903308,3.28679991,747.866089,65.8182983,1.28250003,0.0250000004,50,1,0.119999997,0.550000012,0.0133333337
C5_rand_10_r0,1,2110,11.1599998,11,3.2601397,3.28679991,0.022102071,0.00410207035,0.0136417234,0.0135916984,0.00440830225,3.25724673,14,2.5,6.08058023,0,1,0,0,0,6.01488733,0.591226816,27.6382675,1.06161141,1.38903308,3.28679991,747.866089,65.8182983,1.28250003,0.0250000004,50,1,0.119999997,0.550000012,0.0133333337
C5_rand_10_r0,1,2111,11.1733332,11,3.58977199,3.28679991,0.0221852735,0.00418527331,0.0137522761,0.0128696421,0.00513035851,3.85947132,14,2.5,6.08058023,0,1,0,0,0,6.01488733,0.591226816,27.6382675,1.06161141,1.38903308,3.28679991,747.866089,65.8182983,1.28250003,0.0250000004,50,1,0.119999997,0.550000012,0.0133333337
C5_rand_10_r0,1,2112,11.1866665,11,3.5469594,3.28679991,0.0222714078,0.00427140668,0.0138305621,0.0128647126,0.00513528753,3.51193094,14,2.5,6.08058023,0,1,0,0,0,6.01488733,0.591226816,27.6382675,1.06161141,1.38903308,3.28679991,747.866089,65.8182983,1.28250003,0.0250000004,50,1,0.119999997,0.550000012,0.0133333337
C5_rand_10_r0,1,2113,11.1999998,11,3.44679499,3.28679991,0.0223302059,0.00433020573,0.0136513365,0.0130459145,0.00495408569,3.36484241,14,2.5,6.08058023,0,1,0,0,0,6.01488733,0.591226816,27.6382675,1.06161141,1.38903308,3.28679991,747.866089,65.8182983,1.28250003,0.0250000004,50,1,0.119999997,0.550000012,0.0133333337
C5_rand_10_r0,1,2114,11.2133331,11,3.37469602,3.28679991,0.0223644208,0.00436442066,0.0143435225,0.0132559594,0.00474404078,3.31570578,14,2.5,6.08058023,0,1,0,0,0,6.01488733,0.591226816,27.6382675,1.06161141,1.38903308,3.28679991,747.866089,65.8182983,1.28250003,0.0250000004,50,1,0.119999997,0.550000012,0.0133333337
C5_rand_10_r0,1,2115,11.2266665,11,3.40035129,3.28679991,0.0224016663,0.00440166565,0.0142921992,0.0132445209,0.00475547928,3.42134213,14,2.5,6.08058023,0,1,0,0,0,6.01488733,0.591226816,27.6382675,1.06161141,1.38903308,3.28679991,747.866089,65.8182983,1.28250003,0.0250000004,50,1,0.119999997,0.550000012,0.0133333337
C5_rand_10_r0,1,2116,11.2399998,11,3.05432415,3.28679991,0.0223432966,0.0043432964,0.0142071964,0.0140978396,0.00390216056,2.77121115,14,2.5,6.08058023,0,1,0,0,0,6.01488733,0.591226816,27.6382675,1.06161141,1.38903308,3.28679991,747.866089,65.8182983,1.28250003,0.0250000004,50,1,0.119999997,0.550000012,0.0133333337
C5_rand_10_r0,1,2117,11.2533331,11,3.24276662,3.28679991,0.022321336,0.00432133675,0.0143795917,0.0137660317,0.00423396798,3.39694667,14,2.5,6.08058023,0,1,0,0,0,6.01488733,0.591226816,27.6382675,1.06161141,1.38903308,3.28679991,747.866089,65.8182983,1.28250003,0.0250000004,50,1,0.119999997,0.550000012,0.0133333337
C5_rand_10_r0,1,2118,11.2666664,11,3.38482523,3.28679991,0.0223449059,0.00434490573,0.0146336565,0.0134345656,0.004565435,3.501055,14,2.5,6.08058023,0,1,0,0,0,6.01488733,0.591226816,27.6382675,1.06161141,1.38903308,3.28679991,747.866089,65.8182983,1.28250003,0.0250000004,50,1,0.119999997,0.550000012,0.0133333337
C5_rand_10_r0,1,2119,11.2799997,11,3.1413424,3.28679991,0.0223084297,0.00430842908,0.0143553466,0.0139415106,0.00405848911,2.94212914,14,2.5,6.08058023,0,1,0,0,0,6.01488733,0.591226816,27.6382675,1.06161141,1.38903308,3.28679991,747.866089,65.8182983,1.28250003,0.0250000004,50,1,0.119999997,0.550000012,0.0133333337
C5_rand_10_r0,1,2120,11.2933331,11,3.2834394,3.28679991,0.0223014168,0.00430141622,0.0147345858,0.013646747,0.00435325317,3.39970064,14,2.5,6.08058023,0,1,0,0,0,6.01488733,0.591226816,27.6382675,1.06161141,1.38903308,3.28679991,747.866089,65.8182983,1.28250003,0.0250000004,50,1,0.119999997,0.550000012,0.0133333337
C5_rand_10_r0,1,2121,11.3066664,11,3.08559394,3.28679991,0.0222443566,0.00424435688,0.0149654681,0.0141276149,0.00387238548,2.9237206,14,2.5,6.08058023,0,1,0,0,0,6.01488733,0.591226816,27.6382675,1.06161141,1.38903308,3.28679991,747.866089,65.8182983,1.28250003,0.0250000004,50,1,0.119999997,0.550000012,0.0133333337
C5_rand_10_r0,1,2122,11.3199997,11,2.94435406,3.28679991,0.0221397225,0.00413972326,0.014812245,0.0145188142,0.00348118623,2.82879424,14,2.5,6.08058023,0,1,0,0,0,6.01488733,0.591226816,27.6382675,1.06161141,1.38903308,3.28679991,747.866089,65.8182983,1.28250003,0.0250000004,50,1,0.119999997,0.550000012,0.0133333337
C5_rand_10_r0,1,2123,11.333333,11,2.88129377,3.28679991,0.0220096428,0.00400964357,0.0148500204,0.0147688203,0.0032311799,2.8296988,14,2.5,6.08058023,0,1,0,0,0,6.01488733,0.591226816,27.6382675,1.06161141,1.38903308,3.28679991,747.866089,65.8182983,1.28250003,0.0250000004,50,1,0.119999997,0.550000012,0.0133333337
C5_rand_10_r0,1,2124,11.3466663,11,3.15383124,3.28679991,0.0219510272,0.00395102799,0.0143658156,0.0141716143,0.00382838515,3.37681651,14,2.5,6.08058023,0,1,0,0,0,6.01488733,0.591226816,27.6382675,1.06161141,1.38903308,3.28679991,747.866089,65.8182983,1.28250003,0.0250000004,50,1,0.119999997,0.550000012,0.0133333337
C5_rand_10_r0,1,2125,11.3599997,11,2.84626102,3.28679991,0.0218188874,0.00381888659,0.0150182554,0.0148401652,0.003159835,2.5946126,14,2.5,6.08058023,0,1,0,0,0,6.01488733,0.591226816,27.6382675,1.06161141,1.38903308,3.28679991,747.866089,65.8182983,1.28250003,0.0250000004,50,1,0.119999997,0.550000012,0.0133333337
C5_rand_10_r0,1,2126,11.373333,11,3.09032178,3.28679991,0.0217422862,0.00374228577,0.0144490739,0.0142985759,0.00370142353,3.29000783,14,2.5,6.08058023,0,1,0,0,0,6.01488733,0.591226816,27.6382675,1.06161141,1.38903308,3.28679991,747.866089,65.8182983,1.28250003,0.0250000004,50,1,0.119999997,0.550000012,0.0133333337
C5_rand_10_r0,1,2127,11.3866663,11,2.8622601,3.28679991,0.0216115918,0.00361159118,0.0149610117,0.0148267578,0.00317324162,2.67566395,14,2.5,6.08058023,0,1,0,0,0,6.01488733,0.591226816,27.6382675,1.06161141,1.38903308,3.28679991,747.866089,65.8182983,1.28250003,0.0250000004,50,1,0.119999997,0.550000012,0.0133333337
C5_rand_10_r0,1,2128,11.3999996,11,2.87563109,3.28679991,0.0214755945,0.00347559527,0.0149531681,0.0148303881,0.00316961226,2.88657117,14,2.5,6.08058023,0,1,0,0,0,6.01488733,0.591226816,27.6382675,1.06161141,1.38903308,3.28679991,747.866089,65.8182983,1.28250003,0.0250000004,50,1,0.119999997,0.550000012,0.0133333337
C5_rand_10_r0,1,2129,11.4133329,11,3.12996435,3.28679991,0.0214093644,0.0034093638,0.0147938123,0.0142546855,0.00374531443,3.33805513,14,2.5,6.08058023,0,1,0,0,0,6.01488733,0.591226816,27.6382675,1.06161141,1.38903308,3.28679991,747.866089,65.8182983,1.28250003,0.0250000004,50,1,0.119999997,0.550000012,0.0133333337
C5_rand_10_r0,1,2130,11.4266663,11,2.93479085,3.28679991,0.021300545,0.00330054481,0.0146937231,0.0146390386,0.00336096156,2.77510357,14,2.5,6.08058023,0,1,0,0,0,6.01488733,0.591226816,27.6382675,1.06161141,1.38903308,3.28679991,747.866089,65.8182983,1.28250003,0.0250000004,50,1,0.119999997,0.550000012,0.0133333337
C5_rand_10_r0,1,2131,11.4399996,11,3.075737,3.28679991,0.0212237798,0.00322377984,0.01435606,0.0143077346,0.0036922656,3.19105673,14,2.5,6.08058023,0,1,0,0,0,6.01488733,0.591226816,27.6382675,1.06161141,1.38903308,3.28679991,747.866089,65.8182983,1.28250003,0.0250000004,50,1,0.119999997,0.550000012,0.0133333337
C5_rand_10_r0,1,2132,11.4533329,11,2.88681054,3.28679991,0.0210998766,0.00309987739,0.0147880418,0.0147519838,0.00324801658,2.73223424,14,2.5,6.08058023,0,1,0,0,0,6.01488733,0.591226816,27.6382675,1.06161141,1.38903308,3.28679991,747.866089,65.8182983,1.28250003,0.0250000004,50,1,0.119999997,0.550000012,0.0133333337
C5_rand_10_r0,1,2133,11.4666662,11,3.06973553,3.28679991,0.0210189316,0.00301893149,0.014595639,0.014349482,0.00365051837,3.2194016,14,2.5,6.08058023,0,1,0,0,0,6.01488733,0.591226816,27.6382675,1.06161141,1.38903308,3.28679991,747.866089,65.8182983,1.28250003,0.0250000004,50,1,0.119999997,0.550000012,0.0133333337
C5_rand_10_r0,1,2134,11.4799995,11,2.91054988,3.28679991,0.0209009256,0.0029009264,0.0147966174,0.0147097809,0.00329021853,2.78030705,14,2.5,6.08058023,0,1,0,0,0,6.01488733,0.591226816,27.6382675,1.06161141,1.38903308,3.28679991,747.866089,65.8182983,1.28250003,0.0250000004,50,1,0.119999997,0.550000012,0.0133333337
C5_rand_10_r0,1,2135,11.4933329,11,3.09318447,3.28679991,0.0208274759,0.00282747694,0.0144465175,0.0142873041,0.00371269626,3.24261284,14,2.5,6.08058023,0,1,0,0,0,6.01488733,0.591226816,27.6382675,1.06161141,1.38903308,3.28679991,747.866089,65.8182983,1.28250003,0.0250000004,50,1,0.119999997,0.550000012,0.0133333337
C5_rand_10_r0,1,2136,11.5066671,11,2.89319825,3.28679991,0.0207059011,0.0027059014,0.0148754232,0.0147380345,0.0032619657,2.72957325,14,2.5,6.08058023,0,1,0,0,0,6.01488733,0.591226816,27.6382675,1.06161141,1.38903308,3.28679991,747.866089,65.8182983,1.28250003,0.0250000004,50,1,0.119999997,0.550000012,0.0133333337
C5_rand_10_r0,1,2137,11.5200005,11,3.08679152,3.28679991,0.0206300803,0.00263008103,0.0143585838,0.0143027166,0.00369728333,3.24518609,14,2.5,6.08058023,0,1,0,0,0,6.01488733,0.591226816,27.6382675,1.06161141,1.38903308,3.28679991,747.866089,65.8182983,1.28250003,0.0250000004,50,1,0.119999997,0.550000012,0.0133333337
C5_rand_10_r0,1,2138,11.5333338,11,3.08057261,3.28679991,0.0205601584,0.00256015873,0.0148294326,0.0142880231,0.00371197728,3.07548428,14,2.5,6.08058023,0,1,0,0,0,6.01488733,0.591226816,27.6382675,1.06161141,1.38903308,3.28679991,747.866089,65.8182983,1.28250003,0.0250000004,50,1,0.119999997,0.550000012,0.0133333337
C5_rand_10_r0,1,2139,11.5466671,11,3.04517746,3.28679991,0.0204813872,0.0024813877,0.0150882415,0.0143361241,0.00366387563,3.01621771,14,2.5,6.08058023,0,1,0,0,0,6.01488733,0.591226816,27.6382675,1.06161141,1.38903308,3.28679991,747.866089,65.8182983,1.28250003,0.0250000004,50,1,0.119999997,0.550000012,0.0133333337
C5_rand_10_r0,1,2140,11.5600004,11,3.20984483,3.28679991,0.0204468835,0.00244688289,0.0145203695,0.0139437951,0.00405620504,3.34457278,14,2.5,6.08058023,0,1,0,0,0,6.01488733,0.591226816,27.6382675,1.06161141,1.38903308,3.28679991,747.866089,65.8182983,1.28250003,0.0250000004,50,1,0.119999997,0.550000012,0.0133333337
C5_rand_10_r0,1,2141,11.5733337,11,3.29583311,3.28679991,0.0204436406,0.00244364119,0.0151469763,0.0136811472,0.00431885291,3.3661871,14,2.5,6.08058023,0,1,0,0,0,6.01488733,0.591226816,27.6382675,1.06161141,1.38903308,3.28679991,747.866089,65.8182983,1.28250003,0.0250000004,50,1,0.119999997,0.550000012,0.0133333337
C5_rand_10_r0,1,2142,11.5866671,11,3.13515139,3.28679991,0.0204009768,0.00240097637,0.0140862539,0.0140007772,0.00399922254,3.00368452,14,2.5,6.08058023,0,1,0,0,0,6.01488733,0.591226816,27.6382675,1.06161141,1.38903308,3.28679991,747.866089,65.8182983,1.28250003,0.0250000004,50,1,0.119999997,0.550000012,0.0133333337
C5_rand_10_r0,1,2143,11.6000004,11,3.26169038,3.28679991,0.0203868914,0.00238689058,0.0145299649,0.0137255257,0.00427447446,3.36522245,14,2.5,6.08058023,0,1,0,0,0,6.01488733,0.591226816,27.6382675,1.06161141,1.38903308,3.28679991,747.866089,65.8182983,1.28250003,0.0250000004,50,1,0.119999997,0.550000012,0.0133333337
C5_rand_10_r0,1,2144,11.6133337,11,3.21506476,3.28679991,0.0203646161,0.00236461661,0.014167564,0.0138264038,0.00417359592,3.1769166,14,2.5,6.08058023,0,1,0,0,0,6.01488733,0.591226816,27.6382675,1.06161141,1.38903308,3.28679991,747.866089,65.8182983,1.28250003,0.0250000004,50,1,0.119999997,0.550000012,0.0133333337
C5_rand_10_r0,1,2145,11.626667,11,3.19865632,3.28679991,0.0203364193,0.00233641989,0.0141716124,0.0138585251,0.00414147554,3.18523145,14,2.5,6.08058023,0,1,0,0,0,6.01488733,0.591226816,27.6382675,1.06161141,1.38903308,3.28679991,747.866089,65.8182983,1.28250003,0.0250000004,50,1,0.119999997,0.550000012,0.0133333337
C5_rand_10_r0,1,2146,11.6400003,11,3.21966028,3.28679991,0.0203130711,0.00231307046,0.0142060211,0.0138207842,0.00417921599,3.23684525,14,2.5,6.08058023,0,1,0,0,0,6.01488733,0.591226816,27.6382675,1.06161141,1.38903308,3.28679991,747.866089,65.8182983,1.28250003,0.0250000004,50,1,0.119999997,0.550000012,0.0133333337
C5_rand_10_r0,1,2147,11.6533337,11,3.21624422,3.28679991,0.0202895794,0.00228958018,0.0139090866,0.0138264718,0.0041735284,3.21344948,14,2.5,6.08058023,0,1,0,0,0,6.01488733,0.591226816,27.6382675,1.06161141,1.38903308,3.28679991,747.866089,65.8182983,1.28250003,0.0250000004,50,1,0.119999997,0.550000012,0.0133333337
C5_rand_10_r0,1,2148,11.666667,11,3.24036479,3.28679991,0.0202727672,0.00227276655,0.0141355414,0.0137648378,0.00423516193,3.26009989,14,2.5,6.08058023,0,1,0,0,0,6.01488733,0.591226816,27.6382675,1.06161141,1.38903308,3.28679991,747.866089,65.8182983,1.28250003,0.0250000004,50,1,0.119999997,0.550000012,0.0133333337
C5_rand_10_r0,1,2149,11.6800003,11,3.43846059,3.28679991,0.0203120913,0.00231209211,0.0137055935,0.0132743679,0.00472563179,3.60053873,14,2.5,6.08058023,0,1,0,0,0,6.01488733,0.591226816,27.6382675,1.06161141,1.38903308,3.28679991,747.866089,65.8182983,1.28250003,0.0250000004,50,1,0.119999997,0.550000012,0.0133333337
C5_rand_10_r0,1,2150,11.6933336,11,3.11679268,3.28679991,0.0202714223,0.00227142219,0.0139993057,0.0139766717,0.00402332842,2.85361004,14,2.5,6.08058023,0,1,0,0,0,6.01488733,0.591226816,27.6382675,1.06161141,1.38903308,3.28679991,747.866089,65.8182983,1.28250003,0.0250000004,50,1,0.119999997,0.550000012,0.0133333337
C5_rand_10_r0,1,2151,11.7066669,11,3.40887523,3.28679991,0.0202985536,0.00229855347,0.0134409089,0.0133370766,0.00466292305,3.64785171,14,2.5,6.08058023,0,1,0,0,0,6.01488733,0.591226816,27.6382675,1.06161141,1.38903308,3.28679991,747.866089,65.8182983,1.28250003,0.0250000004,50,1,0.119999997,0.550000012,0.0133333337
C5_rand_10_r0,1,2152,11.7200003,11,3.14452338,3.28679991,0.0202635545,0.00226355414,0.0141664557,0.0139412787,0.00405872148,2.92823553,14,2.5,6.08058023,0,1,0,0,0,6.01488733,0.591226816,27.6382675,1.06161141,1.38903308,3.28679991,747.866089,65.8182983,1.28250003,0.0250000004,50,1,0.119999997,0.550000012,0.0133333337
C5_rand_10_r0,1,2153,11.7333336,11,3.33099771,3.28679991,0.0202699974,0.00226999796,0.0138306823,0.0135268038,0.00447319588,3.48356748,14,2.5,6.08058023,0,1,0,0,0,6.01488733,0.591226816,27.6382675,1.06161141,1.38903308,3.28679991,747.866089,65.8182983,1.28250003,0.0250000004,50,1,0.119999997,0.550000012,0.0133333337
C5_rand_10_r0,1,2154,11.7466669,11,3.578053,3.28679991,0.0203519762,0.00235197577,0.0136617981,0.0129113393,0.00508866087,3.78018928,14,2.5,6.08058023,0,1,0,0,0,6.01488733,0.591226816,27.6382675,1.06161141,1.38903308,3.28679991,747.866089,65.8182983,1.28250003,0.0250000004,50,1,0.119999997,0.550000012,0.0133333337
C5_rand_10_r0,1,2155,11.7600002,11,3.23761702,3.28679991,0.0203519762,0.0023519767,0.0140412329,0.0136104226,0.00438957708,2.95907831,14,2.5,6.08058023,0,1,0,0,0,6.01488733,0.591226816,27.6382675,1.06161141,1.38903308,3.28679991,747.866089,65.8182983,1.28250003,0.0250000004,50,1,0.119999997,0.550000012,0.0133333337
C5_rand_10_r0,1,2156,11.7733335,11,3.48725367,3.28679991,0.0204076581,0.00240765838,0.0131115587,0.0130639486,0.00493605155,3.69150186,14,2.5,6.08058023,0,1,0,0,0,6.01488733,0.591226816,27.6382675,1.06161141,1.38903308,3.28679991,747.866089,65.8182983,1.28250003,0.0250000004,50,1,0.119999997,0.550000012,0.0133333337
C5_rand_10_r0,1,2157,11.7866669,11,3.32185555,3.28679991,0.0204266757,0.00242667622,0.0144575462,0.0134451436,0.0045548561,3.18652987,14,2.5,6.08058023,0,1,0,0,0,6.01488733,0.591226816,27.6382675,1.06161141,1.38903308,3.28679991,747.866089,65.8182983,1.28250003,0.0250000004,50,1,0.119999997,0.550000012,0.0133333337
C5_rand_10_r0,1,2158,11.8000002,11,3.40678406,3.28679991,0.0204631742,0.00246317475,0.0135752587,0.0132513233,0.0047486769,3.47627091,14,2.5,6.08058023,0,1,0,0,0,6.01488733,0.591226816,27.6382675,1.06161141,1.38903308,3.28679991,747.866089,65.8182983,1.28250003,0.0250000004,50,1,0.119999997,0.550000012,0.0133333337
C5_rand_10_r0,1,2159,11.8133335,11,3.5857265,3.28679991,0.0205522925,0.00255229301,0.014006489,0.012816892,0.00518310769,3.7321341,14,2.5,6.08058023,0,1,0,0,0,6.01488733,0.591226816,27.6382675,1.06161141,1.38903308,3.28679991,747.866089,65.8182983,1.28250003,0.0250000004,50,1,0.119999997,0.550000012,0.0133333337
C5_rand_10_r0,1,2160,11.8266668,11,3.16193128,3.28679991,0.0205324609,0.00253246026,0.0138209965,0.0137651153,0.0042348844,2.81518984,14,2.5,6.08058023,0,1,0,0,0,6.01488733,0.591226816,27.6382675,1.06161141,1.38903308,3.28679991,747.866089,65.8182983,1.28250003,0.0250000004,50,1,0.119999997,0.550000012,0.0133333337
C5_rand_10_r0,1,2161,11.8400002,11,3.49940515,3.28679991,0.0205882117,0.00258821179,0.0132153351,0.013056336,0.00494366419,3.77552009,14,2.5,6.08058023,0,1,0,0,0,6.01488733,0.591226816,27.6382675,1.06161141,1.38903308,3.28679991,747.866089,65.8182983,1.28250003,0.0250000004,50,1,0.119999997,0.550000012,0.0133333337
C5_rand_10_r0,1,2162,11.8533335,11,3.13763785,3.28679991,0.0205560699,0.00255606975,0.0139643699,0.0139059322,0.00409406796,2.84164619,14,2.5,6.08058023,0,1,0,0,0,6.01488733,0.591226816,27.6382675,1.06161141,1.38903308,3.28679991,747.866089,65.8182983,1.28250003,0.0250000004,50,1,0.119999997,0.550000012,0.0133333337
C5_rand_10_r0,1,2163,11.8666668,11,3.4104352,3.28679991,0.0205850564,0.00258505601,0.0134138409,0.0133110583,0.00468894234,3.6336329,14,2.5,6.08058023,0,1,0,0,0,6.01488733,0.591226816,27.6382675,1.06161141,1.38903308,3.28679991,747.866089,65.8182983,1.28250003,0.0250000004,50,1,0.119999997,0.550000012,0.0133333337
C5_rand_10_r0,1,2164,11.8800001,11,3.34139085,3.28679991,0.0206050519,0.00260505104,0.0140575832,0.0134545751,0.0045454246,3.28490019,14,2.5,6.08058023,0,1,0,0,0,6.01488733,0.591226816,27.6382675,1.06161141,1.38903308,3.28679991,747.866089,65.8182983,1.28250003,0.0250000004,50,1,0.119999997,0.550000012,0.0133333337
C5_rand_10_r0,1,2165,11.8933334,11,3.16663337,3.28679991,0.0205750037,0.00257500401,0.0139854224,0.013851379,0.00414862065,3.02364993,14,2.5,6.08058023,0,1,0,0,0,6.01488733,0.591226816,27.6382675,1.06161141,1.38903308,3.28679991,747.866089,65.8182983,1.28250003,0.0250000004,50,1,0.119999997,0.550000012,0.0133333337
C5_rand_10_r0,1,2166,11.9066668,11,3.45698619,3.28679991,0.0206172708,0.00261726999,0.0136001641,0.0132185444,0.00478145527,3.69454741,14,2.5,6.08058023,0,1,0,0,0,6.01488733,0.591226816,27.6382675,1.06161141,1.38903308,3.28679991,747.866089,65.8182983,1.28250003,0.0250000004,50,1,0.119999997,0.550000012,0.0133333337
C5_rand_10_r0,1,2167,11.9200001,11,3.16575193,3.28679991,0.020590689,0.00259069004,0.0143763293,0.0138623845,0.00413761567,2.92746973,14,2.5,6.08058023,0,1,0,0,0,6.01488733,0.591226816,27.6382675,1.06161141,1.38903308,3.28679991,747.866089,65.8182983,1.28250003,0.0250000004,50,1,0.119999997,0.550000012,0.0133333337
C5_rand_10_r0,1,2168,11.9333334,11,3.34016132,3.28679991,0.0206010826,0.00260108244,0.01349256,0.0134832924,0.00451670773,3.48285985,14,2.5,6.08058023,0,1,0,0,0,6.01488733,0.591226816,27.6382675,1.06161141,1.38903308,3.28679991,747.866089,65.8182983,1.28250003,0.0250000004,50,1,0.119999997,0.550000012,0.0133333337
C5_rand_10_r0,1,2169,11.9466667,11,3.13510704,3.28679991,0.0205606781,0.00256067771,0.0142492494,0.0139773861,0.0040226141,2.96733546,14,2.5,6.08058023,0,1,0,0,0,6.01488733,0.591226816,27.6382675,1.06161141,1.38903308,3.28679991,747.866089,65.8182983,1.28250003,0.0250000004,50,1,0.119999997,0.550000012,0.0133333337
C5_rand_10_r0,1,2170,11.96,11,3.20666862,3.28679991,0.0205316842,0.00253168494,0.0139070945,0.0138473092,0.00415269053,3.26521897,14,2.5,6.08058023,0,1,0,0,0,6.01488733,0.591226816,27.6382675,1.06161141,1.38903308,3.28679991,747.866089,65.8182983,1.28250003,0.0250000004,50,1,0.119999997,0.550000012,0.0133333337
C5_rand_10_r0,1,2171,11.9733334,11,3.37025452,3.28679991,0.0205500349,0.00255003455,0.014137431,0.013467635,0.00453236466,3.50409746,14,2.5,6.08058023,0,1,0,0,0,6.01488733,0.591226816,27.6382675,1.06161141,1.38903308,3.28679991,747.866089,65.8182983,1.28250003,0.0250000004,50,1,0.119999997,0.550000012,0.0133333337
C5_rand_10_r0,1,2172,11.9866667,11,3.10422111,3.28679991,0.0205023773,0.00250237645,0.0142293926,0.0140433796,0.00395662012,2.88655734,14,2.5,6.08058023,0,1,0,0,0,6.01488733,0.591226816,27.6382675,1.06161141,1.38903308,3.28679991,747.866089,65.8182983,1.28250003,0.0250000004,50,1,0.119999997,0.550000012,0.0133333337
C5_rand_10_r0,1,2173,12,12,3.2630589,3.28679991,0.0204878394,0.00248783873,0.0137315709,0.013714727,0.00428527314,3.39301705,14,2.5,6.08058023,0,1,0,0,0,4.85835886,-9.2505064,26.2665977,1.08056867,3.50896168,3.28679991,747.866089,65.8182983,1.28250003,0.0250000004,50,1,0.119999997,0.550000012,0.0133333337
C5_rand_10_r0,1,2174,12.0133333,12,2.99461412,3.28679991,0.0204042532,0.002404253,0.0147101618,0.0143662393,0.00363376085,2.77497768,14,2.5,6.08058023,0,1,0,0,0,4.85835886,-9.2505064,26.2665977,1.08056867,3.50896168,3.28679991,747.866089,65.8182983,1.28250003,0.0250000004,50,1,0.119999997,0.550000012,0.0133333337
C5_rand_10_r0,1,2175,12.0266666,12,3.21274686,3.28679991,0.0203697514,0.00236975169,0.0142009817,0.0139068468,0.0040931534,3.3912189,14,2.5,6.08058023,0,1,0,0,0,4.85835886,-9.2505064,26.2665977,1.08056867,3.50896168,3.28679991,747.866089,65.8182983,1.28250003,0.0250000004,50,1,0.119999997,0.550000012,0.0133333337
C5_rand_10_r0,1,2176,12.04,12,3.28041959,3.28679991,0.02036223,0.00236222916,0.0147574525,0.0137217753,0.00427822489,3.33578849,14,2.5,6.08058023,0,1,0,0,0,4.85835886,-9.2505064,26.2665977,1.08056867,3.50896168,3.28679991,747.866089,65.8182983,1.28250003,0.0250000004,50,1,0.119999997,0.550000012,0.0133333337
C5_rand_10_r0,1,2177,12.0533333,12,3.11057353,3.28679991,0.0203120243,0.00231202366,0.0142124556,0.0140662724,0.00393372728,2.9716084,14,2.5,6.08058023,0,1,0,0,0,4.85835886,-9.2505064,26.2665977,1.08056867,3.50896168,3.28679991,747.866089,65.8182983,1.28250003,0.0250000004,50,1,0.119999997,0.550000012,0.0133333337
C5_rand_10_r0,1,2178,12.0666666,12,3.19708514,3.28679991,0.0202787351,0.00227873516,0.0140292393,0.0138955209,0.00410447875,3.26786733,14,2.5,6.08058023,0,1,0,0,0,4.85835886,-9.2505064,26.2665977,1.08056867,3.50896168,3.28679991,747.866089,65.8182983,1.28250003,0.0250000004,50,1,0.119999997,0.550000012,0.0133333337
C5_rand_10_r0,1,2179,12.0799999,12,3.07608914,3.28679991,0.0202146564,0.00221465644,0.0150000006,0.0141949961,0.00380500359,2.97709227,14,2.5,6.08058023,0,1,0,0,0,4.85835886,-9.2505064,26.2665977,1.08056867,3.50896168,3.28679991,747.866089,65.8182983,1.28250003,0.0250000004,50,1,0.119999997,0.550000012,0.0133333337
C5_rand_10_r0,1,2180,12.0933332,12,3.15444636,3.28679991,0.0201672111,0.00216721161,0.0141354883,0.0140347136,0.00396528654,3.21855712,14,2.5,6.08058023,0,1,0,0,0,4.85835886,-9.2505064,26.2665977,1.08056867,3.50896168,3.28679991,747.866089,65.8182983,1.28250003,0.0250000004,50,1,0.119999997,0.550000012,0.0133333337
C5_rand_10_r0,1,2181,12.1066666,12,2.94165397,3.28679991,0.0200634301,0.00206343038,0.0148501378,0.0145499343,0.00345006562,2.76755071,14,2.5,6.08058023,0,1,0,0,0,4.85835886,-9.2505064,26.2665977,1.08056867,3.50896168,3.28679991,747.866089,65.8182983,1.28250003,0.0250000004,50,1,0.119999997,0.550000012,0.0133333337
C5_rand_10_r0,1,2182,12.1199999,12,3.19945455,3.28679991,0.0200218707,0.00202187081,0.014407631,0.0139878653,0.00401213486,3.41038251,14,2.5,6.08058023,0,1,0,0,0,4.85835886,-9.2505064,26.2665977,1.08056867,3.50896168,3.28679991,747.866089,65.8182983,1.28250003,0.0250000004,50,1,0.119999997,0.550000012,0.0133333337
C5_rand_10_r0,1,2183,12.1333332,12,3.20066071,3.28679991,0.019991016,0.00199101656,0.0144067286,0.0139384111,0.00406158902,3.20164752,14,2.5,6.08058023,0,1,0,0,0,4.85835886,-9.2505064,26.2665977,1.08056867,3.50896168,3.28679991,747.866089,65.8182983,1.28250003,0.0250000004,50,1,0.119999997,0.550000012,0.0133333337
C5_rand_10_r0,1,2184,12.1466665,12,3.13924861,3.28679991,0.0199448876,0.00194488768,0.0147205144,0.0140325036,0.00396749657,3.08900237,14,2.5,6.08058023,0,1,0,0,0,4.85835886,-9.2505064,26.2665977,1.08056867,3.50896168,3.28679991,747.866089,65.8182983,1.28250003,0.0250000004,50,1,0.119999997,0.550000012,0.0133333337
C5_rand_10_r0,1,2185,12.1599998,12,3.17142844,3.28679991,0.0199051518,0.00190515188,0.013973617,0.0139677403,0.00403225934,3.19775748,14,2.5,6.08058023,0,1,0,0,0,4.85835886,-9.2505064,26.2665977,1.08056867,3.50896168,3.28679991,747.866089,65.8182983,1.28250003,0.0250000004,50,1,0.119999997,0.550000012,0.0133333337
C5_rand_10_r0,1,2186,12.1733332,12,2.86363459,3.28679991,0.0197809841,0.00178098329,0.0150171975,0.0147174839,0.00328251626,2.61180329,14,2.5,6.08058023,0,1,0,0,0,4.85835886,-9.2505064,26.2665977,1.08056867,3.50896168,3.28679991,747.866089,65.8182983,1.28250003,0.0250000004,50,1,0.119999997,0.550000012,0.0133333337
C5_rand_10_r0,1,2187,12.1866665,12,3.22238493,3.28679991,0.0197423957,0.00174239546,0.0142479008,0.0139544178,0.00404558238,3.51590776,14,2.5,6.08058023,0,1,0,0,0,4.85835886,-9.2505064,26.2665977,1.08056867,3.50896168,3.28679991,747.866089,65.8182983,1.28250003,0.0250000004,50,1,0.119999997,0.550000012,0.0133333337
C5_rand_10_r0,1,2188,12.1999998,12,2.92411709,3.28679991,0.0196352191,0.00163521897,0.0147542506,0.0146201262,0.00337987347,2.68007994,14,2.5,6.08058023,0,1,0,0,0,4.85835886,-9.2505064,26.2665977,1.08056867,3.50896168,3.28679991,747.866089,65.8182983,1.28250003,0.0250000004,50,1,0.119999997,0.550000012,0.0133333337
C5_rand_10_r0,1,2189,12.2133331,12,3.11624169,3.28679991,0.0195699781,0.00156997889,0.0144055383,0.0141889118,0.00381108839,3.2734344,14,2.5,6.08058023,0,1,0,0,0,4.85835886,-9.2505064,26.2665977,1.08056867,3.50896168,3.28679991,747.866089,65.8182983,1.28250003,0.0250000004,50,1,0.119999997,0.550000012,0.0133333337
C5_rand_10_r0,1,2190,12.2266665,12,3.31285787,3.28679991,0.0195663441,0.00156634382,0.0139515325,0.0136996498,0.00430035032,3.4737258,14,2.5,6.08058023,0,1,0,0,0,4.85835886,-9.2505064,26.2665977,1.08056867,3.50896168,3.28679991,747.866089,65.8182983,1.28250003,0.0250000004,50,1,0.119999997,0.550000012,0.0133333337
C5_rand_10_r0,1,2191,12.2399998,12,3.14396191,3.28679991,0.0195260607,0.00152606075,0.0145257013,0.014000061,0.00399993965,3.00577426,14,2.5,6.08058023,0,1,0,0,0,4.85835886,-9.2505064,26.2665977,1.08056867,3.50896168,3.28679991,747.866089,65.8182983,1.28250003,0.0250000004,50,1,0.119999997,0.550000012,0.0133333337
C5_rand_10_r0,1,2192,12.2533331,12,3.31395221,3.28679991,0.0195268895,0.00152688927,0.0136173414,0.0135955308,0.00440446986,3.45303535,14,2.5,6.08058023,0,1,0,0,0,4.85835886,-9.2505064,26.2665977,1.08056867,3.50896168,3.28679991,747.866089,65.8182983,1.28250003,0.0250000004,50,1,0.119999997,0.550000012,0.0133333337
C5_rand_10_r0,1,2193,12.2666664,12,3.03052711,3.28679991,0.0194558408,0.00145584042,0.0148239192,0.0142534664,0.00374653377,2.79863405,14,2.5,6.08058023,0,1,0,0,0,4.85835886,-9.2505064,26.2665977,1.08056867,3.50896168,3.28679991,747.866089,65.8182983,1.28250003,0.0250000004,50,1,0.119999997,0.550000012,0.0133333337
C5_rand_10_r0,1,2194,12.2799997,12,3.2421031,3.28679991,0.0194315836,0.00143158319,0.0138468556,0.0138085652,0.00419143494,3.41521072,14,2.5,6.08058023,0,1,0,0,0,4.85835886,-9.2505064,26.2665977,1.08056867,3.50896168,3.28679991,747.866089,65.8182983,1.28250003,0.0250000004,50,1,0.119999997,0.550000012,0.0133333337
C5_rand_10_r0,1,2195,12.2933331,12,3.27093172,3.28679991,0.0194231328,0.00142313249,0.014114989,0.0137228649,0.00427713525,3.29451871,14,2.5,6.08058023,0,1,0,0,0,4.85835886,-9.2505064,26.2665977,1.08056867,3.50896168,3.28679991,747.866089,65.8182983,1.28250003,0.0250000004,50,1,0.119999997,0.550000012,0.0133333337
C5_rand_10_r0,1,2196,12.3066664,12,3.30046964,3.28679991,0.0194255207,0.0014255211,0.0138696125,0.0135991266,0.00440087356,3.3246367,14,2.5,6.08058023,0,1,0,0,0,4.85835886,-9.2505064,26.2665977,1.08056867,3.50896168,3.28679991,747.866089,65.8182983,1.28250003,0.0250000004,50,1,0.119999997,0.550000012,0.0133333337
C5_rand_10_r0,1,2197,12.3199997,12,3.46129942,3.28679991,0.0194743909,0.0014743912,0.0134033663,0.0131832017,0.00481679896,3.59288764,14,2.5,6.08058023,0,1,0,0,0,4.85835886,-9.2505064,26.2665977,1.08056867,3.50896168,3.28679991,747.866089,65.8182983,1.28250003,0.0250000004,50,1,0.119999997,0.550000012,0.0133333337
C5_rand_10_r0,1,2198,12.333333,12,3.26476073,3.28679991,0.0194764137,0.00147641427,0.0140543571,0.0135915242,0.00440847548,3.10395622,14,2.5,6.08058023,0,1,0,0,0,4.85835886,-9.2505064,26.2665977,1.08056867,3.50896168,3.28679991,747.866089,65.8182983,1.28250003,0.0250000004,50,1,0.119999997,0.550000012,0.0133333337
C5_rand_10_r0,1,2199,12.3466663,12,3.49086237,3.28679991,0.0195334349,0.00153343542,0.0132244928,0.0130741931,0.00492580654,3.67585492,14,2.5,6.08058023,0,1,0,0,0,4.85835886,-9.2505064,26.2665977,1.08056867,3.50896168,3.28679991,747.866089,65.8182983,1.28250003,0.0250000004,50,1,0.119999997,0.550000012,0.0133333337
C5_rand_10_r0,1,2200,12.3599997,12,3.19414139,3.28679991,0.0195172001,0.00151720049,0.0141664194,0.0137525126,0.00424748752,2.95136976,14,2.5,6.08058023,0,1,0,0,0,4.85835886,-9.2505064,26.2665977,1.08056867,3.50896168,3.28679991,747.866089,65.8182983,1.28250003,0.0250000004,50,1,0.119999997,0.550000012,0.0133333337
C5_rand_10_r0,1,2201,12.373333,12,3.53066182,3.28679991,0.0195822343,0.00158223405,0.0137535604,0.012996586,0.00500341365,3.80599689,14,2.5,6.08058023,0,1,0,0,0,4.85835886,-9.2505064,26.2665977,1.08056867,3.50896168,3.28679991,747.866089,65.8182983,1.28250003,0.0250000004,50,1,0.119999997,0.550000012,0.0133333337
C5_rand_10_r0,1,2202,12.3866663,12,3.23936677,3.28679991,0.0195798967,0.00157989713,0.0136518525,0.0136437947,0.00435620546,3.00103426,14,2.5,6.08058023,0,1,0,0,0,4.85835886,-9.2505064,26.2665977,1.08056867,3.50896168,3.28679991,747.866089,65.8182983,1.28250003,0.0250000004,50,1,0.119999997,0.550000012,0.0133333337
C5_rand_10_r0,1,2203,12.3999996,12,3.38855314,3.28679991,0.0196077731,0.00160777231,0.0133229895,0.0133181652,0.00468183495,3.51061463,14,2.5,6.08058023,0,1,0,0,0,4.85835886,-9.2505064,26.2665977,1.08056867,3.50896168,3.28679991,747.866089,65.8182983,1.28250003,0.0250000004,50,1,0.119999997,0.550000012,0.0133333337
C5_rand_10_r0,1,2204,12.4133329,12,3.54012465,3.28679991,0.0196827855,0.00168278615,0.0131050907,0.0129533485,0.0050466517,3.6641376,14,2.5,6.08058023,0,1,0,0,0,4.85835886,-9.2505064,26.2665977,1.08056867,3.50896168,3.28679991,747.866089,65.8182983,1.28250003,0.0250000004,50,1,0.119999997,0.550000012,0.0133333337
C5_rand_10_r0,1,2205,12.4266663,12,3.41707373,3.28679991,0.019731475,0.00173147558,0.0134089366,0.0131694125,0.00483058766,3.316396,14,2.5,6.08058023,0,1,0,0,0,4.85835886,-9.2505064,26.2665977,1.08056867,3.50896168,3.28679991,747.866089,65.8182983,1.28250003,0.0250000004,50,1,0.119999997,0.550000012,0.0133333337
C5_rand_10_r0,1,2206,12.4399996,12,3.57318044,3.28679991,0.0198191404,0.00181914063,0.0128785502,0.0127942776,0.00520572253,3.70090389,14,2.5,6.08058023,0,1,0,0,0,4.85835886,-9.2505064,26.2665977,1.08056867,3.50896168,3.28679991,747.866089,65.8182983,1.28250003,0.0250000004,50,1,0.119999997,0.550000012,0.0133333337
C5_rand_10_r0,1,2207,12.4533329,12,3.67933059,3.28679991,0.0199427884,0.00194278779,0.0138201891,0.0125011839,0.00549881626,3.76618052,14,2.5,6.08058023,0,1,0,0,0,4.85835886,-9.2505064,26.2665977,1.08056867,3.50896168,3.28679991,747.866089,65.8182983,1.28250003,0.0250000004,50,1,0.119999997,0.550000012,0.0133333337
C5_rand_10_r0,1,2208,12.4666662,12,3.57992148,3.28679991,0.0200448185,0.00204481813,0.0131713795,0.0126689905,0.00533100916,3.49858665,14,2.5,6.08058023,0,1,0,0,0,4.85835886,-9.2505064,26.2665977,1.08056867,3.50896168,3.28679991,747.866089,65.8182983,1.28250003,0.0250000004,50,1,0.119999997,0.550000012,0.0133333337
C5_rand_10_r0,1,2209,12.4799995,12,3.68481231,3.28679991,0.0201723818,0.00217238232,0.0129930666,0.0124193747,0.00558062503,3.77063227,14,2.5,6.08058023,0,1,0,0,0,4.85835886,-9.2505064,26.2665977,1.08056867,3.50896168,3.28679991,747.866089,65.8182983,1.28250003,0.0250000004,50,1,0.119999997,0.550000012,0.0133333337
C5_rand_10_r0,1,2210,12.4933329,12,3.47268057,3.28679991,0.0202452764,0.00224527647,0.0132128745,0.0129150245,0.00508497562,3.29911804,14,2.5,6.08058023,0,1,0,0,0,4.85835886,-9.2505064,26.2665977,1.08056867,3.50896168,3.28679991,747.866089,65.8182983,1.28250003,0.0250000004,50,1,0.119999997,0.550000012,0.0133333337
C5_rand_10_r0,1,2211,12.5066671,12,3.71174669,3.28679991,0.020375466,0.00237546605,0.0127249584,0.0123904236,0.00560957659,3.90734625,14,2.5,6.08058023,0,1,0,0,0,4.85835886,-9.2505064,26.2665977,1.08056867,3.50896168,3.28679991,747.866089,65.8182983,1.28250003,0.0250000004,50,1,0.119999997,0.550000012,0.0133333337
C5_rand_10_r0,1,2212,12.5200005,12,3.35038733,3.28679991,0.0204148274,0.00241482747,0.0136304684,0.0132279405,0.00477206009,3.0547297,14,2.5,6.08058023,0,1,0,0,0,4.85835886,-9.2505064,26.2665977,1.08056867,3.50896168,3.28679991,747.866089,65.8182983,1.28250003,0.0250000004,50,1,0.119999997,0.550000012,0.0133333337
C5_rand_10_r0,1,2213,12.5333338,12,3.72458506,3.28679991,0.0205429941,0.00254299468,0.0130611742,0.0124024889,0.00559751177,4.03074694,14,2.5,6.08058023,0,1,0,0,0,4.85835886,-9.2505064,26.2665977,1.08056867,3.50896168,3.28679991,747.866089,65.8182983,1.28250003,0.0250000004,50,1,0.119999997,0.550000012,0.0133333337
C5_rand_10_r0,1,2214,12.5466671,12,3.53830481,3.28679991,0.0206342191,0.00263421843,0.0137149291,0.0127958078,0.0052041919,3.38589382,14,2.5,6.08058023,0,1,0,0,0,4.85835886,-9.2505064,26.2665977,1.08056867,3.50896168,3.28679991,747.866089,65.8182983,1.28250003,0.0250000004,50,1,0.119999997,0.550000012,0.0133333337
C5_rand_10_r0,1,2215,12.5600004,12,3.50286722,3.28679991,0.020709442,0.00270944112,0.0132901026,0.0128732482,0.00512675196,3.4738729,14,2.5,6.08058023,0,1,0,0,0,4.85835886,-9.2505064,26.2665977,1.08056867,3.50896168,3.28679991,747.866089,65.8182983,1.28250003,0.0250000004,50,1,0.119999997,0.550000012,0.0133333337
C5_rand_10_r0,1,2216,12.5733337,12,3.57200551,3.28679991,0.0208012015,0.002801202,0.0130417403,0.0127508854,0.00524911471,3.62857318,14,2.5,6.08058023,0,1,0,0,0,4.85835886,-9.2505064,26.2665977,1.08056867,3.50896168,3.28679991,747.866089,65.8182983,1.28250003,0.0250000004,50,1,0.119999997,0.550000012,0.0133333337
C5_rand_10_r0,1,2217,12.5866671,12,3.29040289,3.28679991,0.0208174959,0.00281749619,0.0134677542,0.0134238154,0.00457618432,3.06000066,14,2.5,6.08058023,0,1,0,0,0,4.85835886,-9.2505064,26.2665977,1.08056867,3.50896168,3.28679991,747.866089,65.8182983,1.28250003,0.0250000004,50,1,0.119999997,0.550000012,0.0133333337
C5_rand_10_r0,1,2218,12.6000004,12,3.58230829,3.28679991,0.0209022984,0.00290229754,0.0128065338,0.0128045678,0.00519543234,3.82114029,14,2.5,6.08058023,0,1,0,0,0,4.85835886,-9.2505064,26.2665977,1.08056867,3.50896168,3.28679991,747.866089,65.8182983,1.28250003,0.0250000004,50,1,0.119999997,0.550000012,0.0133333337
C5_rand_10_r0,1,2219,12.6133337,12,3.16037583,3.28679991,0.0208813138,0.00288131321,0.0139714591,0.0137879532,0.00421204697,2.81515813,14,2.5,6.08058023,0,1,0,0,0,4.85835886,-9.2505064,26.2665977,1.08056867,3.50896168,3.28679991,747.866089,65.8182983,1.28250003,0.0250000004,50,1,0.119999997,0.550000012,0.0133333337
C5_rand_10_r0,1,2220,12.626667,12,3.58642578,3.28679991,0.0209610462,0.00296104536,0.0131485034,0.012849154,0.00515084621,3.93501234,14,2.5,6.08058023,0,1,0,0,0,4.85835886,-9.2505064,26.2665977,1.08056867,3.50896168,3.28679991,747.866089,65.8182983,1.28250003,0.0250000004,50,1,0.119999997,0.550000012,0.0133333337
C5_rand_10_r0,1,2221,12.6400003,12,3.34247851,3.28679991,0.0209897999,0.00298980018,0.0137609793,0.013376506,0.00462349411,3.14288497,14,2.5,6.08058023,0,1,0,0,0,4.85835886,-9.2505064,26.2665977,1.08056867,3.50896168,3.28679991,747.866089,65.8182983,1.28250003,0.0250000004,50,1,0.119999997,0.550000012,0.0133333337
C5_rand_10_r0,1,2222,12.6533337,12,3.54460239,3.28679991,0.0210662037,0.00306620449,0.0140390396,0.0128874099,0.0051125898,3.70997667,14,2.5,6.08058023,0,1,0,0,0,4.85835886,-9.2505064,26.2665977,1.08056867,3.50896168,3.28679991,747.866089,65.8182983,1.28250003,0.0250000004,50,1,0.119999997,0.550000012,0.0133333337
C5_rand_10_r0,1,2223,12.666667,12,3.26389885,3.28679991,0.0210725777,0.00307257706,0.0136280768,0.0135393618,0.00446063839,3.03423238,14,2.5,6.08058023,0,1,0,0,0,4.85835886,-9.2505064,26.2665977,1.08056867,3.50896168,3.28679991,747.866089,65.8182983,1.28250003,0.0250000004,50,1,0.119999997,0.550000012,0.0133333337
C5_rand_10_r0,1,2224,12.6800003,12,3.07523704,3.28679991,0.0210148711,0.00301487185,0.0140888495,0.0140607338,0.00393926585,2.92087722,14,2.5,6.08058023,0,1,0,0,0,4.85835886,-9.2505064,26.2665977,1.08056867,3.50896168,3.28679991,747.866089,65.8182983,1.28250003,0.0250000004,50,1,0.119999997,0.550000012,0.0133333337
C5_rand_10_r0,1,2225,12.6933336,12,3.47558093,3.28679991,0.0210576933,0.00305769336,0.0134485802,0.0132193966,0.00478060311,3.8031354,14,2.5,6.08058023,0,1,0,0,0,4.85835886,-9.2505064,26.2665977,1.08056867,3.50896168,3.28679991,747.866089,65.8182983,1.28250003,0.0250000004,50,1,0.119999997,0.550000012,0.0133333337
C5_rand_10_r0,1,2226,12.7066669,12,3.23523164,3.28679991,0.0210505053,0.00305050565,0.0142032914,0.0137108779,0.00428912183,3.03858209,14,2.5,6.08058023,0,1,0,0,0,4.85835886,-9.2505064,26.2665977,1.08056867,3.50896168,3.28679991,747.866089,65.8182983,1.28250003,0.0250000004,50,1,0.119999997,0.550000012,0.0133333337
C5_rand_10_r0,1,2227,12.7200003,12,3.4354651,3.28679991,0.0210906044,0.00309060374,0.0136715425,0.0132252043,0.00477479585,3.59929276,14,2.5,6.08058023,0,1,0,0,0,4.85835886,-9.2505064,26.2665977,1.08056867,3.50896168,3.28679991,747.866089,65.8182983,1.28250003,0.0250000004,50,1,0.119999997,0.550000012,0.0133333337
C5_rand_10_r0,1,2228,12.7333336,12,6.55028391,3.28679991,0.0214239378,0.00342393713,0.0149971135,0.00562195247,0.0123780482,9.0987711,14,2.5,6.08058023,0,0,0,0,0,4.85835886,-9.2505064,26.2665977,1.08056867,3.50896168,3.28679991,747.866089,65.8182983,1.28250003,0.0250000004,50,1,0.119999997,0.550000012,0.0133333337
C5_rand_10_r0,1,2229,12.7466669,12,4.16605902,3.28679991,0.0217237305,0.00372373126,0.0144942151,0.0132776359,0.00472236425,2.21532989,14,2.5,6.08058023,0,1,0,0,0,4.85835886,-9.2505064,26.2665977,1.08056867,3.50896168,3.28679991,747.866089,65.8182983,1.28250003,0.0250000004,50,1,0.119999997,0.550000012,0.0133333337
C5_rand_10_r0,1,2230,12.7600002,12,6.19833231,3.28679991,0.0220570639,0.00405706465,0.0146768158,0.00590556534,0.0120944344,7.86110115,14,2.5,6.08058023,0,0,0,0,0,4.85835886,-9.2505064,26.2665977,1.08056867,3.50896168,3.28679991,747.866089,65.8182983,1.28250003,0.0250000004,50,1,0.119999997,0.550000012,0.0133333337
C5_rand_10_r0,1,2231,12.7733335,12,7.45282984,3.28679991,0.0223903973,0.00439039804,0.0150077585,0.00490192976,0.0130980704,8.4792366,14,2.5,6.08058023,0,0,0,0,0,4.85835886,-9.2505064,26.2665977,1.08056867,3.50896168,3.28679991,747.866089,65.8182983,1.28250003,0.0250000004,50,1,0.119999997,0.550000012,0.0133333337
C5_rand_10_r0,1,2232,12.7866669,12,7.4133215,3.28679991,0.0227237307,0.00472373143,0.014930482,0.00637042848,0.0116295712,7.38099623,14,2.5,6.08058023,0,0,0,0,0,4.85835886,-9.2505064,26.2665977,1.08056867,3.50896168,3.28679991,747.866089,65.8182983,1.28250003,0.0250000004,50,1,0.119999997,0.550000012,0.0133333337
C5_rand_10_r0,1,2233,12.8000002,12,7.39339352,3.28679991,0.023057064,0.00505706435,0.0142505206,0.00637565367,0.0116243465,7.37708855,14,2.5,6.08058023,0,0,0,0,0,4.85835886,-9.2505064,26.2665977,1.08056867,3.50896168,3.28679991,747.866089,65.8182983,1.28250003,0.0250000004,50,1,0.119999997,0.550000012,0.0133333337
C5_rand_10_r0,1,2234,12.8133335,12,6.69452333,3.28679991,0.0233903974,0.00539039774,0.0152791431,0.0080529172,0.00994708296,6.12272024,14,2.5,6.08058023,0,0,0,0,0,4.85835886,-9.2505064,26.2665977,1.08056867,3.50896168,3.28679991,747.866089,65.8182983,1.28250003,0.0250000004,50,1,0.119999997,0.550000012,0.0133333337
C5_rand_10_r0,1,2235,12.8266668,12,6.76892519,3.28679991,0.0237237308,0.00572373113,0.0133505482,0.00710745482,0.0108925449,6.82979918,14,2.5,6.08058023,0,0,0,0,0,4.85835886,-9.2505064,26.2665977,1.08056867,3.50896168,3.28679991,747.866089,65.8182983,1.28250003,0.0250000004,50,1,0.119999997,0.550000012,0.0133333337
C5_rand_10_r0,1,2236,12.8400002,12,6.09012556,3.28679991,0.0240570642,0.00605706451,0.0145556945,0.00883912202,0.00916087721,5.53474379,14,2.5,6.08058023,0,0,0,0,0,4.85835886,-9.2505064,26.2665977,1.08056867,3.50896168,3.28679991,747.866089,65.8182983,1.28250003,0.0250000004,50,1,0.119999997,0.550000012,0.0133333337
C5_rand_10_r0,1,2237,12.8533335,12,6.16055202,3.28679991,0.0243903976,0.0063903979,0.0130615719,0.00792528223,0.0100747179,6.21817398,14,2.5,6.08058023,0,0,0,0,0,4.85835886,-9.2505064,26.2665977,1.08056867,3.50896168,3.28679991,747.866089,65.8182983,1.28250003,0.0250000004,50,1,0.119999997,0.550000012,0.0133333337
C5_rand_10_r0,1,2238,12.8666668,12,6.50040007,3.28679991,0.024723731,0.00672373129,0.0140610738,0.00717610586,0.0108238943,6.77845764,14,2.5,6.08058023,0,0,0,0,0,4.85835886,-9.2505064,26.2665977,1.08056867,3.50896168,3.28679991,747.866089,65.8182983,1.28250003,0.0250000004,50,1,0.119999997,0.550000012,0.0133333337
C5_rand_10_r0,1,2239,12.8800001,12,5.97951126,3.28679991,0.0250570644,0.00705706468,0.0133977626,0.00881427061,0.00918572955,5.55332994,14,2.5,6.08058023,0,1,0,0,0,4.85835886,-9.2505064,26.2665977,1.08056867,3.50896168,3.28679991,747.866089,65.8182983,1.28250003,0.0250000004,50,1,0.119999997,0.550000012,0.0133333337
C5_rand_10_r0,1,2240,12.8933334,12,6.03926945,3.28679991,0.0253903978,0.00739039807,0.0134056713,0.0080991257,0.00990087446,6.08816242,14,2.5,6.08058023,0,1,0,0,0,4.85835886,-9.2505064,26.2665977,1.08056867,3.50896168,3.28679991,747.866089,65.8182983,1.28250003,0.0250000004,50,1,0.119999997,0.550000012,0.0133333337
C5_rand_10_r0,1,2241,12.9066668,12,5.38314152,3.28679991,0.0257237311,0.00772373145,0.0143005466,0.00975965429,0.00824034587,4.84630919,14,2.5,6.08058023,0,1,0,0,0,4.85835886,-9.2505064,26.2665977,1.08056867,3.50896168,3.28679991,747.866089,65.8182983,1.28250003,0.0250000004,50,1,0.119999997,0.550000012,0.0133333337
C5_rand_10_r0,1,2242,12.9200001,12,5.37478781,3.28679991,0.0260570645,0.00805706438,0.0133802649,0.00906214491,0.00893785525,5.3679533,14,2.5,6.08058023,0,1,0,0,0,4.85835886,-9.2505064,26.2665977,1.08056867,3.50896168,3.28679991,747.866089,65.8182983,1.28250003,0.0250000004,50,1,0.119999997,0.550000012,0.0133333337
C5_rand_10_r0,1,2243,12.9333334,12,4.24624205,3.28679991,0.0263791326,0.00837913156,0.0151550425,0.0117966812,0.00620331895,3.32288599,14,2.5,6.08058023,0,1,0,0,0,4.85835886,-9.2505064,26.2665977,1.08056867,3.50896168,3.28679991,747.866089,65.8182983,1.28250003,0.0250000004,50,1,0.119999997,0.550000012,0.0133333337
C5_rand_10_r0,1,2244,12.9466667,12,4.1269269,3.28679991,0.0266661774,0.00866617821,0.0134326015,0.0109115914,0.00708840927,4.02930593,14,2.5,6.08058023,0,1,0,0,0,4.85835886,-9.2505064,26.2665977,1.08056867,3.50896168,3.28679991,747.866089,65.8182983,1.28250003,0.0250000004,50,1,0.119999997,0.550000012,0.0133333337
C5_rand_10_r0,1,2245,12.96,12,4.4302516,3.28679991,0.0269995108,0.0089995116,0.0147651806,0.0102285547,0.00777144544,4.67842579,14,2.5,6.08058023,0,1,0,0,0,4.85835886,-9.2505064,26.2665977,1.08056867,3.50896168,3.28679991,747.866089,65.8182983,1.28250003,0.0250000004,50,1,0.119999997,0.550000012,0.0133333337
C5_rand_10_r0,1,2246,12.9733334,12,3.79742146,3.28679991,0.0271969065,0.00919690635,0.0137242563,0.0118544912,0.00614550896,3.27965164,14,2.5,6.08058023,0,1,0,0,0,4.85835886,-9.2505064,26.2665977,1.08056867,3.50896168,3.28679991,747.866089,65.8182983,1.28250003,0.0250000004,50,1,0.119999997,0.550000012,0.0133333337
C5_rand_10_r0,1,2247,12.9866667,12,4.09172344,3.28679991,0.0274533946,0.00945339538,0.0141329886,0.0111644883,0.00683551189,4.33251619,14,2.5,6.08058023,0,1,0,0,0,4.85835886,-9.2505064,26.2665977,1.08056867,3.50896168,3.28679991,747.866089,65.8182983,1.28250003,0.0250000004,50,1,0.119999997,0.550000012,0.0133333337
C5_rand_10_r0,1,2248,13,13,3.43651843,3.28679991,0.0275377315,0.00953773223,0.0145064741,0.0127673224,0.00523267733,2.90044165,14,2.5,6.08058023,0,1,0,0,0,1.41676891,-12.6170425,29.1796684,1.01421797,9.05422306,3.28679991,747.866089,65.8182983,1.28250003,0.0250000004,50,1,0.119999997,0.550000012,0.0133333337
C5_rand_10_r0,1,2249,13.0133333,13,3.80839658,3.28679991,0.0276966766,0.0096966764,0.0140250716,0.0120554678,0.00594453234,4.11266041,14,2.5,6.08058023,0,1,0,0,0,1.41676891,-12.6170425,29.1796684,1.01421797,9.05422306,3.28679991,747.866089,65.8182983,1.28250003,0.0250000004,50,1,0.119999997,0.550000012,0.0133333337
C5_rand_10_r0,1,2250,13.0266666,13,3.17214346,3.28679991,0.0276913177,0.00969131757,0.0156541206,0.0136151798,0.00438481988,2.6515727,14,2.5,6.08058023,0,1,0,0,0,1.41676891,-12.6170425,29.1796684,1.01421797,9.05422306,3.28679991,747.866089,65.8182983,1.28250003,0.0250000004,50,1,0.119999997,0.550000012,0.0133333337
C5_rand_10_r0,1,2251,13.04,13,3.54912877,3.28679991,0.0277632941,0.0097632939,0.0143997334,0.0128701907,0.00512980949,3.8575716,14,2.5,6.08058023,0,1,0,0,0,1.41676891,-12.6170425,29.1796684,1.01421797,9.05422306,3.28679991,747.866089,65.8182983,1.28250003,0.0250000004,50,1,0.119999997,0.550000012,0.0133333337
C5_rand_10_r0,1,2252,13.0533333,13,3.49727559,3.28679991,0.0278337561,0.00983375497,0.0164474063,0.0130003206,0.00499967951,3.45485044,14,2.5,6.08058023,0,1,0,0,0,1.41676891,-12.6170425,29.1796684,1.01421797,9.05422306,3.28679991,747.866089,65.8182983,1.28250003,0.0250000004,50,1,0.119999997,0.550000012,0.0133333337
C5_rand_10_r0,1,2253,13.0666666,13,2.86012697,3.28679991,0.0277269781,0.00972697884,0.0151484367,0.0145005994,0.00349940034,2.33882356,14,2.5,6.08058023,0,1,0,0,0,1.41676891,-12.6170425,29.1796684,1.01421797,9.05422306,3.28679991,747.866089,65.8182983,1.28250003,0.0250000004,50,1,0.119999997,0.550000012,0.0133333337
C5_rand_10_r0,1,2254,13.0799999,13,3.28715634,3.28679991,0.0277092811,0.00970928185,0.0156812575,0.0137012731,0.00429872703,3.63654375,14,2.5,6.08058023,0,1,0,0,0,1.41676891,-12.6170425,29.1796684,1.01421797,9.05422306,3.28679991,747.866089,65.8182983,1.28250003,0.0250000004,50,1,0.119999997,0.550000012,0.0133333337
C5_rand_10_r0,1,2255,13.0933332,13,2.6917119,3.28679991,0.0275410302,0.00954103004,0.0155260488,0.0151456892,0.00285431114,2.20453024,14,2.5,6.08058023,0,1,0,0,0,1.41676891,-12.6170425,29.1796684,1.01421797,9.05422306,3.28679991,747.866089,65.8182983,1.28250003,0.0250000004,50,1,0.119999997,0.550000012,0.0133333337
C5_rand_10_r0,1,2256,13.1066666,13,3.10267305,3.28679991,0.0274618417,0.00946184155,0.0152742853,0.0142901493,0.00370985037,3.43891406,14,2.5,6.08058023,0,1,0,0,0,1.41676891,-12.6170425,29.1796684,1.01421797,9.05422306,3.28679991,747.866089,65.8182983,1.28250003,0.0250000004,50,1,0.119999997,0.550000012,0.0133333337
C5_rand_10_r0,1,2257,13.1199999,13,2.52495694,3.28679991,0.0272370204,0.00923702028,0.0161753464,0.0156739708,0.00232602842,2.05228019,14,2.5,6.08058023,0,1,0,0,0,1.41676891,-12.6170425,29.1796684,1.01421797,9.05422306,3.28679991,747.866089,65.8182983,1.28250003,0.0250000004,50,1,0.119999997,0.550000012,0.0133333337
C5_rand_10_r0,1,2258,13.1333332,13,2.95947456,3.28679991,0.0271086264,0.00910862628,0.0151991313,0.0147545682,0.0032454317,3.31498885,14,2.5,6.08058023,0,1,0,0,0,1.41676891,-12.6170425,29.1796684,1.01421797,9.05422306,3.28679991,747.866089,65.8182983,1.28250003,0.0250000004,50,1,0.119999997,0.550000012,0.0133333337
C5_rand_10_r0,1,2259,13.1466665,13,2.40471554,3.28679991,0.0268422049,0.00884220377,0.0170185864,0.0160694644,0.00193053484,1.95082176,14,2.5,6.08058023,0,0,0,0,0,1.41676891,-12.6170425,29.1796684,1.01421797,9.05422306,3.28679991,747.866089,65.8182983,1.28250003,0.0250000004,50,1,0.119999997,0.550000012,0.0133333337
C5_rand_10_r0,1,2260,13.1599998,13,2.86120367,3.28679991,0.0266795792,0.00867957901,0.0154146422,0.0150816087,0.00291839102,3.234694,14,2.5,6.08058023,0,1,0,0,0,1.41676891,-12.6170425,29.1796684,1.01421797,9.05422306,3.28679991,747.866089,65.8182983,1.28250003,0.0250000004,50,1,0.119999997,0.550000012,0.0133333337
C5_rand_10_r0,1,2261,13.1733332,13,2.89585137,3.28679991,0.026543878,0.00854387786,0.0170177128,0.014948681,0.00305131869,2.92419958,14,2.5,6.08058023,0,1,0,0,0,1.41676891,-12.6170425,29.1796684,1.01421797,9.05422306,3.28679991,747.866089,65.8182983,1.28250003,0.0250000004,50,1,0.119999997,0.550000012,0.0133333337
C5_rand_10_r0,1,2262,13.1866665,13,2.71618962,3.28679991,0.0263627581,0.00836275797,0.0158908051,0.0152812013,0.00271879835,2.5691936,14,2.5,6.08058023,0,1,0,0,0,1.41676891,-12.6170425,29.1796684,1.01421797,9.05422306,3.28679991,747.866089,65.8182983,1.28250003,0.0250000004,50,1,0.119999997,0.550000012,0.0133333337
C5_rand_10_r0,1,2263,13.1999998,13,2.81044149,3.28679991,0.0262002498,0.00820024963,0.0161162987,0.0150953392,0.00290466077,2.88755679,14,2.5,6.08058023,0,1,0,0,0,1.41676891,-12.6170425,29.1796684,1.01421797,9.05422306,3.28679991,747.866089,65.8182983,1.28250003,0.0250000004,50,1,0.119999997,0.550000012,0.0133333337
C5_rand_10_r0,1,2264,13.2133331,13,2.33488035,3.28679991,0.025908744,0.00790874287,0.0162638314,0.0162563417,0.0017436588,1.94578493,14,2.5,6.08058023,0,0,0,0,0,1.41676891,-12.6170425,29.1796684,1.01421797,9.05422306,3.28679991,747.866089,65.8182983,1.28250003,0.0250000004,50,1,0.119999997,0.550000012,0.0133333337
C5_rand_10_r0,1,2265,13.2266665,13,2.86119866,3.28679991,0.0257419366,0.00774193602,0.0154740047,0.015137678,0.00286232191,3.29182267,14,2.5,6.08058023,0,1,0,0,0,1.41676891,-12.6170425,29.1796684,1.01421797,9.05422306,3.28679991,747.866089,65.8182983,1.28250003,0.0250000004,50,1,0.119999997,0.550000012,0.0133333337
C5_rand_10_r0,1,2266,13.2399998,13,2.37072539,3.28679991,0.0254596695,0.00745966984,0.0164818559,0.0162474252,0.00175257504,1.96942902,14,2.5,6.08058023,0,0,0,0,0,1.41676891,-12.6170425,29.1796684,1.01421797,9.05422306,3.28679991,747.866089,65.8182983,1.28250003,0.0250000004,50,1,0.119999997,0.550000012,0.0133333337
C5_rand_10_r0,1,2267,13.2533331,13,2.88359451,3.28679991,0.0253006238,0.00730062369,0.0150960432,0.0150736505,0.00292634917,3.30321503,14,2.5,6.08058023,0,1,0,0,0,1.41676891,-12.6170425,29.1796684,1.01421797,9.05422306,3.28679991,747.866089,65.8182983,1.28250003,0.0250000004,50,1,0.119999997,0.550000012,0.0133333337
C5_rand_10_r0,1,2268,13.2666664,13,2.40885949,3.28679991,0.0250302441,0.00703024399,0.016897222,0.0161382332,0.00186176668,2.02043986,14,2.5,6.08058023,0,0,0,0,0,1.41676891,-12.6170425,29.1796684,1.01421797,9.05422306,3.28679991,747.866089,65.8182983,1.28250003,0.0250000004,50,1,0.119999997,0.550000012,0.0133333337
C5_rand_10_r0,1,2269,13.2799997,13,2.93846583,3.28679991,0.0248884205,0.00688842079,0.0150008006,0.0149192037,0.00308079622,3.37178016,14,2.5,6.08058023,0,1,0,0,0,1.41676891,-12.6170425,29.1796684,1.01421797,9.05422306,3.28679991,747.866089,65.8182983,1.28250003,0.0250000004,50,1,0.119999997,0.550000012,0.0133333337
C5_rand_10_r0,1,2270,13.2933331,13,3.05263257,3.28679991,0.0247997381,0.00679973746,0.0164420456,0.0145422025,0.00345779723,3.14604139,14,2.5,6.08058023,0,1,0,0,0,1.41676891,-12.6170425,29.1796684,1.01421797,9.05422306,3.28679991,747.866089,65.8182983,1.28250003,0.0250000004,50,1,0.119999997,0.550000012,0.0133333337
C5_rand_10_r0,1,2271,13.3066664,13,2.92255878,3.28679991,0.0246837791,0.00668377848,0.0152131487,0.0147027327,0.00329726702,2.81613469,14,2.5,6.08058023,0,1,0,0,0,1.41676891,-12.6170425,29.1796684,1.01421797,9.05422306,3.28679991,747.866089,65.8182983,1.28250003,0.0250000004,50,1,0.119999997,0.550000012,0.0133333337
C5_rand_10_r0,1,2272,13.3199997,13,3.07925344,3.28679991,0.0246067997,0.00660680048,0.0153738214,0.0143235056,0.00367649458,3.20745802,14,2.5,6.08058023,0,1,0,0,0,1.41676891,-12.6170425,29.1796684,1.01421797,9.05422306,3.28679991,747.866089,65.8182983,1.28250003,0.0250000004,50,1,0.119999997,0.550000012,0.0133333337
C5_rand_10_r0,1,2273,13.333333,13,2.65366364,3.28679991,0.0244180989,0.00641809916,0.0157095082,0.015323774,0.0026762262,2.30545378,14,2.5,6.08058023,0,1,0,0,0,1.41676891,-12.6170425,29.1796684,1.01421797,9.05422306,3.28679991,747.866089,65.8182983,1.28250003,0.0250000004,50,1,0.119999997,0.550000012,0.0133333337
C5_rand_10_r0,1,2274,13.3466663,13,3.21434999,3.28679991,0.0243665241,0.00636652438,0.0146184126,0.0140850013,0.00391499884,3.67309356,14,2.5,6.08058023,0,1,0,0,0,1.41676891,-12.6170425,29.1796684,1.01421797,9.05422306,3.28679991,747.866089,65.8182983,1.28250003,0.0250000004,50,1,0.119999997,0.550000012,0.0133333337
C5_rand_10_r0,1,2275,13.3599997,13,2.76421499,3.28679991,0.0242127664,0.00621276582,0.0157801248,0.0150686633,0.00293133664,2.39592266,14,2.5,6.08058023,0,1,0,0,0,1.41676891,-12.6170425,29.1796684,1.01421797,9.05422306,3.28679991,747.866089,65.8182983,1.28250003,0.0250000004,50,1,0.119999997,0.550000012,0.0133333337
C5_rand_10_r0,1,2276,13.373333,13,3.53082395,3.28679991,0.0242549237,0.006254924,0.0141768493,0.0132520348,0.00474796584,4.15804958,14,2.5,6.08058023,0,1,0,0,0,1.41676891,-12.6170425,29.1796684,1.01421797,9.05422306,3.28679991,747.866089,65.8182983,1.28250003,0.0250000004,50,1,0.119999997,0.550000012,0.0133333337
C5_rand_10_r0,1,2277,13.3866663,13,3.29298496,3.28679991,0.0242636688,0.00626366818,0.0158169959,0.0136344116,0.00436558854,3.09838963,14,2.5,6.08058023,0,1,0,0,0,1.41676891,-12.6170425,29.1796684,1.01421797,9.05422306,3.28679991,747.866089,65.8182983,1.28250003,0.0250000004,50,1,0.119999997,0.550000012,0.0133333337
C5_rand_10_r0,1,2278,13.3999996,13,3.51210809,3.28679991,0.0243277103,0.00632771105,0.0139185246,0.0130179273,0.00498207239,3.69139051,14,2.5,6.08058023,0,1,0,0,0,1.41676891,-12.6170425,29.1796684,1.01421797,9.05422306,3.28679991,747.866089,65.8182983,1.28250003,0.0250000004,50,1,0.119999997,0.550000012,0.0133333337
C5_rand_10_r0,1,2279,13.4133329,13,3.77173543,3.28679991,0.0244730897,0.0064730891,0.0150780315,0.0123344539,0.00566554628,3.9841578,14,2.5,6.08058023,0,1,0,0,0,1.41676891,-12.6170425,29.1796684,1.01421797,9.05422306,3.28679991,747.866089,65.8182983,1.28250003,0.0250000004,50,1,0.119999997,0.550000012,0.0133333337
C5_rand_10_r0,1,2280,13.4266663,13,3.50002837,3.28679991,0.0245565493,0.00655654911,0.0141658895,0.0128495656,0.0051504341,3.2777226,14,2.5,6.08058023,0,1,0,0,0,1.41676891,-12.6170425,29.1796684,1.01421797,9.05422306,3.28679991,747.866089,65.8182983,1.28250003,0.0250000004,50,1,0.119999997,0.550000012,0.0133333337
C5_rand_10_r0,1,2281,13.4399996,13,3.62465525,3.28679991,0.024664307,0.00666430779,0.0138049843,0.0125762839,0.00542371627,3.72662282,14,2.5,6.08058023,0,1,0,0,0,1.41676891,-12.6170425,29.1796684,1.01421797,9.05422306,3.28679991,747.866089,65.8182983,1.28250003,0.0250000004,50,1,0.119999997,0.550000012,0.0133333337
C5_rand_10_r0,1,2282,13.4533329,13,3.54927325,3.28679991,0.0247551762,0.00675517693,0.0148901828,0.0127675841,0.00523241609,3.48759699,14,2.5,6.08058023,0,1,0,0,0,1.41676891,-12.6170425,29.1796684,1.01421797,9.05422306,3.28679991,747.866089,65.8182983,1.28250003,0.0250000004,50,1,0.119999997,0.550000012,0.0133333337
C5_rand_10_r0,1,2283,13.4666662,13,3.64205432,3.28679991,0.0248690024,0.00686900318,0.013006134,0.0125487344,0.00545126526,3.71796584,14,2.5,6.08058023,0,1,0,0,0,1.41676891,-12.6170425,29.1796684,1.01421797,9.05422306,3.28679991,747.866089,65.8182983,1.28250003,0.0250000004,50,1,0.119999997,0.550000012,0.0133333337
C5_rand_10_r0,1,2284,13.4799995,13,3.41285825,3.28679991,0.0249229912,0.00692299055,0.0149304103,0.013086224,0.00491377618,3.22533441,14,2.5,6.08058023,0,1,0,0,0,1.41676891,-12.6170425,29.1796684,1.01421797,9.05422306,3.28679991,747.866089,65.8182983,1.28250003,0.0250000004,50,1,0.119999997,0.550000012,0.0133333337
C5_rand_10_r0,1,2285,13.4933329,13,3.64580631,3.28679991,0.0250317119,0.00703171268,0.0127253309,0.0125851259,0.00541487429,3.83639979,14,2.5,6.08058023,0,1,0,0,0,1.41676891,-12.6170425,29.1796684,1.01421797,9.05422306,3.28679991,747.866089,65.8182983,1.28250003,0.0250000004,50,1,0.119999997,0.550000012,0.0133333337
C5_rand_10_r0,1,2286,13.5066671,13,3.85093832,3.28679991,0.0252065379,0.00720653776,0.0140012205,0.0120522417,0.00594775844,4.01877356,14,2.5,6.08058023,0,1,0,0,0,1.41676891,-12.6170425,29.1796684,1.01421797,9.05422306,3.28679991,747.866089,65.8182983,1.28250003,0.0250000004,50,1,0.119999997,0.550000012,0.0133333337
C5_rand_10_r0,1,2287,13.5200005,13,3.54144549,3.28679991,0.0253064111,0.00730641047,0.012971215,0.0126800276,0.00531997206,3.28822422,14,2.5,6.08058023,0,1,0,0,0,1.41676891,-12.6170425,29.1796684,1.01421797,9.05422306,3.28679991,747.866089,65.8182983,1.28250003,0.0250000004,50,1,0.119999997,0.550000012,0.0133333337
C5_rand_10_r0,1,2288,13.5333338,13,3.77672982,3.28679991,0.025459148,0.00745914737,0.0134737715,0.0121652102,0.00583478948,3.96923518,14,2.5,6.08058023,0,1,0,0,0,1.41676891,-12.6170425,29.1796684,1.01421797,9.05422306,3.28679991,747.866089,65.8182983,1.28250003,0.0250000004,50,1,0.119999997,0.550000012,0.0133333337
C5_rand_10_r0,1,2289,13.5466671,13,3.4879539,3.28679991,0.0255404804,0.0075404793,0.0137058143,0.0128455264,0.00515447371,3.25168252,14,2.5,6.08058023,0,1,0,0,0,1.41676891,-12.6170425,29.1796684,1.01421797,9.05422306,3.28679991,747.866089,65.8182983,1.28250003,0.0250000004,50,1,0.119999997,0.550000012,0.0133333337
C5_rand_10_r0,1,2290,13.5600004,13,3.55158234,3.28679991,0.0256275851,0.00762758544,0.0134851858,0.0127519602,0.00524803996,3.60364199,14,2.5,6.08058023,0,1,0,0,0,1.41676891,-12.6170425,29.1796684,1.01421797,9.05422306,3.28679991,747.866089,65.8182983,1.28250003,0.0250000004,50,1,0.119999997,0.550000012,0.0133333337
C5_rand_10_r0,1,2291,13.5733337,13,3.43966675,3.28679991,0.0256845653,0.00768456608,0.0148283662,0.0130631682,0.00493683247,3.34809923,14,2.5,6.08058023,0,1,0,0,0,1.41676891,-12.6170425,29.1796684,1.01421797,9.05422306,3.28679991,747.866089,65.8182983,1.28250003,0.0250000004,50,1,0.119999997,0.550000012,0.0133333337
C5_rand_10_r0,1,2292,13.5866671,13,3.48983717,3.28679991,0.025750462,0.00775046227,0.0131530138,0.0129778339,0.0050221663,3.5308857,14,2.5,6.08058023,0,1,0,0,0,1.41676891,-12.6170425,29.1796684,1.01421797,9.05422306,3.28679991,747.866089,65.8182983,1.28250003,0.0250000004,50,1,0.119999997,0.550000012,0.0133333337
C5_rand_10_r0,1,2293,13.6000004,13,3.6800313,3.28679991,0.0258706752,0.007870676,0.0139470473,0.0125232516,0.00547674857,3.83564496,14,2.5,6.08058023,0,1,0,0,0,1.41676891,-12.6170425,29.1796684,1.01421797,9.05422306,3.28679991,747.866089,65.8182983,1.28250003,0.0250000004,50,1,0.119999997,0.550000012,0.0133333337
C5_rand_10_r0,1,2294,13.6133337,13,3.35513997,3.28679991,0.0259096939,0.00790969469,0.0132893184,0.0132343676,0.00476563256,3.08931994,14,2.5,6.08058023,0,1,0,0,0,1.41676891,-12.6170425,29.1796684,1.01421797,9.05422306,3.28679991,747.866089,65.8182983,1.28250003,0.0250000004,50,1,0.119999997,0.550000012,0.0133333337
C5_rand_10_r0,1,2295,13.626667,13,3.57039738,3.28679991,0.0259949751,0.00799497496,0.0134187629,0.0127843516,0.00521564856,3.74651694,14,2.5,6.08058023,0,1,0,0,0,1.41676891,-12.6170425,29.1796684,1.01421797,9.05422306,3.28679991,747.866089,65.8182983,1.28250003,0.0250000004,50,1,0.119999997,0.550000012,0.0133333337
C5_rand_10_r0,1,2296,13.6400003,13,3.26479292,3.28679991,0.0260030758,0.00800307561,0.0138620511,0.0135185383,0.00448146136,3.0147531,14,2.5,6.08058023,0,1,0,0,0,1.41676891,-12.6170425,29.1796684,1.01421797,9.05422306,3.28679991,747.866089,65.8182983,1.28250003,0.0250000004,50,1,0.119999997,0.550000012,0.0133333337
C5_rand_10_r0,1,2297,13.6533337,13,3.48235273,3.28679991,0.0260587446,0.00805874541,0.013477928,0.0130628264,0.0049371738,3.66035604,14,2.5,6.08058023,0,1,0,0,0,1.41676891,-12.6170425,29.1796684,1.01421797,9.05422306,3.28679991,747.866089,65.8182983,1.28250003,0.0250000004,50,1,0.119999997,0.550000012,0.0133333337
C5_rand_10_r0,1,2298,13.666667,13,3.17083812,3.28679991,0.0260358118,0.00803581253,0.0147869568,0.0138069903,0.00419300981,2.9159627,14,2.5,6.08058023,0,1,0,0,0,1.41676891,-12.6170425,29.1796684,1.01421797,9.05422306,3.28679991,747.866089,65.8182983,1.28250003,0.0250000004,50,1,0.119999997,0.550000012,0.0133333337
C5_rand_10_r0,1,2299,13.6800003,13,3.39299202,3.28679991,0.0260614883,0.00806148816,0.0140847424,0.0133411596,0.0046588406,3.57475448,14,2.5,6.08058023,0,1,0,0,0,1.41676891,-12.6170425,29.1796684,1.01421797,9.05422306,3.28679991,747.866089,65.8182983,1.28250003,0.0250000004,50,1,0.119999997,0.550000012,0.0133333337
C5_rand_10_r0,1,2300,13.6933336,13,3.41437292,3.28679991,0.0261012036,0.00810120441,0.0145325465,0.0132755423,0.00472445786,3.43186641,14,2.5,6.08058023,0,1,0,0,0,1.41676891,-12.6170425,29.1796684,1.01421797,9.05422306,3.28679991,747.866089,65.8182983,1.28250003,0.0250000004,50,1,0.119999997,0.550000012,0.0133333337
C5_rand_10_r0,1,2301,13.7066669,13,3.1092031,3.28679991,0.0260584913,0.00805849116,0.0145411007,0.0139667094,0.00403329125,2.85951853,14,2.5,6.08058023,0,1,0,0,0,1.41676891,-12.6170425,29.1796684,1.01421797,9.05422306,3.28679991,747.866089,65.8182983,1.28250003,0.0250000004,50,1,0.119999997,0.550000012,0.0133333337
C5_rand_10_r0,1,2302,13.7200003,13,3.33391976,3.28679991,0.0260644611,0.00806446094,0.0139089357,0.0135217914,0.00447820872,3.51777911,14,2.5,6.08058023,0,1,0,0,0,1.41676891,-12.6170425,29.1796684,1.01421797,9.05422306,3.28679991,747.866089,65.8182983,1.28250003,0.0250000004,50,1,0.119999997,0.550000012,0.0133333337
C5_rand_10_r0,1,2303,13.7333336,13,3.04679322,3.28679991,0.025998788,0.0079987878,0.0148151899,0.0142086158,0.00379138417,2.81187177,14,2.5,6.08058023,0,1,0,0,0,1.41676891,-12.6170425,29.1796684,1.01421797,9.05422306,3.28679991,747.866089,65.8182983,1.28250003,0.0250000004,50,1,0.119999997,0.550000012,0.0133333337
C5_rand_10_r0,1,2304,13.7466669,13,3.26734424,3.28679991,0.0259824377,0.0079824375,0.0137893781,0.0137366112,0.00426338846,3.44779515,14,2.5,6.08058023,0,1,0,0,0,1.41676891,-12.6170425,29.1796684,1.01421797,9.05422306,3.28679991,747.866089,65.8182983,1.28250003,0.0250000004,50,1,0.119999997,0.550000012,0.0133333337
C5_rand_10_r0,1,2305,13.7600002,13,2.98319554,3.28679991,0.0258953776,0.00789537746,0.0153971976,0.0144082569,0.00359174283,2.75071025,14,2.5,6.08058023,0,1,0,0,0,1.41676891,-12.6170425,29.1796684,1.01421797,9.05422306,3.28679991,747.866089,65.8182983,1.28250003,0.0250000004,50,1,0.119999997,0.550000012,0.0133333337
C5_rand_10_r0,1,2306,13.7733335,13,3.2135551,3.28679991,0.0258605219,0.00786052179,0.014166072,0.0139107322,0.00408926746,3.40203118,14,2.5,6.08058023,0,1,0,0,0,1.41676891,-12.6170425,29.1796684,1.01421797,9.05422306,3.28679991,747.866089,65.8182983,1.28250003,0.0250000004,50,1,0.119999997,0.550000012,0.0133333337
C5_rand_10_r0,1,2307,13.7866669,13,3.25388026,3.28679991,0.0258455686,0.00784556847,0.0151926661,0.0137890521,0.00421094755,3.28687358,14,2.5,6.08058023,0,1,0,0,0,1.41676891,-12.6170425,29.1796684,1.01421797,9.05422306,3.28679991,747.866089,65.8182983,1.28250003,0.0250000004,50,1,0.119999997,0.550000012,0.0133333337
C5_rand_10_r0,1,2308,13.8000002,13,3.12322259,3.28679991,0.0257976372,0.00779763795,0.0149928611,0.0140457265,0.00395427365,3.01632071,14,2.5,6.08058023,0,1,0,0,0,1.41676891,-12.6170425,29.1796684,1.01421797,9.05422306,3.28679991,747.866089,65.8182983,1.28250003,0.0250000004,50,1,0.119999997,0.550000012,0.0133333337
C5_rand_10_r0,1,2309,13.8133335,13,3.19101763,3.28679991,0.0257630441,0.00776304351,0.0143903363,0.0139120966,0.00408790307,3.24648643,14,2.5,6.08058023,0,1,0,0,0,1.41676891,-12.6170425,29.1796684,1.01421797,9.05422306,3.28679991,747.866089,65.8182983,1.28250003,0.0250000004,50,1,0.119999997,0.550000012,0.0133333337
C5_rand_10_r0,1,2310,13.8266668,13,2.95082235,3.28679991,0.0256639514,0.00766395032,0.0160298366,0.0144997993,0.00350020081,2.75429916,14,2.5,6.08058023,0,1,0,0,0,1.41676891,-12.6170425,29.1796684,1.01421797,9.05422306,3.28679991,747.866089,65.8182983,1.28250003,0.0250000004,50,1,0.119999997,0.550000012,0.0133333337
C5_rand_10_r0,1,2311,13.8400002,13,3.18455696,3.28679991,0.0256190337,0.00761903403,0.0140659306,0.0140093565,0.00399064319,3.37579441,14,2.5,6.08058023,0,1,0,0,0,1.41676891,-12.6170425,29.1796684,1.01421797,9.05422306,3.28679991,747.866089,65.8182983,1.28250003,0.0250000004,50,1,0.119999997,0.550000012,0.0133333337
C5_rand_10_r0,1,2312,13.8533335,13,2.96037865,3.28679991,0.025520876,0.00752087543,0.016316954,0.0145240026,0.00347599783,2.7769599,14,2.5,6.08058023,0,1,0,0,0,1.41676891,-12.6170425,29.1796684,1.01421797,9.05422306,3.28679991,747.866089,65.8182983,1.28250003,0.0250000004,50,1,0.119999997,0.550000012,0.0133333337
C5_rand_10_r0,1,2313,13.8666668,13,3.1619277,3.28679991,0.0254698284,0.00746982917,0.0142670916,0.0140698934,0.00393010629,3.32683158,14,2.5,6.08058023,0,1,0,0,0,1.41676891,-12.6170425,29.1796684,1.01421797,9.05422306,3.28679991,747.866089,65.8182983,1.28250003,0.0250000004,50,1,0.119999997,0.550000012,0.0133333337
C5_rand_10_r0,1,2314,13.8800001,13,3.14873838,3.28679991,0.0254229717,0.00742297107,0.0157896001,0.0140736829,0.00392631721,3.13794732,14,2.5,6.08058023,0,1,0,0,0,1.41676891,-12.6170425,29.1796684,1.01421797,9.05422306,3.28679991,747.866089,65.8182983,1.28250003,0.0250000004,50,1,0.119999997,0.550000012,0.0133333337
C5_rand_10_r0,1,2315,13.8933334,13,3.12196469,3.28679991,0.0253693741,0.00736937346,0.0149583705,0.014102228,0.0038977717,3.10005879,14,2.5,6.08058023,0,1,0,0,0,1.41676891,-12.6170425,29.1796684,1.01421797,9.05422306,3.28679991,747.866089,65.8182983,1.28250003,0.0250000004,50,1,0.119999997,0.550000012,0.0133333337
C5_rand_10_r0,1,2316,13.9066668,13,3.11381245,3.28679991,0.0253123883,0.00731238862,0.0149498386,0.0141283423,0.00387165765,3.10714245,14,2.5,6.08058023,0,1,0,0,0,1.41676891,-12.6170425,29.1796684,1.01421797,9.05422306,3.28679991,747.866089,65.8182983,1.28250003,0.0250000004,50,1,0.119999997,0.550000012,0.0133333337
C5_rand_10_r0,1,2317,13.9200001,13,3.12756634,3.28679991,0.0252586603,0.00725865969,0.0160728693,0.0141038746,0.00389612559,3.13881946,14,2.5,6.08058023,0,1,0,0,0,1.41676891,-12.6170425,29.1796684,1.01421797,9.05422306,3.28679991,747.866089,65.8182983,1.28250003,0.0250000004,50,1,0.119999997,0.550000012,0.0133333337
C5_rand_10_r0,1,2318,13.9333334,13,3.10139418,3.28679991,0.0251982026,0.00719820289,0.0146011747,0.0141653577,0.00383464247,3.07998061,14,2.5,6.08058023,0,1,0,0,0,1.41676891,-12.6170425,29.1796684,1.01421797,9.05422306,3.28679991,747.866089,65.8182983,1.28250003,0.0250000004,50,1,0.119999997,0.550000012,0.0133333337
C5_rand_10_r0,1,2319,13.9466667,13,2.50329423,3.28679991,0.0249704868,0.0069704866,0.0160998702,0.0156263243,0.00237367512,2.01393962,14,2.5,6.08058023,0,1,0,0,0,1.41676891,-12.6170425,29.1796684,1.01421797,9.05422306,3.28679991,747.866089,65.8182983,1.28250003,0.0250000004,50,1,0.119999997,0.550000012,0.0133333337
C5_rand_10_r0,1,2320,13.96,13,3.19453359,3.28679991,0.0249069035,0.00690690428,0.0147468969,0.0141746923,0.00382530806,3.76009321,14,2.5,6.08058023,0,1,0,0,0,1.41676891,-12.6170425,29.1796684,1.01421797,9.05422306,3.28679991,747.866089,65.8182983,1.28250003,0.0250000004,50,1,0.119999997,0.550000012,0.0133333337
C5_rand_10_r0,1,2321,13.9733334,13,2.53002214,3.28679991,0.0246860906,0.00668609096,0.0158996284,0.0156797469,0.00232025259,1.98633099,14,2.5,6.08058023,0,1,0,0,0,1.41676891,-12.6170425,29.1796684,1.01421797,9.05422306,3.28679991,747.866089,65.8182983,1.28250003,0.0250000004,50,1,0.119999997,0.550000012,0.0133333337
C5_rand_10_r0,1,2322,13.9866667,13,3.2077899,3.28679991,0.024627341,0.00662734173,0.0153275384,0.0141352508,0.00386474887,3.76232719,14,2.5,6.08058023,0,1,0,0,0,1.41676891,-12.6170425,29.1796684,1.01421797,9.05422306,3.28679991,747.866089,65.8182983,1.28250003,0.0250000004,50,1,0.119999997,0.550000012,0.0133333337
C5_rand_10_r0,1,2323,14,14,3.11123252,3.28679991,0.0245687813,0.0065687811,0.0157647394,0.0142557155,0.00374428462,3.03223085,14,2.5,6.08058023,0,1,0,0,0,-0.672450304,-7.04187489,26.6486416,1.06161141,3.07665253,3.28679991,747.866089,65.8182983,1.28250003,0.0250000004,50,1,0.119999997,0.550000012,0.0133333337
C5_rand_10_r0,1,2324,14.0133333,14,2.61729956,3.28679991,0.0243730489,0.00637304876,0.0160069522,0.0153499106,0.00265008933,2.21317244,14,2.5,6.08058023,0,1,0,0,0,-0.672450304,-7.04187489,26.6486416,1.06161141,3.07665253,3.28679991,747.866089,65.8182983,1.28250003,0.0250000004,50,1,0.119999997,0.550000012,0.0133333337
C5_rand_10_r0,1,2325,14.0266666,14,3.18734193,3.28679991,0.0243127998,0.00631279964,0.0153362956,0.014148009,0.00385199115,3.65374017,14,2.5,6.08058023,0,1,0,0,0,-0.672450304,-7.04187489,26.6486416,1.06161141,3.07665253,3.28679991,747.866089,65.8182983,1.28250003,0.0250000004,50,1,0.119999997,0.550000012,0.0133333337
C5_rand_10_r0,1,2326,14.04,14,2.57586479,3.28679991,0.024105275,0.00610527582,0.0159011893,0.0155428294,0.00245717098,2.07556534,14,2.5,6.08058023,0,1,0,0,0,-0.672450304,-7.04187489,26.6486416,1.06161141,3.07665253,3.28679991,747.866089,65.8182983,1.28250003,0.0250000004,50,1,0.119999997,0.550000012,0.0133333337
C5_rand_10_r0,1,2327,14.0533333,14,3.2543714,3.28679991,0.0240616817,0.00606168061,0.0154030817,0.0140019814,0.00399801834,3.80951333,14,2.5,6.08058023,0,1,0,0,0,-0.672450304,-7.04187489,26.6486416,1.06161141,3.07665253,3.28679991,747.866089,65.8182983,1.28250003,0.0250000004,50,1,0.119999997,0.550000012,0.0133333337
C5_rand_10_r0,1,2328,14.0666666,14,2.59751105,3.28679991,0.0238629449,0.00586294569,0.015635971,0.0154755935,0.00252440642,2.06007981,14,2.5,6.08058023,0,1,0,0,0,-0.672450304,-7.04187489,26.6486416,1.06161141,3.07665253,3.28679991,747.866089,65.8182983,1.28250003,0.0250000004,50,1,0.119999997,0.550000012,0.0133333337
C5_rand_10_r0,1,2329,14.0799999,14,2.66342807,3.28679991,0.0236566644,0.00565666426,0.0155147016,0.015415933,0.00258406717,2.71736026,14,2.5,6.08058023,0,1,0,0,0,-0.672450304,-7.04187489,26.6486416,1.06161141,3.07665253,3.28679991,747.866089,65.8182983,1.28250003,0.0250000004,50,1,0.119999997,0.550000012,0.0133333337
C5_rand_10_r0,1,2330,14.0933332,14,2.72139812,3.28679991,0.0234652273,0.00546522811,0.0155154923,0.0153869614,0.00261303852,2.76882815,14,2.5,6.08058023,0,1,0,0,0,-0.672450304,-7.04187489,26.6486416,1.06161141,3.07665253,3.28679991,747.866089,65.8182983,1.28250003,0.0250000004,50,1,0.119999997,0.550000012,0.0133333337
C5_rand_10_r0,1,2331,14.1066666,14,2.69595671,3.28679991,0.0232691988,0.00526919914,0.0158777889,0.0154338451,0.00256615505,2.6751411,14,2.5,6.08058023,0,1,0,0,0,-0.672450304,-7.04187489,26.6486416,1.06161141,3.07665253,3.28679991,747.866089,65.8182983,1.28250003,0.0250000004,50,1,0.119999997,0.550000012,0.0133333337
C5_rand_10_r0,1,2332,14.1199999,14,2.77301717,3.28679991,0.0230938103,0.00509380968,0.01551197,0.0152429184,0.00275708176,2.83606648,14,2.5,6.08058023,0,1,0,0,0,-0.672450304,-7.04187489,26.6486416,1.06161141,3.07665253,3.28679991,747.866089,65.8182983,1.28250003,0.0250000004,50,1,0.119999997,0.550000012,0.0133333337
C5_rand_10_r0,1,2333,14.1333332,14,2.83966351,3.28679991,0.022940373,0.00494037382,0.0162705258,0.0150562059,0.00294379448,2.89419246,14,2.5,6.08058023,0,1,0,0,0,-0.672450304,-7.04187489,26.6486416,1.06161141,3.07665253,3.28679991,747.866089,65.8182983,1.28250003,0.0250000004,50,1,0.119999997,0.550000012,0.0133333337
C5_rand_10_r0,1,2334,14.1466665,14,2.82666802,3.28679991,0.0227869861,0.00478698686,0.0156233953,0.0150447907,0.0029552097,2.81603527,14,2.5,6.08058023,0,1,0,0,0,-0.672450304,-7.04187489,26.6486416,1.06161141,3.07665253,3.28679991,747.866089,65.8182983,1.28250003,0.0250000004,50,1,0.119999997,0.550000012,0.0133333337
C5_rand_10_r0,1,2335,14.1599998,14,2.90691447,3.28679991,0.0226558987,0.00465589855,0.0160958543,0.0148352226,0.00316477777,2.9725709,14,2.5,6.08058023,0,1,0,0,0,-0.672450304,-7.04187489,26.6486416,1.06161141,3.07665253,3.28679991,747.866089,65.8182983,1.28250003,0.0250000004,50,1,0.119999997,0.550000012,0.0133333337
C5_rand_10_r0,1,2336,14.1733332,14,2.90205145,3.28679991,0.022527175,0.0045271758,0.0158571564,0.0148170879,0.00318291225,2.89807248,14,2.5,6.08058023,0,1,0,0,0,-0.672450304,-7.04187489,26.6486416,1.06161141,3.07665253,3.28679991,747.866089,65.8182983,1.28250003,0.0250000004,50,1,0.119999997,0.550000012,0.0133333337
C5_rand_10_r0,1,2337,14.1866665,14,2.70334768,3.28679991,0.0223436523,0.00434365217,0.0156271532,0.0152823562,0.00271764374,2.54077196,14,2.5,6.08058023,0,1,0,0,0,-0.672450304,-7.04187489,26.6486416,1.06161141,3.07665253,3.28679991,747.866089,65.8182983,1.28250003,0.0250000004,50,1,0.119999997,0.550000012,0.0133333337
C5_rand_10_r0,1,2338,14.1999998,14,2.72934532,3.28679991,0.0221582167,0.00415821606,0.0159370117,0.0152911432,0.00270885695,2.75061584,14,2.5,6.08058023,0,1,0,0,0,-0.672450304,-7.04187489,26.6486416,1.06161141,3.07665253,3.28679991,747.866089,65.8182983,1.28250003,0.0250000004,50,1,0.119999997,0.550000012,0.0133333337
C5_rand_10_r0,1,2339,14.2133331,14,2.8229692,3.28679991,0.0219984688,0.00399846816,0.0151814036,0.0151020661,0.00289793336,2.89957047,14,2.5,6.08058023,0,1,0,0,0,-0.672450304,-7.04187489,26.6486416,1.06161141,3.07665253,3.28679991,747.866089,65.8182983,1.28250003,0.0250000004,50,1,0.119999997,0.550000012,0.0133333337
C5_rand_10_r0,1,2340,14.2266665,14,2.82029438,3.28679991,0.0218422581,0.00384225859,0.0159319583,0.0150753502,0.00292464928,2.81810617,14,2.5,6.08058023,0,1,0,0,0,-0.672450304,-7.04187489,26.6486416,1.06161141,3.07665253,3.28679991,747.866089,65.8182983,1.28250003,0.0250000004,50,1,0.119999997,0.550000012,0.0133333337
C5_rand_10_r0,1,2341,14.2399998,14,2.89722395,3.28679991,0.0217080079,0.00370800821,0.0148777599,0.0148667125,0.00313328765,2.96016622,14,2.5,6.08058023,0,1,0,0,0,-0.672450304,-7.04187489,26.6486416,1.06161141,3.07665253,3.28679991,747.866089,65.8182983,1.28250003,0.0250000004,50,1,0.119999997,0.550000012,0.0133333337
C5_rand_10_r0,1,2342,14.2533331,14,2.54519153,3.28679991,0.0214796308,0.00347963092,0.0157749671,0.0156907681,0.00230923272,2.25716519,14,2.5,6.08058023,0,1,0,0,0,-0.672450304,-7.04187489,26.6486416,1.06161141,3.07665253,3.28679991,747.866089,65.8182983,1.28250003,0.0250000004,50,1,0.119999997,0.550000012,0.0133333337
C5_rand_10_r0,1,2343,14.2666664,14,3.04356885,3.28679991,0.021374004,0.00337400381,0.0147212958,0.0145910373,0.00340896216,3.45133209,14,2.5,6.08058023,0,1,0,0,0,-0.672450304,-7.04187489,26.6486416,1.06161141,3.07665253,3.28679991,747.866089,65.8182983,1.28250003,0.0250000004,50,1,0.119999997,0.550000012,0.0133333337
C5_rand_10_r0,1,2344,14.2799997,14,3.05013061,3.28679991,0.021290658,0.00329065765,0.0153976223,0.0144721391,0.00352786109,3.05549955,14,2.5,6.08058023,0,1,0,0,0,-0.672450304,-7.04187489,26.6486416,1.06161141,3.07665253,3.28679991,747.866089,65.8182983,1.28250003,0.0250000004,50,1,0.119999997,0.550000012,0.0133333337
C5_rand_10_r0,1,2345,14.2933331,14,3.07970667,3.28679991,0.0212192405,0.00321924081,0.0147177372,0.0142897582,0.00371024152,3.10390544,14,2.5,6.08058023,0,1,0,0,0,-0.672450304,-7.04187489,26.6486416,1.06161141,3.07665253,3.28679991,747.866089,65.8182983,1.28250003,0.0250000004,50,1,0.119999997,0.550000012,0.0133333337
C5_rand_10_r0,1,2346,14.3066664,14,3.35540676,3.28679991,0.0212263949,0.00322639546,0.0146404169,0.0135888532,0.00441114651,3.58097935,14,2.5,6.08058023,0,1,0,0,0,-0.672450304,-7.04187489,26.6486416,1.06161141,3.07665253,3.28679991,747.866089,65.8182983,1.28250003,0.0250000004,50,1,0.119999997,0.550000012,0.0133333337
C5_rand_10_r0,1,2347,14.3199997,14,3.13664222,3.28679991,0.0211858768,0.00318587734,0.0148941819,0.0140074305,0.00399256963,2.95765328,14,2.5,6.08058023,0,1,0,0,0,-0.672450304,-7.04187489,26.6486416,1.06161141,3.07665253,3.28679991,747.866089,65.8182983,1.28250003,0.0250000004,50,1,0.119999997,0.550000012,0.0133333337
C5_rand_10_r0,1,2348,14.333333,14,3.52237654,3.28679991,0.0212445632,0.00324456231,0.0139086992,0.0130820507,0.00491794944,3.83797741,14,2.5,6.08058023,0,1,0,0,0,-0.672450304,-7.04187489,26.6486416,1.06161141,3.07665253,3.28679991,747.866089,65.8182983,1.28250003,0.0250000004,50,1,0.119999997,0.550000012,0.0133333337
C5_rand_10_r0,1,2349,14.3466663,14,3.39848661,3.28679991,0.0212853681,0.00328536727,0.0141987838,0.0132814078,0.00471859192,3.29712224,14,2.5,6.08058023,0,1,0,0,0,-0.672450304,-7.04187489,26.6486416,1.06161141,3.07665253,3.28679991,747.866089,65.8182983,1.28250003,0.0250000004,50,1,0.119999997,0.550000012,0.0133333337
C5_rand_10_r0,1,2350,14.3599997,14,3.65238595,3.28679991,0.0213937201,0.00339371967,0.0136359995,0.0126230158,0.0053769839,3.86012149,14,2.5,6.08058023,0,1,0,0,0,-0.672450304,-7.04187489,26.6486416,1.06161141,3.07665253,3.28679991,747.866089,65.8182983,1.28250003,0.0250000004,50,1,0.119999997,0.550000012,0.0133333337
C5_rand_10_r0,1,2351,14.373333,14,3.52905869,3.28679991,0.021479072,0.00347907259,0.0131645808,0.0128439311,0.00515606906,3.42815471,14,2.5,6.08058023,0,1,0,0,0,-0.672450304,-7.04187489,26.6486416,1.06161141,3.07665253,3.28679991,747.866089,65.8182983,1.28250003,0.0250000004,50,1,0.119999997,0.550000012,0.0133333337
C5_rand_10_r0,1,2352,14.3866663,14,3.77078032,3.28679991,0.0216277372,0.00362773705,0.0138552589,0.012242794,0.00575720612,3.96855259,14,2.5,6.08058023,0,1,0,0,0,-0.672450304,-7.04187489,26.6486416,1.06161141,3.07665253,3.28679991,747.866089,65.8182983,1.28250003,0.0250000004,50,1,0.119999997,0.550000012,0.0133333337
C5_rand_10_r0,1,2353,14.3999996,14,3.64109373,3.28679991,0.0217509288,0.00375092938,0.0126365395,0.0124882152,0.00551178493,3.53498673,14,2.5,6.08058023,0,1,0,0,0,-0.672450304,-7.04187489,26.6486416,1.06161141,3.07665253,3.28679991,747.866089,65.8182983,1.28250003,0.0250000004,50,1,0.119999997,0.550000012,0.0133333337
C5_rand_10_r0,1,2354,14.4133329,14,3.52053666,3.28679991,0.0218363889,0.00383638823,0.0133746127,0.0127739338,0.00522606587,3.42189884,14,2.5,6.08058023,0,1,0,0,0,-0.672450304,-7.04187489,26.6486416,1.06161141,3.07665253,3.28679991,747.866089,65.8182983,1.28250003,0.0250000004,50,1,0.119999997,0.550000012,0.0133333337
C5_rand_10_r0,1,2355,14.4266663,14,3.77535939,3.28679991,0.021986343,0.00398634234,0.0126653044,0.0122217778,0.00577822188,3.98385072,14,2.5,6.08058023,0,1,0,0,0,-0.672450304,-7.04187489,26.6486416,1.06161141,3.07665253,3.28679991,747.866089,65.8182983,1.28250003,0.0250000004,50,1,0.119999997,0.550000012,0.0133333337
C5_rand_10_r0,1,2356,14.4399996,14,3.62746453,3.28679991,0.0221059639,0.00410596374,0.0126156677,0.0125195496,0.00548045058,3.50645971,14,2.5,6.08058023,0,1,0,0,0,-0.672450304,-7.04187489,26.6486416,1.06161141,3.07665253,3.28679991,747.866089,65.8182983,1.28250003,0.0250000004,50,1,0.119999997,0.550000012,0.0133333337
C5_rand_10_r0,1,2357,14.4533329,14,3.8246789,3.28679991,0.0222753119,0.00427531125,0.0132229654,0.0120384609,0.00596153876,3.98603606,14,2.5,6.08058023,0,1,0,0,0,-0.672450304,-7.04187489,26.6486416,1.06161141,3.07665253,3.28679991,747.866089,65.8182983,1.28250003,0.0250000004,50,1,0.119999997,0.550000012,0.0133333337
C5_rand_10_r0,1,2358,14.4666662,14,3.67846751,3.28679991,0.0224123318,0.00441233255,0.0124152899,0.0123471022,0.00565289753,3.5588398,14,2.5,6.08058023,0,1,0,0,0,-0.672450304,-7.04187489,26.6486416,1.06161141,3.07665253,3.28679991,747.866089,65.8182983,1.28250003,0.0250000004,50,1,0.119999997,0.550000012,0.0133333337
C5_rand_10_r0,1,2359,14.4799995,14,3.5609467,3.28679991,0.0225113221,0.00451132143,0.0130683351,0.0126435552,0.00535644451,3.46479344,14,2.5,6.08058023,0,1,0,0,0,-0.672450304,-7.04187489,26.6486416,1.06161141,3.07665253,3.28679991,747.866089,65.8182983,1.28250003,0.0250000004,50,1,0.119999997,0.550000012,0.0133333337
C5_rand_10_r0,1,2360,14.4933329,14,3.75228786,3.28679991,0.0226571206,0.00465712138,0.0127804745,0.0122506339,0.00574936578,3.90883946,14,2.5,6.08058023,0,1,0,0,0,-0.672450304,-7.04187489,26.6486416,1.06161141,3.07665253,3.28679991,747.866089,65.8182983,1.28250003,0.0250000004,50,1,0.119999997,0.550000012,0.0133333337
C5_rand_10_r0,1,2361,14.5066671,14,3.60198164,3.28679991,0.0227689724,0.00476897229,0.0129447775,0.0125781959,0.00542180426,3.47900414,14,2.5,6.08058023,0,1,0,0,0,-0.672450304,-7.04187489,26.6486416,1.06161141,3.07665253,3.28679991,747.866089,65.8182983,1.28250003,0.0250000004,50,1,0.119999997,0.550000012,0.0133333337
C5_rand_10_r0,1,2362,14.5200005,14,3.75805378,3.28679991,0.0229185168,0.00491851754,0.0136398384,0.0122135924,0.00578640727,3.88574934,14,2.5,6.08058023,0,1,0,0,0,-0.672450304,-7.04187489,26.6486416,1.06161141,3.07665253,3.28679991,747.866089,65.8182983,1.28250003,0.0250000004,50,1,0.119999997,0.550000012,0.0133333337
C5_rand_10_r0,1,2363,14.5333338,14,3.61165214,3.28679991,0.0230336785,0.00503367884,0.0130726537,0.0125412168,0.00545878336,3.49186873,14,2.5,6.08058023,0,1,0,0,0,-0.672450304,-7.04187489,26.6486416,1.06161141,3.07665253,3.28679991,747.866089,65.8182983,1.28250003,0.0250000004,50,1,0.119999997,0.550000012,0.0133333337
C5_rand_10_r0,1,2364,14.5466671,14,3.48592472,3.28679991,0.0231081843,0.00510818465,0.0139622418,0.0128682805,0.00513171917,3.38305712,14,2.5,6.08058023,0,1,0,0,0,-0.672450304,-7.04187489,26.6486416,1.06161141,3.07665253,3.28679991,747.866089,65.8182983,1.28250003,0.0250000004,50,1,0.119999997,0.550000012,0.0133333337
C5_rand_10_r0,1,2365,14.5600004,14,3.55211997,3.28679991,0.0231943019,0.00519430218,0.0134409489,0.0127844801,0.0052155205,3.60627961,14,2.5,6.08058023,0,1,0,0,0,-0.672450304,-7.04187489,26.6486416,1.06161141,3.07665253,3.28679991,747.866089,65.8182983,1.28250003,0.0250000004,50,1,0.119999997,0.550000012,0.0133333337
C5_rand_10_r0,1,2366,14.5733337,14,3.57144737,3.28679991,0.0232877247,0.00528772408,0.0135266613,0.0127485953,0.00525140483,3.58726072,14,2.5,6.08058023,0,1,0,0,0,-0.672450304,-7.04187489,26.6486416,1.06161141,3.07665253,3.28679991,747.866089,65.8182983,1.28250003,0.0250000004,50,1,0.119999997,0.550000012,0.0133333337
C5_rand_10_r0,1,2367,14.5866671,14,3.60103726,3.28679991,0.0233905818,0.00539058214,0.0141272629,0.0126592331,0.00534076663,3.625247,14,2.5,6.08058023,0,1,0,0,0,-0.672450304,-7.04187489,26.6486416,1.06161141,3.07665253,3.28679991,747.866089,65.8182983,1.28250003,0.0250000004,50,1,0.119999997,0.550000012,0.0133333337
C5_rand_10_r0,1,2368,14.6000004,14,3.64775658,3.28679991,0.0235079918,0.00550799118,0.0126688033,0.0125281923,0.00547180744,3.68598151,14,2.5,6.08058023,0,1,0,0,0,-0.672450304,-7.04187489,26.6486416,1.06161141,3.07665253,3.28679991,747.866089,65.8182983,1.28250003,0.0250000004,50,1,0.119999997,0.550000012,0.0133333337
C5_rand_10_r0,1,2369,14.6133337,14,3.67732477,3.28679991,0.0236360375,0.00563603826,0.0143161863,0.0124305869,0.00556941377,3.70151687,14,2.5,6.08058023,0,1,0,0,0,-0.672450304,-7.04187489,26.6486416,1.06161141,3.07665253,3.28679991,747.866089,65.8182983,1.28250003,0.0250000004,50,1,0.119999997,0.550000012,0.0133333337
C5_rand_10_r0,1,2370,14.626667,14,3.69956923,3.28679991,0.0237720367,0.00577203743,0.0127371605,0.0123526789,0.00564732123,3.71776915,14,2.5,6.08058023,0,1,0,0,0,-0.672450304,-7.04187489,26.6486416,1.06161141,3.07665253,3.28679991,747.866089,65.8182983,1.28250003,0.0250000004,50,1,0.119999997,0.550000012,0.0133333337
C5_rand_10_r0,1,2371,14.6400003,14,3.67352366,3.28679991,0.0239021275,0.00590212736,0.0145232407,0.0123983445,0.00560165523,3.65221357,14,2.5,6.08058023,0,1,0,0,0,-0.672450304,-7.04187489,26.6486416,1.06161141,3.07665253,3.28679991,747.866089,65.8182983,1.28250003,0.0250000004,50,1,0.119999997,0.550000012,0.0133333337
C5_rand_10_r0,1,2372,14.6533337,14,3.73327184,3.28679991,0.0240478292,0.00604782905,0.0137613397,0.0122557981,0.00574420206,3.78215671,14,2.5,6.08058023,0,1,0,0,0,-0.672450304,-7.04187489,26.6486416,1.06161141,3.07665253,3.28679991,747.866089,65.8182983,1.28250003,0.0250000004,50,1,0.119999997,0.550000012,0.0133333337
C5_rand_10_r0,1,2373,14.666667,14,3.68152022,3.28679991,0.0241817571,0.00618175697,0.0135387424,0.0123645421,0.00563545804,3.63917804,14,2.5,6.08058023,0,1,0,0,0,-0.672450304,-7.04187489,26.6486416,1.06161141,3.07665253,3.28679991,747.866089,65.8182983,1.28250003,0.0250000004,50,1,0.119999997,0.550000012,0.0133333337
C5_rand_10_r0,1,2374,14.6800003,14,3.6595242,3.28679991,0.0243076123,0.00630761264,0.0154278791,0.0124235703,0.00557642989,3.64152741,14,2.5,6.08058023,0,1,0,0,0,-0.672450304,-7.04187489,26.6486416,1.06161141,3.07665253,3.28679991,747.866089,65.8182983,1.28250003,0.0250000004,50,1,0.119999997,0.550000012,0.0133333337
C5_rand_10_r0,1,2375,14.6933336,14,3.67099547,3.28679991,0.0244353097,0.00643531,0.0134234726,0.0124142431,0.00558575662,3.68038106,14,2.5,6.08058023,0,1,0,0,0,-0.672450304,-7.04187489,26.6486416,1.06161141,3.07665253,3.28679991,747.866089,65.8182983,1.28250003,0.0250000004,50,1,0.119999997,0.550000012,0.0133333337
C5_rand_10_r0,1,2376,14.7066669,14,2.73044777,3.28679991,0.0243020505,0.00630205031,0.0148985935,0.0147036929,0.00329630706,1.96090853,14,2.5,6.08058023,0,1,0,0,0,-0.672450304,-7.04187489,26.6486416,1.06161141,3.07665253,3.28679991,747.866089,65.8182983,1.28250003,0.0250000004,50,1,0.119999997,0.550000012,0.0133333337
C5_rand_10_r0,1,2377,14.7200003,14,3.75830269,3.28679991,0.024410814,0.00641081342,0.0142060714,0.0125538111,0.00544618908,4.59927511,14,2.5,6.08058023,0,1,0,0,0,-0.672450304,-7.04187489,26.6486416,1.06161141,3.07665253,3.28679991,747.866089,65.8182983,1.28250003,0.0250000004,50,1,0.119999997,0.550000012,0.0133333337
C5_rand_10_r0,1,2378,14.7333336,14,2.76041269,3.28679991,0.0242827218,0.00628272165,0.0151672289,0.0148263397,0.00317366072,1.94395733,14,2.5,6.08058023,0,1,0,0,0,-0.672450304,-7.04187489,26.6486416,1.06161141,3.07665253,3.28679991,747.866089,65.8182983,1.28250003,0.0250000004,50,1,0.119999997,0.550000012,0.0133333337
C5_rand_10_r0,1,2379,14.7466669,14,3.65578794,3.28679991,0.0243638698,0.00636387011,0.0157517791,0.0128085334,0.00519146631,4.38836765,14,2.5,6.08058023,0,1,0,0,0,-0.672450304,-7.04187489,26.6486416,1.06161141,3.07665253,3.28679991,747.866089,65.8182983,1.28250003,0.0250000004,50,1,0.119999997,0.550000012,0.0133333337
C5_rand_10_r0,1,2380,14.7600002,14,3.52804232,3.28679991,0.0244444069,0.00644440623,0.0154308733,0.0129937762,0.00500622345,3.42352295,14,2.5,6.08058023,0,1,0,0,0,-0.672450304,-7.04187489,26.6486416,1.06161141,3.07665253,3.28679991,747.866089,65.8182983,1.28250003,0.0250000004,50,1,0.119999997,0.550000012,0.0133333337
C5_rand_10_r0,1,2381,14.7733335,14,2.57950878,3.28679991,0.0242613591,0.00626135943,0.0160457753,0.0151632866,0.0028367138,1.80343592,14,2.5,6.08058023,0,1,0,0,0,-0.672450304,-7.04187489,26.6486416,1.06161141,3.07665253,3.28679991,747.866089,65.8182983,1.28250003,0.0250000004,50,1,0.119999997,0.550000012,0.0133333337
C5_rand_10_r0,1,2382,14.7866669,14,3.45464349,3.28679991,0.0242774747,0.00627747457,0.0158488937,0.0133898268,0.00461017294,4.17066288,14,2.5,6.08058023,0,1,0,0,0,-0.672450304,-7.04187489,26.6486416,1.06161141,3.07665253,3.28679991,747.866089,65.8182983,1.28250003,0.0250000004,50,1,0.119999997,0.550000012,0.0133333337
C5_rand_10_r0,1,2383,14.8000002,14,2.54285622,3.28679991,0.0240735095,0.00607350934,0.0161011387,0.015512269,0.00248773093,1.79684854,14,2.5,6.08058023,0,1,0,0,0,-0.672450304,-7.04187489,26.6486416,1.06161141,3.07665253,3.28679991,747.866089,65.8182983,1.28250003,0.0250000004,50,1,0.119999997,0.550000012,0.0133333337
C5_rand_10_r0,1,2384,14.8133335,14,3.26566911,3.28679991,0.0240336452,0.00603364548,0.0170010291,0.0139196133,0.00408038683,3.85706139,14,2.5,6.08058023,0,1,0,0,0,-0.672450304,-7.04187489,26.6486416,1.06161141,3.07665253,3.28679991,747.866089,65.8182983,1.28250003,0.0250000004,50,1,0.119999997,0.550000012,0.0133333337
C5_rand_10_r0,1,2385,14.8266668,14,2.39703274,3.28679991,0.0237798449,0.00577984424,0.016939519,0.0159556456,0.00204435503,1.6863302,14,2.5,6.08058023,0,0,0,0,0,-0.672450304,-7.04187489,26.6486416,1.06161141,3.07665253,3.28679991,747.866089,65.8182983,1.28250003,0.0250000004,50,1,0.119999997,0.550000012,0.0133333337
C5_rand_10_r0,1,2386,14.8400002,14,2.55150557,3.28679991,0.0235332958,0.00553329522,0.0172346234,0.0157594848,0.00224051485,2.67789245,14,2.5,6.08058023,0,1,0,0,0,-0.672450304,-7.04187489,26.6486416,1.06161141,3.07665253,3.28679991,747.866089,65.8182983,1.28250003,0.0250000004,50,1,0.119999997,0.550000012,0.0133333337
C5_rand_10_r0,1,2387,14.8533335,14,2.24630117,3.28679991,0.0232031755,0.00520317629,0.0176198669,0.0166321844,0.00136781612,1.99658847,14,2.5,6.08058023,0,0,0,0,0,-0.672450304,-7.04187489,26.6486416,1.06161141,3.07665253,3.28679991,747.866089,65.8182983,1.28250003,0.0250000004,50,1,0.119999997,0.550000012,0.0133333337
C5_rand_10_r0,1,2388,14.8666668,14,2.63127899,3.28679991,0.0229660682,0.00496606762,0.0168272275,0.0158036314,0.00219636783,2.94626093,14,2.5,6.08058023,0,1,0,0,0,-0.672450304,-7.04187489,26.6486416,1.06161141,3.07665253,3.28679991,747.866089,65.8182983,1.28250003,0.0250000004,50,1,0.119999997,0.550000012,0.0133333337
C5_rand_10_r0,1,2389,14.8800001,14,2.24919367,3.28679991,0.0226383246,0.00463832542,0.0177650917,0.016662579,0.00133742124,1.93657851,14,2.5,6.08058023,0,0,0,0,0,-0.672450304,-7.04187489,26.6486416,1.06161141,3.07665253,3.28679991,747.866089,65.8182983,1.28250003,0.0250000004,50,1,0.119999997,0.550000012,0.0133333337
C5_rand_10_r0,1,2390,14.8933334,14,2.60565543,3.28679991,0.0223944951,0.00439449493,0.0170513503,0.0158565417,0.0021434587,2.89730573,14,2.5,6.08058023,0,1,0,0,0,-0.672450304,-7.04187489,26.6486416,1.06161141,3.07665253,3.28679991,747.866089,65.8182983,1.28250003,0.0250000004,50,1,0.119999997,0.550000012,0.0133333337
C5_rand_10_r0,1,2391,14.9066668,14,2.99961829,3.28679991,0.0222740844,0.00427408377,0.0174629092,0.0148456376,0.00315436255,3.32195139,14,2.5,6.08058023,0,1,0,0,0,-0.672450304,-7.04187489,26.6486416,1.06161141,3.07665253,3.28679991,747.866089,65.8182983,1.28250003,0.0250000004,50,1,0.119999997,0.550000012,0.0133333337
C5_rand_10_r0,1,2392,14.9200001,14,2.39741445,3.28679991,0.0220069643,0.00400696369,0.0173968915,0.0160889793,0.00191102002,1.90470243,14,2.5,6.08058023,0,0,0,0,0,-0.672450304,-7.04187489,26.6486416,1.06161141,3.07665253,3.28679991,747.866089,65.8182983,1.28250003,0.0250000004,50,1,0.119999997,0.550000012,0.0133333337
C5_rand_10_r0,1,2393,14.9333334,14,2.95718598,3.28679991,0.021870885,0.00387088419,0.0167410374,0.0148439575,0.00315604289,3.41518068,14,2.5,6.08058023,0,1,0,0,0,-0.672450304,-7.04187489,26.6486416,1.06161141,3.07665253,3.28679991,747.866089,65.8182983,1.28250003,0.0250000004,50,1,0.119999997,0.550000012,0.0133333337
C5_rand_10_r0,1,2394,14.9466667,14,2.03800464,3.28679991,0.0215375517,0.0035375508,0.0174315106,0.0169990771,0.00100092229,1.28594697,14,2.5,6.08058023,0,0,0,0,0,-0.672450304,-7.04187489,26.6486416,1.06161141,3.07665253,3.28679991,747.866089,65.8182983,1.28250003,0.0250000004,50,1,0.119999997,0.550000012,0.0133333337
C5_rand_10_r0,1,2395,14.96,14,2.92135429,3.28679991,0.0213804822,0.00338048255,0.0167063065,0.0148875052,0.00311249471,3.64409518,14,2.5,6.08058023,0,1,0,0,0,-0.672450304,-7.04187489,26.6486416,1.06161141,3.07665253,3.28679991,747.866089,65.8182983,1.28250003,0.0250000004,50,1,0.119999997,0.550000012,0.0133333337
C5_rand_10_r0,1,2396,14.9733334,14,3.39383245,3.28679991,0.0213840362,0.00338403578,0.0175954271,0.0137744742,0.00422552601,3.78040552,14,2.5,6.08058023,0,1,0,0,0,-0.672450304,-7.04187489,26.6486416,1.06161141,3.07665253,3.28679991,747.866089,65.8182983,1.28250003,0.0250000004,50,1,0.119999997,0.550000012,0.0133333337
C5_rand_10_r0,1,2397,14.9866667,14,2.57089972,3.28679991,0.0211857669,0.00318576675,0.0170063823,0.0154438959,0.00255610375,1.89759123,14,2.5,6.08058023,0,1,0,0,0,-0.672450304,-7.04187489,26.6486416,1.06161141,3.07665253,3.28679991,747.866089,65.8182983,1.28250003,0.0250000004,50,1,0.119999997,0.550000012,0.0133333337
C5_rand_10_r0,1,2398,15,15,3.29905629,3.28679991,0.0211561266,0.00315612648,0.0167099703,0.0138390446,0.00416095508,3.89482069,14,2.5,6.08058023,0,1,0,0,0,1.69049549,-1.56930602,29.720192,0.985781968,1.76289272,3.28679991,747.866089,65.8182983,1.28250003,0.0250000004,50,1,0.119999997,0.550000012,0.0133333337
C5_rand_10_r0,1,2399,15.0133333,15,4.1310668,3.28679991,0.0213857051,0.00338570517,0.0171740893,0.0117224716,0.00627752813,4.81180286,14,2.5,6.08058023,0,1,0,0,0,1.69049549,-1.56930602,29.720192,0.985781968,1.76289272,3.28679991,747.866089,65.8182983,1.28250003,0.0250000004,50,1,0.119999997,0.550000012,0.0133333337
C5_rand_10_r0,1,2400,15.0266666,15,3.00517058,3.28679991,0.0213457383,0.00334573793,0.0165596921,0.0140011413,0.00399885885,2.08398271,14,2.5,6.08058023,0,1,0,0,0,1.69049549,-1.56930602,29.720192,0.985781968,1.76289272,3.28679991,747.866089,65.8182983,1.28250003,0.0250000004,50,1,0.119999997,0.550000012,0.0133333337
C5_rand_10_r0,1,2401,15.04,15,3.99363708,3.28679991,0.0215354208,0.0035354204,0.0168612693,0.0117895994,0.00621040026,4.80238247,14,2.5,6.08058023,0,1,0,0,0,1.69049549,-1.56930602,29.720192,0.985781968,1.76289272,3.28679991,747.866089,65.8182983,1.28250003,0.0250000004,50,1,0.119999997,0.550000012,0.0133333337
C5_rand_10_r0,1,2402,15.0533333,15,4.05267859,3.28679991,0.0217797775,0.00377977802,0.0169248078,0.0115148025,0.00648519769,4.10098505,14,2.5,6.08058023,0,1,0,0,0,1.69049549,-1.56930602,29.720192,0.985781968,1.76289272,3.28679991,747.866089,65.8182983,1.28250003,0.0250000004,50,1,0.119999997,0.550000012,0.0133333337
C5_rand_10_r0,1,2403,15.0666666,15,2.26708841,3.28679991,0.0215372518,0.00353725115,0.0162043776,0.0156317372,0.0023682632,0.806150913,14,2.5,6.08058023,0,0,0,0,0,1.69049549,-1.56930602,29.720192,0.985781968,1.76289272,3.28679991,747.866089,65.8182983,1.28250003,0.0250000004,50,1,0.119999997,0.550000012,0.0133333337
C5_rand_10_r0,1,2404,15.0799999,15,4.12875032,3.28679991,0.0217307042,0.00373070501,0.0165701769,0.0117232539,0.00627674581,5.65192795,14,2.5,6.08058023,0,1,0,0,0,1.69049549,-1.56930602,29.720192,0.985781968,1.76289272,3.28679991,747.866089,65.8182983,1.28250003,0.0250000004,50,1,0.119999997,0.550000012,0.0133333337
C5_rand_10_r0,1,2405,15.0933332,15,2.45353246,3.28679991,0.021531485,0.00353148417,0.0160476919,0.0155304829,0.00246951706,1.08289969,14,2.5,6.08058023,0,0,0,0,0,1.69049549,-1.56930602,29.720192,0.985781968,1.76289272,3.28679991,747.866089,65.8182983,1.28250003,0.0250000004,50,1,0.119999997,0.550000012,0.0133333337
C5_rand_10_r0,1,2406,15.1066666,15,2.57179642,3.28679991,0.0212996677,0.00329966843,0.0160051901,0.0154837538,0.00251624594,2.66855788,14,2.5,6.08058023,0,1,0,0,0,1.69049549,-1.56930602,29.720192,0.985781968,1.76289272,3.28679991,747.866089,65.8182983,1.28250003,0.0250000004,50,1,0.119999997,0.550000012,0.0133333337
C5_rand_10_r0,1,2407,15.1199999,15,4.2122941,3.28679991,0.021518115,0.00351811433,0.0164167378,0.011796942,0.00620305818,5.55451918,14,2.5,6.08058023,0,1,0,0,0,1.69049549,-1.56930602,29.720192,0.985781968,1.76289272,3.28679991,747.866089,65.8182983,1.28250003,0.0250000004,50,1,0.119999997,0.550000012,0.0133333337
C5_rand_10_r0,1,2408,15.1333332,15,2.47588491,3.28679991,0.021329267,0.00332926773,0.0156583358,0.0154355699,0.00256442977,1.05518651,14,2.5,6.08058023,0,0,0,0,0,1.69049549,-1.56930602,29.720192,0.985781968,1.76289272,3.28679991,747.866089,65.8182983,1.28250003,0.0250000004,50,1,0.119999997,0.550000012,0.0133333337
C5_rand_10_r0,1,2409,15.1466665,15,3.9786818,3.28679991,0.0214899834,0.00348998257,0.0162516311,0.0120330639,0.00596693624,5.20824289,14,2.5,6.08058023,0,1,0,0,0,1.69049549,-1.56930602,29.720192,0.985781968,1.76289272,3.28679991,747.866089,65.8182983,1.28250003,0.0250000004,50,1,0.119999997,0.550000012,0.0133333337
C5_rand_10_r0,1,2410,15.1599998,15,2.47193909,3.28679991,0.0212904178,0.0032904183,0.0155052785,0.0154944323,0.00250556739,1.23914981,14,2.5,6.08058023,0,0,0,0,0,1.69049549,-1.56930602,29.720192,0.985781968,1.76289272,3.28679991,747.866089,65.8182983,1.28250003,0.0250000004,50,1,0.119999997,0.550000012,0.0133333337
C5_rand_10_r0,1,2411,15.1733332,15,2.8331387,3.28679991,0.0211311411,0.00313114049,0.0156785585,0.0148703409,0.00312965922,3.12866545,14,2.5,6.08058023,0,1,0,0,0,1.69049549,-1.56930602,29.720192,0.985781968,1.76289272,3.28679991,747.866089,65.8182983,1.28250003,0.0250000004,50,1,0.119999997,0.550000012,0.0133333337
C5_rand_10_r0,1,2412,15.1866665,15,4.02050924,3.28679991,0.0213084016,0.00330840237,0.0160092339,0.0121660801,0.00583391963,4.99199438,14,2.5,6.08058023,0,1,0,0,0,1.69049549,-1.56930602,29.720192,0.985781968,1.76289272,3.28679991,747.866089,65.8182983,1.28250003,0.0250000004,50,1,0.119999997,0.550000012,0.0133333337
C5_rand_10_r0,1,2413,15.1999998,15,2.6979537,3.28679991,0.0211743768,0.00317437761,0.0151636628,0.0149033405,0.0030966599,1.61586273,14,2.5,6.08058023,0,1,0,0,0,1.69049549,-1.56930602,29.720192,0.985781968,1.76289272,3.28679991,747.866089,65.8182983,1.28250003,0.0250000004,50,1,0.119999997,0.550000012,0.0133333337
C5_rand_10_r0,1,2414,15.2133331,15,3.82077718,3.28679991,0.0213003661,0.00330036692,0.0159504525,0.0123704178,0.00562958233,4.73945093,14,2.5,6.08058023,0,1,0,0,0,1.69049549,-1.56930602,29.720192,0.985781968,1.76289272,3.28679991,747.866089,65.8182983,1.28250003,0.0250000004,50,1,0.119999997,0.550000012,0.0133333337
C5_rand_10_r0,1,2415,15.2266665,15,2.70789075,3.28679991,0.0211605579,0.00316055724,0.0149821332,0.0149314124,0.00306858728,1.79734743,14,2.5,6.08058023,0,1,0,0,0,1.69049549,-1.56930602,29.720192,0.985781968,1.76289272,3.28679991,747.866089,65.8182983,1.28250003,0.0250000004,50,1,0.119999997,0.550000012,0.0133333337
C5_rand_10_r0,1,2416,15.2399998,15,3.00853038,3.28679991,0.0210599583,0.00305995834,0.0153944623,0.0143865384,0.00361346174,3.2545085,14,2.5,6.08058023,0,1,0,0,0,1.69049549,-1.56930602,29.720192,0.985781968,1.76289272,3.28679991,747.866089,65.8182983,1.28250003,0.0250000004,50,1,0.119999997,0.550000012,0.0133333337
C5_rand_10_r0,1,2417,15.2533331,15,2.83328533,3.28679991,0.0209172163,0.00291721569,0.0151128117,0.0149344392,0.00306556048,2.68990302,14,2.5,6.08058023,0,1,0,0,0,1.69049549,-1.56930602,29.720192,0.985781968,1.76289272,3.28679991,747.866089,65.8182983,1.28250003,0.0250000004,50,1,0.119999997,0.550000012,0.0133333337
C5_rand_10_r0,1,2418,15.2666664,15,3.06960511,3.28679991,0.0208330937,0.00283309328,0.0148633048,0.0143907275,0.00360927265,3.26295757,14,2.5,6.08058023,0,1,0,0,0,1.69049549,-1.56930602,29.720192,0.985781968,1.76289272,3.28679991,747.866089,65.8182983,1.28250003,0.0250000004,50,1,0.119999997,0.550000012,0.0133333337
C5_rand_10_r0,1,2419,15.2799997,15,3.77743125,3.28679991,0.0209553596,0.00295535941,0.0155879604,0.0126188835,0.00538111618,4.35656166,14,2.5,6.08058023,0,1,0,0,0,1.69049549,-1.56930602,29.720192,0.985781968,1.76289272,3.28679991,747.866089,65.8182983,1.28250003,0.0250000004,50,1,0.119999997,0.550000012,0.0133333337
C5_rand_10_r0,1,2420,15.2933331,15,2.93403578,3.28679991,0.0208777469,0.00287774694,0.0146308634,0.0143538583,0.00364614138,2.2439847,14,2.5,6.08058023,0,1,0,0,0,1.69049549,-1.56930602,29.720192,0.985781968,1.76289272,3.28679991,747.866089,65.8182983,1.28250003,0.0250000004,50,1,0.119999997,0.550000012,0.0133333337
C5_rand_10_r0,1,2421,15.3066664,15,3.01233125,3.28679991,0.0207885709,0.00278857024,0.0148580857,0.0142962718,0.00370372785,3.07639146,14,2.5,6.08058023,0,1,0,0,0,1.69049549,-1.56930602,29.720192,0.985781968,1.76289272,3.28679991,747.866089,65.8182983,1.28250003,0.0250000004,50,1,0.119999997,0.550000012,0.0133333337
C5_rand_10_r0,1,2422,15.3199997,15,3.11110806,3.28679991,0.0207249038,0.0027249041,0.0146418586,0.0142028527,0.00379714742,3.19192529,14,2.5,6.08058023,0,1,0,0,0,1.69049549,-1.56930602,29.720192,0.985781968,1.76289272,3.28679991,747.866089,65.8182983,1.28250003,0.0250000004,50,1,0.119999997,0.550000012,0.0133333337
C5_rand_10_r0,1,2423,15.333333,15,3.13981462,3.28679991,0.0206734631,0.0026734639,0.014437505,0.014106418,0.00389358238,3.16330194,14,2.5,6.08058023,0,1,0,0,0,1.69049549,-1.56930602,29.720192,0.985781968,1.76289272,3.28679991,747.866089,65.8182983,1.28250003,0.0250000004,50,1,0.119999997,0.550000012,0.0133333337
C5_rand_10_r0,1,2424,15.3466663,15,3.16637588,3.28679991,0.02063144,0.00263143936,0.0142472433,0.0140086906,0.00399130955,3.18810773,14,2.5,6.08058023,0,1,0,0,0,1.69049549,-1.56930602,29.720192,0.985781968,1.76289272,3.28679991,747.866089,65.8182983,1.28250003,0.0250000004,50,1,0.119999997,0.550000012,0.0133333337
C5_rand_10_r0,1,2425,15.3599997,15,3.19867706,3.28679991,0.0205999576,0.0025999567,0.0140713416,0.0139095001,0.00409050006,3.22510529,14,2.5,6.08058023,0,1,0,0,0,1.69049549,-1.56930602,29.720192,0.985781968,1.76289272,3.28679991,747.866089,65.8182983,1.28250003,0.0250000004,50,1,0.119999997,0.550000012,0.0133333337
C5_rand_10_r0,1,2426,15.373333,15,3.23084784,3.28679991,0.0205791667,0.00257916725,0.0139125502,0.0138109596,0.00418904005,3.25716949,14,2.5,6.08058023,0,1,0,0,0,1.69049549,-1.56930602,29.720192,0.985781968,1.76289272,3.28679991,747.866089,65.8182983,1.28250003,0.0250000004,50,1,0.119999997,0.550000012,0.0133333337
C5_rand_10_r0,1,2427,15.3866663,15,3.26222253,3.28679991,0.0205688756,0.00256887544,0.0137717361,0.0137134129,0.00428658724,3.28789258,14,2.5,6.08058023,0,1,0,0,0,1.69049549,-1.56930602,29.720192,0.985781968,1.76289272,3.28679991,747.866089,65.8182983,1.28250003,0.0250000004,50,1,0.119999997,0.550000012,0.0133333337
C5_rand_10_r0,1,2428,15.3999996,15,3.29233503,3.28679991,0.0205686968,0.00256869756,0.0136516104,0.0136190979,0.00438090274,3.31697273,14,2.5,6.08058023,0,1,0,0,0,1.69049549,-1.56930602,29.720192,0.985781968,1.76289272,3.28679991,747.866089,65.8182983,1.28250003,0.0250000004,50,1,0.119999997,0.550000012,0.0133333337
C5_rand_10_r0,1,2429,15.4133329,15,3.32143784,3.28679991,0.0205782894,0.00257828948,0.0135524338,0.0135278804,0.00447211973,3.34524918,14,2.5,6.08058023,0,1,0,0,0,1.69049549,-1.56930602,29.720192,0.985781968,1.76289272,3.28679991,747.866089,65.8182983,1.28250003,0.0250000004,50,1,0.119999997,0.550000012,0.0133333337
C5_rand_10_r0,1,2430,15.4266663,15,3.34886312,3.28679991,0.0205971282,0.00259712804,0.0134762339,0.0134414546,0.004558546,3.37130213,14,2.5,6.08058023,0,1,0,0,0,1.69049549,-1.56930602,29.720192,0.985781968,1.76289272,3.28679991,747.866089,65.8182983,1.28250003,0.0250000004,50,1,0.119999997,0.550000012,0.0133333337
C5_rand_10_r0,1,2431,15.4399996,15,3.37435293,3.28679991,0.0206245873,0.00262458785,0.0134241767,0.0133606633,0.00463933684,3.39520812,14,2.5,6.08058023,0,1,0,0,0,1.69049549,-1.56930602,29.720192,0.985781968,1.76289272,3.28679991,747.866089,65.8182983,1.28250003,0.0250000004,50,1,0.119999997,0.550000012,0.0133333337
C5_rand_10_r0,1,2432,15.4533329,15,3.39812493,3.28679991,0.0206600875,0.00266008824,0.0133961812,0.0132852299,0.00471477024,3.41757464,14,2.5,6.08058023,0,1,0,0,0,1.69049549,-1.56930602,29.720192,0.985781968,1.76289272,3.28679991,747.866089,65.8182983,1.28250003,0.0250000004,50,1,0.119999997,0.550000012,0.0133333337
C5_rand_10_r0,1,2433,15.4666662,15,3.41958261,3.28679991,0.0207028892,0.00270288903,0.0133935958,0.0132166129,0.0047833873,3.43713903,14,2.5,6.08058023,0,1,0,0,0,1.69049549,-1.56930602,29.720192,0.985781968,1.76289272,3.28679991,747.866089,65.8182983,1.28250003,0.0250000004,50,1,0.119999997,0.550000012,0.0133333337
C5_rand_10_r0,1,2434,15.4799995,15,3.43874311,3.28679991,0.0207522288,0.00275222887,0.0134163816,0.0131549556,0.00484504458,3.45442009,14,2.5,6.08058023,0,1,0,0,0,1.69049549,-1.56930602,29.720192,0.985781968,1.76289272,3.28679991,747.866089,65.8182983,1.28250003,0.0250000004,50,1,0.119999997,0.550000012,0.0133333337
C5_rand_10_r0,1,2435,15.4933329,15,3.45555592,3.28679991,0.0208073296,0.00280732894,0.0134644145,0.0131005133,0.0048994869,3.46931195,14,2.5,6.08058023,0,1,0,0,0,1.69049549,-1.56930602,29.720192,0.985781968,1.76289272,3.28679991,747.866089,65.8182983,1.28250003,0.0250000004,50,1,0.119999997,0.550000012,0.0133333337
C5_rand_10_r0,1,2436,15.5066671,15,3.46888781,3.28679991,0.0208670925,0.00286709215,0.0135370987,0.0130560789,0.00494392077,3.47979546,14,2.5,6.08058023,0,1,0,0,0,1.69049549,-1.56930602,29.720192,0.985781968,1.76289272,3.28679991,747.866089,65.8182983,1.28250003,0.0250000004,50,1,0.119999997,0.550000012,0.0133333337
C5_rand_10_r0,1,2437,15.5200005,15,3.48036146,3.28679991,0.0209308192,0.00293081976,0.0136066899,0.0130181452,0.00498185446,3.48974919,14,2.5,6.08058023,0,1,0,0,0,1.69049549,-1.56930602,29.720192,0.985781968,1.76289272,3.28679991,747.866089,65.8182983,1.28250003,0.0250000004,50,1,0.119999997,0.550000012,0.0133333337
C5_rand_10_r0,1,2438,15.5333338,15,3.48837876,3.28679991,0.0209974349,0.00299743516,0.0137560684,0.0129902726,0.00500972709,3.49493837,14,2.5,6.08058023,0,1,0,0,0,1.69049549,-1.56930602,29.720192,0.985781968,1.76289272,3.28679991,747.866089,65.8182983,1.28250003,0.0250000004,50,1,0.119999997,0.550000012,0.0133333337
C5_rand_10_r0,1,2439,15.5466671,15,3.44093037,3.28679991,0.021051351,0.00305135176,0.0137060517,0.0130991498,0.00490085036,3.40210891,14,2.5,6.08058023,0,1,0,0,0,1.69049549,-1.56930602,29.720192,0.985781968,1.76289272,3.28679991,747.866089,65.8182983,1.28250003,0.0250000004,50,1,0.119999997,0.550000012,0.0133333337
C5_rand_10_r0,1,2440,15.5600004,15,3.39966202,3.28679991,0.0210916884,0.00309168827,0.0137392581,0.0132146263,0.00478537381,3.36589694,14,2.5,6.08058023,0,1,0,0,0,1.69049549,-1.56930602,29.720192,0.985781968,1.76289272,3.28679991,747.866089,65.8182983,1.28250003,0.0250000004,50,1,0.119999997,0.550000012,0.0133333337
C5_rand_10_r0,1,2441,15.5733337,15,3.74162316,3.28679991,0.0212247502,0.00322475098,0.0137061495,0.0124098239,0.00559017574,4.02140951,14,2.5,6.08058023,0,1,0,0,0,1.69049549,-1.56930602,29.720192,0.985781968,1.76289272,3.28679991,747.866089,65.8182983,1.28250003,0.0250000004,50,1,0.119999997,0.550000012,0.0133333337
C5_rand_10_r0,1,2442,15.5866671,15,3.69872403,3.28679991,0.021361351,0.00336135132,0.0135011608,0.0123985941,0.0056014061,3.66362453,14,2.5,6.08058023,0,1,0,0,0,1.69049549,-1.56930602,29.720192,0.985781968,1.76289272,3.28679991,747.866089,65.8182983,1.28250003,0.0250000004,50,1,0.119999997,0.550000012,0.0133333337
C5_rand_10_r0,1,2443,15.6000004,15,3.67212939,3.28679991,0.0214911532,0.00349115394,0.0133233331,0.0123976357,0.00560236489,3.65037012,14,2.5,6.08058023,0,1,0,0,0,1.69049549,-1.56930602,29.720192,0.985781968,1.76289272,3.28679991,747.866089,65.8182983,1.28250003,0.0250000004,50,1,0.119999997,0.550000012,0.0133333337
C5_rand_10_r0,1,2444,15.6133337,15,3.669173,3.28679991,0.0216190033,0.00361900241,0.0131739471,0.0124116233,0.00558837689,3.66675425,14,2.5,6.08058023,0,1,0,0,0,1.69049549,-1.56930602,29.720192,0.985781968,1.76289272,3.28679991,747.866089,65.8182983,1.28250003,0.0250000004,50,1,0.119999997,0.550000012,0.0133333337
C5_rand_10_r0,1,2445,15.626667,15,3.66090441,3.28679991,0.0217442289,0.00374422851,0.0130524123,0.0124388095,0.00556119019,3.65413928,14,2.5,6.08058023,0,1,0,0,0,1.69049549,-1.56930602,29.720192,0.985781968,1.76289272,3.28679991,747.866089,65.8182983,1.28250003,0.0250000004,50,1,0.119999997,0.550000012,0.0133333337
C5_rand_10_r0,1,2446,15.6400003,15,3.64678669,3.28679991,0.0218650959,0.00386509579,0.0129586989,0.0124779353,0.00552206533,3.63523555,14,2.5,6.08058023,0,1,0,0,0,1.69049549,-1.56930602,29.720192,0.985781968,1.76289272,3.28679991,747.866089,65.8182983,1.28250003,0.0250000004,50,1,0.119999997,0.550000012,0.0133333337
C5_rand_10_r0,1,2447,15.6533337,15,3.62946606,3.28679991,0.0219804253,0.00398042519,0.012891789,0.0125276148,0.00547238486,3.61529446,14,2.5,6.08058023,0,1,0,0,0,1.69049549,-1.56930602,29.720192,0.985781968,1.76289272,3.28679991,747.866089,65.8182983,1.28250003,0.0250000004,50,1,0.119999997,0.550000012,0.0133333337
C5_rand_10_r0,1,2448,15.666667,15,3.60955143,3.28679991,0.0220893007,0.00408930006,0.0128506143,0.0125863226,0.00541367708,3.5932579,14,2.5,6.08058023,0,1,0,0,0,1.69049549,-1.56930602,29.720192,0.985781968,1.76289272,3.28679991,747.866089,65.8182983,1.28250003,0.0250000004,50,1,0.119999997,0.550000012,0.0133333337
C5_rand_10_r0,1,2449,15.6800003,15,3.58753824,3.28679991,0.0221909843,0.00419098418,0.0128343217,0.0126521382,0.00534786191,3.56952739,14,2.5,6.08058023,0,1,0,0,0,1.69049549,-1.56930602,29.720192,0.985781968,1.76289272,3.28679991,747.866089,65.8182983,1.28250003,0.0250000004,50,1,0.119999997,0.550000012,0.0133333337
C5_rand_10_r0,1,2450,15.6933336,15,3.56328773,3.28679991,0.0222847331,0.00428473391,0.0128421122,0.0127249816,0.00527501805,3.5434463,14,2.5,6.08058023,0,1,0,0,0,1.69049549,-1.56930602,29.720192,0.985781968,1.76289272,3.28679991,747.866089,65.8182983,1.28250003,0.0250000004,50,1,0.119999997,0.550000012,0.0133333337
C5_rand_10_r0,1,2451,15.7066669,15,3.53746891,3.28679991,0.0223699883,0.00436998904,0.0128722712,0.0128031205,0.00519688008,3.51634431,14,2.5,6.08058023,0,1,0,0,0,1.69049549,-1.56930602,29.720192,0.985781968,1.76289272,3.28679991,747.866089,65.8182983,1.28250003,0.0250000004,50,1,0.119999997,0.550000012,0.0133333337
C5_rand_10_r0,1,2452,15.7200003,15,3.51056933,3.28679991,0.0224463567,0.00444635609,0.0129235974,0.0128851254,0.0051148748,3.48856068,14,2.5,6.08058023,0,1,0,0,0,1.69049549,-1.56930602,29.720192,0.985781968,1.76289272,3.28679991,747.866089,65.8182983,1.28250003,0.0250000004,50,1,0.119999997,0.550000012,0.0133333337
C5_rand_10_r0,1,2453,15.7333336,15,3.48249269,3.28679991,0.0225134436,0.00451344345,0.012995976,0.0129708871,0.00502911257,3.45952082,14,2.5,6.08058023,0,1,0,0,0,1.69049549,-1.56930602,29.720192,0.985781968,1.76289272,3.28679991,747.866089,65.8182983,1.28250003,0.0250000004,50,1,0.119999997,0.550000012,0.0133333337
C5_rand_10_r0,1,2454,15.7466669,15,3.45494771,3.28679991,0.0225713328,0.00457133213,0.0130849415,0.0130561413,0.00494385837,3.43241119,14,2.5,6.08058023,0,1,0,0,0,1.69049549,-1.56930602,29.720192,0.985781968,1.76289272,3.28679991,747.866089,65.8182983,1.28250003,0.0250000004,50,1,0.119999997,0.550000012,0.0133333337
C5_rand_10_r0,1,2455,15.7600002,15,3.42694092,3.28679991,0.0226199087,0.00461990852,0.0131921116,0.0131426668,0.00485733338,3.40402627,14,2.5,6.08058023,0,1,0,0,0,1.69049549,-1.56930602,29.720192,0.985781968,1.76289272,3.28679991,747.866089,65.8182983,1.28250003,0.0250000004,50,1,0.119999997,0.550000012,0.0133333337
C5_rand_10_r0,1,2456,15.7733335,15,3.39912176,3.28679991,0.0226592049,0.00465920474,0.0133153433,0.0132288346,0.00477116555,3.37636065,14,2.5,6.08058023,0,1,0,0,0,1.69049549,-1.56930602,29.720192,0.985781968,1.76289272,3.28679991,747.866089,65.8182983,1.28250003,0.0250000004,50,1,0.119999997,0.550000012,0.0133333337
C5_rand_10_r0,1,2457,15.7866669,15,3.37168479,3.28679991,0.0226893332,0.00468933349,0.0134534901,0.0133141046,0.00468589505,3.34923625,14,2.5,6.08058023,0,1,0,0,0,1.69049549,-1.56930602,29.720192,0.985781968,1.76289272,3.28679991,747.866089,65.8182983,1.28250003,0.0250000004,50,1,0.119999997,0.550000012,0.0133333337
C5_rand_10_r0,1,2458,15.8000002,15,3.34607744,3.28679991,0.0227108207,0.0047108205,0.0136037031,0.0133947553,0.00460524485,3.32512593,14,2.5,6.08058023,0,1,0,0,0,1.69049549,-1.56930602,29.720192,0.985781968,1.76289272,3.28679991,747.866089,65.8182983,1.28250003,0.0250000004,50,1,0.119999997,0.550000012,0.0133333337
C5_rand_10_r0,1,2459,15.8133335,15,3.3230741,3.28679991,0.0227244776,0.00472447788,0.013765689,0.0134682944,0.00453170529,3.3042531,14,2.5,6.08058023,0,1,0,0,0,1.69049549,-1.56930602,29.720192,0.985781968,1.76289272,3.28679991,747.866089,65.8182983,1.28250003,0.0250000004,50,1,0.119999997,0.550000012,0.0133333337
C5_rand_10_r0,1,2460,15.8266668,15,3.30147624,3.28679991,0.0227308311,0.0047308309,0.0139392558,0.0135369822,0.00446301792,3.28380561,14,2.5,6.08058023,0,1,0,0,0,1.69049549,-1.56930602,29.720192,0.985781968,1.76289272,3.28679991,747.866089,65.8182983,1.28250003,0.0250000004,50,1,0.119999997,0.550000012,0.0133333337
C5_rand_10_r0,1,2461,15.8400002,15,3.2819488,3.28679991,0.0227305423,0.00473054219,0.0141228093,0.0135993985,0.00440060114,3.2659719,14,2.5,6.08058023,0,1,0,0,0,1.69049549,-1.56930602,29.720192,0.985781968,1.76289272,3.28679991,747.866089,65.8182983,1.28250003,0.0250000004,50,1,0.119999997,0.550000012,0.0133333337
C5_rand_10_r0,1,2462,15.8533335,15,3.26430035,3.28679991,0.0227242447,0.00472424412,0.0143161537,0.0136560127,0.00434398698,3.24986053,14,2.5,6.08058023,0,1,0,0,0,1.69049549,-1.56930602,29.720192,0.985781968,1.76289272,3.28679991,747.866089,65.8182983,1.28250003,0.0250000004,50,1,0.119999997,0.550000012,0.0133333337
C5_rand_10_r0,1,2463,15.8666668,15,2.99397898,3.28679991,0.0226418562,0.0046418556,0.014344885,0.0143256318,0.00367436814,2.77280688,14,2.5,6.08058023,0,1,0,0,0,1.69049549,-1.56930602,29.720192,0.985781968,1.76289272,3.28679991,747.866089,65.8182983,1.28250003,0.0250000004,50,1,0.119999997,0.550000012,0.0133333337
C5_rand_10_r0,1,2464,15.8800001,15,3.30249786,3.28679991,0.0226324853,0.00463248463,0.0142551418,0.0136816325,0.00431836722,3.55492234,14,2.5,6.08058023,0,1,0,0,0,1.69049549,-1.56930602,29.720192,0.985781968,1.76289272,3.28679991,747.866089,65.8182983,1.28250003,0.0250000004,50,1,0.119999997,0.550000012,0.0133333337
C5_rand_10_r0,1,2465,15.8933334,15,2.98952341,3.28679991,0.0225483458,0.00454834569,0.0145410225,0.0143944789,0.00360552082,2.73345375,14,2.5,6.08058023,0,1,0,0,0,1.69049549,-1.56930602,29.720192,0.985781968,1.76289272,3.28679991,747.866089,65.8182983,1.28250003,0.0250000004,50,1,0.119999997,0.550000012,0.0133333337
C5_rand_10_r0,1,2466,15.9066668,15,3.46024084,3.28679991,0.0225825012,0.00458250055,0.0140424352,0.0133024994,0.00469750073,3.84537315,14,2.5,6.08058023,0,1,0,0,0,1.69049549,-1.56930602,29.720192,0.985781968,1.76289272,3.28679991,747.866089,65.8182983,1.28250003,0.0250000004,50,1,0.119999997,0.550000012,0.0133333337
C5_rand_10_r0,1,2467,15.9200001,15,3.19208527,3.28679991,0.0225618836,0.0045618834,0.0146794543,0.0138447555,0.00415524421,2.97268534,14,2.5,6.08058023,0,1,0,0,0,1.69049549,-1.56930602,29.720192,0.985781968,1.76289272,3.28679991,747.866089,65.8182983,1.28250003,0.0250000004,50,1,0.119999997,0.550000012,0.0133333337
C5_rand_10_r0,1,2468,15.9333334,15,3.41205001,3.28679991,0.0225932393,0.00459323917,0.013658124,0.013305841,0.00469415868,3.59202123,14,2.5,6.08058023,0,1,0,0,0,1.69049549,-1.56930602,29.720192,0.985781968,1.76289272,3.28679991,747.866089,65.8182983,1.28250003,0.0250000004,50,1,0.119999997,0.550000012,0.0133333337
C5_rand_10_r0,1,2469,15.9466667,15,3.19194198,3.28679991,0.0225721151,0.00457211537,0.014005892,0.0138071645,0.00419283519,3.01185322,14,2.5,6.08058023,0,1,0,0,0,1.69049549,-1.56930602,29.720192,0.985781968,1.76289272,3.28679991,747.866089,65.8182983,1.28250003,0.0250000004,50,1,0.119999997,0.550000012,0.0133333337
C5_rand_10_r0,1,2470,15.96,15,3.41259885,3.28679991,0.0226035397,0.00460353913,0.0135690812,0.0133070238,0.0046929759,3.59313655,14,2.5,6.08058023,0,1,0,0,0,1.69049549,-1.56930602,29.720192,0.985781968,1.76289272,3.28679991,747.866089,65.8182983,1.28250003,0.0250000004,50,1,0.119999997,0.550000012,0.0133333337
C5_rand_10_r0,1,2471,15.9733334,15,3.21081829,3.28679991,0.02258767,0.00458767032,0.0137625234,0.0137615139,0.00423848582,3.04572511,14,2.5,6.08058023,0,1,0,0,0,1.69049549,-1.56930602,29.720192,0.985781968,1.76289272,3.28679991,747.866089,65.8182983,1.28250003,0.0250000004,50,1,0.119999997,0.550000012,0.0133333337
C5_rand_10_r0,1,2472,15.9866667,15,3.40772486,3.28679991,0.022618616,0.00461861584,0.0137697728,0.0133117773,0.00468822243,3.56883001,14,2.5,6.08058023,0,1,0,0,0,1.69049549,-1.56930602,29.720192,0.985781968,1.76289272,3.28679991,747.866089,65.8182983,1.28250003,0.0250000004,50,1,0.119999997,0.550000012,0.0133333337
C5_rand_10_r0,1,2473,16,16,3.23151898,3.28679991,0.022608418,0.0046084174,0.0139598791,0.0137083801,0.00429162011,3.08735085,14,2.5,6.08058023,0,1,0,0,0,2.73416305,-7.84093237,28.588129,0.630331755,33.4338264,3.28679991,747.866089,65.8182983,1.28250003,0.0250000004,50,1,0.119999997,0.550000012,0.0133333337
C5_rand_10_r0,1,2474,16.0133343,16,3.21021175,3.28679991,0.0225854442,0.00458544306,0.0138647724,0.0137846675,0.00421533315,3.19277835,14,2.5,6.08058023,0,1,0,0,0,2.73416305,-7.84093237,28.588129,0.630331755,33.4338264,3.28679991,747.866089,65.8182983,1.28250003,0.0250000004,50,1,0.119999997,0.550000012,0.0133333337
C5_rand_10_r0,1,2475,16.0266666,16,3.4479692,3.28679991,0.0226263832,0.00462638354,0.0139666311,0.0132507933,0.00474920683,3.64249825,14,2.5,6.08058023,0,1,0,0,0,2.73416305,-7.84093237,28.588129,0.630331755,33.4338264,3.28679991,747.866089,65.8182983,1.28250003,0.0250000004,50,1,0.119999997,0.550000012,0.0133333337
C5_rand_10_r0,1,2476,16.0400009,16,3.18917298,3.28679991,0.0226060878,0.00460608816,0.0138219697,0.0138025815,0.00419741869,2.97743034,14,2.5,6.08058023,0,1,0,0,0,2.73416305,-7.84093237,28.588129,0.630331755,33.4338264,3.28679991,747.866089,65.8182983,1.28250003,0.0250000004,50,1,0.119999997,0.550000012,0.0133333337
C5_rand_10_r0,1,2477,16.0533333,16,3.42503858,3.28679991,0.0226411056,0.00464110542,0.0135351112,0.0132693788,0.00473062135,3.61801958,14,2.5,6.08058023,0,1,0,0,0,2.73416305,-7.84093237,28.588129,0.630331755,33.4338264,3.28679991,747.866089,65.8182983,1.28250003,0.0250000004,50,1,0.119999997,0.550000012,0.0133333337
C5_rand_10_r0,1,2478,16.0666676,16,3.17954779,3.28679991,0.0226171482,0.00461714901,0.0138866147,0.0138321714,0.00416782871,2.97869182,14,2.5,6.08058023,0,1,0,0,0,2.73416305,-7.84093237,28.588129,0.630331755,33.4338264,3.28679991,747.866089,65.8182983,1.28250003,0.0250000004,50,1,0.119999997,0.550000012,0.0133333337
C5_rand_10_r0,1,2479,16.0799999,16,3.41288304,3.28679991,0.0226481799,0.00464817975,0.0134121943,0.0133077316,0.00469226902,3.60379362,14,2.5,6.08058023,0,1,0,0,0,2.73416305,-7.84093237,28.588129,0.630331755,33.4338264,3.28679991,747.866089,65.8182983,1.28250003,0.0250000004,50,1,0.119999997,0.550000012,0.0133333337
C5_rand_10_r0,1,2480,16.0933342,16,3.16696429,3.28679991,0.0226200633,0.00462006358,0.0140822409,0.0138705168,0.0041294829,2.96575809,14,2.5,6.08058023,0,1,0,0,0,2.73416305,-7.84093237,28.588129,0.630331755,33.4338264,3.28679991,747.866089,65.8182983,1.28250003,0.0250000004,50,1,0.119999997,0.550000012,0.0133333337
C5_rand_10_r0,1,2481,16.1066666,16,3.39355302,3.28679991,0.022645032,0.00464503141,0.013669,0.0133629255,0.00463707466,3.57894349,14,2.5,6.08058023,0,1,0,0,0,2.73416305,-7.84093237,28.588129,0.630331755,33.4338264,3.28679991,747.866089,65.8182983,1.28250003,0.0250000004,50,1,0.119999997,0.550000012,0.0133333337
C5_rand_10_r0,1,2482,16.1200008,16,3.16882777,3.28679991,0.0226164218,0.00461642258,0.014191919,0.0138768544,0.00412314571,2.98496151,14,2.5,6.08058023,0,1,0,0,0,2.73416305,-7.84093237,28.588129,0.630331755,33.4338264,3.28679991,747.866089,65.8182983,1.28250003,0.0250000004,50,1,0.119999997,0.550000012,0.0133333337
C5_rand_10_r0,1,2483,16.1333332,16,3.20855761,3.28679991,0.0225899201,0.0045899204,0.0140584111,0.0138173196,0.00418268004,3.24106383,14,2.5,6.08058023,0,1,0,0,0,2.73416305,-7.84093237,28.588129,0.630331755,33.4338264,3.28679991,747.866089,65.8182983,1.28250003,0.0250000004,50,1,0.119999997,0.550000012,0.0133333337
C5_rand_10_r0,1,2484,16.1466675,16,3.44371176,3.28679991,0.0226290897,0.00462908996,0.0145033775,0.0132779628,0.00472203689,3.63611078,14,2.5,6.08058023,0,1,0,0,0,2.73416305,-7.84093237,28.588129,0.630331755,33.4338264,3.28679991,747.866089,65.8182983,1.28250003,0.0250000004,50,1,0.119999997,0.550000012,0.0133333337
C5_rand_10_r0,1,2485,16.1599998,16,3.18827343,3.28679991,0.0226082504,0.00460824976,0.0139834527,0.0138094593,0.00419054041,2.97927856,14,2.5,6.08058023,0,1,0,0,0,2.73416305,-7.84093237,28.588129,0.630331755,33.4338264,3.28679991,747.866089,65.8182983,1.28250003,0.0250000004,50,1,0.119999997,0.550000012,0.0133333337
C5_rand_10_r0,1,2486,16.1733341,16,3.40575838,3.28679991,0.0226378199,0.00463782018,0.0141111575,0.0133181456,0.00468185497,3.58370042,14,2.5,6.08058023,0,1,0,0,0,2.73416305,-7.84093237,28.588129,0.630331755,33.4338264,3.28679991,747.866089,65.8182983,1.28250003,0.0250000004,50,1,0.119999997,0.550000012,0.0133333337
C5_rand_10_r0,1,2487,16.1866665,16,3.19146824,3.28679991,0.0226162672,0.00461626751,0.0138366194,0.0138108581,0.00418914203,3.01614022,14,2.5,6.08058023,0,1,0,0,0,2.73416305,-7.84093237,28.588129,0.630331755,33.4338264,3.28679991,747.866089,65.8182983,1.28250003,0.0250000004,50,1,0.119999997,0.550000012,0.0133333337
C5_rand_10_r0,1,2488,16.2000008,16,3.36110592,3.28679991,0.022633316,0.00463331584,0.014083962,0.0134339593,0.00456604036,3.4999001,14,2.5,6.08058023,0,1,0,0,0,2.73416305,-7.84093237,28.588129,0.630331755,33.4338264,3.28679991,747.866089,65.8182983,1.28250003,0.0250000004,50,1,0.119999997,0.550000012,0.0133333337
C5_rand_10_r0,1,2489,16.2133331,16,3.19991565,3.28679991,0.0226120222,0.00461202301,0.0140047353,0.0138075938,0.00419240631,3.06803274,14,2.5,6.08058023,0,1,0,0,0,2.73416305,-7.84093237,28.588129,0.630331755,33.4338264,3.28679991,747.866089,65.8182983,1.28250003,0.0250000004,50,1,0.119999997,0.550000012,0.0133333337
C5_rand_10_r0,1,2490,16.2266674,16,3.37895632,3.28679991,0.0226340722,0.004634073,0.0139030013,0.013398434,0.00460156612,3.52544427,14,2.5,6.08058023,0,1,0,0,0,2.73416305,-7.84093237,28.588129,0.630331755,33.4338264,3.28679991,747.866089,65.8182983,1.28250003,0.0250000004,50,1,0.119999997,0.550000012,0.0133333337
C5_rand_10_r0,1,2491,16.2399998,16,3.13385534,3.28679991,0.022595264,0.0045952634,0.0143369464,0.0139613142,0.00403868593,2.93331814,14,2.5,6.08058023,0,1,0,0,0,2.73416305,-7.84093237,28.588129,0.630331755,33.4338264,3.28679991,747.866089,65.8182983,1.28250003,0.0250000004,50,1,0.119999997,0.550000012,0.0133333337
C5_rand_10_r0,1,2492,16.253334,16,3.26118445,3.28679991,0.0225816797,0.00458167959,0.0137138721,0.0137049798,0.00429502036,3.36536288,14,2.5,6.08058023,0,1,0,0,0,2.73416305,-7.84093237,28.588129,0.630331755,33.4338264,3.28679991,747.866089,65.8182983,1.28250003,0.0250000004,50,1,0.119999997,0.550000012,0.0133333337
C5_rand_10_r0,1,2493,16.2666664,16,3.16790771,3.28679991,0.0225463901,0.00454638992,0.0139752096,0.0139378468,0.0040621534,3.09159017,14,2.5,6.08058023,0,1,0,0,0,2.73416305,-7.84093237,28.588129,0.630331755,33.4338264,3.28679991,747.866089,65.8182983,1.28250003,0.0250000004,50,1,0.119999997,0.550000012,0.0133333337
C5_rand_10_r0,1,2494,16.2800007,16,3.255373,3.28679991,0.0225317795,0.00453177886,0.0137397274,0.0137377745,0.00426222524,3.32693577,14,2.5,6.08058023,0,1,0,0,0,2.73416305,-7.84093237,28.588129,0.630331755,33.4338264,3.28679991,747.866089,65.8182983,1.28250003,0.0250000004,50,1,0.119999997,0.550000012,0.0133333337
C5_rand_10_r0,1,2495,16.2933331,16,3.45165944,3.28679991,0.0225751381,0.00457513798,0.0138408085,0.013247069,0.00475293072,3.61225724,14,2.5,6.08058023,0,1,0,0,0,2.73416305,-7.84093237,28.588129,0.630331755,33.4338264,3.28679991,747.866089,65.8182983,1.28250003,0.0250000004,50,1,0.119999997,0.550000012,0.0133333337
C5_rand_10_r0,1,2496,16.3066673,16,3.23276186,3.28679991,0.0225673541,0.00456735399,0.0137678962,0.0136878733,0.00431212643,3.05366397,14,2.5,6.08058023,0,1,0,0,0,2.73416305,-7.84093237,28.588129,0.630331755,33.4338264,3.28679991,747.866089,65.8182983,1.28250003,0.0250000004,50,1,0.119999997,0.550000012,0.0133333337
C5_rand_10_r0,1,2497,16.3199997,16,3.31228089,3.28679991,0.0225731339,0.00457313471,0.0135764293,0.013525133,0.0044748676,3.37734175,14,2.5,6.08058023,0,1,0,0,0,2.73416305,-7.84093237,28.588129,0.630331755,33.4338264,3.28679991,747.866089,65.8182983,1.28250003,0.0250000004,50,1,0.119999997,0.550000012,0.0133333337
C5_rand_10_r0,1,2498,16.333334,16,3.30582571,3.28679991,0.0225793831,0.00457938295,0.0138490107,0.0135561926,0.00444380706,3.30054426,14,2.5,6.08058023,0,1,0,0,0,2.73416305,-7.84093237,28.588129,0.630331755,33.4338264,3.28679991,747.866089,65.8182983,1.28250003,0.0250000004,50,1,0.119999997,0.550000012,0.0133333337
C5_rand_10_r0,1,2499,16.3466663,16,3.32560277,3.28679991,0.0225912035,0.00459120283,0.013756115,0.0134985801,0.00450142007,3.341784,14,2.5,6.08058023,0,1,0,0,0,2.73416305,-7.84093237,28.588129,0.630331755,33.4338264,3.28679991,747.866089,65.8182983,1.28250003,0.0250000004,50,1,0.119999997,0.550000012,0.0133333337
C5_rand_10_r0,1,2500,16.3600006,16,3.3710525,3.28679991,0.0226165764,0.00461657625,0.0136361914,0.0133803003,0.0046196999,3.40823865,14,2.5,6.08058023,0,1,0,0,0,2.73416305,-7.84093237,28.588129,0.630331755,33.4338264,3.28679991,747.866089,65.8182983,1.28250003,0.0250000004,50,1,0.119999997,0.550000012,0.0133333337
C5_rand_10_r0,1,2501,16.373333,16,3.30013514,3.28679991,0.0226245094,0.00462450925,0.0138897635,0.0135308653,0.00446913438,3.24211168,14,2.5,6.08058023,0,1,0,0,0,2.73416305,-7.84093237,28.588129,0.630331755,33.4338264,3.28679991,747.866089,65.8182983,1.28250003,0.0250000004,50,1,0.119999997,0.550000012,0.0133333337
C5_rand_10_r0,1,2502,16.3866673,16,3.37435389,3.28679991,0.0226501524,0.00465015229,0.0134465257,0.0133649362,0.00463506347,3.43507838,14,2.5,6.08058023,0,1,0,0,0,2.73416305,-7.84093237,28.588129,0.630331755,33.4338264,3.28679991,747.866089,65.8182983,1.28250003,0.0250000004,50,1,0.119999997,0.550000012,0.0133333337
C5_rand_10_r0,1,2503,16.3999996,16,3.40934038,3.28679991,0.0226884652,0.00468846504,0.0139701869,0.0132675599,0.00473243976,3.43796587,14,2.5,6.08058023,0,1,0,0,0,2.73416305,-7.84093237,28.588129,0.630331755,33.4338264,3.28679991,747.866089,65.8182983,1.28250003,0.0250000004,50,1,0.119999997,0.550000012,0.0133333337
C5_rand_10_r0,1,2504,16.4133339,16,3.52854347,3.28679991,0.0227620006,0.00476200134,0.0137318531,0.0129491305,0.00505086966,3.62607312,14,2.5,6.08058023,0,1,0,0,0,2.73416305,-7.84093237,28.588129,0.630331755,33.4