SL1_rand_20_r0,0,536,0.0133333337,0,0,4.71519995,0.0676666647,0.0576666668,0.0605804361,0.0172517803,0,0,6,2.5,8.72311974,0,0,0,0,0,16.2035255,1.18008947,86.3202896,0.597156405,2.31401873,4.71519995,489.137512,76.5231018,1.75010002,0.0250000004,50,1,0.119999997,0.550000012,0.0133333337
SL1_rand_20_r0,0,537,0.0266666673,0,0.841754079,4.71519995,0.0673333332,0.0573333316,0.0576507449,0.0175860301,0,1.53046203,6,2.5,8.72311974,0,0,0,0,0,16.2035255,1.18008947,86.3202896,0.597156405,2.31401873,4.71519995,489.137512,76.5231018,1.75010002,0.0250000004,50,1,0.119999997,0.550000012,0.0133333337
SL1_rand_20_r0,0,538,0.0399999991,0,1.2205435,4.71519995,0.0670000017,0.057,0.057988517,0.0184485745,0,1.53046203,6,2.5,8.72311974,0,0,0,0,0,16.2035255,1.18008947,86.3202896,0.597156405,2.31401873,4.71519995,489.137512,76.5231018,1.75010002,0.0250000004,50,1,0.119999997,0.550000012,0.0133333337
SL1_rand_20_r0,0,539,0.0533333346,0,1.3909986,4.71519995,0.0666666701,0.0566666685,0.0561752766,0.0191322397,0,1.53046203,6,2.5,8.72311974,0,0,0,0,0,16.2035255,1.18008947,86.3202896,0.597156405,2.31401873,4.71519995,489.137512,76.5231018,1.75010002,0.0250000004,50,1,0.119999997,0.550000012,0.0133333337
SL1_rand_20_r0,0,540,0.0666666701,0,1.46770346,4.71519995,0.0663333312,0.0563333333,0.0560903661,0.0199629627,0,1.53046203,6,2.5,8.72311974,0,0,0,0,0,16.2035255,1.18008947,86.3202896,0.597156405,2.31401873,4.71519995,489.137512,76.5231018,1.75010002,0.0250000004,50,1,0.119999997,0.550000012,0.0133333337
SL1_rand_20_r0,0,541,0.0799999982,0,1.50222063,4.71519995,0.0659999996,0.0560000017,0.0548606478,0.0207648147,0,1.53046203,6,2.5,8.72311974,0,0,0,0,0,16.2035255,1.18008947,86.3202896,0.597156405,2.31401873,4.71519995,489.137512,76.5231018,1.75010002,0.0250000004,50,1,0.119999997,0.550000012,0.0133333337
SL1_rand_20_r0,0,542,0.0933333337,0,1.51775336,4.71519995,0.0656666681,0.0556666665,0.0542043112,0.0215179753,0,1.53046203,6,2.5,8.72311974,0,0,0,0,0,16.2035255,1.18008947,86.3202896,0.597156405,2.31401873,4.71519995,489.137512,76.5231018,1.75010002,0.0250000004,50,1,0.119999997,0.550000012,0.0133333337
SL1_rand_20_r0,0,543,0.106666669,0,1.52474308,4.71519995,0.0653333366,0.055333335,0.0535962507,0.0223177355,0,1.53046203,6,2.5,8.72311974,0,0,0,0,0,16.2035255,1.18008947,86.3202896,0.597156405,2.31401873,4.71519995,489.137512,76.5231018,1.75010002,0.0250000004,50,1,0.119999997,0.550000012,0.0133333337
SL1_rand_20_r0,0,544,0.119999997,0,1.52788854,4.71519995,0.0649999976,0.0549999997,0.0523267426,0.0230053905,0,1.53046203,6,2.5,8.72311974,0,0,0,0,0,16.2035255,1.18008947,86.3202896,0.597156405,2.31401873,4.71519995,489.137512,76.5231018,1.75010002,0.0250000004,50,1,0.119999997,0.550000012,0.0133333337
SL1_rand_20_r0,0,545,0.13333334,0,1.52930391,4.71519995,0.0646666661,0.0546666682,0.052411519,0.0238679592,0,1.53046203,6,2.5,8.72311974,0,0,0,0,0,16.2035255,1.18008947,86.3202896,0.597156405,2.31401873,4.71519995,489.137512,76.5231018,1.75010002,0.0250000004,50,1,0.119999997,0.550000012,0.0133333337
SL1_rand_20_r0,0,546,0.146666661,0,1.52994084,4.71519995,0.0643333346,0.0543333329,0.0505104586,0.0243956652,0,1.53046203,6,2.5,8.72311974,0,0,0,0,0,16.2035255,1.18008947,86.3202896,0.597156405,2.31401873,4.71519995,489.137512,76.5231018,1.75010002,0.0250000004,50,1,0.119999997,0.550000012,0.0133333337
SL1_rand_20_r0,0,547,0.159999996,0,1.53022754,4.71519995,0.064000003,0.0540000014,0.0513605028,0.0253463406,0,1.53046203,6,2.5,8.72311974,0,0,0,0,0,16.2035255,1.18008947,86.3202896,0.597156405,2.31401873,4.71519995,489.137512,76.5231018,1.75010002,0.0250000004,50,1,0.119999997,0.550000012,0.0133333337
SL1_rand_20_r0,0,548,0.173333332,0,1.53035653,4.71519995,0.0636666641,0.0536666662,0.048825752,0.0258259438,0,1.53046203,6,2.5,8.72311974,0,0,0,0,0,16.2035255,1.18008947,86.3202896,0.597156405,2.31401873,4.71519995,489.137512,76.5231018,1.75010002,0.0250000004,50,1,0.119999997,0.550000012,0.0133333337
SL1_rand_20_r0,0,549,0.186666667,0,1.53041446,4.71519995,0.0633333325,0.0533333346,0.0493963249,0.0262485091,0,1.53046203,6,2.5,8.72311974,0,0,0,0,0,16.2035255,1.18008947,86.3202896,0.597156405,2.31401873,4.71519995,489.137512,76.5231018,1.75010002,0.0250000004,50,1,0.119999997,0.550000012,0.0133333337
SL1_rand_20_r0,0,550,0.200000003,0,1.53044069,4.71519995,0.063000001,0.0529999994,0.047310438,0.0273331981,0,1.53046203,6,2.5,8.72311974,0,0,0,0,0,16.2035255,1.18008947,86.3202896,0.597156405,2.31401873,4.71519995,489.137512,76.5231018,1.75010002,0.0250000004,50,1,0.119999997,0.550000012,0.0133333337
SL1_rand_20_r0,0,551,0.213333338,0,1.53045237,4.71519995,0.0626666695,0.0526666678,0.0471998714,0.0276796352,0,1.53046203,6,2.5,8.72311974,0,0,0,0,0,16.2035255,1.18008947,86.3202896,0.597156405,2.31401873,4.71519995,489.137512,76.5231018,1.75010002,0.0250000004,50,1,0.119999997,0.550000012,0.0133333337
SL1_rand_20_r0,0,552,0.226666674,0,1.53045762,4.71519995,0.0623333342,0.0523333326,0.0460046567,0.0288649742,0,1.53046203,6,2.5,8.72311974,0,0,0,0,0,16.2035255,1.18008947,86.3202896,0.597156405,2.31401873,4.71519995,489.137512,76.5231018,1.75010002,0.0250000004,50,1,0.119999997,0.550000012,0.0133333337
SL1_rand_20_r0,0,553,0.239999995,0,1.53046,4.71519995,0.061999999,0.0520000011,0.0451999716,0.0290935691,0,1.53046203,6,2.5,8.72311974,0,0,0,0,0,16.2035255,1.18008947,86.3202896,0.597156405,2.31401873,4.71519995,489.137512,76.5231018,1.75010002,0.0250000004,50,1,0.119999997,0.550000012,0.0133333337
SL1_rand_20_r0,0,554,0.25333333,0,1.53046107,4.71519995,0.0616666675,0.0516666658,0.0449723676,0.0304500256,0,1.53046203,6,2.5,8.72311974,0,0,0,0,0,16.2035255,1.18008947,86.3202896,0.597156405,2.31401873,4.71519995,489.137512,76.5231018,1.75010002,0.0250000004,50,1,0.119999997,0.550000012,0.0133333337
SL1_rand_20_r0,0,555,0.266666681,0,1.53046155,4.71519995,0.0613333322,0.0513333343,0.0434767827,0.0305350777,0,1.53046203,6,2.5,8.72311974,0,0,0,0,0,16.2035255,1.18008947,86.3202896,0.597156405,2.31401873,4.71519995,489.137512,76.5231018,1.75010002,0.0250000004,50,1,0.119999997,0.550000012,0.0133333337
SL1_rand_20_r0,0,556,0.280000001,0,1.53046179,4.71519995,0.0610000007,0.050999999,0.0442630723,0.0320256613,0,1.53046203,6,2.5,8.72311974,0,0,0,0,0,16.2035255,1.18008947,86.3202896,0.597156405,2.31401873,4.71519995,489.137512,76.5231018,1.75010002,0.0250000004,50,1,0.119999997,0.550000012,0.0133333337
SL1_rand_20_r0,0,557,0.293333322,0,1.53046191,4.71519995,0.0606666654,0.0506666675,0.0421015769,0.0320139304,0,1.53046203,6,2.5,8.72311974,0,0,0,0,0,16.2035255,1.18008947,86.3202896,0.597156405,2.31401873,4.71519995,489.137512,76.5231018,1.75010002,0.0250000004,50,1,0.119999997,0.550000012,0.0133333337
SL1_rand_20_r0,0,558,0.306666672,0,1.53046191,4.71519995,0.0603333339,0.0503333323,0.0429135859,0.0319432877,0,1.53046203,6,2.5,8.72311974,0,0,0,0,0,16.2035255,1.18008947,86.3202896,0.597156405,2.31401873,4.71519995,489.137512,76.5231018,1.75010002,0.0250000004,50,1,0.119999997,0.550000012,0.0133333337
SL1_rand_20_r0,0,559,0.319999993,0,1.53046203,4.71519995,0.0599999987,0.0500000007,0.0411338918,0.033523798,0,1.53046203,6,2.5,8.72311974,0,0,0,0,0,16.2035255,1.18008947,86.3202896,0.597156405,2.31401873,4.71519995,489.137512,76.5231018,1.75010002,0.0250000004,50,1,0.119999997,0.550000012,0.0133333337
SL1_rand_20_r0,0,560,0.333333343,0,1.53046203,4.71519995,0.0596666671,0.0496666655,0.0412496105,0.0333553217,0,1.53046203,6,2.5,8.72311974,0,0,0,0,0,16.2035255,1.18008947,86.3202896,0.597156405,2.31401873,4.71519995,489.137512,76.5231018,1.75010002,0.0250000004,50,1,0.119999997,0.550000012,0.0133333337
SL1_rand_20_r0,0,561,0.346666664,0,1.53046203,4.71519995,0.0593333319,0.049333334,0.0406181701,0.0350359082,0,1.53046203,6,2.5,8.72311974,0,0,0,0,0,16.2035255,1.18008947,86.3202896,0.597156405,2.31401873,4.71519995,489.137512,76.5231018,1.75010002,0.0250000004,50,1,0.119999997,0.550000012,0.0133333337
SL1_rand_20_r0,0,562,0.360000014,0,1.53046203,4.71519995,0.0590000004,0.0489999987,0.0400521383,0.0347661301,0,1.53046203,6,2.5,8.72311974,0,0,0,0,0,16.2035255,1.18008947,86.3202896,0.597156405,2.31401873,4.71519995,489.137512,76.5231018,1.75010002,0.0250000004,50,1,0.119999997,0.550000012,0.0133333337
SL1_rand_20_r0,0,563,0.373333335,0,1.53046203,4.71519995,0.0586666651,0.0486666672,0.0405702777,0.0365131572,0,1.53046203,6,2.5,8.72311974,0,0,0,0,0,16.2035255,1.18008947,86.3202896,0.597156405,2.31401873,4.71519995,489.137512,76.5231018,1.75010002,0.0250000004,50,1,0.119999997,0.550000012,0.0133333337
SL1_rand_20_r0,0,564,0.386666656,0,1.53046203,4.71519995,0.0583333336,0.0483333319,0.0393639505,0.0361596309,0,1.53046203,6,2.5,8.72311974,0,0,0,0,0,16.2035255,1.18008947,86.3202896,0.597156405,2.31401873,4.71519995,489.137512,76.5231018,1.75010002,0.0250000004,50,1,0.119999997,0.550000012,0.0133333337
SL1_rand_20_r0,0,565,0.400000006,0,1.53046203,4.71519995,0.0579999983,0.0480000004,0.0407689586,0.0357774869,0,1.53046203,6,2.5,8.72311974,0,0,0,0,0,16.2035255,1.18008947,86.3202896,0.597156405,2.31401873,4.71519995,489.137512,76.5231018,1.75010002,0.0250000004,50,1,0.119999997,0.550000012,0.0133333337
SL1_rand_20_r0,0,566,0.413333327,0,1.53046203,4.71519995,0.0576666668,0.0476666652,0.0391946584,0.0374666229,0,1.53046203,6,2.5,8.72311974,0,0,0,0,0,16.2035255,1.18008947,86.3202896,0.597156405,2.31401873,4.71519995,489.137512,76.5231018,1.75010002,0.0250000004,50,1,0.119999997,0.550000012,0.0133333337
SL1_rand_20_r0,0,567,0.426666677,0,1.53046203,4.71519995,0.0573333316,0.0473333336,0.0399042293,0.0368865244,0,1.53046203,6,2.5,8.72311974,0,0,0,0,0,16.2035255,1.18008947,86.3202896,0.597156405,2.31401873,4.71519995,489.137512,76.5231018,1.75010002,0.0250000004,50,1,0.119999997,0.550000012,0.0133333337
SL1_rand_20_r0,0,568,0.439999998,0,1.53046203,4.71519995,0.057,0.0469999984,0.0395070314,0.0387066416,0,1.53046203,6,2.5,8.72311974,0,0,0,0,0,16.2035255,1.18008947,86.3202896,0.597156405,2.31401873,4.71519995,489.137512,76.5231018,1.75010002,0.0250000004,50,1,0.119999997,0.550000012,0.0133333337
SL1_rand_20_r0,0,569,0.453333348,0,1.53046203,4.71519995,0.0566666685,0.0466666669,0.0395457074,0.0379393436,0,1.53046203,6,2.5,8.72311974,0,0,0,0,0,16.2035255,1.18008947,86.3202896,0.597156405,2.31401873,4.71519995,489.137512,76.5231018,1.75010002,0.0250000004,50,1,0.119999997,0.550000012,0.0133333337
SL1_rand_20_r0,0,570,0.466666669,0,1.53046203,4.71519995,0.0563333333,0.0463333316,0.0402407013,0.0399131663,0,1.53046203,6,2.5,8.72311974,0,0,0,0,0,16.2035255,1.18008947,86.3202896,0.597156405,2.31401873,4.71519995,489.137512,76.5231018,1.75010002,0.0250000004,50,1,0.119999997,0.550000012,0.0133333337
SL1_rand_20_r0,0,571,0.479999989,0,1.53046203,4.71519995,0.0560000017,0.0460000001,0.0396626368,0.0389296524,0,1.53046203,6,2.5,8.72311974,0,0,0,0,0,16.2035255,1.18008947,86.3202896,0.597156405,2.31401873,4.71519995,489.137512,76.5231018,1.75010002,0.0250000004,50,1,0.119999997,0.550000012,0.0133333337
SL1_rand_20_r0,0,572,0.49333334,0,1.53046203,4.71519995,0.0556666665,0.0456666648,0.0401306711,0.0382177085,0,1.53046203,6,2.5,8.72311974,0,0,0,0,0,16.2035255,1.18008947,86.3202896,0.597156405,2.31401873,4.71519995,489.137512,76.5231018,1.75010002,0.0250000004,50,1,0.119999997,0.550000012,0.0133333337
SL1_rand_20_r0,0,573,0.50666666,0,1.53046203,4.71519995,0.055333335,0.0453333333,0.0402016677,0.0398927778,0,1.53046203,6,2.5,8.72311974,0,0,0,0,0,16.2035255,1.18008947,86.3202896,0.597156405,2.31401873,4.71519995,489.137512,76.5231018,1.75010002,0.0250000004,50,1,0.119999997,0.550000012,0.0133333337
SL1_rand_20_r0,0,574,0.519999981,0,1.53046203,4.71519995,0.0549999997,0.0450000018,0.0401134603,0.0391726866,0,1.53046203,6,2.5,8.72311974,0,0,0,0,0,16.2035255,1.18008947,86.3202896,0.597156405,2.31401873,4.71519995,489.137512,76.5231018,1.75010002,0.0250000004,50,1,0.119999997,0.550000012,0.0133333337
SL1_rand_20_r0,0,575,0.533333361,0,1.53046203,4.71519995,0.0546666682,0.0446666665,0.0409611501,0.04042482,0,1.53046203,6,2.5,8.72311974,0,0,0,0,0,16.2035255,1.18008947,86.3202896,0.597156405,2.31401873,4.71519995,489.137512,76.5231018,1.75010002,0.0250000004,50,1,0.119999997,0.550000012,0.0133333337
SL1_rand_20_r0,0,576,0.546666682,0,1.53046203,4.71519995,0.0543333329,0.044333335,0.0405239724,0.040145278,0,1.53046203,6,2.5,8.72311974,0,0,0,0,0,16.2035255,1.18008947,86.3202896,0.597156405,2.31401873,4.71519995,489.137512,76.5231018,1.75010002,0.0250000004,50,1,0.119999997,0.550000012,0.0133333337
SL1_rand_20_r0,0,577,0.560000002,0,1.53046203,4.71519995,0.0540000014,0.0439999998,0.0411689505,0.0386993363,0,1.53046203,6,2.5,8.72311974,0,0,0,0,0,16.2035255,1.18008947,86.3202896,0.597156405,2.31401873,4.71519995,489.137512,76.5231018,1.75010002,0.0250000004,50,1,0.119999997,0.550000012,0.0133333337
SL1_rand_20_r0,0,578,0.573333323,0,1.53046203,4.71519995,0.0536666662,0.0436666682,0.0412196927,0.0404083207,0,1.53046203,6,2.5,8.72311974,0,0,0,0,0,16.2035255,1.18008947,86.3202896,0.597156405,2.31401873,4.71519995,489.137512,76.5231018,1.75010002,0.0250000004,50,1,0.119999997,0.550000012,0.0133333337
SL1_rand_20_r0,0,579,0.586666644,0,1.53046203,4.71519995,0.0533333346,0.043333333,0.0411893167,0.0395287126,0,1.53046203,6,2.5,8.72311974,0,0,0,0,0,16.2035255,1.18008947,86.3202896,0.597156405,2.31401873,4.71519995,489.137512,76.5231018,1.75010002,0.0250000004,50,1,0.119999997,0.550000012,0.0133333337
SL1_rand_20_r0,0,580,0.600000024,0,1.53046203,4.71519995,0.0529999994,0.0430000015,0.0415028967,0.0411829948,0,1.53046203,6,2.5,8.72311974,0,0,0,0,0,16.2035255,1.18008947,86.3202896,0.597156405,2.31401873,4.71519995,489.137512,76.5231018,1.75010002,0.0250000004,50,1,0.119999997,0.550000012,0.0133333337
SL1_rand_20_r0,0,581,0.613333344,0,1.53046203,4.71519995,0.0526666678,0.0426666662,0.0409000814,0.0393879935,0,1.53046203,6,2.5,8.72311974,0,0,0,0,0,16.2035255,1.18008947,86.3202896,0.597156405,2.31401873,4.71519995,489.137512,76.5231018,1.75010002,0.0250000004,50,1,0.119999997,0.550000012,0.0133333337
SL1_rand_20_r0,0,582,0.626666665,0,1.53046203,4.71519995,0.0523333326,0.0423333347,0.0412770994,0.0403742827,0,1.53046203,6,2.5,8.72311974,0,0,0,0,0,16.2035255,1.18008947,86.3202896,0.597156405,2.31401873,4.71519995,489.137512,76.5231018,1.75010002,0.0250000004,50,1,0.119999997,0.550000012,0.0133333337
SL1_rand_20_r0,0,583,0.639999986,0,1.53046203,4.71519995,0.0520000011,0.0419999994,0.0406179912,0.0398762338,0,1.53046203,6,2.5,8.72311974,0,0,0,0,0,16.2035255,1.18008947,86.3202896,0.597156405,2.31401873,4.71519995,489.137512,76.5231018,1.75010002,0.0250000004,50,1,0.119999997,0.550000012,0.0133333337
SL1_rand_20_r0,0,584,0.653333306,0,1.53046203,4.71519995,0.0516666658,0.0416666679,0.041073855,0.0378458761,0,1.53046203,6,2.5,8.72311974,0,0,0,0,0,16.2035255,1.18008947,86.3202896,0.597156405,2.31401873,4.71519995,489.137512,76.5231018,1.75010002,0.0250000004,50,1,0.119999997,0.550000012,0.0133333337
SL1_rand_20_r0,0,585,0.666666687,0,1.53046203,4.71519995,0.0513333343,0.0413333327,0.0404294804,0.0401696116,0,1.53046203,6,2.5,8.72311974,0,0,0,0,0,16.2035255,1.18008947,86.3202896,0.597156405,2.31401873,4.71519995,489.137512,76.5231018,1.75010002,0.0250000004,50,1,0.119999997,0.550000012,0.0133333337
SL1_rand_20_r0,0,586,0.680000007,0,1.53046203,4.71519995,0.050999999,0.0410000011,0.0400390662,0.0379349701,0,1.53046203,6,2.5,8.72311974,0,0,0,0,0,16.2035255,1.18008947,86.3202896,0.597156405,2.31401873,4.71519995,489.137512,76.5231018,1.75010002,0.0250000004,50,1,0.119999997,0.550000012,0.0133333337
SL1_rand_20_r0,0,587,0.693333328,0,1.53046203,4.71519995,0.0506666675,0.0406666659,0.0393998772,0.0380207784,0,1.53046203,6,2.5,8.72311974,0,0,0,0,0,16.2035255,1.18008947,86.3202896,0.597156405,2.31401873,4.71519995,489.137512,76.5231018,1.75010002,0.0250000004,50,1,0.119999997,0.550000012,0.0133333337
SL1_rand_20_r0,0,588,0.706666648,0,1.53046203,4.71519995,0.0503333323,0.0403333344,0.0390293151,0.0377501547,0,1.53046203,6,2.5,8.72311974,0,0,0,0,0,16.2035255,1.18008947,86.3202896,0.597156405,2.31401873,4.71519995,489.137512,76.5231018,1.75010002,0.0250000004,50,1,0.119999997,0.550000012,0.0133333337
SL1_rand_20_r0,0,589,0.720000029,0,1.53046203,4.71519995,0.0500000007,0.0399999991,0.0382638089,0.037507318,0,1.53046203,6,2.5,8.72311974,0,0,0,0,0,16.2035255,1.18008947,86.3202896,0.597156405,2.31401873,4.71519995,489.137512,76.5231018,1.75010002,0.0250000004,50,1,0.119999997,0.550000012,0.0133333337
SL1_rand_20_r0,0,590,0.733333349,0,1.53046203,4.71519995,0.0496666655,0.0396666676,0.0381357893,0.0373836569,0,1.53046203,6,2.5,8.72311974,0,0,0,0,0,16.2035255,1.18008947,86.3202896,0.597156405,2.31401873,4.71519995,489.137512,76.5231018,1.75010002,0.0250000004,50,1,0.119999997,0.550000012,0.0133333337
SL1_rand_20_r0,0,591,0.74666667,0,1.53046203,4.71519995,0.049333334,0.0393333323,0.0373533666,0.0368726328,0,1.53046203,6,2.5,8.72311974,0,0,0,0,0,16.2035255,1.18008947,86.3202896,0.597156405,2.31401873,4.71519995,489.137512,76.5231018,1.75010002,0.0250000004,50,1,0.119999997,0.550000012,0.0133333337
SL1_rand_20_r0,0,592,0.75999999,0,1.53046203,4.71519995,0.0489999987,0.0390000008,0.0366027392,0.0347700827,0,1.53046203,6,2.5,8.72311974,0,0,0,0,0,16.2035255,1.18008947,86.3202896,0.597156405,2.31401873,4.71519995,489.137512,76.5231018,1.75010002,0.0250000004,50,1,0.119999997,0.550000012,0.0133333337
SL1_rand_20_r0,0,593,0.773333311,0,1.53046203,4.71519995,0.0486666672,0.0386666656,0.0362493768,0.0351974443,0,1.53046203,6,2.5,8.72311974,0,0,0,0,0,16.2035255,1.18008947,86.3202896,0.597156405,2.31401873,4.71519995,489.137512,76.5231018,1.75010002,0.0250000004,50,1,0.119999997,0.550000012,0.0133333337
SL1_rand_20_r0,0,594,0.786666691,0,1.53046203,4.71519995,0.0483333319,0.038333334,0.0351486467,0.0342882276,0,1.53046203,6,2.5,8.72311974,0,0,0,0,0,16.2035255,1.18008947,86.3202896,0.597156405,2.31401873,4.71519995,489.137512,76.5231018,1.75010002,0.0250000004,50,1,0.119999997,0.550000012,0.0133333337
SL1_rand_20_r0,0,595,0.800000012,0,1.53046203,4.71519995,0.0480000004,0.0379999988,0.0348960459,0.0345698483,0,1.53046203,6,2.5,8.72311974,0,0,0,0,0,16.2035255,1.18008947,86.3202896,0.597156405,2.31401873,4.71519995,489.137512,76.5231018,1.75010002,0.0250000004,50,1,0.119999997,0.550000012,0.0133333337
SL1_rand_20_r0,0,596,0.813333333,0,1.53046203,4.71519995,0.0476666652,0.0376666673,0.0342527665,0.0339922793,0,1.53046203,6,2.5,8.72311974,0,0,0,0,0,16.2035255,1.18008947,86.3202896,0.597156405,2.31401873,4.71519995,489.137512,76.5231018,1.75010002,0.0250000004,50,1,0.119999997,0.550000012,0.0133333337
SL1_rand_20_r0,0,597,0.826666653,0,1.53046203,4.71519995,0.0473333336,0.037333332,0.0337467231,0.0323510319,0,1.53046203,6,2.5,8.72311974,0,0,0,0,0,16.2035255,1.18008947,86.3202896,0.597156405,2.31401873,4.71519995,489.137512,76.5231018,1.75010002,0.0250000004,50,1,0.119999997,0.550000012,0.0133333337
SL1_rand_20_r0,0,598,0.839999974,0,1.53046203,4.71519995,0.0469999984,0.0370000005,0.0333946161,0.0321046747,0,1.53046203,6,2.5,8.72311974,0,0,0,0,0,16.2035255,1.18008947,86.3202896,0.597156405,2.31401873,4.71519995,489.137512,76.5231018,1.75010002,0.0250000004,50,1,0.119999997,0.550000012,0.0133333337
SL1_rand_20_r0,0,599,0.853333354,0,1.53046203,4.71519995,0.0466666669,0.0366666652,0.0328590795,0.0322781578,0,1.53046203,6,2.5,8.72311974,0,0,0,0,0,16.2035255,1.18008947,86.3202896,0.597156405,2.31401873,4.71519995,489.137512,76.5231018,1.75010002,0.0250000004,50,1,0.119999997,0.550000012,0.0133333337
SL1_rand_20_r0,0,600,0.866666675,0,1.53046203,4.71519995,0.0463333316,0.0363333337,0.0330045484,0.032026235,0,1.53046203,6,2.5,8.72311974,0,0,0,0,0,16.2035255,1.18008947,86.3202896,0.597156405,2.31401873,4.71519995,489.137512,76.5231018,1.75010002,0.0250000004,50,1,0.119999997,0.550000012,0.0133333337
SL1_rand_20_r0,0,601,0.879999995,0,1.53046203,4.71519995,0.0460000001,0.0359999985,0.0328534022,0.0313004628,0,1.53046203,6,2.5,8.72311974,0,0,0,0,0,16.2035255,1.18008947,86.3202896,0.597156405,2.31401873,4.71519995,489.137512,76.5231018,1.75010002,0.0250000004,50,1,0.119999997,0.550000012,0.0133333337
SL1_rand_20_r0,0,602,0.893333316,0,1.53046203,4.71519995,0.0456666648,0.0356666669,0.0326569378,0.0306274127,0,1.53046203,6,2.5,8.72311974,0,0,0,0,0,16.2035255,1.18008947,86.3202896,0.597156405,2.31401873,4.71519995,489.137512,76.5231018,1.75010002,0.0250000004,50,1,0.119999997,0.550000012,0.0133333337
SL1_rand_20_r0,0,603,0.906666696,0,1.53046203,4.71519995,0.0453333333,0.0353333317,0.0324409641,0.0318365954,0,1.53046203,6,2.5,8.72311974,0,0,0,0,0,16.2035255,1.18008947,86.3202896,0.597156405,2.31401873,4.71519995,489.137512,76.5231018,1.75010002,0.0250000004,50,1,0.119999997,0.550000012,0.0133333337
SL1_rand_20_r0,0,604,0.920000017,0,1.53046203,4.71519995,0.0450000018,0.0350000001,0.0322180167,0.0313722417,0,1.53046203,6,2.5,8.72311974,0,0,0,0,0,16.2035255,1.18008947,86.3202896,0.597156405,2.31401873,4.71519995,489.137512,76.5231018,1.75010002,0.0250000004,50,1,0.119999997,0.550000012,0.0133333337
SL1_rand_20_r0,0,605,0.933333337,0,1.53046203,4.71519995,0.0446666665,0.0346666649,0.0325946622,0.0324041545,0,1.53046203,6,2.5,8.72311974,0,0,0,0,0,16.2035255,1.18008947,86.3202896,0.597156405,2.31401873,4.71519995,489.137512,76.5231018,1.75010002,0.0250000004,50,1,0.119999997,0.550000012,0.0133333337
SL1_rand_20_r0,0,606,0.946666658,0,1.53046203,4.71519995,0.044333335,0.0343333334,0.0323988311,0.0321137905,0,1.53046203,6,2.5,8.72311974,0,0,0,0,0,16.2035255,1.18008947,86.3202896,0.597156405,2.31401873,4.71519995,489.137512,76.5231018,1.75010002,0.0250000004,50,1,0.119999997,0.550000012,0.0133333337
SL1_rand_20_r0,0,607,0.959999979,0,1.53046203,4.71519995,0.0439999998,0.0340000018,0.033129286,0.0303649325,0,1.53046203,6,2.5,8.72311974,0,0,0,0,0,16.2035255,1.18008947,86.3202896,0.597156405,2.31401873,4.71519995,489.137512,76.5231018,1.75010002,0.0250000004,50,1,0.119999997,0.550000012,0.0133333337
SL1_rand_20_r0,0,608,0.973333359,0,1.53046203,4.71519995,0.0436666682,0.0336666666,0.0327517614,0.0323717706,0,1.53046203,6,2.5,8.72311974,0,0,0,0,0,16.2035255,1.18008947,86.3202896,0.597156405,2.31401873,4.71519995,489.137512,76.5231018,1.75010002,0.0250000004,50,1,0.119999997,0.550000012,0.0133333337
SL1_rand_20_r0,0,609,0.986666679,0,1.53046203,4.71519995,0.043333333,0.0333333351,0.0323156603,0.0311101396,0,1.53046203,6,2.5,8.72311974,0,0,0,0,0,16.2035255,1.18008947,86.3202896,0.597156405,2.31401873,4.71519995,489.137512,76.5231018,1.75010002,0.0250000004,50,1,0.119999997,0.550000012,0.0133333337
SL1_rand_20_r0,0,610,1,0,1.53046203,4.71519995,0.0430000015,0.0329999998,0.0332421549,0.0329593644,0,1.53046203,6,2.5,8.72311974,0,0,0,0,0,16.2035255,1.18008947,86.3202896,0.597156405,2.31401873,4.71519995,489.137512,76.5231018,1.75010002,0.0250000004,50,1,0.119999997,0.550000012,0.0133333337
SL1_rand_20_r0,0,611,1.01333332,1,1.53046203,4.71519995,0.0426666662,0.0326666683,0.0320942812,0.0317502543,0,1.53046203,6,2.5,8.72311974,0,0,0,0,0,23.6464863,0.648148417,87.504097,0.753554523,7.09294796,4.71519995,489.137512,76.5231018,1.75010002,0.0250000004,50,1,0.119999997,0.550000012,0.0133333337
SL1_rand_20_r0,0,612,1.02666664,1,1.53046203,4.71519995,0.0423333347,0.032333333,0.033277642,0.0306122154,0,1.53046203,6,2.5,8.72311974,0,0,0,0,0,23.6464863,0.648148417,87.504097,0.753554523,7.09294796,4.71519995,489.137512,76.5231018,1.75010002,0.0250000004,50,1,0.119999997,0.550000012,0.0133333337
SL1_rand_20_r0,0,613,1.03999996,1,1.53046203,4.71519995,0.0419999994,0.0320000015,0.0324008726,0.0322629362,0,1.53046203,6,2.5,8.72311974,0,0,0,0,0,23.6464863,0.648148417,87.504097,0.753554523,7.09294796,4.71519995,489.137512,76.5231018,1.75010002,0.0250000004,50,1,0.119999997,0.550000012,0.0133333337
SL1_rand_20_r0,0,614,1.05333328,1,1.53046203,4.71519995,0.0416666679,0.0316666663,0.0327185132,0.0309142135,0,1.53046203,6,2.5,8.72311974,0,0,0,0,0,23.6464863,0.648148417,87.504097,0.753554523,7.09294796,4.71519995,489.137512,76.5231018,1.75010002,0.0250000004,50,1,0.119999997,0.550000012,0.0133333337
SL1_rand_20_r0,0,615,1.06666672,1,1.53046203,4.71519995,0.0413333327,0.0313333347,0.0327444747,0.0315993764,0,1.53046203,6,2.5,8.72311974,0,0,0,0,0,23.6464863,0.648148417,87.504097,0.753554523,7.09294796,4.71519995,489.137512,76.5231018,1.75010002,0.0250000004,50,1,0.119999997,0.550000012,0.0133333337
SL1_rand_20_r0,0,616,1.08000004,1,1.53046203,4.71519995,0.0410000011,0.0309999995,0.032000605,0.0313809253,0,1.53046203,6,2.5,8.72311974,0,0,0,0,0,23.6464863,0.648148417,87.504097,0.753554523,7.09294796,4.71519995,489.137512,76.5231018,1.75010002,0.0250000004,50,1,0.119999997,0.550000012,0.0133333337
SL1_rand_20_r0,0,617,1.09333336,1,1.53046203,4.71519995,0.0406666659,0.0306666661,0.0322902724,0.0318149403,0,1.53046203,6,2.5,8.72311974,0,0,0,0,0,23.6464863,0.648148417,87.504097,0.753554523,7.09294796,4.71519995,489.137512,76.5231018,1.75010002,0.0250000004,50,1,0.119999997,0.550000012,0.0133333337
SL1_rand_20_r0,0,618,1.10666668,1,1.53046203,4.71519995,0.0403333344,0.0303333327,0.0318137109,0.0317423157,0,1.53046203,6,2.5,8.72311974,0,0,0,0,0,23.6464863,0.648148417,87.504097,0.753554523,7.09294796,4.71519995,489.137512,76.5231018,1.75010002,0.0250000004,50,1,0.119999997,0.550000012,0.0133333337
SL1_rand_20_r0,0,619,1.12,1,1.53046203,4.71519995,0.0399999991,0.0299999993,0.0321018249,0.0319350474,0,1.53046203,6,2.5,8.72311974,0,0,0,0,0,23.6464863,0.648148417,87.504097,0.753554523,7.09294796,4.71519995,489.137512,76.5231018,1.75010002,0.0250000004,50,1,0.119999997,0.550000012,0.0133333337
SL1_rand_20_r0,0,620,1.13333333,1,1.53046203,4.71519995,0.0396666676,0.0296666659,0.0320738591,0.0319824405,0,1.53046203,6,2.5,8.72311974,0,0,0,0,0,23.6464863,0.648148417,87.504097,0.753554523,7.09294796,4.71519995,489.137512,76.5231018,1.75010002,0.0250000004,50,1,0.119999997,0.550000012,0.0133333337
SL1_rand_20_r0,0,621,1.14666665,1,1.53046203,4.71519995,0.0393333323,0.0293333326,0.0320490114,0.0310759582,0,1.53046203,6,2.5,8.72311974,0,0,0,0,0,23.6464863,0.648148417,87.504097,0.753554523,7.09294796,4.71519995,489.137512,76.5231018,1.75010002,0.0250000004,50,1,0.119999997,0.550000012,0.0133333337
SL1_rand_20_r0,0,622,1.15999997,1,1.53046203,4.71519995,0.0390000008,0.0289999992,0.0322559774,0.0313432142,0,1.53046203,6,2.5,8.72311974,0,0,0,0,0,23.6464863,0.648148417,87.504097,0.753554523,7.09294796,4.71519995,489.137512,76.5231018,1.75010002,0.0250000004,50,1,0.119999997,0.550000012,0.0133333337
SL1_rand_20_r0,0,623,1.17333329,1,1.53046203,4.71519995,0.0386666656,0.0286666658,0.0314576998,0.0309419204,0,1.53046203,6,2.5,8.72311974,0,0,0,0,0,23.6464863,0.648148417,87.504097,0.753554523,7.09294796,4.71519995,489.137512,76.5231018,1.75010002,0.0250000004,50,1,0.119999997,0.550000012,0.0133333337
SL1_rand_20_r0,0,624,1.18666661,1,1.53046203,4.71519995,0.038333334,0.0283333343,0.0322607011,0.0312381592,0,1.53046203,6,2.5,8.72311974,0,0,0,0,0,23.6464863,0.648148417,87.504097,0.753554523,7.09294796,4.71519995,489.137512,76.5231018,1.75010002,0.0250000004,50,1,0.119999997,0.550000012,0.0133333337
SL1_rand_20_r0,0,625,1.20000005,1,1.53046203,4.71519995,0.0379999988,0.0280000009,0.0310742427,0.0310043991,0,1.53046203,6,2.5,8.72311974,0,0,0,0,0,23.6464863,0.648148417,87.504097,0.753554523,7.09294796,4.71519995,489.137512,76.5231018,1.75010002,0.0250000004,50,1,0.119999997,0.550000012,0.0133333337
SL1_rand_20_r0,0,626,1.21333337,1,1.53046203,4.71519995,0.0376666673,0.0276666675,0.031697344,0.030269878,0,1.53046203,6,2.5,8.72311974,0,0,0,0,0,23.6464863,0.648148417,87.504097,0.753554523,7.09294796,4.71519995,489.137512,76.5231018,1.75010002,0.0250000004,50,1,0.119999997,0.550000012,0.0133333337
SL1_rand_20_r0,0,627,1.22666669,1,1.53046203,4.71519995,0.037333332,0.0273333341,0.0310578533,0.030955337,0,1.53046203,6,2.5,8.72311974,0,0,0,0,0,23.6464863,0.648148417,87.504097,0.753554523,7.09294796,4.71519995,489.137512,76.5231018,1.75010002,0.0250000004,50,1,0.119999997,0.550000012,0.0133333337
SL1_rand_20_r0,0,628,1.24000001,1,1.53046203,4.71519995,0.0370000005,0.0270000007,0.0308584645,0.0302341823,0,1.53046203,6,2.5,8.72311974,0,0,0,0,0,23.6464863,0.648148417,87.504097,0.753554523,7.09294796,4.71519995,489.137512,76.5231018,1.75010002,0.0250000004,50,1,0.119999997,0.550000012,0.0133333337
SL1_rand_20_r0,0,629,1.25333333,1,1.53046203,4.71519995,0.0366666652,0.0266666673,0.0313440263,0.0308062937,0,1.53046203,6,2.5,8.72311974,0,0,0,0,0,23.6464863,0.648148417,87.504097,0.753554523,7.09294796,4.71519995,489.137512,76.5231018,1.75010002,0.0250000004,50,1,0.119999997,0.550000012,0.0133333337
SL1_rand_20_r0,0,630,1.26666665,1,1.53046203,4.71519995,0.0363333337,0.0263333339,0.0303600859,0.0300939307,0,1.53046203,6,2.5,8.72311974,0,0,0,0,0,23.6464863,0.648148417,87.504097,0.753554523,7.09294796,4.71519995,489.137512,76.5231018,1.75010002,0.0250000004,50,1,0.119999997,0.550000012,0.0133333337
SL1_rand_20_r0,0,631,1.27999997,1,1.53046203,4.71519995,0.0359999985,0.0260000005,0.0313442945,0.0306962822,0,1.53046203,6,2.5,8.72311974,0,0,0,0,0,23.6464863,0.648148417,87.504097,0.753554523,7.09294796,4.71519995,489.137512,76.5231018,1.75010002,0.0250000004,50,1,0.119999997,0.550000012,0.0133333337
SL1_rand_20_r0,0,632,1.29333329,1,1.53046203,4.71519995,0.0356666669,0.0256666671,0.0301557612,0.0298600495,0,1.53046203,6,2.5,8.72311974,0,0,0,0,0,23.6464863,0.648148417,87.504097,0.753554523,7.09294796,4.71519995,489.137512,76.5231018,1.75010002,0.0250000004,50,1,0.119999997,0.550000012,0.0133333337
SL1_rand_20_r0,0,633,1.30666661,1,1.53046203,4.71519995,0.0353333317,0.0253333338,0.0308559593,0.0292105395,0,1.53046203,6,2.5,8.72311974,0,0,0,0,0,23.6464863,0.648148417,87.504097,0.753554523,7.09294796,4.71519995,489.137512,76.5231018,1.75010002,0.0250000004,50,1,0.119999997,0.550000012,0.0133333337
SL1_rand_20_r0,0,634,1.32000005,1,1.53046203,4.71519995,0.0350000001,0.0250000004,0.0300370492,0.0296801645,0,1.53046203,6,2.5,8.72311974,0,0,0,0,0,23.6464863,0.648148417,87.504097,0.753554523,7.09294796,4.71519995,489.137512,76.5231018,1.75010002,0.0250000004,50,1,0.119999997,0.550000012,0.0133333337
SL1_rand_20_r0,0,635,1.33333337,1,1.53046203,4.71519995,0.0346666649,0.024666667,0.0299813859,0.0290203169,0,1.53046203,6,2.5,8.72311974,0,0,0,0,0,23.6464863,0.648148417,87.504097,0.753554523,7.09294796,4.71519995,489.137512,76.5231018,1.75010002,0.0250000004,50,1,0.119999997,0.550000012,0.0133333337
SL1_rand_20_r0,0,636,1.34666669,1,1.53046203,4.71519995,0.0343333334,0.0243333336,0.0298891999,0.0293287057,0,1.53046203,6,2.5,8.72311974,0,0,0,0,0,23.6464863,0.648148417,87.504097,0.753554523,7.09294796,4.71519995,489.137512,76.5231018,1.75010002,0.0250000004,50,1,0.119999997,0.550000012,0.0133333337
SL1_rand_20_r0,0,637,1.36000001,1,1.53046203,4.71519995,0.0340000018,0.0240000002,0.0290014893,0.0286788847,0,1.53046203,6,2.5,8.72311974,0,0,0,0,0,23.6464863,0.648148417,87.504097,0.753554523,7.09294796,4.71519995,489.137512,76.5231018,1.75010002,0.0250000004,50,1,0.119999997,0.550000012,0.0133333337
SL1_rand_20_r0,0,638,1.37333333,1,1.53046203,4.71519995,0.0336666666,0.0236666668,0.0299880914,0.0289134011,0,1.53046203,6,2.5,8.72311974,0,0,0,0,0,23.6464863,0.648148417,87.504097,0.753554523,7.09294796,4.71519995,489.137512,76.5231018,1.75010002,0.0250000004,50,1,0.119999997,0.550000012,0.0133333337
SL1_rand_20_r0,0,639,1.38666666,1,1.53046203,4.71519995,0.0333333351,0.0233333334,0.0283055604,0.0282793287,0,1.53046203,6,2.5,8.72311974,0,0,0,0,0,23.6464863,0.648148417,87.504097,0.753554523,7.09294796,4.71519995,489.137512,76.5231018,1.75010002,0.0250000004,50,1,0.119999997,0.550000012,0.0133333337
SL1_rand_20_r0,0,640,1.39999998,1,1.53046203,4.71519995,0.0329999998,0.023,0.0291484762,0.0285996832,0,1.53046203,6,2.5,8.72311974,0,0,0,0,0,23.6464863,0.648148417,87.504097,0.753554523,7.09294796,4.71519995,489.137512,76.5231018,1.75010002,0.0250000004,50,1,0.119999997,0.550000012,0.0133333337
SL1_rand_20_r0,0,641,1.4133333,1,1.53046203,4.71519995,0.0326666683,0.0226666667,0.027883729,0.0278294757,0,1.53046203,6,2.5,8.72311974,0,0,0,0,0,23.6464863,0.648148417,87.504097,0.753554523,7.09294796,4.71519995,489.137512,76.5231018,1.75010002,0.0250000004,50,1,0.119999997,0.550000012,0.0133333337
SL1_rand_20_r0,0,642,1.42666662,1,1.53046203,4.71519995,0.032333333,0.0223333333,0.028297456,0.0273085572,0,1.53046203,6,2.5,8.72311974,0,0,0,0,0,23.6464863,0.648148417,87.504097,0.753554523,7.09294796,4.71519995,489.137512,76.5231018,1.75010002,0.0250000004,50,1,0.119999997,0.550000012,0.0133333337
SL1_rand_20_r0,0,643,1.44000006,1,1.53046203,4.71519995,0.0320000015,0.0219999999,0.0277220476,0.0273442455,0,1.53046203,6,2.5,8.72311974,0,0,0,0,0,23.6464863,0.648148417,87.504097,0.753554523,7.09294796,4.71519995,489.137512,76.5231018,1.75010002,0.0250000004,50,1,0.119999997,0.550000012,0.0133333337
SL1_rand_20_r0,0,644,1.45333338,1,1.53046203,4.71519995,0.0316666663,0.0216666665,0.027369719,0.0268431157,0,1.53046203,6,2.5,8.72311974,0,0,0,0,0,23.6464863,0.648148417,87.504097,0.753554523,7.09294796,4.71519995,489.137512,76.5231018,1.75010002,0.0250000004,50,1,0.119999997,0.550000012,0.0133333337
SL1_rand_20_r0,0,645,1.4666667,1,1.53046203,4.71519995,0.0313333347,0.0213333331,0.0276817121,0.0266676657,0,1.53046203,6,2.5,8.72311974,0,0,0,0,0,23.6464863,0.648148417,87.504097,0.753554523,7.09294796,4.71519995,489.137512,76.5231018,1.75010002,0.0250000004,50,1,0.119999997,0.550000012,0.0133333337
SL1_rand_20_r0,0,646,1.48000002,1,1.53046203,4.71519995,0.0309999995,0.0209999997,0.0267023947,0.0263546184,0,1.53046203,6,2.5,8.72311974,0,0,0,0,0,23.6464863,0.648148417,87.504097,0.753554523,7.09294796,4.71519995,489.137512,76.5231018,1.75010002,0.0250000004,50,1,0.119999997,0.550000012,0.0133333337
SL1_rand_20_r0,0,647,1.49333334,1,1.53046203,4.71519995,0.0306666661,0.0206666663,0.0268040746,0.0260180831,0,1.53046203,6,2.5,8.72311974,0,0,0,0,0,23.6464863,0.648148417,87.504097,0.753554523,7.09294796,4.71519995,489.137512,76.5231018,1.75010002,0.0250000004,50,1,0.119999997,0.550000012,0.0133333337
SL1_rand_20_r0,0,648,1.50666666,1,1.53046203,4.71519995,0.0303333327,0.0203333329,0.0262842979,0.0258351304,0,1.53046203,6,2.5,8.72311974,0,0,0,0,0,23.6464863,0.648148417,87.504097,0.753554523,7.09294796,4.71519995,489.137512,76.5231018,1.75010002,0.0250000004,50,1,0.119999997,0.550000012,0.0133333337
SL1_rand_20_r0,0,649,1.51999998,1,1.53046203,4.71519995,0.0299999993,0.0199999996,0.0259725731,0.0253872517,0,1.53046203,6,2.5,8.72311974,0,0,0,0,0,23.6464863,0.648148417,87.504097,0.753554523,7.09294796,4.71519995,489.137512,76.5231018,1.75010002,0.0250000004,50,1,0.119999997,0.550000012,0.0133333337
SL1_rand_20_r0,0,650,1.5333333,1,1.53046203,4.71519995,0.0296666659,0.0196666662,0.0255732089,0.0250669923,0,1.53046203,6,2.5,8.72311974,0,0,0,0,0,23.6464863,0.648148417,87.504097,0.753554523,7.09294796,4.71519995,489.137512,76.5231018,1.75010002,0.0250000004,50,1,0.119999997,0.550000012,0.0133333337
SL1_rand_20_r0,0,651,1.54666662,1,1.53046203,4.71519995,0.0293333326,0.0193333328,0.0251854919,0.024743095,0,1.53046203,6,2.5,8.72311974,0,0,0,0,0,23.6464863,0.648148417,87.504097,0.753554523,7.09294796,4.71519995,489.137512,76.5231018,1.75010002,0.0250000004,50,1,0.119999997,0.550000012,0.0133333337
SL1_rand_20_r0,0,652,1.55999994,1,1.53046203,4.71519995,0.0289999992,0.0189999994,0.0248107892,0.0244199149,0,1.53046203,6,2.5,8.72311974,0,0,0,0,0,23.6464863,0.648148417,87.504097,0.753554523,7.09294796,4.71519995,489.137512,76.5231018,1.75010002,0.0250000004,50,1,0.119999997,0.550000012,0.0133333337
SL1_rand_20_r0,0,653,1.57333338,1,1.53046203,4.71519995,0.0286666658,0.018666666,0.0244480688,0.02409718,0,1.53046203,6,2.5,8.72311974,0,0,0,0,0,23.6464863,0.648148417,87.504097,0.753554523,7.09294796,4.71519995,489.137512,76.5231018,1.75010002,0.0250000004,50,1,0.119999997,0.550000012,0.0133333337
SL1_rand_20_r0,0,654,1.5866667,1,1.53046203,4.71519995,0.0283333343,0.0183333326,0.0240974668,0.0237756018,0,1.53046203,6,2.5,8.72311974,0,0,0,0,0,23.6464863,0.648148417,87.504097,0.753554523,7.09294796,4.71519995,489.137512,76.5231018,1.75010002,0.0250000004,50,1,0.119999997,0.550000012,0.0133333337
SL1_rand_20_r0,0,655,1.60000002,1,1.53046203,4.71519995,0.0280000009,0.0179999992,0.023758335,0.0234547872,0,1.53046203,6,2.5,8.72311974,0,0,0,0,0,23.6464863,0.648148417,87.504097,0.753554523,7.09294796,4.71519995,489.137512,76.5231018,1.75010002,0.0250000004,50,1,0.119999997,0.550000012,0.0133333337
SL1_rand_20_r0,0,656,1.61333334,1,1.53046203,4.71519995,0.0276666675,0.0176666658,0.0234316159,0.0231359806,0,1.53046203,6,2.5,8.72311974,0,0,0,0,0,23.6464863,0.648148417,87.504097,0.753554523,7.09294796,4.71519995,489.137512,76.5231018,1.75010002,0.0250000004,50,1,0.119999997,0.550000012,0.0133333337
SL1_rand_20_r0,0,657,1.62666667,1,1.53046203,4.71519995,0.0273333341,0.0173333324,0.0231168084,0.0228190273,0,1.53046203,6,2.5,8.72311974,0,0,0,0,0,23.6464863,0.648148417,87.504097,0.753554523,7.09294796,4.71519995,489.137512,76.5231018,1.75010002,0.0250000004,50,1,0.119999997,0.550000012,0.0133333337
SL1_rand_20_r0,0,658,1.63999999,1,1.53046203,4.71519995,0.0270000007,0.0170000009,0.0228141155,0.02250419,0,1.53046203,6,2.5,8.72311974,0,0,0,0,0,23.6464863,0.648148417,87.504097,0.753554523,7.09294796,4.71519995,489.137512,76.5231018,1.75010002,0.0250000004,50,1,0.119999997,0.550000012,0.0133333337
SL1_rand_20_r0,0,659,1.65333331,1,1.53046203,4.71519995,0.0266666673,0.0166666675,0.0225238167,0.0221918821,0,1.53046203,6,2.5,8.72311974,0,0,0,0,0,23.6464863,0.648148417,87.504097,0.753554523,7.09294796,4.71519995,489.137512,76.5231018,1.75010002,0.0250000004,50,1,0.119999997,0.550000012,0.0133333337
SL1_rand_20_r0,0,660,1.66666663,1,1.53046203,4.71519995,0.0263333339,0.0163333341,0.0222448707,0.0218864549,0,1.53046203,6,2.5,8.72311974,0,0,0,0,0,23.6464863,0.648148417,87.504097,0.753554523,7.09294796,4.71519995,489.137512,76.5231018,1.75010002,0.0250000004,50,1,0.119999997,0.550000012,0.0133333337
SL1_rand_20_r0,0,661,1.67999995,1,1.53046203,4.71519995,0.0260000005,0.0160000008,0.0219785478,0.0215840321,0,1.53046203,6,2.5,8.72311974,0,0,0,0,0,23.6464863,0.648148417,87.504097,0.753554523,7.09294796,4.71519995,489.137512,76.5231018,1.75010002,0.0250000004,50,1,0.119999997,0.550000012,0.0133333337
SL1_rand_20_r0,0,662,1.69333339,1,1.53046203,4.71519995,0.0256666671,0.0156666674,0.0217248388,0.0212843586,0,1.53046203,6,2.5,8.72311974,0,0,0,0,0,23.6464863,0.648148417,87.504097,0.753554523,7.09294796,4.71519995,489.137512,76.5231018,1.75010002,0.0250000004,50,1,0.119999997,0.550000012,0.0133333337
SL1_rand_20_r0,0,663,1.70666671,1,1.53046203,4.71519995,0.0253333338,0.0153333331,0.0214832295,0.0209870134,0,1.53046203,6,2.5,8.72311974,0,0,0,0,0,23.6464863,0.648148417,87.504097,0.753554523,7.09294796,4.71519995,489.137512,76.5231018,1.75010002,0.0250000004,50,1,0.119999997,0.550000012,0.0133333337
SL1_rand_20_r0,0,664,1.72000003,1,1.53046203,4.71519995,0.0250000004,0.0149999997,0.0212536622,0.020702146,0,1.53046203,6,2.5,8.72311974,0,0,0,0,0,23.6464863,0.648148417,87.504097,0.753554523,7.09294796,4.71519995,489.137512,76.5231018,1.75010002,0.0250000004,50,1,0.119999997,0.550000012,0.0133333337
SL1_rand_20_r0,0,665,1.73333335,1,1.53046203,4.71519995,0.024666667,0.0146666663,0.0210364815,0.0204184335,0,1.53046203,6,2.5,8.72311974,0,0,0,0,0,23.6464863,0.648148417,87.504097,0.753554523,7.09294796,4.71519995,489.137512,76.5231018,1.75010002,0.0250000004,50,1,0.119999997,0.550000012,0.0133333337
SL1_rand_20_r0,0,666,1.74666667,1,1.53046203,4.71519995,0.0243333336,0.0143333329,0.0208321065,0.0201457571,0,1.53046203,6,2.5,8.72311974,0,0,0,0,0,23.6464863,0.648148417,87.504097,0.753554523,7.09294796,4.71519995,489.137512,76.5231018,1.75010002,0.0250000004,50,1,0.119999997,0.550000012,0.0133333337
SL1_rand_20_r0,0,667,1.75999999,1,1.53046203,4.71519995,0.0240000002,0.0140000004,0.0206407364,0.0198739972,0,1.53046203,6,2.5,8.72311974,0,0,0,0,0,23.6464863,0.648148417,87.504097,0.753554523,7.09294796,4.71519995,489.137512,76.5231018,1.75010002,0.0250000004,50,1,0.119999997,0.550000012,0.0133333337
SL1_rand_20_r0,0,668,1.77333331,1,1.53046203,4.71519995,0.0236666668,0.013666667,0.020461021,0.0196018107,0,1.53046203,6,2.5,8.72311974,0,0,0,0,0,23.6464863,0.648148417,87.504097,0.753554523,7.09294796,4.71519995,489.137512,76.5231018,1.75010002,0.0250000004,50,1,0.119999997,0.550000012,0.0133333337
SL1_rand_20_r0,0,669,1.78666663,1,1.53046203,4.71519995,0.0233333334,0.0133333337,0.0202939678,0.0193305016,0,1.53046203,6,2.5,8.72311974,0,0,0,0,0,23.6464863,0.648148417,87.504097,0.753554523,7.09294796,4.71519995,489.137512,76.5231018,1.75010002,0.0250000004,50,1,0.119999997,0.550000012,0.0133333337
SL1_rand_20_r0,0,670,1.79999995,1,1.53046203,4.71519995,0.023,0.0130000003,0.0201382712,0.0190589782,0,1.53046203,6,2.5,8.72311974,0,0,0,0,0,23.6464863,0.648148417,87.504097,0.753554523,7.09294796,4.71519995,489.137512,76.5231018,1.75010002,0.0250000004,50,1,0.119999997,0.550000012,0.0133333337
SL1_rand_20_r0,0,671,1.81333339,1,1.53046203,4.71519995,0.0226666667,0.0126666669,0.0199937336,0.0187872015,0,1.53046203,6,2.5,8.72311974,0,0,0,0,0,23.6464863,0.648148417,87.504097,0.753554523,7.09294796,4.71519995,489.137512,76.5231018,1.75010002,0.0250000004,50,1,0.119999997,0.550000012,0.0133333337
SL1_rand_20_r0,0,672,1.82666671,1,1.53046203,4.71519995,0.0223333333,0.0123333335,0.0198600143,0.0185099244,0,1.53046203,6,2.5,8.72311974,0,0,0,0,0,23.6464863,0.648148417,87.504097,0.753554523,7.09294796,4.71519995,489.137512,76.5231018,1.75010002,0.0250000004,50,1,0.119999997,0.550000012,0.0133333337
SL1_rand_20_r0,0,673,1.84000003,1,1.53046203,4.71519995,0.0219999999,0.0120000001,0.0197372232,0.0182184707,0,1.53046203,6,2.5,8.72311974,0,0,0,0,0,23.6464863,0.648148417,87.504097,0.753554523,7.09294796,4.71519995,489.137512,76.5231018,1.75010002,0.0250000004,50,1,0.119999997,0.550000012,0.0133333337
SL1_rand_20_r0,0,674,1.85333335,1,1.53046203,4.71519995,0.0216666665,0.0116666667,0.0196236856,0.0179264694,0,1.53046203,6,2.5,8.72311974,0,0,0,0,0,23.6464863,0.648148417,87.504097,0.753554523,7.09294796,4.71519995,489.137512,76.5231018,1.75010002,0.0250000004,50,1,0.119999997,0.550000012,0.0133333337
SL1_rand_20_r0,0,675,1.86666667,1,1.53046203,4.71519995,0.0213333331,0.0113333333,0.019456882,0.0190085061,0,1.53046203,6,2.5,8.72311974,0,0,0,0,0,23.6464863,0.648148417,87.504097,0.753554523,7.09294796,4.71519995,489.137512,76.5231018,1.75010002,0.0250000004,50,1,0.119999997,0.550000012,0.0133333337
SL1_rand_20_r0,0,676,1.88,1,1.53046203,4.71519995,0.0209999997,0.0109999999,0.019223975,0.0187214967,0,1.53046203,6,2.5,8.72311974,0,0,0,0,0,23.6464863,0.648148417,87.504097,0.753554523,7.09294796,4.71519995,489.137512,76.5231018,1.75010002,0.0250000004,50,1,0.119999997,0.550000012,0.0133333337
SL1_rand_20_r0,0,677,1.89333332,1,1.53046203,4.71519995,0.0206666663,0.0106666666,0.0189924836,0.0184244383,0,1.53046203,6,2.5,8.72311974,0,0,0,0,0,23.6464863,0.648148417,87.504097,0.753554523,7.09294796,4.71519995,489.137512,76.5231018,1.75010002,0.0250000004,50,1,0.119999997,0.550000012,0.0133333337
SL1_rand_20_r0,0,678,1.90666664,1,1.53046203,4.71519995,0.0203333329,0.0103333332,0.0187644269,0.0181196481,0,1.53046203,6,2.5,8.72311974,0,0,0,0,0,23.6464863,0.648148417,87.504097,0.753554523,7.09294796,4.71519995,489.137512,76.5231018,1.75010002,0.0250000004,50,1,0.119999997,0.550000012,0.0133333337
SL1_rand_20_r0,0,679,1.91999996,1,1.53046203,4.71519995,0.0199999996,0.00999999978,0.0185410175,0.017804781,0,1.53046203,6,2.5,8.72311974,0,0,0,0,0,23.6464863,0.648148417,87.504097,0.753554523,7.09294796,4.71519995,489.137512,76.5231018,1.75010002,0.0250000004,50,1,0.119999997,0.550000012,0.0133333337
SL1_rand_20_r0,0,680,1.93333328,1,1.53046203,4.71519995,0.0196666662,0.00966666639,0.0183246732,0.0174892824,0,1.53046203,6,2.5,8.72311974,0,0,0,0,0,23.6464863,0.648148417,87.504097,0.753554523,7.09294796,4.71519995,489.137512,76.5231018,1.75010002,0.0250000004,50,1,0.119999997,0.550000012,0.0133333337
SL1_rand_20_r0,0,681,1.94666672,1,1.53046203,4.71519995,0.0193333328,0.009333333,0.018069189,0.0174632687,0,1.53046203,6,2.5,8.72311974,0,0,0,0,0,23.6464863,0.648148417,87.504097,0.753554523,7.09294796,4.71519995,489.137512,76.5231018,1.75010002,0.0250000004,50,1,0.119999997,0.550000012,0.0133333337
SL1_rand_20_r0,0,682,1.96000004,1,1.53046203,4.71519995,0.0189999994,0.00899999961,0.0176625587,0.0171339568,0,1.53046203,6,2.5,8.72311974,0,0,0,0,0,23.6464863,0.648148417,87.504097,0.753554523,7.09294796,4.71519995,489.137512,76.5231018,1.75010002,0.0250000004,50,1,0.119999997,0.550000012,0.0133333337
SL1_rand_20_r0,0,683,1.97333336,1,1.53046203,4.71519995,0.018666666,0.00866666622,0.0172586218,0.0168039054,0,1.53046203,6,2.5,8.72311974,0,0,0,0,0,23.6464863,0.648148417,87.504097,0.753554523,7.09294796,4.71519995,489.137512,76.5231018,1.75010002,0.0250000004,50,1,0.119999997,0.550000012,0.0133333337
SL1_rand_20_r0,0,684,1.98666668,1,1.53046203,4.71519995,0.0183333326,0.00833333377,0.0168585386,0.0164623559,0,1.53046203,6,2.5,8.72311974,0,0,0,0,0,23.6464863,0.648148417,87.504097,0.753554523,7.09294796,4.71519995,489.137512,76.5231018,1.75010002,0.0250000004,50,1,0.119999997,0.550000012,0.0133333337
SL1_rand_20_r0,0,685,2,2,1.53046203,4.71519995,0.0179999992,0.00800000038,0.01646428,0.0161250327,0,1.53046203,6,2.5,8.72311974,0,0,0,0,0,22.3877621,-4.62253475,80.4348907,0.625592411,159.758392,4.71519995,489.137512,76.5231018,1.75010002,0.0250000004,50,1,0.119999997,0.550000012,0.0133333337
SL1_rand_20_r0,0,686,2.01333332,2,1.53046203,4.71519995,0.0176666658,0.00766666653,0.0160760693,0.0157918278,0,1.53046203,6,2.5,8.72311974,0,0,0,0,0,22.3877621,-4.62253475,80.4348907,0.625592411,159.758392,4.71519995,489.137512,76.5231018,1.75010002,0.0250000004,50,1,0.119999997,0.550000012,0.0133333337
SL1_rand_20_r0,0,687,2.02666664,2,1.53046203,4.71519995,0.0173333324,0.00733333314,0.0157079753,0.0154711921,0,1.53046203,6,2.5,8.72311974,0,0,0,0,0,22.3877621,-4.62253475,80.4348907,0.625592411,159.758392,4.71519995,489.137512,76.5231018,1.75010002,0.0250000004,50,1,0.119999997,0.550000012,0.0133333337
SL1_rand_20_r0,0,688,2.03999996,2,1.53046203,4.71519995,0.0170000009,0.00700000022,0.0153426714,0.015149354,0,1.53046203,6,2.5,8.72311974,0,0,0,0,0,22.3877621,-4.62253475,80.4348907,0.625592411,159.758392,4.71519995,489.137512,76.5231018,1.75010002,0.0250000004,50,1,0.119999997,0.550000012,0.0133333337
SL1_rand_20_r0,0,689,2.05333328,2,1.53046203,4.71519995,0.0166666675,0.00666666683,0.0149779413,0.0148236882,0,1.53046203,6,2.5,8.72311974,0,0,0,0,0,22.3877621,-4.62253475,80.4348907,0.625592411,159.758392,4.71519995,489.137512,76.5231018,1.75010002,0.0250000004,50,1,0.119999997,0.550000012,0.0133333337
SL1_rand_20_r0,0,690,2.0666666,2,1.53046203,4.71519995,0.0163333341,0.00633333344,0.014614814,0.014494854,0,1.53046203,6,2.5,8.72311974,0,0,0,0,0,22.3877621,-4.62253475,80.4348907,0.625592411,159.758392,4.71519995,489.137512,76.5231018,1.75010002,0.0250000004,50,1,0.119999997,0.550000012,0.0133333337
SL1_rand_20_r0,0,691,2.07999992,2,1.53046203,4.71519995,0.0160000008,0.00600000005,0.0142537365,0.0141628301,0,1.53046203,6,2.5,8.72311974,0,0,0,0,0,22.3877621,-4.62253475,80.4348907,0.625592411,159.758392,4.71519995,489.137512,76.5231018,1.75010002,0.0250000004,50,1,0.119999997,0.550000012,0.0133333337
SL1_rand_20_r0,0,692,2.09333324,2,1.53046203,4.71519995,0.0156666674,0.00566666666,0.0138959531,0.0138286054,0,1.53046203,6,2.5,8.72311974,0,0,0,0,0,22.3877621,-4.62253475,80.4348907,0.625592411,159.758392,4.71519995,489.137512,76.5231018,1.75010002,0.0250000004,50,1,0.119999997,0.550000012,0.0133333337
SL1_rand_20_r0,0,693,2.10666656,2,1.53046203,4.71519995,0.0153333331,0.00533333328,0.0135417413,0.0134919509,0,1.53046203,6,2.5,8.72311974,0,0,0,0,0,22.3877621,-4.62253475,80.4348907,0.625592411,159.758392,4.71519995,489.137512,76.5231018,1.75010002,0.0250000004,50,1,0.119999997,0.550000012,0.0133333337
SL1_rand_20_r0,0,694,2.11999989,2,1.53046203,4.71519995,0.0149999997,0.00499999989,0.0131925521,0.0131548839,0,1.53046203,6,2.5,8.72311974,0,0,0,0,0,22.3877621,-4.62253475,80.4348907,0.625592411,159.758392,4.71519995,489.137512,76.5231018,1.75010002,0.0250000004,50,1,0.119999997,0.550000012,0.0133333337
SL1_rand_20_r0,0,695,2.13333344,2,1.53046203,4.71519995,0.0146666663,0.0046666665,0.0128478231,0.0128155295,0,1.53046203,6,2.5,8.72311974,0,0,0,0,0,22.3877621,-4.62253475,80.4348907,0.625592411,159.758392,4.71519995,489.137512,76.5231018,1.75010002,0.0250000004,50,1,0.119999997,0.550000012,0.0133333337
SL1_rand_20_r0,0,696,2.14666677,2,1.53046203,4.71519995,0.0143333329,0.00433333311,0.0125091886,0.0124749625,0,1.53046203,6,2.5,8.72311974,0,0,0,0,0,22.3877621,-4.62253475,80.4348907,0.625592411,159.758392,4.71519995,489.137512,76.5231018,1.75010002,0.0250000004,50,1,0.119999997,0.550000012,0.0133333337
SL1_rand_20_r0,0,697,2.16000009,2,1.53046203,4.71519995,0.0140000004,0.00400000019,0.0121775465,0.0121312169,0,1.53046203,6,2.5,8.72311974,0,0,0,0,0,22.3877621,-4.62253475,80.4348907,0.625592411,159.758392,4.71519995,489.137512,76.5231018,1.75010002,0.0250000004,50,1,0.119999997,0.550000012,0.0133333337
SL1_rand_20_r0,0,698,2.17333341,2,1.53046203,4.71519995,0.013666667,0.00366666657,0.0118549494,0.0117881801,0,1.53046203,6,2.5,8.72311974,0,0,0,0,0,22.3877621,-4.62253475,80.4348907,0.625592411,159.758392,4.71519995,489.137512,76.5231018,1.75010002,0.0250000004,50,1,0.119999997,0.550000012,0.0133333337
SL1_rand_20_r0,0,699,2.18666673,2,1.53046203,4.71519995,0.0133333337,0.00333333341,0.0115405703,0.0114441663,0,1.53046203,6,2.5,8.72311974,0,0,0,0,0,22.3877621,-4.62253475,80.4348907,0.625592411,159.758392,4.71519995,489.137512,76.5231018,1.75010002,0.0250000004,50,1,0.119999997,0.550000012,0.0133333337
SL1_rand_20_r0,0,700,2.20000005,2,1.53046203,4.71519995,0.0130000003,0.00300000003,0.0112365354,0.0110985646,0,1.53046203,6,2.5,8.72311974,0,0,0,0,0,22.3877621,-4.62253475,80.4348907,0.625592411,159.758392,4.71519995,489.137512,76.5231018,1.75010002,0.0250000004,50,1,0.119999997,0.550000012,0.0133333337
SL1_rand_20_r0,0,701,2.21333337,2,1.53046203,4.71519995,0.0126666669,0.00266666664,0.0109436745,0.0107533503,0,1.53046203,6,2.5,8.72311974,0,0,0,0,0,22.3877621,-4.62253475,80.4348907,0.625592411,159.758392,4.71519995,489.137512,76.5231018,1.75010002,0.0250000004,50,1,0.119999997,0.550000012,0.0133333337
SL1_rand_20_r0,0,702,2.22666669,2,1.53046203,4.71519995,0.0123333335,0.00233333325,0.0106627243,0.0104081919,0,1.53046203,6,2.5,8.72311974,0,0,0,0,0,22.3877621,-4.62253475,80.4348907,0.625592411,159.758392,4.71519995,489.137512,76.5231018,1.75010002,0.0250000004,50,1,0.119999997,0.550000012,0.0133333337
SL1_rand_20_r0,0,703,2.24000001,2,1.53046203,4.71519995,0.0120000001,0.00200000009,0.0103944112,0.0100626852,0,1.53046203,6,2.5,8.72311974,0,0,0,0,0,22.3877621,-4.62253475,80.4348907,0.625592411,159.758392,4.71519995,489.137512,76.5231018,1.75010002,0.0250000004,50,1,0.119999997,0.550000012,0.0133333337
SL1_rand_20_r0,0,704,2.25333333,2,1.60706186,4.71519995,0.0120000001,0.00200000009,0.0101395613,0.00971526932,0.000284730515,1.66973436,6,2.5,8.72311974,0,0,0,0,0,22.3877621,-4.62253475,80.4348907,0.625592411,159.758392,4.71519995,489.137512,76.5231018,1.75010002,0.0250000004,50,1,0.119999997,0.550000012,0.0133333337
SL1_rand_20_r0,0,705,2.26666665,2,1.72967136,4.71519995,0.0120000001,0.00200000009,0.00991651043,0.00938764401,0.000612355943,1.82998824,6,2.5,8.72311974,0,0,0,0,0,22.3877621,-4.62253475,80.4348907,0.625592411,159.758392,4.71519995,489.137512,76.5231018,1.75010002,0.0250000004,50,1,0.119999997,0.550000012,0.0133333337
SL1_rand_20_r0,0,706,2.27999997,2,1.86675739,4.71519995,0.0120000001,0.00200000009,0.00973033626,0.00908316858,0.000916831486,1.97891867,6,2.5,8.72311974,0,0,0,0,0,22.3877621,-4.62253475,80.4348907,0.625592411,159.758392,4.71519995,489.137512,76.5231018,1.75010002,0.0250000004,50,1,0.119999997,0.550000012,0.0133333337
SL1_rand_20_r0,0,707,2.29333329,2,2.00266838,4.71519995,0.0120000001,0.00200000009,0.00958318077,0.00880727544,0.00119272433,2.11386824,6,2.5,8.72311974,0,0,0,0,0,22.3877621,-4.62253475,80.4348907,0.625592411,159.758392,4.71519995,489.137512,76.5231018,1.75010002,0.0250000004,50,1,0.119999997,0.550000012,0.0133333337
SL1_rand_20_r0,0,708,2.30666661,2,2.10566688,4.71519995,0.0120000001,0.00200000009,0.00939235371,0.00865175668,0.00134824344,2.18993831,6,2.5,8.72311974,0,0,0,0,0,22.3877621,-4.62253475,80.4348907,0.625592411,159.758392,4.71519995,489.137512,76.5231018,1.75010002,0.0250000004,50,1,0.119999997,0.550000012,0.0133333337
SL1_rand_20_r0,0,709,2.31999993,2,2.23913598,4.71519995,0.0120000001,0.00200000009,0.00939975679,0.00832792185,0.00167207804,2.34833813,6,2.5,8.72311974,0,0,0,0,0,22.3877621,-4.62253475,80.4348907,0.625592411,159.758392,4.71519995,489.137512,76.5231018,1.75010002,0.0250000004,50,1,0.119999997,0.550000012,0.0133333337
SL1_rand_20_r0,0,710,2.33333325,2,2.35386419,4.71519995,0.0120000001,0.00200000009,0.00936226174,0.00812471844,0.00187528157,2.44773245,6,2.5,8.72311974,0,0,0,0,0,22.3877621,-4.62253475,80.4348907,0.625592411,159.758392,4.71519995,489.137512,76.5231018,1.75010002,0.0250000004,50,1,0.119999997,0.550000012,0.0133333337
SL1_rand_20_r0,0,711,2.34666657,2,2.46993804,4.71519995,0.0120000001,0.00200000009,0.00896279048,0.00788516365,0.00211483636,2.56490779,6,2.5,8.72311974,0,0,0,0,0,22.3877621,-4.62253475,80.4348907,0.625592411,159.758392,4.71519995,489.137512,76.5231018,1.75010002,0.0250000004,50,1,0.119999997,0.550000012,0.0133333337
SL1_rand_20_r0,0,712,2.3599999,2,2.56764507,4.71519995,0.0120000001,0.00200000009,0.00902088266,0.00771613279,0.00228386722,2.64758706,6,2.5,8.72311974,0,1,0,0,0,22.3877621,-4.62253475,80.4348907,0.625592411,159.758392,4.71519995,489.137512,76.5231018,1.75010002,0.0250000004,50,1,0.119999997,0.550000012,0.0133333337
SL1_rand_20_r0,0,713,2.37333322,2,2.63872957,4.71519995,0.0120000001,0.00200000009,0.00778913964,0.00761533808,0.00238466216,2.69688964,6,2.5,8.72311974,1,1,0,1,0,22.3877621,-4.62253475,80.4348907,0.625592411,159.758392,4.71519995,489.137512,76.5231018,1.75010002,0.0250000004,50,1,0.119999997,0.550000012,0.0133333337
SL1_rand_20_r0,0,714,2.38666677,2,2.72615314,4.71519995,0.0120000001,0.00200000009,0.0084884204,0.00740927784,0.00259072194,2.79768133,6,2.5,8.72311974,0,1,0,0,0,22.3877621,-4.62253475,80.4348907,0.625592411,159.758392,4.71519995,489.137512,76.5231018,1.75010002,0.0250000004,50,1,0.119999997,0.550000012,0.0133333337
SL1_rand_20_r0,0,715,2.4000001,2,2.84081006,4.71519995,0.0120000001,0.00200000009,0.00716325641,0.00712931715,0.00287068263,2.93462062,6,2.5,8.72311974,1,1,0,1,0,22.3877621,-4.62253475,80.4348907,0.625592411,159.758392,4.71519995,489.137512,76.5231018,1.75010002,0.0250000004,50,1,0.119999997,0.550000012,0.0133333337
SL1_rand_20_r0,0,716,2.41333342,2,2.87721229,4.71519995,0.0120000001,0.00200000009,0.00804604869,0.00718579395,0.00281420606,2.90699577,6,2.5,8.72311974,0,1,0,0,0,22.3877621,-4.62253475,80.4348907,0.625592411,159.758392,4.71519995,489.137512,76.5231018,1.75010002,0.0250000004,50,1,0.119999997,0.550000012,0.0133333337
SL1_rand_20_r0,0,717,2.42666674,2,3.03039241,4.71519995,0.0120000001,0.00200000009,0.00727772247,0.00667729508,0.0033227047,3.15572143,6,2.5,8.72311974,1,1,0,1,0,22.3877621,-4.62253475,80.4348907,0.625592411,159.758392,4.71519995,489.137512,76.5231018,1.75010002,0.0250000004,50,1,0.119999997,0.550000012,0.0133333337
SL1_rand_20_r0,0,718,2.56667471,2,3.00301814,4.71519995,0.0120000001,0.00200000009,0.00769249862,0.00703527359,0.00296472665,2.98062086,6,2.5,8.72311974,1,1,0,2,0,22.3877621,-4.62253475,80.4348907,0.625592411,159.758392,4.71519995,489.137512,76.5231018,1.75010002,0.0250000004,50,1,0.119999997,0.550000012,0.0133333337
SL1_rand_20_r0,0,719,2.70668268,2,3.15321183,4.71519995,0.0120000001,0.00200000009,0.0064895493,0.00643119635,0.00356880366,3.27609777,6,2.5,8.72311974,1,1,0,3,0,22.3877621,-4.62253475,80.4348907,0.625592411,159.758392,4.71519995,489.137512,76.5231018,1.75010002,0.0250000004,50,1,0.119999997,0.550000012,0.0133333337
SL1_rand_20_r0,0,720,2.84669065,2,3.30986714,4.71519995,0.0120000001,0.00200000009,0.006451366,0.00610011956,0.00389988045,3.43803978,6,2.5,8.72311974,1,1,0,4,0,22.3877621,-4.62253475,80.4348907,0.625592411,159.758392,4.71519995,489.137512,76.5231018,1.75010002,0.0250000004,50,1,0.119999997,0.550000012,0.0133333337
SL1_rand_20_r0,0,721,2.98669863,2,3.63843966,4.71519995,0.0120000001,0.00200000009,0.00537846517,0.00514081493,0.00485918485,3.90727162,6,2.5,8.72311974,1,1,0,5,0,22.3877621,-4.62253475,80.4348907,0.625592411,159.758392,4.71519995,489.137512,76.5231018,1.75010002,0.0250000004,50,1,0.119999997,0.550000012,0.0133333337
SL1_rand_20_r0,0,722,3.1267066,3,4.03982782,4.71519995,0.0120000001,0.00200000009,0.00430973805,0.00419841195,0.00580158783,4.36823606,6,2.5,8.72311974,1,1,0,6,0,0.645538092,-15.7814436,83.3006363,0.952606618,10.1100492,4.71519995,489.137512,76.5231018,1.75010002,0.0250000004,50,1,0.119999997,0.550000012,0.0133333337
SL1_rand_20_r0,0,723,3.26671457,3,4.02280283,4.71519995,0.0120000001,0.00200000009,0.00456895679,0.00408665882,0.00591334142,4.00887346,6,2.5,8.72311974,1,1,0,7,0,0.645538092,-15.7814436,83.3006363,0.952606618,10.1100492,4.71519995,489.137512,76.5231018,1.75010002,0.0250000004,50,1,0.119999997,0.550000012,0.0133333337
SL1_rand_20_r0,0,724,3.40672278,3,4.08978415,4.71519995,0.0120000001,0.00200000009,0.00377470092,0.00371252187,0.00628747838,4.14458704,6,2.5,8.72311974,1,1,0,8,0,0.645538092,-15.7814436,83.3006363,0.952606618,10.1100492,4.71519995,489.137512,76.5231018,1.75010002,0.0250000004,50,1,0.119999997,0.550000012,0.0133333337
SL1_rand_20_r0,0,725,3.54673076,3,4.25852919,4.71519995,0.0120000001,0.00200000009,0.00371900224,0.00300655537,0.00699344464,4.39659309,6,2.5,8.72311974,1,1,0,9,0,0.645538092,-15.7814436,83.3006363,0.952606618,10.1100492,4.71519995,489.137512,76.5231018,1.75010002,0.0250000004,50,1,0.119999997,0.550000012,0.0133333337
SL1_rand_20_r0,0,726,3.68673873,3,4.49579859,4.71519995,0.0120000001,0.00200000009,0.00263933116,0.00193507492,0.00806492474,4.68992805,6,2.5,8.72311974,1,1,0,10,0,0.645538092,-15.7814436,83.3006363,0.952606618,10.1100492,4.71519995,489.137512,76.5231018,1.75010002,0.0250000004,50,1,0.119999997,0.550000012,0.0133333337
SL1_rand_20_r0,0,727,3.8267467,3,4.17538452,4.71519995,0.0120000001,0.00200000009,0.00320007186,0.00282568228,0.00717431773,3.91322756,6,2.5,8.72311974,1,1,0,11,0,0.645538092,-15.7814436,83.3006363,0.952606618,10.1100492,4.71519995,489.137512,76.5231018,1.75010002,0.0250000004,50,1,0.119999997,0.550000012,0.0133333337
SL1_rand_20_r0,0,728,3.96675467,3,4.63348961,4.71519995,0.0120000001,0.00200000009,0.00178161717,0.00130613218,0.00869386829,5.00830269,6,2.5,8.72311974,1,1,0,12,0,0.645538092,-15.7814436,83.3006363,0.952606618,10.1100492,4.71519995,489.137512,76.5231018,1.75010002,0.0250000004,50,1,0.119999997,0.550000012,0.0133333337
SL1_rand_20_r0,0,729,4.10676289,4,4.49383259,4.71519995,0.0120000001,0.00200000009,0.00228946353,0.00151692983,0.00848306995,4.37956762,6,2.5,8.72311974,1,1,0,13,0,2.38383961,-1.84745419,74.9114685,1.09478676,2.31888461,4.71519995,489.137512,76.5231018,1.75010002,0.0250000004,50,1,0.119999997,0.550000012,0.0133333337
SL1_rand_20_r0,0,730,4.24677086,4,4.26687431,4.71519995,0.0120000001,0.00200000009,0.00236074161,0.00231199944,0.0076880008,4.08118153,6,2.5,8.72311974,1,1,0,14,0,2.38383961,-1.84745419,74.9114685,1.09478676,2.31888461,4.71519995,489.137512,76.5231018,1.75010002,0.0250000004,50,1,0.119999997,0.550000012,0.0133333337
SL1_rand_20_r0,0,731,4.38677883,4,4.60258484,4.71519995,0.0120000001,0.00200000009,0.00196879497,0.00130710495,0.00869289506,4.87725735,6,2.5,8.72311974,1,1,0,15,0,2.38383961,-1.84745419,74.9114685,1.09478676,2.31888461,4.71519995,489.137512,76.5231018,1.75010002,0.0250000004,50,1,0.119999997,0.550000012,0.0133333337
SL1_rand_20_r0,0,732,4.5267868,4,5.276793,4.71519995,0.0121470019,0.00214700168,0.00162632996,-0.00140902959,0.0114090294,5.82841778,6,2.5,8.72311974,1,1,0,16,0,2.38383961,-1.84745419,74.9114685,1.09478676,2.31888461,4.71519995,489.137512,76.5231018,1.75010002,0.0250000004,50,1,0.119999997,0.550000012,0.0133333337
SL1_rand_20_r0,0,733,4.66679478,4,5.17227888,4.71519995,0.0122984685,0.00229846849,0.00182647957,-0.00177932426,0.0117793242,5.08676767,6,2.5,8.72311974,1,1,0,17,0,2.38383961,-1.84745419,74.9114685,1.09478676,2.31888461,4.71519995,489.137512,76.5231018,1.75010002,0.0250000004,50,1,0.119999997,0.550000012,0.0133333337
SL1_rand_20_r0,0,734,4.80680275,4,4.61262274,4.71519995,0.0122952191,0.00229521911,0.00100027688,8.42526424e-05,0.00991574768,4.15472174,6,2.5,8.72311974,1,1,0,18,0,2.38383961,-1.84745419,74.9114685,1.09478676,2.31888461,4.71519995,489.137512,76.5231018,1.75010002,0.0250000004,50,1,0.119999997,0.550000012,0.0133333337
SL1_rand_20_r0,0,735,4.94681072,4,4.46501875,4.71519995,0.0122251827,0.00222518272,0.00232049427,0.00114904705,0.00885095261,4.34425163,6,2.5,8.72311974,1,1,0,19,0,2.38383961,-1.84745419,74.9114685,1.09478676,2.31888461,4.71519995,489.137512,76.5231018,1.75010002,0.0250000004,50,1,0.119999997,0.550000012,0.0133333337
SL1_rand_20_r0,0,736,5.0868187,5,4.99061918,4.71519995,0.0122900158,0.00229001534,0.0034624564,-0.000424660131,0.0104246605,5.4206562,6,2.5,8.72311974,1,1,0,20,0,0.490890652,-0.950983226,73.7564545,1.11848342,0.977882683,4.71519995,489.137512,76.5231018,1.75010002,0.0250000004,50,1,0.119999997,0.550000012,0.0133333337
SL1_rand_20_r0,0,737,5.22682667,5,5.31047821,4.71519995,0.0124661755,0.00246617594,0.0021861617,-0.00200041407,0.0120004136,5.57218075,6,2.5,8.72311974,1,1,0,21,0,0.490890652,-0.950983226,73.7564545,1.11848342,0.977882683,4.71519995,489.137512,76.5231018,1.75010002,0.0250000004,50,1,0.119999997,0.550000012,0.0133333337
SL1_rand_20_r0,0,738,5.36683464,5,4.29096794,4.71519995,0.0123776933,0.00237769377,0.00178283243,0.00127925398,0.00872074626,3.45682311,6,2.5,8.72311974,1,1,0,22,0,0.490890652,-0.950983226,73.7564545,1.11848342,0.977882683,4.71519995,489.137512,76.5231018,1.75010002,0.0250000004,50,1,0.119999997,0.550000012,0.0133333337
SL1_rand_20_r0,0,739,5.50684261,5,4.69031477,4.71519995,0.0123560345,0.00235603424,0.000959316676,0.000573616708,0.0094263833,5.0170536,6,2.5,8.72311974,1,1,0,23,0,0.490890652,-0.950983226,73.7564545,1.11848342,0.977882683,4.71519995,489.137512,76.5231018,1.75010002,0.0250000004,50,1,0.119999997,0.550000012,0.0133333337
SL1_rand_20_r0,0,740,5.64685059,5,5.22276163,4.71519995,0.0124934139,0.0024934134,0.00212570978,-0.00136480469,0.0113648046,5.65839958,6,2.5,8.72311974,1,1,0,24,0,0.490890652,-0.950983226,73.7564545,1.11848342,0.977882683,4.71519995,489.137512,76.5231018,1.75010002,0.0250000004,50,1,0.119999997,0.550000012,0.0133333337
SL1_rand_20_r0,0,741,5.78685856,5,5.0998621,4.71519995,0.0126231611,0.0026231606,0.00197190885,-0.00151019881,0.0115101989,4.99930811,6,2.5,8.72311974,1,1,0,25,0,0.490890652,-0.950983226,73.7564545,1.11848342,0.977882683,4.71519995,489.137512,76.5231018,1.75010002,0.0250000004,50,1,0.119999997,0.550000012,0.0133333337
SL1_rand_20_r0,0,742,5.92686653,5,4.70214462,4.71519995,0.0126411589,0.00264115864,0.00185057789,-0.000165768783,0.0101657687,4.3767395,6,2.5,8.72311974,1,1,0,26,0,0.490890652,-0.950983226,73.7564545,1.11848342,0.977882683,4.71519995,489.137512,76.5231018,1.75010002,0.0250000004,50,1,0.119999997,0.550000012,0.0133333337
SL1_rand_20_r0,0,743,6.0668745,6,4.61788654,4.71519995,0.012617127,0.0026171268,0.00124456291,0.000531120342,0.00946887955,4.54894829,6,2.5,8.72311974,1,1,0,27,0,2.12356591,-1.23600018,73.9036865,1.1327014,11.8519325,4.71519995,489.137512,76.5231018,1.75010002,0.0250000004,50,1,0.119999997,0.550000012,0.0133333337
SL1_rand_20_r0,0,744,6.20688248,6,4.39219284,4.71519995,0.0125233969,0.00252339733,0.00221083965,0.0016236339,0.00837636646,4.20753431,6,2.5,8.72311974,1,1,0,28,0,2.12356591,-1.23600018,73.9036865,1.1327014,11.8519325,4.71519995,489.137512,76.5231018,1.75010002,0.0250000004,50,1,0.119999997,0.550000012,0.0133333337
SL1_rand_20_r0,0,745,6.34689045,6,4.3378129,4.71519995,0.0124029461,0.00240294589,0.00235232944,0.0021024833,0.00789751671,4.29332018,6,2.5,8.72311974,1,1,0,29,0,2.12356591,-1.23600018,73.9036865,1.1327014,11.8519325,4.71519995,489.137512,76.5231018,1.75010002,0.0250000004,50,1,0.119999997,0.550000012,0.0133333337
SL1_rand_20_r0,0,746,6.4868989,6,4.4360528,4.71519995,0.0123053296,0.00230532978,0.00239139283,0.00189718255,0.00810281746,4.51643085,6,2.5,8.72311974,1,1,0,30,0,2.12356591,-1.23600018,73.9036865,1.1327014,11.8519325,4.71519995,489.137512,76.5231018,1.75010002,0.0250000004,50,1,0.119999997,0.550000012,0.0133333337
SL1_rand_20_r0,0,747,6.62690687,6,5.29622364,4.71519995,0.0124504557,0.00245045591,0.0038420104,-0.00288032391,0.0128803244,6,6,2.5,8.72311974,1,1,0,31,0,2.12356591,-1.23600018,73.9036865,1.1327014,11.8519325,4.71519995,489.137512,76.5231018,1.75010002,0.0250000004,50,1,0.119999997,0.550000012,0.0133333337
SL1_rand_20_r0,0,748,6.76691484,6,5.6833005,4.71519995,0.0127435606,0.00274356036,0.00587669574,-0.00363634224,0.0136363422,6,6,2.5,8.72311974,1,1,0,32,0,2.12356591,-1.23600018,73.9036865,1.1327014,11.8519325,4.71519995,489.137512,76.5231018,1.75010002,0.0250000004,50,1,0.119999997,0.550000012,0.0133333337
SL1_rand_20_r0,0,749,6.90692282,6,5.59254313,4.71519995,0.0130361179,0.00303611765,0.00522101717,-0.00403295225,0.0140329525,5.51828718,6,2.5,8.72311974,1,1,0,33,0,2.12356591,-1.23600018,73.9036865,1.1327014,11.8519325,4.71519995,489.137512,76.5231018,1.75010002,0.0250000004,50,1,0.119999997,0.550000012,0.0133333337
SL1_rand_20_r0,0,750,7.04693079,7,5.81664419,4.71519995,0.0133694513,0.00336945103,0.00585582945,-0.00545747671,0.0154574765,6,6,2.5,8.72311974,1,1,0,34,0,-0.285637736,-13.9882221,62.6807709,1.1374408,10.4310083,4.71519995,489.137512,76.5231018,1.75010002,0.0250000004,50,1,0.119999997,0.550000012,0.0133333337
SL1_rand_20_r0,0,751,7.18693876,7,5.91749001,4.71519995,0.0137027847,0.00370278419,0.00767999887,-0.00696586771,0.016965868,6,6,2.5,8.72311974,1,1,0,35,0,-0.285637736,-13.9882221,62.6807709,1.1374408,10.4310083,4.71519995,489.137512,76.5231018,1.75010002,0.0250000004,50,1,0.119999997,0.550000012,0.0133333337
SL1_rand_20_r0,0,752,7.20027208,7,5.9628706,4.71519995,0.0140361181,0.00403611781,0.0105546312,-0.00953340903,0.0195334088,6,6,2.5,8.72311974,0,1,0,0,0,-0.285637736,-13.9882221,62.6807709,1.1374408,10.4310083,4.71519995,489.137512,76.5231018,1.75010002,0.0250000004,50,1,0.119999997,0.550000012,0.0133333337
SL1_rand_20_r0,0,753,7.2136054,7,5.98329163,4.71519995,0.0143694505,0.00436945073,0.0133640924,-0.0110624209,0.0210624207,6,6,2.5,8.72311974,0,1,0,0,0,-0.285637736,-13.9882221,62.6807709,1.1374408,10.4310083,4.71519995,489.137512,76.5231018,1.75010002,0.0250000004,50,1,0.119999997,0.550000012,0.0133333337
SL1_rand_20_r0,0,754,7.22693872,7,5.99248123,4.71519995,0.0147027839,0.00470278412,0.0142922085,-0.00858365651,0.0185836572,6,6,2.5,8.72311974,0,1,0,0,0,-0.285637736,-13.9882221,62.6807709,1.1374408,10.4310083,4.71519995,489.137512,76.5231018,1.75010002,0.0250000004,50,1,0.119999997,0.550000012,0.0133333337
SL1_rand_20_r0,0,755,7.24027205,7,5.99661636,4.71519995,0.0150361173,0.00503611751,0.0135747902,-0.0134996278,0.0234996285,6,6,2.5,8.72311974,0,1,0,0,0,-0.285637736,-13.9882221,62.6807709,1.1374408,10.4310083,4.71519995,489.137512,76.5231018,1.75010002,0.0250000004,50,1,0.119999997,0.550000012,0.0133333337
SL1_rand_20_r0,0,756,7.25360537,7,5.99847746,4.71519995,0.0153694507,0.0053694509,0.0140692126,-0.0133827021,0.0233827028,6,6,2.5,8.72311974,0,1,0,0,0,-0.285637736,-13.9882221,62.6807709,1.1374408,10.4310083,4.71519995,489.137512,76.5231018,1.75010002,0.0250000004,50,1,0.119999997,0.550000012,0.0133333337
SL1_rand_20_r0,0,757,7.26693869,7,5.99931479,4.71519995,0.0197027847,0.00970278401,0.0199869759,-0.0194492675,0.0294492673,6,6,2.5,8.72311974,0,1,0,0,7,-0.285637736,-13.9882221,62.6807709,1.1374408,10.4310083,4.71519995,489.137512,76.5231018,1.75010002,0.0250000004,50,1,0.119999997,0.550000012,0.0133333337
SL1_rand_20_r0,0,758,7.28027201,7,5.99969149,4.71519995,0.0200361181,0.0100361174,0.0249065626,-0.0176900122,0.027690012,6,6,2.5,8.72311974,0,1,0,0,6,-0.285637736,-13.9882221,62.6807709,1.1374408,10.4310083,4.71519995,489.137512,76.5231018,1.75010002,0.0250000004,50,1,0.119999997,0.550000012,0.0133333337
SL1_rand_20_r0,0,759,7.29360533,7,5.99986124,4.71519995,0.0243694503,0.0143694505,0.0268573072,-0.0221022498,0.0321022496,6,6,2.5,8.72311974,0,1,0,0,7,-0.285637736,-13.9882221,62.6807709,1.1374408,10.4310083,4.71519995,489.137512,76.5231018,1.75010002,0.0250000004,50,1,0.119999997,0.550000012,0.0133333337
SL1_rand_20_r0,0,760,7.30693865,7,5.99993753,4.71519995,0.0287027843,0.0187027846,0.031601876,-0.0228645243,0.0328645222,6,6,2.5,8.72311974,0,1,0,0,7,-0.285637736,-13.9882221,62.6807709,1.1374408,10.4310083,4.71519995,489.137512,76.5231018,1.75010002,0.0250000004,50,1,0.119999997,0.550000012,0.0133333337
SL1_rand_20_r0,0,761,7.32027197,7,5.99997187,4.71519995,0.0330361165,0.0230361167,0.0368688293,-0.0262053348,0.0362053327,6,6,2.5,8.72311974,0,1,0,0,7,-0.285637736,-13.9882221,62.6807709,1.1374408,10.4310083,4.71519995,489.137512,76.5231018,1.75010002,0.0250000004,50,1,0.119999997,0.550000012,0.0133333337
SL1_rand_20_r0,0,762,7.33360529,7,5.99998713,4.71519995,0.0373694524,0.0273694508,0.0400171541,-0.0215061139,0.0315061137,6,6,2.5,8.72311974,0,1,0,0,7,-0.285637736,-13.9882221,62.6807709,1.1374408,10.4310083,4.71519995,489.137512,76.5231018,1.75010002,0.0250000004,50,1,0.119999997,0.550000012,0.0133333337
SL1_rand_20_r0,0,763,7.34693861,7,5.99999428,4.71519995,0.0417027846,0.031702783,0.0430934243,-0.0235509127,0.0335509107,6,6,2.5,8.72311974,0,1,0,0,7,-0.285637736,-13.9882221,62.6807709,1.1374408,10.4310083,4.71519995,489.137512,76.5231018,1.75010002,0.0250000004,50,1,0.119999997,0.550000012,0.0133333337
SL1_rand_20_r0,0,764,7.36027193,7,5.99999762,4.71519995,0.0460361168,0.0360361189,0.0464396998,-0.0227345601,0.0327345617,6,6,2.5,8.72311974,0,1,0,0,7,-0.285637736,-13.9882221,62.6807709,1.1374408,10.4310083,4.71519995,489.137512,76.5231018,1.75010002,0.0250000004,50,1,0.119999997,0.550000012,0.0133333337
SL1_rand_20_r0,0,765,7.37360525,7,5.99999905,4.71519995,0.0503694527,0.040369451,0.0484269485,-0.020224113,0.0302241128,6,6,2.5,8.72311974,0,1,0,0,7,-0.285637736,-13.9882221,62.6807709,1.1374408,10.4310083,4.71519995,489.137512,76.5231018,1.75010002,0.0250000004,50,1,0.119999997,0.550000012,0.0133333337
SL1_rand_20_r0,0,766,7.38693857,7,5.99999952,4.71519995,0.0547027849,0.0447027832,0.0499762706,-0.0185319297,0.0285319313,6,6,2.5,8.72311974,0,1,0,0,7,-0.285637736,-13.9882221,62.6807709,1.1374408,10.4310083,4.71519995,489.137512,76.5231018,1.75010002,0.0250000004,50,1,0.119999997,0.550000012,0.0133333337
SL1_rand_20_r0,0,767,7.40027189,7,6,4.71519995,0.059036117,0.0490361191,0.0523169301,-0.0204674061,0.0304674059,6,6,2.5,8.72311974,0,1,0,0,7,-0.285637736,-13.9882221,62.6807709,1.1374408,10.4310083,4.71519995,489.137512,76.5231018,1.75010002,0.0250000004,50,1,0.119999997,0.550000012,0.0133333337
SL1_rand_20_r0,0,768,7.41360521,7,6,4.71519995,0.063369453,0.0533694513,0.0530210249,-0.023324281,0.0333242789,6,6,2.5,8.72311974,0,1,0,0,7,-0.285637736,-13.9882221,62.6807709,1.1374408,10.4310083,4.71519995,489.137512,76.5231018,1.75010002,0.0250000004,50,1,0.119999997,0.550000012,0.0133333337
SL1_rand_20_r0,0,769,7.42693853,7,6,4.71519995,0.0677027851,0.0577027835,0.054505229,-0.0215444695,0.0315444693,6,6,2.5,8.72311974,0,1,0,0,7,-0.285637736,-13.9882221,62.6807709,1.1374408,10.4310083,4.71519995,489.137512,76.5231018,1.75010002,0.0250000004,50,1,0.119999997,0.550000012,0.0133333337
SL1_rand_20_r0,0,770,7.44027185,7,6,4.71519995,0.0680000037,0.0579999983,0.0539644435,-0.0143083539,0.0243083537,6,6,2.5,8.72311974,0,1,0,0,6,-0.285637736,-13.9882221,62.6807709,1.1374408,10.4310083,4.71519995,489.137512,76.5231018,1.75010002,0.0250000004,50,1,0.119999997,0.550000012,0.0133333337
SL1_rand_20_r0,0,771,7.45360518,7,6,4.71519995,0.0680000037,0.0579999983,0.0542932525,-0.0172277782,0.027227778,6,6,2.5,8.72311974,0,1,0,0,5,-0.285637736,-13.9882221,62.6807709,1.1374408,10.4310083,4.71519995,489.137512,76.5231018,1.75010002,0.0250000004,50,1,0.119999997,0.550000012,0.0133333337
SL1_rand_20_r0,0,772,7.4669385,7,6,4.71519995,0.0680000037,0.0579999983,0.0537903495,-0.0145987002,0.0245986991,6,6,2.5,8.72311974,0,1,0,0,4,-0.285637736,-13.9882221,62.6807709,1.1374408,10.4310083,4.71519995,489.137512,76.5231018,1.75010002,0.0250000004,50,1,0.119999997,0.550000012,0.0133333337
SL1_rand_20_r0,0,773,7.48027182,7,6,4.71519995,0.0680000037,0.0579999983,0.0533591434,-0.0168377757,0.0268377755,6,6,2.5,8.72311974,0,1,0,0,3,-0.285637736,-13.9882221,62.6807709,1.1374408,10.4310083,4.71519995,489.137512,76.5231018,1.75010002,0.0250000004,50,1,0.119999997,0.550000012,0.0133333337
SL1_rand_20_r0,0,774,7.49360514,7,6,4.71519995,0.0680000037,0.0579999983,0.0527457856,-0.0111390734,0.0211390723,6,6,2.5,8.72311974,0,1,0,0,2,-0.285637736,-13.9882221,62.6807709,1.1374408,10.4310083,4.71519995,489.137512,76.5231018,1.75010002,0.0250000004,50,1,0.119999997,0.550000012,0.0133333337
SL1_rand_20_r0,0,775,7.50693846,7,6,4.71519995,0.0680000037,0.0579999983,0.0514564365,-0.00965434406,0.0196543429,6,6,2.5,8.72311974,0,1,0,0,1,-0.285637736,-13.9882221,62.6807709,1.1374408,10.4310083,4.71519995,489.137512,76.5231018,1.75010002,0.0250000004,50,1,0.119999997,0.550000012,0.0133333337
SL1_rand_20_r0,0,776,7.52027178,7,6,4.71519995,0.0680000037,0.0579999983,0.0491010323,-0.0133142555,0.0233142562,6,6,2.5,8.72311974,0,1,0,0,0,-0.285637736,-13.9882221,62.6807709,1.1374408,10.4310083,4.71519995,489.137512,76.5231018,1.75010002,0.0250000004,50,1,0.119999997,0.550000012,0.0133333337
SL1_rand_20_r0,0,777,7.5336051,7,6,4.71519995,0.0680000037,0.0579999983,0.047847975,-0.0120994532,0.0220994521,6,6,2.5,8.72311974,0,1,0,0,0,-0.285637736,-13.9882221,62.6807709,1.1374408,10.4310083,4.71519995,489.137512,76.5231018,1.75010002,0.0250000004,50,1,0.119999997,0.550000012,0.0133333337
SL1_rand_20_r0,0,778,7.5469389,7,6,4.71519995,0.0680000037,0.0579999983,0.044490315,-0.0105227036,0.0205227025,6,6,2.5,8.72311974,0,1,0,0,0,-0.285637736,-13.9882221,62.6807709,1.1374408,10.4310083,4.71519995,489.137512,76.5231018,1.75010002,0.0250000004,50,1,0.119999997,0.550000012,0.0133333337
SL1_rand_20_r0,0,779,7.56027222,7,5.69861841,4.71519995,0.0680000037,0.0579999983,0.0439724661,-0.00427511754,0.0142751178,5.45203352,6,2.5,8.72311974,0,1,0,0,0,-0.285637736,-13.9882221,62.6807709,1.1374408,10.4310083,4.71519995,489.137512,76.5231018,1.75010002,0.0250000004,50,1,0.119999997,0.550000012,0.0133333337
SL1_rand_20_r0,0,780,7.57360554,7,5.86437845,4.71519995,0.0680000037,0.0579999983,0.0403477512,-0.00783435628,0.0178343561,6,6,2.5,8.72311974,0,1,0,0,0,-0.285637736,-13.9882221,62.6807709,1.1374408,10.4310083,4.71519995,489.137512,76.5231018,1.75010002,0.0250000004,50,1,0.119999997,0.550000012,0.0133333337
SL1_rand_20_r0,0,781,7.58693886,7,5.93897009,4.71519995,0.0680000037,0.0579999983,0.0379767045,-0.00638199737,0.0163819976,6,6,2.5,8.72311974,0,1,0,0,0,-0.285637736,-13.9882221,62.6807709,1.1374408,10.4310083,4.71519995,489.137512,76.5231018,1.75010002,0.0250000004,50,1,0.119999997,0.550000012,0.0133333337
SL1_rand_20_r0,0,782,7.60027218,7,5.97253656,4.71519995,0.0680000037,0.0579999983,0.0361491628,-0.00672532246,0.0167253222,6,6,2.5,8.72311974,0,1,0,0,0,-0.285637736,-13.9882221,62.6807709,1.1374408,10.4310083,4.71519995,489.137512,76.5231018,1.75010002,0.0250000004,50,1,0.119999997,0.550000012,0.0133333337
SL1_rand_20_r0,0,783,7.6136055,7,5.54602718,4.71519995,0.0680000037,0.0579999983,0.0328040086,-0.00375385676,0.0137538565,5.19706535,6,2.5,8.72311974,0,1,0,0,0,-0.285637736,-13.9882221,62.6807709,1.1374408,10.4310083,4.71519995,489.137512,76.5231018,1.75010002,0.0250000004,50,1,0.119999997,0.550000012,0.0133333337
SL1_rand_20_r0,0,784,7.62693882,7,5.58126211,4.71519995,0.0680000037,0.0579999983,0.0303936992,-0.00415714877,0.014157149,5.61009073,6,2.5,8.72311974,0,1,0,0,0,-0.285637736,-13.9882221,62.6807709,1.1374408,10.4310083,4.71519995,489.137512,76.5231018,1.75010002,0.0250000004,50,1,0.119999997,0.550000012,0.0133333337
SL1_rand_20_r0,0,785,7.64027214,7,4.78752089,4.71519995,0.0680000037,0.0579999983,0.0284284316,-0.00116613565,0.0111661358,4.13809586,6,2.5,8.72311974,0,1,0,0,0,-0.285637736,-13.9882221,62.6807709,1.1374408,10.4310083,4.71519995,489.137512,76.5231018,1.75010002,0.0250000004,50,1,0.119999997,0.550000012,0.0133333337
SL1_rand_20_r0,0,786,7.65360546,7,5.10295868,4.71519995,0.0680000037,0.0579999983,0.025260644,-0.00159979484,0.011599795,5.36104441,6,2.5,8.72311974,0,1,0,0,0,-0.285637736,-13.9882221,62.6807709,1.1374408,10.4310083,4.71519995,489.137512,76.5231018,1.75010002,0.0250000004,50,1,0.119999997,0.550000012,0.0133333337
SL1_rand_20_r0,0,787,7.66693878,7,4.7023983,4.71519995,0.0680000037,0.0579999983,0.0232080687,-6.12815056e-05,0.0100612817,4.37466669,6,2.5,8.72311974,0,1,0,0,0,-0.285637736,-13.9882221,62.6807709,1.1374408,10.4310083,4.71519995,489.137512,76.5231018,1.75010002,0.0250000004,50,1,0.119999997,0.550000012,0.0133333337
SL1_rand_20_r0,0,788,7.6802721,7,4.50658131,4.71519995,0.0679447651,0.0579447635,0.0209960528,0.000961326703,0.00903867371,4.34636736,6,2.5,8.72311974,0,1,0,0,0,-0.285637736,-13.9882221,62.6807709,1.1374408,10.4310083,4.71519995,489.137512,76.5231018,1.75010002,0.0250000004,50,1,0.119999997,0.550000012,0.0133333337
SL1_rand_20_r0,0,789,7.69360542,7,4.17611313,4.71519995,0.0677858144,0.0577858128,0.0175717436,0.00253354083,0.00746645918,3.90573001,6,2.5,8.72311974,0,1,0,0,0,-0.285637736,-13.9882221,62.6807709,1.1374408,10.4310083,4.71519995,489.137512,76.5231018,1.75010002,0.0250000004,50,1,0.119999997,0.550000012,0.0133333337
SL1_rand_20_r0,0,790,7.70693874,7,4.22600603,4.71519995,0.0676234365,0.0576234348,0.0160421934,0.00276886998,0.00723113026,4.26682758,6,2.5,8.72311974,0,1,0,0,0,-0.285637736,-13.9882221,62.6807709,1.1374408,10.4310083,4.71519995,489.137512,76.5231018,1.75010002,0.0250000004,50,1,0.119999997,0.550000012,0.0133333337
SL1_rand_20_r0,0,791,7.72027206,7,3.60912418,4.71519995,0.0672900975,0.0572900996,0.0131122032,0.00517751742,0.00482248235,3.10440278,6,2.5,8.72311974,0,1,0,0,0,-0.285637736,-13.9882221,62.6807709,1.1374408,10.4310083,4.71519995,489.137512,76.5231018,1.75010002,0.0250000004,50,1,0.119999997,0.550000012,0.0133333337
SL1_rand_20_r0,0,792,7.73360538,7,3.69658804,4.71519995,0.0669567659,0.056956768,0.0123136109,0.00542523898,0.00457476079,3.76814914,6,2.5,8.72311974,0,1,0,0,0,-0.285637736,-13.9882221,62.6807709,1.1374408,10.4310083,4.71519995,489.137512,76.5231018,1.75010002,0.0250000004,50,1,0.119999997,0.550000012,0.0133333337
SL1_rand_20_r0,0,793,7.74693871,7,3.08508277,4.71519995,0.0666234344,0.0566234328,0.0107493652,0.00784457661,0.0021554234,2.58476043,6,2.5,8.72311974,0,1,0,0,0,-0.285637736,-13.9882221,62.6807709,1.1374408,10.4310083,4.71519995,489.137512,76.5231018,1.75010002,0.0250000004,50,1,0.119999997,0.550000012,0.0133333337
SL1_rand_20_r0,0,794,7.76027203,7,2.74024367,4.71519995,0.0662901029,0.0562901013,0.0106332116,0.00810351782,0.00189648231,2.4581027,6,2.5,8.72311974,0,1,0,0,0,-0.285637736,-13.9882221,62.6807709,1.1374408,10.4310083,4.71519995,489.137512,76.5231018,1.75010002,0.0250000004,50,1,0.119999997,0.550000012,0.0133333337
SL1_rand_20_r0,0,795,7.77360535,7,2.07486367,4.71519995,0.0659567639,0.055956766,0.0112763224,0.0105199311,0,1.53046203,6,2.5,8.72311974,0,0,0,0,0,-0.285637736,-13.9882221,62.6807709,1.1374408,10.4310083,4.71519995,489.137512,76.5231018,1.75010002,0.0250000004,50,1,0.119999997,0.550000012,0.0133333337
SL1_rand_20_r0,0,796,7.78693867,7,1.77544284,4.71519995,0.0656234324,0.0556234345,0.0114196036,0.0107758539,0,1.53046203,6,2.5,8.72311974,0,0,0,0,0,-0.285637736,-13.9882221,62.6807709,1.1374408,10.4310083,4.71519995,489.137512,76.5231018,1.75010002,0.0250000004,50,1,0.119999997,0.550000012,0.0133333337
SL1_rand_20_r0,0,797,7.80027199,7,1.70746148,4.71519995,0.0652901009,0.0552900992,0.0119375605,0.0097518526,0.00024814764,1.65184033,6,2.5,8.72311974,0,0,0,0,0,-0.285637736,-13.9882221,62.6807709,1.1374408,10.4310083,4.71519995,489.137512,76.5231018,1.75010002,0.0250000004,50,1,0.119999997,0.550000012,0.0133333337
SL1_rand_20_r0,0,798,7.81360531,7,1.61011171,4.71519995,0.0649567693,0.0549567677,0.0125679597,0.0119740739,0,1.53046203,6,2.5,8.72311974,0,0,0,0,0,-0.285637736,-13.9882221,62.6807709,1.1374408,10.4310083,4.71519995,489.137512,76.5231018,1.75010002,0.0250000004,50,1,0.119999997,0.550000012,0.0133333337
SL1_rand_20_r0,0,799,7.82693863,7,1.56630433,4.71519995,0.0646234304,0.0546234325,0.0127304271,0.012386621,0,1.53046203,6,2.5,8.72311974,0,0,0,0,0,-0.285637736,-13.9882221,62.6807709,1.1374408,10.4310083,4.71519995,489.137512,76.5231018,1.75010002,0.0250000004,50,1,0.119999997,0.550000012,0.0133333337
SL1_rand_20_r0,0,800,7.84027195,7,1.54659104,4.71519995,0.0642900988,0.0542901009,0.0128607666,0.0122867972,0,1.53046203,6,2.5,8.72311974,0,0,0,0,0,-0.285637736,-13.9882221,62.6807709,1.1374408,10.4310083,4.71519995,489.137512,76.5231018,1.75010002,0.0250000004,50,1,0.119999997,0.550000012,0.0133333337
SL1_rand_20_r0,0,801,7.85360527,7,1.53772008,4.71519995,0.0639567673,0.0539567657,0.0139694484,0.0122127086,0,1.53046203,6,2.5,8.72311974,0,0,0,0,0,-0.285637736,-13.9882221,62.6807709,1.1374408,10.4310083,4.71519995,489.137512,76.5231018,1.75010002,0.0250000004,50,1,0.119999997,0.550000012,0.0133333337
SL1_rand_20_r0,0,802,7.86693859,7,1.53372812,4.71519995,0.0636234358,0.0536234342,0.0148846991,0.0119573381,0,1.53046203,6,2.5,8.72311974,0,0,0,0,0,-0.285637736,-13.9882221,62.6807709,1.1374408,10.4310083,4.71519995,489.137512,76.5231018,1.75010002,0.0250000004,50,1,0.119999997,0.550000012,0.0133333337
SL1_rand_20_r0,0,803,7.88027191,7,1.53193176,4.71519995,0.0632900968,0.0532900989,0.0151726091,0.0145602021,0,1.53046203,6,2.5,8.72311974,0,0,0,0,0,-0.285637736,-13.9882221,62.6807709,1.1374408,10.4310083,4.71519995,489.137512,76.5231018,1.75010002,0.0250000004,50,1,0.119999997,0.550000012,0.0133333337
SL1_rand_20_r0,0,804,7.89360523,7,1.5311234,4.71519995,0.0629567653,0.0529567674,0.0151393507,0.0132612363,0,1.53046203,6,2.5,8.72311974,0,0,0,0,0,-0.285637736,-13.9882221,62.6807709,1.1374408,10.4310083,4.71519995,489.137512,76.5231018,1.75010002,0.0250000004,50,1,0.119999997,0.550000012,0.0133333337
SL1_rand_20_r0,0,805,7.90693855,7,1.53075957,4.71519995,0.0626234338,0.0526234321,0.0159781892,0.015076885,0,1.53046203,6,2.5,8.72311974,0,0,0,0,0,-0.285637736,-13.9882221,62.6807709,1.1374408,10.4310083,4.71519995,489.137512,76.5231018,1.75010002,0.0250000004,50,1,0.119999997,0.550000012,0.0133333337
SL1_rand_20_r0,0,806,7.92027187,7,1.5305959,4.71519995,0.0622900985,0.0522901006,0.016291745,0.0157295428,0,1.53046203,6,2.5,8.72311974,0,0,0,0,0,-0.285637736,-13.9882221,62.6807709,1.1374408,10.4310083,4.71519995,489.137512,76.5231018,1.75010002,0.0250000004,50,1,0.119999997,0.550000012,0.0133333337
SL1_rand_20_r0,0,807,7.93360519,7,1.53052223,4.71519995,0.061956767,0.0519567654,0.0165189728,0.0157330986,0,1.53046203,6,2.5,8.72311974,0,0,0,0,0,-0.285637736,-13.9882221,62.6807709,1.1374408,10.4310083,4.71519995,489.137512,76.5231018,1.75010002,0.0250000004,50,1,0.119999997,0.550000012,0.0133333337
SL1_rand_20_r0,0,808,7.94693851,7,1.53048909,4.71519995,0.0616234355,0.0516234338,0.0176651496,0.0173362158,0,1.53046203,6,2.5,8.72311974,0,0,0,0,0,-0.285637736,-13.9882221,62.6807709,1.1374408,10.4310083,4.71519995,489.137512,76.5231018,1.75010002,0.0250000004,50,1,0.119999997,0.550000012,0.0133333337
SL1_rand_20_r0,0,809,7.96027184,7,1.53047419,4.71519995,0.0612901002,0.0512900986,0.0181602538,0.0181070175,0,1.53046203,6,2.5,8.72311974,0,0,0,0,0,-0.285637736,-13.9882221,62.6807709,1.1374408,10.4310083,4.71519995,489.137512,76.5231018,1.75010002,0.0250000004,50,1,0.119999997,0.550000012,0.0133333337
SL1_rand_20_r0,0,810,7.97360516,7,1.53046751,4.71519995,0.0609567687,0.0509567671,0.0195960719,0.0190284122,0,1.53046203,6,2.5,8.72311974,0,0,0,0,0,-0.285637736,-13.9882221,62.6807709,1.1374408,10.4310083,4.71519995,489.137512,76.5231018,1.75010002,0.0250000004,50,1,0.119999997,0.550000012,0.0133333337
SL1_rand_20_r0,0,811,7.98693848,7,1.53046453,4.71519995,0.0606234334,0.0506234355,0.0204352122,0.0202278998,0,1.53046203,6,2.5,8.72311974,0,0,0,0,0,-0.285637736,-13.9882221,62.6807709,1.1374408,10.4310083,4.71519995,489.137512,76.5231018,1.75010002,0.0250000004,50,1,0.119999997,0.550000012,0.0133333337
SL1_rand_20_r0,0,812,8.0002718,8,1.5304631,4.71519995,0.0602901019,0.0502901003,0.0213256441,0.0212773178,0,1.53046203,6,2.5,8.72311974,0,0,0,0,0,3.19593334,0.306036174,52.5775337,1.18957341,5.02968502,4.71519995,489.137512,76.5231018,1.75010002,0.0250000004,50,1,0.119999997,0.550000012,0.0133333337
SL1_rand_20_r0,0,813,8.01360512,8,1.5304625,4.71519995,0.0599567667,0.0499567688,0.0227635764,0.0224378332,0,1.53046203,6,2.5,8.72311974,0,0,0,0,0,3.19593334,0.306036174,52.5775337,1.18957341,5.02968502,4.71519995,489.137512,76.5231018,1.75010002,0.0250000004,50,1,0.119999997,0.550000012,0.0133333337
SL1_rand_20_r0,0,814,8.02693844,8,1.53046227,4.71519995,0.0596234351,0.0496234335,0.0234940723,0.0234228056,0,1.53046203,6,2.5,8.72311974,0,0,0,0,0,3.19593334,0.306036174,52.5775337,1.18957341,5.02968502,4.71519995,489.137512,76.5231018,1.75010002,0.0250000004,50,1,0.119999997,0.550000012,0.0133333337
SL1_rand_20_r0,0,815,8.04027176,8,1.53046215,4.71519995,0.0592900999,0.049290102,0.0248334631,0.0242566988,0,1.53046203,6,2.5,8.72311974,0,0,0,0,0,3.19593334,0.306036174,52.5775337,1.18957341,5.02968502,4.71519995,489.137512,76.5231018,1.75010002,0.0250000004,50,1,0.119999997,0.550000012,0.0133333337
SL1_rand_20_r0,0,816,8.05360508,8,1.53046203,4.71519995,0.0589567684,0.0489567667,0.0256445017,0.0253276695,0,1.53046203,6,2.5,8.72311974,0,0,0,0,0,3.19593334,0.306036174,52.5775337,1.18957341,5.02968502,4.71519995,489.137512,76.5231018,1.75010002,0.0250000004,50,1,0.119999997,0.550000012,0.0133333337
SL1_rand_20_r0,0,817,8.0669384,8,1.53046203,4.71519995,0.0586234331,0.0486234352,0.0263755247,0.0262229163,0,1.53046203,6,2.5,8.72311974,0,0,0,0,0,3.19593334,0.306036174,52.5775337,1.18957341,5.02968502,4.71519995,489.137512,76.5231018,1.75010002,0.0250000004,50,1,0.119999997,0.550000012,0.0133333337
SL1_rand_20_r0,0,818,8.08027172,8,1.53046203,4.71519995,0.0582901016,0.0482900999,0.0274732504,0.0272391476,0,1.53046203,6,2.5,8.72311974,0,0,0,0,0,3.19593334,0.306036174,52.5775337,1.18957341,5.02968502,4.71519995,489.137512,76.5231018,1.75010002,0.0250000004,50,1,0.119999997,0.550000012,0.0133333337
SL1_rand_20_r0,0,819,8.09360504,8,1.53046203,4.71519995,0.0579567663,0.0479567684,0.0280505307,0.0280449372,0,1.53046203,6,2.5,8.72311974,0,0,0,0,0,3.19593334,0.306036174,52.5775337,1.18957341,5.02968502,4.71519995,489.137512,76.5231018,1.75010002,0.0250000004,50,1,0.119999997,0.550000012,0.0133333337
SL1_rand_20_r0,0,820,8.10693836,8,1.53046203,4.71519995,0.0576234348,0.0476234332,0.0292619336,0.0286891945,0,1.53046203,6,2.5,8.72311974,0,0,0,0,0,3.19593334,0.306036174,52.5775337,1.18957341,5.02968502,4.71519995,489.137512,76.5231018,1.75010002,0.0250000004,50,1,0.119999997,0.550000012,0.0133333337
SL1_rand_20_r0,0,821,8.12027168,8,1.53046203,4.71519995,0.0572900996,0.0472901016,0.0297574941,0.0297187995,0,1.53046203,6,2.5,8.72311974,0,0,0,0,0,3.19593334,0.306036174,52.5775337,1.18957341,5.02968502,4.71519995,489.137512,76.5231018,1.75010002,0.0250000004,50,1,0.119999997,0.550000012,0.0133333337
SL1_rand_20_r0,0,822,8.133605,8,1.53046203,4.71519995,0.056956768,0.0469567664,0.0309723113,0.0303060804,0,1.53046203,6,2.5,8.72311974,0,0,0,0,0,3.19593334,0.306036174,52.5775337,1.18957341,5.02968502,4.71519995,489.137512,76.5231018,1.75010002,0.0250000004,50,1,0.119999997,0.550000012,0.0133333337
SL1_rand_20_r0,0,823,8.14693832,8,1.53046203,4.71519995,0.0566234328,0.0466234349,0.0314183272,0.0312414579,0,1.53046203,6,2.5,8.72311974,0,0,0,0,0,3.19593334,0.306036174,52.5775337,1.18957341,5.02968502,4.71519995,489.137512,76.5231018,1.75010002,0.0250000004,50,1,0.119999997,0.550000012,0.0133333337
SL1_rand_20_r0,0,824,8.16027164,8,1.53046203,4.71519995,0.0562901013,0.0462900996,0.0324297063,0.0322351381,0,1.53046203,6,2.5,8.72311974,0,0,0,0,0,3.19593334,0.306036174,52.5775337,1.18957341,5.02968502,4.71519995,489.137512,76.5231018,1.75010002,0.0250000004,50,1,0.119999997,0.550000012,0.0133333337
SL1_rand_20_r0,0,825,8.17360497,8,1.53046203,4.71519995,0.055956766,0.0459567681,0.0329194404,0.032331679,0,1.53046203,6,2.5,8.72311974,0,0,0,0,0,3.19593334,0.306036174,52.5775337,1.18957341,5.02968502,4.71519995,489.137512,76.5231018,1.75010002,0.0250000004,50,1,0.119999997,0.550000012,0.0133333337
SL1_rand_20_r0,0,826,8.18693829,8,1.53046203,4.71519995,0.0556234345,0.0456234328,0.0337275006,0.0331073999,0,1.53046203,6,2.5,8.72311974,0,0,0,0,0,3.19593334,0.306036174,52.5775337,1.18957341,5.02968502,4.71519995,489.137512,76.5231018,1.75010002,0.0250000004,50,1,0.119999997,0.550000012,0.0133333337
SL1_rand_20_r0,0,827,8.20027161,8,1.53046203,4.71519995,0.0552900992,0.0452901013,0.0340470113,0.0335760117,0,1.53046203,6,2.5,8.72311974,0,0,0,0,0,3.19593334,0.306036174,52.5775337,1.18957341,5.02968502,4.71519995,489.137512,76.5231018,1.75010002,0.0250000004,50,1,0.119999997,0.550000012,0.0133333337
SL1_rand_20_r0,0,828,8.21360493,8,1.53046203,4.71519995,0.0549567677,0.0449567661,0.0347471647,0.0342538767,0,1.53046203,6,2.5,8.72311974,0,0,0,0,0,3.19593334,0.306036174,52.5775337,1.18957341,5.02968502,4.71519995,489.137512,76.5231018,1.75010002,0.0250000004,50,1,0.119999997,0.550000012,0.0133333337
SL1_rand_20_r0,0,829,8.22693825,8,1.53046203,4.71519995,0.0546234325,0.0446234345,0.0350843519,0.0346551277,0,1.53046203,6,2.5,8.72311974,0,0,0,0,0,3.19593334,0.306036174,52.5775337,1.18957341,5.02968502,4.71519995,489.137512,76.5231018,1.75010002,0.0250000004,50,1,0.119999997,0.550000012,0.0133333337
SL1_rand_20_r0,0,830,8.24027157,8,1.53046203,4.71519995,0.0542901009,0.0442900993,0.0356666967,0.0352498442,0,1.53046203,6,2.5,8.72311974,0,0,0,0,0,3.19593334,0.306036174,52.5775337,1.18957341,5.02968502,4.71519995,489.137512,76.5231018,1.75010002,0.0250000004,50,1,0.119999997,0.550000012,0.0133333337
SL1_rand_20_r0,0,831,8.25360489,8,1.53046203,4.71519995,0.0539567657,0.0439567678,0.0360067002,0.0355785713,0,1.53046203,6,2.5,8.72311974,0,0,0,0,0,3.19593334,0.306036174,52.5775337,1.18957341,5.02968502,4.71519995,489.137512,76.5231018,1.75010002,0.0250000004,50,1,0.119999997,0.550000012,0.0133333337
SL1_rand_20_r0,0,832,8.26693821,8,1.53046203,4.71519995,0.0536234342,0.0436234325,0.0364432074,0.0361038409,0,1.53046203,6,2.5,8.72311974,0,0,0,0,0,3.19593334,0.306036174,52.5775337,1.18957341,5.02968502,4.71519995,489.137512,76.5231018,1.75010002,0.0250000004,50,1,0.119999997,0.550000012,0.0133333337
SL1_rand_20_r0,0,833,8.28027153,8,1.53046203,4.71519995,0.0532900989,0.043290101,0.0368070528,0.0363545418,0,1.53046203,6,2.5,8.72311974,0,0,0,0,0,3.19593334,0.306036174,52.5775337,1.18957341,5.02968502,4.71519995,489.137512,76.5231018,1.75010002,0.0250000004,50,1,0.119999997,0.550000012,0.0133333337
SL1_rand_20_r0,0,834,8.2936058,8,1.53046203,4.71519995,0.0529567674,0.0429567657,0.0370968282,0.0367943421,0,1.53046203,6,2.5,8.72311974,0,0,0,0,0,3.19593334,0.306036174,52.5775337,1.18957341,5.02968502,4.71519995,489.137512,76.5231018,1.75010002,0.0250000004,50,1,0.119999997,0.550000012,0.0133333337
SL1_rand_20_r0,0,835,8.30693913,8,1.53046203,4.71519995,0.0526234321,0.0426234342,0.0374600515,0.0373152047,0,1.53046203,6,2.5,8.72311974,0,0,0,0,0,3.19593334,0.306036174,52.5775337,1.18957341,5.02968502,4.71519995,489.137512,76.5231018,1.75010002,0.0250000004,50,1,0.119999997,0.550000012,0.0133333337
SL1_rand_20_r0,0,836,8.32027245,8,1.53046203,4.71519995,0.0522901006,0.042290099,0.0376339778,0.0373484343,0,1.53046203,6,2.5,8.72311974,0,0,0,0,0,3.19593334,0.306036174,52.5775337,1.18957341,5.02968502,4.71519995,489.137512,76.5231018,1.75010002,0.0250000004,50,1,0.119999997,0.550000012,0.0133333337
SL1_rand_20_r0,0,837,8.33360577,8,1.53046203,4.71519995,0.0519567654,0.0419567674,0.0379300043,0.0378227793,0,1.53046203,6,2.5,8.72311974,0,0,0,0,0,3.19593334,0.306036174,52.5775337,1.18957341,5.02968502,4.71519995,489.137512,76.5231018,1.75010002,0.0250000004,50,1,0.119999997,0.550000012,0.0133333337
SL1_rand_20_r0,0,838,8.34693909,8,1.53046203,4.71519995,0.0516234338,0.0416234322,0.038059786,0.0377791785,0,1.53046203,6,2.5,8.72311974,0,0,0,0,0,3.19593334,0.306036174,52.5775337,1.18957341,5.02968502,4.71519995,489.137512,76.5231018,1.75010002,0.0250000004,50,1,0.119999997,0.550000012,0.0133333337
SL1_rand_20_r0,0,839,8.36027241,8,1.53046203,4.71519995,0.0512900986,0.0412901007,0.0382865295,0.038209416,0,1.53046203,6,2.5,8.72311974,0,0,0,0,0,3.19593334,0.306036174,52.5775337,1.18957341,5.02968502,4.71519995,489.137512,76.5231018,1.75010002,0.0250000004,50,1,0.119999997,0.550000012,0.0133333337
SL1_rand_20_r0,0,840,8.37360573,8,1.53046203,4.71519995,0.0509567671,0.0409567654,0.0383849479,0.0381006114,0,1.53046203,6,2.5,8.72311974,0,0,0,0,0,3.19593334,0.306036174,52.5775337,1.18957341,5.02968502,4.71519995,489.137512,76.5231018,1.75010002,0.0250000004,50,1,0.119999997,0.550000012,0.0133333337
SL1_rand_20_r0,0,841,8.38693905,8,1.53046203,4.71519995,0.0506234355,0.0406234339,0.0385409184,0.0384877287,0,1.53046203,6,2.5,8.72311974,0,0,0,0,0,3.19593334,0.306036174,52.5775337,1.18957341,5.02968502,4.71519995,489.137512,76.5231018,1.75010002,0.0250000004,50,1,0.119999997,0.550000012,0.0133333337
SL1_rand_20_r0,0,842,8.40027237,8,1.53046203,4.71519995,0.0502901003,0.0402900986,0.038623713,0.0383159555,0,1.53046203,6,2.5,8.72311974,0,0,0,0,0,3.19593334,0.306036174,52.5775337,1.18957341,5.02968502,4.71519995,489.137512,76.5231018,1.75010002,0.0250000004,50,1,0.119999997,0.550000012,0.0133333337
SL1_rand_20_r0,0,843,8.41360569,8,1.53046203,4.71519995,0.0499567688,0.0399567671,0.0387051441,0.0386669487,0,1.53046203,6,2.5,8.72311974,0,0,0,0,0,3.19593334,0.306036174,52.5775337,1.18957341,5.02968502,4.71519995,489.137512,76.5231018,1.75010002,0.0250000004,50,1,0.119999997,0.550000012,0.0133333337
SL1_rand_20_r0,0,844,8.42693901,8,1.53046203,4.71519995,0.0496234335,0.0396234319,0.0387636609,0.0383899622,0,1.53046203,6,2.5,8.72311974,0,0,0,0,0,3.19593334,0.306036174,52.5775337,1.18957341,5.02968502,4.71519995,489.137512,76.5231018,1.75010002,0.0250000004,50,1,0.119999997,0.550000012,0.0133333337
SL1_rand_20_r0,0,845,8.44027233,8,1.53046203,4.71519995,0.049290102,0.0392901003,0.0387935527,0.038758114,0,1.53046203,6,2.5,8.72311974,0,0,0,0,0,3.19593334,0.306036174,52.5775337,1.18957341,5.02968502,4.71519995,489.137512,76.5231018,1.75010002,0.0250000004,50,1,0.119999997,0.550000012,0.0133333337
SL1_rand_20_r0,0,846,8.45360565,8,1.53046203,4.71519995,0.0489567667,0.0389567688,0.038811408,0.0384190865,0,1.53046203,6,2.5,8.72311974,0,0,0,0,0,3.19593334,0.306036174,52.5775337,1.18957341,5.02968502,4.71519995,489.137512,76.5231018,1.75010002,0.0250000004,50,1,0.119999997,0.550000012,0.0133333337
SL1_rand_20_r0,0,847,8.46693897,8,1.53046203,4.71519995,0.0486234352,0.0386234336,0.0386083312,0.0385387838,0,1.53046203,6,2.5,8.72311974,0,0,0,0,0,3.19593334,0.306036174,52.5775337,1.18957341,5.02968502,4.71519995,489.137512,76.5231018,1.75010002,0.0250000004,50,1,0.119999997,0.550000012,0.0133333337
SL1_rand_20_r0,0,848,8.48027229,8,1.53046203,4.71519995,0.0482900999,0.038290102,0.0386967771,0.0384451449,0,1.53046203,6,2.5,8.72311974,0,0,0,0,0,3.19593334,0.306036174,52.5775337,1.18957341,5.02968502,4.71519995,489.137512,76.5231018,1.75010002,0.0250000004,50,1,0.119999997,0.550000012,0.0133333337
SL1_rand_20_r0,0,849,8.49360561,8,1.53046203,4.71519995,0.0479567684,0.0379567668,0.0383964926,0.0383380614,0,1.53046203,6,2.5,8.72311974,0,0,0,0,0,3.19593334,0.306036174,52.5775337,1.18957341,5.02968502,4.71519995,489.137512,76.5231018,1.75010002,0.0250000004,50,1,0.119999997,0.550000012,0.0133333337
SL1_rand_20_r0,0,850,8.50693893,8,1.53046203,4.71519995,0.0476234332,0.0376234353,0.0385620594,0.038205456,0,1.53046203,6,2.5,8.72311974,0,0,0,0,0,3.19593334,0.306036174,52.5775337,1.18957341,5.02968502,4.71519995,489.137512,76.5231018,1.75010002,0.0250000004,50,1,0.119999997,0.550000012,0.0133333337
SL1_rand_20_r0,0,851,8.52027225,8,1.53046203,4.71519995,0.0472901016,0.0372901,0.0383282192,0.0380602516,0,1.53046203,6,2.5,8.72311974,0,0,0,0,0,3.19593334,0.306036174,52.5775337,1.18957341,5.02968502,4.71519995,489.137512,76.5231018,1.75010002,0.0250000004,50,1,0.119999997,0.550000012,0.0133333337
SL1_rand_20_r0,0,852,8.53360558,8,1.53046203,4.71519995,0.0469567664,0.0369567685,0.0383723676,0.0380923562,0,1.53046203,6,2.5,8.72311974,0,0,0,0,0,3.19593334,0.306036174,52.5775337,1.18957341,5.02968502,4.71519995,489.137512,76.5231018,1.75010002,0.0250000004,50,1,0.119999997,0.550000012,0.0133333337
SL1_rand_20_r0,0,853,8.5469389,8,1.53046203,4.71519995,0.0466234349,0.0366234332,0.0379826948,0.0379178002,0,1.53046203,6,2.5,8.72311974,0,0,0,0,0,3.19593334,0.306036174,52.5775337,1.18957341,5.02968502,4.71519995,489.137512,76.5231018,1.75010002,0.0250000004,50,1,0.119999997,0.550000012,0.0133333337
SL1_rand_20_r0,0,854,8.56027222,8,1.53046203,4.71519995,0.0462900996,0.0362901017,0.0378326327,0.0377010666,0,1.53046203,6,2.5,8.72311974,0,0,0,0,0,3.19593334,0.306036174,52.5775337,1.18957341,5.02968502,4.71519995,489.137512,76.5231018,1.75010002,0.0250000004,50,1,0.119999997,0.550000012,0.0133333337
SL1_rand_20_r0,0,855,8.57360554,8,1.53046203,4.71519995,0.0459567681,0.0359567665,0.0375077575,0.0374951884,0,1.53046203,6,2.5,8.72311974,0,0,0,0,0,3.19593334,0.306036174,52.5775337,1.18957341,5.02968502,4.71519995,489.137512,76.5231018,1.75010002,0.0250000004,50,1,0.119999997,0.550000012,0.0133333337
SL1_rand_20_r0,0,856,8.58693886,8,1.53046203,4.71519995,0.0456234328,0.0356234349,0.0374282561,0.0372471623,0,1.53046203,6,2.5,8.72311974,0,0,0,0,0,3.19593334,0.306036174,52.5775337,1.18957341,5.02968502,4.71519995,489.137512,76.5231018,1.75010002,0.0250000004,50,1,0.119999997,0.550000012,0.0133333337
SL1_rand_20_r0,0,857,8.60027218,8,1.53046203,4.71519995,0.0452901013,0.0352900997,0.0371525772,0.037010733,0,1.53046203,6,2.5,8.72311974,0,0,0,0,0,3.19593334,0.306036174,52.5775337,1.18957341,5.02968502,4.71519995,489.137512,76.5231018,1.75010002,0.0250000004,50,1,0.119999997,0.550000012,0.0133333337
SL1_rand_20_r0,0,858,8.6136055,8,1.53046203,4.71519995,0.0449567661,0.0349567682,0.03709374,0.0369902402,0,1.53046203,6,2.5,8.72311974,0,0,0,0,0,3.19593334,0.306036174,52.5775337,1.18957341,5.02968502,4.71519995,489.137512,76.5231018,1.75010002,0.0250000004,50,1,0.119999997,0.550000012,0.0133333337
SL1_rand_20_r0,0,859,8.62693882,8,1.53046203,4.71519995,0.0446234345,0.0346234329,0.0368246473,0.036748983,0,1.53046203,6,2.5,8.72311974,0,0,0,0,0,3.19593334,0.306036174,52.5775337,1.18957341,5.02968502,4.71519995,489.137512,76.5231018,1.75010002,0.0250000004,50,1,0.119999997,0.550000012,0.0133333337
SL1_rand_20_r0,0,860,8.64027214,8,1.53046203,4.71519995,0.0442900993,0.0342901014,0.0366100669,0.0365669765,0,1.53046203,6,2.5,8.72311974,0,0,0,0,0,3.19593334,0.306036174,52.5775337,1.18957341,5.02968502,4.71519995,489.137512,76.5231018,1.75010002,0.0250000004,50,1,0.119999997,0.550000012,0.0133333337
SL1_rand_20_r0,0,861,8.65360546,8,1.53046203,4.71519995,0.0439567678,0.0339567661,0.0361051075,0.0356995463,0,1.53046203,6,2.5,8.72311974,0,0,0,0,0,3.19593334,0.306036174,52.5775337,1.18957341,5.02968502,4.71519995,489.137512,76.5231018,1.75010002,0.0250000004,50,1,0.119999997,0.550000012,0.0133333337
SL1_rand_20_r0,0,862,8.66693878,8,1.53046203,4.71519995,0.0436234325,0.0336234346,0.0359604098,0.0353993177,0,1.53046203,6,2.5,8.72311974,0,0,0,0,0,3.19593334,0.306036174,52.5775337,1.18957341,5.02968502,4.71519995,489.137512,76.5231018,1.75010002,0.0250000004,50,1,0.119999997,0.550000012,0.0133333337
SL1_rand_20_r0,0,863,8.6802721,8,1.53046203,4.71519995,0.043290101,0.0332900994,0.0353227556,0.0350712277,0,1.53046203,6,2.5,8.72311974,0,0,0,0,0,3.19593334,0.306036174,52.5775337,1.18957341,5.02968502,4.71519995,489.137512,76.5231018,1.75010002,0.0250000004,50,1,0.119999997,0.550000012,0.0133333337
SL1_rand_20_r0,0,864,8.69360542,8,1.53046203,4.71519995,0.0429567657,0.0329567678,0.0353977978,0.0347576253,0,1.53046203,6,2.5,8.72311974,0,0,0,0,0,3.19593334,0.306036174,52.5775337,1.18957341,5.02968502,4.71519995,489.137512,76.5231018,1.75010002,0.0250000004,50,1,0.119999997,0.550000012,0.0133333337
SL1_rand_20_r0,0,865,8.70693874,8,1.53046203,4.71519995,0.0426234342,0.0326234326,0.0347705558,0.0344249643,0,1.53046203,6,2.5,8.72311974,0,0,0,0,0,3.19593334,0.306036174,52.5775337,1.18957341,5.02968502,4.71519995,489.137512,76.5231018,1.75010002,0.0250000004,50,1,0.119999997,0.550000012,0.0133333337
SL1_rand_20_r0,0,866,8.72027206,8,1.53046203,4.71519995,0.042290099,0.0322901011,0.0347799137,0.0342221037,0,1.53046203,6,2.5,8.72311974,0,0,0,0,0,3.19593334,0.306036174,52.5775337,1.18957341,5.02968502,4.71519995,489.137512,76.5231018,1.75010002,0.0250000004,50,1,0.119999997,0.550000012,0.0133333337
SL1_rand_20_r0,0,867,8.73360538,8,1.53046203,4.71519995,0.0419567674,0.0319567658,0.0342025906,0.0338977389,0,1.53046203,6,2.5,8.72311974,0,0,0,0,0,3.19593334,0.306036174,52.5775337,1.18957341,5.02968502,4.71519995,489.137512,76.5231018,1.75010002,0.0250000004,50,1,0.119999997,0.550000012,0.0133333337
SL1_rand_20_r0,0,868,8.74693871,8,1.53046203,4.71519995,0.0416234322,0.0316234343,0.0337282531,0.033557225,0,1.53046203,6,2.5,8.72311974,0,0,0,0,0,3.19593334,0.306036174,52.5775337,1.18957341,5.02968502,4.71519995,489.137512,76.5231018,1.75010002,0.0250000004,50,1,0.119999997,0.550000012,0.0133333337
SL1_rand_20_r0,0,869,8.76027203,8,1.53046203,4.71519995,0.0412901007,0.031290099,0.0333642885,0.0332233869,0,1.53046203,6,2.5,8.72311974,0,0,0,0,0,3.19593334,0.306036174,52.5775337,1.18957341,5.02968502,4.71519995,489.137512,76.5231018,1.75010002,0.0250000004,50,1,0.119999997,0.550000012,0.0133333337
SL1_rand_20_r0,0,870,8.77360535,8,1.53046203,4.71519995,0.0409567654,0.0309567675,0.0329107344,0.0328821391,0,1.53046203,6,2.5,8.72311974,0,0,0,0,0,3.19593334,0.306036174,52.5775337,1.18957341,5.02968502,4.71519995,489.137512,76.5231018,1.75010002,0.0250000004,50,1,0.119999997,0.550000012,0.0133333337
SL1_rand_20_r0,0,871,8.78693867,8,1.53046203,4.71519995,0.0406234339,0.0306234341,0.0327580683,0.0325394571,0,1.53046203,6,2.5,8.72311974,0,0,0,0,0,3.19593334,0.306036174,52.5775337,1.18957341,5.02968502,4.71519995,489.137512,76.5231018,1.75010002,0.0250000004,50,1,0.119999997,0.550000012,0.0133333337
SL1_rand_20_r0,0,872,8.80027199,8,1.53046203,4.71519995,0.0402900986,0.0302901007,0.0323410705,0.0321951583,0,1.53046203,6,2.5,8.72311974,0,0,0,0,0,3.19593334,0.306036174,52.5775337,1.18957341,5.02968502,4.71519995,489.137512,76.5231018,1.75010002,0.0250000004,50,1,0.119999997,0.550000012,0.0133333337
SL1_rand_20_r0,0,873,8.81360531,8,1.53046203,4.71519995,0.0399567671,0.0299567673,0.0323939659,0.0318468921,0,1.53046203,6,2.5,8.72311974,0,0,0,0,0,3.19593334,0.306036174,52.5775337,1.18957341,5.02968502,4.71519995,489.137512,76.5231018,1.75010002,0.0250000004,50,1,0.119999997,0.550000012,0.0133333337
SL1_rand_20_r0,0,874,8.82693863,8,1.53046203,4.71519995,0.0396234319,0.0296234339,0.0318467133,0.0316572376,0,1.53046203,6,2.5,8.72311974,0,0,0,0,0,3.19593334,0.306036174,52.5775337,1.18957341,5.02968502,4.71519995,489.137512,76.5231018,1.75010002,0.0250000004,50,1,0.119999997,0.550000012,0.0133333337
SL1_rand_20_r0,0,875,8.84027195,8,1.53046203,4.71519995,0.0392901003,0.0292901006,0.0314666107,0.0313183852,0,1.53046203,6,2.5,8.72311974,0,0,0,0,0,3.19593334,0.306036174,52.5775337,1.18957341,5.02968502,4.71519995,489.137512,76.5231018,1.75010002,0.0250000004,50,1,0.119999997,0.550000012,0.0133333337
SL1_rand_20_r0,0,876,8.85360527,8,1.53046203,4.71519995,0.0389567688,0.0289567672,0.0309734214,0.0309659336,0,1.53046203,6,2.5,8.72311974,0,0,0,0,0,3.19593334,0.306036174,52.5775337,1.18957341,5.02968502,4.71519995,489.137512,76.5231018,1.75010002,0.0250000004,50,1,0.119999997,0.550000012,0.0133333337
SL1_rand_20_r0,0,877,8.86693859,8,1.53046203,4.71519995,0.0386234336,0.0286234338,0.0306374617,0.0306230709,0,1.53046203,6,2.5,8.72311974,0,0,0,0,0,3.19593334,0.306036174,52.5775337,1.18957341,5.02968502,4.71519995,489.137512,76.5231018,1.75010002,0.0250000004,50,1,0.119999997,0.550000012,0.0133333337
SL1_rand_20_r0,0,878,8.88027191,8,1.53046203,4.71519995,0.038290102,0.0282901004,0.0303471982,0.0302677918,0,1.53046203,6,2.5,8.72311974,0,0,0,0,0,3.19593334,0.306036174,52.5775337,1.18957341,5.02968502,4.71519995,489.137512,76.5231018,1.75010002,0.0250000004,50,1,0.119999997,0.550000012,0.0133333337
SL1_rand_20_r0,0,879,8.89360523,8,1.53046203,4.71519995,0.0379567668,0.027956767,0.0300711598,0.0299229082,0,1.53046203,6,2.5,8.72311974,0,0,0,0,0,3.19593334,0.306036174,52.5775337,1.18957341,5.02968502,4.71519995,489.137512,76.5231018,1.75010002,0.0250000004,50,1,0.119999997,0.550000012,0.0133333337
SL1_rand_20_r0,0,880,8.90693855,8,1.53046203,4.71519995,0.0376234353,0.0276234336,0.0299790297,0.0295757465,0,1.53046203,6,2.5,8.72311974,0,0,0,0,0,3.19593334,0.306036174,52.5775337,1.18957341,5.02968502,4.71519995,489.137512,76.5231018,1.75010002,0.0250000004,50,1,0.119999997,0.550000012,0.0133333337
SL1_rand_20_r0,0,881,8.92027187,8,1.53046203,4.71519995,0.0372901,0.0272901002,0.0296980198,0.0294019505,0,1.53046203,6,2.5,8.72311974,0,0,0,0,0,3.19593334,0.306036174,52.5775337,1.18957341,5.02968502,4.71519995,489.137512,76.5231018,1.75010002,0.0250000004,50,1,0.119999997,0.550000012,0.0133333337
SL1_rand_20_r0,0,882,8.93360519,8,1.53046203,4.71519995,0.0369567685,0.0269567668,0.0291686747,0.0291200243,0,1.53046203,6,2.5,8.72311974,0,0,0,0,0,3.19593334,0.306036174,52.5775337,1.18957341,5.02968502,4.71519995,489.137512,76.5231018,1.75010002,0.0250000004,50,1,0.119999997,0.550000012,0.0133333337
SL1_rand_20_r0,0,883,8.94693851,8,1.53046203,4.71519995,0.0366234332,0.0266234335,0.0287943073,0.0287065022,0,1.53046203,6,2.5,8.72311974,0,0,0,0,0,3.19593334,0.306036174,52.5775337,1.18957341,5.02968502,4.71519995,489.137512,76.5231018,1.75010002,0.0250000004,50,1,0.119999997,0.550000012,0.0133333337
SL1_rand_20_r0,0,884,8.96027184,8,1.53046203,4.71519995,0.0362901017,0.0262901001,0.0284582768,0.0284291524,0,1.53046203,6,2.5,8.72311974,0,0,0,0,0,3.19593334,0.306036174,52.5775337,1.18957341,5.02968502,4.71519995,489.137512,76.5231018,1.75010002,0.0250000004,50,1,0.119999997,0.550000012,0.0133333337
SL1_rand_20_r0,0,885,8.97360516,8,1.53046203,4.71519995,0.0359567665,0.0259567667,0.0281486586,0.0280117039,0,1.53046203,6,2.5,8.72311974,0,0,0,0,0,3.19593334,0.306036174,52.5775337,1.18957341,5.02968502,4.71519995,489.137512,76.5231018,1.75010002,0.0250000004,50,1,0.119999997,0.550000012,0.0133333337
SL1_rand_20_r0,0,886,8.98693848,8,1.53046203,4.71519995,0.0356234349,0.0256234333,0.027945485,0.0276635159,0,1.53046203,6,2.5,8.72311974,0,0,0,0,0,3.19593334,0.306036174,52.5775337,1.18957341,5.02968502,4.71519995,489.137512,76.5231018,1.75010002,0.0250000004,50,1,0.119999997,0.550000012,0.0133333337
SL1_rand_20_r0,0,887,9.0002718,9,1.53046203,4.71519995,0.0352900997,0.0252900999,0.0277749281,0.0273251142,0,1.53046203,6,2.5,8.72311974,0,0,0,0,0,2.72522235,-1.58648539,53.3515205,1.1374408,13.6634922,4.71519995,489.137512,76.5231018,1.75010002,0.0250000004,50,1,0.119999997,0.550000012,0.0133333337
SL1_rand_20_r0,0,888,9.01360512,9,1.53046203,4.71519995,0.0349567682,0.0249567665,0.0274355542,0.0272214841,0,1.53046203,6,2.5,8.72311974,0,0,0,0,0,2.72522235,-1.58648539,53.3515205,1.1374408,13.6634922,4.71519995,489.137512,76.5231018,1.75010002,0.0250000004,50,1,0.119999997,0.550000012,0.0133333337
SL1_rand_20_r0,0,889,9.02693844,9,1.53046203,4.71519995,0.0346234329,0.0246234331,0.0270039458,0.0268570557,0,1.53046203,6,2.5,8.72311974,0,0,0,0,0,2.72522235,-1.58648539,53.3515205,1.1374408,13.6634922,4.71519995,489.137512,76.5231018,1.75010002,0.0250000004,50,1,0.119999997,0.550000012,0.0133333337
SL1_rand_20_r0,0,890,9.04027176,9,1.53046203,4.71519995,0.0342901014,0.0242900997,0.0266249496,0.0265360959,0,1.53046203,6,2.5,8.72311974,0,0,0,0,0,2.72522235,-1.58648539,53.3515205,1.1374408,13.6634922,4.71519995,489.137512,76.5231018,1.75010002,0.0250000004,50,1,0.119999997,0.550000012,0.0133333337
SL1_rand_20_r0,0,891,9.05360508,9,1.53046203,4.71519995,0.0339567661,0.0239567664,0.0262289569,0.0261677746,0,1.53046203,6,2.5,8.72311974,0,0,0,0,0,2.72522235,-1.58648539,53.3515205,1.1374408,13.6634922,4.71519995,489.137512,76.5231018,1.75010002,0.0250000004,50,1,0.119999997,0.550000012,0.0133333337
SL1_rand_20_r0,0,892,9.0669384,9,1.53046203,4.71519995,0.0336234346,0.023623433,0.0260927733,0.0257507917,0,1.53046203,6,2.5,8.72311974,0,0,0,0,0,2.72522235,-1.58648539,53.3515205,1.1374408,13.6634922,4.71519995,489.137512,76.5231018,1.75010002,0.0250000004,50,1,0.119999997,0.550000012,0.0133333337
SL1_rand_20_r0,0,893,9.08027172,9,1.53046203,4.71519995,0.0332900994,0.0232900996,0.0257102046,0.025468234,0,1.53046203,6,2.5,8.72311974,0,0,0,0,0,2.72522235,-1.58648539,53.3515205,1.1374408,13.6634922,4.71519995,489.137512,76.5231018,1.75010002,0.0250000004,50,1,0.119999997,0.550000012,0.0133333337
SL1_rand_20_r0,0,894,9.09360504,9,1.53046203,4.71519995,0.0329567678,0.0229567662,0.025394287,0.025383139,0,1.53046203,6,2.5,8.72311974,0,0,0,0,0,2.72522235,-1.58648539,53.3515205,1.1374408,13.6634922,4.71519995,489.137512,76.5231018,1.75010002,0.0250000004,50,1,0.119999997,0.550000012,0.0133333337
SL1_rand_20_r0,0,895,9.10693836,9,1.53046203,4.71519995,0.0326234326,0.0226234328,0.0251224171,0.0248984434,0,1.53046203,6,2.5,8.72311974,0,0,0,0,0,2.72522235,-1.58648539,53.3515205,1.1374408,13.6634922,4.71519995,489.137512,76.5231018,1.75010002,0.0250000004,50,1,0.119999997,0.550000012,0.0133333337
SL1_rand_20_r0,0,896,9.12027168,9,1.53046203,4.71519995,0.0322901011,0.0222901013,0.0248571392,0.0245346781,0,1.53046203,6,2.5,8.72311974,0,0,0,0,0,2.72522235,-1.58648539,53.3515205,1.1374408,13.6634922,4.71519995,489.137512,76.5231018,1.75010002,0.0250000004,50,1,0.119999997,0.550000012,0.0133333337
SL1_rand_20_r0,0,897,9.133605,9,1.53046203,4.71519995,0.0319567658,0.0219567679,0.0241927393,0.024172185,0,1.53046203,6,2.5,8.72311974,0,0,0,0,0,2.72522235,-1.58648539,53.3515205,1.1374408,13.6634922,4.71519995,489.137512,76.5231018,1.75010002,0.0250000004,50,1,0.119999997,0.550000012,0.0133333337
SL1_rand_20_r0,0,898,9.14693832,9,1.53046203,4.71519995,0.0316234343,0.0216234345,0.0239410978,0.0238056686,0,1.53046203,6,2.5,8.72311974,0,0,0,0,0,2.72522235,-1.58648539,53.3515205,1.1374408,13.6634922,4.71519995,489.137512,76.5231018,1.75010002,0.0250000004,50,1,0.119999997,0.550000012,0.0133333337
SL1_rand_20_r0,0,899,9.16027164,9,1.53046203,4.71519995,0.031290099,0.0212901011,0.0235790331,0.0234441012,0,1.53046203,6,2.5,8.72311974,0,0,0,0,0,2.72522235,-1.58648539,53.3515205,1.1374408,13.6634922,4.71519995,489.137512,76.5231018,1.75010002,0.0250000004,50,1,0.119999997,0.550000012,0.0133333337
SL1_rand_20_r0,0,900,9.17360497,9,1.53046203,4.71519995,0.0309567675,0.0209567677,0.0233287569,0.0230819359,0,1.53046203,6,2.5,8.72311974,0,0,0,0,0,2.72522235,-1.58648539,53.3515205,1.1374408,13.6634922,4.71519995,489.137512,76.5231018,1.75010002,0.0250000004,50,1,0.119999997,0.550000012,0.0133333337
SL1_rand_20_r0,0,901,9.18693829,9,1.53046203,4.71519995,0.0306234341,0.0206234343,0.0229314994,0.0228904374,0,1.53046203,6,2.5,8.72311974,0,0,0,0,0,2.72522235,-1.58648539,53.3515205,1.1374408,13.6634922,4.71519995,489.137512,76.5231018,1.75010002,0.0250000004,50,1,0.119999997,0.550000012,0.0133333337
SL1_rand_20_r0,0,902,9.20027161,9,1.53046203,4.71519995,0.0302901007,0.0202901009,0.0226434879,0.0226024613,0,1.53046203,6,2.5,8.72311974,0,0,0,0,0,2.72522235,-1.58648539,53.3515205,1.1374408,13.6634922,4.71519995,489.137512,76.5231018,1.75010002,0.0250000004,50,1,0.119999997,0.550000012,0.0133333337
SL1_rand_20_r0,0,903,9.21360493,9,1.53046203,4.71519995,0.0299567673,0.0199567676,0.0223202873,0.0221755803,0,1.53046203,6,2.5,8.72311974,0,0,0,0,0,2.72522235,-1.58648539,53.3515205,1.1374408,13.6634922,4.71519995,489.137512,76.5231018,1.75010002,0.0250000004,50,1,0.119999997,0.550000012,0.0133333337
SL1_rand_20_r0,0,904,9.22693825,9,1.53046203,4.71519995,0.0296234339,0.0196234342,0.0217611007,0.0217248946,0,1.53046203,6,2.5,8.72311974,0,0,0,0,0,2.72522235,-1.58648539,53.3515205,1.1374408,13.6634922,4.71519995,489.137512,76.5231018,1.75010002,0.0250000004,50,1,0.119999997,0.550000012,0.0133333337
SL1_rand_20_r0,0,905,9.24027157,9,1.53046203,4.71519995,0.0292901006,0.0192901008,0.0214908756,0.0213811956,0,1.53046203,6,2.5,8.72311974,0,0,0,0,0,2.72522235,-1.58648539,53.3515205,1.1374408,13.6634922,4.71519995,489.137512,76.5231018,1.75010002,0.0250000004,50,1,0.119999997,0.550000012,0.0133333337
SL1_rand_20_r0,0,906,9.25360489,9,1.53046203,4.71519995,0.0289567672,0.0189567674,0.0211209543,0.0209913049,0,1.53046203,6,2.5,8.72311974,0,0,0,0,0,2.72522235,-1.58648539,53.3515205,1.1374408,13.6634922,4.71519995,489.137512,76.5231018,1.75010002,0.0250000004,50,1,0.119999997,0.550000012,0.0133333337
SL1_rand_20_r0,0,907,9.26693821,9,1.53046203,4.71519995,0.0286234338,0.018623434,0.0208332948,0.0206585694,0,1.53046203,6,2.5,8.72311974,0,0,0,0,0,2.72522235,-1.58648539,53.3515205,1.1374408,13.6634922,4.71519995,489.137512,76.5231018,1.75010002,0.0250000004,50,1,0.119999997,0.550000012,0.0133333337
SL1_rand_20_r0,0,908,9.28027153,9,1.53046203,4.71519995,0.0282901004,0.0182901006,0.0204320066,0.0203424599,0,1.53046203,6,2.5,8.72311974,0,0,0,0,0,2.72522235,-1.58648539,53.3515205,1.1374408,13.6634922,4.71519995,489.137512,76.5231018,1.75010002,0.0250000004,50,1,0.119999997,0.550000012,0.0133333337
SL1_rand_20_r0,0,909,9.2936058,9,1.53046203,4.71519995,0.027956767,0.0179567672,0.0202399101,0.0199020915,0,1.53046203,6,2.5,8.72311974,0,0,0,0,0,2.72522235,-1.58648539,53.3515205,1.1374408,13.6634922,4.71519995,489.137512,76.5231018,1.75010002,0.0250000004,50,1,0.119999997,0.550000012,0.0133333337
SL1_rand_20_r0,0,910,9.30693913,9,1.53046203,4.71519995,0.0276234336,0.0176234338,0.0200160947,0.0196891651,0,1.53046203,6,2.5,8.72311974,0,0,0,0,0,2.72522235,-1.58648539,53.3515205,1.1374408,13.6634922,4.71519995,489.137512,76.5231018,1.75010002,0.0250000004,50,1,0.119999997,0.550000012,0.0133333337
SL1_rand_20_r0,0,911,9.32027245,9,1.53046203,4.71519995,0.0272901002,0.0172901005,0.0193186961,0.0192110203,0,1.53046203,6,2.5,8.72311974,0,0,0,0,0,2.72522235,-1.58648539,53.3515205,1.1374408,13.6634922,4.71519995,489.137512,76.5231018,1.75010002,0.0250000004,50,1,0.119999997,0.550000012,0.0133333337
SL1_rand_20_r0,0,912,9.33360577,9,1.53046203,4.71519995,0.0269567668,0.0169567671,0.0189413447,0.0189042464,0,1.53046203,6,2.5,8.72311974,0,0,0,0,0,2.72522235,-1.58648539,53.3515205,1.1374408,13.6634922,4.71519995,489.137512,76.5231018,1.75010002,0.0250000004,50,1,0.119999997,0.550000012,0.0133333337
SL1_rand_20_r0,0,913,9.34693909,9,1.53046203,4.71519995,0.0266234335,0.0166234337,0.0186183732,0.0185393021,0,1.53046203,6,2.5,8.72311974,0,0,0,0,0,2.72522235,-1.58648539,53.3515205,1.1374408,13.6634922,4.71519995,489.137512,76.5231018,1.75010002,0.0250000004,50,1,0.119999997,0.550000012,0.0133333337
SL1_rand_20_r0,0,914,9.36027241,9,1.53046203,4.71519995,0.0262901001,0.0162901003,0.0182230026,0.018052429,0,1.53046203,6,2.5,8.72311974,0,0,0,0,0,2.72522235,-1.58648539,53.3515205,1.1374408,13.6634922,4.71519995,489.137512,76.5231018,1.75010002,0.0250000004,50,1,0.119999997,0.550000012,0.0133333337
SL1_rand_20_r0,0,915,9.37360573,9,1.53046203,4.71519995,0.0259567667,0.0159567669,0.0179986935,0.0177650396,0,1.53046203,6,2.5,8.72311974,0,0,0,0,0,2.72522235,-1.58648539,53.3515205,1.1374408,13.6634922,4.71519995,489.137512,76.5231018,1.75010002,0.0250000004,50,1,0.119999997,0.550000012,0.0133333337
SL1_rand_20_r0,0,916,9.38693905,9,1.53046203,4.71519995,0.0256234333,0.0156234335,0.0175183695,0.0171667766,0,1.53046203,6,2.5,8.72311974,0,0,0,0,0,2.72522235,-1.58648539,53.3515205,1.1374408,13.6634922,4.71519995,489.137512,76.5231018,1.75010002,0.0250000004,50,1,0.119999997,0.550000012,0.0133333337
SL1_rand_20_r0,0,917,9.40027237,9,1.53046203,4.71519995,0.0252900999,0.0152901001,0.0171709098,0.0168984979,0,1.53046203,6,2.5,8.72311974,0,0,0,0,0,2.72522235,-1.58648539,53.3515205,1.1374408,13.6634922,4.71519995,489.137512,76.5231018,1.75010002,0.0250000004,50,1,0.119999997,0.550000012,0.0133333337
SL1_rand_20_r0,0,918,9.41360569,9,1.53046203,4.71519995,0.0249567665,0.0149567667,0.0168593097,0.0163828023,0,1.53046203,6,2.5,8.72311974,0,0,0,0,0,2.72522235,-1.58648539,53.3515205,1.1374408,13.6634922,4.71519995,489.137512,76.5231018,1.75010002,0.0250000004,50,1,0.119999997,0.550000012,0.0133333337
SL1_rand_20_r0,0,919,9.42693901,9,1.53046203,4.71519995,0.0246234331,0.0146234334,0.016449837,0.0163729917,0,1.53046203,6,2.5,8.72311974,0,0,0,0,0,2.72522235,-1.58648539,53.3515205,1.1374408,13.6634922,4.71519995,489.137512,76.5231018,1.75010002,0.0250000004,50,1,0.119999997,0.550000012,0.0133333337
SL1_rand_20_r0,0,920,9.44027233,9,1.53046203,4.71519995,0.0242900997,0.0142901,0.016099086,0.0160597023,0,1.53046203,6,2.5,8.72311974,0,0,0,0,0,2.72522235,-1.58648539,53.3515205,1.1374408,13.6634922,4.71519995,489.137512,76.5231018,1.75010002,0.0250000004,50,1,0.119999997,0.550000012,0.0133333337
SL1_rand_20_r0,0,921,9.45360565,9,1.53046203,4.71519995,0.0239567664,0.0139567666,0.015532,0.0153714847,0,1.53046203,6,2.5,8.72311974,0,0,0,0,0,2.72522235,-1.58648539,53.3515205,1.1374408,13.6634922,4.71519995,489.137512,76.5231018,1.75010002,0.0250000004,50,1,0.119999997,0.550000012,0.0133333337
SL1_rand_20_r0,0,922,9.46693897,9,1.53046203,4.71519995,0.023623433,0.0136234341,0.0153563805,0.0150267156,0,1.53046203,6,2.5,8.72311974,0,0,0,0,0,2.72522235,-1.58648539,53.3515205,1.1374408,13.6634922,4.71519995,489.137512,76.5231018,1.75010002,0.0250000004,50,1,0.119999997,0.550000012,0.0133333337
SL1_rand_20_r0,0,923,9.48027229,9,1.53046203,4.71519995,0.0232900996,0.0132901007,0.0146330474,0.0144732008,0,1.53046203,6,2.5,8.72311974,0,0,0,0,0,2.72522235,-1.58648539,53.3515205,1.1374408,13.6634922,4.71519995,489.137512,76.5231018,1.75010002,0.0250000004,50,1,0.119999997,0.550000012,0.0133333337
SL1_rand_20_r0,0,924,9.49360561,9,1.53046203,4.71519995,0.0229567662,0.0129567673,0.0142890327,0.014238799,0,1.53046203,6,2.5,8.72311974,0,0,0,0,0,2.72522235,-1.58648539,53.3515205,1.1374408,13.6634922,4.71519995,489.137512,76.5231018,1.75010002,0.0250000004,50,1,0.119999997,0.550000012,0.0133333337
SL1_rand_20_r0,0,925,9.50693893,9,1.53046203,4.71519995,0.0226234328,0.012623434,0.0140260337,0.0136871189,0,1.53046203,6,2.5,8.72311974,0,0,0,0,0,2.72522235,-1.58648539,53.3515205,1.1374408,13.6634922,4.71519995,489.137512,76.5231018,1.75010002,0.0250000004,50,1,0.119999997,0.550000012,0.0133333337
SL1_rand_20_r0,0,926,9.52027225,9,1.53046203,4.71519995,0.0222901013,0.0122901006,0.0138430353,0.0134596033,0,1.53046203,6,2.5,8.72311974,0,0,0,0,0,2.72522235,-1.58648539,53.3515205,1.1374408,13.6634922,4.71519995,489.137512,76.5231018,1.75010002,0.0250000004,50,1,0.119999997,0.550000012,0.0133333337
SL1_rand_20_r0,0,927,9.53360558,9,1.53046203,4.71519995,0.0219567679,0.0119567672,0.0136252902,0.0135803716,0,1.53046203,6,2.5,8.72311974,0,0,0,0,0,2.72522235,-1.58648539,53.3515205,1.1374408,13.6634922,4.71519995,489.137512,76.5231018,1.75010002,0.0250000004,50,1,0.119999997,0.550000012,0.0133333337
SL1_rand_20_r0,0,928,9.5469389,9,1.53046203,4.71519995,0.0216234345,0.0116234338,0.0128594916,0.0126799988,0,1.53046203,6,2.5,8.72311974,0,0,0,0,0,2.72522235,-1.58648539,53.3515205,1.1374408,13.6634922,4.71519995,489.137512,76.5231018,1.75010002,0.0250000004,50,1,0.119999997,0.550000012,0.0133333337
SL1_rand_20_r0,0,929,9.56027222,9,1.53046203,4.71519995,0.0212901011,0.0112901004,0.0126116462,0.0123259043,0,1.53046203,6,2.5,8.72311974,0,0,0,0,0,2.72522235,-1.58648539,53.3515205,1.1374408,13.6634922,4.71519995,489.137512,76.5231018,1.75010002,0.0250000004,50,1,0.119999997,0.550000012,0.0133333337
SL1_rand_20_r0,0,930,9.57360554,9,1.53046203,4.71519995,0.0209567677,0.010956767,0.0117811225,0.0117533915,0,1.53046203,6,2.5,8.72311974,0,0,0,0,0,2.72522235,-1.58648539,53.3515205,1.1374408,13.6634922,4.71519995,489.137512,76.5231018,1.75010002,0.0250000004,50,1,0.119999997,0.550000012,0.0133333337
SL1_rand_20_r0,0,931,9.58693886,9,1.53046203,4.71519995,0.0206234343,0.0106234336,0.0115732523,0.0115509685,0,1.53046203,6,2.5,8.72311974,0,0,0,0,0,2.72522235,-1.58648539,53.3515205,1.1374408,13.6634922,4.71519995,489.137512,76.5231018,1.75010002,0.0250000004,50,1,0.119999997,0.550000012,0.0133333337
SL1_rand_20_r0,0,932,9.60027218,9,1.53046203,4.71519995,0.0202901009,0.0102901002,0.0113694789,0.0109880762,0,1.53046203,6,2.5,8.72311974,0,0,0,0,0,2.72522235,-1.58648539,53.3515205,1.1374408,13.6634922,4.71519995,489.137512,76.5231018,1.75010002,0.0250000004,50,1,0.119999997,0.550000012,0.0133333337
SL1_rand_20_r0,0,933,9.6136055,9,1.53046203,4.71519995,0.0199567676,0.00995676685,0.0112338038,0.0107676536,0,1.53046203,6,2.5,8.72311974,0,0,0,0,0,2.72522235,-1.58648539,53.3515205,1.1374408,13.6634922,4.71519995,489.137512,76.5231018,1.75010002,0.0250000004,50,1,0.119999997,0.550000012,0.0133333337
SL1_rand_20_r0,0,934,9.62693882,9,1.53046203,4.71519995,0.0196234342,0.00962343346,0.0110654756,0.0108885728,0,1.53046203,6,2.5,8.72311974,0,0,0,0,0,2.72522235,-1.58648539,53.3515205,1.1374408,13.6634922,4.71519995,489.137512,76.5231018,1.75010002,0.0250000004,50,1,0.119999997,0.550000012,0.0133333337
SL1_rand_20_r0,0,935,9.64027214,9,1.58285439,4.71519995,0.0192901008,0.00929010008,0.0101855872,0.00980525091,0.000194748805,1.62572098,6,2.5,8.72311974,0,0,0,0,0,2.72522235,-1.58648539,53.3515205,1.1374408,13.6634922,4.71519995,489.137512,76.5231018,1.75010002,0.0250000004,50,1,0.119999997,0.550000012,0.0133333337
SL1_rand_20_r0,0,936,9.65360546,9,1.73655319,4.71519995,0.0189567674,0.00895676669,0.010116769,0.00932157133,0.000678428449,1.86230683,6,2.5,8.72311974,0,0,0,0,0,2.72522235,-1.58648539,53.3515205,1.1374408,13.6634922,4.71519995,489.137512,76.5231018,1.75010002,0.0250000004,50,1,0.119999997,0.550000012,0.0133333337
SL1_rand_20_r0,0,937,9.66693878,9,1.87385333,4.71519995,0.018623434,0.0086234333,0.00908502936,0.00906830374,0.000931696501,1.98618972,6,2.5,8.72311974,0,0,0,0,0,2.72522235,-1.58648539,53.3515205,1.1374408,13.6634922,4.71519995,489.137512,76.5231018,1.75010002,0.0250000004,50,1,0.119999997,0.550000012,0.0133333337
SL1_rand_20_r0,0,938,9.6802721,9,1.98617661,4.71519995,0.0182901006,0.00829009991,0.0092297364,0.00888044666,0.00111955323,2.07807755,6,2.5,8.72311974,0,0,0,0,0,2.72522235,-1.58648539,53.3515205,1.1374408,13.6634922,4.71519995,489.137512,76.5231018,1.75010002,0.0250000004,50,1,0.119999997,0.550000012,0.0133333337
SL1_rand_20_r0,0,939,9.69360542,9,2.17967391,4.71519995,0.0179567672,0.00795676745,0.00907815341,0.00834907778,0.00165092223,2.33799005,6,2.5,8.72311974,0,0,0,0,0,2.72522235,-1.58648539,53.3515205,1.1374408,13.6634922,4.71519995,489.137512,76.5231018,1.75010002,0.0250000004,50,1,0.119999997,0.550000012,0.0133333337
SL1_rand_20_r0,0,940,9.70693874,9,2.19437885,4.71519995,0.0176234338,0.0076234336,0.00868006051,0.00861808192,0.00138191844,2.20641017,6,2.5,8.72311974,0,0,0,0,0,2.72522235,-1.58648539,53.3515205,1.1374408,13.6634922,4.71519995,489.137512,76.5231018,1.75010002,0.0250000004,50,1,0.119999997,0.550000012,0.0133333337
SL1_rand_20_r0,0,941,9.72027206,9,2.5184617,4.71519995,0.0172901005,0.00729010021,0.00899172481,0.00743802451,0.0025619755,2.78362036,6,2.5,8.72311974,0,1,0,0,0,2.72522235,-1.58648539,53.3515205,1.1374408,13.6634922,4.71519995,489.137512,76.5231018,1.75010002,0.0250000004,50,1,0.119999997,0.550000012,0.0133333337
SL1_rand_20_r0,0,942,9.73360538,9,2.73099303,4.71519995,0.0169567671,0.00695676683,0.00754997646,0.00719011435,0.00280988566,2.90488243,6,2.5,8.72311974,1,1,0,1,0,2.72522235,-1.58648539,53.3515205,1.1374408,13.6634922,4.71519995,489.137512,76.5231018,1.75010002,0.0250000004,50,1,0.119999997,0.550000012,0.0133333337
SL1_rand_20_r0,0,943,9.87361336,9,2.94674301,4.71519995,0.0166234337,0.0066234339,0.00754707912,0.00674364856,0.00325635145,3.1232655,6,2.5,8.72311974,1,1,0,2,0,2.72522235,-1.58648539,53.3515205,1.1374408,13.6634922,4.71519995,489.137512,76.5231018,1.75010002,0.0250000004,50,1,0.119999997,0.550000012,0.0133333337
SL1_rand_20_r0,0,944,10.0136213,10,2.89930511,4.71519995,0.0162901003,0.00629010051,0.00771709811,0.00728086568,0.00271913433,2.86049247,6,2.5,8.72311974,1,1,0,3,0,-0.386474311,-29.0374889,40.3254242,1.02369666,14.6009998,4.71519995,489.137512,76.5231018,1.75010002,0.0250000004,50,1,0.119999997,0.550000012,0.0133333337
SL1_rand_20_r0,0,945,10.1536293,10,2.96606374,4.71519995,0.0159567669,0.00595676713,0.00696691312,0.00695336703,0.00304663274,3.02068424,6,2.5,8.72311974,1,1,0,4,0,-0.386474311,-29.0374889,40.3254242,1.02369666,14.6009998,4.71519995,489.137512,76.5231018,1.75010002,0.0250000004,50,1,0.119999997,0.550000012,0.0133333337
SL1_rand_20_r0,0,946,10.2936373,10,3.17156291,4.71519995,0.0156234335,0.00562343374,0.00706904149,0.00630116928,0.00369883073,3.33969879,6,2.5,8.72311974,1,1,0,5,0,-0.386474311,-29.0374889,40.3254242,1.02369666,14.6009998,4.71519995,489.137512,76.5231018,1.75010002,0.0250000004,50,1,0.119999997,0.550000012,0.0133333337
SL1_rand_20_r0,0,947,10.4336452,10,3.3689158,4.71519995,0.0152901001,0.00529010035,0.00668443507,0.00591132464,0.0040886756,3.53038645,6,2.5,8.72311974,1,1,0,6,0,-0.386474311,-29.0374889,40.3254242,1.02369666,14.6009998,4.71519995,489.137512,76.5231018,1.75010002,0.0250000004,50,1,0.119999997,0.550000012,0.0133333337
SL1_rand_20_r0,0,948,10.5736532,10,3.28911686,4.71519995,0.0149567667,0.00495676696,0.00684919255,0.00653806003,0.00346194021,3.22382665,6,2.5,8.72311974,1,1,0,7,0,-0.386474311,-29.0374889,40.3254242,1.02369666,14.6009998,4.71519995,489.137512,76.5231018,1.75010002,0.0250000004,50,1,0.119999997,0.550000012,0.0133333337
SL1_rand_20_r0,0,949,10.7136612,10,3.47142911,4.71519995,0.0146234334,0.00462343358,0.00609746762,0.00572690368,0.00427309657,3.62059355,6,2.5,8.72311974,1,1,0,8,0,-0.386474311,-29.0374889,40.3254242,1.02369666,14.6009998,4.71519995,489.137512,76.5231018,1.75010002,0.0250000004,50,1,0.119999997,0.550000012,0.0133333337
SL1_rand_20_r0,0,950,10.8536692,10,3.72436595,4.71519995,0.0142926462,0.00429264642,0.0057352772,0.00509166159,0.00490833819,3.93131447,6,2.5,8.72311974,1,1,0,9,0,-0.386474311,-29.0374889,40.3254242,1.02369666,14.6009998,4.71519995,489.137512,76.5231018,1.75010002,0.0250000004,50,1,0.119999997,0.550000012,0.0133333337
SL1_rand_20_r0,0,951,10.9936771,10,4.03256845,4.71519995,0.0140478956,0.00404789532,0.00544752693,0.00434522564,0.00565477414,4.28473377,6,2.5,8.72311974,1,1,0,10,0,-0.386474311,-29.0374889,40.3254242,1.02369666,14.6009998,4.71519995,489.137512,76.5231018,1.75010002,0.0250000004,50,1,0.119999997,0.550000012,0.0133333337
SL1_rand_20_r0,0,952,11.1336851,11,4.06115103,4.71519995,0.0138254231,0.00382542331,0.00517593138,0.00394691713,0.00605308264,4.08453655,6,2.5,8.72311974,1,1,0,11,0,0.623684406,0.102105007,54.530632,1.14691949,2.60910296,4.71519995,489.137512,76.5231018,1.75010002,0.0250000004,50,1,0.119999997,0.550000012,0.0133333337
SL1_rand_20_r0,0,953,11.2736931,11,3.85345936,4.71519995,0.0135489721,0.00354897208,0.00596112898,0.00455761561,0.00544238416,3.68352985,6,2.5,8.72311974,1,1,0,12,0,0.623684406,0.102105007,54.530632,1.14691949,2.60910296,4.71519995,489.137512,76.5231018,1.75010002,0.0250000004,50,1,0.119999997,0.550000012,0.0133333337
SL1_rand_20_r0,0,954,11.4137011,11,4.30788183,4.71519995,0.0133897532,0.00338975294,0.00319057493,0.00302775111,0.00697224867,4.67968225,6,2.5,8.72311974,1,1,0,13,0,0.623684406,0.102105007,54.530632,1.14691949,2.60910296,4.71519995,489.137512,76.5231018,1.75010002,0.0250000004,50,1,0.119999997,0.550000012,0.0133333337
SL1_rand_20_r0,0,955,11.553709,11,4.2921977,4.71519995,0.0132457158,0.00324571575,0.00333034946,0.00274574361,0.0072542564,4.27936506,6,2.5,8.72311974,1,1,0,14,0,0.623684406,0.102105007,54.530632,1.14691949,2.60910296,4.71519995,489.137512,76.5231018,1.75010002,0.0250000004,50,1,0.119999997,0.550000012,0.0133333337
SL1_rand_20_r0,0,956,11.693717,11,4.41270542,4.71519995,0.0131376833,0.00313768326,0.00253855088,0.00212905905,0.00787094142,4.51130247,6,2.5,8.72311974,1,1,0,15,0,0.623684406,0.102105007,54.530632,1.14691949,2.60910296,4.71519995,489.137512,76.5231018,1.75010002,0.0250000004,50,1,0.119999997,0.550000012,0.0133333337
SL1_rand_20_r0,0,957,11.833725,11,4.48362303,4.71519995,0.0130553506,0.00305535109,0.00294013508,0.00172905764,0.00827094261,4.54164696,6,2.5,8.72311974,1,1,0,16,0,0.623684406,0.102105007,54.530632,1.14691949,2.60910296,4.71519995,489.137512,76.5231018,1.75010002,0.0250000004,50,1,0.119999997,0.550000012,0.0133333337
SL1_rand_20_r0,0,958,11.9737329,11,4.33200788,4.71519995,0.0129351867,0.00293518673,0.00336466101,0.0021700142,0.00782998558,4.20795918,6,2.5,8.72311974,1,1,0,17,0,0.623684406,0.102105007,54.530632,1.14691949,2.60910296,4.71519995,489.137512,76.5231018,1.75010002,0.0250000004,50,1,0.119999997,0.550000012,0.0133333337
SL1_rand_20_r0,0,959,12.1137409,12,4.57286119,4.71519995,0.0128756212,0.00287562096,0.00211119023,0.00137624354,0.00862375647,4.76992321,6,2.5,8.72311974,1,1,0,18,0,1.91086066,-1.79551232,55.0112877,1.18009484,12.5004435,4.71519995,489.137512,76.5231018,1.75010002,0.0250000004,50,1,0.119999997,0.550000012,0.0133333337
SL1_rand_20_r0,0,960,12.2537489,12,4.58092642,4.71519995,0.0128283948,0.00282839499,0.00226089451,0.00118032179,0.00881967787,4.58752537,6,2.5,8.72311974,1,1,0,19,0,1.91086066,-1.79551232,55.0112877,1.18009484,12.5004435,4.71519995,489.137512,76.5231018,1.75010002,0.0250000004,50,1,0.119999997,0.550000012,0.0133333337
SL1_rand_20_r0,0,961,12.3937569,12,4.396595,4.71519995,0.0127320224,0.00273202267,0.00210255128,0.0017631629,0.00823683664,4.24577808,6,2.5,8.72311974,1,1,0,20,0,1.91086066,-1.79551232,55.0112877,1.18009484,12.5004435,4.71519995,489.137512,76.5231018,1.75010002,0.0250000004,50,1,0.119999997,0.550000012,0.0133333337
SL1_rand_20_r0,0,962,12.5337658,12,4.29756021,4.71519995,0.0125999497,0.00259994948,0.00228671194,0.00228427886,0.00771572115,4.21653128,6,2.5,8.72311974,1,1,0,21,0,1.91086066,-1.79551232,55.0112877,1.18009484,12.5004435,4.71519995,489.137512,76.5231018,1.75010002,0.0250000004,50,1,0.119999997,0.550000012,0.0133333337
SL1_rand_20_r0,0,963,12.6737738,12,4.53460169,4.71519995,0.0125277713,0.00252777105,0.00160590257,0.0015726242,0.00842737593,4.72854471,6,2.5,8.72311974,1,1,0,22,0,1.91086066,-1.79551232,55.0112877,1.18009484,12.5004435,4.71519995,489.137512,76.5231018,1.75010002,0.0250000004,50,1,0.119999997,0.550000012,0.0133333337
SL1_rand_20_r0,0,964,12.8137817,12,4.93091965,4.71519995,0.0125756636,0.00257566338,0.00332287396,-6.62516468e-05,0.0100662513,5.25518036,6,2.5,8.72311974,1,1,0,23,0,1.91086066,-1.79551232,55.0112877,1.18009484,12.5004435,4.71519995,489.137512,76.5231018,1.75010002,0.0250000004,50,1,0.119999997,0.550000012,0.0133333337
SL1_rand_20_r0,0,965,12.9537897,12,4.34241056,4.71519995,0.0124800932,0.00248009292,0.00214114692,0.00165715988,0.00834283978,3.86090326,6,2.5,8.72311974,1,1,0,24,0,1.91086066,-1.79551232,55.0112877,1.18009484,12.5004435,4.71519995,489.137512,76.5231018,1.75010002,0.0250000004,50,1,0.119999997,0.550000012,0.0133333337
SL1_rand_20_r0,0,966,13.0937977,13,4.86244869,4.71519995,0.0125050666,0.00250506704,0.00210781931,8.63589958e-05,0.00991364103,5.28793478,6,2.5,8.72311974,1,1,0,25,0,0.578798056,-11.168992,67.3716202,1.14218009,9.00468063,4.71519995,489.137512,76.5231018,1.75010002,0.0250000004,50,1,0.119999997,0.550000012,0.0133333337
SL1_rand_20_r0,0,967,13.2338057,13,4.71589375,4.71519995,0.0125094224,0.00250942213,0.00120186515,0.000369475427,0.00963052455,4.59598541,6,2.5,8.72311974,1,1,0,26,0,0.578798056,-11.168992,67.3716202,1.14218009,9.00468063,4.71519995,489.137512,76.5231018,1.75010002,0.0250000004,50,1,0.119999997,0.550000012,0.0133333337
SL1_rand_20_r0,0,968,13.3738136,13,4.68707991,4.71519995,0.0125023369,0.00250233687,0.000471632229,0.000424980564,0.00957501959,4.66350508,6,2.5,8.72311974,1,1,0,27,0,0.578798056,-11.168992,67.3716202,1.14218009,9.00468063,4.71519995,489.137512,76.5231018,1.75010002,0.0250000004,50,1,0.119999997,0.550000012,0.0133333337
SL1_rand_20_r0,0,969,13.5138216,13,4.64914131,4.71519995,0.0124828061,0.00248280633,0.00102700712,0.000625192653,0.00937480759,4.61810064,6,2.5,8.72311974,1,1,0,28,0,0.578798056,-11.168992,67.3716202,1.14218009,9.00468063,4.71519995,489.137512,76.5231018,1.75010002,0.0250000004,50,1,0.119999997,0.550000012,0.0133333337
SL1_rand_20_r0,0,970,13.6538296,13,4.95478249,4.71519995,0.0125461016,0.00254610204,0.00112128269,-0.000457550865,0.0104575511,5.2048521,6,2.5,8.72311974,1,1,0,29,0,0.578798056,-11.168992,67.3716202,1.14218009,9.00468063,4.71519995,489.137512,76.5231018,1.75010002,0.0250000004,50,1,0.119999997,0.550000012,0.0133333337
SL1_rand_20_r0,0,971,13.7938375,13,4.5403161,4.71519995,0.012508072,0.00250807242,0.00147474301,0.000816851796,0.00918314792,4.20120764,6,2.5,8.72311974,1,1,0,30,0,0.578798056,-11.168992,67.3716202,1.14218009,9.00468063,4.71519995,489.137512,76.5231018,1.75010002,0.0250000004,50,1,0.119999997,0.550000012,0.0133333337
SL1_rand_20_r0,0,972,13.9338455,13,4.81836653,4.71519995,0.0125303911,0.00253039156,0.00167149201,4.11362889e-05,0.00995886326,5.0458622,6,2.5,8.72311974,1,1,0,31,0,0.578798056,-11.168992,67.3716202,1.14218009,9.00468063,4.71519995,489.137512,76.5231018,1.75010002,0.0250000004,50,1,0.119999997,0.550000012,0.0133333337
SL1_rand_20_r0,0,973,14.0738535,14,4.74055243,4.71519995,0.0125411535,0.00254115369,0.00235237554,0.000229001365,0.00977099873,4.67688608,6,2.5,8.72311974,1,1,0,32,0,0.868898869,-1.44634414,76.3411255,1.11374402,1.75343752,4.71519995,489.137512,76.5231018,1.75010002,0.0250000004,50,1,0.119999997,0.550000012,0.0133333337
SL1_rand_20_r0,0,974,14.2138615,14,4.94423485,4.71519995,0.0126065677,0.00260656816,0.000673547038,-0.000549789227,0.0105497893,5.11088419,6,2.5,8.72311974,1,1,0,33,0,0.868898869,-1.44634414,76.3411255,1.11374402,1.75343752,4.71519995,489.137512,76.5231018,1.75010002,0.0250000004,50,1,0.119999997,0.550000012,0.0133333337
SL1_rand_20_r0,0,975,14.3538694,14,4.5885787,4.71519995,0.0125822984,0.00258229789,0.000830998179,0.000599922263,0.0094000781,4.29758739,6,2.5,8.72311974,1,1,0,34,0,0.868898869,-1.44634414,76.3411255,1.11374402,1.75343752,4.71519995,489.137512,76.5231018,1.75010002,0.0250000004,50,1,0.119999997,0.550000012,0.0133333337
SL1_rand_20_r0,0,976,14.4938774,14,4.76868296,4.71519995,0.0125931092,0.00259310938,0.000654845382,0.000177390059,0.00982260983,4.91604042,6,2.5,8.72311974,1,1,0,35,0,0.868898869,-1.44634414,76.3411255,1.11374402,1.75343752,4.71519995,489.137512,76.5231018,1.75010002,0.0250000004,50,1,0.119999997,0.550000012,0.0133333337
SL1_rand_20_r0,0,977,14.6338854,14,5.03530741,4.71519995,0.0126838302,0.00268382998,0.000987289357,-0.000841723697,0.0108417235,5.25345469,6,2.5,8.72311974,1,1,0,36,0,0.868898869,-1.44634414,76.3411255,1.11374402,1.75343752,4.71519995,489.137512,76.5231018,1.75010002,0.0250000004,50,1,0.119999997,0.550000012,0.0133333337
SL1_rand_20_r0,0,978,14.7738934,14,4.46139526,4.71519995,0.0126284491,0.00262844865,0.00135055522,0.000987474108,0.0090125259,3.99183106,6,2.5,8.72311974,1,1,0,37,0,0.868898869,-1.44634414,76.3411255,1.11374402,1.75343752,4.71519995,489.137512,76.5231018,1.75010002,0.0250000004,50,1,0.119999997,0.550000012,0.0133333337
SL1_rand_20_r0,0,979,14.9139013,14,4.74346924,4.71519995,0.0126270708,0.00262707123,0.00101389759,0.000350400835,0.00964959897,4.97425699,6,2.5,8.72311974,1,1,0,38,0,0.868898869,-1.44634414,76.3411255,1.11374402,1.75343752,4.71519995,489.137512,76.5231018,1.75010002,0.0250000004,50,1,0.119999997,0.550000012,0.0133333337
SL1_rand_20_r0,0,980,15.0539093,15,4.82084179,4.71519995,0.0126561867,0.00265618647,0.00104659237,2.77094514e-05,0.00997229014,4.88414621,6,2.5,8.72311974,1,1,0,39,0,-0.365553588,-2.3812623,75.0378952,1.09952605,1.61513209,4.71519995,489.137512,76.5231018,1.75010002,0.0250000004,50,1,0.119999997,0.550000012,0.0133333337
SL1_rand_20_r0,0,981,15.1939173,15,4.83895111,4.71519995,0.012695414,0.00269541424,0.00112808566,-0.000196411682,0.010196412,4.85376787,6,2.5,8.72311974,1,1,0,40,0,-0.365553588,-2.3812623,75.0378952,1.09952605,1.61513209,4.71519995,489.137512,76.5231018,1.75010002,0.0250000004,50,1,0.119999997,0.550000012,0.0133333337
SL1_rand_20_r0,0,982,15.3339252,15,4.8329978,4.71519995,0.0127346739,0.00273467391,0.00121878763,-0.000238915105,0.0102389148,4.82812738,6,2.5,8.72311974,1,1,0,41,0,-0.365553588,-2.3812623,75.0378952,1.09952605,1.61513209,4.71519995,489.137512,76.5231018,1.75010002,0.0250000004,50,1,0.119999997,0.550000012,0.0133333337
SL1_rand_20_r0,0,983,15.4739332,15,4.99621391,4.71519995,0.0128192762,0.00281927665,0.00180737325,-0.0008558642,0.0108558638,5.12975407,6,2.5,8.72311974,1,1,0,42,0,-0.365553588,-2.3812623,75.0378952,1.09952605,1.61513209,4.71519995,489.137512,76.5231018,1.75010002,0.0250000004,50,1,0.119999997,0.550000012,0.0133333337
SL1_rand_20_r0,0,984,15.6139412,15,4.57314157,4.71519995,0.0127939163,0.00279391627,0.000594915648,0.00056413532,0.0094358651,4.22699165,6,2.5,8.72311974,1,1,0,43,0,-0.365553588,-2.3812623,75.0378952,1.09952605,1.61513209,4.71519995,489.137512,76.5231018,1.75010002,0.0250000004,50,1,0.119999997,0.550000012,0.0133333337
SL1_rand_20_r0,0,985,15.7539492,15,4.94240189,4.71519995,0.012852801,0.00285280123,0.00063729391,-0.000483934738,0.0104839345,5.244524,6,2.5,8.72311974,1,1,0,44,0,-0.365553588,-2.3812623,75.0378952,1.09952605,1.61513209,4.71519995,489.137512,76.5231018,1.75010002,0.0250000004,50,1,0.119999997,0.550000012,0.0133333337
SL1_rand_20_r0,0,986,15.8939571,15,4.70775652,4.71519995,0.0128605478,0.00286054797,0.0012191009,0.000215148961,0.00978485122,4.51577377,6,2.5,8.72311974,1,1,0,45,0,-0.365553588,-2.3812623,75.0378952,1.09952605,1.61513209,4.71519995,489.137512,76.5231018,1.75010002,0.0250000004,50,1,0.119999997,0.550000012,0.0133333337
SL1_rand_20_r0,0,987,16.0339661,16,4.54019642,4.71519995,0.0128132273,0.00281322701,0.00102865556,0.000925518281,0.00907448214,4.40310192,6,2.5,8.72311974,1,1,0,46,0,-0.577866495,-1.43155265,75.3248901,1.10426545,0.891220093,4.71519995,489.137512,76.5231018,1.75010002,0.0250000004,50,1,0.119999997,0.550000012,0.0133333337
SL1_rand_20_r0,0,988,16.1739731,16,4.56993723,4.71519995,0.0127649894,0.00276498939,0.00163749675,0.00105159171,0.00894840807,4.59427118,6,2.5,8.72311974,1,1,0,47,0,-0.577866495,-1.43155265,75.3248901,1.10426545,0.891220093,4.71519995,489.137512,76.5231018,1.75010002,0.0250000004,50,1,0.119999997,0.550000012,0.0133333337
SL1_rand_20_r0,0,989,16.313982,16,4.63567114,4.71519995,0.0127348583,0.00273485854,0.00144964701,0.000865602284,0.00913439784,4.6894536,6,2.5,8.72311974,1,1,0,48,0,-0.577866495,-1.43155265,75.3248901,1.10426545,0.891220093,4.71519995,489.137512,76.5231018,1.75010002,0.0250000004,50,1,0.119999997,0.550000012,0.0133333337
SL1_rand_20_r0,0,990,16.453989,16,4.65260887,4.71519995,0.0127124507,0.00271245022,0.00223095296,0.000742634933,0.00925736502,4.66646671,6,2.5,8.72311974,1,1,0,49,0,-0.577866495,-1.43155265,75.3248901,1.10426545,0.891220093,4.71519995,489.137512,76.5231018,1.75010002,0.0250000004,50,1,0.119999997,0.550000012,0.0133333337
SL1_rand_20_r0,0,991,16.593998,16,4.45316982,4.71519995,0.0126359295,0.0026359295,0.00177220046,0.00143981399,0.00856018625,4.28999281,6,2.5,8.72311974,1,1,0,50,0,-0.577866495,-1.43155265,75.3248901,1.10426545,0.891220093,4.71519995,489.137512,76.5231018,1.75010002,0.0250000004,50,1,0.119999997,0.550000012,0.0133333337
SL1_rand_20_r0,0,992,16.734005,16,4.48794699,4.71519995,0.01256005,0.00256005023,0.0015631126,0.00148488034,0.00851511955,4.51640081,6,2.5,8.72311974,1,1,0,51,0,-0.577866495,-1.43155265,75.3248901,1.10426545,0.891220093,4.71519995,489.137512,76.5231018,1.75010002,0.0250000004,50,1,0.119999997,0.550000012,0.0133333337
SL1_rand_20_r0,0,993,16.8740139,16,4.48602819,4.71519995,0.0124837449,0.00248374487,0.0018436797,0.00154416228,0.00845583808,4.48445845,6,2.5,8.72311974,1,1,0,52,0,-0.577866495,-1.43155265,75.3248901,1.10426545,0.891220093,4.71519995,489.137512,76.5231018,1.75010002,0.0250000004,50,1,0.119999997,0.550000012,0.0133333337
SL1_rand_20_r0,0,994,17.0140209,17,4.50008059,4.71519995,0.0124112722,0.00241127191,0.00186328357,0.00149271754,0.00850728247,4.51157808,6,2.5,8.72311974,1,1,0,53,0,0.339835018,-0.340930998,76.1488571,1.09952605,1.92757106,4.71519995,489.137512,76.5231018,1.75010002,0.0250000004,50,1,0.119999997,0.550000012,0.0133333337
SL1_rand_20_r0,0,995,17.1540298,17,4.46619606,4.71519995,0.0123300254,0.00233002543,0.00167175324,0.00160620175,0.00839379802,4.43847275,6,2.5,8.72311974,1,1,0,54,0,0.339835018,-0.340930998,76.1488571,1.09952605,1.92757106,4.71519995,489.137512,76.5231018,1.75010002,0.0250000004,50,1,0.119999997,0.550000012,0.0133333337
SL1_rand_20_r0,0,996,17.2940369,17,4.57421589,4.71519995,0.0122773219,0.00227732211,0.00139258651,0.00123035652,0.00876964349,4.66259575,6,2.5,8.72311974,1,1,0,55,0,0.339835018,-0.340930998,76.1488571,1.09952605,1.92757106,4.71519995,489.137512,76.5231018,1.75010002,0.0250000004,50,1,0.119999997,0.550000012,0.0133333337
SL1_rand_20_r0,0,997,17.4340458,17,4.60480118,4.71519995,0.012237872,0.00223787175,0.0014730586,0.00102942553,0.00897057448,4.62982559,6,2.5,8.72311974,1,1,0,56,0,0.339835018,-0.340930998,76.1488571,1.09952605,1.92757106,4.71519995,489.137512,76.5231018,1.75010002,0.0250000004,50,1,0.119999997,0.550000012,0.0133333337
SL1_rand_20_r0,0,998,17.5740528,17,4.57393312,4.71519995,0.0121920556,0.00219205604,0.00181556679,0.00107092375,0.0089290766,4.54867697,6,2.5,8.72311974,1,1,0,57,0,0.339835018,-0.340930998,76.1488571,1.09952605,1.92757106,4.71519995,489.137512,76.5231018,1.75010002,0.0250000004,50,1,0.119999997,0.550000012,0.0133333337
SL1_rand_20_r0,0,999,17.7140617,17,4.58117294,4.71519995,0.01214719,0.00214719027,0.00172786904,0.00105213083,0.00894786883,4.58709669,6,2.5,8.72311974,1,1,0,58,0,0.339835018,-0.340930998,76.1488571,1.09952605,1.92757106,4.71519995,489.137512,76.5231018,1.75010002,0.0250000004,50,1,0.119999997,0.550000012,0.0133333337
SL1_rand_20_r0,0,1000,17.8540688,17,4.71676588,4.71519995,0.0121401474,0.00214014761,0.00169331359,0.000551308331,0.00944869127,4.82770491,6,2.5,8.72311974,1,1,0,59,0,0.339835018,-0.340930998,76.1488571,1.09952605,1.92757106,4.71519995,489.137512,76.5231018,1.75010002,0.0250000004,50,1,0.119999997,0.550000012,0.0133333337
SL1_rand_20_r0,0,1001,17.9940777,17,4.92624712,4.71519995,0.0121975979,0.00219759811,0.000725267455,-0.000355586264,0.0103555862,5.09764147,6,2.5,8.72311974,1,1,0,60,0,0.339835018,-0.340930998,76.1488571,1.09952605,1.92757106,4.71519995,489.137512,76.5231018,1.75010002,0.0250000004,50,1,0.119999997,0.550000012,0.0133333337
SL1_rand_20_r0,0,1002,18.1340847,18,4.82017612,4.71519995,0.0122363335,0.00223633321,0.000429437583,-0.00021628417,0.0102162845,4.73339033,6,2.5,8.72311974,1,1,0,61,0,0.165010825,-1.09134364,76.9129105,1.09478676,0.757616937,4.71519995,489.137512,76.5231018,1.75010002,0.0250000004,50,1,0.119999997,0.550000012,0.0133333337
SL1_rand_20_r0,0,1003,18.2740936,18,4.77951288,4.71519995,0.012260654,0.00226065377,0.00113913685,-6.68854263e-05,0.0100668855,4.74624348,6,2.5,8.72311974,1,1,0,62,0,0.165010825,-1.09134364,76.9129105,1.09478676,0.757616937,4.71519995,489.137512,76.5231018,1.75010002,0.0250000004,50,1,0.119999997,0.550000012,0.0133333337
SL1_rand_20_r0,0,1004,18.4141006,18,4.66989946,4.71519995,0.012252124,0.00225212378,0.000746247941,0.000407848187,0.0095921522,4.58021593,6,2.5,8.72311974,1,1,0,63,0,0.165010825,-1.09134364,76.9129105,1.09478676,0.757616937,4.71519995,489.137512,76.5231018,1.75010002,0.0250000004,50,1,0.119999997,0.550000012,0.0133333337
SL1_rand_20_r0,0,1005,18.5541096,18,4.67839861,4.71519995,0.0122404797,0.00224047946,0.00131188519,0.000501263479,0.00949873682,4.6853528,6,2.5,8.72311974,1,1,0,64,0,0.165010825,-1.09134364,76.9129105,1.09478676,0.757616937,4.71519995,489.137512,76.5231018,1.75010002,0.0250000004,50,1,0.119999997,0.550000012,0.0133333337
SL1_rand_20_r0,0,1006,18.6941166,18,4.45708466,4.71519995,0.01216684,0.00216684001,0.00176149851,0.00136736385,0.0086326357,4.27600908,6,2.5,8.72311974,1,1,0,65,0,0.165010825,-1.09134364,76.9129105,1.09478676,0.757616937,4.71519995,489.137512,76.5231018,1.75010002,0.0250000004,50,1,0.119999997,0.550000012,0.0133333337
SL1_rand_20_r0,0,1007,18.8341255,18,4.7445631,4.71519995,0.0121627236,0.00216272334,0.000656736316,0.000510509242,0.00948949065,4.97977304,6,2.5,8.72311974,1,1,0,66,0,0.165010825,-1.09134364,76.9129105,1.09478676,0.757616937,4.71519995,489.137512,76.5231018,1.75010002,0.0250000004,50,1,0.119999997,0.550000012,0.0133333337
SL1_rand_20_r0,0,1008,18.9741325,18,4.62705231,4.71519995,0.0121375518,0.00213755155,0.00119861867,0.000775589142,0.0092244111,4.53090715,6,2.5,8.72311974,1,1,0,67,0,0.165010825,-1.09134364,76.9129105,1.09478676,0.757616937,4.71519995,489.137512,76.5231018,1.75010002,0.0250000004,50,1,0.119999997,0.550000012,0.0133333337
SL1_rand_20_r0,0,1009,19.1141415,19,4.44560289,4.71519995,0.0120584685,0.00205846829,0.00196266733,0.00145113177,0.00854886789,4.29714441,6,2.5,8.72311974,1,1,0,68,0,2.52925992,2.078578,76.3787842,1.05687201,153.752975,4.71519995,489.137512,76.5231018,1.75010002,0.0250000004,50,1,0.119999997,0.550000012,0.0133333337
SL1_rand_20_r0,0,1010,19.2541485,19,4.69785929,4.71519995,0.0120404707,0.00204047095,0.000883003755,0.000716008246,0.00928399153,4.90425062,6,2.5,8.72311974,1,1,0,69,0,2.52925992,2.078578,76.3787842,1.05687201,153.752975,4.71519995,489.137512,76.5231018,1.75010002,0.0250000004,50,1,0.119999997,0.550000012,0.0133333337
SL1_rand_20_r0,0,1011,19.3941574,19,4.70647621,4.71519995,0.0120350486,0.00203504809,0.000897310732,0.00053253182,0.0094674686,4.7135272,6,2.5,8.72311974,1,1,0,70,0,2.52925992,2.078578,76.3787842,1.05687201,153.752975,4.71519995,489.137512,76.5231018,1.75010002,0.0250000004,50,1,0.119999997,0.550000012,0.0133333337
SL1_rand_20_r0,0,1012,19.5341644,19,4.86770535,4.71519995,0.0120765073,0.00207650685,0.000989980763,-0.000170395404,0.0101703955,4.99961996,6,2.5,8.72311974,1,1,0,71,0,2.52925992,2.078578,76.3787842,1.05687201,153.752975,4.71519995,489.137512,76.5231018,1.75010002,0.0250000004,50,1,0.119999997,0.550000012,0.0133333337
SL1_rand_20_r0,0,1013,19.6741734,19,4.95948172,4.71519995,0.012151273,0.00215127273,0.000722916215,-0.000681915029,0.0106819151,5.03457212,6,2.5,8.72311974,1,1,0,72,0,2.52925992,2.078578,76.3787842,1.05687201,153.752975,4.71519995,489.137512,76.5231018,1.75010002,0.0250000004,50,1,0.119999997,0.550000012,0.0133333337
SL1_rand_20_r0,0,1014,19.8141823,19,4.76063156,4.71519995,0.0121763535,0.00217635371,0.00142281328,-0.000101893776,0.0101018939,4.59793615,6,2.5,8.72311974,1,1,0,73,0,2.52925992,2.078578,76.3787842,1.05687201,153.752975,4.71519995,489.137512,76.5231018,1.75010002,0.0250000004,50,1,0.119999997,0.550000012,0.0133333337
SL1_rand_20_r0,0,1015,19.9541893,19,4.75945663,4.71519995,0.0121928276,0.00219282741,0.00173828728,3.62340688e-05,0.00996376574,4.75849533,6,2.5,8.72311974,1,1,0,74,0,2.52925992,2.078578,76.3787842,1.05687201,153.752975,4.71519995,489.137512,76.5231018,1.75010002,0.0250000004,50,1,0.119999997,0.550000012,0.0133333337
SL1_rand_20_r0,0,1016,20.0941982,20,4.52798319,4.71519995,0.0121435681,0.00214356836,0.00189154875,0.000975477276,0.00902452227,4.33859539,6,2.5,8.72311974,1,1,0,75,0,15.7451582,1.31540132,86.1841354,0.649289072,8.39810181,4.71519995,489.137512,76.5231018,1.75010002,0.0250000004,50,1,0.119999997,0.550000012,0.0133333337
SL1_rand_20_r0,0,1017,20.2342052,20,4.91807747,4.71519995,0.0121917138,0.00219171331,0.000835793733,-0.000244723604,0.0102447234,5.23724604,6,2.5,8.72311974,1,1,0,76,0,15.7451582,1.31540132,86.1841354,0.649289072,8.39810181,4.71519995,489.137512,76.5231018,1.75010002,0.0250000004,50,1,0.119999997,0.550000012,0.0133333337
SL1_rand_20_r0,0,1018,20.3742142,20,4.86307335,4.71519995,0.0122408131,0.00224081357,0.00130208395,-0.000302056957,0.0103020566,4.81806993,6,2.5,8.72311974,1,1,0,77,0,15.7451582,1.31540132,86.1841354,0.649289072,8.39810181,4.71519995,489.137512,76.5231018,1.75010002,0.0250000004,50,1,0.119999997,0.550000012,0.0133333337
SL1_rand_20_r0,0,1019,20.5142212,20,4.72079182,4.71519995,0.0122505501,0.00225055008,0.00213566259,0.000125850391,0.00987414923,4.60437918,6,2.5,8.72311974,1,1,0,78,0,15.7451582,1.31540132,86.1841354,0.649289072,8.39810181,4.71519995,489.137512,76.5231018,1.75010002,0.0250000004,50,1,0.119999997,0.550000012,0.0133333337
SL1_rand_20_r0,0,1020,20.6542301,20,4.81065559,4.71519995,0.0122786881,0.00227868813,0.000685145496,-7.66858357e-05,0.0100766858,4.88418055,6,2.5,8.72311974,1,1,0,79,0,15.7451582,1.31540132,86.1841354,0.649289072,8.39810181,4.71519995,489.137512,76.5231018,1.75010002,0.0250000004,50,1,0.119999997,0.550000012,0.0133333337
SL1_rand_20_r0,0,1021,20.7942371,20,4.83975983,4.71519995,0.0123179778,0.00231797784,0.000618396385,-0.000207285324,0.0102072852,4.8635726,6,2.5,8.72311974,1,1,0,80,0,15.7451582,1.31540132,86.1841354,0.649289072,8.39810181,4.71519995,489.137512,76.5231018,1.75010002,0.0250000004,50,1,0.119999997,0.550000012,0.0133333337
SL1_rand_20_r0,0,1022,20.9342461,20,4.59017754,4.71519995,0.0122897979,0.00228979765,0.00094071863,0.000664449879,0.00933555048,4.38597345,6,2.5,8.72311974,1,1,0,81,0,15.7451582,1.31540132,86.1841354,0.649289072,8.39810181,4.71519995,489.137512,76.5231018,1.75010002,0.0250000004,50,1,0.119999997,0.550000012,0.0133333337
SL1_rand_20_r0,0,1023,21.0742531,21,5.11655188,4.71519995,0.012396588,0.00239658752,0.00156133436,-0.00107630366,0.0110763041,5.54722166,6,2.5,8.72311974,1,1,0,82,0,20.94981,-0.450473994,79.0988007,0.630331755,2.73843288,4.71519995,489.137512,76.5231018,1.75010002,0.0250000004,50,1,0.119999997,0.550000012,0.0133333337
SL1_rand_20_r0,0,1024,21.214262,21,5.02646828,4.71519995,0.0125008496,0.00250084931,0.00112858007,-0.00112790812,0.0111279078,4.95276356,6,2.5,8.72311974,1,1,0,83,0,20.94981,-0.450473994,79.0988007,0.630331755,2.73843288,4.71519995,489.137512,76.5231018,1.75010002,0.0250000004,50,1,0.119999997,0.550000012,0.0133333337
SL1_rand_20_r0,0,1025,21.354269,21,5.56191063,4.71519995,0.0127534233,0.00275342376,0.00365654775,-0.00337610813,0.0133761084,6,6,2.5,8.72311974,1,1,0,84,0,20.94981,-0.450473994,79.0988007,0.630331755,2.73843288,4.71519995,489.137512,76.5231018,1.75010002,0.0250000004,50,1,0.119999997,0.550000012,0.0133333337
SL1_rand_20_r0,0,1026,21.494278,21,5.80285978,4.71519995,0.0130867567,0.00308675715,0.00620847801,-0.00470786076,0.0147078605,6,6,2.5,8.72311974,1,1,0,85,0,20.94981,-0.450473994,79.0988007,0.630331755,2.73843288,4.71519995,489.137512,76.5231018,1.75010002,0.0250000004,50,1,0.119999997,0.550000012,0.0133333337
SL1_rand_20_r0,0,1027,21.634285,21,5.91128683,4.71519995,0.0134200901,0.0034200903,0.00744188996,-0.00672203349,0.0167220328,6,6,2.5,8.72311974,1,1,0,86,0,20.94981,-0.450473994,79.0988007,0.630331755,2.73843288,4.71519995,489.137512,76.5231018,1.75010002,0.0250000004,50,1,0.119999997,0.550000012,0.0133333337
SL1_rand_20_r0,0,1028,21.7742939,21,5.96007919,4.71519995,0.0137534235,0.00375342369,0.00766766351,-0.00614269217,0.0161426924,6,6,2.5,8.72311974,1,1,0,87,0,20.94981,-0.450473994,79.0988007,0.630331755,2.73843288,4.71519995,489.137512,76.5231018,1.75010002,0.0250000004,50,1,0.119999997,0.550000012,0.0133333337
SL1_rand_20_r0,0,1029,21.7876263,21,5.98203564,4.71519995,0.0140867569,0.00408675708,0.00884692371,-0.00814173557,0.0181417353,6,6,2.5,8.72311974,0,1,0,0,0,20.94981,-0.450473994,79.0988007,0.630331755,2.73843288,4.71519995,489.137512,76.5231018,1.75010002,0.0250000004,50,1,0.119999997,0.550000012,0.0133333337
SL1_rand_20_r0,0,1030,21.8009605,21,5.99191618,4.71519995,0.0144200902,0.00442009047,0.00876968354,-0.00765859708,0.0176585969,6,6,2.5,8.72311974,0,1,0,0,0,20.94981,-0.450473994,79.0988007,0.630331755,2.73843288,4.71519995,489.137512,76.5231018,1.75010002,0.0250000004,50,1,0.119999997,0.550000012,0.0133333337
SL1_rand_20_r0,0,1031,21.8142929,21,5.99636221,4.71519995,0.0147534236,0.00475342385,0.00862246752,-0.00745907659,0.0174590759,6,6,2.5,8.72311974,0,1,0,0,0,20.94981,-0.450473994,79.0988007,0.630331755,2.73843288,4.71519995,489.137512,76.5231018,1.75010002,0.0250000004,50,1,0.119999997,0.550000012,0.0133333337
SL1_rand_20_r0,0,1032,21.8276272,21,5.99836302,4.71519995,0.015086757,0.00508675724,0.00905704591,-0.00581200747,0.0158120077,6,6,2.5,8.72311974,0,1,0,0,0,20.94981,-0.450473994,79.0988007,0.630331755,2.73843288,4.71519995,489.137512,76.5231018,1.75010002,0.0250000004,50,1,0.119999997,0.550000012,0.0133333337
SL1_rand_20_r0,0,1033,21.8409595,21,5.99926329,4.71519995,0.0154200904,0.00542009016,0.00772252772,-0.00742988801,0.0174298882,6,6,2.5,8.72311974,1,1,0,1,0,20.94981,-0.450473994,79.0988007,0.630331755,2.73843288,4.71519995,489.137512,76.5231018,1.75010002,0.0250000004,50,1,0.119999997,0.550000012,0.0133333337
SL1_rand_20_r0,0,1034,21.9809685,21,5.9996686,4.71519995,0.0157534238,0.00575342355,0.0077492008,-0.00698135095,0.0169813503,6,6,2.5,8.72311974,1,1,0,2,0,20.94981,-0.450473994,79.0988007,0.630331755,2.73843288,4.71519995,489.137512,76.5231018,1.75010002,0.0250000004,50,1,0.119999997,0.550000012,0.0133333337
SL1_rand_20_r0,0,1035,22.1209755,22,5.99985075,4.71519995,0.0160867572,0.00608675694,0.00789741427,-0.00678969268,0.0167896934,6,6,2.5,8.72311974,1,1,0,3,0,27.572485,-0.940764606,79.649765,0.606635094,3.44676065,4.71519995,489.137512,76.5231018,1.75010002,0.0250000004,50,1,0.119999997,0.550000012,0.0133333337
SL1_rand_20_r0,0,1036,22.1343098,22,5.99993277,4.71519995,0.0164200906,0.00642009033,0.00866759103,-0.00769706722,0.0176970679,6,6,2.5,8.72311974,0,1,0,0,0,27.572485,-0.940764606,79.649765,0.606635094,3.44676065,4.71519995,489.137512,76.5231018,1.75010002,0.0250000004,50,1,0.119999997,0.550000012,0.0133333337
SL1_rand_20_r0,0,1037,22.1476421,22,5.99996996,4.71519995,0.016753424,0.00675342372,0.00809291285,-0.00702066813,0.0170206688,6,6,2.5,8.72311974,0,1,0,0,0,27.572485,-0.940764606,79.649765,0.606635094,3.44676065,4.71519995,489.137512,76.5231018,1.75010002,0.0250000004,50,1,0.119999997,0.550000012,0.0133333337
SL1_rand_20_r0,0,1038,22.1609764,22,5.99998617,4.71519995,0.0170867573,0.0070867571,0.00775266718,-0.00693993736,0.0169399381,6,6,2.5,8.72311974,1,1,0,1,0,27.572485,-0.940764606,79.649765,0.606635094,3.44676065,4.71519995,489.137512,76.5231018,1.75010002,0.0250000004,50,1,0.119999997,0.550000012,0.0133333337
SL1_rand_20_r0,0,1039,22.1743088,22,5.9999938,4.71519995,0.0174200907,0.00742009049,0.00811108109,-0.00558132865,0.0155813284,6,6,2.5,8.72311974,0,1,0,0,0,27.572485,-0.940764606,79.649765,0.606635094,3.44676065,4.71519995,489.137512,76.5231018,1.75010002,0.0250000004,50,1,0.119999997,0.550000012,0.0133333337
SL1_rand_20_r0,0,1040,22.1876431,22,5.99999714,4.71519995,0.0177534241,0.00775342388,0.00714000314,-0.00697828783,0.0169782881,6,6,2.5,8.72311974,1,1,0,1,0,27.572485,-0.940764606,79.649765,0.606635094,3.44676065,4.71519995,489.137512,76.5231018,1.75010002,0.0250000004,50,1,0.119999997,0.550000012,0.0133333337
SL1_rand_20_r0,0,1041,22.3276501,22,5.99999857,4.71519995,0.0180867575,0.0080867568,0.00666867476,-0.0063605262,0.0163605269,6,6,2.5,8.72311974,1,1,0,2,0,27.572485,-0.940764606,79.649765,0.606635094,3.44676065,4.71519995,489.137512,76.5231018,1.75010002,0.0250000004,50,1,0.119999997,0.550000012,0.0133333337
SL1_rand_20_r0,0,1042,22.467659,22,5.99999952,4.71519995,0.0184200909,0.00842009019,0.00689360406,-0.00615719566,0.016157195,6,6,2.5,8.72311974,1,1,0,3,0,27.572485,-0.940764606,79.649765,0.606635094,3.44676065,4.71519995,489.137512,76.5231018,1.75010002,0.0250000004,50,1,0.119999997,0.550000012,0.0133333337
SL1_rand_20_r0,0,1043,22.607666,22,5.99999952,4.71519995,0.0187534243,0.00875342358,0.00722559402,-0.00647678925,0.0164767895,6,6,2.5,8.72311974,1,1,0,4,0,27.572485,-0.940764606,79.649765,0.606635094,3.44676065,4.71519995,489.137512,76.5231018,1.75010002,0.0250000004,50,1,0.119999997,0.550000012,0.0133333337
SL1_rand_20_r0,0,1044,22.7476749,22,6,4.71519995,0.0190867577,0.00908675697,0.00719858799,-0.00627243612,0.0162724368,6,6,2.5,8.72311974,1,1,0,5,0,27.572485,-0.940764606,79.649765,0.606635094,3.44676065,4.71519995,489.137512,76.5231018,1.75010002,0.0250000004,50,1,0.119999997,0.550000012,0.0133333337
SL1_rand_20_r0,0,1045,22.7610073,22,6,4.71519995,0.0194200911,0.00942009035,0.00800231844,-0.00672694622,0.0167269465,6,6,2.5,8.72311974,0,1,0,0,0,27.572485,-0.940764606,79.649765,0.606635094,3.44676065,4.71519995,489.137512,76.5231018,1.75010002,0.0250000004,50,1,0.119999997,0.550000012,0.0133333337
SL1_rand_20_r0,0,1046,22.7743416,22,6,4.71519995,0.0197534245,0.00975342374,0.0078376215,-0.00692583248,0.0169258323,6,6,2.5,8.72311974,1,1,0,1,0,27.572485,-0.940764606,79.649765,0.606635094,3.44676065,4.71519995,489.137512,76.5231018,1.75010002,0.0250000004,50,1,0.119999997,0.550000012,0.0133333337
SL1_rand_20_r0,0,1047,22.9143486,22,6,4.71519995,0.0200867578,0.0100867571,0.00672518648,-0.00614110054,0.0161410999,6,6,2.5,8.72311974,1,1,0,2,0,27.572485,-0.940764606,79.649765,0.606635094,3.44676065,4.71519995,489.137512,76.5231018,1.75010002,0.0250000004,50,1,0.119999997,0.550000012,0.0133333337
SL1_rand_20_r0,0,1048,23.0543575,23,6,4.71519995,0.0204200912,0.0104200905,0.00659977971,-0.00623926101,0.0162392613,6,6,2.5,8.72311974,1,1,0,3,0,25.6967125,-2.36130953,76.3490524,0.644549787,3.98212314,4.71519995,489.137512,76.5231018,1.75010002,0.0250000004,50,1,0.119999997,0.550000012,0.0133333337
SL1_rand_20_r0,0,1049,23.1943645,23,6,4.71519995,0.0207534246,0.0107534239,0.00741541991,-0.00675521698,0.0167552177,6,6,2.5,8.72311974,1,1,0,4,0,25.6967125,-2.36130953,76.3490524,0.644549787,3.98212314,4.71519995,489.137512,76.5231018,1.75010002,0.0250000004,50,1,0.119999997,0.550000012,0.0133333337
SL1_rand_20_r0,0,1050,23.3343735,23,6,4.71519995,0.0210867561,0.0110867573,0.0070161121,-0.00696239294,0.0169623923,6,6,2.5,8.72311974,1,1,0,5,0,25.6967125,-2.36130953,76.3490524,0.644549787,3.98212314,4.71519995,489.137512,76.5231018,1.75010002,0.0250000004,50,1,0.119999997,0.550000012,0.0133333337
SL1_rand_20_r0,0,1051,23.4743805,23,6,4.71519995,0.0214200895,0.0114200907,0.00771512557,-0.0068525509,0.0168525502,6,6,2.5,8.72311974,1,1,0,6,0,25.6967125,-2.36130953,76.3490524,0.644549787,3.98212314,4.71519995,489.137512,76.5231018,1.75010002,0.0250000004,50,1,0.119999997,0.550000012,0.0133333337
SL1_rand_20_r0,0,1052,23.6143894,23,6,4.71519995,0.0217534229,0.0117534241,0.00784528721,-0.00709884288,0.0170988422,6,6,2.5,8.72311974,1,1,0,7,0,25.6967125,-2.36130953,76.3490524,0.644549787,3.98212314,4.71519995,489.137512,76.5231018,1.75010002,0.0250000004,50,1,0.119999997,0.550000012,0.0133333337
SL1_rand_20_r0,0,1053,23.7543964,23,6,4.71519995,0.0220867563,0.0120867575,0.00769237382,-0.00637562573,0.0163756255,6,6,2.5,8.72311974,1,1,0,8,0,25.6967125,-2.36130953,76.3490524,0.644549787,3.98212314,4.71519995,489.137512,76.5231018,1.75010002,0.0250000004,50,1,0.119999997,0.550000012,0.0133333337
SL1_rand_20_r0,0,1054,23.7677307,23,6,4.71519995,0.0224200897,0.0124200899,0.0095783947,-0.00779662235,0.0177966226,6,6,2.5,8.72311974,0,1,0,0,0,25.6967125,-2.36130953,76.3490524,0.644549787,3.98212314,4.71519995,489.137512,76.5231018,1.75010002,0.0250000004,50,1,0.119999997,0.550000012,0.0133333337
SL1_rand_20_r0,0,1055,23.7810631,23,6,4.71519995,0.0227534231,0.0127534233,0.00686169928,-0.00565146469,0.0156514645,6,6,2.5,8.72311974,1,1,0,1,0,25.6967125,-2.36130953,76.3490524,0.644549787,3.98212314,4.71519995,489.137512,76.5231018,1.75010002,0.0250000004,50,1,0.119999997,0.550000012,0.0133333337
SL1_rand_20_r0,0,1056,23.921072,23,5.82779169,4.71519995,0.0230867565,0.0130867567,0.00720289536,-0.0047552702,0.0147552704,5.68689394,6,2.5,8.72311974,1,1,0,2,0,25.6967125,-2.36130953,76.3490524,0.644549787,3.98212314,4.71519995,489.137512,76.5231018,1.75010002,0.0250000004,50,1,0.119999997,0.550000012,0.0133333337
SL1_rand_20_r0,0,1057,24.0610809,24,5.78667545,4.71519995,0.0234200899,0.0134200901,0.00554650417,-0.00489048986,0.0148904901,5.75303507,6,2.5,8.72311974,1,1,0,3,0,26.3881359,-1.69272363,78.3312988,0.60189575,21.4361,4.71519995,489.137512,76.5231018,1.75010002,0.0250000004,50,1,0.119999997,0.550000012,0.0133333337
SL1_rand_20_r0,0,1058,24.201088,24,5.44411039,4.71519995,0.0236781202,0.0136781214,0.00635680696,-0.00368591002,0.01368591,5.1638298,6,2.5,8.72311974,1,1,0,4,0,26.3881359,-1.69272363,78.3312988,0.60189575,21.4361,4.71519995,489.137512,76.5231018,1.75010002,0.0250000004,50,1,0.119999997,0.550000012,0.0133333337
SL1_rand_20_r0,0,1059,24.3410969,24,5.67426014,4.71519995,0.0239875317,0.0139875319,0.00487010414,-0.0044075707,0.0144075705,5.86256456,6,2.5,8.72311974,1,1,0,5,0,26.3881359,-1.69272363,78.3312988,0.60189575,21.4361,4.71519995,489.137512,76.5231018,1.75010002,0.0250000004,50,1,0.119999997,0.550000012,0.0133333337
SL1_rand_20_r0,0,1060,24.4811039,24,5.45693254,4.71519995,0.0242451373,0.0142451366,0.00538336067,-0.00369705539,0.0136970552,5.27911949,6,2.5,8.72311974,1,1,0,6,0,26.3881359,-1.69272363,78.3312988,0.60189575,21.4361,4.71519995,489.137512,76.5231018,1.75010002,0.0250000004,50,1,0.119999997,0.550000012,0.0133333337
SL1_rand_20_r0,0,1061,24.6211128,24,5.36806822,4.71519995,0.024469424,0.0144694233,0.0041347309,-0.00324397837,0.0132439788,5.29536104,6,2.5,8.72311974,1,1,0,7,0,26.3881359,-1.69272363,78.3312988,0.60189575,21.4361,4.71519995,489.137512,76.5231018,1.75010002,0.0250000004,50,1,0.119999997,0.550000012,0.0133333337
SL1_rand_20_r0,0,1062,24.7611198,24,5.71563053,4.71519995,0.0247847028,0.0147847021,0.00515697198,-0.00459992746,0.0145999277,6,6,2.5,8.72311974,1,1,0,8,0,26.3881359,-1.69272363,78.3312988,0.60189575,21.4361,4.71519995,489.137512,76.5231018,1.75010002,0.0250000004,50,1,0.119999997,0.550000012,0.0133333337
SL1_rand_20_r0,0,1063,24.9011288,24,5.41257095,4.71519995,0.0250309631,0.0150309624,0.00524149649,-0.00351803587,0.0135180354,5.16461277,6,2.5,8.72311974,1,1,0,9,0,26.3881359,-1.69272363,78.3312988,0.60189575,21.4361,4.71519995,489.137512,76.5231018,1.75010002,0.0250000004,50,1,0.119999997,0.550000012,0.0133333337
SL1_rand_20_r0,0,1064,25.0411358,25,5.39443159,4.71519995,0.0252606813,0.0152606815,0.00561278686,-0.00330968783,0.0133096883,5.37959003,6,2.5,8.72311974,1,1,0,10,0,19.2660503,-9.85551453,70.0523911,0.421800941,12.0008535,4.71519995,489.137512,76.5231018,1.75010002,0.0250000004,50,1,0.119999997,0.550000012,0.0133333337
SL1_rand_20_r0,0,1065,25.1811447,25,5.12853909,4.71519995,0.0254137851,0.0154137844,0.00447275024,-0.00219640485,0.0121964049,4.91099119,6,2.5,8.72311974,1,1,0,11,0,19.2660503,-9.85551453,70.0523911,0.421800941,12.0008535,4.71519995,489.137512,76.5231018,1.75010002,0.0250000004,50,1,0.119999997,0.550000012,0.0133333337
SL1_rand_20_r0,0,1066,25.3211517,25,5.55371523,4.71519995,0.0256722216,0.0156722218,0.00353309489,-0.00350242201,0.0135024218,5.90158653,6,2.5,8.72311974,1,1,0,12,0,19.2660503,-9.85551453,70.0523911,0.421800941,12.0008535,4.71519995,489.137512,76.5231018,1.75010002,0.0250000004,50,1,0.119999997,0.550000012,0.0133333337
SL1_rand_20_r0,0,1067,25.4611607,25,5.18362713,4.71519995,0.025845414,0.0158454143,0.00516226701,-0.00240431749,0.012404317,4.8808279,6,2.5,8.72311974,1,1,0,13,0,19.2660503,-9.85551453,70.0523911,0.421800941,12.0008535,4.71519995,489.137512,76.5231018,1.75010002,0.0250000004,50,1,0.119999997,0.550000012,0.0133333337
SL1_rand_20_r0,0,1068,25.6011677,25,5.42305803,4.71519995,0.0260709058,0.0160709061,0.0042886585,-0.00311317598,0.0131131755,5.61895609,6,2.5,8.72311974,1,1,0,14,0,19.2660503,-9.85551453,70.0523911,0.421800941,12.0008535,4.71519995,489.137512,76.5231018,1.75010002,0.0250000004,50,1,0.119999997,0.550000012,0.0133333337
SL1_rand_20_r0,0,1069,25.7411766,25,5.26332951,4.71519995,0.0262607466,0.0162607469,0.00397947663,-0.00260988087,0.0126098804,5.13264227,6,2.5,8.72311974,1,1,0,15,0,19.2660503,-9.85551453,70.0523911,0.421800941,12.0008535,4.71519995,489.137512,76.5231018,1.75010002,0.0250000004,50,1,0.119999997,0.550000012,0.0133333337
SL1_rand_20_r0,0,1070,25.8811836,25,5.21359634,4.71519995,0.0264308304,0.0164308306,0.00267612212,-0.00235753856,0.0123575386,5.17290545,6,2.5,8.72311974,1,1,0,16,0,19.2660503,-9.85551453,70.0523911,0.421800941,12.0008535,4.71519995,489.137512,76.5231018,1.75010002,0.0250000004,50,1,0.119999997,0.550000012,0.0133333337
SL1_rand_20_r0,0,1071,26.0211926,26,5.28268433,4.71519995,0.0266168118,0.016616812,0.00363782397,-0.00251208385,0.0125120841,5.33921051,6,2.5,8.72311974,1,1,0,17,0,17.8548069,-0.751132429,77.4024277,0.672985792,42.2230377,4.71519995,489.137512,76.5231018,1.75010002,0.0250000004,50,1,0.119999997,0.550000012,0.0133333337
SL1_rand_20_r0,0,1072,26.1611996,26,5.41918325,4.71519995,0.0268433597,0.0168433599,0.00551725458,-0.00305313547,0.0130531359,5.53086424,6,2.5,8.72311974,1,1,0,18,0,17.8548069,-0.751132429,77.4024277,0.672985792,42.2230377,4.71519995,489.137512,76.5231018,1.75010002,0.0250000004,50,1,0.119999997,0.550000012,0.0133333337
SL1_rand_20_r0,0,1073,26.3012085,26,5.46354628,4.71519995,0.0270889923,0.0170889925,0.00633481517,-0.00337049738,0.0133704972,5.49984312,6,2.5,8.72311974,1,1,0,19,0,17.8548069,-0.751132429,77.4024277,0.672985792,42.2230377,4.71519995,489.137512,76.5231018,1.75010002,0.0250000004,50,1,0.119999997,0.550000012,0.0133333337
SL1_rand_20_r0,0,1074,26.4412155,26,5.640728,4.71519995,0.0273870211,0.0173870213,0.00473518064,-0.00413403288,0.0141340327,5.7856946,6,2.5,8.72311974,1,1,0,20,0,17.8548069,-0.751132429,77.4024277,0.672985792,42.2230377,4.71519995,489.137512,76.5231018,1.75010002,0.0250000004,50,1,0.119999997,0.550000012,0.0133333337
SL1_rand_20_r0,0,1075,26.5812244,26,5.83832741,4.71519995,0.0277203545,0.0177203547,0.00555927586,-0.0054904297,0.0154904295,6,6,2.5,8.72311974,1,1,0,21,0,17.8548069,-0.751132429,77.4024277,0.672985792,42.2230377,4.71519995,489.137512,76.5231018,1.75010002,0.0250000004,50,1,0.119999997,0.550000012,0.0133333337
SL1_rand_20_r0,0,1076,26.7212315,26,5.2036581,4.71519995,0.0279115941,0.0179115925,0.00372563,-0.00270572281,0.0127057228,4.68438339,6,2.5,8.72311974,1,1,0,22,0,17.8548069,-0.751132429,77.4024277,0.672985792,42.2230377,4.71519995,489.137512,76.5231018,1.75010002,0.0250000004,50,1,0.119999997,0.550000012,0.0133333337
SL1_rand_20_r0,0,1077,26.8612404,26,5.59095526,4.71519995,0.028186731,0.0181867313,0.00445755757,-0.00387316151,0.0138731617,5.90783405,6,2.5,8.72311974,1,1,0,23,0,17.8548069,-0.751132429,77.4024277,0.672985792,42.2230377,4.71519995,489.137512,76.5231018,1.75010002,0.0250000004,50,1,0.119999997,0.550000012,0.0133333337
SL1_rand_20_r0,0,1078,27.0012474,27,5.22558355,4.71519995,0.0283743609,0.0183743611,0.00336334389,-0.00265474315,0.0126547432,4.92664289,6,2.5,8.72311974,1,1,0,24,0,35.9848862,-4.00529289,77.2796021,0.507108986,7.05934858,4.71519995,489.137512,76.5231018,1.75010002,0.0250000004,50,1,0.119999997,0.550000012,0.0133333337
SL1_rand_20_r0,0,1079,27.1412563,27,5.55796671,4.71519995,0.0286397357,0.018639734,0.00373679143,-0.00367999077,0.0136799905,5.82991648,6,2.5,8.72311974,1,1,0,25,0,35.9848862,-4.00529289,77.2796021,0.507108986,7.05934858,4.71519995,489.137512,76.5231018,1.75010002,0.0250000004,50,1,0.119999997,0.550000012,0.0133333337
SL1_rand_20_r0,0,1080,27.2812634,27,4.74816942,4.71519995,0.0286931228,0.0186931212,0.00158627878,-0.00084365881,0.0108436588,4.08560801,6,2.5,8.72311974,1,1,0,26,0,35.9848862,-4.00529289,77.2796021,0.507108986,7.05934858,4.71519995,489.137512,76.5231018,1.75010002,0.0250000004,50,1,0.119999997,0.550000012,0.0133333337
SL1_rand_20_r0,0,1081,27.4212723,27,4.6627059,4.71519995,0.028687438,0.0186874382,0.00212256517,0.000109320383,0.00989067927,4.59278154,6,2.5,8.72311974,1,1,0,27,0,35.9848862,-4.00529289,77.2796021,0.507108986,7.05934858,4.71519995,489.137512,76.5231018,1.75010002,0.0250000004,50,1,0.119999997,0.550000012,0.0133333337
SL1_rand_20_r0,0,1082,27.5612793,27,5.39821768,4.71519995,0.0288762171,0.0188762173,0.00338348397,-0.00233881315,0.0123388134,6,6,2.5,8.72311974,1,1,0,28,0,35.9848862,-4.00529289,77.2796021,0.507108986,7.05934858,4.71519995,489.137512,76.5231018,1.75010002,0.0250000004,50,1,0.119999997,0.550000012,0.0133333337
SL1_rand_20_r0,0,1083,27.7012882,27,4.5975771,4.71519995,0.0288750082,0.0188750084,0.00193001225,0.000167859194,0.00983214099,3.94250751,6,2.5,8.72311974,1,1,0,29,0,35.9848862,-4.00529289,77.2796021,0.507108986,7.05934858,4.71519995,489.137512,76.5231018,1.75010002,0.0250000004,50,1,0.119999997,0.550000012,0.0133333337
SL1_rand_20_r0,0,1084,27.8412952,27,4.82729149,4.71519995,0.028905943,0.0189059433,0.00156027253,-0.000241875605,0.0102418754,5.01523972,6,2.5,8.72311974,1,1,0,30,0,35.9848862,-4.00529289,77.2796021,0.507108986,7.05934858,4.71519995,489.137512,76.5231018,1.75010002,0.0250000004,50,1,0.119999997,0.550000012,0.0133333337
SL1_rand_20_r0,0,1085,27.9813042,27,4.94209433,4.71519995,0.0289741252,0.0189741254,0.00142945803,-0.000586098409,0.0105860988,5.03602362,6,2.5,8.72311974,1,1,0,31,0,35.9848862,-4.00529289,77.2796021,0.507108986,7.05934858,4.71519995,489.137512,76.5231018,1.75010002,0.0250000004,50,1,0.119999997,0.550000012,0.0133333337
SL1_rand_20_r0,0,1086,28.1213112,28,4.82627678,4.71519995,0.0290163439,0.0190163441,0.00144693442,-0.000313187513,0.0103131877,4.73151684,6,2.5,8.72311974,1,1,0,32,0,42.0971489,1.68792462,76.1315842,0.639810443,6.45841837,4.71519995,489.137512,76.5231018,1.75010002,0.0250000004,50,1,0.119999997,0.550000012,0.0133333337
SL1_rand_20_r0,0,1087,28.2613201,28,4.49574423,4.71519995,0.0289624203,0.0189624205,0.00232915161,0.000965426036,0.00903457403,4.22530842,6,2.5,8.72311974,1,1,0,33,0,42.0971489,1.68792462,76.1315842,0.639810443,6.45841837,4.71519995,489.137512,76.5231018,1.75010002,0.0250000004,50,1,0.119999997,0.550000012,0.0133333337
SL1_rand_20_r0,0,1088,28.4013271,28,5.32308483,4.71519995,0.0291222893,0.0191222895,0.00273265364,-0.00208824268,0.0120882429,6,6,2.5,8.72311974,1,1,0,34,0,42.0971489,1.68792462,76.1315842,0.639810443,6.45841837,4.71519995,489.137512,76.5231018,1.75010002,0.0250000004,50,1,0.119999997,0.550000012,0.0133333337
SL1_rand_20_r0,0,1089,28.5413361,28,4.46213293,4.71519995,0.0290786382,0.0190786384,0.00302688149,0.000817017979,0.00918298215,3.75771761,6,2.5,8.72311974,1,1,0,35,0,42.0971489,1.68792462,76.1315842,0.639810443,6.45841837,4.71519995,489.137512,76.5231018,1.75010002,0.0250000004,50,1,0.119999997,0.550000012,0.0133333337
SL1_rand_20_r0,0,1090,28.6813431,28,4.85437822,4.71519995,0.0291100238,0.019110024,0.000858715794,-0.000170729138,0.0101707289,5.17530584,6,2.5,8.72311974,1,1,0,36,0,42.0971489,1.68792462,76.1315842,0.639810443,6.45841837,4.71519995,489.137512,76.5231018,1.75010002,0.0250000004,50,1,0.119999997,0.550000012,0.0133333337
SL1_rand_20_r0,0,1091,28.821352,28,5.2295146,4.71519995,0.0292581189,0.0192581192,0.00202251016,-0.00161339482,0.0116133951,5.53644466,6,2.5,8.72311974,1,1,0,37,0,42.0971489,1.68792462,76.1315842,0.639810443,6.45841837,4.71519995,489.137512,76.5231018,1.75010002,0.0250000004,50,1,0.119999997,0.550000012,0.0133333337
SL1_rand_20_r0,0,1092,28.9613609,28,4.96179104,4.71519995,0.0293512996,0.0193512999,0.00183272595,-0.00108627067,0.0110862702,4.74274445,6,2.5,8.72311974,1,1,0,38,0,42.0971489,1.68792462,76.1315842,0.639810443,6.45841837,4.71519995,489.137512,76.5231018,1.75010002,0.0250000004,50,1,0.119999997,0.550000012,0.0133333337
SL1_rand_20_r0,0,1093,29.101368,29,4.81402349,4.71519995,0.0293942802,0.0193942804,0.00123343559,-0.000469344755,0.0104693444,4.69312286,6,2.5,8.72311974,1,1,0,39,0,24.4644566,-0.335195422,80.4826279,0.635071099,30.4420815,4.71519995,489.137512,76.5231018,1.75010002,0.0250000004,50,1,0.119999997,0.550000012,0.0133333337
SL1_rand_20_r0,0,1094,29.2413769,29,4.97173262,4.71519995,0.0294727031,0.0194727033,0.00213827821,-0.000831534737,0.0108315349,5.10076714,6,2.5,8.72311974,1,1,0,40,0,24.4644566,-0.335195422,80.4826279,0.635071099,30.4420815,4.71519995,489.137512,76.5231018,1.75010002,0.0250000004,50,1,0.119999997,0.550000012,0.0133333337
SL1_rand_20_r0,0,1095,29.3813839,29,4.40616751,4.71519995,0.0293999314,0.0193999317,0.0020091515,0.00120185909,0.00879814103,3.94343233,6,2.5,8.72311974,1,1,0,41,0,24.4644566,-0.335195422,80.4826279,0.635071099,30.4420815,4.71519995,489.137512,76.5231018,1.75010002,0.0250000004,50,1,0.119999997,0.550000012,0.0133333337
SL1_rand_20_r0,0,1096,29.5213928,29,4.64263296,4.71519995,0.0293676443,0.0193676446,0.00152410869,0.000796083477,0.00920391642,4.83610487,6,2.5,8.72311974,1,1,0,42,0,24.4644566,-0.335195422,80.4826279,0.635071099,30.4420815,4.71519995,489.137512,76.5231018,1.75010002,0.0250000004,50,1,0.119999997,0.550000012,0.0133333337
SL1_rand_20_r0,0,1097,29.6613998,29,5.31139183,4.71519995,0.0295278728,0.019527873,0.00177871471,-0.00167426374,0.0116742635,5.85855818,6,2.5,8.72311974,1,1,0,43,0,24.4644566,-0.335195422,80.4826279,0.635071099,30.4420815,4.71519995,489.137512,76.5231018,1.75010002,0.0250000004,50,1,0.119999997,0.550000012,0.0133333337
SL1_rand_20_r0,0,1098,29.8014088,29,4.61873817,4.71519995,0.0295277834,0.0195277836,0.00194179534,0.000211975697,0.00978802424,4.05202198,6,2.5,8.72311974,1,1,0,44,0,24.4644566,-0.335195422,80.4826279,0.635071099,30.4420815,4.71519995,489.137512,76.5231018,1.75010002,0.0250000004,50,1,0.119999997,0.550000012,0.0133333337
SL1_rand_20_r0,0,1099,29.9414158,29,5.08526897,4.71519995,0.0296305642,0.0196305644,0.00212987163,-0.0011759199,0.0111759203,5.46697569,6,2.5,8.72311974,1,1,0,45,0,24.4644566,-0.335195422,80.4826279,0.635071099,30.4420815,4.71519995,489.137512,76.5231018,1.75010002,0.0250000004,50,1,0.119999997,0.550000012,0.0133333337
SL1_rand_20_r0,0,1100,30.0814247,30,4.90829039,4.71519995,0.0297013316,0.0197013319,0.00202260353,-0.000703332131,0.0107033318,4.76348972,6,2.5,8.72311974,1,1,0,46,0,9.03520203,0.985214114,85.1578674,0.962085307,0.425285041,4.71519995,489.137512,76.5231018,1.75010002,0.0250000004,50,1,0.119999997,0.550000012,0.0133333337
SL1_rand_20_r0,0,1101,30.2214317,30,4.68060207,4.71519995,0.0297035147,0.0197035149,0.00252890866,0.000147498518,0.00985250156,4.49431133,6,2.5,8.72311974,1,1,0,47,0,9.03520203,0.985214114,85.1578674,0.962085307,0.425285041,4.71519995,489.137512,76.5231018,1.75010002,0.0250000004,50,1,0.119999997,0.550000012,0.0133333337
SL1_rand_20_r0,0,1102,30.3614407,30,5.27480364,4.71519995,0.0298593249,0.0198593251,0.00193569297,-0.0017983102,0.0117983101,5.76096916,6,2.5,8.72311974,1,1,0,48,0,9.03520203,0.985214114,85.1578674,0.962085307,0.425285041,4.71519995,489.137512,76.5231018,1.75010002,0.0250000004,50,1,0.119999997,0.550000012,0.0133333337
SL1_rand_20_r0,0,1103,30.5014477,30,4.82039404,4.71519995,0.0299145132,0.0199145135,0.00214093947,-0.000557330204,0.0105573302,4.44860458,6,2.5,8.72311974,1,1,0,49,0,9.03520203,0.985214114,85.1578674,0.962085307,0.425285041,4.71519995,489.137512,76.5231018,1.75010002,0.0250000004,50,1,0.119999997,0.550000012,0.0133333337
SL1_rand_20_r0,0,1104,30.6414566,30,4.59160662,4.71519995,0.0298893806,0.0198893808,0.000960400677,0.000477503199,0.00952249672,4.40441704,6,2.5,8.72311974,1,1,0,50,0,9.03520203,0.985214114,85.1578674,0.962085307,0.425285041,4.71519995,489.137512,76.5231018,1.75010002,0.0250000004,50,1,0.119999997,0.550000012,0.0133333337
SL1_rand_20_r0,0,1105,30.7814636,30,4.39816427,4.71519995,0.0297971256,0.0197971258,0.00272044796,0.00156781846,0.00843218155,4.23989296,6,2.5,8.72311974,1,1,0,51,0,9.03520203,0.985214114,85.1578674,0.962085307,0.425285041,4.71519995,489.137512,76.5231018,1.75010002,0.0250000004,50,1,0.119999997,0.550000012,0.0133333337
SL1_rand_20_r0,0,1106,30.9214725,30,5.21712065,4.71519995,0.0299211722,0.0199211724,0.0012958576,-0.00116986688,0.0111698667,5.88717651,6,2.5,8.72311974,1,1,0,52,0,9.03520203,0.985214114,85.1578674,0.962085307,0.425285041,4.71519995,489.137512,76.5231018,1.75010002,0.0250000004,50,1,0.119999997,0.550000012,0.0133333337
SL1_rand_20_r0,0,1107,31.0614796,31,4.35555124,4.71519995,0.0298419446,0.0198419448,0.00214948552,0.00137220684,0.00862779282,3.65063071,6,2.5,8.72311974,1,1,0,53,0,6.73896408,1.12689722,85.4617996,0.976303339,3.09373856,4.71519995,489.137512,76.5231018,1.75010002,0.0250000004,50,1,0.119999997,0.550000012,0.0133333337
SL1_rand_20_r0,0,1108,32.140007,32,4.58610344,4.71519995,0.0297928788,0.019792879,0.0021250553,0.000982145662,0.009017854,4.77473688,6,2.5,8.72311974,1,1,0,54,0,4.02040672,3.19051886,88.0983047,1,176.934174,4.71519995,489.137512,76.5231018,1.75010002,0.0250000004,50,1,0.119999997,0.550000012,0.0133333337
SL1_rand_20_r0,0,1109,32.2800179,32,4.53568125,4.71519995,0.029734835,0.0197348353,0.00322164665,0.00127208349,0.00872791652,4.49442673,6,2.5,8.72311974,1,1,0,55,0,4.02040672,3.19051886,88.0983047,1,176.934174,4.71519995,489.137512,76.5231018,1.75010002,0.0250000004,50,1,0.119999997,0.550000012,0.0133333337
SL1_rand_20_r0,0,1110,32.4200249,32,4.39312792,4.71519995,0.0296356976,0.0196356978,0.00190647005,0.00180191314,0.0081980871,4.27649307,6,2.5,8.72311974,1,1,0,56,0,4.02040672,3.19051886,88.0983047,1,176.934174,4.71519995,489.137512,76.5231018,1.75010002,0.0250000004,50,1,0.119999997,0.550000012,0.0133333337
SL1_rand_20_r0,0,1111,32.5600319,32,5.13404512,4.71519995,0.0297355205,0.0197355207,0.00183351152,-0.000804871088,0.0108048711,5.74025059,6,2.5,8.72311974,1,1,0,57,0,4.02040672,3.19051886,88.0983047,1,176.934174,4.71519995,489.137512,76.5231018,1.75010002,0.0250000004,50,1,0.119999997,0.550000012,0.0133333337
SL1_rand_20_r0,0,1112,32.7000389,32,4.66846037,4.71519995,0.029739175,0.0197391734,0.00233605178,0.00029750861,0.00970249157,4.28752708,6,2.5,8.72311974,1,1,0,58,0,4.02040672,3.19051886,88.0983047,1,176.934174,4.71519995,489.137512,76.5231018,1.75010002,0.0250000004,50,1,0.119999997,0.550000012,0.0133333337
SL1_rand_20_r0,0,1113,32.8400497,32,5.11775541,4.71519995,0.0298516043,0.0198516045,0.00209891121,-0.00124865025,0.01124865,5.48536015,6,2.5,8.72311974,1,1,0,59,0,4.02040672,3.19051886,88.0983047,1,176.934174,4.71519995,489.137512,76.5231018,1.75010002,0.0250000004,50,1,0.119999997,0.550000012,0.0133333337
SL1_rand_20_r0,0,1114,32.9800568,32,4.26686954,4.71519995,0.029745806,0.0197458062,0.00210081926,0.00164468284,0.00835531671,3.57068992,6,2.5,8.72311974,1,1,0,60,0,4.02040672,3.19051886,88.0983047,1,176.934174,4.71519995,489.137512,76.5231018,1.75010002,0.0250000004,50,1,0.119999997,0.550000012,0.0133333337
SL1_rand_20_r0,0,1115,33.1200638,33,4.74404383,4.71519995,0.0297361854,0.0197361857,0.00193651009,0.000496129273,0.0095038712,5.13445902,6,2.5,8.72311974,1,1,0,61,0,0.0830999017,-1.54631865,89.1167831,1.02843606,1.04154205,4.71519995,489.137512,76.5231018,1.75010002,0.0250000004,50,1,0.119999997,0.550000012,0.0133333337
SL1_rand_20_r0,0,1116,33.2600708,33,4.62569332,4.71519995,0.0297097191,0.0197097193,0.00180452433,0.000831437064,0.00916856248,4.52886105,6,2.5,8.72311974,1,1,0,62,0,0.0830999017,-1.54631865,89.1167831,1.02843606,1.04154205,4.71519995,489.137512,76.5231018,1.75010002,0.0250000004,50,1,0.119999997,0.550000012,0.0133333337
SL1_rand_20_r0,0,1117,33.4000816,33,4.06870651,4.71519995,0.0295257252,0.0195257254,0.00290223421,0.00286198198,0.00713801803,3.61299014,6,2.5,8.72311974,1,1,0,63,0,0.0830999017,-1.54631865,89.1167831,1.02843606,1.04154205,4.71519995,489.137512,76.5231018,1.75010002,0.0250000004,50,1,0.119999997,0.550000012,0.0133333337
SL1_rand_20_r0,0,1118,33.5400887,33,4.97290134,4.71519995,0.0295666438,0.019566644,0.00116911856,4.79598057e-05,0.00995204039,5.71269703,6,2.5,8.72311974,1,1,0,64,0,0.0830999017,-1.54631865,89.1167831,1.02843606,1.04154205,4.71519995,489.137512,76.5231018,1.75010002,0.0250000004,50,1,0.119999997,0.550000012,0.0133333337
SL1_rand_20_r0,0,1119,33.6800957,33,5.01044464,4.71519995,0.029655477,0.0196554773,0.00253497693,-0.000690313696,0.0106903138,5.04116154,6,2.5,8.72311974,1,1,0,65,0,0.0830999017,-1.54631865,89.1167831,1.02843606,1.04154205,4.71519995,489.137512,76.5231018,1.75010002,0.0250000004,50,1,0.119999997,0.550000012,0.0133333337
SL1_rand_20_r0,0,1120,33.8201027,33,4.24269485,4.71519995,0.02953903,0.0195390303,0.00197066343,0.00177654962,0.00822345074,3.61453557,6,2.5,8.72311974,1,1,0,66,0,0.0830999017,-1.54631865,89.1167831,1.02843606,1.04154205,4.71519995,489.137512,76.5231018,1.75010002,0.0250000004,50,1,0.119999997,0.550000012,0.0133333337
SL1_rand_20_r0,0,1121,33.9601135,33,4.72635651,4.71519995,0.0295227207,0.0195227209,0.00194295566,0.000621388899,0.00937861111,5.12207937,6,2.5,8.72311974,1,1,0,67,0,0.0830999017,-1.54631865,89.1167831,1.02843606,1.04154205,4.71519995,489.137512,76.5231018,1.75010002,0.0250000004,50,1,0.119999997,0.550000012,0.0133333337
SL1_rand_20_r0,0,1122,34.1001205,34,4.72405434,4.71519995,0.0295224637,0.0195224639,0.00349754049,0.000499008282,0.00950099155,4.72217083,6,2.5,8.72311974,1,1,0,68,0,0.55615139,-2.07173824,89.25811,1.02843606,0.196479157,4.71519995,489.137512,76.5231018,1.75010002,0.0250000004,50,1,0.119999997,0.550000012,0.0133333337
SL1_rand_20_r0,0,1123,34.2401276,34,4.18915176,4.71519995,0.0293762945,0.0193762947,0.00354361557,0.00233279681,0.00766720297,3.75150371,6,2.5,8.72311974,1,1,0,69,0,0.55615139,-2.07173824,89.25811,1.02843606,0.196479157,4.71519995,489.137512,76.5231018,1.75010002,0.0250000004,50,1,0.119999997,0.550000012,0.0133333337
SL1_rand_20_r0,0,1124,34.3801346,34,4.34057236,4.71519995,0.0292478707,0.0192478709,0.00273292768,0.00224481802,0.00775518222,4.46446276,6,2.5,8.72311974,1,1,0,70,0,0.55615139,-2.07173824,89.25811,1.02843606,0.196479157,4.71519995,489.137512,76.5231018,1.75010002,0.0250000004,50,1,0.119999997,0.550000012,0.0133333337
SL1_rand_20_r0,0,1125,34.5201454,34,4.16265392,4.71519995,0.0290729813,0.0190729816,0.00458725868,0.0029928952,0.00700710481,4.01708412,6,2.5,8.72311974,1,1,0,71,0,0.55615139,-2.07173824,89.25811,1.02843606,0.196479157,4.71519995,489.137512,76.5231018,1.75010002,0.0250000004,50,1,0.119999997,0.550000012,0.0133333337
SL1_rand_20_r0,0,1126,34.6601524,34,3.75226569,4.71519995,0.0287763514,0.0187763516,0.00586419972,0.00465690112,0.00534309866,3.41649342,6,2.5,8.72311974,1,1,0,72,0,0.55615139,-2.07173824,89.25811,1.02843606,0.196479157,4.71519995,489.137512,76.5231018,1.75010002,0.0250000004,50,1,0.119999997,0.550000012,0.0133333337
SL1_rand_20_r0,0,1127,34.8001595,34,3.80883789,4.71519995,0.0284751467,0.018475147,0.00593546079,0.00490290206,0.00509709818,3.85512447,6,2.5,8.72311974,1,1,0,73,0,0.55615139,-2.07173824,89.25811,1.02843606,0.196479157,4.71519995,489.137512,76.5231018,1.75010002,0.0250000004,50,1,0.119999997,0.550000012,0.0133333337
SL1_rand_20_r0,0,1128,34.9401665,34,3.80248046,4.71519995,0.0281714126,0.0181714129,0.00617405819,0.00506411213,0.00493588764,3.79727888,6,2.5,8.72311974,1,1,0,74,0,0.55615139,-2.07173824,89.25811,1.02843606,0.196479157,4.71519995,489.137512,76.5231018,1.75010002,0.0250000004,50,1,0.119999997,0.550000012,0.0133333337
SL1_rand_20_r0,0,1129,35.0801773,35,3.37030625,4.71519995,0.0278380793,0.0178380795,0.00688590342,0.00668365555,0.00331634446,3.01670909,6,2.5,8.72311974,1,1,0,75,0,0.740701556,-2.03742409,89.0990906,1.04739332,10.5590134,4.71519995,489.137512,76.5231018,1.75010002,0.0250000004,50,1,0.119999997,0.550000012,0.0133333337
SL1_rand_20_r0,0,1130,35.2201843,35,3.21171498,4.71519995,0.0275047459,0.0175047461,0.00728108175,0.00682809716,0.00317190262,3.08195853,6,2.5,8.72311974,1,1,0,76,0,0.740701556,-2.03742409,89.0990906,1.04739332,10.5590134,4.71519995,489.137512,76.5231018,1.75010002,0.0250000004,50,1,0.119999997,0.550000012,0.0133333337
SL1_rand_20_r0,0,1131,35.3601913,35,2.98198557,4.71519995,0.0271714125,0.0171714127,0.00785830803,0.0074167531,0.00258324714,2.79402494,6,2.5,8.72311974,1,1,0,77,0,0.740701556,-2.03742409,89.0990906,1.04739332,10.5590134,4.71519995,489.137512,76.5231018,1.75010002,0.0250000004,50,1,0.119999997,0.550000012,0.0133333337
SL1_rand_20_r0,0,1132,35.3735237,35,2.8022182,4.71519995,0.0268380791,0.0168380793,0.00851592701,0.00770069985,0.00229930039,2.65513611,6,2.5,8.72311974,0,1,0,0,0,0.740701556,-2.03742409,89.0990906,1.04739332,10.5590134,4.71519995,489.137512,76.5231018,1.75010002,0.0250000004,50,1,0.119999997,0.550000012,0.0133333337
SL1_rand_20_r0,0,1133,35.3868599,35,2.55726695,4.71519995,0.0265047457,0.0165047459,0.0091345096,0.00831051543,0.00168948469,2.35685229,6,2.5,8.72311974,0,1,0,0,0,0.740701556,-2.03742409,89.0990906,1.04739332,10.5590134,4.71519995,489.137512,76.5231018,1.75010002,0.0250000004,50,1,0.119999997,0.550000012,0.0133333337
SL1_rand_20_r0,0,1134,35.4001923,35,2.405761,4.71519995,0.0261714123,0.0161714125,0.00916813221,0.00846395083,0.00153604941,2.28180146,6,2.5,8.72311974,0,0,0,0,0,0.740701556,-2.03742409,89.0990906,1.04739332,10.5590134,4.71519995,489.137512,76.5231018,1.75010002,0.0250000004,50,1,0.119999997,0.550000012,0.0133333337
SL1_rand_20_r0,0,1135,35.4135246,35,2.17727661,4.71519995,0.0258380789,0.0158380792,0.00992162339,0.00905982871,0.000940170838,1.99033487,6,2.5,8.72311974,0,0,0,0,0,0.740701556,-2.03742409,89.0990906,1.04739332,10.5590134,4.71519995,489.137512,76.5231018,1.75010002,0.0250000004,50,1,0.119999997,0.550000012,0.0133333337
SL1_rand_20_r0,0,1136,35.426857,35,2.06194448,4.71519995,0.0255047455,0.0155047458,0.0100213801,0.00910634547,0.000893654185,1.96758175,6,2.5,8.72311974,0,0,0,0,0,0.740701556,-2.03742409,89.0990906,1.04739332,10.5590134,4.71519995,489.137512,76.5231018,1.75010002,0.0250000004,50,1,0.119999997,0.550000012,0.0133333337
SL1_rand_20_r0,0,1137,35.4401932,35,1.84917104,4.71519995,0.0251714122,0.0151714124,0.0109628104,0.00970433373,0.000295666658,1.67508364,6,2.5,8.72311974,0,0,0,0,0,0.740701556,-2.03742409,89.0990906,1.04739332,10.5590134,4.71519995,489.137512,76.5231018,1.75010002,0.0250000004,50,1,0.119999997,0.550000012,0.0133333337
SL1_rand_20_r0,0,1138,35.4535255,35,1.67388105,4.71519995,0.0248380788,0.014838079,0.0111404369,0.0102262227,0,1.53046203,6,2.5,8.72311974,0,0,0,0,0,0.740701556,-2.03742409,89.0990906,1.04739332,10.5590134,4.71519995,489.137512,76.5231018,1.75010002,0.0250000004,50,1,0.119999997,0.550000012,0.0133333337
SL1_rand_20_r0,0,1139,35.4668579,35,1.59500062,4.71519995,0.0245047454,0.0145047456,0.0119070802,0.0105094193,0,1.53046203,6,2.5,8.72311974,0,0,0,0,0,0.740701556,-2.03742409,89.0990906,1.04739332,10.5590134,4.71519995,489.137512,76.5231018,1.75010002,0.0250000004,50,1,0.119999997,0.550000012,0.0133333337
SL1_rand_20_r0,0,1140,35.4801903,35,1.55950439,4.71519995,0.024171412,0.0141714122,0.0109275617,0.0105341142,0,1.53046203,6,2.5,8.72311974,0,0,0,0,0,0.740701556,-2.03742409,89.0990906,1.04739332,10.5590134,4.71519995,489.137512,76.5231018,1.75010002,0.0250000004,50,1,0.119999997,0.550000012,0.0133333337
SL1_rand_20_r0,0,1141,35.4935265,35,1.54353106,4.71519995,0.0238380786,0.0138380788,0.0116072018,0.0105476128,0,1.53046203,6,2.5,8.72311974,0,0,0,0,0,0.740701556,-2.03742409,89.0990906,1.04739332,10.5590134,4.71519995,489.137512,76.5231018,1.75010002,0.0250000004,50,1,0.119999997,0.550000012,0.0133333337
SL1_rand_20_r0,0,1142,35.5068588,35,1.5363431,4.71519995,0.0235047452,0.0135047454,0.0108978227,0.0107289655,0,1.53046203,6,2.5,8.72311974,0,0,0,0,0,0.740701556,-2.03742409,89.0990906,1.04739332,10.5590134,4.71519995,489.137512,76.5231018,1.75010002,0.0250000004,50,1,0.119999997,0.550000012,0.0133333337
SL1_rand_20_r0,0,1143,35.5201912,35,1.53310847,4.71519995,0.0231714118,0.0131714121,0.0114251152,0.0107739922,0,1.53046203,6,2.5,8.72311974,0,0,0,0,0,0.740701556,-2.03742409,89.0990906,1.04739332,10.5590134,4.71519995,489.137512,76.5231018,1.75010002,0.0250000004,50,1,0.119999997,0.550000012,0.0133333337
SL1_rand_20_r0,0,1144,35.5335236,35,1.53165293,4.71519995,0.0228380784,0.0128380787,0.0112153608,0.0108630778,0,1.53046203,6,2.5,8.72311974,0,0,0,0,0,0.740701556,-2.03742409,89.0990906,1.04739332,10.5590134,4.71519995,489.137512,76.5231018,1.75010002,0.0250000004,50,1,0.119999997,0.550000012,0.0133333337
SL1_rand_20_r0,0,1145,35.5468597,35,1.53099787,4.71519995,0.0225047451,0.0125047453,0.0116152372,0.0109377615,0,1.53046203,6,2.5,8.72311974,0,0,0,0,0,0.740701556,-2.03742409,89.0990906,1.04739332,10.5590134,4.71519995,489.137512,76.5231018,1.75010002,0.0250000004,50,1,0.119999997,0.550000012,0.0133333337
SL1_rand_20_r0,0,1146,35.5601921,35,1.53070319,4.71519995,0.0221714117,0.0121714119,0.0115768164,0.0111479172,0,1.53046203,6,2.5,8.72311974,0,0,0,0,0,0.740701556,-2.03742409,89.0990906,1.04739332,10.5590134,4.71519995,489.137512,76.5231018,1.75010002,0.0250000004,50,1,0.119999997,0.550000012,0.0133333337
SL1_rand_20_r0,0,1147,35.5735245,35,1.53057051,4.71519995,0.0218380783,0.0118380785,0.0118979011,0.0117062395,0,1.53046203,6,2.5,8.72311974,0,0,0,0,0,0.740701556,-2.03742409,89.0990906,1.04739332,10.5590134,4.71519995,489.137512,76.5231018,1.75010002,0.0250000004,50,1,0.119999997,0.550000012,0.0133333337
SL1_rand_20_r0,0,1148,35.5868568,35,1.53051078,4.71519995,0.0215047449,0.0115047451,0.0121391425,0.0110809291,0,1.53046203,6,2.5,8.72311974,0,0,0,0,0,0.740701556,-2.03742409,89.0990906,1.04739332,10.5590134,4.71519995,489.137512,76.5231018,1.75010002,0.0250000004,50,1,0.119999997,0.550000012,0.0133333337
SL1_rand_20_r0,0,1149,35.600193,35,1.53048396,4.71519995,0.0211714115,0.0111714117,0.0113166142,0.0111341029,0,1.53046203,6,2.5,8.72311974,0,0,0,0,0,0.740701556,-2.03742409,89.0990906,1.04739332,10.5590134,4.71519995,489.137512,76.5231018,1.75010002,0.0250000004,50,1,0.119999997,0.550000012,0.0133333337
SL1_rand_20_r0,0,1150,35.6135254,35,1.53047192,4.71519995,0.0208380781,0.0108380783,0.0113530764,0.0110381879,0,1.53046203,6,2.5,8.72311974,0,0,0,0,0,0.740701556,-2.03742409,89.0990906,1.04739332,10.5590134,4.71519995,489.137512,76.5231018,1.75010002,0.0250000004,50,1,0.119999997,0.550000012,0.0133333337
SL1_rand_20_r0,0,1151,35.6268578,35,1.53046644,4.71519995,0.0205047447,0.0105047459,0.0110353241,0.0110119348,0,1.53046203,6,2.5,8.72311974,0,0,0,0,0,0.740701556,-2.03742409,89.0990906,1.04739332,10.5590134,4.71519995,489.137512,76.5231018,1.75010002,0.0250000004,50,1,0.119999997,0.550000012,0.0133333337
SL1_rand_20_r0,0,1152,35.6401901,35,1.53046405,4.71519995,0.0201714113,0.0101714125,0.0110483235,0.0109386519,0,1.53046203,6,2.5,8.72311974,0,0,0,0,0,0.740701556,-2.03742409,89.0990906,1.04739332,10.5590134,4.71519995,489.137512,76.5231018,1.75010002,0.0250000004,50,1,0.119999997,0.550000012,0.0133333337
SL1_rand_20_r0,0,1153,35.6535263,35,1.53046286,4.71519995,0.0198380779,0.0098380791,0.0110137835,0.0109444959,0,1.53046203,6,2.5,8.72311974,0,0,0,0,0,0.740701556,-2.03742409,89.0990906,1.04739332,10.5590134,4.71519995,489.137512,76.5231018,1.75010002,0.0250000004,50,1,0.119999997,0.550000012,0.0133333337
SL1_rand_20_r0,0,1154,35.6668587,35,1.53046238,4.71519995,0.0195047446,0.00950474571,0.0113130026,0.0107792206,0,1.53046203,6,2.5,8.72311974,0,0,0,0,0,0.740701556,-2.03742409,89.0990906,1.04739332,10.5590134,4.71519995,489.137512,76.5231018,1.75010002,0.0250000004,50,1,0.119999997,0.550000012,0.0133333337
SL1_rand_20_r0,0,1155,35.680191,35,1.53046215,4.71519995,0.019171413,0.00917141233,0.0113603342,0.0107810721,0,1.53046203,6,2.5,8.72311974,0,0,0,0,0,0.740701556,-2.03742409,89.0990906,1.04739332,10.5590134,4.71519995,489.137512,76.5231018,1.75010002,0.0250000004,50,1,0.119999997,0.550000012,0.0133333337
SL1_rand_20_r0,0,1156,35.6935272,35,1.53046203,4.71519995,0.0188380796,0.00883807894,0.0114906561,0.0106620733,0,1.53046203,6,2.5,8.72311974,0,0,0,0,0,0.740701556,-2.03742409,89.0990906,1.04739332,10.5590134,4.71519995,489.137512,76.5231018,1.75010002,0.0250000004,50,1,0.119999997,0.550000012,0.0133333337
SL1_rand_20_r0,0,1157,35.7068596,35,1.53046203,4.71519995,0.0185047463,0.00850474555,0.0108265672,0.0104368161,0,1.53046203,6,2.5,8.72311974,0,0,0,0,0,0.740701556,-2.03742409,89.0990906,1.04739332,10.5590134,4.71519995,489.137512,76.5231018,1.75010002,0.0250000004,50,1,0.119999997,0.550000012,0.0133333337
SL1_rand_20_r0,0,1158,35.720192,35,1.53046203,4.71519995,0.0181714129,0.00817141216,0.0105570788,0.0102597047,0,1.53046203,6,2.5,8.72311974,0,0,0,0,0,0.740701556,-2.03742409,89.0990906,1.04739332,10.5590134,4.71519995,489.137512,76.5231018,1.75010002,0.0250000004,50,1,0.119999997,0.550000012,0.0133333337
SL1_rand_20_r0,0,1159,35.7335243,35,1.53046203,4.71519995,0.0178380795,0.00783807877,0.0100967316,0.0100703565,0,1.53046203,6,2.5,8.72311974,0,0,0,0,0,0.740701556,-2.03742409,89.0990906,1.04739332,10.5590134,4.71519995,489.137512,76.5231018,1.75010002,0.0250000004,50,1,0.119999997,0.550000012,0.0133333337
SL1_rand_20_r0,0,1160,35.7468605,35,1.5592736,4.71519995,0.0175047461,0.00750474539,0.00993261952,0.0098929042,0.000107096093,1.58284676,6,2.5,8.72311974,0,0,0,0,0,0.740701556,-2.03742409,89.0990906,1.04739332,10.5590134,4.71519995,489.137512,76.5231018,1.75010002,0.0250000004,50,1,0.119999997,0.550000012,0.0133333337
SL1_rand_20_r0,0,1161,35.7601929,35,1.63916528,4.71519995,0.0171714127,0.007171412,0.0100818183,0.00964413024,0.000355869648,1.70453119,6,2.5,8.72311974,0,0,0,0,0,0.740701556,-2.03742409,89.0990906,1.04739332,10.5590134,4.71519995,489.137512,76.5231018,1.75010002,0.0250000004,50,1,0.119999997,0.550000012,0.0133333337
SL1_rand_20_r0,0,1162,35.7735252,35,1.72218478,4.71519995,0.0168380793,0.00683807861,0.0101116449,0.00946917199,0.000530827732,1.79010975,6,2.5,8.72311974,0,0,0,0,0,0.740701556,-2.03742409,89.0990906,1.04739332,10.5590134,4.71519995,489.137512,76.5231018,1.75010002,0.0250000004,50,1,0.119999997,0.550000012,0.0133333337
SL1_rand_20_r0,0,1163,35.7868576,35,1.62747467,4.71519995,0.0165047459,0.00650474522,0.0106060673,0.00996008795,3.99122036e-05,1.54998457,6,2.5,8.72311974,0,0,0,0,0,0.740701556,-2.03742409,89.0990906,1.04739332,10.5590134,4.71519995,489.137512,76.5231018,1.75010002,0.0250000004,50,1,0.119999997,0.550000012,0.0133333337
SL1_rand_20_r0,0,1164,35.8001938,35,1.84575379,4.71519995,0.0161714125,0.0061714123,0.00995692518,0.00899029709,0.00100970326,2.02434564,6,2.5,8.72311974,0,0,0,0,0,0.740701556,-2.03742409,89.0990906,1.04739332,10.5590134,4.71519995,489.137512,76.5231018,1.75010002,0.0250000004,50,1,0.119999997,0.550000012,0.0133333337
SL1_rand_20_r0,0,1165,35.8135262,35,2.02593374,4.71519995,0.0158380792,0.00583807891,0.00934594404,0.00868566241,0.00131433737,2.17335367,6,2.5,8.72311974,0,0,0,0,0,0.740701556,-2.03742409,89.0990906,1.04739332,10.5590134,4.71519995,489.137512,76.5231018,1.75010002,0.0250000004,50,1,0.119999997,0.550000012,0.0133333337
SL1_rand_20_r0,0,1166,35.8268585,35,2.18057728,4.71519995,0.0155047458,0.00550474552,0.00895198435,0.00841222238,0.00158777786,2.30710363,6,2.5,8.72311974,0,0,0,0,0,0.740701556,-2.03742409,89.0990906,1.04739332,10.5590134,4.71519995,489.137512,76.5231018,1.75010002,0.0250000004,50,1,0.119999997,0.550000012,0.0133333337
SL1_rand_20_r0,0,1167,35.8401909,35,2.32919598,4.71519995,0.0151714124,0.00517141214,0.0085473517,0.00811846089,0.00188153889,2.45079327,6,2.5,8.72311974,0,0,0,0,0,0.740701556,-2.03742409,89.0990906,1.04739332,10.5590134,4.71519995,489.137512,76.5231018,1.75010002,0.0250000004,50,1,0.119999997,0.550000012,0.0133333337
SL1_rand_20_r0,0,1168,35.8535271,35,2.34729147,4.71519995,0.014838079,0.00483807875,0.00873367302,0.00829979312,0.00170020689,2.36209702,6,2.5,8.72311974,0,0,0,0,0,0.740701556,-2.03742409,89.0990906,1.04739332,10.5590134,4.71519995,489.137512,76.5231018,1.75010002,0.0250000004,50,1,0.119999997,0.550000012,0.0133333337
SL1_rand_20_r0,0,1169,35.8668594,35,2.43093967,4.71519995,0.0145047456,0.00450474536,0.00804688595,0.00801913161,0.00198086817,2.49937892,6,2.5,8.72311974,0,0,0,0,0,0.740701556,-2.03742409,89.0990906,1.04739332,10.5590134,4.71519995,489.137512,76.5231018,1.75010002,0.0250000004,50,1,0.119999997,0.550000012,0.0133333337
SL1_rand_20_r0,0,1170,35.8801918,35,2.50048661,4.71519995,0.0141714122,0.00417141197,0.00805213582,0.00790053606,0.00209946418,2.55738854,6,2.5,8.72311974,0,1,0,0,0,0.740701556,-2.03742409,89.0990906,1.04739332,10.5590134,4.71519995,489.137512,76.5231018,1.75010002,0.0250000004,50,1,0.119999997,0.550000012,0.0133333337
SL1_rand_20_r0,0,1171,35.8935242,35,2.82884765,4.71519995,0.0138380788,0.00383807882,0.00820598751,0.00679631019,0.00320368959,3.09750676,6,2.5,8.72311974,0,1,0,0,0,0.740701556,-2.03742409,89.0990906,1.04739332,10.5590134,4.71519995,489.137512,76.5231018,1.75010002,0.0250000004,50,1,0.119999997,0.550000012,0.0133333337
SL1_rand_20_r0,0,1172,35.9068604,35,2.88164639,4.71519995,0.0135047454,0.00350474543,0.00726883719,0.00714930193,0.00285069807,2.92484546,6,2.5,8.72311974,1,1,0,1,0,0.740701556,-2.03742409,89.0990906,1.04739332,10.5590134,4.71519995,489.137512,76.5231018,1.75010002,0.0250000004,50,1,0.119999997,0.550000012,0.0133333337
SL1_rand_20_r0,0,1173,36.0468674,36,3.19446135,4.71519995,0.0131714121,0.00317141204,0.00717865955,0.00607484858,0.00392515166,3.45040083,6,2.5,8.72311974,1,1,0,2,0,2.30597067,-9.43975067,78.5656433,1.07582939,3.2302177,4.71519995,489.137512,76.5231018,1.75010002,0.0250000004,50,1,0.119999997,0.550000012,0.0133333337
SL1_rand_20_r0,0,1174,36.1868744,36,3.36346078,4.71519995,0.0128380787,0.00283807889,0.00634438312,0.00596990343,0.00403009634,3.5017333,6,2.5,8.72311974,1,1,0,3,0,2.30597067,-9.43975067,78.5656433,1.07582939,3.2302177,4.71519995,489.137512,76.5231018,1.75010002,0.0250000004,50,1,0.119999997,0.550000012,0.0133333337
SL1_rand_20_r0,0,1175,36.3268814,36,3.42221308,4.71519995,0.0125047453,0.0025047455,0.00652945042,0.00603420055,0.00396579923,3.47028327,6,2.5,8.72311974,1,1,0,4,0,2.30597067,-9.43975067,78.5656433,1.07582939,3.2302177,4.71519995,489.137512,76.5231018,1.75010002,0.0250000004,50,1,0.119999997,0.550000012,0.0133333337
SL1_rand_20_r0,0,1176,36.4668922,36,3.4543016,4.71519995,0.0121714119,0.00217141211,0.00618737563,0.00601319969,0.00398680056,3.48055553,6,2.5,8.72311974,1,1,0,5,0,2.30597067,-9.43975067,78.5656433,1.07582939,3.2302177,4.71519995,489.137512,76.5231018,1.75010002,0.0250000004,50,1,0.119999997,0.550000012,0.0133333337
SL1_rand_20_r0,0,1177,36.6068993,36,3.46524644,4.71519995,0.0120000001,0.00200000009,0.00610709842,0.00602619024,0.00397381,3.47420144,6,2.5,8.72311974,1,1,0,6,0,2.30597067,-9.43975067,78.5656433,1.07582939,3.2302177,4.71519995,489.137512,76.5231018,1.75010002,0.0250000004,50,1,0.119999997,0.550000012,0.0133333337
SL1_rand_20_r0,0,1178,36.7469063,36,3.62754726,4.71519995,0.0120000001,0.00200000009,0.00638632942,0.00544120604,0.00455879373,3.76033902,6,2.5,8.72311974,1,1,0,7,0,2.30597067,-9.43975067,78.5656433,1.07582939,3.2302177,4.71519995,489.137512,76.5231018,1.75010002,0.0250000004,50,1,0.119999997,0.550000012,0.0133333337
SL1_rand_20_r0,0,1179,36.8869133,36,3.71502018,4.71519995,0.0120000001,0.00200000009,0.00603472488,0.00538754044,0.0046124598,3.78658891,6,2.5,8.72311974,1,1,0,8,0,2.30597067,-9.43975067,78.5656433,1.07582939,3.2302177,4.71519995,489.137512,76.5231018,1.75010002,0.0250000004,50,1,0.119999997,0.550000012,0.0133333337
SL1_rand_20_r0,0,1180,37.0269241,37,3.95062876,4.71519995,0.0120000001,0.00200000009,0.00583305489,0.00465807179,0.00534192799,4.14339924,6,2.5,8.72311974,1,1,0,9,0,2.87195945,1.08300853,76.1933212,1.09004736,3.37677097,4.71519995,489.137512,76.5231018,1.75010002,0.0250000004,50,1,0.119999997,0.550000012,0.0133333337
SL1_rand_20_r0,0,1181,37.1669312,37,3.96627855,4.71519995,0.0120000001,0.00200000009,0.00441248482,0.00438014185,0.00561985793,3.97908306,6,2.5,8.72311974,1,1,0,10,0,2.87195945,1.08300853,76.1933212,1.09004736,3.37677097,4.71519995,489.137512,76.5231018,1.75010002,0.0250000004,50,1,0.119999997,0.550000012,0.0133333337
SL1_rand_20_r0,0,1182,37.3069382,37,3.78510404,4.71519995,0.0120000001,0.00200000009,0.00521965465,0.00493665086,0.00506334892,3.63687038,6,2.5,8.72311974,1,1,0,11,0,2.87195945,1.08300853,76.1933212,1.09004736,3.37677097,4.71519995,489.137512,76.5231018,1.75010002,0.0250000004,50,1,0.119999997,0.550000012,0.0133333337
SL1_rand_20_r0,0,1183,37.4469452,37,3.93993115,4.71519995,0.0120000001,0.00200000009,0.00473916484,0.00450663362,0.00549336663,4.06660795,6,2.5,8.72311974,1,1,0,12,0,2.87195945,1.08300853,76.1933212,1.09004736,3.37677097,4.71519995,489.137512,76.5231018,1.75010002,0.0250000004,50,1,0.119999997,0.550000012,0.0133333337
SL1_rand_20_r0,0,1184,37.586956,37,4.03210497,4.71519995,0.0120000001,0.00200000009,0.0042484547,0.00409405166,0.00590594811,4.10751963,6,2.5,8.72311974,1,1,0,13,0,2.87195945,1.08300853,76.1933212,1.09004736,3.37677097,4.71519995,489.137512,76.5231018,1.75010002,0.0250000004,50,1,0.119999997,0.550000012,0.0133333337
SL1_rand_20_r0,0,1185,37.726963,37,3.95694757,4.71519995,0.0120000001,0.00200000009,0.00486811344,0.00423244108,0.00576755917,3.89545512,6,2.5,8.72311974,1,1,0,14,0,2.87195945,1.08300853,76.1933212,1.09004736,3.37677097,4.71519995,489.137512,76.5231018,1.75010002,0.0250000004,50,1,0.119999997,0.550000012,0.0133333337
SL1_rand_20_r0,0,1186,37.8669701,37,3.58993626,4.71519995,0.0120000001,0.00200000009,0.00648672832,0.0056177224,0.00438227737,3.28965425,6,2.5,8.72311974,1,1,0,15,0,2.87195945,1.08300853,76.1933212,1.09004736,3.37677097,4.71519995,489.137512,76.5231018,1.75010002,0.0250000004,50,1,0.119999997,0.550000012,0.0133333337
SL1_rand_20_r0,0,1187,38.0069771,38,3.29608178,4.71519995,0.0120000001,0.00200000009,0.00729422318,0.00688187219,0.00311812805,3.05565524,6,2.5,8.72311974,1,1,0,16,0,1.85822582,0.253784776,73.7863693,1.11374402,3.07371998,4.71519995,489.137512,76.5231018,1.75010002,0.0250000004,50,1,0.119999997,0.550000012,0.0133333337
SL1_rand_20_r0,0,1188,38.1469879,38,3.29991126,4.71519995,0.0120000001,0.00200000009,0.00659791473,0.00637610629,0.00362389372,3.30304432,6,2.5,8.72311974,1,1,0,17,0,1.85822582,0.253784776,73.7863693,1.11374402,3.07371998,4.71519995,489.137512,76.5231018,1.75010002,0.0250000004,50,1,0.119999997,0.550000012,0.0133333337
SL1_rand_20_r0,0,1189,38.2869949,38,3.09543467,4.71519995,0.0120000001,0.00200000009,0.00730045093,0.00714257546,0.00285742478,2.92813563,6,2.5,8.72311974,1,1,0,18,0,1.85822582,0.253784776,73.7863693,1.11374402,3.07371998,4.71519995,489.137512,76.5231018,1.75010002,0.0250000004,50,1,0.119999997,0.550000012,0.0133333337
SL1_rand_20_r0,0,1190,38.427002,38,3.03129601,4.71519995,0.0120000001,0.00200000009,0.00771797495,0.00703895744,0.0029610428,2.97881913,6,2.5,8.72311974,1,1,0,19,0,1.85822582,0.253784776,73.7863693,1.11374402,3.07371998,4.71519995,489.137512,76.5231018,1.75010002,0.0250000004,50,1,0.119999997,0.550000012,0.0133333337
SL1_rand_20_r0,0,1191,38.4403343,38,2.8822639,4.71519995,0.0120000001,0.00200000009,0.00821086951,0.00748564256,0.00251435721,2.76032853,6,2.5,8.72311974,0,1,0,0,0,1.85822582,0.253784776,73.7863693,1.11374402,3.07371998,4.71519995,489.137512,76.5231018,1.75010002,0.0250000004,50,1,0.119999997,0.550000012,0.0133333337
SL1_rand_20_r0,0,1192,38.4536705,38,2.3892746,4.71519995,0.0120000001,0.00200000009,0.00907036755,0.00906885508,0.000931144867,1.98591983,6,2.5,8.72311974,0,0,0,0,0,1.85822582,0.253784776,73.7863693,1.11374402,3.07371998,4.71519995,489.137512,76.5231018,1.75010002,0.0250000004,50,1,0.119999997,0.550000012,0.0133333337
SL1_rand_20_r0,0,1193,38.4670029,38,2.64890814,4.71519995,0.0120000001,0.00200000009,0.00798893906,0.00727914227,0.00272085774,2.86133552,6,2.5,8.72311974,1,1,0,1,0,1.85822582,0.253784776,73.7863693,1.11374402,3.07371998,4.71519995,489.137512,76.5231018,1.75010002,0.0250000004,50,1,0.119999997,0.550000012,0.0133333337
SL1_rand_20_r0,0,1194,38.4803352,38,2.78270435,4.71519995,0.0120000001,0.00200000009,0.00820771232,0.00721609592,0.00278390408,2.89217377,6,2.5,8.72311974,0,1,0,0,0,1.85822582,0.253784776,73.7863693,1.11374402,3.07371998,4.71519995,489.137512,76.5231018,1.75010002,0.0250000004,50,1,0.119999997,0.550000012,0.0133333337
SL1_rand_20_r0,0,1195,38.4936676,38,2.94727135,4.71519995,0.0120000001,0.00200000009,0.00755939772,0.00682818238,0.00317181787,3.08191705,6,2.5,8.72311974,1,1,0,1,0,1.85822582,0.253784776,73.7863693,1.11374402,3.07371998,4.71519995,489.137512,76.5231018,1.75010002,0.0250000004,50,1,0.119999997,0.550000012,0.0133333337
SL1_rand_20_r0,0,1196,38.6336784,38,3.00295115,4.71519995,0.0120000001,0.00200000009,0.00709141232,0.00689648557,0.0031035142,3.04850721,6,2.5,8.72311974,1,1,0,2,0,1.85822582,0.253784776,73.7863693,1.11374402,3.07371998,4.71519995,489.137512,76.5231018,1.75010002,0.0250000004,50,1,0.119999997,0.550000012,0.0133333337
SL1_rand_20_r0,0,1197,38.6470108,38,3.02630043,4.71519995,0.0120000001,0.00200000009,0.00820717867,0.00690282928,0.0030971705,3.0454042,6,2.5,8.72311974,0,1,0,0,0,1.85822582,0.253784776,73.7863693,1.11374402,3.07371998,4.71519995,489.137512,76.5231018,1.75010002,0.0250000004,50,1,0.119999997,0.550000012,0.0133333337
SL1_rand_20_r0,0,1198,38.6603432,38,3.00414157,4.71519995,0.0120000001,0.00200000009,0.00760890497,0.00702425232,0.00297574745,2.98601174,6,2.5,8.72311974,1,1,0,1,0,1.85822582,0.253784776,73.7863693,1.11374402,3.07371998,4.71519995,489.137512,76.5231018,1.75010002,0.0250000004,50,1,0.119999997,0.550000012,0.0133333337
SL1_rand_20_r0,0,1199,38.6736755,38,3.1343565,4.71519995,0.0120000001,0.00200000009,0.00838565547,0.00650316337,0.00349683664,3.24089599,6,2.5,8.72311974,0,1,0,0,0,1.85822582,0.253784776,73.7863693,1.11374402,3.07371998,4.71519995,489.137512,76.5231018,1.75010002,0.0250000004,50,1,0.119999997,0.550000012,0.0133333337
SL1_rand_20_r0,0,1200,38.6870117,38,2.94858527,4.71519995,0.0120000001,0.00200000009,0.00806372706,0.00741150742,0.00258849259,2.79659081,6,2.5,8.72311974,0,1,0,0,0,1.85822582,0.253784776,73.7863693,1.11374402,3.07371998,4.71519995,489.137512,76.5231018,1.75010002,0.0250000004,50,1,0.119999997,0.550000012,0.0133333337
SL1_rand_20_r0,0,1201,38.7003441,38,2.74480438,4.71519995,0.0120000001,0.00200000009,0.00798368081,0.00785824563,0.00214175484,2.57807469,6,2.5,8.72311974,1,1,0,1,0,1.85822582,0.253784776,73.7863693,1.11374402,3.07371998,4.71519995,489.137512,76.5231018,1.75010002,0.0250000004,50,1,0.119999997,0.550000012,0.0133333337
SL1_rand_20_r0,0,1202,38.8403511,38,3.01115036,4.71519995,0.0120000001,0.00200000009,0.00735702878,0.00652734051,0.0034726595,3.22906995,6,2.5,8.72311974,1,1,0,2,0,1.85822582,0.253784776,73.7863693,1.11374402,3.07371998,4.71519995,489.137512,76.5231018,1.75010002,0.0250000004,50,1,0.119999997,0.550000012,0.0133333337
SL1_rand_20_r0,0,1203,38.9803581,38,2.98413515,4.71519995,0.0120000001,0.00200000009,0.00748189539,0.00707327714,0.00292672287,2.96203184,6,2.5,8.72311974,1,1,0,3,0,1.85822582,0.253784776,73.7863693,1.11374402,3.07371998,4.71519995,489.137512,76.5231018,1.75010002,0.0250000004,50,1,0.119999997,0.550000012,0.0133333337
SL1_rand_20_r0,0,1204,38.9936943,38,3.00816178,4.71519995,0.0120000001,0.00200000009,0.00806076825,0.00693877926,0.00306122098,3.02781987,6,2.5,8.72311974,0,1,0,0,0,1.85822582,0.253784776,73.7863693,1.11374402,3.07371998,4.71519995,489.137512,76.5231018,1.75010002,0.0250000004,50,1,0.119999997,0.550000012,0.0133333337
SL1_rand_20_r0,0,1205,39.0070267,39,2.96683383,4.71519995,0.0120000001,0.00200000009,0.00747272931,0.00713258935,0.00286741043,2.93301988,6,2.5,8.72311974,1,1,0,1,0,1.25779438,-2.64263725,76.421196,1.14218009,1.44335151,4.71519995,489.137512,76.5231018,1.75010002,0.0250000004,50,1,0.119999997,0.550000012,0.0133333337
SL1_rand_20_r0,0,1206,39.1470337,39,2.97839332,4.71519995,0.0120000001,0.00200000009,0.00792176928,0.00702049164,0.00297950814,2.98785114,6,2.5,8.72311974,1,1,0,2,0,1.25779438,-2.64263725,76.421196,1.14218009,1.44335151,4.71519995,489.137512,76.5231018,1.75010002,0.0250000004,50,1,0.119999997,0.550000012,0.0133333337
SL1_rand_20_r0,0,1207,39.2870445,39,2.98870206,4.71519995,0.0120000001,0.00200000009,0.00759024359,0.00700150942,0.00299849082,2.99713635,6,2.5,8.72311974,1,1,0,3,0,1.25779438,-2.64263725,76.421196,1.14218009,1.44335151,4.71519995,489.137512,76.5231018,1.75010002,0.0250000004,50,1,0.119999997,0.550000012,0.0133333337
SL1_rand_20_r0,0,1208,39.4270515,39,2.9761498,4.71519995,0.0120000001,0.00200000009,0.00770321442,0.00706541073,0.00293458928,2.96587968,6,2.5,8.72311974,1,1,0,4,0,1.25779438,-2.64263725,76.421196,1.14218009,1.44335151,4.71519995,489.137512,76.5231018,1.75010002,0.0250000004,50,1,0.119999997,0.550000012,0.0133333337
SL1_rand_20_r0,0,1209,39.5670586,39,2.76944304,4.71519995,0.0120000001,0.00200000009,0.00793630164,0.00781276822,0.00218723202,2.60031915,6,2.5,8.72311974,1,1,0,5,0,1.25779438,-2.64263725,76.421196,1.14218009,1.44335151,4.71519995,489.137512,76.5231018,1.75010002,0.0250000004,50,1,0.119999997,0.550000012,0.0133333337
SL1_rand_20_r0,0,1210,39.5803909,39,2.6184516,4.71519995,0.0120000001,0.00200000009,0.00805920921,0.00802826136,0.00197173818,2.4949131,6,2.5,8.72311974,0,1,0,0,0,1.25779438,-2.64263725,76.421196,1.14218009,1.44335151,4.71519995,489.137512,76.5231018,1.75010002,0.0250000004,50,1,0.119999997,0.550000012,0.0133333337
SL1_rand_20_r0,0,1211,39.5937271,39,2.49496102,4.71519995,0.0120000001,0.00200000009,0.00858016871,0.0082347272,0.00176527328,2.39392328,6,2.5,8.72311974,0,0,0,0,0,1.25779438,-2.64263725,76.421196,1.14218009,1.44335151,4.71519995,489.137512,76.5231018,1.75010002,0.0250000004,50,1,0.119999997,0.550000012,0.0133333337
SL1_rand_20_r0,0,1212,39.6070595,39,2.71955943,4.71519995,0.0120000001,0.00200000009,0.00727833435,0.00719330506,0.00280669518,2.90332174,6,2.5,8.72311974,1,1,0,1,0,1.25779438,-2.64263725,76.421196,1.14218009,1.44335151,4.71519995,489.137512,76.5231018,1.75010002,0.0250000004,50,1,0.119999997,0.550000012,0.0133333337
SL1_rand_20_r0,0,1213,39.7470665,39,2.6776545,4.71519995,0.0120000001,0.00200000009,0.00775573542,0.00772475731,0.00227524247,2.64336848,6,2.5,8.72311974,1,1,0,2,0,1.25779438,-2.64263725,76.421196,1.14218009,1.44335151,4.71519995,489.137512,76.5231018,1.75010002,0.0250000004,50,1,0.119999997,0.550000012,0.0133333337
SL1_rand_20_r0,0,1214,39.8870735,39,2.89131641,4.71519995,0.0120000001,0.00200000009,0.00701838173,0.0068604555,0.00313954451,3.06613088,6,2.5,8.72311974,1,1,0,3,0,1.25779438,-2.64263725,76.421196,1.14218009,1.44335151,4.71519995,489.137512,76.5231018,1.75010002,0.0250000004,50,1,0.119999997,0.550000012,0.0133333337
SL1_rand_20_r0,0,1215,40.0270844,40,3.03632045,4.71519995,0.0120000001,0.00200000009,0.00709851971,0.00667885225,0.00332114752,3.15495992,6,2.5,8.72311974,1,1,0,4,0,1.79852378,-0.61519289,75.9776001,1.09478676,1.10486948,4.71519995,489.137512,76.5231018,1.75010002,0.0250000004,50,1,0.119999997,0.550000012,0.0133333337
SL1_rand_20_r0,0,1216,40.1670914,40,3.09931064,4.71519995,0.0120000001,0.00200000009,0.00790743809,0.00668725884,0.00331274141,3.15084815,6,2.5,8.72311974,1,1,0,5,0,1.79852378,-0.61519289,75.9776001,1.09478676,1.10486948,4.71519995,489.137512,76.5231018,1.75010002,0.0250000004,50,1,0.119999997,0.550000012,0.0133333337
SL1_rand_20_r0,0,1217,40.3070984,40,3.20315075,4.71519995,0.0120000001,0.00200000009,0.00651491014,0.00640663598,0.00359336403,3.28811097,6,2.5,8.72311974,1,1,0,6,0,1.79852378,-0.61519289,75.9776001,1.09478676,1.10486948,4.71519995,489.137512,76.5231018,1.75010002,0.0250000004,50,1,0.119999997,0.550000012,0.0133333337
SL1_rand_20_r0,0,1218,40.4471054,40,3.82659841,4.71519995,0.0120000001,0.00200000009,0.0053335689,0.00426290138,0.0057370984,4.33669186,6,2.5,8.72311974,1,1,0,7,0,1.79852378,-0.61519289,75.9776001,1.09478676,1.10486948,4.71519995,489.137512,76.5231018,1.75010002,0.0250000004,50,1,0.119999997,0.550000012,0.0133333337
SL1_rand_20_r0,0,1219,40.5871162,40,4.33508348,4.71519995,0.0120000001,0.00200000009,0.00371182966,0.00312518282,0.00687481696,4.75111675,6,2.5,8.72311974,1,1,0,8,0,1.79852378,-0.61519289,75.9776001,1.09478676,1.10486948,4.71519995,489.137512,76.5231018,1.75010002,0.0250000004,50,1,0.119999997,0.550000012,0.0133333337
SL1_rand_20_r0,0,1220,40.7271233,40,4.47726059,4.71519995,0.0120000001,0.00200000009,0.00222771917,0.00207299669,0.00792700332,4.59358692,6,2.5,8.72311974,1,1,0,9,0,1.79852378,-0.61519289,75.9776001,1.09478676,1.10486948,4.71519995,489.137512,76.5231018,1.75010002,0.0250000004,50,1,0.119999997,0.550000012,0.0133333337
SL1_rand_20_r0,0,1221,40.8671303,40,4.6432147,4.71519995,0.0120000001,0.00200000009,0.00315539027,0.0010941904,0.00890580937,4.77899551,6,2.5,8.72311974,1,1,0,10,0,1.79852378,-0.61519289,75.9776001,1.09478676,1.10486948,4.71519995,489.137512,76.5231018,1.75010002,0.0250000004,50,1,0.119999997,0.550000012,0.0133333337
SL1_rand_20_r0,0,1222,41.0071373,41,4.25787258,4.71519995,0.0120000001,0.00200000009,0.00273317494,0.00227147341,0.00772852637,3.94259286,6,2.5,8.72311974,1,1,0,11,0,1.86053848,-0.161273777,77.0655975,1.11374402,0.880094469,4.71519995,489.137512,76.5231018,1.75010002,0.0250000004,50,1,0.119999997,0.550000012,0.0133333337
SL1_rand_20_r0,0,1223,41.1471481,41,4.7170167,4.71519995,0.0120000001,0.00200000009,0.000920897524,0.000836186402,0.00916381367,5.09267998,6,2.5,8.72311974,1,1,0,12,0,1.86053848,-0.161273777,77.0655975,1.11374402,0.880094469,4.71519995,489.137512,76.5231018,1.75010002,0.0250000004,50,1,0.119999997,0.550000012,0.0133333337
SL1_rand_20_r0,0,1224,41.2871552,41,5.00495386,4.71519995,0.0120768789,0.00207687891,0.00134884659,-0.000510616461,0.010510616,5.2405386,6,2.5,8.72311974,1,1,0,13,0,1.86053848,-0.161273777,77.0655975,1.11374402,0.880094469,4.71519995,489.137512,76.5231018,1.75010002,0.0250000004,50,1,0.119999997,0.550000012,0.0133333337
SL1_rand_20_r0,0,1225,41.4271622,41,4.49263859,4.71519995,0.012027869,0.00202786946,0.00121913129,0.000950494665,0.009049505,4.07347155,6,2.5,8.72311974,1,1,0,14,0,1.86053848,-0.161273777,77.0655975,1.11374402,0.880094469,4.71519995,489.137512,76.5231018,1.75010002,0.0250000004,50,1,0.119999997,0.550000012,0.0133333337
SL1_rand_20_r0,0,1226,41.5671692,41,4.91614532,4.71519995,0.0120755192,0.00207551941,0.00197287812,-0.000299005274,0.0102990055,5.26265097,6,2.5,8.72311974,1,1,0,15,0,1.86053848,-0.161273777,77.0655975,1.11374402,0.880094469,4.71519995,489.137512,76.5231018,1.75010002,0.0250000004,50,1,0.119999997,0.550000012,0.0133333337
SL1_rand_20_r0,0,1227,41.70718,41,4.68495893,4.71519995,0.012075061,0.00207506074,0.00170758669,0.000361431041,0.00963856932,4.49580622,6,2.5,8.72311974,1,1,0,16,0,1.86053848,-0.161273777,77.0655975,1.11374402,0.880094469,4.71519995,489.137512,76.5231018,1.75010002,0.0250000004,50,1,0.119999997,0.550000012,0.0133333337
SL1_rand_20_r0,0,1228,41.847187,41,4.64626598,4.71519995,0.0120558357,0.00205583591,0.00131249544,0.000570131233,0.00942986924,4.61460829,6,2.5,8.72311974,1,1,0,17,0,1.86053848,-0.161273777,77.0655975,1.11374402,0.880094469,4.71519995,489.137512,76.5231018,1.75010002,0.0250000004,50,1,0.119999997,0.550000012,0.0133333337
SL1_rand_20_r0,0,1229,41.9871941,41,5.03056145,4.71519995,0.0121402321,0.00214023236,0.00161460671,-0.000746910751,0.0107469112,5.34498549,6,2.5,8.72311974,1,1,0,18,0,1.86053848,-0.161273777,77.0655975,1.11374402,0.880094469,4.71519995,489.137512,76.5231018,1.75010002,0.0250000004,50,1,0.119999997,0.550000012,0.0133333337
SL1_rand_20_r0,0,1230,42.1272011,42,4.77958155,4.71519995,0.0121721821,0.00217218208,0.00180730363,-0.000143835976,0.010143836,4.57423449,6,2.5,8.72311974,1,1,0,19,0,0.585269868,-0.416525066,76.3403625,1.16113746,9.19281101,4.71519995,489.137512,76.5231018,1.75010002,0.0250000004,50,1,0.119999997,0.550000012,0.0133333337
SL1_rand_20_r0,0,1231,42.2672119,42,4.86388302,4.71519995,0.0122188078,0.00221880805,0.00142655789,-0.000384709187,0.0103847096,4.93285656,6,2.5,8.72311974,1,1,0,20,0,0.585269868,-0.416525066,76.3403625,1.16113746,9.19281101,4.71519995,489.137512,76.5231018,1.75010002,0.0250000004,50,1,0.119999997,0.550000012,0.0133333337
SL1_rand_20_r0,0,1232,42.4072189,42,4.85756683,4.71519995,0.0122661255,0.00226612529,0.000853283738,-0.000357979152,0.0103579788,4.85239935,6,2.5,8.72311974,1,1,0,21,0,0.585269868,-0.416525066,76.3403625,1.16113746,9.19281101,4.71519995,489.137512,76.5231018,1.75010002,0.0250000004,50,1,0.119999997,0.550000012,0.0133333337
SL1_rand_20_r0,0,1233,42.547226,42,4.62354708,4.71519995,0.0122485524,0.0022485524,0.00184616749,0.000494844164,0.0095051555,4.43207598,6,2.5,8.72311974,1,1,0,22,0,0.585269868,-0.416525066,76.3403625,1.16113746,9.19281101,4.71519995,489.137512,76.5231018,1.75010002,0.0250000004,50,1,0.119999997,0.550000012,0.0133333337
SL1_rand_20_r0,0,1234,42.687233,42,4.91721773,4.71519995,0.0123017393,0.00230173953,0.00172172871,-0.000379104342,0.0103791039,5.15749359,6,2.5,8.72311974,1,1,0,23,0,0.585269868,-0.416525066,76.3403625,1.16113746,9.19281101,4.71519995,489.137512,76.5231018,1.75010002,0.0250000004,50,1,0.119999997,0.550000012,0.0133333337
SL1_rand_20_r0,0,1235,42.8272438,42,4.79517937,4.71519995,0.0123328203,0.00233282032,0.00111852144,-9.84534709e-05,0.0100984536,4.69532967,6,2.5,8.72311974,1,1,0,24,0,0.585269868,-0.416525066,76.3403625,1.16113746,9.19281101,4.71519995,489.137512,76.5231018,1.75010002,0.0250000004,50,1,0.119999997,0.550000012,0.0133333337
SL1_rand_20_r0,0,1236,42.9672508,42,4.81274223,4.71519995,0.0123650953,0.00236509554,0.00102438009,-0.00016036717,0.010160367,4.82711172,6,2.5,8.72311974,1,1,0,25,0,0.585269868,-0.416525066,76.3403625,1.16113746,9.19281101,4.71519995,489.137512,76.5231018,1.75010002,0.0250000004,50,1,0.119999997,0.550000012,0.0133333337
SL1_rand_20_r0,0,1237,43.1072578,43,4.90672731,4.71519995,0.0124236764,0.00242367689,0.0012841532,-0.000491554209,0.0104915546,4.98362446,6,2.5,8.72311974,1,1,0,26,0,-0.892896295,-15.0735512,67.1483841,1.17535543,10.0115833,4.71519995,489.137512,76.5231018,1.75010002,0.0250000004,50,1,0.119999997,0.550000012,0.0133333337
SL1_rand_20_r0,0,1238,43.2472649,43,4.67617369,4.71519995,0.0124225998,0.00242259982,0.00066906889,0.000275724131,0.00972427614,4.48753881,6,2.5,8.72311974,1,1,0,27,0,-0.892896295,-15.0735512,67.1483841,1.17535543,10.0115833,4.71519995,489.137512,76.5231018,1.75010002,0.0250000004,50,1,0.119999997,0.550000012,0.0133333337
SL1_rand_20_r0,0,1239,43.3872757,43,5.15534115,4.71519995,0.0125446813,0.00254468177,0.00135170738,-0.0013310517,0.0113310516,5.5473876,6,2.5,8.72311974,1,1,0,28,0,-0.892896295,-15.0735512,67.1483841,1.17535543,10.0115833,4.71519995,489.137512,76.5231018,1.75010002,0.0250000004,50,1,0.119999997,0.550000012,0.0133333337
SL1_rand_20_r0,0,1240,43.5272827,43,4.57359076,4.71519995,0.0125256926,0.00252569281,0.00113990868,0.000476832152,0.00952316821,4.09761286,6,2.5,8.72311974,1,1,0,29,0,-0.892896295,-15.0735512,67.1483841,1.17535543,10.0115833,4.71519995,489.137512,76.5231018,1.75010002,0.0250000004,50,1,0.119999997,0.550000012,0.0133333337
SL1_rand_20_r0,0,1241,43.6672897,43,5.10640287,4.71519995,0.0126311956,0.00263119559,0.00141764095,-0.00115259958,0.0111525999,5.54234028,6,2.5,8.72311974,1,1,0,30,0,-0.892896295,-15.0735512,67.1483841,1.17535543,10.0115833,4.71519995,489.137512,76.5231018,1.75010002,0.0250000004,50,1,0.119999997,0.550000012,0.0133333337
SL1_rand_20_r0,0,1242,43.8073006,43,4.94291353,4.71519995,0.0127120335,0.00271203299,0.00128355797,-0.00082221796,0.0108222179,4.80914927,6,2.5,8.72311974,1,1,0,31,0,-0.892896295,-15.0735512,67.1483841,1.17535543,10.0115833,4.71519995,489.137512,76.5231018,1.75010002,0.0250000004,50,1,0.119999997,0.550000012,0.0133333337
SL1_rand_20_r0,0,1243,43.9473076,43,4.45276403,4.71519995,0.0126526067,0.00265260693,0.00135402568,0.00095778075,0.00904221926,4.05173254,6,2.5,8.72311974,1,1,0,32,0,-0.892896295,-15.0735512,67.1483841,1.17535543,10.0115833,4.71519995,489.137512,76.5231018,1.75010002,0.0250000004,50,1,0.119999997,0.550000012,0.0133333337
SL1_rand_20_r0,0,1244,44.0873146,44,4.6459465,4.71519995,0.0126234656,0.00262346561,0.00128269964,0.00073643506,0.00926356483,4.80400467,6,2.5,8.72311974,1,1,0,33,0,-0.260482728,-2.00789165,57.2648087,1.23222744,2.45363235,4.71519995,489.137512,76.5231018,1.75010002,0.0250000004,50,1,0.119999997,0.550000012,0.0133333337
SL1_rand_20_r0,0,1245,44.2273216,44,4.76959801,4.71519995,0.0126337195,0.00263371924,0.00171992369,0.000315672631,0.00968432706,4.87076759,6,2.5,8.72311974,1,1,0,34,0,-0.260482728,-2.00789165,57.2648087,1.23222744,2.45363235,4.71519995,489.137512,76.5231018,1.75010002,0.0250000004,50,1,0.119999997,0.550000012,0.0133333337
SL1_rand_20_r0,0,1246,44.3673325,44,4.97234774,4.71519995,0.0127068581,0.0027068581,0.000990833156,-0.000600929779,0.0106009301,5.13823414,6,2.5,8.72311974,1,1,0,35,0,-0.260482728,-2.00789165,57.2648087,1.23222744,2.45363235,4.71519995,489.137512,76.5231018,1.75010002,0.0250000004,50,1,0.119999997,0.550000012,0.0133333337
SL1_rand_20_r0,0,1247,44.5073395,44,4.59355259,4.71519995,0.012685257,0.00268525677,0.00133497943,0.000555952778,0.0094440477,4.28362894,6,2.5,8.72311974,1,1,0,36,0,-0.260482728,-2.00789165,57.2648087,1.23222744,2.45363235,4.71519995,489.137512,76.5231018,1.75010002,0.0250000004,50,1,0.119999997,0.550000012,0.0133333337
SL1_rand_20_r0,0,1248,44.6473465,44,5.01958704,4.71519995,0.0127662085,0.00276620872,0.000773836626,-0.000771984749,0.0107719852,5.3681612,6,2.5,8.72311974,1,1,0,37,0,-0.260482728,-2.00789165,57.2648087,1.23222744,2.45363235,4.71519995,489.137512,76.5231018,1.75010002,0.0250000004,50,1,0.119999997,0.550000012,0.0133333337
SL1_rand_20_r0,0,1249,44.7873535,44,4.58443594,4.71519995,0.0127433771,0.00274337712,0.00124544522,0.000595519843,0.00940448046,4.22840309,6,2.5,8.72311974,1,1,0,38,0,-0.260482728,-2.00789165,57.2648087,1.23222744,2.45363235,4.71519995,489.137512,76.5231018,1.75010002,0.0250000004,50,1,0.119999997,0.550000012,0.0133333337
SL1_rand_20_r0,0,1250,44.9273643,44,4.62594414,4.71519995,0.012714779,0.00271477876,0.00108174165,0.00068753073,0.00931246951,4.65990591,6,2.5,8.72311974,1,1,0,39,0,-0.260482728,-2.00789165,57.2648087,1.23222744,2.45363235,4.71519995,489.137512,76.5231018,1.75010002,0.0250000004,50,1,0.119999997,0.550000012,0.0133333337
SL1_rand_20_r0,0,1251,45.0673714,45,4.83279228,4.71519995,0.0127426768,0.00274267676,0.00123735087,4.22172234e-05,0.00995778292,5.0020318,6,2.5,8.72311974,1,1,0,40,0,1.0796597,-1.82062757,54.8113823,1.18483412,14.1539755,4.71519995,489.137512,76.5231018,1.75010002,0.0250000004,50,1,0.119999997,0.550000012,0.0133333337
SL1_rand_20_r0,0,1252,45.2073784,45,4.81125069,4.71519995,0.0127740074,0.00277400739,0.000373715156,-6.20315623e-05,0.0100620314,4.79362583,6,2.5,8.72311974,1,1,0,41,0,1.0796597,-1.82062757,54.8113823,1.18483412,14.1539755,4.71519995,489.137512,76.5231018,1.75010002,0.0250000004,50,1,0.119999997,0.550000012,0.0133333337
SL1_rand_20_r0,0,1253,45.3473854,45,4.76094055,4.71519995,0.0127919344,0.00279193465,0.00130305835,5.67271236e-05,0.00994327292,4.71977758,6,2.5,8.72311974,1,1,0,42,0,1.0796597,-1.82062757,54.8113823,1.18483412,14.1539755,4.71519995,489.137512,76.5231018,1.75010002,0.0250000004,50,1,0.119999997,0.550000012,0.0133333337
SL1_rand_20_r0,0,1254,45.4873962,45,5.11638784,4.71519995,0.0129063642,0.00290636369,0.00140309543,-0.00122285727,0.0112228571,5.40720844,6,2.5,8.72311974,1,1,0,43,0,1.0796597,-1.82062757,54.8113823,1.18483412,14.1539755,4.71519995,489.137512,76.5231018,1.75010002,0.0250000004,50,1,0.119999997,0.550000012,0.0133333337
SL1_rand_20_r0,0,1255,45.6274033,45,4.67934942,4.71519995,0.0129154762,0.00291547668,0.00110122957,9.03942346e-05,0.00990960561,4.3217721,6,2.5,8.72311974,1,1,0,44,0,1.0796597,-1.82062757,54.8113823,1.18483412,14.1539755,4.71519995,489.137512,76.5231018,1.75010002,0.0250000004,50,1,0.119999997,0.550000012,0.0133333337
SL1_rand_20_r0,0,1256,45.7674103,45,4.52767611,4.71519995,0.0128649054,0.00286490563,0.00124833512,0.000911714684,0.00908828527,4.40358019,6,2.5,8.72311974,1,1,0,45,0,1.0796597,-1.82062757,54.8113823,1.18483412,14.1539755,4.71519995,489.137512,76.5231018,1.75010002,0.0250000004,50,1,0.119999997,0.550000012,0.0133333337
SL1_rand_20_r0,0,1257,45.9074173,45,5.04614353,4.71519995,0.0129484059,0.00294840592,0.00166183966,-0.000708957668,0.0107089579,5.47034454,6,2.5,8.72311974,1,1,0,46,0,1.0796597,-1.82062757,54.8113823,1.18483412,14.1539755,4.71519995,489.137512,76.5231018,1.75010002,0.0250000004,50,1,0.119999997,0.550000012,0.0133333337
SL1_rand_20_r0,0,1258,46.0474281,46,4.67676878,4.71519995,0.0129516469,0.00295164715,0.00153789972,0.000272806443,0.00972719397,4.3745532,6,2.5,8.72311974,1,1,0,47,0,-3.38424492,-27.6590347,40.6810532,1.0710901,3.62284422,4.71519995,489.137512,76.5231018,1.75010002,0.0250000004,50,1,0.119999997,0.550000012,0.0133333337
SL1_rand_20_r0,0,1259,46.1874352,46,4.79120493,4.71519995,0.0129733002,0.00297329994,0.00164841395,-1.70544517e-05,0.0100170542,4.88483429,6,2.5,8.72311974,1,1,0,48,0,-3.38424492,-27.6590347,40.6810532,1.0710901,3.62284422,4.71519995,489.137512,76.5231018,1.75010002,0.0250000004,50,1,0.119999997,0.550000012,0.0133333337
SL1_rand_20_r0,0,1260,46.3274422,46,4.93476629,4.71519995,0.0130378995,0.00303789927,0.000905594672,-0.000532092352,0.0105320923,5.05222511,6,2.5,8.72311974,1,1,0,49,0,-3.38424492,-27.6590347,40.6810532,1.0710901,3.62284422,4.71519995,489.137512,76.5231018,1.75010002,0.0250000004,50,1,0.119999997,0.550000012,0.0133333337
SL1_rand_20_r0,0,1261,46.4674492,46,4.80948257,4.71519995,0.0130748553,0.00307485554,0.00183784403,-0.000229391429,0.010229391,4.70697832,6,2.5,8.72311974,1,1,0,50,0,-3.38424492,-27.6590347,40.6810532,1.0710901,3.62284422,4.71519995,489.137512,76.5231018,1.75010002,0.0250000004,50,1,0.119999997,0.550000012,0.0133333337
SL1_rand_20_r0,0,1262,46.60746,46,4.25786161,4.71519995,0.0129539762,0.00295397663,0.00204168819,0.00187096559,0.00812903419,3.80653524,6,2.5,8.72311974,1,1,0,51,0,-3.38424492,-27.6590347,40.6810532,1.0710901,3.62284422,4.71519995,489.137512,76.5231018,1.75010002,0.0250000004,50,1,0.119999997,0.550000012,0.0133333337
SL1_rand_20_r0,0,1263,46.747467,46,4.88485575,4.71519995,0.0129809566,0.00298095657,0.00161765597,9.92086716e-05,0.00990079157,5.39785051,6,2.5,8.72311974,1,1,0,52,0,-3.38424492,-27.6590347,40.6810532,1.0710901,3.62284422,4.71519995,489.137512,76.5231018,1.75010002,0.0250000004,50,1,0.119999997,0.550000012,0.0133333337
SL1_rand_20_r0,0,1264,46.8874741,46,4.9495101,4.71519995,0.0130505394,0.00305053941,0.000947216002,-0.000480253802,0.010480254,5.00240946,6,2.5,8.72311974,1,1,0,53,0,-3.38424492,-27.6590347,40.6810532,1.0710901,3.62284422,4.71519995,489.137512,76.5231018,1.75010002,0.0250000004,50,1,0.119999997,0.550000012,0.0133333337
SL1_rand_20_r0,0,1265,47.0274811,47,4.84649897,4.71519995,0.0130986087,0.00309860846,0.00161196466,-0.000389101304,0.0103891017,4.76221752,6,2.5,8.72311974,1,1,0,54,0,-1.01889777,-29.2518196,44.2114449,1.09004736,12.7745962,4.71519995,489.137512,76.5231018,1.75010002,0.0250000004,50,1,0.119999997,0.550000012,0.0133333337
SL1_rand_20_r0,0,1266,47.1674919,47,4.49629498,4.71519995,0.013045813,0.00304581318,0.00123305386,0.000942284765,0.00905771554,4.20976448,6,2.5,8.72311974,1,1,0,55,0,-1.01889777,-29.2518196,44.2114449,1.09004736,12.7745962,4.71519995,489.137512,76.5231018,1.75010002,0.0250000004,50,1,0.119999997,0.550000012,0.0133333337
SL1_rand_20_r0,0,1267,47.3074989,47,5.05958748,4.71519995,0.0131326774,0.00313267694,0.00105114258,-0.000790541933,0.0107905418,5.52046299,6,2.5,8.72311974,1,1,0,56,0,-1.01889777,-29.2518196,44.2114449,1.09004736,12.7745962,4.71519995,489.137512,76.5231018,1.75010002,0.0250000004,50,1,0.119999997,0.550000012,0.0133333337
SL1_rand_20_r0,0,1268,47.447506,47,4.68440866,4.71519995,0.0131386016,0.00313860108,0.000582409091,0.000235322907,0.00976467691,4.37744379,6,2.5,8.72311974,1,1,0,57,0,-1.01889777,-29.2518196,44.2114449,1.09004736,12.7745962,4.71519995,489.137512,76.5231018,1.75010002,0.0250000004,50,1,0.119999997,0.550000012,0.0133333337
SL1_rand_20_r0,0,1269,47.587513,47,4.47588778,4.71519995,0.0130731128,0.00307311281,0.00147974119,0.00114261289,0.00885738712,4.30528021,6,2.5,8.72311974,1,1,0,58,0,-1.01889777,-29.2518196,44.2114449,1.09004736,12.7745962,4.71519995,489.137512,76.5231018,1.75010002,0.0250000004,50,1,0.119999997,0.550000012,0.0133333337
SL1_rand_20_r0,0,1270,47.7275238,47,4.8038044,4.71519995,0.0130868107,0.00308681047,0.000330566021,0.000245242554,0.0097547574,5.07209921,6,2.5,8.72311974,1,1,0,59,0,-1.01889777,-29.2518196,44.2114449,1.09004736,12.7745962,4.71519995,489.137512,76.5231018,1.75010002,0.0250000004,50,1,0.119999997,0.550000012,0.0133333337
SL1_rand_20_r0,0,1271,47.8675308,47,4.94168615,4.71519995,0.0131520061,0.00315200631,0.00124344986,-0.000462066877,0.0104620671,5.0544982,6,2.5,8.72311974,1,1,0,60,0,-1.01889777,-29.2518196,44.2114449,1.09004736,12.7745962,4.71519995,489.137512,76.5231018,1.75010002,0.0250000004,50,1,0.119999997,0.550000012,0.0133333337
SL1_rand_20_r0,0,1272,48.0075378,48,4.58206463,4.71519995,0.0131258899,0.00312589016,0.000708505686,0.000621925981,0.00937807374,4.28782892,6,2.5,8.72311974,1,1,0,61,0,-1.13600016,-2.61489677,56.8006706,1.18483412,2.17309165,4.71519995,489.137512,76.5231018,1.75010002,0.0250000004,50,1,0.119999997,0.550000012,0.0133333337
SL1_rand_20_r0,0,1273,48.1475449,48,4.68912315,4.71519995,0.013114294,0.0031142938,0.00106941885,0.000479552866,0.00952044688,4.77671671,6,2.5,8.72311974,1,1,0,62,0,-1.13600016,-2.61489677,56.8006706,1.18483412,2.17309165,4.71519995,489.137512,76.5231018,1.75010002,0.0250000004,50,1,0.119999997,0.550000012,0.0133333337
SL1_rand_20_r0,0,1274,48.2875557,48,5.05480623,4.71519995,0.0132066961,0.00320669636,0.0014713133,-0.000836950669,0.0108369505,5.35400152,6,2.5,8.72311974,1,1,0,63,0,-1.13600016,-2.61489677,56.8006706,1.18483412,2.17309165,4.71519995,489.137512,76.5231018,1.75010002,0.0250000004,50,1,0.119999997,0.550000012,0.0133333337
SL1_rand_20_r0,0,1275,48.4275627,48,4.73089027,4.71519995,0.0132264551,0.00322645507,0.0014048334,2.5597692e-06,0.0099974405,4.465868,6,2.5,8.72311974,1,1,0,64,0,-1.13600016,-2.61489677,56.8006706,1.18483412,2.17309165,4.71519995,489.137512,76.5231018,1.75010002,0.0250000004,50,1,0.119999997,0.550000012,0.0133333337
SL1_rand_20_r0,0,1276,48.5675697,48,4.66427183,4.71519995,0.0132156014,0.00321560167,0.000598815037,0.000390255358,0.00960974488,4.60976648,6,2.5,8.72311974,1,1,0,65,0,-1.13600016,-2.61489677,56.8006706,1.18483412,2.17309165,4.71519995,489.137512,76.5231018,1.75010002,0.0250000004,50,1,0.119999997,0.550000012,0.0133333337
SL1_rand_20_r0,0,1277,48.7075806,48,5.00934982,4.71519995,0.0132955005,0.00329550076,0.00133747014,-0.000716522627,0.010716523,5.29168606,6,2.5,8.72311974,1,1,0,66,0,-1.13600016,-2.61489677,56.8006706,1.18483412,2.17309165,4.71519995,489.137512,76.5231018,1.75010002,0.0250000004,50,1,0.119999997,0.550000012,0.0133333337
SL1_rand_20_r0,0,1278,48.8475876,48,4.78449535,4.71519995,0.0133280661,0.00332806609,0.000556203886,-0.000155369155,0.0101553695,4.60052347,6,2.5,8.72311974,1,1,0,67,0,-1.13600016,-2.61489677,56.8006706,1.18483412,2.17309165,4.71519995,489.137512,76.5231018,1.75010002,0.0250000004,50,1,0.119999997,0.550000012,0.0133333337
SL1_rand_20_r0,0,1279,48.9875946,48,4.83004856,4.71519995,0.0133653963,0.00336539606,0.000995595707,-0.000256500498,0.0102565009,4.86731958,6,2.5,8.72311974,1,1,0,68,0,-1.13600016,-2.61489677,56.8006706,1.18483412,2.17309165,4.71519995,489.137512,76.5231018,1.75010002,0.0250000004,50,1,0.119999997,0.550000012,0.0133333337
SL1_rand_20_r0,0,1280,49.1276016,49,4.99187851,4.71519995,0.0134484731,0.00344847282,0.00141442392,-0.000826569682,0.01082657,5.12428522,6,2.5,8.72311974,1,1,0,69,0,-0.213390991,-1.5077523,57.2756538,1.31279624,10.7981281,4.71519995,489.137512,76.5231018,1.75010002,0.0250000004,50,1,0.119999997,0.550000012,0.0133333337
SL1_rand_20_r0,0,1281,49.2676125,49,4.82788134,4.71519995,0.0134936189,0.00349361938,0.00162582751,-0.000375691452,0.0103756916,4.69370174,6,2.5,8.72311974,1,1,0,70,0,-0.213390991,-1.5077523,57.2756538,1.31279624,10.7981281,4.71519995,489.137512,76.5231018,1.75010002,0.0250000004,50,1,0.119999997,0.550000012,0.0133333337
SL1_rand_20_r0,0,1282,49.4076195,49,4.78968906,4.71519995,0.0135218352,0.0035218352,0.00140493712,-0.000152004286,0.0101520047,4.75844097,6,2.5,8.72311974,1,1,0,71,0,-0.213390991,-1.5077523,57.2756538,1.31279624,10.7981281,4.71519995,489.137512,76.5231018,1.75010002,0.0250000004,50,1,0.119999997,0.550000012,0.0133333337
SL1_rand_20_r0,0,1283,49.5476265,49,4.95880222,4.71519995,0.0135942055,0.00359420525,0.00110031373,-0.000685579202,0.0106855789,5.09716749,6,2.5,8.72311974,1,1,0,72,0,-0.213390991,-1.5077523,57.2756538,1.31279624,10.7981281,4.71519995,489.137512,76.5231018,1.75010002,0.0250000004,50,1,0.119999997,0.550000012,0.0133333337
SL1_rand_20_r0,0,1284,49.6876335,49,4.6754179,4.71519995,0.013595216,0.0035952162,0.000627713627,0.00023620986,0.00976379029,4.44355774,6,2.5,8.72311974,1,1,0,73,0,-0.213390991,-1.5077523,57.2756538,1.31279624,10.7981281,4.71519995,489.137512,76.5231018,1.75010002,0.0250000004,50,1,0.119999997,0.550000012,0.0133333337
SL1_rand_20_r0,0,1285,49.8276443,49,4.81460476,4.71519995,0.0136229973,0.00362299709,0.00101818261,-8.53577585e-05,0.0100853574,4.92848492,6,2.5,8.72311974,1,1,0,74,0,-0.213390991,-1.5077523,57.2756538,1.31279624,10.7981281,4.71519995,489.137512,76.5231018,1.75010002,0.0250000004,50,1,0.119999997,0.550000012,0.0133333337
SL1_rand_20_r0,0,1286,49.9676514,49,4.80712461,4.71519995,0.0136531619,0.00365316169,0.00123297703,-7.60158655e-05,0.0100760162,4.80100441,6,2.5,8.72311974,1,1,0,75,0,-0.213390991,-1.5077523,57.2756538,1.31279624,10.7981281,4.71519995,489.137512,76.5231018,1.75010002,0.0250000004,50,1,0.119999997,0.550000012,0.0133333337
SL1_rand_20_r0,0,1287,50.1076584,50,5.07538414,4.71519995,0.0137582403,0.00375824026,0.00111774064,-0.00110805617,0.0111080566,5.29486895,6,2.5,8.72311974,1,1,0,76,0,-2.56211281,-13.1560993,68.0422134,1.17061615,8.53022861,4.71519995,489.137512,76.5231018,1.75010002,0.0250000004,50,1,0.119999997,0.550000012,0.0133333337
SL1_rand_20_r0,0,1288,50.2476654,50,4.57001638,4.71519995,0.0137354247,0.00373542472,0.000845284143,0.000515979656,0.00948402006,4.15653372,6,2.5,8.72311974,1,1,0,77,0,-2.56211281,-13.1560993,68.0422134,1.17061615,8.53022861,4.71519995,489.137512,76.5231018,1.75010002,0.0250000004,50,1,0.119999997,0.550000012,0.0133333337
SL1_rand_20_r0,0,1289,50.3876762,50,4.76911259,4.71519995,0.0137465978,0.00374659779,0.0008186216,0.000131090957,0.00986890867,4.93200922,6,2.5,8.72311974,1,1,0,78,0,-2.56211281,-13.1560993,68.0422134,1.17061615,8.53022861,4.71519995,489.137512,76.5231018,1.75010002,0.0250000004,50,1,0.119999997,0.550000012,0.0133333337
SL1_rand_20_r0,0,1290,50.5276833,50,4.6813364,4.71519995,0.0137390532,0.00373905338,0.000671392423,0.000471351639,0.00952864811,4.60951948,6,2.5,8.72311974,1,1,0,79,0,-2.56211281,-13.1560993,68.0422134,1.17061615,8.53022861,4.71519995,489.137512,76.5231018,1.75010002,0.0250000004,50,1,0.119999997,0.550000012,0.0133333337
SL1_rand_20_r0,0,1291,50.6676903,50,5.04715681,4.71519995,0.0138300061,0.00383000611,0.00153476803,-0.000859574298,0.0108595742,5.34646416,6,2.5,8.72311974,1,1,0,80,0,-2.56211281,-13.1560993,68.0422134,1.17061615,8.53022861,4.71519995,489.137512,76.5231018,1.75010002,0.0250000004,50,1,0.119999997,0.550000012,0.0133333337
SL1_rand_20_r0,0,1292,50.8076973,50,4.84299421,4.71519995,0.0138806636,0.00388066331,0.00101288653,-0.000413332978,0.0104133328,4.67595243,6,2.5,8.72311974,1,1,0,81,0,-2.56211281,-13.1560993,68.0422134,1.17061615,8.53022861,4.71519995,489.137512,76.5231018,1.75010002,0.0250000004,50,1,0.119999997,0.550000012,0.0133333337
SL1_rand_20_r0,0,1293,50.9477081,50,4.92125559,4.71519995,0.0139463441,0.0039463439,0.00120351708,-0.00066750095,0.010667501,4.98528814,6,2.5,8.72311974,1,1,0,82,0,-2.56211281,-13.1560993,68.0422134,1.17061615,8.53022861,4.71519995,489.137512,76.5231018,1.75010002,0.0250000004,50,1,0.119999997,0.550000012,0.0133333337
SL1_rand_20_r0,0,1294,51.0877151,51,4.29848099,4.71519995,0.013841535,0.00384153542,0.00187441381,0.00163731468,0.00836268533,3.78893805,6,2.5,8.72311974,1,1,0,83,0,2.1423173,-3.10493231,76.5236359,1.18483412,1.78660858,4.71519995,489.137512,76.5231018,1.75010002,0.0250000004,50,1,0.119999997,0.550000012,0.0133333337
SL1_rand_20_r0,0,1295,51.2277222,51,4.56850672,4.71519995,0.0137833189,0.00378331915,0.00126941863,0.00119220896,0.0088077914,4.78943729,6,2.5,8.72311974,1,1,0,84,0,2.1423173,-3.10493231,76.5236359,1.18483412,1.78660858,4.71519995,489.137512,76.5231018,1.75010002,0.0250000004,50,1,0.119999997,0.550000012,0.0133333337
SL1_rand_20_r0,0,1296,51.3677292,51,4.91394472,4.71519995,0.0138288233,0.00382882333,0.000530411897,-7.7498873e-05,0.0100774989,5.19657564,6,2.5,8.72311974,1,1,0,85,0,2.1423173,-3.10493231,76.5236359,1.18483412,1.78660858,4.71519995,489.137512,76.5231018,1.75010002,0.0250000004,50,1,0.119999997,0.550000012,0.0133333337
SL1_rand_20_r0,0,1297,51.50774,51,5.07946014,4.71519995,0.0139375906,0.00393759087,0.00165848446,-0.00108851586,0.0110885156,5.2148819,6,2.5,8.72311974,1,1,0,86,0,2.1423173,-3.10493231,76.5236359,1.18483412,1.78660858,4.71519995,489.137512,76.5231018,1.75010002,0.0250000004,50,1,0.119999997,0.550000012,0.0133333337
SL1_rand_20_r0,0,1298,51.647747,51,4.55122995,4.71519995,0.0139101716,0.00391017133,0.00135675166,0.000558003376,0.00944199692,4.11904144,6,2.5,8.72311974,1,1,0,87,0,2.1423173,-3.10493231,76.5236359,1.18483412,1.78660858,4.71519995,489.137512,76.5231018,1.75010002,0.0250000004,50,1,0.119999997,0.550000012,0.0133333337
SL1_rand_20_r0,0,1299,51.7877541,51,4.72183943,4.71519995,0.0139074456,0.00390744582,0.00065632991,0.000318599807,0.00968139991,4.86142874,6,2.5,8.72311974,1,1,0,88,0,2.1423173,-3.10493231,76.5236359,1.18483412,1.78660858,4.71519995,489.137512,76.5231018,1.75010002,0.0250000004,50,1,0.119999997,0.550000012,0.0133333337
SL1_rand_20_r0,0,1300,51.9277611,51,4.7521863,4.71519995,0.0139172655,0.00391726522,0.00124495826,0.000259383523,0.00974061619,4.77701521,6,2.5,8.72311974,1,1,0,89,0,2.1423173,-3.10493231,76.5236359,1.18483412,1.78660858,4.71519995,489.137512,76.5231018,1.75010002,0.0250000004,50,1,0.119999997,0.550000012,0.0133333337
SL1_rand_20_r0,0,1301,52.0677719,52,5.02723837,4.71519995,0.0140055791,0.00400557928,0.00198701117,-0.0008300154,0.0108300149,5.25228071,6,2.5,8.72311974,1,1,0,90,0,0.916188002,-1.22921753,78.0737076,1.15165877,3.82792354,4.71519995,489.137512,76.5231018,1.75010002,0.0250000004,50,1,0.119999997,0.550000012,0.0133333337
SL1_rand_20_r0,0,1302,52.2077789,52,4.54276419,4.71519995,0.0139723998,0.00397239951,0.000805180753,0.000694111048,0.00930588879,4.14637613,6,2.5,8.72311974,1,1,0,91,0,0.916188002,-1.22921753,78.0737076,1.15165877,3.82792354,4.71519995,489.137512,76.5231018,1.75010002,0.0250000004,50,1,0.119999997,0.550000012,0.0133333337
SL1_rand_20_r0,0,1303,52.3477859,52,4.87589312,4.71519995,0.014011506,0.00401150621,0.0012130196,-0.000214124375,0.0102141248,5.14845276,6,2.5,8.72311974,1,1,0,92,0,0.916188002,-1.22921753,78.0737076,1.15165877,3.82792354,4.71519995,489.137512,76.5231018,1.75010002,0.0250000004,50,1,0.119999997,0.550000012,0.0133333337
SL1_rand_20_r0,0,1304,52.487793,52,4.34792852,4.71519995,0.0139160044,0.00391600421,0.00177608826,0.00162707234,0.00837292802,3.91595793,6,2.5,8.72311974,1,1,0,93,0,0.916188002,-1.22921753,78.0737076,1.15165877,3.82792354,4.71519995,489.137512,76.5231018,1.75010002,0.0250000004,50,1,0.119999997,0.550000012,0.0133333337
SL1_rand_20_r0,0,1305,52.6278038,52,4.99626207,4.71519995,0.01397816,0.00397816021,0.00170255557,-0.000402454374,0.0104024541,5.52671719,6,2.5,8.72311974,1,1,0,94,0,0.916188002,-1.22921753,78.0737076,1.15165877,3.82792354,4.71519995,489.137512,76.5231018,1.75010002,0.0250000004,50,1,0.119999997,0.550000012,0.0133333337
SL1_rand_20_r0,0,1306,52.7678108,52,4.94964266,4.71519995,0.0140536427,0.00405364251,0.00080101192,-0.000624580891,0.010624581,4.9114995,6,2.5,8.72311974,1,1,0,95,0,0.916188002,-1.22921753,78.0737076,1.15165877,3.82792354,4.71519995,489.137512,76.5231018,1.75010002,0.0250000004,50,1,0.119999997,0.550000012,0.0133333337
SL1_rand_20_r0,0,1307,52.9078178,52,4.44222736,4.71519995,0.0139903966,0.00399039686,0.00222491799,0.00105847081,0.00894152932,4.02706909,6,2.5,8.72311974,1,1,0,96,0,0.916188002,-1.22921753,78.0737076,1.15165877,3.82792354,4.71519995,489.137512,76.5231018,1.75010002,0.0250000004,50,1,0.119999997,0.550000012,0.0133333337
SL1_rand_20_r0,0,1308,53.0478249,53,4.76533079,4.71519995,0.0139937811,0.00399378128,0.0014521447,0.000310895819,0.00968910381,5.02968836,6,2.5,8.72311974,1,1,0,97,0,2.21409178,-2.30942583,74.2471237,1.16113746,2.13793397,4.71519995,489.137512,76.5231018,1.75010002,0.0250000004,50,1,0.119999997,0.550000012,0.0133333337
SL1_rand_20_r0,0,1309,53.1878357,53,4.4585104,4.71519995,0.0139230425,0.00392304268,0.00224163639,0.00136640749,0.00863359217,4.20747519,6,2.5,8.72311974,1,1,0,98,0,2.21409178,-2.30942583,74.2471237,1.16113746,2.13793397,4.71519995,489.137512,76.5231018,1.75010002,0.0250000004,50,1,0.119999997,0.550000012,0.0133333337
SL1_rand_20_r0,0,1310,53.3278427,53,4.8576088,4.71519995,0.0139508108,0.00395081099,0.00122183992,6.54604883e-05,0.00993453991,5.1841445,6,2.5,8.72311974,1,1,0,99,0,2.21409178,-2.30942583,74.2471237,1.16113746,2.13793397,4.71519995,489.137512,76.5231018,1.75010002,0.0250000004,50,1,0.119999997,0.550000012,0.0133333337
SL1_rand_20_r0,0,1311,53.4678497,53,4.65295935,4.71519995,0.0139381504,0.00393815013,0.00145711412,0.000569086464,0.00943091325,4.48551846,6,2.5,8.72311974,1,1,0,100,0,2.21409178,-2.30942583,74.2471237,1.16113746,2.13793397,4.71519995,489.137512,76.5231018,1.75010002,0.0250000004,50,1,0.119999997,0.550000012,0.0133333337
SL1_rand_20_r0,0,1312,53.6078606,53,4.36288977,4.71519995,0.0138381757,0.00383817567,0.0020322327,0.00168448919,0.00831551105,4.12555981,6,2.5,8.72311974,1,1,0,101,0,2.21409178,-2.30942583,74.2471237,1.16113746,2.13793397,4.71519995,489.137512,76.5231018,1.75010002,0.0250000004,50,1,0.119999997,0.550000012,0.0133333337
SL1_rand_20_r0,0,1313,53.7478676,53,4.64494133,4.71519995,0.0138019975,0.00380199705,0.00218554051,0.000970450579,0.00902954955,4.87571144,6,2.5,8.72311974,1,1,0,102,0,2.21409178,-2.30942583,74.2471237,1.16113746,2.13793397,4.71519995,489.137512,76.5231018,1.75010002,0.0250000004,50,1,0.119999997,0.550000012,0.0133333337
SL1_rand_20_r0,0,1314,53.8878746,53,4.81938839,4.71519995,0.013824909,0.00382490875,0.00135028316,0.000194969616,0.00980503019,4.96211815,6,2.5,8.72311974,1,1,0,103,0,2.21409178,-2.30942583,74.2471237,1.16113746,2.13793397,4.71519995,489.137512,76.5231018,1.75010002,0.0250000004,50,1,0.119999997,0.550000012,0.0133333337
SL1_rand_20_r0,0,1315,54.0278816,54,4.75149202,4.71519995,0.0138388081,0.00383880828,0.0025706361,0.00018448582,0.00981551409,4.69594049,6,2.5,8.72311974,1,1,0,104,0,0.0179835875,-2.45333958,72.5269089,1.17535543,2.04042554,4.71519995,489.137512,76.5231018,1.75010002,0.0250000004,50,1,0.119999997,0.550000012,0.0133333337
SL1_rand_20_r0,0,1316,54.1678925,54,4.06172371,4.71519995,0.0136596039,0.00365960388,0.00277876947,0.00271945726,0.00728054298,3.49736738,6,2.5,8.72311974,1,1,0,105,0,0.0179835875,-2.45333958,72.5269089,1.17535543,2.04042554,4.71519995,489.137512,76.5231018,1.75010002,0.0250000004,50,1,0.119999997,0.550000012,0.0133333337
SL1_rand_20_r0,0,1317,54.3078995,54,4.43632746,4.71519995,0.0135522718,0.00355227175,0.00245218421,0.00198584539,0.00801415462,4.74282122,6,2.5,8.72311974,1,1,0,106,0,0.0179835875,-2.45333958,72.5269089,1.17535543,2.04042554,4.71519995,489.137512,76.5231018,1.75010002,0.0250000004,50,1,0.119999997,0.550000012,0.0133333337
SL1_rand_20_r0,0,1318,54.4479065,54,4.48988914,4.71519995,0.0134717971,0.00347179663,0.00194126763,0.00173870451,0.00826129597,4.53371239,6,2.5,8.72311974,1,1,0,107,0,0.0179835875,-2.45333958,72.5269089,1.17535543,2.04042554,4.71519995,489.137512,76.5231018,1.75010002,0.0250000004,50,1,0.119999997,0.550000012,0.0133333337
SL1_rand_20_r0,0,1319,54.5879135,54,4.43639755,4.71519995,0.0133809391,0.0033809389,0.00305171241,0.00177503331,0.00822496694,4.39263153,6,2.5,8.72311974,1,1,0,108,0,0.0179835875,-2.45333958,72.5269089,1.17535543,2.04042554,4.71519995,489.137512,76.5231018,1.75010002,0.0250000004,50,1,0.119999997,0.550000012,0.0133333337
SL1_rand_20_r0,0,1320,54.7279243,54,4.23671341,4.71519995,0.0132328831,0.00323288329,0.00267155329,0.00252526463,0.00747473538,4.07333612,6,2.5,8.72311974,1,1,0,109,0,0.0179835875,-2.45333958,72.5269089,1.17535543,2.04042554,4.71519995,489.137512,76.5231018,1.75010002,0.0250000004,50,1,0.119999997,0.550000012,0.0133333337
SL1_rand_20_r0,0,1321,54.8679314,54,4.50337172,4.71519995,0.0131493658,0.00314936601,0.00245161657,0.00173695444,0.00826304592,4.72154665,6,2.5,8.72311974,1,1,0,110,0,0.0179835875,-2.45333958,72.5269089,1.17535543,2.04042554,4.71519995,489.137512,76.5231018,1.75010002,0.0250000004,50,1,0.119999997,0.550000012,0.0133333337
SL1_rand_20_r0,0,1322,55.0079384,55,4.61378574,4.71519995,0.0131072756,0.00310727581,0.00157004129,0.00116676872,0.0088332314,4.70412397,6,2.5,8.72311974,1,1,0,111,0,-1.36286843,-1.84729338,70.9627151,1.14691949,5.83459234,4.71519995,489.137512,76.5231018,1.75010002,0.0250000004,50,1,0.119999997,0.550000012,0.0133333337
SL1_rand_20_r0,0,1323,55.1479454,55,4.67967033,4.71519995,0.0130903916,0.0030903914,0.00139921578,0.000717694522,0.00928230584,4.73357582,6,2.5,8.72311974,1,1,0,112,0,-1.36286843,-1.84729338,70.9627151,1.14691949,5.83459234,4.71519995,489.137512,76.5231018,1.75010002,0.0250000004,50,1,0.119999997,0.550000012,0.0133333337
SL1_rand_20_r0,0,1324,55.2879562,55,4.37955046,4.71519995,0.0129943416,0.00299434154,0.00245941896,0.00170688122,0.00829311833,4.13399792,6,2.5,8.72311974,1,1,0,113,0,-1.36286843,-1.84729338,70.9627151,1.14691949,5.83459234,4.71519995,489.137512,76.5231018,1.75010002,0.0250000004,50,1,0.119999997,0.550000012,0.0133333337
SL1_rand_20_r0,0,1325,55.4279633,55,4.83933687,4.71519995,0.0130128153,0.00301281572,0.00187833956,0.000238893568,0.00976110622,5.21552563,6,2.5,8.72311974,1,1,0,114,0,-1.36286843,-1.84729338,70.9627151,1.14691949,5.83459234,4.71519995,489.137512,76.5231018,1.75010002,0.0250000004,50,1,0.119999997,0.550000012,0.0133333337
SL1_rand_20_r0,0,1326,55.5679703,55,4.49714708,4.71519995,0.0129553247,0.00295532448,0.00176305138,0.00120493595,0.00879506394,4.21717358,6,2.5,8.72311974,1,1,0,115,0,-1.36286843,-1.84729338,70.9627151,1.14691949,5.83459234,4.71519995,489.137512,76.5231018,1.75010002,0.0250000004,50,1,0.119999997,0.550000012,0.0133333337
SL1_rand_20_r0,0,1327,55.7079773,55,4.85666275,4.71519995,0.0129850376,0.00298503763,0.000917913509,9.25653603e-06,0.00999074336,5.15081167,6,2.5,8.72311974,1,1,0,116,0,-1.36286843,-1.84729338,70.9627151,1.14691949,5.83459234,4.71519995,489.137512,76.5231018,1.75010002,0.0250000004,50,1,0.119999997,0.550000012,0.0133333337
SL1_rand_20_r0,0,1328,55.8479881,55,4.88897657,4.71519995,0.0130382609,0.00303826132,0.00160720886,-0.000328058319,0.0103280582,4.91541529,6,2.5,8.72311974,1,1,0,117,0,-1.36286843,-1.84729338,70.9627151,1.14691949,5.83459234,4.71519995,489.137512,76.5231018,1.75010002,0.0250000004,50,1,0.119999997,0.550000012,0.0133333337
SL1_rand_20_r0,0,1329,55.9879951,55,5.035285,4.71519995,0.0131360441,0.00313604437,0.0013281916,-0.00103853585,0.0110385362,5.1549921,6,2.5,8.72311974,1,1,0,118,0,-1.36286843,-1.84729338,70.9627151,1.14691949,5.83459234,4.71519995,489.137512,76.5231018,1.75010002,0.0250000004,50,1,0.119999997,0.550000012,0.0133333337
SL1_rand_20_r0,0,1330,56.1280022,56,4.57021952,4.71519995,0.0131120691,0.00311206933,0.0017832811,0.000516630244,0.00948337,4.18971157,6,2.5,8.72311974,1,1,0,119,0,-0.824655712,-3.10232186,74.5933685,1.08056867,9.02792454,4.71519995,489.137512,76.5231018,1.75010002,0.0250000004,50,1,0.119999997,0.550000012,0.0133333337
SL1_rand_20_r0,0,1331,56.2680092,56,4.74034691,4.71519995,0.0131150587,0.00311505864,0.00159877946,0.000249239325,0.00975076109,4.87954187,6,2.5,8.72311974,1,1,0,120,0,-0.824655712,-3.10232186,74.5933685,1.08056867,9.02792454,4.71519995,489.137512,76.5231018,1.75010002,0.0250000004,50,1,0.119999997,0.550000012,0.0133333337
SL1_rand_20_r0,0,1332,56.40802,56,4.7043972,4.71519995,0.0131125562,0.00311255618,0.00123256876,0.000414331997,0.00958566833,4.67498446,6,2.5,8.72311974,1,1,0,121,0,-0.824655712,-3.10232186,74.5933685,1.08056867,9.02792454,4.71519995,489.137512,76.5231018,1.75010002,0.0250000004,50,1,0.119999997,0.550000012,0.0133333337
SL1_rand_20_r0,0,1333,56.548027,56,5.01408815,4.71519995,0.0131951636,0.00319516356,0.000946081476,-0.00074540783,0.010745408,5.26747179,6,2.5,8.72311974,1,1,0,122,0,-0.824655712,-3.10232186,74.5933685,1.08056867,9.02792454,4.71519995,489.137512,76.5231018,1.75010002,0.0250000004,50,1,0.119999997,0.550000012,0.0133333337
SL1_rand_20_r0,0,1334,56.6880341,56,4.80898285,4.71519995,0.0132349823,0.00323498226,0.00118944864,-0.00026388705,0.0102638872,4.64116955,6,2.5,8.72311974,1,1,0,123,0,-0.824655712,-3.10232186,74.5933685,1.08056867,9.02792454,4.71519995,489.137512,76.5231018,1.75010002,0.0250000004,50,1,0.119999997,0.550000012,0.0133333337
SL1_rand_20_r0,0,1335,56.8280411,56,4.70617914,4.71519995,0.0132391127,0.00323911291,0.000703434751,0.000176811765,0.00982318819,4.6220665,6,2.5,8.72311974,1,1,0,124,0,-0.824655712,-3.10232186,74.5933685,1.08056867,9.02792454,4.71519995,489.137512,76.5231018,1.75010002,0.0250000004,50,1,0.119999997,0.550000012,0.0133333337
SL1_rand_20_r0,0,1336,56.9680519,56,4.96706152,4.71519995,0.0133097628,0.0033097628,0.00107356487,-0.000629886577,0.0106298868,5.180511,6,2.5,8.72311974,1,1,0,125,0,-0.824655712,-3.10232186,74.5933685,1.08056867,9.02792454,4.71519995,489.137512,76.5231018,1.75010002,0.0250000004,50,1,0.119999997,0.550000012,0.0133333337
SL1_rand_20_r0,0,1337,57.1080589,57,4.6108408,4.71519995,0.0132925492,0.00329254917,0.00108192582,0.000506210723,0.00949378964,4.31938696,6,2.5,8.72311974,1,1,0,126,0,-0.0645371228,-9.24941635,83.5897598,1.06161141,4.99866962,4.71519995,489.137512,76.5231018,1.75010002,0.0250000004,50,1,0.119999997,0.550000012,0.0133333337
SL1_rand_20_r0,1,1774,0.0133333337,0,0,4.71519995,0.0676666647,0.0576666668,0.0969007686,0.0966765359,0,0,6,2.5,8.72311974,0,0,0,0,0,16.2035255,1.18008947,86.3202896,0.597156405,2.31401873,4.71519995,489.137512,76.5231018,1.75010002,0.0250000004,50,1,0.119999997,0.550000012,0.0133333337
SL1_rand_20_r0,1,1775,0.0266666673,0,0,4.71519995,0.0673333332,0.0573333316,0.0952268988,0.095096685,0,0,6,2.5,8.72311974,0,0,0,0,0,16.2035255,1.18008947,86.3202896,0.597156405,2.31401873,4.71519995,489.137512,76.5231018,1.75010002,0.0250000004,50,1,0.119999997,0.550000012,0.0133333337
SL1_rand_20_r0,1,1776,0.0399999991,0,0,4.71519995,0.0670000017,0.057,0.0934323147,0.0933787972,0,0,6,2.5,8.72311974,0,0,0,0,0,16.2035255,1.18008947,86.3202896,0.597156405,2.31401873,4.71519995,489.137512,76.5231018,1.75010002,0.0250000004,50,1,0.119999997,0.550000012,0.0133333337
SL1_rand_20_r0,1,1777,0.0533333346,0,0,4.71519995,0.0666666701,0.0566666685,0.0918560028,0.0915502533,0,0,6,2.5,8.72311974,0,0,0,0,0,16.2035255,1.18008947,86.3202896,0.597156405,2.31401873,4.71519995,489.137512,76.5231018,1.75010002,0.0250000004,50,1,0.119999997,0.550000012,0.0133333337
SL1_rand_20_r0,1,1778,0.0666666701,0,0,4.71519995,0.0663333312,0.0563333333,0.0899542347,0.0899446681,0,0,6,2.5,8.72311974,0,0,0,0,0,16.2035255,1.18008947,86.3202896,0.597156405,2.31401873,4.71519995,489.137512,76.5231018,1.75010002,0.0250000004,50,1,0.119999997,0.550000012,0.0133333337
SL1_rand_20_r0,1,1779,0.0799999982,0,0,4.71519995,0.0659999996,0.0560000017,0.0881678089,0.087996915,0,0,6,2.5,8.72311974,0,0,0,0,0,16.2035255,1.18008947,86.3202896,0.597156405,2.31401873,4.71519995,489.137512,76.5231018,1.75010002,0.0250000004,50,1,0.119999997,0.550000012,0.0133333337
SL1_rand_20_r0,1,1780,0.0933333337,0,0,4.71519995,0.0656666681,0.0556666665,0.086356096,0.0858938396,0,0,6,2.5,8.72311974,0,0,0,0,0,16.2035255,1.18008947,86.3202896,0.597156405,2.31401873,4.71519995,489.137512,76.5231018,1.75010002,0.0250000004,50,1,0.119999997,0.550000012,0.0133333337
SL1_rand_20_r0,1,1781,0.106666669,0,0,4.71519995,0.0653333366,0.055333335,0.0843735784,0.0840355977,0,0,6,2.5,8.72311974,0,0,0,0,0,16.2035255,1.18008947,86.3202896,0.597156405,2.31401873,4.71519995,489.137512,76.5231018,1.75010002,0.0250000004,50,1,0.119999997,0.550000012,0.0133333337
SL1_rand_20_r0,1,1782,0.119999997,0,0,4.71519995,0.0649999976,0.0549999997,0.0824164078,0.0821546167,0,0,6,2.5,8.72311974,0,0,0,0,0,16.2035255,1.18008947,86.3202896,0.597156405,2.31401873,4.71519995,489.137512,76.5231018,1.75010002,0.0250000004,50,1,0.119999997,0.550000012,0.0133333337
SL1_rand_20_r0,1,1783,0.13333334,0,0,4.71519995,0.0646666661,0.0546666682,0.0804939866,0.0802599564,0,0,6,2.5,8.72311974,0,0,0,0,0,16.2035255,1.18008947,86.3202896,0.597156405,2.31401873,4.71519995,489.137512,76.5231018,1.75010002,0.0250000004,50,1,0.119999997,0.550000012,0.0133333337
SL1_rand_20_r0,1,1784,0.146666661,0,0,4.71519995,0.0643333346,0.0543333329,0.0786163211,0.0783617422,0,0,6,2.5,8.72311974,0,0,0,0,0,16.2035255,1.18008947,86.3202896,0.597156405,2.31401873,4.71519995,489.137512,76.5231018,1.75010002,0.0250000004,50,1,0.119999997,0.550000012,0.0133333337
SL1_rand_20_r0,1,1785,0.159999996,0,0,4.71519995,0.064000003,0.0540000014,0.0767919421,0.0764586478,0,0,6,2.5,8.72311974,0,0,0,0,0,16.2035255,1.18008947,86.3202896,0.597156405,2.31401873,4.71519995,489.137512,76.5231018,1.75010002,0.0250000004,50,1,0.119999997,0.550000012,0.0133333337
SL1_rand_20_r0,1,1786,0.173333332,0,0.841754079,4.71519995,0.0636666641,0.0536666662,0.0747928545,0.0747464374,0,1.53046203,6,2.5,8.72311974,0,0,0,0,0,16.2035255,1.18008947,86.3202896,0.597156405,2.31401873,4.71519995,489.137512,76.5231018,1.75010002,0.0250000004,50,1,0.119999997,0.550000012,0.0133333337
SL1_rand_20_r0,1,1787,0.186666667,0,1.2205435,4.71519995,0.0633333325,0.0533333346,0.073083736,0.0726567432,0,1.53046203,6,2.5,8.72311974,0,0,0,0,0,16.2035255,1.18008947,86.3202896,0.597156405,2.31401873,4.71519995,489.137512,76.5231018,1.75010002,0.0250000004,50,1,0.119999997,0.550000012,0.0133333337
SL1_rand_20_r0,1,1788,0.200000003,0,1.3909986,4.71519995,0.063000001,0.0529999994,0.0710263327,0.0710177645,0,1.53046203,6,2.5,8.72311974,0,0,0,0,0,16.2035255,1.18008947,86.3202896,0.597156405,2.31401873,4.71519995,489.137512,76.5231018,1.75010002,0.0250000004,50,1,0.119999997,0.550000012,0.0133333337
SL1_rand_20_r0,1,1789,0.213333338,0,1.46770346,4.71519995,0.0626666695,0.0526666678,0.0693007112,0.0691366941,0,1.53046203,6,2.5,8.72311974,0,0,0,0,0,16.2035255,1.18008947,86.3202896,0.597156405,2.31401873,4.71519995,489.137512,76.5231018,1.75010002,0.0250000004,50,1,0.119999997,0.550000012,0.0133333337
SL1_rand_20_r0,1,1790,0.226666674,0,1.50222063,4.71519995,0.0623333342,0.0523333326,0.0674678385,0.0674135461,0,1.53046203,6,2.5,8.72311974,0,0,0,0,0,16.2035255,1.18008947,86.3202896,0.597156405,2.31401873,4.71519995,489.137512,76.5231018,1.75010002,0.0250000004,50,1,0.119999997,0.550000012,0.0133333337
SL1_rand_20_r0,1,1791,0.239999995,0,1.51775336,4.71519995,0.061999999,0.0520000011,0.0656948686,0.0656391829,0,1.53046203,6,2.5,8.72311974,0,0,0,0,0,16.2035255,1.18008947,86.3202896,0.597156405,2.31401873,4.71519995,489.137512,76.5231018,1.75010002,0.0250000004,50,1,0.119999997,0.550000012,0.0133333337
SL1_rand_20_r0,1,1792,0.25333333,0,1.52474308,4.71519995,0.0616666675,0.0516666658,0.0640677363,0.063804768,0,1.53046203,6,2.5,8.72311974,0,0,0,0,0,16.2035255,1.18008947,86.3202896,0.597156405,2.31401873,4.71519995,489.137512,76.5231018,1.75010002,0.0250000004,50,1,0.119999997,0.550000012,0.0133333337
SL1_rand_20_r0,1,1793,0.266666681,0,1.52788854,4.71519995,0.0613333322,0.0513333343,0.062349271,0.062327195,0,1.53046203,6,2.5,8.72311974,0,0,0,0,0,16.2035255,1.18008947,86.3202896,0.597156405,2.31401873,4.71519995,489.137512,76.5231018,1.75010002,0.0250000004,50,1,0.119999997,0.550000012,0.0133333337
SL1_rand_20_r0,1,1794,0.280000001,0,1.52930391,4.71519995,0.0610000007,0.050999999,0.0607957952,0.0606165156,0,1.53046203,6,2.5,8.72311974,0,0,0,0,0,16.2035255,1.18008947,86.3202896,0.597156405,2.31401873,4.71519995,489.137512,76.5231018,1.75010002,0.0250000004,50,1,0.119999997,0.550000012,0.0133333337
SL1_rand_20_r0,1,1795,0.293333322,0,1.52994084,4.71519995,0.0606666654,0.0506666675,0.0592885017,0.0592312925,0,1.53046203,6,2.5,8.72311974,0,0,0,0,0,16.2035255,1.18008947,86.3202896,0.597156405,2.31401873,4.71519995,489.137512,76.5231018,1.75010002,0.0250000004,50,1,0.119999997,0.550000012,0.0133333337
SL1_rand_20_r0,1,1796,0.306666672,0,1.53022754,4.71519995,0.0603333339,0.0503333323,0.0578195415,0.0576543696,0,1.53046203,6,2.5,8.72311974,0,0,0,0,0,16.2035255,1.18008947,86.3202896,0.597156405,2.31401873,4.71519995,489.137512,76.5231018,1.75010002,0.0250000004,50,1,0.119999997,0.550000012,0.0133333337
SL1_rand_20_r0,1,1797,0.319999993,0,1.53035653,4.71519995,0.0599999987,0.0500000007,0.0563878715,0.0563078001,0,1.53046203,6,2.5,8.72311974,0,0,0,0,0,16.2035255,1.18008947,86.3202896,0.597156405,2.31401873,4.71519995,489.137512,76.5231018,1.75010002,0.0250000004,50,1,0.119999997,0.550000012,0.0133333337
SL1_rand_20_r0,1,1798,0.333333343,0,1.53041446,4.71519995,0.0596666671,0.0496666655,0.0550498366,0.0548975542,0,1.53046203,6,2.5,8.72311974,0,0,0,0,0,16.2035255,1.18008947,86.3202896,0.597156405,2.31401873,4.71519995,489.137512,76.5231018,1.75010002,0.0250000004,50,1,0.119999997,0.550000012,0.0133333337
SL1_rand_20_r0,1,1799,0.346666664,0,1.53044069,4.71519995,0.0593333319,0.049333334,0.0537606739,0.053743653,0,1.53046203,6,2.5,8.72311974,0,0,0,0,0,16.2035255,1.18008947,86.3202896,0.597156405,2.31401873,4.71519995,489.137512,76.5231018,1.75010002,0.0250000004,50,1,0.119999997,0.550000012,0.0133333337
SL1_rand_20_r0,1,1800,0.360000014,0,1.53045237,4.71519995,0.0590000004,0.0489999987,0.0524879396,0.0524571203,0,1.53046203,6,2.5,8.72311974,0,0,0,0,0,16.2035255,1.18008947,86.3202896,0.597156405,2.31401873,4.71519995,489.137512,76.5231018,1.75010002,0.0250000004,50,1,0.119999997,0.550000012,0.0133333337
SL1_rand_20_r0,1,1801,0.373333335,0,1.53045762,4.71519995,0.0586666651,0.0486666672,0.0514552258,0.0514542125,0,1.53046203,6,2.5,8.72311974,0,0,0,0,0,16.2035255,1.18008947,86.3202896,0.597156405,2.31401873,4.71519995,489.137512,76.5231018,1.75010002,0.0250000004,50,1,0.119999997,0.550000012,0.0133333337
SL1_rand_20_r0,1,1802,0.386666656,0,1.53046,4.71519995,0.0583333336,0.0483333319,0.0502852313,0.0502824821,0,1.53046203,6,2.5,8.72311974,0,0,0,0,0,16.2035255,1.18008947,86.3202896,0.597156405,2.31401873,4.71519995,489.137512,76.5231018,1.75010002,0.0250000004,50,1,0.119999997,0.550000012,0.0133333337
SL1_rand_20_r0,1,1803,0.400000006,0,1.53046107,4.71519995,0.0579999983,0.0480000004,0.0494544134,0.0494326428,0,1.53046203,6,2.5,8.72311974,0,0,0,0,0,16.2035255,1.18008947,86.3202896,0.597156405,2.31401873,4.71519995,489.137512,76.5231018,1.75010002,0.0250000004,50,1,0.119999997,0.550000012,0.0133333337
SL1_rand_20_r0,1,1804,0.413333327,0,1.53046155,4.71519995,0.0576666668,0.0476666652,0.0484186858,0.0483657829,0,1.53046203,6,2.5,8.72311974,0,0,0,0,0,16.2035255,1.18008947,86.3202896,0.597156405,2.31401873,4.71519995,489.137512,76.5231018,1.75010002,0.0250000004,50,1,0.119999997,0.550000012,0.0133333337
SL1_rand_20_r0,1,1805,0.426666677,0,1.53046179,4.71519995,0.0573333316,0.0473333336,0.0477340482,0.0476699099,0,1.53046203,6,2.5,8.72311974,0,0,0,0,0,16.2035255,1.18008947,86.3202896,0.597156405,2.31401873,4.71519995,489.137512,76.5231018,1.75010002,0.0250000004,50,1,0.119999997,0.550000012,0.0133333337
SL1_rand_20_r0,1,1806,0.439999998,0,1.53046191,4.71519995,0.057,0.0469999984,0.0468587466,0.0466910563,0,1.53046203,6,2.5,8.72311974,0,0,0,0,0,16.2035255,1.18008947,86.3202896,0.597156405,2.31401873,4.71519995,489.137512,76.5231018,1.75010002,0.0250000004,50,1,0.119999997,0.550000012,0.0133333337
SL1_rand_20_r0,1,1807,0.453333348,0,1.53046191,4.71519995,0.0566666685,0.0466666669,0.0462624505,0.0461398624,0,1.53046203,6,2.5,8.72311974,0,0,0,0,0,16.2035255,1.18008947,86.3202896,0.597156405,2.31401873,4.71519995,489.137512,76.5231018,1.75010002,0.0250000004,50,1,0.119999997,0.550000012,0.0133333337
SL1_rand_20_r0,1,1808,0.466666669,0,1.53046203,4.71519995,0.0563333333,0.0463333316,0.0455591306,0.0452231839,0,1.53046203,6,2.5,8.72311974,0,0,0,0,0,16.2035255,1.18008947,86.3202896,0.597156405,2.31401873,4.71519995,489.137512,76.5231018,1.75010002,0.0250000004,50,1,0.119999997,0.550000012,0.0133333337
SL1_rand_20_r0,1,1809,0.479999989,0,1.53046203,4.71519995,0.0560000017,0.0460000001,0.0449905135,0.0447993986,0,1.53046203,6,2.5,8.72311974,0,0,0,0,0,16.2035255,1.18008947,86.3202896,0.597156405,2.31401873,4.71519995,489.137512,76.5231018,1.75010002,0.0250000004,50,1,0.119999997,0.550000012,0.0133333337
SL1_rand_20_r0,1,1810,0.49333334,0,1.53046203,4.71519995,0.0556666665,0.0456666648,0.0443509035,0.0441162623,0,1.53046203,6,2.5,8.72311974,0,0,0,0,0,16.2035255,1.18008947,86.3202896,0.597156405,2.31401873,4.71519995,489.137512,76.5231018,1.75010002,0.0250000004,50,1,0.119999997,0.550000012,0.0133333337
SL1_rand_20_r0,1,1811,0.50666666,0,1.53046203,4.71519995,0.055333335,0.0453333333,0.0438644812,0.0436139926,0,1.53046203,6,2.5,8.72311974,0,0,0,0,0,16.2035255,1.18008947,86.3202896,0.597156405,2.31401873,4.71519995,489.137512,76.5231018,1.75010002,0.0250000004,50,1,0.119999997,0.550000012,0.0133333337
SL1_rand_20_r0,1,1812,0.519999981,0,1.53046203,4.71519995,0.0549999997,0.0450000018,0.043270357,0.0429783128,0,1.53046203,6,2.5,8.72311974,0,0,0,0,0,16.2035255,1.18008947,86.3202896,0.597156405,2.31401873,4.71519995,489.137512,76.5231018,1.75010002,0.0250000004,50,1,0.119999997,0.550000012,0.0133333337
SL1_rand_20_r0,1,1813,0.533333361,0,1.53046203,4.71519995,0.0546666682,0.0446666665,0.0428484567,0.0425276011,0,1.53046203,6,2.5,8.72311974,0,0,0,0,0,16.2035255,1.18008947,86.3202896,0.597156405,2.31401873,4.71519995,489.137512,76.5231018,1.75010002,0.0250000004,50,1,0.119999997,0.550000012,0.0133333337
SL1_rand_20_r0,1,1814,0.546666682,0,1.53046203,4.71519995,0.0543333329,0.044333335,0.0422814526,0.0419188552,0,1.53046203,6,2.5,8.72311974,0,0,0,0,0,16.2035255,1.18008947,86.3202896,0.597156405,2.31401873,4.71519995,489.137512,76.5231018,1.75010002,0.0250000004,50,1,0.119999997,0.550000012,0.0133333337
SL1_rand_20_r0,1,1815,0.560000002,0,1.53046203,4.71519995,0.0540000014,0.0439999998,0.0419066995,0.0415159129,0,1.53046203,6,2.5,8.72311974,0,0,0,0,0,16.2035255,1.18008947,86.3202896,0.597156405,2.31401873,4.71519995,489.137512,76.5231018,1.75010002,0.0250000004,50,1,0.119999997,0.550000012,0.0133333337
SL1_rand_20_r0,1,1816,0.573333323,0,1.53046203,4.71519995,0.0536666662,0.0436666682,0.0413516611,0.04092969,0,1.53046203,6,2.5,8.72311974,0,0,0,0,0,16.2035255,1.18008947,86.3202896,0.597156405,2.31401873,4.71519995,489.137512,76.5231018,1.75010002,0.0250000004,50,1,0.119999997,0.550000012,0.0133333337
SL1_rand_20_r0,1,1817,0.586666644,0,1.53046203,4.71519995,0.0533333346,0.043333333,0.0410143249,0.0405638665,0,1.53046203,6,2.5,8.72311974,0,0,0,0,0,16.2035255,1.18008947,86.3202896,0.597156405,2.31401873,4.71519995,489.137512,76.5231018,1.75010002,0.0250000004,50,1,0.119999997,0.550000012,0.0133333337
SL1_rand_20_r0,1,1818,0.600000024,0,1.53046203,4.71519995,0.0529999994,0.0430000015,0.0404641367,0.0399919562,0,1.53046203,6,2.5,8.72311974,0,0,0,0,0,16.2035255,1.18008947,86.3202896,0.597156405,2.31401873,4.71519995,489.137512,76.5231018,1.75010002,0.0250000004,50,1,0.119999997,0.550000012,0.0133333337
SL1_rand_20_r0,1,1819,0.613333344,0,1.53046203,4.71519995,0.0526666678,0.0426666662,0.0401616655,0.0396576524,0,1.53046203,6,2.5,8.72311974,0,0,0,0,0,16.2035255,1.18008947,86.3202896,0.597156405,2.31401873,4.71519995,489.137512,76.5231018,1.75010002,0.0250000004,50,1,0.119999997,0.550000012,0.0133333337
SL1_rand_20_r0,1,1820,0.626666665,0,1.53046203,4.71519995,0.0523333326,0.0423333347,0.0396106355,0.0390910842,0,1.53046203,6,2.5,8.72311974,0,0,0,0,0,16.2035255,1.18008947,86.3202896,0.597156405,2.31401873,4.71519995,489.137512,76.5231018,1.75010002,0.0250000004,50,1,0.119999997,0.550000012,0.0133333337
SL1_rand_20_r0,1,1821,0.639999986,0,1.53046203,4.71519995,0.0520000011,0.0419999994,0.0393440053,0.038770847,0,1.53046203,6,2.5,8.72311974,0,0,0,0,0,16.2035255,1.18008947,86.3202896,0.597156405,2.31401873,4.71519995,489.137512,76.5231018,1.75010002,0.0250000004,50,1,0.119999997,0.550000012,0.0133333337
SL1_rand_20_r0,1,1822,0.653333306,0,1.53046203,4.71519995,0.0516666658,0.0416666679,0.0387859307,0.0382004716,0,1.53046203,6,2.5,8.72311974,0,0,0,0,0,16.2035255,1.18008947,86.3202896,0.597156405,2.31401873,4.71519995,489.137512,76.5231018,1.75010002,0.0250000004,50,1,0.119999997,0.550000012,0.0133333337
SL1_rand_20_r0,1,1823,0.666666687,0,1.53046203,4.71519995,0.0513333343,0.0413333327,0.038530577,0.0378899015,0,1.53046203,6,2.5,8.72311974,0,0,0,0,0,16.2035255,1.18008947,86.3202896,0.597156405,2.31401873,4.71519995,489.137512,76.5231018,1.75010002,0.0250000004,50,1,0.119999997,0.550000012,0.0133333337
SL1_rand_20_r0,1,1824,0.680000007,0,1.53046203,4.71519995,0.050999999,0.0410000011,0.0378792696,0.0375397354,0,1.53046203,6,2.5,8.72311974,0,0,0,0,0,16.2035255,1.18008947,86.3202896,0.597156405,2.31401873,4.71519995,489.137512,76.5231018,1.75010002,0.0250000004,50,1,0.119999997,0.550000012,0.0133333337
SL1_rand_20_r0,1,1825,0.693333328,0,1.53046203,4.71519995,0.0506666675,0.0406666659,0.0376170129,0.0370474011,0,1.53046203,6,2.5,8.72311974,0,0,0,0,0,16.2035255,1.18008947,86.3202896,0.597156405,2.31401873,4.71519995,489.137512,76.5231018,1.75010002,0.0250000004,50,1,0.119999997,0.550000012,0.0133333337
SL1_rand_20_r0,1,1826,0.706666648,0,1.53046203,4.71519995,0.0503333323,0.0403333344,0.0369972028,0.0367050804,0,1.53046203,6,2.5,8.72311974,0,0,0,0,0,16.2035255,1.18008947,86.3202896,0.597156405,2.31401873,4.71519995,489.137512,76.5231018,1.75010002,0.0250000004,50,1,0.119999997,0.550000012,0.0133333337
SL1_rand_20_r0,1,1827,0.720000029,0,1.53046203,4.71519995,0.0500000007,0.0399999991,0.0367160998,0.0362117253,0,1.53046203,6,2.5,8.72311974,0,0,0,0,0,16.2035255,1.18008947,86.3202896,0.597156405,2.31401873,4.71519995,489.137512,76.5231018,1.75010002,0.0250000004,50,1,0.119999997,0.550000012,0.0133333337
SL1_rand_20_r0,1,1828,0.733333349,0,1.53046203,4.71519995,0.0496666655,0.0396666676,0.0361325592,0.0358784012,0,1.53046203,6,2.5,8.72311974,0,0,0,0,0,16.2035255,1.18008947,86.3202896,0.597156405,2.31401873,4.71519995,489.137512,76.5231018,1.75010002,0.0250000004,50,1,0.119999997,0.550000012,0.0133333337
SL1_rand_20_r0,1,1829,0.74666667,0,1.53046203,4.71519995,0.049333334,0.0393333323,0.0358286127,0.0353773423,0,1.53046203,6,2.5,8.72311974,0,0,0,0,0,16.2035255,1.18008947,86.3202896,0.597156405,2.31401873,4.71519995,489.137512,76.5231018,1.75010002,0.0250000004,50,1,0.119999997,0.550000012,0.0133333337
SL1_rand_20_r0,1,1830,0.75999999,0,1.53046203,4.71519995,0.0489999987,0.0390000008,0.0352875963,0.0350480154,0,1.53046203,6,2.5,8.72311974,0,0,0,0,0,16.2035255,1.18008947,86.3202896,0.597156405,2.31401873,4.71519995,489.137512,76.5231018,1.75010002,0.0250000004,50,1,0.119999997,0.550000012,0.0133333337
SL1_rand_20_r0,1,1831,0.773333311,0,1.53046203,4.71519995,0.0486666672,0.0386666656,0.0349539444,0.0345387235,0,1.53046203,6,2.5,8.72311974,0,0,0,0,0,16.2035255,1.18008947,86.3202896,0.597156405,2.31401873,4.71519995,489.137512,76.5231018,1.75010002,0.0250000004,50,1,0.119999997,0.550000012,0.0133333337
SL1_rand_20_r0,1,1832,0.786666691,0,1.53046203,4.71519995,0.0483333319,0.038333334,0.0344593748,0.0342146754,0,1.53046203,6,2.5,8.72311974,0,0,0,0,0,16.2035255,1.18008947,86.3202896,0.597156405,2.31401873,4.71519995,489.137512,76.5231018,1.75010002,0.0250000004,50,1,0.119999997,0.550000012,0.0133333337
SL1_rand_20_r0,1,1833,0.800000012,0,1.53046203,4.71519995,0.0480000004,0.0379999988,0.0340895727,0.0336936489,0,1.53046203,6,2.5,8.72311974,0,0,0,0,0,16.2035255,1.18008947,86.3202896,0.597156405,2.31401873,4.71519995,489.137512,76.5231018,1.75010002,0.0250000004,50,1,0.119999997,0.550000012,0.0133333337
SL1_rand_20_r0,1,1834,0.813333333,0,1.53046203,4.71519995,0.0476666652,0.0376666673,0.0336476192,0.0333721973,0,1.53046203,6,2.5,8.72311974,0,0,0,0,0,16.2035255,1.18008947,86.3202896,0.597156405,2.31401873,4.71519995,489.137512,76.5231018,1.75010002,0.0250000004,50,1,0.119999997,0.550000012,0.0133333337
SL1_rand_20_r0,1,1835,0.826666653,0,1.53046203,4.71519995,0.0473333336,0.037333332,0.0332348831,0.0328468792,0,1.53046203,6,2.5,8.72311974,0,0,0,0,0,16.2035255,1.18008947,86.3202896,0.597156405,2.31401873,4.71519995,489.137512,76.5231018,1.75010002,0.0250000004,50,1,0.119999997,0.550000012,0.0133333337
SL1_rand_20_r0,1,1836,0.839999974,0,1.53046203,4.71519995,0.0469999984,0.0370000005,0.0328521989,0.0325283036,0,1.53046203,6,2.5,8.72311974,0,0,0,0,0,16.2035255,1.18008947,86.3202896,0.597156405,2.31401873,4.71519995,489.137512,76.5231018,1.75010002,0.0250000004,50,1,0.119999997,0.550000012,0.0133333337
SL1_rand_20_r0,1,1837,0.853333354,0,1.53046203,4.71519995,0.0466666669,0.0366666652,0.0323917195,0.031991858,0,1.53046203,6,2.5,8.72311974,0,0,0,0,0,16.2035255,1.18008947,86.3202896,0.597156405,2.31401873,4.71519995,489.137512,76.5231018,1.75010002,0.0250000004,50,1,0.119999997,0.550000012,0.0133333337
SL1_rand_20_r0,1,1838,0.866666675,0,1.53046203,4.71519995,0.0463333316,0.0363333337,0.0319904797,0.0318831466,0,1.53046203,6,2.5,8.72311974,0,0,0,0,0,16.2035255,1.18008947,86.3202896,0.597156405,2.31401873,4.71519995,489.137512,76.5231018,1.75010002,0.0250000004,50,1,0.119999997,0.550000012,0.0133333337
SL1_rand_20_r0,1,1839,0.879999995,0,1.53046203,4.71519995,0.0460000001,0.0359999985,0.0314925164,0.0314133875,0,1.53046203,6,2.5,8.72311974,0,0,0,0,0,16.2035255,1.18008947,86.3202896,0.597156405,2.31401873,4.71519995,489.137512,76.5231018,1.75010002,0.0250000004,50,1,0.119999997,0.550000012,0.0133333337
SL1_rand_20_r0,1,1840,0.893333316,0,1.53046203,4.71519995,0.0456666648,0.0356666669,0.0311736632,0.0310589969,0,1.53046203,6,2.5,8.72311974,0,0,0,0,0,16.2035255,1.18008947,86.3202896,0.597156405,2.31401873,4.71519995,489.137512,76.5231018,1.75010002,0.0250000004,50,1,0.119999997,0.550000012,0.0133333337
SL1_rand_20_r0,1,1841,0.906666696,0,1.53046203,4.71519995,0.0453333333,0.0353333317,0.030617848,0.0305865053,0,1.53046203,6,2.5,8.72311974,0,0,0,0,0,16.2035255,1.18008947,86.3202896,0.597156405,2.31401873,4.71519995,489.137512,76.5231018,1.75010002,0.0250000004,50,1,0.119999997,0.550000012,0.0133333337
SL1_rand_20_r0,1,1842,0.920000017,0,1.53046203,4.71519995,0.0450000018,0.0350000001,0.0302753635,0.0300777666,0,1.53046203,6,2.5,8.72311974,0,0,0,0,0,16.2035255,1.18008947,86.3202896,0.597156405,2.31401873,4.71519995,489.137512,76.5231018,1.75010002,0.0250000004,50,1,0.119999997,0.550000012,0.0133333337
SL1_rand_20_r0,1,1843,0.933333337,0,1.53046203,4.71519995,0.0446666665,0.0346666649,0.0297728498,0.029763218,0,1.53046203,6,2.5,8.72311974,0,0,0,0,0,16.2035255,1.18008947,86.3202896,0.597156405,2.31401873,4.71519995,489.137512,76.5231018,1.75010002,0.0250000004,50,1,0.119999997,0.550000012,0.0133333337
SL1_rand_20_r0,1,1844,0.946666658,0,1.53046203,4.71519995,0.044333335,0.0343333334,0.0293956939,0.0292869508,0,1.53046203,6,2.5,8.72311974,0,0,0,0,0,16.2035255,1.18008947,86.3202896,0.597156405,2.31401873,4.71519995,489.137512,76.5231018,1.75010002,0.0250000004,50,1,0.119999997,0.550000012,0.0133333337
SL1_rand_20_r0,1,1845,0.959999979,0,1.53046203,4.71519995,0.0439999998,0.0340000018,0.0289612208,0.0289453492,0,1.53046203,6,2.5,8.72311974,0,0,0,0,0,16.2035255,1.18008947,86.3202896,0.597156405,2.31401873,4.71519995,489.137512,76.5231018,1.75010002,0.0250000004,50,1,0.119999997,0.550000012,0.0133333337
SL1_rand_20_r0,1,1846,0.973333359,0,1.53046203,4.71519995,0.0436666682,0.0336666666,0.0285877027,0.028499892,0,1.53046203,6,2.5,8.72311974,0,0,0,0,0,16.2035255,1.18008947,86.3202896,0.597156405,2.31401873,4.71519995,489.137512,76.5231018,1.75010002,0.0250000004,50,1,0.119999997,0.550000012,0.0133333337
SL1_rand_20_r0,1,1847,0.986666679,0,1.53046203,4.71519995,0.043333333,0.0333333351,0.0281854998,0.0281355903,0,1.53046203,6,2.5,8.72311974,0,0,0,0,0,16.2035255,1.18008947,86.3202896,0.597156405,2.31401873,4.71519995,489.137512,76.5231018,1.75010002,0.0250000004,50,1,0.119999997,0.550000012,0.0133333337
SL1_rand_20_r0,1,1848,1,0,1.53046203,4.71519995,0.0430000015,0.0329999998,0.027811449,0.027703641,0,1.53046203,6,2.5,8.72311974,0,0,0,0,0,16.2035255,1.18008947,86.3202896,0.597156405,2.31401873,4.71519995,489.137512,76.5231018,1.75010002,0.0250000004,50,1,0.119999997,0.550000012,0.0133333337
SL1_rand_20_r0,1,1849,1.01333332,1,1.53046203,4.71519995,0.0426666662,0.0326666683,0.0274240188,0.0272908621,0,1.53046203,6,2.5,8.72311974,0,0,0,0,0,23.6464863,0.648148417,87.504097,0.753554523,7.09294796,4.71519995,489.137512,76.5231018,1.75010002,0.0250000004,50,1,0.119999997,0.550000012,0.0133333337
SL1_rand_20_r0,1,1850,1.02666664,1,1.53046203,4.71519995,0.0423333347,0.032333333,0.0269279648,0.0258156881,0,1.53046203,6,2.5,8.72311974,0,0,0,0,0,23.6464863,0.648148417,87.504097,0.753554523,7.09294796,4.71519995,489.137512,76.5231018,1.75010002,0.0250000004,50,1,0.119999997,0.550000012,0.0133333337
SL1_rand_20_r0,1,1851,1.03999996,1,1.53046203,4.71519995,0.0419999994,0.0320000015,0.0265351869,0.0264813043,0,1.53046203,6,2.5,8.72311974,0,0,0,0,0,23.6464863,0.648148417,87.504097,0.753554523,7.09294796,4.71519995,489.137512,76.5231018,1.75010002,0.0250000004,50,1,0.119999997,0.550000012,0.0133333337
SL1_rand_20_r0,1,1852,1.05333328,1,1.53046203,4.71519995,0.0416666679,0.0316666663,0.0258815233,0.0249193031,0,1.53046203,6,2.5,8.72311974,0,0,0,0,0,23.6464863,0.648148417,87.504097,0.753554523,7.09294796,4.71519995,489.137512,76.5231018,1.75010002,0.0250000004,50,1,0.119999997,0.550000012,0.0133333337
SL1_rand_20_r0,1,1853,1.06666672,1,1.53046203,4.71519995,0.0413333327,0.0313333347,0.0257888865,0.0249284916,0,1.53046203,6,2.5,8.72311974,0,0,0,0,0,23.6464863,0.648148417,87.504097,0.753554523,7.09294796,4.71519995,489.137512,76.5231018,1.75010002,0.0250000004,50,1,0.119999997,0.550000012,0.0133333337
SL1_rand_20_r0,1,1854,1.08000004,1,1.53046203,4.71519995,0.0410000011,0.0309999995,0.0248694681,0.0240289681,0,1.53046203,6,2.5,8.72311974,0,0,0,0,0,23.6464863,0.648148417,87.504097,0.753554523,7.09294796,4.71519995,489.137512,76.5231018,1.75010002,0.0250000004,50,1,0.119999997,0.550000012,0.0133333337
SL1_rand_20_r0,1,1855,1.09333336,1,1.53046203,4.71519995,0.0406666659,0.0306666661,0.0248938892,0.0240361914,0,1.53046203,6,2.5,8.72311974,0,0,0,0,0,23.6464863,0.648148417,87.504097,0.753554523,7.09294796,4.71519995,489.137512,76.5231018,1.75010002,0.0250000004,50,1,0.119999997,0.550000012,0.0133333337
SL1_rand_20_r0,1,1856,1.10666668,1,1.53046203,4.71519995,0.0403333344,0.0303333327,0.0239150487,0.0231366772,0,1.53046203,6,2.5,8.72311974,0,0,0,0,0,23.6464863,0.648148417,87.504097,0.753554523,7.09294796,4.71519995,489.137512,76.5231018,1.75010002,0.0250000004,50,1,0.119999997,0.550000012,0.0133333337
SL1_rand_20_r0,1,1857,1.12,1,1.53046203,4.71519995,0.0399999991,0.0299999993,0.0237656068,0.0228330214,0,1.53046203,6,2.5,8.72311974,0,0,0,0,0,23.6464863,0.648148417,87.504097,0.753554523,7.09294796,4.71519995,489.137512,76.5231018,1.75010002,0.0250000004,50,1,0.119999997,0.550000012,0.0133333337
SL1_rand_20_r0,1,1858,1.13333333,1,1.53046203,4.71519995,0.0396666676,0.0296666659,0.0230409931,0.0222472902,0,1.53046203,6,2.5,8.72311974,0,0,0,0,0,23.6464863,0.648148417,87.504097,0.753554523,7.09294796,4.71519995,489.137512,76.5231018,1.75010002,0.0250000004,50,1,0.119999997,0.550000012,0.0133333337
SL1_rand_20_r0,1,1859,1.14666665,1,1.53046203,4.71519995,0.0393333323,0.0293333326,0.0225840677,0.0219398122,0,1.53046203,6,2.5,8.72311974,0,0,0,0,0,23.6464863,0.648148417,87.504097,0.753554523,7.09294796,4.71519995,489.137512,76.5231018,1.75010002,0.0250000004,50,1,0.119999997,0.550000012,0.0133333337
SL1_rand_20_r0,1,1860,1.15999997,1,1.53046203,4.71519995,0.0390000008,0.0289999992,0.0222682096,0.0213549007,0,1.53046203,6,2.5,8.72311974,0,0,0,0,0,23.6464863,0.648148417,87.504097,0.753554523,7.09294796,4.71519995,489.137512,76.5231018,1.75010002,0.0250000004,50,1,0.119999997,0.550000012,0.0133333337
SL1_rand_20_r0,1,1861,1.17333329,1,1.53046203,4.71519995,0.0386666656,0.0286666658,0.0214692112,0.0210492089,0,1.53046203,6,2.5,8.72311974,0,0,0,0,0,23.6464863,0.648148417,87.504097,0.753554523,7.09294796,4.71519995,489.137512,76.5231018,1.75010002,0.0250000004,50,1,0.119999997,0.550000012,0.0133333337
SL1_rand_20_r0,1,1862,1.18666661,1,1.53046203,4.71519995,0.038333334,0.0283333343,0.0213548541,0.0210197233,0,1.53046203,6,2.5,8.72311974,0,0,0,0,0,23.6464863,0.648148417,87.504097,0.753554523,7.09294796,4.71519995,489.137512,76.5231018,1.75010002,0.0250000004,50,1,0.119999997,0.550000012,0.0133333337
SL1_rand_20_r0,1,1863,1.20000005,1,1.53046203,4.71519995,0.0379999988,0.0280000009,0.0204469524,0.0201652199,0,1.53046203,6,2.5,8.72311974,0,0,0,0,0,23.6464863,0.648148417,87.504097,0.753554523,7.09294796,4.71519995,489.137512,76.5231018,1.75010002,0.0250000004,50,1,0.119999997,0.550000012,0.0133333337
SL1_rand_20_r0,1,1864,1.21333337,1,1.53046203,4.71519995,0.0376666673,0.0276666675,0.0206241775,0.0201471746,0,1.53046203,6,2.5,8.72311974,0,0,0,0,0,23.6464863,0.648148417,87.504097,0.753554523,7.09294796,4.71519995,489.137512,76.5231018,1.75010002,0.0250000004,50,1,0.119999997,0.550000012,0.0133333337
SL1_rand_20_r0,1,1865,1.22666669,1,1.53046203,4.71519995,0.037333332,0.0273333341,0.0195490923,0.0192890391,0,1.53046203,6,2.5,8.72311974,0,0,0,0,0,23.6464863,0.648148417,87.504097,0.753554523,7.09294796,4.71519995,489.137512,76.5231018,1.75010002,0.0250000004,50,1,0.119999997,0.550000012,0.0133333337
SL1_rand_20_r0,1,1866,1.24000001,1,1.53046203,4.71519995,0.0370000005,0.0270000007,0.019420037,0.0189340413,0,1.53046203,6,2.5,8.72311974,0,0,0,0,0,23.6464863,0.648148417,87.504097,0.753554523,7.09294796,4.71519995,489.137512,76.5231018,1.75010002,0.0250000004,50,1,0.119999997,0.550000012,0.0133333337
SL1_rand_20_r0,1,1867,1.25333333,1,1.53046203,4.71519995,0.0366666652,0.0266666673,0.018805204,0.018425012,0,1.53046203,6,2.5,8.72311974,0,0,0,0,0,23.6464863,0.648148417,87.504097,0.753554523,7.09294796,4.71519995,489.137512,76.5231018,1.75010002,0.0250000004,50,1,0.119999997,0.550000012,0.0133333337
SL1_rand_20_r0,1,1868,1.26666665,1,1.53046203,4.71519995,0.0363333337,0.0263333339,0.0182516165,0.0180657245,0,1.53046203,6,2.5,8.72311974,0,0,0,0,0,23.6464863,0.648148417,87.504097,0.753554523,7.09294796,4.71519995,489.137512,76.5231018,1.75010002,0.0250000004,50,1,0.119999997,0.550000012,0.0133333337
SL1_rand_20_r0,1,1869,1.27999997,1,1.53046203,4.71519995,0.0359999985,0.0260000005,0.0181534234,0.0180476028,0,1.53046203,6,2.5,8.72311974,0,0,0,0,0,23.6464863,0.648148417,87.504097,0.753554523,7.09294796,4.71519995,489.137512,76.5231018,1.75010002,0.0250000004,50,1,0.119999997,0.550000012,0.0133333337
SL1_rand_20_r0,1,1870,1.29333329,1,1.53046203,4.71519995,0.0356666669,0.0256666671,0.017236663,0.0172121935,0,1.53046203,6,2.5,8.72311974,0,0,0,0,0,23.6464863,0.648148417,87.504097,0.753554523,7.09294796,4.71519995,489.137512,76.5231018,1.75010002,0.0250000004,50,1,0.119999997,0.550000012,0.0133333337
SL1_rand_20_r0,1,1871,1.30666661,1,1.53046203,4.71519995,0.0353333317,0.0253333338,0.0173874516,0.0173668172,0,1.53046203,6,2.5,8.72311974,0,0,0,0,0,23.6464863,0.648148417,87.504097,0.753554523,7.09294796,4.71519995,489.137512,76.5231018,1.75010002,0.0250000004,50,1,0.119999997,0.550000012,0.0133333337
SL1_rand_20_r0,1,1872,1.32000005,1,1.53046203,4.71519995,0.0350000001,0.0250000004,0.0164128747,0.0163721833,0,1.53046203,6,2.5,8.72311974,0,0,0,0,0,23.6464863,0.648148417,87.504097,0.753554523,7.09294796,4.71519995,489.137512,76.5231018,1.75010002,0.0250000004,50,1,0.119999997,0.550000012,0.0133333337
SL1_rand_20_r0,1,1873,1.33333337,1,1.53046203,4.71519995,0.0346666649,0.024666667,0.0164433364,0.0159660205,0,1.53046203,6,2.5,8.72311974,0,0,0,0,0,23.6464863,0.648148417,87.504097,0.753554523,7.09294796,4.71519995,489.137512,76.5231018,1.75010002,0.0250000004,50,1,0.119999997,0.550000012,0.0133333337
SL1_rand_20_r0,1,1874,1.34666669,1,1.53046203,4.71519995,0.0343333334,0.0243333336,0.0158161297,0.0155467317,0,1.53046203,6,2.5,8.72311974,0,0,0,0,0,23.6464863,0.648148417,87.504097,0.753554523,7.09294796,4.71519995,489.137512,76.5231018,1.75010002,0.0250000004,50,1,0.119999997,0.550000012,0.0133333337
SL1_rand_20_r0,1,1875,1.36000001,1,1.53046203,4.71519995,0.0340000018,0.0240000002,0.0153343268,0.0151381632,0,1.53046203,6,2.5,8.72311974,0,0,0,0,0,23.6464863,0.648148417,87.504097,0.753554523,7.09294796,4.71519995,489.137512,76.5231018,1.75010002,0.0250000004,50,1,0.119999997,0.550000012,0.0133333337
SL1_rand_20_r0,1,1876,1.37333333,1,1.53046203,4.71519995,0.0336666666,0.0236666668,0.0154093103,0.015176354,0,1.53046203,6,2.5,8.72311974,0,0,0,0,0,23.6464863,0.648148417,87.504097,0.753554523,7.09294796,4.71519995,489.137512,76.5231018,1.75010002,0.0250000004,50,1,0.119999997,0.550000012,0.0133333337
SL1_rand_20_r0,1,1877,1.38666666,1,1.53046203,4.71519995,0.0333333351,0.0233333334,0.0144506432,0.0143257296,0,1.53046203,6,2.5,8.72311974,0,0,0,0,0,23.6464863,0.648148417,87.504097,0.753554523,7.09294796,4.71519995,489.137512,76.5231018,1.75010002,0.0250000004,50,1,0.119999997,0.550000012,0.0133333337
SL1_rand_20_r0,1,1878,1.39999998,1,1.53046203,4.71519995,0.0329999998,0.023,0.0146625172,0.0141153838,0,1.53046203,6,2.5,8.72311974,0,0,0,0,0,23.6464863,0.648148417,87.504097,0.753554523,7.09294796,4.71519995,489.137512,76.5231018,1.75010002,0.0250000004,50,1,0.119999997,0.550000012,0.0133333337
SL1_rand_20_r0,1,1879,1.4133333,1,1.53046203,4.71519995,0.0326666683,0.0226666667,0.013841141,0.0135317044,0,1.53046203,6,2.5,8.72311974,0,0,0,0,0,23.6464863,0.648148417,87.504097,0.753554523,7.09294796,4.71519995,489.137512,76.5231018,1.75010002,0.0250000004,50,1,0.119999997,0.550000012,0.0133333337
SL1_rand_20_r0,1,1880,1.42666662,1,1.53046203,4.71519995,0.032333333,0.0223333333,0.0138320969,0.0130788339,0,1.53046203,6,2.5,8.72311974,0,0,0,0,0,23.6464863,0.648148417,87.504097,0.753554523,7.09294796,4.71519995,489.137512,76.5231018,1.75010002,0.0250000004,50,1,0.119999997,0.550000012,0.0133333337
SL1_rand_20_r0,1,1881,1.44000006,1,1.53046203,4.71519995,0.0320000015,0.0219999999,0.0135443909,0.012754797,0,1.53046203,6,2.5,8.72311974,0,0,0,0,0,23.6464863,0.648148417,87.504097,0.753554523,7.09294796,4.71519995,489.137512,76.5231018,1.75010002,0.0250000004,50,1,0.119999997,0.550000012,0.0133333337
SL1_rand_20_r0,1,1882,1.45333338,1,1.53046203,4.71519995,0.0316666663,0.0216666665,0.0129263354,0.0123009374,0,1.53046203,6,2.5,8.72311974,0,0,0,0,0,23.6464863,0.648148417,87.504097,0.753554523,7.09294796,4.71519995,489.137512,76.5231018,1.75010002,0.0250000004,50,1,0.119999997,0.550000012,0.0133333337
SL1_rand_20_r0,1,1883,1.4666667,1,1.53046203,4.71519995,0.0313333347,0.0213333331,0.012869942,0.0128177153,0,1.53046203,6,2.5,8.72311974,0,0,0,0,0,23.6464863,0.648148417,87.504097,0.753554523,7.09294796,4.71519995,489.137512,76.5231018,1.75010002,0.0250000004,50,1,0.119999997,0.550000012,0.0133333337
SL1_rand_20_r0,1,1884,1.48000002,1,1.53046203,4.71519995,0.0309999995,0.0209999997,0.0123430947,0.0115391323,0,1.53046203,6,2.5,8.72311974,0,0,0,0,0,23.6464863,0.648148417,87.504097,0.753554523,7.09294796,4.71519995,489.137512,76.5231018,1.75010002,0.0250000004,50,1,0.119999997,0.550000012,0.0133333337
SL1_rand_20_r0,1,1885,1.49333334,1,1.53046203,4.71519995,0.0306666661,0.0206666663,0.0122419493,0.011781632,0,1.53046203,6,2.5,8.72311974,0,0,0,0,0,23.6464863,0.648148417,87.504097,0.753554523,7.09294796,4.71519995,489.137512,76.5231018,1.75010002,0.0250000004,50,1,0.119999997,0.550000012,0.0133333337
SL1_rand_20_r0,1,1886,1.50666666,1,1.53046203,4.71519995,0.0303333327,0.0203333329,0.0118075749,0.0116522796,0,1.53046203,6,2.5,8.72311974,0,0,0,0,0,23.6464863,0.648148417,87.504097,0.753554523,7.09294796,4.71519995,489.137512,76.5231018,1.75010002,0.0250000004,50,1,0.119999997,0.550000012,0.0133333337
SL1_rand_20_r0,1,1887,1.51999998,1,1.53046203,4.71519995,0.0299999993,0.0199999996,0.0114802206,0.011013303,0,1.53046203,6,2.5,8.72311974,0,0,0,0,0,23.6464863,0.648148417,87.504097,0.753554523,7.09294796,4.71519995,489.137512,76.5231018,1.75010002,0.0250000004,50,1,0.119999997,0.550000012,0.0133333337
SL1_rand_20_r0,1,1888,1.5333333,1,1.53046203,4.71519995,0.0296666659,0.0196666662,0.0109925475,0.0109716197,0,1.53046203,6,2.5,8.72311974,0,0,0,0,0,23.6464863,0.648148417,87.504097,0.753554523,7.09294796,4.71519995,489.137512,76.5231018,1.75010002,0.0250000004,50,1,0.119999997,0.550000012,0.0133333337
SL1_rand_20_r0,1,1889,1.54666662,1,1.53046203,4.71519995,0.0293333326,0.0193333328,0.0105781155,0.0102038188,0,1.53046203,6,2.5,8.72311974,0,0,0,0,0,23.6464863,0.648148417,87.504097,0.753554523,7.09294796,4.71519995,489.137512,76.5231018,1.75010002,0.0250000004,50,1,0.119999997,0.550000012,0.0133333337
SL1_rand_20_r0,1,1890,1.55999994,1,1.53046203,4.71519995,0.0289999992,0.0189999994,0.010610939,0.0106085567,0,1.53046203,6,2.5,8.72311974,0,0,0,0,0,23.6464863,0.648148417,87.504097,0.753554523,7.09294796,4.71519995,489.137512,76.5231018,1.75010002,0.0250000004,50,1,0.119999997,0.550000012,0.0133333337
SL1_rand_20_r0,1,1891,1.57333338,1,1.77362192,4.71519995,0.0286666658,0.018666666,0.00962940883,0.00909614563,0.000903854147,1.97257102,6,2.5,8.72311974,0,0,0,0,0,23.6464863,0.648148417,87.504097,0.753554523,7.09294796,4.71519995,489.137512,76.5231018,1.75010002,0.0250000004,50,1,0.119999997,0.550000012,0.0133333337
SL1_rand_20_r0,1,1892,1.5866667,1,2.00795102,4.71519995,0.0283333343,0.0183333326,0.0094573684,0.00863185152,0.00136814895,2.19967484,6,2.5,8.72311974,0,0,0,0,0,23.6464863,0.648148417,87.504097,0.753554523,7.09294796,4.71519995,489.137512,76.5231018,1.75010002,0.0250000004,50,1,0.119999997,0.550000012,0.0133333337
SL1_rand_20_r0,1,1893,1.60000002,1,2.1986587,4.71519995,0.0280000009,0.0179999992,0.00847387593,0.00831493177,0.00168506824,2.35469198,6,2.5,8.72311974,0,0,0,0,0,23.6464863,0.648148417,87.504097,0.753554523,7.09294796,4.71519995,489.137512,76.5231018,1.75010002,0.0250000004,50,1,0.119999997,0.550000012,0.0133333337
SL1_rand_20_r0,1,1894,1.61333334,1,2.39047861,4.71519995,0.0276666675,0.0176666658,0.00838415045,0.00792091154,0.00207908871,2.54742241,6,2.5,8.72311974,0,0,0,0,0,23.6464863,0.648148417,87.504097,0.753554523,7.09294796,4.71519995,489.137512,76.5231018,1.75010002,0.0250000004,50,1,0.119999997,0.550000012,0.0133333337
SL1_rand_20_r0,1,1895,1.62666667,1,2.53050661,4.71519995,0.0273333341,0.0173333324,0.00835021865,0.00772126811,0.00227873167,2.64507508,6,2.5,8.72311974,0,1,0,0,0,23.6464863,0.648148417,87.504097,0.753554523,7.09294796,4.71519995,489.137512,76.5231018,1.75010002,0.0250000004,50,1,0.119999997,0.550000012,0.0133333337
SL1_rand_20_r0,1,1896,1.63999999,1,2.63426137,4.71519995,0.0270000007,0.0170000009,0.00758791342,0.00756982574,0.00243017427,2.71915126,6,2.5,8.72311974,1,1,0,1,0,23.6464863,0.648148417,87.504097,0.753554523,7.09294796,4.71519995,489.137512,76.5231018,1.75010002,0.0250000004,50,1,0.119999997,0.550000012,0.0133333337
SL1_rand_20_r0,1,1897,4.01333332,4,2.23378754,4.71519995,0.0266666673,0.0166666675,0.00990527961,0.00923198368,0.000768015918,1.90612733,6,2.5,8.72311974,0,0,0,0,0,2.38383961,-1.84745419,74.9114685,1.09478676,2.31888461,4.71519995,489.137512,76.5231018,1.75010002,0.0250000004,50,1,0.119999997,0.550000012,0.0133333337
SL1_rand_20_r0,1,1898,4.02666664,4,1.84695852,4.71519995,0.0263333339,0.0163333341,0.0103830174,0.0103737237,0,1.53046203,6,2.5,8.72311974,0,0,0,0,0,2.38383961,-1.84745419,74.9114685,1.09478676,2.31888461,4.71519995,489.137512,76.5231018,1.75010002,0.0250000004,50,1,0.119999997,0.550000012,0.0133333337
SL1_rand_20_r0,1,1899,4.03999996,4,1.67288542,4.71519995,0.0260000005,0.0160000008,0.0135029368,0.0132070147,0,1.53046203,6,2.5,8.72311974,0,0,0,0,0,2.38383961,-1.84745419,74.9114685,1.09478676,2.31888461,4.71519995,489.137512,76.5231018,1.75010002,0.0250000004,50,1,0.119999997,0.550000012,0.0133333337
SL1_rand_20_r0,1,1900,4.05333328,4,1.59455252,4.71519995,0.0256666671,0.0156666674,0.0152556989,0.0150589133,0,1.53046203,6,2.5,8.72311974,0,0,0,0,0,2.38383961,-1.84745419,74.9114685,1.09478676,2.31888461,4.71519995,489.137512,76.5231018,1.75010002,0.0250000004,50,1,0.119999997,0.550000012,0.0133333337
SL1_rand_20_r0,1,1901,4.0666666,4,1.55930269,4.71519995,0.0253333338,0.0153333331,0.0171034317,0.0164192691,0,1.53046203,6,2.5,8.72311974,0,0,0,0,0,2.38383961,-1.84745419,74.9114685,1.09478676,2.31888461,4.71519995,489.137512,76.5231018,1.75010002,0.0250000004,50,1,0.119999997,0.550000012,0.0133333337
SL1_rand_20_r0,1,1902,4.07999992,4,1.54344034,4.71519995,0.0250000004,0.0149999997,0.0175900906,0.0173392463,0,1.53046203,6,2.5,8.72311974,0,0,0,0,0,2.38383961,-1.84745419,74.9114685,1.09478676,2.31888461,4.71519995,489.137512,76.5231018,1.75010002,0.0250000004,50,1,0.119999997,0.550000012,0.0133333337
SL1_rand_20_r0,1,1903,4.09333324,4,1.53630221,4.71519995,0.024666667,0.0146666663,0.0194833837,0.0191788971,0,1.53046203,6,2.5,8.72311974,0,0,0,0,0,2.38383961,-1.84745419,74.9114685,1.09478676,2.31888461,4.71519995,489.137512,76.5231018,1.75010002,0.0250000004,50,1,0.119999997,0.550000012,0.0133333337
SL1_rand_20_r0,1,1904,4.10666656,4,1.53309011,4.71519995,0.0243333336,0.0143333329,0.0210847408,0.0207789168,0,1.53046203,6,2.5,8.72311974,0,0,0,0,0,2.38383961,-1.84745419,74.9114685,1.09478676,2.31888461,4.71519995,489.137512,76.5231018,1.75010002,0.0250000004,50,1,0.119999997,0.550000012,0.0133333337
SL1_rand_20_r0,1,1905,4.11999989,4,1.5316447,4.71519995,0.0240000002,0.0140000004,0.019644253,0.019376995,0,1.53046203,6,2.5,8.72311974,0,0,0,0,0,2.38383961,-1.84745419,74.9114685,1.09478676,2.31888461,4.71519995,489.137512,76.5231018,1.75010002,0.0250000004,50,1,0.119999997,0.550000012,0.0133333337
SL1_rand_20_r0,1,1906,4.13333321,4,1.53099418,4.71519995,0.0236666668,0.013666667,0.0181685835,0.0178866852,0,1.53046203,6,2.5,8.72311974,0,0,0,0,0,2.38383961,-1.84745419,74.9114685,1.09478676,2.31888461,4.71519995,489.137512,76.5231018,1.75010002,0.0250000004,50,1,0.119999997,0.550000012,0.0133333337
SL1_rand_20_r0,1,1907,4.14666653,4,1.53070152,4.71519995,0.0233333334,0.0133333337,0.0167413615,0.0164192952,0,1.53046203,6,2.5,8.72311974,0,0,0,0,0,2.38383961,-1.84745419,74.9114685,1.09478676,2.31888461,4.71519995,489.137512,76.5231018,1.75010002,0.0250000004,50,1,0.119999997,0.550000012,0.0133333337
SL1_rand_20_r0,1,1908,4.15999985,4,1.53056979,4.71519995,0.023,0.0130000003,0.0153824529,0.0149921961,0,1.53046203,6,2.5,8.72311974,0,0,0,0,0,2.38383961,-1.84745419,74.9114685,1.09478676,2.31888461,4.71519995,489.137512,76.5231018,1.75010002,0.0250000004,50,1,0.119999997,0.550000012,0.0133333337
SL1_rand_20_r0,1,1909,4.17333317,4,1.53051054,4.71519995,0.0226666667,0.0126666669,0.0141092204,0.0136143537,0,1.53046203,6,2.5,8.72311974,0,0,0,0,0,2.38383961,-1.84745419,74.9114685,1.09478676,2.31888461,4.71519995,489.137512,76.5231018,1.75010002,0.0250000004,50,1,0.119999997,0.550000012,0.0133333337
SL1_rand_20_r0,1,1910,4.18666649,4,1.53048384,4.71519995,0.0223333333,0.0123333335,0.0128131881,0.0122768693,0,1.53046203,6,2.5,8.72311974,0,0,0,0,0,2.38383961,-1.84745419,74.9114685,1.09478676,2.31888461,4.71519995,489.137512,76.5231018,1.75010002,0.0250000004,50,1,0.119999997,0.550000012,0.0133333337
SL1_rand_20_r0,1,1911,4.19999981,4,1.5304718,4.71519995,0.0219999999,0.0120000001,0.0113194799,0.0107462145,0,1.53046203,6,2.5,8.72311974,0,0,0,0,0,2.38383961,-1.84745419,74.9114685,1.09478676,2.31888461,4.71519995,489.137512,76.5231018,1.75010002,0.0250000004,50,1,0.119999997,0.550000012,0.0133333337
SL1_rand_20_r0,1,1912,4.21333313,4,1.68673873,4.71519995,0.0216666665,0.0116666667,0.0103225149,0.00941911712,0.000580882479,1.81459343,6,2.5,8.72311974,0,0,0,0,0,2.38383961,-1.84745419,74.9114685,1.09478676,2.31888461,4.71519995,489.137512,76.5231018,1.75010002,0.0250000004,50,1,0.119999997,0.550000012,0.0133333337
SL1_rand_20_r0,1,1913,4.22666645,4,2.12085295,4.71519995,0.0213333331,0.0113333333,0.00907844026,0.00806685165,0.00193314813,2.47603726,6,2.5,8.72311974,0,0,0,0,0,2.38383961,-1.84745419,74.9114685,1.09478676,2.31888461,4.71519995,489.137512,76.5231018,1.75010002,0.0250000004,50,1,0.119999997,0.550000012,0.0133333337
SL1_rand_20_r0,1,1914,4.23999977,4,2.62998366,4.71519995,0.0209999997,0.0109999999,0.00724263536,0.00690049678,0.003099503,3.04654527,6,2.5,8.72311974,1,1,0,1,0,2.38383961,-1.84745419,74.9114685,1.09478676,2.31888461,4.71519995,489.137512,76.5231018,1.75010002,0.0250000004,50,1,0.119999997,0.550000012,0.0133333337
SL1_rand_20_r0,1,1915,4.38000822,4,2.92246747,4.71519995,0.0206666663,0.0106666666,0.00685097883,0.00666492432,0.00333507569,3.16177273,6,2.5,8.72311974,1,1,0,2,0,2.38383961,-1.84745419,74.9114685,1.09478676,2.31888461,4.71519995,489.137512,76.5231018,1.75010002,0.0250000004,50,1,0.119999997,0.550000012,0.0133333337
SL1_rand_20_r0,1,1916,4.52001619,4,3.68123078,4.71519995,0.0203333329,0.0103333332,0.00448120432,0.00433375034,0.0056662499,4.30203724,6,2.5,8.72311974,1,1,0,3,0,2.38383961,-1.84745419,74.9114685,1.09478676,2.31888461,4.71519995,489.137512,76.5231018,1.75010002,0.0250000004,50,1,0.119999997,0.550000012,0.0133333337
SL1_rand_20_r0,1,1917,7.14000797,7,4.95655394,4.71519995,0.0203448199,0.0103448201,0.00172470161,0.000193025262,0.00980697479,6,6,2.5,8.72311974,1,1,0,4,0,-0.285637736,-13.9882221,62.6807709,1.1374408,10.4310083,4.71519995,489.137512,76.5231018,1.75010002,0.0250000004,50,1,0.119999997,0.550000012,0.0133333337
SL1_rand_20_r0,1,1918,7.28001595,7,5.17827415,4.71519995,0.0204753671,0.0104753664,0.00166198739,-0.00106523966,0.01106524,5.35968161,6,2.5,8.72311974,1,1,0,5,0,-0.285637736,-13.9882221,62.6807709,1.1374408,10.4310083,4.71519995,489.137512,76.5231018,1.75010002,0.0250000004,50,1,0.119999997,0.550000012,0.0133333337
SL1_rand_20_r0,1,1919,7.42002392,7,5.06527328,4.71519995,0.0205943678,0.010594367,0.00295050815,-0.00139190222,0.0113919023,4.97281837,6,2.5,8.72311974,1,1,0,6,0,-0.285637736,-13.9882221,62.6807709,1.1374408,10.4310083,4.71519995,489.137512,76.5231018,1.75010002,0.0250000004,50,1,0.119999997,0.550000012,0.0133333337
SL1_rand_20_r0,1,1920,7.56003189,7,4.56040764,4.71519995,0.020571202,0.0105712023,0.00104135834,0.000404104416,0.00959589519,4.14733601,6,2.5,8.72311974,1,1,0,7,0,-0.285637736,-13.9882221,62.6807709,1.1374408,10.4310083,4.71519995,489.137512,76.5231018,1.75010002,0.0250000004,50,1,0.119999997,0.550000012,0.0133333337
SL1_rand_20_r0,1,1921,9.14000797,9,4.32291555,4.71519995,0.0204583742,0.0104583744,0.00255699526,0.00177685788,0.00822314247,4.12860394,6,2.5,8.72311974,1,1,0,8,0,2.72522235,-1.58648539,53.3515205,1.1374408,13.6634922,4.71519995,489.137512,76.5231018,1.75010002,0.0250000004,50,1,0.119999997,0.550000012,0.0133333337
SL1_rand_20_r0,1,1922,9.28001595,9,5.04149199,4.71519995,0.0205302052,0.0105302064,0.000801962218,-0.000449777814,0.0104497774,5.6294179,6,2.5,8.72311974,1,1,0,9,0,2.72522235,-1.58648539,53.3515205,1.1374408,13.6634922,4.71519995,489.137512,76.5231018,1.75010002,0.0250000004,50,1,0.119999997,0.550000012,0.0133333337
SL1_rand_20_r0,1,1923,9.42002392,9,5.1489954,4.71519995,0.0206626765,0.0106626768,0.00190959964,-0.00138076919,0.0113807693,5.23695326,6,2.5,8.72311974,1,1,0,10,0,2.72522235,-1.58648539,53.3515205,1.1374408,13.6634922,4.71519995,489.137512,76.5231018,1.75010002,0.0250000004,50,1,0.119999997,0.550000012,0.0133333337
SL1_rand_20_r0,1,1924,9.56003189,9,5.61704779,4.71519995,0.0209352691,0.0109352684,0.00593109475,-0.00498810085,0.0149881011,6,6,2.5,8.72311974,1,1,0,11,0,2.72522235,-1.58648539,53.3515205,1.1374408,13.6634922,4.71519995,489.137512,76.5231018,1.75010002,0.0250000004,50,1,0.119999997,0.550000012,0.0133333337
SL1_rand_20_r0,1,1925,11.0133333,11,5.82767153,4.71519995,0.0212686025,0.0112686018,0.00850332808,-0.00787475519,0.017874755,6,6,2.5,8.72311974,0,1,0,0,0,0.623684406,0.102105007,54.530632,1.14691949,2.60910296,4.71519995,489.137512,76.5231018,1.75010002,0.0250000004,50,1,0.119999997,0.550000012,0.0133333337
SL1_rand_20_r0,1,1926,11.0266666,11,5.92245245,4.71519995,0.0216019358,0.0116019351,0.0113715138,-0.0104993396,0.0204993393,6,6,2.5,8.72311974,0,1,0,0,0,0.623684406,0.102105007,54.530632,1.14691949,2.60910296,4.71519995,489.137512,76.5231018,1.75010002,0.0250000004,50,1,0.119999997,0.550000012,0.0133333337
SL1_rand_20_r0,1,1927,11.04,11,5.96510363,4.71519995,0.0219352692,0.0119352685,0.0123915048,-0.00860869512,0.0186086949,6,6,2.5,8.72311974,0,1,0,0,0,0.623684406,0.102105007,54.530632,1.14691949,2.60910296,4.71519995,489.137512,76.5231018,1.75010002,0.0250000004,50,1,0.119999997,0.550000012,0.0133333337
SL1_rand_20_r0,1,1928,11.0533333,11,5.9842968,4.71519995,0.0222686026,0.0122686019,0.0129457703,-0.0117236217,0.0217236206,6,6,2.5,8.72311974,0,1,0,0,0,0.623684406,0.102105007,54.530632,1.14691949,2.60910296,4.71519995,489.137512,76.5231018,1.75010002,0.0250000004,50,1,0.119999997,0.550000012,0.0133333337
SL1_rand_20_r0,1,1929,11.0666666,11,5.99293327,4.71519995,0.022601936,0.0126019353,0.0152173797,-0.0147830518,0.0247830525,6,6,2.5,8.72311974,0,1,0,0,0,0.623684406,0.102105007,54.530632,1.14691949,2.60910296,4.71519995,489.137512,76.5231018,1.75010002,0.0250000004,50,1,0.119999997,0.550000012,0.0133333337
SL1_rand_20_r0,1,1930,11.0799999,11,5.99681997,4.71519995,0.0229352694,0.0129352687,0.0187273566,-0.0125634456,0.0225634445,6,6,2.5,8.72311974,0,1,0,0,0,0.623684406,0.102105007,54.530632,1.14691949,2.60910296,4.71519995,489.137512,76.5231018,1.75010002,0.0250000004,50,1,0.119999997,0.550000012,0.0133333337
SL1_rand_20_r0,1,1931,11.0933332,11,5.99856901,4.71519995,0.0232686009,0.0132686021,0.0192564186,-0.0153321084,0.0253321081,6,6,2.5,8.72311974,0,1,0,0,0,0.623684406,0.102105007,54.530632,1.14691949,2.60910296,4.71519995,489.137512,76.5231018,1.75010002,0.0250000004,50,1,0.119999997,0.550000012,0.0133333337
SL1_rand_20_r0,1,1932,11.1066666,11,5.99935627,4.71519995,0.0236019343,0.0136019355,0.0205442887,-0.0178115759,0.0278115757,6,6,2.5,8.72311974,0,1,0,0,0,0.623684406,0.102105007,54.530632,1.14691949,2.60910296,4.71519995,489.137512,76.5231018,1.75010002,0.0250000004,50,1,0.119999997,0.550000012,0.0133333337
SL1_rand_20_r0,1,1933,11.1199999,11,5.99971008,4.71519995,0.0279352684,0.0179352686,0.0223156195,-0.01990797,0.0299079698,6,6,2.5,8.72311974,0,1,0,0,7,0.623684406,0.102105007,54.530632,1.14691949,2.60910296,4.71519995,489.137512,76.5231018,1.75010002,0.0250000004,50,1,0.119999997,0.550000012,0.0133333337
SL1_rand_20_r0,1,1934,11.1333332,11,5.99986982,4.71519995,0.0322686024,0.0222686026,0.0245144963,-0.0214681365,0.0314681344,6,6,2.5,8.72311974,0,1,0,0,7,0.623684406,0.102105007,54.530632,1.14691949,2.60910296,4.71519995,489.137512,76.5231018,1.75010002,0.0250000004,50,1,0.119999997,0.550000012,0.0133333337
SL1_rand_20_r0,1,1935,11.1466665,11,5.99994135,4.71519995,0.0366019346,0.0266019348,0.0273174327,-0.0224265307,0.0324265324,6,6,2.5,8.72311974,0,1,0,0,7,0.623684406,0.102105007,54.530632,1.14691949,2.60910296,4.71519995,489.137512,76.5231018,1.75010002,0.0250000004,50,1,0.119999997,0.550000012,0.0133333337
SL1_rand_20_r0,1,1936,11.1599998,11,5.99997377,4.71519995,0.0409352668,0.0309352688,0.0283150636,-0.0196846034,0.0296846032,6,6,2.5,8.72311974,0,1,0,0,7,0.623684406,0.102105007,54.530632,1.14691949,2.60910296,4.71519995,489.137512,76.5231018,1.75010002,0.0250000004,50,1,0.119999997,0.550000012,0.0133333337
SL1_rand_20_r0,1,1937,11.1733332,11,5.99998808,4.71519995,0.0452686027,0.035268601,0.0243919194,-0.019145444,0.0291454438,6,6,2.5,8.72311974,0,1,0,0,7,0.623684406,0.102105007,54.530632,1.14691949,2.60910296,4.71519995,489.137512,76.5231018,1.75010002,0.0250000004,50,1,0.119999997,0.550000012,0.0133333337
SL1_rand_20_r0,1,1938,11.1866665,11,5.99999475,4.71519995,0.0456019342,0.0356019363,0.0231207702,-0.0141340187,0.0241340194,6,6,2.5,8.72311974,0,1,0,0,6,0.623684406,0.102105007,54.530632,1.14691949,2.60910296,4.71519995,489.137512,76.5231018,1.75010002,0.0250000004,50,1,0.119999997,0.550000012,0.0133333337
SL1_rand_20_r0,1,1939,11.1999998,11,5.99999762,4.71519995,0.0459352694,0.0359352678,0.0201519243,-0.0146695925,0.0246695932,6,6,2.5,8.72311974,0,1,0,0,5,0.623684406,0.102105007,54.530632,1.14691949,2.60910296,4.71519995,489.137512,76.5231018,1.75010002,0.0250000004,50,1,0.119999997,0.550000012,0.0133333337
SL1_rand_20_r0,1,1940,11.2133331,11,5.99999905,4.71519995,0.046268601,0.0362686031,0.016829595,-0.0137207033,0.0237207022,6,6,2.5,8.72311974,0,1,0,0,4,0.623684406,0.102105007,54.530632,1.14691949,2.60910296,4.71519995,489.137512,76.5231018,1.75010002,0.0250000004,50,1,0.119999997,0.550000012,0.0133333337
SL1_rand_20_r0,1,1941,11.2266665,11,5.99999952,4.71519995,0.0466019362,0.0366019346,0.0152067095,-0.00918207131,0.0191820711,6,6,2.5,8.72311974,0,1,0,0,3,0.623684406,0.102105007,54.530632,1.14691949,2.60910296,4.71519995,489.137512,76.5231018,1.75010002,0.0250000004,50,1,0.119999997,0.550000012,0.0133333337
SL1_rand_20_r0,1,1942,11.2399998,11,6,4.71519995,0.0469352677,0.0369352698,0.0121678002,-0.00928025693,0.0192802567,6,6,2.5,8.72311974,0,1,0,0,2,0.623684406,0.102105007,54.530632,1.14691949,2.60910296,4.71519995,489.137512,76.5231018,1.75010002,0.0250000004,50,1,0.119999997,0.550000012,0.0133333337
SL1_rand_20_r0,1,1943,11.2533331,11,5.87419844,4.71519995,0.047268603,0.0372686014,0.0101220831,-0.0049277707,0.0149277709,5.77127028,6,2.5,8.72311974,0,1,0,0,1,0.623684406,0.102105007,54.530632,1.14691949,2.60910296,4.71519995,489.137512,76.5231018,1.75010002,0.0250000004,50,1,0.119999997,0.550000012,0.0133333337
SL1_rand_20_r0,1,1944,11.2666664,11,5.57456779,4.71519995,0.0475628711,0.0375628695,0.0085139554,-0.00402443623,0.0140244365,5.3294158,6,2.5,8.72311974,0,1,0,0,0,0.623684406,0.102105007,54.530632,1.14691949,2.60910296,4.71519995,489.137512,76.5231018,1.75010002,0.0250000004,50,1,0.119999997,0.550000012,0.0133333337
SL1_rand_20_r0,1,1945,11.2799997,11,5.48656225,4.71519995,0.0478261821,0.0378261842,0.004695551,-0.00383181591,0.0138318157,5.41455793,6,2.5,8.72311974,1,1,0,1,0,0.623684406,0.102105007,54.530632,1.14691949,2.60910296,4.71519995,489.137512,76.5231018,1.75010002,0.0250000004,50,1,0.119999997,0.550000012,0.0133333337
SL1_rand_20_r0,1,1946,11.4200077,11,4.45729494,4.71519995,0.0477984287,0.037798427,0.00432128925,0.000137467432,0.00986253284,3.6151669,6,2.5,8.72311974,1,1,0,2,0,0.623684406,0.102105007,54.530632,1.14691949,2.60910296,4.71519995,489.137512,76.5231018,1.75010002,0.0250000004,50,1,0.119999997,0.550000012,0.0133333337
SL1_rand_20_r0,1,1947,11.5600157,11,4.67347383,4.71519995,0.0477822125,0.0377822109,0.00440504309,0.0003444053,0.00965559483,4.85034704,6,2.5,8.72311974,1,1,0,3,0,0.623684406,0.102105007,54.530632,1.14691949,2.60910296,4.71519995,489.137512,76.5231018,1.75010002,0.0250000004,50,1,0.119999997,0.550000012,0.0133333337
SL1_rand_20_r0,1,1948,11.7000237,11,4.51221085,4.71519995,0.0477231219,0.037723124,0.00265635503,0.00119713228,0.00880286749,4.38026905,6,2.5,8.72311974,1,1,0,4,0,0.623684406,0.102105007,54.530632,1.14691949,2.60910296,4.71519995,489.137512,76.5231018,1.75010002,0.0250000004,50,1,0.119999997,0.550000012,0.0133333337
SL1_rand_20_r0,1,1949,11.8400316,11,3.82149267,4.71519995,0.0474650227,0.037465021,0.0042899074,0.00389729673,0.00610270305,3.25635958,6,2.5,8.72311974,1,1,0,5,0,0.623684406,0.102105007,54.530632,1.14691949,2.60910296,4.71519995,489.137512,76.5231018,1.75010002,0.0250000004,50,1,0.119999997,0.550000012,0.0133333337
SL1_rand_20_r0,1,1950,11.9800396,11,3.8282795,4.71519995,0.0471756384,0.0371756405,0.00460648211,0.0045847646,0.00541523565,3.83383226,6,2.5,8.72311974,1,1,0,6,0,0.623684406,0.102105007,54.530632,1.14691949,2.60910296,4.71519995,489.137512,76.5231018,1.75010002,0.0250000004,50,1,0.119999997,0.550000012,0.0133333337
SL1_rand_20_r0,1,1951,12.1200476,12,3.4311614,4.71519995,0.0468423069,0.0368423052,0.00760203693,0.00636589853,0.00363410148,3.10624671,6,2.5,8.72311974,1,1,0,7,0,1.91086066,-1.79551232,55.0112877,1.18009484,12.5004435,4.71519995,489.137512,76.5231018,1.75010002,0.0250000004,50,1,0.119999997,0.550000012,0.0133333337
SL1_rand_20_r0,1,1952,13.0133333,13,3.02976608,4.71519995,0.0465089716,0.0365089737,0.00888788421,0.00760621578,0.00239378447,2.70135164,6,2.5,8.72311974,0,1,0,0,0,0.578798056,-11.168992,67.3716202,1.14218009,9.00468063,4.71519995,489.137512,76.5231018,1.75010002,0.0250000004,50,1,0.119999997,0.550000012,0.0133333337
SL1_rand_20_r0,1,1953,13.0266666,13,2.20514894,4.71519995,0.0461756401,0.0361756384,0.0107075898,0.0103340615,0,1.53046203,6,2.5,8.72311974,0,0,0,0,0,0.578798056,-11.168992,67.3716202,1.14218009,9.00468063,4.71519995,489.137512,76.5231018,1.75010002,0.0250000004,50,1,0.119999997,0.550000012,0.0133333337
SL1_rand_20_r0,1,1954,13.04,13,1.83407104,4.71519995,0.0458423048,0.0358423069,0.0122430036,0.0119701708,0,1.53046203,6,2.5,8.72311974,0,0,0,0,0,0.578798056,-11.168992,67.3716202,1.14218009,9.00468063,4.71519995,489.137512,76.5231018,1.75010002,0.0250000004,50,1,0.119999997,0.550000012,0.0133333337
SL1_rand_20_r0,1,1955,13.0533333,13,1.66708612,4.71519995,0.0455089733,0.0355089717,0.0138192326,0.0136815263,0,1.53046203,6,2.5,8.72311974,0,0,0,0,0,0.578798056,-11.168992,67.3716202,1.14218009,9.00468063,4.71519995,489.137512,76.5231018,1.75010002,0.0250000004,50,1,0.119999997,0.550000012,0.0133333337
SL1_rand_20_r0,1,1956,13.0666666,13,1.59194279,4.71519995,0.045175638,0.0351756401,0.0157540832,0.0152869029,0,1.53046203,6,2.5,8.72311974,0,0,0,0,0,0.578798056,-11.168992,67.3716202,1.14218009,9.00468063,4.71519995,489.137512,76.5231018,1.75010002,0.0250000004,50,1,0.119999997,0.550000012,0.0133333337
SL1_rand_20_r0,1,1957,13.0799999,13,1.55812836,4.71519995,0.0448423065,0.0348423049,0.0164995342,0.0155268097,0,1.53046203,6,2.5,8.72311974,0,0,0,0,0,0.578798056,-11.168992,67.3716202,1.14218009,9.00468063,4.71519995,489.137512,76.5231018,1.75010002,0.0250000004,50,1,0.119999997,0.550000012,0.0133333337
SL1_rand_20_r0,1,1958,13.0933332,13,1.54291189,4.71519995,0.0445089713,0.0345089734,0.0165231153,0.0162938312,0,1.53046203,6,2.5,8.72311974,0,0,0,0,0,0.578798056,-11.168992,67.3716202,1.14218009,9.00468063,4.71519995,489.137512,76.5231018,1.75010002,0.0250000004,50,1,0.119999997,0.550000012,0.0133333337
SL1_rand_20_r0,1,1959,13.1066666,13,1.53606439,4.71519995,0.0441756397,0.0341756381,0.0178204291,0.016917143,0,1.53046203,6,2.5,8.72311974,0,0,0,0,0,0.578798056,-11.168992,67.3716202,1.14218009,9.00468063,4.71519995,489.137512,76.5231018,1.75010002,0.0250000004,50,1,0.119999997,0.550000012,0.0133333337
SL1_rand_20_r0,1,1960,13.1199999,13,1.53298306,4.71519995,0.0438423045,0.0338423066,0.0177396908,0.0176560953,0,1.53046203,6,2.5,8.72311974,0,0,0,0,0,0.578798056,-11.168992,67.3716202,1.14218009,9.00468063,4.71519995,489.137512,76.5231018,1.75010002,0.0250000004,50,1,0.119999997,0.550000012,0.0133333337
SL1_rand_20_r0,1,1961,13.1333332,13,1.53159654,4.71519995,0.043508973,0.0335089713,0.0189065412,0.01820313,0,1.53046203,6,2.5,8.72311974,0,0,0,0,0,0.578798056,-11.168992,67.3716202,1.14218009,9.00468063,4.71519995,489.137512,76.5231018,1.75010002,0.0250000004,50,1,0.119999997,0.550000012,0.0133333337
SL1_rand_20_r0,1,1962,13.1466665,13,1.53097248,4.71519995,0.0431756377,0.0331756398,0.01913785,0.0188630447,0,1.53046203,6,2.5,8.72311974,0,0,0,0,0,0.578798056,-11.168992,67.3716202,1.14218009,9.00468063,4.71519995,489.137512,76.5231018,1.75010002,0.0250000004,50,1,0.119999997,0.550000012,0.0133333337
SL1_rand_20_r0,1,1963,13.1599998,13,1.53069174,4.71519995,0.0428423062,0.0328423046,0.0191955958,0.019057218,0,1.53046203,6,2.5,8.72311974,0,0,0,0,0,0.578798056,-11.168992,67.3716202,1.14218009,9.00468063,4.71519995,489.137512,76.5231018,1.75010002,0.0250000004,50,1,0.119999997,0.550000012,0.0133333337
SL1_rand_20_r0,1,1964,13.1733332,13,1.53056538,4.71519995,0.0425089709,0.032508973,0.0200725552,0.019922344,0,1.53046203,6,2.5,8.72311974,0,0,0,0,0,0.578798056,-11.168992,67.3716202,1.14218009,9.00468063,4.71519995,489.137512,76.5231018,1.75010002,0.0250000004,50,1,0.119999997,0.550000012,0.0133333337
SL1_rand_20_r0,1,1965,13.1866665,13,1.53050852,4.71519995,0.0421756394,0.0321756378,0.0197194144,0.0197145008,0,1.53046203,6,2.5,8.72311974,0,0,0,0,0,0.578798056,-11.168992,67.3716202,1.14218009,9.00468063,4.71519995,489.137512,76.5231018,1.75010002,0.0250000004,50,1,0.119999997,0.550000012,0.0133333337
SL1_rand_20_r0,1,1966,13.1999998,13,1.53048289,4.71519995,0.0418423042,0.0318423063,0.0202842243,0.0198115744,0,1.53046203,6,2.5,8.72311974,0,0,0,0,0,0.578798056,-11.168992,67.3716202,1.14218009,9.00468063,4.71519995,489.137512,76.5231018,1.75010002,0.0250000004,50,1,0.119999997,0.550000012,0.0133333337
SL1_rand_20_r0,1,1967,13.2133331,13,1.53047144,4.71519995,0.0415089726,0.031508971,0.0203630663,0.0201753918,0,1.53046203,6,2.5,8.72311974,0,0,0,0,0,0.578798056,-11.168992,67.3716202,1.14218009,9.00468063,4.71519995,489.137512,76.5231018,1.75010002,0.0250000004,50,1,0.119999997,0.550000012,0.0133333337
SL1_rand_20_r0,1,1968,13.2266665,13,1.5304662,4.71519995,0.0411756374,0.0311756395,0.0202137996,0.0201241486,0,1.53046203,6,2.5,8.72311974,0,0,0,0,0,0.578798056,-11.168992,67.3716202,1.14218009,9.00468063,4.71519995,489.137512,76.5231018,1.75010002,0.0250000004,50,1,0.119999997,0.550000012,0.0133333337
SL1_rand_20_r0,1,1969,13.2399998,13,1.53046393,4.71519995,0.0408423059,0.0308423061,0.0206545554,0.0204086006,0,1.53046203,6,2.5,8.72311974,0,0,0,0,0,0.578798056,-11.168992,67.3716202,1.14218009,9.00468063,4.71519995,489.137512,76.5231018,1.75010002,0.0250000004,50,1,0.119999997,0.550000012,0.0133333337
SL1_rand_20_r0,1,1970,13.2533331,13,1.53046286,4.71519995,0.0405089706,0.0305089727,0.020223083,0.020200748,0,1.53046203,6,2.5,8.72311974,0,0,0,0,0,0.578798056,-11.168992,67.3716202,1.14218009,9.00468063,4.71519995,489.137512,76.5231018,1.75010002,0.0250000004,50,1,0.119999997,0.550000012,0.0133333337
SL1_rand_20_r0,1,1971,13.2666664,13,1.53046238,4.71519995,0.0401756391,0.0301756393,0.0199035294,0.0192265622,0,1.53046203,6,2.5,8.72311974,0,0,0,0,0,0.578798056,-11.168992,67.3716202,1.14218009,9.00468063,4.71519995,489.137512,76.5231018,1.75010002,0.0250000004,50,1,0.119999997,0.550000012,0.0133333337
SL1_rand_20_r0,1,1972,13.2799997,13,1.53046215,4.71519995,0.0398423076,0.0298423059,0.0204002671,0.0201115813,0,1.53046203,6,2.5,8.72311974,0,0,0,0,0,0.578798056,-11.168992,67.3716202,1.14218009,9.00468063,4.71519995,489.137512,76.5231018,1.75010002,0.0250000004,50,1,0.119999997,0.550000012,0.0133333337
SL1_rand_20_r0,1,1973,13.2933331,13,1.53046203,4.71519995,0.0395089723,0.0295089725,0.019355448,0.0190585386,0,1.53046203,6,2.5,8.72311974,0,0,0,0,0,0.578798056,-11.168992,67.3716202,1.14218009,9.00468063,4.71519995,489.137512,76.5231018,1.75010002,0.0250000004,50,1,0.119999997,0.550000012,0.0133333337
SL1_rand_20_r0,1,1974,13.3066664,13,1.53046203,4.71519995,0.0391756408,0.0291756392,0.0202746168,0.0200680066,0,1.53046203,6,2.5,8.72311974,0,0,0,0,0,0.578798056,-11.168992,67.3716202,1.14218009,9.00468063,4.71519995,489.137512,76.5231018,1.75010002,0.0250000004,50,1,0.119999997,0.550000012,0.0133333337
SL1_rand_20_r0,1,1975,13.3199997,13,1.53046203,4.71519995,0.0388423055,0.0288423058,0.0190170258,0.0187517833,0,1.53046203,6,2.5,8.72311974,0,0,0,0,0,0.578798056,-11.168992,67.3716202,1.14218009,9.00468063,4.71519995,489.137512,76.5231018,1.75010002,0.0250000004,50,1,0.119999997,0.550000012,0.0133333337
SL1_rand_20_r0,1,1976,13.333333,13,1.53046203,4.71519995,0.038508974,0.0285089724,0.0197720248,0.0197577029,0,1.53046203,6,2.5,8.72311974,0,0,0,0,0,0.578798056,-11.168992,67.3716202,1.14218009,9.00468063,4.71519995,489.137512,76.5231018,1.75010002,0.0250000004,50,1,0.119999997,0.550000012,0.0133333337
SL1_rand_20_r0,1,1977,13.3466663,13,1.53046203,4.71519995,0.0381756388,0.028175639,0.0188469272,0.0183223579,0,1.53046203,6,2.5,8.72311974,0,0,0,0,0,0.578798056,-11.168992,67.3716202,1.14218009,9.00468063,4.71519995,489.137512,76.5231018,1.75010002,0.0250000004,50,1,0.119999997,0.550000012,0.0133333337
SL1_rand_20_r0,1,1978,13.3599997,13,1.53046203,4.71519995,0.0378423072,0.0278423056,0.0189891234,0.0182324834,0,1.53046203,6,2.5,8.72311974,0,0,0,0,0,0.578798056,-11.168992,67.3716202,1.14218009,9.00468063,4.71519995,489.137512,76.5231018,1.75010002,0.0250000004,50,1,0.119999997,0.550000012,0.0133333337
SL1_rand_20_r0,1,1979,13.373333,13,1.53046203,4.71519995,0.037508972,0.0275089722,0.0188086499,0.0177902039,0,1.53046203,6,2.5,8.72311974,0,0,0,0,0,0.578798056,-11.168992,67.3716202,1.14218009,9.00468063,4.71519995,489.137512,76.5231018,1.75010002,0.0250000004,50,1,0.119999997,0.550000012,0.0133333337
SL1_rand_20_r0,1,1980,13.3866663,13,1.53046203,4.71519995,0.0371756405,0.0271756388,0.0180295445,0.0177245196,0,1.53046203,6,2.5,8.72311974,0,0,0,0,0,0.578798056,-11.168992,67.3716202,1.14218009,9.00468063,4.71519995,489.137512,76.5231018,1.75010002,0.0250000004,50,1,0.119999997,0.550000012,0.0133333337
SL1_rand_20_r0,1,1981,13.3999996,13,1.53046203,4.71519995,0.0368423052,0.0268423054,0.0188770909,0.0171796866,0,1.53046203,6,2.5,8.72311974,0,0,0,0,0,0.578798056,-11.168992,67.3716202,1.14218009,9.00468063,4.71519995,489.137512,76.5231018,1.75010002,0.0250000004,50,1,0.119999997,0.550000012,0.0133333337
SL1_rand_20_r0,1,1982,13.4133329,13,1.53046203,4.71519995,0.0365089737,0.026508972,0.0172237046,0.0171384644,0,1.53046203,6,2.5,8.72311974,0,0,0,0,0,0.578798056,-11.168992,67.3716202,1.14218009,9.00468063,4.71519995,489.137512,76.5231018,1.75010002,0.0250000004,50,1,0.119999997,0.550000012,0.0133333337
SL1_rand_20_r0,1,1983,13.4266663,13,1.53046203,4.71519995,0.0361756384,0.0261756387,0.0190340467,0.0165110677,0,1.53046203,6,2.5,8.72311974,0,0,0,0,0,0.578798056,-11.168992,67.3716202,1.14218009,9.00468063,4.71519995,489.137512,76.5231018,1.75010002,0.0250000004,50,1,0.119999997,0.550000012,0.0133333337
SL1_rand_20_r0,1,1984,13.4399996,13,1.53046203,4.71519995,0.0358423069,0.0258423053,0.0165658332,0.0164927486,0,1.53046203,6,2.5,8.72311974,0,0,0,0,0,0.578798056,-11.168992,67.3716202,1.14218009,9.00468063,4.71519995,489.137512,76.5231018,1.75010002,0.0250000004,50,1,0.119999997,0.550000012,0.0133333337
SL1_rand_20_r0,1,1985,13.4533329,13,1.53046203,4.71519995,0.0355089717,0.0255089719,0.0181739777,0.0174400881,0,1.53046203,6,2.5,8.72311974,0,0,0,0,0,0.578798056,-11.168992,67.3716202,1.14218009,9.00468063,4.71519995,489.137512,76.5231018,1.75010002,0.0250000004,50,1,0.119999997,0.550000012,0.0133333337
SL1_rand_20_r0,1,1986,13.4666662,13,1.53046203,4.71519995,0.0351756401,0.0251756385,0.0160441305,0.0158021003,0,1.53046203,6,2.5,8.72311974,0,0,0,0,0,0.578798056,-11.168992,67.3716202,1.14218009,9.00468063,4.71519995,489.137512,76.5231018,1.75010002,0.0250000004,50,1,0.119999997,0.550000012,0.0133333337
SL1_rand_20_r0,1,1987,13.4799995,13,1.53046203,4.71519995,0.0348423049,0.0248423051,0.0176205225,0.016750427,0,1.53046203,6,2.5,8.72311974,0,0,0,0,0,0.578798056,-11.168992,67.3716202,1.14218009,9.00468063,4.71519995,489.137512,76.5231018,1.75010002,0.0250000004,50,1,0.119999997,0.550000012,0.0133333337
SL1_rand_20_r0,1,1988,13.4933329,13,1.53046203,4.71519995,0.0345089734,0.0245089717,0.0156438351,0.0150764091,0,1.53046203,6,2.5,8.72311974,0,0,0,0,0,0.578798056,-11.168992,67.3716202,1.14218009,9.00468063,4.71519995,489.137512,76.5231018,1.75010002,0.0250000004,50,1,0.119999997,0.550000012,0.0133333337
SL1_rand_20_r0,1,1989,13.5066671,13,1.53046203,4.71519995,0.0341756381,0.0241756383,0.0167127643,0.0150781246,0,1.53046203,6,2.5,8.72311974,0,0,0,0,0,0.578798056,-11.168992,67.3716202,1.14218009,9.00468063,4.71519995,489.137512,76.5231018,1.75010002,0.0250000004,50,1,0.119999997,0.550000012,0.0133333337
SL1_rand_20_r0,1,1990,13.5200005,13,1.53046203,4.71519995,0.0338423066,0.0238423049,0.0153520852,0.0143281342,0,1.53046203,6,2.5,8.72311974,0,0,0,0,0,0.578798056,-11.168992,67.3716202,1.14218009,9.00468063,4.71519995,489.137512,76.5231018,1.75010002,0.0250000004,50,1,0.119999997,0.550000012,0.0133333337
SL1_rand_20_r0,1,1991,13.5333338,13,1.53046203,4.71519995,0.0335089713,0.0235089716,0.0157461278,0.0143361334,0,1.53046203,6,2.5,8.72311974,0,0,0,0,0,0.578798056,-11.168992,67.3716202,1.14218009,9.00468063,4.71519995,489.137512,76.5231018,1.75010002,0.0250000004,50,1,0.119999997,0.550000012,0.0133333337
SL1_rand_20_r0,1,1992,13.5466671,13,1.53046203,4.71519995,0.0331756398,0.02317564,0.0151582509,0.0135705573,0,1.53046203,6,2.5,8.72311974,0,0,0,0,0,0.578798056,-11.168992,67.3716202,1.14218009,9.00468063,4.71519995,489.137512,76.5231018,1.75010002,0.0250000004,50,1,0.119999997,0.550000012,0.0133333337
SL1_rand_20_r0,1,1993,13.5600004,13,1.53046203,4.71519995,0.0328423046,0.0228423066,0.0148788318,0.0135796322,0,1.53046203,6,2.5,8.72311974,0,0,0,0,0,0.578798056,-11.168992,67.3716202,1.14218009,9.00468063,4.71519995,489.137512,76.5231018,1.75010002,0.0250000004,50,1,0.119999997,0.550000012,0.0133333337
SL1_rand_20_r0,1,1994,13.5733337,13,1.53046203,4.71519995,0.032508973,0.0225089733,0.0150508294,0.0128097394,0,1.53046203,6,2.5,8.72311974,0,0,0,0,0,0.578798056,-11.168992,67.3716202,1.14218009,9.00468063,4.71519995,489.137512,76.5231018,1.75010002,0.0250000004,50,1,0.119999997,0.550000012,0.0133333337
SL1_rand_20_r0,1,1995,13.5866671,13,1.53046203,4.71519995,0.0321756378,0.0221756399,0.0141048254,0.0128183784,0,1.53046203,6,2.5,8.72311974,0,0,0,0,0,0.578798056,-11.168992,67.3716202,1.14218009,9.00468063,4.71519995,489.137512,76.5231018,1.75010002,0.0250000004,50,1,0.119999997,0.550000012,0.0133333337
SL1_rand_20_r0,1,1996,13.6000004,13,1.53046203,4.71519995,0.0318423063,0.0218423065,0.0150169898,0.0120560462,0,1.53046203,6,2.5,8.72311974,0,0,0,0,0,0.578798056,-11.168992,67.3716202,1.14218009,9.00468063,4.71519995,489.137512,76.5231018,1.75010002,0.0250000004,50,1,0.119999997,0.550000012,0.0133333337
SL1_rand_20_r0,1,1997,13.6133337,13,1.53046203,4.71519995,0.031508971,0.0215089731,0.0134149268,0.0120600369,0,1.53046203,6,2.5,8.72311974,0,0,0,0,0,0.578798056,-11.168992,67.3716202,1.14218009,9.00468063,4.71519995,489.137512,76.5231018,1.75010002,0.0250000004,50,1,0.119999997,0.550000012,0.0133333337
SL1_rand_20_r0,1,1998,13.626667,13,1.53046203,4.71519995,0.0311756395,0.0211756397,0.0150432903,0.0113011487,0,1.53046203,6,2.5,8.72311974,0,0,0,0,0,0.578798056,-11.168992,67.3716202,1.14218009,9.00468063,4.71519995,489.137512,76.5231018,1.75010002,0.0250000004,50,1,0.119999997,0.550000012,0.0133333337
SL1_rand_20_r0,1,1999,13.6400003,13,1.53046203,4.71519995,0.0308423061,0.0208423063,0.0128015224,0.0113002453,0,1.53046203,6,2.5,8.72311974,0,0,0,0,0,0.578798056,-11.168992,67.3716202,1.14218009,9.00468063,4.71519995,489.137512,76.5231018,1.75010002,0.0250000004,50,1,0.119999997,0.550000012,0.0133333337
SL1_rand_20_r0,1,2000,13.6533337,13,1.53046203,4.71519995,0.0305089727,0.0205089729,0.0136433281,0.0135609573,0,1.53046203,6,2.5,8.72311974,0,0,0,0,0,0.578798056,-11.168992,67.3716202,1.14218009,9.00468063,4.71519995,489.137512,76.5231018,1.75010002,0.0250000004,50,1,0.119999997,0.550000012,0.0133333337
SL1_rand_20_r0,1,2001,13.666667,13,1.53046203,4.71519995,0.0301756393,0.0201756395,0.0122593138,0.0105436407,0,1.53046203,6,2.5,8.72311974,0,0,0,0,0,0.578798056,-11.168992,67.3716202,1.14218009,9.00468063,4.71519995,489.137512,76.5231018,1.75010002,0.0250000004,50,1,0.119999997,0.550000012,0.0133333337
SL1_rand_20_r0,1,2002,13.6800003,13,1.53046203,4.71519995,0.0298423059,0.0198423062,0.0130004939,0.0124051198,0,1.53046203,6,2.5,8.72311974,0,0,0,0,0,0.578798056,-11.168992,67.3716202,1.14218009,9.00468063,4.71519995,489.137512,76.5231018,1.75010002,0.0250000004,50,1,0.119999997,0.550000012,0.0133333337
SL1_rand_20_r0,1,2003,13.6933336,13,1.58629143,4.71519995,0.0295089725,0.0195089728,0.0117827505,0.00979247596,0.000207524441,1.63196993,6,2.5,8.72311974,0,0,0,0,0,0.578798056,-11.168992,67.3716202,1.14218009,9.00468063,4.71519995,489.137512,76.5231018,1.75010002,0.0250000004,50,1,0.119999997,0.550000012,0.0133333337
SL1_rand_20_r0,1,2004,13.7066669,13,1.55558527,4.71519995,0.0291756392,0.0191756394,0.0121153453,0.0117416997,0,1.53046203,6,2.5,8.72311974,0,0,0,0,0,0.578798056,-11.168992,67.3716202,1.14218009,9.00468063,4.71519995,489.137512,76.5231018,1.75010002,0.0250000004,50,1,0.119999997,0.550000012,0.0133333337
SL1_rand_20_r0,1,2005,13.7200003,13,1.79704857,4.71519995,0.0288423058,0.018842306,0.0113688065,0.00905109011,0.000948910078,1.99460948,6,2.5,8.72311974,0,0,0,0,0,0.578798056,-11.168992,67.3716202,1.14218009,9.00468063,4.71519995,489.137512,76.5231018,1.75010002,0.0250000004,50,1,0.119999997,0.550000012,0.0133333337
SL1_rand_20_r0,1,2006,13.7333336,13,1.65042591,4.71519995,0.0285089724,0.0185089726,0.0114896288,0.011074069,0,1.53046203,6,2.5,8.72311974,0,0,0,0,0,0.578798056,-11.168992,67.3716202,1.14218009,9.00468063,4.71519995,489.137512,76.5231018,1.75010002,0.0250000004,50,1,0.119999997,0.550000012,0.0133333337
SL1_rand_20_r0,1,2007,13.7466669,13,2.03688121,4.71519995,0.028175639,0.0181756392,0.0110124266,0.00831824448,0.00168175576,2.35307193,6,2.5,8.72311974,0,0,0,0,0,0.578798056,-11.168992,67.3716202,1.14218009,9.00468063,4.71519995,489.137512,76.5231018,1.75010002,0.0250000004,50,1,0.119999997,0.550000012,0.0133333337
SL1_rand_20_r0,1,2008,13.7600002,13,1.75835061,4.71519995,0.0278423056,0.0178423058,0.0111406222,0.0104056709,0,1.53046203,6,2.5,8.72311974,0,0,0,0,0,0.578798056,-11.168992,67.3716202,1.14218009,9.00468063,4.71519995,489.137512,76.5231018,1.75010002,0.0250000004,50,1,0.119999997,0.550000012,0.0133333337
SL1_rand_20_r0,1,2009,13.7733335,13,1.67992353,4.71519995,0.0275089722,0.0175089724,0.0100416178,0.00982562453,0.00017437592,1.6157558,6,2.5,8.72311974,0,0,0,0,0,0.578798056,-11.168992,67.3716202,1.14218009,9.00468063,4.71519995,489.137512,76.5231018,1.75010002,0.0250000004,50,1,0.119999997,0.550000012,0.0133333337
SL1_rand_20_r0,1,2010,13.7866669,13,1.78887498,4.71519995,0.0271756388,0.017175639,0.0103360126,0.00928945281,0.000710547029,1.87801719,6,2.5,8.72311974,0,0,0,0,0,0.578798056,-11.168992,67.3716202,1.14218009,9.00468063,4.71519995,489.137512,76.5231018,1.75010002,0.0250000004,50,1,0.119999997,0.550000012,0.0133333337
SL1_rand_20_r0,1,2011,13.8000002,13,1.8741163,4.71519995,0.0268423054,0.0168423057,0.00938011147,0.00915484503,0.000845155271,1.9438591,6,2.5,8.72311974,0,0,0,0,0,0.578798056,-11.168992,67.3716202,1.14218009,9.00468063,4.71519995,489.137512,76.5231018,1.75010002,0.0250000004,50,1,0.119999997,0.550000012,0.0133333337
SL1_rand_20_r0,1,2012,13.8133335,13,2.07089448,4.71519995,0.026508972,0.0165089723,0.00889861304,0.00856598001,0.00143401988,2.23189497,6,2.5,8.72311974,0,0,0,0,0,0.578798056,-11.168992,67.3716202,1.14218009,9.00468063,4.71519995,489.137512,76.5231018,1.75010002,0.0250000004,50,1,0.119999997,0.550000012,0.0133333337
SL1_rand_20_r0,1,2013,13.8266668,13,2.18234301,4.71519995,0.0261756387,0.0161756389,0.00909255352,0.00848086458,0.0015191352,2.2735281,6,2.5,8.72311974,0,0,0,0,0,0.578798056,-11.168992,67.3716202,1.14218009,9.00468063,4.71519995,489.137512,76.5231018,1.75010002,0.0250000004,50,1,0.119999997,0.550000012,0.0133333337
SL1_rand_20_r0,1,2014,13.8400002,13,2.40519023,4.71519995,0.0258423053,0.0158423055,0.00824048929,0.00783893466,0.00216106488,2.58751988,6,2.5,8.72311974,0,0,0,0,0,0.578798056,-11.168992,67.3716202,1.14218009,9.00468063,4.71519995,489.137512,76.5231018,1.75010002,0.0250000004,50,1,0.119999997,0.550000012,0.0133333337
SL1_rand_20_r0,1,2015,13.8533335,13,2.39826298,4.71519995,0.0255089719,0.0155089721,0.00842486694,0.008237442,0.00176255754,2.39259505,6,2.5,8.72311974,0,0,0,0,0,0.578798056,-11.168992,67.3716202,1.14218009,9.00468063,4.71519995,489.137512,76.5231018,1.75010002,0.0250000004,50,1,0.119999997,0.550000012,0.0133333337
SL1_rand_20_r0,1,2016,13.8666668,13,2.59485841,4.71519995,0.0251756385,0.0151756387,0.00798219815,0.00749508571,0.0025049143,2.75570941,6,2.5,8.72311974,1,1,0,1,0,0.578798056,-11.168992,67.3716202,1.14218009,9.00468063,4.71519995,489.137512,76.5231018,1.75010002,0.0250000004,50,1,0.119999997,0.550000012,0.0133333337
SL1_rand_20_r0,1,2017,14.0066748,14,3.05768013,4.71519995,0.0248423051,0.0148423063,0.00706669921,0.00610356918,0.0038964306,3.43635225,6,2.5,8.72311974,1,1,0,2,0,0.868898869,-1.44634414,76.3411255,1.11374402,1.75343752,4.71519995,489.137512,76.5231018,1.75010002,0.0250000004,50,1,0.119999997,0.550000012,0.0133333337
SL1_rand_20_r0,1,2018,15.0133333,15,2.82821965,4.71519995,0.0245089717,0.0145089729,0.00843512639,0.00773066375,0.00226933626,2.64047933,6,2.5,8.72311974,0,1,0,0,0,-0.365553588,-2.3812623,75.0378952,1.09952605,1.61513209,4.71519995,489.137512,76.5231018,1.75010002,0.0250000004,50,1,0.119999997,0.550000012,0.0133333337
SL1_rand_20_r0,1,2019,15.0266666,15,2.34523773,4.71519995,0.0241756383,0.0141756395,0.00943402853,0.00914214645,0.000857853738,1.95007038,6,2.5,8.72311974,0,0,0,0,0,-0.365553588,-2.3812623,75.0378952,1.09952605,1.61513209,4.71519995,489.137512,76.5231018,1.75010002,0.0250000004,50,1,0.119999997,0.550000012,0.0133333337
SL1_rand_20_r0,1,2020,15.04,15,1.95228565,4.71519995,0.0238423049,0.0138423061,0.0105856014,0.00979490951,0.00020509043,1.63077939,6,2.5,8.72311974,0,0,0,0,0,-0.365553588,-2.3812623,75.0378952,1.09952605,1.61513209,4.71519995,489.137512,76.5231018,1.75010002,0.0250000004,50,1,0.119999997,0.550000012,0.0133333337
SL1_rand_20_r0,1,2021,15.0533333,15,1.72028267,4.71519995,0.0235089716,0.0135089727,0.0115226349,0.0111516267,0,1.53046203,6,2.5,8.72311974,0,0,0,0,0,-0.365553588,-2.3812623,75.0378952,1.09952605,1.61513209,4.71519995,489.137512,76.5231018,1.75010002,0.0250000004,50,1,0.119999997,0.550000012,0.0133333337
SL1_rand_20_r0,1,2022,15.0666666,15,1.61588132,4.71519995,0.02317564,0.0131756393,0.0121433064,0.0114220725,0,1.53046203,6,2.5,8.72311974,0,0,0,0,0,-0.365553588,-2.3812623,75.0378952,1.09952605,1.61513209,4.71519995,489.137512,76.5231018,1.75010002,0.0250000004,50,1,0.119999997,0.550000012,0.0133333337
SL1_rand_20_r0,1,2023,15.0799999,15,1.5689007,4.71519995,0.0228423066,0.0128423059,0.0106020831,0.0102727143,0,1.53046203,6,2.5,8.72311974,0,0,0,0,0,-0.365553588,-2.3812623,75.0378952,1.09952605,1.61513209,4.71519995,489.137512,76.5231018,1.75010002,0.0250000004,50,1,0.119999997,0.550000012,0.0133333337
SL1_rand_20_r0,1,2024,15.0933332,15,1.57809126,4.71519995,0.0225089733,0.0125089725,0.0105015617,0.00988725293,0.000112747191,1.58561087,6,2.5,8.72311974,0,0,0,0,0,-0.365553588,-2.3812623,75.0378952,1.09952605,1.61513209,4.71519995,489.137512,76.5231018,1.75010002,0.0250000004,50,1,0.119999997,0.550000012,0.0133333337
SL1_rand_20_r0,1,2025,15.1066666,15,1.91151249,4.71519995,0.0221756399,0.0121756392,0.00963964593,0.00866326038,0.00133673998,2.18431163,6,2.5,8.72311974,0,0,0,0,0,-0.365553588,-2.3812623,75.0378952,1.09952605,1.61513209,4.71519995,489.137512,76.5231018,1.75010002,0.0250000004,50,1,0.119999997,0.550000012,0.0133333337
SL1_rand_20_r0,1,2026,15.1199999,15,2.14632869,4.71519995,0.0218423065,0.0118423058,0.0091827577,0.00834813528,0.00165186462,2.33845091,6,2.5,8.72311974,0,0,0,0,0,-0.365553588,-2.3812623,75.0378952,1.09952605,1.61513209,4.71519995,489.137512,76.5231018,1.75010002,0.0250000004,50,1,0.119999997,0.550000012,0.0133333337
SL1_rand_20_r0,1,2027,15.1333332,15,2.43768907,4.71519995,0.0215089731,0.0115089724,0.00879714452,0.00765789161,0.0023421084,2.67607498,6,2.5,8.72311974,0,0,0,0,0,-0.365553588,-2.3812623,75.0378952,1.09952605,1.61513209,4.71519995,489.137512,76.5231018,1.75010002,0.0250000004,50,1,0.119999997,0.550000012,0.0133333337
SL1_rand_20_r0,1,2028,15.1466665,15,2.78559113,4.71519995,0.0211756397,0.011175639,0.00828327332,0.00685205823,0.00314794178,3.07023835,6,2.5,8.72311974,0,1,0,0,0,-0.365553588,-2.3812623,75.0378952,1.09952605,1.61513209,4.71519995,489.137512,76.5231018,1.75010002,0.0250000004,50,1,0.119999997,0.550000012,0.0133333337
SL1_rand_20_r0,1,2029,15.1599998,15,3.08080459,4.71519995,0.0208423063,0.0108423056,0.00735770399,0.00633665174,0.00366334803,3.32234287,6,2.5,8.72311974,1,1,0,1,0,-0.365553588,-2.3812623,75.0378952,1.09952605,1.61513209,4.71519995,489.137512,76.5231018,1.75010002,0.0250000004,50,1,0.119999997,0.550000012,0.0133333337
SL1_rand_20_r0,1,2030,15.3000078,15,3.15280509,4.71519995,0.0205089729,0.0105089722,0.00672527123,0.00656282203,0.00343717798,3.21171474,6,2.5,8.72311974,1,1,0,2,0,-0.365553588,-2.3812623,75.0378952,1.09952605,1.61513209,4.71519995,489.137512,76.5231018,1.75010002,0.0250000004,50,1,0.119999997,0.550000012,0.0133333337
SL1_rand_20_r0,1,2031,15.4400158,15,3.0711782,4.71519995,0.0201756395,0.0101756388,0.00733504957,0.00698667485,0.00301332516,3.00439239,6,2.5,8.72311974,1,1,0,3,0,-0.365553588,-2.3812623,75.0378952,1.09952605,1.61513209,4.71519995,489.137512,76.5231018,1.75010002,0.0250000004,50,1,0.119999997,0.550000012,0.0133333337
SL1_rand_20_r0,1,2032,15.5800238,15,3.22219276,4.71519995,0.0198423062,0.00984230544,0.0067720376,0.00628879759,0.00371120218,3.34575009,6,2.5,8.72311974,1,1,0,4,0,-0.365553588,-2.3812623,75.0378952,1.09952605,1.61513209,4.71519995,489.137512,76.5231018,1.75010002,0.0250000004,50,1,0.119999997,0.550000012,0.0133333337
SL1_rand_20_r0,1,2033,18.1400089,18,3.98291636,4.71519995,0.0195833389,0.00958333816,0.00419255299,0.00371370115,0.00628629886,4.60532665,6,2.5,8.72311974,1,1,0,5,0,0.165010825,-1.09134364,76.9129105,1.09478676,0.757616937,4.71519995,489.137512,76.5231018,1.75010002,0.0250000004,50,1,0.119999997,0.550000012,0.0133333337
SL1_rand_20_r0,1,2034,18.2800159,18,5.08901596,4.71519995,0.0196440145,0.00964401476,0.000753271044,0.000176614587,0.00982338563,5.99400663,6,2.5,8.72311974,1,1,0,6,0,0.165010825,-1.09134364,76.9129105,1.09478676,0.757616937,4.71519995,489.137512,76.5231018,1.75010002,0.0250000004,50,1,0.119999997,0.550000012,0.0133333337
SL1_rand_20_r0,1,2035,18.4200249,18,4.90111351,4.71519995,0.0197057705,0.00970576983,0.00181570137,-0.000275156664,0.0102751562,4.74737501,6,2.5,8.72311974,1,1,0,7,0,0.165010825,-1.09134364,76.9129105,1.09478676,0.757616937,4.71519995,489.137512,76.5231018,1.75010002,0.0250000004,50,1,0.119999997,0.550000012,0.0133333337
SL1_rand_20_r0,1,2036,18.5600319,18,4.92283916,4.71519995,0.0197737403,0.00977374054,0.00156650413,-0.000680345809,0.0106803458,4.9406147,6,2.5,8.72311974,1,1,0,8,0,0.165010825,-1.09134364,76.9129105,1.09478676,0.757616937,4.71519995,489.137512,76.5231018,1.75010002,0.0250000004,50,1,0.119999997,0.550000012,0.0133333337
SL1_rand_20_r0,1,2037,20.1400089,20,4.96185207,4.71519995,0.0198535826,0.00985358283,0.00229120813,-0.000847356569,0.0108473562,4.99377203,6,2.5,8.72311974,1,1,0,9,0,15.7451582,1.31540132,86.1841354,0.649289072,8.39810181,4.71519995,489.137512,76.5231018,1.75010002,0.0250000004,50,1,0.119999997,0.550000012,0.0133333337
SL1_rand_20_r0,1,2038,20.2800159,20,4.67931509,4.71519995,0.0198569223,0.00985692255,0.001899514,0.000156678361,0.00984332152,4.44814825,6,2.5,8.72311974,1,1,0,10,0,15.7451582,1.31540132,86.1841354,0.649289072,8.39810181,4.71519995,489.137512,76.5231018,1.75010002,0.0250000004,50,1,0.119999997,0.550000012,0.0133333337
SL1_rand_20_r0,1,2039,20.4200249,20,4.18214464,4.71519995,0.0197094083,0.00970940758,0.00261577754,0.00225023553,0.00774976425,3.77536917,6,2.5,8.72311974,1,1,0,11,0,15.7451582,1.31540132,86.1841354,0.649289072,8.39810181,4.71519995,489.137512,76.5231018,1.75010002,0.0250000004,50,1,0.119999997,0.550000012,0.0133333337
SL1_rand_20_r0,1,2040,20.5600319,20,4.98790312,4.71519995,0.0197605733,0.00976057258,0.0022230465,-0.00016046442,0.0101604648,5.64715958,6,2.5,8.72311974,1,1,0,12,0,15.7451582,1.31540132,86.1841354,0.649289072,8.39810181,4.71519995,489.137512,76.5231018,1.75010002,0.0250000004,50,1,0.119999997,0.550000012,0.0133333337
SL1_rand_20_r0,1,2041,22.1400089,22,5.53891993,4.71519995,0.0199979115,0.00999791175,0.00285982271,-0.00272580888,0.0127258087,5.98975182,6,2.5,8.72311974,1,1,0,13,0,27.572485,-0.940764606,79.649765,0.606635094,3.44676065,4.71519995,489.137512,76.5231018,1.75010002,0.0250000004,50,1,0.119999997,0.550000012,0.0133333337
SL1_rand_20_r0,1,2042,22.2800159,22,4.28164339,4.71519995,0.0199170355,0.0099170357,0.00163479534,0.00112176884,0.00887823105,3.25296283,6,2.5,8.72311974,1,1,0,14,0,27.572485,-0.940764606,79.649765,0.606635094,3.44676065,4.71519995,489.137512,76.5231018,1.75010002,0.0250000004,50,1,0.119999997,0.550000012,0.0133333337
SL1_rand_20_r0,1,2043,22.4200249,22,5.00688934,4.71519995,0.0199845806,0.0099845808,0.00421174662,-0.00069012196,0.0106901219,5.60027218,6,2.5,8.72311974,1,1,0,15,0,27.572485,-0.940764606,79.649765,0.606635094,3.44676065,4.71519995,489.137512,76.5231018,1.75010002,0.0250000004,50,1,0.119999997,0.550000012,0.0133333337
SL1_rand_20_r0,1,2044,22.5600319,22,3.94406009,4.71519995,0.0197816323,0.00978163257,0.00358526129,0.00308047328,0.00691952696,3.07447267,6,2.5,8.72311974,1,1,0,16,0,27.572485,-0.940764606,79.649765,0.606635094,3.44676065,4.71519995,489.137512,76.5231018,1.75010002,0.0250000004,50,1,0.119999997,0.550000012,0.0133333337
SL1_rand_20_r0,2,2476,0.0133333337,0,0,4.71519995,0.0676666647,0.0576666668,0.0764907151,0.0753099397,0,0,6,2.5,8.72311974,0,0,0,0,0,16.2035255,1.18008947,86.3202896,0.597156405,2.31401873,4.71519995,489.137512,76.5231018,1.75010002,0.0250000004,50,1,0.119999997,0.550000012,0.0133333337
SL1_rand_20_r0,2,2477,0.0266666673,0,0,4.71519995,0.0673333332,0.0573333316,0.0751813725,0.074283801,0,0,6,2.5,8.72311974,0,0,0,0,0,16.2035255,1.18008947,86.3202896,0.597156405,2.31401873,4.71519995,489.137512,76.5231018,1.75010002,0.0250000004,50,1,0.119999997,0.550000012,0.0133333337
SL1_rand_20_r0,2,2478,0.0399999991,0,0.841754079,4.71519995,0.0670000017,0.057,0.0734879896,0.0730280802,0,1.53046203,6,2.5,8.72311974,0,0,0,0,0,16.2035255,1.18008947,86.3202896,0.597156405,2.31401873,4.71519995,489.137512,76.5231018,1.75010002,0.0250000004,50,1,0.119999997,0.550000012,0.0133333337
SL1_rand_20_r0,2,2479,0.0533333346,0,1.2205435,4.71519995,0.0666666701,0.0566666685,0.0725315511,0.0715782419,0,1.53046203,6,2.5,8.72311974,0,0,0,0,0,16.2035255,1.18008947,86.3202896,0.597156405,2.31401873,4.71519995,489.137512,76.5231018,1.75010002,0.0250000004,50,1,0.119999997,0.550000012,0.0133333337
SL1_rand_20_r0,2,2480,0.0666666701,0,1.3909986,4.71519995,0.0663333312,0.0563333333,0.0713352636,0.071265094,0,1.53046203,6,2.5,8.72311974,0,0,0,0,0,16.2035255,1.18008947,86.3202896,0.597156405,2.31401873,4.71519995,489.137512,76.5231018,1.75010002,0.0250000004,50,1,0.119999997,0.550000012,0.0133333337
SL1_rand_20_r0,2,2481,0.0799999982,0,1.46770346,4.71519995,0.0659999996,0.0560000017,0.0701905414,0.0699304342,0,1.53046203,6,2.5,8.72311974,0,0,0,0,0,16.2035255,1.18008947,86.3202896,0.597156405,2.31401873,4.71519995,489.137512,76.5231018,1.75010002,0.0250000004,50,1,0.119999997,0.550000012,0.0133333337
SL1_rand_20_r0,2,2482,0.0933333337,0,1.50222063,4.71519995,0.0656666681,0.0556666665,0.0690037906,0.0681905001,0,1.53046203,6,2.5,8.72311974,0,0,0,0,0,16.2035255,1.18008947,86.3202896,0.597156405,2.31401873,4.71519995,489.137512,76.5231018,1.75010002,0.0250000004,50,1,0.119999997,0.550000012,0.0133333337
SL1_rand_20_r0,2,2483,0.106666669,0,1.51775336,4.71519995,0.0653333366,0.055333335,0.0680356771,0.0675463751,0,1.53046203,6,2.5,8.72311974,0,0,0,0,0,16.2035255,1.18008947,86.3202896,0.597156405,2.31401873,4.71519995,489.137512,76.5231018,1.75010002,0.0250000004,50,1,0.119999997,0.550000012,0.0133333337
SL1_rand_20_r0,2,2484,0.119999997,0,1.52474308,4.71519995,0.0649999976,0.0549999997,0.0670143738,0.0661584958,0,1.53046203,6,2.5,8.72311974,0,0,0,0,0,16.2035255,1.18008947,86.3202896,0.597156405,2.31401873,4.71519995,489.137512,76.5231018,1.75010002,0.0250000004,50,1,0.119999997,0.550000012,0.0133333337
SL1_rand_20_r0,2,2485,0.13333334,0,1.52788854,4.71519995,0.0646666661,0.0546666682,0.0662125722,0.0657975823,0,1.53046203,6,2.5,8.72311974,0,0,0,0,0,16.2035255,1.18008947,86.3202896,0.597156405,2.31401873,4.71519995,489.137512,76.5231018,1.75010002,0.0250000004,50,1,0.119999997,0.550000012,0.0133333337
SL1_rand_20_r0,2,2486,0.146666661,0,1.52930391,4.71519995,0.0643333346,0.0543333329,0.0650369525,0.064832285,0,1.53046203,6,2.5,8.72311974,0,0,0,0,0,16.2035255,1.18008947,86.3202896,0.597156405,2.31401873,4.71519995,489.137512,76.5231018,1.75010002,0.0250000004,50,1,0.119999997,0.550000012,0.0133333337
SL1_rand_20_r0,2,2487,0.159999996,0,1.52994084,4.71519995,0.064000003,0.0540000014,0.0645376146,0.0645106733,0,1.53046203,6,2.5,8.72311974,0,0,0,0,0,16.2035255,1.18008947,86.3202896,0.597156405,2.31401873,4.71519995,489.137512,76.5231018,1.75010002,0.0250000004,50,1,0.119999997,0.550000012,0.0133333337
SL1_rand_20_r0,2,2488,0.173333332,0,1.53022754,4.71519995,0.0636666641,0.0536666662,0.0637540147,0.0636341199,0,1.53046203,6,2.5,8.72311974,0,0,0,0,0,16.2035255,1.18008947,86.3202896,0.597156405,2.31401873,4.71519995,489.137512,76.5231018,1.75010002,0.0250000004,50,1,0.119999997,0.550000012,0.0133333337
SL1_rand_20_r0,2,2489,0.186666667,0,1.53035653,4.71519995,0.0633333325,0.0533333346,0.0633872375,0.0631734505,0,1.53046203,6,2.5,8.72311974,0,0,0,0,0,16.2035255,1.18008947,86.3202896,0.597156405,2.31401873,4.71519995,489.137512,76.5231018,1.75010002,0.0250000004,50,1,0.119999997,0.550000012,0.0133333337
SL1_rand_20_r0,2,2490,0.200000003,0,1.53041446,4.71519995,0.063000001,0.0529999994,0.0625624135,0.0620222352,0,1.53046203,6,2.5,8.72311974,0,0,0,0,0,16.2035255,1.18008947,86.3202896,0.597156405,2.31401873,4.71519995,489.137512,76.5231018,1.75010002,0.0250000004,50,1,0.119999997,0.550000012,0.0133333337
SL1_rand_20_r0,2,2491,0.213333338,0,1.53044069,4.71519995,0.0626666695,0.0526666678,0.061937727,0.061465852,0,1.53046203,6,2.5,8.72311974,0,0,0,0,0,16.2035255,1.18008947,86.3202896,0.597156405,2.31401873,4.71519995,489.137512,76.5231018,1.75010002,0.0250000004,50,1,0.119999997,0.550000012,0.0133333337
SL1_rand_20_r0,2,2492,0.226666674,0,1.53045237,4.71519995,0.0623333342,0.0523333326,0.0612660348,0.0612182878,0,1.53046203,6,2.5,8.72311974,0,0,0,0,0,16.2035255,1.18008947,86.3202896,0.597156405,2.31401873,4.71519995,489.137512,76.5231018,1.75010002,0.0250000004,50,1,0.119999997,0.550000012,0.0133333337
SL1_rand_20_r0,2,2493,0.239999995,0,1.53045762,4.71519995,0.061999999,0.0520000011,0.0604177378,0.0601019748,0,1.53046203,6,2.5,8.72311974,0,0,0,0,0,16.2035255,1.18008947,86.3202896,0.597156405,2.31401873,4.71519995,489.137512,76.5231018,1.75010002,0.0250000004,50,1,0.119999997,0.550000012,0.0133333337
SL1_rand_20_r0,2,2494,0.25333333,0,1.53046,4.71519995,0.0616666675,0.0516666658,0.0600635856,0.0596595183,0,1.53046203,6,2.5,8.72311974,0,0,0,0,0,16.2035255,1.18008947,86.3202896,0.597156405,2.31401873,4.71519995,489.137512,76.5231018,1.75010002,0.0250000004,50,1,0.119999997,0.550000012,0.0133333337
SL1_rand_20_r0,2,2495,0.266666681,0,1.53046107,4.71519995,0.0613333322,0.0513333343,0.0594311878,0.0594272092,0,1.53046203,6,2.5,8.72311974,0,0,0,0,0,16.2035255,1.18008947,86.3202896,0.597156405,2.31401873,4.71519995,489.137512,76.5231018,1.75010002,0.0250000004,50,1,0.119999997,0.550000012,0.0133333337
SL1_rand_20_r0,2,2496,0.280000001,0,1.53046155,4.71519995,0.0610000007,0.050999999,0.0592094995,0.0590598509,0,1.53046203,6,2.5,8.72311974,0,0,0,0,0,16.2035255,1.18008947,86.3202896,0.597156405,2.31401873,4.71519995,489.137512,76.5231018,1.75010002,0.0250000004,50,1,0.119999997,0.550000012,0.0133333337
SL1_rand_20_r0,2,2497,0.293333322,0,1.53046179,4.71519995,0.0606666654,0.0506666675,0.0590064041,0.058592733,0,1.53046203,6,2.5,8.72311974,0,0,0,0,0,16.2035255,1.18008947,86.3202896,0.597156405,2.31401873,4.71519995,489.137512,76.5231018,1.75010002,0.0250000004,50,1,0.119999997,0.550000012,0.0133333337
SL1_rand_20_r0,2,2498,0.306666672,0,1.53046191,4.71519995,0.0603333339,0.0503333323,0.0584753081,0.0584537759,0,1.53046203,6,2.5,8.72311974,0,0,0,0,0,16.2035255,1.18008947,86.3202896,0.597156405,2.31401873,4.71519995,489.137512,76.5231018,1.75010002,0.0250000004,50,1,0.119999997,0.550000012,0.0133333337
SL1_rand_20_r0,2,2499,0.319999993,0,1.53046191,4.71519995,0.0599999987,0.0500000007,0.0582136139,0.0580463558,0,1.53046203,6,2.5,8.72311974,0,0,0,0,0,16.2035255,1.18008947,86.3202896,0.597156405,2.31401873,4.71519995,489.137512,76.5231018,1.75010002,0.0250000004,50,1,0.119999997,0.550000012,0.0133333337
SL1_rand_20_r0,2,2500,0.333333343,0,1.53046203,4.71519995,0.0596666671,0.0496666655,0.0580507629,0.0575658828,0,1.53046203,6,2.5,8.72311974,0,0,0,0,0,16.2035255,1.18008947,86.3202896,0.597156405,2.31401873,4.71519995,489.137512,76.5231018,1.75010002,0.0250000004,50,1,0.119999997,0.550000012,0.0133333337
SL1_rand_20_r0,2,2501,0.346666664,0,1.53046203,4.71519995,0.0593333319,0.049333334,0.0574861169,0.0574745536,0,1.53046203,6,2.5,8.72311974,0,0,0,0,0,16.2035255,1.18008947,86.3202896,0.597156405,2.31401873,4.71519995,489.137512,76.5231018,1.75010002,0.0250000004,50,1,0.119999997,0.550000012,0.0133333337
SL1_rand_20_r0,2,2502,0.360000014,0,1.53046203,4.71519995,0.0590000004,0.0489999987,0.057274092,0.0563061573,0,1.53046203,6,2.5,8.72311974,0,0,0,0,0,16.2035255,1.18008947,86.3202896,0.597156405,2.31401873,4.71519995,489.137512,76.5231018,1.75010002,0.0250000004,50,1,0.119999997,0.550000012,0.0133333337
SL1_rand_20_r0,2,2503,0.373333335,0,1.53046203,4.71519995,0.0586666651,0.0486666672,0.0565969944,0.0560777262,0,1.53046203,6,2.5,8.72311974,0,0,0,0,0,16.2035255,1.18008947,86.3202896,0.597156405,2.31401873,4.71519995,489.137512,76.5231018,1.75010002,0.0250000004,50,1,0.119999997,0.550000012,0.0133333337
SL1_rand_20_r0,2,2504,0.386666656,0,1.53046203,4.71519995,0.0583333336,0.0483333319,0.0560524724,0.0558446385,0,1.53046203,6,2.5,8.72311974,0,0,0,0,0,16.2035255,1.18008947,86.3202896,0.597156405,2.31401873,4.71519995,489.137512,76.5231018,1.75010002,0.0250000004,50,1,0.119999997,0.550000012,0.0133333337
SL1_rand_20_r0,2,2505,0.400000006,0,1.53046203,4.71519995,0.0579999983,0.0480000004,0.0556430519,0.0556076579,0,1.53046203,6,2.5,8.72311974,0,0,0,0,0,16.2035255,1.18008947,86.3202896,0.597156405,2.31401873,4.71519995,489.137512,76.5231018,1.75010002,0.0250000004,50,1,0.119999997,0.550000012,0.0133333337
SL1_rand_20_r0,2,2506,0.413333327,0,1.53046203,4.71519995,0.0576666668,0.0476666652,0.055367589,0.055360239,0,1.53046203,6,2.5,8.72311974,0,0,0,0,0,16.2035255,1.18008947,86.3202896,0.597156405,2.31401873,4.71519995,489.137512,76.5231018,1.75010002,0.0250000004,50,1,0.119999997,0.550000012,0.0133333337
SL1_rand_20_r0,2,2507,0.426666677,0,1.53046203,4.71519995,0.0573333316,0.0473333336,0.0552259386,0.0550979972,0,1.53046203,6,2.5,8.72311974,0,0,0,0,0,16.2035255,1.18008947,86.3202896,0.597156405,2.31401873,4.71519995,489.137512,76.5231018,1.75010002,0.0250000004,50,1,0.119999997,0.550000012,0.0133333337
SL1_rand_20_r0,2,2508,0.439999998,0,1.53046203,4.71519995,0.057,0.0469999984,0.0551184975,0.0548474938,0,1.53046203,6,2.5,8.72311974,0,0,0,0,0,16.2035255,1.18008947,86.3202896,0.597156405,2.31401873,4.71519995,489.137512,76.5231018,1.75010002,0.0250000004,50,1,0.119999997,0.550000012,0.0133333337
SL1_rand_20_r0,2,2509,0.453333348,0,1.53046203,4.71519995,0.0566666685,0.0466666669,0.0546490513,0.0546186306,0,1.53046203,6,2.5,8.72311974,0,0,0,0,0,16.2035255,1.18008947,86.3202896,0.597156405,2.31401873,4.71519995,489.137512,76.5231018,1.75010002,0.0250000004,50,1,0.119999997,0.550000012,0.0133333337
SL1_rand_20_r0,2,2510,0.466666669,0,1.53046203,4.71519995,0.0563333333,0.0463333316,0.0541882813,0.0541799031,0,1.53046203,6,2.5,8.72311974,0,0,0,0,0,16.2035255,1.18008947,86.3202896,0.597156405,2.31401873,4.71519995,489.137512,76.5231018,1.75010002,0.0250000004,50,1,0.119999997,0.550000012,0.0133333337
SL1_rand_20_r0,2,2511,0.479999989,0,1.53046203,4.71519995,0.0560000017,0.0460000001,0.0540093184,0.0537498444,0,1.53046203,6,2.5,8.72311974,0,0,0,0,0,16.2035255,1.18008947,86.3202896,0.597156405,2.31401873,4.71519995,489.137512,76.5231018,1.75010002,0.0250000004,50,1,0.119999997,0.550000012,0.0133333337
SL1_rand_20_r0,2,2512,0.49333334,0,1.53046203,4.71519995,0.0556666665,0.0456666648,0.0535500161,0.0535494126,0,1.53046203,6,2.5,8.72311974,0,0,0,0,0,16.2035255,1.18008947,86.3202896,0.597156405,2.31401873,4.71519995,489.137512,76.5231018,1.75010002,0.0250000004,50,1,0.119999997,0.550000012,0.0133333337
SL1_rand_20_r0,2,2513,0.50666666,0,1.53046203,4.71519995,0.055333335,0.0453333333,0.0530610867,0.0529782511,0,1.53046203,6,2.5,8.72311974,0,0,0,0,0,16.2035255,1.18008947,86.3202896,0.597156405,2.31401873,4.71519995,489.137512,76.5231018,1.75010002,0.0250000004,50,1,0.119999997,0.550000012,0.0133333337
SL1_rand_20_r0,2,2514,0.519999981,0,1.53046203,4.71519995,0.0549999997,0.0450000018,0.0527584627,0.0527283289,0,1.53046203,6,2.5,8.72311974,0,0,0,0,0,16.2035255,1.18008947,86.3202896,0.597156405,2.31401873,4.71519995,489.137512,76.5231018,1.75010002,0.0250000004,50,1,0.119999997,0.550000012,0.0133333337
SL1_rand_20_r0,2,2515,0.533333361,0,1.53046203,4.71519995,0.0546666682,0.0446666665,0.0522073507,0.0521030053,0,1.53046203,6,2.5,8.72311974,0,0,0,0,0,16.2035255,1.18008947,86.3202896,0.597156405,2.31401873,4.71519995,489.137512,76.5231018,1.75010002,0.0250000004,50,1,0.119999997,0.550000012,0.0133333337
SL1_rand_20_r0,2,2516,0.546666682,0,1.53046203,4.71519995,0.0543333329,0.044333335,0.051861234,0.051653102,0,1.53046203,6,2.5,8.72311974,0,0,0,0,0,16.2035255,1.18008947,86.3202896,0.597156405,2.31401873,4.71519995,489.137512,76.5231018,1.75010002,0.0250000004,50,1,0.119999997,0.550000012,0.0133333337
SL1_rand_20_r0,2,2517,0.560000002,0,1.53046203,4.71519995,0.0540000014,0.0439999998,0.0512652434,0.0511927418,0,1.53046203,6,2.5,8.72311974,0,0,0,0,0,16.2035255,1.18008947,86.3202896,0.597156405,2.31401873,4.71519995,489.137512,76.5231018,1.75010002,0.0250000004,50,1,0.119999997,0.550000012,0.0133333337
SL1_rand_20_r0,2,2518,0.573333323,0,1.53046203,4.71519995,0.0536666662,0.0436666682,0.0508665815,0.0507729165,0,1.53046203,6,2.5,8.72311974,0,0,0,0,0,16.2035255,1.18008947,86.3202896,0.597156405,2.31401873,4.71519995,489.137512,76.5231018,1.75010002,0.0250000004,50,1,0.119999997,0.550000012,0.0133333337
SL1_rand_20_r0,2,2519,0.586666644,0,1.53046203,4.71519995,0.0533333346,0.043333333,0.0504261889,0.0504016094,0,1.53046203,6,2.5,8.72311974,0,0,0,0,0,16.2035255,1.18008947,86.3202896,0.597156405,2.31401873,4.71519995,489.137512,76.5231018,1.75010002,0.0250000004,50,1,0.119999997,0.550000012,0.0133333337
SL1_rand_20_r0,2,2520,0.600000024,0,1.53046203,4.71519995,0.0529999994,0.0430000015,0.0498888791,0.0498876013,0,1.53046203,6,2.5,8.72311974,0,0,0,0,0,16.2035255,1.18008947,86.3202896,0.597156405,2.31401873,4.71519995,489.137512,76.5231018,1.75010002,0.0250000004,50,1,0.119999997,0.550000012,0.0133333337
SL1_rand_20_r0,2,2521,0.613333344,0,1.53046203,4.71519995,0.0526666678,0.0426666662,0.049589958,0.0494909845,0,1.53046203,6,2.5,8.72311974,0,0,0,0,0,16.2035255,1.18008947,86.3202896,0.597156405,2.31401873,4.71519995,489.137512,76.5231018,1.75010002,0.0250000004,50,1,0.119999997,0.550000012,0.0133333337
SL1_rand_20_r0,2,2522,0.626666665,0,1.53046203,4.71519995,0.0523333326,0.0423333347,0.0489721,0.0488170423,0,1.53046203,6,2.5,8.72311974,0,0,0,0,0,16.2035255,1.18008947,86.3202896,0.597156405,2.31401873,4.71519995,489.137512,76.5231018,1.75010002,0.0250000004,50,1,0.119999997,0.550000012,0.0133333337
SL1_rand_20_r0,2,2523,0.639999986,0,1.53046203,4.71519995,0.0520000011,0.0419999994,0.0485636555,0.0483326428,0,1.53046203,6,2.5,8.72311974,0,0,0,0,0,16.2035255,1.18008947,86.3202896,0.597156405,2.31401873,4.71519995,489.137512,76.5231018,1.75010002,0.0250000004,50,1,0.119999997,0.550000012,0.0133333337
SL1_rand_20_r0,2,2524,0.653333306,0,1.53046203,4.71519995,0.0516666658,0.0416666679,0.0480423905,0.0478984043,0,1.53046203,6,2.5,8.72311974,0,0,0,0,0,16.2035255,1.18008947,86.3202896,0.597156405,2.31401873,4.71519995,489.137512,76.5231018,1.75010002,0.0250000004,50,1,0.119999997,0.550000012,0.0133333337
SL1_rand_20_r0,2,2525,0.666666687,0,1.53046203,4.71519995,0.0513333343,0.0413333327,0.0475274548,0.0474420823,0,1.53046203,6,2.5,8.72311974,0,0,0,0,0,16.2035255,1.18008947,86.3202896,0.597156405,2.31401873,4.71519995,489.137512,76.5231018,1.75010002,0.0250000004,50,1,0.119999997,0.550000012,0.0133333337
SL1_rand_20_r0,2,2526,0.680000007,0,1.53046203,4.71519995,0.050999999,0.0410000011,0.0471673608,0.0469789654,0,1.53046203,6,2.5,8.72311974,0,0,0,0,0,16.2035255,1.18008947,86.3202896,0.597156405,2.31401873,4.71519995,489.137512,76.5231018,1.75010002,0.0250000004,50,1,0.119999997,0.550000012,0.0133333337
SL1_rand_20_r0,2,2527,0.693333328,0,1.53046203,4.71519995,0.0506666675,0.0406666659,0.0465908013,0.0463262089,0,1.53046203,6,2.5,8.72311974,0,0,0,0,0,16.2035255,1.18008947,86.3202896,0.597156405,2.31401873,4.71519995,489.137512,76.5231018,1.75010002,0.0250000004,50,1,0.119999997,0.550000012,0.0133333337
SL1_rand_20_r0,2,2528,0.706666648,0,1.53046203,4.71519995,0.0503333323,0.0403333344,0.0463386029,0.0460733697,0,1.53046203,6,2.5,8.72311974,0,0,0,0,0,16.2035255,1.18008947,86.3202896,0.597156405,2.31401873,4.71519995,489.137512,76.5231018,1.75010002,0.0250000004,50,1,0.119999997,0.550000012,0.0133333337
SL1_rand_20_r0,2,2529,0.720000029,0,1.53046203,4.71519995,0.0500000007,0.0399999991,0.0456418842,0.0454374179,0,1.53046203,6,2.5,8.72311974,0,0,0,0,0,16.2035255,1.18008947,86.3202896,0.597156405,2.31401873,4.71519995,489.137512,76.5231018,1.75010002,0.0250000004,50,1,0.119999997,0.550000012,0.0133333337
SL1_rand_20_r0,2,2530,0.733333349,0,1.53046203,4.71519995,0.0496666655,0.0396666676,0.0454838313,0.0450434461,0,1.53046203,6,2.5,8.72311974,0,0,0,0,0,16.2035255,1.18008947,86.3202896,0.597156405,2.31401873,4.71519995,489.137512,76.5231018,1.75010002,0.0250000004,50,1,0.119999997,0.550000012,0.0133333337
SL1_rand_20_r0,2,2531,0.74666667,0,1.53046203,4.71519995,0.049333334,0.0393333323,0.0447820611,0.0445632674,0,1.53046203,6,2.5,8.72311974,0,0,0,0,0,16.2035255,1.18008947,86.3202896,0.597156405,2.31401873,4.71519995,489.137512,76.5231018,1.75010002,0.0250000004,50,1,0.119999997,0.550000012,0.0133333337
SL1_rand_20_r0,2,2532,0.75999999,0,1.53046203,4.71519995,0.0489999987,0.0390000008,0.0445366167,0.044186525,0,1.53046203,6,2.5,8.72311974,0,0,0,0,0,16.2035255,1.18008947,86.3202896,0.597156405,2.31401873,4.71519995,489.137512,76.5231018,1.75010002,0.0250000004,50,1,0.119999997,0.550000012,0.0133333337
SL1_rand_20_r0,2,2533,0.773333311,0,1.53046203,4.71519995,0.0486666672,0.0386666656,0.0440089777,0.0437186435,0,1.53046203,6,2.5,8.72311974,0,0,0,0,0,16.2035255,1.18008947,86.3202896,0.597156405,2.31401873,4.71519995,489.137512,76.5231018,1.75010002,0.0250000004,50,1,0.119999997,0.550000012,0.0133333337
SL1_rand_20_r0,2,2534,0.786666691,0,1.53046203,4.71519995,0.0483333319,0.038333334,0.0436272062,0.0433558524,0,1.53046203,6,2.5,8.72311974,0,0,0,0,0,16.2035255,1.18008947,86.3202896,0.597156405,2.31401873,4.71519995,489.137512,76.5231018,1.75010002,0.0250000004,50,1,0.119999997,0.550000012,0.0133333337
SL1_rand_20_r0,2,2535,0.800000012,0,1.53046203,4.71519995,0.0480000004,0.0379999988,0.0433180928,0.042896349,0,1.53046203,6,2.5,8.72311974,0,0,0,0,0,16.2035255,1.18008947,86.3202896,0.597156405,2.31401873,4.71519995,489.137512,76.5231018,1.75010002,0.0250000004,50,1,0.119999997,0.550000012,0.0133333337
SL1_rand_20_r0,2,2536,0.813333333,0,1.53046203,4.71519995,0.0476666652,0.0376666673,0.0427529737,0.0425478593,0,1.53046203,6,2.5,8.72311974,0,0,0,0,0,16.2035255,1.18008947,86.3202896,0.597156405,2.31401873,4.71519995,489.137512,76.5231018,1.75010002,0.0250000004,50,1,0.119999997,0.550000012,0.0133333337
SL1_rand_20_r0,2,2537,0.826666653,0,1.53046203,4.71519995,0.0473333336,0.037333332,0.042495843,0.0424400717,0,1.53046203,6,2.5,8.72311974,0,0,0,0,0,16.2035255,1.18008947,86.3202896,0.597156405,2.31401873,4.71519995,489.137512,76.5231018,1.75010002,0.0250000004,50,1,0.119999997,0.550000012,0.0133333337
SL1_rand_20_r0,2,2538,0.839999974,0,1.53046203,4.71519995,0.0469999984,0.0370000005,0.041915901,0.041760847,0,1.53046203,6,2.5,8.72311974,0,0,0,0,0,16.2035255,1.18008947,86.3202896,0.597156405,2.31401873,4.71519995,489.137512,76.5231018,1.75010002,0.0250000004,50,1,0.119999997,0.550000012,0.0133333337
SL1_rand_20_r0,2,2539,0.853333354,0,1.53046203,4.71519995,0.0466666669,0.0366666652,0.0417231694,0.041674532,0,1.53046203,6,2.5,8.72311974,0,0,0,0,0,16.2035255,1.18008947,86.3202896,0.597156405,2.31401873,4.71519995,489.137512,76.5231018,1.75010002,0.0250000004,50,1,0.119999997,0.550000012,0.0133333337
SL1_rand_20_r0,2,2540,0.866666675,0,1.53046203,4.71519995,0.0463333316,0.0363333337,0.0411230288,0.0409924462,0,1.53046203,6,2.5,8.72311974,0,0,0,0,0,16.2035255,1.18008947,86.3202896,0.597156405,2.31401873,4.71519995,489.137512,76.5231018,1.75010002,0.0250000004,50,1,0.119999997,0.550000012,0.0133333337
SL1_rand_20_r0,2,2541,0.879999995,0,1.53046203,4.71519995,0.0460000001,0.0359999985,0.0409549326,0.0409214348,0,1.53046203,6,2.5,8.72311974,0,0,0,0,0,16.2035255,1.18008947,86.3202896,0.597156405,2.31401873,4.71519995,489.137512,76.5231018,1.75010002,0.0250000004,50,1,0.119999997,0.550000012,0.0133333337
SL1_rand_20_r0,2,2542,0.893333316,0,1.53046203,4.71519995,0.0456666648,0.0356666669,0.0403849743,0.0402406715,0,1.53046203,6,2.5,8.72311974,0,0,0,0,0,16.2035255,1.18008947,86.3202896,0.597156405,2.31401873,4.71519995,489.137512,76.5231018,1.75010002,0.0250000004,50,1,0.119999997,0.550000012,0.0133333337
SL1_rand_20_r0,2,2543,0.906666696,0,1.53046203,4.71519995,0.0453333333,0.0353333317,0.0401944034,0.0401791073,0,1.53046203,6,2.5,8.72311974,0,0,0,0,0,16.2035255,1.18008947,86.3202896,0.597156405,2.31401873,4.71519995,489.137512,76.5231018,1.75010002,0.0250000004,50,1,0.119999997,0.550000012,0.0133333337
SL1_rand_20_r0,2,2544,0.920000017,0,1.53046203,4.71519995,0.0450000018,0.0350000001,0.0397222862,0.0395049937,0,1.53046203,6,2.5,8.72311974,0,0,0,0,0,16.2035255,1.18008947,86.3202896,0.597156405,2.31401873,4.71519995,489.137512,76.5231018,1.75010002,0.0250000004,50,1,0.119999997,0.550000012,0.0133333337
SL1_rand_20_r0,2,2545,0.933333337,0,1.53046203,4.71519995,0.0446666665,0.0346666649,0.0394518487,0.0394483246,0,1.53046203,6,2.5,8.72311974,0,0,0,0,0,16.2035255,1.18008947,86.3202896,0.597156405,2.31401873,4.71519995,489.137512,76.5231018,1.75010002,0.0250000004,50,1,0.119999997,0.550000012,0.0133333337
SL1_rand_20_r0,2,2546,0.946666658,0,1.53046203,4.71519995,0.044333335,0.0343333334,0.0391506851,0.03877322,0,1.53046203,6,2.5,8.72311974,0,0,0,0,0,16.2035255,1.18008947,86.3202896,0.597156405,2.31401873,4.71519995,489.137512,76.5231018,1.75010002,0.0250000004,50,1,0.119999997,0.550000012,0.0133333337
SL1_rand_20_r0,2,2547,0.959999979,0,1.53046203,4.71519995,0.0439999998,0.0340000018,0.0385923497,0.038197726,0,1.53046203,6,2.5,8.72311974,0,0,0,0,0,16.2035255,1.18008947,86.3202896,0.597156405,2.31401873,4.71519995,489.137512,76.5231018,1.75010002,0.0250000004,50,1,0.119999997,0.550000012,0.0133333337
SL1_rand_20_r0,2,2548,0.973333359,0,1.53046203,4.71519995,0.0436666682,0.0336666666,0.0384017676,0.0383703746,0,1.53046203,6,2.5,8.72311974,0,0,0,0,0,16.2035255,1.18008947,86.3202896,0.597156405,2.31401873,4.71519995,489.137512,76.5231018,1.75010002,0.0250000004,50,1,0.119999997,0.550000012,0.0133333337
SL1_rand_20_r0,2,2549,0.986666679,0,1.53046203,4.71519995,0.043333333,0.0333333351,0.0377552919,0.0374599993,0,1.53046203,6,2.5,8.72311974,0,0,0,0,0,16.2035255,1.18008947,86.3202896,0.597156405,2.31401873,4.71519995,489.137512,76.5231018,1.75010002,0.0250000004,50,1,0.119999997,0.550000012,0.0133333337
SL1_rand_20_r0,2,2550,1,0,1.53046203,4.71519995,0.0430000015,0.0329999998,0.0377386771,0.037615668,0,1.53046203,6,2.5,8.72311974,0,0,0,0,0,16.2035255,1.18008947,86.3202896,0.597156405,2.31401873,4.71519995,489.137512,76.5231018,1.75010002,0.0250000004,50,1,0.119999997,0.550000012,0.0133333337
SL1_rand_20_r0,2,2551,1.01333332,1,1.53046203,4.71519995,0.0426666662,0.0326666683,0.0370722152,0.0367325619,0,1.53046203,6,2.5,8.72311974,0,0,0,0,0,23.6464863,0.648148417,87.504097,0.753554523,7.09294796,4.71519995,489.137512,76.5231018,1.75010002,0.0250000004,50,1,0.119999997,0.550000012,0.0133333337
SL1_rand_20_r0,2,2552,1.02666664,1,1.53046203,4.71519995,0.0423333347,0.032333333,0.0371132828,0.0370465964,0,1.53046203,6,2.5,8.72311974,0,0,0,0,0,23.6464863,0.648148417,87.504097,0.753554523,7.09294796,4.71519995,489.137512,76.5231018,1.75010002,0.0250000004,50,1,0.119999997,0.550000012,0.0133333337
SL1_rand_20_r0,2,2553,1.03999996,1,1.53046203,4.71519995,0.0419999994,0.0320000015,0.036563389,0.0360109061,0,1.53046203,6,2.5,8.72311974,0,0,0,0,0,23.6464863,0.648148417,87.504097,0.753554523,7.09294796,4.71519995,489.137512,76.5231018,1.75010002,0.0250000004,50,1,0.119999997,0.550000012,0.0133333337
SL1_rand_20_r0,2,2554,1.05333328,1,1.53046203,4.71519995,0.0416666679,0.0316666663,0.0362417437,0.0356482938,0,1.53046203,6,2.5,8.72311974,0,0,0,0,0,23.6464863,0.648148417,87.504097,0.753554523,7.09294796,4.71519995,489.137512,76.5231018,1.75010002,0.0250000004,50,1,0.119999997,0.550000012,0.0133333337
SL1_rand_20_r0,2,2555,1.06666672,1,1.53046203,4.71519995,0.0413333327,0.0313333347,0.036066696,0.0355834961,0,1.53046203,6,2.5,8.72311974,0,0,0,0,0,23.6464863,0.648148417,87.504097,0.753554523,7.09294796,4.71519995,489.137512,76.5231018,1.75010002,0.0250000004,50,1,0.119999997,0.550000012,0.0133333337
SL1_rand_20_r0,2,2556,1.08000004,1,1.53046203,4.71519995,0.0410000011,0.0309999995,0.0352897458,0.0349502638,0,1.53046203,6,2.5,8.72311974,0,0,0,0,0,23.6464863,0.648148417,87.504097,0.753554523,7.09294796,4.71519995,489.137512,76.5231018,1.75010002,0.0250000004,50,1,0.119999997,0.550000012,0.0133333337
SL1_rand_20_r0,2,2557,1.09333336,1,1.53046203,4.71519995,0.0406666659,0.0306666661,0.0352081209,0.0351926647,0,1.53046203,6,2.5,8.72311974,0,0,0,0,0,23.6464863,0.648148417,87.504097,0.753554523,7.09294796,4.71519995,489.137512,76.5231018,1.75010002,0.0250000004,50,1,0.119999997,0.550000012,0.0133333337
SL1_rand_20_r0,2,2558,1.10666668,1,1.53046203,4.71519995,0.0403333344,0.0303333327,0.034534324,0.03426449,0,1.53046203,6,2.5,8.72311974,0,0,0,0,0,23.6464863,0.648148417,87.504097,0.753554523,7.09294796,4.71519995,489.137512,76.5231018,1.75010002,0.0250000004,50,1,0.119999997,0.550000012,0.0133333337
SL1_rand_20_r0,2,2559,1.12,1,1.53046203,4.71519995,0.0399999991,0.0299999993,0.0345629826,0.0344606787,0,1.53046203,6,2.5,8.72311974,0,0,0,0,0,23.6464863,0.648148417,87.504097,0.753554523,7.09294796,4.71519995,489.137512,76.5231018,1.75010002,0.0250000004,50,1,0.119999997,0.550000012,0.0133333337
SL1_rand_20_r0,2,2560,1.13333333,1,1.53046203,4.71519995,0.0396666676,0.0296666659,0.0339983739,0.0335797258,0,1.53046203,6,2.5,8.72311974,0,0,0,0,0,23.6464863,0.648148417,87.504097,0.753554523,7.09294796,4.71519995,489.137512,76.5231018,1.75010002,0.0250000004,50,1,0.119999997,0.550000012,0.0133333337
SL1_rand_20_r0,2,2561,1.14666665,1,1.53046203,4.71519995,0.0393333323,0.0293333326,0.0341283046,0.033185266,0,1.53046203,6,2.5,8.72311974,0,0,0,0,0,23.6464863,0.648148417,87.504097,0.753554523,7.09294796,4.71519995,489.137512,76.5231018,1.75010002,0.0250000004,50,1,0.119999997,0.550000012,0.0133333337
SL1_rand_20_r0,2,2562,1.15999997,1,1.53046203,4.71519995,0.0390000008,0.0289999992,0.0335660428,0.0332071148,0,1.53046203,6,2.5,8.72311974,0,0,0,0,0,23.6464863,0.648148417,87.504097,0.753554523,7.09294796,4.71519995,489.137512,76.5231018,1.75010002,0.0250000004,50,1,0.119999997,0.550000012,0.0133333337
SL1_rand_20_r0,2,2563,1.17333329,1,1.53046203,4.71519995,0.0386666656,0.0286666658,0.0330793783,0.0324960351,0,1.53046203,6,2.5,8.72311974,0,0,0,0,0,23.6464863,0.648148417,87.504097,0.753554523,7.09294796,4.71519995,489.137512,76.5231018,1.75010002,0.0250000004,50,1,0.119999997,0.550000012,0.0133333337
SL1_rand_20_r0,2,2564,1.18666661,1,1.53046203,4.71519995,0.038333334,0.0283333343,0.0327554382,0.0327318236,0,1.53046203,6,2.5,8.72311974,0,0,0,0,0,23.6464863,0.648148417,87.504097,0.753554523,7.09294796,4.71519995,489.137512,76.5231018,1.75010002,0.0250000004,50,1,0.119999997,0.550000012,0.0133333337
SL1_rand_20_r0,2,2565,1.20000005,1,1.53046203,4.71519995,0.0379999988,0.0280000009,0.032245107,0.0318081751,0,1.53046203,6,2.5,8.72311974,0,0,0,0,0,23.6464863,0.648148417,87.504097,0.753554523,7.09294796,4.71519995,489.137512,76.5231018,1.75010002,0.0250000004,50,1,0.119999997,0.550000012,0.0133333337
SL1_rand_20_r0,2,2566,1.21333337,1,1.53046203,4.71519995,0.0376666673,0.0276666675,0.0320095718,0.0319771059,0,1.53046203,6,2.5,8.72311974,0,0,0,0,0,23.6464863,0.648148417,87.504097,0.753554523,7.09294796,4.71519995,489.137512,76.5231018,1.75010002,0.0250000004,50,1,0.119999997,0.550000012,0.0133333337
SL1_rand_20_r0,2,2567,1.22666669,1,1.53046203,4.71519995,0.037333332,0.0273333341,0.0316642001,0.0311313979,0,1.53046203,6,2.5,8.72311974,0,0,0,0,0,23.6464863,0.648148417,87.504097,0.753554523,7.09294796,4.71519995,489.137512,76.5231018,1.75010002,0.0250000004,50,1,0.119999997,0.550000012,0.0133333337
SL1_rand_20_r0,2,2568,1.24000001,1,1.53046203,4.71519995,0.0370000005,0.0270000007,0.0315093324,0.0312391836,0,1.53046203,6,2.5,8.72311974,0,0,0,0,0,23.6464863,0.648148417,87.504097,0.753554523,7.09294796,4.71519995,489.137512,76.5231018,1.75010002,0.0250000004,50,1,0.119999997,0.550000012,0.0133333337
SL1_rand_20_r0,2,2569,1.25333333,1,1.53046203,4.71519995,0.0366666652,0.0266666673,0.0310209543,0.0307605471,0,1.53046203,6,2.5,8.72311974,0,0,0,0,0,23.6464863,0.648148417,87.504097,0.753554523,7.09294796,4.71519995,489.137512,76.5231018,1.75010002,0.0250000004,50,1,0.119999997,0.550000012,0.0133333337
SL1_rand_20_r0,2,2570,1.26666665,1,1.53046203,4.71519995,0.0363333337,0.0263333339,0.0310160834,0.030112613,0,1.53046203,6,2.5,8.72311974,0,0,0,0,0,23.6464863,0.648148417,87.504097,0.753554523,7.09294796,4.71519995,489.137512,76.5231018,1.75010002,0.0250000004,50,1,0.119999997,0.550000012,0.0133333337
SL1_rand_20_r0,2,2571,1.27999997,1,1.53046203,4.71519995,0.0359999985,0.0260000005,0.0303423945,0.0302359071,0,1.53046203,6,2.5,8.72311974,0,0,0,0,0,23.6464863,0.648148417,87.504097,0.753554523,7.09294796,4.71519995,489.137512,76.5231018,1.75010002,0.0250000004,50,1,0.119999997,0.550000012,0.0133333337
SL1_rand_20_r0,2,2572,1.29333329,1,1.53046203,4.71519995,0.0356666669,0.0256666671,0.0301240403,0.0297642089,0,1.53046203,6,2.5,8.72311974,0,0,0,0,0,23.6464863,0.648148417,87.504097,0.753554523,7.09294796,4.71519995,489.137512,76.5231018,1.75010002,0.0250000004,50,1,0.119999997,0.550000012,0.0133333337
SL1_rand_20_r0,2,2573,1.30666661,1,1.53046203,4.71519995,0.0353333317,0.0253333338,0.0296022035,0.0295173842,0,1.53046203,6,2.5,8.72311974,0,0,0,0,0,23.6464863,0.648148417,87.504097,0.753554523,7.09294796,4.71519995,489.137512,76.5231018,1.75010002,0.0250000004,50,1,0.119999997,0.550000012,0.0133333337
SL1_rand_20_r0,2,2574,1.32000005,1,1.53046203,4.71519995,0.0350000001,0.0250000004,0.0291988384,0.0290897284,0,1.53046203,6,2.5,8.72311974,0,0,0,0,0,23.6464863,0.648148417,87.504097,0.753554523,7.09294796,4.71519995,489.137512,76.5231018,1.75010002,0.0250000004,50,1,0.119999997,0.550000012,0.0133333337
SL1_rand_20_r0,2,2575,1.33333337,1,1.53046203,4.71519995,0.0346666649,0.024666667,0.0291471947,0.0288002212,0,1.53046203,6,2.5,8.72311974,0,0,0,0,0,23.6464863,0.648148417,87.504097,0.753554523,7.09294796,4.71519995,489.137512,76.5231018,1.75010002,0.0250000004,50,1,0.119999997,0.550000012,0.0133333337
SL1_rand_20_r0,2,2576,1.34666669,1,1.53046203,4.71519995,0.0343333334,0.0243333336,0.0285375826,0.0284064952,0,1.53046203,6,2.5,8.72311974,0,0,0,0,0,23.6464863,0.648148417,87.504097,0.753554523,7.09294796,4.71519995,489.137512,76.5231018,1.75010002,0.0250000004,50,1,0.119999997,0.550000012,0.0133333337
SL1_rand_20_r0,2,2577,1.36000001,1,1.53046203,4.71519995,0.0340000018,0.0240000002,0.0287877228,0.0285334326,0,1.53046203,6,2.5,8.72311974,0,0,0,0,0,23.6464863,0.648148417,87.504097,0.753554523,7.09294796,4.71519995,489.137512,76.5231018,1.75010002,0.0250000004,50,1,0.119999997,0.550000012,0.0133333337
SL1_rand_20_r0,2,2578,1.37333333,1,1.53046203,4.71519995,0.0336666666,0.0236666668,0.0280564595,0.0277978852,0,1.53046203,6,2.5,8.72311974,0,0,0,0,0,23.6464863,0.648148417,87.504097,0.753554523,7.09294796,4.71519995,489.137512,76.5231018,1.75010002,0.0250000004,50,1,0.119999997,0.550000012,0.0133333337
SL1_rand_20_r0,2,2579,1.38666666,1,1.53046203,4.71519995,0.0333333351,0.0233333334,0.0277016647,0.0274150167,0,1.53046203,6,2.5,8.72311974,0,0,0,0,0,23.6464863,0.648148417,87.504097,0.753554523,7.09294796,4.71519995,489.137512,76.5231018,1.75010002,0.0250000004,50,1,0.119999997,0.550000012,0.0133333337
SL1_rand_20_r0,2,2580,1.39999998,1,1.53046203,4.71519995,0.0329999998,0.023,0.0273415316,0.0270678774,0,1.53046203,6,2.5,8.72311974,0,0,0,0,0,23.6464863,0.648148417,87.504097,0.753554523,7.09294796,4.71519995,489.137512,76.5231018,1.75010002,0.0250000004,50,1,0.119999997,0.550000012,0.0133333337
SL1_rand_20_r0,2,2581,1.4133333,1,1.53046203,4.71519995,0.0326666683,0.0226666667,0.026750654,0.0267279707,0,1.53046203,6,2.5,8.72311974,0,0,0,0,0,23.6464863,0.648148417,87.504097,0.753554523,7.09294796,4.71519995,489.137512,76.5231018,1.75010002,0.0250000004,50,1,0.119999997,0.550000012,0.0133333337
SL1_rand_20_r0,2,2582,1.42666662,1,1.53046203,4.71519995,0.032333333,0.0223333333,0.0269652698,0.0263660755,0,1.53046203,6,2.5,8.72311974,0,0,0,0,0,23.6464863,0.648148417,87.504097,0.753554523,7.09294796,4.71519995,489.137512,76.5231018,1.75010002,0.0250000004,50,1,0.119999997,0.550000012,0.0133333337
SL1_rand_20_r0,2,2583,1.44000006,1,1.53046203,4.71519995,0.0320000015,0.0219999999,0.0261212513,0.0260456186,0,1.53046203,6,2.5,8.72311974,0,0,0,0,0,23.6464863,0.648148417,87.504097,0.753554523,7.09294796,4.71519995,489.137512,76.5231018,1.75010002,0.0250000004,50,1,0.119999997,0.550000012,0.0133333337
SL1_rand_20_r0,2,2584,1.45333338,1,1.53046203,4.71519995,0.0316666663,0.0216666665,0.0264153425,0.0256555676,0,1.53046203,6,2.5,8.72311974,0,0,0,0,0,23.6464863,0.648148417,87.504097,0.753554523,7.09294796,4.71519995,489.137512,76.5231018,1.75010002,0.0250000004,50,1,0.119999997,0.550000012,0.0133333337
SL1_rand_20_r0,2,2585,1.4666667,1,1.53046203,4.71519995,0.0313333347,0.0213333331,0.025835935,0.0253757462,0,1.53046203,6,2.5,8.72311974,0,0,0,0,0,23.6464863,0.648148417,87.504097,0.753554523,7.09294796,4.71519995,489.137512,76.5231018,1.75010002,0.0250000004,50,1,0.119999997,0.550000012,0.0133333337
SL1_rand_20_r0,2,2586,1.48000002,1,1.53046203,4.71519995,0.0309999995,0.0209999997,0.0254312251,0.0250947401,0,1.53046203,6,2.5,8.72311974,0,0,0,0,0,23.6464863,0.648148417,87.504097,0.753554523,7.09294796,4.71519995,489.137512,76.5231018,1.75010002,0.0250000004,50,1,0.119999997,0.550000012,0.0133333337
SL1_rand_20_r0,2,2587,1.49333334,1,1.53046203,4.71519995,0.0306666661,0.0206666663,0.0252633225,0.0246855486,0,1.53046203,6,2.5,8.72311974,0,0,0,0,0,23.6464863,0.648148417,87.504097,0.753554523,7.09294796,4.71519995,489.137512,76.5231018,1.75010002,0.0250000004,50,1,0.119999997,0.550000012,0.0133333337
SL1_rand_20_r0,2,2588,1.50666666,1,1.53046203,4.71519995,0.0303333327,0.0203333329,0.0245118942,0.0244501159,0,1.53046203,6,2.5,8.72311974,0,0,0,0,0,23.6464863,0.648148417,87.504097,0.753554523,7.09294796,4.71519995,489.137512,76.5231018,1.75010002,0.0250000004,50,1,0.119999997,0.550000012,0.0133333337
SL1_rand_20_r0,2,2589,1.51999998,1,1.53046203,4.71519995,0.0299999993,0.0199999996,0.0246037897,0.0240140073,0,1.53046203,6,2.5,8.72311974,0,0,0,0,0,23.6464863,0.648148417,87.504097,0.753554523,7.09294796,4.71519995,489.137512,76.5231018,1.75010002,0.0250000004,50,1,0.119999997,0.550000012,0.0133333337
SL1_rand_20_r0,2,2590,1.5333333,1,1.53046203,4.71519995,0.0296666659,0.0196666662,0.0239528641,0.0238067824,0,1.53046203,6,2.5,8.72311974,0,0,0,0,0,23.6464863,0.648148417,87.504097,0.753554523,7.09294796,4.71519995,489.137512,76.5231018,1.75010002,0.0250000004,50,1,0.119999997,0.550000012,0.0133333337
SL1_rand_20_r0,2,2591,1.54666662,1,1.53046203,4.71519995,0.0293333326,0.0193333328,0.0238547865,0.0233899727,0,1.53046203,6,2.5,8.72311974,0,0,0,0,0,23.6464863,0.648148417,87.504097,0.753554523,7.09294796,4.71519995,489.137512,76.5231018,1.75010002,0.0250000004,50,1,0.119999997,0.550000012,0.0133333337
SL1_rand_20_r0,2,2592,1.55999994,1,1.53046203,4.71519995,0.0289999992,0.0189999994,0.0237018447,0.0232645646,0,1.53046203,6,2.5,8.72311974,0,0,0,0,0,23.6464863,0.648148417,87.504097,0.753554523,7.09294796,4.71519995,489.137512,76.5231018,1.75010002,0.0250000004,50,1,0.119999997,0.550000012,0.0133333337
SL1_rand_20_r0,2,2593,1.57333338,1,1.53046203,4.71519995,0.0286666658,0.018666666,0.0234490857,0.0227526072,0,1.53046203,6,2.5,8.72311974,0,0,0,0,0,23.6464863,0.648148417,87.504097,0.753554523,7.09294796,4.71519995,489.137512,76.5231018,1.75010002,0.0250000004,50,1,0.119999997,0.550000012,0.0133333337
SL1_rand_20_r0,2,2594,1.5866667,1,1.53046203,4.71519995,0.0283333343,0.0183333326,0.0230031144,0.0223240275,0,1.53046203,6,2.5,8.72311974,0,0,0,0,0,23.6464863,0.648148417,87.504097,0.753554523,7.09294796,4.71519995,489.137512,76.5231018,1.75010002,0.0250000004,50,1,0.119999997,0.550000012,0.0133333337
SL1_rand_20_r0,2,2595,1.60000002,1,1.53046203,4.71519995,0.0280000009,0.0179999992,0.022487497,0.022066474,0,1.53046203,6,2.5,8.72311974,0,0,0,0,0,23.6464863,0.648148417,87.504097,0.753554523,7.09294796,4.71519995,489.137512,76.5231018,1.75010002,0.0250000004,50,1,0.119999997,0.550000012,0.0133333337
SL1_rand_20_r0,2,2596,1.61333334,1,1.53046203,4.71519995,0.0276666675,0.0176666658,0.021879565,0.0216331314,0,1.53046203,6,2.5,8.72311974,0,0,0,0,0,23.6464863,0.648148417,87.504097,0.753554523,7.09294796,4.71519995,489.137512,76.5231018,1.75010002,0.0250000004,50,1,0.119999997,0.550000012,0.0133333337
SL1_rand_20_r0,2,2597,1.62666667,1,1.53046203,4.71519995,0.0273333341,0.0173333324,0.0216868557,0.0213317182,0,1.53046203,6,2.5,8.72311974,0,0,0,0,0,23.6464863,0.648148417,87.504097,0.753554523,7.09294796,4.71519995,489.137512,76.5231018,1.75010002,0.0250000004,50,1,0.119999997,0.550000012,0.0133333337
SL1_rand_20_r0,2,2598,1.63999999,1,1.53046203,4.71519995,0.0270000007,0.0170000009,0.0211323183,0.0209228322,0,1.53046203,6,2.5,8.72311974,0,0,0,0,0,23.6464863,0.648148417,87.504097,0.753554523,7.09294796,4.71519995,489.137512,76.5231018,1.75010002,0.0250000004,50,1,0.119999997,0.550000012,0.0133333337
SL1_rand_20_r0,2,2599,1.65333331,1,1.53046203,4.71519995,0.0266666673,0.0166666675,0.020632172,0.0204942897,0,1.53046203,6,2.5,8.72311974,0,0,0,0,0,23.6464863,0.648148417,87.504097,0.753554523,7.09294796,4.71519995,489.137512,76.5231018,1.75010002,0.0250000004,50,1,0.119999997,0.550000012,0.0133333337
SL1_rand_20_r0,2,2600,1.66666663,1,1.53046203,4.71519995,0.0263333339,0.0163333341,0.0208225381,0.0201938767,0,1.53046203,6,2.5,8.72311974,0,0,0,0,0,23.6464863,0.648148417,87.504097,0.753554523,7.09294796,4.71519995,489.137512,76.5231018,1.75010002,0.0250000004,50,1,0.119999997,0.550000012,0.0133333337
SL1_rand_20_r0,2,2601,1.67999995,1,1.53046203,4.71519995,0.0260000005,0.0160000008,0.0200211555,0.0196551587,0,1.53046203,6,2.5,8.72311974,0,0,0,0,0,23.6464863,0.648148417,87.504097,0.753554523,7.09294796,4.71519995,489.137512,76.5231018,1.75010002,0.0250000004,50,1,0.119999997,0.550000012,0.0133333337
SL1_rand_20_r0,2,2602,1.69333339,1,1.53046203,4.71519995,0.0256666671,0.0156666674,0.0200857967,0.0199581608,0,1.53046203,6,2.5,8.72311974,0,0,0,0,0,23.6464863,0.648148417,87.504097,0.753554523,7.09294796,4.71519995,489.137512,76.5231018,1.75010002,0.0250000004,50,1,0.119999997,0.550000012,0.0133333337
SL1_rand_20_r0,2,2603,1.70666671,1,1.53046203,4.71519995,0.0253333338,0.0153333331,0.0190537814,0.0190043896,0,1.53046203,6,2.5,8.72311974,0,0,0,0,0,23.6464863,0.648148417,87.504097,0.753554523,7.09294796,4.71519995,489.137512,76.5231018,1.75010002,0.0250000004,50,1,0.119999997,0.550000012,0.0133333337
SL1_rand_20_r0,2,2604,1.72000003,1,1.53046203,4.71519995,0.0250000004,0.0149999997,0.0187490955,0.0185611341,0,1.53046203,6,2.5,8.72311974,0,0,0,0,0,23.6464863,0.648148417,87.504097,0.753554523,7.09294796,4.71519995,489.137512,76.5231018,1.75010002,0.0250000004,50,1,0.119999997,0.550000012,0.0133333337
SL1_rand_20_r0,2,2605,1.73333335,1,1.53046203,4.71519995,0.024666667,0.0146666663,0.0184272751,0.0182804484,0,1.53046203,6,2.5,8.72311974,0,0,0,0,0,23.6464863,0.648148417,87.504097,0.753554523,7.09294796,4.71519995,489.137512,76.5231018,1.75010002,0.0250000004,50,1,0.119999997,0.550000012,0.0133333337
SL1_rand_20_r0,2,2606,1.74666667,1,1.53046203,4.71519995,0.0243333336,0.0143333329,0.0177787356,0.0177752152,0,1.53046203,6,2.5,8.72311974,0,0,0,0,0,23.6464863,0.648148417,87.504097,0.753554523,7.09294796,4.71519995,489.137512,76.5231018,1.75010002,0.0250000004,50,1,0.119999997,0.550000012,0.0133333337
SL1_rand_20_r0,2,2607,1.75999999,1,1.53046203,4.71519995,0.0240000002,0.0140000004,0.0180837922,0.017979227,0,1.53046203,6,2.5,8.72311974,0,0,0,0,0,23.6464863,0.648148417,87.504097,0.753554523,7.09294796,4.71519995,489.137512,76.5231018,1.75010002,0.0250000004,50,1,0.119999997,0.550000012,0.0133333337
SL1_rand_20_r0,2,2608,1.77333331,1,1.53046203,4.71519995,0.0236666668,0.013666667,0.0173459873,0.0170214176,0,1.53046203,6,2.5,8.72311974,0,0,0,0,0,23.6464863,0.648148417,87.504097,0.753554523,7.09294796,4.71519995,489.137512,76.5231018,1.75010002,0.0250000004,50,1,0.119999997,0.550000012,0.0133333337
SL1_rand_20_r0,2,2609,1.78666663,1,1.53046203,4.71519995,0.0233333334,0.0133333337,0.0175827295,0.0166850723,0,1.53046203,6,2.5,8.72311974,0,0,0,0,0,23.6464863,0.648148417,87.504097,0.753554523,7.09294796,4.71519995,489.137512,76.5231018,1.75010002,0.0250000004,50,1,0.119999997,0.550000012,0.0133333337
SL1_rand_20_r0,2,2610,1.79999995,1,1.53046203,4.71519995,0.023,0.0130000003,0.0165824778,0.0165527835,0,1.53046203,6,2.5,8.72311974,0,0,0,0,0,23.6464863,0.648148417,87.504097,0.753554523,7.09294796,4.71519995,489.137512,76.5231018,1.75010002,0.0250000004,50,1,0.119999997,0.550000012,0.0133333337
SL1_rand_20_r0,2,2611,1.81333339,1,1.53046203,4.71519995,0.0226666667,0.0126666669,0.0162267964,0.0159487817,0,1.53046203,6,2.5,8.72311974,0,0,0,0,0,23.6464863,0.648148417,87.504097,0.753554523,7.09294796,4.71519995,489.137512,76.5231018,1.75010002,0.0250000004,50,1,0.119999997,0.550000012,0.0133333337
SL1_rand_20_r0,2,2612,1.82666671,1,1.53046203,4.71519995,0.0223333333,0.0123333335,0.016043203,0.0160425603,0,1.53046203,6,2.5,8.72311974,0,0,0,0,0,23.6464863,0.648148417,87.504097,0.753554523,7.09294796,4.71519995,489.137512,76.5231018,1.75010002,0.0250000004,50,1,0.119999997,0.550000012,0.0133333337
SL1_rand_20_r0,2,2613,1.84000003,1,1.53046203,4.71519995,0.0219999999,0.0120000001,0.0154077765,0.0152263008,0,1.53046203,6,2.5,8.72311974,0,0,0,0,0,23.6464863,0.648148417,87.504097,0.753554523,7.09294796,4.71519995,489.137512,76.5231018,1.75010002,0.0250000004,50,1,0.119999997,0.550000012,0.0133333337
SL1_rand_20_r0,2,2614,1.85333335,1,1.53046203,4.71519995,0.0216666665,0.0116666667,0.0155778201,0.0153213795,0,1.53046203,6,2.5,8.72311974,0,0,0,0,0,23.6464863,0.648148417,87.504097,0.753554523,7.09294796,4.71519995,489.137512,76.5231018,1.75010002,0.0250000004,50,1,0.119999997,0.550000012,0.0133333337
SL1_rand_20_r0,2,2615,1.86666667,1,1.53046203,4.71519995,0.0213333331,0.0113333333,0.015193359,0.0145108141,0,1.53046203,6,2.5,8.72311974,0,0,0,0,0,23.6464863,0.648148417,87.504097,0.753554523,7.09294796,4.71519995,489.137512,76.5231018,1.75010002,0.0250000004,50,1,0.119999997,0.550000012,0.0133333337
SL1_rand_20_r0,2,2616,1.88,1,1.53046203,4.71519995,0.0209999997,0.0109999999,0.0150920516,0.0142335696,0,1.53046203,6,2.5,8.72311974,0,0,0,0,0,23.6464863,0.648148417,87.504097,0.753554523,7.09294796,4.71519995,489.137512,76.5231018,1.75010002,0.0250000004,50,1,0.119999997,0.550000012,0.0133333337
SL1_rand_20_r0,2,2617,1.89333332,1,1.53046203,4.71519995,0.0206666663,0.0106666666,0.0146550518,0.0143130561,0,1.53046203,6,2.5,8.72311974,0,0,0,0,0,23.6464863,0.648148417,87.504097,0.753554523,7.09294796,4.71519995,489.137512,76.5231018,1.75010002,0.0250000004,50,1,0.119999997,0.550000012,0.0133333337
SL1_rand_20_r0,2,2618,1.90666664,1,1.53046203,4.71519995,0.0203333329,0.0103333332,0.0139334509,0.0136022922,0,1.53046203,6,2.5,8.72311974,0,0,0,0,0,23.6464863,0.648148417,87.504097,0.753554523,7.09294796,4.71519995,489.137512,76.5231018,1.75010002,0.0250000004,50,1,0.119999997,0.550000012,0.0133333337
SL1_rand_20_r0,2,2619,1.91999996,1,1.53046203,4.71519995,0.0199999996,0.00999999978,0.0137475599,0.0135220997,0,1.53046203,6,2.5,8.72311974,0,0,0,0,0,23.6464863,0.648148417,87.504097,0.753554523,7.09294796,4.71519995,489.137512,76.5231018,1.75010002,0.0250000004,50,1,0.119999997,0.550000012,0.0133333337
SL1_rand_20_r0,2,2620,1.93333328,1,1.53046203,4.71519995,0.0196666662,0.00966666639,0.0134532629,0.0127044991,0,1.53046203,6,2.5,8.72311974,0,0,0,0,0,23.6464863,0.648148417,87.504097,0.753554523,7.09294796,4.71519995,489.137512,76.5231018,1.75010002,0.0250000004,50,1,0.119999997,0.550000012,0.0133333337
SL1_rand_20_r0,2,2621,1.94666672,1,1.53046203,4.71519995,0.0193333328,0.009333333,0.0134466104,0.0127904359,0,1.53046203,6,2.5,8.72311974,0,0,0,0,0,23.6464863,0.648148417,87.504097,0.753554523,7.09294796,4.71519995,489.137512,76.5231018,1.75010002,0.0250000004,50,1,0.119999997,0.550000012,0.0133333337
SL1_rand_20_r0,2,2622,1.96000004,1,1.53046203,4.71519995,0.0189999994,0.00899999961,0.012740803,0.0120983878,0,1.53046203,6,2.5,8.72311974,0,0,0,0,0,23.6464863,0.648148417,87.504097,0.753554523,7.09294796,4.71519995,489.137512,76.5231018,1.75010002,0.0250000004,50,1,0.119999997,0.550000012,0.0133333337
SL1_rand_20_r0,2,2623,1.97333336,1,1.53046203,4.71519995,0.018666666,0.00866666622,0.0124535682,0.0119609591,0,1.53046203,6,2.5,8.72311974,0,0,0,0,0,23.6464863,0.648148417,87.504097,0.753554523,7.09294796,4.71519995,489.137512,76.5231018,1.75010002,0.0250000004,50,1,0.119999997,0.550000012,0.0133333337
SL1_rand_20_r0,2,2624,1.98666668,1,1.53046203,4.71519995,0.0183333326,0.00833333377,0.0116693182,0.0113558434,0,1.53046203,6,2.5,8.72311974,0,0,0,0,0,23.6464863,0.648148417,87.504097,0.753554523,7.09294796,4.71519995,489.137512,76.5231018,1.75010002,0.0250000004,50,1,0.119999997,0.550000012,0.0133333337
SL1_rand_20_r0,2,2625,2,2,1.53046203,4.71519995,0.0179999992,0.00800000038,0.0114112608,0.0113510005,0,1.53046203,6,2.5,8.72311974,0,0,0,0,0,22.3877621,-4.62253475,80.4348907,0.625592411,159.758392,4.71519995,489.137512,76.5231018,1.75010002,0.0250000004,50,1,0.119999997,0.550000012,0.0133333337
SL1_rand_20_r0,2,2626,2.01333332,2,1.53046203,4.71519995,0.0176666658,0.00766666653,0.011369206,0.0104886778,0,1.53046203,6,2.5,8.72311974,0,0,0,0,0,22.3877621,-4.62253475,80.4348907,0.625592411,159.758392,4.71519995,489.137512,76.5231018,1.75010002,0.0250000004,50,1,0.119999997,0.550000012,0.0133333337
SL1_rand_20_r0,2,2627,2.02666664,2,1.53046203,4.71519995,0.0173333324,0.00733333314,0.0112129077,0.0107799899,0,1.53046203,6,2.5,8.72311974,0,0,0,0,0,22.3877621,-4.62253475,80.4348907,0.625592411,159.758392,4.71519995,489.137512,76.5231018,1.75010002,0.0250000004,50,1,0.119999997,0.550000012,0.0133333337
SL1_rand_20_r0,2,2628,2.03999996,2,1.59612191,4.71519995,0.0170000009,0.00700000022,0.0113492431,0.00975593459,0.000244065654,1.64984369,6,2.5,8.72311974,0,0,0,0,0,22.3877621,-4.62253475,80.4348907,0.625592411,159.758392,4.71519995,489.137512,76.5231018,1.75010002,0.0250000004,50,1,0.119999997,0.550000012,0.0133333337
SL1_rand_20_r0,2,2629,2.05333328,2,1.70681036,4.71519995,0.0166666675,0.00666666683,0.00978854392,0.00945432205,0.000545677962,1.79737353,6,2.5,8.72311974,0,0,0,0,0,22.3877621,-4.62253475,80.4348907,0.625592411,159.758392,4.71519995,489.137512,76.5231018,1.75010002,0.0250000004,50,1,0.119999997,0.550000012,0.0133333337
SL1_rand_20_r0,2,2630,2.0666666,2,1.66306877,4.71519995,0.0163333341,0.00633333344,0.0101693179,0.009802063,0.000197936708,1.62728024,6,2.5,8.72311974,0,0,0,0,0,22.3877621,-4.62253475,80.4348907,0.625592411,159.758392,4.71519995,489.137512,76.5231018,1.75010002,0.0250000004,50,1,0.119999997,0.550000012,0.0133333337
SL1_rand_20_r0,2,2631,2.07999992,2,1.94092035,4.71519995,0.0160000008,0.00600000005,0.00872295257,0.0086960895,0.00130391016,2.16825342,6,2.5,8.72311974,0,0,0,0,0,22.3877621,-4.62253475,80.4348907,0.625592411,159.758392,4.71519995,489.137512,76.5231018,1.75010002,0.0250000004,50,1,0.119999997,0.550000012,0.0133333337
SL1_rand_20_r0,2,2632,2.09333324,2,1.92786133,4.71519995,0.0156666674,0.00566666666,0.00921889674,0.00920939445,0.000790605205,1.9171766,6,2.5,8.72311974,0,0,0,0,0,22.3877621,-4.62253475,80.4348907,0.625592411,159.758392,4.71519995,489.137512,76.5231018,1.75010002,0.0250000004,50,1,0.119999997,0.550000012,0.0133333337
SL1_rand_20_r0,2,2633,2.10666656,2,2.31897116,4.71519995,0.0153333331,0.00533333328,0.00803004857,0.00773374969,0.00226625032,2.63897014,6,2.5,8.72311974,0,0,0,0,0,22.3877621,-4.62253475,80.4348907,0.625592411,159.758392,4.71519995,489.137512,76.5231018,1.75010002,0.0250000004,50,1,0.119999997,0.550000012,0.0133333337
SL1_rand_20_r0,2,2634,2.11999989,2,2.25386834,4.71519995,0.0149999997,0.00499999989,0.00894120149,0.00862995442,0.00137004512,2.20060253,6,2.5,8.72311974,0,0,0,0,0,22.3877621,-4.62253475,80.4348907,0.625592411,159.758392,4.71519995,489.137512,76.5231018,1.75010002,0.0250000004,50,1,0.119999997,0.550000012,0.0133333337
SL1_rand_20_r0,2,2635,2.13333344,2,2.686625,4.71519995,0.0146666663,0.0046666665,0.00791973341,0.00691244937,0.00308755063,3.04069877,6,2.5,8.72311974,1,1,0,1,0,22.3877621,-4.62253475,80.4348907,0.625592411,159.758392,4.71519995,489.137512,76.5231018,1.75010002,0.0250000004,50,1,0.119999997,0.550000012,0.0133333337
SL1_rand_20_r0,2,2636,2.27334142,2,2.95366955,4.71519995,0.0143333329,0.00433333311,0.00747735519,0.00664368737,0.00335631263,3.17216039,6,2.5,8.72311974,1,1,0,2,0,22.3877621,-4.62253475,80.4348907,0.625592411,159.758392,4.71519995,489.137512,76.5231018,1.75010002,0.0250000004,50,1,0.119999997,0.550000012,0.0133333337
SL1_rand_20_r0,2,2637,4.14000797,4,2.81433105,4.71519995,0.0140000004,0.00400000019,0.00789198466,0.00760831125,0.00239168876,2.70032668,6,2.5,8.72311974,1,1,0,3,0,2.38383961,-1.84745419,74.9114685,1.09478676,2.31888461,4.71519995,489.137512,76.5231018,1.75010002,0.0250000004,50,1,0.119999997,0.550000012,0.0133333337
SL1_rand_20_r0,2,2638,4.28001595,4,3.07639813,4.71519995,0.013666667,0.00366666657,0.00658730045,0.00640110392,0.00359889586,3.29081702,6,2.5,8.72311974,1,1,0,4,0,2.38383961,-1.84745419,74.9114685,1.09478676,2.31888461,4.71519995,489.137512,76.5231018,1.75010002,0.0250000004,50,1,0.119999997,0.550000012,0.0133333337
SL1_rand_20_r0,2,2639,4.42002392,4,3.48962808,4.71519995,0.0133333337,0.00333333341,0.00635205349,0.00530344108,0.00469655916,3.82772517,6,2.5,8.72311974,1,1,0,5,0,2.38383961,-1.84745419,74.9114685,1.09478676,2.31888461,4.71519995,489.137512,76.5231018,1.75010002,0.0250000004,50,1,0.119999997,0.550000012,0.0133333337
SL1_rand_20_r0,2,2640,4.56003189,4,3.88231087,4.71519995,0.0130464192,0.0030464197,0.0065091718,0.0045350031,0.00546499668,4.20359659,6,2.5,8.72311974,1,1,0,6,0,2.38383961,-1.84745419,74.9114685,1.09478676,2.31888461,4.71519995,489.137512,76.5231018,1.75010002,0.0250000004,50,1,0.119999997,0.550000012,0.0133333337
SL1_rand_20_r0,2,2641,6.14000797,6,3.69986057,4.71519995,0.0127165625,0.00271656201,0.00595046487,0.0054343068,0.00456569344,3.55058312,6,2.5,8.72311974,1,1,0,7,0,2.12356591,-1.23600018,73.9036865,1.1327014,11.8519325,4.71519995,489.137512,76.5231018,1.75010002,0.0250000004,50,1,0.119999997,0.550000012,0.0133333337
SL1_rand_20_r0,2,2642,6.28001595,6,4.04334211,4.71519995,0.0124749588,0.00247495854,0.0043559717,0.00425546337,0.00574453641,4.32437181,6,2.5,8.72311974,1,1,0,8,0,2.12356591,-1.23600018,73.9036865,1.1327014,11.8519325,4.71519995,489.137512,76.5231018,1.75010002,0.0250000004,50,1,0.119999997,0.550000012,0.0133333337
SL1_rand_20_r0,2,2643,6.42002392,6,4.14213657,4.71519995,0.0122755067,0.00227550697,0.0046477397,0.00363435876,0.00636564102,4.22296906,6,2.5,8.72311974,1,1,0,9,0,2.12356591,-1.23600018,73.9036865,1.1327014,11.8519325,4.71519995,489.137512,76.5231018,1.75010002,0.0250000004,50,1,0.119999997,0.550000012,0.0133333337
SL1_rand_20_r0,2,2644,6.56003189,6,4.17824221,4.71519995,0.01209311,0.00209311,0.00384445651,0.00326973712,0.00673026266,4.20778275,6,2.5,8.72311974,1,1,0,10,0,2.12356591,-1.23600018,73.9036865,1.1327014,11.8519325,4.71519995,489.137512,76.5231018,1.75010002,0.0250000004,50,1,0.119999997,0.550000012,0.0133333337
SL1_rand_20_r0,2,2645,9.14000797,9,4.71141052,4.71519995,0.0120616583,0.00206165807,0.00237089559,0.00118819415,0.0088118054,5.14763927,6,2.5,8.72311974,1,1,0,11,0,2.72522235,-1.58648539,53.3515205,1.1374408,13.6634922,4.71519995,489.137512,76.5231018,1.75010002,0.0250000004,50,1,0.119999997,0.550000012,0.0133333337
SL1_rand_20_r0,2,2646,9.28001595,9,4.18318701,4.71519995,0.0120000001,0.00200000009,0.00278370222,0.00262662303,0.00737337675,3.75100398,6,2.5,8.72311974,1,1,0,12,0,2.72522235,-1.58648539,53.3515205,1.1374408,13.6634922,4.71519995,489.137512,76.5231018,1.75010002,0.0250000004,50,1,0.119999997,0.550000012,0.0133333337
SL1_rand_20_r0,2,2647,9.42002392,9,5.17356443,4.71519995,0.0121018197,0.0021018195,0.00181712583,-0.000797134941,0.0107971346,5.98387337,6,2.5,8.72311974,1,1,0,13,0,2.72522235,-1.58648539,53.3515205,1.1374408,13.6634922,4.71519995,489.137512,76.5231018,1.75010002,0.0250000004,50,1,0.119999997,0.550000012,0.0133333337
SL1_rand_20_r0,2,2648,9.56003189,9,4.59668922,4.71519995,0.0120858699,0.0020858699,0.00103916111,0.000611651398,0.00938834902,4.12470055,6,2.5,8.72311974,1,1,0,14,0,2.72522235,-1.58648539,53.3515205,1.1374408,13.6634922,4.71519995,489.137512,76.5231018,1.75010002,0.0250000004,50,1,0.119999997,0.550000012,0.0133333337
SL1_rand_20_r0,2,2649,12.140008,12,5.01150465,4.71519995,0.0121655185,0.00216551824,0.00109472114,-0.00078974216,0.0107897418,5.35089874,6,2.5,8.72311974,1,1,0,15,0,1.91086066,-1.79551232,55.0112877,1.18009484,12.5004435,4.71519995,489.137512,76.5231018,1.75010002,0.0250000004,50,1,0.119999997,0.550000012,0.0133333337
SL1_rand_20_r0,2,2650,12.2800159,12,4.54369926,4.71519995,0.0121311536,0.00213115406,0.00176339655,0.000745656725,0.00925434288,4.16094923,6,2.5,8.72311974,1,1,0,16,0,1.91086066,-1.79551232,55.0112877,1.18009484,12.5004435,4.71519995,489.137512,76.5231018,1.75010002,0.0250000004,50,1,0.119999997,0.550000012,0.0133333337
SL1_rand_20_r0,2,2651,12.4200239,12,4.68887711,4.71519995,0.0121181151,0.00211811461,0.000829235418,0.000493717554,0.0095062824,4.80765915,6,2.5,8.72311974,1,1,0,17,0,1.91086066,-1.79551232,55.0112877,1.18009484,12.5004435,4.71519995,489.137512,76.5231018,1.75010002,0.0250000004,50,1,0.119999997,0.550000012,0.0133333337
SL1_rand_20_r0,2,2652,12.5600319,12,4.59576082,4.71519995,0.0120827639,0.00208276394,0.0013848159,0.000882509456,0.00911749061,4.51957464,6,2.5,8.72311974,1,1,0,18,0,1.91086066,-1.79551232,55.0112877,1.18009484,12.5004435,4.71519995,489.137512,76.5231018,1.75010002,0.0250000004,50,1,0.119999997,0.550000012,0.0133333337
SL1_rand_20_r0,2,2653,15.140008,15,4.98143768,4.71519995,0.0121508269,0.00215082709,0.00186597614,-0.00049742189,0.010497422,5.29699135,6,2.5,8.72311974,1,1,0,19,0,-0.365553588,-2.3812623,75.0378952,1.09952605,1.61513209,4.71519995,489.137512,76.5231018,1.75010002,0.0250000004,50,1,0.119999997,0.550000012,0.0133333337
SL1_rand_20_r0,2,2654,15.2800159,15,4.51902437,4.71519995,0.0121076778,0.00210767775,0.00217208988,0.000895830686,0.00910416897,4.14068651,6,2.5,8.72311974,1,1,0,20,0,-0.365553588,-2.3812623,75.0378952,1.09952605,1.61513209,4.71519995,489.137512,76.5231018,1.75010002,0.0250000004,50,1,0.119999997,0.550000012,0.0133333337
SL1_rand_20_r0,2,2655,15.4200239,15,5.20817661,4.71519995,0.012237424,0.00223742425,0.00216036057,-0.00139539188,0.011395392,5.77202892,6,2.5,8.72311974,1,1,0,21,0,-0.365553588,-2.3812623,75.0378952,1.09952605,1.61513209,4.71519995,489.137512,76.5231018,1.75010002,0.0250000004,50,1,0.119999997,0.550000012,0.0133333337
SL1_rand_20_r0,2,2656,15.5600319,15,4.72084665,4.71519995,0.0122606168,0.00226061721,0.00189125189,-5.41006375e-05,0.0100541003,4.32212162,6,2.5,8.72311974,1,1,0,22,0,-0.365553588,-2.3812623,75.0378952,1.09952605,1.61513209,4.71519995,489.137512,76.5231018,1.75010002,0.0250000004,50,1,0.119999997,0.550000012,0.0133333337
