SL10_rand_6_r0,0,536,0.0133333337,0,0,3.97959995,0.0676666647,0.0576666668,0.123006046,0.109011397,0,0,6,2.5,7.36225986,0,0,0,0,0,14.9682417,-1.1550101,79.0970535,0.639810443,5.6795454,3.97959995,569.660217,63.8154984,3.9447,0.0250000004,50,1,0.119999997,0.550000012,0.0133333337
SL10_rand_6_r0,0,537,0.0266666673,0,0,3.97959995,0.0673333332,0.0573333316,0.120165616,0.106986135,0,0,6,2.5,7.36225986,0,0,0,0,0,14.9682417,-1.1550101,79.0970535,0.639810443,5.6795454,3.97959995,569.660217,63.8154984,3.9447,0.0250000004,50,1,0.119999997,0.550000012,0.0133333337
SL10_rand_6_r0,0,538,0.0399999991,0,0,3.97959995,0.0670000017,0.057,0.117376819,0.104778007,0,0,6,2.5,7.36225986,0,0,0,0,0,14.9682417,-1.1550101,79.0970535,0.639810443,5.6795454,3.97959995,569.660217,63.8154984,3.9447,0.0250000004,50,1,0.119999997,0.550000012,0.0133333337
SL10_rand_6_r0,0,539,0.0533333346,0,0,3.97959995,0.0666666701,0.0566666685,0.114519946,0.103055067,0,0,6,2.5,7.36225986,0,0,0,0,0,14.9682417,-1.1550101,79.0970535,0.639810443,5.6795454,3.97959995,569.660217,63.8154984,3.9447,0.0250000004,50,1,0.119999997,0.550000012,0.0133333337
SL10_rand_6_r0,0,540,0.0666666701,0,0,3.97959995,0.0663333312,0.0563333333,0.111999251,0.100902341,0,0,6,2.5,7.36225986,0,0,0,0,0,14.9682417,-1.1550101,79.0970535,0.639810443,5.6795454,3.97959995,569.660217,63.8154984,3.9447,0.0250000004,50,1,0.119999997,0.550000012,0.0133333337
SL10_rand_6_r0,0,541,0.0799999982,0,0,3.97959995,0.0659999996,0.0560000017,0.109008498,0.0991902277,0,0,6,2.5,7.36225986,0,0,0,0,0,14.9682417,-1.1550101,79.0970535,0.639810443,5.6795454,3.97959995,569.660217,63.8154984,3.9447,0.0250000004,50,1,0.119999997,0.550000012,0.0133333337
SL10_rand_6_r0,0,542,0.0933333337,0,0,3.97959995,0.0656666681,0.0556666665,0.106550545,0.0973348916,0,0,6,2.5,7.36225986,0,0,0,0,0,14.9682417,-1.1550101,79.0970535,0.639810443,5.6795454,3.97959995,569.660217,63.8154984,3.9447,0.0250000004,50,1,0.119999997,0.550000012,0.0133333337
SL10_rand_6_r0,0,543,0.106666669,0,0,3.97959995,0.0653333366,0.055333335,0.10360074,0.0953758806,0,0,6,2.5,7.36225986,0,0,0,0,0,14.9682417,-1.1550101,79.0970535,0.639810443,5.6795454,3.97959995,569.660217,63.8154984,3.9447,0.0250000004,50,1,0.119999997,0.550000012,0.0133333337
SL10_rand_6_r0,0,544,0.119999997,0,0,3.97959995,0.0649999976,0.0549999997,0.101056106,0.0936052352,0,0,6,2.5,7.36225986,0,0,0,0,0,14.9682417,-1.1550101,79.0970535,0.639810443,5.6795454,3.97959995,569.660217,63.8154984,3.9447,0.0250000004,50,1,0.119999997,0.550000012,0.0133333337
SL10_rand_6_r0,0,545,0.13333334,0,0,3.97959995,0.0646666661,0.0546666682,0.0983803645,0.0917012841,0,0,6,2.5,7.36225986,0,0,0,0,0,14.9682417,-1.1550101,79.0970535,0.639810443,5.6795454,3.97959995,569.660217,63.8154984,3.9447,0.0250000004,50,1,0.119999997,0.550000012,0.0133333337
SL10_rand_6_r0,0,546,0.146666661,0,0,3.97959995,0.0643333346,0.0543333329,0.0958187357,0.0900254995,0,0,6,2.5,7.36225986,0,0,0,0,0,14.9682417,-1.1550101,79.0970535,0.639810443,5.6795454,3.97959995,569.660217,63.8154984,3.9447,0.0250000004,50,1,0.119999997,0.550000012,0.0133333337
SL10_rand_6_r0,0,547,0.159999996,0,0,3.97959995,0.064000003,0.0540000014,0.0934393555,0.0882389769,0,0,6,2.5,7.36225986,0,0,0,0,0,14.9682417,-1.1550101,79.0970535,0.639810443,5.6795454,3.97959995,569.660217,63.8154984,3.9447,0.0250000004,50,1,0.119999997,0.550000012,0.0133333337
SL10_rand_6_r0,0,548,0.173333332,0,0,3.97959995,0.0636666641,0.0536666662,0.0909319893,0.0867076293,0,0,6,2.5,7.36225986,0,0,0,0,0,14.9682417,-1.1550101,79.0970535,0.639810443,5.6795454,3.97959995,569.660217,63.8154984,3.9447,0.0250000004,50,1,0.119999997,0.550000012,0.0133333337
SL10_rand_6_r0,0,549,0.186666667,0,0,3.97959995,0.0633333325,0.0533333346,0.0887442529,0.0849738121,0,0,6,2.5,7.36225986,0,0,0,0,0,14.9682417,-1.1550101,79.0970535,0.639810443,5.6795454,3.97959995,569.660217,63.8154984,3.9447,0.0250000004,50,1,0.119999997,0.550000012,0.0133333337
SL10_rand_6_r0,0,550,0.200000003,0,0,3.97959995,0.063000001,0.0529999994,0.0864816159,0.0836279914,0,0,6,2.5,7.36225986,0,0,0,0,0,14.9682417,-1.1550101,79.0970535,0.639810443,5.6795454,3.97959995,569.660217,63.8154984,3.9447,0.0250000004,50,1,0.119999997,0.550000012,0.0133333337
SL10_rand_6_r0,0,551,0.213333338,0,0,3.97959995,0.0626666695,0.0526666678,0.0842924267,0.0777595714,0,0,6,2.5,7.36225986,0,0,0,0,0,14.9682417,-1.1550101,79.0970535,0.639810443,5.6795454,3.97959995,569.660217,63.8154984,3.9447,0.0250000004,50,1,0.119999997,0.550000012,0.0133333337
SL10_rand_6_r0,0,552,0.226666674,0,0,3.97959995,0.0623333342,0.0523333326,0.0822112635,0.0763159841,0,0,6,2.5,7.36225986,0,0,0,0,0,14.9682417,-1.1550101,79.0970535,0.639810443,5.6795454,3.97959995,569.660217,63.8154984,3.9447,0.0250000004,50,1,0.119999997,0.550000012,0.0133333337
SL10_rand_6_r0,0,553,0.239999995,0,0,3.97959995,0.061999999,0.0520000011,0.0798515081,0.0751254261,0,0,6,2.5,7.36225986,0,0,0,0,0,14.9682417,-1.1550101,79.0970535,0.639810443,5.6795454,3.97959995,569.660217,63.8154984,3.9447,0.0250000004,50,1,0.119999997,0.550000012,0.0133333337
SL10_rand_6_r0,0,554,0.25333333,0,0,3.97959995,0.0616666675,0.0516666658,0.0780669227,0.0738138258,0,0,6,2.5,7.36225986,0,0,0,0,0,14.9682417,-1.1550101,79.0970535,0.639810443,5.6795454,3.97959995,569.660217,63.8154984,3.9447,0.0250000004,50,1,0.119999997,0.550000012,0.0133333337
SL10_rand_6_r0,0,555,0.266666681,0,0,3.97959995,0.0613333322,0.0513333343,0.0759741813,0.0727713853,0,0,6,2.5,7.36225986,0,0,0,0,0,14.9682417,-1.1550101,79.0970535,0.639810443,5.6795454,3.97959995,569.660217,63.8154984,3.9447,0.0250000004,50,1,0.119999997,0.550000012,0.0133333337
SL10_rand_6_r0,0,556,0.280000001,0,0.701970518,3.97959995,0.0610000007,0.050999999,0.0741918609,0.0718685314,0,1.27630997,6,2.5,7.36225986,0,0,0,0,0,14.9682417,-1.1550101,79.0970535,0.639810443,5.6795454,3.97959995,569.660217,63.8154984,3.9447,0.0250000004,50,1,0.119999997,0.550000012,0.0133333337
SL10_rand_6_r0,0,557,0.293333322,0,1.01785719,3.97959995,0.0606666654,0.0506666675,0.0726808608,0.0706649497,0,1.27630997,6,2.5,7.36225986,0,0,0,0,0,14.9682417,-1.1550101,79.0970535,0.639810443,5.6795454,3.97959995,569.660217,63.8154984,3.9447,0.0250000004,50,1,0.119999997,0.550000012,0.0133333337
SL10_rand_6_r0,0,558,0.306666672,0,1.16000628,3.97959995,0.0603333339,0.0503333323,0.0709687397,0.0698829442,0,1.27630997,6,2.5,7.36225986,0,0,0,0,0,14.9682417,-1.1550101,79.0970535,0.639810443,5.6795454,3.97959995,569.660217,63.8154984,3.9447,0.0250000004,50,1,0.119999997,0.550000012,0.0133333337
SL10_rand_6_r0,0,559,0.319999993,0,1.22397327,3.97959995,0.0599999987,0.0500000007,0.06970305,0.0689046979,0,1.27630997,6,2.5,7.36225986,0,0,0,0,0,14.9682417,-1.1550101,79.0970535,0.639810443,5.6795454,3.97959995,569.660217,63.8154984,3.9447,0.0250000004,50,1,0.119999997,0.550000012,0.0133333337
SL10_rand_6_r0,0,560,0.333333343,0,1.2527585,3.97959995,0.0596666671,0.0496666655,0.0683781356,0.068077527,0,1.27630997,6,2.5,7.36225986,0,0,0,0,0,14.9682417,-1.1550101,79.0970535,0.639810443,5.6795454,3.97959995,569.660217,63.8154984,3.9447,0.0250000004,50,1,0.119999997,0.550000012,0.0133333337
SL10_rand_6_r0,0,561,0.346666664,0,1.26571178,3.97959995,0.0593333319,0.049333334,0.0673799217,0.0671966448,0,1.27630997,6,2.5,7.36225986,0,0,0,0,0,14.9682417,-1.1550101,79.0970535,0.639810443,5.6795454,3.97959995,569.660217,63.8154984,3.9447,0.0250000004,50,1,0.119999997,0.550000012,0.0133333337
SL10_rand_6_r0,0,562,0.360000014,0,1.27154076,3.97959995,0.0590000004,0.0489999987,0.0664149895,0.0664127246,0,1.27630997,6,2.5,7.36225986,0,0,0,0,0,14.9682417,-1.1550101,79.0970535,0.639810443,5.6795454,3.97959995,569.660217,63.8154984,3.9447,0.0250000004,50,1,0.119999997,0.550000012,0.0133333337
SL10_rand_6_r0,0,563,0.373333335,0,1.27416384,3.97959995,0.0586666651,0.0486666672,0.0655445233,0.0651835725,0,1.27630997,6,2.5,7.36225986,0,0,0,0,0,14.9682417,-1.1550101,79.0970535,0.639810443,5.6795454,3.97959995,569.660217,63.8154984,3.9447,0.0250000004,50,1,0.119999997,0.550000012,0.0133333337
SL10_rand_6_r0,0,564,0.386666656,0,1.27534425,3.97959995,0.0583333336,0.0483333319,0.0646379143,0.064521879,0,1.27630997,6,2.5,7.36225986,0,0,0,0,0,14.9682417,-1.1550101,79.0970535,0.639810443,5.6795454,3.97959995,569.660217,63.8154984,3.9447,0.0250000004,50,1,0.119999997,0.550000012,0.0133333337
SL10_rand_6_r0,0,565,0.400000006,0,1.27587545,3.97959995,0.0579999983,0.0480000004,0.0637841448,0.0636183321,0,1.27630997,6,2.5,7.36225986,0,0,0,0,0,14.9682417,-1.1550101,79.0970535,0.639810443,5.6795454,3.97959995,569.660217,63.8154984,3.9447,0.0250000004,50,1,0.119999997,0.550000012,0.0133333337
SL10_rand_6_r0,0,566,0.413333327,0,1.27611446,3.97959995,0.0576666668,0.0476666652,0.0628842562,0.0628326982,0,1.27630997,6,2.5,7.36225986,0,0,0,0,0,14.9682417,-1.1550101,79.0970535,0.639810443,5.6795454,3.97959995,569.660217,63.8154984,3.9447,0.0250000004,50,1,0.119999997,0.550000012,0.0133333337
SL10_rand_6_r0,0,567,0.426666677,0,1.27622199,3.97959995,0.0573333316,0.0473333336,0.0621844418,0.0619422346,0,1.27630997,6,2.5,7.36225986,0,0,0,0,0,14.9682417,-1.1550101,79.0970535,0.639810443,5.6795454,3.97959995,569.660217,63.8154984,3.9447,0.0250000004,50,1,0.119999997,0.550000012,0.0133333337
SL10_rand_6_r0,0,568,0.439999998,0,1.27627039,3.97959995,0.057,0.0469999984,0.0614261292,0.0612128824,0,1.27630997,6,2.5,7.36225986,0,0,0,0,0,14.9682417,-1.1550101,79.0970535,0.639810443,5.6795454,3.97959995,569.660217,63.8154984,3.9447,0.0250000004,50,1,0.119999997,0.550000012,0.0133333337
SL10_rand_6_r0,0,569,0.453333348,0,1.2762922,3.97959995,0.0566666685,0.0466666669,0.0604416505,0.0583556518,0,1.27630997,6,2.5,7.36225986,0,0,0,0,0,14.9682417,-1.1550101,79.0970535,0.639810443,5.6795454,3.97959995,569.660217,63.8154984,3.9447,0.0250000004,50,1,0.119999997,0.550000012,0.0133333337
SL10_rand_6_r0,0,570,0.466666669,0,1.27630198,3.97959995,0.0563333333,0.0463333316,0.0590952858,0.0576410666,0,1.27630997,6,2.5,7.36225986,0,0,0,0,0,14.9682417,-1.1550101,79.0970535,0.639810443,5.6795454,3.97959995,569.660217,63.8154984,3.9447,0.0250000004,50,1,0.119999997,0.550000012,0.0133333337
SL10_rand_6_r0,0,571,0.479999989,0,1.27630639,3.97959995,0.0560000017,0.0460000001,0.0590156242,0.0551198125,0,1.27630997,6,2.5,7.36225986,0,0,0,0,0,14.9682417,-1.1550101,79.0970535,0.639810443,5.6795454,3.97959995,569.660217,63.8154984,3.9447,0.0250000004,50,1,0.119999997,0.550000012,0.0133333337
SL10_rand_6_r0,0,572,0.49333334,0,1.27630842,3.97959995,0.0556666665,0.0456666648,0.0569912978,0.0544682518,0,1.27630997,6,2.5,7.36225986,0,0,0,0,0,14.9682417,-1.1550101,79.0970535,0.639810443,5.6795454,3.97959995,569.660217,63.8154984,3.9447,0.0250000004,50,1,0.119999997,0.550000012,0.0133333337
SL10_rand_6_r0,0,573,0.50666666,0,1.27630925,3.97959995,0.055333335,0.0453333333,0.0563491508,0.0557700917,0,1.27630997,6,2.5,7.36225986,0,0,0,0,0,14.9682417,-1.1550101,79.0970535,0.639810443,5.6795454,3.97959995,569.660217,63.8154984,3.9447,0.0250000004,50,1,0.119999997,0.550000012,0.0133333337
SL10_rand_6_r0,0,574,0.519999981,0,1.27630973,3.97959995,0.0549999997,0.0450000018,0.055204615,0.0533011109,0,1.27630997,6,2.5,7.36225986,0,0,0,0,0,14.9682417,-1.1550101,79.0970535,0.639810443,5.6795454,3.97959995,569.660217,63.8154984,3.9447,0.0250000004,50,1,0.119999997,0.550000012,0.0133333337
SL10_rand_6_r0,0,575,0.533333361,0,1.27630985,3.97959995,0.0546666682,0.0446666665,0.0538388118,0.0527012832,0,1.27630997,6,2.5,7.36225986,0,0,0,0,0,14.9682417,-1.1550101,79.0970535,0.639810443,5.6795454,3.97959995,569.660217,63.8154984,3.9447,0.0250000004,50,1,0.119999997,0.550000012,0.0133333337
SL10_rand_6_r0,0,576,0.546666682,0,1.27630997,3.97959995,0.0543333329,0.044333335,0.0537404418,0.0521195233,0,1.27630997,6,2.5,7.36225986,0,0,0,0,0,14.9682417,-1.1550101,79.0970535,0.639810443,5.6795454,3.97959995,569.660217,63.8154984,3.9447,0.0250000004,50,1,0.119999997,0.550000012,0.0133333337
SL10_rand_6_r0,0,577,0.560000002,0,1.27630997,3.97959995,0.0540000014,0.0439999998,0.052376397,0.0515994243,0,1.27630997,6,2.5,7.36225986,0,0,0,0,0,14.9682417,-1.1550101,79.0970535,0.639810443,5.6795454,3.97959995,569.660217,63.8154984,3.9447,0.0250000004,50,1,0.119999997,0.550000012,0.0133333337
SL10_rand_6_r0,0,578,0.573333323,0,1.27630997,3.97959995,0.0536666662,0.0436666682,0.0514829531,0.0510703661,0,1.27630997,6,2.5,7.36225986,0,0,0,0,0,14.9682417,-1.1550101,79.0970535,0.639810443,5.6795454,3.97959995,569.660217,63.8154984,3.9447,0.0250000004,50,1,0.119999997,0.550000012,0.0133333337
SL10_rand_6_r0,0,579,0.586666644,0,1.27630997,3.97959995,0.0533333346,0.043333333,0.0517170504,0.0505471118,0,1.27630997,6,2.5,7.36225986,0,0,0,0,0,14.9682417,-1.1550101,79.0970535,0.639810443,5.6795454,3.97959995,569.660217,63.8154984,3.9447,0.0250000004,50,1,0.119999997,0.550000012,0.0133333337
SL10_rand_6_r0,0,580,0.600000024,0,1.27630997,3.97959995,0.0529999994,0.0430000015,0.0502989367,0.0500319228,0,1.27630997,6,2.5,7.36225986,0,0,0,0,0,14.9682417,-1.1550101,79.0970535,0.639810443,5.6795454,3.97959995,569.660217,63.8154984,3.9447,0.0250000004,50,1,0.119999997,0.550000012,0.0133333337
SL10_rand_6_r0,0,581,0.613333344,0,1.27630997,3.97959995,0.0526666678,0.0426666662,0.049689021,0.0495320261,0,1.27630997,6,2.5,7.36225986,0,0,0,0,0,14.9682417,-1.1550101,79.0970535,0.639810443,5.6795454,3.97959995,569.660217,63.8154984,3.9447,0.0250000004,50,1,0.119999997,0.550000012,0.0133333337
SL10_rand_6_r0,0,582,0.626666665,0,1.27630997,3.97959995,0.0523333326,0.0423333347,0.05010904,0.0490079187,0,1.27630997,6,2.5,7.36225986,0,0,0,0,0,14.9682417,-1.1550101,79.0970535,0.639810443,5.6795454,3.97959995,569.660217,63.8154984,3.9447,0.0250000004,50,1,0.119999997,0.550000012,0.0133333337
SL10_rand_6_r0,0,583,0.639999986,0,1.27630997,3.97959995,0.0520000011,0.0419999994,0.0486723147,0.0485617369,0,1.27630997,6,2.5,7.36225986,0,0,0,0,0,14.9682417,-1.1550101,79.0970535,0.639810443,5.6795454,3.97959995,569.660217,63.8154984,3.9447,0.0250000004,50,1,0.119999997,0.550000012,0.0133333337
SL10_rand_6_r0,0,584,0.653333306,0,1.27630997,3.97959995,0.0516666658,0.0416666679,0.0482239947,0.0480784401,0,1.27630997,6,2.5,7.36225986,0,0,0,0,0,14.9682417,-1.1550101,79.0970535,0.639810443,5.6795454,3.97959995,569.660217,63.8154984,3.9447,0.0250000004,50,1,0.119999997,0.550000012,0.0133333337
SL10_rand_6_r0,0,585,0.666666687,0,1.27630997,3.97959995,0.0513333343,0.0413333327,0.0485898778,0.0476075932,0,1.27630997,6,2.5,7.36225986,0,0,0,0,0,14.9682417,-1.1550101,79.0970535,0.639810443,5.6795454,3.97959995,569.660217,63.8154984,3.9447,0.0250000004,50,1,0.119999997,0.550000012,0.0133333337
SL10_rand_6_r0,0,586,0.680000007,0,1.27630997,3.97959995,0.050999999,0.0410000011,0.0472611636,0.0471560434,0,1.27630997,6,2.5,7.36225986,0,0,0,0,0,14.9682417,-1.1550101,79.0970535,0.639810443,5.6795454,3.97959995,569.660217,63.8154984,3.9447,0.0250000004,50,1,0.119999997,0.550000012,0.0133333337
SL10_rand_6_r0,0,587,0.693333328,0,1.27630997,3.97959995,0.0506666675,0.0406666659,0.0469304435,0.0466820523,0,1.27630997,6,2.5,7.36225986,0,0,0,0,0,14.9682417,-1.1550101,79.0970535,0.639810443,5.6795454,3.97959995,569.660217,63.8154984,3.9447,0.0250000004,50,1,0.119999997,0.550000012,0.0133333337
SL10_rand_6_r0,0,588,0.706666648,0,1.27630997,3.97959995,0.0503333323,0.0403333344,0.0471310988,0.0462254956,0,1.27630997,6,2.5,7.36225986,0,0,0,0,0,14.9682417,-1.1550101,79.0970535,0.639810443,5.6795454,3.97959995,569.660217,63.8154984,3.9447,0.0250000004,50,1,0.119999997,0.550000012,0.0133333337
SL10_rand_6_r0,0,589,0.720000029,0,1.27630997,3.97959995,0.0500000007,0.0399999991,0.0459159538,0.0457876846,0,1.27630997,6,2.5,7.36225986,0,0,0,0,0,14.9682417,-1.1550101,79.0970535,0.639810443,5.6795454,3.97959995,569.660217,63.8154984,3.9447,0.0250000004,50,1,0.119999997,0.550000012,0.0133333337
SL10_rand_6_r0,0,590,0.733333349,0,1.27630997,3.97959995,0.0496666655,0.0396666676,0.0457522161,0.0453781746,0,1.27630997,6,2.5,7.36225986,0,0,0,0,0,14.9682417,-1.1550101,79.0970535,0.639810443,5.6795454,3.97959995,569.660217,63.8154984,3.9447,0.0250000004,50,1,0.119999997,0.550000012,0.0133333337
SL10_rand_6_r0,0,591,0.74666667,0,1.27630997,3.97959995,0.049333334,0.0393333323,0.0456530489,0.0448590145,0,1.27630997,6,2.5,7.36225986,0,0,0,0,0,14.9682417,-1.1550101,79.0970535,0.639810443,5.6795454,3.97959995,569.660217,63.8154984,3.9447,0.0250000004,50,1,0.119999997,0.550000012,0.0133333337
SL10_rand_6_r0,0,592,0.75999999,0,1.27630997,3.97959995,0.0489999987,0.0390000008,0.0446133278,0.0444912761,0,1.27630997,6,2.5,7.36225986,0,0,0,0,0,14.9682417,-1.1550101,79.0970535,0.639810443,5.6795454,3.97959995,569.660217,63.8154984,3.9447,0.0250000004,50,1,0.119999997,0.550000012,0.0133333337
SL10_rand_6_r0,0,593,0.773333311,0,1.27630997,3.97959995,0.0486666672,0.0386666656,0.044724945,0.0441447161,0,1.27630997,6,2.5,7.36225986,0,0,0,0,0,14.9682417,-1.1550101,79.0970535,0.639810443,5.6795454,3.97959995,569.660217,63.8154984,3.9447,0.0250000004,50,1,0.119999997,0.550000012,0.0133333337
SL10_rand_6_r0,0,594,0.786666691,0,1.27630997,3.97959995,0.0483333319,0.038333334,0.0441176854,0.0435809642,0,1.27630997,6,2.5,7.36225986,0,0,0,0,0,14.9682417,-1.1550101,79.0970535,0.639810443,5.6795454,3.97959995,569.660217,63.8154984,3.9447,0.0250000004,50,1,0.119999997,0.550000012,0.0133333337
SL10_rand_6_r0,0,595,0.800000012,0,1.27630997,3.97959995,0.0480000004,0.0379999988,0.0433876589,0.043266058,0,1.27630997,6,2.5,7.36225986,0,0,0,0,0,14.9682417,-1.1550101,79.0970535,0.639810443,5.6795454,3.97959995,569.660217,63.8154984,3.9447,0.0250000004,50,1,0.119999997,0.550000012,0.0133333337
SL10_rand_6_r0,0,596,0.813333333,0,1.27630997,3.97959995,0.0476666652,0.0376666673,0.0439501889,0.0429530405,0,1.27630997,6,2.5,7.36225986,0,0,0,0,0,14.9682417,-1.1550101,79.0970535,0.639810443,5.6795454,3.97959995,569.660217,63.8154984,3.9447,0.0250000004,50,1,0.119999997,0.550000012,0.0133333337
SL10_rand_6_r0,0,597,0.826666653,0,1.27630997,3.97959995,0.0473333336,0.037333332,0.0425934605,0.0423777252,0,1.27630997,6,2.5,7.36225986,0,0,0,0,0,14.9682417,-1.1550101,79.0970535,0.639810443,5.6795454,3.97959995,569.660217,63.8154984,3.9447,0.0250000004,50,1,0.119999997,0.550000012,0.0133333337
SL10_rand_6_r0,0,598,0.839999974,0,1.27630997,3.97959995,0.0469999984,0.0370000005,0.042382475,0.0420902409,0,1.27630997,6,2.5,7.36225986,0,0,0,0,0,14.9682417,-1.1550101,79.0970535,0.639810443,5.6795454,3.97959995,569.660217,63.8154984,3.9447,0.0250000004,50,1,0.119999997,0.550000012,0.0133333337
SL10_rand_6_r0,0,599,0.853333354,0,1.27630997,3.97959995,0.0466666669,0.0366666652,0.0422691107,0.0414931588,0,1.27630997,6,2.5,7.36225986,0,0,0,0,0,14.9682417,-1.1550101,79.0970535,0.639810443,5.6795454,3.97959995,569.660217,63.8154984,3.9447,0.0250000004,50,1,0.119999997,0.550000012,0.0133333337
SL10_rand_6_r0,0,600,0.866666675,0,1.27630997,3.97959995,0.0463333316,0.0363333337,0.0412692502,0.0412274301,0,1.27630997,6,2.5,7.36225986,0,0,0,0,0,14.9682417,-1.1550101,79.0970535,0.639810443,5.6795454,3.97959995,569.660217,63.8154984,3.9447,0.0250000004,50,1,0.119999997,0.550000012,0.0133333337
SL10_rand_6_r0,0,601,0.879999995,0,1.27630997,3.97959995,0.0460000001,0.0359999985,0.0418255776,0.0409504361,0,1.27630997,6,2.5,7.36225986,0,0,0,0,0,14.9682417,-1.1550101,79.0970535,0.639810443,5.6795454,3.97959995,569.660217,63.8154984,3.9447,0.0250000004,50,1,0.119999997,0.550000012,0.0133333337
SL10_rand_6_r0,0,602,0.893333316,0,1.27630997,3.97959995,0.0456666648,0.0356666669,0.0405614488,0.0403794982,0,1.27630997,6,2.5,7.36225986,0,0,0,0,0,14.9682417,-1.1550101,79.0970535,0.639810443,5.6795454,3.97959995,569.660217,63.8154984,3.9447,0.0250000004,50,1,0.119999997,0.550000012,0.0133333337
SL10_rand_6_r0,0,603,0.906666696,0,1.27630997,3.97959995,0.0453333333,0.0353333317,0.0404097326,0.04011802,0,1.27630997,6,2.5,7.36225986,0,0,0,0,0,14.9682417,-1.1550101,79.0970535,0.639810443,5.6795454,3.97959995,569.660217,63.8154984,3.9447,0.0250000004,50,1,0.119999997,0.550000012,0.0133333337
SL10_rand_6_r0,0,604,0.920000017,0,1.27630997,3.97959995,0.0450000018,0.0350000001,0.0402059853,0.0395557322,0,1.27630997,6,2.5,7.36225986,0,0,0,0,0,14.9682417,-1.1550101,79.0970535,0.639810443,5.6795454,3.97959995,569.660217,63.8154984,3.9447,0.0250000004,50,1,0.119999997,0.550000012,0.0133333337
SL10_rand_6_r0,0,605,0.933333337,0,1.27630997,3.97959995,0.0446666665,0.0346666649,0.0393356197,0.0393090136,0,1.27630997,6,2.5,7.36225986,0,0,0,0,0,14.9682417,-1.1550101,79.0970535,0.639810443,5.6795454,3.97959995,569.660217,63.8154984,3.9447,0.0250000004,50,1,0.119999997,0.550000012,0.0133333337
SL10_rand_6_r0,0,606,0.946666658,0,1.27630997,3.97959995,0.044333335,0.0343333334,0.0401535779,0.0387640111,0,1.27630997,6,2.5,7.36225986,0,0,0,0,0,14.9682417,-1.1550101,79.0970535,0.639810443,5.6795454,3.97959995,569.660217,63.8154984,3.9447,0.0250000004,50,1,0.119999997,0.550000012,0.0133333337
SL10_rand_6_r0,0,607,0.959999979,0,1.27630997,3.97959995,0.0439999998,0.0340000018,0.0385717712,0.0385292657,0,1.27630997,6,2.5,7.36225986,0,0,0,0,0,14.9682417,-1.1550101,79.0970535,0.639810443,5.6795454,3.97959995,569.660217,63.8154984,3.9447,0.0250000004,50,1,0.119999997,0.550000012,0.0133333337
SL10_rand_6_r0,0,608,0.973333359,0,1.27630997,3.97959995,0.0436666682,0.0336666666,0.0388979912,0.0382648669,0,1.27630997,6,2.5,7.36225986,0,0,0,0,0,14.9682417,-1.1550101,79.0970535,0.639810443,5.6795454,3.97959995,569.660217,63.8154984,3.9447,0.0250000004,50,1,0.119999997,0.550000012,0.0133333337
SL10_rand_6_r0,0,609,0.986666679,0,1.27630997,3.97959995,0.043333333,0.0333333351,0.0380864404,0.0377852544,0,1.27630997,6,2.5,7.36225986,0,0,0,0,0,14.9682417,-1.1550101,79.0970535,0.639810443,5.6795454,3.97959995,569.660217,63.8154984,3.9447,0.0250000004,50,1,0.119999997,0.550000012,0.0133333337
SL10_rand_6_r0,0,610,1,0,1.27630997,3.97959995,0.0430000015,0.0329999998,0.0377611294,0.0375285745,0,1.27630997,6,2.5,7.36225986,0,0,0,0,0,14.9682417,-1.1550101,79.0970535,0.639810443,5.6795454,3.97959995,569.660217,63.8154984,3.9447,0.0250000004,50,1,0.119999997,0.550000012,0.0133333337
SL10_rand_6_r0,0,611,1.01333332,1,1.27630997,3.97959995,0.0426666662,0.0326666683,0.0378489159,0.0370694585,0,1.27630997,6,2.5,7.36225986,0,0,0,0,0,13.1383972,-0.489759415,83.6648788,0.767772496,5.92729282,3.97959995,569.660217,63.8154984,3.9447,0.0250000004,50,1,0.119999997,0.550000012,0.0133333337
SL10_rand_6_r0,0,612,1.02666664,1,1.27630997,3.97959995,0.0423333347,0.032333333,0.036861036,0.0368171409,0,1.27630997,6,2.5,7.36225986,0,0,0,0,0,13.1383972,-0.489759415,83.6648788,0.767772496,5.92729282,3.97959995,569.660217,63.8154984,3.9447,0.0250000004,50,1,0.119999997,0.550000012,0.0133333337
SL10_rand_6_r0,0,613,1.03999996,1,1.27630997,3.97959995,0.0419999994,0.0320000015,0.0378222205,0.0363773145,0,1.27630997,6,2.5,7.36225986,0,0,0,0,0,13.1383972,-0.489759415,83.6648788,0.767772496,5.92729282,3.97959995,569.660217,63.8154984,3.9447,0.0250000004,50,1,0.119999997,0.550000012,0.0133333337
SL10_rand_6_r0,0,614,1.05333328,1,1.27630997,3.97959995,0.0416666679,0.0316666663,0.0361779779,0.0361265242,0,1.27630997,6,2.5,7.36225986,0,0,0,0,0,13.1383972,-0.489759415,83.6648788,0.767772496,5.92729282,3.97959995,569.660217,63.8154984,3.9447,0.0250000004,50,1,0.119999997,0.550000012,0.0133333337
SL10_rand_6_r0,0,615,1.06666672,1,1.27630997,3.97959995,0.0413333327,0.0313333347,0.0367627293,0.0358468406,0,1.27630997,6,2.5,7.36225986,0,0,0,0,0,13.1383972,-0.489759415,83.6648788,0.767772496,5.92729282,3.97959995,569.660217,63.8154984,3.9447,0.0250000004,50,1,0.119999997,0.550000012,0.0133333337
SL10_rand_6_r0,0,616,1.08000004,1,1.27630997,3.97959995,0.0410000011,0.0309999995,0.0356955305,0.03545288,0,1.27630997,6,2.5,7.36225986,0,0,0,0,0,13.1383972,-0.489759415,83.6648788,0.767772496,5.92729282,3.97959995,569.660217,63.8154984,3.9447,0.0250000004,50,1,0.119999997,0.550000012,0.0133333337
SL10_rand_6_r0,0,617,1.09333336,1,1.27630997,3.97959995,0.0406666659,0.0306666661,0.0356672853,0.0351704955,0,1.27630997,6,2.5,7.36225986,0,0,0,0,0,13.1383972,-0.489759415,83.6648788,0.767772496,5.92729282,3.97959995,569.660217,63.8154984,3.9447,0.0250000004,50,1,0.119999997,0.550000012,0.0133333337
SL10_rand_6_r0,0,618,1.10666668,1,1.27630997,3.97959995,0.0403333344,0.0303333327,0.0353994891,0.0347926468,0,1.27630997,6,2.5,7.36225986,0,0,0,0,0,13.1383972,-0.489759415,83.6648788,0.767772496,5.92729282,3.97959995,569.660217,63.8154984,3.9447,0.0250000004,50,1,0.119999997,0.550000012,0.0133333337
SL10_rand_6_r0,0,619,1.12,1,1.27630997,3.97959995,0.0399999991,0.0299999993,0.0347401649,0.0345045701,0,1.27630997,6,2.5,7.36225986,0,0,0,0,0,13.1383972,-0.489759415,83.6648788,0.767772496,5.92729282,3.97959995,569.660217,63.8154984,3.9447,0.0250000004,50,1,0.119999997,0.550000012,0.0133333337
SL10_rand_6_r0,0,620,1.13333333,1,1.27630997,3.97959995,0.0396666676,0.0296666659,0.0352783985,0.0341439694,0,1.27630997,6,2.5,7.36225986,0,0,0,0,0,13.1383972,-0.489759415,83.6648788,0.767772496,5.92729282,3.97959995,569.660217,63.8154984,3.9447,0.0250000004,50,1,0.119999997,0.550000012,0.0133333337
SL10_rand_6_r0,0,621,1.14666665,1,1.27630997,3.97959995,0.0393333323,0.0293333326,0.0339783989,0.0338490717,0,1.27630997,6,2.5,7.36225986,0,0,0,0,0,13.1383972,-0.489759415,83.6648788,0.767772496,5.92729282,3.97959995,569.660217,63.8154984,3.9447,0.0250000004,50,1,0.119999997,0.550000012,0.0133333337
SL10_rand_6_r0,0,622,1.15999997,1,1.27630997,3.97959995,0.0390000008,0.0289999992,0.0350033082,0.0349031985,0,1.27630997,6,2.5,7.36225986,0,0,0,0,0,13.1383972,-0.489759415,83.6648788,0.767772496,5.92729282,3.97959995,569.660217,63.8154984,3.9447,0.0250000004,50,1,0.119999997,0.550000012,0.0133333337
SL10_rand_6_r0,0,623,1.17333329,1,1.27630997,3.97959995,0.0386666656,0.0286666658,0.0333733968,0.0331952274,0,1.27630997,6,2.5,7.36225986,0,0,0,0,0,13.1383972,-0.489759415,83.6648788,0.767772496,5.92729282,3.97959995,569.660217,63.8154984,3.9447,0.0250000004,50,1,0.119999997,0.550000012,0.0133333337
SL10_rand_6_r0,0,624,1.18666661,1,1.27630997,3.97959995,0.038333334,0.0283333343,0.0340000838,0.0328611657,0,1.27630997,6,2.5,7.36225986,0,0,0,0,0,13.1383972,-0.489759415,83.6648788,0.767772496,5.92729282,3.97959995,569.660217,63.8154984,3.9447,0.0250000004,50,1,0.119999997,0.550000012,0.0133333337
SL10_rand_6_r0,0,625,1.20000005,1,1.27630997,3.97959995,0.0379999988,0.0280000009,0.0329243876,0.0325402953,0,1.27630997,6,2.5,7.36225986,0,0,0,0,0,13.1383972,-0.489759415,83.6648788,0.767772496,5.92729282,3.97959995,569.660217,63.8154984,3.9447,0.0250000004,50,1,0.119999997,0.550000012,0.0133333337
SL10_rand_6_r0,0,626,1.21333337,1,1.27630997,3.97959995,0.0376666673,0.0276666675,0.0329399668,0.0321989842,0,1.27630997,6,2.5,7.36225986,0,0,0,0,0,13.1383972,-0.489759415,83.6648788,0.767772496,5.92729282,3.97959995,569.660217,63.8154984,3.9447,0.0250000004,50,1,0.119999997,0.550000012,0.0133333337
SL10_rand_6_r0,0,627,1.22666669,1,1.27630997,3.97959995,0.037333332,0.0273333341,0.0326406062,0.0318934023,0,1.27630997,6,2.5,7.36225986,0,0,0,0,0,13.1383972,-0.489759415,83.6648788,0.767772496,5.92729282,3.97959995,569.660217,63.8154984,3.9447,0.0250000004,50,1,0.119999997,0.550000012,0.0133333337
SL10_rand_6_r0,0,628,1.24000001,1,1.27630997,3.97959995,0.0370000005,0.0270000007,0.0320179351,0.0315430351,0,1.27630997,6,2.5,7.36225986,0,0,0,0,0,13.1383972,-0.489759415,83.6648788,0.767772496,5.92729282,3.97959995,569.660217,63.8154984,3.9447,0.0250000004,50,1,0.119999997,0.550000012,0.0133333337
SL10_rand_6_r0,0,629,1.25333333,1,1.27630997,3.97959995,0.0366666652,0.0266666673,0.0325147435,0.0312502719,0,1.27630997,6,2.5,7.36225986,0,0,0,0,0,13.1383972,-0.489759415,83.6648788,0.767772496,5.92729282,3.97959995,569.660217,63.8154984,3.9447,0.0250000004,50,1,0.119999997,0.550000012,0.0133333337
SL10_rand_6_r0,0,630,1.26666665,1,1.27630997,3.97959995,0.0363333337,0.0263333339,0.0312370416,0.030891953,0,1.27630997,6,2.5,7.36225986,0,0,0,0,0,13.1383972,-0.489759415,83.6648788,0.767772496,5.92729282,3.97959995,569.660217,63.8154984,3.9447,0.0250000004,50,1,0.119999997,0.550000012,0.0133333337
SL10_rand_6_r0,0,631,1.27999997,1,1.27630997,3.97959995,0.0359999985,0.0260000005,0.0321720876,0.031875208,0,1.27630997,6,2.5,7.36225986,0,0,0,0,0,13.1383972,-0.489759415,83.6648788,0.767772496,5.92729282,3.97959995,569.660217,63.8154984,3.9447,0.0250000004,50,1,0.119999997,0.550000012,0.0133333337
SL10_rand_6_r0,0,632,1.29333329,1,1.27630997,3.97959995,0.0356666669,0.0256666671,0.0305970348,0.0302334763,0,1.27630997,6,2.5,7.36225986,0,0,0,0,0,13.1383972,-0.489759415,83.6648788,0.767772496,5.92729282,3.97959995,569.660217,63.8154984,3.9447,0.0250000004,50,1,0.119999997,0.550000012,0.0133333337
SL10_rand_6_r0,0,633,1.30666661,1,1.27630997,3.97959995,0.0353333317,0.0253333338,0.0314322822,0.0312014762,0,1.27630997,6,2.5,7.36225986,0,0,0,0,0,13.1383972,-0.489759415,83.6648788,0.767772496,5.92729282,3.97959995,569.660217,63.8154984,3.9447,0.0250000004,50,1,0.119999997,0.550000012,0.0133333337
SL10_rand_6_r0,0,634,1.32000005,1,1.27630997,3.97959995,0.0350000001,0.0250000004,0.0300942417,0.0295592826,0,1.27630997,6,2.5,7.36225986,0,0,0,0,0,13.1383972,-0.489759415,83.6648788,0.767772496,5.92729282,3.97959995,569.660217,63.8154984,3.9447,0.0250000004,50,1,0.119999997,0.550000012,0.0133333337
SL10_rand_6_r0,0,635,1.33333337,1,1.27630997,3.97959995,0.0346666649,0.024666667,0.0304389428,0.0291556139,0,1.27630997,6,2.5,7.36225986,0,0,0,0,0,13.1383972,-0.489759415,83.6648788,0.767772496,5.92729282,3.97959995,569.660217,63.8154984,3.9447,0.0250000004,50,1,0.119999997,0.550000012,0.0133333337
SL10_rand_6_r0,0,636,1.34666669,1,1.27630997,3.97959995,0.0343333334,0.0243333336,0.0297446717,0.0288860388,0,1.27630997,6,2.5,7.36225986,0,0,0,0,0,13.1383972,-0.489759415,83.6648788,0.767772496,5.92729282,3.97959995,569.660217,63.8154984,3.9447,0.0250000004,50,1,0.119999997,0.550000012,0.0133333337
SL10_rand_6_r0,0,637,1.36000001,1,1.27630997,3.97959995,0.0340000018,0.0240000002,0.0294256993,0.0284757745,0,1.27630997,6,2.5,7.36225986,0,0,0,0,0,13.1383972,-0.489759415,83.6648788,0.767772496,5.92729282,3.97959995,569.660217,63.8154984,3.9447,0.0250000004,50,1,0.119999997,0.550000012,0.0133333337
SL10_rand_6_r0,0,638,1.37333333,1,1.27630997,3.97959995,0.0336666666,0.0236666668,0.0295674074,0.028225828,0,1.27630997,6,2.5,7.36225986,0,0,0,0,0,13.1383972,-0.489759415,83.6648788,0.767772496,5.92729282,3.97959995,569.660217,63.8154984,3.9447,0.0250000004,50,1,0.119999997,0.550000012,0.0133333337
SL10_rand_6_r0,0,639,1.38666666,1,1.27630997,3.97959995,0.0333333351,0.0233333334,0.0285569821,0.0278116129,0,1.27630997,6,2.5,7.36225986,0,0,0,0,0,13.1383972,-0.489759415,83.6648788,0.767772496,5.92729282,3.97959995,569.660217,63.8154984,3.9447,0.0250000004,50,1,0.119999997,0.550000012,0.0133333337
SL10_rand_6_r0,0,640,1.39999998,1,1.27630997,3.97959995,0.0329999998,0.023,0.0295628626,0.0275762193,0,1.27630997,6,2.5,7.36225986,0,0,0,0,0,13.1383972,-0.489759415,83.6648788,0.767772496,5.92729282,3.97959995,569.660217,63.8154984,3.9447,0.0250000004,50,1,0.119999997,0.550000012,0.0133333337
SL10_rand_6_r0,0,641,1.4133333,1,1.27630997,3.97959995,0.0326666683,0.0226666667,0.0278417859,0.0271584895,0,1.27630997,6,2.5,7.36225986,0,0,0,0,0,13.1383972,-0.489759415,83.6648788,0.767772496,5.92729282,3.97959995,569.660217,63.8154984,3.9447,0.0250000004,50,1,0.119999997,0.550000012,0.0133333337
SL10_rand_6_r0,0,642,1.42666662,1,1.27630997,3.97959995,0.032333333,0.0223333333,0.0286043938,0.028093284,0,1.27630997,6,2.5,7.36225986,0,0,0,0,0,13.1383972,-0.489759415,83.6648788,0.767772496,5.92729282,3.97959995,569.660217,63.8154984,3.9447,0.0250000004,50,1,0.119999997,0.550000012,0.0133333337
SL10_rand_6_r0,0,643,1.44000006,1,1.27630997,3.97959995,0.0320000015,0.0219999999,0.0272840802,0.026500633,0,1.27630997,6,2.5,7.36225986,0,0,0,0,0,13.1383972,-0.489759415,83.6648788,0.767772496,5.92729282,3.97959995,569.660217,63.8154984,3.9447,0.0250000004,50,1,0.119999997,0.550000012,0.0133333337
SL10_rand_6_r0,0,644,1.45333338,1,1.27630997,3.97959995,0.0316666663,0.0216666665,0.0279105864,0.027427569,0,1.27630997,6,2.5,7.36225986,0,0,0,0,0,13.1383972,-0.489759415,83.6648788,0.767772496,5.92729282,3.97959995,569.660217,63.8154984,3.9447,0.0250000004,50,1,0.119999997,0.550000012,0.0133333337
SL10_rand_6_r0,0,645,1.4666667,1,1.27630997,3.97959995,0.0313333347,0.0213333331,0.0268848874,0.0258162431,0,1.27630997,6,2.5,7.36225986,0,0,0,0,0,13.1383972,-0.489759415,83.6648788,0.767772496,5.92729282,3.97959995,569.660217,63.8154984,3.9447,0.0250000004,50,1,0.119999997,0.550000012,0.0133333337
SL10_rand_6_r0,0,646,1.48000002,1,1.27630997,3.97959995,0.0309999995,0.0209999997,0.0271093827,0.0254139695,0,1.27630997,6,2.5,7.36225986,0,0,0,0,0,13.1383972,-0.489759415,83.6648788,0.767772496,5.92729282,3.97959995,569.660217,63.8154984,3.9447,0.0250000004,50,1,0.119999997,0.550000012,0.0133333337
SL10_rand_6_r0,0,647,1.49333334,1,1.27630997,3.97959995,0.0306666661,0.0206666663,0.0266580936,0.0250939801,0,1.27630997,6,2.5,7.36225986,0,0,0,0,0,13.1383972,-0.489759415,83.6648788,0.767772496,5.92729282,3.97959995,569.660217,63.8154984,3.9447,0.0250000004,50,1,0.119999997,0.550000012,0.0133333337
SL10_rand_6_r0,0,648,1.50666666,1,1.27630997,3.97959995,0.0303333327,0.0203333329,0.0261261407,0.0247352049,0,1.27630997,6,2.5,7.36225986,0,0,0,0,0,13.1383972,-0.489759415,83.6648788,0.767772496,5.92729282,3.97959995,569.660217,63.8154984,3.9447,0.0250000004,50,1,0.119999997,0.550000012,0.0133333337
SL10_rand_6_r0,0,649,1.51999998,1,1.27630997,3.97959995,0.0299999993,0.0199999996,0.0266166572,0.0243499912,0,1.27630997,6,2.5,7.36225986,0,0,0,0,0,13.1383972,-0.489759415,83.6648788,0.767772496,5.92729282,3.97959995,569.660217,63.8154984,3.9447,0.0250000004,50,1,0.119999997,0.550000012,0.0133333337
SL10_rand_6_r0,0,650,1.5333333,1,1.27630997,3.97959995,0.0296666659,0.0196666662,0.0252931416,0.0240302347,0,1.27630997,6,2.5,7.36225986,0,0,0,0,0,13.1383972,-0.489759415,83.6648788,0.767772496,5.92729282,3.97959995,569.660217,63.8154984,3.9447,0.0250000004,50,1,0.119999997,0.550000012,0.0133333337
SL10_rand_6_r0,0,651,1.54666662,1,1.27630997,3.97959995,0.0293333326,0.0193333328,0.0259488225,0.0249176435,0,1.27630997,6,2.5,7.36225986,0,0,0,0,0,13.1383972,-0.489759415,83.6648788,0.767772496,5.92729282,3.97959995,569.660217,63.8154984,3.9447,0.0250000004,50,1,0.119999997,0.550000012,0.0133333337
SL10_rand_6_r0,0,652,1.55999994,1,1.27630997,3.97959995,0.0289999992,0.0189999994,0.0246168617,0.0232986044,0,1.27630997,6,2.5,7.36225986,0,0,0,0,0,13.1383972,-0.489759415,83.6648788,0.767772496,5.92729282,3.97959995,569.660217,63.8154984,3.9447,0.0250000004,50,1,0.119999997,0.550000012,0.0133333337
SL10_rand_6_r0,0,653,1.57333338,1,1.27630997,3.97959995,0.0286666658,0.018666666,0.0250868648,0.024168076,0,1.27630997,6,2.5,7.36225986,0,0,0,0,0,13.1383972,-0.489759415,83.6648788,0.767772496,5.92729282,3.97959995,569.660217,63.8154984,3.9447,0.0250000004,50,1,0.119999997,0.550000012,0.0133333337
SL10_rand_6_r0,0,654,1.5866667,1,1.27630997,3.97959995,0.0283333343,0.0183333326,0.0241109692,0.022539705,0,1.27630997,6,2.5,7.36225986,0,0,0,0,0,13.1383972,-0.489759415,83.6648788,0.767772496,5.92729282,3.97959995,569.660217,63.8154984,3.9447,0.0250000004,50,1,0.119999997,0.550000012,0.0133333337
SL10_rand_6_r0,0,655,1.60000002,1,1.27630997,3.97959995,0.0280000009,0.0179999992,0.0243690256,0.0233936645,0,1.27630997,6,2.5,7.36225986,0,0,0,0,0,13.1383972,-0.489759415,83.6648788,0.767772496,5.92729282,3.97959995,569.660217,63.8154984,3.9447,0.0250000004,50,1,0.119999997,0.550000012,0.0133333337
SL10_rand_6_r0,0,656,1.61333334,1,1.27630997,3.97959995,0.0276666675,0.0176666658,0.0238001123,0.0217640456,0,1.27630997,6,2.5,7.36225986,0,0,0,0,0,13.1383972,-0.489759415,83.6648788,0.767772496,5.92729282,3.97959995,569.660217,63.8154984,3.9447,0.0250000004,50,1,0.119999997,0.550000012,0.0133333337
SL10_rand_6_r0,0,657,1.62666667,1,1.27630997,3.97959995,0.0273333341,0.0173333324,0.0238215905,0.0226037111,0,1.27630997,6,2.5,7.36225986,0,0,0,0,0,13.1383972,-0.489759415,83.6648788,0.767772496,5.92729282,3.97959995,569.660217,63.8154984,3.9447,0.0250000004,50,1,0.119999997,0.550000012,0.0133333337
SL10_rand_6_r0,0,658,1.63999999,1,1.27630997,3.97959995,0.0270000007,0.0170000009,0.0237002391,0.0209840462,0,1.27630997,6,2.5,7.36225986,0,0,0,0,0,13.1383972,-0.489759415,83.6648788,0.767772496,5.92729282,3.97959995,569.660217,63.8154984,3.9447,0.0250000004,50,1,0.119999997,0.550000012,0.0133333337
SL10_rand_6_r0,0,659,1.65333331,1,1.27630997,3.97959995,0.0266666673,0.0166666675,0.0229230691,0.0207516011,0,1.27630997,6,2.5,7.36225986,0,0,0,0,0,13.1383972,-0.489759415,83.6648788,0.767772496,5.92729282,3.97959995,569.660217,63.8154984,3.9447,0.0250000004,50,1,0.119999997,0.550000012,0.0133333337
SL10_rand_6_r0,0,660,1.66666663,1,1.27630997,3.97959995,0.0263333339,0.0163333341,0.0234048571,0.0215316024,0,1.27630997,6,2.5,7.36225986,0,0,0,0,0,13.1383972,-0.489759415,83.6648788,0.767772496,5.92729282,3.97959995,569.660217,63.8154984,3.9447,0.0250000004,50,1,0.119999997,0.550000012,0.0133333337
SL10_rand_6_r0,0,661,1.67999995,1,1.27630997,3.97959995,0.0260000005,0.0160000008,0.0221268162,0.0199790858,0,1.27630997,6,2.5,7.36225986,0,0,0,0,0,13.1383972,-0.489759415,83.6648788,0.767772496,5.92729282,3.97959995,569.660217,63.8154984,3.9447,0.0250000004,50,1,0.119999997,0.550000012,0.0133333337
SL10_rand_6_r0,0,662,1.69333339,1,1.27630997,3.97959995,0.0256666671,0.0156666674,0.0223816,0.0207459498,0,1.27630997,6,2.5,7.36225986,0,0,0,0,0,13.1383972,-0.489759415,83.6648788,0.767772496,5.92729282,3.97959995,569.660217,63.8154984,3.9447,0.0250000004,50,1,0.119999997,0.550000012,0.0133333337
SL10_rand_6_r0,0,663,1.70666671,1,1.27630997,3.97959995,0.0253333338,0.0153333331,0.0215367395,0.0192092694,0,1.27630997,6,2.5,7.36225986,0,0,0,0,0,13.1383972,-0.489759415,83.6648788,0.767772496,5.92729282,3.97959995,569.660217,63.8154984,3.9447,0.0250000004,50,1,0.119999997,0.550000012,0.0133333337
SL10_rand_6_r0,0,664,1.72000003,1,1.27630997,3.97959995,0.0250000004,0.0149999997,0.0215328448,0.0199598335,0,1.27630997,6,2.5,7.36225986,0,0,0,0,0,13.1383972,-0.489759415,83.6648788,0.767772496,5.92729282,3.97959995,569.660217,63.8154984,3.9447,0.0250000004,50,1,0.119999997,0.550000012,0.0133333337
SL10_rand_6_r0,0,665,1.73333335,1,1.27630997,3.97959995,0.024666667,0.0146666663,0.0211807098,0.01844416,0,1.27630997,6,2.5,7.36225986,0,0,0,0,0,13.1383972,-0.489759415,83.6648788,0.767772496,5.92729282,3.97959995,569.660217,63.8154984,3.9447,0.0250000004,50,1,0.119999997,0.550000012,0.0133333337
SL10_rand_6_r0,0,666,1.74666667,1,1.27630997,3.97959995,0.0243333336,0.0143333329,0.0208888743,0.0191810131,0,1.27630997,6,2.5,7.36225986,0,0,0,0,0,13.1383972,-0.489759415,83.6648788,0.767772496,5.92729282,3.97959995,569.660217,63.8154984,3.9447,0.0250000004,50,1,0.119999997,0.550000012,0.0133333337
SL10_rand_6_r0,0,667,1.75999999,1,1.27630997,3.97959995,0.0240000002,0.0140000004,0.0210816376,0.0176909678,0,1.27630997,6,2.5,7.36225986,0,0,0,0,0,13.1383972,-0.489759415,83.6648788,0.767772496,5.92729282,3.97959995,569.660217,63.8154984,3.9447,0.0250000004,50,1,0.119999997,0.550000012,0.0133333337
SL10_rand_6_r0,0,668,1.77333331,1,1.27630997,3.97959995,0.0236666668,0.013666667,0.0204762071,0.0184138138,0,1.27630997,6,2.5,7.36225986,0,0,0,0,0,13.1383972,-0.489759415,83.6648788,0.767772496,5.92729282,3.97959995,569.660217,63.8154984,3.9447,0.0250000004,50,1,0.119999997,0.550000012,0.0133333337
SL10_rand_6_r0,0,669,1.78666663,1,1.27630997,3.97959995,0.0233333334,0.0133333337,0.0202047843,0.0193041656,0,1.27630997,6,2.5,7.36225986,0,0,0,0,0,13.1383972,-0.489759415,83.6648788,0.767772496,5.92729282,3.97959995,569.660217,63.8154984,3.9447,0.0250000004,50,1,0.119999997,0.550000012,0.0133333337
SL10_rand_6_r0,0,670,1.79999995,1,1.27630997,3.97959995,0.023,0.0130000003,0.0193878841,0.0189837757,0,1.27630997,6,2.5,7.36225986,0,0,0,0,0,13.1383972,-0.489759415,83.6648788,0.767772496,5.92729282,3.97959995,569.660217,63.8154984,3.9447,0.0250000004,50,1,0.119999997,0.550000012,0.0133333337
SL10_rand_6_r0,0,671,1.81333339,1,1.27630997,3.97959995,0.0226666667,0.0126666669,0.0190268382,0.0185805038,0,1.27630997,6,2.5,7.36225986,0,0,0,0,0,13.1383972,-0.489759415,83.6648788,0.767772496,5.92729282,3.97959995,569.660217,63.8154984,3.9447,0.0250000004,50,1,0.119999997,0.550000012,0.0133333337
SL10_rand_6_r0,0,672,1.82666671,1,1.27630997,3.97959995,0.0223333333,0.0123333335,0.0184477661,0.0182068013,0,1.27630997,6,2.5,7.36225986,0,0,0,0,0,13.1383972,-0.489759415,83.6648788,0.767772496,5.92729282,3.97959995,569.660217,63.8154984,3.9447,0.0250000004,50,1,0.119999997,0.550000012,0.0133333337
SL10_rand_6_r0,0,673,1.84000003,1,1.27630997,3.97959995,0.0219999999,0.0120000001,0.0180873666,0.0178205874,0,1.27630997,6,2.5,7.36225986,0,0,0,0,0,13.1383972,-0.489759415,83.6648788,0.767772496,5.92729282,3.97959995,569.660217,63.8154984,3.9447,0.0250000004,50,1,0.119999997,0.550000012,0.0133333337
SL10_rand_6_r0,0,674,1.85333335,1,1.27630997,3.97959995,0.0216666665,0.0116666667,0.0177606307,0.0174061973,0,1.27630997,6,2.5,7.36225986,0,0,0,0,0,13.1383972,-0.489759415,83.6648788,0.767772496,5.92729282,3.97959995,569.660217,63.8154984,3.9447,0.0250000004,50,1,0.119999997,0.550000012,0.0133333337
SL10_rand_6_r0,0,675,1.86666667,1,1.27630997,3.97959995,0.0213333331,0.0113333333,0.0174381845,0.0170487296,0,1.27630997,6,2.5,7.36225986,0,0,0,0,0,13.1383972,-0.489759415,83.6648788,0.767772496,5.92729282,3.97959995,569.660217,63.8154984,3.9447,0.0250000004,50,1,0.119999997,0.550000012,0.0133333337
SL10_rand_6_r0,0,676,1.88,1,1.27630997,3.97959995,0.0209999997,0.0109999999,0.0173688419,0.0166015904,0,1.27630997,6,2.5,7.36225986,0,0,0,0,0,13.1383972,-0.489759415,83.6648788,0.767772496,5.92729282,3.97959995,569.660217,63.8154984,3.9447,0.0250000004,50,1,0.119999997,0.550000012,0.0133333337
SL10_rand_6_r0,0,677,1.89333332,1,1.27630997,3.97959995,0.0206666663,0.0106666666,0.0166630819,0.0159459133,0,1.27630997,6,2.5,7.36225986,0,0,0,0,0,13.1383972,-0.489759415,83.6648788,0.767772496,5.92729282,3.97959995,569.660217,63.8154984,3.9447,0.0250000004,50,1,0.119999997,0.550000012,0.0133333337
SL10_rand_6_r0,0,678,1.90666664,1,1.27630997,3.97959995,0.0203333329,0.0103333332,0.0163014363,0.0156290941,0,1.27630997,6,2.5,7.36225986,0,0,0,0,0,13.1383972,-0.489759415,83.6648788,0.767772496,5.92729282,3.97959995,569.660217,63.8154984,3.9447,0.0250000004,50,1,0.119999997,0.550000012,0.0133333337
SL10_rand_6_r0,0,679,1.91999996,1,1.27630997,3.97959995,0.0199999996,0.00999999978,0.0153795388,0.0151601834,0,1.27630997,6,2.5,7.36225986,0,0,0,0,0,13.1383972,-0.489759415,83.6648788,0.767772496,5.92729282,3.97959995,569.660217,63.8154984,3.9447,0.0250000004,50,1,0.119999997,0.550000012,0.0133333337
SL10_rand_6_r0,0,680,1.93333328,1,1.27630997,3.97959995,0.0196666662,0.00966666639,0.0150586022,0.0148808938,0,1.27630997,6,2.5,7.36225986,0,0,0,0,0,13.1383972,-0.489759415,83.6648788,0.767772496,5.92729282,3.97959995,569.660217,63.8154984,3.9447,0.0250000004,50,1,0.119999997,0.550000012,0.0133333337
SL10_rand_6_r0,0,681,1.94666672,1,1.27630997,3.97959995,0.0193333328,0.009333333,0.0144005064,0.0143902805,0,1.27630997,6,2.5,7.36225986,0,0,0,0,0,13.1383972,-0.489759415,83.6648788,0.767772496,5.92729282,3.97959995,569.660217,63.8154984,3.9447,0.0250000004,50,1,0.119999997,0.550000012,0.0133333337
SL10_rand_6_r0,0,682,1.96000004,1,1.27630997,3.97959995,0.0189999994,0.00899999961,0.0141597008,0.014146449,0,1.27630997,6,2.5,7.36225986,0,0,0,0,0,13.1383972,-0.489759415,83.6648788,0.767772496,5.92729282,3.97959995,569.660217,63.8154984,3.9447,0.0250000004,50,1,0.119999997,0.550000012,0.0133333337
SL10_rand_6_r0,0,683,1.97333336,1,1.27630997,3.97959995,0.018666666,0.00866666622,0.0137770837,0.0136341499,0,1.27630997,6,2.5,7.36225986,0,0,0,0,0,13.1383972,-0.489759415,83.6648788,0.767772496,5.92729282,3.97959995,569.660217,63.8154984,3.9447,0.0250000004,50,1,0.119999997,0.550000012,0.0133333337
SL10_rand_6_r0,0,684,1.98666668,1,1.27630997,3.97959995,0.0183333326,0.00833333377,0.0136586279,0.0134241935,0,1.27630997,6,2.5,7.36225986,0,0,0,0,0,13.1383972,-0.489759415,83.6648788,0.767772496,5.92729282,3.97959995,569.660217,63.8154984,3.9447,0.0250000004,50,1,0.119999997,0.550000012,0.0133333337
SL10_rand_6_r0,0,685,2,2,1.27630997,3.97959995,0.0179999992,0.00800000038,0.0135453576,0.0128922816,0,1.27630997,6,2.5,7.36225986,0,0,0,0,0,18.4698257,0.811929524,87.4435959,0.914691925,173.474213,3.97959995,569.660217,63.8154984,3.9447,0.0250000004,50,1,0.119999997,0.550000012,0.0133333337
SL10_rand_6_r0,0,686,2.01333332,2,1.27630997,3.97959995,0.0176666658,0.00766666653,0.0129737146,0.0125160832,0,1.27630997,6,2.5,7.36225986,0,0,0,0,0,18.4698257,0.811929524,87.4435959,0.914691925,173.474213,3.97959995,569.660217,63.8154984,3.9447,0.0250000004,50,1,0.119999997,0.550000012,0.0133333337
SL10_rand_6_r0,0,687,2.02666664,2,1.27630997,3.97959995,0.0173333324,0.00733333314,0.0129208723,0.0121526644,0,1.27630997,6,2.5,7.36225986,0,0,0,0,0,18.4698257,0.811929524,87.4435959,0.914691925,173.474213,3.97959995,569.660217,63.8154984,3.9447,0.0250000004,50,1,0.119999997,0.550000012,0.0133333337
SL10_rand_6_r0,0,688,2.03999996,2,1.27630997,3.97959995,0.0170000009,0.00700000022,0.0120244576,0.01160035,0,1.27630997,6,2.5,7.36225986,0,0,0,0,0,18.4698257,0.811929524,87.4435959,0.914691925,173.474213,3.97959995,569.660217,63.8154984,3.9447,0.0250000004,50,1,0.119999997,0.550000012,0.0133333337
SL10_rand_6_r0,0,689,2.05333328,2,1.27630997,3.97959995,0.0166666675,0.00666666683,0.011737681,0.0114696864,0,1.27630997,6,2.5,7.36225986,0,0,0,0,0,18.4698257,0.811929524,87.4435959,0.914691925,173.474213,3.97959995,569.660217,63.8154984,3.9447,0.0250000004,50,1,0.119999997,0.550000012,0.0133333337
SL10_rand_6_r0,0,690,2.0666666,2,1.27630997,3.97959995,0.0163333341,0.00633333344,0.0110829975,0.0109040262,0,1.27630997,6,2.5,7.36225986,0,0,0,0,0,18.4698257,0.811929524,87.4435959,0.914691925,173.474213,3.97959995,569.660217,63.8154984,3.9447,0.0250000004,50,1,0.119999997,0.550000012,0.0133333337
SL10_rand_6_r0,0,691,2.07999992,2,1.27630997,3.97959995,0.0160000008,0.00600000005,0.0109506594,0.0107972315,0,1.27630997,6,2.5,7.36225986,0,0,0,0,0,18.4698257,0.811929524,87.4435959,0.914691925,173.474213,3.97959995,569.660217,63.8154984,3.9447,0.0250000004,50,1,0.119999997,0.550000012,0.0133333337
SL10_rand_6_r0,0,692,2.09333324,2,1.27630997,3.97959995,0.0156666674,0.00566666666,0.0105352178,0.0102052717,0,1.27630997,6,2.5,7.36225986,0,0,0,0,0,18.4698257,0.811929524,87.4435959,0.914691925,173.474213,3.97959995,569.660217,63.8154984,3.9447,0.0250000004,50,1,0.119999997,0.550000012,0.0133333337
SL10_rand_6_r0,0,693,2.10666656,2,1.27630997,3.97959995,0.0153333331,0.00533333328,0.0106105879,0.0101135457,0,1.27630997,6,2.5,7.36225986,0,0,0,0,0,18.4698257,0.811929524,87.4435959,0.914691925,173.474213,3.97959995,569.660217,63.8154984,3.9447,0.0250000004,50,1,0.119999997,0.550000012,0.0133333337
SL10_rand_6_r0,0,694,2.11999989,2,1.39666486,3.97959995,0.0149999997,0.00499999989,0.0101962229,0.00961586367,0.000384135958,1.49513698,6,2.5,7.36225986,0,0,0,0,0,18.4698257,0.811929524,87.4435959,0.914691925,173.474213,3.97959995,569.660217,63.8154984,3.9447,0.0250000004,50,1,0.119999997,0.550000012,0.0133333337
SL10_rand_6_r0,0,695,2.13333344,2,1.51212168,3.97959995,0.0146666663,0.0046666665,0.00973616168,0.00942022167,0.000579777872,1.60658634,6,2.5,7.36225986,0,0,0,0,0,18.4698257,0.811929524,87.4435959,0.914691925,173.474213,3.97959995,569.660217,63.8154984,3.9447,0.0250000004,50,1,0.119999997,0.550000012,0.0133333337
SL10_rand_6_r0,0,696,2.14666677,2,1.72364855,3.97959995,0.0143333329,0.00433333311,0.00973874237,0.00891091954,0.00108908059,1.89671588,6,2.5,7.36225986,0,0,0,0,0,18.4698257,0.811929524,87.4435959,0.914691925,173.474213,3.97959995,569.660217,63.8154984,3.9447,0.0250000004,50,1,0.119999997,0.550000012,0.0133333337
SL10_rand_6_r0,0,697,2.16000009,2,1.87877381,3.97959995,0.0140000004,0.00400000019,0.0087377606,0.00871961471,0.0012803853,2.00569463,6,2.5,7.36225986,0,0,0,0,0,18.4698257,0.811929524,87.4435959,0.914691925,173.474213,3.97959995,569.660217,63.8154984,3.9447,0.0250000004,50,1,0.119999997,0.550000012,0.0133333337
SL10_rand_6_r0,0,698,2.17333341,2,1.93414986,3.97959995,0.013666667,0.00366666657,0.00878388528,0.00876567233,0.00123432791,1.9794575,6,2.5,7.36225986,0,0,0,0,0,18.4698257,0.811929524,87.4435959,0.914691925,173.474213,3.97959995,569.660217,63.8154984,3.9447,0.0250000004,50,1,0.119999997,0.550000012,0.0133333337
SL10_rand_6_r0,0,699,2.18666673,2,2.26135135,3.97959995,0.0133333337,0.00333333341,0.00814145803,0.00780087896,0.00219912105,2.52906179,6,2.5,7.36225986,0,0,0,0,0,18.4698257,0.811929524,87.4435959,0.914691925,173.474213,3.97959995,569.660217,63.8154984,3.9447,0.0250000004,50,1,0.119999997,0.550000012,0.0133333337
SL10_rand_6_r0,0,700,2.20000005,2,2.80982304,3.97959995,0.0130000003,0.00300000003,0.00826896261,0.00652027223,0.00347972801,3.25857258,6,2.5,7.36225986,0,1,0,0,0,18.4698257,0.811929524,87.4435959,0.914691925,173.474213,3.97959995,569.660217,63.8154984,3.9447,0.0250000004,50,1,0.119999997,0.550000012,0.0133333337
SL10_rand_6_r0,0,701,2.21333337,2,2.8737061,3.97959995,0.0126666669,0.00266666664,0.00732432399,0.00710412627,0.00289587374,2.92597413,6,2.5,7.36225986,1,1,0,1,0,18.4698257,0.811929524,87.4435959,0.914691925,173.474213,3.97959995,569.660217,63.8154984,3.9447,0.0250000004,50,1,0.119999997,0.550000012,0.0133333337
SL10_rand_6_r0,0,702,2.52890944,2,3.29030275,3.97959995,0.0124196401,0.00241963961,0.00748909218,0.00586622953,0.00413377024,3.63115454,6,2.5,7.36225986,1,1,0,2,0,18.4698257,0.811929524,87.4435959,0.914691925,173.474213,3.97959995,569.660217,63.8154984,3.9447,0.0250000004,50,1,0.119999997,0.550000012,0.0133333337
SL10_rand_6_r0,0,703,2.84448528,2,3.15829158,3.97959995,0.0121503277,0.0021503272,0.00666670082,0.00630580913,0.00369419064,3.05028272,6,2.5,7.36225986,1,1,0,3,0,18.4698257,0.811929524,87.4435959,0.914691925,173.474213,3.97959995,569.660217,63.8154984,3.9447,0.0250000004,50,1,0.119999997,0.550000012,0.0133333337
SL10_rand_6_r0,0,704,3.16006136,3,3.17455292,3.97959995,0.0120000001,0.00200000009,0.00700072106,0.00621409481,0.0037859052,3.18785787,6,2.5,7.36225986,1,1,0,4,0,-3.65364766,-23.3294201,87.9222488,0.995260656,24.7380886,3.97959995,569.660217,63.8154984,3.9447,0.0250000004,50,1,0.119999997,0.550000012,0.0133333337
SL10_rand_6_r0,0,705,3.47563744,3,3.53208971,3.97959995,0.0120000001,0.00200000009,0.00512715802,0.00509090628,0.00490909396,3.82461953,6,2.5,7.36225986,1,1,0,5,0,-3.65364766,-23.3294201,87.9222488,0.995260656,24.7380886,3.97959995,569.660217,63.8154984,3.9447,0.0250000004,50,1,0.119999997,0.550000012,0.0133333337
SL10_rand_6_r0,0,706,3.79121327,3,3.66613126,3.97959995,0.0120000001,0.00200000009,0.00464027794,0.00450816005,0.00549184019,3.77580166,6,2.5,7.36225986,1,1,0,6,0,-3.65364766,-23.3294201,87.9222488,0.995260656,24.7380886,3.97959995,569.660217,63.8154984,3.9447,0.0250000004,50,1,0.119999997,0.550000012,0.0133333337
SL10_rand_6_r0,0,707,4.10678911,4,3.7187624,3.97959995,0.0120000001,0.00200000009,0.00502571464,0.00417102454,0.00582897523,3.76182437,6,2.5,7.36225986,1,1,0,7,0,-3.81118464,-16.983448,65.6603165,1.12322271,6.95603085,3.97959995,569.660217,63.8154984,3.9447,0.0250000004,50,1,0.119999997,0.550000012,0.0133333337
SL10_rand_6_r0,0,708,4.42236519,4,3.91133189,3.97959995,0.0120000001,0.00200000009,0.00460758107,0.0034734502,0.00652654981,4.06888866,6,2.5,7.36225986,1,1,0,8,0,-3.81118464,-16.983448,65.6603165,1.12322271,6.95603085,3.97959995,569.660217,63.8154984,3.9447,0.0250000004,50,1,0.119999997,0.550000012,0.0133333337
SL10_rand_6_r0,0,709,4.73794127,4,4.03886938,3.97959995,0.0120107569,0.00201075687,0.00469188625,0.00295700552,0.00704299426,4.14321852,6,2.5,7.36225986,1,1,0,9,0,-3.81118464,-16.983448,65.6603165,1.12322271,6.95603085,3.97959995,569.660217,63.8154984,3.9447,0.0250000004,50,1,0.119999997,0.550000012,0.0133333337
SL10_rand_6_r0,0,710,5.05351734,5,4.25720501,3.97959995,0.0120896623,0.00208966224,0.00329452683,0.00214087544,0.0078591248,4.43584299,6,2.5,7.36225986,1,1,0,10,0,1.13355386,-1.78667474,58.8444862,1.22748816,1.10503399,3.97959995,569.660217,63.8154984,3.9447,0.0250000004,50,1,0.119999997,0.550000012,0.0133333337
SL10_rand_6_r0,0,711,5.36909342,5,4.58204603,3.97959995,0.0122701591,0.00227015931,0.00184231857,0.000959614816,0.00904038548,4.84782505,6,2.5,7.36225986,1,1,0,11,0,1.13355386,-1.78667474,58.8444862,1.22748816,1.10503399,3.97959995,569.660217,63.8154984,3.9447,0.0250000004,50,1,0.119999997,0.550000012,0.0133333337
SL10_rand_6_r0,0,712,5.68466949,5,4.08863735,3.97959995,0.0123305302,0.0023305302,0.00292570353,0.00231814035,0.00768185966,3.68493962,6,2.5,7.36225986,1,1,0,12,0,1.13355386,-1.78667474,58.8444862,1.22748816,1.10503399,3.97959995,569.660217,63.8154984,3.9447,0.0250000004,50,1,0.119999997,0.550000012,0.0133333337
SL10_rand_6_r0,0,713,6.00024557,6,4.37532234,3.97959995,0.0124505153,0.00245051482,0.00172593188,0.00150188303,0.00849811733,4.60988283,6,2.5,7.36225986,1,1,0,13,0,1.26350236,-1.40701687,57.8641281,1.23222744,1.57652378,3.97959995,569.660217,63.8154984,3.9447,0.0250000004,50,1,0.119999997,0.550000012,0.0133333337
SL10_rand_6_r0,0,714,6.31582117,6,4.57219219,3.97959995,0.0126351211,0.00263512135,0.000893483695,0.000884600158,0.00911539979,4.73326731,6,2.5,7.36225986,1,1,0,14,0,1.26350236,-1.40701687,57.8641281,1.23222744,1.57652378,3.97959995,569.660217,63.8154984,3.9447,0.0250000004,50,1,0.119999997,0.550000012,0.0133333337
SL10_rand_6_r0,0,715,6.63139725,6,4.69410372,3.97959995,0.0128643624,0.00286436221,0.000755383517,0.000343902881,0.00965609681,4.79384947,6,2.5,7.36225986,1,1,0,15,0,1.26350236,-1.40701687,57.8641281,1.23222744,1.57652378,3.97959995,569.660217,63.8154984,3.9447,0.0250000004,50,1,0.119999997,0.550000012,0.0133333337
SL10_rand_6_r0,0,716,6.94697332,6,4.85484791,3.97959995,0.0131456936,0.00314569357,0.00183943985,-0.000294055208,0.0102940556,4.9863658,6,2.5,7.36225986,1,1,0,16,0,1.26350236,-1.40701687,57.8641281,1.23222744,1.57652378,3.97959995,569.660217,63.8154984,3.9447,0.0250000004,50,1,0.119999997,0.550000012,0.0133333337
SL10_rand_6_r0,0,717,7.2625494,7,4.54661083,3.97959995,0.0133500854,0.00335008511,0.00109584955,0.000570493576,0.00942950603,4.2944169,6,2.5,7.36225986,1,1,0,17,0,2.34648943,-1.63260889,59.4368935,1.21800947,6.18130064,3.97959995,569.660217,63.8154984,3.9447,0.0250000004,50,1,0.119999997,0.550000012,0.0133333337
SL10_rand_6_r0,0,718,7.57812548,7,5.10383701,3.97959995,0.0136834187,0.00368341827,0.00251399609,-0.00113356765,0.0111335674,5.5597496,6,2.5,7.36225986,1,1,0,18,0,2.34648943,-1.63260889,59.4368935,1.21800947,6.18130064,3.97959995,569.660217,63.8154984,3.9447,0.0250000004,50,1,0.119999997,0.550000012,0.0133333337
SL10_rand_6_r0,0,719,7.89370155,7,4.7305603,3.97959995,0.0139475744,0.00394757418,0.00247030472,-8.53153233e-06,0.0100085316,4.4251523,6,2.5,7.36225986,1,1,0,19,0,2.34648943,-1.63260889,59.4368935,1.21800947,6.18130064,3.97959995,569.660217,63.8154984,3.9447,0.0250000004,50,1,0.119999997,0.550000012,0.0133333337
SL10_rand_6_r0,0,720,8.20927715,8,5.30763054,3.97959995,0.0142809069,0.0042809071,0.00221139099,-0.00192151475,0.0119215148,5.77977896,6,2.5,7.36225986,1,1,0,20,0,0.316767633,-10.9749441,53.9134789,1.14691949,13.7663031,3.97959995,569.660217,63.8154984,3.9447,0.0250000004,50,1,0.119999997,0.550000012,0.0133333337
SL10_rand_6_r0,0,721,8.52485371,8,4.79622412,3.97959995,0.0145633025,0.00456330273,0.000755704939,7.45907164e-05,0.00992540922,4.37780046,6,2.5,7.36225986,1,1,0,21,0,0.316767633,-10.9749441,53.9134789,1.14691949,13.7663031,3.97959995,569.660217,63.8154984,3.9447,0.0250000004,50,1,0.119999997,0.550000012,0.0133333337
SL10_rand_6_r0,0,722,8.84042931,8,4.90614176,3.97959995,0.0148677416,0.00486774184,0.00254759309,-0.000668373192,0.0106683727,4.99607468,6,2.5,7.36225986,1,1,0,22,0,0.316767633,-10.9749441,53.9134789,1.14691949,13.7663031,3.97959995,569.660217,63.8154984,3.9447,0.0250000004,50,1,0.119999997,0.550000012,0.0133333337
SL10_rand_6_r0,0,723,9.15600491,9,4.2317152,3.97959995,0.0149885137,0.00498851342,0.00165312004,0.00149390113,0.00850609876,3.67991161,6,2.5,7.36225986,1,1,0,23,0,1.20179272,-4.0218668,40.8442001,1.0663507,8.59205151,3.97959995,569.660217,63.8154984,3.9447,0.0250000004,50,1,0.119999997,0.550000012,0.0133333337
SL10_rand_6_r0,0,724,9.47158146,9,4.88933277,3.97959995,0.0152613455,0.00526134577,0.00270651397,-0.000339164573,0.0103391642,5.4273839,6,2.5,7.36225986,1,1,0,24,0,1.20179272,-4.0218668,40.8442001,1.0663507,8.59205151,3.97959995,569.660217,63.8154984,3.9447,0.0250000004,50,1,0.119999997,0.550000012,0.0133333337
SL10_rand_6_r0,0,725,9.78715706,9,4.5954752,3.97959995,0.0154778939,0.0054778941,0.0026345537,0.000521188194,0.00947881211,4.35504627,6,2.5,7.36225986,1,1,0,25,0,1.20179272,-4.0218668,40.8442001,1.0663507,8.59205151,3.97959995,569.660217,63.8154984,3.9447,0.0250000004,50,1,0.119999997,0.550000012,0.0133333337
SL10_rand_6_r0,0,726,10.1027336,10,5.19934559,3.97959995,0.0158112273,0.00581122749,0.00196376164,-0.00144993176,0.0114499321,5.69342136,6,2.5,7.36225986,1,1,0,26,0,2.69367409,-11.3445082,48.7435951,1.16113746,9.20377827,3.97959995,569.660217,63.8154984,3.9447,0.0250000004,50,1,0.119999997,0.550000012,0.0133333337
SL10_rand_6_r0,0,727,10.4183092,10,5.10949087,3.97959995,0.0161445606,0.00614456087,0.00157047925,-0.00108078727,0.0110807875,5.03597355,6,2.5,7.36225986,1,1,0,27,0,2.69367409,-11.3445082,48.7435951,1.16113746,9.20377827,3.97959995,569.660217,63.8154984,3.9447,0.0250000004,50,1,0.119999997,0.550000012,0.0133333337
SL10_rand_6_r0,0,728,10.7338858,10,4.46106577,3.97959995,0.0163338576,0.00633385684,0.00159830844,0.00085973274,0.00914026704,3.93053651,6,2.5,7.36225986,1,1,0,28,0,2.69367409,-11.3445082,48.7435951,1.16113746,9.20377827,3.97959995,569.660217,63.8154984,3.9447,0.0250000004,50,1,0.119999997,0.550000012,0.0133333337
SL10_rand_6_r0,0,729,11.0494614,11,5.03810406,3.97959995,0.0166594349,0.00665943511,0.00161638716,-0.000945170061,0.0109451702,5.51022625,6,2.5,7.36225986,1,1,0,29,0,3.48283124,-3.86898947,57.6459999,1.2037915,1.27542484,3.97959995,569.660217,63.8154984,3.9447,0.0250000004,50,1,0.119999997,0.550000012,0.0133333337
SL10_rand_6_r0,0,730,11.365037,11,4.58066511,3.97959995,0.0168806612,0.00688066054,0.0025720892,0.000427604275,0.00957239605,4.20639658,6,2.5,7.36225986,1,1,0,30,0,3.48283124,-3.86898947,57.6459999,1.2037915,1.27542484,3.97959995,569.660217,63.8154984,3.9447,0.0250000004,50,1,0.119999997,0.550000012,0.0133333337
SL10_rand_6_r0,0,731,11.6806135,11,5.13562536,3.97959995,0.0172139946,0.00721399393,0.00219028955,-0.00129926461,0.0112992646,5.58968449,6,2.5,7.36225986,1,1,0,31,0,3.48283124,-3.86898947,57.6459999,1.2037915,1.27542484,3.97959995,569.660217,63.8154984,3.9447,0.0250000004,50,1,0.119999997,0.550000012,0.0133333337
SL10_rand_6_r0,0,732,11.9961891,11,4.71461105,3.97959995,0.01747372,0.00747371931,0.000520959962,8.8030698e-05,0.0099119693,4.37014437,6,2.5,7.36225986,1,1,0,32,0,3.48283124,-3.86898947,57.6459999,1.2037915,1.27542484,3.97959995,569.660217,63.8154984,3.9447,0.0250000004,50,1,0.119999997,0.550000012,0.0133333337
SL10_rand_6_r0,0,733,12.3117657,12,4.31985855,3.97959995,0.0176115222,0.00761152292,0.00124893885,0.00123802444,0.00876197591,3.99687886,6,2.5,7.36225986,1,1,0,33,0,-2.40574479,-2.71427274,58.6620789,1.2037915,14.5668097,3.97959995,569.660217,63.8154984,3.9447,0.0250000004,50,1,0.119999997,0.550000012,0.0133333337
SL10_rand_6_r0,0,734,12.6273413,12,4.85792828,3.97959995,0.0178784709,0.00787847023,0.00313348463,-0.000226813267,0.0102268131,5.29816771,6,2.5,7.36225986,1,1,0,34,0,-2.40574479,-2.71427274,58.6620789,1.2037915,14.5668097,3.97959995,569.660217,63.8154984,3.9447,0.0250000004,50,1,0.119999997,0.550000012,0.0133333337
SL10_rand_6_r0,0,735,12.9429169,12,5.27119446,3.97959995,0.0182118043,0.00821180362,0.00332859601,-0.00164105254,0.0116410526,5.60932159,6,2.5,7.36225986,1,1,0,35,0,-2.40574479,-2.71427274,58.6620789,1.2037915,14.5668097,3.97959995,569.660217,63.8154984,3.9447,0.0250000004,50,1,0.119999997,0.550000012,0.0133333337
SL10_rand_6_r0,0,736,13.2584934,13,5.0508914,3.97959995,0.0185451377,0.00854513701,0.00175174139,-0.000790561142,0.0107905613,4.87064314,6,2.5,7.36225986,1,1,0,36,0,-0.928586662,-31.531992,71.3556137,0.990521312,154.119919,3.97959995,569.660217,63.8154984,3.9447,0.0250000004,50,1,0.119999997,0.550000012,0.0133333337
SL10_rand_6_r0,0,737,13.574069,13,5.27418709,3.97959995,0.0188784711,0.0088784704,0.00504949642,-0.00181966648,0.0118196663,5.45688343,6,2.5,7.36225986,1,1,0,37,0,-0.928586662,-31.531992,71.3556137,0.990521312,154.119919,3.97959995,569.660217,63.8154984,3.9447,0.0250000004,50,1,0.119999997,0.550000012,0.0133333337
SL10_rand_6_r0,0,738,13.8896456,13,5.6319747,3.97959995,0.0192118045,0.00921180379,0.00443707779,-0.00264090393,0.0126409037,5.9247098,6,2.5,7.36225986,1,1,0,38,0,-0.928586662,-31.531992,71.3556137,0.990521312,154.119919,3.97959995,569.660217,63.8154984,3.9447,0.0250000004,50,1,0.119999997,0.550000012,0.0133333337
SL10_rand_6_r0,0,739,14.2052212,14,5.83438873,3.97959995,0.0195451379,0.00954513717,0.00397682982,-0.00372665119,0.0137266507,6,6,2.5,7.36225986,1,1,0,39,0,24.4142971,0.144247308,86.1407471,0.654028416,11.019763,3.97959995,569.660217,63.8154984,3.9447,0.0250000004,50,1,0.119999997,0.550000012,0.0133333337
SL10_rand_6_r0,0,740,14.5207977,14,4.85788918,3.97959995,0.0198446624,0.00984466169,0.00387088489,0.000634337892,0.009365662,4.05893517,6,2.5,7.36225986,1,1,0,40,0,24.4142971,0.144247308,86.1407471,0.654028416,11.019763,3.97959995,569.660217,63.8154984,3.9447,0.0250000004,50,1,0.119999997,0.550000012,0.0133333337
SL10_rand_6_r0,0,741,14.8363733,14,5.41097021,3.97959995,0.0201779958,0.0101779951,0.00246536522,-0.00230619637,0.0123061966,5.86349106,6,2.5,7.36225986,1,1,0,41,0,24.4142971,0.144247308,86.1407471,0.654028416,11.019763,3.97959995,569.660217,63.8154984,3.9447,0.0250000004,50,1,0.119999997,0.550000012,0.0133333337
SL10_rand_6_r0,0,742,15.1519489,15,5.73493671,3.97959995,0.0205113292,0.0105113285,0.0052222698,-0.00408516731,0.0140851671,6,6,2.5,7.36225986,1,1,0,42,0,19.3082867,-0.868372142,77.8439789,0.60189575,10.5722237,3.97959995,569.660217,63.8154984,3.9447,0.0250000004,50,1,0.119999997,0.550000012,0.0133333337
SL10_rand_6_r0,0,743,15.1652822,15,5.88072157,3.97959995,0.0208446626,0.0108446619,0.00820331182,-0.00588754751,0.0158875473,6,6,2.5,7.36225986,0,1,0,0,0,19.3082867,-0.868372142,77.8439789,0.60189575,10.5722237,3.97959995,569.660217,63.8154984,3.9447,0.0250000004,50,1,0.119999997,0.550000012,0.0133333337
SL10_rand_6_r0,0,744,15.1786156,15,5.94632483,3.97959995,0.0211779959,0.0111779952,0.00916803535,-0.00680987071,0.0168098714,6,6,2.5,7.36225986,0,1,0,0,0,19.3082867,-0.868372142,77.8439789,0.60189575,10.5722237,3.97959995,569.660217,63.8154984,3.9447,0.0250000004,50,1,0.119999997,0.550000012,0.0133333337
SL10_rand_6_r0,0,745,15.1919489,15,3.36423969,3.97959995,0.0210626181,0.0110626174,0.00642991252,0.00556238135,0.00443761842,1.2516247,6,2.5,7.36225986,0,1,0,0,0,19.3082867,-0.868372142,77.8439789,0.60189575,10.5722237,3.97959995,569.660217,63.8154984,3.9447,0.0250000004,50,1,0.119999997,0.550000012,0.0133333337
SL10_rand_6_r0,0,746,15.2052822,15,4.81390762,3.97959995,0.0212751403,0.0112751396,0.00625493377,-0.00496139051,0.0149613908,6,6,2.5,7.36225986,1,1,0,1,0,19.3082867,-0.868372142,77.8439789,0.60189575,10.5722237,3.97959995,569.660217,63.8154984,3.9447,0.0250000004,50,1,0.119999997,0.550000012,0.0133333337
SL10_rand_6_r0,0,747,15.2186155,15,5.46625853,3.97959995,0.0216084737,0.011608473,0.00805993844,-0.00779772457,0.0177977253,6,6,2.5,7.36225986,0,1,0,0,0,19.3082867,-0.868372142,77.8439789,0.60189575,10.5722237,3.97959995,569.660217,63.8154984,3.9447,0.0250000004,50,1,0.119999997,0.550000012,0.0133333337
SL10_rand_6_r0,0,748,15.2319498,15,5.62163448,3.97959995,0.0219418071,0.0119418064,0.00320138363,-0.00233203568,0.0123320352,5.74875975,6,2.5,7.36225986,1,1,0,1,0,19.3082867,-0.868372142,77.8439789,0.60189575,10.5722237,3.97959995,569.660217,63.8154984,3.9447,0.0250000004,50,1,0.119999997,0.550000012,0.0133333337
SL10_rand_6_r0,0,749,15.5475254,15,5.82973528,3.97959995,0.0222751405,0.0122751398,0.00561102247,-0.00535431318,0.015354313,6,6,2.5,7.36225986,1,1,0,2,0,19.3082867,-0.868372142,77.8439789,0.60189575,10.5722237,3.97959995,569.660217,63.8154984,3.9447,0.0250000004,50,1,0.119999997,0.550000012,0.0133333337
SL10_rand_6_r0,0,750,15.863101,15,5.16851616,3.97959995,0.0226084739,0.0126084732,0.00285308971,-0.000363771658,0.0103637716,4.62751818,6,2.5,7.36225986,1,1,0,3,0,19.3082867,-0.868372142,77.8439789,0.60189575,10.5722237,3.97959995,569.660217,63.8154984,3.9447,0.0250000004,50,1,0.119999997,0.550000012,0.0133333337
SL10_rand_6_r0,0,751,16.1786766,16,4.97987127,3.97959995,0.0229418073,0.0129418066,0.0014428118,-0.000711360772,0.0107113607,4.82552576,6,2.5,7.36225986,1,1,0,4,0,20.8801022,1.04713452,86.3852921,0.60189575,166.869217,3.97959995,569.660217,63.8154984,3.9447,0.0250000004,50,1,0.119999997,0.550000012,0.0133333337
SL10_rand_6_r0,0,752,16.4942532,16,5.4260869,3.97959995,0.0232751407,0.01327514,0.00263436628,-0.00240648771,0.0124064879,5.7911725,6,2.5,7.36225986,1,1,0,5,0,20.8801022,1.04713452,86.3852921,0.60189575,166.869217,3.97959995,569.660217,63.8154984,3.9447,0.0250000004,50,1,0.119999997,0.550000012,0.0133333337
SL10_rand_6_r0,0,753,16.8098297,16,4.86151838,3.97959995,0.0235756729,0.0135756731,0.00228478084,3.63262698e-05,0.00996367354,4.3995986,6,2.5,7.36225986,1,1,0,6,0,20.8801022,1.04713452,86.3852921,0.60189575,166.869217,3.97959995,569.660217,63.8154984,3.9447,0.0250000004,50,1,0.119999997,0.550000012,0.0133333337
SL10_rand_6_r0,0,754,17.1254063,17,3.92412281,3.97959995,0.0236103516,0.0136103509,0.0039400449,0.00243780436,0.00756219588,3.15716267,6,2.5,7.36225986,1,1,0,7,0,1.98589206,-23.3718815,81.8284912,0.895734608,8.95183182,3.97959995,569.660217,63.8154984,3.9447,0.0250000004,50,1,0.119999997,0.550000012,0.0133333337
SL10_rand_6_r0,0,755,17.4409809,17,5.06585503,3.97959995,0.0239178687,0.013917868,0.00325105875,-0.00164676632,0.0116467662,6,6,2.5,7.36225986,1,1,0,8,0,1.98589206,-23.3718815,81.8284912,0.895734608,8.95183182,3.97959995,569.660217,63.8154984,3.9447,0.0250000004,50,1,0.119999997,0.550000012,0.0133333337
SL10_rand_6_r0,0,756,17.7565575,17,4.74146986,3.97959995,0.0241807513,0.0141807515,0.0017116121,7.56170921e-05,0.0099243829,4.47606373,6,2.5,7.36225986,1,1,0,9,0,1.98589206,-23.3718815,81.8284912,0.895734608,8.95183182,3.97959995,569.660217,63.8154984,3.9447,0.0250000004,50,1,0.119999997,0.550000012,0.0133333337
SL10_rand_6_r0,0,757,18.072134,18,4.71980476,3.97959995,0.0244301781,0.0144301783,0.00169660826,-2.11330607e-05,0.0100211333,4.70207834,6,2.5,7.36225986,1,1,0,10,0,-3.97537208,-36.8152275,73.3031464,0.933649302,31.3977966,3.97959995,569.660217,63.8154984,3.9447,0.0250000004,50,1,0.119999997,0.550000012,0.0133333337
SL10_rand_6_r0,0,758,18.3877087,18,4.87397623,3.97959995,0.0247201864,0.0147201875,0.00236931886,-0.000453868153,0.0104538677,5.00011683,6,2.5,7.36225986,1,1,0,11,0,-3.97537208,-36.8152275,73.3031464,0.933649302,31.3977966,3.97959995,569.660217,63.8154984,3.9447,0.0250000004,50,1,0.119999997,0.550000012,0.0133333337
SL10_rand_6_r0,0,759,18.7032852,18,5.24116039,3.97959995,0.0250535198,0.01505352,0.00222841604,-0.00167714932,0.0116771497,5.54158354,6,2.5,7.36225986,1,1,0,12,0,-3.97537208,-36.8152275,73.3031464,0.933649302,31.3977966,3.97959995,569.660217,63.8154984,3.9447,0.0250000004,50,1,0.119999997,0.550000012,0.0133333337
SL10_rand_6_r0,0,760,19.0188618,19,4.70399141,3.97959995,0.0253102966,0.0153102959,0.00154649536,0.000273500598,0.00972649921,4.26448965,6,2.5,7.36225986,1,1,0,13,0,1.89443815,-9.62076473,42.5942802,1.14218009,2.76451516,3.97959995,569.660217,63.8154984,3.9447,0.0250000004,50,1,0.119999997,0.550000012,0.0133333337
SL10_rand_6_r0,0,761,19.3344364,19,4.36575842,3.97959995,0.0254603587,0.015460358,0.00167966937,0.00109609973,0.00890390016,4.08902264,6,2.5,7.36225986,1,1,0,14,0,1.89443815,-9.62076473,42.5942802,1.14218009,2.76451516,3.97959995,569.660217,63.8154984,3.9447,0.0250000004,50,1,0.119999997,0.550000012,0.0133333337
SL10_rand_6_r0,0,762,19.650013,19,4.13279629,3.97959995,0.0255279224,0.0155279227,0.00281731528,0.00207111915,0.00792888086,3.94219041,6,2.5,7.36225986,1,1,0,15,0,1.89443815,-9.62076473,42.5942802,1.14218009,2.76451516,3.97959995,569.660217,63.8154984,3.9447,0.0250000004,50,1,0.119999997,0.550000012,0.0133333337
SL10_rand_6_r0,0,763,19.9655895,19,4.2228446,3.97959995,0.0256067514,0.0156067517,0.00294430694,0.00200361595,0.00799638405,4.29652071,6,2.5,7.36225986,1,1,0,16,0,1.89443815,-9.62076473,42.5942802,1.14218009,2.76451516,3.97959995,569.660217,63.8154984,3.9447,0.0250000004,50,1,0.119999997,0.550000012,0.0133333337
SL10_rand_6_r0,0,764,20.2811661,20,4.36654234,3.97959995,0.0257273745,0.0157273728,0.00307276472,0.00159860065,0.00840139948,4.48411322,6,2.5,7.36225986,1,1,0,17,0,2.0142858,-0.0122664524,43.2278633,1.09004736,1.87571681,3.97959995,569.660217,63.8154984,3.9447,0.0250000004,50,1,0.119999997,0.550000012,0.0133333337
SL10_rand_6_r0,0,765,20.5967407,20,4.51092196,3.97959995,0.0258950666,0.0158950668,0.00112217339,0.0010632606,0.00893673953,4.62905121,6,2.5,7.36225986,1,1,0,18,0,2.0142858,-0.0122664524,43.2278633,1.09004736,1.87571681,3.97959995,569.660217,63.8154984,3.9447,0.0250000004,50,1,0.119999997,0.550000012,0.0133333337
SL10_rand_6_r0,0,766,20.9123173,20,5.01745558,3.97959995,0.0262113083,0.0162113085,0.00129697146,-0.000662456674,0.010662457,5.43189192,6,2.5,7.36225986,1,1,0,19,0,2.0142858,-0.0122664524,43.2278633,1.09004736,1.87571681,3.97959995,569.660217,63.8154984,3.9447,0.0250000004,50,1,0.119999997,0.550000012,0.0133333337
SL10_rand_6_r0,0,767,21.2278938,21,4.71204948,3.97959995,0.0264674742,0.0164674744,0.00221154862,4.13606576e-05,0.00995863974,4.46217203,6,2.5,7.36225986,1,1,0,20,0,0.320390671,-11.2252455,41.7068024,0.985781968,2.10560799,3.97959995,569.660217,63.8154984,3.9447,0.0250000004,50,1,0.119999997,0.550000012,0.0133333337
SL10_rand_6_r0,0,768,21.5434685,21,4.04578352,3.97959995,0.0265285522,0.0165285524,0.00394902844,0.00213303789,0.00786696188,3.5006566,6,2.5,7.36225986,1,1,0,21,0,0.320390671,-11.2252455,41.7068024,0.985781968,2.10560799,3.97959995,569.660217,63.8154984,3.9447,0.0250000004,50,1,0.119999997,0.550000012,0.0133333337
SL10_rand_6_r0,0,769,21.859045,21,4.30906582,3.97959995,0.0266302507,0.016630251,0.00182909821,0.0016470484,0.00835295208,4.52447891,6,2.5,7.36225986,1,1,0,22,0,0.320390671,-11.2252455,41.7068024,0.985781968,2.10560799,3.97959995,569.660217,63.8154984,3.9447,0.0250000004,50,1,0.119999997,0.550000012,0.0133333337
SL10_rand_6_r0,0,770,22.1746216,22,4.53502655,3.97959995,0.0268014856,0.0168014858,0.00462066801,0.00103097258,0.00896902755,4.71990347,6,2.5,7.36225986,1,1,0,23,0,1.46275544,-0.488546431,43.7482834,1.0663507,3.75609159,3.97959995,569.660217,63.8154984,3.9447,0.0250000004,50,1,0.119999997,0.550000012,0.0133333337
SL10_rand_6_r0,0,771,22.4901981,22,4.17301083,3.97959995,0.0268837493,0.0168837495,0.00370028685,0.00204356899,0.00795643125,3.87681603,6,2.5,7.36225986,1,1,0,24,0,1.46275544,-0.488546431,43.7482834,1.0663507,3.75609159,3.97959995,569.660217,63.8154984,3.9447,0.0250000004,50,1,0.119999997,0.550000012,0.0133333337
SL10_rand_6_r0,0,772,22.8057728,22,4.386549,3.97959995,0.0270105023,0.0170105025,0.00291558192,0.00144007837,0.00855992176,4.56126213,6,2.5,7.36225986,1,1,0,25,0,1.46275544,-0.488546431,43.7482834,1.0663507,3.75609159,3.97959995,569.660217,63.8154984,3.9447,0.0250000004,50,1,0.119999997,0.550000012,0.0133333337
SL10_rand_6_r0,0,773,23.1213493,23,4.79002047,3.97959995,0.027256744,0.0172567442,0.00187314255,0.000159996169,0.00984000415,5.1201334,6,2.5,7.36225986,1,1,0,26,0,1.59284139,-5.89933968,40.0706902,1.10900474,46.1646919,3.97959995,569.660217,63.8154984,3.9447,0.0250000004,50,1,0.119999997,0.550000012,0.0133333337
SL10_rand_6_r0,0,774,23.4369259,23,4.73028755,3.97959995,0.0275063086,0.0175063089,0.00202488177,0.000126992411,0.00987300742,4.68141556,6,2.5,7.36225986,1,1,0,27,0,1.59284139,-5.89933968,40.0706902,1.10900474,46.1646919,3.97959995,569.660217,63.8154984,3.9447,0.0250000004,50,1,0.119999997,0.550000012,0.0133333337
SL10_rand_6_r0,0,775,23.7525005,23,4.8594408,3.97959995,0.0277923029,0.0177923031,0.00197207718,-0.0003933486,0.0103933485,4.96511126,6,2.5,7.36225986,1,1,0,28,0,1.59284139,-5.89933968,40.0706902,1.10900474,46.1646919,3.97959995,569.660217,63.8154984,3.9447,0.0250000004,50,1,0.119999997,0.550000012,0.0133333337
SL10_rand_6_r0,0,776,24.0680771,24,3.93323231,3.97959995,0.0278270897,0.017827088,0.00274860766,0.0025034647,0.00749653531,3.17542553,6,2.5,7.36225986,1,1,0,29,0,0.868124187,-31.5513191,84.1320572,0.848341227,167.082352,3.97959995,569.660217,63.8154984,3.9447,0.0250000004,50,1,0.119999997,0.550000012,0.0133333337
SL10_rand_6_r0,0,777,24.3836536,24,4.47932577,3.97959995,0.0279716998,0.0179716982,0.00159692322,0.00111870281,0.00888129696,4.92612886,6,2.5,7.36225986,1,1,0,30,0,0.868124187,-31.5513191,84.1320572,0.848341227,167.082352,3.97959995,569.660217,63.8154984,3.9447,0.0250000004,50,1,0.119999997,0.550000012,0.0133333337
SL10_rand_6_r0,0,778,24.6992302,24,4.91795874,3.97959995,0.0282564554,0.0182564557,0.00114172453,-0.000235124287,0.0102351243,5.27684021,6,2.5,7.36225986,1,1,0,31,0,0.868124187,-31.5513191,84.1320572,0.848341227,167.082352,3.97959995,569.660217,63.8154984,3.9447,0.0250000004,50,1,0.119999997,0.550000012,0.0133333337
SL10_rand_6_r0,0,779,25.0148048,25,4.84621572,3.97959995,0.028544642,0.0185446423,0.00251810672,-0.000318135484,0.0103181358,4.78751707,6,2.5,7.36225986,1,1,0,32,0,24.7195206,-0.358490735,83.1717682,0.663507104,173.03302,3.97959995,569.660217,63.8154984,3.9447,0.0250000004,50,1,0.119999997,0.550000012,0.0133333337
SL10_rand_6_r0,0,780,25.3303814,25,5.19181967,3.97959995,0.0288779754,0.0188779756,0.00399867166,-0.00154728873,0.0115472889,5.47458649,6,2.5,7.36225986,1,1,0,33,0,24.7195206,-0.358490735,83.1717682,0.663507104,173.03302,3.97959995,569.660217,63.8154984,3.9447,0.0250000004,50,1,0.119999997,0.550000012,0.0133333337
SL10_rand_6_r0,0,781,25.6459579,25,4.05454636,3.97959995,0.0289543495,0.0189543497,0.0035906285,0.00227546459,0.00772453519,3.12405038,6,2.5,7.36225986,1,1,0,34,0,24.7195206,-0.358490735,83.1717682,0.663507104,173.03302,3.97959995,569.660217,63.8154984,3.9447,0.0250000004,50,1,0.119999997,0.550000012,0.0133333337
SL10_rand_6_r0,0,782,25.9615326,25,4.76965284,3.97959995,0.0291865375,0.0191865377,0.00176508632,8.67729614e-05,0.00991322659,5.35474014,6,2.5,7.36225986,1,1,0,35,0,24.7195206,-0.358490735,83.1717682,0.663507104,173.03302,3.97959995,569.660217,63.8154984,3.9447,0.0250000004,50,1,0.119999997,0.550000012,0.0133333337
SL10_rand_6_r0,0,783,26.2771091,26,5.16557169,3.97959995,0.0295198709,0.0195198711,0.00154329324,-0.00119709189,0.011197092,5.48950529,6,2.5,7.36225986,1,1,0,36,0,0.135641888,-8.75061417,89.9179688,0.639810443,10.9675808,3.97959995,569.660217,63.8154984,3.9447,0.0250000004,50,1,0.119999997,0.550000012,0.0133333337
SL10_rand_6_r0,0,784,26.5926857,26,4.85517883,3.97959995,0.0298186429,0.0198186431,0.00352911651,-0.000317607977,0.0103176078,4.60122061,6,2.5,7.36225986,1,1,0,37,0,0.135641888,-8.75061417,89.9179688,0.639810443,10.9675808,3.97959995,569.660217,63.8154984,3.9447,0.0250000004,50,1,0.119999997,0.550000012,0.0133333337
SL10_rand_6_r0,0,785,26.9082623,26,4.34666872,3.97959995,0.0299704019,0.0199704021,0.0025885147,0.00109189737,0.00890810229,3.93061495,6,2.5,7.36225986,1,1,0,38,0,0.135641888,-8.75061417,89.9179688,0.639810443,10.9675808,3.97959995,569.660217,63.8154984,3.9447,0.0250000004,50,1,0.119999997,0.550000012,0.0133333337
SL10_rand_6_r0,0,786,27.2238369,27,4.45608425,3.97959995,0.0301280506,0.0201280508,0.00122250314,0.00100045954,0.00899954047,4.54560614,6,2.5,7.36225986,1,1,0,39,0,0.509896696,-25.3991909,78.9591827,0.895734608,23.7948132,3.97959995,569.660217,63.8154984,3.9447,0.0250000004,50,1,0.119999997,0.550000012,0.0133333337
SL10_rand_6_r0,0,787,27.5394135,27,4.61473417,3.97959995,0.030330753,0.0203307532,0.00329868146,0.000611650641,0.00938834902,4.74453878,6,2.5,7.36225986,1,1,0,40,0,0.509896696,-25.3991909,78.9591827,0.895734608,23.7948132,3.97959995,569.660217,63.8154984,3.9447,0.0250000004,50,1,0.119999997,0.550000012,0.0133333337
SL10_rand_6_r0,0,788,27.85499,27,4.8550539,3.97959995,0.0306077171,0.0206077173,0.000697467709,-0.000230323116,0.0102303233,5.05167961,6,2.5,7.36225986,1,1,0,41,0,0.509896696,-25.3991909,78.9591827,0.895734608,23.7948132,3.97959995,569.660217,63.8154984,3.9447,0.0250000004,50,1,0.119999997,0.550000012,0.0133333337
SL10_rand_6_r0,0,789,28.1705647,28,5.13312912,3.97959995,0.0309410505,0.0209410507,0.00172547554,-0.00127185148,0.0112718511,5.36064482,6,2.5,7.36225986,1,1,0,42,0,-6.33554077,-21.8945103,55.3362579,1.02369666,11.6848831,3.97959995,569.660217,63.8154984,3.9447,0.0250000004,50,1,0.119999997,0.550000012,0.0133333337
SL10_rand_6_r0,0,790,28.4861412,28,4.7343936,3.97959995,0.0312062707,0.0212062709,0.00297593721,2.13051644e-05,0.00997869484,4.40815544,6,2.5,7.36225986,1,1,0,43,0,-6.33554077,-21.8945103,55.3362579,1.02369666,11.6848831,3.97959995,569.660217,63.8154984,3.9447,0.0250000004,50,1,0.119999997,0.550000012,0.0133333337
SL10_rand_6_r0,0,791,28.8017178,28,4.03162146,3.97959995,0.0312649235,0.0212649256,0.00260791043,0.00214946666,0.00785053335,3.45662618,6,2.5,7.36225986,1,1,0,44,0,-6.33554077,-21.8945103,55.3362579,1.02369666,11.6848831,3.97959995,569.660217,63.8154984,3.9447,0.0250000004,50,1,0.119999997,0.550000012,0.0133333337
SL10_rand_6_r0,0,792,29.1172924,29,4.34447432,3.97959995,0.0313760564,0.0213760547,0.00496260636,0.00152999302,0.00847000722,4.60044479,6,2.5,7.36225986,1,1,0,45,0,0.308436811,-5.76859713,45.9465408,1.08056867,4.3530221,3.97959995,569.660217,63.8154984,3.9447,0.0250000004,50,1,0.119999997,0.550000012,0.0133333337
SL10_rand_6_r0,0,793,29.432869,29,3.27779174,3.97959995,0.0311996303,0.0211996306,0.00653447211,0.00503114518,0.00496885506,2.40505147,6,2.5,7.36225986,1,1,0,46,0,0.308436811,-5.76859713,45.9465408,1.08056867,4.3530221,3.97959995,569.660217,63.8154984,3.9447,0.0250000004,50,1,0.119999997,0.550000012,0.0133333337
SL10_rand_6_r0,0,794,29.7484455,29,2.58748484,3.97959995,0.030866297,0.0208662972,0.00784321316,0.00763513613,0.00236486387,2.02268839,6,2.5,7.36225986,1,1,0,47,0,0.308436811,-5.76859713,45.9465408,1.08056867,4.3530221,3.97959995,569.660217,63.8154984,3.9447,0.0250000004,50,1,0.119999997,0.550000012,0.0133333337
SL10_rand_6_r0,0,795,30.0640221,30,3.20504332,3.97959995,0.0305955857,0.0205955859,0.00651015993,0.0057272627,0.00427273707,3.71031833,6,2.5,7.36225986,1,1,0,48,0,-1.48723137,-11.989543,42.8273201,1,4.3530221,3.97959995,569.660217,63.8154984,3.9447,0.0250000004,50,1,0.119999997,0.550000012,0.0133333337
SL10_rand_6_r0,0,796,30.0773544,30,2.8334341,3.97959995,0.0302622523,0.0202622525,0.00913339946,0.00737938564,0.0026206146,2.5293901,6,2.5,7.36225986,0,1,0,0,0,-1.48723137,-11.989543,42.8273201,1,4.3530221,3.97959995,569.660217,63.8154984,3.9447,0.0250000004,50,1,0.119999997,0.550000012,0.0133333337
SL10_rand_6_r0,0,797,30.0906887,30,2.58563304,3.97959995,0.0299289189,0.0199289192,0.00881424639,0.00805747975,0.0019425205,2.38288665,6,2.5,7.36225986,0,1,0,0,0,-1.48723137,-11.989543,42.8273201,1,4.3530221,3.97959995,569.660217,63.8154984,3.9447,0.0250000004,50,1,0.119999997,0.550000012,0.0133333337
SL10_rand_6_r0,0,798,30.1040211,30,2.49546671,3.97959995,0.0295955855,0.0195955858,0.00868097693,0.00798935536,0.00201064488,2.42169428,6,2.5,7.36225986,0,0,0,0,0,-1.48723137,-11.989543,42.8273201,1,4.3530221,3.97959995,569.660217,63.8154984,3.9447,0.0250000004,50,1,0.119999997,0.550000012,0.0133333337
SL10_rand_6_r0,0,799,30.1173553,30,2.71167493,3.97959995,0.0292622522,0.0192622524,0.00952942763,0.00716978172,0.00283021829,2.88857269,6,2.5,7.36225986,0,1,0,0,0,-1.48723137,-11.989543,42.8273201,1,4.3530221,3.97959995,569.660217,63.8154984,3.9447,0.0250000004,50,1,0.119999997,0.550000012,0.0133333337
SL10_rand_6_r0,0,800,30.1306877,30,2.97524977,3.97959995,0.0289289188,0.018928919,0.00743575161,0.00663906336,0.00336093665,3.19090176,6,2.5,7.36225986,1,1,0,1,0,-1.48723137,-11.989543,42.8273201,1,4.3530221,3.97959995,569.660217,63.8154984,3.9447,0.0250000004,50,1,0.119999997,0.550000012,0.0133333337
SL10_rand_6_r0,0,801,30.4462643,30,3.222785,3.97959995,0.0286631379,0.0186631382,0.00627574883,0.00622756919,0.00377243082,3.42531371,6,2.5,7.36225986,1,1,0,2,0,-1.48723137,-11.989543,42.8273201,1,4.3530221,3.97959995,569.660217,63.8154984,3.9447,0.0250000004,50,1,0.119999997,0.550000012,0.0133333337
SL10_rand_6_r0,0,802,30.7618408,30,3.28736544,3.97959995,0.0284265541,0.0184265524,0.00699752895,0.00592293171,0.00407706806,3.340204,6,2.5,7.36225986,1,1,0,3,0,-1.48723137,-11.989543,42.8273201,1,4.3530221,3.97959995,569.660217,63.8154984,3.9447,0.0250000004,50,1,0.119999997,0.550000012,0.0133333337
SL10_rand_6_r0,0,803,31.0774155,31,3.73356962,3.97959995,0.0283187814,0.0183187816,0.00738105318,0.00439528935,0.00560471043,4.09864569,6,2.5,7.36225986,1,1,0,4,0,nan,nan,nan,nan,nan,3.97959995,569.660217,63.8154984,3.9447,0.0250000004,50,1,0.119999997,0.550000012,0.0133333337
SL10_rand_6_r0,1,1242,0.0133333337,0,0,3.97959995,0.0676666647,0.0576666668,0.119325794,0.118206456,0,0,6,2.5,7.36225986,0,0,0,0,0,14.9682417,-1.1550101,79.0970535,0.639810443,5.6795454,3.97959995,569.660217,63.8154984,3.9447,0.0250000004,50,1,0.119999997,0.550000012,0.0133333337
SL10_rand_6_r0,1,1243,0.0266666673,0,0,3.97959995,0.0673333332,0.0573333316,0.115750134,0.115073204,0,0,6,2.5,7.36225986,0,0,0,0,0,14.9682417,-1.1550101,79.0970535,0.639810443,5.6795454,3.97959995,569.660217,63.8154984,3.9447,0.0250000004,50,1,0.119999997,0.550000012,0.0133333337
SL10_rand_6_r0,1,1244,0.0399999991,0,0,3.97959995,0.0670000017,0.057,0.113108486,0.11213287,0,0,6,2.5,7.36225986,0,0,0,0,0,14.9682417,-1.1550101,79.0970535,0.639810443,5.6795454,3.97959995,569.660217,63.8154984,3.9447,0.0250000004,50,1,0.119999997,0.550000012,0.0133333337
SL10_rand_6_r0,1,1245,0.0533333346,0,0,3.97959995,0.0666666701,0.0566666685,0.109608471,0.109007396,0,0,6,2.5,7.36225986,0,0,0,0,0,14.9682417,-1.1550101,79.0970535,0.639810443,5.6795454,3.97959995,569.660217,63.8154984,3.9447,0.0250000004,50,1,0.119999997,0.550000012,0.0133333337
SL10_rand_6_r0,1,1246,0.0666666701,0,0,3.97959995,0.0663333312,0.0563333333,0.106929794,0.106046855,0,0,6,2.5,7.36225986,0,0,0,0,0,14.9682417,-1.1550101,79.0970535,0.639810443,5.6795454,3.97959995,569.660217,63.8154984,3.9447,0.0250000004,50,1,0.119999997,0.550000012,0.0133333337
SL10_rand_6_r0,1,1247,0.0799999982,0,0,3.97959995,0.0659999996,0.0560000017,0.103426188,0.102890112,0,0,6,2.5,7.36225986,0,0,0,0,0,14.9682417,-1.1550101,79.0970535,0.639810443,5.6795454,3.97959995,569.660217,63.8154984,3.9447,0.0250000004,50,1,0.119999997,0.550000012,0.0133333337
SL10_rand_6_r0,1,1248,0.0933333337,0,0,3.97959995,0.0656666681,0.0556666665,0.100712247,0.0999144837,0,0,6,2.5,7.36225986,0,0,0,0,0,14.9682417,-1.1550101,79.0970535,0.639810443,5.6795454,3.97959995,569.660217,63.8154984,3.9447,0.0250000004,50,1,0.119999997,0.550000012,0.0133333337
SL10_rand_6_r0,1,1249,0.106666669,0,0,3.97959995,0.0653333366,0.055333335,0.0972107127,0.0963459834,0,0,6,2.5,7.36225986,0,0,0,0,0,14.9682417,-1.1550101,79.0970535,0.639810443,5.6795454,3.97959995,569.660217,63.8154984,3.9447,0.0250000004,50,1,0.119999997,0.550000012,0.0133333337
SL10_rand_6_r0,1,1250,0.119999997,0,0,3.97959995,0.0649999976,0.0549999997,0.0945156366,0.0937960148,0,0,6,2.5,7.36225986,0,0,0,0,0,14.9682417,-1.1550101,79.0970535,0.639810443,5.6795454,3.97959995,569.660217,63.8154984,3.9447,0.0250000004,50,1,0.119999997,0.550000012,0.0133333337
SL10_rand_6_r0,1,1251,0.13333334,0,0,3.97959995,0.0646666661,0.0546666682,0.0909755677,0.0902674869,0,0,6,2.5,7.36225986,0,0,0,0,0,14.9682417,-1.1550101,79.0970535,0.639810443,5.6795454,3.97959995,569.660217,63.8154984,3.9447,0.0250000004,50,1,0.119999997,0.550000012,0.0133333337
SL10_rand_6_r0,1,1252,0.146666661,0,0,3.97959995,0.0643333346,0.0543333329,0.0883914307,0.0877226889,0,0,6,2.5,7.36225986,0,0,0,0,0,14.9682417,-1.1550101,79.0970535,0.639810443,5.6795454,3.97959995,569.660217,63.8154984,3.9447,0.0250000004,50,1,0.119999997,0.550000012,0.0133333337
SL10_rand_6_r0,1,1253,0.159999996,0,0,3.97959995,0.064000003,0.0540000014,0.0848372728,0.0842614621,0,0,6,2.5,7.36225986,0,0,0,0,0,14.9682417,-1.1550101,79.0970535,0.639810443,5.6795454,3.97959995,569.660217,63.8154984,3.9447,0.0250000004,50,1,0.119999997,0.550000012,0.0133333337
SL10_rand_6_r0,1,1254,0.173333332,0,0,3.97959995,0.0636666641,0.0536666662,0.0823256597,0.0812859312,0,0,6,2.5,7.36225986,0,0,0,0,0,14.9682417,-1.1550101,79.0970535,0.639810443,5.6795454,3.97959995,569.660217,63.8154984,3.9447,0.0250000004,50,1,0.119999997,0.550000012,0.0133333337
SL10_rand_6_r0,1,1255,0.186666667,0,0,3.97959995,0.0633333325,0.0533333346,0.0788112655,0.0783398673,0,0,6,2.5,7.36225986,0,0,0,0,0,14.9682417,-1.1550101,79.0970535,0.639810443,5.6795454,3.97959995,569.660217,63.8154984,3.9447,0.0250000004,50,1,0.119999997,0.550000012,0.0133333337
SL10_rand_6_r0,1,1256,0.200000003,0,0,3.97959995,0.063000001,0.0529999994,0.0763163492,0.0754007623,0,0,6,2.5,7.36225986,0,0,0,0,0,14.9682417,-1.1550101,79.0970535,0.639810443,5.6795454,3.97959995,569.660217,63.8154984,3.9447,0.0250000004,50,1,0.119999997,0.550000012,0.0133333337
SL10_rand_6_r0,1,1257,0.213333338,0,0.701970518,3.97959995,0.0626666695,0.0526666678,0.0728987306,0.0725057647,0,1.27630997,6,2.5,7.36225986,0,0,0,0,0,14.9682417,-1.1550101,79.0970535,0.639810443,5.6795454,3.97959995,569.660217,63.8154984,3.9447,0.0250000004,50,1,0.119999997,0.550000012,0.0133333337
SL10_rand_6_r0,1,1258,0.226666674,0,1.01785719,3.97959995,0.0623333342,0.0523333326,0.0704447627,0.0696083307,0,1.27630997,6,2.5,7.36225986,0,0,0,0,0,14.9682417,-1.1550101,79.0970535,0.639810443,5.6795454,3.97959995,569.660217,63.8154984,3.9447,0.0250000004,50,1,0.119999997,0.550000012,0.0133333337
SL10_rand_6_r0,1,1259,0.239999995,0,1.16000628,3.97959995,0.061999999,0.0520000011,0.0671065077,0.0667642429,0,1.27630997,6,2.5,7.36225986,0,0,0,0,0,14.9682417,-1.1550101,79.0970535,0.639810443,5.6795454,3.97959995,569.660217,63.8154984,3.9447,0.0250000004,50,1,0.119999997,0.550000012,0.0133333337
SL10_rand_6_r0,1,1260,0.25333333,0,1.22397327,3.97959995,0.0616666675,0.0516666658,0.0647316501,0.06392508,0,1.27630997,6,2.5,7.36225986,0,0,0,0,0,14.9682417,-1.1550101,79.0970535,0.639810443,5.6795454,3.97959995,569.660217,63.8154984,3.9447,0.0250000004,50,1,0.119999997,0.550000012,0.0133333337
SL10_rand_6_r0,1,1261,0.266666681,0,1.2527585,3.97959995,0.0613333322,0.0513333343,0.0614717193,0.0611569025,0,1.27630997,6,2.5,7.36225986,0,0,0,0,0,14.9682417,-1.1550101,79.0970535,0.639810443,5.6795454,3.97959995,569.660217,63.8154984,3.9447,0.0250000004,50,1,0.119999997,0.550000012,0.0133333337
SL10_rand_6_r0,1,1262,0.280000001,0,1.26571178,3.97959995,0.0610000007,0.050999999,0.0592339449,0.0584202185,0,1.27630997,6,2.5,7.36225986,0,0,0,0,0,14.9682417,-1.1550101,79.0970535,0.639810443,5.6795454,3.97959995,569.660217,63.8154984,3.9447,0.0250000004,50,1,0.119999997,0.550000012,0.0133333337
SL10_rand_6_r0,1,1263,0.293333322,0,1.27154076,3.97959995,0.0606666654,0.0506666675,0.0560766011,0.0557593517,0,1.27630997,6,2.5,7.36225986,0,0,0,0,0,14.9682417,-1.1550101,79.0970535,0.639810443,5.6795454,3.97959995,569.660217,63.8154984,3.9447,0.0250000004,50,1,0.119999997,0.550000012,0.0133333337
SL10_rand_6_r0,1,1264,0.306666672,0,1.27416384,3.97959995,0.0603333339,0.0503333323,0.0540397689,0.0531918369,0,1.27630997,6,2.5,7.36225986,0,0,0,0,0,14.9682417,-1.1550101,79.0970535,0.639810443,5.6795454,3.97959995,569.660217,63.8154984,3.9447,0.0250000004,50,1,0.119999997,0.550000012,0.0133333337
SL10_rand_6_r0,1,1265,0.319999993,0,1.27534425,3.97959995,0.0599999987,0.0500000007,0.051028993,0.0506863147,0,1.27630997,6,2.5,7.36225986,0,0,0,0,0,14.9682417,-1.1550101,79.0970535,0.639810443,5.6795454,3.97959995,569.660217,63.8154984,3.9447,0.0250000004,50,1,0.119999997,0.550000012,0.0133333337
SL10_rand_6_r0,1,1266,0.333333343,0,1.27587545,3.97959995,0.0596666671,0.0496666655,0.0492449887,0.0483253635,0,1.27630997,6,2.5,7.36225986,0,0,0,0,0,14.9682417,-1.1550101,79.0970535,0.639810443,5.6795454,3.97959995,569.660217,63.8154984,3.9447,0.0250000004,50,1,0.119999997,0.550000012,0.0133333337
SL10_rand_6_r0,1,1267,0.346666664,0,1.27611446,3.97959995,0.0593333319,0.049333334,0.0464241244,0.0460284129,0,1.27630997,6,2.5,7.36225986,0,0,0,0,0,14.9682417,-1.1550101,79.0970535,0.639810443,5.6795454,3.97959995,569.660217,63.8154984,3.9447,0.0250000004,50,1,0.119999997,0.550000012,0.0133333337
SL10_rand_6_r0,1,1268,0.360000014,0,1.27622199,3.97959995,0.0590000004,0.0489999987,0.0449066721,0.0438978933,0,1.27630997,6,2.5,7.36225986,0,0,0,0,0,14.9682417,-1.1550101,79.0970535,0.639810443,5.6795454,3.97959995,569.660217,63.8154984,3.9447,0.0250000004,50,1,0.119999997,0.550000012,0.0133333337
SL10_rand_6_r0,1,1269,0.373333335,0,1.27627039,3.97959995,0.0586666651,0.0486666672,0.0423019789,0.0418164805,0,1.27630997,6,2.5,7.36225986,0,0,0,0,0,14.9682417,-1.1550101,79.0970535,0.639810443,5.6795454,3.97959995,569.660217,63.8154984,3.9447,0.0250000004,50,1,0.119999997,0.550000012,0.0133333337
SL10_rand_6_r0,1,1270,0.386666656,0,1.2762922,3.97959995,0.0583333336,0.0483333319,0.0410219692,0.0399173014,0,1.27630997,6,2.5,7.36225986,0,0,0,0,0,14.9682417,-1.1550101,79.0970535,0.639810443,5.6795454,3.97959995,569.660217,63.8154984,3.9447,0.0250000004,50,1,0.119999997,0.550000012,0.0133333337
SL10_rand_6_r0,1,1271,0.400000006,0,1.27630198,3.97959995,0.0579999983,0.0480000004,0.0386611894,0.0380372331,0,1.27630997,6,2.5,7.36225986,0,0,0,0,0,14.9682417,-1.1550101,79.0970535,0.639810443,5.6795454,3.97959995,569.660217,63.8154984,3.9447,0.0250000004,50,1,0.119999997,0.550000012,0.0133333337
SL10_rand_6_r0,1,1272,0.413333327,0,1.27630639,3.97959995,0.0576666668,0.0476666652,0.0375651829,0.0363709368,0,1.27630997,6,2.5,7.36225986,0,0,0,0,0,14.9682417,-1.1550101,79.0970535,0.639810443,5.6795454,3.97959995,569.660217,63.8154984,3.9447,0.0250000004,50,1,0.119999997,0.550000012,0.0133333337
SL10_rand_6_r0,1,1273,0.426666677,0,1.27630842,3.97959995,0.0573333316,0.0473333336,0.035489358,0.0346598774,0,1.27630997,6,2.5,7.36225986,0,0,0,0,0,14.9682417,-1.1550101,79.0970535,0.639810443,5.6795454,3.97959995,569.660217,63.8154984,3.9447,0.0250000004,50,1,0.119999997,0.550000012,0.0133333337
SL10_rand_6_r0,1,1274,0.439999998,0,1.27630925,3.97959995,0.057,0.0469999984,0.0345063806,0.0332363769,0,1.27630997,6,2.5,7.36225986,0,0,0,0,0,14.9682417,-1.1550101,79.0970535,0.639810443,5.6795454,3.97959995,569.660217,63.8154984,3.9447,0.0250000004,50,1,0.119999997,0.550000012,0.0133333337
SL10_rand_6_r0,1,1275,0.453333348,0,1.27630973,3.97959995,0.0566666685,0.0466666669,0.0327724814,0.0316603296,0,1.27630997,6,2.5,7.36225986,0,0,0,0,0,14.9682417,-1.1550101,79.0970535,0.639810443,5.6795454,3.97959995,569.660217,63.8154984,3.9447,0.0250000004,50,1,0.119999997,0.550000012,0.0133333337
SL10_rand_6_r0,1,1276,0.466666669,0,1.27630985,3.97959995,0.0563333333,0.0463333316,0.0318181589,0.0304427277,0,1.27630997,6,2.5,7.36225986,0,0,0,0,0,14.9682417,-1.1550101,79.0970535,0.639810443,5.6795454,3.97959995,569.660217,63.8154984,3.9447,0.0250000004,50,1,0.119999997,0.550000012,0.0133333337
SL10_rand_6_r0,1,1277,0.479999989,0,1.27630997,3.97959995,0.0560000017,0.0460000001,0.0304896664,0.0290122889,0,1.27630997,6,2.5,7.36225986,0,0,0,0,0,14.9682417,-1.1550101,79.0970535,0.639810443,5.6795454,3.97959995,569.660217,63.8154984,3.9447,0.0250000004,50,1,0.119999997,0.550000012,0.0133333337
SL10_rand_6_r0,1,1278,0.49333334,0,1.27630997,3.97959995,0.0556666665,0.0456666648,0.0294638537,0.0279602911,0,1.27630997,6,2.5,7.36225986,0,0,0,0,0,14.9682417,-1.1550101,79.0970535,0.639810443,5.6795454,3.97959995,569.660217,63.8154984,3.9447,0.0250000004,50,1,0.119999997,0.550000012,0.0133333337
SL10_rand_6_r0,1,1279,0.50666666,0,1.27630997,3.97959995,0.055333335,0.0453333333,0.0286164302,0.026663363,0,1.27630997,6,2.5,7.36225986,0,0,0,0,0,14.9682417,-1.1550101,79.0970535,0.639810443,5.6795454,3.97959995,569.660217,63.8154984,3.9447,0.0250000004,50,1,0.119999997,0.550000012,0.0133333337
SL10_rand_6_r0,1,1280,0.519999981,0,1.27630997,3.97959995,0.0549999997,0.0450000018,0.0274105035,0.0257556885,0,1.27630997,6,2.5,7.36225986,0,0,0,0,0,14.9682417,-1.1550101,79.0970535,0.639810443,5.6795454,3.97959995,569.660217,63.8154984,3.9447,0.0250000004,50,1,0.119999997,0.550000012,0.0133333337
SL10_rand_6_r0,1,1281,0.533333361,0,1.27630997,3.97959995,0.0546666682,0.0446666665,0.0271322113,0.0245762486,0,1.27630997,6,2.5,7.36225986,0,0,0,0,0,14.9682417,-1.1550101,79.0970535,0.639810443,5.6795454,3.97959995,569.660217,63.8154984,3.9447,0.0250000004,50,1,0.119999997,0.550000012,0.0133333337
SL10_rand_6_r0,1,1282,0.546666682,0,1.27630997,3.97959995,0.0543333329,0.044333335,0.0256348047,0.0237926543,0,1.27630997,6,2.5,7.36225986,0,0,0,0,0,14.9682417,-1.1550101,79.0970535,0.639810443,5.6795454,3.97959995,569.660217,63.8154984,3.9447,0.0250000004,50,1,0.119999997,0.550000012,0.0133333337
SL10_rand_6_r0,1,1283,0.560000002,0,1.27630997,3.97959995,0.0540000014,0.0439999998,0.0254892558,0.025442671,0,1.27630997,6,2.5,7.36225986,0,0,0,0,0,14.9682417,-1.1550101,79.0970535,0.639810443,5.6795454,3.97959995,569.660217,63.8154984,3.9447,0.0250000004,50,1,0.119999997,0.550000012,0.0133333337
SL10_rand_6_r0,1,1284,0.573333323,0,1.27630997,3.97959995,0.0536666662,0.0436666682,0.0241204426,0.0220382959,0,1.27630997,6,2.5,7.36225986,0,0,0,0,0,14.9682417,-1.1550101,79.0970535,0.639810443,5.6795454,3.97959995,569.660217,63.8154984,3.9447,0.0250000004,50,1,0.119999997,0.550000012,0.0133333337
SL10_rand_6_r0,1,1285,0.586666644,0,1.27630997,3.97959995,0.0533333346,0.043333333,0.0239035785,0.023778094,0,1.27630997,6,2.5,7.36225986,0,0,0,0,0,14.9682417,-1.1550101,79.0970535,0.639810443,5.6795454,3.97959995,569.660217,63.8154984,3.9447,0.0250000004,50,1,0.119999997,0.550000012,0.0133333337
SL10_rand_6_r0,1,1286,0.600000024,0,1.27630997,3.97959995,0.0529999994,0.0430000015,0.022855863,0.0204615872,0,1.27630997,6,2.5,7.36225986,0,0,0,0,0,14.9682417,-1.1550101,79.0970535,0.639810443,5.6795454,3.97959995,569.660217,63.8154984,3.9447,0.0250000004,50,1,0.119999997,0.550000012,0.0133333337
SL10_rand_6_r0,1,1287,0.613333344,0,1.27630997,3.97959995,0.0526666678,0.0426666662,0.0225730222,0.0222785063,0,1.27630997,6,2.5,7.36225986,0,0,0,0,0,14.9682417,-1.1550101,79.0970535,0.639810443,5.6795454,3.97959995,569.660217,63.8154984,3.9447,0.0250000004,50,1,0.119999997,0.550000012,0.0133333337
SL10_rand_6_r0,1,1288,0.626666665,0,1.27630997,3.97959995,0.0523333326,0.0423333347,0.0215553939,0.0213263091,0,1.27630997,6,2.5,7.36225986,0,0,0,0,0,14.9682417,-1.1550101,79.0970535,0.639810443,5.6795454,3.97959995,569.660217,63.8154984,3.9447,0.0250000004,50,1,0.119999997,0.550000012,0.0133333337
SL10_rand_6_r0,1,1289,0.639999986,0,1.27630997,3.97959995,0.0520000011,0.0419999994,0.0214988459,0.0209188815,0,1.27630997,6,2.5,7.36225986,0,0,0,0,0,14.9682417,-1.1550101,79.0970535,0.639810443,5.6795454,3.97959995,569.660217,63.8154984,3.9447,0.0250000004,50,1,0.119999997,0.550000012,0.0133333337
SL10_rand_6_r0,1,1290,0.653333306,0,1.27630997,3.97959995,0.0516666658,0.0416666679,0.0202505682,0.0200372543,0,1.27630997,6,2.5,7.36225986,0,0,0,0,0,14.9682417,-1.1550101,79.0970535,0.639810443,5.6795454,3.97959995,569.660217,63.8154984,3.9447,0.0250000004,50,1,0.119999997,0.550000012,0.0133333337
SL10_rand_6_r0,1,1291,0.666666687,0,1.27630997,3.97959995,0.0513333343,0.0413333327,0.0204355847,0.0194243304,0,1.27630997,6,2.5,7.36225986,0,0,0,0,0,14.9682417,-1.1550101,79.0970535,0.639810443,5.6795454,3.97959995,569.660217,63.8154984,3.9447,0.0250000004,50,1,0.119999997,0.550000012,0.0133333337
SL10_rand_6_r0,1,1292,0.680000007,0,1.27630997,3.97959995,0.050999999,0.0410000011,0.0191410258,0.0188562814,0,1.27630997,6,2.5,7.36225986,0,0,0,0,0,14.9682417,-1.1550101,79.0970535,0.639810443,5.6795454,3.97959995,569.660217,63.8154984,3.9447,0.0250000004,50,1,0.119999997,0.550000012,0.0133333337
SL10_rand_6_r0,1,1293,0.693333328,0,1.27630997,3.97959995,0.0506666675,0.0406666659,0.0192559473,0.018288115,0,1.27630997,6,2.5,7.36225986,0,0,0,0,0,14.9682417,-1.1550101,79.0970535,0.639810443,5.6795454,3.97959995,569.660217,63.8154984,3.9447,0.0250000004,50,1,0.119999997,0.550000012,0.0133333337
SL10_rand_6_r0,1,1294,0.706666648,0,1.27630997,3.97959995,0.0503333323,0.0403333344,0.0182338674,0.0177690629,0,1.27630997,6,2.5,7.36225986,0,0,0,0,0,14.9682417,-1.1550101,79.0970535,0.639810443,5.6795454,3.97959995,569.660217,63.8154984,3.9447,0.0250000004,50,1,0.119999997,0.550000012,0.0133333337
SL10_rand_6_r0,1,1295,0.720000029,0,1.27630997,3.97959995,0.0500000007,0.0399999991,0.0182662271,0.0172531493,0,1.27630997,6,2.5,7.36225986,0,0,0,0,0,14.9682417,-1.1550101,79.0970535,0.639810443,5.6795454,3.97959995,569.660217,63.8154984,3.9447,0.0250000004,50,1,0.119999997,0.550000012,0.0133333337
SL10_rand_6_r0,1,1296,0.733333349,0,1.27630997,3.97959995,0.0496666655,0.0396666676,0.0175360069,0.0167605449,0,1.27630997,6,2.5,7.36225986,0,0,0,0,0,14.9682417,-1.1550101,79.0970535,0.639810443,5.6795454,3.97959995,569.660217,63.8154984,3.9447,0.0250000004,50,1,0.119999997,0.550000012,0.0133333337
SL10_rand_6_r0,1,1297,0.74666667,0,1.27630997,3.97959995,0.049333334,0.0393333323,0.0174769014,0.0162914321,0,1.27630997,6,2.5,7.36225986,0,0,0,0,0,14.9682417,-1.1550101,79.0970535,0.639810443,5.6795454,3.97959995,569.660217,63.8154984,3.9447,0.0250000004,50,1,0.119999997,0.550000012,0.0133333337
SL10_rand_6_r0,1,1298,0.75999999,0,1.27630997,3.97959995,0.0489999987,0.0390000008,0.0170564502,0.015816059,0,1.27630997,6,2.5,7.36225986,0,0,0,0,0,14.9682417,-1.1550101,79.0970535,0.639810443,5.6795454,3.97959995,569.660217,63.8154984,3.9447,0.0250000004,50,1,0.119999997,0.550000012,0.0133333337
SL10_rand_6_r0,1,1299,0.773333311,0,1.27630997,3.97959995,0.0486666672,0.0386666656,0.0167380571,0.0161808785,0,1.27630997,6,2.5,7.36225986,0,0,0,0,0,14.9682417,-1.1550101,79.0970535,0.639810443,5.6795454,3.97959995,569.660217,63.8154984,3.9447,0.0250000004,50,1,0.119999997,0.550000012,0.0133333337
SL10_rand_6_r0,1,1300,0.786666691,0,1.27630997,3.97959995,0.0483333319,0.038333334,0.0158425998,0.0151363434,0,1.27630997,6,2.5,7.36225986,0,0,0,0,0,14.9682417,-1.1550101,79.0970535,0.639810443,5.6795454,3.97959995,569.660217,63.8154984,3.9447,0.0250000004,50,1,0.119999997,0.550000012,0.0133333337
SL10_rand_6_r0,1,1301,0.800000012,0,1.27630997,3.97959995,0.0480000004,0.0379999988,0.0156096267,0.0153049976,0,1.27630997,6,2.5,7.36225986,0,0,0,0,0,14.9682417,-1.1550101,79.0970535,0.639810443,5.6795454,3.97959995,569.660217,63.8154984,3.9447,0.0250000004,50,1,0.119999997,0.550000012,0.0133333337
SL10_rand_6_r0,1,1302,0.813333333,0,1.27630997,3.97959995,0.0476666652,0.0376666673,0.0146819316,0.0142807988,0,1.27630997,6,2.5,7.36225986,0,0,0,0,0,14.9682417,-1.1550101,79.0970535,0.639810443,5.6795454,3.97959995,569.660217,63.8154984,3.9447,0.0250000004,50,1,0.119999997,0.550000012,0.0133333337
SL10_rand_6_r0,1,1303,0.826666653,0,1.27630997,3.97959995,0.0473333336,0.037333332,0.0145980716,0.0144690657,0,1.27630997,6,2.5,7.36225986,0,0,0,0,0,14.9682417,-1.1550101,79.0970535,0.639810443,5.6795454,3.97959995,569.660217,63.8154984,3.9447,0.0250000004,50,1,0.119999997,0.550000012,0.0133333337
SL10_rand_6_r0,1,1304,0.839999974,0,1.27630997,3.97959995,0.0469999984,0.0370000005,0.0136624444,0.0134580303,0,1.27630997,6,2.5,7.36225986,0,0,0,0,0,14.9682417,-1.1550101,79.0970535,0.639810443,5.6795454,3.97959995,569.660217,63.8154984,3.9447,0.0250000004,50,1,0.119999997,0.550000012,0.0133333337
SL10_rand_6_r0,1,1305,0.853333354,0,1.27630997,3.97959995,0.0466666669,0.0366666652,0.013732817,0.0136664566,0,1.27630997,6,2.5,7.36225986,0,0,0,0,0,14.9682417,-1.1550101,79.0970535,0.639810443,5.6795454,3.97959995,569.660217,63.8154984,3.9447,0.0250000004,50,1,0.119999997,0.550000012,0.0133333337
SL10_rand_6_r0,1,1306,0.866666675,0,1.27630997,3.97959995,0.0463333316,0.0363333337,0.0128228832,0.0126659349,0,1.27630997,6,2.5,7.36225986,0,0,0,0,0,14.9682417,-1.1550101,79.0970535,0.639810443,5.6795454,3.97959995,569.660217,63.8154984,3.9447,0.0250000004,50,1,0.119999997,0.550000012,0.0133333337
SL10_rand_6_r0,1,1307,0.879999995,0,1.27630997,3.97959995,0.0460000001,0.0359999985,0.0130439503,0.0128923031,0,1.27630997,6,2.5,7.36225986,0,0,0,0,0,14.9682417,-1.1550101,79.0970535,0.639810443,5.6795454,3.97959995,569.660217,63.8154984,3.9447,0.0250000004,50,1,0.119999997,0.550000012,0.0133333337
SL10_rand_6_r0,1,1308,0.893333316,0,1.27630997,3.97959995,0.0456666648,0.0356666669,0.0122025395,0.0119009688,0,1.27630997,6,2.5,7.36225986,0,0,0,0,0,14.9682417,-1.1550101,79.0970535,0.639810443,5.6795454,3.97959995,569.660217,63.8154984,3.9447,0.0250000004,50,1,0.119999997,0.550000012,0.0133333337
SL10_rand_6_r0,1,1309,0.906666696,0,1.27630997,3.97959995,0.0453333333,0.0353333317,0.0125611266,0.012142946,0,1.27630997,6,2.5,7.36225986,0,0,0,0,0,14.9682417,-1.1550101,79.0970535,0.639810443,5.6795454,3.97959995,569.660217,63.8154984,3.9447,0.0250000004,50,1,0.119999997,0.550000012,0.0133333337
SL10_rand_6_r0,1,1310,0.920000017,0,1.27630997,3.97959995,0.0450000018,0.0350000001,0.0118368752,0.0111544244,0,1.27630997,6,2.5,7.36225986,0,0,0,0,0,14.9682417,-1.1550101,79.0970535,0.639810443,5.6795454,3.97959995,569.660217,63.8154984,3.9447,0.0250000004,50,1,0.119999997,0.550000012,0.0133333337
SL10_rand_6_r0,1,1311,0.933333337,0,1.27630997,3.97959995,0.0446666665,0.0346666649,0.0123099303,0.0114129568,0,1.27630997,6,2.5,7.36225986,0,0,0,0,0,14.9682417,-1.1550101,79.0970535,0.639810443,5.6795454,3.97959995,569.660217,63.8154984,3.9447,0.0250000004,50,1,0.119999997,0.550000012,0.0133333337
SL10_rand_6_r0,1,1312,0.946666658,0,1.27630997,3.97959995,0.044333335,0.0343333334,0.0117541086,0.0104378182,0,1.27630997,6,2.5,7.36225986,0,0,0,0,0,14.9682417,-1.1550101,79.0970535,0.639810443,5.6795454,3.97959995,569.660217,63.8154984,3.9447,0.0250000004,50,1,0.119999997,0.550000012,0.0133333337
SL10_rand_6_r0,1,1313,0.959999979,0,1.27630997,3.97959995,0.0439999998,0.0340000018,0.0110381376,0.0102611613,0,1.27630997,6,2.5,7.36225986,0,0,0,0,0,14.9682417,-1.1550101,79.0970535,0.639810443,5.6795454,3.97959995,569.660217,63.8154984,3.9447,0.0250000004,50,1,0.119999997,0.550000012,0.0133333337
SL10_rand_6_r0,1,1314,0.973333359,0,1.27630997,3.97959995,0.0436666682,0.0336666666,0.0110682873,0.0105204443,0,1.27630997,6,2.5,7.36225986,0,0,0,0,0,14.9682417,-1.1550101,79.0970535,0.639810443,5.6795454,3.97959995,569.660217,63.8154984,3.9447,0.0250000004,50,1,0.119999997,0.550000012,0.0133333337
SL10_rand_6_r0,1,1315,0.986666679,0,1.41203618,3.97959995,0.043333333,0.0333333351,0.00989398453,0.00956680346,0.00043319675,1.523085,6,2.5,7.36225986,0,0,0,0,0,14.9682417,-1.1550101,79.0970535,0.639810443,5.6795454,3.97959995,569.660217,63.8154984,3.9447,0.0250000004,50,1,0.119999997,0.550000012,0.0133333337
SL10_rand_6_r0,1,1316,1,0,1.38773084,3.97959995,0.0430000015,0.0329999998,0.0100330226,0.00983931776,0.000160682685,1.36784458,6,2.5,7.36225986,0,0,0,0,0,14.9682417,-1.1550101,79.0970535,0.639810443,5.6795454,3.97959995,569.660217,63.8154984,3.9447,0.0250000004,50,1,0.119999997,0.550000012,0.0133333337
SL10_rand_6_r0,1,1317,1.01333332,1,1.6746397,3.97959995,0.0426666662,0.0326666683,0.00896173157,0.00888868235,0.00111131766,1.90938342,6,2.5,7.36225986,0,0,0,0,0,13.1383972,-0.489759415,83.6648788,0.767772496,5.92729282,3.97959995,569.660217,63.8154984,3.9447,0.0250000004,50,1,0.119999997,0.550000012,0.0133333337
SL10_rand_6_r0,1,1318,1.02666664,1,1.71319926,3.97959995,0.0423333347,0.032333333,0.0092075076,0.00917768851,0.000822311209,1.744748,6,2.5,7.36225986,0,0,0,0,0,13.1383972,-0.489759415,83.6648788,0.767772496,5.92729282,3.97959995,569.660217,63.8154984,3.9447,0.0250000004,50,1,0.119999997,0.550000012,0.0133333337
SL10_rand_6_r0,1,1319,1.03999996,1,2.0251143,3.97959995,0.0419999994,0.0320000015,0.00833487324,0.00823753234,0.00176246732,2.28031754,6,2.5,7.36225986,0,0,0,0,0,13.1383972,-0.489759415,83.6648788,0.767772496,5.92729282,3.97959995,569.660217,63.8154984,3.9447,0.0250000004,50,1,0.119999997,0.550000012,0.0133333337
SL10_rand_6_r0,1,1320,1.05333328,1,2.07462716,3.97959995,0.0416666679,0.0316666663,0.00864558294,0.00852749497,0.00147250504,2.11513758,6,2.5,7.36225986,0,0,0,0,0,13.1383972,-0.489759415,83.6648788,0.767772496,5.92729282,3.97959995,569.660217,63.8154984,3.9447,0.0250000004,50,1,0.119999997,0.550000012,0.0133333337
SL10_rand_6_r0,1,1321,1.06666672,1,2.39234519,3.97959995,0.0413333327,0.0313333347,0.00805102196,0.00758454902,0.00241545122,2.6522963,6,2.5,7.36225986,0,0,0,0,0,13.1383972,-0.489759415,83.6648788,0.767772496,5.92729282,3.97959995,569.660217,63.8154984,3.9447,0.0250000004,50,1,0.119999997,0.550000012,0.0133333337
SL10_rand_6_r0,1,1322,1.08000004,1,2.44527364,3.97959995,0.0410000011,0.0309999995,0.00838799868,0.00787194446,0.00212805578,2.4885788,6,2.5,7.36225986,0,0,0,0,0,13.1383972,-0.489759415,83.6648788,0.767772496,5.92729282,3.97959995,569.660217,63.8154984,3.9447,0.0250000004,50,1,0.119999997,0.550000012,0.0133333337
SL10_rand_6_r0,1,1323,1.09333336,1,2.76628017,3.97959995,0.0406666659,0.0306666661,0.00814047735,0.00692340825,0.00307659199,3.02892184,6,2.5,7.36225986,0,1,0,0,0,13.1383972,-0.489759415,83.6648788,0.767772496,5.92729282,3.97959995,569.660217,63.8154984,3.9447,0.0250000004,50,1,0.119999997,0.550000012,0.0133333337
SL10_rand_6_r0,1,1324,1.10666668,1,2.82145858,3.97959995,0.0403333344,0.0303333327,0.00847353507,0.00720834592,0.00279165432,2.86660433,6,2.5,7.36225986,0,1,0,0,0,13.1383972,-0.489759415,83.6648788,0.767772496,5.92729282,3.97959995,569.660217,63.8154984,3.9447,0.0250000004,50,1,0.119999997,0.550000012,0.0133333337
SL10_rand_6_r0,1,1325,1.12,1,3.1459167,3.97959995,0.0400462002,0.0300461985,0.00859346054,0.00625202479,0.00374797522,3.4113822,6,2.5,7.36225986,0,1,0,0,0,13.1383972,-0.489759415,83.6648788,0.767772496,5.92729282,3.97959995,569.660217,63.8154984,3.9447,0.0250000004,50,1,0.119999997,0.550000012,0.0133333337
SL10_rand_6_r0,1,1326,1.13333333,1,3.24350643,3.97959995,0.0397938713,0.0297938734,0.00752520282,0.00609603152,0.00390396873,3.32335258,6,2.5,7.36225986,1,1,0,1,0,13.1383972,-0.489759415,83.6648788,0.767772496,5.92729282,3.97959995,569.660217,63.8154984,3.9447,0.0250000004,50,1,0.119999997,0.550000012,0.0133333337
SL10_rand_6_r0,1,1327,1.44890928,1,3.1283915,3.97959995,0.0395153724,0.0295153726,0.00739062624,0.00636964757,0.00363035244,3.03420639,6,2.5,7.36225986,1,1,0,2,0,13.1383972,-0.489759415,83.6648788,0.767772496,5.92729282,3.97959995,569.660217,63.8154984,3.9447,0.0250000004,50,1,0.119999997,0.550000012,0.0133333337
SL10_rand_6_r0,1,1328,1.76448536,1,4.10291338,3.97959995,0.0395032093,0.0295032077,0.00426696241,0.00326986937,0.00673013087,4.900249,6,2.5,7.36225986,1,1,0,3,0,13.1383972,-0.489759415,83.6648788,0.767772496,5.92729282,3.97959995,569.660217,63.8154984,3.9447,0.0250000004,50,1,0.119999997,0.550000012,0.0133333337
SL10_rand_6_r0,1,1329,3.31557608,3,4.42612743,3.97959995,0.0396252163,0.0296252165,0.00185661844,0.00184776646,0.00815223344,4.69057512,6,2.5,7.36225986,1,1,0,4,0,-3.65364766,-23.3294201,87.9222488,0.995260656,24.7380886,3.97959995,569.660217,63.8154984,3.9447,0.0250000004,50,1,0.119999997,0.550000012,0.0133333337
SL10_rand_6_r0,1,1330,3.63115191,3,5.19404507,3.97959995,0.0399585515,0.0299585499,0.00105223292,-0.00104079663,0.0110407965,5.82234192,6,2.5,7.36225986,1,1,0,5,0,-3.65364766,-23.3294201,87.9222488,0.995260656,24.7380886,3.97959995,569.660217,63.8154984,3.9447,0.0250000004,50,1,0.119999997,0.550000012,0.0133333337
SL10_rand_6_r0,1,1331,3.94672799,3,4.50534964,3.97959995,0.0401601456,0.0301601477,0.00119851262,0.000839835033,0.00916016474,3.9418714,6,2.5,7.36225986,1,1,0,6,0,-3.65364766,-23.3294201,87.9222488,0.995260656,24.7380886,3.97959995,569.660217,63.8154984,3.9447,0.0250000004,50,1,0.119999997,0.550000012,0.0133333337
SL10_rand_6_r0,1,1332,4.26230383,4,4.70412588,3.97959995,0.0403950028,0.030395003,0.0016368893,0.000101708865,0.00989829097,4.86676121,6,2.5,7.36225986,1,1,0,7,0,-3.81118464,-16.983448,65.6603165,1.12322271,6.95603085,3.97959995,569.660217,63.8154984,3.9447,0.0250000004,50,1,0.119999997,0.550000012,0.0133333337
SL10_rand_6_r0,1,1333,5.31557608,5,3.98561239,3.97959995,0.0404358171,0.0304358173,0.00366227864,0.00245692837,0.00754307164,3.39773774,6,2.5,7.36225986,1,1,0,8,0,1.13355386,-1.78667474,58.8444862,1.22748816,1.10503399,3.97959995,569.660217,63.8154984,3.9447,0.0250000004,50,1,0.119999997,0.550000012,0.0133333337
SL10_rand_6_r0,1,1334,5.63115215,5,4.78968048,3.97959995,0.0406676419,0.0306676421,0.00142807502,0.000162865705,0.00983713474,5.44755411,6,2.5,7.36225986,1,1,0,9,0,1.13355386,-1.78667474,58.8444862,1.22748816,1.10503399,3.97959995,569.660217,63.8154984,3.9447,0.0250000004,50,1,0.119999997,0.550000012,0.0133333337
SL10_rand_6_r0,1,1335,5.94672823,5,5.05623388,3.97959995,0.0410009734,0.0310009737,0.00232886686,-0.00081691012,0.0108169103,5.27432346,6,2.5,7.36225986,1,1,0,10,0,1.13355386,-1.78667474,58.8444862,1.22748816,1.10503399,3.97959995,569.660217,63.8154984,3.9447,0.0250000004,50,1,0.119999997,0.550000012,0.0133333337
SL10_rand_6_r0,1,1336,6.26230383,6,4.41585398,3.97959995,0.0411777124,0.0311777126,0.00173866039,0.000927544315,0.00907245558,3.89190698,6,2.5,7.36225986,1,1,0,11,0,1.26350236,-1.40701687,57.8641281,1.23222744,1.57652378,3.97959995,569.660217,63.8154984,3.9447,0.0250000004,50,1,0.119999997,0.550000012,0.0133333337
SL10_rand_6_r0,1,1337,7.31557608,7,5.09808588,3.97959995,0.0415110439,0.031511046,0.0013150489,-0.0011171361,0.0111171361,5.65627527,6,2.5,7.36225986,1,1,0,12,0,2.34648943,-1.63260889,59.4368935,1.21800947,6.18130064,3.97959995,569.660217,63.8154984,3.9447,0.0250000004,50,1,0.119999997,0.550000012,0.0133333337
SL10_rand_6_r0,1,1338,7.63115215,7,4.03472471,3.97959995,0.0415819138,0.0315819122,0.0031541225,0.00220410293,0.00779589731,3.16470242,6,2.5,7.36225986,1,1,0,13,0,2.34648943,-1.63260889,59.4368935,1.21800947,6.18130064,3.97959995,569.660217,63.8154984,3.9447,0.0250000004,50,1,0.119999997,0.550000012,0.0133333337
SL10_rand_6_r0,1,1339,7.94672823,7,4.45721579,3.97959995,0.0417263955,0.0317263938,0.00230650604,0.001092516,0.00890748389,4.8028903,6,2.5,7.36225986,1,1,0,14,0,2.34648943,-1.63260889,59.4368935,1.21800947,6.18130064,3.97959995,569.660217,63.8154984,3.9447,0.0250000004,50,1,0.119999997,0.550000012,0.0133333337
SL10_rand_6_r0,1,1340,8.26230431,8,4.45285892,3.97959995,0.0418819375,0.0318819359,0.00204912061,0.00121843664,0.00878156349,4.44929409,6,2.5,7.36225986,1,1,0,15,0,0.316767633,-10.9749441,53.9134789,1.14691949,13.7663031,3.97959995,569.660217,63.8154984,3.9447,0.0250000004,50,1,0.119999997,0.550000012,0.0133333337
SL10_rand_6_r0,1,1341,9.3155756,9,4.83702374,3.97959995,0.0421460345,0.0321460329,0.000606910908,-8.8288456e-05,0.0100882882,5.15134001,6,2.5,7.36225986,1,1,0,16,0,1.20179272,-4.0218668,40.8442001,1.0663507,8.59205151,3.97959995,569.660217,63.8154984,3.9447,0.0250000004,50,1,0.119999997,0.550000012,0.0133333337
SL10_rand_6_r0,1,1342,9.63115215,9,4.58016443,3.97959995,0.0423568748,0.0323568732,0.000761621515,0.000553640479,0.00944635924,4.37000704,6,2.5,7.36225986,1,1,0,17,0,1.20179272,-4.0218668,40.8442001,1.0663507,8.59205151,3.97959995,569.660217,63.8154984,3.9447,0.0250000004,50,1,0.119999997,0.550000012,0.0133333337
SL10_rand_6_r0,1,1343,9.94672775,9,3.9771378,3.97959995,0.04239133,0.0323913284,0.00258491328,0.002467365,0.00753263524,3.48375225,6,2.5,7.36225986,1,1,0,18,0,1.20179272,-4.0218668,40.8442001,1.0663507,8.59205151,3.97959995,569.660217,63.8154984,3.9447,0.0250000004,50,1,0.119999997,0.550000012,0.0133333337
SL10_rand_6_r0,1,1344,10.2623043,10,4.04917336,3.97959995,0.0424163975,0.0324163996,0.00268080016,0.00255689421,0.0074431058,4.10811138,6,2.5,7.36225986,1,1,0,19,0,2.69367409,-11.3445082,48.7435951,1.16113746,9.20377827,3.97959995,569.660217,63.8154984,3.9447,0.0250000004,50,1,0.119999997,0.550000012,0.0133333337
SL10_rand_6_r0,1,1345,11.3155756,11,4.92358875,3.97959995,0.0426827967,0.0326827951,0.000735766604,-6.74150069e-05,0.0100674154,5.63901949,6,2.5,7.36225986,1,1,0,20,0,3.48283124,-3.86898947,57.6459999,1.2037915,1.27542484,3.97959995,569.660217,63.8154984,3.9447,0.0250000004,50,1,0.119999997,0.550000012,0.0133333337
SL10_rand_6_r0,1,1346,11.6311522,11,4.18981695,3.97959995,0.0427855887,0.032785587,0.00305186212,0.00190837972,0.00809162017,3.58945775,6,2.5,7.36225986,1,1,0,21,0,3.48283124,-3.86898947,57.6459999,1.2037915,1.27542484,3.97959995,569.660217,63.8154984,3.9447,0.0250000004,50,1,0.119999997,0.550000012,0.0133333337
SL10_rand_6_r0,1,1347,11.9467278,11,5.18541765,3.97959995,0.0431189202,0.0331189223,0.00195626263,-0.00173286139,0.0117328614,6,6,2.5,7.36225986,1,1,0,22,0,3.48283124,-3.86898947,57.6459999,1.2037915,1.27542484,3.97959995,569.660217,63.8154984,3.9447,0.0250000004,50,1,0.119999997,0.550000012,0.0133333337
SL10_rand_6_r0,1,1348,12.2623043,12,4.8779521,3.97959995,0.0434240177,0.0334240198,0.000516071799,-0.000361790619,0.0103617907,4.6263895,6,2.5,7.36225986,1,1,0,23,0,-2.40574479,-2.71427274,58.6620789,1.2037915,14.5668097,3.97959995,569.660217,63.8154984,3.9447,0.0250000004,50,1,0.119999997,0.550000012,0.0133333337
SL10_rand_6_r0,1,1349,13.3155756,13,4.97871065,3.97959995,0.0437523983,0.0337524004,0.00228323112,-0.000935199554,0.0109351994,5.0611496,6,2.5,7.36225986,1,1,0,24,0,-0.928586662,-31.531992,71.3556137,0.990521312,154.119919,3.97959995,569.660217,63.8154984,3.9447,0.0250000004,50,1,0.119999997,0.550000012,0.0133333337
SL10_rand_6_r0,1,1350,13.6311522,13,4.69329643,3.97959995,0.0440053791,0.0340053774,0.0025991064,-3.60205267e-05,0.0100360205,4.45977592,6,2.5,7.36225986,1,1,0,25,0,-0.928586662,-31.531992,71.3556137,0.990521312,154.119919,3.97959995,569.660217,63.8154984,3.9447,0.0250000004,50,1,0.119999997,0.550000012,0.0133333337
SL10_rand_6_r0,1,1351,13.9467278,13,5.2848568,3.97959995,0.0443387106,0.0343387127,0.00193742034,-0.00182722532,0.0118272249,5.76886034,6,2.5,7.36225986,1,1,0,26,0,-0.928586662,-31.531992,71.3556137,0.990521312,154.119919,3.97959995,569.660217,63.8154984,3.9447,0.0250000004,50,1,0.119999997,0.550000012,0.0133333337
SL10_rand_6_r0,1,1352,14.2623043,14,4.38719988,3.97959995,0.0445074886,0.0345074907,0.00169379043,0.00134736206,0.00865263771,3.65275335,6,2.5,7.36225986,1,1,0,27,0,24.4142971,0.144247308,86.1407471,0.654028416,11.019763,3.97959995,569.660217,63.8154984,3.9447,0.0250000004,50,1,0.119999997,0.550000012,0.0133333337
SL10_rand_6_r0,1,1353,16.3155766,16,4.91818428,3.97959995,0.0447963364,0.0347963385,0.000669531582,-0.000530600373,0.0105306003,5.35262585,6,2.5,7.36225986,1,1,0,28,0,20.8801022,1.04713452,86.3852921,0.60189575,166.869217,3.97959995,569.660217,63.8154984,3.9447,0.0250000004,50,1,0.119999997,0.550000012,0.0133333337
SL10_rand_6_r0,1,1354,16.6311512,16,4.25580215,3.97959995,0.0449212007,0.0349212028,0.00179200317,0.00153911405,0.00846088585,3.71385336,6,2.5,7.36225986,1,1,0,29,0,20.8801022,1.04713452,86.3852921,0.60189575,166.869217,3.97959995,569.660217,63.8154984,3.9447,0.0250000004,50,1,0.119999997,0.550000012,0.0133333337
SL10_rand_6_r0,1,1355,16.9467278,16,4.7847538,3.97959995,0.0451656654,0.0351656675,0.00172837009,1.70938972e-06,0.0099982908,5.21753263,6,2.5,7.36225986,1,1,0,30,0,20.8801022,1.04713452,86.3852921,0.60189575,166.869217,3.97959995,569.660217,63.8154984,3.9447,0.0250000004,50,1,0.119999997,0.550000012,0.0133333337
SL10_rand_6_r0,1,1356,17.2623043,17,4.2336545,3.97959995,0.0452769808,0.0352769792,0.00171715172,0.00171647849,0.00828352105,3.7827549,6,2.5,7.36225986,1,1,0,31,0,1.98589206,-23.3718815,81.8284912,0.895734608,8.95183182,3.97959995,569.660217,63.8154984,3.9447,0.0250000004,50,1,0.119999997,0.550000012,0.0133333337
SL10_rand_6_r0,1,1357,18.3155766,18,4.78581285,3.97959995,0.0455194823,0.0355194807,0.0044240742,5.75905688e-05,0.00994240958,5.23757839,6,2.5,7.36225986,1,1,0,32,0,-3.97537208,-36.8152275,73.3031464,0.933649302,31.3977966,3.97959995,569.660217,63.8154984,3.9447,0.0250000004,50,1,0.119999997,0.550000012,0.0133333337
SL10_rand_6_r0,1,1358,18.6311512,18,3.43442607,3.97959995,0.0454084612,0.0354084596,0.00474643335,0.00428209407,0.00571790617,2.32874632,6,2.5,7.36225986,1,1,0,33,0,-3.97537208,-36.8152275,73.3031464,0.933649302,31.3977966,3.97959995,569.660217,63.8154984,3.9447,0.0250000004,50,1,0.119999997,0.550000012,0.0133333337
SL10_rand_6_r0,1,1359,18.9467278,18,3.54539609,3.97959995,0.045269344,0.0352693461,0.00523153739,0.00436313031,0.00563686946,3.6361897,6,2.5,7.36225986,1,1,0,34,0,-3.97537208,-36.8152275,73.3031464,0.933649302,31.3977966,3.97959995,569.660217,63.8154984,3.9447,0.0250000004,50,1,0.119999997,0.550000012,0.0133333337
SL10_rand_6_r0,1,1360,19.2623043,19,3.80332851,3.97959995,0.0451971963,0.0351971947,0.0042654071,0.00388811063,0.00611188915,4.01436377,6,2.5,7.36225986,1,1,0,35,0,1.89443815,-9.62076473,42.5942802,1.14218009,2.76451516,3.97959995,569.660217,63.8154984,3.9447,0.0250000004,50,1,0.119999997,0.550000012,0.0133333337
SL10_rand_6_r0,1,1361,24.3155766,24,3.13058901,3.97959995,0.0449493341,0.0349493325,0.00751635758,0.00595564581,0.00404435443,2.58016586,6,2.5,7.36225986,1,1,0,36,0,0.868124187,-31.5513191,84.1320572,0.848341227,167.082352,3.97959995,569.660217,63.8154984,3.9447,0.0250000004,50,1,0.119999997,0.550000012,0.0133333337
SL10_rand_6_r0,1,1362,24.6311512,24,4.04074955,3.97959995,0.044925008,0.0349250101,0.00512385368,0.00326548982,0.00673451042,4.78542662,6,2.5,7.36225986,1,1,0,37,0,0.868124187,-31.5513191,84.1320572,0.848341227,167.082352,3.97959995,569.660217,63.8154984,3.9447,0.0250000004,50,1,0.119999997,0.550000012,0.0133333337
SL10_rand_6_r0,1,1363,24.9467278,24,4.33253336,3.97959995,0.0450189933,0.0350189917,0.0071430169,0.00213894551,0.0078610545,4.5712657,6,2.5,7.36225986,1,1,0,38,0,0.868124187,-31.5513191,84.1320572,0.848341227,167.082352,3.97959995,569.660217,63.8154984,3.9447,0.0250000004,50,1,0.119999997,0.550000012,0.0133333337
SL10_rand_6_r0,1,1364,25.2623043,25,3.70768905,3.97959995,0.0449591242,0.0349591263,0.00577040017,0.00375714269,0.00624285731,3.19645286,6,2.5,7.36225986,1,1,0,39,0,24.7195206,-0.358490735,83.1717682,0.663507104,173.03302,3.97959995,569.660217,63.8154984,3.9447,0.0250000004,50,1,0.119999997,0.550000012,0.0133333337
SL10_rand_6_r0,1,1365,26.3155766,26,3.34570146,3.97959995,0.0447730646,0.0347730629,0.00610265927,0.00504914811,0.00495085167,3.04952979,6,2.5,7.36225986,1,1,0,40,0,0.135641888,-8.75061417,89.9179688,0.639810443,10.9675808,3.97959995,569.660217,63.8154984,3.9447,0.0250000004,50,1,0.119999997,0.550000012,0.0133333337
SL10_rand_6_r0,1,1366,26.6311512,26,3.30739331,3.97959995,0.0445553288,0.0345553309,0.00723590655,0.00549970893,0.00450029084,3.27605033,6,2.5,7.36225986,1,1,0,41,0,0.135641888,-8.75061417,89.9179688,0.639810443,10.9675808,3.97959995,569.660217,63.8154984,3.9447,0.0250000004,50,1,0.119999997,0.550000012,0.0133333337
SL10_rand_6_r0,1,1367,26.9467278,26,3.01915598,3.97959995,0.0442522503,0.0342522524,0.00668016728,0.00657754485,0.00342245516,2.78332567,6,2.5,7.36225986,1,1,0,42,0,0.135641888,-8.75061417,89.9179688,0.639810443,10.9675808,3.97959995,569.660217,63.8154984,3.9447,0.0250000004,50,1,0.119999997,0.550000012,0.0133333337
SL10_rand_6_r0,1,1368,26.960062,26,2.67443323,3.97959995,0.0439189188,0.0339189172,0.00860416703,0.0078374492,0.00216255034,2.39238739,6,2.5,7.36225986,0,1,0,0,0,0.135641888,-8.75061417,89.9179688,0.639810443,10.9675808,3.97959995,569.660217,63.8154984,3.9447,0.0250000004,50,1,0.119999997,0.550000012,0.0133333337
SL10_rand_6_r0,1,1369,26.9733944,26,2.31177711,3.97959995,0.0435855836,0.0335855857,0.00937862881,0.00870317686,0.00129682315,2.01505852,6,2.5,7.36225986,0,0,0,0,0,0.135641888,-8.75061417,89.9179688,0.639810443,10.9675808,3.97959995,569.660217,63.8154984,3.9447,0.0250000004,50,1,0.119999997,0.550000012,0.0133333337
SL10_rand_6_r0,1,1370,26.9867287,26,2.04460001,3.97959995,0.043252252,0.0332522504,0.00952744763,0.00903505553,0.000964944251,1.82600033,6,2.5,7.36225986,0,0,0,0,0,0.135641888,-8.75061417,89.9179688,0.639810443,10.9675808,3.97959995,569.660217,63.8154984,3.9447,0.0250000004,50,1,0.119999997,0.550000012,0.0133333337
SL10_rand_6_r0,1,1371,27.000061,27,1.7702533,3.97959995,0.0429189168,0.0329189189,0.0108796684,0.00952695031,0.00047305011,1.54578781,6,2.5,7.36225986,0,0,0,0,0,0.509896696,-25.3991909,78.9591827,0.895734608,23.7948132,3.97959995,569.660217,63.8154984,3.9447,0.0250000004,50,1,0.119999997,0.550000012,0.0133333337
SL10_rand_6_r0,2,1794,0.0133333337,0,0,3.97959995,0.0676666647,0.0576666668,0.0398436897,0.0396545604,0,0,6,2.5,7.36225986,0,0,0,0,0,14.9682417,-1.1550101,79.0970535,0.639810443,5.6795454,3.97959995,569.660217,63.8154984,3.9447,0.0250000004,50,1,0.119999997,0.550000012,0.0133333337
SL10_rand_6_r0,2,1795,0.0266666673,0,0.701970518,3.97959995,0.0673333332,0.0573333316,0.0404862314,0.0404292196,0,1.27630997,6,2.5,7.36225986,0,0,0,0,0,14.9682417,-1.1550101,79.0970535,0.639810443,5.6795454,3.97959995,569.660217,63.8154984,3.9447,0.0250000004,50,1,0.119999997,0.550000012,0.0133333337
SL10_rand_6_r0,2,1796,0.0399999991,0,1.01785719,3.97959995,0.0670000017,0.057,0.0412021466,0.0409957133,0,1.27630997,6,2.5,7.36225986,0,0,0,0,0,14.9682417,-1.1550101,79.0970535,0.639810443,5.6795454,3.97959995,569.660217,63.8154984,3.9447,0.0250000004,50,1,0.119999997,0.550000012,0.0133333337
SL10_rand_6_r0,2,1797,0.0533333346,0,1.16000628,3.97959995,0.0666666701,0.0566666685,0.0420498066,0.0420229249,0,1.27630997,6,2.5,7.36225986,0,0,0,0,0,14.9682417,-1.1550101,79.0970535,0.639810443,5.6795454,3.97959995,569.660217,63.8154984,3.9447,0.0250000004,50,1,0.119999997,0.550000012,0.0133333337
SL10_rand_6_r0,2,1798,0.0666666701,0,1.22397327,3.97959995,0.0663333312,0.0563333333,0.0428419039,0.0425739288,0,1.27630997,6,2.5,7.36225986,0,0,0,0,0,14.9682417,-1.1550101,79.0970535,0.639810443,5.6795454,3.97959995,569.660217,63.8154984,3.9447,0.0250000004,50,1,0.119999997,0.550000012,0.0133333337
SL10_rand_6_r0,2,1799,0.0799999982,0,1.2527585,3.97959995,0.0659999996,0.0560000017,0.043506965,0.0434969813,0,1.27630997,6,2.5,7.36225986,0,0,0,0,0,14.9682417,-1.1550101,79.0970535,0.639810443,5.6795454,3.97959995,569.660217,63.8154984,3.9447,0.0250000004,50,1,0.119999997,0.550000012,0.0133333337
SL10_rand_6_r0,2,1800,0.0933333337,0,1.26571178,3.97959995,0.0656666681,0.0556666665,0.0443127565,0.0439509787,0,1.27630997,6,2.5,7.36225986,0,0,0,0,0,14.9682417,-1.1550101,79.0970535,0.639810443,5.6795454,3.97959995,569.660217,63.8154984,3.9447,0.0250000004,50,1,0.119999997,0.550000012,0.0133333337
SL10_rand_6_r0,2,1801,0.106666669,0,1.27154076,3.97959995,0.0653333366,0.055333335,0.0447678976,0.0447576717,0,1.27630997,6,2.5,7.36225986,0,0,0,0,0,14.9682417,-1.1550101,79.0970535,0.639810443,5.6795454,3.97959995,569.660217,63.8154984,3.9447,0.0250000004,50,1,0.119999997,0.550000012,0.0133333337
SL10_rand_6_r0,2,1802,0.119999997,0,1.27416384,3.97959995,0.0649999976,0.0549999997,0.0454964861,0.0454340689,0,1.27630997,6,2.5,7.36225986,0,0,0,0,0,14.9682417,-1.1550101,79.0970535,0.639810443,5.6795454,3.97959995,569.660217,63.8154984,3.9447,0.0250000004,50,1,0.119999997,0.550000012,0.0133333337
SL10_rand_6_r0,2,1803,0.13333334,0,1.27534425,3.97959995,0.0646666661,0.0546666682,0.0458459035,0.0458148569,0,1.27630997,6,2.5,7.36225986,0,0,0,0,0,14.9682417,-1.1550101,79.0970535,0.639810443,5.6795454,3.97959995,569.660217,63.8154984,3.9447,0.0250000004,50,1,0.119999997,0.550000012,0.0133333337
SL10_rand_6_r0,2,1804,0.146666661,0,1.27587545,3.97959995,0.0643333346,0.0543333329,0.0464266129,0.0463871136,0,1.27630997,6,2.5,7.36225986,0,0,0,0,0,14.9682417,-1.1550101,79.0970535,0.639810443,5.6795454,3.97959995,569.660217,63.8154984,3.9447,0.0250000004,50,1,0.119999997,0.550000012,0.0133333337
SL10_rand_6_r0,2,1805,0.159999996,0,1.27611446,3.97959995,0.064000003,0.0540000014,0.0467614345,0.0466851108,0,1.27630997,6,2.5,7.36225986,0,0,0,0,0,14.9682417,-1.1550101,79.0970535,0.639810443,5.6795454,3.97959995,569.660217,63.8154984,3.9447,0.0250000004,50,1,0.119999997,0.550000012,0.0133333337
SL10_rand_6_r0,2,1806,0.173333332,0,1.27622199,3.97959995,0.0636666641,0.0536666662,0.0471892618,0.0471616164,0,1.27630997,6,2.5,7.36225986,0,0,0,0,0,14.9682417,-1.1550101,79.0970535,0.639810443,5.6795454,3.97959995,569.660217,63.8154984,3.9447,0.0250000004,50,1,0.119999997,0.550000012,0.0133333337
SL10_rand_6_r0,2,1807,0.186666667,0,1.27627039,3.97959995,0.0633333325,0.0533333346,0.0475351661,0.0473869219,0,1.27630997,6,2.5,7.36225986,0,0,0,0,0,14.9682417,-1.1550101,79.0970535,0.639810443,5.6795454,3.97959995,569.660217,63.8154984,3.9447,0.0250000004,50,1,0.119999997,0.550000012,0.0133333337
SL10_rand_6_r0,2,1808,0.200000003,0,1.2762922,3.97959995,0.063000001,0.0529999994,0.0478054993,0.0477774516,0,1.27630997,6,2.5,7.36225986,0,0,0,0,0,14.9682417,-1.1550101,79.0970535,0.639810443,5.6795454,3.97959995,569.660217,63.8154984,3.9447,0.0250000004,50,1,0.119999997,0.550000012,0.0133333337
SL10_rand_6_r0,2,1809,0.213333338,0,1.27630198,3.97959995,0.0626666695,0.0526666678,0.0481889509,0.0479333922,0,1.27630997,6,2.5,7.36225986,0,0,0,0,0,14.9682417,-1.1550101,79.0970535,0.639810443,5.6795454,3.97959995,569.660217,63.8154984,3.9447,0.0250000004,50,1,0.119999997,0.550000012,0.0133333337
SL10_rand_6_r0,2,1810,0.226666674,0,1.27630639,3.97959995,0.0623333342,0.0523333326,0.0482931025,0.0482467934,0,1.27630997,6,2.5,7.36225986,0,0,0,0,0,14.9682417,-1.1550101,79.0970535,0.639810443,5.6795454,3.97959995,569.660217,63.8154984,3.9447,0.0250000004,50,1,0.119999997,0.550000012,0.0133333337
SL10_rand_6_r0,2,1811,0.239999995,0,1.27630842,3.97959995,0.061999999,0.0520000011,0.0486724526,0.0486149341,0,1.27630997,6,2.5,7.36225986,0,0,0,0,0,14.9682417,-1.1550101,79.0970535,0.639810443,5.6795454,3.97959995,569.660217,63.8154984,3.9447,0.0250000004,50,1,0.119999997,0.550000012,0.0133333337
SL10_rand_6_r0,2,1812,0.25333333,0,1.27630925,3.97959995,0.0616666675,0.0516666658,0.04867227,0.0485843979,0,1.27630997,6,2.5,7.36225986,0,0,0,0,0,14.9682417,-1.1550101,79.0970535,0.639810443,5.6795454,3.97959995,569.660217,63.8154984,3.9447,0.0250000004,50,1,0.119999997,0.550000012,0.0133333337
SL10_rand_6_r0,2,1813,0.266666681,0,1.27630973,3.97959995,0.0613333322,0.0513333343,0.0488859266,0.0488732159,0,1.27630997,6,2.5,7.36225986,0,0,0,0,0,14.9682417,-1.1550101,79.0970535,0.639810443,5.6795454,3.97959995,569.660217,63.8154984,3.9447,0.0250000004,50,1,0.119999997,0.550000012,0.0133333337
SL10_rand_6_r0,2,1814,0.280000001,0,1.27630985,3.97959995,0.0610000007,0.050999999,0.048936706,0.0485552624,0,1.27630997,6,2.5,7.36225986,0,0,0,0,0,14.9682417,-1.1550101,79.0970535,0.639810443,5.6795454,3.97959995,569.660217,63.8154984,3.9447,0.0250000004,50,1,0.119999997,0.550000012,0.0133333337
SL10_rand_6_r0,2,1815,0.293333322,0,1.27630997,3.97959995,0.0606666654,0.0506666675,0.0490276031,0.049023997,0,1.27630997,6,2.5,7.36225986,0,0,0,0,0,14.9682417,-1.1550101,79.0970535,0.639810443,5.6795454,3.97959995,569.660217,63.8154984,3.9447,0.0250000004,50,1,0.119999997,0.550000012,0.0133333337
SL10_rand_6_r0,2,1816,0.306666672,0,1.27630997,3.97959995,0.0603333339,0.0503333323,0.0490381233,0.048659578,0,1.27630997,6,2.5,7.36225986,0,0,0,0,0,14.9682417,-1.1550101,79.0970535,0.639810443,5.6795454,3.97959995,569.660217,63.8154984,3.9447,0.0250000004,50,1,0.119999997,0.550000012,0.0133333337
SL10_rand_6_r0,2,1817,0.319999993,0,1.27630997,3.97959995,0.0599999987,0.0500000007,0.0490365773,0.0487931706,0,1.27630997,6,2.5,7.36225986,0,0,0,0,0,14.9682417,-1.1550101,79.0970535,0.639810443,5.6795454,3.97959995,569.660217,63.8154984,3.9447,0.0250000004,50,1,0.119999997,0.550000012,0.0133333337
SL10_rand_6_r0,2,1818,0.333333343,0,1.27630997,3.97959995,0.0596666671,0.0496666655,0.0490968041,0.0486711562,0,1.27630997,6,2.5,7.36225986,0,0,0,0,0,14.9682417,-1.1550101,79.0970535,0.639810443,5.6795454,3.97959995,569.660217,63.8154984,3.9447,0.0250000004,50,1,0.119999997,0.550000012,0.0133333337
SL10_rand_6_r0,2,1819,0.346666664,0,1.27630997,3.97959995,0.0593333319,0.049333334,0.0489283055,0.0487626642,0,1.27630997,6,2.5,7.36225986,0,0,0,0,0,14.9682417,-1.1550101,79.0970535,0.639810443,5.6795454,3.97959995,569.660217,63.8154984,3.9447,0.0250000004,50,1,0.119999997,0.550000012,0.0133333337
SL10_rand_6_r0,2,1820,0.360000014,0,1.27630997,3.97959995,0.0590000004,0.0489999987,0.0491308793,0.0485967807,0,1.27630997,6,2.5,7.36225986,0,0,0,0,0,14.9682417,-1.1550101,79.0970535,0.639810443,5.6795454,3.97959995,569.660217,63.8154984,3.9447,0.0250000004,50,1,0.119999997,0.550000012,0.0133333337
SL10_rand_6_r0,2,1821,0.373333335,0,1.27630997,3.97959995,0.0586666651,0.0486666672,0.048777502,0.048653014,0,1.27630997,6,2.5,7.36225986,0,0,0,0,0,14.9682417,-1.1550101,79.0970535,0.639810443,5.6795454,3.97959995,569.660217,63.8154984,3.9447,0.0250000004,50,1,0.119999997,0.550000012,0.0133333337
SL10_rand_6_r0,2,1822,0.386666656,0,1.27630997,3.97959995,0.0583333336,0.0483333319,0.0489893705,0.0488613956,0,1.27630997,6,2.5,7.36225986,0,0,0,0,0,14.9682417,-1.1550101,79.0970535,0.639810443,5.6795454,3.97959995,569.660217,63.8154984,3.9447,0.0250000004,50,1,0.119999997,0.550000012,0.0133333337
SL10_rand_6_r0,2,1823,0.400000006,0,1.27630997,3.97959995,0.0579999983,0.0480000004,0.0485968105,0.048469983,0,1.27630997,6,2.5,7.36225986,0,0,0,0,0,14.9682417,-1.1550101,79.0970535,0.639810443,5.6795454,3.97959995,569.660217,63.8154984,3.9447,0.0250000004,50,1,0.119999997,0.550000012,0.0133333337
SL10_rand_6_r0,2,1824,0.413333327,0,1.27630997,3.97959995,0.0576666668,0.0476666652,0.0488150492,0.0486454479,0,1.27630997,6,2.5,7.36225986,0,0,0,0,0,14.9682417,-1.1550101,79.0970535,0.639810443,5.6795454,3.97959995,569.660217,63.8154984,3.9447,0.0250000004,50,1,0.119999997,0.550000012,0.0133333337
SL10_rand_6_r0,2,1825,0.426666677,0,1.27630997,3.97959995,0.0573333316,0.0473333336,0.0483904518,0.0482096858,0,1.27630997,6,2.5,7.36225986,0,0,0,0,0,14.9682417,-1.1550101,79.0970535,0.639810443,5.6795454,3.97959995,569.660217,63.8154984,3.9447,0.0250000004,50,1,0.119999997,0.550000012,0.0133333337
SL10_rand_6_r0,2,1826,0.439999998,0,1.27630997,3.97959995,0.057,0.0469999984,0.048458863,0.0483427122,0,1.27630997,6,2.5,7.36225986,0,0,0,0,0,14.9682417,-1.1550101,79.0970535,0.639810443,5.6795454,3.97959995,569.660217,63.8154984,3.9447,0.0250000004,50,1,0.119999997,0.550000012,0.0133333337
SL10_rand_6_r0,2,1827,0.453333348,0,1.27630997,3.97959995,0.0566666685,0.0466666669,0.0481674038,0.0478745624,0,1.27630997,6,2.5,7.36225986,0,0,0,0,0,14.9682417,-1.1550101,79.0970535,0.639810443,5.6795454,3.97959995,569.660217,63.8154984,3.9447,0.0250000004,50,1,0.119999997,0.550000012,0.0133333337
SL10_rand_6_r0,2,1828,0.466666669,0,1.27630997,3.97959995,0.0563333333,0.0463333316,0.048032552,0.0479740202,0,1.27630997,6,2.5,7.36225986,0,0,0,0,0,14.9682417,-1.1550101,79.0970535,0.639810443,5.6795454,3.97959995,569.660217,63.8154984,3.9447,0.0250000004,50,1,0.119999997,0.550000012,0.0133333337
SL10_rand_6_r0,2,1829,0.479999989,0,1.27630997,3.97959995,0.0560000017,0.0460000001,0.0479443185,0.0474717058,0,1.27630997,6,2.5,7.36225986,0,0,0,0,0,14.9682417,-1.1550101,79.0970535,0.639810443,5.6795454,3.97959995,569.660217,63.8154984,3.9447,0.0250000004,50,1,0.119999997,0.550000012,0.0133333337
SL10_rand_6_r0,2,1830,0.49333334,0,1.27630997,3.97959995,0.0556666665,0.0456666648,0.0475805961,0.0475400686,0,1.27630997,6,2.5,7.36225986,0,0,0,0,0,14.9682417,-1.1550101,79.0970535,0.639810443,5.6795454,3.97959995,569.660217,63.8154984,3.9447,0.0250000004,50,1,0.119999997,0.550000012,0.0133333337
SL10_rand_6_r0,2,1831,0.50666666,0,1.27630997,3.97959995,0.055333335,0.0453333333,0.0474338084,0.0473287739,0,1.27630997,6,2.5,7.36225986,0,0,0,0,0,14.9682417,-1.1550101,79.0970535,0.639810443,5.6795454,3.97959995,569.660217,63.8154984,3.9447,0.0250000004,50,1,0.119999997,0.550000012,0.0133333337
SL10_rand_6_r0,2,1832,0.519999981,0,1.27630997,3.97959995,0.0549999997,0.0450000018,0.0471047126,0.0470457152,0,1.27630997,6,2.5,7.36225986,0,0,0,0,0,14.9682417,-1.1550101,79.0970535,0.639810443,5.6795454,3.97959995,569.660217,63.8154984,3.9447,0.0250000004,50,1,0.119999997,0.550000012,0.0133333337
SL10_rand_6_r0,2,1833,0.533333361,0,1.27630997,3.97959995,0.0546666682,0.0446666665,0.0468501635,0.0468079969,0,1.27630997,6,2.5,7.36225986,0,0,0,0,0,14.9682417,-1.1550101,79.0970535,0.639810443,5.6795454,3.97959995,569.660217,63.8154984,3.9447,0.0250000004,50,1,0.119999997,0.550000012,0.0133333337
SL10_rand_6_r0,2,1834,0.546666682,0,1.27630997,3.97959995,0.0543333329,0.044333335,0.0465683155,0.0465120189,0,1.27630997,6,2.5,7.36225986,0,0,0,0,0,14.9682417,-1.1550101,79.0970535,0.639810443,5.6795454,3.97959995,569.660217,63.8154984,3.9447,0.0250000004,50,1,0.119999997,0.550000012,0.0133333337
SL10_rand_6_r0,2,1835,0.560000002,0,1.27630997,3.97959995,0.0540000014,0.0439999998,0.0462482944,0.0462400243,0,1.27630997,6,2.5,7.36225986,0,0,0,0,0,14.9682417,-1.1550101,79.0970535,0.639810443,5.6795454,3.97959995,569.660217,63.8154984,3.9447,0.0250000004,50,1,0.119999997,0.550000012,0.0133333337
SL10_rand_6_r0,2,1836,0.573333323,0,1.27630997,3.97959995,0.0536666662,0.0436666682,0.0459936187,0.0459275097,0,1.27630997,6,2.5,7.36225986,0,0,0,0,0,14.9682417,-1.1550101,79.0970535,0.639810443,5.6795454,3.97959995,569.660217,63.8154984,3.9447,0.0250000004,50,1,0.119999997,0.550000012,0.0133333337
SL10_rand_6_r0,2,1837,0.586666644,0,1.27630997,3.97959995,0.0533333346,0.043333333,0.0456372462,0.0456355773,0,1.27630997,6,2.5,7.36225986,0,0,0,0,0,14.9682417,-1.1550101,79.0970535,0.639810443,5.6795454,3.97959995,569.660217,63.8154984,3.9447,0.0250000004,50,1,0.119999997,0.550000012,0.0133333337
SL10_rand_6_r0,2,1838,0.600000024,0,1.27630997,3.97959995,0.0529999994,0.0430000015,0.0454057306,0.045309782,0,1.27630997,6,2.5,7.36225986,0,0,0,0,0,14.9682417,-1.1550101,79.0970535,0.639810443,5.6795454,3.97959995,569.660217,63.8154984,3.9447,0.0250000004,50,1,0.119999997,0.550000012,0.0133333337
SL10_rand_6_r0,2,1839,0.613333344,0,1.27630997,3.97959995,0.0526666678,0.0426666662,0.0450240299,0.0450018682,0,1.27630997,6,2.5,7.36225986,0,0,0,0,0,14.9682417,-1.1550101,79.0970535,0.639810443,5.6795454,3.97959995,569.660217,63.8154984,3.9447,0.0250000004,50,1,0.119999997,0.550000012,0.0133333337
SL10_rand_6_r0,2,1840,0.626666665,0,1.27630997,3.97959995,0.0523333326,0.0423333347,0.0448144488,0.0446672589,0,1.27630997,6,2.5,7.36225986,0,0,0,0,0,14.9682417,-1.1550101,79.0970535,0.639810443,5.6795454,3.97959995,569.660217,63.8154984,3.9447,0.0250000004,50,1,0.119999997,0.550000012,0.0133333337
SL10_rand_6_r0,2,1841,0.639999986,0,1.27630997,3.97959995,0.0520000011,0.0419999994,0.0444166064,0.0443468839,0,1.27630997,6,2.5,7.36225986,0,0,0,0,0,14.9682417,-1.1550101,79.0970535,0.639810443,5.6795454,3.97959995,569.660217,63.8154984,3.9447,0.0250000004,50,1,0.119999997,0.550000012,0.0133333337
SL10_rand_6_r0,2,1842,0.653333306,0,1.27630997,3.97959995,0.0516666658,0.0416666679,0.0441882871,0.0440506563,0,1.27630997,6,2.5,7.36225986,0,0,0,0,0,14.9682417,-1.1550101,79.0970535,0.639810443,5.6795454,3.97959995,569.660217,63.8154984,3.9447,0.0250000004,50,1,0.119999997,0.550000012,0.0133333337
SL10_rand_6_r0,2,1843,0.666666687,0,1.27630997,3.97959995,0.0513333343,0.0413333327,0.043823272,0.0436774418,0,1.27630997,6,2.5,7.36225986,0,0,0,0,0,14.9682417,-1.1550101,79.0970535,0.639810443,5.6795454,3.97959995,569.660217,63.8154984,3.9447,0.0250000004,50,1,0.119999997,0.550000012,0.0133333337
SL10_rand_6_r0,2,1844,0.680000007,0,1.27630997,3.97959995,0.050999999,0.0410000011,0.0435419641,0.0433729589,0,1.27630997,6,2.5,7.36225986,0,0,0,0,0,14.9682417,-1.1550101,79.0970535,0.639810443,5.6795454,3.97959995,569.660217,63.8154984,3.9447,0.0250000004,50,1,0.119999997,0.550000012,0.0133333337
SL10_rand_6_r0,2,1845,0.693333328,0,1.27630997,3.97959995,0.0506666675,0.0406666659,0.043139793,0.0430703647,0,1.27630997,6,2.5,7.36225986,0,0,0,0,0,14.9682417,-1.1550101,79.0970535,0.639810443,5.6795454,3.97959995,569.660217,63.8154984,3.9447,0.0250000004,50,1,0.119999997,0.550000012,0.0133333337
SL10_rand_6_r0,2,1846,0.706666648,0,1.27630997,3.97959995,0.0503333323,0.0403333344,0.0428978577,0.0427317061,0,1.27630997,6,2.5,7.36225986,0,0,0,0,0,14.9682417,-1.1550101,79.0970535,0.639810443,5.6795454,3.97959995,569.660217,63.8154984,3.9447,0.0250000004,50,1,0.119999997,0.550000012,0.0133333337
SL10_rand_6_r0,2,1847,0.720000029,0,1.27630997,3.97959995,0.0500000007,0.0399999991,0.042393025,0.0423753969,0,1.27630997,6,2.5,7.36225986,0,0,0,0,0,14.9682417,-1.1550101,79.0970535,0.639810443,5.6795454,3.97959995,569.660217,63.8154984,3.9447,0.0250000004,50,1,0.119999997,0.550000012,0.0133333337
SL10_rand_6_r0,2,1848,0.733333349,0,1.27630997,3.97959995,0.0496666655,0.0396666676,0.0421294272,0.0420489721,0,1.27630997,6,2.5,7.36225986,0,0,0,0,0,14.9682417,-1.1550101,79.0970535,0.639810443,5.6795454,3.97959995,569.660217,63.8154984,3.9447,0.0250000004,50,1,0.119999997,0.550000012,0.0133333337
SL10_rand_6_r0,2,1849,0.74666667,0,1.27630997,3.97959995,0.049333334,0.0393333323,0.0417013019,0.0415994525,0,1.27630997,6,2.5,7.36225986,0,0,0,0,0,14.9682417,-1.1550101,79.0970535,0.639810443,5.6795454,3.97959995,569.660217,63.8154984,3.9447,0.0250000004,50,1,0.119999997,0.550000012,0.0133333337
SL10_rand_6_r0,2,1850,0.75999999,0,1.27630997,3.97959995,0.0489999987,0.0390000008,0.0413851999,0.0412859917,0,1.27630997,6,2.5,7.36225986,0,0,0,0,0,14.9682417,-1.1550101,79.0970535,0.639810443,5.6795454,3.97959995,569.660217,63.8154984,3.9447,0.0250000004,50,1,0.119999997,0.550000012,0.0133333337
SL10_rand_6_r0,2,1851,0.773333311,0,1.27630997,3.97959995,0.0486666672,0.0386666656,0.0409590267,0.0409155376,0,1.27630997,6,2.5,7.36225986,0,0,0,0,0,14.9682417,-1.1550101,79.0970535,0.639810443,5.6795454,3.97959995,569.660217,63.8154984,3.9447,0.0250000004,50,1,0.119999997,0.550000012,0.0133333337
SL10_rand_6_r0,2,1852,0.786666691,0,1.27630997,3.97959995,0.0483333319,0.038333334,0.040637318,0.0405981205,0,1.27630997,6,2.5,7.36225986,0,0,0,0,0,14.9682417,-1.1550101,79.0970535,0.639810443,5.6795454,3.97959995,569.660217,63.8154984,3.9447,0.0250000004,50,1,0.119999997,0.550000012,0.0133333337
SL10_rand_6_r0,2,1853,0.800000012,0,1.27630997,3.97959995,0.0480000004,0.0379999988,0.0402473249,0.0402346738,0,1.27630997,6,2.5,7.36225986,0,0,0,0,0,14.9682417,-1.1550101,79.0970535,0.639810443,5.6795454,3.97959995,569.660217,63.8154984,3.9447,0.0250000004,50,1,0.119999997,0.550000012,0.0133333337
SL10_rand_6_r0,2,1854,0.813333333,0,1.27630997,3.97959995,0.0476666652,0.0376666673,0.0399205163,0.0399143994,0,1.27630997,6,2.5,7.36225986,0,0,0,0,0,14.9682417,-1.1550101,79.0970535,0.639810443,5.6795454,3.97959995,569.660217,63.8154984,3.9447,0.0250000004,50,1,0.119999997,0.550000012,0.0133333337
SL10_rand_6_r0,2,1855,0.826666653,0,1.27630997,3.97959995,0.0473333336,0.037333332,0.0395716392,0.0395598412,0,1.27630997,6,2.5,7.36225986,0,0,0,0,0,14.9682417,-1.1550101,79.0970535,0.639810443,5.6795454,3.97959995,569.660217,63.8154984,3.9447,0.0250000004,50,1,0.119999997,0.550000012,0.0133333337
SL10_rand_6_r0,2,1856,0.839999974,0,1.27630997,3.97959995,0.0469999984,0.0370000005,0.0392381065,0.039236214,0,1.27630997,6,2.5,7.36225986,0,0,0,0,0,14.9682417,-1.1550101,79.0970535,0.639810443,5.6795454,3.97959995,569.660217,63.8154984,3.9447,0.0250000004,50,1,0.119999997,0.550000012,0.0133333337
SL10_rand_6_r0,2,1857,0.853333354,0,1.27630997,3.97959995,0.0466666669,0.0366666652,0.0389353856,0.0388901643,0,1.27630997,6,2.5,7.36225986,0,0,0,0,0,14.9682417,-1.1550101,79.0970535,0.639810443,5.6795454,3.97959995,569.660217,63.8154984,3.9447,0.0250000004,50,1,0.119999997,0.550000012,0.0133333337
SL10_rand_6_r0,2,1858,0.866666675,0,1.27630997,3.97959995,0.0463333316,0.0363333337,0.0385913998,0.03856254,0,1.27630997,6,2.5,7.36225986,0,0,0,0,0,14.9682417,-1.1550101,79.0970535,0.639810443,5.6795454,3.97959995,569.660217,63.8154984,3.9447,0.0250000004,50,1,0.119999997,0.550000012,0.0133333337
SL10_rand_6_r0,2,1859,0.879999995,0,1.27630997,3.97959995,0.0460000001,0.0359999985,0.0383218043,0.0382606685,0,1.27630997,6,2.5,7.36225986,0,0,0,0,0,14.9682417,-1.1550101,79.0970535,0.639810443,5.6795454,3.97959995,569.660217,63.8154984,3.9447,0.0250000004,50,1,0.119999997,0.550000012,0.0133333337
SL10_rand_6_r0,2,1860,0.893333316,0,1.27630997,3.97959995,0.0456666648,0.0356666669,0.0379831046,0.037892025,0,1.27630997,6,2.5,7.36225986,0,0,0,0,0,14.9682417,-1.1550101,79.0970535,0.639810443,5.6795454,3.97959995,569.660217,63.8154984,3.9447,0.0250000004,50,1,0.119999997,0.550000012,0.0133333337
SL10_rand_6_r0,2,1861,0.906666696,0,1.27630997,3.97959995,0.0453333333,0.0353333317,0.0376590267,0.0375868268,0,1.27630997,6,2.5,7.36225986,0,0,0,0,0,14.9682417,-1.1550101,79.0970535,0.639810443,5.6795454,3.97959995,569.660217,63.8154984,3.9447,0.0250000004,50,1,0.119999997,0.550000012,0.0133333337
SL10_rand_6_r0,2,1862,0.920000017,0,1.27630997,3.97959995,0.0450000018,0.0350000001,0.037414968,0.0372239463,0,1.27630997,6,2.5,7.36225986,0,0,0,0,0,14.9682417,-1.1550101,79.0970535,0.639810443,5.6795454,3.97959995,569.660217,63.8154984,3.9447,0.0250000004,50,1,0.119999997,0.550000012,0.0133333337
SL10_rand_6_r0,2,1863,0.933333337,0,1.27630997,3.97959995,0.0446666665,0.0346666649,0.0370243676,0.0369039848,0,1.27630997,6,2.5,7.36225986,0,0,0,0,0,14.9682417,-1.1550101,79.0970535,0.639810443,5.6795454,3.97959995,569.660217,63.8154984,3.9447,0.0250000004,50,1,0.119999997,0.550000012,0.0133333337
SL10_rand_6_r0,2,1864,0.946666658,0,1.27630997,3.97959995,0.044333335,0.0343333334,0.0368119963,0.0365359969,0,1.27630997,6,2.5,7.36225986,0,0,0,0,0,14.9682417,-1.1550101,79.0970535,0.639810443,5.6795454,3.97959995,569.660217,63.8154984,3.9447,0.0250000004,50,1,0.119999997,0.550000012,0.0133333337
SL10_rand_6_r0,2,1865,0.959999979,0,1.27630997,3.97959995,0.0439999998,0.0340000018,0.0364373513,0.0362228751,0,1.27630997,6,2.5,7.36225986,0,0,0,0,0,14.9682417,-1.1550101,79.0970535,0.639810443,5.6795454,3.97959995,569.660217,63.8154984,3.9447,0.0250000004,50,1,0.119999997,0.550000012,0.0133333337
SL10_rand_6_r0,2,1866,0.973333359,0,1.27630997,3.97959995,0.0436666682,0.0336666666,0.0360505059,0.0358776003,0,1.27630997,6,2.5,7.36225986,0,0,0,0,0,14.9682417,-1.1550101,79.0970535,0.639810443,5.6795454,3.97959995,569.660217,63.8154984,3.9447,0.0250000004,50,1,0.119999997,0.550000012,0.0133333337
SL10_rand_6_r0,2,1867,0.986666679,0,1.27630997,3.97959995,0.043333333,0.0333333351,0.0357806981,0.0355625562,0,1.27630997,6,2.5,7.36225986,0,0,0,0,0,14.9682417,-1.1550101,79.0970535,0.639810443,5.6795454,3.97959995,569.660217,63.8154984,3.9447,0.0250000004,50,1,0.119999997,0.550000012,0.0133333337
SL10_rand_6_r0,2,1868,1,0,1.27630997,3.97959995,0.0430000015,0.0329999998,0.0353359543,0.0352219902,0,1.27630997,6,2.5,7.36225986,0,0,0,0,0,14.9682417,-1.1550101,79.0970535,0.639810443,5.6795454,3.97959995,569.660217,63.8154984,3.9447,0.0250000004,50,1,0.119999997,0.550000012,0.0133333337
SL10_rand_6_r0,2,1869,1.01333332,1,1.27630997,3.97959995,0.0426666662,0.0326666683,0.0350313932,0.0349008515,0,1.27630997,6,2.5,7.36225986,0,0,0,0,0,13.1383972,-0.489759415,83.6648788,0.767772496,5.92729282,3.97959995,569.660217,63.8154984,3.9447,0.0250000004,50,1,0.119999997,0.550000012,0.0133333337
SL10_rand_6_r0,2,1870,1.02666664,1,1.27630997,3.97959995,0.0423333347,0.032333333,0.0346484669,0.0345719382,0,1.27630997,6,2.5,7.36225986,0,0,0,0,0,13.1383972,-0.489759415,83.6648788,0.767772496,5.92729282,3.97959995,569.660217,63.8154984,3.9447,0.0250000004,50,1,0.119999997,0.550000012,0.0133333337
SL10_rand_6_r0,2,1871,1.03999996,1,1.27630997,3.97959995,0.0419999994,0.0320000015,0.0342873558,0.034245234,0,1.27630997,6,2.5,7.36225986,0,0,0,0,0,13.1383972,-0.489759415,83.6648788,0.767772496,5.92729282,3.97959995,569.660217,63.8154984,3.9447,0.0250000004,50,1,0.119999997,0.550000012,0.0133333337
SL10_rand_6_r0,2,1872,1.05333328,1,1.27630997,3.97959995,0.0416666679,0.0316666663,0.0339733735,0.0339204073,0,1.27630997,6,2.5,7.36225986,0,0,0,0,0,13.1383972,-0.489759415,83.6648788,0.767772496,5.92729282,3.97959995,569.660217,63.8154984,3.9447,0.0250000004,50,1,0.119999997,0.550000012,0.0133333337
SL10_rand_6_r0,2,1873,1.06666672,1,1.27630997,3.97959995,0.0413333327,0.0313333347,0.0335845649,0.0335815325,0,1.27630997,6,2.5,7.36225986,0,0,0,0,0,13.1383972,-0.489759415,83.6648788,0.767772496,5.92729282,3.97959995,569.660217,63.8154984,3.9447,0.0250000004,50,1,0.119999997,0.550000012,0.0133333337
SL10_rand_6_r0,2,1874,1.08000004,1,1.27630997,3.97959995,0.0410000011,0.0309999995,0.0332707092,0.0332644545,0,1.27630997,6,2.5,7.36225986,0,0,0,0,0,13.1383972,-0.489759415,83.6648788,0.767772496,5.92729282,3.97959995,569.660217,63.8154984,3.9447,0.0250000004,50,1,0.119999997,0.550000012,0.0133333337
SL10_rand_6_r0,2,1875,1.09333336,1,1.27630997,3.97959995,0.0406666659,0.0306666661,0.0329492055,0.0329100266,0,1.27630997,6,2.5,7.36225986,0,0,0,0,0,13.1383972,-0.489759415,83.6648788,0.767772496,5.92729282,3.97959995,569.660217,63.8154984,3.9447,0.0250000004,50,1,0.119999997,0.550000012,0.0133333337
SL10_rand_6_r0,2,1876,1.10666668,1,1.27630997,3.97959995,0.0403333344,0.0303333327,0.03261571,0.0325827673,0,1.27630997,6,2.5,7.36225986,0,0,0,0,0,13.1383972,-0.489759415,83.6648788,0.767772496,5.92729282,3.97959995,569.660217,63.8154984,3.9447,0.0250000004,50,1,0.119999997,0.550000012,0.0133333337
SL10_rand_6_r0,2,1877,1.12,1,1.27630997,3.97959995,0.0399999991,0.0299999993,0.032343857,0.0322881155,0,1.27630997,6,2.5,7.36225986,0,0,0,0,0,13.1383972,-0.489759415,83.6648788,0.767772496,5.92729282,3.97959995,569.660217,63.8154984,3.9447,0.0250000004,50,1,0.119999997,0.550000012,0.0133333337
SL10_rand_6_r0,2,1878,1.13333333,1,1.27630997,3.97959995,0.0396666676,0.0296666659,0.0320879221,0.0318996273,0,1.27630997,6,2.5,7.36225986,0,0,0,0,0,13.1383972,-0.489759415,83.6648788,0.767772496,5.92729282,3.97959995,569.660217,63.8154984,3.9447,0.0250000004,50,1,0.119999997,0.550000012,0.0133333337
SL10_rand_6_r0,2,1879,1.14666665,1,1.27630997,3.97959995,0.0393333323,0.0293333326,0.0317865536,0.0315960906,0,1.27630997,6,2.5,7.36225986,0,0,0,0,0,13.1383972,-0.489759415,83.6648788,0.767772496,5.92729282,3.97959995,569.660217,63.8154984,3.9447,0.0250000004,50,1,0.119999997,0.550000012,0.0133333337
SL10_rand_6_r0,2,1880,1.15999997,1,1.27630997,3.97959995,0.0390000008,0.0289999992,0.0314793214,0.0312008448,0,1.27630997,6,2.5,7.36225986,0,0,0,0,0,13.1383972,-0.489759415,83.6648788,0.767772496,5.92729282,3.97959995,569.660217,63.8154984,3.9447,0.0250000004,50,1,0.119999997,0.550000012,0.0133333337
SL10_rand_6_r0,2,1881,1.17333329,1,1.27630997,3.97959995,0.0386666656,0.0286666658,0.0309320744,0.0308653843,0,1.27630997,6,2.5,7.36225986,0,0,0,0,0,13.1383972,-0.489759415,83.6648788,0.767772496,5.92729282,3.97959995,569.660217,63.8154984,3.9447,0.0250000004,50,1,0.119999997,0.550000012,0.0133333337
SL10_rand_6_r0,2,1882,1.18666661,1,1.27630997,3.97959995,0.038333334,0.0283333343,0.0306401979,0.0305182971,0,1.27630997,6,2.5,7.36225986,0,0,0,0,0,13.1383972,-0.489759415,83.6648788,0.767772496,5.92729282,3.97959995,569.660217,63.8154984,3.9447,0.0250000004,50,1,0.119999997,0.550000012,0.0133333337
SL10_rand_6_r0,2,1883,1.20000005,1,1.27630997,3.97959995,0.0379999988,0.0280000009,0.0302030034,0.0301905349,0,1.27630997,6,2.5,7.36225986,0,0,0,0,0,13.1383972,-0.489759415,83.6648788,0.767772496,5.92729282,3.97959995,569.660217,63.8154984,3.9447,0.0250000004,50,1,0.119999997,0.550000012,0.0133333337
SL10_rand_6_r0,2,1884,1.21333337,1,1.27630997,3.97959995,0.0376666673,0.0276666675,0.0299245995,0.0299049504,0,1.27630997,6,2.5,7.36225986,0,0,0,0,0,13.1383972,-0.489759415,83.6648788,0.767772496,5.92729282,3.97959995,569.660217,63.8154984,3.9447,0.0250000004,50,1,0.119999997,0.550000012,0.0133333337
SL10_rand_6_r0,2,1885,1.22666669,1,1.27630997,3.97959995,0.037333332,0.0273333341,0.0296435263,0.0295173749,0,1.27630997,6,2.5,7.36225986,0,0,0,0,0,13.1383972,-0.489759415,83.6648788,0.767772496,5.92729282,3.97959995,569.660217,63.8154984,3.9447,0.0250000004,50,1,0.119999997,0.550000012,0.0133333337
SL10_rand_6_r0,2,1886,1.24000001,1,1.27630997,3.97959995,0.0370000005,0.0270000007,0.0292791575,0.0292095002,0,1.27630997,6,2.5,7.36225986,0,0,0,0,0,13.1383972,-0.489759415,83.6648788,0.767772496,5.92729282,3.97959995,569.660217,63.8154984,3.9447,0.0250000004,50,1,0.119999997,0.550000012,0.0133333337
SL10_rand_6_r0,2,1887,1.25333333,1,1.27630997,3.97959995,0.0366666652,0.0266666673,0.0290431175,0.0289380495,0,1.27630997,6,2.5,7.36225986,0,0,0,0,0,13.1383972,-0.489759415,83.6648788,0.767772496,5.92729282,3.97959995,569.660217,63.8154984,3.9447,0.0250000004,50,1,0.119999997,0.550000012,0.0133333337
SL10_rand_6_r0,2,1888,1.26666665,1,1.27630997,3.97959995,0.0363333337,0.0263333339,0.0288762804,0.0284589697,0,1.27630997,6,2.5,7.36225986,0,0,0,0,0,13.1383972,-0.489759415,83.6648788,0.767772496,5.92729282,3.97959995,569.660217,63.8154984,3.9447,0.0250000004,50,1,0.119999997,0.550000012,0.0133333337
SL10_rand_6_r0,2,1889,1.27999997,1,1.27630997,3.97959995,0.0359999985,0.0260000005,0.0283246562,0.0282649472,0,1.27630997,6,2.5,7.36225986,0,0,0,0,0,13.1383972,-0.489759415,83.6648788,0.767772496,5.92729282,3.97959995,569.660217,63.8154984,3.9447,0.0250000004,50,1,0.119999997,0.550000012,0.0133333337
SL10_rand_6_r0,2,1890,1.29333329,1,1.27630997,3.97959995,0.0356666669,0.0256666671,0.0280105863,0.0277869124,0,1.27630997,6,2.5,7.36225986,0,0,0,0,0,13.1383972,-0.489759415,83.6648788,0.767772496,5.92729282,3.97959995,569.660217,63.8154984,3.9447,0.0250000004,50,1,0.119999997,0.550000012,0.0133333337
SL10_rand_6_r0,2,1891,1.30666661,1,1.27630997,3.97959995,0.0353333317,0.0253333338,0.0276115108,0.0276030954,0,1.27630997,6,2.5,7.36225986,0,0,0,0,0,13.1383972,-0.489759415,83.6648788,0.767772496,5.92729282,3.97959995,569.660217,63.8154984,3.9447,0.0250000004,50,1,0.119999997,0.550000012,0.0133333337
SL10_rand_6_r0,2,1892,1.32000005,1,1.27630997,3.97959995,0.0350000001,0.0250000004,0.0273734387,0.0271185488,0,1.27630997,6,2.5,7.36225986,0,0,0,0,0,13.1383972,-0.489759415,83.6648788,0.767772496,5.92729282,3.97959995,569.660217,63.8154984,3.9447,0.0250000004,50,1,0.119999997,0.550000012,0.0133333337
SL10_rand_6_r0,2,1893,1.33333337,1,1.27630997,3.97959995,0.0346666649,0.024666667,0.0269991327,0.0268421844,0,1.27630997,6,2.5,7.36225986,0,0,0,0,0,13.1383972,-0.489759415,83.6648788,0.767772496,5.92729282,3.97959995,569.660217,63.8154984,3.9447,0.0250000004,50,1,0.119999997,0.550000012,0.0133333337
SL10_rand_6_r0,2,1894,1.34666669,1,1.27630997,3.97959995,0.0343333334,0.0243333336,0.0266248994,0.0265843086,0,1.27630997,6,2.5,7.36225986,0,0,0,0,0,13.1383972,-0.489759415,83.6648788,0.767772496,5.92729282,3.97959995,569.660217,63.8154984,3.9447,0.0250000004,50,1,0.119999997,0.550000012,0.0133333337
SL10_rand_6_r0,2,1895,1.36000001,1,1.27630997,3.97959995,0.0340000018,0.0240000002,0.0265370626,0.0262727905,0,1.27630997,6,2.5,7.36225986,0,0,0,0,0,13.1383972,-0.489759415,83.6648788,0.767772496,5.92729282,3.97959995,569.660217,63.8154984,3.9447,0.0250000004,50,1,0.119999997,0.550000012,0.0133333337
SL10_rand_6_r0,2,1896,1.37333333,1,1.27630997,3.97959995,0.0336666666,0.0236666668,0.0261860583,0.0257160272,0,1.27630997,6,2.5,7.36225986,0,0,0,0,0,13.1383972,-0.489759415,83.6648788,0.767772496,5.92729282,3.97959995,569.660217,63.8154984,3.9447,0.0250000004,50,1,0.119999997,0.550000012,0.0133333337
SL10_rand_6_r0,2,1897,1.38666666,1,1.27630997,3.97959995,0.0333333351,0.0233333334,0.0256620422,0.0253744479,0,1.27630997,6,2.5,7.36225986,0,0,0,0,0,13.1383972,-0.489759415,83.6648788,0.767772496,5.92729282,3.97959995,569.660217,63.8154984,3.9447,0.0250000004,50,1,0.119999997,0.550000012,0.0133333337
SL10_rand_6_r0,2,1898,1.39999998,1,1.27630997,3.97959995,0.0329999998,0.023,0.0251755342,0.0250411853,0,1.27630997,6,2.5,7.36225986,0,0,0,0,0,13.1383972,-0.489759415,83.6648788,0.767772496,5.92729282,3.97959995,569.660217,63.8154984,3.9447,0.0250000004,50,1,0.119999997,0.550000012,0.0133333337
SL10_rand_6_r0,2,1899,1.4133333,1,1.27630997,3.97959995,0.0326666683,0.0226666667,0.024913704,0.0247332323,0,1.27630997,6,2.5,7.36225986,0,0,0,0,0,13.1383972,-0.489759415,83.6648788,0.767772496,5.92729282,3.97959995,569.660217,63.8154984,3.9447,0.0250000004,50,1,0.119999997,0.550000012,0.0133333337
SL10_rand_6_r0,2,1900,1.42666662,1,1.27630997,3.97959995,0.032333333,0.0223333333,0.0245052148,0.0243712328,0,1.27630997,6,2.5,7.36225986,0,0,0,0,0,13.1383972,-0.489759415,83.6648788,0.767772496,5.92729282,3.97959995,569.660217,63.8154984,3.9447,0.0250000004,50,1,0.119999997,0.550000012,0.0133333337
SL10_rand_6_r0,2,1901,1.44000006,1,1.27630997,3.97959995,0.0320000015,0.0219999999,0.0242421497,0.0240571797,0,1.27630997,6,2.5,7.36225986,0,0,0,0,0,13.1383972,-0.489759415,83.6648788,0.767772496,5.92729282,3.97959995,569.660217,63.8154984,3.9447,0.0250000004,50,1,0.119999997,0.550000012,0.0133333337
SL10_rand_6_r0,2,1902,1.45333338,1,1.27630997,3.97959995,0.0316666663,0.0216666665,0.0241758022,0.0236824527,0,1.27630997,6,2.5,7.36225986,0,0,0,0,0,13.1383972,-0.489759415,83.6648788,0.767772496,5.92729282,3.97959995,569.660217,63.8154984,3.9447,0.0250000004,50,1,0.119999997,0.550000012,0.0133333337
SL10_rand_6_r0,2,1903,1.4666667,1,1.27630997,3.97959995,0.0313333347,0.0213333331,0.0237498377,0.0233663507,0,1.27630997,6,2.5,7.36225986,0,0,0,0,0,13.1383972,-0.489759415,83.6648788,0.767772496,5.92729282,3.97959995,569.660217,63.8154984,3.9447,0.0250000004,50,1,0.119999997,0.550000012,0.0133333337
SL10_rand_6_r0,2,1904,1.48000002,1,1.27630997,3.97959995,0.0309999995,0.0209999997,0.0231122412,0.0230193771,0,1.27630997,6,2.5,7.36225986,0,0,0,0,0,13.1383972,-0.489759415,83.6648788,0.767772496,5.92729282,3.97959995,569.660217,63.8154984,3.9447,0.0250000004,50,1,0.119999997,0.550000012,0.0133333337
SL10_rand_6_r0,2,1905,1.49333334,1,1.27630997,3.97959995,0.0306666661,0.0206666663,0.0227296129,0.022696957,0,1.27630997,6,2.5,7.36225986,0,0,0,0,0,13.1383972,-0.489759415,83.6648788,0.767772496,5.92729282,3.97959995,569.660217,63.8154984,3.9447,0.0250000004,50,1,0.119999997,0.550000012,0.0133333337
SL10_rand_6_r0,2,1906,1.50666666,1,1.27630997,3.97959995,0.0303333327,0.0203333329,0.0224194732,0.0223586671,0,1.27630997,6,2.5,7.36225986,0,0,0,0,0,13.1383972,-0.489759415,83.6648788,0.767772496,5.92729282,3.97959995,569.660217,63.8154984,3.9447,0.0250000004,50,1,0.119999997,0.550000012,0.0133333337
SL10_rand_6_r0,2,1907,1.51999998,1,1.27630997,3.97959995,0.0299999993,0.0199999996,0.0221109502,0.0220297184,0,1.27630997,6,2.5,7.36225986,0,0,0,0,0,13.1383972,-0.489759415,83.6648788,0.767772496,5.92729282,3.97959995,569.660217,63.8154984,3.9447,0.0250000004,50,1,0.119999997,0.550000012,0.0133333337
SL10_rand_6_r0,2,1908,1.5333333,1,1.27630997,3.97959995,0.0296666659,0.0196666662,0.0218614005,0.0217238534,0,1.27630997,6,2.5,7.36225986,0,0,0,0,0,13.1383972,-0.489759415,83.6648788,0.767772496,5.92729282,3.97959995,569.660217,63.8154984,3.9447,0.0250000004,50,1,0.119999997,0.550000012,0.0133333337
SL10_rand_6_r0,2,1909,1.54666662,1,1.27630997,3.97959995,0.0293333326,0.0193333328,0.0217948146,0.0213419646,0,1.27630997,6,2.5,7.36225986,0,0,0,0,0,13.1383972,-0.489759415,83.6648788,0.767772496,5.92729282,3.97959995,569.660217,63.8154984,3.9447,0.0250000004,50,1,0.119999997,0.550000012,0.0133333337
SL10_rand_6_r0,2,1910,1.55999994,1,1.27630997,3.97959995,0.0289999992,0.0189999994,0.0212357603,0.0211246908,0,1.27630997,6,2.5,7.36225986,0,0,0,0,0,13.1383972,-0.489759415,83.6648788,0.767772496,5.92729282,3.97959995,569.660217,63.8154984,3.9447,0.0250000004,50,1,0.119999997,0.550000012,0.0133333337
SL10_rand_6_r0,2,1911,1.57333338,1,1.27630997,3.97959995,0.0286666658,0.018666666,0.0207403116,0.0206753016,0,1.27630997,6,2.5,7.36225986,0,0,0,0,0,13.1383972,-0.489759415,83.6648788,0.767772496,5.92729282,3.97959995,569.660217,63.8154984,3.9447,0.0250000004,50,1,0.119999997,0.550000012,0.0133333337
SL10_rand_6_r0,2,1912,1.5866667,1,1.27630997,3.97959995,0.0283333343,0.0183333326,0.020412799,0.0203601941,0,1.27630997,6,2.5,7.36225986,0,0,0,0,0,13.1383972,-0.489759415,83.6648788,0.767772496,5.92729282,3.97959995,569.660217,63.8154984,3.9447,0.0250000004,50,1,0.119999997,0.550000012,0.0133333337
SL10_rand_6_r0,2,1913,1.60000002,1,1.27630997,3.97959995,0.0280000009,0.0179999992,0.0200701281,0.0200692378,0,1.27630997,6,2.5,7.36225986,0,0,0,0,0,13.1383972,-0.489759415,83.6648788,0.767772496,5.92729282,3.97959995,569.660217,63.8154984,3.9447,0.0250000004,50,1,0.119999997,0.550000012,0.0133333337
SL10_rand_6_r0,2,1914,1.61333334,1,1.27630997,3.97959995,0.0276666675,0.0176666658,0.0199155342,0.0196903273,0,1.27630997,6,2.5,7.36225986,0,0,0,0,0,13.1383972,-0.489759415,83.6648788,0.767772496,5.92729282,3.97959995,569.660217,63.8154984,3.9447,0.0250000004,50,1,0.119999997,0.550000012,0.0133333337
SL10_rand_6_r0,2,1915,1.62666667,1,1.27630997,3.97959995,0.0273333341,0.0173333324,0.0196252372,0.019393364,0,1.27630997,6,2.5,7.36225986,0,0,0,0,0,13.1383972,-0.489759415,83.6648788,0.767772496,5.92729282,3.97959995,569.660217,63.8154984,3.9447,0.0250000004,50,1,0.119999997,0.550000012,0.0133333337
SL10_rand_6_r0,2,1916,1.63999999,1,1.27630997,3.97959995,0.0270000007,0.0170000009,0.0193503071,0.0191381872,0,1.27630997,6,2.5,7.36225986,0,0,0,0,0,13.1383972,-0.489759415,83.6648788,0.767772496,5.92729282,3.97959995,569.660217,63.8154984,3.9447,0.0250000004,50,1,0.119999997,0.550000012,0.0133333337
SL10_rand_6_r0,2,1917,1.65333331,1,1.27630997,3.97959995,0.0266666673,0.0166666675,0.0188921504,0.0187702738,0,1.27630997,6,2.5,7.36225986,0,0,0,0,0,13.1383972,-0.489759415,83.6648788,0.767772496,5.92729282,3.97959995,569.660217,63.8154984,3.9447,0.0250000004,50,1,0.119999997,0.550000012,0.0133333337
SL10_rand_6_r0,2,1918,1.66666663,1,1.27630997,3.97959995,0.0263333339,0.0163333341,0.0185877755,0.0183276981,0,1.27630997,6,2.5,7.36225986,0,0,0,0,0,13.1383972,-0.489759415,83.6648788,0.767772496,5.92729282,3.97959995,569.660217,63.8154984,3.9447,0.0250000004,50,1,0.119999997,0.550000012,0.0133333337
SL10_rand_6_r0,2,1919,1.67999995,1,1.27630997,3.97959995,0.0260000005,0.0160000008,0.0182552002,0.0180251431,0,1.27630997,6,2.5,7.36225986,0,0,0,0,0,13.1383972,-0.489759415,83.6648788,0.767772496,5.92729282,3.97959995,569.660217,63.8154984,3.9447,0.0250000004,50,1,0.119999997,0.550000012,0.0133333337
SL10_rand_6_r0,2,1920,1.69333339,1,1.27630997,3.97959995,0.0256666671,0.0156666674,0.0177862123,0.0177448224,0,1.27630997,6,2.5,7.36225986,0,0,0,0,0,13.1383972,-0.489759415,83.6648788,0.767772496,5.92729282,3.97959995,569.660217,63.8154984,3.9447,0.0250000004,50,1,0.119999997,0.550000012,0.0133333337
SL10_rand_6_r0,2,1921,1.70666671,1,1.27630997,3.97959995,0.0253333338,0.0153333331,0.0177159272,0.0174935665,0,1.27630997,6,2.5,7.36225986,0,0,0,0,0,13.1383972,-0.489759415,83.6648788,0.767772496,5.92729282,3.97959995,569.660217,63.8154984,3.9447,0.0250000004,50,1,0.119999997,0.550000012,0.0133333337
SL10_rand_6_r0,2,1922,1.72000003,1,1.27630997,3.97959995,0.0250000004,0.0149999997,0.0174504239,0.017439751,0,1.27630997,6,2.5,7.36225986,0,0,0,0,0,13.1383972,-0.489759415,83.6648788,0.767772496,5.92729282,3.97959995,569.660217,63.8154984,3.9447,0.0250000004,50,1,0.119999997,0.550000012,0.0133333337
SL10_rand_6_r0,2,1923,1.73333335,1,1.27630997,3.97959995,0.024666667,0.0146666663,0.016905712,0.0167682841,0,1.27630997,6,2.5,7.36225986,0,0,0,0,0,13.1383972,-0.489759415,83.6648788,0.767772496,5.92729282,3.97959995,569.660217,63.8154984,3.9447,0.0250000004,50,1,0.119999997,0.550000012,0.0133333337
SL10_rand_6_r0,2,1924,1.74666667,1,1.27630997,3.97959995,0.0243333336,0.0143333329,0.0168574639,0.0164987948,0,1.27630997,6,2.5,7.36225986,0,0,0,0,0,13.1383972,-0.489759415,83.6648788,0.767772496,5.92729282,3.97959995,569.660217,63.8154984,3.9447,0.0250000004,50,1,0.119999997,0.550000012,0.0133333337
SL10_rand_6_r0,2,1925,1.75999999,1,1.27630997,3.97959995,0.0240000002,0.0140000004,0.0161765348,0.0160995964,0,1.27630997,6,2.5,7.36225986,0,0,0,0,0,13.1383972,-0.489759415,83.6648788,0.767772496,5.92729282,3.97959995,569.660217,63.8154984,3.9447,0.0250000004,50,1,0.119999997,0.550000012,0.0133333337
SL10_rand_6_r0,2,1926,1.77333331,1,1.27630997,3.97959995,0.0236666668,0.013666667,0.01612713,0.0158218909,0,1.27630997,6,2.5,7.36225986,0,0,0,0,0,13.1383972,-0.489759415,83.6648788,0.767772496,5.92729282,3.97959995,569.660217,63.8154984,3.9447,0.0250000004,50,1,0.119999997,0.550000012,0.0133333337
SL10_rand_6_r0,2,1927,1.78666663,1,1.27630997,3.97959995,0.0233333334,0.0133333337,0.0155831529,0.0153717138,0,1.27630997,6,2.5,7.36225986,0,0,0,0,0,13.1383972,-0.489759415,83.6648788,0.767772496,5.92729282,3.97959995,569.660217,63.8154984,3.9447,0.0250000004,50,1,0.119999997,0.550000012,0.0133333337
SL10_rand_6_r0,2,1928,1.79999995,1,1.27630997,3.97959995,0.023,0.0130000003,0.0154173383,0.0151043497,0,1.27630997,6,2.5,7.36225986,0,0,0,0,0,13.1383972,-0.489759415,83.6648788,0.767772496,5.92729282,3.97959995,569.660217,63.8154984,3.9447,0.0250000004,50,1,0.119999997,0.550000012,0.0133333337
SL10_rand_6_r0,2,1929,1.81333339,1,1.27630997,3.97959995,0.0226666667,0.0126666669,0.0148971686,0.0147433858,0,1.27630997,6,2.5,7.36225986,0,0,0,0,0,13.1383972,-0.489759415,83.6648788,0.767772496,5.92729282,3.97959995,569.660217,63.8154984,3.9447,0.0250000004,50,1,0.119999997,0.550000012,0.0133333337
SL10_rand_6_r0,2,1930,1.82666671,1,1.27630997,3.97959995,0.0223333333,0.0123333335,0.0147575801,0.0141646834,0,1.27630997,6,2.5,7.36225986,0,0,0,0,0,13.1383972,-0.489759415,83.6648788,0.767772496,5.92729282,3.97959995,569.660217,63.8154984,3.9447,0.0250000004,50,1,0.119999997,0.550000012,0.0133333337
SL10_rand_6_r0,2,1931,1.84000003,1,1.27630997,3.97959995,0.0219999999,0.0120000001,0.0140926642,0.0140677998,0,1.27630997,6,2.5,7.36225986,0,0,0,0,0,13.1383972,-0.489759415,83.6648788,0.767772496,5.92729282,3.97959995,569.660217,63.8154984,3.9447,0.0250000004,50,1,0.119999997,0.550000012,0.0133333337
SL10_rand_6_r0,2,1932,1.85333335,1,1.27630997,3.97959995,0.0216666665,0.0116666667,0.0136876581,0.0134593286,0,1.27630997,6,2.5,7.36225986,0,0,0,0,0,13.1383972,-0.489759415,83.6648788,0.767772496,5.92729282,3.97959995,569.660217,63.8154984,3.9447,0.0250000004,50,1,0.119999997,0.550000012,0.0133333337
SL10_rand_6_r0,2,1933,1.86666667,1,1.27630997,3.97959995,0.0213333331,0.0113333333,0.0136277294,0.0131420381,0,1.27630997,6,2.5,7.36225986,0,0,0,0,0,13.1383972,-0.489759415,83.6648788,0.767772496,5.92729282,3.97959995,569.660217,63.8154984,3.9447,0.0250000004,50,1,0.119999997,0.550000012,0.0133333337
SL10_rand_6_r0,2,1934,1.88,1,1.27630997,3.97959995,0.0209999997,0.0109999999,0.0133769047,0.0127580175,0,1.27630997,6,2.5,7.36225986,0,0,0,0,0,13.1383972,-0.489759415,83.6648788,0.767772496,5.92729282,3.97959995,569.660217,63.8154984,3.9447,0.0250000004,50,1,0.119999997,0.550000012,0.0133333337
SL10_rand_6_r0,2,1935,1.89333332,1,1.27630997,3.97959995,0.0206666663,0.0106666666,0.0127902329,0.0123338057,0,1.27630997,6,2.5,7.36225986,0,0,0,0,0,13.1383972,-0.489759415,83.6648788,0.767772496,5.92729282,3.97959995,569.660217,63.8154984,3.9447,0.0250000004,50,1,0.119999997,0.550000012,0.0133333337
SL10_rand_6_r0,2,1936,1.90666664,1,1.27630997,3.97959995,0.0203333329,0.0103333332,0.0122097684,0.011815127,0,1.27630997,6,2.5,7.36225986,0,0,0,0,0,13.1383972,-0.489759415,83.6648788,0.767772496,5.92729282,3.97959995,569.660217,63.8154984,3.9447,0.0250000004,50,1,0.119999997,0.550000012,0.0133333337
SL10_rand_6_r0,2,1937,1.91999996,1,1.27630997,3.97959995,0.0199999996,0.00999999978,0.0119528975,0.0116790989,0,1.27630997,6,2.5,7.36225986,0,0,0,0,0,13.1383972,-0.489759415,83.6648788,0.767772496,5.92729282,3.97959995,569.660217,63.8154984,3.9447,0.0250000004,50,1,0.119999997,0.550000012,0.0133333337
SL10_rand_6_r0,2,1938,1.93333328,1,1.27630997,3.97959995,0.0196666662,0.00966666639,0.0112334145,0.0111776032,0,1.27630997,6,2.5,7.36225986,0,0,0,0,0,13.1383972,-0.489759415,83.6648788,0.767772496,5.92729282,3.97959995,569.660217,63.8154984,3.9447,0.0250000004,50,1,0.119999997,0.550000012,0.0133333337
SL10_rand_6_r0,2,1939,1.94666672,1,1.27630997,3.97959995,0.0193333328,0.009333333,0.0111439107,0.0110606775,0,1.27630997,6,2.5,7.36225986,0,0,0,0,0,13.1383972,-0.489759415,83.6648788,0.767772496,5.92729282,3.97959995,569.660217,63.8154984,3.9447,0.0250000004,50,1,0.119999997,0.550000012,0.0133333337
SL10_rand_6_r0,2,1940,1.96000004,1,1.27630997,3.97959995,0.0189999994,0.00899999961,0.0108739259,0.0105479648,0,1.27630997,6,2.5,7.36225986,0,0,0,0,0,13.1383972,-0.489759415,83.6648788,0.767772496,5.92729282,3.97959995,569.660217,63.8154984,3.9447,0.0250000004,50,1,0.119999997,0.550000012,0.0133333337
SL10_rand_6_r0,2,1941,1.97333336,1,1.27630997,3.97959995,0.018666666,0.00866666622,0.0112418449,0.0103827287,0,1.27630997,6,2.5,7.36225986,0,0,0,0,0,13.1383972,-0.489759415,83.6648788,0.767772496,5.92729282,3.97959995,569.660217,63.8154984,3.9447,0.0250000004,50,1,0.119999997,0.550000012,0.0133333337
SL10_rand_6_r0,2,1942,1.98666668,1,1.27932036,3.97959995,0.0183333326,0.00833333377,0.0102475667,0.00999039225,9.60796751e-06,1.28178322,6,2.5,7.36225986,0,0,0,0,0,13.1383972,-0.489759415,83.6648788,0.767772496,5.92729282,3.97959995,569.660217,63.8154984,3.9447,0.0250000004,50,1,0.119999997,0.550000012,0.0133333337
SL10_rand_6_r0,2,1943,2,2,1.33418298,3.97959995,0.0179999992,0.00800000038,0.00999269728,0.00981961004,0.000180389499,1.37907076,6,2.5,7.36225986,0,0,0,0,0,18.4698257,0.811929524,87.4435959,0.914691925,173.474213,3.97959995,569.660217,63.8154984,3.9447,0.0250000004,50,1,0.119999997,0.550000012,0.0133333337
SL10_rand_6_r0,2,1944,2.01333332,2,1.50769377,3.97959995,0.0176666658,0.00766666653,0.00942578446,0.00934461411,0.000655385433,1.64965701,6,2.5,7.36225986,0,0,0,0,0,18.4698257,0.811929524,87.4435959,0.914691925,173.474213,3.97959995,569.660217,63.8154984,3.9447,0.0250000004,50,1,0.119999997,0.550000012,0.0133333337
SL10_rand_6_r0,2,1945,2.02666664,2,1.73528504,3.97959995,0.0173333324,0.00733333314,0.00933062006,0.00886741932,0.00113258068,1.92149615,6,2.5,7.36225986,0,0,0,0,0,18.4698257,0.811929524,87.4435959,0.914691925,173.474213,3.97959995,569.660217,63.8154984,3.9447,0.0250000004,50,1,0.119999997,0.550000012,0.0133333337
SL10_rand_6_r0,2,1946,2.03999996,2,1.89262795,3.97959995,0.0170000009,0.00700000022,0.00896206312,0.00869210996,0.00130789052,2.02136326,6,2.5,7.36225986,0,0,0,0,0,18.4698257,0.811929524,87.4435959,0.914691925,173.474213,3.97959995,569.660217,63.8154984,3.9447,0.0250000004,50,1,0.119999997,0.550000012,0.0133333337
SL10_rand_6_r0,2,1947,2.05333328,2,2.06960535,3.97959995,0.0166666675,0.00666666683,0.00880294107,0.00835323799,0.00164676213,2.21440482,6,2.5,7.36225986,0,0,0,0,0,18.4698257,0.811929524,87.4435959,0.914691925,173.474213,3.97959995,569.660217,63.8154984,3.9447,0.0250000004,50,1,0.119999997,0.550000012,0.0133333337
SL10_rand_6_r0,2,1948,2.0666666,2,2.37871075,3.97959995,0.0163333341,0.00633333344,0.00826263987,0.00762085337,0.00237914687,2.63161516,6,2.5,7.36225986,0,0,0,0,0,18.4698257,0.811929524,87.4435959,0.914691925,173.474213,3.97959995,569.660217,63.8154984,3.9447,0.0250000004,50,1,0.119999997,0.550000012,0.0133333337
SL10_rand_6_r0,2,1949,2.07999992,2,2.49222636,3.97959995,0.0160000008,0.00600000005,0.00824208371,0.00770250289,0.00229749712,2.5851028,6,2.5,7.36225986,0,0,0,0,0,18.4698257,0.811929524,87.4435959,0.914691925,173.474213,3.97959995,569.660217,63.8154984,3.9447,0.0250000004,50,1,0.119999997,0.550000012,0.0133333337
SL10_rand_6_r0,2,1950,2.09333324,2,2.80054426,3.97959995,0.0156666674,0.00566666666,0.00714012608,0.0068814843,0.00311851571,3.05280423,6,2.5,7.36225986,1,1,0,1,0,18.4698257,0.811929524,87.4435959,0.914691925,173.474213,3.97959995,569.660217,63.8154984,3.9447,0.0250000004,50,1,0.119999997,0.550000012,0.0133333337
SL10_rand_6_r0,2,1951,2.40890932,2,3.05568218,3.97959995,0.0153544676,0.00535446731,0.00695365574,0.00650998717,0.0034900126,3.26443124,6,2.5,7.36225986,1,1,0,2,0,18.4698257,0.811929524,87.4435959,0.914691925,173.474213,3.97959995,569.660217,63.8154984,3.9447,0.0250000004,50,1,0.119999997,0.550000012,0.0133333337
SL10_rand_6_r0,2,1952,2.7244854,2,3.19121981,3.97959995,0.0150834396,0.00508343941,0.00636382028,0.00630178722,0.00369821279,3.30211425,6,2.5,7.36225986,1,1,0,3,0,18.4698257,0.811929524,87.4435959,0.914691925,173.474213,3.97959995,569.660217,63.8154984,3.9447,0.0250000004,50,1,0.119999997,0.550000012,0.0133333337
SL10_rand_6_r0,2,1953,4.31557608,4,3.36853123,3.97959995,0.0148685267,0.00486852694,0.00581366895,0.00565379858,0.0043462012,3.51360416,6,2.5,7.36225986,1,1,0,4,0,-3.81118464,-16.983448,65.6603165,1.12322271,6.95603085,3.97959995,569.660217,63.8154984,3.9447,0.0250000004,50,1,0.119999997,0.550000012,0.0133333337
SL10_rand_6_r0,2,1954,4.63115215,4,3.42191076,3.97959995,0.0146777947,0.00467779441,0.00555384671,0.00536091952,0.00463908026,3.46558499,6,2.5,7.36225986,1,1,0,5,0,-3.81118464,-16.983448,65.6603165,1.12322271,6.95603085,3.97959995,569.660217,63.8154984,3.9447,0.0250000004,50,1,0.119999997,0.550000012,0.0133333337
SL10_rand_6_r0,2,1955,4.94672823,4,3.87714911,3.97959995,0.0146175474,0.00461754715,0.00424282253,0.00382207893,0.00617792085,4.2496171,6,2.5,7.36225986,1,1,0,6,0,-3.81118464,-16.983448,65.6603165,1.12322271,6.95603085,3.97959995,569.660217,63.8154984,3.9447,0.0250000004,50,1,0.119999997,0.550000012,0.0133333337
SL10_rand_6_r0,2,1956,5.26230383,5,4.40980244,3.97959995,0.0147270067,0.00472700642,0.00326473359,0.00189880747,0.0081011923,4.84560966,6,2.5,7.36225986,1,1,0,7,0,1.13355386,-1.78667474,58.8444862,1.22748816,1.10503399,3.97959995,569.660217,63.8154984,3.9447,0.0250000004,50,1,0.119999997,0.550000012,0.0133333337
SL10_rand_6_r0,2,1957,6.31557608,6,4.2240181,3.97959995,0.0148131438,0.00481314352,0.00260487315,0.00211613299,0.00788386725,4.07201242,6,2.5,7.36225986,1,1,0,8,0,1.26350236,-1.40701687,57.8641281,1.23222744,1.57652378,3.97959995,569.660217,63.8154984,3.9447,0.0250000004,50,1,0.119999997,0.550000012,0.0133333337
SL10_rand_6_r0,2,1958,6.63115215,6,5.05141449,3.97959995,0.0151252262,0.00512522599,0.00269738887,-0.000634739583,0.0106347399,5.72837496,6,2.5,7.36225986,1,1,0,9,0,1.26350236,-1.40701687,57.8641281,1.23222744,1.57652378,3.97959995,569.660217,63.8154984,3.9447,0.0250000004,50,1,0.119999997,0.550000012,0.0133333337
SL10_rand_6_r0,2,1959,6.94672823,6,4.73525953,3.97959995,0.0153871449,0.00538714509,0.000548543001,4.40135445e-05,0.0099559864,4.47658777,6,2.5,7.36225986,1,1,0,10,0,1.26350236,-1.40701687,57.8641281,1.23222744,1.57652378,3.97959995,569.660217,63.8154984,3.9447,0.0250000004,50,1,0.119999997,0.550000012,0.0133333337
SL10_rand_6_r0,2,1960,7.26230383,7,4.74176931,3.97959995,0.0156425126,0.00564251235,0.000267573108,-9.36764918e-05,0.0100936769,4.74709558,6,2.5,7.36225986,1,1,0,11,0,2.34648943,-1.63260889,59.4368935,1.21800947,6.18130064,3.97959995,569.660217,63.8154984,3.9447,0.0250000004,50,1,0.119999997,0.550000012,0.0133333337
SL10_rand_6_r0,2,1961,9.3155756,9,4.58067799,3.97959995,0.0158520397,0.00585203944,0.000760754512,0.000473868975,0.00952613074,4.44887543,6,2.5,7.36225986,1,1,0,12,0,1.20179272,-4.0218668,40.8442001,1.0663507,8.59205151,3.97959995,569.660217,63.8154984,3.9447,0.0250000004,50,1,0.119999997,0.550000012,0.0133333337
SL10_rand_6_r0,2,1962,9.63115215,9,4.86339378,3.97959995,0.016132459,0.0061324588,0.00187396107,-0.000351735827,0.0103517361,5.09470701,6,2.5,7.36225986,1,1,0,13,0,1.20179272,-4.0218668,40.8442001,1.0663507,8.59205151,3.97959995,569.660217,63.8154984,3.9447,0.0250000004,50,1,0.119999997,0.550000012,0.0133333337
SL10_rand_6_r0,2,1963,9.94672775,9,5.16849136,3.97959995,0.0164657924,0.00646579219,0.00139821414,-0.0013959565,0.0113959564,5.41811609,6,2.5,7.36225986,1,1,0,14,0,1.20179272,-4.0218668,40.8442001,1.0663507,8.59205151,3.97959995,569.660217,63.8154984,3.9447,0.0250000004,50,1,0.119999997,0.550000012,0.0133333337
SL10_rand_6_r0,2,1964,10.2623043,10,5.50402832,3.97959995,0.0167991258,0.00679912558,0.00275987061,-0.00238434575,0.0123843458,5.77855873,6,2.5,7.36225986,1,1,0,15,0,2.69367409,-11.3445082,48.7435951,1.16113746,9.20377827,3.97959995,569.660217,63.8154984,3.9447,0.0250000004,50,1,0.119999997,0.550000012,0.0133333337
SL10_rand_6_r0,2,1965,12.3155756,12,4.50875759,3.97959995,0.0170016699,0.00700166915,0.00239293277,0.00127417524,0.00872582477,3.69444513,6,2.5,7.36225986,1,1,0,16,0,-2.40574479,-2.71427274,58.6620789,1.2037915,14.5668097,3.97959995,569.660217,63.8154984,3.9447,0.0250000004,50,1,0.119999997,0.550000012,0.0133333337
SL10_rand_6_r0,2,1966,12.6311522,12,5.28038931,3.97959995,0.0173350032,0.00733500253,0.00318326917,-0.0017390165,0.0117390165,5.91172457,6,2.5,7.36225986,1,1,0,17,0,-2.40574479,-2.71427274,58.6620789,1.2037915,14.5668097,3.97959995,569.660217,63.8154984,3.9447,0.0250000004,50,1,0.119999997,0.550000012,0.0133333337
SL10_rand_6_r0,2,1967,12.9467278,12,5.67617512,3.97959995,0.0176683366,0.00766833592,0.00454273168,-0.00379121932,0.0137912193,6,6,2.5,7.36225986,1,1,0,18,0,-2.40574479,-2.71427274,58.6620789,1.2037915,14.5668097,3.97959995,569.660217,63.8154984,3.9447,0.0250000004,50,1,0.119999997,0.550000012,0.0133333337
SL10_rand_6_r0,2,1968,13.2623043,13,5.85427904,3.97959995,0.01800167,0.00800166931,0.00550532201,-0.00513832131,0.0151383216,6,6,2.5,7.36225986,1,1,0,19,0,-0.928586662,-31.531992,71.3556137,0.990521312,154.119919,3.97959995,569.660217,63.8154984,3.9447,0.0250000004,50,1,0.119999997,0.550000012,0.0133333337
SL10_rand_6_r0,2,1969,15.3155756,15,5.93442535,3.97959995,0.0183350034,0.0083350027,0.00669315876,-0.00637548929,0.0163754895,6,6,2.5,7.36225986,1,1,0,20,0,19.3082867,-0.868372142,77.8439789,0.60189575,10.5722237,3.97959995,569.660217,63.8154984,3.9447,0.0250000004,50,1,0.119999997,0.550000012,0.0133333337
SL10_rand_6_r0,2,1970,15.6311522,15,5.97049141,3.97959995,0.0186683368,0.00866833609,0.00597576564,-0.0053026746,0.0153026748,6,6,2.5,7.36225986,1,1,0,21,0,19.3082867,-0.868372142,77.8439789,0.60189575,10.5722237,3.97959995,569.660217,63.8154984,3.9447,0.0250000004,50,1,0.119999997,0.550000012,0.0133333337
SL10_rand_6_r0,2,1971,15.9467278,15,5.98672104,3.97959995,0.0190016702,0.00900166947,0.00511228153,-0.00467013055,0.0146701308,6,6,2.5,7.36225986,1,1,0,22,0,19.3082867,-0.868372142,77.8439789,0.60189575,10.5722237,3.97959995,569.660217,63.8154984,3.9447,0.0250000004,50,1,0.119999997,0.550000012,0.0133333337
SL10_rand_6_r0,2,1972,16.2623043,16,5.95704651,3.97959995,0.0193350036,0.00933500286,0.00272371853,-0.00265504746,0.0126550477,5.93276691,6,2.5,7.36225986,1,1,0,23,0,20.8801022,1.04713452,86.3852921,0.60189575,166.869217,3.97959995,569.660217,63.8154984,3.9447,0.0250000004,50,1,0.119999997,0.550000012,0.0133333337
SL10_rand_6_r0,2,1973,17.3155766,17,5.5538168,3.97959995,0.0196683351,0.00966833625,0.00195345795,-0.00141068234,0.0114106825,5.22390175,6,2.5,7.36225986,1,1,0,24,0,1.98589206,-23.3718815,81.8284912,0.895734608,8.95183182,3.97959995,569.660217,63.8154984,3.9447,0.0250000004,50,1,0.119999997,0.550000012,0.0133333337
SL10_rand_6_r0,2,1974,17.6311512,17,5.08831835,3.97959995,0.0200016685,0.0100016696,0.00148357428,-0.000504097145,0.0105040967,4.70745611,6,2.5,7.36225986,1,1,0,25,0,1.98589206,-23.3718815,81.8284912,0.895734608,8.95183182,3.97959995,569.660217,63.8154984,3.9447,0.0250000004,50,1,0.119999997,0.550000012,0.0133333337
SL10_rand_6_r0,2,1975,17.9467278,17,5.2754426,3.97959995,0.0203350019,0.010335003,0.00277508749,-0.00176991906,0.0117699187,5.42854452,6,2.5,7.36225986,1,1,0,26,0,1.98589206,-23.3718815,81.8284912,0.895734608,8.95183182,3.97959995,569.660217,63.8154984,3.9447,0.0250000004,50,1,0.119999997,0.550000012,0.0133333337
SL10_rand_6_r0,2,1976,18.2623043,18,4.51840448,3.97959995,0.0205402263,0.0105402265,0.00115316652,0.0009150767,0.00908492319,3.89900923,6,2.5,7.36225986,1,1,0,27,0,-3.97537208,-36.8152275,73.3031464,0.933649302,31.3977966,3.97959995,569.660217,63.8154984,3.9447,0.0250000004,50,1,0.119999997,0.550000012,0.0133333337
SL10_rand_6_r0,2,1977,23.3155766,23,4.29396391,3.97959995,0.0206617527,0.0106617529,0.00186310173,0.00140519696,0.00859480351,4.11033106,6,2.5,7.36225986,1,1,0,28,0,1.59284139,-5.89933968,40.0706902,1.10900474,46.1646919,3.97959995,569.660217,63.8154984,3.9447,0.0250000004,50,1,0.119999997,0.550000012,0.0133333337
SL10_rand_6_r0,2,1978,23.6311512,23,4.78324223,3.97959995,0.0209052414,0.0109052416,0.00151068077,8.37729458e-05,0.00991622731,5.18356037,6,2.5,7.36225986,1,1,0,29,0,1.59284139,-5.89933968,40.0706902,1.10900474,46.1646919,3.97959995,569.660217,63.8154984,3.9447,0.0250000004,50,1,0.119999997,0.550000012,0.0133333337
SL10_rand_6_r0,2,1979,23.9467278,23,5.45245886,3.97959995,0.0212385748,0.011238575,0.00299483817,-0.00254595792,0.0125459582,6,6,2.5,7.36225986,1,1,0,30,0,1.59284139,-5.89933968,40.0706902,1.10900474,46.1646919,3.97959995,569.660217,63.8154984,3.9447,0.0250000004,50,1,0.119999997,0.550000012,0.0133333337
SL10_rand_6_r0,2,1980,24.2623043,24,5.75360632,3.97959995,0.0215719081,0.0115719084,0.00388679048,-0.00356962555,0.013569626,6,6,2.5,7.36225986,1,1,0,31,0,0.868124187,-31.5513191,84.1320572,0.848341227,167.082352,3.97959995,569.660217,63.8154984,3.9447,0.0250000004,50,1,0.119999997,0.550000012,0.0133333337
SL10_rand_6_r0,2,1981,25.3155766,25,5.88912296,3.97959995,0.0219052415,0.0119052418,0.00711156707,-0.00330955815,0.0133095579,6,6,2.5,7.36225986,1,1,0,32,0,24.7195206,-0.358490735,83.1717682,0.663507104,173.03302,3.97959995,569.660217,63.8154984,3.9447,0.0250000004,50,1,0.119999997,0.550000012,0.0133333337
SL10_rand_6_r0,2,1982,25.6311512,25,5.95010519,3.97959995,0.0222385749,0.0122385751,0.00501870224,-0.0046727811,0.0146727813,6,6,2.5,7.36225986,1,1,0,33,0,24.7195206,-0.358490735,83.1717682,0.663507104,173.03302,3.97959995,569.660217,63.8154984,3.9447,0.0250000004,50,1,0.119999997,0.550000012,0.0133333337
SL10_rand_6_r0,2,1983,25.9467278,25,5.97754717,3.97959995,0.0225719083,0.0125719085,0.00595683372,-0.00549970614,0.0154997064,6,6,2.5,7.36225986,1,1,0,34,0,24.7195206,-0.358490735,83.1717682,0.663507104,173.03302,3.97959995,569.660217,63.8154984,3.9447,0.0250000004,50,1,0.119999997,0.550000012,0.0133333337
SL10_rand_6_r0,2,1984,26.2623043,26,5.9898963,3.97959995,0.0229052417,0.0129052419,0.00756453956,-0.00663445052,0.0166344512,6,6,2.5,7.36225986,1,1,0,35,0,0.135641888,-8.75061417,89.9179688,0.639810443,10.9675808,3.97959995,569.660217,63.8154984,3.9447,0.0250000004,50,1,0.119999997,0.550000012,0.0133333337
