SL11_rand_35_r0,0,511,0.0133333337,0,0,3.85969996,0.0676666647,0.0576666668,0.123888597,0.117892444,0,0,6,2.5,7.14044523,0,0,0,0,0,26.2745533,4.28917789,51.839138,0.497630328,35.5762978,3.85969996,581.887512,67.4512024,1.38960004,0.0250000004,50,1,0.119999997,0.550000012,0.0133333337
SL11_rand_35_r0,0,512,0.0266666673,0,0,3.85969996,0.0673333332,0.0573333316,0.121089421,0.114643805,0,0,6,2.5,7.14044523,0,0,0,0,0,26.2745533,4.28917789,51.839138,0.497630328,35.5762978,3.85969996,581.887512,67.4512024,1.38960004,0.0250000004,50,1,0.119999997,0.550000012,0.0133333337
SL11_rand_35_r0,0,513,0.0399999991,0,0,3.85969996,0.0670000017,0.057,0.117380656,0.110775225,0,0,6,2.5,7.14044523,0,0,0,0,0,26.2745533,4.28917789,51.839138,0.497630328,35.5762978,3.85969996,581.887512,67.4512024,1.38960004,0.0250000004,50,1,0.119999997,0.550000012,0.0133333337
SL11_rand_35_r0,0,514,0.0533333346,0,0,3.85969996,0.0666666701,0.0566666685,0.114541732,0.107578419,0,0,6,2.5,7.14044523,0,0,0,0,0,26.2745533,4.28917789,51.839138,0.497630328,35.5762978,3.85969996,581.887512,67.4512024,1.38960004,0.0250000004,50,1,0.119999997,0.550000012,0.0133333337
SL11_rand_35_r0,0,515,0.0666666701,0,0,3.85969996,0.0663333312,0.0563333333,0.111095414,0.103810854,0,0,6,2.5,7.14044523,0,0,0,0,0,26.2745533,4.28917789,51.839138,0.497630328,35.5762978,3.85969996,581.887512,67.4512024,1.38960004,0.0250000004,50,1,0.119999997,0.550000012,0.0133333337
SL11_rand_35_r0,0,516,0.0799999982,0,0,3.85969996,0.0659999996,0.0560000017,0.108143233,0.100678027,0,0,6,2.5,7.14044523,0,0,0,0,0,26.2745533,4.28917789,51.839138,0.497630328,35.5762978,3.85969996,581.887512,67.4512024,1.38960004,0.0250000004,50,1,0.119999997,0.550000012,0.0133333337
SL11_rand_35_r0,0,517,0.0933333337,0,0,3.85969996,0.0656666681,0.0556666665,0.104998454,0.0969834402,0,0,6,2.5,7.14044523,0,0,0,0,0,26.2745533,4.28917789,51.839138,0.497630328,35.5762978,3.85969996,581.887512,67.4512024,1.38960004,0.0250000004,50,1,0.119999997,0.550000012,0.0133333337
SL11_rand_35_r0,0,518,0.106666669,0,0,3.85969996,0.0653333366,0.055333335,0.101949602,0.0939377546,0,0,6,2.5,7.14044523,0,0,0,0,0,26.2745533,4.28917789,51.839138,0.497630328,35.5762978,3.85969996,581.887512,67.4512024,1.38960004,0.0250000004,50,1,0.119999997,0.550000012,0.0133333337
SL11_rand_35_r0,0,519,0.119999997,0,0,3.85969996,0.0649999976,0.0549999997,0.0991587415,0.0903934762,0,0,6,2.5,7.14044523,0,0,0,0,0,26.2745533,4.28917789,51.839138,0.497630328,35.5762978,3.85969996,581.887512,67.4512024,1.38960004,0.0250000004,50,1,0.119999997,0.550000012,0.0133333337
SL11_rand_35_r0,0,520,0.13333334,0,0,3.85969996,0.0646666661,0.0546666682,0.096036911,0.0874314457,0,0,6,2.5,7.14044523,0,0,0,0,0,26.2745533,4.28917789,51.839138,0.497630328,35.5762978,3.85969996,581.887512,67.4512024,1.38960004,0.0250000004,50,1,0.119999997,0.550000012,0.0133333337
SL11_rand_35_r0,0,521,0.146666661,0,0,3.85969996,0.0643333346,0.0543333329,0.0936491564,0.083982639,0,0,6,2.5,7.14044523,0,0,0,0,0,26.2745533,4.28917789,51.839138,0.497630328,35.5762978,3.85969996,581.887512,67.4512024,1.38960004,0.0250000004,50,1,0.119999997,0.550000012,0.0133333337
SL11_rand_35_r0,0,522,0.159999996,0,0,3.85969996,0.064000003,0.0540000014,0.0904799253,0.0810820088,0,0,6,2.5,7.14044523,0,0,0,0,0,26.2745533,4.28917789,51.839138,0.497630328,35.5762978,3.85969996,581.887512,67.4512024,1.38960004,0.0250000004,50,1,0.119999997,0.550000012,0.0133333337
SL11_rand_35_r0,0,523,0.173333332,0,0,3.85969996,0.0636666641,0.0536666662,0.0885418132,0.0777530894,0,0,6,2.5,7.14044523,0,0,0,0,0,26.2745533,4.28917789,51.839138,0.497630328,35.5762978,3.85969996,581.887512,67.4512024,1.38960004,0.0250000004,50,1,0.119999997,0.550000012,0.0133333337
SL11_rand_35_r0,0,524,0.186666667,0,0,3.85969996,0.0633333325,0.0533333346,0.0853564739,0.0749319196,0,0,6,2.5,7.14044523,0,0,0,0,0,26.2745533,4.28917789,51.839138,0.497630328,35.5762978,3.85969996,581.887512,67.4512024,1.38960004,0.0250000004,50,1,0.119999997,0.550000012,0.0133333337
SL11_rand_35_r0,0,525,0.200000003,0,0,3.85969996,0.063000001,0.0529999994,0.0831404179,0.0765088424,0,0,6,2.5,7.14044523,0,0,0,0,0,26.2745533,4.28917789,51.839138,0.497630328,35.5762978,3.85969996,581.887512,67.4512024,1.38960004,0.0250000004,50,1,0.119999997,0.550000012,0.0133333337
SL11_rand_35_r0,0,526,0.213333338,0,0,3.85969996,0.0626666695,0.0526666678,0.0807285458,0.0689998418,0,0,6,2.5,7.14044523,0,0,0,0,0,26.2745533,4.28917789,51.839138,0.497630328,35.5762978,3.85969996,581.887512,67.4512024,1.38960004,0.0250000004,50,1,0.119999997,0.550000012,0.0133333337
SL11_rand_35_r0,0,527,0.226666674,0,0,3.85969996,0.0623333342,0.0523333326,0.0789606273,0.0707033724,0,0,6,2.5,7.14044523,0,0,0,0,0,26.2745533,4.28917789,51.839138,0.497630328,35.5762978,3.85969996,581.887512,67.4512024,1.38960004,0.0250000004,50,1,0.119999997,0.550000012,0.0133333337
SL11_rand_35_r0,0,528,0.239999995,0,0,3.85969996,0.061999999,0.0520000011,0.0766459256,0.0632270053,0,0,6,2.5,7.14044523,0,0,0,0,0,26.2745533,4.28917789,51.839138,0.497630328,35.5762978,3.85969996,581.887512,67.4512024,1.38960004,0.0250000004,50,1,0.119999997,0.550000012,0.0133333337
SL11_rand_35_r0,0,529,0.25333333,0,0,3.85969996,0.0616666675,0.0516666658,0.0760371089,0.0606180578,0,0,6,2.5,7.14044523,0,0,0,0,0,26.2745533,4.28917789,51.839138,0.497630328,35.5762978,3.85969996,581.887512,67.4512024,1.38960004,0.0250000004,50,1,0.119999997,0.550000012,0.0133333337
SL11_rand_35_r0,0,530,0.266666681,0,0.741963208,3.85969996,0.0613333322,0.0513333343,0.0731649697,0.0576379336,0,1.34902406,6,2.5,7.14044523,0,0,0,0,0,26.2745533,4.28917789,51.839138,0.497630328,35.5762978,3.85969996,581.887512,67.4512024,1.38960004,0.0250000004,50,1,0.119999997,0.550000012,0.0133333337
SL11_rand_35_r0,0,531,0.280000001,0,1.07584667,3.85969996,0.0610000007,0.050999999,0.0721752048,0.0605641901,0,1.34902406,6,2.5,7.14044523,0,0,0,0,0,26.2745533,4.28917789,51.839138,0.497630328,35.5762978,3.85969996,581.887512,67.4512024,1.38960004,0.0250000004,50,1,0.119999997,0.550000012,0.0133333337
SL11_rand_35_r0,0,532,0.293333322,0,1.22609425,3.85969996,0.0606666654,0.0506666675,0.068758145,0.0612909459,0,1.34902406,6,2.5,7.14044523,0,0,0,0,0,26.2745533,4.28917789,51.839138,0.497630328,35.5762978,3.85969996,581.887512,67.4512024,1.38960004,0.0250000004,50,1,0.119999997,0.550000012,0.0133333337
SL11_rand_35_r0,0,533,0.306666672,0,1.29370558,3.85969996,0.0603333339,0.0503333323,0.0678853989,0.0584756657,0,1.34902406,6,2.5,7.14044523,0,0,0,0,0,26.2745533,4.28917789,51.839138,0.497630328,35.5762978,3.85969996,581.887512,67.4512024,1.38960004,0.0250000004,50,1,0.119999997,0.550000012,0.0133333337
SL11_rand_35_r0,0,534,0.319999993,0,1.32413065,3.85969996,0.0599999987,0.0500000007,0.0645003691,0.0561854281,0,1.34902406,6,2.5,7.14044523,0,0,0,0,0,26.2745533,4.28917789,51.839138,0.497630328,35.5762978,3.85969996,581.887512,67.4512024,1.38960004,0.0250000004,50,1,0.119999997,0.550000012,0.0133333337
SL11_rand_35_r0,0,535,0.333333343,0,1.33782208,3.85969996,0.0596666671,0.0496666655,0.063050881,0.0570975952,0,1.34902406,6,2.5,7.14044523,0,0,0,0,0,26.2745533,4.28917789,51.839138,0.497630328,35.5762978,3.85969996,581.887512,67.4512024,1.38960004,0.0250000004,50,1,0.119999997,0.550000012,0.0133333337
SL11_rand_35_r0,0,536,0.346666664,0,1.34398305,3.85969996,0.0593333319,0.049333334,0.0603013486,0.0544622801,0,1.34902406,6,2.5,7.14044523,0,0,0,0,0,26.2745533,4.28917789,51.839138,0.497630328,35.5762978,3.85969996,581.887512,67.4512024,1.38960004,0.0250000004,50,1,0.119999997,0.550000012,0.0133333337
SL11_rand_35_r0,0,537,0.360000014,0,1.34675562,3.85969996,0.0590000004,0.0489999987,0.0590444133,0.0555384271,0,1.34902406,6,2.5,7.14044523,0,0,0,0,0,26.2745533,4.28917789,51.839138,0.497630328,35.5762978,3.85969996,581.887512,67.4512024,1.38960004,0.0250000004,50,1,0.119999997,0.550000012,0.0133333337
SL11_rand_35_r0,0,538,0.373333335,0,1.34800327,3.85969996,0.0586666651,0.0486666672,0.0564702488,0.0498983823,0,1.34902406,6,2.5,7.14044523,0,0,0,0,0,26.2745533,4.28917789,51.839138,0.497630328,35.5762978,3.85969996,581.887512,67.4512024,1.38960004,0.0250000004,50,1,0.119999997,0.550000012,0.0133333337
SL11_rand_35_r0,0,539,0.386666656,0,1.34856462,3.85969996,0.0583333336,0.0483333319,0.0548621938,0.049408894,0,1.34902406,6,2.5,7.14044523,0,0,0,0,0,26.2745533,4.28917789,51.839138,0.497630328,35.5762978,3.85969996,581.887512,67.4512024,1.38960004,0.0250000004,50,1,0.119999997,0.550000012,0.0133333337
SL11_rand_35_r0,0,540,0.400000006,0,1.34881735,3.85969996,0.0579999983,0.0480000004,0.0529671013,0.0487944223,0,1.34902406,6,2.5,7.14044523,0,0,0,0,0,26.2745533,4.28917789,51.839138,0.497630328,35.5762978,3.85969996,581.887512,67.4512024,1.38960004,0.0250000004,50,1,0.119999997,0.550000012,0.0133333337
SL11_rand_35_r0,0,541,0.413333327,0,1.34893095,3.85969996,0.0576666668,0.0476666652,0.0511120483,0.0453594513,0,1.34902406,6,2.5,7.14044523,0,0,0,0,0,26.2745533,4.28917789,51.839138,0.497630328,35.5762978,3.85969996,581.887512,67.4512024,1.38960004,0.0250000004,50,1,0.119999997,0.550000012,0.0133333337
SL11_rand_35_r0,0,542,0.426666677,0,1.3489821,3.85969996,0.0573333316,0.0473333336,0.0496701375,0.0449466668,0,1.34902406,6,2.5,7.14044523,0,0,0,0,0,26.2745533,4.28917789,51.839138,0.497630328,35.5762978,3.85969996,581.887512,67.4512024,1.38960004,0.0250000004,50,1,0.119999997,0.550000012,0.0133333337
SL11_rand_35_r0,0,543,0.439999998,0,1.34900522,3.85969996,0.057,0.0469999984,0.0478833504,0.0416728482,0,1.34902406,6,2.5,7.14044523,0,0,0,0,0,26.2745533,4.28917789,51.839138,0.497630328,35.5762978,3.85969996,581.887512,67.4512024,1.38960004,0.0250000004,50,1,0.119999997,0.550000012,0.0133333337
SL11_rand_35_r0,0,544,0.453333348,0,1.34901547,3.85969996,0.0566666685,0.0466666669,0.0469372086,0.0414285287,0,1.34902406,6,2.5,7.14044523,0,0,0,0,0,26.2745533,4.28917789,51.839138,0.497630328,35.5762978,3.85969996,581.887512,67.4512024,1.38960004,0.0250000004,50,1,0.119999997,0.550000012,0.0133333337
SL11_rand_35_r0,0,545,0.466666669,0,1.34902024,3.85969996,0.0563333333,0.0463333316,0.0449231118,0.0412831344,0,1.34902406,6,2.5,7.14044523,0,0,0,0,0,26.2745533,4.28917789,51.839138,0.497630328,35.5762978,3.85969996,581.887512,67.4512024,1.38960004,0.0250000004,50,1,0.119999997,0.550000012,0.0133333337
SL11_rand_35_r0,0,546,0.479999989,0,1.34902227,3.85969996,0.0560000017,0.0460000001,0.0442828126,0.0412079506,0,1.34902406,6,2.5,7.14044523,0,0,0,0,0,26.2745533,4.28917789,51.839138,0.497630328,35.5762978,3.85969996,581.887512,67.4512024,1.38960004,0.0250000004,50,1,0.119999997,0.550000012,0.0133333337
SL11_rand_35_r0,0,547,0.49333334,0,1.34902322,3.85969996,0.0556666665,0.0456666648,0.0421998762,0.0382555872,0,1.34902406,6,2.5,7.14044523,0,0,0,0,0,26.2745533,4.28917789,51.839138,0.497630328,35.5762978,3.85969996,581.887512,67.4512024,1.38960004,0.0250000004,50,1,0.119999997,0.550000012,0.0133333337
SL11_rand_35_r0,0,548,0.50666666,0,1.3490237,3.85969996,0.055333335,0.0453333333,0.0407550558,0.0398637876,0,1.34902406,6,2.5,7.14044523,0,0,0,0,0,26.2745533,4.28917789,51.839138,0.497630328,35.5762978,3.85969996,581.887512,67.4512024,1.38960004,0.0250000004,50,1,0.119999997,0.550000012,0.0133333337
SL11_rand_35_r0,0,549,0.519999981,0,1.34902382,3.85969996,0.0549999997,0.0450000018,0.0389734134,0.0388590023,0,1.34902406,6,2.5,7.14044523,0,0,0,0,0,26.2745533,4.28917789,51.839138,0.497630328,35.5762978,3.85969996,581.887512,67.4512024,1.38960004,0.0250000004,50,1,0.119999997,0.550000012,0.0133333337
SL11_rand_35_r0,0,550,0.533333361,0,1.34902394,3.85969996,0.0546666682,0.0446666665,0.0378031358,0.0370690227,0,1.34902406,6,2.5,7.14044523,0,0,0,0,0,26.2745533,4.28917789,51.839138,0.497630328,35.5762978,3.85969996,581.887512,67.4512024,1.38960004,0.0250000004,50,1,0.119999997,0.550000012,0.0133333337
SL11_rand_35_r0,0,551,0.546666682,0,1.34902394,3.85969996,0.0543333329,0.044333335,0.0365179628,0.0362995714,0,1.34902406,6,2.5,7.14044523,0,0,0,0,0,26.2745533,4.28917789,51.839138,0.497630328,35.5762978,3.85969996,581.887512,67.4512024,1.38960004,0.0250000004,50,1,0.119999997,0.550000012,0.0133333337
SL11_rand_35_r0,0,552,0.560000002,0,1.34902394,3.85969996,0.0540000014,0.0439999998,0.0351855643,0.0345778316,0,1.34902406,6,2.5,7.14044523,0,0,0,0,0,26.2745533,4.28917789,51.839138,0.497630328,35.5762978,3.85969996,581.887512,67.4512024,1.38960004,0.0250000004,50,1,0.119999997,0.550000012,0.0133333337
SL11_rand_35_r0,0,553,0.573333323,0,1.34902394,3.85969996,0.0536666662,0.0436666682,0.034352608,0.0340187885,0,1.34902406,6,2.5,7.14044523,0,0,0,0,0,26.2745533,4.28917789,51.839138,0.497630328,35.5762978,3.85969996,581.887512,67.4512024,1.38960004,0.0250000004,50,1,0.119999997,0.550000012,0.0133333337
SL11_rand_35_r0,0,554,0.586666644,0,1.34902394,3.85969996,0.0533333346,0.043333333,0.0328747295,0.0323655419,0,1.34902406,6,2.5,7.14044523,0,0,0,0,0,26.2745533,4.28917789,51.839138,0.497630328,35.5762978,3.85969996,581.887512,67.4512024,1.38960004,0.0250000004,50,1,0.119999997,0.550000012,0.0133333337
SL11_rand_35_r0,0,555,0.600000024,0,1.34902406,3.85969996,0.0529999994,0.0430000015,0.0324333124,0.0320225172,0,1.34902406,6,2.5,7.14044523,0,0,0,0,0,26.2745533,4.28917789,51.839138,0.497630328,35.5762978,3.85969996,581.887512,67.4512024,1.38960004,0.0250000004,50,1,0.119999997,0.550000012,0.0133333337
SL11_rand_35_r0,0,556,0.613333344,0,1.34902406,3.85969996,0.0526666678,0.0426666662,0.0308508724,0.0303949714,0,1.34902406,6,2.5,7.14044523,0,0,0,0,0,26.2745533,4.28917789,51.839138,0.497630328,35.5762978,3.85969996,581.887512,67.4512024,1.38960004,0.0250000004,50,1,0.119999997,0.550000012,0.0133333337
SL11_rand_35_r0,0,557,0.626666665,0,1.34902406,3.85969996,0.0523333326,0.0423333347,0.0307232533,0.0302591473,0,1.34902406,6,2.5,7.14044523,0,0,0,0,0,26.2745533,4.28917789,51.839138,0.497630328,35.5762978,3.85969996,581.887512,67.4512024,1.38960004,0.0250000004,50,1,0.119999997,0.550000012,0.0133333337
SL11_rand_35_r0,0,558,0.639999986,0,1.34902406,3.85969996,0.0520000011,0.0419999994,0.0290935431,0.0286724456,0,1.34902406,6,2.5,7.14044523,0,0,0,0,0,26.2745533,4.28917789,51.839138,0.497630328,35.5762978,3.85969996,581.887512,67.4512024,1.38960004,0.0250000004,50,1,0.119999997,0.550000012,0.0133333337
SL11_rand_35_r0,0,559,0.653333306,0,1.34902406,3.85969996,0.0516666658,0.0416666679,0.0291891005,0.0286883172,0,1.34902406,6,2.5,7.14044523,0,0,0,0,0,26.2745533,4.28917789,51.839138,0.497630328,35.5762978,3.85969996,581.887512,67.4512024,1.38960004,0.0250000004,50,1,0.119999997,0.550000012,0.0133333337
SL11_rand_35_r0,0,560,0.666666687,0,1.34902406,3.85969996,0.0513333343,0.0413333327,0.0275863558,0.0271593072,0,1.34902406,6,2.5,7.14044523,0,0,0,0,0,26.2745533,4.28917789,51.839138,0.497630328,35.5762978,3.85969996,581.887512,67.4512024,1.38960004,0.0250000004,50,1,0.119999997,0.550000012,0.0133333337
SL11_rand_35_r0,0,561,0.680000007,0,1.34902406,3.85969996,0.050999999,0.0410000011,0.027808968,0.0272896849,0,1.34902406,6,2.5,7.14044523,0,0,0,0,0,26.2745533,4.28917789,51.839138,0.497630328,35.5762978,3.85969996,581.887512,67.4512024,1.38960004,0.0250000004,50,1,0.119999997,0.550000012,0.0133333337
SL11_rand_35_r0,0,562,0.693333328,0,1.34902406,3.85969996,0.0506666675,0.0406666659,0.0263281092,0.0258368533,0,1.34902406,6,2.5,7.14044523,0,0,0,0,0,26.2745533,4.28917789,51.839138,0.497630328,35.5762978,3.85969996,581.887512,67.4512024,1.38960004,0.0250000004,50,1,0.119999997,0.550000012,0.0133333337
SL11_rand_35_r0,0,563,0.706666648,0,1.34902406,3.85969996,0.0503333323,0.0403333344,0.0265724957,0.0260570291,0,1.34902406,6,2.5,7.14044523,0,0,0,0,0,26.2745533,4.28917789,51.839138,0.497630328,35.5762978,3.85969996,581.887512,67.4512024,1.38960004,0.0250000004,50,1,0.119999997,0.550000012,0.0133333337
SL11_rand_35_r0,0,564,0.720000029,0,1.34902406,3.85969996,0.0500000007,0.0399999991,0.0253317263,0.0246992391,0,1.34902406,6,2.5,7.14044523,0,0,0,0,0,26.2745533,4.28917789,51.839138,0.497630328,35.5762978,3.85969996,581.887512,67.4512024,1.38960004,0.0250000004,50,1,0.119999997,0.550000012,0.0133333337
SL11_rand_35_r0,0,565,0.733333349,0,1.34902406,3.85969996,0.0496666655,0.0396666676,0.0254886243,0.0249820426,0,1.34902406,6,2.5,7.14044523,0,0,0,0,0,26.2745533,4.28917789,51.839138,0.497630328,35.5762978,3.85969996,581.887512,67.4512024,1.38960004,0.0250000004,50,1,0.119999997,0.550000012,0.0133333337
SL11_rand_35_r0,0,566,0.74666667,0,1.34902406,3.85969996,0.049333334,0.0393333323,0.0246085823,0.0237299893,0,1.34902406,6,2.5,7.14044523,0,0,0,0,0,26.2745533,4.28917789,51.839138,0.497630328,35.5762978,3.85969996,581.887512,67.4512024,1.38960004,0.0250000004,50,1,0.119999997,0.550000012,0.0133333337
SL11_rand_35_r0,0,567,0.75999999,0,1.34902406,3.85969996,0.0489999987,0.0390000008,0.0245557036,0.0240449626,0,1.34902406,6,2.5,7.14044523,0,0,0,0,0,26.2745533,4.28917789,51.839138,0.497630328,35.5762978,3.85969996,581.887512,67.4512024,1.38960004,0.0250000004,50,1,0.119999997,0.550000012,0.0133333337
SL11_rand_35_r0,0,568,0.773333311,0,1.34902406,3.85969996,0.0486666672,0.0386666656,0.024158828,0.0228991583,0,1.34902406,6,2.5,7.14044523,0,0,0,0,0,26.2745533,4.28917789,51.839138,0.497630328,35.5762978,3.85969996,581.887512,67.4512024,1.38960004,0.0250000004,50,1,0.119999997,0.550000012,0.0133333337
SL11_rand_35_r0,0,569,0.786666691,0,1.34902406,3.85969996,0.0483333319,0.038333334,0.0237727333,0.023221286,0,1.34902406,6,2.5,7.14044523,0,0,0,0,0,26.2745533,4.28917789,51.839138,0.497630328,35.5762978,3.85969996,581.887512,67.4512024,1.38960004,0.0250000004,50,1,0.119999997,0.550000012,0.0133333337
SL11_rand_35_r0,0,570,0.800000012,0,1.34902406,3.85969996,0.0480000004,0.0379999988,0.0239818133,0.0221801642,0,1.34902406,6,2.5,7.14044523,0,0,0,0,0,26.2745533,4.28917789,51.839138,0.497630328,35.5762978,3.85969996,581.887512,67.4512024,1.38960004,0.0250000004,50,1,0.119999997,0.550000012,0.0133333337
SL11_rand_35_r0,0,571,0.813333333,0,1.34902406,3.85969996,0.0476666652,0.0376666673,0.0231465325,0.0224904288,0,1.34902406,6,2.5,7.14044523,0,0,0,0,0,26.2745533,4.28917789,51.839138,0.497630328,35.5762978,3.85969996,581.887512,67.4512024,1.38960004,0.0250000004,50,1,0.119999997,0.550000012,0.0133333337
SL11_rand_35_r0,0,572,0.826666653,0,1.34902406,3.85969996,0.0473333336,0.037333332,0.0240717381,0.0215652324,0,1.34902406,6,2.5,7.14044523,0,0,0,0,0,26.2745533,4.28917789,51.839138,0.497630328,35.5762978,3.85969996,581.887512,67.4512024,1.38960004,0.0250000004,50,1,0.119999997,0.550000012,0.0133333337
SL11_rand_35_r0,0,573,0.839999974,0,1.34902406,3.85969996,0.0469999984,0.0370000005,0.0226930454,0.0218615793,0,1.34902406,6,2.5,7.14044523,0,0,0,0,0,26.2745533,4.28917789,51.839138,0.497630328,35.5762978,3.85969996,581.887512,67.4512024,1.38960004,0.0250000004,50,1,0.119999997,0.550000012,0.0133333337
SL11_rand_35_r0,0,574,0.853333354,0,1.34902406,3.85969996,0.0466666669,0.0366666652,0.0236463677,0.0229264442,0,1.34902406,6,2.5,7.14044523,0,0,0,0,0,26.2745533,4.28917789,51.839138,0.497630328,35.5762978,3.85969996,581.887512,67.4512024,1.38960004,0.0250000004,50,1,0.119999997,0.550000012,0.0133333337
SL11_rand_35_r0,0,575,0.866666675,0,1.34902406,3.85969996,0.0463333316,0.0363333337,0.0220377222,0.0219109356,0,1.34902406,6,2.5,7.14044523,0,0,0,0,0,26.2745533,4.28917789,51.839138,0.497630328,35.5762978,3.85969996,581.887512,67.4512024,1.38960004,0.0250000004,50,1,0.119999997,0.550000012,0.0133333337
SL11_rand_35_r0,0,576,0.879999995,0,1.34902406,3.85969996,0.0460000001,0.0359999985,0.0226614829,0.0219726339,0,1.34902406,6,2.5,7.14044523,0,0,0,0,0,26.2745533,4.28917789,51.839138,0.497630328,35.5762978,3.85969996,581.887512,67.4512024,1.38960004,0.0250000004,50,1,0.119999997,0.550000012,0.0133333337
SL11_rand_35_r0,0,577,0.893333316,0,1.34902406,3.85969996,0.0456666648,0.0356666669,0.0215134621,0.0213582013,0,1.34902406,6,2.5,7.14044523,0,0,0,0,0,26.2745533,4.28917789,51.839138,0.497630328,35.5762978,3.85969996,581.887512,67.4512024,1.38960004,0.0250000004,50,1,0.119999997,0.550000012,0.0133333337
SL11_rand_35_r0,0,578,0.906666696,0,1.34902406,3.85969996,0.0453333333,0.0353333317,0.0217374936,0.0215945132,0,1.34902406,6,2.5,7.14044523,0,0,0,0,0,26.2745533,4.28917789,51.839138,0.497630328,35.5762978,3.85969996,581.887512,67.4512024,1.38960004,0.0250000004,50,1,0.119999997,0.550000012,0.0133333337
SL11_rand_35_r0,0,579,0.920000017,0,1.34902406,3.85969996,0.0450000018,0.0350000001,0.0211979654,0.0208489113,0,1.34902406,6,2.5,7.14044523,0,0,0,0,0,26.2745533,4.28917789,51.839138,0.497630328,35.5762978,3.85969996,581.887512,67.4512024,1.38960004,0.0250000004,50,1,0.119999997,0.550000012,0.0133333337
SL11_rand_35_r0,0,580,0.933333337,0,1.34902406,3.85969996,0.0446666665,0.0346666649,0.0213188175,0.0212612879,0,1.34902406,6,2.5,7.14044523,0,0,0,0,0,26.2745533,4.28917789,51.839138,0.497630328,35.5762978,3.85969996,581.887512,67.4512024,1.38960004,0.0250000004,50,1,0.119999997,0.550000012,0.0133333337
SL11_rand_35_r0,0,581,0.946666658,0,1.34902406,3.85969996,0.044333335,0.0343333334,0.0211154632,0.020389976,0,1.34902406,6,2.5,7.14044523,0,0,0,0,0,26.2745533,4.28917789,51.839138,0.497630328,35.5762978,3.85969996,581.887512,67.4512024,1.38960004,0.0250000004,50,1,0.119999997,0.550000012,0.0133333337
SL11_rand_35_r0,0,582,0.959999979,0,1.34902406,3.85969996,0.0439999998,0.0340000018,0.0211387593,0.0207015276,0,1.34902406,6,2.5,7.14044523,0,0,0,0,0,26.2745533,4.28917789,51.839138,0.497630328,35.5762978,3.85969996,581.887512,67.4512024,1.38960004,0.0250000004,50,1,0.119999997,0.550000012,0.0133333337
SL11_rand_35_r0,0,583,0.973333359,0,1.34902406,3.85969996,0.0436666682,0.0336666666,0.0208872762,0.0200842228,0,1.34902406,6,2.5,7.14044523,0,0,0,0,0,26.2745533,4.28917789,51.839138,0.497630328,35.5762978,3.85969996,581.887512,67.4512024,1.38960004,0.0250000004,50,1,0.119999997,0.550000012,0.0133333337
SL11_rand_35_r0,0,584,0.986666679,0,1.34902406,3.85969996,0.043333333,0.0333333351,0.0205853749,0.0186826717,0,1.34902406,6,2.5,7.14044523,0,0,0,0,0,26.2745533,4.28917789,51.839138,0.497630328,35.5762978,3.85969996,581.887512,67.4512024,1.38960004,0.0250000004,50,1,0.119999997,0.550000012,0.0133333337
SL11_rand_35_r0,0,585,1,0,1.34902406,3.85969996,0.0430000015,0.0329999998,0.020339448,0.018524304,0,1.34902406,6,2.5,7.14044523,0,0,0,0,0,26.2745533,4.28917789,51.839138,0.497630328,35.5762978,3.85969996,581.887512,67.4512024,1.38960004,0.0250000004,50,1,0.119999997,0.550000012,0.0133333337
SL11_rand_35_r0,0,586,1.01333332,1,1.34902406,3.85969996,0.0426666662,0.0326666683,0.0199054368,0.0183812026,0,1.34902406,6,2.5,7.14044523,0,0,0,0,0,11.1349678,2.88416147,86.8536835,0.654028416,2.16223836,3.85969996,581.887512,67.4512024,1.38960004,0.0250000004,50,1,0.119999997,0.550000012,0.0133333337
SL11_rand_35_r0,0,587,1.02666664,1,1.34902406,3.85969996,0.0423333347,0.032333333,0.0195406396,0.0182125121,0,1.34902406,6,2.5,7.14044523,0,0,0,0,0,11.1349678,2.88416147,86.8536835,0.654028416,2.16223836,3.85969996,581.887512,67.4512024,1.38960004,0.0250000004,50,1,0.119999997,0.550000012,0.0133333337
SL11_rand_35_r0,0,588,1.03999996,1,1.34902406,3.85969996,0.0419999994,0.0320000015,0.0196040627,0.01812567,0,1.34902406,6,2.5,7.14044523,0,0,0,0,0,11.1349678,2.88416147,86.8536835,0.654028416,2.16223836,3.85969996,581.887512,67.4512024,1.38960004,0.0250000004,50,1,0.119999997,0.550000012,0.0133333337
SL11_rand_35_r0,0,589,1.05333328,1,1.34902406,3.85969996,0.0416666679,0.0316666663,0.0190755781,0.0179564115,0,1.34902406,6,2.5,7.14044523,0,0,0,0,0,11.1349678,2.88416147,86.8536835,0.654028416,2.16223836,3.85969996,581.887512,67.4512024,1.38960004,0.0250000004,50,1,0.119999997,0.550000012,0.0133333337
SL11_rand_35_r0,0,590,1.06666672,1,1.34902406,3.85969996,0.0413333327,0.0313333347,0.0196901001,0.0179443341,0,1.34902406,6,2.5,7.14044523,0,0,0,0,0,11.1349678,2.88416147,86.8536835,0.654028416,2.16223836,3.85969996,581.887512,67.4512024,1.38960004,0.0250000004,50,1,0.119999997,0.550000012,0.0133333337
SL11_rand_35_r0,0,591,1.08000004,1,1.34902406,3.85969996,0.0410000011,0.0309999995,0.0186932944,0.0175813977,0,1.34902406,6,2.5,7.14044523,0,0,0,0,0,11.1349678,2.88416147,86.8536835,0.654028416,2.16223836,3.85969996,581.887512,67.4512024,1.38960004,0.0250000004,50,1,0.119999997,0.550000012,0.0133333337
SL11_rand_35_r0,0,592,1.09333336,1,1.34902406,3.85969996,0.0406666659,0.0306666661,0.0189296845,0.017621452,0,1.34902406,6,2.5,7.14044523,0,0,0,0,0,11.1349678,2.88416147,86.8536835,0.654028416,2.16223836,3.85969996,581.887512,67.4512024,1.38960004,0.0250000004,50,1,0.119999997,0.550000012,0.0133333337
SL11_rand_35_r0,0,593,1.10666668,1,1.34902406,3.85969996,0.0403333344,0.0303333327,0.0180967338,0.0174581967,0,1.34902406,6,2.5,7.14044523,0,0,0,0,0,11.1349678,2.88416147,86.8536835,0.654028416,2.16223836,3.85969996,581.887512,67.4512024,1.38960004,0.0250000004,50,1,0.119999997,0.550000012,0.0133333337
SL11_rand_35_r0,0,594,1.12,1,1.34902406,3.85969996,0.0399999991,0.0299999993,0.0181501321,0.0174903572,0,1.34902406,6,2.5,7.14044523,0,0,0,0,0,11.1349678,2.88416147,86.8536835,0.654028416,2.16223836,3.85969996,581.887512,67.4512024,1.38960004,0.0250000004,50,1,0.119999997,0.550000012,0.0133333337
SL11_rand_35_r0,0,595,1.13333333,1,1.34902406,3.85969996,0.0396666676,0.0296666659,0.0178766511,0.0173767973,0,1.34902406,6,2.5,7.14044523,0,0,0,0,0,11.1349678,2.88416147,86.8536835,0.654028416,2.16223836,3.85969996,581.887512,67.4512024,1.38960004,0.0250000004,50,1,0.119999997,0.550000012,0.0133333337
SL11_rand_35_r0,0,596,1.14666665,1,1.34902406,3.85969996,0.0393333323,0.0293333326,0.0176956709,0.0173910987,0,1.34902406,6,2.5,7.14044523,0,0,0,0,0,11.1349678,2.88416147,86.8536835,0.654028416,2.16223836,3.85969996,581.887512,67.4512024,1.38960004,0.0250000004,50,1,0.119999997,0.550000012,0.0133333337
SL11_rand_35_r0,0,597,1.15999997,1,1.34902406,3.85969996,0.0390000008,0.0289999992,0.0180545468,0.0173283983,0,1.34902406,6,2.5,7.14044523,0,0,0,0,0,11.1349678,2.88416147,86.8536835,0.654028416,2.16223836,3.85969996,581.887512,67.4512024,1.38960004,0.0250000004,50,1,0.119999997,0.550000012,0.0133333337
SL11_rand_35_r0,0,598,1.17333329,1,1.34902406,3.85969996,0.0386666656,0.0286666658,0.0176024288,0.0173314195,0,1.34902406,6,2.5,7.14044523,0,0,0,0,0,11.1349678,2.88416147,86.8536835,0.654028416,2.16223836,3.85969996,581.887512,67.4512024,1.38960004,0.0250000004,50,1,0.119999997,0.550000012,0.0133333337
SL11_rand_35_r0,0,599,1.18666661,1,1.34902406,3.85969996,0.038333334,0.0283333343,0.0186207648,0.0173185803,0,1.34902406,6,2.5,7.14044523,0,0,0,0,0,11.1349678,2.88416147,86.8536835,0.654028416,2.16223836,3.85969996,581.887512,67.4512024,1.38960004,0.0250000004,50,1,0.119999997,0.550000012,0.0133333337
SL11_rand_35_r0,0,600,1.20000005,1,1.34902406,3.85969996,0.0379999988,0.0280000009,0.0173345469,0.0170821119,0,1.34902406,6,2.5,7.14044523,0,0,0,0,0,11.1349678,2.88416147,86.8536835,0.654028416,2.16223836,3.85969996,581.887512,67.4512024,1.38960004,0.0250000004,50,1,0.119999997,0.550000012,0.0133333337
SL11_rand_35_r0,0,601,1.21333337,1,1.34902406,3.85969996,0.0376666673,0.0276666675,0.0179563966,0.0172884297,0,1.34902406,6,2.5,7.14044523,0,0,0,0,0,11.1349678,2.88416147,86.8536835,0.654028416,2.16223836,3.85969996,581.887512,67.4512024,1.38960004,0.0250000004,50,1,0.119999997,0.550000012,0.0133333337
SL11_rand_35_r0,0,602,1.22666669,1,1.34902406,3.85969996,0.037333332,0.0273333341,0.0170817934,0.0170590542,0,1.34902406,6,2.5,7.14044523,0,0,0,0,0,11.1349678,2.88416147,86.8536835,0.654028416,2.16223836,3.85969996,581.887512,67.4512024,1.38960004,0.0250000004,50,1,0.119999997,0.550000012,0.0133333337
SL11_rand_35_r0,0,603,1.24000001,1,1.34902406,3.85969996,0.0370000005,0.0270000007,0.017397156,0.0172213148,0,1.34902406,6,2.5,7.14044523,0,0,0,0,0,11.1349678,2.88416147,86.8536835,0.654028416,2.16223836,3.85969996,581.887512,67.4512024,1.38960004,0.0250000004,50,1,0.119999997,0.550000012,0.0133333337
SL11_rand_35_r0,0,604,1.25333333,1,1.34902406,3.85969996,0.0366666652,0.0266666673,0.0171959326,0.0170212984,0,1.34902406,6,2.5,7.14044523,0,0,0,0,0,11.1349678,2.88416147,86.8536835,0.654028416,2.16223836,3.85969996,581.887512,67.4512024,1.38960004,0.0250000004,50,1,0.119999997,0.550000012,0.0133333337
SL11_rand_35_r0,0,605,1.26666665,1,1.34902406,3.85969996,0.0363333337,0.0263333339,0.0171487294,0.0171351247,0,1.34902406,6,2.5,7.14044523,0,0,0,0,0,11.1349678,2.88416147,86.8536835,0.654028416,2.16223836,3.85969996,581.887512,67.4512024,1.38960004,0.0250000004,50,1,0.119999997,0.550000012,0.0133333337
SL11_rand_35_r0,0,606,1.27999997,1,1.34902406,3.85969996,0.0359999985,0.0260000005,0.0176705457,0.0169733204,0,1.34902406,6,2.5,7.14044523,0,0,0,0,0,11.1349678,2.88416147,86.8536835,0.654028416,2.16223836,3.85969996,581.887512,67.4512024,1.38960004,0.0250000004,50,1,0.119999997,0.550000012,0.0133333337
SL11_rand_35_r0,0,607,1.29333329,1,1.34902406,3.85969996,0.0356666669,0.0256666671,0.0172325168,0.0170398448,0,1.34902406,6,2.5,7.14044523,0,0,0,0,0,11.1349678,2.88416147,86.8536835,0.654028416,2.16223836,3.85969996,581.887512,67.4512024,1.38960004,0.0250000004,50,1,0.119999997,0.550000012,0.0133333337
SL11_rand_35_r0,0,608,1.30666661,1,1.34902406,3.85969996,0.0353333317,0.0253333338,0.018482754,0.0169141646,0,1.34902406,6,2.5,7.14044523,0,0,0,0,0,11.1349678,2.88416147,86.8536835,0.654028416,2.16223836,3.85969996,581.887512,67.4512024,1.38960004,0.0250000004,50,1,0.119999997,0.550000012,0.0133333337
SL11_rand_35_r0,0,609,1.32000005,1,1.34902406,3.85969996,0.0350000001,0.0250000004,0.0169659127,0.0167393479,0,1.34902406,6,2.5,7.14044523,0,0,0,0,0,11.1349678,2.88416147,86.8536835,0.654028416,2.16223836,3.85969996,581.887512,67.4512024,1.38960004,0.0250000004,50,1,0.119999997,0.550000012,0.0133333337
SL11_rand_35_r0,0,610,1.33333337,1,1.34902406,3.85969996,0.0346666649,0.024666667,0.0178245604,0.016937362,0,1.34902406,6,2.5,7.14044523,0,0,0,0,0,11.1349678,2.88416147,86.8536835,0.654028416,2.16223836,3.85969996,581.887512,67.4512024,1.38960004,0.0250000004,50,1,0.119999997,0.550000012,0.0133333337
SL11_rand_35_r0,0,611,1.34666669,1,1.34902406,3.85969996,0.0343333334,0.0243333336,0.016858492,0.0166319497,0,1.34902406,6,2.5,7.14044523,0,0,0,0,0,11.1349678,2.88416147,86.8536835,0.654028416,2.16223836,3.85969996,581.887512,67.4512024,1.38960004,0.0250000004,50,1,0.119999997,0.550000012,0.0133333337
SL11_rand_35_r0,0,612,1.36000001,1,1.34902406,3.85969996,0.0340000018,0.0240000002,0.0173143074,0.0167841204,0,1.34902406,6,2.5,7.14044523,0,0,0,0,0,11.1349678,2.88416147,86.8536835,0.654028416,2.16223836,3.85969996,581.887512,67.4512024,1.38960004,0.0250000004,50,1,0.119999997,0.550000012,0.0133333337
SL11_rand_35_r0,0,613,1.37333333,1,1.34902406,3.85969996,0.0336666666,0.0236666668,0.0171210971,0.0165172853,0,1.34902406,6,2.5,7.14044523,0,0,0,0,0,11.1349678,2.88416147,86.8536835,0.654028416,2.16223836,3.85969996,581.887512,67.4512024,1.38960004,0.0250000004,50,1,0.119999997,0.550000012,0.0133333337
SL11_rand_35_r0,0,614,1.38666666,1,1.34902406,3.85969996,0.0333333351,0.0233333334,0.0171267651,0.0166230146,0,1.34902406,6,2.5,7.14044523,0,0,0,0,0,11.1349678,2.88416147,86.8536835,0.654028416,2.16223836,3.85969996,581.887512,67.4512024,1.38960004,0.0250000004,50,1,0.119999997,0.550000012,0.0133333337
SL11_rand_35_r0,0,615,1.39999998,1,1.34902406,3.85969996,0.0329999998,0.023,0.0176888872,0.0169795509,0,1.34902406,6,2.5,7.14044523,0,0,0,0,0,11.1349678,2.88416147,86.8536835,0.654028416,2.16223836,3.85969996,581.887512,67.4512024,1.38960004,0.0250000004,50,1,0.119999997,0.550000012,0.0133333337
SL11_rand_35_r0,0,616,1.4133333,1,1.34902406,3.85969996,0.0326666683,0.0226666667,0.0172783379,0.0164568108,0,1.34902406,6,2.5,7.14044523,0,0,0,0,0,11.1349678,2.88416147,86.8536835,0.654028416,2.16223836,3.85969996,581.887512,67.4512024,1.38960004,0.0250000004,50,1,0.119999997,0.550000012,0.0133333337
SL11_rand_35_r0,0,617,1.42666662,1,1.34902406,3.85969996,0.032333333,0.0223333333,0.0180499367,0.0168098081,0,1.34902406,6,2.5,7.14044523,0,0,0,0,0,11.1349678,2.88416147,86.8536835,0.654028416,2.16223836,3.85969996,581.887512,67.4512024,1.38960004,0.0250000004,50,1,0.119999997,0.550000012,0.0133333337
SL11_rand_35_r0,0,618,1.44000006,1,1.34902406,3.85969996,0.0320000015,0.0219999999,0.0169679709,0.0165851768,0,1.34902406,6,2.5,7.14044523,0,0,0,0,0,11.1349678,2.88416147,86.8536835,0.654028416,2.16223836,3.85969996,581.887512,67.4512024,1.38960004,0.0250000004,50,1,0.119999997,0.550000012,0.0133333337
SL11_rand_35_r0,0,619,1.45333338,1,1.34902406,3.85969996,0.0316666663,0.0216666665,0.0174954738,0.0168842264,0,1.34902406,6,2.5,7.14044523,0,0,0,0,0,11.1349678,2.88416147,86.8536835,0.654028416,2.16223836,3.85969996,581.887512,67.4512024,1.38960004,0.0250000004,50,1,0.119999997,0.550000012,0.0133333337
SL11_rand_35_r0,0,620,1.4666667,1,1.34902406,3.85969996,0.0313333347,0.0213333331,0.0164560955,0.01637174,0,1.34902406,6,2.5,7.14044523,0,0,0,0,0,11.1349678,2.88416147,86.8536835,0.654028416,2.16223836,3.85969996,581.887512,67.4512024,1.38960004,0.0250000004,50,1,0.119999997,0.550000012,0.0133333337
SL11_rand_35_r0,0,621,1.48000002,1,1.34902406,3.85969996,0.0309999995,0.0209999997,0.0168204606,0.0166363288,0,1.34902406,6,2.5,7.14044523,0,0,0,0,0,11.1349678,2.88416147,86.8536835,0.654028416,2.16223836,3.85969996,581.887512,67.4512024,1.38960004,0.0250000004,50,1,0.119999997,0.550000012,0.0133333337
SL11_rand_35_r0,0,622,1.49333334,1,1.34902406,3.85969996,0.0306666661,0.0206666663,0.0163014773,0.0161800254,0,1.34902406,6,2.5,7.14044523,0,0,0,0,0,11.1349678,2.88416147,86.8536835,0.654028416,2.16223836,3.85969996,581.887512,67.4512024,1.38960004,0.0250000004,50,1,0.119999997,0.550000012,0.0133333337
SL11_rand_35_r0,0,623,1.50666666,1,1.34902406,3.85969996,0.0303333327,0.0203333329,0.0164578743,0.016410822,0,1.34902406,6,2.5,7.14044523,0,0,0,0,0,11.1349678,2.88416147,86.8536835,0.654028416,2.16223836,3.85969996,581.887512,67.4512024,1.38960004,0.0250000004,50,1,0.119999997,0.550000012,0.0133333337
SL11_rand_35_r0,0,624,1.51999998,1,1.34902406,3.85969996,0.0299999993,0.0199999996,0.0165282711,0.0160008743,0,1.34902406,6,2.5,7.14044523,0,0,0,0,0,11.1349678,2.88416147,86.8536835,0.654028416,2.16223836,3.85969996,581.887512,67.4512024,1.38960004,0.0250000004,50,1,0.119999997,0.550000012,0.0133333337
SL11_rand_35_r0,0,625,1.5333333,1,1.34902406,3.85969996,0.0296666659,0.0196666662,0.0164412875,0.0161995031,0,1.34902406,6,2.5,7.14044523,0,0,0,0,0,11.1349678,2.88416147,86.8536835,0.654028416,2.16223836,3.85969996,581.887512,67.4512024,1.38960004,0.0250000004,50,1,0.119999997,0.550000012,0.0133333337
SL11_rand_35_r0,0,626,1.54666662,1,1.34902406,3.85969996,0.0293333326,0.0193333328,0.0171286352,0.0158305522,0,1.34902406,6,2.5,7.14044523,0,0,0,0,0,11.1349678,2.88416147,86.8536835,0.654028416,2.16223836,3.85969996,581.887512,67.4512024,1.38960004,0.0250000004,50,1,0.119999997,0.550000012,0.0133333337
SL11_rand_35_r0,0,627,1.55999994,1,1.34902406,3.85969996,0.0289999992,0.0189999994,0.015821103,0.0155952107,0,1.34902406,6,2.5,7.14044523,0,0,0,0,0,11.1349678,2.88416147,86.8536835,0.654028416,2.16223836,3.85969996,581.887512,67.4512024,1.38960004,0.0250000004,50,1,0.119999997,0.550000012,0.0133333337
SL11_rand_35_r0,0,628,1.57333338,1,1.34902406,3.85969996,0.0286666658,0.018666666,0.0164361279,0.0159108844,0,1.34902406,6,2.5,7.14044523,0,0,0,0,0,11.1349678,2.88416147,86.8536835,0.654028416,2.16223836,3.85969996,581.887512,67.4512024,1.38960004,0.0250000004,50,1,0.119999997,0.550000012,0.0133333337
SL11_rand_35_r0,0,629,1.5866667,1,1.34902406,3.85969996,0.0283333343,0.0183333326,0.0154561056,0.0153970011,0,1.34902406,6,2.5,7.14044523,0,0,0,0,0,11.1349678,2.88416147,86.8536835,0.654028416,2.16223836,3.85969996,581.887512,67.4512024,1.38960004,0.0250000004,50,1,0.119999997,0.550000012,0.0133333337
SL11_rand_35_r0,0,630,1.60000002,1,1.34902406,3.85969996,0.0280000009,0.0179999992,0.0158200134,0.0156716853,0,1.34902406,6,2.5,7.14044523,0,0,0,0,0,11.1349678,2.88416147,86.8536835,0.654028416,2.16223836,3.85969996,581.887512,67.4512024,1.38960004,0.0250000004,50,1,0.119999997,0.550000012,0.0133333337
SL11_rand_35_r0,0,631,1.61333334,1,1.34902406,3.85969996,0.0276666675,0.0176666658,0.0154795423,0.0151925161,0,1.34902406,6,2.5,7.14044523,0,0,0,0,0,11.1349678,2.88416147,86.8536835,0.654028416,2.16223836,3.85969996,581.887512,67.4512024,1.38960004,0.0250000004,50,1,0.119999997,0.550000012,0.0133333337
SL11_rand_35_r0,0,632,1.62666667,1,1.34902406,3.85969996,0.0273333341,0.0173333324,0.0155400261,0.0154292649,0,1.34902406,6,2.5,7.14044523,0,0,0,0,0,11.1349678,2.88416147,86.8536835,0.654028416,2.16223836,3.85969996,581.887512,67.4512024,1.38960004,0.0250000004,50,1,0.119999997,0.550000012,0.0133333337
SL11_rand_35_r0,0,633,1.63999999,1,1.34902406,3.85969996,0.0270000007,0.0170000009,0.0158988405,0.0149840936,0,1.34902406,6,2.5,7.14044523,0,0,0,0,0,11.1349678,2.88416147,86.8536835,0.654028416,2.16223836,3.85969996,581.887512,67.4512024,1.38960004,0.0250000004,50,1,0.119999997,0.550000012,0.0133333337
SL11_rand_35_r0,0,634,1.65333331,1,1.34902406,3.85969996,0.0266666673,0.0166666675,0.0156290159,0.0151841724,0,1.34902406,6,2.5,7.14044523,0,0,0,0,0,11.1349678,2.88416147,86.8536835,0.654028416,2.16223836,3.85969996,581.887512,67.4512024,1.38960004,0.0250000004,50,1,0.119999997,0.550000012,0.0133333337
SL11_rand_35_r0,0,635,1.66666663,1,1.34902406,3.85969996,0.0263333339,0.0163333341,0.0154343657,0.0150678307,0,1.34902406,6,2.5,7.14044523,0,0,0,0,0,11.1349678,2.88416147,86.8536835,0.654028416,2.16223836,3.85969996,581.887512,67.4512024,1.38960004,0.0250000004,50,1,0.119999997,0.550000012,0.0133333337
SL11_rand_35_r0,0,636,1.67999995,1,1.34902406,3.85969996,0.0260000005,0.0160000008,0.0151840365,0.0145929335,0,1.34902406,6,2.5,7.14044523,0,0,0,0,0,11.1349678,2.88416147,86.8536835,0.654028416,2.16223836,3.85969996,581.887512,67.4512024,1.38960004,0.0250000004,50,1,0.119999997,0.550000012,0.0133333337
SL11_rand_35_r0,0,637,1.69333339,1,1.34902406,3.85969996,0.0256666671,0.0156666674,0.015050373,0.0148613164,0,1.34902406,6,2.5,7.14044523,0,0,0,0,0,11.1349678,2.88416147,86.8536835,0.654028416,2.16223836,3.85969996,581.887512,67.4512024,1.38960004,0.0250000004,50,1,0.119999997,0.550000012,0.0133333337
SL11_rand_35_r0,0,638,1.70666671,1,1.34902406,3.85969996,0.0253333338,0.0153333331,0.0149485627,0.0143570434,0,1.34902406,6,2.5,7.14044523,0,0,0,0,0,11.1349678,2.88416147,86.8536835,0.654028416,2.16223836,3.85969996,581.887512,67.4512024,1.38960004,0.0250000004,50,1,0.119999997,0.550000012,0.0133333337
SL11_rand_35_r0,0,639,1.72000003,1,1.34902406,3.85969996,0.0250000004,0.0149999997,0.0151695162,0.0146502648,0,1.34902406,6,2.5,7.14044523,0,0,0,0,0,11.1349678,2.88416147,86.8536835,0.654028416,2.16223836,3.85969996,581.887512,67.4512024,1.38960004,0.0250000004,50,1,0.119999997,0.550000012,0.0133333337
SL11_rand_35_r0,0,640,1.73333335,1,1.34902406,3.85969996,0.024666667,0.0146666663,0.0147375166,0.0143048512,0,1.34902406,6,2.5,7.14044523,0,0,0,0,0,11.1349678,2.88416147,86.8536835,0.654028416,2.16223836,3.85969996,581.887512,67.4512024,1.38960004,0.0250000004,50,1,0.119999997,0.550000012,0.0133333337
SL11_rand_35_r0,0,641,1.74666667,1,1.34902406,3.85969996,0.0243333336,0.0143333329,0.0150580313,0.0143176317,0,1.34902406,6,2.5,7.14044523,0,0,0,0,0,11.1349678,2.88416147,86.8536835,0.654028416,2.16223836,3.85969996,581.887512,67.4512024,1.38960004,0.0250000004,50,1,0.119999997,0.550000012,0.0133333337
SL11_rand_35_r0,0,642,1.75999999,1,1.34902406,3.85969996,0.0240000002,0.0140000004,0.0148455659,0.0138774719,0,1.34902406,6,2.5,7.14044523,0,0,0,0,0,11.1349678,2.88416147,86.8536835,0.654028416,2.16223836,3.85969996,581.887512,67.4512024,1.38960004,0.0250000004,50,1,0.119999997,0.550000012,0.0133333337
SL11_rand_35_r0,0,643,1.77333331,1,1.34902406,3.85969996,0.0236666668,0.013666667,0.0146624995,0.013856885,0,1.34902406,6,2.5,7.14044523,0,0,0,0,0,11.1349678,2.88416147,86.8536835,0.654028416,2.16223836,3.85969996,581.887512,67.4512024,1.38960004,0.0250000004,50,1,0.119999997,0.550000012,0.0133333337
SL11_rand_35_r0,0,644,1.78666663,1,1.34902406,3.85969996,0.0233333334,0.0133333337,0.014283875,0.013614824,0,1.34902406,6,2.5,7.14044523,0,0,0,0,0,11.1349678,2.88416147,86.8536835,0.654028416,2.16223836,3.85969996,581.887512,67.4512024,1.38960004,0.0250000004,50,1,0.119999997,0.550000012,0.0133333337
SL11_rand_35_r0,0,645,1.79999995,1,1.34902406,3.85969996,0.023,0.0130000003,0.0137452073,0.0135193123,0,1.34902406,6,2.5,7.14044523,0,0,0,0,0,11.1349678,2.88416147,86.8536835,0.654028416,2.16223836,3.85969996,581.887512,67.4512024,1.38960004,0.0250000004,50,1,0.119999997,0.550000012,0.0133333337
SL11_rand_35_r0,0,646,1.81333339,1,1.34902406,3.85969996,0.0226666667,0.0126666669,0.0140396105,0.0135074826,0,1.34902406,6,2.5,7.14044523,0,0,0,0,0,11.1349678,2.88416147,86.8536835,0.654028416,2.16223836,3.85969996,581.887512,67.4512024,1.38960004,0.0250000004,50,1,0.119999997,0.550000012,0.0133333337
SL11_rand_35_r0,0,647,1.82666671,1,1.34902406,3.85969996,0.0223333333,0.0123333335,0.0131851025,0.013170843,0,1.34902406,6,2.5,7.14044523,0,0,0,0,0,11.1349678,2.88416147,86.8536835,0.654028416,2.16223836,3.85969996,581.887512,67.4512024,1.38960004,0.0250000004,50,1,0.119999997,0.550000012,0.0133333337
SL11_rand_35_r0,0,648,1.84000003,1,1.34902406,3.85969996,0.0219999999,0.0120000001,0.0134134758,0.0131754056,0,1.34902406,6,2.5,7.14044523,0,0,0,0,0,11.1349678,2.88416147,86.8536835,0.654028416,2.16223836,3.85969996,581.887512,67.4512024,1.38960004,0.0250000004,50,1,0.119999997,0.550000012,0.0133333337
SL11_rand_35_r0,0,649,1.85333335,1,1.34902406,3.85969996,0.0216666665,0.0116666667,0.0130397705,0.0128077492,0,1.34902406,6,2.5,7.14044523,0,0,0,0,0,11.1349678,2.88416147,86.8536835,0.654028416,2.16223836,3.85969996,581.887512,67.4512024,1.38960004,0.0250000004,50,1,0.119999997,0.550000012,0.0133333337
SL11_rand_35_r0,0,650,1.86666667,1,1.34902406,3.85969996,0.0213333331,0.0113333333,0.0131383073,0.012892155,0,1.34902406,6,2.5,7.14044523,0,0,0,0,0,11.1349678,2.88416147,86.8536835,0.654028416,2.16223836,3.85969996,581.887512,67.4512024,1.38960004,0.0250000004,50,1,0.119999997,0.550000012,0.0133333337
SL11_rand_35_r0,0,651,1.88,1,1.34902406,3.85969996,0.0209999997,0.0109999999,0.0127967764,0.0127066011,0,1.34902406,6,2.5,7.14044523,0,0,0,0,0,11.1349678,2.88416147,86.8536835,0.654028416,2.16223836,3.85969996,581.887512,67.4512024,1.38960004,0.0250000004,50,1,0.119999997,0.550000012,0.0133333337
SL11_rand_35_r0,0,652,1.89333332,1,1.34902406,3.85969996,0.0206666663,0.0106666666,0.0129316291,0.0121356053,0,1.34902406,6,2.5,7.14044523,0,0,0,0,0,11.1349678,2.88416147,86.8536835,0.654028416,2.16223836,3.85969996,581.887512,67.4512024,1.38960004,0.0250000004,50,1,0.119999997,0.550000012,0.0133333337
SL11_rand_35_r0,0,653,1.90666664,1,1.34902406,3.85969996,0.0203333329,0.0103333332,0.0122932522,0.0117866546,0,1.34902406,6,2.5,7.14044523,0,0,0,0,0,11.1349678,2.88416147,86.8536835,0.654028416,2.16223836,3.85969996,581.887512,67.4512024,1.38960004,0.0250000004,50,1,0.119999997,0.550000012,0.0133333337
SL11_rand_35_r0,0,654,1.91999996,1,1.34902406,3.85969996,0.0199999996,0.00999999978,0.0119451089,0.0116642872,0,1.34902406,6,2.5,7.14044523,0,0,0,0,0,11.1349678,2.88416147,86.8536835,0.654028416,2.16223836,3.85969996,581.887512,67.4512024,1.38960004,0.0250000004,50,1,0.119999997,0.550000012,0.0133333337
SL11_rand_35_r0,0,655,1.93333328,1,1.34902406,3.85969996,0.0196666662,0.00966666639,0.0113653801,0.0113211051,0,1.34902406,6,2.5,7.14044523,0,0,0,0,0,11.1349678,2.88416147,86.8536835,0.654028416,2.16223836,3.85969996,581.887512,67.4512024,1.38960004,0.0250000004,50,1,0.119999997,0.550000012,0.0133333337
SL11_rand_35_r0,0,656,1.94666672,1,1.34902406,3.85969996,0.0193333328,0.009333333,0.0112195453,0.011041577,0,1.34902406,6,2.5,7.14044523,0,0,0,0,0,11.1349678,2.88416147,86.8536835,0.654028416,2.16223836,3.85969996,581.887512,67.4512024,1.38960004,0.0250000004,50,1,0.119999997,0.550000012,0.0133333337
SL11_rand_35_r0,0,657,1.96000004,1,1.34902406,3.85969996,0.0189999994,0.00899999961,0.011025589,0.0108320508,0,1.34902406,6,2.5,7.14044523,0,0,0,0,0,11.1349678,2.88416147,86.8536835,0.654028416,2.16223836,3.85969996,581.887512,67.4512024,1.38960004,0.0250000004,50,1,0.119999997,0.550000012,0.0133333337
SL11_rand_35_r0,0,658,1.97333336,1,1.34902406,3.85969996,0.018666666,0.00866666622,0.0105674285,0.0105220275,0,1.34902406,6,2.5,7.14044523,0,0,0,0,0,11.1349678,2.88416147,86.8536835,0.654028416,2.16223836,3.85969996,581.887512,67.4512024,1.38960004,0.0250000004,50,1,0.119999997,0.550000012,0.0133333337
SL11_rand_35_r0,0,659,1.98666668,1,1.34902406,3.85969996,0.0183333326,0.00833333377,0.0109952195,0.0106791519,0,1.34902406,6,2.5,7.14044523,0,0,0,0,0,11.1349678,2.88416147,86.8536835,0.654028416,2.16223836,3.85969996,581.887512,67.4512024,1.38960004,0.0250000004,50,1,0.119999997,0.550000012,0.0133333337
SL11_rand_35_r0,0,660,2,2,1.43602252,3.85969996,0.0179999992,0.00800000038,0.0106173307,0.00972816162,0.000271838071,1.50720322,6,2.5,7.14044523,0,0,0,0,0,11.9868584,2.88672519,88.7351608,0.663507104,163.477051,3.85969996,581.887512,67.4512024,1.38960004,0.0250000004,50,1,0.119999997,0.550000012,0.0133333337
SL11_rand_35_r0,0,661,2.01333332,2,1.60766184,3.85969996,0.0176666658,0.00766666653,0.0108123235,0.00931418035,0.000685819774,1.74809396,6,2.5,7.14044523,0,0,0,0,0,11.9868584,2.88672519,88.7351608,0.663507104,163.477051,3.85969996,581.887512,67.4512024,1.38960004,0.0250000004,50,1,0.119999997,0.550000012,0.0133333337
SL11_rand_35_r0,0,662,2.02666664,2,1.72870922,3.85969996,0.0173333324,0.00733333314,0.00935463794,0.00917729083,0.000822708942,1.82774806,6,2.5,7.14044523,0,0,0,0,0,11.9868584,2.88672519,88.7351608,0.663507104,163.477051,3.85969996,581.887512,67.4512024,1.38960004,0.0250000004,50,1,0.119999997,0.550000012,0.0133333337
SL11_rand_35_r0,0,663,2.03999996,2,1.91978323,3.85969996,0.0170000009,0.00700000022,0.00924830977,0.00875045918,0.0012495413,2.07611656,6,2.5,7.14044523,0,0,0,0,0,11.9868584,2.88672519,88.7351608,0.663507104,163.477051,3.85969996,581.887512,67.4512024,1.38960004,0.0250000004,50,1,0.119999997,0.550000012,0.0133333337
SL11_rand_35_r0,0,664,2.05333328,2,2.04778242,3.85969996,0.0166666675,0.00666666683,0.0088084843,0.00861917436,0.00138082553,2.15250921,6,2.5,7.14044523,0,0,0,0,0,11.9868584,2.88672519,88.7351608,0.663507104,163.477051,3.85969996,581.887512,67.4512024,1.38960004,0.0250000004,50,1,0.119999997,0.550000012,0.0133333337
SL11_rand_35_r0,0,665,2.0666666,2,2.2446897,3.85969996,0.0163333341,0.00633333344,0.00840383582,0.00818389002,0.00181610999,2.40579581,6,2.5,7.14044523,0,0,0,0,0,11.9868584,2.88672519,88.7351608,0.663507104,163.477051,3.85969996,581.887512,67.4512024,1.38960004,0.0250000004,50,1,0.119999997,0.550000012,0.0133333337
SL11_rand_35_r0,0,666,2.07999992,2,2.37225556,3.85969996,0.0160000008,0.00600000005,0.00914864708,0.00806216151,0.00193783815,2.47662783,6,2.5,7.14044523,0,0,0,0,0,11.9868584,2.88672519,88.7351608,0.663507104,163.477051,3.85969996,581.887512,67.4512024,1.38960004,0.0250000004,50,1,0.119999997,0.550000012,0.0133333337
SL11_rand_35_r0,0,667,2.09333324,2,2.57234836,3.85969996,0.0156666674,0.00566666666,0.00852683559,0.00761631504,0.00238368474,2.73606038,6,2.5,7.14044523,0,1,0,0,0,11.9868584,2.88672519,88.7351608,0.663507104,163.477051,3.85969996,581.887512,67.4512024,1.38960004,0.0250000004,50,1,0.119999997,0.550000012,0.0133333337
SL11_rand_35_r0,0,668,2.10666656,2,2.41240788,3.85969996,0.0153333331,0.00533333328,0.00909082498,0.00839741621,0.00160258403,2.28154755,6,2.5,7.14044523,0,0,0,0,0,11.9868584,2.88672519,88.7351608,0.663507104,163.477051,3.85969996,581.887512,67.4512024,1.38960004,0.0250000004,50,1,0.119999997,0.550000012,0.0133333337
SL11_rand_35_r0,0,669,2.11999989,2,2.74085712,3.85969996,0.0149999997,0.00499999989,0.00776584307,0.00714624487,0.00285375491,3.00958824,6,2.5,7.14044523,1,1,0,1,0,11.9868584,2.88672519,88.7351608,0.663507104,163.477051,3.85969996,581.887512,67.4512024,1.38960004,0.0250000004,50,1,0.119999997,0.550000012,0.0133333337
SL11_rand_35_r0,0,670,2.23116803,2,3.11676121,3.85969996,0.0147380726,0.0047380724,0.00763397478,0.00643351162,0.00356648839,3.42431903,6,2.5,7.14044523,1,1,0,2,0,11.9868584,2.88672519,88.7351608,0.663507104,163.477051,3.85969996,581.887512,67.4512024,1.38960004,0.0250000004,50,1,0.119999997,0.550000012,0.0133333337
SL11_rand_35_r0,0,671,2.34233594,2,3.16733813,3.85969996,0.0145020951,0.00450209528,0.00737580005,0.00630739611,0.00369260367,3.20871925,6,2.5,7.14044523,1,1,0,3,0,11.9868584,2.88672519,88.7351608,0.663507104,163.477051,3.85969996,581.887512,67.4512024,1.38960004,0.0250000004,50,1,0.119999997,0.550000012,0.0133333337
SL11_rand_35_r0,0,672,2.45350409,2,3.22723317,3.85969996,0.0142870806,0.00428708037,0.00628611492,0.0060108765,0.00398912374,3.27623844,6,2.5,7.14044523,1,1,0,4,0,11.9868584,2.88672519,88.7351608,0.663507104,163.477051,3.85969996,581.887512,67.4512024,1.38960004,0.0250000004,50,1,0.119999997,0.550000012,0.0133333337
SL11_rand_35_r0,0,673,2.56467199,2,3.2723608,3.85969996,0.0140880952,0.00408809492,0.00662086159,0.00580829056,0.00419170922,3.30928349,6,2.5,7.14044523,1,1,0,5,0,11.9868584,2.88672519,88.7351608,0.663507104,163.477051,3.85969996,581.887512,67.4512024,1.38960004,0.0250000004,50,1,0.119999997,0.550000012,0.0133333337
SL11_rand_35_r0,0,674,2.6758399,2,3.19594908,3.85969996,0.013870555,0.00387055543,0.006404093,0.00599901797,0.0040009818,3.13343024,6,2.5,7.14044523,1,1,0,6,0,11.9868584,2.88672519,88.7351608,0.663507104,163.477051,3.85969996,581.887512,67.4512024,1.38960004,0.0250000004,50,1,0.119999997,0.550000012,0.0133333337
SL11_rand_35_r0,0,675,2.78700805,2,2.91003108,3.85969996,0.0135705015,0.00357050193,0.00701622246,0.00691400794,0.00308599207,2.67609835,6,2.5,7.14044523,1,1,0,7,0,11.9868584,2.88672519,88.7351608,0.663507104,163.477051,3.85969996,581.887512,67.4512024,1.38960004,0.0250000004,50,1,0.119999997,0.550000012,0.0133333337
SL11_rand_35_r0,0,676,2.89817595,2,3.62376618,3.85969996,0.013454956,0.00345495576,0.0056368853,0.004855718,0.00514428178,4.20773125,6,2.5,7.14044523,1,1,0,8,0,11.9868584,2.88672519,88.7351608,0.663507104,163.477051,3.85969996,581.887512,67.4512024,1.38960004,0.0250000004,50,1,0.119999997,0.550000012,0.0133333337
SL11_rand_35_r0,0,677,3.0093441,3,3.50765061,3.85969996,0.0133379065,0.00333790667,0.00502770254,0.00493884319,0.00506115658,3.41264701,6,2.5,7.14044523,1,1,0,9,0,-0.175665006,-20.4588165,75.5418625,0.639810443,140.870209,3.85969996,581.887512,67.4512024,1.38960004,0.0250000004,50,1,0.119999997,0.550000012,0.0133333337
SL11_rand_35_r0,0,678,3.12051201,3,3.28183484,3.85969996,0.0131578799,0.00315788039,0.00551179703,0.00549161993,0.00450838031,3.09707642,6,2.5,7.14044523,1,1,0,10,0,-0.175665006,-20.4588165,75.5418625,0.639810443,140.870209,3.85969996,581.887512,67.4512024,1.38960004,0.0250000004,50,1,0.119999997,0.550000012,0.0133333337
SL11_rand_35_r0,0,679,3.23167992,3,3.55593324,3.85969996,0.0130434968,0.00304349628,0.00510238064,0.00475565996,0.00524434028,3.78019524,6,2.5,7.14044523,1,1,0,11,0,-0.175665006,-20.4588165,75.5418625,0.639810443,140.870209,3.85969996,581.887512,67.4512024,1.38960004,0.0250000004,50,1,0.119999997,0.550000012,0.0133333337
SL11_rand_35_r0,0,680,3.34284806,3,3.48565698,3.85969996,0.0129205314,0.00292053143,0.00529744336,0.00490410486,0.00509589538,3.42815828,6,2.5,7.14044523,1,1,0,12,0,-0.175665006,-20.4588165,75.5418625,0.639810443,140.870209,3.85969996,581.887512,67.4512024,1.38960004,0.0250000004,50,1,0.119999997,0.550000012,0.0133333337
SL11_rand_35_r0,0,681,3.45401597,3,3.81570768,3.85969996,0.0128878169,0.00288781733,0.00424296688,0.00383368507,0.00616631517,4.08574915,6,2.5,7.14044523,1,1,0,13,0,-0.175665006,-20.4588165,75.5418625,0.639810443,140.870209,3.85969996,581.887512,67.4512024,1.38960004,0.0250000004,50,1,0.119999997,0.550000012,0.0133333337
SL11_rand_35_r0,0,682,3.56518412,3,3.60937572,3.85969996,0.0128128305,0.00281283027,0.004678105,0.00431477418,0.00568522606,3.44055867,6,2.5,7.14044523,1,1,0,14,0,-0.175665006,-20.4588165,75.5418625,0.639810443,140.870209,3.85969996,581.887512,67.4512024,1.38960004,0.0250000004,50,1,0.119999997,0.550000012,0.0133333337
SL11_rand_35_r0,0,683,3.67635202,3,3.8466258,3.85969996,0.0127967009,0.00279670069,0.00579579594,0.00357734598,0.00642265379,4.04073954,6,2.5,7.14044523,1,1,0,15,0,-0.175665006,-20.4588165,75.5418625,0.639810443,140.870209,3.85969996,581.887512,67.4512024,1.38960004,0.0250000004,50,1,0.119999997,0.550000012,0.0133333337
SL11_rand_35_r0,0,684,3.78751993,3,3.53317761,3.85969996,0.0127033116,0.00270331185,0.00484747021,0.00448099058,0.0055190092,3.27672005,6,2.5,7.14044523,1,1,0,16,0,-0.175665006,-20.4588165,75.5418625,0.639810443,140.870209,3.85969996,581.887512,67.4512024,1.38960004,0.0250000004,50,1,0.119999997,0.550000012,0.0133333337
SL11_rand_35_r0,0,685,3.89868808,3,3.48652577,3.85969996,0.0125840874,0.00258408743,0.00506816758,0.00472337101,0.00527662877,3.44835615,6,2.5,7.14044523,1,1,0,17,0,-0.175665006,-20.4588165,75.5418625,0.639810443,140.870209,3.85969996,581.887512,67.4512024,1.38960004,0.0250000004,50,1,0.119999997,0.550000012,0.0133333337
SL11_rand_35_r0,0,686,4.00985622,4,3.79085779,3.85969996,0.0125450939,0.00254509388,0.00392356422,0.00388653786,0.00611346215,4.03985643,6,2.5,7.14044523,1,1,0,18,0,36.6610565,-0.252055228,65.3780975,0.710900486,18.7468719,3.85969996,581.887512,67.4512024,1.38960004,0.0250000004,50,1,0.119999997,0.550000012,0.0133333337
SL11_rand_35_r0,0,687,4.12102413,4,3.609725,3.85969996,0.0124691576,0.00246915757,0.0057852543,0.00432241568,0.00567758456,3.4615252,6,2.5,7.14044523,1,1,0,19,0,36.6610565,-0.252055228,65.3780975,0.710900486,18.7468719,3.85969996,581.887512,67.4512024,1.38960004,0.0250000004,50,1,0.119999997,0.550000012,0.0133333337
SL11_rand_35_r0,0,688,4.23219204,4,3.35157394,3.85969996,0.0123153552,0.00231535523,0.00515755499,0.00513129449,0.00486870576,3.1403594,6,2.5,7.14044523,1,1,0,20,0,36.6610565,-0.252055228,65.3780975,0.710900486,18.7468719,3.85969996,581.887512,67.4512024,1.38960004,0.0250000004,50,1,0.119999997,0.550000012,0.0133333337
SL11_rand_35_r0,0,689,4.34335995,4,3.67943549,3.85969996,0.012239648,0.00223964802,0.00512956083,0.0042854296,0.00571457064,3.94768596,6,2.5,7.14044523,1,1,0,21,0,36.6610565,-0.252055228,65.3780975,0.710900486,18.7468719,3.85969996,581.887512,67.4512024,1.38960004,0.0250000004,50,1,0.119999997,0.550000012,0.0133333337
SL11_rand_35_r0,0,690,4.45452785,4,3.87112498,3.85969996,0.0122302035,0.00223020371,0.00461255712,0.00360431429,0.00639568549,4.02796221,6,2.5,7.14044523,1,1,0,22,0,36.6610565,-0.252055228,65.3780975,0.710900486,18.7468719,3.85969996,581.887512,67.4512024,1.38960004,0.0250000004,50,1,0.119999997,0.550000012,0.0133333337
SL11_rand_35_r0,0,691,4.56569576,4,3.65363932,3.85969996,0.0121713905,0.00217139069,0.00523644453,0.00409254385,0.00590745639,3.47569633,6,2.5,7.14044523,1,1,0,23,0,36.6610565,-0.252055228,65.3780975,0.710900486,18.7468719,3.85969996,581.887512,67.4512024,1.38960004,0.0250000004,50,1,0.119999997,0.550000012,0.0133333337
SL11_rand_35_r0,0,692,4.67686415,4,3.69503689,3.85969996,0.0121158492,0.00211584871,0.00510929525,0.00400075316,0.00599924661,3.72890759,6,2.5,7.14044523,1,1,0,24,0,36.6610565,-0.252055228,65.3780975,0.710900486,18.7468719,3.85969996,581.887512,67.4512024,1.38960004,0.0250000004,50,1,0.119999997,0.550000012,0.0133333337
SL11_rand_35_r0,0,693,4.78803205,4,3.76360273,3.85969996,0.0120798983,0.00207989803,0.00397679862,0.0038219674,0.00617803261,3.81970215,6,2.5,7.14044523,1,1,0,25,0,36.6610565,-0.252055228,65.3780975,0.710900486,18.7468719,3.85969996,581.887512,67.4512024,1.38960004,0.0250000004,50,1,0.119999997,0.550000012,0.0133333337
SL11_rand_35_r0,0,694,4.89919996,4,3.52013731,3.85969996,0.0120000001,0.00200000009,0.00576724904,0.00454285694,0.0054571433,3.32093835,6,2.5,7.14044523,1,1,0,26,0,36.6610565,-0.252055228,65.3780975,0.710900486,18.7468719,3.85969996,581.887512,67.4512024,1.38960004,0.0250000004,50,1,0.119999997,0.550000012,0.0133333337
SL11_rand_35_r0,0,695,5.01036787,5,3.85323238,3.85969996,0.0120000001,0.00200000009,0.00367041305,0.003607383,0.00639261678,4.12576485,6,2.5,7.14044523,1,1,0,27,0,0.0141746877,-2.17723799,84.1069794,0.909952581,0.517083526,3.85969996,581.887512,67.4512024,1.38960004,0.0250000004,50,1,0.119999997,0.550000012,0.0133333337
SL11_rand_35_r0,0,696,5.12153578,5,3.9431963,3.85969996,0.0120201074,0.00202010758,0.003295606,0.00322571979,0.00677428022,4.01680326,6,2.5,7.14044523,1,1,0,28,0,0.0141746877,-2.17723799,84.1069794,0.909952581,0.517083526,3.85969996,581.887512,67.4512024,1.38960004,0.0250000004,50,1,0.119999997,0.550000012,0.0133333337
SL11_rand_35_r0,0,697,5.23270416,5,3.57236099,3.85969996,0.0120000001,0.00200000009,0.00440943008,0.0042423117,0.00575768808,3.26895022,6,2.5,7.14044523,1,1,0,29,0,0.0141746877,-2.17723799,84.1069794,0.909952581,0.517083526,3.85969996,581.887512,67.4512024,1.38960004,0.0250000004,50,1,0.119999997,0.550000012,0.0133333337
SL11_rand_35_r0,0,698,5.34387207,5,4.19897366,3.85969996,0.0120814983,0.0020814985,0.0038283451,0.00243462576,0.00756537449,4.71165657,6,2.5,7.14044523,1,1,0,30,0,0.0141746877,-2.17723799,84.1069794,0.909952581,0.517083526,3.85969996,581.887512,67.4512024,1.38960004,0.0250000004,50,1,0.119999997,0.550000012,0.0133333337
SL11_rand_35_r0,0,699,5.45503998,5,3.87501931,3.85969996,0.0120993368,0.00209933682,0.0033573939,0.00322928256,0.00677071745,3.60996556,6,2.5,7.14044523,1,1,0,31,0,0.0141746877,-2.17723799,84.1069794,0.909952581,0.517083526,3.85969996,581.887512,67.4512024,1.38960004,0.0250000004,50,1,0.119999997,0.550000012,0.0133333337
SL11_rand_35_r0,0,700,5.56620789,5,4.10930967,3.85969996,0.0121716456,0.00217164611,0.00380262244,0.00248446572,0.00751553429,4.30100203,6,2.5,7.14044523,1,1,0,32,0,0.0141746877,-2.17723799,84.1069794,0.909952581,0.517083526,3.85969996,581.887512,67.4512024,1.38960004,0.0250000004,50,1,0.119999997,0.550000012,0.0133333337
SL11_rand_35_r0,0,701,5.67737579,5,3.83591104,3.85969996,0.0121770892,0.00217708945,0.00606702315,0.00328931934,0.00671068067,3.612221,6,2.5,7.14044523,1,1,0,33,0,0.0141746877,-2.17723799,84.1069794,0.909952581,0.517083526,3.85969996,581.887512,67.4512024,1.38960004,0.0250000004,50,1,0.119999997,0.550000012,0.0133333337
SL11_rand_35_r0,0,702,5.78854418,5,3.76768637,3.85969996,0.0121524371,0.00215243734,0.00401005056,0.00358313043,0.00641686935,3.71186614,6,2.5,7.14044523,1,1,0,34,0,0.0141746877,-2.17723799,84.1069794,0.909952581,0.517083526,3.85969996,581.887512,67.4512024,1.38960004,0.0250000004,50,1,0.119999997,0.550000012,0.0133333337
SL11_rand_35_r0,0,703,5.89971209,5,3.80352592,3.85969996,0.0121327247,0.00213272474,0.00457225088,0.0035845323,0.00641546771,3.83284926,6,2.5,7.14044523,1,1,0,35,0,0.0141746877,-2.17723799,84.1069794,0.909952581,0.517083526,3.85969996,581.887512,67.4512024,1.38960004,0.0250000004,50,1,0.119999997,0.550000012,0.0133333337
SL11_rand_35_r0,0,704,6.01087999,6,3.66380143,3.85969996,0.0120750228,0.00207502302,0.00552582834,0.00403715856,0.00596284168,3.54948115,6,2.5,7.14044523,1,1,0,36,0,1.3242991,-0.633445323,83.8564301,1.08530807,1.93205261,3.85969996,581.887512,67.4512024,1.38960004,0.0250000004,50,1,0.119999997,0.550000012,0.0133333337
SL11_rand_35_r0,0,705,6.1220479,6,4.1713233,3.85969996,0.0121519677,0.00215196796,0.00329856505,0.00251909485,0.00748090539,4.58656836,6,2.5,7.14044523,1,1,0,37,0,1.3242991,-0.633445323,83.8564301,1.08530807,1.93205261,3.85969996,581.887512,67.4512024,1.38960004,0.0250000004,50,1,0.119999997,0.550000012,0.0133333337
SL11_rand_35_r0,0,706,6.23321581,6,3.63218594,3.85969996,0.0121015944,0.00210159388,0.00536366599,0.00398083683,0.00601916341,3.19107366,6,2.5,7.14044523,1,1,0,38,0,1.3242991,-0.633445323,83.8564301,1.08530807,1.93205261,3.85969996,581.887512,67.4512024,1.38960004,0.0250000004,50,1,0.119999997,0.550000012,0.0133333337
SL11_rand_35_r0,0,707,6.34438419,6,3.98766232,3.85969996,0.0121287433,0.00212874333,0.00492818188,0.00299754902,0.00700245099,4.27850676,6,2.5,7.14044523,1,1,0,39,0,1.3242991,-0.633445323,83.8564301,1.08530807,1.93205261,3.85969996,581.887512,67.4512024,1.38960004,0.0250000004,50,1,0.119999997,0.550000012,0.0133333337
SL11_rand_35_r0,0,708,6.4555521,6,3.53403258,3.85969996,0.0120428046,0.00204280508,0.00465924013,0.00437562028,0.00562437996,3.1628809,6,2.5,7.14044523,1,1,0,40,0,1.3242991,-0.633445323,83.8564301,1.08530807,1.93205261,3.85969996,581.887512,67.4512024,1.38960004,0.0250000004,50,1,0.119999997,0.550000012,0.0133333337
SL11_rand_35_r0,0,709,6.56672001,6,3.84673762,3.85969996,0.0120248813,0.00202488131,0.00551290391,0.00354722515,0.00645277463,4.10258722,6,2.5,7.14044523,1,1,0,41,0,1.3242991,-0.633445323,83.8564301,1.08530807,1.93205261,3.85969996,581.887512,67.4512024,1.38960004,0.0250000004,50,1,0.119999997,0.550000012,0.0133333337
SL11_rand_35_r0,0,710,6.67788792,6,3.8500104,3.85969996,0.0120192021,0.00201920257,0.00522807846,0.00350364181,0.0064963582,3.85268807,6,2.5,7.14044523,1,1,0,42,0,1.3242991,-0.633445323,83.8564301,1.08530807,1.93205261,3.85969996,581.887512,67.4512024,1.38960004,0.0250000004,50,1,0.119999997,0.550000012,0.0133333337
SL11_rand_35_r0,0,711,6.78905582,6,3.53538942,3.85969996,0.0120000001,0.00200000009,0.00498179765,0.00440615322,0.00559384702,3.27797222,6,2.5,7.14044523,1,1,0,43,0,1.3242991,-0.633445323,83.8564301,1.08530807,1.93205261,3.85969996,581.887512,67.4512024,1.38960004,0.0250000004,50,1,0.119999997,0.550000012,0.0133333337
SL11_rand_35_r0,0,712,6.90022421,6,3.80646205,3.85969996,0.0120000001,0.00200000009,0.00383312698,0.00371041242,0.00628958782,4.02824879,6,2.5,7.14044523,1,1,0,44,0,1.3242991,-0.633445323,83.8564301,1.08530807,1.93205261,3.85969996,581.887512,67.4512024,1.38960004,0.0250000004,50,1,0.119999997,0.550000012,0.0133333337
SL11_rand_35_r0,0,713,7.01139212,7,3.52140141,3.85969996,0.0120000001,0.00200000009,0.00558115495,0.00455750804,0.0054424922,3.28817034,6,2.5,7.14044523,1,1,0,45,0,2.55417776,0.159098491,83.6942215,1.18483412,2.99984956,3.85969996,581.887512,67.4512024,1.38960004,0.0250000004,50,1,0.119999997,0.550000012,0.0133333337
SL11_rand_35_r0,0,714,7.12256002,7,3.27443957,3.85969996,0.0120000001,0.00200000009,0.0063924687,0.00540828705,0.00459171273,3.07237959,6,2.5,7.14044523,1,1,0,46,0,2.55417776,0.159098491,83.6942215,1.18483412,2.99984956,3.85969996,581.887512,67.4512024,1.38960004,0.0250000004,50,1,0.119999997,0.550000012,0.0133333337
SL11_rand_35_r0,0,715,7.23372793,7,3.88839436,3.85969996,0.0120000001,0.00200000009,0.0048972303,0.00369976857,0.00630023144,4.39072132,6,2.5,7.14044523,1,1,0,47,0,2.55417776,0.159098491,83.6942215,1.18483412,2.99984956,3.85969996,581.887512,67.4512024,1.38960004,0.0250000004,50,1,0.119999997,0.550000012,0.0133333337
SL11_rand_35_r0,0,716,7.34489584,7,3.56588125,3.85969996,0.0120000001,0.00200000009,0.0046623298,0.00447748555,0.00552251423,3.30200672,6,2.5,7.14044523,1,1,0,48,0,2.55417776,0.159098491,83.6942215,1.18483412,2.99984956,3.85969996,581.887512,67.4512024,1.38960004,0.0250000004,50,1,0.119999997,0.550000012,0.0133333337
SL11_rand_35_r0,0,717,7.45606422,7,3.38118219,3.85969996,0.0120000001,0.00200000009,0.00625204807,0.00504199089,0.00495800888,3.23006487,6,2.5,7.14044523,1,1,0,49,0,2.55417776,0.159098491,83.6942215,1.18483412,2.99984956,3.85969996,581.887512,67.4512024,1.38960004,0.0250000004,50,1,0.119999997,0.550000012,0.0133333337
SL11_rand_35_r0,0,718,7.56723213,7,3.62109661,3.85969996,0.0120000001,0.00200000009,0.0071429708,0.00446295599,0.00553704379,3.8173902,6,2.5,7.14044523,1,1,0,50,0,2.55417776,0.159098491,83.6942215,1.18483412,2.99984956,3.85969996,581.887512,67.4512024,1.38960004,0.0250000004,50,1,0.119999997,0.550000012,0.0133333337
SL11_rand_35_r0,0,719,7.67840004,7,3.45528579,3.85969996,0.0120000001,0.00200000009,0.00517888088,0.00492660422,0.00507339556,3.31962252,6,2.5,7.14044523,1,1,0,51,0,2.55417776,0.159098491,83.6942215,1.18483412,2.99984956,3.85969996,581.887512,67.4512024,1.38960004,0.0250000004,50,1,0.119999997,0.550000012,0.0133333337
SL11_rand_35_r0,0,720,7.78956795,7,3.35424685,3.85969996,0.0120000001,0.00200000009,0.00792440213,0.00526421284,0.00473578693,3.27157855,6,2.5,7.14044523,1,1,0,52,0,2.55417776,0.159098491,83.6942215,1.18483412,2.99984956,3.85969996,581.887512,67.4512024,1.38960004,0.0250000004,50,1,0.119999997,0.550000012,0.0133333337
SL11_rand_35_r0,0,721,7.90073586,7,3.39270902,3.85969996,0.0120000001,0.00200000009,0.00622139825,0.00523967482,0.00476032542,3.42417789,6,2.5,7.14044523,1,1,0,53,0,2.55417776,0.159098491,83.6942215,1.18483412,2.99984956,3.85969996,581.887512,67.4512024,1.38960004,0.0250000004,50,1,0.119999997,0.550000012,0.0133333337
SL11_rand_35_r0,0,722,8.01190376,8,3.28244472,3.85969996,0.0120000001,0.00200000009,0.00604359573,0.00560360122,0.00439639855,3.19222856,6,2.5,7.14044523,1,1,0,54,0,-0.523128927,-0.856244206,84.9058762,1.1990521,0.87117511,3.85969996,581.887512,67.4512024,1.38960004,0.0250000004,50,1,0.119999997,0.550000012,0.0133333337
SL11_rand_35_r0,0,723,8.12307167,8,2.98643517,3.85969996,0.0120000001,0.00200000009,0.00743316067,0.00658072531,0.00341927446,2.74424553,6,2.5,7.14044523,1,1,0,55,0,-0.523128927,-0.856244206,84.9058762,1.1990521,0.87117511,3.85969996,581.887512,67.4512024,1.38960004,0.0250000004,50,1,0.119999997,0.550000012,0.0133333337
SL11_rand_35_r0,0,724,8.23423958,8,2.97363734,3.85969996,0.0120000001,0.00200000009,0.00684828032,0.00681092171,0.0031890783,2.96316624,6,2.5,7.14044523,1,1,0,56,0,-0.523128927,-0.856244206,84.9058762,1.1990521,0.87117511,3.85969996,581.887512,67.4512024,1.38960004,0.0250000004,50,1,0.119999997,0.550000012,0.0133333337
SL11_rand_35_r0,0,725,8.2475729,8,2.94498205,3.85969996,0.0120000001,0.00200000009,0.00800290983,0.00700825918,0.00299174106,2.92153692,6,2.5,7.14044523,0,1,0,0,0,-0.523128927,-0.856244206,84.9058762,1.1990521,0.87117511,3.85969996,581.887512,67.4512024,1.38960004,0.0250000004,50,1,0.119999997,0.550000012,0.0133333337
SL11_rand_35_r0,0,726,8.26090622,8,2.9808321,3.85969996,0.0120000001,0.00200000009,0.00747334771,0.00693227584,0.00306772394,3.01016402,6,2.5,7.14044523,1,1,0,1,0,-0.523128927,-0.856244206,84.9058762,1.1990521,0.87117511,3.85969996,581.887512,67.4512024,1.38960004,0.0250000004,50,1,0.119999997,0.550000012,0.0133333337
SL11_rand_35_r0,0,727,8.37207508,8,2.9886713,3.85969996,0.0120000001,0.00200000009,0.00746997166,0.00690164976,0.00309835048,2.99508524,6,2.5,7.14044523,1,1,0,2,0,-0.523128927,-0.856244206,84.9058762,1.1990521,0.87117511,3.85969996,581.887512,67.4512024,1.38960004,0.0250000004,50,1,0.119999997,0.550000012,0.0133333337
SL11_rand_35_r0,0,728,8.48324299,8,2.87030697,3.85969996,0.0120000001,0.00200000009,0.00727679208,0.00725794816,0.00274205208,2.77346349,6,2.5,7.14044523,1,1,0,3,0,-0.523128927,-0.856244206,84.9058762,1.1990521,0.87117511,3.85969996,581.887512,67.4512024,1.38960004,0.0250000004,50,1,0.119999997,0.550000012,0.0133333337
SL11_rand_35_r0,0,729,8.5944109,8,3.29144049,3.85969996,0.0120000001,0.00200000009,0.00706525473,0.00600021379,0.00399978645,3.63600445,6,2.5,7.14044523,1,1,0,4,0,-0.523128927,-0.856244206,84.9058762,1.1990521,0.87117511,3.85969996,581.887512,67.4512024,1.38960004,0.0250000004,50,1,0.119999997,0.550000012,0.0133333337
SL11_rand_35_r0,0,730,8.7055788,8,3.05390406,3.85969996,0.0120000001,0.00200000009,0.00718488591,0.0065583894,0.00344161037,2.8595562,6,2.5,7.14044523,1,1,0,5,0,-0.523128927,-0.856244206,84.9058762,1.1990521,0.87117511,3.85969996,581.887512,67.4512024,1.38960004,0.0250000004,50,1,0.119999997,0.550000012,0.0133333337
SL11_rand_35_r0,0,731,8.81674671,8,3.56319785,3.85969996,0.0120000001,0.00200000009,0.00671065366,0.00496258866,0.00503741112,3.97989249,6,2.5,7.14044523,1,1,0,6,0,-0.523128927,-0.856244206,84.9058762,1.1990521,0.87117511,3.85969996,581.887512,67.4512024,1.38960004,0.0250000004,50,1,0.119999997,0.550000012,0.0133333337
SL11_rand_35_r0,0,732,8.92791462,8,3.30425644,3.85969996,0.0120000001,0.00200000009,0.00618807226,0.00555877993,0.00444121985,3.09239531,6,2.5,7.14044523,1,1,0,7,0,-0.523128927,-0.856244206,84.9058762,1.1990521,0.87117511,3.85969996,581.887512,67.4512024,1.38960004,0.0250000004,50,1,0.119999997,0.550000012,0.0133333337
SL11_rand_35_r0,0,733,9.03908253,9,3.49056363,3.85969996,0.0120000001,0.00200000009,0.00672303559,0.00495797629,0.00504202349,3.64299703,6,2.5,7.14044523,1,1,0,8,0,1.83555245,0.469097197,85.1952057,1.2037915,165.360229,3.85969996,581.887512,67.4512024,1.38960004,0.0250000004,50,1,0.119999997,0.550000012,0.0133333337
SL11_rand_35_r0,0,734,9.15025043,9,3.63918853,3.85969996,0.0120000001,0.00200000009,0.00532739889,0.00445317477,0.00554682501,3.76079082,6,2.5,7.14044523,1,1,0,9,0,1.83555245,0.469097197,85.1952057,1.2037915,165.360229,3.85969996,581.887512,67.4512024,1.38960004,0.0250000004,50,1,0.119999997,0.550000012,0.0133333337
SL11_rand_35_r0,0,735,9.26141834,9,2.88214612,3.85969996,0.0120000001,0.00200000009,0.00682164636,0.00669009658,0.00330990343,2.26274776,6,2.5,7.14044523,1,1,0,10,0,1.83555245,0.469097197,85.1952057,1.2037915,165.360229,3.85969996,581.887512,67.4512024,1.38960004,0.0250000004,50,1,0.119999997,0.550000012,0.0133333337
SL11_rand_35_r0,0,736,9.37258625,9,3.74587178,3.85969996,0.0120000001,0.00200000009,0.00576740503,0.00433313614,0.0056668641,4.45255661,6,2.5,7.14044523,1,1,0,11,0,1.83555245,0.469097197,85.1952057,1.2037915,165.360229,3.85969996,581.887512,67.4512024,1.38960004,0.0250000004,50,1,0.119999997,0.550000012,0.0133333337
SL11_rand_35_r0,0,737,9.48375511,9,3.79456997,3.85969996,0.0120000001,0.00200000009,0.00608488917,0.00396114076,0.00603885902,3.83441401,6,2.5,7.14044523,1,1,0,12,0,1.83555245,0.469097197,85.1952057,1.2037915,165.360229,3.85969996,581.887512,67.4512024,1.38960004,0.0250000004,50,1,0.119999997,0.550000012,0.0133333337
SL11_rand_35_r0,0,738,9.59492302,9,3.05913925,3.85969996,0.0120000001,0.00200000009,0.00620100601,0.00599442841,0.00400557136,2.45742321,6,2.5,7.14044523,1,1,0,13,0,1.83555245,0.469097197,85.1952057,1.2037915,165.360229,3.85969996,581.887512,67.4512024,1.38960004,0.0250000004,50,1,0.119999997,0.550000012,0.0133333337
SL11_rand_35_r0,0,739,9.70609093,9,3.39767432,3.85969996,0.0120000001,0.00200000009,0.0055937143,0.00526786083,0.00473213941,3.67465758,6,2.5,7.14044523,1,1,0,14,0,1.83555245,0.469097197,85.1952057,1.2037915,165.360229,3.85969996,581.887512,67.4512024,1.38960004,0.0250000004,50,1,0.119999997,0.550000012,0.0133333337
SL11_rand_35_r0,0,740,9.81725883,9,3.41949797,3.85969996,0.0120000001,0.00200000009,0.0058898218,0.00524919108,0.00475080917,3.43735361,6,2.5,7.14044523,1,1,0,15,0,1.83555245,0.469097197,85.1952057,1.2037915,165.360229,3.85969996,581.887512,67.4512024,1.38960004,0.0250000004,50,1,0.119999997,0.550000012,0.0133333337
SL11_rand_35_r0,0,741,9.92842674,9,3.23327136,3.85969996,0.0120000001,0.00200000009,0.00580133731,0.00574852154,0.00425147824,3.08090425,6,2.5,7.14044523,1,1,0,16,0,1.83555245,0.469097197,85.1952057,1.2037915,165.360229,3.85969996,581.887512,67.4512024,1.38960004,0.0250000004,50,1,0.119999997,0.550000012,0.0133333337
SL11_rand_35_r0,0,742,10.0395947,10,3.51143122,3.85969996,0.0120000001,0.00200000009,0.00660561165,0.00495843496,0.00504156481,3.73901653,6,2.5,7.14044523,1,1,0,17,0,-1.00343108,-22.1152306,80.1654739,0.938388646,28.2632236,3.85969996,581.887512,67.4512024,1.38960004,0.0250000004,50,1,0.119999997,0.550000012,0.0133333337
SL11_rand_35_r0,0,743,10.1507626,10,3.39170194,3.85969996,0.0120000001,0.00200000009,0.00551287923,0.005243083,0.00475691678,3.2937417,6,2.5,7.14044523,1,1,0,18,0,-1.00343108,-22.1152306,80.1654739,0.938388646,28.2632236,3.85969996,581.887512,67.4512024,1.38960004,0.0250000004,50,1,0.119999997,0.550000012,0.0133333337
SL11_rand_35_r0,0,744,10.2619305,10,3.16076398,3.85969996,0.0120000001,0.00200000009,0.00626155036,0.00594754564,0.00405245414,2.97181487,6,2.5,7.14044523,1,1,0,19,0,-1.00343108,-22.1152306,80.1654739,0.938388646,28.2632236,3.85969996,581.887512,67.4512024,1.38960004,0.0250000004,50,1,0.119999997,0.550000012,0.0133333337
SL11_rand_35_r0,0,745,10.3730984,10,3.31195879,3.85969996,0.0120000001,0.00200000009,0.00672727218,0.0056217676,0.00437823217,3.43566346,6,2.5,7.14044523,1,1,0,20,0,-1.00343108,-22.1152306,80.1654739,0.938388646,28.2632236,3.85969996,581.887512,67.4512024,1.38960004,0.0250000004,50,1,0.119999997,0.550000012,0.0133333337
SL11_rand_35_r0,0,746,10.4842663,10,3.14934349,3.85969996,0.0120000001,0.00200000009,0.00662532402,0.00612893049,0.00387106952,3.01629448,6,2.5,7.14044523,1,1,0,21,0,-1.00343108,-22.1152306,80.1654739,0.938388646,28.2632236,3.85969996,581.887512,67.4512024,1.38960004,0.0250000004,50,1,0.119999997,0.550000012,0.0133333337
SL11_rand_35_r0,0,747,10.5954351,10,3.17018175,3.85969996,0.0120000001,0.00200000009,0.00773292128,0.00611374481,0.0038862552,3.1872313,6,2.5,7.14044523,1,1,0,22,0,-1.00343108,-22.1152306,80.1654739,0.938388646,28.2632236,3.85969996,581.887512,67.4512024,1.38960004,0.0250000004,50,1,0.119999997,0.550000012,0.0133333337
SL11_rand_35_r0,0,748,10.7066031,10,3.1941359,3.85969996,0.0120000001,0.00200000009,0.00627300283,0.00607436802,0.00392563175,3.21373463,6,2.5,7.14044523,1,1,0,23,0,-1.00343108,-22.1152306,80.1654739,0.938388646,28.2632236,3.85969996,581.887512,67.4512024,1.38960004,0.0250000004,50,1,0.119999997,0.550000012,0.0133333337
SL11_rand_35_r0,0,749,10.817771,10,3.17889333,3.85969996,0.0120000001,0.00200000009,0.00634658197,0.00611042697,0.00388957327,3.16642213,6,2.5,7.14044523,1,1,0,24,0,-1.00343108,-22.1152306,80.1654739,0.938388646,28.2632236,3.85969996,581.887512,67.4512024,1.38960004,0.0250000004,50,1,0.119999997,0.550000012,0.0133333337
SL11_rand_35_r0,0,750,10.9289389,10,3.14413214,3.85969996,0.0120000001,0.00200000009,0.00797836296,0.00621951697,0.00378048304,3.11569095,6,2.5,7.14044523,1,1,0,25,0,-1.00343108,-22.1152306,80.1654739,0.938388646,28.2632236,3.85969996,581.887512,67.4512024,1.38960004,0.0250000004,50,1,0.119999997,0.550000012,0.0133333337
SL11_rand_35_r0,0,751,11.0401068,11,3.01559615,3.85969996,0.0120000001,0.00200000009,0.00706671737,0.00664307503,0.00335692521,2.91043067,6,2.5,7.14044523,1,1,0,26,0,0.927972734,-23.4810219,52.9110336,0.909952581,5.9424696,3.85969996,581.887512,67.4512024,1.38960004,0.0250000004,50,1,0.119999997,0.550000012,0.0133333337
SL11_rand_35_r0,0,752,11.1512747,11,3.07906032,3.85969996,0.0120000001,0.00200000009,0.00690807775,0.00652416982,0.00347583019,3.13098526,6,2.5,7.14044523,1,1,0,27,0,0.927972734,-23.4810219,52.9110336,0.909952581,5.9424696,3.85969996,581.887512,67.4512024,1.38960004,0.0250000004,50,1,0.119999997,0.550000012,0.0133333337
SL11_rand_35_r0,0,753,11.2624426,11,3.22193146,3.85969996,0.0120000001,0.00200000009,0.00750447111,0.00608773064,0.0039122696,3.33882618,6,2.5,7.14044523,1,1,0,28,0,0.927972734,-23.4810219,52.9110336,0.909952581,5.9424696,3.85969996,581.887512,67.4512024,1.38960004,0.0250000004,50,1,0.119999997,0.550000012,0.0133333337
SL11_rand_35_r0,0,754,11.3736105,11,3.07020831,3.85969996,0.0120000001,0.00200000009,0.00721919723,0.00647346582,0.00352653419,2.94607139,6,2.5,7.14044523,1,1,0,29,0,0.927972734,-23.4810219,52.9110336,0.909952581,5.9424696,3.85969996,581.887512,67.4512024,1.38960004,0.0250000004,50,1,0.119999997,0.550000012,0.0133333337
SL11_rand_35_r0,0,755,11.3869438,11,2.7394793,3.85969996,0.0120000001,0.00200000009,0.00859878398,0.00753845461,0.0024615454,2.46888256,6,2.5,7.14044523,0,1,0,0,0,0.927972734,-23.4810219,52.9110336,0.909952581,5.9424696,3.85969996,581.887512,67.4512024,1.38960004,0.0250000004,50,1,0.119999997,0.550000012,0.0133333337
SL11_rand_35_r0,0,756,11.4002771,11,3.11240554,3.85969996,0.0120000001,0.00200000009,0.00669214595,0.00644518435,0.00355481589,3.41752696,6,2.5,7.14044523,1,1,0,1,0,0.927972734,-23.4810219,52.9110336,0.909952581,5.9424696,3.85969996,581.887512,67.4512024,1.38960004,0.0250000004,50,1,0.119999997,0.550000012,0.0133333337
SL11_rand_35_r0,0,757,11.511445,11,2.8388021,3.85969996,0.0120000001,0.00200000009,0.00761107914,0.00733623933,0.00266376045,2.61494493,6,2.5,7.14044523,1,1,0,2,0,0.927972734,-23.4810219,52.9110336,0.909952581,5.9424696,3.85969996,581.887512,67.4512024,1.38960004,0.0250000004,50,1,0.119999997,0.550000012,0.0133333337
SL11_rand_35_r0,0,758,11.622613,11,3.4437108,3.85969996,0.0120000001,0.00200000009,0.00780538237,0.00550863845,0.00449136132,3.93863606,6,2.5,7.14044523,1,1,0,3,0,0.927972734,-23.4810219,52.9110336,0.909952581,5.9424696,3.85969996,581.887512,67.4512024,1.38960004,0.0250000004,50,1,0.119999997,0.550000012,0.0133333337
SL11_rand_35_r0,0,759,11.7337809,11,2.99760246,3.85969996,0.0120000001,0.00200000009,0.00785308704,0.00665898714,0.00334101287,2.6326046,6,2.5,7.14044523,1,1,0,4,0,0.927972734,-23.4810219,52.9110336,0.909952581,5.9424696,3.85969996,581.887512,67.4512024,1.38960004,0.0250000004,50,1,0.119999997,0.550000012,0.0133333337
SL11_rand_35_r0,0,760,11.7471151,11,2.67514372,3.85969996,0.0120000001,0.00200000009,0.00857611187,0.00771879731,0.0022812027,2.41131377,6,2.5,7.14044523,0,1,0,0,0,0.927972734,-23.4810219,52.9110336,0.909952581,5.9424696,3.85969996,581.887512,67.4512024,1.38960004,0.0250000004,50,1,0.119999997,0.550000012,0.0133333337
SL11_rand_35_r0,0,761,11.7604485,11,3.32898188,3.85969996,0.0120000001,0.00200000009,0.00585169392,0.00567800226,0.00432199752,3.86394048,6,2.5,7.14044523,1,1,0,1,0,0.927972734,-23.4810219,52.9110336,0.909952581,5.9424696,3.85969996,581.887512,67.4512024,1.38960004,0.0250000004,50,1,0.119999997,0.550000012,0.0133333337
SL11_rand_35_r0,0,762,11.7737818,11,2.6324935,3.85969996,0.0120000001,0.00200000009,0.0086863758,0.0078669833,0.00213301647,2.06263924,6,2.5,7.14044523,0,1,0,0,0,0.927972734,-23.4810219,52.9110336,0.909952581,5.9424696,3.85969996,581.887512,67.4512024,1.38960004,0.0250000004,50,1,0.119999997,0.550000012,0.0133333337
SL11_rand_35_r0,0,763,11.7871151,11,3.43516445,3.85969996,0.0120000001,0.00200000009,0.00552187674,0.00528625166,0.00471374858,4.0918951,6,2.5,7.14044523,1,1,0,1,0,0.927972734,-23.4810219,52.9110336,0.909952581,5.9424696,3.85969996,581.887512,67.4512024,1.38960004,0.0250000004,50,1,0.119999997,0.550000012,0.0133333337
SL11_rand_35_r0,0,764,11.898283,11,2.71090221,3.85969996,0.0120000001,0.00200000009,0.00765577704,0.00756614562,0.00243385439,2.11832404,6,2.5,7.14044523,1,1,0,2,0,0.927972734,-23.4810219,52.9110336,0.909952581,5.9424696,3.85969996,581.887512,67.4512024,1.38960004,0.0250000004,50,1,0.119999997,0.550000012,0.0133333337
SL11_rand_35_r0,0,765,12.0094509,12,3.48948836,3.85969996,0.0120000001,0.00200000009,0.0074830316,0.00522675877,0.004773241,4.12651348,6,2.5,7.14044523,1,1,0,3,0,0.20765093,-12.2242374,56.028244,0.587677717,11.7438011,3.85969996,581.887512,67.4512024,1.38960004,0.0250000004,50,1,0.119999997,0.550000012,0.0133333337
SL11_rand_35_r0,0,766,12.1206188,12,3.32636738,3.85969996,0.0120000001,0.00200000009,0.00755335949,0.00561447814,0.0043855221,3.19290471,6,2.5,7.14044523,1,1,0,4,0,0.20765093,-12.2242374,56.028244,0.587677717,11.7438011,3.85969996,581.887512,67.4512024,1.38960004,0.0250000004,50,1,0.119999997,0.550000012,0.0133333337
SL11_rand_35_r0,0,767,12.1339521,12,2.7299428,3.85969996,0.0120000001,0.00200000009,0.00804266892,0.00736107677,0.002638923,2.2419591,6,2.5,7.14044523,0,1,0,0,0,0.20765093,-12.2242374,56.028244,0.587677717,11.7438011,3.85969996,581.887512,67.4512024,1.38960004,0.0250000004,50,1,0.119999997,0.550000012,0.0133333337
SL11_rand_35_r0,0,768,12.1472855,12,3.47066903,3.85969996,0.0120000001,0.00200000009,0.00687383581,0.00531233475,0.00468766503,4.07671785,6,2.5,7.14044523,1,1,0,1,0,0.20765093,-12.2242374,56.028244,0.587677717,11.7438011,3.85969996,581.887512,67.4512024,1.38960004,0.0250000004,50,1,0.119999997,0.550000012,0.0133333337
SL11_rand_35_r0,0,769,12.1606188,12,2.89121723,3.85969996,0.0120000001,0.00200000009,0.00822085608,0.00698405737,0.00301594287,2.41712022,6,2.5,7.14044523,0,1,0,0,0,0.20765093,-12.2242374,56.028244,0.587677717,11.7438011,3.85969996,581.887512,67.4512024,1.38960004,0.0250000004,50,1,0.119999997,0.550000012,0.0133333337
SL11_rand_35_r0,0,770,12.1739521,12,3.5508101,3.85969996,0.0120000001,0.00200000009,0.00666070683,0.00503107067,0.00496892957,4.09047699,6,2.5,7.14044523,1,1,0,1,0,0.20765093,-12.2242374,56.028244,0.587677717,11.7438011,3.85969996,581.887512,67.4512024,1.38960004,0.0250000004,50,1,0.119999997,0.550000012,0.0133333337
SL11_rand_35_r0,0,771,12.1872854,12,3.38771677,3.85969996,0.0120000001,0.00200000009,0.00872423034,0.00534759974,0.00465240004,3.25427675,6,2.5,7.14044523,0,1,0,0,0,0.20765093,-12.2242374,56.028244,0.587677717,11.7438011,3.85969996,581.887512,67.4512024,1.38960004,0.0250000004,50,1,0.119999997,0.550000012,0.0133333337
SL11_rand_35_r0,0,772,12.2006187,12,3.51759052,3.85969996,0.0120000001,0.00200000009,0.00716543198,0.00484080752,0.00515919225,3.62385082,6,2.5,7.14044523,1,1,0,1,0,0.20765093,-12.2242374,56.028244,0.587677717,11.7438011,3.85969996,581.887512,67.4512024,1.38960004,0.0250000004,50,1,0.119999997,0.550000012,0.0133333337
SL11_rand_35_r0,0,773,12.3117867,12,3.385216,3.85969996,0.0120000001,0.00200000009,0.00713951746,0.00520751951,0.00479248026,3.27690959,6,2.5,7.14044523,1,1,0,2,0,0.20765093,-12.2242374,56.028244,0.587677717,11.7438011,3.85969996,581.887512,67.4512024,1.38960004,0.0250000004,50,1,0.119999997,0.550000012,0.0133333337
SL11_rand_35_r0,0,774,12.32512,12,2.60344553,3.85969996,0.0120000001,0.00200000009,0.00861565396,0.00768162124,0.00231837877,1.96381509,6,2.5,7.14044523,0,1,0,0,0,0.20765093,-12.2242374,56.028244,0.587677717,11.7438011,3.85969996,581.887512,67.4512024,1.38960004,0.0250000004,50,1,0.119999997,0.550000012,0.0133333337
SL11_rand_35_r0,0,775,12.3384533,12,3.38781643,3.85969996,0.0120000001,0.00200000009,0.0056258617,0.00539335283,0.00460664742,4.02957439,6,2.5,7.14044523,1,1,0,1,0,0.20765093,-12.2242374,56.028244,0.587677717,11.7438011,3.85969996,581.887512,67.4512024,1.38960004,0.0250000004,50,1,0.119999997,0.550000012,0.0133333337
SL11_rand_35_r0,0,776,12.3517866,12,2.7900176,3.85969996,0.0120000001,0.00200000009,0.00812811125,0.00734383892,0.00265616109,2.30090952,6,2.5,7.14044523,0,1,0,0,0,0.20765093,-12.2242374,56.028244,0.587677717,11.7438011,3.85969996,581.887512,67.4512024,1.38960004,0.0250000004,50,1,0.119999997,0.550000012,0.0133333337
SL11_rand_35_r0,0,777,12.3651199,12,3.49422383,3.85969996,0.0120000001,0.00200000009,0.005454008,0.00528777856,0.00471222168,4.07039261,6,2.5,7.14044523,1,1,0,1,0,0.20765093,-12.2242374,56.028244,0.587677717,11.7438011,3.85969996,581.887512,67.4512024,1.38960004,0.0250000004,50,1,0.119999997,0.550000012,0.0133333337
SL11_rand_35_r0,0,778,12.4762878,12,2.87342501,3.85969996,0.0120000001,0.00200000009,0.00770659698,0.00702135963,0.00297864014,2.36549854,6,2.5,7.14044523,1,1,0,2,0,0.20765093,-12.2242374,56.028244,0.587677717,11.7438011,3.85969996,581.887512,67.4512024,1.38960004,0.0250000004,50,1,0.119999997,0.550000012,0.0133333337
SL11_rand_35_r0,0,779,12.5874557,12,3.39799261,3.85969996,0.0120000001,0.00200000009,0.00752583472,0.0055093565,0.00449064374,3.8271842,6,2.5,7.14044523,1,1,0,3,0,0.20765093,-12.2242374,56.028244,0.587677717,11.7438011,3.85969996,581.887512,67.4512024,1.38960004,0.0250000004,50,1,0.119999997,0.550000012,0.0133333337
SL11_rand_35_r0,0,780,12.6986237,12,2.78736115,3.85969996,0.0120000001,0.00200000009,0.00772199733,0.00730815204,0.00269184774,2.28775382,6,2.5,7.14044523,1,1,0,4,0,0.20765093,-12.2242374,56.028244,0.587677717,11.7438011,3.85969996,581.887512,67.4512024,1.38960004,0.0250000004,50,1,0.119999997,0.550000012,0.0133333337
SL11_rand_35_r0,0,781,12.711957,12,3.08124638,3.85969996,0.0120000001,0.00200000009,0.00981744938,0.0065698605,0.00343013951,3.32169771,6,2.5,7.14044523,0,1,0,0,0,0.20765093,-12.2242374,56.028244,0.587677717,11.7438011,3.85969996,581.887512,67.4512024,1.38960004,0.0250000004,50,1,0.119999997,0.550000012,0.0133333337
SL11_rand_35_r0,0,782,12.7252903,12,2.86112165,3.85969996,0.0120000001,0.00200000009,0.00876291003,0.00727621745,0.00272378279,2.68101954,6,2.5,7.14044523,0,1,0,0,0,0.20765093,-12.2242374,56.028244,0.587677717,11.7438011,3.85969996,581.887512,67.4512024,1.38960004,0.0250000004,50,1,0.119999997,0.550000012,0.0133333337
SL11_rand_35_r0,0,783,12.7386236,12,3.18950748,3.85969996,0.0120000001,0.00200000009,0.00868774578,0.0063001141,0.00369988591,3.45818663,6,2.5,7.14044523,0,1,0,0,0,0.20765093,-12.2242374,56.028244,0.587677717,11.7438011,3.85969996,581.887512,67.4512024,1.38960004,0.0250000004,50,1,0.119999997,0.550000012,0.0133333337
SL11_rand_35_r0,0,784,12.7519569,12,2.94424701,3.85969996,0.0120000001,0.00200000009,0.00902144238,0.00695368461,0.00304631563,2.74357939,6,2.5,7.14044523,0,1,0,0,0,0.20765093,-12.2242374,56.028244,0.587677717,11.7438011,3.85969996,581.887512,67.4512024,1.38960004,0.0250000004,50,1,0.119999997,0.550000012,0.0133333337
SL11_rand_35_r0,0,785,12.7652903,12,3.23892832,3.85969996,0.0120000001,0.00200000009,0.00780729577,0.00606614118,0.00393385906,3.48003125,6,2.5,7.14044523,1,1,0,1,0,0.20765093,-12.2242374,56.028244,0.587677717,11.7438011,3.85969996,581.887512,67.4512024,1.38960004,0.0250000004,50,1,0.119999997,0.550000012,0.0133333337
SL11_rand_35_r0,0,786,12.7786236,12,3.01412797,3.85969996,0.0120000001,0.00200000009,0.00944358762,0.00667660404,0.00332339574,2.83020043,6,2.5,7.14044523,0,1,0,0,0,0.20765093,-12.2242374,56.028244,0.587677717,11.7438011,3.85969996,581.887512,67.4512024,1.38960004,0.0250000004,50,1,0.119999997,0.550000012,0.0133333337
SL11_rand_35_r0,0,787,12.7919569,12,3.27700806,3.85969996,0.0120000001,0.00200000009,0.00733487634,0.00588903716,0.00411096308,3.49209189,6,2.5,7.14044523,1,1,0,1,0,0.20765093,-12.2242374,56.028244,0.587677717,11.7438011,3.85969996,581.887512,67.4512024,1.38960004,0.0250000004,50,1,0.119999997,0.550000012,0.0133333337
SL11_rand_35_r0,0,788,12.8052902,12,3.07357764,3.85969996,0.0120000001,0.00200000009,0.010028746,0.0064447578,0.00355524244,2.90713453,6,2.5,7.14044523,0,1,0,0,0,0.20765093,-12.2242374,56.028244,0.587677717,11.7438011,3.85969996,581.887512,67.4512024,1.38960004,0.0250000004,50,1,0.119999997,0.550000012,0.0133333337
SL11_rand_35_r0,0,789,12.8186235,12,3.30144382,3.85969996,0.0120000001,0.00200000009,0.00740438187,0.00576481549,0.00423518475,3.48787975,6,2.5,7.14044523,1,1,0,1,0,0.20765093,-12.2242374,56.028244,0.587677717,11.7438011,3.85969996,581.887512,67.4512024,1.38960004,0.0250000004,50,1,0.119999997,0.550000012,0.0133333337
SL11_rand_35_r0,0,790,12.8319569,12,3.12910676,3.85969996,0.0120000001,0.00200000009,0.00915737543,0.0062364894,0.00376351038,2.98810363,6,2.5,7.14044523,0,1,0,0,0,0.20765093,-12.2242374,56.028244,0.587677717,11.7438011,3.85969996,581.887512,67.4512024,1.38960004,0.0250000004,50,1,0.119999997,0.550000012,0.0133333337
SL11_rand_35_r0,0,791,12.8452911,12,3.30904055,3.85969996,0.0120000001,0.00200000009,0.00804613251,0.00570035633,0.00429964345,3.45625925,6,2.5,7.14044523,0,1,0,0,0,0.20765093,-12.2242374,56.028244,0.587677717,11.7438011,3.85969996,581.887512,67.4512024,1.38960004,0.0250000004,50,1,0.119999997,0.550000012,0.0133333337
SL11_rand_35_r0,0,792,12.8586245,12,3.14715385,3.85969996,0.0120000001,0.00200000009,0.00779999187,0.00615630392,0.00384369632,3.01470113,6,2.5,7.14044523,1,1,0,1,0,0.20765093,-12.2242374,56.028244,0.587677717,11.7438011,3.85969996,581.887512,67.4512024,1.38960004,0.0250000004,50,1,0.119999997,0.550000012,0.0133333337
SL11_rand_35_r0,0,793,12.8719578,12,3.3059206,3.85969996,0.0120000001,0.00200000009,0.00917561539,0.00569486851,0.00430513127,3.43582058,6,2.5,7.14044523,0,1,0,0,0,0.20765093,-12.2242374,56.028244,0.587677717,11.7438011,3.85969996,581.887512,67.4512024,1.38960004,0.0250000004,50,1,0.119999997,0.550000012,0.0133333337
SL11_rand_35_r0,0,794,12.8852911,12,3.15420985,3.85969996,0.0120000001,0.00200000009,0.00676434394,0.00612912839,0.00387087185,3.03008294,6,2.5,7.14044523,1,1,0,1,0,0.20765093,-12.2242374,56.028244,0.587677717,11.7438011,3.85969996,581.887512,67.4512024,1.38960004,0.0250000004,50,1,0.119999997,0.550000012,0.0133333337
SL11_rand_35_r0,0,795,12.8986244,12,2.1016624,3.85969996,0.0120000001,0.00200000009,0.00956883933,0.00945389271,0.000546106952,1.24048722,6,2.5,7.14044523,0,0,0,0,0,0.20765093,-12.2242374,56.028244,0.587677717,11.7438011,3.85969996,581.887512,67.4512024,1.38960004,0.0250000004,50,1,0.119999997,0.550000012,0.0133333337
SL11_rand_35_r0,0,796,12.9119577,12,2.926759,3.85969996,0.0120000001,0.00200000009,0.00624657469,0.00612843689,0.00387156289,3.60183811,6,2.5,7.14044523,1,1,0,1,0,0.20765093,-12.2242374,56.028244,0.587677717,11.7438011,3.85969996,581.887512,67.4512024,1.38960004,0.0250000004,50,1,0.119999997,0.550000012,0.0133333337
SL11_rand_35_r0,0,797,12.9252911,12,2.22227001,3.85969996,0.0120000001,0.00200000009,0.0099625811,0.00936030131,0.000639698817,1.64586985,6,2.5,7.14044523,0,0,0,0,0,0.20765093,-12.2242374,56.028244,0.587677717,11.7438011,3.85969996,581.887512,67.4512024,1.38960004,0.0250000004,50,1,0.119999997,0.550000012,0.0133333337
SL11_rand_35_r0,0,798,12.9386244,12,2.98294687,3.85969996,0.0120000001,0.00200000009,0.00640719011,0.006122455,0.00387754501,3.60531902,6,2.5,7.14044523,1,1,0,1,0,0.20765093,-12.2242374,56.028244,0.587677717,11.7438011,3.85969996,581.887512,67.4512024,1.38960004,0.0250000004,50,1,0.119999997,0.550000012,0.0133333337
SL11_rand_35_r0,0,799,12.9519577,12,3.11249089,3.85969996,0.0120000001,0.00200000009,0.00986853614,0.0065491437,0.00345085631,3.21848154,6,2.5,7.14044523,0,1,0,0,0,0.20765093,-12.2242374,56.028244,0.587677717,11.7438011,3.85969996,581.887512,67.4512024,1.38960004,0.0250000004,50,1,0.119999997,0.550000012,0.0133333337
SL11_rand_35_r0,0,800,12.965291,12,3.21040702,3.85969996,0.0120000001,0.00200000009,0.00726541644,0.00613538269,0.00386461732,3.29052019,6,2.5,7.14044523,1,1,0,1,0,0.20765093,-12.2242374,56.028244,0.587677717,11.7438011,3.85969996,581.887512,67.4512024,1.38960004,0.0250000004,50,1,0.119999997,0.550000012,0.0133333337
SL11_rand_35_r0,0,801,12.9786243,12,3.05013776,3.85969996,0.0120000001,0.00200000009,0.00844354462,0.00653634546,0.00346365478,2.91900849,6,2.5,7.14044523,0,1,0,0,0,0.20765093,-12.2242374,56.028244,0.587677717,11.7438011,3.85969996,581.887512,67.4512024,1.38960004,0.0250000004,50,1,0.119999997,0.550000012,0.0133333337
SL11_rand_35_r0,0,802,12.9919577,12,3.17380142,3.85969996,0.0120000001,0.00200000009,0.0086642215,0.00619464228,0.00380535773,3.27498078,6,2.5,7.14044523,0,1,0,0,0,0.20765093,-12.2242374,56.028244,0.587677717,11.7438011,3.85969996,581.887512,67.4512024,1.38960004,0.0250000004,50,1,0.119999997,0.550000012,0.0133333337
SL11_rand_35_r0,0,803,13.005291,13,3.05024815,3.85969996,0.0120000001,0.00200000009,0.00737882312,0.00656067673,0.00343932328,2.94915891,6,2.5,7.14044523,1,1,0,1,0,-1.69425821,-24.4877014,67.7392807,0.838862538,151.189911,3.85969996,581.887512,67.4512024,1.38960004,0.0250000004,50,1,0.119999997,0.550000012,0.0133333337
SL11_rand_35_r0,0,804,13.0186243,13,2.30698299,3.85969996,0.0120000001,0.00200000009,0.00917750131,0.00891576055,0.00108423934,1.69885695,6,2.5,7.14044523,0,0,0,0,0,-1.69425821,-24.4877014,67.7392807,0.838862538,151.189911,3.85969996,581.887512,67.4512024,1.38960004,0.0250000004,50,1,0.119999997,0.550000012,0.0133333337
SL11_rand_35_r0,0,805,13.0319576,13,2.89613271,3.85969996,0.0120000001,0.00200000009,0.00672832318,0.0065128305,0.00348716928,3.37816429,6,2.5,7.14044523,1,1,0,1,0,-1.69425821,-24.4877014,67.7392807,0.838862538,151.189911,3.85969996,581.887512,67.4512024,1.38960004,0.0250000004,50,1,0.119999997,0.550000012,0.0133333337
SL11_rand_35_r0,0,806,13.0452909,13,2.42446804,3.85969996,0.0120000001,0.00200000009,0.00924611744,0.00874461327,0.00125538674,2.03856063,6,2.5,7.14044523,0,0,0,0,0,-1.69425821,-24.4877014,67.7392807,0.838862538,151.189911,3.85969996,581.887512,67.4512024,1.38960004,0.0250000004,50,1,0.119999997,0.550000012,0.0133333337
SL11_rand_35_r0,0,807,13.0586243,13,2.98018003,3.85969996,0.0120000001,0.00200000009,0.00655184221,0.00641540764,0.0035845926,3.43485355,6,2.5,7.14044523,1,1,0,1,0,-1.69425821,-24.4877014,67.7392807,0.838862538,151.189911,3.85969996,581.887512,67.4512024,1.38960004,0.0250000004,50,1,0.119999997,0.550000012,0.0133333337
SL11_rand_35_r0,0,808,13.0719576,13,2.37322021,3.85969996,0.0120000001,0.00200000009,0.00949787162,0.0088605443,0.00113945547,1.87661672,6,2.5,7.14044523,0,0,0,0,0,-1.69425821,-24.4877014,67.7392807,0.838862538,151.189911,3.85969996,581.887512,67.4512024,1.38960004,0.0250000004,50,1,0.119999997,0.550000012,0.0133333337
SL11_rand_35_r0,0,809,13.0852909,13,2.98869872,3.85969996,0.0120000001,0.00200000009,0.00704863947,0.00631673122,0.00368326879,3.49227214,6,2.5,7.14044523,1,1,0,1,0,-1.69425821,-24.4877014,67.7392807,0.838862538,151.189911,3.85969996,581.887512,67.4512024,1.38960004,0.0250000004,50,1,0.119999997,0.550000012,0.0133333337
SL11_rand_35_r0,0,810,13.0986242,13,2.66204739,3.85969996,0.0120000001,0.00200000009,0.00864912383,0.00795358792,0.00204641232,2.39478707,6,2.5,7.14044523,0,1,0,0,0,-1.69425821,-24.4877014,67.7392807,0.838862538,151.189911,3.85969996,581.887512,67.4512024,1.38960004,0.0250000004,50,1,0.119999997,0.550000012,0.0133333337
SL11_rand_35_r0,0,811,13.1119576,13,3.14408565,3.85969996,0.0120000001,0.00200000009,0.00822525192,0.00623731967,0.00376268011,3.53848052,6,2.5,7.14044523,0,1,0,0,0,-1.69425821,-24.4877014,67.7392807,0.838862538,151.189911,3.85969996,581.887512,67.4512024,1.38960004,0.0250000004,50,1,0.119999997,0.550000012,0.0133333337
SL11_rand_35_r0,0,812,13.1252909,13,3.1540997,3.85969996,0.0120000001,0.00200000009,0.00741469301,0.00633439142,0.00366560835,3.1622932,6,2.5,7.14044523,1,1,0,1,0,-1.69425821,-24.4877014,67.7392807,0.838862538,151.189911,3.85969996,581.887512,67.4512024,1.38960004,0.0250000004,50,1,0.119999997,0.550000012,0.0133333337
SL11_rand_35_r0,0,813,13.1386242,13,2.45014906,3.85969996,0.0120000001,0.00200000009,0.00889670849,0.00843713898,0.00156286149,1.8741895,6,2.5,7.14044523,0,0,0,0,0,-1.69425821,-24.4877014,67.7392807,0.838862538,151.189911,3.85969996,581.887512,67.4512024,1.38960004,0.0250000004,50,1,0.119999997,0.550000012,0.0133333337
SL11_rand_35_r0,0,814,13.1519575,13,3.05568504,3.85969996,0.0120000001,0.00200000009,0.0063607418,0.00621559191,0.00378440786,3.55112362,6,2.5,7.14044523,1,1,0,1,0,-1.69425821,-24.4877014,67.7392807,0.838862538,151.189911,3.85969996,581.887512,67.4512024,1.38960004,0.0250000004,50,1,0.119999997,0.550000012,0.0133333337
SL11_rand_35_r0,0,815,13.1652908,13,2.57616091,3.85969996,0.0120000001,0.00200000009,0.00910929963,0.00818672311,0.00181327655,2.18382311,6,2.5,7.14044523,0,1,0,0,0,-1.69425821,-24.4877014,67.7392807,0.838862538,151.189911,3.85969996,581.887512,67.4512024,1.38960004,0.0250000004,50,1,0.119999997,0.550000012,0.0133333337
SL11_rand_35_r0,0,816,13.1786242,13,3.14159918,3.85969996,0.0120000001,0.00200000009,0.00626834622,0.00612432556,0.00387567445,3.60423064,6,2.5,7.14044523,1,1,0,1,0,-1.69425821,-24.4877014,67.7392807,0.838862538,151.189911,3.85969996,581.887512,67.4512024,1.38960004,0.0250000004,50,1,0.119999997,0.550000012,0.0133333337
SL11_rand_35_r0,0,817,13.1919575,13,2.62418509,3.85969996,0.0120000001,0.00200000009,0.008293828,0.0079914853,0.00200851494,2.20084643,6,2.5,7.14044523,0,1,0,0,0,-1.69425821,-24.4877014,67.7392807,0.838862538,151.189911,3.85969996,581.887512,67.4512024,1.38960004,0.0250000004,50,1,0.119999997,0.550000012,0.0133333337
SL11_rand_35_r0,0,818,13.2052908,13,3.18357539,3.85969996,0.0120000001,0.00200000009,0.00728364289,0.00606069108,0.00393930869,3.64125848,6,2.5,7.14044523,1,1,0,1,0,-1.69425821,-24.4877014,67.7392807,0.838862538,151.189911,3.85969996,581.887512,67.4512024,1.38960004,0.0250000004,50,1,0.119999997,0.550000012,0.0133333337
SL11_rand_35_r0,0,819,13.3164587,13,3.27780628,3.85969996,0.0120000001,0.00200000009,0.00763658481,0.00592708774,0.00407291204,3.35490417,6,2.5,7.14044523,1,1,0,2,0,-1.69425821,-24.4877014,67.7392807,0.838862538,151.189911,3.85969996,581.887512,67.4512024,1.38960004,0.0250000004,50,1,0.119999997,0.550000012,0.0133333337
SL11_rand_35_r0,0,820,13.329792,13,3.21624446,3.85969996,0.0120000001,0.00200000009,0.00894581433,0.00596560538,0.00403439486,3.16587567,6,2.5,7.14044523,0,1,0,0,0,-1.69425821,-24.4877014,67.7392807,0.838862538,151.189911,3.85969996,581.887512,67.4512024,1.38960004,0.0250000004,50,1,0.119999997,0.550000012,0.0133333337
SL11_rand_35_r0,0,821,13.3431253,13,3.27950978,3.85969996,0.0120000001,0.00200000009,0.00618940638,0.00575257605,0.00424742419,3.33127236,6,2.5,7.14044523,1,1,0,1,0,-1.69425821,-24.4877014,67.7392807,0.838862538,151.189911,3.85969996,581.887512,67.4512024,1.38960004,0.0250000004,50,1,0.119999997,0.550000012,0.0133333337
SL11_rand_35_r0,0,822,13.3564587,13,2.68947458,3.85969996,0.0120000001,0.00200000009,0.00812213216,0.00757481484,0.0024251854,2.20671868,6,2.5,7.14044523,0,1,0,0,0,-1.69425821,-24.4877014,67.7392807,0.838862538,151.189911,3.85969996,581.887512,67.4512024,1.38960004,0.0250000004,50,1,0.119999997,0.550000012,0.0133333337
SL11_rand_35_r0,0,823,13.369792,13,3.31732512,3.85969996,0.0120000001,0.00200000009,0.0061025871,0.00573457591,0.00426542386,3.83102107,6,2.5,7.14044523,1,1,0,1,0,-1.69425821,-24.4877014,67.7392807,0.838862538,151.189911,3.85969996,581.887512,67.4512024,1.38960004,0.0250000004,50,1,0.119999997,0.550000012,0.0133333337
SL11_rand_35_r0,0,824,13.4809599,13,2.74253774,3.85969996,0.0120000001,0.00200000009,0.00756028341,0.00752926618,0.0024707336,2.27225685,6,2.5,7.14044523,1,1,0,2,0,-1.69425821,-24.4877014,67.7392807,0.838862538,151.189911,3.85969996,581.887512,67.4512024,1.38960004,0.0250000004,50,1,0.119999997,0.550000012,0.0133333337
SL11_rand_35_r0,0,825,13.5921278,13,3.36078906,3.85969996,0.0120000001,0.00200000009,0.0076895589,0.00567337871,0.00432662154,3.86663103,6,2.5,7.14044523,1,1,0,3,0,-1.69425821,-24.4877014,67.7392807,0.838862538,151.189911,3.85969996,581.887512,67.4512024,1.38960004,0.0250000004,50,1,0.119999997,0.550000012,0.0133333337
SL11_rand_35_r0,0,826,13.7032957,13,3.47478199,3.85969996,0.0120000001,0.00200000009,0.00715496112,0.00521841878,0.00478158146,3.56804895,6,2.5,7.14044523,1,1,0,4,0,-1.69425821,-24.4877014,67.7392807,0.838862538,151.189911,3.85969996,581.887512,67.4512024,1.38960004,0.0250000004,50,1,0.119999997,0.550000012,0.0133333337
SL11_rand_35_r0,0,827,13.8144636,13,2.78462863,3.85969996,0.0120000001,0.00200000009,0.00749012316,0.0071535958,0.00284640421,2.21995783,6,2.5,7.14044523,1,1,0,5,0,-1.69425821,-24.4877014,67.7392807,0.838862538,151.189911,3.85969996,581.887512,67.4512024,1.38960004,0.0250000004,50,1,0.119999997,0.550000012,0.0133333337
SL11_rand_35_r0,0,828,13.9256325,13,3.53515196,3.85969996,0.0120000001,0.00200000009,0.00692824274,0.00510783354,0.0048921667,4.14921665,6,2.5,7.14044523,1,1,0,6,0,-1.69425821,-24.4877014,67.7392807,0.838862538,151.189911,3.85969996,581.887512,67.4512024,1.38960004,0.0250000004,50,1,0.119999997,0.550000012,0.0133333337
SL11_rand_35_r0,0,829,14.0368004,14,2.84070158,3.85969996,0.0120000001,0.00200000009,0.0076392726,0.00709467055,0.00290532922,2.27251506,6,2.5,7.14044523,1,1,0,7,0,7.68209743,1.40250063,86.477272,1.09952605,2.3523767,3.85969996,581.887512,67.4512024,1.38960004,0.0250000004,50,1,0.119999997,0.550000012,0.0133333337
SL11_rand_35_r0,0,830,14.1479683,14,3.84684086,3.85969996,0.0120000001,0.00200000009,0.00647493964,0.00410966715,0.00589033309,4.67004538,6,2.5,7.14044523,1,1,0,8,0,7.68209743,1.40250063,86.477272,1.09952605,2.3523767,3.85969996,581.887512,67.4512024,1.38960004,0.0250000004,50,1,0.119999997,0.550000012,0.0133333337
SL11_rand_35_r0,0,831,14.2591362,14,4.05286169,3.85969996,0.0120445322,0.00204453245,0.0031970467,0.00312602683,0.00687397318,4.2214241,6,2.5,7.14044523,1,1,0,9,0,7.68209743,1.40250063,86.477272,1.09952605,2.3523767,3.85969996,581.887512,67.4512024,1.38960004,0.0250000004,50,1,0.119999997,0.550000012,0.0133333337
SL11_rand_35_r0,0,832,14.3703041,14,4.21543169,3.85969996,0.0121507691,0.00215076865,0.00538771087,0.00221727788,0.00778272189,4.34844303,6,2.5,7.14044523,1,1,0,10,0,7.68209743,1.40250063,86.477272,1.09952605,2.3523767,3.85969996,581.887512,67.4512024,1.38960004,0.0250000004,50,1,0.119999997,0.550000012,0.0133333337
SL11_rand_35_r0,0,833,14.481472,14,4.00389338,3.85969996,0.0122085288,0.00220852834,0.0027921265,0.00267768651,0.00732231373,3.83081651,6,2.5,7.14044523,1,1,0,11,0,7.68209743,1.40250063,86.477272,1.09952605,2.3523767,3.85969996,581.887512,67.4512024,1.38960004,0.0250000004,50,1,0.119999997,0.550000012,0.0133333337
SL11_rand_35_r0,0,834,14.5926399,14,3.63450217,3.85969996,0.0121555999,0.00215560012,0.0053061666,0.00387161435,0.00612838566,3.33227324,6,2.5,7.14044523,1,1,0,12,0,7.68209743,1.40250063,86.477272,1.09952605,2.3523767,3.85969996,581.887512,67.4512024,1.38960004,0.0250000004,50,1,0.119999997,0.550000012,0.0133333337
SL11_rand_35_r0,0,835,14.7038078,14,4.26255322,3.85969996,0.0122586824,0.00225868239,0.00504544191,0.00215963856,0.00784036145,4.77641296,6,2.5,7.14044523,1,1,0,13,0,7.68209743,1.40250063,86.477272,1.09952605,2.3523767,3.85969996,581.887512,67.4512024,1.38960004,0.0250000004,50,1,0.119999997,0.550000012,0.0133333337
SL11_rand_35_r0,0,836,14.8149757,14,4.97992468,3.85969996,0.012587036,0.00258703623,0.00229562959,-0.000283854082,0.0102838539,5.56686497,6,2.5,7.14044523,1,1,0,14,0,7.68209743,1.40250063,86.477272,1.09952605,2.3523767,3.85969996,581.887512,67.4512024,1.38960004,0.0250000004,50,1,0.119999997,0.550000012,0.0133333337
SL11_rand_35_r0,0,837,14.9261436,14,3.75175714,3.85969996,0.0126117775,0.00261177775,0.00310774217,0.00299561396,0.00700438628,2.74689293,6,2.5,7.14044523,1,1,0,15,0,7.68209743,1.40250063,86.477272,1.09952605,2.3523767,3.85969996,581.887512,67.4512024,1.38960004,0.0250000004,50,1,0.119999997,0.550000012,0.0133333337
SL11_rand_35_r0,0,838,15.0373116,15,4.24768209,3.85969996,0.0127236741,0.00272367406,0.00227195024,0.00183077576,0.00816922449,4.65343857,6,2.5,7.14044523,1,1,0,16,0,1.98546576,1.06176734,84.1283722,1.21800947,8.29102135,3.85969996,581.887512,67.4512024,1.38960004,0.0250000004,50,1,0.119999997,0.550000012,0.0133333337
SL11_rand_35_r0,0,839,15.1484804,15,4.37641382,3.85969996,0.0128858555,0.00288585504,0.0026107505,0.00151968014,0.00848031975,4.48173952,6,2.5,7.14044523,1,1,0,17,0,1.98546576,1.06176734,84.1283722,1.21800947,8.29102135,3.85969996,581.887512,67.4512024,1.38960004,0.0250000004,50,1,0.119999997,0.550000012,0.0133333337
SL11_rand_35_r0,0,840,15.2596483,15,4.37719011,3.85969996,0.0130566321,0.00305663259,0.00308486493,0.00134852796,0.0086514717,4.37782526,6,2.5,7.14044523,1,1,0,18,0,1.98546576,1.06176734,84.1283722,1.21800947,8.29102135,3.85969996,581.887512,67.4512024,1.38960004,0.0250000004,50,1,0.119999997,0.550000012,0.0133333337
SL11_rand_35_r0,0,841,15.3708162,15,4.17641735,3.85969996,0.0131730726,0.00317307236,0.00238802284,0.00191717152,0.00808282848,4.01214838,6,2.5,7.14044523,1,1,0,19,0,1.98546576,1.06176734,84.1283722,1.21800947,8.29102135,3.85969996,581.887512,67.4512024,1.38960004,0.0250000004,50,1,0.119999997,0.550000012,0.0133333337
SL11_rand_35_r0,0,842,15.4819841,15,4.99021578,3.85969996,0.013506406,0.00350640574,0.00293830782,-0.00053002761,0.0105300276,5.65605068,6,2.5,7.14044523,1,1,0,20,0,1.98546576,1.06176734,84.1283722,1.21800947,8.29102135,3.85969996,581.887512,67.4512024,1.38960004,0.0250000004,50,1,0.119999997,0.550000012,0.0133333337
SL11_rand_35_r0,0,843,15.593152,15,3.78291941,3.85969996,0.013540633,0.00354063325,0.00288668321,0.00287808105,0.00712191872,2.79513144,6,2.5,7.14044523,1,1,0,21,0,1.98546576,1.06176734,84.1283722,1.21800947,8.29102135,3.85969996,581.887512,67.4512024,1.38960004,0.0250000004,50,1,0.119999997,0.550000012,0.0133333337
SL11_rand_35_r0,0,844,15.70432,15,4.16881561,3.85969996,0.0136322035,0.00363220344,0.00262886379,0.00205504382,0.00794495642,4.48454905,6,2.5,7.14044523,1,1,0,22,0,1.98546576,1.06176734,84.1283722,1.21800947,8.29102135,3.85969996,581.887512,67.4512024,1.38960004,0.0250000004,50,1,0.119999997,0.550000012,0.0133333337
SL11_rand_35_r0,0,845,15.8154879,15,5.08559799,3.85969996,0.0139655368,0.0039655366,0.00299341767,-0.000665778469,0.0106657781,5.83569241,6,2.5,7.14044523,1,1,0,23,0,1.98546576,1.06176734,84.1283722,1.21800947,8.29102135,3.85969996,581.887512,67.4512024,1.38960004,0.0250000004,50,1,0.119999997,0.550000012,0.0133333337
SL11_rand_35_r0,0,846,15.9266558,15,4.08838892,3.85969996,0.0140846167,0.0040846169,0.00305480347,0.00205771811,0.00794228166,3.2724905,6,2.5,7.14044523,1,1,0,24,0,1.98546576,1.06176734,84.1283722,1.21800947,8.29102135,3.85969996,581.887512,67.4512024,1.38960004,0.0250000004,50,1,0.119999997,0.550000012,0.0133333337
SL11_rand_35_r0,0,847,16.0378246,16,4.08031845,3.85969996,0.014165747,0.00416574674,0.0023902203,0.00217092386,0.00782907661,4.07371521,6,2.5,7.14044523,1,1,0,25,0,5.23530388,-1.88983488,85.9874115,1.08530807,0.961784601,3.85969996,581.887512,67.4512024,1.38960004,0.0250000004,50,1,0.119999997,0.550000012,0.0133333337
SL11_rand_35_r0,0,848,16.1489925,16,3.91889381,3.85969996,0.0141957114,0.00419571111,0.00326066301,0.00292791775,0.00707208226,3.78681898,6,2.5,7.14044523,1,1,0,26,0,5.23530388,-1.88983488,85.9874115,1.08530807,0.961784601,3.85969996,581.887512,67.4512024,1.38960004,0.0250000004,50,1,0.119999997,0.550000012,0.0133333337
SL11_rand_35_r0,0,849,16.2601604,16,4.97663784,3.85969996,0.0145109659,0.00451096566,0.00223595765,-0.000248257507,0.0102482578,5.84206533,6,2.5,7.14044523,1,1,0,27,0,5.23530388,-1.88983488,85.9874115,1.08530807,0.961784601,3.85969996,581.887512,67.4512024,1.38960004,0.0250000004,50,1,0.119999997,0.550000012,0.0133333337
SL11_rand_35_r0,0,850,16.3713284,16,4.5507617,3.85969996,0.0147554697,0.0047554695,0.000596773636,0.000585507427,0.00941449217,4.20231724,6,2.5,7.14044523,1,1,0,28,0,5.23530388,-1.88983488,85.9874115,1.08530807,0.961784601,3.85969996,581.887512,67.4512024,1.38960004,0.0250000004,50,1,0.119999997,0.550000012,0.0133333337
SL11_rand_35_r0,0,851,16.4824963,16,4.49843359,3.85969996,0.014973646,0.00497364625,0.00152537762,0.000642271887,0.00935772806,4.45561981,6,2.5,7.14044523,1,1,0,29,0,5.23530388,-1.88983488,85.9874115,1.08530807,0.961784601,3.85969996,581.887512,67.4512024,1.38960004,0.0250000004,50,1,0.119999997,0.550000012,0.0133333337
SL11_rand_35_r0,0,852,16.5936642,16,4.37198782,3.85969996,0.015152311,0.00515231118,0.00160450337,0.00114689954,0.00885310024,4.2685318,6,2.5,7.14044523,1,1,0,30,0,5.23530388,-1.88983488,85.9874115,1.08530807,0.961784601,3.85969996,581.887512,67.4512024,1.38960004,0.0250000004,50,1,0.119999997,0.550000012,0.0133333337
SL11_rand_35_r0,0,853,16.7048321,16,3.99790955,3.85969996,0.01522048,0.00522048026,0.00304310094,0.00241276855,0.00758723123,3.69184542,6,2.5,7.14044523,1,1,0,31,0,5.23530388,-1.88983488,85.9874115,1.08530807,0.961784601,3.85969996,581.887512,67.4512024,1.38960004,0.0250000004,50,1,0.119999997,0.550000012,0.0133333337
SL11_rand_35_r0,0,854,16.816,16,4.22331858,3.85969996,0.0153328469,0.00533284666,0.00207210938,0.00195097213,0.00804902799,4.40774393,6,2.5,7.14044523,1,1,0,32,0,5.23530388,-1.88983488,85.9874115,1.08530807,0.961784601,3.85969996,581.887512,67.4512024,1.38960004,0.0250000004,50,1,0.119999997,0.550000012,0.0133333337
SL11_rand_35_r0,0,855,16.9271679,16,5.20049334,3.85969996,0.0156661794,0.00566618005,0.00314542884,-0.00125769561,0.011257696,6,6,2.5,7.14044523,1,1,0,33,0,5.23530388,-1.88983488,85.9874115,1.08530807,0.961784601,3.85969996,581.887512,67.4512024,1.38960004,0.0250000004,50,1,0.119999997,0.550000012,0.0133333337
SL11_rand_35_r0,0,856,17.0383358,17,4.42787552,3.85969996,0.0158795621,0.00587956188,0.00169941958,0.00115850125,0.00884149875,3.79573369,6,2.5,7.14044523,1,1,0,34,0,5.0538311,-2.01699781,85.0256653,1.09952605,7.0065136,3.85969996,581.887512,67.4512024,1.38960004,0.0250000004,50,1,0.119999997,0.550000012,0.0133333337
SL11_rand_35_r0,0,857,17.1495037,17,4.46578503,3.85969996,0.0160834827,0.00608348288,0.00357188797,0.000787953031,0.00921204686,4.49680233,6,2.5,7.14044523,1,1,0,35,0,5.0538311,-2.01699781,85.0256653,1.09952605,7.0065136,3.85969996,581.887512,67.4512024,1.38960004,0.0250000004,50,1,0.119999997,0.550000012,0.0133333337
SL11_rand_35_r0,0,858,17.2606716,17,4.77441216,3.85969996,0.0163715556,0.00637155632,0.00189993891,-5.72824247e-05,0.0100572826,5.02692509,6,2.5,7.14044523,1,1,0,36,0,5.0538311,-2.01699781,85.0256653,1.09952605,7.0065136,3.85969996,581.887512,67.4512024,1.38960004,0.0250000004,50,1,0.119999997,0.550000012,0.0133333337
SL11_rand_35_r0,0,859,17.3718395,17,4.16106367,3.85969996,0.01650328,0.00650328072,0.00237116637,0.00170786947,0.00829213019,3.65923285,6,2.5,7.14044523,1,1,0,37,0,5.0538311,-2.01699781,85.0256653,1.09952605,7.0065136,3.85969996,581.887512,67.4512024,1.38960004,0.0250000004,50,1,0.119999997,0.550000012,0.0133333337
SL11_rand_35_r0,0,860,17.4830074,17,4.27510548,3.85969996,0.0166406259,0.00664062519,0.00246859458,0.00157653284,0.00842346717,4.36841249,6,2.5,7.14044523,1,1,0,38,0,5.0538311,-2.01699781,85.0256653,1.09952605,7.0065136,3.85969996,581.887512,67.4512024,1.38960004,0.0250000004,50,1,0.119999997,0.550000012,0.0133333337
SL11_rand_35_r0,0,861,17.5941753,17,4.16819096,3.85969996,0.0167492069,0.00674920762,0.00228144135,0.00203186483,0.00796813518,4.08071518,6,2.5,7.14044523,1,1,0,39,0,5.0538311,-2.01699781,85.0256653,1.09952605,7.0065136,3.85969996,581.887512,67.4512024,1.38960004,0.0250000004,50,1,0.119999997,0.550000012,0.0133333337
SL11_rand_35_r0,0,862,17.7053432,17,4.09348011,3.85969996,0.0168322437,0.00683224387,0.00302111777,0.00231501763,0.00768498238,4.0323534,6,2.5,7.14044523,1,1,0,40,0,5.0538311,-2.01699781,85.0256653,1.09952605,7.0065136,3.85969996,581.887512,67.4512024,1.38960004,0.0250000004,50,1,0.119999997,0.550000012,0.0133333337
SL11_rand_35_r0,0,863,17.8165112,17,4.17271662,3.85969996,0.0169330314,0.00693303207,0.00258232211,0.00214006216,0.00785993785,4.23754644,6,2.5,7.14044523,1,1,0,41,0,5.0538311,-2.01699781,85.0256653,1.09952605,7.0065136,3.85969996,581.887512,67.4512024,1.38960004,0.0250000004,50,1,0.119999997,0.550000012,0.0133333337
SL11_rand_35_r0,0,864,17.9276791,17,4.33437824,3.85969996,0.0170816854,0.00708168559,0.00363341253,0.00162287452,0.00837712549,4.46664667,6,2.5,7.14044523,1,1,0,42,0,5.0538311,-2.01699781,85.0256653,1.09952605,7.0065136,3.85969996,581.887512,67.4512024,1.38960004,0.0250000004,50,1,0.119999997,0.550000012,0.0133333337
SL11_rand_35_r0,0,865,18.0388489,18,3.82874084,3.85969996,0.0170978606,0.00709786126,0.00314789405,0.00309720938,0.00690279063,3.41503763,6,2.5,7.14044523,1,1,0,43,0,3.59672403,1.65911078,83.3050079,1.03791463,4.74165678,3.85969996,581.887512,67.4512024,1.38960004,0.0250000004,50,1,0.119999997,0.550000012,0.0133333337
SL11_rand_35_r0,0,866,18.1500168,18,3.56055593,3.85969996,0.0170174614,0.00701746158,0.00428453274,0.00414561015,0.0058543901,3.34113193,6,2.5,7.14044523,1,1,0,44,0,3.59672403,1.65911078,83.3050079,1.03791463,4.74165678,3.85969996,581.887512,67.4512024,1.38960004,0.0250000004,50,1,0.119999997,0.550000012,0.0133333337
SL11_rand_35_r0,0,867,18.2611847,18,4.37768984,3.85969996,0.0171479471,0.00714794779,0.00298650702,0.00188697013,0.00811302941,5.04625368,6,2.5,7.14044523,1,1,0,45,0,3.59672403,1.65911078,83.3050079,1.03791463,4.74165678,3.85969996,581.887512,67.4512024,1.38960004,0.0250000004,50,1,0.119999997,0.550000012,0.0133333337
SL11_rand_35_r0,0,868,18.3723526,18,4.26553535,3.85969996,0.0172824282,0.00728242751,0.00402735965,0.00191964174,0.00808035862,4.17377281,6,2.5,7.14044523,1,1,0,46,0,3.59672403,1.65911078,83.3050079,1.03791463,4.74165678,3.85969996,581.887512,67.4512024,1.38960004,0.0250000004,50,1,0.119999997,0.550000012,0.0133333337
SL11_rand_35_r0,0,869,18.4835205,18,4.05170393,3.85969996,0.0173581745,0.00735817524,0.00245537562,0.00240231073,0.00759768905,3.87675118,6,2.5,7.14044523,1,1,0,47,0,3.59672403,1.65911078,83.3050079,1.03791463,4.74165678,3.85969996,581.887512,67.4512024,1.38960004,0.0250000004,50,1,0.119999997,0.550000012,0.0133333337
SL11_rand_35_r0,0,870,18.5946884,18,4.25557661,3.85969996,0.0174807664,0.00748076569,0.00239355257,0.00187310611,0.00812689401,4.4223814,6,2.5,7.14044523,1,1,0,48,0,3.59672403,1.65911078,83.3050079,1.03791463,4.74165678,3.85969996,581.887512,67.4512024,1.38960004,0.0250000004,50,1,0.119999997,0.550000012,0.0133333337
SL11_rand_35_r0,0,871,18.7058563,18,4.0505476,3.85969996,0.0175542105,0.00755421026,0.00329527748,0.00247461349,0.00752538629,3.88279629,6,2.5,7.14044523,1,1,0,49,0,3.59672403,1.65911078,83.3050079,1.03791463,4.74165678,3.85969996,581.887512,67.4512024,1.38960004,0.0250000004,50,1,0.119999997,0.550000012,0.0133333337
SL11_rand_35_r0,0,872,18.8170242,18,4.25595808,3.85969996,0.017676523,0.00767652271,0.00380545389,0.00188630412,0.00811369624,4.42402124,6,2.5,7.14044523,1,1,0,50,0,3.59672403,1.65911078,83.3050079,1.03791463,4.74165678,3.85969996,581.887512,67.4512024,1.38960004,0.0250000004,50,1,0.119999997,0.550000012,0.0133333337
SL11_rand_35_r0,0,873,18.9281921,18,3.54311132,3.85969996,0.0176089667,0.0076089669,0.00422092853,0.00406263117,0.00593736907,2.9598732,6,2.5,7.14044523,1,1,0,51,0,3.59672403,1.65911078,83.3050079,1.03791463,4.74165678,3.85969996,581.887512,67.4512024,1.38960004,0.0250000004,50,1,0.119999997,0.550000012,0.0133333337
SL11_rand_35_r0,0,874,19.03936,19,4.07852507,3.85969996,0.0176584926,0.00765849231,0.00416867342,0.00270789023,0.00729211001,4.51659107,6,2.5,7.14044523,1,1,0,52,0,4.6922307,-0.241660759,85.9679489,1.0663507,167.363892,3.85969996,581.887512,67.4512024,1.38960004,0.0250000004,50,1,0.119999997,0.550000012,0.0133333337
SL11_rand_35_r0,0,875,19.150528,19,3.90967822,3.85969996,0.0176806301,0.00768062938,0.00330789061,0.00317400065,0.00682599936,3.77153063,6,2.5,7.14044523,1,1,0,53,0,4.6922307,-0.241660759,85.9679489,1.0663507,167.363892,3.85969996,581.887512,67.4512024,1.38960004,0.0250000004,50,1,0.119999997,0.550000012,0.0133333337
SL11_rand_35_r0,0,876,19.2616959,19,3.93166304,3.85969996,0.017704308,0.00770430872,0.0038949349,0.00305838138,0.00694161886,3.94965076,6,2.5,7.14044523,1,1,0,54,0,4.6922307,-0.241660759,85.9679489,1.0663507,167.363892,3.85969996,581.887512,67.4512024,1.38960004,0.0250000004,50,1,0.119999997,0.550000012,0.0133333337
SL11_rand_35_r0,0,877,19.3728638,19,3.85615778,3.85969996,0.0177072715,0.00770727126,0.00432873657,0.00331449416,0.00668550562,3.79438066,6,2.5,7.14044523,1,1,0,55,0,4.6922307,-0.241660759,85.9679489,1.0663507,167.363892,3.85969996,581.887512,67.4512024,1.38960004,0.0250000004,50,1,0.119999997,0.550000012,0.0133333337
SL11_rand_35_r0,0,878,19.4840317,19,3.84842277,3.85969996,0.0177046321,0.00770463282,0.00437424565,0.0033765824,0.0066234176,3.84209418,6,2.5,7.14044523,1,1,0,56,0,4.6922307,-0.241660759,85.9679489,1.0663507,167.363892,3.85969996,581.887512,67.4512024,1.38960004,0.0250000004,50,1,0.119999997,0.550000012,0.0133333337
SL11_rand_35_r0,0,879,19.5951996,19,3.70378923,3.85969996,0.0176608842,0.00766088441,0.00480826618,0.00385659048,0.00614340929,3.58545256,6,2.5,7.14044523,1,1,0,57,0,4.6922307,-0.241660759,85.9679489,1.0663507,167.363892,3.85969996,581.887512,67.4512024,1.38960004,0.0250000004,50,1,0.119999997,0.550000012,0.0133333337
SL11_rand_35_r0,0,880,19.7063675,19,3.76068044,3.85969996,0.0176260881,0.0076260874,0.0050835018,0.00376138021,0.0062386198,3.80722761,6,2.5,7.14044523,1,1,0,58,0,4.6922307,-0.241660759,85.9679489,1.0663507,167.363892,3.85969996,581.887512,67.4512024,1.38960004,0.0250000004,50,1,0.119999997,0.550000012,0.0133333337
SL11_rand_35_r0,0,881,19.8175354,19,3.59045815,3.85969996,0.0175454989,0.00754549867,0.00525780953,0.00431099674,0.0056890035,3.45118523,6,2.5,7.14044523,1,1,0,59,0,4.6922307,-0.241660759,85.9679489,1.0663507,167.363892,3.85969996,581.887512,67.4512024,1.38960004,0.0250000004,50,1,0.119999997,0.550000012,0.0133333337
SL11_rand_35_r0,0,882,19.9287033,19,3.36494708,3.85969996,0.0173946358,0.00739463558,0.00552327698,0.005094775,0.00490522478,3.18043804,6,2.5,7.14044523,1,1,0,60,0,4.6922307,-0.241660759,85.9679489,1.0663507,167.363892,3.85969996,581.887512,67.4512024,1.38960004,0.0250000004,50,1,0.119999997,0.550000012,0.0133333337
SL11_rand_35_r0,0,883,20.0398712,20,3.61945772,3.85969996,0.0173027571,0.00730275782,0.00635920931,0.00447119819,0.00552880205,3.8276937,6,2.5,7.14044523,1,1,0,61,0,6.79114389,-13.1300039,89.270401,0.900473952,168.811996,3.85969996,581.887512,67.4512024,1.38960004,0.0250000004,50,1,0.119999997,0.550000012,0.0133333337
SL11_rand_35_r0,0,884,20.1510391,20,3.44665837,3.85969996,0.017172711,0.00717271119,0.00538736116,0.00495874882,0.00504125142,3.30527711,6,2.5,7.14044523,1,1,0,62,0,6.79114389,-13.1300039,89.270401,0.900473952,168.811996,3.85969996,581.887512,67.4512024,1.38960004,0.0250000004,50,1,0.119999997,0.550000012,0.0133333337
SL11_rand_35_r0,0,885,20.2622089,20,3.3849771,3.85969996,0.0170191694,0.00701916916,0.00619661389,0.00517397793,0.00482602231,3.33451056,6,2.5,7.14044523,1,1,0,63,0,6.79114389,-13.1300039,89.270401,0.900473952,168.811996,3.85969996,581.887512,67.4512024,1.38960004,0.0250000004,50,1,0.119999997,0.550000012,0.0133333337
SL11_rand_35_r0,0,886,20.3733768,20,3.41229248,3.85969996,0.0168692991,0.00686929887,0.00592973223,0.00516530965,0.0048346906,3.43464136,6,2.5,7.14044523,1,1,0,64,0,6.79114389,-13.1300039,89.270401,0.900473952,168.811996,3.85969996,581.887512,67.4512024,1.38960004,0.0250000004,50,1,0.119999997,0.550000012,0.0133333337
SL11_rand_35_r0,0,887,20.4845448,20,3.25481296,3.85969996,0.0166762955,0.00667629624,0.00579947513,0.00567024434,0.0043297559,3.12596631,6,2.5,7.14044523,1,1,0,65,0,6.79114389,-13.1300039,89.270401,0.900473952,168.811996,3.85969996,581.887512,67.4512024,1.38960004,0.0250000004,50,1,0.119999997,0.550000012,0.0133333337
SL11_rand_35_r0,0,888,20.5957127,20,3.30632472,3.85969996,0.0164904147,0.00649041403,0.0055919406,0.00558784883,0.00441215094,3.34847069,6,2.5,7.14044523,1,1,0,66,0,6.79114389,-13.1300039,89.270401,0.900473952,168.811996,3.85969996,581.887512,67.4512024,1.38960004,0.0250000004,50,1,0.119999997,0.550000012,0.0133333337
SL11_rand_35_r0,0,889,20.7068806,20,2.9024694,3.85969996,0.016193537,0.00619353633,0.00736926962,0.00687265536,0.00312734442,2.57204223,6,2.5,7.14044523,1,1,0,67,0,6.79114389,-13.1300039,89.270401,0.900473952,168.811996,3.85969996,581.887512,67.4512024,1.38960004,0.0250000004,50,1,0.119999997,0.550000012,0.0133333337
SL11_rand_35_r0,0,890,20.8180485,20,3.25559115,3.85969996,0.0159762483,0.00597624853,0.00680536451,0.00597340893,0.00402659131,3.54450893,6,2.5,7.14044523,1,1,0,68,0,6.79114389,-13.1300039,89.270401,0.900473952,168.811996,3.85969996,581.887512,67.4512024,1.38960004,0.0250000004,50,1,0.119999997,0.550000012,0.0133333337
SL11_rand_35_r0,0,891,20.9292164,20,3.08253431,3.85969996,0.0157241542,0.00572415441,0.00648865337,0.00645710947,0.00354289031,2.94094253,6,2.5,7.14044523,1,1,0,69,0,6.79114389,-13.1300039,89.270401,0.900473952,168.811996,3.85969996,581.887512,67.4512024,1.38960004,0.0250000004,50,1,0.119999997,0.550000012,0.0133333337
SL11_rand_35_r0,0,892,21.0403843,21,3.12612438,3.85969996,0.0154783679,0.00547836768,0.00644815108,0.00631965557,0.00368034444,3.16178894,6,2.5,7.14044523,1,1,0,70,0,15.0226297,-4.82545662,89.5516586,0.862559259,171.949219,3.85969996,581.887512,67.4512024,1.38960004,0.0250000004,50,1,0.119999997,0.550000012,0.0133333337
SL11_rand_35_r0,0,893,21.1515522,21,2.99002671,3.85969996,0.0151958279,0.00519582769,0.00795596931,0.00676233321,0.00323766656,2.87867403,6,2.5,7.14044523,1,1,0,71,0,15.0226297,-4.82545662,89.5516586,0.862559259,171.949219,3.85969996,581.887512,67.4512024,1.38960004,0.0250000004,50,1,0.119999997,0.550000012,0.0133333337
SL11_rand_35_r0,0,894,21.2627201,21,3.08625078,3.85969996,0.0149338907,0.00493389042,0.00702003017,0.00652592955,0.00347407069,3.16497946,6,2.5,7.14044523,1,1,0,72,0,15.0226297,-4.82545662,89.5516586,0.862559259,171.949219,3.85969996,581.887512,67.4512024,1.38960004,0.0250000004,50,1,0.119999997,0.550000012,0.0133333337
SL11_rand_35_r0,0,895,21.373888,21,2.99694228,3.85969996,0.0146505795,0.0046505793,0.00736685563,0.0067969868,0.00320301345,2.92387176,6,2.5,7.14044523,1,1,0,73,0,15.0226297,-4.82545662,89.5516586,0.862559259,171.949219,3.85969996,581.887512,67.4512024,1.38960004,0.0250000004,50,1,0.119999997,0.550000012,0.0133333337
SL11_rand_35_r0,0,896,21.4850559,21,3.07608867,3.85969996,0.0143856909,0.00438569114,0.00686887233,0.00657276623,0.00342723378,3.14084506,6,2.5,7.14044523,1,1,0,74,0,15.0226297,-4.82545662,89.5516586,0.862559259,171.949219,3.85969996,581.887512,67.4512024,1.38960004,0.0250000004,50,1,0.119999997,0.550000012,0.0133333337
SL11_rand_35_r0,0,897,21.5962238,21,2.84947109,3.85969996,0.0140609238,0.00406092405,0.00736892223,0.00726401666,0.00273598358,2.66405654,6,2.5,7.14044523,1,1,0,75,0,15.0226297,-4.82545662,89.5516586,0.862559259,171.949219,3.85969996,581.887512,67.4512024,1.38960004,0.0250000004,50,1,0.119999997,0.550000012,0.0133333337
SL11_rand_35_r0,0,898,21.7073917,21,3.07983494,3.85969996,0.0137901669,0.00379016693,0.00666885078,0.00664203381,0.00335796596,3.2683146,6,2.5,7.14044523,1,1,0,76,0,15.0226297,-4.82545662,89.5516586,0.862559259,171.949219,3.85969996,581.887512,67.4512024,1.38960004,0.0250000004,50,1,0.119999997,0.550000012,0.0133333337
SL11_rand_35_r0,0,899,21.8185596,21,3.13504267,3.85969996,0.0135437474,0.00354374689,0.00771701429,0.00641779648,0.00358220376,3.18021274,6,2.5,7.14044523,1,1,0,77,0,15.0226297,-4.82545662,89.5516586,0.862559259,171.949219,3.85969996,581.887512,67.4512024,1.38960004,0.0250000004,50,1,0.119999997,0.550000012,0.0133333337
SL11_rand_35_r0,0,900,21.9297276,21,3.23941731,3.85969996,0.0133303758,0.00333037623,0.00635473151,0.00600002473,0.00399997551,3.32481456,6,2.5,7.14044523,1,1,0,78,0,15.0226297,-4.82545662,89.5516586,0.862559259,171.949219,3.85969996,581.887512,67.4512024,1.38960004,0.0250000004,50,1,0.119999997,0.550000012,0.0133333337
SL11_rand_35_r0,0,901,22.0408955,22,3.07976389,3.85969996,0.0130781652,0.00307816546,0.00667061051,0.00641578203,0.00358421798,2.9491384,6,2.5,7.14044523,1,1,0,79,0,2.20865178,-24.7630692,83.3699036,0.706161141,161.578033,3.85969996,581.887512,67.4512024,1.38960004,0.0250000004,50,1,0.119999997,0.550000012,0.0133333337
SL11_rand_35_r0,0,902,22.1520634,22,3.37546372,3.85969996,0.01290162,0.00290162023,0.00576126203,0.00553747918,0.00446252059,3.61739993,6,2.5,7.14044523,1,1,0,80,0,2.20865178,-24.7630692,83.3699036,0.706161141,161.578033,3.85969996,581.887512,67.4512024,1.38960004,0.0250000004,50,1,0.119999997,0.550000012,0.0133333337
SL11_rand_35_r0,0,903,22.2632313,22,3.43352795,3.85969996,0.0127538154,0.00275381492,0.00644144323,0.00524556916,0.00475443061,3.48103499,6,2.5,7.14044523,1,1,0,81,0,2.20865178,-24.7630692,83.3699036,0.706161141,161.578033,3.85969996,581.887512,67.4512024,1.38960004,0.0250000004,50,1,0.119999997,0.550000012,0.0133333337
SL11_rand_35_r0,0,904,22.3743992,22,3.52128124,3.85969996,0.0126351751,0.0026351756,0.00550170615,0.00485312799,0.00514687225,3.59307933,6,2.5,7.14044523,1,1,0,82,0,2.20865178,-24.7630692,83.3699036,0.706161141,161.578033,3.85969996,581.887512,67.4512024,1.38960004,0.0250000004,50,1,0.119999997,0.550000012,0.0133333337
SL11_rand_35_r0,0,905,22.4855671,22,3.5989821,3.85969996,0.0125429807,0.00254298071,0.00516236247,0.00453087874,0.0054691215,3.66255569,6,2.5,7.14044523,1,1,0,83,0,2.20865178,-24.7630692,83.3699036,0.706161141,161.578033,3.85969996,581.887512,67.4512024,1.38960004,0.0250000004,50,1,0.119999997,0.550000012,0.0133333337
SL11_rand_35_r0,0,906,22.5967369,22,3.52472758,3.85969996,0.0124345673,0.00243456685,0.00492298091,0.00468822662,0.00531177316,3.46397376,6,2.5,7.14044523,1,1,0,84,0,2.20865178,-24.7630692,83.3699036,0.706161141,161.578033,3.85969996,581.887512,67.4512024,1.38960004,0.0250000004,50,1,0.119999997,0.550000012,0.0133333337
SL11_rand_35_r0,0,907,22.7079048,22,3.81725216,3.85969996,0.0124047073,0.00240470702,0.00470557343,0.00378259108,0.00621740893,4.05659056,6,2.5,7.14044523,1,1,0,85,0,2.20865178,-24.7630692,83.3699036,0.706161141,161.578033,3.85969996,581.887512,67.4512024,1.38960004,0.0250000004,50,1,0.119999997,0.550000012,0.0133333337
SL11_rand_35_r0,0,908,22.8190727,22,3.62836432,3.85969996,0.0123354699,0.0023354704,0.00450308854,0.00423776265,0.00576223759,3.47381949,6,2.5,7.14044523,1,1,0,86,0,2.20865178,-24.7630692,83.3699036,0.706161141,161.578033,3.85969996,581.887512,67.4512024,1.38960004,0.0250000004,50,1,0.119999997,0.550000012,0.0133333337
SL11_rand_35_r0,0,909,22.9302406,22,3.92858291,3.85969996,0.0123430649,0.00234306511,0.00345307123,0.00330796605,0.00669203419,4.17421627,6,2.5,7.14044523,1,1,0,87,0,2.20865178,-24.7630692,83.3699036,0.706161141,161.578033,3.85969996,581.887512,67.4512024,1.38960004,0.0250000004,50,1,0.119999997,0.550000012,0.0133333337
SL11_rand_35_r0,0,910,23.0414085,23,3.79955745,3.85969996,0.0123276245,0.00232762448,0.00468274159,0.00359888747,0.0064011123,3.69399095,6,2.5,7.14044523,1,1,0,88,0,2.95942283,-2.21335554,84.1479263,0.895734608,5.96713972,3.85969996,581.887512,67.4512024,1.38960004,0.0250000004,50,1,0.119999997,0.550000012,0.0133333337
SL11_rand_35_r0,0,911,23.1525764,23,3.91377997,3.85969996,0.0123400735,0.00234007346,0.00347357383,0.00322077563,0.00677922415,4.00723457,6,2.5,7.14044523,1,1,0,89,0,2.95942283,-2.21335554,84.1479263,0.895734608,5.96713972,3.85969996,581.887512,67.4512024,1.38960004,0.0250000004,50,1,0.119999997,0.550000012,0.0133333337
SL11_rand_35_r0,0,912,23.2637444,23,4.18569708,3.85969996,0.0124327028,0.00243270281,0.0024668707,0.00233777054,0.00766222924,4.40817451,6,2.5,7.14044523,1,1,0,90,0,2.95942283,-2.21335554,84.1479263,0.895734608,5.96713972,3.85969996,581.887512,67.4512024,1.38960004,0.0250000004,50,1,0.119999997,0.550000012,0.0133333337
SL11_rand_35_r0,0,913,23.3749123,23,3.97744823,3.85969996,0.0124808494,0.00248084893,0.00283689192,0.00281314482,0.00718685519,3.80706286,6,2.5,7.14044523,1,1,0,91,0,2.95942283,-2.21335554,84.1479263,0.895734608,5.96713972,3.85969996,581.887512,67.4512024,1.38960004,0.0250000004,50,1,0.119999997,0.550000012,0.0133333337
SL11_rand_35_r0,0,914,23.4860802,23,4.04362488,3.85969996,0.0125399632,0.00253996346,0.00274314522,0.00262293848,0.00737706153,4.09776926,6,2.5,7.14044523,1,1,0,92,0,2.95942283,-2.21335554,84.1479263,0.895734608,5.96713972,3.85969996,581.887512,67.4512024,1.38960004,0.0250000004,50,1,0.119999997,0.550000012,0.0133333337
SL11_rand_35_r0,0,915,23.5972481,23,3.98846173,3.85969996,0.0125855831,0.00258558313,0.00379124447,0.00281206565,0.00718793459,3.94332838,6,2.5,7.14044523,1,1,0,93,0,2.95942283,-2.21335554,84.1479263,0.895734608,5.96713972,3.85969996,581.887512,67.4512024,1.38960004,0.0250000004,50,1,0.119999997,0.550000012,0.0133333337
SL11_rand_35_r0,0,916,23.708416,23,4.0187788,3.85969996,0.0126373749,0.00263737491,0.00424793968,0.00273363036,0.00726636965,4.04358387,6,2.5,7.14044523,1,1,0,94,0,2.95942283,-2.21335554,84.1479263,0.895734608,5.96713972,3.85969996,581.887512,67.4512024,1.38960004,0.0250000004,50,1,0.119999997,0.550000012,0.0133333337
SL11_rand_35_r0,0,917,23.8195839,23,4.19787169,3.85969996,0.0127399433,0.00273994333,0.00259666983,0.00217373273,0.00782626774,4.34440184,6,2.5,7.14044523,1,1,0,95,0,2.95942283,-2.21335554,84.1479263,0.895734608,5.96713972,3.85969996,581.887512,67.4512024,1.38960004,0.0250000004,50,1,0.119999997,0.550000012,0.0133333337
SL11_rand_35_r0,0,918,23.9307518,23,4.21412134,3.85969996,0.0128554888,0.00285548856,0.0030260866,0.00202162191,0.00797837786,4.22741652,6,2.5,7.14044523,1,1,0,96,0,2.95942283,-2.21335554,84.1479263,0.895734608,5.96713972,3.85969996,581.887512,67.4512024,1.38960004,0.0250000004,50,1,0.119999997,0.550000012,0.0133333337
SL11_rand_35_r0,0,919,24.0419197,24,4.31225061,3.85969996,0.0130004548,0.00300045451,0.00335164787,0.00164759904,0.00835240074,4.39253855,6,2.5,7.14044523,1,1,0,97,0,13.8064814,5.91071653,87.6142197,0.744075835,11.5305805,3.85969996,581.887512,67.4512024,1.38960004,0.0250000004,50,1,0.119999997,0.550000012,0.0133333337
SL11_rand_35_r0,0,920,24.1530876,24,4.23288679,3.85969996,0.0131282788,0.00312827853,0.00350689888,0.00182893418,0.00817106571,4.16795301,6,2.5,7.14044523,1,1,0,98,0,13.8064814,5.91071653,87.6142197,0.744075835,11.5305805,3.85969996,581.887512,67.4512024,1.38960004,0.0250000004,50,1,0.119999997,0.550000012,0.0133333337
SL11_rand_35_r0,0,921,24.2642555,24,4.2847743,3.85969996,0.0132676587,0.00326765887,0.00315119559,0.00167443731,0.00832556281,4.32722759,6,2.5,7.14044523,1,1,0,99,0,13.8064814,5.91071653,87.6142197,0.744075835,11.5305805,3.85969996,581.887512,67.4512024,1.38960004,0.0250000004,50,1,0.119999997,0.550000012,0.0133333337
SL11_rand_35_r0,0,922,24.3754234,24,4.02761889,3.85969996,0.013337533,0.00333753298,0.00339175458,0.00247053639,0.00752946362,3.81721902,6,2.5,7.14044523,1,1,0,100,0,13.8064814,5.91071653,87.6142197,0.744075835,11.5305805,3.85969996,581.887512,67.4512024,1.38960004,0.0250000004,50,1,0.119999997,0.550000012,0.0133333337
SL11_rand_35_r0,0,923,24.4865913,24,4.10215187,3.85969996,0.0134165268,0.00341652636,0.00263390224,0.00235948665,0.00764051359,4.16313362,6,2.5,7.14044523,1,1,0,101,0,13.8064814,5.91071653,87.6142197,0.744075835,11.5305805,3.85969996,581.887512,67.4512024,1.38960004,0.0250000004,50,1,0.119999997,0.550000012,0.0133333337
SL11_rand_35_r0,0,924,24.5977592,24,4.29254675,3.85969996,0.0135499267,0.00354992715,0.0021056789,0.00180594844,0.00819405168,4.4483242,6,2.5,7.14044523,1,1,0,102,0,13.8064814,5.91071653,87.6142197,0.744075835,11.5305805,3.85969996,581.887512,67.4512024,1.38960004,0.0250000004,50,1,0.119999997,0.550000012,0.0133333337
SL11_rand_35_r0,0,925,24.7089272,24,4.32086849,3.85969996,0.0137002626,0.00370026287,0.00176675583,0.00160675694,0.00839324296,4.34404087,6,2.5,7.14044523,1,1,0,103,0,13.8064814,5.91071653,87.6142197,0.744075835,11.5305805,3.85969996,581.887512,67.4512024,1.38960004,0.0250000004,50,1,0.119999997,0.550000012,0.0133333337
SL11_rand_35_r0,0,926,24.8200951,24,4.30929375,3.85969996,0.0138502056,0.00385020603,0.00232766499,0.00156496232,0.00843503792,4.29982328,6,2.5,7.14044523,1,1,0,104,0,13.8064814,5.91071653,87.6142197,0.744075835,11.5305805,3.85969996,581.887512,67.4512024,1.38960004,0.0250000004,50,1,0.119999997,0.550000012,0.0133333337
SL11_rand_35_r0,0,927,24.9312649,24,3.89678311,3.85969996,0.0138854971,0.00388549734,0.00349943247,0.00284036016,0.00715964008,3.55927467,6,2.5,7.14044523,1,1,0,105,0,13.8064814,5.91071653,87.6142197,0.744075835,11.5305805,3.85969996,581.887512,67.4512024,1.38960004,0.0250000004,50,1,0.119999997,0.550000012,0.0133333337
SL11_rand_35_r0,0,928,25.0424328,25,3.99124169,3.85969996,0.0139279189,0.00392791862,0.00341084832,0.00276259938,0.00723740039,4.06852627,6,2.5,7.14044523,1,1,0,106,0,9.80843735,-0.270699322,79.9109726,0.616113722,14.0104523,3.85969996,581.887512,67.4512024,1.38960004,0.0250000004,50,1,0.119999997,0.550000012,0.0133333337
SL11_rand_35_r0,0,929,25.1536007,25,4.44817877,3.85969996,0.0140984552,0.00409845542,0.00266196136,0.00141806842,0.0085819317,4.82203674,6,2.5,7.14044523,1,1,0,107,0,9.80843735,-0.270699322,79.9109726,0.616113722,14.0104523,3.85969996,581.887512,67.4512024,1.38960004,0.0250000004,50,1,0.119999997,0.550000012,0.0133333337
SL11_rand_35_r0,0,930,25.2647686,25,4.46702194,3.85969996,0.0142955789,0.00429557869,0.00132549566,0.00111063116,0.00888936874,4.48243856,6,2.5,7.14044523,1,1,0,108,0,9.80843735,-0.270699322,79.9109726,0.616113722,14.0104523,3.85969996,581.887512,67.4512024,1.38960004,0.0250000004,50,1,0.119999997,0.550000012,0.0133333337
SL11_rand_35_r0,0,931,25.3759365,25,3.85318089,3.85969996,0.0143266218,0.00432662154,0.00299047143,0.00287023792,0.00712976232,3.35094738,6,2.5,7.14044523,1,1,0,109,0,9.80843735,-0.270699322,79.9109726,0.616113722,14.0104523,3.85969996,581.887512,67.4512024,1.38960004,0.0250000004,50,1,0.119999997,0.550000012,0.0133333337
SL11_rand_35_r0,0,932,25.4871044,25,4.97581911,3.85969996,0.0146418288,0.00464182859,0.00204104395,-0.000345598033,0.0103455978,5.89434099,6,2.5,7.14044523,1,1,0,110,0,9.80843735,-0.270699322,79.9109726,0.616113722,14.0104523,3.85969996,581.887512,67.4512024,1.38960004,0.0250000004,50,1,0.119999997,0.550000012,0.0133333337
SL11_rand_35_r0,0,933,25.5982723,25,4.48496628,3.85969996,0.014868048,0.00486804778,0.0029785377,0.000790273887,0.00920972601,4.08335972,6,2.5,7.14044523,1,1,0,111,0,9.80843735,-0.270699322,79.9109726,0.616113722,14.0104523,3.85969996,581.887512,67.4512024,1.38960004,0.0250000004,50,1,0.119999997,0.550000012,0.0133333337
SL11_rand_35_r0,0,934,25.7094402,25,4.39541769,3.85969996,0.0150545621,0.00505456189,0.00160288706,0.000998814474,0.00900118519,4.32215071,6,2.5,7.14044523,1,1,0,112,0,9.80843735,-0.270699322,79.9109726,0.616113722,14.0104523,3.85969996,581.887512,67.4512024,1.38960004,0.0250000004,50,1,0.119999997,0.550000012,0.0133333337
SL11_rand_35_r0,0,935,25.8206081,25,4.76259327,3.85969996,0.0153364511,0.00533645088,0.00200696429,1.77140043e-06,0.0099982284,5.06300974,6,2.5,7.14044523,1,1,0,113,0,9.80843735,-0.270699322,79.9109726,0.616113722,14.0104523,3.85969996,581.887512,67.4512024,1.38960004,0.0250000004,50,1,0.119999997,0.550000012,0.0133333337
SL11_rand_35_r0,0,936,25.931776,25,4.40354204,3.85969996,0.0155344997,0.00553449988,0.00157136715,0.000976607553,0.00902339257,4.10977268,6,2.5,7.14044523,1,1,0,114,0,9.80843735,-0.270699322,79.9109726,0.616113722,14.0104523,3.85969996,581.887512,67.4512024,1.38960004,0.0250000004,50,1,0.119999997,0.550000012,0.0133333337
SL11_rand_35_r0,0,937,26.042944,26,4.8226819,3.85969996,0.0158350021,0.00583500275,0.00209908094,-0.000254786777,0.0102547863,5.1656146,6,2.5,7.14044523,1,1,0,115,0,26.8500538,0.706379652,66.0705338,0.402843595,11.7481394,3.85969996,581.887512,67.4512024,1.38960004,0.0250000004,50,1,0.119999997,0.550000012,0.0133333337
SL11_rand_35_r0,0,938,26.1541119,26,4.60255957,3.85969996,0.0160914361,0.00609143637,0.000572612276,0.000309781812,0.00969021861,4.42245913,6,2.5,7.14044523,1,1,0,116,0,26.8500538,0.706379652,66.0705338,0.402843595,11.7481394,3.85969996,581.887512,67.4512024,1.38960004,0.0250000004,50,1,0.119999997,0.550000012,0.0133333337
SL11_rand_35_r0,0,939,26.2652798,26,4.85011339,3.85969996,0.016409291,0.00640929025,0.00181215769,-0.000466736557,0.0104667367,5.0526576,6,2.5,7.14044523,1,1,0,117,0,26.8500538,0.706379652,66.0705338,0.402843595,11.7481394,3.85969996,581.887512,67.4512024,1.38960004,0.0250000004,50,1,0.119999997,0.550000012,0.0133333337
SL11_rand_35_r0,0,940,26.3764477,26,5.15822268,3.85969996,0.0167426243,0.00674262363,0.00161916472,-0.00150856271,0.0115085626,5.4103117,6,2.5,7.14044523,1,1,0,118,0,26.8500538,0.706379652,66.0705338,0.402843595,11.7481394,3.85969996,581.887512,67.4512024,1.38960004,0.0250000004,50,1,0.119999997,0.550000012,0.0133333337
SL11_rand_35_r0,0,941,26.4876156,26,4.94753361,3.85969996,0.0170759577,0.00707595702,0.00124542194,-0.000524673786,0.0105246734,4.77515221,6,2.5,7.14044523,1,1,0,119,0,26.8500538,0.706379652,66.0705338,0.402843595,11.7481394,3.85969996,581.887512,67.4512024,1.38960004,0.0250000004,50,1,0.119999997,0.550000012,0.0133333337
SL11_rand_35_r0,0,942,26.5987835,26,4.67101717,3.85969996,0.0173568781,0.00735687837,0.00151213375,4.30914915e-05,0.00995690841,4.44477654,6,2.5,7.14044523,1,1,0,120,0,26.8500538,0.706379652,66.0705338,0.402843595,11.7481394,3.85969996,581.887512,67.4512024,1.38960004,0.0250000004,50,1,0.119999997,0.550000012,0.0133333337
SL11_rand_35_r0,0,943,26.7099514,26,4.68532801,3.85969996,0.0176330395,0.00763303973,0.0011202317,-2.59006993e-05,0.0100259008,4.69703674,6,2.5,7.14044523,1,1,0,121,0,26.8500538,0.706379652,66.0705338,0.402843595,11.7481394,3.85969996,581.887512,67.4512024,1.38960004,0.0250000004,50,1,0.119999997,0.550000012,0.0133333337
SL11_rand_35_r0,0,944,26.8211193,26,4.55163908,3.85969996,0.0178712718,0.00787127204,0.000737796712,0.000445056794,0.00955494307,4.44225693,6,2.5,7.14044523,1,1,0,122,0,26.8500538,0.706379652,66.0705338,0.402843595,11.7481394,3.85969996,581.887512,67.4512024,1.38960004,0.0250000004,50,1,0.119999997,0.550000012,0.0133333337
SL11_rand_35_r0,0,945,26.9322872,26,4.55983925,3.85969996,0.0181054603,0.00810546055,0.000621725747,0.000495256856,0.00950474292,4.56654835,6,2.5,7.14044523,1,1,0,123,0,26.8500538,0.706379652,66.0705338,0.402843595,11.7481394,3.85969996,581.887512,67.4512024,1.38960004,0.0250000004,50,1,0.119999997,0.550000012,0.0133333337
SL11_rand_35_r0,0,946,27.0434551,27,4.52490044,3.85969996,0.0183292702,0.00832926948,0.00174255716,0.000644081389,0.0093559185,4.49631453,6,2.5,7.14044523,1,1,0,124,0,13.1564102,6.27566671,76.1333466,0.436018944,6.36549568,3.85969996,581.887512,67.4512024,1.38960004,0.0250000004,50,1,0.119999997,0.550000012,0.0133333337
SL11_rand_35_r0,1,1376,0.0133333337,0,0,3.85969996,0.0676666647,0.0576666668,0.0430142507,0.0428779684,0,0,6,2.5,7.14044523,0,0,0,0,0,26.2745533,4.28917789,51.839138,0.497630328,35.5762978,3.85969996,581.887512,67.4512024,1.38960004,0.0250000004,50,1,0.119999997,0.550000012,0.0133333337
SL11_rand_35_r0,1,1377,0.0266666673,0,0.741963208,3.85969996,0.0673333332,0.0573333316,0.0432747267,0.0431682132,0,1.34902406,6,2.5,7.14044523,0,0,0,0,0,26.2745533,4.28917789,51.839138,0.497630328,35.5762978,3.85969996,581.887512,67.4512024,1.38960004,0.0250000004,50,1,0.119999997,0.550000012,0.0133333337
SL11_rand_35_r0,1,1378,0.0399999991,0,1.07584667,3.85969996,0.0670000017,0.057,0.0435725562,0.0434946492,0,1.34902406,6,2.5,7.14044523,0,0,0,0,0,26.2745533,4.28917789,51.839138,0.497630328,35.5762978,3.85969996,581.887512,67.4512024,1.38960004,0.0250000004,50,1,0.119999997,0.550000012,0.0133333337
SL11_rand_35_r0,1,1379,0.0533333346,0,1.22609425,3.85969996,0.0666666701,0.0566666685,0.0443033874,0.0440719686,0,1.34902406,6,2.5,7.14044523,0,0,0,0,0,26.2745533,4.28917789,51.839138,0.497630328,35.5762978,3.85969996,581.887512,67.4512024,1.38960004,0.0250000004,50,1,0.119999997,0.550000012,0.0133333337
SL11_rand_35_r0,1,1380,0.0666666701,0,1.29370558,3.85969996,0.0663333312,0.0563333333,0.0445259959,0.0444764793,0,1.34902406,6,2.5,7.14044523,0,0,0,0,0,26.2745533,4.28917789,51.839138,0.497630328,35.5762978,3.85969996,581.887512,67.4512024,1.38960004,0.0250000004,50,1,0.119999997,0.550000012,0.0133333337
SL11_rand_35_r0,1,1381,0.0799999982,0,1.32413065,3.85969996,0.0659999996,0.0560000017,0.0450787656,0.0449525416,0,1.34902406,6,2.5,7.14044523,0,0,0,0,0,26.2745533,4.28917789,51.839138,0.497630328,35.5762978,3.85969996,581.887512,67.4512024,1.38960004,0.0250000004,50,1,0.119999997,0.550000012,0.0133333337
SL11_rand_35_r0,1,1382,0.0933333337,0,1.33782208,3.85969996,0.0656666681,0.0556666665,0.0453747213,0.0453085899,0,1.34902406,6,2.5,7.14044523,0,0,0,0,0,26.2745533,4.28917789,51.839138,0.497630328,35.5762978,3.85969996,581.887512,67.4512024,1.38960004,0.0250000004,50,1,0.119999997,0.550000012,0.0133333337
SL11_rand_35_r0,1,1383,0.106666669,0,1.34398305,3.85969996,0.0653333366,0.055333335,0.0458421409,0.0444603227,0,1.34902406,6,2.5,7.14044523,0,0,0,0,0,26.2745533,4.28917789,51.839138,0.497630328,35.5762978,3.85969996,581.887512,67.4512024,1.38960004,0.0250000004,50,1,0.119999997,0.550000012,0.0133333337
SL11_rand_35_r0,1,1384,0.119999997,0,1.34675562,3.85969996,0.0649999976,0.0549999997,0.0460977219,0.0447280258,0,1.34902406,6,2.5,7.14044523,0,0,0,0,0,26.2745533,4.28917789,51.839138,0.497630328,35.5762978,3.85969996,581.887512,67.4512024,1.38960004,0.0250000004,50,1,0.119999997,0.550000012,0.0133333337
SL11_rand_35_r0,1,1385,0.13333334,0,1.34800327,3.85969996,0.0646666661,0.0546666682,0.046239648,0.0451002605,0,1.34902406,6,2.5,7.14044523,0,0,0,0,0,26.2745533,4.28917789,51.839138,0.497630328,35.5762978,3.85969996,581.887512,67.4512024,1.38960004,0.0250000004,50,1,0.119999997,0.550000012,0.0133333337
SL11_rand_35_r0,1,1386,0.146666661,0,1.34856462,3.85969996,0.0643333346,0.0543333329,0.0465649702,0.0453506969,0,1.34902406,6,2.5,7.14044523,0,0,0,0,0,26.2745533,4.28917789,51.839138,0.497630328,35.5762978,3.85969996,581.887512,67.4512024,1.38960004,0.0250000004,50,1,0.119999997,0.550000012,0.0133333337
SL11_rand_35_r0,1,1387,0.159999996,0,1.34881735,3.85969996,0.064000003,0.0540000014,0.0465562567,0.0456348136,0,1.34902406,6,2.5,7.14044523,0,0,0,0,0,26.2745533,4.28917789,51.839138,0.497630328,35.5762978,3.85969996,581.887512,67.4512024,1.38960004,0.0250000004,50,1,0.119999997,0.550000012,0.0133333337
SL11_rand_35_r0,1,1388,0.173333332,0,1.34893095,3.85969996,0.0636666641,0.0536666662,0.046990715,0.0458628386,0,1.34902406,6,2.5,7.14044523,0,0,0,0,0,26.2745533,4.28917789,51.839138,0.497630328,35.5762978,3.85969996,581.887512,67.4512024,1.38960004,0.0250000004,50,1,0.119999997,0.550000012,0.0133333337
SL11_rand_35_r0,1,1389,0.186666667,0,1.3489821,3.85969996,0.0633333325,0.0533333346,0.0467933044,0.0460697748,0,1.34902406,6,2.5,7.14044523,0,0,0,0,0,26.2745533,4.28917789,51.839138,0.497630328,35.5762978,3.85969996,581.887512,67.4512024,1.38960004,0.0250000004,50,1,0.119999997,0.550000012,0.0133333337
SL11_rand_35_r0,1,1390,0.200000003,0,1.34900522,3.85969996,0.063000001,0.0529999994,0.047378581,0.0462722145,0,1.34902406,6,2.5,7.14044523,0,0,0,0,0,26.2745533,4.28917789,51.839138,0.497630328,35.5762978,3.85969996,581.887512,67.4512024,1.38960004,0.0250000004,50,1,0.119999997,0.550000012,0.0133333337
SL11_rand_35_r0,1,1391,0.213333338,0,1.34901547,3.85969996,0.0626666695,0.0526666678,0.0469570011,0.0464103073,0,1.34902406,6,2.5,7.14044523,0,0,0,0,0,26.2745533,4.28917789,51.839138,0.497630328,35.5762978,3.85969996,581.887512,67.4512024,1.38960004,0.0250000004,50,1,0.119999997,0.550000012,0.0133333337
SL11_rand_35_r0,1,1392,0.226666674,0,1.34902024,3.85969996,0.0623333342,0.0523333326,0.0477349646,0.046580784,0,1.34902406,6,2.5,7.14044523,0,0,0,0,0,26.2745533,4.28917789,51.839138,0.497630328,35.5762978,3.85969996,581.887512,67.4512024,1.38960004,0.0250000004,50,1,0.119999997,0.550000012,0.0133333337
SL11_rand_35_r0,1,1393,0.239999995,0,1.34902227,3.85969996,0.061999999,0.0520000011,0.0470604636,0.0466631427,0,1.34902406,6,2.5,7.14044523,0,0,0,0,0,26.2745533,4.28917789,51.839138,0.497630328,35.5762978,3.85969996,581.887512,67.4512024,1.38960004,0.0250000004,50,1,0.119999997,0.550000012,0.0133333337
SL11_rand_35_r0,1,1394,0.25333333,0,1.34902322,3.85969996,0.0616666675,0.0516666658,0.0480707958,0.0468028747,0,1.34902406,6,2.5,7.14044523,0,0,0,0,0,26.2745533,4.28917789,51.839138,0.497630328,35.5762978,3.85969996,581.887512,67.4512024,1.38960004,0.0250000004,50,1,0.119999997,0.550000012,0.0133333337
SL11_rand_35_r0,1,1395,0.266666681,0,1.3490237,3.85969996,0.0613333322,0.0513333343,0.0471196175,0.0468388759,0,1.34902406,6,2.5,7.14044523,0,0,0,0,0,26.2745533,4.28917789,51.839138,0.497630328,35.5762978,3.85969996,581.887512,67.4512024,1.38960004,0.0250000004,50,1,0.119999997,0.550000012,0.0133333337
SL11_rand_35_r0,1,1396,0.280000001,0,1.34902382,3.85969996,0.0610000007,0.050999999,0.0483105518,0.0468833223,0,1.34902406,6,2.5,7.14044523,0,0,0,0,0,26.2745533,4.28917789,51.839138,0.497630328,35.5762978,3.85969996,581.887512,67.4512024,1.38960004,0.0250000004,50,1,0.119999997,0.550000012,0.0133333337
SL11_rand_35_r0,1,1397,0.293333322,0,1.34902394,3.85969996,0.0606666654,0.0506666675,0.0471561626,0.0469438732,0,1.34902406,6,2.5,7.14044523,0,0,0,0,0,26.2745533,4.28917789,51.839138,0.497630328,35.5762978,3.85969996,581.887512,67.4512024,1.38960004,0.0250000004,50,1,0.119999997,0.550000012,0.0133333337
SL11_rand_35_r0,1,1398,0.306666672,0,1.34902394,3.85969996,0.0603333339,0.0503333323,0.0480017364,0.0469484739,0,1.34902406,6,2.5,7.14044523,0,0,0,0,0,26.2745533,4.28917789,51.839138,0.497630328,35.5762978,3.85969996,581.887512,67.4512024,1.38960004,0.0250000004,50,1,0.119999997,0.550000012,0.0133333337
SL11_rand_35_r0,1,1399,0.319999993,0,1.34902394,3.85969996,0.0599999987,0.0500000007,0.0471900031,0.0469883941,0,1.34902406,6,2.5,7.14044523,0,0,0,0,0,26.2745533,4.28917789,51.839138,0.497630328,35.5762978,3.85969996,581.887512,67.4512024,1.38960004,0.0250000004,50,1,0.119999997,0.550000012,0.0133333337
SL11_rand_35_r0,1,1400,0.333333343,0,1.34902394,3.85969996,0.0596666671,0.0496666655,0.0476731509,0.0469447747,0,1.34902406,6,2.5,7.14044523,0,0,0,0,0,26.2745533,4.28917789,51.839138,0.497630328,35.5762978,3.85969996,581.887512,67.4512024,1.38960004,0.0250000004,50,1,0.119999997,0.550000012,0.0133333337
SL11_rand_35_r0,1,1401,0.346666664,0,1.34902394,3.85969996,0.0593333319,0.049333334,0.0472356081,0.0469800718,0,1.34902406,6,2.5,7.14044523,0,0,0,0,0,26.2745533,4.28917789,51.839138,0.497630328,35.5762978,3.85969996,581.887512,67.4512024,1.38960004,0.0250000004,50,1,0.119999997,0.550000012,0.0133333337
SL11_rand_35_r0,1,1402,0.360000014,0,1.34902406,3.85969996,0.0590000004,0.0489999987,0.0473420098,0.0468963347,0,1.34902406,6,2.5,7.14044523,0,0,0,0,0,26.2745533,4.28917789,51.839138,0.497630328,35.5762978,3.85969996,581.887512,67.4512024,1.38960004,0.0250000004,50,1,0.119999997,0.550000012,0.0133333337
SL11_rand_35_r0,1,1403,0.373333335,0,1.34902406,3.85969996,0.0586666651,0.0486666672,0.0473086946,0.0469240211,0,1.34902406,6,2.5,7.14044523,0,0,0,0,0,26.2745533,4.28917789,51.839138,0.497630328,35.5762978,3.85969996,581.887512,67.4512024,1.38960004,0.0250000004,50,1,0.119999997,0.550000012,0.0133333337
SL11_rand_35_r0,1,1404,0.386666656,0,1.34902406,3.85969996,0.0583333336,0.0483333319,0.0470302254,0.0468084514,0,1.34902406,6,2.5,7.14044523,0,0,0,0,0,26.2745533,4.28917789,51.839138,0.497630328,35.5762978,3.85969996,581.887512,67.4512024,1.38960004,0.0250000004,50,1,0.119999997,0.550000012,0.0133333337
SL11_rand_35_r0,1,1405,0.400000006,0,1.34902406,3.85969996,0.0579999983,0.0480000004,0.0474265777,0.0468271114,0,1.34902406,6,2.5,7.14044523,0,0,0,0,0,26.2745533,4.28917789,51.839138,0.497630328,35.5762978,3.85969996,581.887512,67.4512024,1.38960004,0.0250000004,50,1,0.119999997,0.550000012,0.0133333337
SL11_rand_35_r0,1,1406,0.413333327,0,1.34902406,3.85969996,0.0576666668,0.0476666652,0.0467557721,0.0466825664,0,1.34902406,6,2.5,7.14044523,0,0,0,0,0,26.2745533,4.28917789,51.839138,0.497630328,35.5762978,3.85969996,581.887512,67.4512024,1.38960004,0.0250000004,50,1,0.119999997,0.550000012,0.0133333337
SL11_rand_35_r0,1,1407,0.426666677,0,1.34902406,3.85969996,0.0573333316,0.0473333336,0.0475983135,0.0466902144,0,1.34902406,6,2.5,7.14044523,0,0,0,0,0,26.2745533,4.28917789,51.839138,0.497630328,35.5762978,3.85969996,581.887512,67.4512024,1.38960004,0.0250000004,50,1,0.119999997,0.550000012,0.0133333337
SL11_rand_35_r0,1,1408,0.439999998,0,1.34902406,3.85969996,0.057,0.0469999984,0.0465330184,0.0465268344,0,1.34902406,6,2.5,7.14044523,0,0,0,0,0,26.2745533,4.28917789,51.839138,0.497630328,35.5762978,3.85969996,581.887512,67.4512024,1.38960004,0.0250000004,50,1,0.119999997,0.550000012,0.0133333337
SL11_rand_35_r0,1,1409,0.453333348,0,1.34902406,3.85969996,0.0566666685,0.0466666669,0.0473452732,0.0463966839,0,1.34902406,6,2.5,7.14044523,0,0,0,0,0,26.2745533,4.28917789,51.839138,0.497630328,35.5762978,3.85969996,581.887512,67.4512024,1.38960004,0.0250000004,50,1,0.119999997,0.550000012,0.0133333337
SL11_rand_35_r0,1,1410,0.466666669,0,1.34902406,3.85969996,0.0563333333,0.0463333316,0.0463846065,0.0463463143,0,1.34902406,6,2.5,7.14044523,0,0,0,0,0,26.2745533,4.28917789,51.839138,0.497630328,35.5762978,3.85969996,581.887512,67.4512024,1.38960004,0.0250000004,50,1,0.119999997,0.550000012,0.0133333337
SL11_rand_35_r0,1,1411,0.479999989,0,1.34902406,3.85969996,0.0560000017,0.0460000001,0.0467811525,0.0462074615,0,1.34902406,6,2.5,7.14044523,0,0,0,0,0,26.2745533,4.28917789,51.839138,0.497630328,35.5762978,3.85969996,581.887512,67.4512024,1.38960004,0.0250000004,50,1,0.119999997,0.550000012,0.0133333337
SL11_rand_35_r0,1,1412,0.49333334,0,1.34902406,3.85969996,0.0556666665,0.0456666648,0.0463261567,0.0461497791,0,1.34902406,6,2.5,7.14044523,0,0,0,0,0,26.2745533,4.28917789,51.839138,0.497630328,35.5762978,3.85969996,581.887512,67.4512024,1.38960004,0.0250000004,50,1,0.119999997,0.550000012,0.0133333337
SL11_rand_35_r0,1,1413,0.50666666,0,1.34902406,3.85969996,0.055333335,0.0453333333,0.0462965667,0.0459972546,0,1.34902406,6,2.5,7.14044523,0,0,0,0,0,26.2745533,4.28917789,51.839138,0.497630328,35.5762978,3.85969996,581.887512,67.4512024,1.38960004,0.0250000004,50,1,0.119999997,0.550000012,0.0133333337
SL11_rand_35_r0,1,1414,0.519999981,0,1.34902406,3.85969996,0.0549999997,0.0450000018,0.0463528037,0.0459253155,0,1.34902406,6,2.5,7.14044523,0,0,0,0,0,26.2745533,4.28917789,51.839138,0.497630328,35.5762978,3.85969996,581.887512,67.4512024,1.38960004,0.0250000004,50,1,0.119999997,0.550000012,0.0133333337
SL11_rand_35_r0,1,1415,0.533333361,0,1.34902406,3.85969996,0.0546666682,0.0446666665,0.0458907485,0.0457611121,0,1.34902406,6,2.5,7.14044523,0,0,0,0,0,26.2745533,4.28917789,51.839138,0.497630328,35.5762978,3.85969996,581.887512,67.4512024,1.38960004,0.0250000004,50,1,0.119999997,0.550000012,0.0133333337
SL11_rand_35_r0,1,1416,0.546666682,0,1.34902406,3.85969996,0.0543333329,0.044333335,0.0464609563,0.0456654578,0,1.34902406,6,2.5,7.14044523,0,0,0,0,0,26.2745533,4.28917789,51.839138,0.497630328,35.5762978,3.85969996,581.887512,67.4512024,1.38960004,0.0250000004,50,1,0.119999997,0.550000012,0.0133333337
SL11_rand_35_r0,1,1417,0.560000002,0,1.34902406,3.85969996,0.0540000014,0.0439999998,0.0455659181,0.0454865023,0,1.34902406,6,2.5,7.14044523,0,0,0,0,0,26.2745533,4.28917789,51.839138,0.497630328,35.5762978,3.85969996,581.887512,67.4512024,1.38960004,0.0250000004,50,1,0.119999997,0.550000012,0.0133333337
SL11_rand_35_r0,1,1418,0.573333323,0,1.34902406,3.85969996,0.0536666662,0.0436666682,0.0464320704,0.0453475975,0,1.34902406,6,2.5,7.14044523,0,0,0,0,0,26.2745533,4.28917789,51.839138,0.497630328,35.5762978,3.85969996,581.887512,67.4512024,1.38960004,0.0250000004,50,1,0.119999997,0.550000012,0.0133333337
SL11_rand_35_r0,1,1419,0.586666644,0,1.34902406,3.85969996,0.0533333346,0.043333333,0.0453254245,0.0451788306,0,1.34902406,6,2.5,7.14044523,0,0,0,0,0,26.2745533,4.28917789,51.839138,0.497630328,35.5762978,3.85969996,581.887512,67.4512024,1.38960004,0.0250000004,50,1,0.119999997,0.550000012,0.0133333337
SL11_rand_35_r0,1,1420,0.600000024,0,1.34902406,3.85969996,0.0529999994,0.0430000015,0.0457440577,0.0450106487,0,1.34902406,6,2.5,7.14044523,0,0,0,0,0,26.2745533,4.28917789,51.839138,0.497630328,35.5762978,3.85969996,581.887512,67.4512024,1.38960004,0.0250000004,50,1,0.119999997,0.550000012,0.0133333337
SL11_rand_35_r0,1,1421,0.613333344,0,1.34902406,3.85969996,0.0526666678,0.0426666662,0.0451720618,0.0448397957,0,1.34902406,6,2.5,7.14044523,0,0,0,0,0,26.2745533,4.28917789,51.839138,0.497630328,35.5762978,3.85969996,581.887512,67.4512024,1.38960004,0.0250000004,50,1,0.119999997,0.550000012,0.0133333337
SL11_rand_35_r0,1,1422,0.626666665,0,1.34902406,3.85969996,0.0523333326,0.0423333347,0.0451401956,0.0446408093,0,1.34902406,6,2.5,7.14044523,0,0,0,0,0,26.2745533,4.28917789,51.839138,0.497630328,35.5762978,3.85969996,581.887512,67.4512024,1.38960004,0.0250000004,50,1,0.119999997,0.550000012,0.0133333337
SL11_rand_35_r0,1,1423,0.639999986,0,1.34902406,3.85969996,0.0520000011,0.0419999994,0.0451116897,0.0444783494,0,1.34902406,6,2.5,7.14044523,0,0,0,0,0,26.2745533,4.28917789,51.839138,0.497630328,35.5762978,3.85969996,581.887512,67.4512024,1.38960004,0.0250000004,50,1,0.119999997,0.550000012,0.0133333337
SL11_rand_35_r0,1,1424,0.653333306,0,1.34902406,3.85969996,0.0516666658,0.0416666679,0.0446305834,0.0442494601,0,1.34902406,6,2.5,7.14044523,0,0,0,0,0,26.2745533,4.28917789,51.839138,0.497630328,35.5762978,3.85969996,581.887512,67.4512024,1.38960004,0.0250000004,50,1,0.119999997,0.550000012,0.0133333337
SL11_rand_35_r0,1,1425,0.666666687,0,1.34902406,3.85969996,0.0513333343,0.0413333327,0.0451480635,0.0440970175,0,1.34902406,6,2.5,7.14044523,0,0,0,0,0,26.2745533,4.28917789,51.839138,0.497630328,35.5762978,3.85969996,581.887512,67.4512024,1.38960004,0.0250000004,50,1,0.119999997,0.550000012,0.0133333337
SL11_rand_35_r0,1,1426,0.680000007,0,1.34902406,3.85969996,0.050999999,0.0410000011,0.0442223139,0.0438402221,0,1.34902406,6,2.5,7.14044523,0,0,0,0,0,26.2745533,4.28917789,51.839138,0.497630328,35.5762978,3.85969996,581.887512,67.4512024,1.38960004,0.0250000004,50,1,0.119999997,0.550000012,0.0133333337
SL11_rand_35_r0,1,1427,0.693333328,0,1.34902406,3.85969996,0.0506666675,0.0406666659,0.0449781455,0.0436298177,0,1.34902406,6,2.5,7.14044523,0,0,0,0,0,26.2745533,4.28917789,51.839138,0.497630328,35.5762978,3.85969996,581.887512,67.4512024,1.38960004,0.0250000004,50,1,0.119999997,0.550000012,0.0133333337
SL11_rand_35_r0,1,1428,0.706666648,0,1.34902406,3.85969996,0.0503333323,0.0403333344,0.0439206064,0.0434140451,0,1.34902406,6,2.5,7.14044523,0,0,0,0,0,26.2745533,4.28917789,51.839138,0.497630328,35.5762978,3.85969996,581.887512,67.4512024,1.38960004,0.0250000004,50,1,0.119999997,0.550000012,0.0133333337
SL11_rand_35_r0,1,1429,0.720000029,0,1.34902406,3.85969996,0.0500000007,0.0399999991,0.0442254469,0.0431745201,0,1.34902406,6,2.5,7.14044523,0,0,0,0,0,26.2745533,4.28917789,51.839138,0.497630328,35.5762978,3.85969996,581.887512,67.4512024,1.38960004,0.0250000004,50,1,0.119999997,0.550000012,0.0133333337
SL11_rand_35_r0,1,1430,0.733333349,0,1.34902406,3.85969996,0.0496666655,0.0396666676,0.0435735807,0.0434074104,0,1.34902406,6,2.5,7.14044523,0,0,0,0,0,26.2745533,4.28917789,51.839138,0.497630328,35.5762978,3.85969996,581.887512,67.4512024,1.38960004,0.0250000004,50,1,0.119999997,0.550000012,0.0133333337
SL11_rand_35_r0,1,1431,0.74666667,0,1.34902406,3.85969996,0.049333334,0.0393333323,0.043583706,0.0427030176,0,1.34902406,6,2.5,7.14044523,0,0,0,0,0,26.2745533,4.28917789,51.839138,0.497630328,35.5762978,3.85969996,581.887512,67.4512024,1.38960004,0.0250000004,50,1,0.119999997,0.550000012,0.0133333337
SL11_rand_35_r0,1,1432,0.75999999,0,1.34902406,3.85969996,0.0489999987,0.0390000008,0.0433507077,0.0429765731,0,1.34902406,6,2.5,7.14044523,0,0,0,0,0,26.2745533,4.28917789,51.839138,0.497630328,35.5762978,3.85969996,581.887512,67.4512024,1.38960004,0.0250000004,50,1,0.119999997,0.550000012,0.0133333337
SL11_rand_35_r0,1,1433,0.773333311,0,1.34902406,3.85969996,0.0486666672,0.0386666656,0.042865742,0.0426905043,0,1.34902406,6,2.5,7.14044523,0,0,0,0,0,26.2745533,4.28917789,51.839138,0.497630328,35.5762978,3.85969996,581.887512,67.4512024,1.38960004,0.0250000004,50,1,0.119999997,0.550000012,0.0133333337
SL11_rand_35_r0,1,1434,0.786666691,0,1.34902406,3.85969996,0.0483333319,0.038333334,0.0432626233,0.0425406098,0,1.34902406,6,2.5,7.14044523,0,0,0,0,0,26.2745533,4.28917789,51.839138,0.497630328,35.5762978,3.85969996,581.887512,67.4512024,1.38960004,0.0250000004,50,1,0.119999997,0.550000012,0.0133333337
SL11_rand_35_r0,1,1435,0.800000012,0,1.34902406,3.85969996,0.0480000004,0.0379999988,0.0422418937,0.0422202311,0,1.34902406,6,2.5,7.14044523,0,0,0,0,0,26.2745533,4.28917789,51.839138,0.497630328,35.5762978,3.85969996,581.887512,67.4512024,1.38960004,0.0250000004,50,1,0.119999997,0.550000012,0.0133333337
SL11_rand_35_r0,1,1436,0.813333333,0,1.34902406,3.85969996,0.0476666652,0.0376666673,0.0429213308,0.0416294523,0,1.34902406,6,2.5,7.14044523,0,0,0,0,0,26.2745533,4.28917789,51.839138,0.497630328,35.5762978,3.85969996,581.887512,67.4512024,1.38960004,0.0250000004,50,1,0.119999997,0.550000012,0.0133333337
SL11_rand_35_r0,1,1437,0.826666653,0,1.34902406,3.85969996,0.0473333336,0.037333332,0.041764129,0.0417491198,0,1.34902406,6,2.5,7.14044523,0,0,0,0,0,26.2745533,4.28917789,51.839138,0.497630328,35.5762978,3.85969996,581.887512,67.4512024,1.38960004,0.0250000004,50,1,0.119999997,0.550000012,0.0133333337
SL11_rand_35_r0,1,1438,0.839999974,0,1.34902406,3.85969996,0.0469999984,0.0370000005,0.0421915017,0.0414474867,0,1.34902406,6,2.5,7.14044523,0,0,0,0,0,26.2745533,4.28917789,51.839138,0.497630328,35.5762978,3.85969996,581.887512,67.4512024,1.38960004,0.0250000004,50,1,0.119999997,0.550000012,0.0133333337
SL11_rand_35_r0,1,1439,0.853333354,0,1.34902406,3.85969996,0.0466666669,0.0366666652,0.0414412022,0.0412761569,0,1.34902406,6,2.5,7.14044523,0,0,0,0,0,26.2745533,4.28917789,51.839138,0.497630328,35.5762978,3.85969996,581.887512,67.4512024,1.38960004,0.0250000004,50,1,0.119999997,0.550000012,0.0133333337
SL11_rand_35_r0,1,1440,0.866666675,0,1.34902406,3.85969996,0.0463333316,0.0363333337,0.0413297601,0.0409633927,0,1.34902406,6,2.5,7.14044523,0,0,0,0,0,26.2745533,4.28917789,51.839138,0.497630328,35.5762978,3.85969996,581.887512,67.4512024,1.38960004,0.0250000004,50,1,0.119999997,0.550000012,0.0133333337
SL11_rand_35_r0,1,1441,0.879999995,0,1.34902406,3.85969996,0.0460000001,0.0359999985,0.0411800258,0.0409574397,0,1.34902406,6,2.5,7.14044523,0,0,0,0,0,26.2745533,4.28917789,51.839138,0.497630328,35.5762978,3.85969996,581.887512,67.4512024,1.38960004,0.0250000004,50,1,0.119999997,0.550000012,0.0133333337
SL11_rand_35_r0,1,1442,0.893333316,0,1.34902406,3.85969996,0.0456666648,0.0356666669,0.0406174958,0.0404608026,0,1.34902406,6,2.5,7.14044523,0,0,0,0,0,26.2745533,4.28917789,51.839138,0.497630328,35.5762978,3.85969996,581.887512,67.4512024,1.38960004,0.0250000004,50,1,0.119999997,0.550000012,0.0133333337
SL11_rand_35_r0,1,1443,0.906666696,0,1.34902406,3.85969996,0.0453333333,0.0353333317,0.040512383,0.0403053612,0,1.34902406,6,2.5,7.14044523,0,0,0,0,0,26.2745533,4.28917789,51.839138,0.497630328,35.5762978,3.85969996,581.887512,67.4512024,1.38960004,0.0250000004,50,1,0.119999997,0.550000012,0.0133333337
SL11_rand_35_r0,1,1444,0.920000017,0,1.34902406,3.85969996,0.0450000018,0.0350000001,0.0400322154,0.0399649143,0,1.34902406,6,2.5,7.14044523,0,0,0,0,0,26.2745533,4.28917789,51.839138,0.497630328,35.5762978,3.85969996,581.887512,67.4512024,1.38960004,0.0250000004,50,1,0.119999997,0.550000012,0.0133333337
SL11_rand_35_r0,1,1445,0.933333337,0,1.34902406,3.85969996,0.0446666665,0.0346666649,0.0398503579,0.0396638773,0,1.34902406,6,2.5,7.14044523,0,0,0,0,0,26.2745533,4.28917789,51.839138,0.497630328,35.5762978,3.85969996,581.887512,67.4512024,1.38960004,0.0250000004,50,1,0.119999997,0.550000012,0.0133333337
SL11_rand_35_r0,1,1446,0.946666658,0,1.34902406,3.85969996,0.044333335,0.0343333334,0.0395234525,0.0393482335,0,1.34902406,6,2.5,7.14044523,0,0,0,0,0,26.2745533,4.28917789,51.839138,0.497630328,35.5762978,3.85969996,581.887512,67.4512024,1.38960004,0.0250000004,50,1,0.119999997,0.550000012,0.0133333337
SL11_rand_35_r0,1,1447,0.959999979,0,1.34902406,3.85969996,0.0439999998,0.0340000018,0.0392000712,0.0390359238,0,1.34902406,6,2.5,7.14044523,0,0,0,0,0,26.2745533,4.28917789,51.839138,0.497630328,35.5762978,3.85969996,581.887512,67.4512024,1.38960004,0.0250000004,50,1,0.119999997,0.550000012,0.0133333337
SL11_rand_35_r0,1,1448,0.973333359,0,1.34902406,3.85969996,0.0436666682,0.0336666666,0.0388805903,0.0387269594,0,1.34902406,6,2.5,7.14044523,0,0,0,0,0,26.2745533,4.28917789,51.839138,0.497630328,35.5762978,3.85969996,581.887512,67.4512024,1.38960004,0.0250000004,50,1,0.119999997,0.550000012,0.0133333337
SL11_rand_35_r0,1,1449,0.986666679,0,1.34902406,3.85969996,0.043333333,0.0333333351,0.0385664292,0.0384217426,0,1.34902406,6,2.5,7.14044523,0,0,0,0,0,26.2745533,4.28917789,51.839138,0.497630328,35.5762978,3.85969996,581.887512,67.4512024,1.38960004,0.0250000004,50,1,0.119999997,0.550000012,0.0133333337
SL11_rand_35_r0,1,1450,1,0,1.34902406,3.85969996,0.0430000015,0.0329999998,0.0382567607,0.0381193422,0,1.34902406,6,2.5,7.14044523,0,0,0,0,0,26.2745533,4.28917789,51.839138,0.497630328,35.5762978,3.85969996,581.887512,67.4512024,1.38960004,0.0250000004,50,1,0.119999997,0.550000012,0.0133333337
SL11_rand_35_r0,1,1451,1.01333332,1,1.34902406,3.85969996,0.0426666662,0.0326666683,0.0379520953,0.0378197469,0,1.34902406,6,2.5,7.14044523,0,0,0,0,0,11.1349678,2.88416147,86.8536835,0.654028416,2.16223836,3.85969996,581.887512,67.4512024,1.38960004,0.0250000004,50,1,0.119999997,0.550000012,0.0133333337
SL11_rand_35_r0,1,1452,1.02666664,1,1.34902406,3.85969996,0.0423333347,0.032333333,0.0376621298,0.0375327058,0,1.34902406,6,2.5,7.14044523,0,0,0,0,0,11.1349678,2.88416147,86.8536835,0.654028416,2.16223836,3.85969996,581.887512,67.4512024,1.38960004,0.0250000004,50,1,0.119999997,0.550000012,0.0133333337
SL11_rand_35_r0,1,1453,1.03999996,1,1.34902406,3.85969996,0.0419999994,0.0320000015,0.0373703837,0.0372421443,0,1.34902406,6,2.5,7.14044523,0,0,0,0,0,11.1349678,2.88416147,86.8536835,0.654028416,2.16223836,3.85969996,581.887512,67.4512024,1.38960004,0.0250000004,50,1,0.119999997,0.550000012,0.0133333337
SL11_rand_35_r0,1,1454,1.05333328,1,1.34902406,3.85969996,0.0416666679,0.0316666663,0.0370743908,0.0369453318,0,1.34902406,6,2.5,7.14044523,0,0,0,0,0,11.1349678,2.88416147,86.8536835,0.654028416,2.16223836,3.85969996,581.887512,67.4512024,1.38960004,0.0250000004,50,1,0.119999997,0.550000012,0.0133333337
SL11_rand_35_r0,1,1455,1.06666672,1,1.34902406,3.85969996,0.0413333327,0.0313333347,0.0367747545,0.0366428383,0,1.34902406,6,2.5,7.14044523,0,0,0,0,0,11.1349678,2.88416147,86.8536835,0.654028416,2.16223836,3.85969996,581.887512,67.4512024,1.38960004,0.0250000004,50,1,0.119999997,0.550000012,0.0133333337
SL11_rand_35_r0,1,1456,1.08000004,1,1.34902406,3.85969996,0.0410000011,0.0309999995,0.0364712924,0.036334306,0,1.34902406,6,2.5,7.14044523,0,0,0,0,0,11.1349678,2.88416147,86.8536835,0.654028416,2.16223836,3.85969996,581.887512,67.4512024,1.38960004,0.0250000004,50,1,0.119999997,0.550000012,0.0133333337
SL11_rand_35_r0,1,1457,1.09333336,1,1.34902406,3.85969996,0.0406666659,0.0306666661,0.0361657105,0.0360215455,0,1.34902406,6,2.5,7.14044523,0,0,0,0,0,11.1349678,2.88416147,86.8536835,0.654028416,2.16223836,3.85969996,581.887512,67.4512024,1.38960004,0.0250000004,50,1,0.119999997,0.550000012,0.0133333337
SL11_rand_35_r0,1,1458,1.10666668,1,1.34902406,3.85969996,0.0403333344,0.0303333327,0.0358573236,0.0357022844,0,1.34902406,6,2.5,7.14044523,0,0,0,0,0,11.1349678,2.88416147,86.8536835,0.654028416,2.16223836,3.85969996,581.887512,67.4512024,1.38960004,0.0250000004,50,1,0.119999997,0.550000012,0.0133333337
SL11_rand_35_r0,1,1459,1.12,1,1.34902406,3.85969996,0.0399999991,0.0299999993,0.0355476215,0.0353792496,0,1.34902406,6,2.5,7.14044523,0,0,0,0,0,11.1349678,2.88416147,86.8536835,0.654028416,2.16223836,3.85969996,581.887512,67.4512024,1.38960004,0.0250000004,50,1,0.119999997,0.550000012,0.0133333337
SL11_rand_35_r0,1,1460,1.13333333,1,1.34902406,3.85969996,0.0396666676,0.0296666659,0.0352368765,0.0350525938,0,1.34902406,6,2.5,7.14044523,0,0,0,0,0,11.1349678,2.88416147,86.8536835,0.654028416,2.16223836,3.85969996,581.887512,67.4512024,1.38960004,0.0250000004,50,1,0.119999997,0.550000012,0.0133333337
SL11_rand_35_r0,1,1461,1.14666665,1,1.34902406,3.85969996,0.0393333323,0.0293333326,0.0349249952,0.034722127,0,1.34902406,6,2.5,7.14044523,0,0,0,0,0,11.1349678,2.88416147,86.8536835,0.654028416,2.16223836,3.85969996,581.887512,67.4512024,1.38960004,0.0250000004,50,1,0.119999997,0.550000012,0.0133333337
SL11_rand_35_r0,1,1462,1.15999997,1,1.34902406,3.85969996,0.0390000008,0.0289999992,0.0346386731,0.0339398123,0,1.34902406,6,2.5,7.14044523,0,0,0,0,0,11.1349678,2.88416147,86.8536835,0.654028416,2.16223836,3.85969996,581.887512,67.4512024,1.38960004,0.0250000004,50,1,0.119999997,0.550000012,0.0133333337
SL11_rand_35_r0,1,1463,1.17333329,1,1.34902406,3.85969996,0.0386666656,0.0286666658,0.0341960192,0.0339009352,0,1.34902406,6,2.5,7.14044523,0,0,0,0,0,11.1349678,2.88416147,86.8536835,0.654028416,2.16223836,3.85969996,581.887512,67.4512024,1.38960004,0.0250000004,50,1,0.119999997,0.550000012,0.0133333337
SL11_rand_35_r0,1,1464,1.18666661,1,1.34902406,3.85969996,0.038333334,0.0283333343,0.0337925106,0.0332276635,0,1.34902406,6,2.5,7.14044523,0,0,0,0,0,11.1349678,2.88416147,86.8536835,0.654028416,2.16223836,3.85969996,581.887512,67.4512024,1.38960004,0.0250000004,50,1,0.119999997,0.550000012,0.0133333337
SL11_rand_35_r0,1,1465,1.20000005,1,1.34902406,3.85969996,0.0379999988,0.0280000009,0.0336010419,0.0333383344,0,1.34902406,6,2.5,7.14044523,0,0,0,0,0,11.1349678,2.88416147,86.8536835,0.654028416,2.16223836,3.85969996,581.887512,67.4512024,1.38960004,0.0250000004,50,1,0.119999997,0.550000012,0.0133333337
SL11_rand_35_r0,1,1466,1.21333337,1,1.34902406,3.85969996,0.0376666673,0.0276666675,0.0329834409,0.0325208008,0,1.34902406,6,2.5,7.14044523,0,0,0,0,0,11.1349678,2.88416147,86.8536835,0.654028416,2.16223836,3.85969996,581.887512,67.4512024,1.38960004,0.0250000004,50,1,0.119999997,0.550000012,0.0133333337
SL11_rand_35_r0,1,1467,1.22666669,1,1.34902406,3.85969996,0.037333332,0.0273333341,0.0331502818,0.0323280431,0,1.34902406,6,2.5,7.14044523,0,0,0,0,0,11.1349678,2.88416147,86.8536835,0.654028416,2.16223836,3.85969996,581.887512,67.4512024,1.38960004,0.0250000004,50,1,0.119999997,0.550000012,0.0133333337
SL11_rand_35_r0,1,1468,1.24000001,1,1.34902406,3.85969996,0.0370000005,0.0270000007,0.0322127156,0.0318196565,0,1.34902406,6,2.5,7.14044523,0,0,0,0,0,11.1349678,2.88416147,86.8536835,0.654028416,2.16223836,3.85969996,581.887512,67.4512024,1.38960004,0.0250000004,50,1,0.119999997,0.550000012,0.0133333337
SL11_rand_35_r0,1,1469,1.25333333,1,1.34902406,3.85969996,0.0366666652,0.0266666673,0.0323436782,0.031304121,0,1.34902406,6,2.5,7.14044523,0,0,0,0,0,11.1349678,2.88416147,86.8536835,0.654028416,2.16223836,3.85969996,581.887512,67.4512024,1.38960004,0.0250000004,50,1,0.119999997,0.550000012,0.0133333337
SL11_rand_35_r0,1,1470,1.26666665,1,1.34902406,3.85969996,0.0363333337,0.0263333339,0.031484697,0.0311278719,0,1.34902406,6,2.5,7.14044523,0,0,0,0,0,11.1349678,2.88416147,86.8536835,0.654028416,2.16223836,3.85969996,581.887512,67.4512024,1.38960004,0.0250000004,50,1,0.119999997,0.550000012,0.0133333337
SL11_rand_35_r0,1,1471,1.27999997,1,1.34902406,3.85969996,0.0359999985,0.0260000005,0.0314552747,0.0306228027,0,1.34902406,6,2.5,7.14044523,0,0,0,0,0,11.1349678,2.88416147,86.8536835,0.654028416,2.16223836,3.85969996,581.887512,67.4512024,1.38960004,0.0250000004,50,1,0.119999997,0.550000012,0.0133333337
SL11_rand_35_r0,1,1472,1.29333329,1,1.34902406,3.85969996,0.0356666669,0.0256666671,0.0308007114,0.0304463636,0,1.34902406,6,2.5,7.14044523,0,0,0,0,0,11.1349678,2.88416147,86.8536835,0.654028416,2.16223836,3.85969996,581.887512,67.4512024,1.38960004,0.0250000004,50,1,0.119999997,0.550000012,0.0133333337
SL11_rand_35_r0,1,1473,1.30666661,1,1.34902406,3.85969996,0.0353333317,0.0253333338,0.0306048393,0.0299400128,0,1.34902406,6,2.5,7.14044523,0,0,0,0,0,11.1349678,2.88416147,86.8536835,0.654028416,2.16223836,3.85969996,581.887512,67.4512024,1.38960004,0.0250000004,50,1,0.119999997,0.550000012,0.0133333337
SL11_rand_35_r0,1,1474,1.32000005,1,1.34902406,3.85969996,0.0350000001,0.0250000004,0.0301552769,0.0297483839,0,1.34902406,6,2.5,7.14044523,0,0,0,0,0,11.1349678,2.88416147,86.8536835,0.654028416,2.16223836,3.85969996,581.887512,67.4512024,1.38960004,0.0250000004,50,1,0.119999997,0.550000012,0.0133333337
SL11_rand_35_r0,1,1475,1.33333337,1,1.34902406,3.85969996,0.0346666649,0.024666667,0.0297803022,0.029246984,0,1.34902406,6,2.5,7.14044523,0,0,0,0,0,11.1349678,2.88416147,86.8536835,0.654028416,2.16223836,3.85969996,581.887512,67.4512024,1.38960004,0.0250000004,50,1,0.119999997,0.550000012,0.0133333337
SL11_rand_35_r0,1,1476,1.34666669,1,1.34902406,3.85969996,0.0343333334,0.0243333336,0.0295359977,0.0290243104,0,1.34902406,6,2.5,7.14044523,0,0,0,0,0,11.1349678,2.88416147,86.8536835,0.654028416,2.16223836,3.85969996,581.887512,67.4512024,1.38960004,0.0250000004,50,1,0.119999997,0.550000012,0.0133333337
SL11_rand_35_r0,1,1477,1.36000001,1,1.34902406,3.85969996,0.0340000018,0.0240000002,0.0289714821,0.0285371598,0,1.34902406,6,2.5,7.14044523,0,0,0,0,0,11.1349678,2.88416147,86.8536835,0.654028416,2.16223836,3.85969996,581.887512,67.4512024,1.38960004,0.0250000004,50,1,0.119999997,0.550000012,0.0133333337
SL11_rand_35_r0,1,1478,1.37333333,1,1.34902406,3.85969996,0.0336666666,0.0236666668,0.0289358553,0.0282650087,0,1.34902406,6,2.5,7.14044523,0,0,0,0,0,11.1349678,2.88416147,86.8536835,0.654028416,2.16223836,3.85969996,581.887512,67.4512024,1.38960004,0.0250000004,50,1,0.119999997,0.550000012,0.0133333337
SL11_rand_35_r0,1,1479,1.38666666,1,1.34902406,3.85969996,0.0333333351,0.0233333334,0.0281725992,0.0278016236,0,1.34902406,6,2.5,7.14044523,0,0,0,0,0,11.1349678,2.88416147,86.8536835,0.654028416,2.16223836,3.85969996,581.887512,67.4512024,1.38960004,0.0250000004,50,1,0.119999997,0.550000012,0.0133333337
SL11_rand_35_r0,1,1480,1.39999998,1,1.34902406,3.85969996,0.0329999998,0.023,0.0283564571,0.0274954792,0,1.34902406,6,2.5,7.14044523,0,0,0,0,0,11.1349678,2.88416147,86.8536835,0.654028416,2.16223836,3.85969996,581.887512,67.4512024,1.38960004,0.0250000004,50,1,0.119999997,0.550000012,0.0133333337
SL11_rand_35_r0,1,1481,1.4133333,1,1.34902406,3.85969996,0.0326666683,0.0226666667,0.027388161,0.0270507243,0,1.34902406,6,2.5,7.14044523,0,0,0,0,0,11.1349678,2.88416147,86.8536835,0.654028416,2.16223836,3.85969996,581.887512,67.4512024,1.38960004,0.0250000004,50,1,0.119999997,0.550000012,0.0133333337
SL11_rand_35_r0,1,1482,1.42666662,1,1.34902406,3.85969996,0.032333333,0.0223333333,0.027631864,0.026588494,0,1.34902406,6,2.5,7.14044523,0,0,0,0,0,11.1349678,2.88416147,86.8536835,0.654028416,2.16223836,3.85969996,581.887512,67.4512024,1.38960004,0.0250000004,50,1,0.119999997,0.550000012,0.0133333337
SL11_rand_35_r0,1,1483,1.44000006,1,1.34902406,3.85969996,0.0320000015,0.0219999999,0.0266324393,0.026295878,0,1.34902406,6,2.5,7.14044523,0,0,0,0,0,11.1349678,2.88416147,86.8536835,0.654028416,2.16223836,3.85969996,581.887512,67.4512024,1.38960004,0.0250000004,50,1,0.119999997,0.550000012,0.0133333337
SL11_rand_35_r0,1,1484,1.45333338,1,1.34902406,3.85969996,0.0316666663,0.0216666665,0.0266890954,0.025847489,0,1.34902406,6,2.5,7.14044523,0,0,0,0,0,11.1349678,2.88416147,86.8536835,0.654028416,2.16223836,3.85969996,581.887512,67.4512024,1.38960004,0.0250000004,50,1,0.119999997,0.550000012,0.0133333337
SL11_rand_35_r0,1,1485,1.4666667,1,1.34902406,3.85969996,0.0313333347,0.0213333331,0.0259150341,0.0255427677,0,1.34902406,6,2.5,7.14044523,0,0,0,0,0,11.1349678,2.88416147,86.8536835,0.654028416,2.16223836,3.85969996,581.887512,67.4512024,1.38960004,0.0250000004,50,1,0.119999997,0.550000012,0.0133333337
SL11_rand_35_r0,1,1486,1.48000002,1,1.34902406,3.85969996,0.0309999995,0.0209999997,0.0257741157,0.025102796,0,1.34902406,6,2.5,7.14044523,0,0,0,0,0,11.1349678,2.88416147,86.8536835,0.654028416,2.16223836,3.85969996,581.887512,67.4512024,1.38960004,0.0250000004,50,1,0.119999997,0.550000012,0.0133333337
SL11_rand_35_r0,1,1487,1.49333334,1,1.34902406,3.85969996,0.0306666661,0.0206666663,0.0252404753,0.0247943923,0,1.34902406,6,2.5,7.14044523,0,0,0,0,0,11.1349678,2.88416147,86.8536835,0.654028416,2.16223836,3.85969996,581.887512,67.4512024,1.38960004,0.0250000004,50,1,0.119999997,0.550000012,0.0133333337
SL11_rand_35_r0,1,1488,1.50666666,1,1.34902406,3.85969996,0.0303333327,0.0203333329,0.0248910226,0.0243640132,0,1.34902406,6,2.5,7.14044523,0,0,0,0,0,11.1349678,2.88416147,86.8536835,0.654028416,2.16223836,3.85969996,581.887512,67.4512024,1.38960004,0.0250000004,50,1,0.119999997,0.550000012,0.0133333337
SL11_rand_35_r0,1,1489,1.51999998,1,1.34902406,3.85969996,0.0299999993,0.0199999996,0.024612952,0.0240374338,0,1.34902406,6,2.5,7.14044523,0,0,0,0,0,11.1349678,2.88416147,86.8536835,0.654028416,2.16223836,3.85969996,581.887512,67.4512024,1.38960004,0.0250000004,50,1,0.119999997,0.550000012,0.0133333337
SL11_rand_35_r0,1,1490,1.5333333,1,1.34902406,3.85969996,0.0296666659,0.0196666662,0.024043126,0.0236213543,0,1.34902406,6,2.5,7.14044523,0,0,0,0,0,11.1349678,2.88416147,86.8536835,0.654028416,2.16223836,3.85969996,581.887512,67.4512024,1.38960004,0.0250000004,50,1,0.119999997,0.550000012,0.0133333337
SL11_rand_35_r0,1,1491,1.54666662,1,1.34902406,3.85969996,0.0293333326,0.0193333328,0.0240294766,0.0232684352,0,1.34902406,6,2.5,7.14044523,0,0,0,0,0,11.1349678,2.88416147,86.8536835,0.654028416,2.16223836,3.85969996,581.887512,67.4512024,1.38960004,0.0250000004,50,1,0.119999997,0.550000012,0.0133333337
SL11_rand_35_r0,1,1492,1.55999994,1,1.34902406,3.85969996,0.0289999992,0.0189999994,0.0232244283,0.0228711143,0,1.34902406,6,2.5,7.14044523,0,0,0,0,0,11.1349678,2.88416147,86.8536835,0.654028416,2.16223836,3.85969996,581.887512,67.4512024,1.38960004,0.0250000004,50,1,0.119999997,0.550000012,0.0133333337
SL11_rand_35_r0,1,1493,1.57333338,1,1.34902406,3.85969996,0.0286666658,0.018666666,0.0234908145,0.02249787,0,1.34902406,6,2.5,7.14044523,0,0,0,0,0,11.1349678,2.88416147,86.8536835,0.654028416,2.16223836,3.85969996,581.887512,67.4512024,1.38960004,0.0250000004,50,1,0.119999997,0.550000012,0.0133333337
SL11_rand_35_r0,1,1494,1.5866667,1,1.34902406,3.85969996,0.0283333343,0.0183333326,0.0224410184,0.0221185517,0,1.34902406,6,2.5,7.14044523,0,0,0,0,0,11.1349678,2.88416147,86.8536835,0.654028416,2.16223836,3.85969996,581.887512,67.4512024,1.38960004,0.0250000004,50,1,0.119999997,0.550000012,0.0133333337
SL11_rand_35_r0,1,1495,1.60000002,1,1.34902406,3.85969996,0.0280000009,0.0179999992,0.0228378456,0.0217101034,0,1.34902406,6,2.5,7.14044523,0,0,0,0,0,11.1349678,2.88416147,86.8536835,0.654028416,2.16223836,3.85969996,581.887512,67.4512024,1.38960004,0.0250000004,50,1,0.119999997,0.550000012,0.0133333337
SL11_rand_35_r0,1,1496,1.61333334,1,1.34902406,3.85969996,0.0276666675,0.0176666658,0.0217022505,0.021368362,0,1.34902406,6,2.5,7.14044523,0,0,0,0,0,11.1349678,2.88416147,86.8536835,0.654028416,2.16223836,3.85969996,581.887512,67.4512024,1.38960004,0.0250000004,50,1,0.119999997,0.550000012,0.0133333337
SL11_rand_35_r0,1,1497,1.62666667,1,1.34902406,3.85969996,0.0273333341,0.0173333324,0.0218802541,0.0209705755,0,1.34902406,6,2.5,7.14044523,0,0,0,0,0,11.1349678,2.88416147,86.8536835,0.654028416,2.16223836,3.85969996,581.887512,67.4512024,1.38960004,0.0250000004,50,1,0.119999997,0.550000012,0.0133333337
SL11_rand_35_r0,1,1498,1.63999999,1,1.34902406,3.85969996,0.0270000007,0.0170000009,0.0210128538,0.0206201654,0,1.34902406,6,2.5,7.14044523,0,0,0,0,0,11.1349678,2.88416147,86.8536835,0.654028416,2.16223836,3.85969996,581.887512,67.4512024,1.38960004,0.0250000004,50,1,0.119999997,0.550000012,0.0133333337
SL11_rand_35_r0,1,1499,1.65333331,1,1.34902406,3.85969996,0.0266666673,0.0166666675,0.0209536403,0.0202273745,0,1.34902406,6,2.5,7.14044523,0,0,0,0,0,11.1349678,2.88416147,86.8536835,0.654028416,2.16223836,3.85969996,581.887512,67.4512024,1.38960004,0.0250000004,50,1,0.119999997,0.550000012,0.0133333337
SL11_rand_35_r0,1,1500,1.66666663,1,1.34902406,3.85969996,0.0263333339,0.0163333341,0.0203763936,0.0198794194,0,1.34902406,6,2.5,7.14044523,0,0,0,0,0,11.1349678,2.88416147,86.8536835,0.654028416,2.16223836,3.85969996,581.887512,67.4512024,1.38960004,0.0250000004,50,1,0.119999997,0.550000012,0.0133333337
SL11_rand_35_r0,1,1501,1.67999995,1,1.34902406,3.85969996,0.0260000005,0.0160000008,0.0200624485,0.0194918327,0,1.34902406,6,2.5,7.14044523,0,0,0,0,0,11.1349678,2.88416147,86.8536835,0.654028416,2.16223836,3.85969996,581.887512,67.4512024,1.38960004,0.0250000004,50,1,0.119999997,0.550000012,0.0133333337
SL11_rand_35_r0,1,1502,1.69333339,1,1.34902406,3.85969996,0.0256666671,0.0156666674,0.0197972972,0.0191456862,0,1.34902406,6,2.5,7.14044523,0,0,0,0,0,11.1349678,2.88416147,86.8536835,0.654028416,2.16223836,3.85969996,581.887512,67.4512024,1.38960004,0.0250000004,50,1,0.119999997,0.550000012,0.0133333337
SL11_rand_35_r0,1,1503,1.70666671,1,1.34902406,3.85969996,0.0253333338,0.0153333331,0.0192122702,0.0187643822,0,1.34902406,6,2.5,7.14044523,0,0,0,0,0,11.1349678,2.88416147,86.8536835,0.654028416,2.16223836,3.85969996,581.887512,67.4512024,1.38960004,0.0250000004,50,1,0.119999997,0.550000012,0.0133333337
SL11_rand_35_r0,1,1504,1.72000003,1,1.34902406,3.85969996,0.0250000004,0.0149999997,0.0192827471,0.0184223931,0,1.34902406,6,2.5,7.14044523,0,0,0,0,0,11.1349678,2.88416147,86.8536835,0.654028416,2.16223836,3.85969996,581.887512,67.4512024,1.38960004,0.0250000004,50,1,0.119999997,0.550000012,0.0133333337
SL11_rand_35_r0,1,1505,1.73333335,1,1.34902406,3.85969996,0.024666667,0.0146666663,0.0184096731,0.0180447791,0,1.34902406,6,2.5,7.14044523,0,0,0,0,0,11.1349678,2.88416147,86.8536835,0.654028416,2.16223836,3.85969996,581.887512,67.4512024,1.38960004,0.0250000004,50,1,0.119999997,0.550000012,0.0133333337
SL11_rand_35_r0,1,1506,1.74666667,1,1.34902406,3.85969996,0.0243333336,0.0143333329,0.0188365895,0.0177045427,0,1.34902406,6,2.5,7.14044523,0,0,0,0,0,11.1349678,2.88416147,86.8536835,0.654028416,2.16223836,3.85969996,581.887512,67.4512024,1.38960004,0.0250000004,50,1,0.119999997,0.550000012,0.0133333337
SL11_rand_35_r0,1,1507,1.75999999,1,1.34902406,3.85969996,0.0240000002,0.0140000004,0.0176592693,0.017333094,0,1.34902406,6,2.5,7.14044523,0,0,0,0,0,11.1349678,2.88416147,86.8536835,0.654028416,2.16223836,3.85969996,581.887512,67.4512024,1.38960004,0.0250000004,50,1,0.119999997,0.550000012,0.0133333337
SL11_rand_35_r0,1,1508,1.77333331,1,1.34902406,3.85969996,0.0236666668,0.013666667,0.0182992909,0.0169251021,0,1.34902406,6,2.5,7.14044523,0,0,0,0,0,11.1349678,2.88416147,86.8536835,0.654028416,2.16223836,3.85969996,581.887512,67.4512024,1.38960004,0.0250000004,50,1,0.119999997,0.550000012,0.0133333337
SL11_rand_35_r0,1,1509,1.78666663,1,1.34902406,3.85969996,0.0233333334,0.0133333337,0.0169642456,0.0166264847,0,1.34902406,6,2.5,7.14044523,0,0,0,0,0,11.1349678,2.88416147,86.8536835,0.654028416,2.16223836,3.85969996,581.887512,67.4512024,1.38960004,0.0250000004,50,1,0.119999997,0.550000012,0.0133333337
SL11_rand_35_r0,1,1510,1.79999995,1,1.34902406,3.85969996,0.023,0.0130000003,0.0173444673,0.0162255298,0,1.34902406,6,2.5,7.14044523,0,0,0,0,0,11.1349678,2.88416147,86.8536835,0.654028416,2.16223836,3.85969996,581.887512,67.4512024,1.38960004,0.0250000004,50,1,0.119999997,0.550000012,0.0133333337
SL11_rand_35_r0,1,1511,1.81333339,1,1.34902406,3.85969996,0.0226666667,0.0126666669,0.0163311325,0.0159162171,0,1.34902406,6,2.5,7.14044523,0,0,0,0,0,11.1349678,2.88416147,86.8536835,0.654028416,2.16223836,3.85969996,581.887512,67.4512024,1.38960004,0.0250000004,50,1,0.119999997,0.550000012,0.0133333337
SL11_rand_35_r0,1,1512,1.82666671,1,1.34902406,3.85969996,0.0223333333,0.0123333335,0.0164232645,0.0155332638,0,1.34902406,6,2.5,7.14044523,0,0,0,0,0,11.1349678,2.88416147,86.8536835,0.654028416,2.16223836,3.85969996,581.887512,67.4512024,1.38960004,0.0250000004,50,1,0.119999997,0.550000012,0.0133333337
SL11_rand_35_r0,1,1513,1.84000003,1,1.34902406,3.85969996,0.0219999999,0.0120000001,0.0157563593,0.0151899196,0,1.34902406,6,2.5,7.14044523,0,0,0,0,0,11.1349678,2.88416147,86.8536835,0.654028416,2.16223836,3.85969996,581.887512,67.4512024,1.38960004,0.0250000004,50,1,0.119999997,0.550000012,0.0133333337
SL11_rand_35_r0,1,1514,1.85333335,1,1.34902406,3.85969996,0.0216666665,0.0116666667,0.0155299129,0.0148271071,0,1.34902406,6,2.5,7.14044523,0,0,0,0,0,11.1349678,2.88416147,86.8536835,0.654028416,2.16223836,3.85969996,581.887512,67.4512024,1.38960004,0.0250000004,50,1,0.119999997,0.550000012,0.0133333337
SL11_rand_35_r0,1,1515,1.86666667,1,1.34902406,3.85969996,0.0213333331,0.0113333333,0.0152448267,0.0144581199,0,1.34902406,6,2.5,7.14044523,0,0,0,0,0,11.1349678,2.88416147,86.8536835,0.654028416,2.16223836,3.85969996,581.887512,67.4512024,1.38960004,0.0250000004,50,1,0.119999997,0.550000012,0.0133333337
SL11_rand_35_r0,1,1516,1.88,1,1.34902406,3.85969996,0.0209999997,0.0109999999,0.0146722207,0.0141154835,0,1.34902406,6,2.5,7.14044523,0,0,0,0,0,11.1349678,2.88416147,86.8536835,0.654028416,2.16223836,3.85969996,581.887512,67.4512024,1.38960004,0.0250000004,50,1,0.119999997,0.550000012,0.0133333337
SL11_rand_35_r0,1,1517,1.89333332,1,1.34902406,3.85969996,0.0206666663,0.0106666666,0.0148124583,0.0137235979,0,1.34902406,6,2.5,7.14044523,0,0,0,0,0,11.1349678,2.88416147,86.8536835,0.654028416,2.16223836,3.85969996,581.887512,67.4512024,1.38960004,0.0250000004,50,1,0.119999997,0.550000012,0.0133333337
SL11_rand_35_r0,1,1518,1.90666664,1,1.34902406,3.85969996,0.0203333329,0.0103333332,0.0138614541,0.0133956838,0,1.34902406,6,2.5,7.14044523,0,0,0,0,0,11.1349678,2.88416147,86.8536835,0.654028416,2.16223836,3.85969996,581.887512,67.4512024,1.38960004,0.0250000004,50,1,0.119999997,0.550000012,0.0133333337
SL11_rand_35_r0,1,1519,1.91999996,1,1.34902406,3.85969996,0.0199999996,0.00999999978,0.0144624133,0.0129862288,0,1.34902406,6,2.5,7.14044523,0,0,0,0,0,11.1349678,2.88416147,86.8536835,0.654028416,2.16223836,3.85969996,581.887512,67.4512024,1.38960004,0.0250000004,50,1,0.119999997,0.550000012,0.0133333337
SL11_rand_35_r0,1,1520,1.93333328,1,1.34902406,3.85969996,0.0196666662,0.00966666639,0.0131091317,0.0126842782,0,1.34902406,6,2.5,7.14044523,0,0,0,0,0,11.1349678,2.88416147,86.8536835,0.654028416,2.16223836,3.85969996,581.887512,67.4512024,1.38960004,0.0250000004,50,1,0.119999997,0.550000012,0.0133333337
SL11_rand_35_r0,1,1521,1.94666672,1,1.34902406,3.85969996,0.0193333328,0.009333333,0.014166235,0.0123613039,0,1.34902406,6,2.5,7.14044523,0,0,0,0,0,11.1349678,2.88416147,86.8536835,0.654028416,2.16223836,3.85969996,581.887512,67.4512024,1.38960004,0.0250000004,50,1,0.119999997,0.550000012,0.0133333337
SL11_rand_35_r0,1,1522,1.96000004,1,1.34902406,3.85969996,0.0189999994,0.00899999961,0.0124346986,0.0119792726,0,1.34902406,6,2.5,7.14044523,0,0,0,0,0,11.1349678,2.88416147,86.8536835,0.654028416,2.16223836,3.85969996,581.887512,67.4512024,1.38960004,0.0250000004,50,1,0.119999997,0.550000012,0.0133333337
SL11_rand_35_r0,1,1523,1.97333336,1,1.34902406,3.85969996,0.018666666,0.00866666622,0.0131696276,0.0116741322,0,1.34902406,6,2.5,7.14044523,0,0,0,0,0,11.1349678,2.88416147,86.8536835,0.654028416,2.16223836,3.85969996,581.887512,67.4512024,1.38960004,0.0250000004,50,1,0.119999997,0.550000012,0.0133333337
SL11_rand_35_r0,1,1524,1.98666668,1,1.34902406,3.85969996,0.0183333326,0.00833333377,0.011848093,0.0112810005,0,1.34902406,6,2.5,7.14044523,0,0,0,0,0,11.1349678,2.88416147,86.8536835,0.654028416,2.16223836,3.85969996,581.887512,67.4512024,1.38960004,0.0250000004,50,1,0.119999997,0.550000012,0.0133333337
SL11_rand_35_r0,1,1525,2,2,1.34902406,3.85969996,0.0179999992,0.00800000038,0.0122143682,0.0109897135,0,1.34902406,6,2.5,7.14044523,0,0,0,0,0,11.9868584,2.88672519,88.7351608,0.663507104,163.477051,3.85969996,581.887512,67.4512024,1.38960004,0.0250000004,50,1,0.119999997,0.550000012,0.0133333337
SL11_rand_35_r0,1,1526,2.01333332,2,1.34902406,3.85969996,0.0176666658,0.00766666653,0.0113593154,0.0105801178,0,1.34902406,6,2.5,7.14044523,0,0,0,0,0,11.9868584,2.88672519,88.7351608,0.663507104,163.477051,3.85969996,581.887512,67.4512024,1.38960004,0.0250000004,50,1,0.119999997,0.550000012,0.0133333337
SL11_rand_35_r0,1,1527,2.02666664,2,1.34902406,3.85969996,0.0173333324,0.00733333314,0.0113052418,0.0103057893,0,1.34902406,6,2.5,7.14044523,0,0,0,0,0,11.9868584,2.88672519,88.7351608,0.663507104,163.477051,3.85969996,581.887512,67.4512024,1.38960004,0.0250000004,50,1,0.119999997,0.550000012,0.0133333337
SL11_rand_35_r0,1,1528,2.03999996,2,1.38977194,3.85969996,0.0170000009,0.00700000022,0.0109713711,0.00987267774,0.000127321968,1.42311108,6,2.5,7.14044523,0,0,0,0,0,11.9868584,2.88672519,88.7351608,0.663507104,163.477051,3.85969996,581.887512,67.4512024,1.38960004,0.0250000004,50,1,0.119999997,0.550000012,0.0133333337
SL11_rand_35_r0,1,1529,2.05333328,2,1.49240494,3.85969996,0.0166666675,0.00666666683,0.0104488507,0.00960928295,0.000390717119,1.57637739,6,2.5,7.14044523,0,0,0,0,0,11.9868584,2.88672519,88.7351608,0.663507104,163.477051,3.85969996,581.887512,67.4512024,1.38960004,0.0250000004,50,1,0.119999997,0.550000012,0.0133333337
SL11_rand_35_r0,1,1530,2.0666666,2,1.68094838,3.85969996,0.0163333341,0.00633333344,0.0107006719,0.00916446559,0.000835534767,1.83521128,6,2.5,7.14044523,0,0,0,0,0,11.9868584,2.88672519,88.7351608,0.663507104,163.477051,3.85969996,581.887512,67.4512024,1.38960004,0.0250000004,50,1,0.119999997,0.550000012,0.0133333337
SL11_rand_35_r0,1,1531,2.07999992,2,1.84823477,3.85969996,0.0160000008,0.00600000005,0.00966117252,0.00890686549,0.00109313487,1.98510551,6,2.5,7.14044523,0,0,0,0,0,11.9868584,2.88672519,88.7351608,0.663507104,163.477051,3.85969996,581.887512,67.4512024,1.38960004,0.0250000004,50,1,0.119999997,0.550000012,0.0133333337
SL11_rand_35_r0,1,1532,2.09333324,2,2.06717563,3.85969996,0.0156666674,0.00566666666,0.0105603682,0.00845797546,0.00154202501,2.24630904,6,2.5,7.14044523,0,0,0,0,0,11.9868584,2.88672519,88.7351608,0.663507104,163.477051,3.85969996,581.887512,67.4512024,1.38960004,0.0250000004,50,1,0.119999997,0.550000012,0.0133333337
SL11_rand_35_r0,1,1533,2.10666656,2,2.24701524,3.85969996,0.0153333331,0.00533333328,0.00896268431,0.00820389204,0.00179610809,2.39415693,6,2.5,7.14044523,0,0,0,0,0,11.9868584,2.88672519,88.7351608,0.663507104,163.477051,3.85969996,581.887512,67.4512024,1.38960004,0.0250000004,50,1,0.119999997,0.550000012,0.0133333337
SL11_rand_35_r0,1,1534,2.11999989,2,2.47122192,3.85969996,0.0149999997,0.00499999989,0.0105603235,0.00775619922,0.00224380102,2.6546638,6,2.5,7.14044523,0,0,0,0,0,11.9868584,2.88672519,88.7351608,0.663507104,163.477051,3.85969996,581.887512,67.4512024,1.38960004,0.0250000004,50,1,0.119999997,0.550000012,0.0133333337
SL11_rand_35_r0,1,1535,2.13333344,2,2.65282464,3.85969996,0.0146666663,0.0046666665,0.00837972388,0.00750401104,0.00249598897,2.80140877,6,2.5,7.14044523,0,1,0,0,0,11.9868584,2.88672519,88.7351608,0.663507104,163.477051,3.85969996,581.887512,67.4512024,1.38960004,0.0250000004,50,1,0.119999997,0.550000012,0.0133333337
SL11_rand_35_r0,1,1536,2.14666677,2,2.82788277,3.85969996,0.0143333329,0.00433333311,0.00982825365,0.00721236784,0.00278763194,2.97111225,6,2.5,7.14044523,0,1,0,0,0,11.9868584,2.88672519,88.7351608,0.663507104,163.477051,3.85969996,581.887512,67.4512024,1.38960004,0.0250000004,50,1,0.119999997,0.550000012,0.0133333337
SL11_rand_35_r0,1,1537,2.16000009,2,3.03865051,3.85969996,0.0140497088,0.0040497086,0.00793958176,0.00679994375,0.00320005603,3.21109653,6,2.5,7.14044523,1,1,0,1,0,11.9868584,2.88672519,88.7351608,0.663507104,163.477051,3.85969996,581.887512,67.4512024,1.38960004,0.0250000004,50,1,0.119999997,0.550000012,0.0133333337
SL11_rand_35_r0,1,1538,2.17333341,2,3.11496234,3.85969996,0.0137955658,0.00379556604,0.00891611446,0.00651212828,0.00348787149,3.17739916,6,2.5,7.14044523,0,1,0,0,0,11.9868584,2.88672519,88.7351608,0.663507104,163.477051,3.85969996,581.887512,67.4512024,1.38960004,0.0250000004,50,1,0.119999997,0.550000012,0.0133333337
SL11_rand_35_r0,1,1539,2.18666673,2,3.21324778,3.85969996,0.0135736391,0.00357363885,0.00767447054,0.00610727072,0.00389272929,3.29366302,6,2.5,7.14044523,1,1,0,1,0,11.9868584,2.88672519,88.7351608,0.663507104,163.477051,3.85969996,581.887512,67.4512024,1.38960004,0.0250000004,50,1,0.119999997,0.550000012,0.0133333337
SL11_rand_35_r0,1,1540,2.20000005,2,3.2737968,3.85969996,0.0133739002,0.0033739002,0.00808646344,0.00583221484,0.00416778494,3.32333708,6,2.5,7.14044523,0,1,0,0,0,11.9868584,2.88672519,88.7351608,0.663507104,163.477051,3.85969996,581.887512,67.4512024,1.38960004,0.0250000004,50,1,0.119999997,0.550000012,0.0133333337
SL11_rand_35_r0,1,1541,2.21333337,2,2.90594292,3.85969996,0.0130756777,0.0030756779,0.00731611392,0.0069124368,0.00308756344,2.60497141,6,2.5,7.14044523,1,1,0,1,0,11.9868584,2.88672519,88.7351608,0.663507104,163.477051,3.85969996,581.887512,67.4512024,1.38960004,0.0250000004,50,1,0.119999997,0.550000012,0.0133333337
SL11_rand_35_r0,1,1542,2.32450128,2,3.08240318,3.85969996,0.012810058,0.00281005842,0.00665496429,0.00652879197,0.00347120804,3.2267797,6,2.5,7.14044523,1,1,0,2,0,11.9868584,2.88672519,88.7351608,0.663507104,163.477051,3.85969996,581.887512,67.4512024,1.38960004,0.0250000004,50,1,0.119999997,0.550000012,0.0133333337
SL11_rand_35_r0,1,1543,2.43566942,2,3.21209645,3.85969996,0.0125858989,0.00258589862,0.00654296996,0.00614491105,0.00385508873,3.31820917,6,2.5,7.14044523,1,1,0,3,0,11.9868584,2.88672519,88.7351608,0.663507104,163.477051,3.85969996,581.887512,67.4512024,1.38960004,0.0250000004,50,1,0.119999997,0.550000012,0.0133333337
SL11_rand_35_r0,1,1544,2.54683733,2,3.04850268,3.85969996,0.0123232063,0.00232320605,0.00661135651,0.0065500848,0.00344991521,2.9146533,6,2.5,7.14044523,1,1,0,4,0,11.9868584,2.88672519,88.7351608,0.663507104,163.477051,3.85969996,581.887512,67.4512024,1.38960004,0.0250000004,50,1,0.119999997,0.550000012,0.0133333337
SL11_rand_35_r0,1,1545,5.11116791,5,3.62870121,3.85969996,0.0122152576,0.00221525761,0.00501398044,0.00477515208,0.0052248477,4.10340929,6,2.5,7.14044523,1,1,0,5,0,0.0141746877,-2.17723799,84.1069794,0.909952581,0.517083526,3.85969996,581.887512,67.4512024,1.38960004,0.0250000004,50,1,0.119999997,0.550000012,0.0133333337
SL11_rand_35_r0,1,1546,5.22233582,5,3.63294411,3.85969996,0.0121342782,0.00213427842,0.00471027428,0.00450144522,0.00549855502,3.63641524,6,2.5,7.14044523,1,1,0,6,0,0.0141746877,-2.17723799,84.1069794,0.909952581,0.517083526,3.85969996,581.887512,67.4512024,1.38960004,0.0250000004,50,1,0.119999997,0.550000012,0.0133333337
SL11_rand_35_r0,1,1547,5.3335042,5,3.85023856,3.85969996,0.0121181542,0.00211815373,0.00402704533,0.00364087312,0.00635912688,4.02802515,6,2.5,7.14044523,1,1,0,7,0,0.0141746877,-2.17723799,84.1069794,0.909952581,0.517083526,3.85969996,581.887512,67.4512024,1.38960004,0.0250000004,50,1,0.119999997,0.550000012,0.0133333337
SL11_rand_35_r0,1,1548,5.44467211,5,4.16675711,3.85969996,0.0122007597,0.00220075995,0.00343594304,0.00250633713,0.00749366265,4.42572641,6,2.5,7.14044523,1,1,0,8,0,0.0141746877,-2.17723799,84.1069794,0.909952581,0.517083526,3.85969996,581.887512,67.4512024,1.38960004,0.0250000004,50,1,0.119999997,0.550000012,0.0133333337
SL11_rand_35_r0,1,1549,7.11116791,7,4.39351225,3.85969996,0.0123628089,0.00236280868,0.00385953789,0.0015561824,0.0084438175,4.5790391,6,2.5,7.14044523,1,1,0,9,0,2.55417776,0.159098491,83.6942215,1.18483412,2.99984956,3.85969996,581.887512,67.4512024,1.38960004,0.0250000004,50,1,0.119999997,0.550000012,0.0133333337
SL11_rand_35_r0,1,1550,7.22233582,7,4.80000496,3.85969996,0.0126510123,0.00265101274,0.00242667366,5.23492308e-05,0.00994765107,5.13259029,6,2.5,7.14044523,1,1,0,10,0,2.55417776,0.159098491,83.6942215,1.18483412,2.99984956,3.85969996,581.887512,67.4512024,1.38960004,0.0250000004,50,1,0.119999997,0.550000012,0.0133333337
SL11_rand_35_r0,1,1551,7.3335042,7,4.63257027,3.85969996,0.0129137328,0.00291373301,0.000718670664,0.000269664335,0.00973033533,4.49557829,6,2.5,7.14044523,1,1,0,11,0,2.55417776,0.159098491,83.6942215,1.18483412,2.99984956,3.85969996,581.887512,67.4512024,1.38960004,0.0250000004,50,1,0.119999997,0.550000012,0.0133333337
SL11_rand_35_r0,1,1552,7.44467211,7,4.28153419,3.85969996,0.0130746961,0.00307469582,0.00209791842,0.00130833627,0.00869166385,3.99432278,6,2.5,7.14044523,1,1,0,12,0,2.55417776,0.159098491,83.6942215,1.18483412,2.99984956,3.85969996,581.887512,67.4512024,1.38960004,0.0250000004,50,1,0.119999997,0.550000012,0.0133333337
SL11_rand_35_r0,1,1553,9.11116791,9,5.13046932,3.85969996,0.0134080295,0.00340802921,0.00222654874,-0.00113012607,0.0111301262,5.82505274,6,2.5,7.14044523,1,1,0,13,0,1.83555245,0.469097197,85.1952057,1.2037915,165.360229,3.85969996,581.887512,67.4512024,1.38960004,0.0250000004,50,1,0.119999997,0.550000012,0.0133333337
SL11_rand_35_r0,1,1554,9.22233582,9,4.31425381,3.85969996,0.0135898497,0.00358984969,0.00162328419,0.00141506735,0.00858493242,3.64644098,6,2.5,7.14044523,1,1,0,14,0,1.83555245,0.469097197,85.1952057,1.2037915,165.360229,3.85969996,581.887512,67.4512024,1.38960004,0.0250000004,50,1,0.119999997,0.550000012,0.0133333337
SL11_rand_35_r0,1,1555,9.33350372,9,4.34101105,3.85969996,0.0137538509,0.0037538507,0.00172051718,0.00123757788,0.00876242202,4.36290312,6,2.5,7.14044523,1,1,0,15,0,1.83555245,0.469097197,85.1952057,1.2037915,165.360229,3.85969996,581.887512,67.4512024,1.38960004,0.0250000004,50,1,0.119999997,0.550000012,0.0133333337
SL11_rand_35_r0,1,1556,9.44467163,9,4.72680426,3.85969996,0.0140220467,0.00402204646,0.00280779274,0.000193677406,0.00980632287,5.04245281,6,2.5,7.14044523,1,1,0,16,0,1.83555245,0.469097197,85.1952057,1.2037915,165.360229,3.85969996,581.887512,67.4512024,1.38960004,0.0250000004,50,1,0.119999997,0.550000012,0.0133333337
SL11_rand_35_r0,1,1557,12.1111679,12,4.88230371,3.85969996,0.0143508026,0.0043508024,0.000748140097,-0.000474427245,0.0104744276,5.00953102,6,2.5,7.14044523,1,1,0,17,0,0.20765093,-12.2242374,56.028244,0.587677717,11.7438011,3.85969996,581.887512,67.4512024,1.38960004,0.0250000004,50,1,0.119999997,0.550000012,0.0133333337
SL11_rand_35_r0,1,1558,12.2223358,12,4.73654747,3.85969996,0.0146491639,0.00464916369,0.00269653951,-0.000221547816,0.0102215474,4.61729193,6,2.5,7.14044523,1,1,0,18,0,0.20765093,-12.2242374,56.028244,0.587677717,11.7438011,3.85969996,581.887512,67.4512024,1.38960004,0.0250000004,50,1,0.119999997,0.550000012,0.0133333337
SL11_rand_35_r0,1,1559,12.3335037,12,4.88214731,3.85969996,0.0149824973,0.00498249708,0.00357186771,-0.000670042413,0.0106700426,5.00127459,6,2.5,7.14044523,1,1,0,19,0,0.20765093,-12.2242374,56.028244,0.587677717,11.7438011,3.85969996,581.887512,67.4512024,1.38960004,0.0250000004,50,1,0.119999997,0.550000012,0.0133333337
SL11_rand_35_r0,1,1560,12.4446716,12,4.98810005,3.85969996,0.0153158307,0.00531583047,0.00300439028,-0.00103961246,0.0110396128,5.07478857,6,2.5,7.14044523,1,1,0,20,0,0.20765093,-12.2242374,56.028244,0.587677717,11.7438011,3.85969996,581.887512,67.4512024,1.38960004,0.0250000004,50,1,0.119999997,0.550000012,0.0133333337
SL11_rand_35_r0,1,1561,16.1111679,16,4.10195589,3.85969996,0.0154386796,0.00543867936,0.00218521943,0.00187823537,0.00812176429,3.37692928,6,2.5,7.14044523,1,1,0,21,0,5.23530388,-1.88983488,85.9874115,1.08530807,0.961784601,3.85969996,581.887512,67.4512024,1.38960004,0.0250000004,50,1,0.119999997,0.550000012,0.0133333337
SL11_rand_35_r0,1,1562,16.2223358,16,4.76380682,3.85969996,0.0157102942,0.00571029494,0.000836389198,2.81424473e-05,0.009971858,5.30532074,6,2.5,7.14044523,1,1,0,22,0,5.23530388,-1.88983488,85.9874115,1.08530807,0.961784601,3.85969996,581.887512,67.4512024,1.38960004,0.0250000004,50,1,0.119999997,0.550000012,0.0133333337
SL11_rand_35_r0,1,1563,16.3335037,16,5.31545401,3.85969996,0.0160436276,0.00604362786,0.00205407455,-0.00179961626,0.0117996167,5.76680136,6,2.5,7.14044523,1,1,0,23,0,5.23530388,-1.88983488,85.9874115,1.08530807,0.961784601,3.85969996,581.887512,67.4512024,1.38960004,0.0250000004,50,1,0.119999997,0.550000012,0.0133333337
SL11_rand_35_r0,1,1564,16.4446716,16,5.04087305,3.85969996,0.016376961,0.00637696125,0.0019774714,-0.000595244346,0.0105952444,4.81621647,6,2.5,7.14044523,1,1,0,24,0,5.23530388,-1.88983488,85.9874115,1.08530807,0.961784601,3.85969996,581.887512,67.4512024,1.38960004,0.0250000004,50,1,0.119999997,0.550000012,0.0133333337
SL11_rand_35_r0,1,1565,17.1111679,17,4.61438942,3.85969996,0.0166421533,0.00664215302,0.00119737,0.000351275055,0.00964872539,4.26544857,6,2.5,7.14044523,1,1,0,25,0,5.0538311,-2.01699781,85.0256653,1.09952605,7.0065136,3.85969996,581.887512,67.4512024,1.38960004,0.0250000004,50,1,0.119999997,0.550000012,0.0133333337
SL11_rand_35_r0,1,1566,17.2223358,17,4.75962448,3.85969996,0.0169363301,0.00693633035,0.00130846282,-0.000228269797,0.0102282697,4.87845325,6,2.5,7.14044523,1,1,0,26,0,5.0538311,-2.01699781,85.0256653,1.09952605,7.0065136,3.85969996,581.887512,67.4512024,1.38960004,0.0250000004,50,1,0.119999997,0.550000012,0.0133333337
SL11_rand_35_r0,1,1567,17.3335037,17,4.74331427,3.85969996,0.0172308087,0.00723080849,0.00183355564,-0.000174694127,0.0101746945,4.7299695,6,2.5,7.14044523,1,1,0,27,0,5.0538311,-2.01699781,85.0256653,1.09952605,7.0065136,3.85969996,581.887512,67.4512024,1.38960004,0.0250000004,50,1,0.119999997,0.550000012,0.0133333337
SL11_rand_35_r0,1,1568,17.4446716,17,4.96170235,3.85969996,0.0175641421,0.00756414188,0.00146158354,-0.000882098044,0.0108820982,5.14038324,6,2.5,7.14044523,1,1,0,28,0,5.0538311,-2.01699781,85.0256653,1.09952605,7.0065136,3.85969996,581.887512,67.4512024,1.38960004,0.0250000004,50,1,0.119999997,0.550000012,0.0133333337
SL11_rand_35_r0,1,1569,19.1111679,19,4.72798538,3.85969996,0.0178608876,0.0078608878,0.000433719688,-0.000114990544,0.0101149902,4.53676271,6,2.5,7.14044523,1,1,0,29,0,4.6922307,-0.241660759,85.9679489,1.0663507,167.363892,3.85969996,581.887512,67.4512024,1.38960004,0.0250000004,50,1,0.119999997,0.550000012,0.0133333337
SL11_rand_35_r0,1,1570,19.2223358,19,4.93908834,3.85969996,0.018194221,0.00819422118,0.00191920181,-0.000848764961,0.0108487653,5.11180878,6,2.5,7.14044523,1,1,0,30,0,4.6922307,-0.241660759,85.9679489,1.0663507,167.363892,3.85969996,581.887512,67.4512024,1.38960004,0.0250000004,50,1,0.119999997,0.550000012,0.0133333337
SL11_rand_35_r0,1,1571,19.3335037,19,4.60651827,3.85969996,0.0184572265,0.00845722575,0.00205285125,0.000232751932,0.0097672483,4.33441544,6,2.5,7.14044523,1,1,0,31,0,4.6922307,-0.241660759,85.9679489,1.0663507,167.363892,3.85969996,581.887512,67.4512024,1.38960004,0.0250000004,50,1,0.119999997,0.550000012,0.0133333337
SL11_rand_35_r0,1,1572,19.4446716,19,5.37293339,3.85969996,0.0187905598,0.00879055914,0.00265234523,-0.0025243205,0.0125243207,6,6,2.5,7.14044523,1,1,0,32,0,4.6922307,-0.241660759,85.9679489,1.0663507,167.363892,3.85969996,581.887512,67.4512024,1.38960004,0.0250000004,50,1,0.119999997,0.550000012,0.0133333337
SL11_rand_35_r0,1,1573,21.1111679,21,4.29731464,3.85969996,0.018967675,0.00896767434,0.00181996904,0.00180891925,0.00819108076,3.41726351,6,2.5,7.14044523,1,1,0,33,0,15.0226297,-4.82545662,89.5516586,0.862559259,171.949219,3.85969996,581.887512,67.4512024,1.38960004,0.0250000004,50,1,0.119999997,0.550000012,0.0133333337
SL11_rand_35_r0,1,1574,21.2223358,21,4.4224844,3.85969996,0.0191535223,0.00915352348,0.0020134903,0.000991911162,0.00900808908,4.52489614,6,2.5,7.14044523,1,1,0,34,0,15.0226297,-4.82545662,89.5516586,0.862559259,171.949219,3.85969996,581.887512,67.4512024,1.38960004,0.0250000004,50,1,0.119999997,0.550000012,0.0133333337
SL11_rand_35_r0,1,1575,21.3335037,21,4.9124136,3.85969996,0.0194769185,0.0094769178,0.00152452569,-0.000423674646,0.0104236742,5.31326485,6,2.5,7.14044523,1,1,0,35,0,15.0226297,-4.82545662,89.5516586,0.862559259,171.949219,3.85969996,581.887512,67.4512024,1.38960004,0.0250000004,50,1,0.119999997,0.550000012,0.0133333337
SL11_rand_35_r0,1,1576,21.4446716,21,4.77323246,3.85969996,0.0197845772,0.00978457648,0.00135248317,-0.000256553583,0.010256554,4.65935659,6,2.5,7.14044523,1,1,0,36,0,15.0226297,-4.82545662,89.5516586,0.862559259,171.949219,3.85969996,581.887512,67.4512024,1.38960004,0.0250000004,50,1,0.119999997,0.550000012,0.0133333337
SL11_rand_35_r0,1,1577,23.1111679,23,4.64714956,3.85969996,0.0200545881,0.0100545883,0.000850093027,5.11602411e-05,0.00994883943,4.54399061,6,2.5,7.14044523,1,1,0,37,0,2.95942283,-2.21335554,84.1479263,0.895734608,5.96713972,3.85969996,581.887512,67.4512024,1.38960004,0.0250000004,50,1,0.119999997,0.550000012,0.0133333337
SL11_rand_35_r0,1,1578,23.2223358,23,4.96720505,3.85969996,0.0203879215,0.0103879217,0.00104263821,-0.000864346919,0.0108643472,5.22906828,6,2.5,7.14044523,1,1,0,38,0,2.95942283,-2.21335554,84.1479263,0.895734608,5.96713972,3.85969996,581.887512,67.4512024,1.38960004,0.0250000004,50,1,0.119999997,0.550000012,0.0133333337
SL11_rand_35_r0,1,1579,23.3335037,23,4.40236998,3.85969996,0.0205942187,0.010594219,0.00105319836,0.000910173636,0.00908982661,3.94023228,6,2.5,7.14044523,1,1,0,39,0,2.95942283,-2.21335554,84.1479263,0.895734608,5.96713972,3.85969996,581.887512,67.4512024,1.38960004,0.0250000004,50,1,0.119999997,0.550000012,0.0133333337
SL11_rand_35_r0,1,1580,23.4446716,23,4.52709007,3.85969996,0.0208139885,0.0108139878,0.00178279646,0.000609811395,0.00939018838,4.6291337,6,2.5,7.14044523,1,1,0,40,0,2.95942283,-2.21335554,84.1479263,0.895734608,5.96713972,3.85969996,581.887512,67.4512024,1.38960004,0.0250000004,50,1,0.119999997,0.550000012,0.0133333337
SL11_rand_35_r0,1,1581,25.1111679,25,4.86330318,3.85969996,0.0211293958,0.0111293951,0.000474793371,-0.000359060825,0.010359061,5.1383872,6,2.5,7.14044523,1,1,0,41,0,9.80843735,-0.270699322,79.9109726,0.616113722,14.0104523,3.85969996,581.887512,67.4512024,1.38960004,0.0250000004,50,1,0.119999997,0.550000012,0.0133333337
SL11_rand_35_r0,1,1582,25.2223358,25,4.1540041,3.85969996,0.0212637149,0.0112637142,0.0040134415,0.00166481058,0.00833518896,3.573668,6,2.5,7.14044523,1,1,0,42,0,9.80843735,-0.270699322,79.9109726,0.616113722,14.0104523,3.85969996,581.887512,67.4512024,1.38960004,0.0250000004,50,1,0.119999997,0.550000012,0.0133333337
SL11_rand_35_r0,1,1583,25.3335037,25,4.71473265,3.85969996,0.0215236098,0.01152361,0.00217881124,0.000174890039,0.0098251095,5.17351007,6,2.5,7.14044523,1,1,0,43,0,9.80843735,-0.270699322,79.9109726,0.616113722,14.0104523,3.85969996,581.887512,67.4512024,1.38960004,0.0250000004,50,1,0.119999997,0.550000012,0.0133333337
SL11_rand_35_r0,1,1584,25.4446716,25,5.04754877,3.85969996,0.0218569431,0.0118569424,0.00332108932,-0.000950000656,0.010950001,5.31985283,6,2.5,7.14044523,1,1,0,44,0,9.80843735,-0.270699322,79.9109726,0.616113722,14.0104523,3.85969996,581.887512,67.4512024,1.38960004,0.0250000004,50,1,0.119999997,0.550000012,0.0133333337
SL11_rand_35_r0,1,1585,26.1111679,26,5.06573009,3.85969996,0.0221902765,0.0121902758,0.00567395519,-0.00104961055,0.0110496106,5.08060646,6,2.5,7.14044523,1,1,0,45,0,26.8500538,0.706379652,66.0705338,0.402843595,11.7481394,3.85969996,581.887512,67.4512024,1.38960004,0.0250000004,50,1,0.119999997,0.550000012,0.0133333337
SL11_rand_35_r0,1,1586,26.2223358,26,4.75812244,3.85969996,0.0224953927,0.0124953939,0.00407024194,-6.28859707e-05,0.0100628864,4.5064435,6,2.5,7.14044523,1,1,0,46,0,26.8500538,0.706379652,66.0705338,0.402843595,11.7481394,3.85969996,581.887512,67.4512024,1.38960004,0.0250000004,50,1,0.119999997,0.550000012,0.0133333337
SL11_rand_35_r0,1,1587,26.3335037,26,5.44115496,3.85969996,0.0228287261,0.0128287273,0.00437242491,-0.00435938686,0.0143593866,6,6,2.5,7.14044523,1,1,0,47,0,26.8500538,0.706379652,66.0705338,0.402843595,11.7481394,3.85969996,581.887512,67.4512024,1.38960004,0.0250000004,50,1,0.119999997,0.550000012,0.0133333337
SL11_rand_35_r0,1,1588,26.4446716,26,4.04037428,3.85969996,0.0229344703,0.0129344696,0.00443887059,0.00270768837,0.00729231164,2.89428091,6,2.5,7.14044523,1,1,0,48,0,26.8500538,0.706379652,66.0705338,0.402843595,11.7481394,3.85969996,581.887512,67.4512024,1.38960004,0.0250000004,50,1,0.119999997,0.550000012,0.0133333337
SL11_rand_35_r0,1,1589,29.1111679,29,5.11816835,3.85969996,0.0232678037,0.013267803,0.00181155594,-0.0011294455,0.0111294454,6,6,2.5,7.14044523,1,1,0,49,0,8.77859211,-0.740202606,81.1742401,0.810426533,6.13450336,3.85969996,581.887512,67.4512024,1.38960004,0.0250000004,50,1,0.119999997,0.550000012,0.0133333337
SL11_rand_35_r0,1,1590,29.2223358,29,4.31632757,3.85969996,0.0234501995,0.0134501997,0.0014789796,0.00139129139,0.00860870909,3.66027594,6,2.5,7.14044523,1,1,0,50,0,8.77859211,-0.740202606,81.1742401,0.810426533,6.13450336,3.85969996,581.887512,67.4512024,1.38960004,0.0250000004,50,1,0.119999997,0.550000012,0.0133333337
SL11_rand_35_r0,1,1591,29.3335037,29,5.24234724,3.85969996,0.0237835329,0.0137835331,0.00287143607,-0.00200705719,0.0120070577,6,6,2.5,7.14044523,1,1,0,51,0,8.77859211,-0.740202606,81.1742401,0.810426533,6.13450336,3.85969996,581.887512,67.4512024,1.38960004,0.0250000004,50,1,0.119999997,0.550000012,0.0133333337
SL11_rand_35_r0,1,1592,29.4446716,29,4.59838629,3.85969996,0.024044279,0.0140442792,0.0013939942,0.000684569008,0.00931543112,4.07150888,6,2.5,7.14044523,1,1,0,52,0,8.77859211,-0.740202606,81.1742401,0.810426533,6.13450336,3.85969996,581.887512,67.4512024,1.38960004,0.0250000004,50,1,0.119999997,0.550000012,0.0133333337
SL11_rand_35_r0,1,1593,30.1111679,30,4.4992156,3.85969996,0.0242653806,0.0142653799,0.00162041478,0.000593826175,0.0094061736,4.41807652,6,2.5,7.14044523,1,1,0,53,0,1.12299633,-5.25277901,83.6478882,0.895734608,13.6795959,3.85969996,581.887512,67.4512024,1.38960004,0.0250000004,50,1,0.119999997,0.550000012,0.0133333337
SL11_rand_35_r0,1,1594,30.2223358,30,4.62740564,3.85969996,0.0245154817,0.0145154819,0.000940128637,0.000329574395,0.00967042521,4.73228836,6,2.5,7.14044523,1,1,0,54,0,1.12299633,-5.25277901,83.6478882,0.895734608,13.6795959,3.85969996,581.887512,67.4512024,1.38960004,0.0250000004,50,1,0.119999997,0.550000012,0.0133333337
SL11_rand_35_r0,1,1595,30.3335037,30,4.25781107,3.85969996,0.024667751,0.0146677522,0.0020041354,0.00146296353,0.00853703637,3.95541501,6,2.5,7.14044523,1,1,0,55,0,1.12299633,-5.25277901,83.6478882,0.895734608,13.6795959,3.85969996,581.887512,67.4512024,1.38960004,0.0250000004,50,1,0.119999997,0.550000012,0.0133333337
SL11_rand_35_r0,1,1596,30.4446716,30,4.42585373,3.85969996,0.0248503946,0.0148503948,0.00119404518,0.00109863793,0.00890136231,4.56334352,6,2.5,7.14044523,1,1,0,56,0,1.12299633,-5.25277901,83.6478882,0.895734608,13.6795959,3.85969996,581.887512,67.4512024,1.38960004,0.0250000004,50,1,0.119999997,0.550000012,0.0133333337
SL11_rand_35_r0,1,1597,32.1111679,32,4.50760794,3.85969996,0.0250608101,0.0150608104,0.00210742862,0.00086822093,0.00913177896,4.57449722,6,2.5,7.14044523,1,1,0,57,0,3.15322495,-2.31908774,85.3178253,1.02843606,5.03277016,3.85969996,581.887512,67.4512024,1.38960004,0.0250000004,50,1,0.119999997,0.550000012,0.0133333337
SL11_rand_35_r0,1,1598,32.2223358,32,4.97428513,3.85969996,0.0253941435,0.0153941438,0.00157982914,-0.000668173598,0.0106681734,5.35611248,6,2.5,7.14044523,1,1,0,58,0,3.15322495,-2.31908774,85.3178253,1.02843606,5.03277016,3.85969996,581.887512,67.4512024,1.38960004,0.0250000004,50,1,0.119999997,0.550000012,0.0133333337
SL11_rand_35_r0,1,1599,32.3335037,32,5.17242575,3.85969996,0.0257274769,0.0157274771,0.00175453082,-0.00148600759,0.0114860078,5.33454037,6,2.5,7.14044523,1,1,0,59,0,3.15322495,-2.31908774,85.3178253,1.02843606,5.03277016,3.85969996,581.887512,67.4512024,1.38960004,0.0250000004,50,1,0.119999997,0.550000012,0.0133333337
SL11_rand_35_r0,1,1600,32.4446716,32,4.54056025,3.85969996,0.0259721596,0.0159721598,0.000811437494,0.000766938261,0.00923306216,4.02357912,6,2.5,7.14044523,1,1,0,60,0,3.15322495,-2.31908774,85.3178253,1.02843606,5.03277016,3.85969996,581.887512,67.4512024,1.38960004,0.0250000004,50,1,0.119999997,0.550000012,0.0133333337
SL11_rand_35_r0,2,2050,0.0133333337,0,0,3.85969996,0.0676666647,0.0576666668,0.156519234,0.154126212,0,0,6,2.5,7.14044523,0,0,0,0,0,26.2745533,4.28917789,51.839138,0.497630328,35.5762978,3.85969996,581.887512,67.4512024,1.38960004,0.0250000004,50,1,0.119999997,0.550000012,0.0133333337
SL11_rand_35_r0,2,2051,0.0266666673,0,0,3.85969996,0.0673333332,0.0573333316,0.152874559,0.150555268,0,0,6,2.5,7.14044523,0,0,0,0,0,26.2745533,4.28917789,51.839138,0.497630328,35.5762978,3.85969996,581.887512,67.4512024,1.38960004,0.0250000004,50,1,0.119999997,0.550000012,0.0133333337
SL11_rand_35_r0,2,2052,0.0399999991,0,0,3.85969996,0.0670000017,0.057,0.149667427,0.147414908,0,0,6,2.5,7.14044523,0,0,0,0,0,26.2745533,4.28917789,51.839138,0.497630328,35.5762978,3.85969996,581.887512,67.4512024,1.38960004,0.0250000004,50,1,0.119999997,0.550000012,0.0133333337
SL11_rand_35_r0,2,2053,0.0533333346,0,0,3.85969996,0.0666666701,0.0566666685,0.146235585,0.143863142,0,0,6,2.5,7.14044523,0,0,0,0,0,26.2745533,4.28917789,51.839138,0.497630328,35.5762978,3.85969996,581.887512,67.4512024,1.38960004,0.0250000004,50,1,0.119999997,0.550000012,0.0133333337
SL11_rand_35_r0,2,2054,0.0666666701,0,0,3.85969996,0.0663333312,0.0563333333,0.142834187,0.140695259,0,0,6,2.5,7.14044523,0,0,0,0,0,26.2745533,4.28917789,51.839138,0.497630328,35.5762978,3.85969996,581.887512,67.4512024,1.38960004,0.0250000004,50,1,0.119999997,0.550000012,0.0133333337
SL11_rand_35_r0,2,2055,0.0799999982,0,0,3.85969996,0.0659999996,0.0560000017,0.139513135,0.139432564,0,0,6,2.5,7.14044523,0,0,0,0,0,26.2745533,4.28917789,51.839138,0.497630328,35.5762978,3.85969996,581.887512,67.4512024,1.38960004,0.0250000004,50,1,0.119999997,0.550000012,0.0133333337
SL11_rand_35_r0,2,2056,0.0933333337,0,0,3.85969996,0.0656666681,0.0556666665,0.135990247,0.133956179,0,0,6,2.5,7.14044523,0,0,0,0,0,26.2745533,4.28917789,51.839138,0.497630328,35.5762978,3.85969996,581.887512,67.4512024,1.38960004,0.0250000004,50,1,0.119999997,0.550000012,0.0133333337
SL11_rand_35_r0,2,2057,0.106666669,0,0,3.85969996,0.0653333366,0.055333335,0.132787317,0.132704705,0,0,6,2.5,7.14044523,0,0,0,0,0,26.2745533,4.28917789,51.839138,0.497630328,35.5762978,3.85969996,581.887512,67.4512024,1.38960004,0.0250000004,50,1,0.119999997,0.550000012,0.0133333337
SL11_rand_35_r0,2,2058,0.119999997,0,0,3.85969996,0.0649999976,0.0549999997,0.129188627,0.127245098,0,0,6,2.5,7.14044523,0,0,0,0,0,26.2745533,4.28917789,51.839138,0.497630328,35.5762978,3.85969996,581.887512,67.4512024,1.38960004,0.0250000004,50,1,0.119999997,0.550000012,0.0133333337
SL11_rand_35_r0,2,2059,0.13333334,0,0,3.85969996,0.0646666661,0.0546666682,0.126328975,0.124049656,0,0,6,2.5,7.14044523,0,0,0,0,0,26.2745533,4.28917789,51.839138,0.497630328,35.5762978,3.85969996,581.887512,67.4512024,1.38960004,0.0250000004,50,1,0.119999997,0.550000012,0.0133333337
SL11_rand_35_r0,2,2060,0.146666661,0,0,3.85969996,0.0643333346,0.0543333329,0.122474685,0.120602824,0,0,6,2.5,7.14044523,0,0,0,0,0,26.2745533,4.28917789,51.839138,0.497630328,35.5762978,3.85969996,581.887512,67.4512024,1.38960004,0.0250000004,50,1,0.119999997,0.550000012,0.0133333337
SL11_rand_35_r0,2,2061,0.159999996,0,0,3.85969996,0.064000003,0.0540000014,0.119482838,0.117455788,0,0,6,2.5,7.14044523,0,0,0,0,0,26.2745533,4.28917789,51.839138,0.497630328,35.5762978,3.85969996,581.887512,67.4512024,1.38960004,0.0250000004,50,1,0.119999997,0.550000012,0.0133333337
SL11_rand_35_r0,2,2062,0.173333332,0,0,3.85969996,0.0636666641,0.0536666662,0.115880989,0.114058793,0,0,6,2.5,7.14044523,0,0,0,0,0,26.2745533,4.28917789,51.839138,0.497630328,35.5762978,3.85969996,581.887512,67.4512024,1.38960004,0.0250000004,50,1,0.119999997,0.550000012,0.0133333337
SL11_rand_35_r0,2,2063,0.186666667,0,0,3.85969996,0.0633333325,0.0533333346,0.112765707,0.110973008,0,0,6,2.5,7.14044523,0,0,0,0,0,26.2745533,4.28917789,51.839138,0.497630328,35.5762978,3.85969996,581.887512,67.4512024,1.38960004,0.0250000004,50,1,0.119999997,0.550000012,0.0133333337
SL11_rand_35_r0,2,2064,0.200000003,0,0,3.85969996,0.063000001,0.0529999994,0.109431148,0.107636116,0,0,6,2.5,7.14044523,0,0,0,0,0,26.2745533,4.28917789,51.839138,0.497630328,35.5762978,3.85969996,581.887512,67.4512024,1.38960004,0.0250000004,50,1,0.119999997,0.550000012,0.0133333337
SL11_rand_35_r0,2,2065,0.213333338,0,0,3.85969996,0.0626666695,0.0526666678,0.106200904,0.104616225,0,0,6,2.5,7.14044523,0,0,0,0,0,26.2745533,4.28917789,51.839138,0.497630328,35.5762978,3.85969996,581.887512,67.4512024,1.38960004,0.0250000004,50,1,0.119999997,0.550000012,0.0133333337
SL11_rand_35_r0,2,2066,0.226666674,0,0,3.85969996,0.0623333342,0.0523333326,0.10313905,0.101351671,0,0,6,2.5,7.14044523,0,0,0,0,0,26.2745533,4.28917789,51.839138,0.497630328,35.5762978,3.85969996,581.887512,67.4512024,1.38960004,0.0250000004,50,1,0.119999997,0.550000012,0.0133333337
SL11_rand_35_r0,2,2067,0.239999995,0,0,3.85969996,0.061999999,0.0520000011,0.0998022184,0.0983994603,0,0,6,2.5,7.14044523,0,0,0,0,0,26.2745533,4.28917789,51.839138,0.497630328,35.5762978,3.85969996,581.887512,67.4512024,1.38960004,0.0250000004,50,1,0.119999997,0.550000012,0.0133333337
SL11_rand_35_r0,2,2068,0.25333333,0,0,3.85969996,0.0616666675,0.0516666658,0.0970098525,0.0952156037,0,0,6,2.5,7.14044523,0,0,0,0,0,26.2745533,4.28917789,51.839138,0.497630328,35.5762978,3.85969996,581.887512,67.4512024,1.38960004,0.0250000004,50,1,0.119999997,0.550000012,0.0133333337
SL11_rand_35_r0,2,2069,0.266666681,0,0,3.85969996,0.0613333322,0.0513333343,0.0935738012,0.0923533216,0,0,6,2.5,7.14044523,0,0,0,0,0,26.2745533,4.28917789,51.839138,0.497630328,35.5762978,3.85969996,581.887512,67.4512024,1.38960004,0.0250000004,50,1,0.119999997,0.550000012,0.0133333337
SL11_rand_35_r0,2,2070,0.280000001,0,0,3.85969996,0.0610000007,0.050999999,0.0910437778,0.0892303959,0,0,6,2.5,7.14044523,0,0,0,0,0,26.2745533,4.28917789,51.839138,0.497630328,35.5762978,3.85969996,581.887512,67.4512024,1.38960004,0.0250000004,50,1,0.119999997,0.550000012,0.0133333337
SL11_rand_35_r0,2,2071,0.293333322,0,0,3.85969996,0.0606666654,0.0506666675,0.0875119343,0.0864468738,0,0,6,2.5,7.14044523,0,0,0,0,0,26.2745533,4.28917789,51.839138,0.497630328,35.5762978,3.85969996,581.887512,67.4512024,1.38960004,0.0250000004,50,1,0.119999997,0.550000012,0.0133333337
SL11_rand_35_r0,2,2072,0.306666672,0,0,3.85969996,0.0603333339,0.0503333323,0.0852338225,0.0833959281,0,0,6,2.5,7.14044523,0,0,0,0,0,26.2745533,4.28917789,51.839138,0.497630328,35.5762978,3.85969996,581.887512,67.4512024,1.38960004,0.0250000004,50,1,0.119999997,0.550000012,0.0133333337
SL11_rand_35_r0,2,2073,0.319999993,0,0,3.85969996,0.0599999987,0.0500000007,0.0816059485,0.0806853846,0,0,6,2.5,7.14044523,0,0,0,0,0,26.2745533,4.28917789,51.839138,0.497630328,35.5762978,3.85969996,581.887512,67.4512024,1.38960004,0.0250000004,50,1,0.119999997,0.550000012,0.0133333337
SL11_rand_35_r0,2,2074,0.333333343,0,0,3.85969996,0.0596666671,0.0496666655,0.0794295743,0.0779711381,0,0,6,2.5,7.14044523,0,0,0,0,0,26.2745533,4.28917789,51.839138,0.497630328,35.5762978,3.85969996,581.887512,67.4512024,1.38960004,0.0250000004,50,1,0.119999997,0.550000012,0.0133333337
SL11_rand_35_r0,2,2075,0.346666664,0,0,3.85969996,0.0593333319,0.049333334,0.0758366138,0.0750493035,0,0,6,2.5,7.14044523,0,0,0,0,0,26.2745533,4.28917789,51.839138,0.497630328,35.5762978,3.85969996,581.887512,67.4512024,1.38960004,0.0250000004,50,1,0.119999997,0.550000012,0.0133333337
SL11_rand_35_r0,2,2076,0.360000014,0,0.741963208,3.85969996,0.0590000004,0.0489999987,0.0736473501,0.0723918304,0,1.34902406,6,2.5,7.14044523,0,0,0,0,0,26.2745533,4.28917789,51.839138,0.497630328,35.5762978,3.85969996,581.887512,67.4512024,1.38960004,0.0250000004,50,1,0.119999997,0.550000012,0.0133333337
SL11_rand_35_r0,2,2077,0.373333335,0,1.07584667,3.85969996,0.0586666651,0.0486666672,0.070178993,0.069514513,0,1.34902406,6,2.5,7.14044523,0,0,0,0,0,26.2745533,4.28917789,51.839138,0.497630328,35.5762978,3.85969996,581.887512,67.4512024,1.38960004,0.0250000004,50,1,0.119999997,0.550000012,0.0133333337
SL11_rand_35_r0,2,2078,0.386666656,0,1.22609425,3.85969996,0.0583333336,0.0483333319,0.0679831952,0.0668802634,0,1.34902406,6,2.5,7.14044523,0,0,0,0,0,26.2745533,4.28917789,51.839138,0.497630328,35.5762978,3.85969996,581.887512,67.4512024,1.38960004,0.0250000004,50,1,0.119999997,0.550000012,0.0133333337
SL11_rand_35_r0,2,2079,0.400000006,0,1.29370558,3.85969996,0.0579999983,0.0480000004,0.0646147728,0.0640665889,0,1.34902406,6,2.5,7.14044523,0,0,0,0,0,26.2745533,4.28917789,51.839138,0.497630328,35.5762978,3.85969996,581.887512,67.4512024,1.38960004,0.0250000004,50,1,0.119999997,0.550000012,0.0133333337
SL11_rand_35_r0,2,2080,0.413333327,0,1.32413065,3.85969996,0.0576666668,0.0476666652,0.0624390319,0.061484769,0,1.34902406,6,2.5,7.14044523,0,0,0,0,0,26.2745533,4.28917789,51.839138,0.497630328,35.5762978,3.85969996,581.887512,67.4512024,1.38960004,0.0250000004,50,1,0.119999997,0.550000012,0.0133333337
SL11_rand_35_r0,2,2081,0.426666677,0,1.33782208,3.85969996,0.0573333316,0.0473333336,0.0591747761,0.0587344915,0,1.34902406,6,2.5,7.14044523,0,0,0,0,0,26.2745533,4.28917789,51.839138,0.497630328,35.5762978,3.85969996,581.887512,67.4512024,1.38960004,0.0250000004,50,1,0.119999997,0.550000012,0.0133333337
SL11_rand_35_r0,2,2082,0.439999998,0,1.34398305,3.85969996,0.057,0.0469999984,0.0570762046,0.0562437847,0,1.34902406,6,2.5,7.14044523,0,0,0,0,0,26.2745533,4.28917789,51.839138,0.497630328,35.5762978,3.85969996,581.887512,67.4512024,1.38960004,0.0250000004,50,1,0.119999997,0.550000012,0.0133333337
SL11_rand_35_r0,2,2083,0.453333348,0,1.34675562,3.85969996,0.0566666685,0.0466666669,0.0539527163,0.0536024757,0,1.34902406,6,2.5,7.14044523,0,0,0,0,0,26.2745533,4.28917789,51.839138,0.497630328,35.5762978,3.85969996,581.887512,67.4512024,1.38960004,0.0250000004,50,1,0.119999997,0.550000012,0.0133333337
SL11_rand_35_r0,2,2084,0.466666669,0,1.34800327,3.85969996,0.0563333333,0.0463333316,0.0519946814,0.0512578152,0,1.34902406,6,2.5,7.14044523,0,0,0,0,0,26.2745533,4.28917789,51.839138,0.497630328,35.5762978,3.85969996,581.887512,67.4512024,1.38960004,0.0250000004,50,1,0.119999997,0.550000012,0.0133333337
SL11_rand_35_r0,2,2085,0.479999989,0,1.34856462,3.85969996,0.0560000017,0.0460000001,0.049061358,0.0487763956,0,1.34902406,6,2.5,7.14044523,0,0,0,0,0,26.2745533,4.28917789,51.839138,0.497630328,35.5762978,3.85969996,581.887512,67.4512024,1.38960004,0.0250000004,50,1,0.119999997,0.550000012,0.0133333337
SL11_rand_35_r0,2,2086,0.49333334,0,1.34881735,3.85969996,0.0556666665,0.0456666648,0.0472871661,0.046626132,0,1.34902406,6,2.5,7.14044523,0,0,0,0,0,26.2745533,4.28917789,51.839138,0.497630328,35.5762978,3.85969996,581.887512,67.4512024,1.38960004,0.0250000004,50,1,0.119999997,0.550000012,0.0133333337
SL11_rand_35_r0,2,2087,0.50666666,0,1.34893095,3.85969996,0.055333335,0.0453333333,0.0445931368,0.0443428755,0,1.34902406,6,2.5,7.14044523,0,0,0,0,0,26.2745533,4.28917789,51.839138,0.497630328,35.5762978,3.85969996,581.887512,67.4512024,1.38960004,0.0250000004,50,1,0.119999997,0.550000012,0.0133333337
SL11_rand_35_r0,2,2088,0.519999981,0,1.3489821,3.85969996,0.0549999997,0.0450000018,0.0430145822,0.0424197987,0,1.34902406,6,2.5,7.14044523,0,0,0,0,0,26.2745533,4.28917789,51.839138,0.497630328,35.5762978,3.85969996,581.887512,67.4512024,1.38960004,0.0250000004,50,1,0.119999997,0.550000012,0.0133333337
SL11_rand_35_r0,2,2089,0.533333361,0,1.34900522,3.85969996,0.0546666682,0.0446666665,0.0406025015,0.0403505974,0,1.34902406,6,2.5,7.14044523,0,0,0,0,0,26.2745533,4.28917789,51.839138,0.497630328,35.5762978,3.85969996,581.887512,67.4512024,1.38960004,0.0250000004,50,1,0.119999997,0.550000012,0.0133333337
SL11_rand_35_r0,2,2090,0.546666682,0,1.34901547,3.85969996,0.0543333329,0.044333335,0.0391806737,0.0386509821,0,1.34902406,6,2.5,7.14044523,0,0,0,0,0,26.2745533,4.28917789,51.839138,0.497630328,35.5762978,3.85969996,581.887512,67.4512024,1.38960004,0.0250000004,50,1,0.119999997,0.550000012,0.0133333337
SL11_rand_35_r0,2,2091,0.560000002,0,1.34902024,3.85969996,0.0540000014,0.0439999998,0.037087433,0.0367870294,0,1.34902406,6,2.5,7.14044523,0,0,0,0,0,26.2745533,4.28917789,51.839138,0.497630328,35.5762978,3.85969996,581.887512,67.4512024,1.38960004,0.0250000004,50,1,0.119999997,0.550000012,0.0133333337
SL11_rand_35_r0,2,2092,0.573333323,0,1.34902227,3.85969996,0.0536666662,0.0436666682,0.0357504934,0.0353102572,0,1.34902406,6,2.5,7.14044523,0,0,0,0,0,26.2745533,4.28917789,51.839138,0.497630328,35.5762978,3.85969996,581.887512,67.4512024,1.38960004,0.0250000004,50,1,0.119999997,0.550000012,0.0133333337
SL11_rand_35_r0,2,2093,0.586666644,0,1.34902322,3.85969996,0.0533333346,0.043333333,0.0340353847,0.0336209312,0,1.34902406,6,2.5,7.14044523,0,0,0,0,0,26.2745533,4.28917789,51.839138,0.497630328,35.5762978,3.85969996,581.887512,67.4512024,1.38960004,0.0250000004,50,1,0.119999997,0.550000012,0.0133333337
SL11_rand_35_r0,2,2094,0.600000024,0,1.3490237,3.85969996,0.0529999994,0.0430000015,0.0326897725,0.0323585533,0,1.34902406,6,2.5,7.14044523,0,0,0,0,0,26.2745533,4.28917789,51.839138,0.497630328,35.5762978,3.85969996,581.887512,67.4512024,1.38960004,0.0250000004,50,1,0.119999997,0.550000012,0.0133333337
SL11_rand_35_r0,2,2095,0.613333344,0,1.34902382,3.85969996,0.0526666678,0.0426666662,0.0314362831,0.0308279209,0,1.34902406,6,2.5,7.14044523,0,0,0,0,0,26.2745533,4.28917789,51.839138,0.497630328,35.5762978,3.85969996,581.887512,67.4512024,1.38960004,0.0250000004,50,1,0.119999997,0.550000012,0.0133333337
SL11_rand_35_r0,2,2096,0.626666665,0,1.34902394,3.85969996,0.0523333326,0.0423333347,0.0299667642,0.0297515541,0,1.34902406,6,2.5,7.14044523,0,0,0,0,0,26.2745533,4.28917789,51.839138,0.497630328,35.5762978,3.85969996,581.887512,67.4512024,1.38960004,0.0250000004,50,1,0.119999997,0.550000012,0.0133333337
SL11_rand_35_r0,2,2097,0.639999986,0,1.34902394,3.85969996,0.0520000011,0.0419999994,0.029276669,0.0283665005,0,1.34902406,6,2.5,7.14044523,0,0,0,0,0,26.2745533,4.28917789,51.839138,0.497630328,35.5762978,3.85969996,581.887512,67.4512024,1.38960004,0.0250000004,50,1,0.119999997,0.550000012,0.0133333337
SL11_rand_35_r0,2,2098,0.653333306,0,1.34902394,3.85969996,0.0516666658,0.0416666679,0.0275527891,0.0274503231,0,1.34902406,6,2.5,7.14044523,0,0,0,0,0,26.2745533,4.28917789,51.839138,0.497630328,35.5762978,3.85969996,581.887512,67.4512024,1.38960004,0.0250000004,50,1,0.119999997,0.550000012,0.0133333337
SL11_rand_35_r0,2,2099,0.666666687,0,1.34902394,3.85969996,0.0513333343,0.0413333327,0.0275520906,0.0261949133,0,1.34902406,6,2.5,7.14044523,0,0,0,0,0,26.2745533,4.28917789,51.839138,0.497630328,35.5762978,3.85969996,581.887512,67.4512024,1.38960004,0.0250000004,50,1,0.119999997,0.550000012,0.0133333337
SL11_rand_35_r0,2,2100,0.680000007,0,1.34902394,3.85969996,0.050999999,0.0410000011,0.0254363511,0.0254161414,0,1.34902406,6,2.5,7.14044523,0,0,0,0,0,26.2745533,4.28917789,51.839138,0.497630328,35.5762978,3.85969996,581.887512,67.4512024,1.38960004,0.0250000004,50,1,0.119999997,0.550000012,0.0133333337
SL11_rand_35_r0,2,2101,0.693333328,0,1.34902406,3.85969996,0.0506666675,0.0406666659,0.0262658149,0.0242684186,0,1.34902406,6,2.5,7.14044523,0,0,0,0,0,26.2745533,4.28917789,51.839138,0.497630328,35.5762978,3.85969996,581.887512,67.4512024,1.38960004,0.0250000004,50,1,0.119999997,0.550000012,0.0133333337
SL11_rand_35_r0,2,2102,0.706666648,0,1.34902406,3.85969996,0.0503333323,0.0403333344,0.0236242451,0.0236112271,0,1.34902406,6,2.5,7.14044523,0,0,0,0,0,26.2745533,4.28917789,51.839138,0.497630328,35.5762978,3.85969996,581.887512,67.4512024,1.38960004,0.0250000004,50,1,0.119999997,0.550000012,0.0133333337
SL11_rand_35_r0,2,2103,0.720000029,0,1.34902406,3.85969996,0.0500000007,0.0399999991,0.0245904289,0.0230003167,0,1.34902406,6,2.5,7.14044523,0,0,0,0,0,26.2745533,4.28917789,51.839138,0.497630328,35.5762978,3.85969996,581.887512,67.4512024,1.38960004,0.0250000004,50,1,0.119999997,0.550000012,0.0133333337
SL11_rand_35_r0,2,2104,0.733333349,0,1.34902406,3.85969996,0.0496666655,0.0396666676,0.02213661,0.0220003892,0,1.34902406,6,2.5,7.14044523,0,0,0,0,0,26.2745533,4.28917789,51.839138,0.497630328,35.5762978,3.85969996,581.887512,67.4512024,1.38960004,0.0250000004,50,1,0.119999997,0.550000012,0.0133333337
SL11_rand_35_r0,2,2105,0.74666667,0,1.34902406,3.85969996,0.049333334,0.0393333323,0.0225461554,0.0214747004,0,1.34902406,6,2.5,7.14044523,0,0,0,0,0,26.2745533,4.28917789,51.839138,0.497630328,35.5762978,3.85969996,581.887512,67.4512024,1.38960004,0.0250000004,50,1,0.119999997,0.550000012,0.0133333337
SL11_rand_35_r0,2,2106,0.75999999,0,1.34902406,3.85969996,0.0489999987,0.0390000008,0.021004308,0.0205500964,0,1.34902406,6,2.5,7.14044523,0,0,0,0,0,26.2745533,4.28917789,51.839138,0.497630328,35.5762978,3.85969996,581.887512,67.4512024,1.38960004,0.0250000004,50,1,0.119999997,0.550000012,0.0133333337
SL11_rand_35_r0,2,2107,0.773333311,0,1.34902406,3.85969996,0.0486666672,0.0386666656,0.0206786562,0.0200922955,0,1.34902406,6,2.5,7.14044523,0,0,0,0,0,26.2745533,4.28917789,51.839138,0.497630328,35.5762978,3.85969996,581.887512,67.4512024,1.38960004,0.0250000004,50,1,0.119999997,0.550000012,0.0133333337
SL11_rand_35_r0,2,2108,0.786666691,0,1.34902406,3.85969996,0.0483333319,0.038333334,0.020264715,0.0192286409,0,1.34902406,6,2.5,7.14044523,0,0,0,0,0,26.2745533,4.28917789,51.839138,0.497630328,35.5762978,3.85969996,581.887512,67.4512024,1.38960004,0.0250000004,50,1,0.119999997,0.550000012,0.0133333337
SL11_rand_35_r0,2,2109,0.800000012,0,1.34902406,3.85969996,0.0480000004,0.0379999988,0.019029757,0.0188270994,0,1.34902406,6,2.5,7.14044523,0,0,0,0,0,26.2745533,4.28917789,51.839138,0.497630328,35.5762978,3.85969996,581.887512,67.4512024,1.38960004,0.0250000004,50,1,0.119999997,0.550000012,0.0133333337
SL11_rand_35_r0,2,2110,0.813333333,0,1.34902406,3.85969996,0.0476666652,0.0376666673,0.0199495349,0.0180099513,0,1.34902406,6,2.5,7.14044523,0,0,0,0,0,26.2745533,4.28917789,51.839138,0.497630328,35.5762978,3.85969996,581.887512,67.4512024,1.38960004,0.0250000004,50,1,0.119999997,0.550000012,0.0133333337
SL11_rand_35_r0,2,2111,0.826666653,0,1.34902406,3.85969996,0.0473333336,0.037333332,0.0176641569,0.0176557247,0,1.34902406,6,2.5,7.14044523,0,0,0,0,0,26.2745533,4.28917789,51.839138,0.497630328,35.5762978,3.85969996,581.887512,67.4512024,1.38960004,0.0250000004,50,1,0.119999997,0.550000012,0.0133333337
SL11_rand_35_r0,2,2112,0.839999974,0,1.34902406,3.85969996,0.0469999984,0.0370000005,0.0198260099,0.0173191428,0,1.34902406,6,2.5,7.14044523,0,0,0,0,0,26.2745533,4.28917789,51.839138,0.497630328,35.5762978,3.85969996,581.887512,67.4512024,1.38960004,0.0250000004,50,1,0.119999997,0.550000012,0.0133333337
SL11_rand_35_r0,2,2113,0.853333354,0,1.34902406,3.85969996,0.0466666669,0.0366666652,0.0166592449,0.016559951,0,1.34902406,6,2.5,7.14044523,0,0,0,0,0,26.2745533,4.28917789,51.839138,0.497630328,35.5762978,3.85969996,581.887512,67.4512024,1.38960004,0.0250000004,50,1,0.119999997,0.550000012,0.0133333337
SL11_rand_35_r0,2,2114,0.866666675,0,1.34902406,3.85969996,0.0463333316,0.0363333337,0.017830357,0.0162581876,0,1.34902406,6,2.5,7.14044523,0,0,0,0,0,26.2745533,4.28917789,51.839138,0.497630328,35.5762978,3.85969996,581.887512,67.4512024,1.38960004,0.0250000004,50,1,0.119999997,0.550000012,0.0133333337
SL11_rand_35_r0,2,2115,0.879999995,0,1.34902406,3.85969996,0.0460000001,0.0359999985,0.016092116,0.0155232595,0,1.34902406,6,2.5,7.14044523,0,0,0,0,0,26.2745533,4.28917789,51.839138,0.497630328,35.5762978,3.85969996,581.887512,67.4512024,1.38960004,0.0250000004,50,1,0.119999997,0.550000012,0.0133333337
SL11_rand_35_r0,2,2116,0.893333316,0,1.34902406,3.85969996,0.0456666648,0.0356666669,0.0160290524,0.0152547052,0,1.34902406,6,2.5,7.14044523,0,0,0,0,0,26.2745533,4.28917789,51.839138,0.497630328,35.5762978,3.85969996,581.887512,67.4512024,1.38960004,0.0250000004,50,1,0.119999997,0.550000012,0.0133333337
SL11_rand_35_r0,2,2117,0.906666696,0,1.34902406,3.85969996,0.0453333333,0.0353333317,0.0160231255,0.0145342955,0,1.34902406,6,2.5,7.14044523,0,0,0,0,0,26.2745533,4.28917789,51.839138,0.497630328,35.5762978,3.85969996,581.887512,67.4512024,1.38960004,0.0250000004,50,1,0.119999997,0.550000012,0.0133333337
SL11_rand_35_r0,2,2118,0.920000017,0,1.34902406,3.85969996,0.0450000018,0.0350000001,0.0145207103,0.0142932637,0,1.34902406,6,2.5,7.14044523,0,0,0,0,0,26.2745533,4.28917789,51.839138,0.497630328,35.5762978,3.85969996,581.887512,67.4512024,1.38960004,0.0250000004,50,1,0.119999997,0.550000012,0.0133333337
SL11_rand_35_r0,2,2119,0.933333337,0,1.34902406,3.85969996,0.0446666665,0.0346666649,0.0164702926,0.0135868602,0,1.34902406,6,2.5,7.14044523,0,0,0,0,0,26.2745533,4.28917789,51.839138,0.497630328,35.5762978,3.85969996,581.887512,67.4512024,1.38960004,0.0250000004,50,1,0.119999997,0.550000012,0.0133333337
SL11_rand_35_r0,2,2120,0.946666658,0,1.34902406,3.85969996,0.044333335,0.0343333334,0.0134256165,0.0133661814,0,1.34902406,6,2.5,7.14044523,0,0,0,0,0,26.2745533,4.28917789,51.839138,0.497630328,35.5762978,3.85969996,581.887512,67.4512024,1.38960004,0.0250000004,50,1,0.119999997,0.550000012,0.0133333337
SL11_rand_35_r0,2,2121,0.959999979,0,1.34902406,3.85969996,0.0439999998,0.0340000018,0.0159531347,0.01315758,0,1.34902406,6,2.5,7.14044523,0,0,0,0,0,26.2745533,4.28917789,51.839138,0.497630328,35.5762978,3.85969996,581.887512,67.4512024,1.38960004,0.0250000004,50,1,0.119999997,0.550000012,0.0133333337
SL11_rand_35_r0,2,2122,0.973333359,0,1.34902406,3.85969996,0.0436666682,0.0336666666,0.0128695108,0.0124668358,0,1.34902406,6,2.5,7.14044523,0,0,0,0,0,26.2745533,4.28917789,51.839138,0.497630328,35.5762978,3.85969996,581.887512,67.4512024,1.38960004,0.0250000004,50,1,0.119999997,0.550000012,0.0133333337
SL11_rand_35_r0,2,2123,0.986666679,0,1.34902406,3.85969996,0.043333333,0.0333333351,0.0139134731,0.0122692538,0,1.34902406,6,2.5,7.14044523,0,0,0,0,0,26.2745533,4.28917789,51.839138,0.497630328,35.5762978,3.85969996,581.887512,67.4512024,1.38960004,0.0250000004,50,1,0.119999997,0.550000012,0.0133333337
SL11_rand_35_r0,2,2124,1,0,1.34902406,3.85969996,0.0430000015,0.0329999998,0.0129405204,0.0115885027,0,1.34902406,6,2.5,7.14044523,0,0,0,0,0,26.2745533,4.28917789,51.839138,0.497630328,35.5762978,3.85969996,581.887512,67.4512024,1.38960004,0.0250000004,50,1,0.119999997,0.550000012,0.0133333337
SL11_rand_35_r0,2,2125,1.01333332,1,1.34902406,3.85969996,0.0426666662,0.0326666683,0.0121638104,0.0114050601,0,1.34902406,6,2.5,7.14044523,0,0,0,0,0,11.1349678,2.88416147,86.8536835,0.654028416,2.16223836,3.85969996,581.887512,67.4512024,1.38960004,0.0250000004,50,1,0.119999997,0.550000012,0.0133333337
SL11_rand_35_r0,2,2126,1.02666664,1,1.34902406,3.85969996,0.0423333347,0.032333333,0.0134144649,0.0125068696,0,1.34902406,6,2.5,7.14044523,0,0,0,0,0,11.1349678,2.88416147,86.8536835,0.654028416,2.16223836,3.85969996,581.887512,67.4512024,1.38960004,0.0250000004,50,1,0.119999997,0.550000012,0.0133333337
SL11_rand_35_r0,2,2127,1.03999996,1,1.34902406,3.85969996,0.0419999994,0.0320000015,0.0108995568,0.010577728,0,1.34902406,6,2.5,7.14044523,0,0,0,0,0,11.1349678,2.88416147,86.8536835,0.654028416,2.16223836,3.85969996,581.887512,67.4512024,1.38960004,0.0250000004,50,1,0.119999997,0.550000012,0.0133333337
SL11_rand_35_r0,2,2128,1.05333328,1,1.34902406,3.85969996,0.0416666679,0.0316666663,0.0136119984,0.0124015743,0,1.34902406,6,2.5,7.14044523,0,0,0,0,0,11.1349678,2.88416147,86.8536835,0.654028416,2.16223836,3.85969996,581.887512,67.4512024,1.38960004,0.0250000004,50,1,0.119999997,0.550000012,0.0133333337
SL11_rand_35_r0,2,2129,1.06666672,1,1.42176092,3.85969996,0.0413333327,0.0313333347,0.0103369392,0.00977272447,0.000227275974,1.48127306,6,2.5,7.14044523,0,0,0,0,0,11.1349678,2.88416147,86.8536835,0.654028416,2.16223836,3.85969996,581.887512,67.4512024,1.38960004,0.0250000004,50,1,0.119999997,0.550000012,0.0133333337
SL11_rand_35_r0,2,2130,1.08000004,1,1.5014658,3.85969996,0.0410000011,0.0309999995,0.0124948397,0.00962595083,0.000374049589,1.56667876,6,2.5,7.14044523,0,0,0,0,0,11.1349678,2.88416147,86.8536835,0.654028416,2.16223836,3.85969996,581.887512,67.4512024,1.38960004,0.0250000004,50,1,0.119999997,0.550000012,0.0133333337
SL11_rand_35_r0,2,2131,1.09333336,1,1.74146318,3.85969996,0.0406666659,0.0306666661,0.0106059117,0.00898811966,0.00101188058,1.93782473,6,2.5,7.14044523,0,0,0,0,0,11.1349678,2.88416147,86.8536835,0.654028416,2.16223836,3.85969996,581.887512,67.4512024,1.38960004,0.0250000004,50,1,0.119999997,0.550000012,0.0133333337
SL11_rand_35_r0,2,2132,1.10666668,1,1.89518809,3.85969996,0.0403333344,0.0303333327,0.0105601093,0.00884524267,0.00115475757,2.02096295,6,2.5,7.14044523,0,0,0,0,0,11.1349678,2.88416147,86.8536835,0.654028416,2.16223836,3.85969996,581.887512,67.4512024,1.38960004,0.0250000004,50,1,0.119999997,0.550000012,0.0133333337
SL11_rand_35_r0,2,2133,1.12,1,1.59841752,3.85969996,0.0399999991,0.0299999993,0.0108949775,0.0099886898,1.13101651e-05,1.35560524,6,2.5,7.14044523,0,0,0,0,0,11.1349678,2.88416147,86.8536835,0.654028416,2.16223836,3.85969996,581.887512,67.4512024,1.38960004,0.0250000004,50,1,0.119999997,0.550000012,0.0133333337
SL11_rand_35_r0,2,2134,1.13333333,1,2.07597828,3.85969996,0.0396666676,0.0296666659,0.00916333962,0.00807920657,0.00192079332,2.46670961,6,2.5,7.14044523,0,0,0,0,0,11.1349678,2.88416147,86.8536835,0.654028416,2.16223836,3.85969996,581.887512,67.4512024,1.38960004,0.0250000004,50,1,0.119999997,0.550000012,0.0133333337
SL11_rand_35_r0,2,2135,1.14666665,1,1.69434261,3.85969996,0.0393333323,0.0293333326,0.0109221125,0.00994316582,5.68345276e-05,1.38209534,6,2.5,7.14044523,0,0,0,0,0,11.1349678,2.88416147,86.8536835,0.654028416,2.16223836,3.85969996,581.887512,67.4512024,1.38960004,0.0250000004,50,1,0.119999997,0.550000012,0.0133333337
SL11_rand_35_r0,2,2136,1.15999997,1,2.36093688,3.85969996,0.0390000008,0.0289999992,0.00860298332,0.00732369535,0.00267630466,2.90633225,6,2.5,7.14044523,0,0,0,0,0,11.1349678,2.88416147,86.8536835,0.654028416,2.16223836,3.85969996,581.887512,67.4512024,1.38960004,0.0250000004,50,1,0.119999997,0.550000012,0.0133333337
SL11_rand_35_r0,2,2137,1.17333329,1,2.05964637,3.85969996,0.0386666656,0.0286666658,0.0114728929,0.00920240302,0.000797597284,1.81313586,6,2.5,7.14044523,0,0,0,0,0,11.1349678,2.88416147,86.8536835,0.654028416,2.16223836,3.85969996,581.887512,67.4512024,1.38960004,0.0250000004,50,1,0.119999997,0.550000012,0.0133333337
SL11_rand_35_r0,2,2138,1.18666661,1,2.19796753,3.85969996,0.038333334,0.0283333343,0.00865946524,0.00834656134,0.00165343867,2.31113935,6,2.5,7.14044523,0,0,0,0,0,11.1349678,2.88416147,86.8536835,0.654028416,2.16223836,3.85969996,581.887512,67.4512024,1.38960004,0.0250000004,50,1,0.119999997,0.550000012,0.0133333337
SL11_rand_35_r0,2,2139,1.20000005,1,2.87518072,3.85969996,0.0380043015,0.0280042998,0.00984295551,0.00642501283,0.00357498717,3.42926431,6,2.5,7.14044523,0,1,0,0,0,11.1349678,2.88416147,86.8536835,0.654028416,2.16223836,3.85969996,581.887512,67.4512024,1.38960004,0.0250000004,50,1,0.119999997,0.550000012,0.0133333337
SL11_rand_35_r0,2,2140,1.21333337,1,2.56318974,3.85969996,0.0376709662,0.0276709665,0.00848311745,0.00832217839,0.00167782174,2.30792427,6,2.5,7.14044523,0,1,0,0,0,11.1349678,2.88416147,86.8536835,0.654028416,2.16223836,3.85969996,581.887512,67.4512024,1.38960004,0.0250000004,50,1,0.119999997,0.550000012,0.0133333337
SL11_rand_35_r0,2,2141,1.22666669,1,3.27968264,3.85969996,0.0374542959,0.0274542961,0.00838848576,0.00567462761,0.00432537217,3.86590409,6,2.5,7.14044523,0,1,0,0,0,11.1349678,2.88416147,86.8536835,0.654028416,2.16223836,3.85969996,581.887512,67.4512024,1.38960004,0.0250000004,50,1,0.119999997,0.550000012,0.0133333337
SL11_rand_35_r0,2,2142,1.24000001,1,2.72729993,3.85969996,0.0371209607,0.0271209627,0.00842187833,0.00759667438,0.00240332587,2.27535057,6,2.5,7.14044523,0,1,0,0,0,11.1349678,2.88416147,86.8536835,0.654028416,2.16223836,3.85969996,581.887512,67.4512024,1.38960004,0.0250000004,50,1,0.119999997,0.550000012,0.0133333337
SL11_rand_35_r0,2,2143,1.25333333,1,3.58914971,3.85969996,0.0369902551,0.0269902535,0.00787637103,0.00493841013,0.00506158965,4.2942996,6,2.5,7.14044523,1,1,0,1,0,11.1349678,2.88416147,86.8536835,0.654028416,2.16223836,3.85969996,581.887512,67.4512024,1.38960004,0.0250000004,50,1,0.119999997,0.550000012,0.0133333337
SL11_rand_35_r0,2,2144,1.26666665,1,2.90261889,3.85969996,0.0367026143,0.0267026126,0.00937943999,0.00688612368,0.00311387633,2.34091187,6,2.5,7.14044523,0,1,0,0,0,11.1349678,2.88416147,86.8536835,0.654028416,2.16223836,3.85969996,581.887512,67.4512024,1.38960004,0.0250000004,50,1,0.119999997,0.550000012,0.0133333337
SL11_rand_35_r0,2,2145,1.27999997,1,3.22501493,3.85969996,0.0364783704,0.0264783707,0.00711691845,0.00600491278,0.003995087,3.48879337,6,2.5,7.14044523,1,1,0,1,0,11.1349678,2.88416147,86.8536835,0.654028416,2.16223836,3.85969996,581.887512,67.4512024,1.38960004,0.0250000004,50,1,0.119999997,0.550000012,0.0133333337
SL11_rand_35_r0,2,2146,1.391168,1,3.23763847,3.85969996,0.0362682045,0.0262682028,0.00791243743,0.00597783877,0.00402216101,3.24796677,6,2.5,7.14044523,1,1,0,2,0,11.1349678,2.88416147,86.8536835,0.654028416,2.16223836,3.85969996,581.887512,67.4512024,1.38960004,0.0250000004,50,1,0.119999997,0.550000012,0.0133333337
SL11_rand_35_r0,2,2147,1.50233603,1,2.87390518,3.85969996,0.0359593444,0.0259593427,0.00742398296,0.00703424076,0.00296575949,2.57630515,6,2.5,7.14044523,1,1,0,3,0,11.1349678,2.88416147,86.8536835,0.654028416,2.16223836,3.85969996,581.887512,67.4512024,1.38960004,0.0250000004,50,1,0.119999997,0.550000012,0.0133333337
SL11_rand_35_r0,2,2148,1.51566935,1,2.90580463,3.85969996,0.0356428958,0.0256428961,0.00877476484,0.00710953446,0.00289046555,2.93190432,6,2.5,7.14044523,0,1,0,0,0,11.1349678,2.88416147,86.8536835,0.654028416,2.16223836,3.85969996,581.887512,67.4512024,1.38960004,0.0250000004,50,1,0.119999997,0.550000012,0.0133333337
SL11_rand_35_r0,2,2149,1.52900267,1,2.64120007,3.85969996,0.0353095606,0.0253095627,0.00943372864,0.00803395174,0.0019660485,2.42470527,6,2.5,7.14044523,0,1,0,0,0,11.1349678,2.88416147,86.8536835,0.654028416,2.16223836,3.85969996,581.887512,67.4512024,1.38960004,0.0250000004,50,1,0.119999997,0.550000012,0.0133333337
SL11_rand_35_r0,2,2150,1.54233599,1,2.89007545,3.85969996,0.0349846669,0.0249846671,0.00728331227,0.00700169429,0.00299830572,3.09370065,6,2.5,7.14044523,1,1,0,1,0,11.1349678,2.88416147,86.8536835,0.654028416,2.16223836,3.85969996,581.887512,67.4512024,1.38960004,0.0250000004,50,1,0.119999997,0.550000012,0.0133333337
SL11_rand_35_r0,2,2151,1.65350401,1,3.24958539,3.85969996,0.0347610414,0.0247610416,0.00732142944,0.00616961438,0.00383038586,3.54373002,6,2.5,7.14044523,1,1,0,2,0,11.1349678,2.88416147,86.8536835,0.654028416,2.16223836,3.85969996,581.887512,67.4512024,1.38960004,0.0250000004,50,1,0.119999997,0.550000012,0.0133333337
SL11_rand_35_r0,2,2152,1.66683733,1,2.86899662,3.85969996,0.0344485752,0.0244485755,0.00813040137,0.00715997163,0.00284002838,2.55760574,6,2.5,7.14044523,0,1,0,0,0,11.1349678,2.88416147,86.8536835,0.654028416,2.16223836,3.85969996,581.887512,67.4512024,1.38960004,0.0250000004,50,1,0.119999997,0.550000012,0.0133333337
SL11_rand_35_r0,2,2153,1.68017066,1,3.16607618,3.85969996,0.0342038237,0.0242038239,0.00773790013,0.00631446345,0.00368553633,3.4091413,6,2.5,7.14044523,1,1,0,1,0,11.1349678,2.88416147,86.8536835,0.654028416,2.16223836,3.85969996,581.887512,67.4512024,1.38960004,0.0250000004,50,1,0.119999997,0.550000012,0.0133333337
SL11_rand_35_r0,2,2154,1.79133868,1,2.89939642,3.85969996,0.0338962823,0.0238962807,0.00765501149,0.0070944922,0.00290550804,2.68120384,6,2.5,7.14044523,1,1,0,2,0,11.1349678,2.88416147,86.8536835,0.654028416,2.16223836,3.85969996,581.887512,67.4512024,1.38960004,0.0250000004,50,1,0.119999997,0.550000012,0.0133333337
SL11_rand_35_r0,2,2155,1.804672,1,2.94454885,3.85969996,0.033590816,0.0235908143,0.00821985677,0.00701515516,0.00298484485,2.98149204,6,2.5,7.14044523,0,1,0,0,0,11.1349678,2.88416147,86.8536835,0.654028416,2.16223836,3.85969996,581.887512,67.4512024,1.38960004,0.0250000004,50,1,0.119999997,0.550000012,0.0133333337
SL11_rand_35_r0,2,2156,1.81800532,1,3.23451281,3.85969996,0.0333662406,0.0233662408,0.00637716055,0.00615816796,0.00384183181,3.47175598,6,2.5,7.14044523,1,1,0,1,0,11.1349678,2.88416147,86.8536835,0.654028416,2.16223836,3.85969996,581.887512,67.4512024,1.38960004,0.0250000004,50,1,0.119999997,0.550000012,0.0133333337
SL11_rand_35_r0,2,2157,3.01333332,3,2.44543386,3.85969996,0.033032909,0.0230329074,0.00932585075,0.00846885145,0.00153114856,1.79982376,6,2.5,7.14044523,0,0,0,0,0,-0.175665006,-20.4588165,75.5418625,0.639810443,140.870209,3.85969996,581.887512,67.4512024,1.38960004,0.0250000004,50,1,0.119999997,0.550000012,0.0133333337
SL11_rand_35_r0,2,2158,3.02666664,3,1.84240842,3.85969996,0.0326995738,0.022699574,0.0117862355,0.0114832353,0,1.34902406,6,2.5,7.14044523,0,0,0,0,0,-0.175665006,-20.4588165,75.5418625,0.639810443,140.870209,3.85969996,581.887512,67.4512024,1.38960004,0.0250000004,50,1,0.119999997,0.550000012,0.0133333337
SL11_rand_35_r0,2,2159,3.03999996,3,1.57104695,3.85969996,0.0323662423,0.0223662406,0.0131105669,0.0121459914,0,1.34902406,6,2.5,7.14044523,0,0,0,0,0,-0.175665006,-20.4588165,75.5418625,0.639810443,140.870209,3.85969996,581.887512,67.4512024,1.38960004,0.0250000004,50,1,0.119999997,0.550000012,0.0133333337
SL11_rand_35_r0,2,2160,3.05333328,3,1.44893432,3.85969996,0.032032907,0.0220329072,0.0110906092,0.0100451158,0,1.34902406,6,2.5,7.14044523,0,0,0,0,0,-0.175665006,-20.4588165,75.5418625,0.639810443,140.870209,3.85969996,581.887512,67.4512024,1.38960004,0.0250000004,50,1,0.119999997,0.550000012,0.0133333337
SL11_rand_35_r0,2,2161,3.0666666,3,1.51376724,3.85969996,0.0316995755,0.0216995738,0.00992265809,0.00962572079,0.000374279276,1.5668124,6,2.5,7.14044523,0,0,0,0,0,-0.175665006,-20.4588165,75.5418625,0.639810443,140.870209,3.85969996,581.887512,67.4512024,1.38960004,0.0250000004,50,1,0.119999997,0.550000012,0.0133333337
SL11_rand_35_r0,2,2162,3.07999992,3,1.95864153,3.85969996,0.0313662402,0.0213662405,0.0103941867,0.00832681451,0.00167318538,2.32262969,6,2.5,7.14044523,0,0,0,0,0,-0.175665006,-20.4588165,75.5418625,0.639810443,140.870209,3.85969996,581.887512,67.4512024,1.38960004,0.0250000004,50,1,0.119999997,0.550000012,0.0133333337
SL11_rand_35_r0,2,2163,3.09333324,3,2.4313159,3.85969996,0.0310329068,0.0210329071,0.00928121619,0.00747541292,0.00252458686,2.81804967,6,2.5,7.14044523,0,0,0,0,0,-0.175665006,-20.4588165,75.5418625,0.639810443,140.870209,3.85969996,581.887512,67.4512024,1.38960004,0.0250000004,50,1,0.119999997,0.550000012,0.0133333337
SL11_rand_35_r0,2,2164,3.10666656,3,3.36713696,3.85969996,0.0308405291,0.0208405294,0.00750068529,0.00521594053,0.00478405971,4.13280869,6,2.5,7.14044523,1,1,0,1,0,-0.175665006,-20.4588165,75.5418625,0.639810443,140.870209,3.85969996,581.887512,67.4512024,1.38960004,0.0250000004,50,1,0.119999997,0.550000012,0.0133333337
SL11_rand_35_r0,2,2165,5.11116791,5,4.57438803,3.85969996,0.03100699,0.0210069902,0.00523479143,0.00177922135,0.00822077878,5.56213856,6,2.5,7.14044523,1,1,0,2,0,0.0141746877,-2.17723799,84.1069794,0.909952581,0.517083526,3.85969996,581.887512,67.4512024,1.38960004,0.0250000004,50,1,0.119999997,0.550000012,0.0133333337
SL11_rand_35_r0,2,2166,5.22233582,5,4.55915594,3.85969996,0.0312290266,0.0212290268,0.00243641087,0.00102855079,0.00897144899,4.54669333,6,2.5,7.14044523,1,1,0,3,0,0.0141746877,-2.17723799,84.1069794,0.909952581,0.517083526,3.85969996,581.887512,67.4512024,1.38960004,0.0250000004,50,1,0.119999997,0.550000012,0.0133333337
SL11_rand_35_r0,2,2167,5.3335042,5,5.13522434,3.85969996,0.0315623619,0.0215623602,0.00189610745,-0.0011793978,0.0111793978,5.6065526,6,2.5,7.14044523,1,1,0,4,0,0.0141746877,-2.17723799,84.1069794,0.909952581,0.517083526,3.85969996,581.887512,67.4512024,1.38960004,0.0250000004,50,1,0.119999997,0.550000012,0.0133333337
SL11_rand_35_r0,2,2168,5.44467211,5,4.78145933,3.85969996,0.03187396,0.0218739603,0.00172472943,-3.80901547e-05,0.0100380899,4.49201536,6,2.5,7.14044523,1,1,0,5,0,0.0141746877,-2.17723799,84.1069794,0.909952581,0.517083526,3.85969996,581.887512,67.4512024,1.38960004,0.0250000004,50,1,0.119999997,0.550000012,0.0133333337
SL11_rand_35_r0,2,2169,7.11116791,7,4.69452238,3.85969996,0.0321577899,0.0221577883,0.00248047826,-0.000112709757,0.0101127094,4.62339258,6,2.5,7.14044523,1,1,0,6,0,2.55417776,0.159098491,83.6942215,1.18483412,2.99984956,3.85969996,581.887512,67.4512024,1.38960004,0.0250000004,50,1,0.119999997,0.550000012,0.0133333337
SL11_rand_35_r0,2,2170,7.22233582,7,4.3296051,3.85969996,0.0323356241,0.0223356225,0.00361272041,0.00109843386,0.00890156627,4.0310359,6,2.5,7.14044523,1,1,0,7,0,2.55417776,0.159098491,83.6942215,1.18483412,2.99984956,3.85969996,581.887512,67.4512024,1.38960004,0.0250000004,50,1,0.119999997,0.550000012,0.0133333337
SL11_rand_35_r0,2,2171,7.3335042,7,4.52220345,3.85969996,0.0325492918,0.0225492902,0.00328021962,0.000720730342,0.00927926973,4.6797843,6,2.5,7.14044523,1,1,0,8,0,2.55417776,0.159098491,83.6942215,1.18483412,2.99984956,3.85969996,581.887512,67.4512024,1.38960004,0.0250000004,50,1,0.119999997,0.550000012,0.0133333337
SL11_rand_35_r0,2,2172,7.44467211,7,4.77927351,3.85969996,0.0328403376,0.0228403378,0.00117518799,-6.09343551e-05,0.0100609343,4.98960304,6,2.5,7.14044523,1,1,0,9,0,2.55417776,0.159098491,83.6942215,1.18483412,2.99984956,3.85969996,581.887512,67.4512024,1.38960004,0.0250000004,50,1,0.119999997,0.550000012,0.0133333337
SL11_rand_35_r0,2,2173,9.11116791,9,4.0443778,3.85969996,0.0329401456,0.0229401458,0.00218352815,0.00205861381,0.00794138666,3.44309974,6,2.5,7.14044523,1,1,0,10,0,1.83555245,0.469097197,85.1952057,1.2037915,165.360229,3.85969996,581.887512,67.4512024,1.38960004,0.0250000004,50,1,0.119999997,0.550000012,0.0133333337
SL11_rand_35_r0,2,2174,9.22233582,9,4.99334717,3.85969996,0.0332716815,0.0232716817,0.00121824828,-0.000609790906,0.0106097907,5.76977682,6,2.5,7.14044523,1,1,0,11,0,1.83555245,0.469097197,85.1952057,1.2037915,165.360229,3.85969996,581.887512,67.4512024,1.38960004,0.0250000004,50,1,0.119999997,0.550000012,0.0133333337
SL11_rand_35_r0,2,2175,9.33350372,9,5.05944347,3.85969996,0.0336050168,0.0236050151,0.00259105163,-0.00109368132,0.0110936817,5.11352205,6,2.5,7.14044523,1,1,0,12,0,1.83555245,0.469097197,85.1952057,1.2037915,165.360229,3.85969996,581.887512,67.4512024,1.38960004,0.0250000004,50,1,0.119999997,0.550000012,0.0133333337
SL11_rand_35_r0,2,2176,9.44467163,9,4.91564798,3.85969996,0.0339383483,0.0239383485,0.00124737679,-0.000563934154,0.0105639342,4.79799747,6,2.5,7.14044523,1,1,0,13,0,1.83555245,0.469097197,85.1952057,1.2037915,165.360229,3.85969996,581.887512,67.4512024,1.38960004,0.0250000004,50,1,0.119999997,0.550000012,0.0133333337
SL11_rand_35_r0,2,2177,11.1111679,11,4.21372795,3.85969996,0.0340922475,0.0240922458,0.00222019595,0.00142711657,0.0085728839,3.63942981,6,2.5,7.14044523,1,1,0,14,0,0.927972734,-23.4810219,52.9110336,0.909952581,5.9424696,3.85969996,581.887512,67.4512024,1.38960004,0.0250000004,50,1,0.119999997,0.550000012,0.0133333337
SL11_rand_35_r0,2,2178,11.2223358,11,4.98092604,3.85969996,0.034425579,0.0244255792,0.00296326657,-0.000709053304,0.0107090529,5.60863352,6,2.5,7.14044523,1,1,0,15,0,0.927972734,-23.4810219,52.9110336,0.909952581,5.9424696,3.85969996,581.887512,67.4512024,1.38960004,0.0250000004,50,1,0.119999997,0.550000012,0.0133333337
SL11_rand_35_r0,2,2179,11.3335037,11,4.88055468,3.85969996,0.0347589143,0.0247589126,0.00251346244,-0.00056468253,0.010564683,4.79843283,6,2.5,7.14044523,1,1,0,16,0,0.927972734,-23.4810219,52.9110336,0.909952581,5.9424696,3.85969996,581.887512,67.4512024,1.38960004,0.0250000004,50,1,0.119999997,0.550000012,0.0133333337
SL11_rand_35_r0,2,2180,11.4446716,11,4.77500868,3.85969996,0.0350687206,0.0250687208,0.000516174652,-0.000376020442,0.0103760203,4.68865252,6,2.5,7.14044523,1,1,0,17,0,0.927972734,-23.4810219,52.9110336,0.909952581,5.9424696,3.85969996,581.887512,67.4512024,1.38960004,0.0250000004,50,1,0.119999997,0.550000012,0.0133333337
SL11_rand_35_r0,2,2181,13.1111679,13,4.00632143,3.85969996,0.0351610817,0.0251610838,0.00239701662,0.00204105442,0.00795894582,3.37739587,6,2.5,7.14044523,1,1,0,18,0,-1.69425821,-24.4877014,67.7392807,0.838862538,151.189911,3.85969996,581.887512,67.4512024,1.38960004,0.0250000004,50,1,0.119999997,0.550000012,0.0133333337
SL11_rand_35_r0,2,2182,13.2223358,13,4.5757041,3.85969996,0.0353753679,0.0253753681,0.00214019744,0.000693456444,0.00930654351,5.04156208,6,2.5,7.14044523,1,1,0,19,0,-1.69425821,-24.4877014,67.7392807,0.838862538,151.189911,3.85969996,581.887512,67.4512024,1.38960004,0.0250000004,50,1,0.119999997,0.550000012,0.0133333337
SL11_rand_35_r0,2,2183,13.3335037,13,4.45616102,3.85969996,0.0355767645,0.0255767647,0.00324960635,0.00101961289,0.00898038689,4.35835314,6,2.5,7.14044523,1,1,0,20,0,-1.69425821,-24.4877014,67.7392807,0.838862538,151.189911,3.85969996,581.887512,67.4512024,1.38960004,0.0250000004,50,1,0.119999997,0.550000012,0.0133333337
SL11_rand_35_r0,2,2184,13.4446716,13,5.07131433,3.85969996,0.0359100997,0.0259100981,0.0027754656,-0.000980975688,0.0109809758,5.57462215,6,2.5,7.14044523,1,1,0,21,0,-1.69425821,-24.4877014,67.7392807,0.838862538,151.189911,3.85969996,581.887512,67.4512024,1.38960004,0.0250000004,50,1,0.119999997,0.550000012,0.0133333337
SL11_rand_35_r0,2,2185,15.1111679,15,4.8149538,3.85969996,0.0362310037,0.0262310021,0.00339477416,-0.000232609877,0.0102326097,4.60520363,6,2.5,7.14044523,1,1,0,22,0,1.98546576,1.06176734,84.1283722,1.21800947,8.29102135,3.85969996,581.887512,67.4512024,1.38960004,0.0250000004,50,1,0.119999997,0.550000012,0.0133333337
SL11_rand_35_r0,2,2186,15.2223358,15,4.99829245,3.85969996,0.0365643352,0.0265643355,0.00170582987,-0.00107949087,0.0110794911,5.14829636,6,2.5,7.14044523,1,1,0,23,0,1.98546576,1.06176734,84.1283722,1.21800947,8.29102135,3.85969996,581.887512,67.4512024,1.38960004,0.0250000004,50,1,0.119999997,0.550000012,0.0133333337
SL11_rand_35_r0,2,2187,15.3335037,15,5.00013018,3.85969996,0.0368976668,0.0268976688,0.0025981646,-0.000913893397,0.0109138936,5.00163412,6,2.5,7.14044523,1,1,0,24,0,1.98546576,1.06176734,84.1283722,1.21800947,8.29102135,3.85969996,581.887512,67.4512024,1.38960004,0.0250000004,50,1,0.119999997,0.550000012,0.0133333337
SL11_rand_35_r0,2,2188,15.4446716,15,5.10948324,3.85969996,0.037231002,0.0272310022,0.00171237206,-0.00125299627,0.0112529965,5.19895363,6,2.5,7.14044523,1,1,0,25,0,1.98546576,1.06176734,84.1283722,1.21800947,8.29102135,3.85969996,581.887512,67.4512024,1.38960004,0.0250000004,50,1,0.119999997,0.550000012,0.0133333337
SL11_rand_35_r0,2,2189,17.1111679,17,4.64071941,3.85969996,0.037503507,0.0275035072,0.00186419592,0.000365475949,0.00963452365,4.25718498,6,2.5,7.14044523,1,1,0,26,0,5.0538311,-2.01699781,85.0256653,1.09952605,7.0065136,3.85969996,581.887512,67.4512024,1.38960004,0.0250000004,50,1,0.119999997,0.550000012,0.0133333337
SL11_rand_35_r0,2,2190,17.2223358,17,4.88749743,3.85969996,0.0378344245,0.0278344247,0.00252263667,-0.000641671475,0.0106416717,5.08940697,6,2.5,7.14044523,1,1,0,27,0,5.0538311,-2.01699781,85.0256653,1.09952605,7.0065136,3.85969996,581.887512,67.4512024,1.38960004,0.0250000004,50,1,0.119999997,0.550000012,0.0133333337
SL11_rand_35_r0,2,2191,17.3335037,17,4.0233016,3.85969996,0.0379350223,0.0279350225,0.00242257211,0.00199935213,0.00800064765,3.31623268,6,2.5,7.14044523,1,1,0,28,0,5.0538311,-2.01699781,85.0256653,1.09952605,7.0065136,3.85969996,581.887512,67.4512024,1.38960004,0.0250000004,50,1,0.119999997,0.550000012,0.0133333337
SL11_rand_35_r0,2,2192,17.4446716,17,4.74484968,3.85969996,0.0381976627,0.0281976629,0.00178658054,0.000131540335,0.00986845978,5.33520699,6,2.5,7.14044523,1,1,0,29,0,5.0538311,-2.01699781,85.0256653,1.09952605,7.0065136,3.85969996,581.887512,67.4512024,1.38960004,0.0250000004,50,1,0.119999997,0.550000012,0.0133333337
SL11_rand_35_r0,2,2193,19.1111679,19,4.99841785,3.85969996,0.0385309979,0.0285309963,0.00252170209,-0.000773234409,0.0107732341,5.20588255,6,2.5,7.14044523,1,1,0,30,0,4.6922307,-0.241660759,85.9679489,1.0663507,167.363892,3.85969996,581.887512,67.4512024,1.38960004,0.0250000004,50,1,0.119999997,0.550000012,0.0133333337
SL11_rand_35_r0,2,2194,19.2223358,19,4.53129148,3.85969996,0.0387731045,0.0287731048,0.00234047906,0.000551230507,0.0094487695,4.14909697,6,2.5,7.14044523,1,1,0,31,0,4.6922307,-0.241660759,85.9679489,1.0663507,167.363892,3.85969996,581.887512,67.4512024,1.38960004,0.0250000004,50,1,0.119999997,0.550000012,0.0133333337
SL11_rand_35_r0,2,2195,19.3335037,19,4.32050276,3.85969996,0.0389414579,0.0289414581,0.00259296456,0.0011875222,0.00881247781,4.14803934,6,2.5,7.14044523,1,1,0,32,0,4.6922307,-0.241660759,85.9679489,1.0663507,167.363892,3.85969996,581.887512,67.4512024,1.38960004,0.0250000004,50,1,0.119999997,0.550000012,0.0133333337
SL11_rand_35_r0,2,2196,19.4446716,19,4.94185114,3.85969996,0.0392701142,0.0292701144,0.00314028258,-0.000537364511,0.0105373645,5.45022726,6,2.5,7.14044523,1,1,0,33,0,4.6922307,-0.241660759,85.9679489,1.0663507,167.363892,3.85969996,581.887512,67.4512024,1.38960004,0.0250000004,50,1,0.119999997,0.550000012,0.0133333337
SL11_rand_35_r0,2,2197,20.1111679,20,5.08449602,3.85969996,0.0396034457,0.0296034478,0.00191721926,-0.00122433575,0.011224336,5.20120525,6,2.5,7.14044523,1,1,0,34,0,6.79114389,-13.1300039,89.270401,0.900473952,168.811996,3.85969996,581.887512,67.4512024,1.38960004,0.0250000004,50,1,0.119999997,0.550000012,0.0133333337
SL11_rand_35_r0,2,2198,20.2223358,20,4.27305031,3.85969996,0.0397738218,0.0297738221,0.00213603885,0.00147917075,0.00852082949,3.60913992,6,2.5,7.14044523,1,1,0,35,0,6.79114389,-13.1300039,89.270401,0.900473952,168.811996,3.85969996,581.887512,67.4512024,1.38960004,0.0250000004,50,1,0.119999997,0.550000012,0.0133333337
SL11_rand_35_r0,2,2199,20.3335037,20,4.22848082,3.85969996,0.0399046578,0.0299046561,0.00278177159,0.00161086139,0.00838913862,4.19201469,6,2.5,7.14044523,1,1,0,36,0,6.79114389,-13.1300039,89.270401,0.900473952,168.811996,3.85969996,581.887512,67.4512024,1.38960004,0.0250000004,50,1,0.119999997,0.550000012,0.0133333337
SL11_rand_35_r0,2,2200,20.4446716,20,5.20281649,3.85969996,0.0402379893,0.0302379895,0.00232797489,-0.00174418883,0.0117441891,6,6,2.5,7.14044523,1,1,0,37,0,6.79114389,-13.1300039,89.270401,0.900473952,168.811996,3.85969996,581.887512,67.4512024,1.38960004,0.0250000004,50,1,0.119999997,0.550000012,0.0133333337
