SL2_rand_4_r0,0,548,0.0133333337,0,0,4.46360016,0.0676666647,0.0576666668,0.0476328842,0.047622256,0,0,6,2.5,8.25765991,0,0,0,0,0,-0.167705372,-18.3597507,88.6836548,0.592417061,6.91175747,4.46360016,693.747498,59.0630989,4.29300022,0.0250000004,50,1,0.119999997,0.550000012,0.0133333337
SL2_rand_4_r0,0,549,0.0266666673,0,0.649694085,4.46360016,0.0673333332,0.0573333316,0.0475798696,0.0474842563,0,1.18126202,6,2.5,8.25765991,0,0,0,0,0,-0.167705372,-18.3597507,88.6836548,0.592417061,6.91175747,4.46360016,693.747498,59.0630989,4.29300022,0.0250000004,50,1,0.119999997,0.550000012,0.0133333337
SL2_rand_4_r0,0,550,0.0399999991,0,0.942056417,4.46360016,0.0670000017,0.057,0.048618827,0.0479084328,0,1.18126202,6,2.5,8.25765991,0,0,0,0,0,-0.167705372,-18.3597507,88.6836548,0.592417061,6.91175747,4.46360016,693.747498,59.0630989,4.29300022,0.0250000004,50,1,0.119999997,0.550000012,0.0133333337
SL2_rand_4_r0,0,551,0.0533333346,0,1.07361948,4.46360016,0.0666666701,0.0566666685,0.0487642884,0.0486429818,0,1.18126202,6,2.5,8.25765991,0,0,0,0,0,-0.167705372,-18.3597507,88.6836548,0.592417061,6.91175747,4.46360016,693.747498,59.0630989,4.29300022,0.0250000004,50,1,0.119999997,0.550000012,0.0133333337
SL2_rand_4_r0,0,552,0.0666666701,0,1.13282287,4.46360016,0.0663333312,0.0563333333,0.0494767912,0.0491131246,0,1.18126202,6,2.5,8.25765991,0,0,0,0,0,-0.167705372,-18.3597507,88.6836548,0.592417061,6.91175747,4.46360016,693.747498,59.0630989,4.29300022,0.0250000004,50,1,0.119999997,0.550000012,0.0133333337
SL2_rand_4_r0,0,553,0.0799999982,0,1.15946436,4.46360016,0.0659999996,0.0560000017,0.0497951508,0.049473986,0,1.18126202,6,2.5,8.25765991,0,0,0,0,0,-0.167705372,-18.3597507,88.6836548,0.592417061,6.91175747,4.46360016,693.747498,59.0630989,4.29300022,0.0250000004,50,1,0.119999997,0.550000012,0.0133333337
SL2_rand_4_r0,0,554,0.0933333337,0,1.17145312,4.46360016,0.0656666681,0.0556666665,0.0503306948,0.0501760989,0,1.18126202,6,2.5,8.25765991,0,0,0,0,0,-0.167705372,-18.3597507,88.6836548,0.592417061,6.91175747,4.46360016,693.747498,59.0630989,4.29300022,0.0250000004,50,1,0.119999997,0.550000012,0.0133333337
SL2_rand_4_r0,0,555,0.106666669,0,1.17684793,4.46360016,0.0653333366,0.055333335,0.0503329411,0.049033273,0,1.18126202,6,2.5,8.25765991,0,0,0,0,0,-0.167705372,-18.3597507,88.6836548,0.592417061,6.91175747,4.46360016,693.747498,59.0630989,4.29300022,0.0250000004,50,1,0.119999997,0.550000012,0.0133333337
SL2_rand_4_r0,0,556,0.119999997,0,1.17927575,4.46360016,0.0649999976,0.0549999997,0.0510404892,0.0477608591,0,1.18126202,6,2.5,8.25765991,0,0,0,0,0,-0.167705372,-18.3597507,88.6836548,0.592417061,6.91175747,4.46360016,693.747498,59.0630989,4.29300022,0.0250000004,50,1,0.119999997,0.550000012,0.0133333337
SL2_rand_4_r0,0,557,0.13333334,0,1.18036819,4.46360016,0.0646666661,0.0546666682,0.0505661555,0.0499237478,0,1.18126202,6,2.5,8.25765991,0,0,0,0,0,-0.167705372,-18.3597507,88.6836548,0.592417061,6.91175747,4.46360016,693.747498,59.0630989,4.29300022,0.0250000004,50,1,0.119999997,0.550000012,0.0133333337
SL2_rand_4_r0,0,558,0.146666661,0,1.1808598,4.46360016,0.0643333346,0.0543333329,0.0506693609,0.0486073196,0,1.18126202,6,2.5,8.25765991,0,0,0,0,0,-0.167705372,-18.3597507,88.6836548,0.592417061,6.91175747,4.46360016,693.747498,59.0630989,4.29300022,0.0250000004,50,1,0.119999997,0.550000012,0.0133333337
SL2_rand_4_r0,0,559,0.159999996,0,1.18108106,4.46360016,0.064000003,0.0540000014,0.0509783328,0.0506909117,0,1.18126202,6,2.5,8.25765991,0,0,0,0,0,-0.167705372,-18.3597507,88.6836548,0.592417061,6.91175747,4.46360016,693.747498,59.0630989,4.29300022,0.0250000004,50,1,0.119999997,0.550000012,0.0133333337
SL2_rand_4_r0,0,560,0.173333332,0,1.1811806,4.46360016,0.0636666641,0.0536666662,0.0505689569,0.0493336953,0,1.18126202,6,2.5,8.25765991,0,0,0,0,0,-0.167705372,-18.3597507,88.6836548,0.592417061,6.91175747,4.46360016,693.747498,59.0630989,4.29300022,0.0250000004,50,1,0.119999997,0.550000012,0.0133333337
SL2_rand_4_r0,0,561,0.186666667,0,1.1812253,4.46360016,0.0633333325,0.0533333346,0.0509693883,0.0495678261,0,1.18126202,6,2.5,8.25765991,0,0,0,0,0,-0.167705372,-18.3597507,88.6836548,0.592417061,6.91175747,4.46360016,693.747498,59.0630989,4.29300022,0.0250000004,50,1,0.119999997,0.550000012,0.0133333337
SL2_rand_4_r0,0,562,0.200000003,0,1.18124557,4.46360016,0.063000001,0.0529999994,0.0506832749,0.0499396175,0,1.18126202,6,2.5,8.25765991,0,0,0,0,0,-0.167705372,-18.3597507,88.6836548,0.592417061,6.91175747,4.46360016,693.747498,59.0630989,4.29300022,0.0250000004,50,1,0.119999997,0.550000012,0.0133333337
SL2_rand_4_r0,0,563,0.213333338,0,1.18125463,4.46360016,0.0626666695,0.0526666678,0.0508007333,0.0501083657,0,1.18126202,6,2.5,8.25765991,0,0,0,0,0,-0.167705372,-18.3597507,88.6836548,0.592417061,6.91175747,4.46360016,693.747498,59.0630989,4.29300022,0.0250000004,50,1,0.119999997,0.550000012,0.0133333337
SL2_rand_4_r0,0,564,0.226666674,0,1.18125868,4.46360016,0.0623333342,0.0523333326,0.0504505225,0.0479754508,0,1.18126202,6,2.5,8.25765991,0,0,0,0,0,-0.167705372,-18.3597507,88.6836548,0.592417061,6.91175747,4.46360016,693.747498,59.0630989,4.29300022,0.0250000004,50,1,0.119999997,0.550000012,0.0133333337
SL2_rand_4_r0,0,565,0.239999995,0,1.18126047,4.46360016,0.061999999,0.0520000011,0.0507770516,0.0489887744,0,1.18126202,6,2.5,8.25765991,0,0,0,0,0,-0.167705372,-18.3597507,88.6836548,0.592417061,6.91175747,4.46360016,693.747498,59.0630989,4.29300022,0.0250000004,50,1,0.119999997,0.550000012,0.0133333337
SL2_rand_4_r0,0,566,0.25333333,0,1.1812613,4.46360016,0.0616666675,0.0516666658,0.0501188971,0.0483911149,0,1.18126202,6,2.5,8.25765991,0,0,0,0,0,-0.167705372,-18.3597507,88.6836548,0.592417061,6.91175747,4.46360016,693.747498,59.0630989,4.29300022,0.0250000004,50,1,0.119999997,0.550000012,0.0133333337
SL2_rand_4_r0,0,567,0.266666681,0,1.18126166,4.46360016,0.0613333322,0.0513333343,0.0504092686,0.0484491289,0,1.18126202,6,2.5,8.25765991,0,0,0,0,0,-0.167705372,-18.3597507,88.6836548,0.592417061,6.91175747,4.46360016,693.747498,59.0630989,4.29300022,0.0250000004,50,1,0.119999997,0.550000012,0.0133333337
SL2_rand_4_r0,0,568,0.280000001,0,1.1812619,4.46360016,0.0610000007,0.050999999,0.0500288531,0.0487000942,0,1.18126202,6,2.5,8.25765991,0,0,0,0,0,-0.167705372,-18.3597507,88.6836548,0.592417061,6.91175747,4.46360016,693.747498,59.0630989,4.29300022,0.0250000004,50,1,0.119999997,0.550000012,0.0133333337
SL2_rand_4_r0,0,569,0.293333322,0,1.1812619,4.46360016,0.0606666654,0.0506666675,0.049814079,0.0486993603,0,1.18126202,6,2.5,8.25765991,0,0,0,0,0,-0.167705372,-18.3597507,88.6836548,0.592417061,6.91175747,4.46360016,693.747498,59.0630989,4.29300022,0.0250000004,50,1,0.119999997,0.550000012,0.0133333337
SL2_rand_4_r0,0,570,0.306666672,0,1.18126202,4.46360016,0.0603333339,0.0503333323,0.0499703139,0.0495217927,0,1.18126202,6,2.5,8.25765991,0,0,0,0,0,-0.167705372,-18.3597507,88.6836548,0.592417061,6.91175747,4.46360016,693.747498,59.0630989,4.29300022,0.0250000004,50,1,0.119999997,0.550000012,0.0133333337
SL2_rand_4_r0,0,571,0.319999993,0,1.18126202,4.46360016,0.0599999987,0.0500000007,0.0494275503,0.048860006,0,1.18126202,6,2.5,8.25765991,0,0,0,0,0,-0.167705372,-18.3597507,88.6836548,0.592417061,6.91175747,4.46360016,693.747498,59.0630989,4.29300022,0.0250000004,50,1,0.119999997,0.550000012,0.0133333337
SL2_rand_4_r0,0,572,0.333333343,0,1.18126202,4.46360016,0.0596666671,0.0496666655,0.0498382039,0.0496084914,0,1.18126202,6,2.5,8.25765991,0,0,0,0,0,-0.167705372,-18.3597507,88.6836548,0.592417061,6.91175747,4.46360016,693.747498,59.0630989,4.29300022,0.0250000004,50,1,0.119999997,0.550000012,0.0133333337
SL2_rand_4_r0,0,573,0.346666664,0,1.18126202,4.46360016,0.0593333319,0.049333334,0.0492204241,0.0489314459,0,1.18126202,6,2.5,8.25765991,0,0,0,0,0,-0.167705372,-18.3597507,88.6836548,0.592417061,6.91175747,4.46360016,693.747498,59.0630989,4.29300022,0.0250000004,50,1,0.119999997,0.550000012,0.0133333337
SL2_rand_4_r0,0,574,0.360000014,0,1.18126202,4.46360016,0.0590000004,0.0489999987,0.0497917384,0.0488169268,0,1.18126202,6,2.5,8.25765991,0,0,0,0,0,-0.167705372,-18.3597507,88.6836548,0.592417061,6.91175747,4.46360016,693.747498,59.0630989,4.29300022,0.0250000004,50,1,0.119999997,0.550000012,0.0133333337
SL2_rand_4_r0,0,575,0.373333335,0,1.18126202,4.46360016,0.0586666651,0.0486666672,0.0491701625,0.0489188433,0,1.18126202,6,2.5,8.25765991,0,0,0,0,0,-0.167705372,-18.3597507,88.6836548,0.592417061,6.91175747,4.46360016,693.747498,59.0630989,4.29300022,0.0250000004,50,1,0.119999997,0.550000012,0.0133333337
SL2_rand_4_r0,0,576,0.386666656,0,1.18126202,4.46360016,0.0583333336,0.0483333319,0.0492102839,0.0487736389,0,1.18126202,6,2.5,8.25765991,0,0,0,0,0,-0.167705372,-18.3597507,88.6836548,0.592417061,6.91175747,4.46360016,693.747498,59.0630989,4.29300022,0.0250000004,50,1,0.119999997,0.550000012,0.0133333337
SL2_rand_4_r0,0,577,0.400000006,0,1.18126202,4.46360016,0.0579999983,0.0480000004,0.0492523611,0.0488219485,0,1.18126202,6,2.5,8.25765991,0,0,0,0,0,-0.167705372,-18.3597507,88.6836548,0.592417061,6.91175747,4.46360016,693.747498,59.0630989,4.29300022,0.0250000004,50,1,0.119999997,0.550000012,0.0133333337
SL2_rand_4_r0,0,578,0.413333327,0,1.18126202,4.46360016,0.0576666668,0.0476666652,0.0487641282,0.0486466736,0,1.18126202,6,2.5,8.25765991,0,0,0,0,0,-0.167705372,-18.3597507,88.6836548,0.592417061,6.91175747,4.46360016,693.747498,59.0630989,4.29300022,0.0250000004,50,1,0.119999997,0.550000012,0.0133333337
SL2_rand_4_r0,0,579,0.426666677,0,1.18126202,4.46360016,0.0573333316,0.0473333336,0.0490507409,0.0483295433,0,1.18126202,6,2.5,8.25765991,0,0,0,0,0,-0.167705372,-18.3597507,88.6836548,0.592417061,6.91175747,4.46360016,693.747498,59.0630989,4.29300022,0.0250000004,50,1,0.119999997,0.550000012,0.0133333337
SL2_rand_4_r0,0,580,0.439999998,0,1.18126202,4.46360016,0.057,0.0469999984,0.0484335907,0.0484303832,0,1.18126202,6,2.5,8.25765991,0,0,0,0,0,-0.167705372,-18.3597507,88.6836548,0.592417061,6.91175747,4.46360016,693.747498,59.0630989,4.29300022,0.0250000004,50,1,0.119999997,0.550000012,0.0133333337
SL2_rand_4_r0,0,581,0.453333348,0,1.18126202,4.46360016,0.0566666685,0.0466666669,0.0484859049,0.0468588546,0,1.18126202,6,2.5,8.25765991,0,0,0,0,0,-0.167705372,-18.3597507,88.6836548,0.592417061,6.91175747,4.46360016,693.747498,59.0630989,4.29300022,0.0250000004,50,1,0.119999997,0.550000012,0.0133333337
SL2_rand_4_r0,0,582,0.466666669,0,1.18126202,4.46360016,0.0563333333,0.0463333316,0.0480341204,0.0472948998,0,1.18126202,6,2.5,8.25765991,0,0,0,0,0,-0.167705372,-18.3597507,88.6836548,0.592417061,6.91175747,4.46360016,693.747498,59.0630989,4.29300022,0.0250000004,50,1,0.119999997,0.550000012,0.0133333337
SL2_rand_4_r0,0,583,0.479999989,0,1.18126202,4.46360016,0.0560000017,0.0460000001,0.047835283,0.0465538613,0,1.18126202,6,2.5,8.25765991,0,0,0,0,0,-0.167705372,-18.3597507,88.6836548,0.592417061,6.91175747,4.46360016,693.747498,59.0630989,4.29300022,0.0250000004,50,1,0.119999997,0.550000012,0.0133333337
SL2_rand_4_r0,0,584,0.49333334,0,1.18126202,4.46360016,0.0556666665,0.0456666648,0.0476773344,0.0469360612,0,1.18126202,6,2.5,8.25765991,0,0,0,0,0,-0.167705372,-18.3597507,88.6836548,0.592417061,6.91175747,4.46360016,693.747498,59.0630989,4.29300022,0.0250000004,50,1,0.119999997,0.550000012,0.0133333337
SL2_rand_4_r0,0,585,0.50666666,0,1.18126202,4.46360016,0.055333335,0.0453333333,0.0473736711,0.0461893901,0,1.18126202,6,2.5,8.25765991,0,0,0,0,0,-0.167705372,-18.3597507,88.6836548,0.592417061,6.91175747,4.46360016,693.747498,59.0630989,4.29300022,0.0250000004,50,1,0.119999997,0.550000012,0.0133333337
SL2_rand_4_r0,0,586,0.519999981,0,1.18126202,4.46360016,0.0549999997,0.0450000018,0.0473356992,0.0470195226,0,1.18126202,6,2.5,8.25765991,0,0,0,0,0,-0.167705372,-18.3597507,88.6836548,0.592417061,6.91175747,4.46360016,693.747498,59.0630989,4.29300022,0.0250000004,50,1,0.119999997,0.550000012,0.0133333337
SL2_rand_4_r0,0,587,0.533333361,0,1.18126202,4.46360016,0.0546666682,0.0446666665,0.0468203574,0.0462619588,0,1.18126202,6,2.5,8.25765991,0,0,0,0,0,-0.167705372,-18.3597507,88.6836548,0.592417061,6.91175747,4.46360016,693.747498,59.0630989,4.29300022,0.0250000004,50,1,0.119999997,0.550000012,0.0133333337
SL2_rand_4_r0,0,588,0.546666682,0,1.18126202,4.46360016,0.0543333329,0.044333335,0.0467073508,0.0454957671,0,1.18126202,6,2.5,8.25765991,0,0,0,0,0,-0.167705372,-18.3597507,88.6836548,0.592417061,6.91175747,4.46360016,693.747498,59.0630989,4.29300022,0.0250000004,50,1,0.119999997,0.550000012,0.0133333337
SL2_rand_4_r0,0,589,0.560000002,0,1.18126202,4.46360016,0.0540000014,0.0439999998,0.0461809784,0.0457727052,0,1.18126202,6,2.5,8.25765991,0,0,0,0,0,-0.167705372,-18.3597507,88.6836548,0.592417061,6.91175747,4.46360016,693.747498,59.0630989,4.29300022,0.0250000004,50,1,0.119999997,0.550000012,0.0133333337
SL2_rand_4_r0,0,590,0.573333323,0,1.18126202,4.46360016,0.0536666662,0.0436666682,0.0459632985,0.04500385,0,1.18126202,6,2.5,8.25765991,0,0,0,0,0,-0.167705372,-18.3597507,88.6836548,0.592417061,6.91175747,4.46360016,693.747498,59.0630989,4.29300022,0.0250000004,50,1,0.119999997,0.550000012,0.0133333337
SL2_rand_4_r0,0,591,0.586666644,0,1.18126202,4.46360016,0.0533333346,0.043333333,0.045702219,0.0452399924,0,1.18126202,6,2.5,8.25765991,0,0,0,0,0,-0.167705372,-18.3597507,88.6836548,0.592417061,6.91175747,4.46360016,693.747498,59.0630989,4.29300022,0.0250000004,50,1,0.119999997,0.550000012,0.0133333337
SL2_rand_4_r0,0,592,0.600000024,0,1.18126202,4.46360016,0.0529999994,0.0430000015,0.0453983434,0.0444713943,0,1.18126202,6,2.5,8.25765991,0,0,0,0,0,-0.167705372,-18.3597507,88.6836548,0.592417061,6.91175747,4.46360016,693.747498,59.0630989,4.29300022,0.0250000004,50,1,0.119999997,0.550000012,0.0133333337
SL2_rand_4_r0,0,593,0.613333344,0,1.18126202,4.46360016,0.0526666678,0.0426666662,0.045354113,0.0451542549,0,1.18126202,6,2.5,8.25765991,0,0,0,0,0,-0.167705372,-18.3597507,88.6836548,0.592417061,6.91175747,4.46360016,693.747498,59.0630989,4.29300022,0.0250000004,50,1,0.119999997,0.550000012,0.0133333337
SL2_rand_4_r0,0,594,0.626666665,0,1.18126202,4.46360016,0.0523333326,0.0423333347,0.0448231548,0.0443840362,0,1.18126202,6,2.5,8.25765991,0,0,0,0,0,-0.167705372,-18.3597507,88.6836548,0.592417061,6.91175747,4.46360016,693.747498,59.0630989,4.29300022,0.0250000004,50,1,0.119999997,0.550000012,0.0133333337
SL2_rand_4_r0,0,595,0.639999986,0,1.18126202,4.46360016,0.0520000011,0.0419999994,0.0447359197,0.0436046943,0,1.18126202,6,2.5,8.25765991,0,0,0,0,0,-0.167705372,-18.3597507,88.6836548,0.592417061,6.91175747,4.46360016,693.747498,59.0630989,4.29300022,0.0250000004,50,1,0.119999997,0.550000012,0.0133333337
SL2_rand_4_r0,0,596,0.653333306,0,1.18126202,4.46360016,0.0516666658,0.0416666679,0.0440694056,0.0437731668,0,1.18126202,6,2.5,8.25765991,0,0,0,0,0,-0.167705372,-18.3597507,88.6836548,0.592417061,6.91175747,4.46360016,693.747498,59.0630989,4.29300022,0.0250000004,50,1,0.119999997,0.550000012,0.0133333337
SL2_rand_4_r0,0,597,0.666666687,0,1.18126202,4.46360016,0.0513333343,0.0413333327,0.0438979119,0.0430004969,0,1.18126202,6,2.5,8.25765991,0,0,0,0,0,-0.167705372,-18.3597507,88.6836548,0.592417061,6.91175747,4.46360016,693.747498,59.0630989,4.29300022,0.0250000004,50,1,0.119999997,0.550000012,0.0133333337
SL2_rand_4_r0,0,598,0.680000007,0,1.18126202,4.46360016,0.050999999,0.0410000011,0.0434963442,0.0431452952,0,1.18126202,6,2.5,8.25765991,0,0,0,0,0,-0.167705372,-18.3597507,88.6836548,0.592417061,6.91175747,4.46360016,693.747498,59.0630989,4.29300022,0.0250000004,50,1,0.119999997,0.550000012,0.0133333337
SL2_rand_4_r0,0,599,0.693333328,0,1.18126202,4.46360016,0.0506666675,0.0406666659,0.0432544127,0.0423794985,0,1.18126202,6,2.5,8.25765991,0,0,0,0,0,-0.167705372,-18.3597507,88.6836548,0.592417061,6.91175747,4.46360016,693.747498,59.0630989,4.29300022,0.0250000004,50,1,0.119999997,0.550000012,0.0133333337
SL2_rand_4_r0,0,600,0.706666648,0,1.18126202,4.46360016,0.0503333323,0.0403333344,0.0431131236,0.0425079614,0,1.18126202,6,2.5,8.25765991,0,0,0,0,0,-0.167705372,-18.3597507,88.6836548,0.592417061,6.91175747,4.46360016,693.747498,59.0630989,4.29300022,0.0250000004,50,1,0.119999997,0.550000012,0.0133333337
SL2_rand_4_r0,0,601,0.720000029,0,1.18126202,4.46360016,0.0500000007,0.0399999991,0.042659618,0.0421843231,0,1.18126202,6,2.5,8.25765991,0,0,0,0,0,-0.167705372,-18.3597507,88.6836548,0.592417061,6.91175747,4.46360016,693.747498,59.0630989,4.29300022,0.0250000004,50,1,0.119999997,0.550000012,0.0133333337
SL2_rand_4_r0,0,602,0.733333349,0,1.18126202,4.46360016,0.0496666655,0.0396666676,0.042358622,0.0422857516,0,1.18126202,6,2.5,8.25765991,0,0,0,0,0,-0.167705372,-18.3597507,88.6836548,0.592417061,6.91175747,4.46360016,693.747498,59.0630989,4.29300022,0.0250000004,50,1,0.119999997,0.550000012,0.0133333337
SL2_rand_4_r0,0,603,0.74666667,0,1.18126202,4.46360016,0.049333334,0.0393333323,0.0418309607,0.0415241942,0,1.18126202,6,2.5,8.25765991,0,0,0,0,0,-0.167705372,-18.3597507,88.6836548,0.592417061,6.91175747,4.46360016,693.747498,59.0630989,4.29300022,0.0250000004,50,1,0.119999997,0.550000012,0.0133333337
SL2_rand_4_r0,0,604,0.75999999,0,1.18126202,4.46360016,0.0489999987,0.0390000008,0.0417856053,0.0407518893,0,1.18126202,6,2.5,8.25765991,0,0,0,0,0,-0.167705372,-18.3597507,88.6836548,0.592417061,6.91175747,4.46360016,693.747498,59.0630989,4.29300022,0.0250000004,50,1,0.119999997,0.550000012,0.0133333337
SL2_rand_4_r0,0,605,0.773333311,0,1.18126202,4.46360016,0.0486666672,0.0386666656,0.0411879346,0.0408550836,0,1.18126202,6,2.5,8.25765991,0,0,0,0,0,-0.167705372,-18.3597507,88.6836548,0.592417061,6.91175747,4.46360016,693.747498,59.0630989,4.29300022,0.0250000004,50,1,0.119999997,0.550000012,0.0133333337
SL2_rand_4_r0,0,606,0.786666691,0,1.18126202,4.46360016,0.0483333319,0.038333334,0.0410795286,0.0401010774,0,1.18126202,6,2.5,8.25765991,0,0,0,0,0,-0.167705372,-18.3597507,88.6836548,0.592417061,6.91175747,4.46360016,693.747498,59.0630989,4.29300022,0.0250000004,50,1,0.119999997,0.550000012,0.0133333337
SL2_rand_4_r0,0,607,0.800000012,0,1.18126202,4.46360016,0.0480000004,0.0379999988,0.0407523029,0.0401863009,0,1.18126202,6,2.5,8.25765991,0,0,0,0,0,-0.167705372,-18.3597507,88.6836548,0.592417061,6.91175747,4.46360016,693.747498,59.0630989,4.29300022,0.0250000004,50,1,0.119999997,0.550000012,0.0133333337
SL2_rand_4_r0,0,608,0.813333333,0,1.18126202,4.46360016,0.0476666652,0.0376666673,0.0404370874,0.0398369357,0,1.18126202,6,2.5,8.25765991,0,0,0,0,0,-0.167705372,-18.3597507,88.6836548,0.592417061,6.91175747,4.46360016,693.747498,59.0630989,4.29300022,0.0250000004,50,1,0.119999997,0.550000012,0.0133333337
SL2_rand_4_r0,0,609,0.826666653,0,1.18126202,4.46360016,0.0473333336,0.037333332,0.0399801098,0.0398943573,0,1.18126202,6,2.5,8.25765991,0,0,0,0,0,-0.167705372,-18.3597507,88.6836548,0.592417061,6.91175747,4.46360016,693.747498,59.0630989,4.29300022,0.0250000004,50,1,0.119999997,0.550000012,0.0133333337
SL2_rand_4_r0,0,610,0.839999974,0,1.18126202,4.46360016,0.0469999984,0.0370000005,0.0395542048,0.0391711853,0,1.18126202,6,2.5,8.25765991,0,0,0,0,0,-0.167705372,-18.3597507,88.6836548,0.592417061,6.91175747,4.46360016,693.747498,59.0630989,4.29300022,0.0250000004,50,1,0.119999997,0.550000012,0.0133333337
SL2_rand_4_r0,0,611,0.853333354,0,1.18126202,4.46360016,0.0466666669,0.0366666652,0.0393152423,0.0392142124,0,1.18126202,6,2.5,8.25765991,0,0,0,0,0,-0.167705372,-18.3597507,88.6836548,0.592417061,6.91175747,4.46360016,693.747498,59.0630989,4.29300022,0.0250000004,50,1,0.119999997,0.550000012,0.0133333337
SL2_rand_4_r0,0,612,0.866666675,0,1.18126202,4.46360016,0.0463333316,0.0363333337,0.0388769545,0.038514562,0,1.18126202,6,2.5,8.25765991,0,0,0,0,0,-0.167705372,-18.3597507,88.6836548,0.592417061,6.91175747,4.46360016,693.747498,59.0630989,4.29300022,0.0250000004,50,1,0.119999997,0.550000012,0.0133333337
SL2_rand_4_r0,0,613,0.879999995,0,1.18126202,4.46360016,0.0460000001,0.0359999985,0.0388589092,0.0385394506,0,1.18126202,6,2.5,8.25765991,0,0,0,0,0,-0.167705372,-18.3597507,88.6836548,0.592417061,6.91175747,4.46360016,693.747498,59.0630989,4.29300022,0.0250000004,50,1,0.119999997,0.550000012,0.0133333337
SL2_rand_4_r0,0,614,0.893333316,0,1.18126202,4.46360016,0.0456666648,0.0356666669,0.0384206809,0.0378650054,0,1.18126202,6,2.5,8.25765991,0,0,0,0,0,-0.167705372,-18.3597507,88.6836548,0.592417061,6.91175747,4.46360016,693.747498,59.0630989,4.29300022,0.0250000004,50,1,0.119999997,0.550000012,0.0133333337
SL2_rand_4_r0,0,615,0.906666696,0,1.18126202,4.46360016,0.0453333333,0.0353333317,0.0382882245,0.0374808274,0,1.18126202,6,2.5,8.25765991,0,0,0,0,0,-0.167705372,-18.3597507,88.6836548,0.592417061,6.91175747,4.46360016,693.747498,59.0630989,4.29300022,0.0250000004,50,1,0.119999997,0.550000012,0.0133333337
SL2_rand_4_r0,0,616,0.920000017,0,1.18126202,4.46360016,0.0450000018,0.0350000001,0.0376270115,0.0374931246,0,1.18126202,6,2.5,8.25765991,0,0,0,0,0,-0.167705372,-18.3597507,88.6836548,0.592417061,6.91175747,4.46360016,693.747498,59.0630989,4.29300022,0.0250000004,50,1,0.119999997,0.550000012,0.0133333337
SL2_rand_4_r0,0,617,0.933333337,0,1.18126202,4.46360016,0.0446666665,0.0346666649,0.0373706855,0.0368366502,0,1.18126202,6,2.5,8.25765991,0,0,0,0,0,-0.167705372,-18.3597507,88.6836548,0.592417061,6.91175747,4.46360016,693.747498,59.0630989,4.29300022,0.0250000004,50,1,0.119999997,0.550000012,0.0133333337
SL2_rand_4_r0,0,618,0.946666658,0,1.18126202,4.46360016,0.044333335,0.0343333334,0.0369434878,0.0368465707,0,1.18126202,6,2.5,8.25765991,0,0,0,0,0,-0.167705372,-18.3597507,88.6836548,0.592417061,6.91175747,4.46360016,693.747498,59.0630989,4.29300022,0.0250000004,50,1,0.119999997,0.550000012,0.0133333337
SL2_rand_4_r0,0,619,0.959999979,0,1.18126202,4.46360016,0.0439999998,0.0340000018,0.0366782732,0.0362269767,0,1.18126202,6,2.5,8.25765991,0,0,0,0,0,-0.167705372,-18.3597507,88.6836548,0.592417061,6.91175747,4.46360016,693.747498,59.0630989,4.29300022,0.0250000004,50,1,0.119999997,0.550000012,0.0133333337
SL2_rand_4_r0,0,620,0.973333359,0,1.18126202,4.46360016,0.0436666682,0.0336666666,0.0364878885,0.0362226665,0,1.18126202,6,2.5,8.25765991,0,0,0,0,0,-0.167705372,-18.3597507,88.6836548,0.592417061,6.91175747,4.46360016,693.747498,59.0630989,4.29300022,0.0250000004,50,1,0.119999997,0.550000012,0.0133333337
SL2_rand_4_r0,0,621,0.986666679,0,1.18126202,4.46360016,0.043333333,0.0333333351,0.0362232663,0.0356302634,0,1.18126202,6,2.5,8.25765991,0,0,0,0,0,-0.167705372,-18.3597507,88.6836548,0.592417061,6.91175747,4.46360016,693.747498,59.0630989,4.29300022,0.0250000004,50,1,0.119999997,0.550000012,0.0133333337
SL2_rand_4_r0,0,622,1,0,1.18126202,4.46360016,0.0430000015,0.0329999998,0.035812784,0.0357080549,0,1.18126202,6,2.5,8.25765991,0,0,0,0,0,-0.167705372,-18.3597507,88.6836548,0.592417061,6.91175747,4.46360016,693.747498,59.0630989,4.29300022,0.0250000004,50,1,0.119999997,0.550000012,0.0133333337
SL2_rand_4_r0,0,623,1.01333332,1,1.18126202,4.46360016,0.0426666662,0.0326666683,0.0353740826,0.0351354741,0,1.18126202,6,2.5,8.25765991,0,0,0,0,0,0.483336747,-16.6619282,82.0027695,0.79620856,13.5977449,4.46360016,693.747498,59.0630989,4.29300022,0.0250000004,50,1,0.119999997,0.550000012,0.0133333337
SL2_rand_4_r0,0,624,1.02666664,1,1.18126202,4.46360016,0.0423333347,0.032333333,0.0350676328,0.0350453667,0,1.18126202,6,2.5,8.25765991,0,0,0,0,0,0.483336747,-16.6619282,82.0027695,0.79620856,13.5977449,4.46360016,693.747498,59.0630989,4.29300022,0.0250000004,50,1,0.119999997,0.550000012,0.0133333337
SL2_rand_4_r0,0,625,1.03999996,1,1.18126202,4.46360016,0.0419999994,0.0320000015,0.0346457809,0.0345009081,0,1.18126202,6,2.5,8.25765991,0,0,0,0,0,0.483336747,-16.6619282,82.0027695,0.79620856,13.5977449,4.46360016,693.747498,59.0630989,4.29300022,0.0250000004,50,1,0.119999997,0.550000012,0.0133333337
SL2_rand_4_r0,0,626,1.05333328,1,1.18126202,4.46360016,0.0416666679,0.0316666663,0.034539856,0.0343816131,0,1.18126202,6,2.5,8.25765991,0,0,0,0,0,0.483336747,-16.6619282,82.0027695,0.79620856,13.5977449,4.46360016,693.747498,59.0630989,4.29300022,0.0250000004,50,1,0.119999997,0.550000012,0.0133333337
SL2_rand_4_r0,0,627,1.06666672,1,1.18126202,4.46360016,0.0413333327,0.0313333347,0.034144178,0.0338696614,0,1.18126202,6,2.5,8.25765991,0,0,0,0,0,0.483336747,-16.6619282,82.0027695,0.79620856,13.5977449,4.46360016,693.747498,59.0630989,4.29300022,0.0250000004,50,1,0.119999997,0.550000012,0.0133333337
SL2_rand_4_r0,0,628,1.08000004,1,1.18126202,4.46360016,0.0410000011,0.0309999995,0.033879742,0.0336966068,0,1.18126202,6,2.5,8.25765991,0,0,0,0,0,0.483336747,-16.6619282,82.0027695,0.79620856,13.5977449,4.46360016,693.747498,59.0630989,4.29300022,0.0250000004,50,1,0.119999997,0.550000012,0.0133333337
SL2_rand_4_r0,0,629,1.09333336,1,1.18126202,4.46360016,0.0406666659,0.0306666661,0.0333915949,0.0331949778,0,1.18126202,6,2.5,8.25765991,0,0,0,0,0,0.483336747,-16.6619282,82.0027695,0.79620856,13.5977449,4.46360016,693.747498,59.0630989,4.29300022,0.0250000004,50,1,0.119999997,0.550000012,0.0133333337
SL2_rand_4_r0,0,630,1.10666668,1,1.18126202,4.46360016,0.0403333344,0.0303333327,0.0330120847,0.0329899266,0,1.18126202,6,2.5,8.25765991,0,0,0,0,0,0.483336747,-16.6619282,82.0027695,0.79620856,13.5977449,4.46360016,693.747498,59.0630989,4.29300022,0.0250000004,50,1,0.119999997,0.550000012,0.0133333337
SL2_rand_4_r0,0,631,1.12,1,1.18126202,4.46360016,0.0399999991,0.0299999993,0.0325841904,0.032533668,0,1.18126202,6,2.5,8.25765991,0,0,0,0,0,0.483336747,-16.6619282,82.0027695,0.79620856,13.5977449,4.46360016,693.747498,59.0630989,4.29300022,0.0250000004,50,1,0.119999997,0.550000012,0.0133333337
SL2_rand_4_r0,0,632,1.13333333,1,1.18126202,4.46360016,0.0396666676,0.0296666659,0.0323735699,0.0321050622,0,1.18126202,6,2.5,8.25765991,0,0,0,0,0,0.483336747,-16.6619282,82.0027695,0.79620856,13.5977449,4.46360016,693.747498,59.0630989,4.29300022,0.0250000004,50,1,0.119999997,0.550000012,0.0133333337
SL2_rand_4_r0,0,633,1.14666665,1,1.18126202,4.46360016,0.0393333323,0.0293333326,0.0320327319,0.0318822302,0,1.18126202,6,2.5,8.25765991,0,0,0,0,0,0.483336747,-16.6619282,82.0027695,0.79620856,13.5977449,4.46360016,693.747498,59.0630989,4.29300022,0.0250000004,50,1,0.119999997,0.550000012,0.0133333337
SL2_rand_4_r0,0,634,1.15999997,1,1.18126202,4.46360016,0.0390000008,0.0289999992,0.0317747332,0.0314487517,0,1.18126202,6,2.5,8.25765991,0,0,0,0,0,0.483336747,-16.6619282,82.0027695,0.79620856,13.5977449,4.46360016,693.747498,59.0630989,4.29300022,0.0250000004,50,1,0.119999997,0.550000012,0.0133333337
SL2_rand_4_r0,0,635,1.17333329,1,1.18126202,4.46360016,0.0386666656,0.0286666658,0.0313458107,0.031064501,0,1.18126202,6,2.5,8.25765991,0,0,0,0,0,0.483336747,-16.6619282,82.0027695,0.79620856,13.5977449,4.46360016,693.747498,59.0630989,4.29300022,0.0250000004,50,1,0.119999997,0.550000012,0.0133333337
SL2_rand_4_r0,0,636,1.18666661,1,1.18126202,4.46360016,0.038333334,0.0283333343,0.0308390278,0.030723894,0,1.18126202,6,2.5,8.25765991,0,0,0,0,0,0.483336747,-16.6619282,82.0027695,0.79620856,13.5977449,4.46360016,693.747498,59.0630989,4.29300022,0.0250000004,50,1,0.119999997,0.550000012,0.0133333337
SL2_rand_4_r0,0,637,1.20000005,1,1.18126202,4.46360016,0.0379999988,0.0280000009,0.0304602943,0.0303842351,0,1.18126202,6,2.5,8.25765991,0,0,0,0,0,0.483336747,-16.6619282,82.0027695,0.79620856,13.5977449,4.46360016,693.747498,59.0630989,4.29300022,0.0250000004,50,1,0.119999997,0.550000012,0.0133333337
SL2_rand_4_r0,0,638,1.21333337,1,1.18126202,4.46360016,0.0376666673,0.0276666675,0.0301812403,0.0300009884,0,1.18126202,6,2.5,8.25765991,0,0,0,0,0,0.483336747,-16.6619282,82.0027695,0.79620856,13.5977449,4.46360016,693.747498,59.0630989,4.29300022,0.0250000004,50,1,0.119999997,0.550000012,0.0133333337
SL2_rand_4_r0,0,639,1.22666669,1,1.18126202,4.46360016,0.037333332,0.0273333341,0.0298483502,0.0297051184,0,1.18126202,6,2.5,8.25765991,0,0,0,0,0,0.483336747,-16.6619282,82.0027695,0.79620856,13.5977449,4.46360016,693.747498,59.0630989,4.29300022,0.0250000004,50,1,0.119999997,0.550000012,0.0133333337
SL2_rand_4_r0,0,640,1.24000001,1,1.18126202,4.46360016,0.0370000005,0.0270000007,0.0296776388,0.0294254329,0,1.18126202,6,2.5,8.25765991,0,0,0,0,0,0.483336747,-16.6619282,82.0027695,0.79620856,13.5977449,4.46360016,693.747498,59.0630989,4.29300022,0.0250000004,50,1,0.119999997,0.550000012,0.0133333337
SL2_rand_4_r0,0,641,1.25333333,1,1.18126202,4.46360016,0.0366666652,0.0266666673,0.029236814,0.0287733041,0,1.18126202,6,2.5,8.25765991,0,0,0,0,0,0.483336747,-16.6619282,82.0027695,0.79620856,13.5977449,4.46360016,693.747498,59.0630989,4.29300022,0.0250000004,50,1,0.119999997,0.550000012,0.0133333337
SL2_rand_4_r0,0,642,1.26666665,1,1.18126202,4.46360016,0.0363333337,0.0263333339,0.0289781373,0.0285243299,0,1.18126202,6,2.5,8.25765991,0,0,0,0,0,0.483336747,-16.6619282,82.0027695,0.79620856,13.5977449,4.46360016,693.747498,59.0630989,4.29300022,0.0250000004,50,1,0.119999997,0.550000012,0.0133333337
SL2_rand_4_r0,0,643,1.27999997,1,1.18126202,4.46360016,0.0359999985,0.0260000005,0.0282966457,0.0280703753,0,1.18126202,6,2.5,8.25765991,0,0,0,0,0,0.483336747,-16.6619282,82.0027695,0.79620856,13.5977449,4.46360016,693.747498,59.0630989,4.29300022,0.0250000004,50,1,0.119999997,0.550000012,0.0133333337
SL2_rand_4_r0,0,644,1.29333329,1,1.18126202,4.46360016,0.0356666669,0.0256666671,0.0280798655,0.0278662369,0,1.18126202,6,2.5,8.25765991,0,0,0,0,0,0.483336747,-16.6619282,82.0027695,0.79620856,13.5977449,4.46360016,693.747498,59.0630989,4.29300022,0.0250000004,50,1,0.119999997,0.550000012,0.0133333337
SL2_rand_4_r0,0,645,1.30666661,1,1.18126202,4.46360016,0.0353333317,0.0253333338,0.0276716333,0.0273675043,0,1.18126202,6,2.5,8.25765991,0,0,0,0,0,0.483336747,-16.6619282,82.0027695,0.79620856,13.5977449,4.46360016,693.747498,59.0630989,4.29300022,0.0250000004,50,1,0.119999997,0.550000012,0.0133333337
SL2_rand_4_r0,0,646,1.32000005,1,1.18126202,4.46360016,0.0350000001,0.0250000004,0.0274849255,0.027190499,0,1.18126202,6,2.5,8.25765991,0,0,0,0,0,0.483336747,-16.6619282,82.0027695,0.79620856,13.5977449,4.46360016,693.747498,59.0630989,4.29300022,0.0250000004,50,1,0.119999997,0.550000012,0.0133333337
SL2_rand_4_r0,0,647,1.33333337,1,1.18126202,4.46360016,0.0346666649,0.024666667,0.0273868684,0.026641259,0,1.18126202,6,2.5,8.25765991,0,0,0,0,0,0.483336747,-16.6619282,82.0027695,0.79620856,13.5977449,4.46360016,693.747498,59.0630989,4.29300022,0.0250000004,50,1,0.119999997,0.550000012,0.0133333337
SL2_rand_4_r0,0,648,1.34666669,1,1.18126202,4.46360016,0.0343333334,0.0243333336,0.0269319564,0.0262487642,0,1.18126202,6,2.5,8.25765991,0,0,0,0,0,0.483336747,-16.6619282,82.0027695,0.79620856,13.5977449,4.46360016,693.747498,59.0630989,4.29300022,0.0250000004,50,1,0.119999997,0.550000012,0.0133333337
SL2_rand_4_r0,0,649,1.36000001,1,1.18126202,4.46360016,0.0340000018,0.0240000002,0.0268717203,0.0261004101,0,1.18126202,6,2.5,8.25765991,0,0,0,0,0,0.483336747,-16.6619282,82.0027695,0.79620856,13.5977449,4.46360016,693.747498,59.0630989,4.29300022,0.0250000004,50,1,0.119999997,0.550000012,0.0133333337
SL2_rand_4_r0,0,650,1.37333333,1,1.18126202,4.46360016,0.0336666666,0.0236666668,0.025988901,0.0255299173,0,1.18126202,6,2.5,8.25765991,0,0,0,0,0,0.483336747,-16.6619282,82.0027695,0.79620856,13.5977449,4.46360016,693.747498,59.0630989,4.29300022,0.0250000004,50,1,0.119999997,0.550000012,0.0133333337
SL2_rand_4_r0,0,651,1.38666666,1,1.18126202,4.46360016,0.0333333351,0.0233333334,0.0259402227,0.0253977813,0,1.18126202,6,2.5,8.25765991,0,0,0,0,0,0.483336747,-16.6619282,82.0027695,0.79620856,13.5977449,4.46360016,693.747498,59.0630989,4.29300022,0.0250000004,50,1,0.119999997,0.550000012,0.0133333337
SL2_rand_4_r0,0,652,1.39999998,1,1.18126202,4.46360016,0.0329999998,0.023,0.0253767706,0.0248062275,0,1.18126202,6,2.5,8.25765991,0,0,0,0,0,0.483336747,-16.6619282,82.0027695,0.79620856,13.5977449,4.46360016,693.747498,59.0630989,4.29300022,0.0250000004,50,1,0.119999997,0.550000012,0.0133333337
SL2_rand_4_r0,0,653,1.4133333,1,1.18126202,4.46360016,0.0326666683,0.0226666667,0.0253258962,0.0247093495,0,1.18126202,6,2.5,8.25765991,0,0,0,0,0,0.483336747,-16.6619282,82.0027695,0.79620856,13.5977449,4.46360016,693.747498,59.0630989,4.29300022,0.0250000004,50,1,0.119999997,0.550000012,0.0133333337
SL2_rand_4_r0,0,654,1.42666662,1,1.18126202,4.46360016,0.032333333,0.0223333333,0.0251329262,0.0240933616,0,1.18126202,6,2.5,8.25765991,0,0,0,0,0,0.483336747,-16.6619282,82.0027695,0.79620856,13.5977449,4.46360016,693.747498,59.0630989,4.29300022,0.0250000004,50,1,0.119999997,0.550000012,0.0133333337
SL2_rand_4_r0,0,655,1.44000006,1,1.18126202,4.46360016,0.0320000015,0.0219999999,0.0248597283,0.0237508453,0,1.18126202,6,2.5,8.25765991,0,0,0,0,0,0.483336747,-16.6619282,82.0027695,0.79620856,13.5977449,4.46360016,693.747498,59.0630989,4.29300022,0.0250000004,50,1,0.119999997,0.550000012,0.0133333337
SL2_rand_4_r0,0,656,1.45333338,1,1.18126202,4.46360016,0.0316666663,0.0216666665,0.0247467384,0.0245038476,0,1.18126202,6,2.5,8.25765991,0,0,0,0,0,0.483336747,-16.6619282,82.0027695,0.79620856,13.5977449,4.46360016,693.747498,59.0630989,4.29300022,0.0250000004,50,1,0.119999997,0.550000012,0.0133333337
SL2_rand_4_r0,0,657,1.4666667,1,1.18126202,4.46360016,0.0313333347,0.0213333331,0.0239089131,0.0230445098,0,1.18126202,6,2.5,8.25765991,0,0,0,0,0,0.483336747,-16.6619282,82.0027695,0.79620856,13.5977449,4.46360016,693.747498,59.0630989,4.29300022,0.0250000004,50,1,0.119999997,0.550000012,0.0133333337
SL2_rand_4_r0,0,658,1.48000002,1,1.18126202,4.46360016,0.0309999995,0.0209999997,0.023832161,0.0237887129,0,1.18126202,6,2.5,8.25765991,0,0,0,0,0,0.483336747,-16.6619282,82.0027695,0.79620856,13.5977449,4.46360016,693.747498,59.0630989,4.29300022,0.0250000004,50,1,0.119999997,0.550000012,0.0133333337
SL2_rand_4_r0,0,659,1.49333334,1,1.18126202,4.46360016,0.0306666661,0.0206666663,0.0233190861,0.0223341547,0,1.18126202,6,2.5,8.25765991,0,0,0,0,0,0.483336747,-16.6619282,82.0027695,0.79620856,13.5977449,4.46360016,693.747498,59.0630989,4.29300022,0.0250000004,50,1,0.119999997,0.550000012,0.0133333337
SL2_rand_4_r0,0,660,1.50666666,1,1.18126202,4.46360016,0.0303333327,0.0203333329,0.0232616216,0.0230686348,0,1.18126202,6,2.5,8.25765991,0,0,0,0,0,0.483336747,-16.6619282,82.0027695,0.79620856,13.5977449,4.46360016,693.747498,59.0630989,4.29300022,0.0250000004,50,1,0.119999997,0.550000012,0.0133333337
SL2_rand_4_r0,0,661,1.51999998,1,1.18126202,4.46360016,0.0299999993,0.0199999996,0.0231189076,0.0216155592,0,1.18126202,6,2.5,8.25765991,0,0,0,0,0,0.483336747,-16.6619282,82.0027695,0.79620856,13.5977449,4.46360016,693.747498,59.0630989,4.29300022,0.0250000004,50,1,0.119999997,0.550000012,0.0133333337
SL2_rand_4_r0,0,662,1.5333333,1,1.18126202,4.46360016,0.0296666659,0.0196666662,0.0230993833,0.0212266799,0,1.18126202,6,2.5,8.25765991,0,0,0,0,0,0.483336747,-16.6619282,82.0027695,0.79620856,13.5977449,4.46360016,693.747498,59.0630989,4.29300022,0.0250000004,50,1,0.119999997,0.550000012,0.0133333337
SL2_rand_4_r0,0,663,1.54666662,1,1.18126202,4.46360016,0.0293333326,0.0193333328,0.0221803505,0.0219591055,0,1.18126202,6,2.5,8.25765991,0,0,0,0,0,0.483336747,-16.6619282,82.0027695,0.79620856,13.5977449,4.46360016,693.747498,59.0630989,4.29300022,0.0250000004,50,1,0.119999997,0.550000012,0.0133333337
SL2_rand_4_r0,0,664,1.55999994,1,1.18126202,4.46360016,0.0289999992,0.0189999994,0.0220989827,0.0204774458,0,1.18126202,6,2.5,8.25765991,0,0,0,0,0,0.483336747,-16.6619282,82.0027695,0.79620856,13.5977449,4.46360016,693.747498,59.0630989,4.29300022,0.0250000004,50,1,0.119999997,0.550000012,0.0133333337
SL2_rand_4_r0,0,665,1.57333338,1,1.18126202,4.46360016,0.0286666658,0.018666666,0.0212325342,0.0212307479,0,1.18126202,6,2.5,8.25765991,0,0,0,0,0,0.483336747,-16.6619282,82.0027695,0.79620856,13.5977449,4.46360016,693.747498,59.0630989,4.29300022,0.0250000004,50,1,0.119999997,0.550000012,0.0133333337
SL2_rand_4_r0,0,666,1.5866667,1,1.18126202,4.46360016,0.0283333343,0.0183333326,0.0212746467,0.02126492,0,1.18126202,6,2.5,8.25765991,0,0,0,0,0,0.483336747,-16.6619282,82.0027695,0.79620856,13.5977449,4.46360016,693.747498,59.0630989,4.29300022,0.0250000004,50,1,0.119999997,0.550000012,0.0133333337
SL2_rand_4_r0,0,667,1.60000002,1,1.18126202,4.46360016,0.0280000009,0.0179999992,0.0206664037,0.0205138996,0,1.18126202,6,2.5,8.25765991,0,0,0,0,0,0.483336747,-16.6619282,82.0027695,0.79620856,13.5977449,4.46360016,693.747498,59.0630989,4.29300022,0.0250000004,50,1,0.119999997,0.550000012,0.0133333337
SL2_rand_4_r0,0,668,1.61333334,1,1.18126202,4.46360016,0.0276666675,0.0176666658,0.0207479913,0.0205868632,0,1.18126202,6,2.5,8.25765991,0,0,0,0,0,0.483336747,-16.6619282,82.0027695,0.79620856,13.5977449,4.46360016,693.747498,59.0630989,4.29300022,0.0250000004,50,1,0.119999997,0.550000012,0.0133333337
SL2_rand_4_r0,0,669,1.62666667,1,1.18126202,4.46360016,0.0273333341,0.0173333324,0.0205078963,0.0198026132,0,1.18126202,6,2.5,8.25765991,0,0,0,0,0,0.483336747,-16.6619282,82.0027695,0.79620856,13.5977449,4.46360016,693.747498,59.0630989,4.29300022,0.0250000004,50,1,0.119999997,0.550000012,0.0133333337
SL2_rand_4_r0,0,670,1.63999999,1,1.18126202,4.46360016,0.0270000007,0.0170000009,0.0195434075,0.0191572122,0,1.18126202,6,2.5,8.25765991,0,0,0,0,0,0.483336747,-16.6619282,82.0027695,0.79620856,13.5977449,4.46360016,693.747498,59.0630989,4.29300022,0.0250000004,50,1,0.119999997,0.550000012,0.0133333337
SL2_rand_4_r0,0,671,1.65333331,1,1.18126202,4.46360016,0.0266666673,0.0166666675,0.0195926055,0.0192452166,0,1.18126202,6,2.5,8.25765991,0,0,0,0,0,0.483336747,-16.6619282,82.0027695,0.79620856,13.5977449,4.46360016,693.747498,59.0630989,4.29300022,0.0250000004,50,1,0.119999997,0.550000012,0.0133333337
SL2_rand_4_r0,0,672,1.66666663,1,1.18126202,4.46360016,0.0263333339,0.0163333341,0.0184994284,0.0184133761,0,1.18126202,6,2.5,8.25765991,0,0,0,0,0,0.483336747,-16.6619282,82.0027695,0.79620856,13.5977449,4.46360016,693.747498,59.0630989,4.29300022,0.0250000004,50,1,0.119999997,0.550000012,0.0133333337
SL2_rand_4_r0,0,673,1.67999995,1,1.18126202,4.46360016,0.0260000005,0.0160000008,0.0186215024,0.0185642652,0,1.18126202,6,2.5,8.25765991,0,0,0,0,0,0.483336747,-16.6619282,82.0027695,0.79620856,13.5977449,4.46360016,693.747498,59.0630989,4.29300022,0.0250000004,50,1,0.119999997,0.550000012,0.0133333337
SL2_rand_4_r0,0,674,1.69333339,1,1.18126202,4.46360016,0.0256666671,0.0156666674,0.0179169588,0.0176766776,0,1.18126202,6,2.5,8.25765991,0,0,0,0,0,0.483336747,-16.6619282,82.0027695,0.79620856,13.5977449,4.46360016,693.747498,59.0630989,4.29300022,0.0250000004,50,1,0.119999997,0.550000012,0.0133333337
SL2_rand_4_r0,0,675,1.70666671,1,1.18126202,4.46360016,0.0253333338,0.0153333331,0.0180256292,0.0173331574,0,1.18126202,6,2.5,8.25765991,0,0,0,0,0,0.483336747,-16.6619282,82.0027695,0.79620856,13.5977449,4.46360016,693.747498,59.0630989,4.29300022,0.0250000004,50,1,0.119999997,0.550000012,0.0133333337
SL2_rand_4_r0,0,676,1.72000003,1,1.18126202,4.46360016,0.0250000004,0.0149999997,0.0173779242,0.0168613978,0,1.18126202,6,2.5,8.25765991,0,0,0,0,0,0.483336747,-16.6619282,82.0027695,0.79620856,13.5977449,4.46360016,693.747498,59.0630989,4.29300022,0.0250000004,50,1,0.119999997,0.550000012,0.0133333337
SL2_rand_4_r0,0,677,1.73333335,1,1.18126202,4.46360016,0.024666667,0.0146666663,0.0169148408,0.0162389595,0,1.18126202,6,2.5,8.25765991,0,0,0,0,0,0.483336747,-16.6619282,82.0027695,0.79620856,13.5977449,4.46360016,693.747498,59.0630989,4.29300022,0.0250000004,50,1,0.119999997,0.550000012,0.0133333337
SL2_rand_4_r0,0,678,1.74666667,1,1.18126202,4.46360016,0.0243333336,0.0143333329,0.0165367145,0.0158732198,0,1.18126202,6,2.5,8.25765991,0,0,0,0,0,0.483336747,-16.6619282,82.0027695,0.79620856,13.5977449,4.46360016,693.747498,59.0630989,4.29300022,0.0250000004,50,1,0.119999997,0.550000012,0.0133333337
SL2_rand_4_r0,0,679,1.75999999,1,1.18126202,4.46360016,0.0240000002,0.0140000004,0.0158745851,0.0155427102,0,1.18126202,6,2.5,8.25765991,0,0,0,0,0,0.483336747,-16.6619282,82.0027695,0.79620856,13.5977449,4.46360016,693.747498,59.0630989,4.29300022,0.0250000004,50,1,0.119999997,0.550000012,0.0133333337
SL2_rand_4_r0,0,680,1.77333331,1,1.18126202,4.46360016,0.0236666668,0.013666667,0.0156584941,0.0151525792,0,1.18126202,6,2.5,8.25765991,0,0,0,0,0,0.483336747,-16.6619282,82.0027695,0.79620856,13.5977449,4.46360016,693.747498,59.0630989,4.29300022,0.0250000004,50,1,0.119999997,0.550000012,0.0133333337
SL2_rand_4_r0,0,681,1.78666663,1,1.18126202,4.46360016,0.0233333334,0.0133333337,0.015299269,0.0147223203,0,1.18126202,6,2.5,8.25765991,0,0,0,0,0,0.483336747,-16.6619282,82.0027695,0.79620856,13.5977449,4.46360016,693.747498,59.0630989,4.29300022,0.0250000004,50,1,0.119999997,0.550000012,0.0133333337
SL2_rand_4_r0,0,682,1.79999995,1,1.18126202,4.46360016,0.023,0.0130000003,0.0150556313,0.0144137507,0,1.18126202,6,2.5,8.25765991,0,0,0,0,0,0.483336747,-16.6619282,82.0027695,0.79620856,13.5977449,4.46360016,693.747498,59.0630989,4.29300022,0.0250000004,50,1,0.119999997,0.550000012,0.0133333337
SL2_rand_4_r0,0,683,1.81333339,1,1.18126202,4.46360016,0.0226666667,0.0126666669,0.0139367478,0.0138235521,0,1.18126202,6,2.5,8.25765991,0,0,0,0,0,0.483336747,-16.6619282,82.0027695,0.79620856,13.5977449,4.46360016,693.747498,59.0630989,4.29300022,0.0250000004,50,1,0.119999997,0.550000012,0.0133333337
SL2_rand_4_r0,0,684,1.82666671,1,1.18126202,4.46360016,0.0223333333,0.0123333335,0.0147418063,0.0135265607,0,1.18126202,6,2.5,8.25765991,0,0,0,0,0,0.483336747,-16.6619282,82.0027695,0.79620856,13.5977449,4.46360016,693.747498,59.0630989,4.29300022,0.0250000004,50,1,0.119999997,0.550000012,0.0133333337
SL2_rand_4_r0,0,685,1.84000003,1,1.18126202,4.46360016,0.0219999999,0.0120000001,0.0131401168,0.0129500562,0,1.18126202,6,2.5,8.25765991,0,0,0,0,0,0.483336747,-16.6619282,82.0027695,0.79620856,13.5977449,4.46360016,693.747498,59.0630989,4.29300022,0.0250000004,50,1,0.119999997,0.550000012,0.0133333337
SL2_rand_4_r0,0,686,1.85333335,1,1.18126202,4.46360016,0.0216666665,0.0116666667,0.0137200188,0.012832528,0,1.18126202,6,2.5,8.25765991,0,0,0,0,0,0.483336747,-16.6619282,82.0027695,0.79620856,13.5977449,4.46360016,693.747498,59.0630989,4.29300022,0.0250000004,50,1,0.119999997,0.550000012,0.0133333337
SL2_rand_4_r0,0,687,1.86666667,1,1.18126202,4.46360016,0.0213333331,0.0113333333,0.0127020888,0.012395435,0,1.18126202,6,2.5,8.25765991,0,0,0,0,0,0.483336747,-16.6619282,82.0027695,0.79620856,13.5977449,4.46360016,693.747498,59.0630989,4.29300022,0.0250000004,50,1,0.119999997,0.550000012,0.0133333337
SL2_rand_4_r0,0,688,1.88,1,1.18126202,4.46360016,0.0209999997,0.0109999999,0.0127005959,0.0119647477,0,1.18126202,6,2.5,8.25765991,0,0,0,0,0,0.483336747,-16.6619282,82.0027695,0.79620856,13.5977449,4.46360016,693.747498,59.0630989,4.29300022,0.0250000004,50,1,0.119999997,0.550000012,0.0133333337
SL2_rand_4_r0,0,689,1.89333332,1,1.18126202,4.46360016,0.0206666663,0.0106666666,0.0122842705,0.0116580632,0,1.18126202,6,2.5,8.25765991,0,0,0,0,0,0.483336747,-16.6619282,82.0027695,0.79620856,13.5977449,4.46360016,693.747498,59.0630989,4.29300022,0.0250000004,50,1,0.119999997,0.550000012,0.0133333337
SL2_rand_4_r0,0,690,1.90666664,1,1.18126202,4.46360016,0.0203333329,0.0103333332,0.0113018416,0.0111574465,0,1.18126202,6,2.5,8.25765991,0,0,0,0,0,0.483336747,-16.6619282,82.0027695,0.79620856,13.5977449,4.46360016,693.747498,59.0630989,4.29300022,0.0250000004,50,1,0.119999997,0.550000012,0.0133333337
SL2_rand_4_r0,0,691,1.91999996,1,1.18126202,4.46360016,0.0199999996,0.00999999978,0.0116461385,0.0115071367,0,1.18126202,6,2.5,8.25765991,0,0,0,0,0,0.483336747,-16.6619282,82.0027695,0.79620856,13.5977449,4.46360016,693.747498,59.0630989,4.29300022,0.0250000004,50,1,0.119999997,0.550000012,0.0133333337
SL2_rand_4_r0,0,692,1.93333328,1,1.18126202,4.46360016,0.0196666662,0.00966666639,0.0105489986,0.0103844367,0,1.18126202,6,2.5,8.25765991,0,0,0,0,0,0.483336747,-16.6619282,82.0027695,0.79620856,13.5977449,4.46360016,693.747498,59.0630989,4.29300022,0.0250000004,50,1,0.119999997,0.550000012,0.0133333337
SL2_rand_4_r0,0,693,1.94666672,1,1.18126202,4.46360016,0.0193333328,0.009333333,0.0112011265,0.0108004855,0,1.18126202,6,2.5,8.25765991,0,0,0,0,0,0.483336747,-16.6619282,82.0027695,0.79620856,13.5977449,4.46360016,693.747498,59.0630989,4.29300022,0.0250000004,50,1,0.119999997,0.550000012,0.0133333337
SL2_rand_4_r0,0,694,1.96000004,1,1.25667512,4.46360016,0.0189999994,0.00899999961,0.00993244816,0.00980235636,0.000197643632,1.31837678,6,2.5,8.25765991,0,0,0,0,0,0.483336747,-16.6619282,82.0027695,0.79620856,13.5977449,4.46360016,693.747498,59.0630989,4.29300022,0.0250000004,50,1,0.119999997,0.550000012,0.0133333337
SL2_rand_4_r0,0,695,1.97333336,1,1.21519792,4.46360016,0.018666666,0.00866666622,0.0103713647,0.0100775212,0,1.18126202,6,2.5,8.25765991,0,0,0,0,0,0.483336747,-16.6619282,82.0027695,0.79620856,13.5977449,4.46360016,693.747498,59.0630989,4.29300022,0.0250000004,50,1,0.119999997,0.550000012,0.0133333337
SL2_rand_4_r0,0,696,1.98666668,1,1.530164,4.46360016,0.0183333326,0.00833333377,0.00974530075,0.0091256164,0.000874383899,1.78786361,6,2.5,8.25765991,0,0,0,0,0,0.483336747,-16.6619282,82.0027695,0.79620856,13.5977449,4.46360016,693.747498,59.0630989,4.29300022,0.0250000004,50,1,0.119999997,0.550000012,0.0133333337
SL2_rand_4_r0,0,697,2,2,1.85223901,4.46360016,0.0179999992,0.00800000038,0.00946365949,0.00865297858,0.00134702155,2.11575484,6,2.5,8.25765991,0,0,0,0,0,2.19344282,-1.31837738,68.4517059,1.05213273,1.39465988,4.46360016,693.747498,59.0630989,4.29300022,0.0250000004,50,1,0.119999997,0.550000012,0.0133333337
SL2_rand_4_r0,0,698,2.01333332,2,1.84637403,4.46360016,0.0176666658,0.00766666653,0.00909626205,0.00904819369,0.000951806724,1.8415755,6,2.5,8.25765991,0,0,0,0,0,2.19344282,-1.31837738,68.4517059,1.05213273,1.39465988,4.46360016,693.747498,59.0630989,4.29300022,0.0250000004,50,1,0.119999997,0.550000012,0.0133333337
SL2_rand_4_r0,0,699,2.02666664,2,2.2617991,4.46360016,0.0173333324,0.00733333314,0.00836424436,0.00795252528,0.0020474745,2.60169244,6,2.5,8.25765991,0,0,0,0,0,2.19344282,-1.31837738,68.4517059,1.05213273,1.39465988,4.46360016,693.747498,59.0630989,4.29300022,0.0250000004,50,1,0.119999997,0.550000012,0.0133333337
SL2_rand_4_r0,0,700,2.03999996,2,2.30990005,4.46360016,0.0170000009,0.00700000022,0.00844953395,0.00831640046,0.0016835999,2.34925532,6,2.5,8.25765991,0,0,0,0,0,2.19344282,-1.31837738,68.4517059,1.05213273,1.39465988,4.46360016,693.747498,59.0630989,4.29300022,0.0250000004,50,1,0.119999997,0.550000012,0.0133333337
SL2_rand_4_r0,0,701,2.05333328,2,2.7274282,4.46360016,0.0166666675,0.00666666683,0.00729609188,0.0072788652,0.00272113481,3.06904244,6,2.5,8.25765991,1,1,0,1,0,2.19344282,-1.31837738,68.4517059,1.05213273,1.39465988,4.46360016,693.747498,59.0630989,4.29300022,0.0250000004,50,1,0.119999997,0.550000012,0.0133333337
SL2_rand_4_r0,0,702,2.39677334,2,2.7991004,4.46360016,0.0163333341,0.00633333344,0.00788270403,0.00758344494,0.0024165553,2.85774112,6,2.5,8.25765991,1,1,0,2,0,2.19344282,-1.31837738,68.4517059,1.05213273,1.39465988,4.46360016,693.747498,59.0630989,4.29300022,0.0250000004,50,1,0.119999997,0.550000012,0.0133333337
SL2_rand_4_r0,0,703,2.74021339,2,2.99409366,4.46360016,0.0160000008,0.00600000005,0.00747681968,0.0071569318,0.00284306821,3.15363336,6,2.5,8.25765991,1,1,0,3,0,2.19344282,-1.31837738,68.4517059,1.05213273,1.39465988,4.46360016,693.747498,59.0630989,4.29300022,0.0250000004,50,1,0.119999997,0.550000012,0.0133333337
SL2_rand_4_r0,0,704,3.08365345,3,2.93237162,4.46360016,0.0156666674,0.00566666666,0.00763070909,0.0075486619,0.00245133811,2.8818717,6,2.5,8.25765991,1,1,0,4,0,0.889798403,-4.10566092,67.8200378,1.09478676,10.1526155,4.46360016,693.747498,59.0630989,4.29300022,0.0250000004,50,1,0.119999997,0.550000012,0.0133333337
SL2_rand_4_r0,0,705,3.42709327,3,3.2489531,4.46360016,0.0153333331,0.00533333328,0.00767613295,0.00664616795,0.00335383182,3.50797439,6,2.5,8.25765991,1,1,0,5,0,0.889798403,-4.10566092,67.8200378,1.09478676,10.1526155,4.46360016,693.747498,59.0630989,4.29300022,0.0250000004,50,1,0.119999997,0.550000012,0.0133333337
SL2_rand_4_r0,0,706,3.77053332,3,3.06149268,4.46360016,0.0149999997,0.00499999989,0.00769868167,0.00751083205,0.00248916773,2.90811586,6,2.5,8.25765991,1,1,0,6,0,0.889798403,-4.10566092,67.8200378,1.09478676,10.1526155,4.46360016,693.747498,59.0630989,4.29300022,0.0250000004,50,1,0.119999997,0.550000012,0.0133333337
SL2_rand_4_r0,0,707,4.11397314,4,2.97102547,4.46360016,0.0146666663,0.0046666665,0.00776466588,0.00752684521,0.00247315457,2.89700675,6,2.5,8.25765991,1,1,0,7,0,-0.16750598,-7.20378494,57.7432861,1.09004736,1.76905763,4.46360016,693.747498,59.0630989,4.29300022,0.0250000004,50,1,0.119999997,0.550000012,0.0133333337
SL2_rand_4_r0,0,708,4.4574132,4,3.34287477,4.46360016,0.0143333329,0.00433333311,0.00722382497,0.00644560438,0.00355439563,3.64711523,6,2.5,8.25765991,1,1,0,8,0,-0.16750598,-7.20378494,57.7432861,1.09004736,1.76905763,4.46360016,693.747498,59.0630989,4.29300022,0.0250000004,50,1,0.119999997,0.550000012,0.0133333337
SL2_rand_4_r0,0,709,4.80085325,4,3.69359279,4.46360016,0.0140638873,0.00406388706,0.00654950272,0.00596498419,0.00403501559,3.98054409,6,2.5,8.25765991,1,1,0,9,0,-0.16750598,-7.20378494,57.7432861,1.09004736,1.76905763,4.46360016,693.747498,59.0630989,4.29300022,0.0250000004,50,1,0.119999997,0.550000012,0.0133333337
SL2_rand_4_r0,0,710,5.14429331,5,3.96870685,4.46360016,0.0138815092,0.00388150895,0.00626449799,0.00533124106,0.00466875872,4.19380045,6,2.5,8.25765991,1,1,0,10,0,0.972533345,-0.152790204,56.0282936,0.985781968,16.7862549,4.46360016,693.747498,59.0630989,4.29300022,0.0250000004,50,1,0.119999997,0.550000012,0.0133333337
SL2_rand_4_r0,0,711,5.48773336,5,3.91504002,4.46360016,0.0136987343,0.0036987348,0.00577406958,0.00535159092,0.00464840885,3.87113094,6,2.5,8.25765991,1,1,0,11,0,0.972533345,-0.152790204,56.0282936,0.985781968,16.7862549,4.46360016,693.747498,59.0630989,4.29300022,0.0250000004,50,1,0.119999997,0.550000012,0.0133333337
SL2_rand_4_r0,0,712,5.83117342,5,4.14951611,4.46360016,0.0135810273,0.00358102703,0.00485671777,0.00467580371,0.00532419654,4.34136009,6,2.5,8.25765991,1,1,0,12,0,0.972533345,-0.152790204,56.0282936,0.985781968,16.7862549,4.46360016,693.747498,59.0630989,4.29300022,0.0250000004,50,1,0.119999997,0.550000012,0.0133333337
SL2_rand_4_r0,0,713,6.17461348,6,4.34228134,4.46360016,0.0135277091,0.00352770928,0.00434031943,0.00411476521,0.00588523457,4.49999809,6,2.5,8.25765991,1,1,0,13,0,-0.10905569,-2.33939552,68.7595215,0.592417061,18.5099659,4.46360016,693.747498,59.0630989,4.29300022,0.0250000004,50,1,0.119999997,0.550000012,0.0133333337
SL2_rand_4_r0,0,714,6.51805353,6,4.55837917,4.46360016,0.0135451509,0.00354515063,0.00369972014,0.00344683719,0.00655316282,4.73518658,6,2.5,8.25765991,1,1,0,14,0,-0.10905569,-2.33939552,68.7595215,0.592417061,18.5099659,4.46360016,693.747498,59.0630989,4.29300022,0.0250000004,50,1,0.119999997,0.550000012,0.0133333337
SL2_rand_4_r0,0,715,6.86149311,6,4.61479616,4.46360016,0.0135900564,0.00359005644,0.00412108609,0.00319238869,0.00680761132,4.66095495,6,2.5,8.25765991,1,1,0,15,0,-0.10905569,-2.33939552,68.7595215,0.592417061,18.5099659,4.46360016,693.747498,59.0630989,4.29300022,0.0250000004,50,1,0.119999997,0.550000012,0.0133333337
SL2_rand_4_r0,0,716,7.20493317,7,4.66138029,4.46360016,0.0136524793,0.0036524795,0.00346221961,0.00299654296,0.00700345729,4.69949436,6,2.5,8.25765991,1,1,0,16,0,23.3285656,-6.29271364,50.4992943,0.45497629,11.5654583,4.46360016,693.747498,59.0630989,4.29300022,0.0250000004,50,1,0.119999997,0.550000012,0.0133333337
SL2_rand_4_r0,0,717,7.54837322,7,4.57354307,4.46360016,0.013693423,0.00369342323,0.00320987403,0.00319220521,0.00680779479,4.50167608,6,2.5,8.25765991,1,1,0,17,0,23.3285656,-6.29271364,50.4992943,0.45497629,11.5654583,4.46360016,693.747498,59.0630989,4.29300022,0.0250000004,50,1,0.119999997,0.550000012,0.0133333337
SL2_rand_4_r0,0,718,7.89181328,7,5.35809422,4.46360016,0.0139487181,0.00394871784,0.00252791122,0.000717998133,0.00928200223,6,6,2.5,8.25765991,1,1,0,18,0,23.3285656,-6.29271364,50.4992943,0.45497629,11.5654583,4.46360016,693.747498,59.0630989,4.29300022,0.0250000004,50,1,0.119999997,0.550000012,0.0133333337
SL2_rand_4_r0,0,719,8.23525333,8,5.5103898,4.46360016,0.0142820422,0.00428204192,0.00358540867,0.000573364669,0.00942663569,5.63499546,6,2.5,8.25765991,1,1,0,19,0,-2.66856098,-31.7631054,40.5158043,0.900473952,13.2252836,4.46360016,693.747498,59.0630989,4.29300022,0.0250000004,50,1,0.119999997,0.550000012,0.0133333337
SL2_rand_4_r0,1,1148,0.0133333337,0,0,4.46360016,0.0676666647,0.0576666668,0.0903860778,0.0895580426,0,0,6,2.5,8.25765991,0,0,0,0,0,-0.167705372,-18.3597507,88.6836548,0.592417061,6.91175747,4.46360016,693.747498,59.0630989,4.29300022,0.0250000004,50,1,0.119999997,0.550000012,0.0133333337
SL2_rand_4_r0,1,1149,0.0266666673,0,0,4.46360016,0.0673333332,0.0573333316,0.0870193616,0.0869868472,0,0,6,2.5,8.25765991,0,0,0,0,0,-0.167705372,-18.3597507,88.6836548,0.592417061,6.91175747,4.46360016,693.747498,59.0630989,4.29300022,0.0250000004,50,1,0.119999997,0.550000012,0.0133333337
SL2_rand_4_r0,1,1150,0.0399999991,0,0,4.46360016,0.0670000017,0.057,0.0840829834,0.0837980136,0,0,6,2.5,8.25765991,0,0,0,0,0,-0.167705372,-18.3597507,88.6836548,0.592417061,6.91175747,4.46360016,693.747498,59.0630989,4.29300022,0.0250000004,50,1,0.119999997,0.550000012,0.0133333337
SL2_rand_4_r0,1,1151,0.0533333346,0,0,4.46360016,0.0666666701,0.0566666685,0.0814157203,0.0811581612,0,0,6,2.5,8.25765991,0,0,0,0,0,-0.167705372,-18.3597507,88.6836548,0.592417061,6.91175747,4.46360016,693.747498,59.0630989,4.29300022,0.0250000004,50,1,0.119999997,0.550000012,0.0133333337
SL2_rand_4_r0,1,1152,0.0666666701,0,0,4.46360016,0.0663333312,0.0563333333,0.0780954808,0.0780608952,0,0,6,2.5,8.25765991,0,0,0,0,0,-0.167705372,-18.3597507,88.6836548,0.592417061,6.91175747,4.46360016,693.747498,59.0630989,4.29300022,0.0250000004,50,1,0.119999997,0.550000012,0.0133333337
SL2_rand_4_r0,1,1153,0.0799999982,0,0,4.46360016,0.0659999996,0.0560000017,0.0756175742,0.0750013888,0,0,6,2.5,8.25765991,0,0,0,0,0,-0.167705372,-18.3597507,88.6836548,0.592417061,6.91175747,4.46360016,693.747498,59.0630989,4.29300022,0.0250000004,50,1,0.119999997,0.550000012,0.0133333337
SL2_rand_4_r0,1,1154,0.0933333337,0,0.649694085,4.46360016,0.0656666681,0.0556666665,0.0725834966,0.0724879503,0,1.18126202,6,2.5,8.25765991,0,0,0,0,0,-0.167705372,-18.3597507,88.6836548,0.592417061,6.91175747,4.46360016,693.747498,59.0630989,4.29300022,0.0250000004,50,1,0.119999997,0.550000012,0.0133333337
SL2_rand_4_r0,1,1155,0.106666669,0,0.942056417,4.46360016,0.0653333366,0.055333335,0.0696891993,0.0695472062,0,1.18126202,6,2.5,8.25765991,0,0,0,0,0,-0.167705372,-18.3597507,88.6836548,0.592417061,6.91175747,4.46360016,693.747498,59.0630989,4.29300022,0.0250000004,50,1,0.119999997,0.550000012,0.0133333337
SL2_rand_4_r0,1,1156,0.119999997,0,1.07361948,4.46360016,0.0649999976,0.0549999997,0.0677430704,0.0666810498,0,1.18126202,6,2.5,8.25765991,0,0,0,0,0,-0.167705372,-18.3597507,88.6836548,0.592417061,6.91175747,4.46360016,693.747498,59.0630989,4.29300022,0.0250000004,50,1,0.119999997,0.550000012,0.0133333337
SL2_rand_4_r0,1,1157,0.13333334,0,1.13282287,4.46360016,0.0646666661,0.0546666682,0.0644011721,0.0643787161,0,1.18126202,6,2.5,8.25765991,0,0,0,0,0,-0.167705372,-18.3597507,88.6836548,0.592417061,6.91175747,4.46360016,693.747498,59.0630989,4.29300022,0.0250000004,50,1,0.119999997,0.550000012,0.0133333337
SL2_rand_4_r0,1,1158,0.146666661,0,1.15946436,4.46360016,0.0643333346,0.0543333329,0.0620194897,0.061694596,0,1.18126202,6,2.5,8.25765991,0,0,0,0,0,-0.167705372,-18.3597507,88.6836548,0.592417061,6.91175747,4.46360016,693.747498,59.0630989,4.29300022,0.0250000004,50,1,0.119999997,0.550000012,0.0133333337
SL2_rand_4_r0,1,1159,0.159999996,0,1.17145312,4.46360016,0.064000003,0.0540000014,0.0600097962,0.0595772006,0,1.18126202,6,2.5,8.25765991,0,0,0,0,0,-0.167705372,-18.3597507,88.6836548,0.592417061,6.91175747,4.46360016,693.747498,59.0630989,4.29300022,0.0250000004,50,1,0.119999997,0.550000012,0.0133333337
SL2_rand_4_r0,1,1160,0.173333332,0,1.17684793,4.46360016,0.0636666641,0.0536666662,0.0571292415,0.0571144708,0,1.18126202,6,2.5,8.25765991,0,0,0,0,0,-0.167705372,-18.3597507,88.6836548,0.592417061,6.91175747,4.46360016,693.747498,59.0630989,4.29300022,0.0250000004,50,1,0.119999997,0.550000012,0.0133333337
SL2_rand_4_r0,1,1161,0.186666667,0,1.17927575,4.46360016,0.0633333325,0.0533333346,0.0552893542,0.0547696352,0,1.18126202,6,2.5,8.25765991,0,0,0,0,0,-0.167705372,-18.3597507,88.6836548,0.592417061,6.91175747,4.46360016,693.747498,59.0630989,4.29300022,0.0250000004,50,1,0.119999997,0.550000012,0.0133333337
SL2_rand_4_r0,1,1162,0.200000003,0,1.18036819,4.46360016,0.063000001,0.0529999994,0.0534058958,0.0530103222,0,1.18126202,6,2.5,8.25765991,0,0,0,0,0,-0.167705372,-18.3597507,88.6836548,0.592417061,6.91175747,4.46360016,693.747498,59.0630989,4.29300022,0.0250000004,50,1,0.119999997,0.550000012,0.0133333337
SL2_rand_4_r0,1,1163,0.213333338,0,1.1808598,4.46360016,0.0626666695,0.0526666678,0.050975766,0.0509276465,0,1.18126202,6,2.5,8.25765991,0,0,0,0,0,-0.167705372,-18.3597507,88.6836548,0.592417061,6.91175747,4.46360016,693.747498,59.0630989,4.29300022,0.0250000004,50,1,0.119999997,0.550000012,0.0133333337
SL2_rand_4_r0,1,1164,0.226666674,0,1.18108106,4.46360016,0.0623333342,0.0523333326,0.0496482551,0.0489670001,0,1.18126202,6,2.5,8.25765991,0,0,0,0,0,-0.167705372,-18.3597507,88.6836548,0.592417061,6.91175747,4.46360016,693.747498,59.0630989,4.29300022,0.0250000004,50,1,0.119999997,0.550000012,0.0133333337
SL2_rand_4_r0,1,1165,0.239999995,0,1.1811806,4.46360016,0.061999999,0.0520000011,0.0480995663,0.0475853197,0,1.18126202,6,2.5,8.25765991,0,0,0,0,0,-0.167705372,-18.3597507,88.6836548,0.592417061,6.91175747,4.46360016,693.747498,59.0630989,4.29300022,0.0250000004,50,1,0.119999997,0.550000012,0.0133333337
SL2_rand_4_r0,1,1166,0.25333333,0,1.1812253,4.46360016,0.0616666675,0.0516666658,0.0460205227,0.0458510332,0,1.18126202,6,2.5,8.25765991,0,0,0,0,0,-0.167705372,-18.3597507,88.6836548,0.592417061,6.91175747,4.46360016,693.747498,59.0630989,4.29300022,0.0250000004,50,1,0.119999997,0.550000012,0.0133333337
SL2_rand_4_r0,1,1167,0.266666681,0,1.18124557,4.46360016,0.0613333322,0.0513333343,0.045139052,0.0442087129,0,1.18126202,6,2.5,8.25765991,0,0,0,0,0,-0.167705372,-18.3597507,88.6836548,0.592417061,6.91175747,4.46360016,693.747498,59.0630989,4.29300022,0.0250000004,50,1,0.119999997,0.550000012,0.0133333337
SL2_rand_4_r0,1,1168,0.280000001,0,1.18125463,4.46360016,0.0610000007,0.050999999,0.0440012552,0.0431210287,0,1.18126202,6,2.5,8.25765991,0,0,0,0,0,-0.167705372,-18.3597507,88.6836548,0.592417061,6.91175747,4.46360016,693.747498,59.0630989,4.29300022,0.0250000004,50,1,0.119999997,0.550000012,0.0133333337
SL2_rand_4_r0,1,1169,0.293333322,0,1.18125868,4.46360016,0.0606666654,0.0506666675,0.0420505293,0.0419833921,0,1.18126202,6,2.5,8.25765991,0,0,0,0,0,-0.167705372,-18.3597507,88.6836548,0.592417061,6.91175747,4.46360016,693.747498,59.0630989,4.29300022,0.0250000004,50,1,0.119999997,0.550000012,0.0133333337
SL2_rand_4_r0,1,1170,0.306666672,0,1.18126047,4.46360016,0.0603333339,0.0503333323,0.041065868,0.0405752808,0,1.18126202,6,2.5,8.25765991,0,0,0,0,0,-0.167705372,-18.3597507,88.6836548,0.592417061,6.91175747,4.46360016,693.747498,59.0630989,4.29300022,0.0250000004,50,1,0.119999997,0.550000012,0.0133333337
SL2_rand_4_r0,1,1171,0.319999993,0,1.1812613,4.46360016,0.0599999987,0.0500000007,0.0404050872,0.0396978296,0,1.18126202,6,2.5,8.25765991,0,0,0,0,0,-0.167705372,-18.3597507,88.6836548,0.592417061,6.91175747,4.46360016,693.747498,59.0630989,4.29300022,0.0250000004,50,1,0.119999997,0.550000012,0.0133333337
SL2_rand_4_r0,1,1172,0.333333343,0,1.18126166,4.46360016,0.0596666671,0.0496666655,0.0384476669,0.0383998565,0,1.18126202,6,2.5,8.25765991,0,0,0,0,0,-0.167705372,-18.3597507,88.6836548,0.592417061,6.91175747,4.46360016,693.747498,59.0630989,4.29300022,0.0250000004,50,1,0.119999997,0.550000012,0.0133333337
SL2_rand_4_r0,1,1173,0.346666664,0,1.1812619,4.46360016,0.0593333319,0.049333334,0.0377312228,0.0377298035,0,1.18126202,6,2.5,8.25765991,0,0,0,0,0,-0.167705372,-18.3597507,88.6836548,0.592417061,6.91175747,4.46360016,693.747498,59.0630989,4.29300022,0.0250000004,50,1,0.119999997,0.550000012,0.0133333337
SL2_rand_4_r0,1,1174,0.360000014,0,1.1812619,4.46360016,0.0590000004,0.0489999987,0.0370917395,0.036520794,0,1.18126202,6,2.5,8.25765991,0,0,0,0,0,-0.167705372,-18.3597507,88.6836548,0.592417061,6.91175747,4.46360016,693.747498,59.0630989,4.29300022,0.0250000004,50,1,0.119999997,0.550000012,0.0133333337
SL2_rand_4_r0,1,1175,0.373333335,0,1.18126202,4.46360016,0.0586666651,0.0486666672,0.0358076207,0.0356258713,0,1.18126202,6,2.5,8.25765991,0,0,0,0,0,-0.167705372,-18.3597507,88.6836548,0.592417061,6.91175747,4.46360016,693.747498,59.0630989,4.29300022,0.0250000004,50,1,0.119999997,0.550000012,0.0133333337
SL2_rand_4_r0,1,1176,0.386666656,0,1.18126202,4.46360016,0.0583333336,0.0483333319,0.0347509049,0.0345013328,0,1.18126202,6,2.5,8.25765991,0,0,0,0,0,-0.167705372,-18.3597507,88.6836548,0.592417061,6.91175747,4.46360016,693.747498,59.0630989,4.29300022,0.0250000004,50,1,0.119999997,0.550000012,0.0133333337
SL2_rand_4_r0,1,1177,0.400000006,0,1.18126202,4.46360016,0.0579999983,0.0480000004,0.0345526189,0.0344773531,0,1.18126202,6,2.5,8.25765991,0,0,0,0,0,-0.167705372,-18.3597507,88.6836548,0.592417061,6.91175747,4.46360016,693.747498,59.0630989,4.29300022,0.0250000004,50,1,0.119999997,0.550000012,0.0133333337
SL2_rand_4_r0,1,1178,0.413333327,0,1.18126202,4.46360016,0.0576666668,0.0476666652,0.0330170244,0.0328189284,0,1.18126202,6,2.5,8.25765991,0,0,0,0,0,-0.167705372,-18.3597507,88.6836548,0.592417061,6.91175747,4.46360016,693.747498,59.0630989,4.29300022,0.0250000004,50,1,0.119999997,0.550000012,0.0133333337
SL2_rand_4_r0,1,1179,0.426666677,0,1.18126202,4.46360016,0.0573333316,0.0473333336,0.0323317833,0.0322056934,0,1.18126202,6,2.5,8.25765991,0,0,0,0,0,-0.167705372,-18.3597507,88.6836548,0.592417061,6.91175747,4.46360016,693.747498,59.0630989,4.29300022,0.0250000004,50,1,0.119999997,0.550000012,0.0133333337
SL2_rand_4_r0,1,1180,0.439999998,0,1.18126202,4.46360016,0.057,0.0469999984,0.0319323763,0.031485036,0,1.18126202,6,2.5,8.25765991,0,0,0,0,0,-0.167705372,-18.3597507,88.6836548,0.592417061,6.91175747,4.46360016,693.747498,59.0630989,4.29300022,0.0250000004,50,1,0.119999997,0.550000012,0.0133333337
SL2_rand_4_r0,1,1181,0.453333348,0,1.18126202,4.46360016,0.0566666685,0.0466666669,0.0309396386,0.0307120085,0,1.18126202,6,2.5,8.25765991,0,0,0,0,0,-0.167705372,-18.3597507,88.6836548,0.592417061,6.91175747,4.46360016,693.747498,59.0630989,4.29300022,0.0250000004,50,1,0.119999997,0.550000012,0.0133333337
SL2_rand_4_r0,1,1182,0.466666669,0,1.18126202,4.46360016,0.0563333333,0.0463333316,0.0300837997,0.030042747,0,1.18126202,6,2.5,8.25765991,0,0,0,0,0,-0.167705372,-18.3597507,88.6836548,0.592417061,6.91175747,4.46360016,693.747498,59.0630989,4.29300022,0.0250000004,50,1,0.119999997,0.550000012,0.0133333337
SL2_rand_4_r0,1,1183,0.479999989,0,1.18126202,4.46360016,0.0560000017,0.0460000001,0.0297366977,0.0294997208,0,1.18126202,6,2.5,8.25765991,0,0,0,0,0,-0.167705372,-18.3597507,88.6836548,0.592417061,6.91175747,4.46360016,693.747498,59.0630989,4.29300022,0.0250000004,50,1,0.119999997,0.550000012,0.0133333337
SL2_rand_4_r0,1,1184,0.49333334,0,1.18126202,4.46360016,0.0556666665,0.0456666648,0.0290747285,0.0284676831,0,1.18126202,6,2.5,8.25765991,0,0,0,0,0,-0.167705372,-18.3597507,88.6836548,0.592417061,6.91175747,4.46360016,693.747498,59.0630989,4.29300022,0.0250000004,50,1,0.119999997,0.550000012,0.0133333337
SL2_rand_4_r0,1,1185,0.50666666,0,1.18126202,4.46360016,0.055333335,0.0453333333,0.0280442219,0.0278513134,0,1.18126202,6,2.5,8.25765991,0,0,0,0,0,-0.167705372,-18.3597507,88.6836548,0.592417061,6.91175747,4.46360016,693.747498,59.0630989,4.29300022,0.0250000004,50,1,0.119999997,0.550000012,0.0133333337
SL2_rand_4_r0,1,1186,0.519999981,0,1.18126202,4.46360016,0.0549999997,0.0450000018,0.027871877,0.0277551282,0,1.18126202,6,2.5,8.25765991,0,0,0,0,0,-0.167705372,-18.3597507,88.6836548,0.592417061,6.91175747,4.46360016,693.747498,59.0630989,4.29300022,0.0250000004,50,1,0.119999997,0.550000012,0.0133333337
SL2_rand_4_r0,1,1187,0.533333361,0,1.18126202,4.46360016,0.0546666682,0.0446666665,0.0271615051,0.026790347,0,1.18126202,6,2.5,8.25765991,0,0,0,0,0,-0.167705372,-18.3597507,88.6836548,0.592417061,6.91175747,4.46360016,693.747498,59.0630989,4.29300022,0.0250000004,50,1,0.119999997,0.550000012,0.0133333337
SL2_rand_4_r0,1,1188,0.546666682,0,1.18126202,4.46360016,0.0543333329,0.044333335,0.0264975298,0.0264880899,0,1.18126202,6,2.5,8.25765991,0,0,0,0,0,-0.167705372,-18.3597507,88.6836548,0.592417061,6.91175747,4.46360016,693.747498,59.0630989,4.29300022,0.0250000004,50,1,0.119999997,0.550000012,0.0133333337
SL2_rand_4_r0,1,1189,0.560000002,0,1.18126202,4.46360016,0.0540000014,0.0439999998,0.0263032243,0.0256189462,0,1.18126202,6,2.5,8.25765991,0,0,0,0,0,-0.167705372,-18.3597507,88.6836548,0.592417061,6.91175747,4.46360016,693.747498,59.0630989,4.29300022,0.0250000004,50,1,0.119999997,0.550000012,0.0133333337
SL2_rand_4_r0,1,1190,0.573333323,0,1.18126202,4.46360016,0.0536666662,0.0436666682,0.0258791,0.0254071634,0,1.18126202,6,2.5,8.25765991,0,0,0,0,0,-0.167705372,-18.3597507,88.6836548,0.592417061,6.91175747,4.46360016,693.747498,59.0630989,4.29300022,0.0250000004,50,1,0.119999997,0.550000012,0.0133333337
SL2_rand_4_r0,1,1191,0.586666644,0,1.18126202,4.46360016,0.0533333346,0.043333333,0.0246382747,0.0245708749,0,1.18126202,6,2.5,8.25765991,0,0,0,0,0,-0.167705372,-18.3597507,88.6836548,0.592417061,6.91175747,4.46360016,693.747498,59.0630989,4.29300022,0.0250000004,50,1,0.119999997,0.550000012,0.0133333337
SL2_rand_4_r0,1,1192,0.600000024,0,1.18126202,4.46360016,0.0529999994,0.0430000015,0.0249561854,0.0249388777,0,1.18126202,6,2.5,8.25765991,0,0,0,0,0,-0.167705372,-18.3597507,88.6836548,0.592417061,6.91175747,4.46360016,693.747498,59.0630989,4.29300022,0.0250000004,50,1,0.119999997,0.550000012,0.0133333337
SL2_rand_4_r0,1,1193,0.613333344,0,1.18126202,4.46360016,0.0526666678,0.0426666662,0.0237856582,0.0235875454,0,1.18126202,6,2.5,8.25765991,0,0,0,0,0,-0.167705372,-18.3597507,88.6836548,0.592417061,6.91175747,4.46360016,693.747498,59.0630989,4.29300022,0.0250000004,50,1,0.119999997,0.550000012,0.0133333337
SL2_rand_4_r0,1,1194,0.626666665,0,1.18126202,4.46360016,0.0523333326,0.0423333347,0.0240595322,0.0235233121,0,1.18126202,6,2.5,8.25765991,0,0,0,0,0,-0.167705372,-18.3597507,88.6836548,0.592417061,6.91175747,4.46360016,693.747498,59.0630989,4.29300022,0.0250000004,50,1,0.119999997,0.550000012,0.0133333337
SL2_rand_4_r0,1,1195,0.639999986,0,1.18126202,4.46360016,0.0520000011,0.0419999994,0.0235022996,0.0230021421,0,1.18126202,6,2.5,8.25765991,0,0,0,0,0,-0.167705372,-18.3597507,88.6836548,0.592417061,6.91175747,4.46360016,693.747498,59.0630989,4.29300022,0.0250000004,50,1,0.119999997,0.550000012,0.0133333337
SL2_rand_4_r0,1,1196,0.653333306,0,1.18126202,4.46360016,0.0516666658,0.0416666679,0.0227418616,0.0220549777,0,1.18126202,6,2.5,8.25765991,0,0,0,0,0,-0.167705372,-18.3597507,88.6836548,0.592417061,6.91175747,4.46360016,693.747498,59.0630989,4.29300022,0.0250000004,50,1,0.119999997,0.550000012,0.0133333337
SL2_rand_4_r0,1,1197,0.666666687,0,1.18126202,4.46360016,0.0513333343,0.0413333327,0.0221721902,0.0220577717,0,1.18126202,6,2.5,8.25765991,0,0,0,0,0,-0.167705372,-18.3597507,88.6836548,0.592417061,6.91175747,4.46360016,693.747498,59.0630989,4.29300022,0.0250000004,50,1,0.119999997,0.550000012,0.0133333337
SL2_rand_4_r0,1,1198,0.680000007,0,1.18126202,4.46360016,0.050999999,0.0410000011,0.0220669713,0.021198146,0,1.18126202,6,2.5,8.25765991,0,0,0,0,0,-0.167705372,-18.3597507,88.6836548,0.592417061,6.91175747,4.46360016,693.747498,59.0630989,4.29300022,0.0250000004,50,1,0.119999997,0.550000012,0.0133333337
SL2_rand_4_r0,1,1199,0.693333328,0,1.18126202,4.46360016,0.0506666675,0.0406666659,0.0212727115,0.0212235991,0,1.18126202,6,2.5,8.25765991,0,0,0,0,0,-0.167705372,-18.3597507,88.6836548,0.592417061,6.91175747,4.46360016,693.747498,59.0630989,4.29300022,0.0250000004,50,1,0.119999997,0.550000012,0.0133333337
SL2_rand_4_r0,1,1200,0.706666648,0,1.18126202,4.46360016,0.0503333323,0.0403333344,0.0211794227,0.0209412202,0,1.18126202,6,2.5,8.25765991,0,0,0,0,0,-0.167705372,-18.3597507,88.6836548,0.592417061,6.91175747,4.46360016,693.747498,59.0630989,4.29300022,0.0250000004,50,1,0.119999997,0.550000012,0.0133333337
SL2_rand_4_r0,1,1201,0.720000029,0,1.18126202,4.46360016,0.0500000007,0.0399999991,0.0204518456,0.0204340685,0,1.18126202,6,2.5,8.25765991,0,0,0,0,0,-0.167705372,-18.3597507,88.6836548,0.592417061,6.91175747,4.46360016,693.747498,59.0630989,4.29300022,0.0250000004,50,1,0.119999997,0.550000012,0.0133333337
SL2_rand_4_r0,1,1202,0.733333349,0,1.18126202,4.46360016,0.0496666655,0.0396666676,0.0201961473,0.0200690273,0,1.18126202,6,2.5,8.25765991,0,0,0,0,0,-0.167705372,-18.3597507,88.6836548,0.592417061,6.91175747,4.46360016,693.747498,59.0630989,4.29300022,0.0250000004,50,1,0.119999997,0.550000012,0.0133333337
SL2_rand_4_r0,1,1203,0.74666667,0,1.18126202,4.46360016,0.049333334,0.0393333323,0.0197493471,0.0196577404,0,1.18126202,6,2.5,8.25765991,0,0,0,0,0,-0.167705372,-18.3597507,88.6836548,0.592417061,6.91175747,4.46360016,693.747498,59.0630989,4.29300022,0.0250000004,50,1,0.119999997,0.550000012,0.0133333337
SL2_rand_4_r0,1,1204,0.75999999,0,1.18126202,4.46360016,0.0489999987,0.0390000008,0.0193797871,0.0193109233,0,1.18126202,6,2.5,8.25765991,0,0,0,0,0,-0.167705372,-18.3597507,88.6836548,0.592417061,6.91175747,4.46360016,693.747498,59.0630989,4.29300022,0.0250000004,50,1,0.119999997,0.550000012,0.0133333337
SL2_rand_4_r0,1,1205,0.773333311,0,1.18126202,4.46360016,0.0486666672,0.0386666656,0.0190172605,0.0189587902,0,1.18126202,6,2.5,8.25765991,0,0,0,0,0,-0.167705372,-18.3597507,88.6836548,0.592417061,6.91175747,4.46360016,693.747498,59.0630989,4.29300022,0.0250000004,50,1,0.119999997,0.550000012,0.0133333337
SL2_rand_4_r0,1,1206,0.786666691,0,1.18126202,4.46360016,0.0483333319,0.038333334,0.0190755334,0.0185774826,0,1.18126202,6,2.5,8.25765991,0,0,0,0,0,-0.167705372,-18.3597507,88.6836548,0.592417061,6.91175747,4.46360016,693.747498,59.0630989,4.29300022,0.0250000004,50,1,0.119999997,0.550000012,0.0133333337
SL2_rand_4_r0,1,1207,0.800000012,0,1.18126202,4.46360016,0.0480000004,0.0379999988,0.018377604,0.0182791967,0,1.18126202,6,2.5,8.25765991,0,0,0,0,0,-0.167705372,-18.3597507,88.6836548,0.592417061,6.91175747,4.46360016,693.747498,59.0630989,4.29300022,0.0250000004,50,1,0.119999997,0.550000012,0.0133333337
SL2_rand_4_r0,1,1208,0.813333333,0,1.18126202,4.46360016,0.0476666652,0.0376666673,0.0183336679,0.017927954,0,1.18126202,6,2.5,8.25765991,0,0,0,0,0,-0.167705372,-18.3597507,88.6836548,0.592417061,6.91175747,4.46360016,693.747498,59.0630989,4.29300022,0.0250000004,50,1,0.119999997,0.550000012,0.0133333337
SL2_rand_4_r0,1,1209,0.826666653,0,1.18126202,4.46360016,0.0473333336,0.037333332,0.0177993365,0.0174975209,0,1.18126202,6,2.5,8.25765991,0,0,0,0,0,-0.167705372,-18.3597507,88.6836548,0.592417061,6.91175747,4.46360016,693.747498,59.0630989,4.29300022,0.0250000004,50,1,0.119999997,0.550000012,0.0133333337
SL2_rand_4_r0,1,1210,0.839999974,0,1.18126202,4.46360016,0.0469999984,0.0370000005,0.0173201058,0.0171895418,0,1.18126202,6,2.5,8.25765991,0,0,0,0,0,-0.167705372,-18.3597507,88.6836548,0.592417061,6.91175747,4.46360016,693.747498,59.0630989,4.29300022,0.0250000004,50,1,0.119999997,0.550000012,0.0133333337
SL2_rand_4_r0,1,1211,0.853333354,0,1.18126202,4.46360016,0.0466666669,0.0366666652,0.0172348078,0.0168152135,0,1.18126202,6,2.5,8.25765991,0,0,0,0,0,-0.167705372,-18.3597507,88.6836548,0.592417061,6.91175747,4.46360016,693.747498,59.0630989,4.29300022,0.0250000004,50,1,0.119999997,0.550000012,0.0133333337
SL2_rand_4_r0,1,1212,0.866666675,0,1.18126202,4.46360016,0.0463333316,0.0363333337,0.0165210497,0.0165096726,0,1.18126202,6,2.5,8.25765991,0,0,0,0,0,-0.167705372,-18.3597507,88.6836548,0.592417061,6.91175747,4.46360016,693.747498,59.0630989,4.29300022,0.0250000004,50,1,0.119999997,0.550000012,0.0133333337
SL2_rand_4_r0,1,1213,0.879999995,0,1.18126202,4.46360016,0.0460000001,0.0359999985,0.0169669613,0.016163582,0,1.18126202,6,2.5,8.25765991,0,0,0,0,0,-0.167705372,-18.3597507,88.6836548,0.592417061,6.91175747,4.46360016,693.747498,59.0630989,4.29300022,0.0250000004,50,1,0.119999997,0.550000012,0.0133333337
SL2_rand_4_r0,1,1214,0.893333316,0,1.18126202,4.46360016,0.0456666648,0.0356666669,0.0160533264,0.0158536807,0,1.18126202,6,2.5,8.25765991,0,0,0,0,0,-0.167705372,-18.3597507,88.6836548,0.592417061,6.91175747,4.46360016,693.747498,59.0630989,4.29300022,0.0250000004,50,1,0.119999997,0.550000012,0.0133333337
SL2_rand_4_r0,1,1215,0.906666696,0,1.18126202,4.46360016,0.0453333333,0.0353333317,0.0159233995,0.0155107584,0,1.18126202,6,2.5,8.25765991,0,0,0,0,0,-0.167705372,-18.3597507,88.6836548,0.592417061,6.91175747,4.46360016,693.747498,59.0630989,4.29300022,0.0250000004,50,1,0.119999997,0.550000012,0.0133333337
SL2_rand_4_r0,1,1216,0.920000017,0,1.18126202,4.46360016,0.0450000018,0.0350000001,0.0159189962,0.0152219851,0,1.18126202,6,2.5,8.25765991,0,0,0,0,0,-0.167705372,-18.3597507,88.6836548,0.592417061,6.91175747,4.46360016,693.747498,59.0630989,4.29300022,0.0250000004,50,1,0.119999997,0.550000012,0.0133333337
SL2_rand_4_r0,1,1217,0.933333337,0,1.18126202,4.46360016,0.0446666665,0.0346666649,0.0150592029,0.0147980684,0,1.18126202,6,2.5,8.25765991,0,0,0,0,0,-0.167705372,-18.3597507,88.6836548,0.592417061,6.91175747,4.46360016,693.747498,59.0630989,4.29300022,0.0250000004,50,1,0.119999997,0.550000012,0.0133333337
SL2_rand_4_r0,1,1218,0.946666658,0,1.18126202,4.46360016,0.044333335,0.0343333334,0.0152698811,0.0152184032,0,1.18126202,6,2.5,8.25765991,0,0,0,0,0,-0.167705372,-18.3597507,88.6836548,0.592417061,6.91175747,4.46360016,693.747498,59.0630989,4.29300022,0.0250000004,50,1,0.119999997,0.550000012,0.0133333337
SL2_rand_4_r0,1,1219,0.959999979,0,1.18126202,4.46360016,0.0439999998,0.0340000018,0.0144651448,0.0142178107,0,1.18126202,6,2.5,8.25765991,0,0,0,0,0,-0.167705372,-18.3597507,88.6836548,0.592417061,6.91175747,4.46360016,693.747498,59.0630989,4.29300022,0.0250000004,50,1,0.119999997,0.550000012,0.0133333337
SL2_rand_4_r0,1,1220,0.973333359,0,1.18126202,4.46360016,0.0436666682,0.0336666666,0.014712601,0.0145866834,0,1.18126202,6,2.5,8.25765991,0,0,0,0,0,-0.167705372,-18.3597507,88.6836548,0.592417061,6.91175747,4.46360016,693.747498,59.0630989,4.29300022,0.0250000004,50,1,0.119999997,0.550000012,0.0133333337
SL2_rand_4_r0,1,1221,0.986666679,0,1.18126202,4.46360016,0.043333333,0.0333333351,0.0144363288,0.0144087821,0,1.18126202,6,2.5,8.25765991,0,0,0,0,0,-0.167705372,-18.3597507,88.6836548,0.592417061,6.91175747,4.46360016,693.747498,59.0630989,4.29300022,0.0250000004,50,1,0.119999997,0.550000012,0.0133333337
SL2_rand_4_r0,1,1222,1,0,1.18126202,4.46360016,0.0430000015,0.0329999998,0.0137169678,0.0131366309,0,1.18126202,6,2.5,8.25765991,0,0,0,0,0,-0.167705372,-18.3597507,88.6836548,0.592417061,6.91175747,4.46360016,693.747498,59.0630989,4.29300022,0.0250000004,50,1,0.119999997,0.550000012,0.0133333337
SL2_rand_4_r0,1,1223,1.01333332,1,1.18126202,4.46360016,0.0426666662,0.0326666683,0.0137044284,0.0136994338,0,1.18126202,6,2.5,8.25765991,0,0,0,0,0,0.483336747,-16.6619282,82.0027695,0.79620856,13.5977449,4.46360016,693.747498,59.0630989,4.29300022,0.0250000004,50,1,0.119999997,0.550000012,0.0133333337
SL2_rand_4_r0,1,1224,1.02666664,1,1.18126202,4.46360016,0.0423333347,0.032333333,0.0127529101,0.0125969518,0,1.18126202,6,2.5,8.25765991,0,0,0,0,0,0.483336747,-16.6619282,82.0027695,0.79620856,13.5977449,4.46360016,693.747498,59.0630989,4.29300022,0.0250000004,50,1,0.119999997,0.550000012,0.0133333337
SL2_rand_4_r0,1,1225,1.03999996,1,1.18126202,4.46360016,0.0419999994,0.0320000015,0.0131341079,0.0130403414,0,1.18126202,6,2.5,8.25765991,0,0,0,0,0,0.483336747,-16.6619282,82.0027695,0.79620856,13.5977449,4.46360016,693.747498,59.0630989,4.29300022,0.0250000004,50,1,0.119999997,0.550000012,0.0133333337
SL2_rand_4_r0,1,1226,1.05333328,1,1.18126202,4.46360016,0.0416666679,0.0316666663,0.012320634,0.0121240541,0,1.18126202,6,2.5,8.25765991,0,0,0,0,0,0.483336747,-16.6619282,82.0027695,0.79620856,13.5977449,4.46360016,693.747498,59.0630989,4.29300022,0.0250000004,50,1,0.119999997,0.550000012,0.0133333337
SL2_rand_4_r0,1,1227,1.06666672,1,1.18126202,4.46360016,0.0413333327,0.0313333347,0.012475729,0.0123574296,0,1.18126202,6,2.5,8.25765991,0,0,0,0,0,0.483336747,-16.6619282,82.0027695,0.79620856,13.5977449,4.46360016,693.747498,59.0630989,4.29300022,0.0250000004,50,1,0.119999997,0.550000012,0.0133333337
SL2_rand_4_r0,1,1228,1.08000004,1,1.18126202,4.46360016,0.0410000011,0.0309999995,0.0122479666,0.0114838891,0,1.18126202,6,2.5,8.25765991,0,0,0,0,0,0.483336747,-16.6619282,82.0027695,0.79620856,13.5977449,4.46360016,693.747498,59.0630989,4.29300022,0.0250000004,50,1,0.119999997,0.550000012,0.0133333337
SL2_rand_4_r0,1,1229,1.09333336,1,1.18126202,4.46360016,0.0406666659,0.0306666661,0.0113471569,0.0110388827,0,1.18126202,6,2.5,8.25765991,0,0,0,0,0,0.483336747,-16.6619282,82.0027695,0.79620856,13.5977449,4.46360016,693.747498,59.0630989,4.29300022,0.0250000004,50,1,0.119999997,0.550000012,0.0133333337
SL2_rand_4_r0,1,1230,1.10666668,1,1.18126202,4.46360016,0.0403333344,0.0303333327,0.0116103888,0.0115725528,0,1.18126202,6,2.5,8.25765991,0,0,0,0,0,0.483336747,-16.6619282,82.0027695,0.79620856,13.5977449,4.46360016,693.747498,59.0630989,4.29300022,0.0250000004,50,1,0.119999997,0.550000012,0.0133333337
SL2_rand_4_r0,1,1231,1.12,1,1.18126202,4.46360016,0.0399999991,0.0299999993,0.0106956717,0.0105128493,0,1.18126202,6,2.5,8.25765991,0,0,0,0,0,0.483336747,-16.6619282,82.0027695,0.79620856,13.5977449,4.46360016,693.747498,59.0630989,4.29300022,0.0250000004,50,1,0.119999997,0.550000012,0.0133333337
SL2_rand_4_r0,1,1232,1.13333333,1,1.18126202,4.46360016,0.0396666676,0.0296666659,0.0109064672,0.0108702239,0,1.18126202,6,2.5,8.25765991,0,0,0,0,0,0.483336747,-16.6619282,82.0027695,0.79620856,13.5977449,4.46360016,693.747498,59.0630989,4.29300022,0.0250000004,50,1,0.119999997,0.550000012,0.0133333337
SL2_rand_4_r0,1,1233,1.14666665,1,1.18126202,4.46360016,0.0393333323,0.0293333326,0.0104508167,0.0101414742,0,1.18126202,6,2.5,8.25765991,0,0,0,0,0,0.483336747,-16.6619282,82.0027695,0.79620856,13.5977449,4.46360016,693.747498,59.0630989,4.29300022,0.0250000004,50,1,0.119999997,0.550000012,0.0133333337
SL2_rand_4_r0,1,1234,1.15999997,1,1.43406987,4.46360016,0.0390000008,0.0289999992,0.0103423847,0.00933743827,0.000662561913,1.64091265,6,2.5,8.25765991,0,0,0,0,0,0.483336747,-16.6619282,82.0027695,0.79620856,13.5977449,4.46360016,693.747498,59.0630989,4.29300022,0.0250000004,50,1,0.119999997,0.550000012,0.0133333337
SL2_rand_4_r0,1,1235,1.17333329,1,1.29912996,4.46360016,0.0386666656,0.0286666658,0.0100622736,0.009989243,1.07568467e-05,1.18872452,6,2.5,8.25765991,0,0,0,0,0,0.483336747,-16.6619282,82.0027695,0.79620856,13.5977449,4.46360016,693.747498,59.0630989,4.29300022,0.0250000004,50,1,0.119999997,0.550000012,0.0133333337
SL2_rand_4_r0,1,1236,1.18666661,1,1.65198612,4.46360016,0.038333334,0.0283333343,0.00903438404,0.00890532974,0.00109467015,1.9406867,6,2.5,8.25765991,0,0,0,0,0,0.483336747,-16.6619282,82.0027695,0.79620856,13.5977449,4.46360016,693.747498,59.0630989,4.29300022,0.0250000004,50,1,0.119999997,0.550000012,0.0133333337
SL2_rand_4_r0,1,1237,1.20000005,1,1.64554155,4.46360016,0.0379999988,0.0280000009,0.00998249929,0.00933836587,0.000661633734,1.6402688,6,2.5,8.25765991,0,0,0,0,0,0.483336747,-16.6619282,82.0027695,0.79620856,13.5977449,4.46360016,693.747498,59.0630989,4.29300022,0.0250000004,50,1,0.119999997,0.550000012,0.0133333337
SL2_rand_4_r0,1,1238,1.21333337,1,2.00380015,4.46360016,0.0376666673,0.0276666675,0.00865487941,0.00839183759,0.00160816289,2.29692101,6,2.5,8.25765991,0,0,0,0,0,0.483336747,-16.6619282,82.0027695,0.79620856,13.5977449,4.46360016,693.747498,59.0630989,4.29300022,0.0250000004,50,1,0.119999997,0.550000012,0.0133333337
SL2_rand_4_r0,1,1239,1.22666669,1,2.31375623,4.46360016,0.037333332,0.0273333341,0.00893281773,0.00800201856,0.00199798099,2.56735635,6,2.5,8.25765991,0,0,0,0,0,0.483336747,-16.6619282,82.0027695,0.79620856,13.5977449,4.46360016,693.747498,59.0630989,4.29300022,0.0250000004,50,1,0.119999997,0.550000012,0.0133333337
SL2_rand_4_r0,1,1240,1.24000001,1,2.23266101,4.46360016,0.0370000005,0.0270000007,0.00871816464,0.00858010538,0.00141989475,2.16631055,6,2.5,8.25765991,0,0,0,0,0,0.483336747,-16.6619282,82.0027695,0.79620856,13.5977449,4.46360016,693.747498,59.0630989,4.29300022,0.0250000004,50,1,0.119999997,0.550000012,0.0133333337
SL2_rand_4_r0,1,1241,1.25333333,1,2.6560421,4.46360016,0.0366666652,0.0266666673,0.00758021744,0.00737486221,0.0026251378,3.00244474,6,2.5,8.25765991,1,1,0,1,0,0.483336747,-16.6619282,82.0027695,0.79620856,13.5977449,4.46360016,693.747498,59.0630989,4.29300022,0.0250000004,50,1,0.119999997,0.550000012,0.0133333337
SL2_rand_4_r0,1,1242,1.26666665,1,2.56905317,4.46360016,0.0363333337,0.0263333339,0.00874443445,0.0081021646,0.00189783494,2.49788022,6,2.5,8.25765991,0,1,0,0,0,0.483336747,-16.6619282,82.0027695,0.79620856,13.5977449,4.46360016,693.747498,59.0630989,4.29300022,0.0250000004,50,1,0.119999997,0.550000012,0.0133333337
SL2_rand_4_r0,1,1243,1.27999997,1,3.04537821,4.46360016,0.0359999985,0.0260000005,0.00687709916,0.00675121462,0.00324878562,3.43509889,6,2.5,8.25765991,1,1,0,1,0,0.483336747,-16.6619282,82.0027695,0.79620856,13.5977449,4.46360016,693.747498,59.0630989,4.29300022,0.0250000004,50,1,0.119999997,0.550000012,0.0133333337
SL2_rand_4_r0,1,1244,1.62344003,1,2.95887923,4.46360016,0.0356666669,0.0256666671,0.00792629179,0.00753967371,0.0024603263,2.8881073,6,2.5,8.25765991,1,1,0,2,0,0.483336747,-16.6619282,82.0027695,0.79620856,13.5977449,4.46360016,693.747498,59.0630989,4.29300022,0.0250000004,50,1,0.119999997,0.550000012,0.0133333337
SL2_rand_4_r0,1,1245,3.34344006,3,4.22487545,4.46360016,0.0355447978,0.025544798,0.00430800347,0.00411972078,0.005880279,5.26069069,6,2.5,8.25765991,1,1,0,3,0,0.889798403,-4.10566092,67.8200378,1.09478676,10.1526155,4.46360016,693.747498,59.0630989,4.29300022,0.0250000004,50,1,0.119999997,0.550000012,0.0133333337
SL2_rand_4_r0,1,1246,3.68688011,3,5.20119381,4.46360016,0.0357293747,0.025729375,0.00189899688,0.000693419366,0.00930658076,6,6,2.5,8.25765991,1,1,0,4,0,0.889798403,-4.10566092,67.8200378,1.09478676,10.1526155,4.46360016,693.747498,59.0630989,4.29300022,0.0250000004,50,1,0.119999997,0.550000012,0.0133333337
SL2_rand_4_r0,1,1247,4.03032017,4,5.64053726,4.46360016,0.0360627063,0.0260627083,0.00255683856,-0.00138849579,0.0113884956,6,6,2.5,8.25765991,1,1,0,5,0,-0.16750598,-7.20378494,57.7432861,1.09004736,1.76905763,4.46360016,693.747498,59.0630989,4.29300022,0.0250000004,50,1,0.119999997,0.550000012,0.0133333337
SL2_rand_4_r0,1,1248,5.34344006,5,5.4034729,4.46360016,0.036379341,0.0263793394,0.00175161287,0.000788041798,0.00921195839,5.2095108,6,2.5,8.25765991,1,1,0,6,0,0.972533345,-0.152790204,56.0282936,0.985781968,16.7862549,4.46360016,693.747498,59.0630989,4.29300022,0.0250000004,50,1,0.119999997,0.550000012,0.0133333337
SL2_rand_4_r0,1,1249,6.34344006,6,5.71714115,4.46360016,0.0367126726,0.0267126728,0.00207826914,-0.000228293356,0.010228293,5.9737792,6,2.5,8.25765991,1,1,0,7,0,-0.10905569,-2.33939552,68.7595215,0.592417061,18.5099659,4.46360016,693.747498,59.0630989,4.29300022,0.0250000004,50,1,0.119999997,0.550000012,0.0133333337
SL2_rand_4_r0,1,1250,6.68688011,6,5.87271357,4.46360016,0.0370460078,0.0270460062,0.00279584597,-0.001070839,0.0110708391,6,6,2.5,8.25765991,1,1,0,8,0,-0.10905569,-2.33939552,68.7595215,0.592417061,18.5099659,4.46360016,693.747498,59.0630989,4.29300022,0.0250000004,50,1,0.119999997,0.550000012,0.0133333337
SL2_rand_4_r0,1,1251,7.03032017,7,5.94272089,4.46360016,0.0373793393,0.0273793396,0.00244609732,-0.00146816764,0.0114681674,6,6,2.5,8.25765991,1,1,0,9,0,23.3285656,-6.29271364,50.4992943,0.45497629,11.5654583,4.46360016,693.747498,59.0630989,4.29300022,0.0250000004,50,1,0.119999997,0.550000012,0.0133333337
SL2_rand_4_r0,1,1252,9.34344006,9,5.34598589,4.46360016,0.0376800038,0.0276800022,0.00141135021,0.00129508949,0.00870491099,4.85774803,6,2.5,8.25765991,1,1,0,10,0,0.677990377,-2.64449096,52.7210388,1.02369666,7.64609623,4.46360016,693.747498,59.0630989,4.29300022,0.0250000004,50,1,0.119999997,0.550000012,0.0133333337
SL2_rand_4_r0,1,1253,10.3434401,10,5.62141657,4.46360016,0.0380133353,0.0280133355,0.00104806782,3.63551844e-05,0.00996364467,5.84676933,6,2.5,8.25765991,1,1,0,11,0,-3.10203767,-6.66370869,59.2670441,1.0710901,7.77965403,4.46360016,693.747498,59.0630989,4.29300022,0.0250000004,50,1,0.119999997,0.550000012,0.0133333337
SL2_rand_4_r0,1,1254,10.6868801,10,5.39069557,4.46360016,0.0383264162,0.0283264183,0.00143240951,0.00079897861,0.00920102093,5.20192337,6,2.5,8.25765991,1,1,0,12,0,-3.10203767,-6.66370869,59.2670441,1.0710901,7.77965403,4.46360016,693.747498,59.0630989,4.29300022,0.0250000004,50,1,0.119999997,0.550000012,0.0133333337
SL2_rand_4_r0,1,1255,11.0303202,11,4.88344383,4.46360016,0.0384952202,0.0284952205,0.00379741052,0.0019597318,0.00804026797,4.46842003,6,2.5,8.25765991,1,1,0,13,0,1.04300225,-1.69272578,65.9994583,1.08530807,14.1568317,4.46360016,693.747498,59.0630989,4.29300022,0.0250000004,50,1,0.119999997,0.550000012,0.0133333337
SL2_rand_4_r0,1,1256,11.3737602,11,3.74619675,4.46360016,0.0383240767,0.0283240769,0.00570818363,0.00507900817,0.00492099207,2.81572175,6,2.5,8.25765991,1,1,0,14,0,1.04300225,-1.69272578,65.9994583,1.08530807,14.1568317,4.46360016,693.747498,59.0630989,4.29300022,0.0250000004,50,1,0.119999997,0.550000012,0.0133333337
SL2_rand_4_r0,1,1257,12.0133333,12,2.59837961,4.46360016,0.0379907414,0.0279907435,0.00894603413,0.00848250836,0.00151749211,1.65925658,6,2.5,8.25765991,0,1,0,0,0,0.324341267,-17.1532478,79.0348816,0.810426533,9.93430614,4.46360016,693.747498,59.0630989,4.29300022,0.0250000004,50,1,0.119999997,0.550000012,0.0133333337
SL2_rand_4_r0,1,1258,12.0266666,12,1.81896496,4.46360016,0.0376574099,0.0276574101,0.0119209355,0.01178311,0,1.18126202,6,2.5,8.25765991,0,0,0,0,0,0.324341267,-17.1532478,79.0348816,0.810426533,9.93430614,4.46360016,693.747498,59.0630989,4.29300022,0.0250000004,50,1,0.119999997,0.550000012,0.0133333337
SL2_rand_4_r0,1,1259,12.04,12,1.46822834,4.46360016,0.0373240747,0.0273240767,0.0148647455,0.0145321293,0,1.18126202,6,2.5,8.25765991,0,0,0,0,0,0.324341267,-17.1532478,79.0348816,0.810426533,9.93430614,4.46360016,693.747498,59.0630989,4.29300022,0.0250000004,50,1,0.119999997,0.550000012,0.0133333337
SL2_rand_4_r0,1,1260,12.0533333,12,1.31039679,4.46360016,0.0369907431,0.0269907434,0.0178941861,0.0175520778,0,1.18126202,6,2.5,8.25765991,0,0,0,0,0,0.324341267,-17.1532478,79.0348816,0.810426533,9.93430614,4.46360016,693.747498,59.0630989,4.29300022,0.0250000004,50,1,0.119999997,0.550000012,0.0133333337
SL2_rand_4_r0,1,1261,12.0666666,12,1.23937273,4.46360016,0.0366574116,0.02665741,0.0194344111,0.0191986524,0,1.18126202,6,2.5,8.25765991,0,0,0,0,0,0.324341267,-17.1532478,79.0348816,0.810426533,9.93430614,4.46360016,693.747498,59.0630989,4.29300022,0.0250000004,50,1,0.119999997,0.550000012,0.0133333337
SL2_rand_4_r0,1,1262,12.0799999,12,1.20741177,4.46360016,0.0363240764,0.0263240766,0.0189958122,0.0187851954,0,1.18126202,6,2.5,8.25765991,0,0,0,0,0,0.324341267,-17.1532478,79.0348816,0.810426533,9.93430614,4.46360016,693.747498,59.0630989,4.29300022,0.0250000004,50,1,0.119999997,0.550000012,0.0133333337
SL2_rand_4_r0,1,1263,12.0933332,12,1.1930294,4.46360016,0.0359907448,0.0259907432,0.0186646786,0.0184879079,0,1.18126202,6,2.5,8.25765991,0,0,0,0,0,0.324341267,-17.1532478,79.0348816,0.810426533,9.93430614,4.46360016,693.747498,59.0630989,4.29300022,0.0250000004,50,1,0.119999997,0.550000012,0.0133333337
SL2_rand_4_r0,1,1264,12.1066666,12,1.18655729,4.46360016,0.0356574096,0.0256574098,0.0177881215,0.0173920915,0,1.18126202,6,2.5,8.25765991,0,0,0,0,0,0.324341267,-17.1532478,79.0348816,0.810426533,9.93430614,4.46360016,693.747498,59.0630989,4.29300022,0.0250000004,50,1,0.119999997,0.550000012,0.0133333337
SL2_rand_4_r0,1,1265,12.1199999,12,1.18364489,4.46360016,0.0353240781,0.0253240764,0.0174167436,0.0170827247,0,1.18126202,6,2.5,8.25765991,0,0,0,0,0,0.324341267,-17.1532478,79.0348816,0.810426533,9.93430614,4.46360016,693.747498,59.0630989,4.29300022,0.0250000004,50,1,0.119999997,0.550000012,0.0133333337
SL2_rand_4_r0,1,1266,12.1333332,12,1.1823343,4.46360016,0.0349907428,0.024990743,0.0162777938,0.0159894992,0,1.18126202,6,2.5,8.25765991,0,0,0,0,0,0.324341267,-17.1532478,79.0348816,0.810426533,9.93430614,4.46360016,693.747498,59.0630989,4.29300022,0.0250000004,50,1,0.119999997,0.550000012,0.0133333337
SL2_rand_4_r0,1,1267,12.1466665,12,1.18174458,4.46360016,0.0346574113,0.0246574096,0.0160284247,0.0158254169,0,1.18126202,6,2.5,8.25765991,0,0,0,0,0,0.324341267,-17.1532478,79.0348816,0.810426533,9.93430614,4.46360016,693.747498,59.0630989,4.29300022,0.0250000004,50,1,0.119999997,0.550000012,0.0133333337
SL2_rand_4_r0,1,1268,12.1599998,12,1.1814791,4.46360016,0.034324076,0.0243240763,0.0151725588,0.0147123346,0,1.18126202,6,2.5,8.25765991,0,0,0,0,0,0.324341267,-17.1532478,79.0348816,0.810426533,9.93430614,4.46360016,693.747498,59.0630989,4.29300022,0.0250000004,50,1,0.119999997,0.550000012,0.0133333337
SL2_rand_4_r0,1,1269,12.1733332,12,1.18135977,4.46360016,0.0339907445,0.0239907429,0.014427348,0.0143638616,0,1.18126202,6,2.5,8.25765991,0,0,0,0,0,0.324341267,-17.1532478,79.0348816,0.810426533,9.93430614,4.46360016,693.747498,59.0630989,4.29300022,0.0250000004,50,1,0.119999997,0.550000012,0.0133333337
SL2_rand_4_r0,1,1270,12.1866665,12,1.181306,4.46360016,0.0336574093,0.0236574095,0.014580206,0.0131410817,0,1.18126202,6,2.5,8.25765991,0,0,0,0,0,0.324341267,-17.1532478,79.0348816,0.810426533,9.93430614,4.46360016,693.747498,59.0630989,4.29300022,0.0250000004,50,1,0.119999997,0.550000012,0.0133333337
SL2_rand_4_r0,1,1271,12.1999998,12,1.18128181,4.46360016,0.0333240777,0.0233240761,0.0135692954,0.0134888822,0,1.18126202,6,2.5,8.25765991,0,0,0,0,0,0.324341267,-17.1532478,79.0348816,0.810426533,9.93430614,4.46360016,693.747498,59.0630989,4.29300022,0.0250000004,50,1,0.119999997,0.550000012,0.0133333337
SL2_rand_4_r0,1,1272,12.2133331,12,1.18127096,4.46360016,0.0329907425,0.0229907427,0.0128006414,0.0127931852,0,1.18126202,6,2.5,8.25765991,0,0,0,0,0,0.324341267,-17.1532478,79.0348816,0.810426533,9.93430614,4.46360016,693.747498,59.0630989,4.29300022,0.0250000004,50,1,0.119999997,0.550000012,0.0133333337
SL2_rand_4_r0,1,1273,12.2266665,12,1.18126595,4.46360016,0.0326574109,0.0226574093,0.0112959966,0.0112147294,0,1.18126202,6,2.5,8.25765991,0,0,0,0,0,0.324341267,-17.1532478,79.0348816,0.810426533,9.93430614,4.46360016,693.747498,59.0630989,4.29300022,0.0250000004,50,1,0.119999997,0.550000012,0.0133333337
SL2_rand_4_r0,1,1274,12.2399998,12,1.1812638,4.46360016,0.0323240757,0.0223240759,0.0121888546,0.011706816,0,1.18126202,6,2.5,8.25765991,0,0,0,0,0,0.324341267,-17.1532478,79.0348816,0.810426533,9.93430614,4.46360016,693.747498,59.0630989,4.29300022,0.0250000004,50,1,0.119999997,0.550000012,0.0133333337
SL2_rand_4_r0,1,1275,12.2533331,12,1.21535349,4.46360016,0.0319907442,0.0219907425,0.0107636778,0.00991065521,8.93452234e-05,1.24324501,6,2.5,8.25765991,0,0,0,0,0,0.324341267,-17.1532478,79.0348816,0.810426533,9.93430614,4.46360016,693.747498,59.0630989,4.29300022,0.0250000004,50,1,0.119999997,0.550000012,0.0133333337
SL2_rand_4_r0,1,1276,12.2666664,12,1.19660318,4.46360016,0.0316574089,0.0216574091,0.0103653288,0.0103630228,0,1.18126202,6,2.5,8.25765991,0,0,0,0,0,0.324341267,-17.1532478,79.0348816,0.810426533,9.93430614,4.46360016,693.747498,59.0630989,4.29300022,0.0250000004,50,1,0.119999997,0.550000012,0.0133333337
SL2_rand_4_r0,1,1277,12.2799997,12,1.23356402,4.46360016,0.0313240774,0.0213240758,0.00990819372,0.00988101866,0.000118981035,1.26380479,6,2.5,8.25765991,0,0,0,0,0,0.324341267,-17.1532478,79.0348816,0.810426533,9.93430614,4.46360016,693.747498,59.0630989,4.29300022,0.0250000004,50,1,0.119999997,0.550000012,0.0133333337
SL2_rand_4_r0,1,1278,12.2933331,12,1.65805602,4.46360016,0.030990744,0.0209907424,0.00961069204,0.00881209597,0.00118790416,2.00536752,6,2.5,8.25765991,0,0,0,0,0,0.324341267,-17.1532478,79.0348816,0.810426533,9.93430614,4.46360016,693.747498,59.0630989,4.29300022,0.0250000004,50,1,0.119999997,0.550000012,0.0133333337
SL2_rand_4_r0,1,1279,12.3066664,12,2.12390637,4.46360016,0.0306574106,0.020657409,0.00826647971,0.0080918204,0.00190817972,2.50505686,6,2.5,8.25765991,0,0,0,0,0,0.324341267,-17.1532478,79.0348816,0.810426533,9.93430614,4.46360016,693.747498,59.0630989,4.29300022,0.0250000004,50,1,0.119999997,0.550000012,0.0133333337
SL2_rand_4_r0,1,1280,12.3199997,12,2.41761875,4.46360016,0.0303240772,0.0203240756,0.00834170263,0.00787146389,0.00212853658,2.65792894,6,2.5,8.25765991,0,0,0,0,0,0.324341267,-17.1532478,79.0348816,0.810426533,9.93430614,4.46360016,693.747498,59.0630989,4.29300022,0.0250000004,50,1,0.119999997,0.550000012,0.0133333337
SL2_rand_4_r0,1,1281,12.333333,12,2.77479076,4.46360016,0.0299907438,0.0199907441,0.00736258179,0.00728177698,0.00271822303,3.06702256,6,2.5,8.25765991,1,1,0,1,0,0.324341267,-17.1532478,79.0348816,0.810426533,9.93430614,4.46360016,693.747498,59.0630989,4.29300022,0.0250000004,50,1,0.119999997,0.550000012,0.0133333337
SL2_rand_4_r0,1,1282,12.6767731,12,3.32583618,4.46360016,0.0296574105,0.0196574107,0.00637762481,0.00625882717,0.00374117284,3.77669144,6,2.5,8.25765991,1,1,0,2,0,0.324341267,-17.1532478,79.0348816,0.810426533,9.93430614,4.46360016,693.747498,59.0630989,4.29300022,0.0250000004,50,1,0.119999997,0.550000012,0.0133333337
SL2_rand_4_r0,1,1283,13.0202131,13,4.71446943,4.46360016,0.0296715405,0.0196715407,0.00358245568,0.00326936366,0.00673063612,5.85062408,6,2.5,8.25765991,1,1,0,3,0,-0.0152163329,-15.5845928,88.8509979,0.625592411,177.709335,4.46360016,693.747498,59.0630989,4.29300022,0.0250000004,50,1,0.119999997,0.550000012,0.0133333337
SL2_rand_4_r0,1,1284,13.3636532,13,5.42151117,4.46360016,0.0299399812,0.0199399814,0.00241299369,0.000572082005,0.00942791812,6,6,2.5,8.25765991,1,1,0,4,0,-0.0152163329,-15.5845928,88.8509979,0.625592411,177.709335,4.46360016,693.747498,59.0630989,4.29300022,0.0250000004,50,1,0.119999997,0.550000012,0.0133333337
SL2_rand_4_r0,1,1285,15.3434401,15,5.44740963,4.46360016,0.0302580018,0.020258002,0.00249041826,0.000746058475,0.00925394148,5.46859932,6,2.5,8.25765991,1,1,0,5,0,0.164911792,-17.4464321,84.2991409,0.753554523,19.1744537,4.46360016,693.747498,59.0630989,4.29300022,0.0250000004,50,1,0.119999997,0.550000012,0.0133333337
SL2_rand_4_r0,1,1286,15.6868801,15,5.19208479,4.46360016,0.030513363,0.0205133632,0.00225373055,0.0011925021,0.00880749803,4.98318195,6,2.5,8.25765991,1,1,0,6,0,0.164911792,-17.4464321,84.2991409,0.753554523,19.1744537,4.46360016,693.747498,59.0630989,4.29300022,0.0250000004,50,1,0.119999997,0.550000012,0.0133333337
SL2_rand_4_r0,1,1287,16.0303192,16,5.08506298,4.46360016,0.0307285506,0.0207285509,0.00217349408,0.001491945,0.00850805454,4.99749947,6,2.5,8.25765991,1,1,0,7,0,0.3602795,-6.58238173,65.2169189,1.01895738,0.639112055,4.46360016,693.747498,59.0630989,4.29300022,0.0250000004,50,1,0.119999997,0.550000012,0.0133333337
SL2_rand_4_r0,1,1288,17.3434391,17,5.58827829,4.46360016,0.031061884,0.0210618842,0.00240302761,-0.00134665146,0.0113466512,6,6,2.5,8.25765991,1,1,0,8,0,0.450027257,-1.19000268,64.5782623,1.06161141,7.72159624,4.46360016,693.747498,59.0630989,4.29300022,0.0250000004,50,1,0.119999997,0.550000012,0.0133333337
SL2_rand_4_r0,1,1289,19.3434391,19,5.60291338,4.46360016,0.0313952193,0.0213952176,0.00167535536,0.000203712581,0.00979628786,5.61488771,6,2.5,8.25765991,1,1,0,9,0,0.806134582,-5.53459215,44.2103996,1,4.10390902,4.46360016,693.747498,59.0630989,4.29300022,0.0250000004,50,1,0.119999997,0.550000012,0.0133333337
SL2_rand_4_r0,1,1290,19.6868801,19,5.12542343,4.46360016,0.0316346139,0.0216346141,0.00163029018,0.00147238548,0.00852761418,4.73474932,6,2.5,8.25765991,1,1,0,10,0,0.806134582,-5.53459215,44.2103996,1,4.10390902,4.46360016,693.747498,59.0630989,4.29300022,0.0250000004,50,1,0.119999997,0.550000012,0.0133333337
SL2_rand_4_r0,1,1291,20.0303192,20,5.60644054,4.46360016,0.0319679454,0.0219679475,0.00140526693,9.28689187e-05,0.00990713108,6,6,2.5,8.25765991,1,1,0,11,0,42.0298767,1.94489253,40.3426514,0.853080571,28.7110367,4.46360016,693.747498,59.0630989,4.29300022,0.0250000004,50,1,0.119999997,0.550000012,0.0133333337
SL2_rand_4_r0,1,1292,21.3434391,21,5.82289839,4.46360016,0.0323012806,0.0223012809,0.00263422891,-0.00179427071,0.0117942709,6,6,2.5,8.25765991,1,1,0,12,0,5.0025878,-0.815026939,68.9552689,0.701421797,5.16436338,4.46360016,693.747498,59.0630989,4.29300022,0.0250000004,50,1,0.119999997,0.550000012,0.0133333337
SL2_rand_4_r0,1,1293,23.3434391,23,5.9203043,4.46360016,0.0326346122,0.0226346143,0.00188943208,-0.0005079814,0.0105079813,6,6,2.5,8.25765991,1,1,0,13,0,-0.201016605,-11.4870815,40.7752075,0.981042683,8.64647579,4.46360016,693.747498,59.0630989,4.29300022,0.0250000004,50,1,0.119999997,0.550000012,0.0133333337
SL2_rand_4_r0,1,1294,23.6868801,23,5.96413708,4.46360016,0.0329679474,0.0229679476,0.0031941433,-0.000891931762,0.0108919321,6,6,2.5,8.25765991,1,1,0,14,0,-0.201016605,-11.4870815,40.7752075,0.981042683,8.64647579,4.46360016,693.747498,59.0630989,4.29300022,0.0250000004,50,1,0.119999997,0.550000012,0.0133333337
SL2_rand_4_r0,1,1295,24.0303192,24,5.98386145,4.46360016,0.0333012789,0.023301281,0.00286377408,-0.00227435632,0.0122743566,6,6,2.5,8.25765991,1,1,0,15,0,-0.417181939,-7.403934,49.1662331,1.06161141,12.6730452,4.46360016,693.747498,59.0630989,4.29300022,0.0250000004,50,1,0.119999997,0.550000012,0.0133333337
SL2_rand_4_r0,1,1296,28.3434391,28,5.58751392,4.46360016,0.0336346142,0.0236346126,0.00303672906,0.000710609253,0.00928939041,5.26322985,6,2.5,8.25765991,1,1,0,16,0,20.566288,-0.543158352,86.5657578,0.65876776,8.06254482,4.46360016,693.747498,59.0630989,4.29300022,0.0250000004,50,1,0.119999997,0.550000012,0.0133333337
SL2_rand_4_r0,1,1297,30.3434391,30,5.81438112,4.46360016,0.0339679457,0.0239679459,0.00164690777,-0.000883672386,0.0108836722,6,6,2.5,8.25765991,1,1,0,17,0,22.6047859,-0.0308323149,86.6268768,0.786729872,169.898376,4.46360016,693.747498,59.0630989,4.29300022,0.0250000004,50,1,0.119999997,0.550000012,0.0133333337
SL2_rand_4_r0,1,1298,30.6868801,30,5.91647148,4.46360016,0.034301281,0.0243012793,0.00114592467,-0.000539915636,0.0105399154,6,6,2.5,8.25765991,1,1,0,18,0,22.6047859,-0.0308323149,86.6268768,0.786729872,169.898376,4.46360016,693.747498,59.0630989,4.29300022,0.0250000004,50,1,0.119999997,0.550000012,0.0133333337
SL2_rand_4_r0,1,1299,31.0303192,31,5.65756464,4.46360016,0.0346346125,0.0246346127,0.00198302814,0.000447542028,0.0095524583,5.44573164,6,2.5,8.25765991,1,1,0,19,0,0.247504532,-21.4015694,83.9913712,0.843601882,7.86537123,4.46360016,693.747498,59.0630989,4.29300022,0.0250000004,50,1,0.119999997,0.550000012,0.0133333337
SL2_rand_4_r0,1,1300,32.343441,32,5.69927549,4.46360016,0.0349679478,0.0249679461,0.000787448895,3.28798778e-05,0.00996712036,5.73340273,6,2.5,8.25765991,1,1,0,20,0,-6.29962444,-14.3155193,76.1453705,0.94312799,6.57925177,4.46360016,693.747498,59.0630989,4.29300022,0.0250000004,50,1,0.119999997,0.550000012,0.0133333337
SL2_rand_4_r0,1,1301,34.343441,34,5.61830044,4.46360016,0.0353012793,0.0253012795,0.0023144444,0.000294292287,0.00970570743,5.55204868,6,2.5,8.25765991,1,1,0,21,0,-4.9294591,-12.4778671,69.5835724,1.0663507,20.9237576,4.46360016,693.747498,59.0630989,4.29300022,0.0250000004,50,1,0.119999997,0.550000012,0.0133333337
SL2_rand_4_r0,1,1302,34.6868782,34,5.53715229,4.46360016,0.0356346145,0.0256346129,0.00247059017,0.000411467889,0.00958853215,5.47075796,6,2.5,8.25765991,1,1,0,22,0,-4.9294591,-12.4778671,69.5835724,1.0663507,20.9237576,4.46360016,693.747498,59.0630989,4.29300022,0.0250000004,50,1,0.119999997,0.550000012,0.0133333337
SL2_rand_4_r0,1,1303,35.0303192,35,5.45433998,4.46360016,0.0359653756,0.025965374,0.00257907715,0.000532800099,0.00946719944,5.38658428,6,2.5,8.25765991,1,1,0,23,0,-4.35980701,-10.0913763,50.1812325,1.10426545,4.89563179,4.46360016,693.747498,59.0630989,4.29300022,0.0250000004,50,1,0.119999997,0.550000012,0.0133333337
SL2_rand_4_r0,1,1304,37.343441,37,5.75445318,4.46360016,0.0362987071,0.0262987074,0.00108651549,-0.000912426854,0.0109124267,6,6,2.5,8.25765991,1,1,0,24,0,nan,nan,nan,nan,nan,4.46360016,693.747498,59.0630989,4.29300022,0.0250000004,50,1,0.119999997,0.550000012,0.0133333337
SL2_rand_4_r0,1,1305,38.343441,38,5.88950396,4.46360016,0.0366320424,0.0266320407,0.00171543378,-0.000869356969,0.0108693568,6,6,2.5,8.25765991,1,1,0,25,0,nan,nan,nan,nan,nan,4.46360016,693.747498,59.0630989,4.29300022,0.0250000004,50,1,0.119999997,0.550000012,0.0133333337
SL2_rand_4_r0,1,1306,38.6868782,38,5.95027685,4.46360016,0.0369653739,0.0269653741,0.00212639896,-0.000858106476,0.0108581064,6,6,2.5,8.25765991,1,1,0,26,0,nan,nan,nan,nan,nan,4.46360016,693.747498,59.0630989,4.29300022,0.0250000004,50,1,0.119999997,0.550000012,0.0133333337
SL2_rand_4_r0,1,1307,39.0303192,39,5.32945013,4.46360016,0.0372614451,0.0272614434,0.00205774396,0.00134733692,0.00865266286,4.82150126,6,2.5,8.25765991,1,1,0,27,0,nan,nan,nan,nan,nan,4.46360016,693.747498,59.0630989,4.29300022,0.0250000004,50,1,0.119999997,0.550000012,0.0133333337
SL2_rand_4_r0,1,1308,40.343441,40,5.09416008,4.46360016,0.037485946,0.0274859443,0.00147862721,0.00142215739,0.00857784227,4.90164995,6,2.5,8.25765991,1,1,0,28,0,nan,nan,nan,nan,nan,4.46360016,693.747498,59.0630989,4.29300022,0.0250000004,50,1,0.119999997,0.550000012,0.0133333337
SL2_rand_4_r0,1,1309,41.343441,41,5.13427544,4.46360016,0.0377096608,0.0277096592,0.00305304723,0.00140511699,0.00859488267,5.16709709,6,2.5,8.25765991,1,1,0,29,0,nan,nan,nan,nan,nan,4.46360016,693.747498,59.0630989,4.29300022,0.0250000004,50,1,0.119999997,0.550000012,0.0133333337
SL2_rand_4_r0,1,1310,41.6868782,41,5.55633831,4.46360016,0.0380429924,0.0280429926,0.00201922562,0.000350290356,0.0096497098,5.90166235,6,2.5,8.25765991,1,1,0,30,0,nan,nan,nan,nan,nan,4.46360016,693.747498,59.0630989,4.29300022,0.0250000004,50,1,0.119999997,0.550000012,0.0133333337
SL2_rand_4_r0,1,1311,42.0303192,42,4.99264288,4.46360016,0.0382455066,0.0282455049,0.00186346518,0.00176544848,0.00823455118,4.5314374,6,2.5,8.25765991,1,1,0,31,0,nan,nan,nan,nan,nan,4.46360016,693.747498,59.0630989,4.29300022,0.0250000004,50,1,0.119999997,0.550000012,0.0133333337
SL2_rand_4_r0,1,1312,45.343441,45,4.85811424,4.46360016,0.0383888446,0.0283888448,0.00393334636,0.00212147855,0.00787852146,4.74804592,6,2.5,8.25765991,1,1,0,32,0,nan,nan,nan,nan,nan,4.46360016,693.747498,59.0630989,4.29300022,0.0250000004,50,1,0.119999997,0.550000012,0.0133333337
SL2_rand_4_r0,1,1313,48.343441,48,3.91543961,4.46360016,0.0382604674,0.0282604676,0.00557556702,0.00473565795,0.0052643423,3.14416027,6,2.5,8.25765991,1,1,0,33,0,nan,nan,nan,nan,nan,4.46360016,693.747498,59.0630989,4.29300022,0.0250000004,50,1,0.119999997,0.550000012,0.0133333337
SL2_rand_4_r0,1,1314,48.6868782,48,3.50634336,4.46360016,0.0379731655,0.0279731676,0.00630984781,0.00608403888,0.0039159609,3.17162824,6,2.5,8.25765991,1,1,0,34,0,nan,nan,nan,nan,nan,4.46360016,693.747498,59.0630989,4.29300022,0.0250000004,50,1,0.119999997,0.550000012,0.0133333337
SL2_rand_4_r0,1,1315,49.0303192,49,3.37948179,4.46360016,0.037639834,0.0276398342,0.00726983696,0.00674585672,0.00325414306,3.27568603,6,2.5,8.25765991,1,1,0,35,0,nan,nan,nan,nan,nan,4.46360016,693.747498,59.0630989,4.29300022,0.0250000004,50,1,0.119999997,0.550000012,0.0133333337
SL2_rand_4_r0,1,1316,51.343441,51,3.22472143,4.46360016,0.0373064987,0.0273065008,0.0077362312,0.0072369813,0.00276301871,3.09809923,6,2.5,8.25765991,1,1,0,36,0,nan,nan,nan,nan,nan,4.46360016,693.747498,59.0630989,4.29300022,0.0250000004,50,1,0.119999997,0.550000012,0.0133333337
SL2_rand_4_r0,1,1317,53.0133324,53,2.4827888,4.46360016,0.0369731672,0.0269731674,0.00911629573,0.00899892859,0.00100107165,1.87575293,6,2.5,8.25765991,0,0,0,0,0,nan,nan,nan,nan,nan,4.46360016,693.747498,59.0630989,4.29300022,0.0250000004,50,1,0.119999997,0.550000012,0.0133333337
SL2_rand_4_r0,1,1318,53.0266685,53,1.88563764,4.46360016,0.036639832,0.026639834,0.010221865,0.0096889399,0.000311060401,1.39705932,6,2.5,8.25765991,0,0,0,0,0,nan,nan,nan,nan,nan,4.46360016,693.747498,59.0630989,4.29300022,0.0250000004,50,1,0.119999997,0.550000012,0.0133333337
SL2_rand_4_r0,1,1319,53.0400009,53,1.49823105,4.46360016,0.0363065004,0.0263065007,0.0113190468,0.0108305197,0,1.18126202,6,2.5,8.25765991,0,0,0,0,0,nan,nan,nan,nan,nan,4.46360016,693.747498,59.0630989,4.29300022,0.0250000004,50,1,0.119999997,0.550000012,0.0133333337
SL2_rand_4_r0,1,1320,53.0533333,53,1.32389808,4.46360016,0.0359731652,0.0259731673,0.0128635615,0.0126649328,0,1.18126202,6,2.5,8.25765991,0,0,0,0,0,nan,nan,nan,nan,nan,4.46360016,693.747498,59.0630989,4.29300022,0.0250000004,50,1,0.119999997,0.550000012,0.0133333337
SL2_rand_4_r0,1,1321,53.0666656,53,1.24544823,4.46360016,0.0356398337,0.0256398339,0.0143092684,0.0135112125,0,1.18126202,6,2.5,8.25765991,0,0,0,0,0,nan,nan,nan,nan,nan,4.46360016,693.747498,59.0630989,4.29300022,0.0250000004,50,1,0.119999997,0.550000012,0.0133333337
SL2_rand_4_r0,1,1322,53.0800018,53,1.21014583,4.46360016,0.0353064984,0.0253065005,0.0157544892,0.015468033,0,1.18126202,6,2.5,8.25765991,0,0,0,0,0,nan,nan,nan,nan,nan,4.46360016,693.747498,59.0630989,4.29300022,0.0250000004,50,1,0.119999997,0.550000012,0.0133333337
SL2_rand_4_r0,1,1323,53.0933342,53,1.19425976,4.46360016,0.0349731669,0.0249731671,0.0169011094,0.0162502062,0,1.18126202,6,2.5,8.25765991,0,0,0,0,0,nan,nan,nan,nan,nan,4.46360016,693.747498,59.0630989,4.29300022,0.0250000004,50,1,0.119999997,0.550000012,0.0133333337
SL2_rand_4_r0,1,1324,53.1066666,53,1.18711102,4.46360016,0.0346398354,0.0246398337,0.018370958,0.0183445625,0,1.18126202,6,2.5,8.25765991,0,0,0,0,0,nan,nan,nan,nan,nan,4.46360016,693.747498,59.0630989,4.29300022,0.0250000004,50,1,0.119999997,0.550000012,0.0133333337
SL2_rand_4_r0,1,1325,53.1199989,53,1.18389404,4.46360016,0.0343065001,0.0243065003,0.0204326175,0.0201610811,0,1.18126202,6,2.5,8.25765991,0,0,0,0,0,nan,nan,nan,nan,nan,4.46360016,693.747498,59.0630989,4.29300022,0.0250000004,50,1,0.119999997,0.550000012,0.0133333337
SL2_rand_4_r0,1,1326,53.1333351,53,1.18244636,4.46360016,0.0339731686,0.0239731669,0.0200973582,0.018922016,0,1.18126202,6,2.5,8.25765991,0,0,0,0,0,nan,nan,nan,nan,nan,4.46360016,693.747498,59.0630989,4.29300022,0.0250000004,50,1,0.119999997,0.550000012,0.0133333337
SL2_rand_4_r0,1,1327,53.1466675,53,1.181795,4.46360016,0.0336398333,0.0236398336,0.0208585281,0.0206917115,0,1.18126202,6,2.5,8.25765991,0,0,0,0,0,nan,nan,nan,nan,nan,4.46360016,693.747498,59.0630989,4.29300022,0.0250000004,50,1,0.119999997,0.550000012,0.0133333337
SL2_rand_4_r0,1,1328,53.1599998,53,1.18150187,4.46360016,0.0333065018,0.0233065002,0.0223922022,0.022297278,0,1.18126202,6,2.5,8.25765991,0,0,0,0,0,nan,nan,nan,nan,nan,4.46360016,693.747498,59.0630989,4.29300022,0.0250000004,50,1,0.119999997,0.550000012,0.0133333337
SL2_rand_4_r0,1,1329,53.1733322,53,1.1813699,4.46360016,0.0329731666,0.0229731668,0.0237706564,0.0227910038,0,1.18126202,6,2.5,8.25765991,0,0,0,0,0,nan,nan,nan,nan,nan,4.46360016,693.747498,59.0630989,4.29300022,0.0250000004,50,1,0.119999997,0.550000012,0.0133333337
SL2_rand_4_r0,1,1330,53.1866684,53,1.18131053,4.46360016,0.032639835,0.0226398334,0.0243435521,0.0239713211,0,1.18126202,6,2.5,8.25765991,0,0,0,0,0,nan,nan,nan,nan,nan,4.46360016,693.747498,59.0630989,4.29300022,0.0250000004,50,1,0.119999997,0.550000012,0.0133333337
SL2_rand_4_r0,1,1331,53.2000008,53,1.18128383,4.46360016,0.0323064998,0.0223065,0.0253611058,0.0253599584,0,1.18126202,6,2.5,8.25765991,0,0,0,0,0,nan,nan,nan,nan,nan,4.46360016,693.747498,59.0630989,4.29300022,0.0250000004,50,1,0.119999997,0.550000012,0.0133333337
SL2_rand_4_r0,1,1332,53.2133331,53,1.18127179,4.46360016,0.0319731683,0.0219731666,0.0270933658,0.0259574521,0,1.18126202,6,2.5,8.25765991,0,0,0,0,0,nan,nan,nan,nan,nan,4.46360016,693.747498,59.0630989,4.29300022,0.0250000004,50,1,0.119999997,0.550000012,0.0133333337
SL2_rand_4_r0,1,1333,53.2266655,53,1.18126643,4.46360016,0.031639833,0.0216398332,0.0273198951,0.0270864777,0,1.18126202,6,2.5,8.25765991,0,0,0,0,0,nan,nan,nan,nan,nan,4.46360016,693.747498,59.0630989,4.29300022,0.0250000004,50,1,0.119999997,0.550000012,0.0133333337
SL2_rand_4_r0,1,1334,53.2400017,53,1.18126404,4.46360016,0.0313065015,0.0213064998,0.0280023143,0.0271610506,0,1.18126202,6,2.5,8.25765991,0,0,0,0,0,nan,nan,nan,nan,nan,4.46360016,693.747498,59.0630989,4.29300022,0.0250000004,50,1,0.119999997,0.550000012,0.0133333337
SL2_rand_4_r0,1,1335,53.253334,53,1.18126285,4.46360016,0.0309731662,0.0209731665,0.0278866813,0.0277545154,0,1.18126202,6,2.5,8.25765991,0,0,0,0,0,nan,nan,nan,nan,nan,4.46360016,693.747498,59.0630989,4.29300022,0.0250000004,50,1,0.119999997,0.550000012,0.0133333337
SL2_rand_4_r0,1,1336,53.2666664,53,1.18126237,4.46360016,0.0306398328,0.0206398331,0.0267550591,0.0267116241,0,1.18126202,6,2.5,8.25765991,0,0,0,0,0,nan,nan,nan,nan,nan,4.46360016,693.747498,59.0630989,4.29300022,0.0250000004,50,1,0.119999997,0.550000012,0.0133333337
SL2_rand_4_r0,1,1337,53.2799988,53,1.18126214,4.46360016,0.0303064995,0.0203064997,0.0256766398,0.0256411042,0,1.18126202,6,2.5,8.25765991,0,0,0,0,0,nan,nan,nan,nan,nan,4.46360016,693.747498,59.0630989,4.29300022,0.0250000004,50,1,0.119999997,0.550000012,0.0133333337
SL2_rand_4_r0,1,1338,53.293335,53,1.18126214,4.46360016,0.0299731661,0.0199731663,0.0246737059,0.0245679766,0,1.18126202,6,2.5,8.25765991,0,0,0,0,0,nan,nan,nan,nan,nan,4.46360016,693.747498,59.0630989,4.29300022,0.0250000004,50,1,0.119999997,0.550000012,0.0133333337
SL2_rand_4_r0,1,1339,53.3066673,53,1.18126202,4.46360016,0.0296398327,0.0196398329,0.0236003511,0.0234929956,0,1.18126202,6,2.5,8.25765991,0,0,0,0,0,nan,nan,nan,nan,nan,4.46360016,693.747498,59.0630989,4.29300022,0.0250000004,50,1,0.119999997,0.550000012,0.0133333337
SL2_rand_4_r0,1,1340,53.3199997,53,1.18126202,4.46360016,0.0293065012,0.0193064995,0.0229345672,0.0224608909,0,1.18126202,6,2.5,8.25765991,0,0,0,0,0,nan,nan,nan,nan,nan,4.46360016,693.747498,59.0630989,4.29300022,0.0250000004,50,1,0.119999997,0.550000012,0.0133333337
SL2_rand_4_r0,1,1341,53.3333321,53,1.18126202,4.46360016,0.0289731678,0.0189731661,0.0214777924,0.0214273557,0,1.18126202,6,2.5,8.25765991,0,0,0,0,0,nan,nan,nan,nan,nan,4.46360016,693.747498,59.0630989,4.29300022,0.0250000004,50,1,0.119999997,0.550000012,0.0133333337
SL2_rand_4_r0,1,1342,53.3466682,53,1.18126202,4.46360016,0.0286398344,0.0186398327,0.0207093246,0.0200322885,0,1.18126202,6,2.5,8.25765991,0,0,0,0,0,nan,nan,nan,nan,nan,4.46360016,693.747498,59.0630989,4.29300022,0.0250000004,50,1,0.119999997,0.550000012,0.0133333337
SL2_rand_4_r0,1,1343,53.3600006,53,1.18126202,4.46360016,0.028306501,0.0183064993,0.0199696328,0.0194772128,0,1.18126202,6,2.5,8.25765991,0,0,0,0,0,nan,nan,nan,nan,nan,4.46360016,693.747498,59.0630989,4.29300022,0.0250000004,50,1,0.119999997,0.550000012,0.0133333337
SL2_rand_4_r0,1,1344,53.373333,53,1.18126202,4.46360016,0.0279731676,0.0179731678,0.0188070368,0.0181509424,0,1.18126202,6,2.5,8.25765991,0,0,0,0,0,nan,nan,nan,nan,nan,4.46360016,693.747498,59.0630989,4.29300022,0.0250000004,50,1,0.119999997,0.550000012,0.0133333337
SL2_rand_4_r0,1,1345,53.3866653,53,1.18126202,4.46360016,0.0276398342,0.0176398344,0.0189657584,0.0181319267,0,1.18126202,6,2.5,8.25765991,0,0,0,0,0,nan,nan,nan,nan,nan,4.46360016,693.747498,59.0630989,4.29300022,0.0250000004,50,1,0.119999997,0.550000012,0.0133333337
SL2_rand_4_r0,1,1346,53.4000015,53,1.18126202,4.46360016,0.0273065008,0.017306501,0.0165812913,0.016242424,0,1.18126202,6,2.5,8.25765991,0,0,0,0,0,nan,nan,nan,nan,nan,4.46360016,693.747498,59.0630989,4.29300022,0.0250000004,50,1,0.119999997,0.550000012,0.0133333337
SL2_rand_4_r0,1,1347,53.4133339,53,1.18126202,4.46360016,0.0269731674,0.0169731677,0.0168916285,0.0156743135,0,1.18126202,6,2.5,8.25765991,0,0,0,0,0,nan,nan,nan,nan,nan,4.46360016,693.747498,59.0630989,4.29300022,0.0250000004,50,1,0.119999997,0.550000012,0.0133333337
SL2_rand_4_r0,1,1348,53.4266663,53,1.18126202,4.46360016,0.026639834,0.0166398343,0.0148457326,0.0146655682,0,1.18126202,6,2.5,8.25765991,0,0,0,0,0,nan,nan,nan,nan,nan,4.46360016,693.747498,59.0630989,4.29300022,0.0250000004,50,1,0.119999997,0.550000012,0.0133333337
SL2_rand_4_r0,1,1349,53.4399986,53,1.18126202,4.46360016,0.0263065007,0.0163065009,0.0147863524,0.0131833833,0,1.18126202,6,2.5,8.25765991,0,0,0,0,0,nan,nan,nan,nan,nan,4.46360016,693.747498,59.0630989,4.29300022,0.0250000004,50,1,0.119999997,0.550000012,0.0133333337
SL2_rand_4_r0,1,1350,53.4533348,53,1.18126202,4.46360016,0.0259731673,0.0159731675,0.0142044984,0.0132229337,0,1.18126202,6,2.5,8.25765991,0,0,0,0,0,nan,nan,nan,nan,nan,4.46360016,693.747498,59.0630989,4.29300022,0.0250000004,50,1,0.119999997,0.550000012,0.0133333337
SL2_rand_4_r0,1,1351,53.4666672,53,1.18126202,4.46360016,0.0256398339,0.0156398341,0.0122886524,0.0117931655,0,1.18126202,6,2.5,8.25765991,0,0,0,0,0,nan,nan,nan,nan,nan,4.46360016,693.747498,59.0630989,4.29300022,0.0250000004,50,1,0.119999997,0.550000012,0.0133333337
SL2_rand_4_r0,1,1352,53.4799995,53,1.18126202,4.46360016,0.0253065005,0.0153064998,0.0121785589,0.0117388479,0,1.18126202,6,2.5,8.25765991,0,0,0,0,0,nan,nan,nan,nan,nan,4.46360016,693.747498,59.0630989,4.29300022,0.0250000004,50,1,0.119999997,0.550000012,0.0133333337
SL2_rand_4_r0,1,1353,53.4933319,53,1.18126202,4.46360016,0.0249731671,0.0149731673,0.0106774596,0.0105208457,0,1.18126202,6,2.5,8.25765991,0,0,0,0,0,nan,nan,nan,nan,nan,4.46360016,693.747498,59.0630989,4.29300022,0.0250000004,50,1,0.119999997,0.550000012,0.0133333337
SL2_rand_4_r0,1,1354,53.5066681,53,1.18126202,4.46360016,0.0246398337,0.0146398339,0.0105771385,0.0105374455,0,1.18126202,6,2.5,8.25765991,0,0,0,0,0,nan,nan,nan,nan,nan,4.46360016,693.747498,59.0630989,4.29300022,0.0250000004,50,1,0.119999997,0.550000012,0.0133333337
SL2_rand_4_r0,1,1355,53.5200005,53,1.43496895,4.46360016,0.0243065003,0.0143065006,0.0103182606,0.00933508202,0.000664918101,1.64254725,6,2.5,8.25765991,0,0,0,0,0,nan,nan,nan,nan,nan,4.46360016,693.747498,59.0630989,4.29300022,0.0250000004,50,1,0.119999997,0.550000012,0.0133333337
SL2_rand_4_r0,1,1356,53.5333328,53,1.51845229,4.46360016,0.0239731669,0.0139731672,0.00962275267,0.0094155008,0.000584499096,1.58675683,6,2.5,8.25765991,0,0,0,0,0,nan,nan,nan,nan,nan,4.46360016,693.747498,59.0630989,4.29300022,0.0250000004,50,1,0.119999997,0.550000012,0.0133333337
SL2_rand_4_r0,1,1357,53.5466652,53,1.91749334,4.46360016,0.0236398336,0.0136398338,0.00899519399,0.00846814644,0.00153185357,2.2439816,6,2.5,8.25765991,0,0,0,0,0,nan,nan,nan,nan,nan,4.46360016,693.747498,59.0630989,4.29300022,0.0250000004,50,1,0.119999997,0.550000012,0.0133333337
SL2_rand_4_r0,1,1358,53.5600014,53,2.30677104,4.46360016,0.0233065002,0.0133065004,0.00829323847,0.00791853759,0.00208146195,2.62527108,6,2.5,8.25765991,0,0,0,0,0,nan,nan,nan,nan,nan,4.46360016,693.747498,59.0630989,4.29300022,0.0250000004,50,1,0.119999997,0.550000012,0.0133333337
SL2_rand_4_r0,1,1359,53.5733337,53,2.65713525,4.46360016,0.0229731668,0.012973167,0.00772909774,0.00745940022,0.00254060002,2.94379687,6,2.5,8.25765991,1,1,0,1,0,nan,nan,nan,nan,nan,4.46360016,693.747498,59.0630989,4.29300022,0.0250000004,50,1,0.119999997,0.550000012,0.0133333337
SL2_rand_4_r0,1,1360,53.9167747,53,3.17365718,4.46360016,0.0226398334,0.0126398336,0.00690441858,0.00651890039,0.00348109938,3.59626603,6,2.5,8.25765991,1,1,0,2,0,nan,nan,nan,nan,nan,4.46360016,693.747498,59.0630989,4.29300022,0.0250000004,50,1,0.119999997,0.550000012,0.0133333337
SL2_rand_4_r0,1,1361,55.0133324,55,3.06114864,4.46360016,0.0223065,0.0123065002,0.00907698646,0.00742293242,0.00257706782,2.96909642,6,2.5,8.25765991,0,1,0,0,0,nan,nan,nan,nan,nan,4.46360016,693.747498,59.0630989,4.29300022,0.0250000004,50,1,0.119999997,0.550000012,0.0133333337
SL2_rand_4_r0,1,1362,55.0266685,55,2.12803626,4.46360016,0.0219731666,0.0119731668,0.0102896607,0.00973575562,0.000264243921,1.36458051,6,2.5,8.25765991,0,0,0,0,0,nan,nan,nan,nan,nan,4.46360016,693.747498,59.0630989,4.29300022,0.0250000004,50,1,0.119999997,0.550000012,0.0133333337
SL2_rand_4_r0,1,1363,55.0400009,55,1.60731041,4.46360016,0.0216398332,0.0116398335,0.011278565,0.0111793103,0,1.18126202,6,2.5,8.25765991,0,0,0,0,0,nan,nan,nan,nan,nan,4.46360016,693.747498,59.0630989,4.29300022,0.0250000004,50,1,0.119999997,0.550000012,0.0133333337
SL2_rand_4_r0,1,1364,55.0533333,55,1.37298381,4.46360016,0.0213064998,0.0113065001,0.0125245266,0.0124793863,0,1.18126202,6,2.5,8.25765991,0,0,0,0,0,nan,nan,nan,nan,nan,4.46360016,693.747498,59.0630989,4.29300022,0.0250000004,50,1,0.119999997,0.550000012,0.0133333337
SL2_rand_4_r0,1,1365,55.0666656,55,1.26753676,4.46360016,0.0209731665,0.0109731667,0.0135158459,0.0131621296,0,1.18126202,6,2.5,8.25765991,0,0,0,0,0,nan,nan,nan,nan,nan,4.46360016,693.747498,59.0630989,4.29300022,0.0250000004,50,1,0.119999997,0.550000012,0.0133333337
SL2_rand_4_r0,1,1366,55.0800018,55,1.22008562,4.46360016,0.0206398331,0.0106398333,0.0129573802,0.0122101773,0,1.18126202,6,2.5,8.25765991,0,0,0,0,0,nan,nan,nan,nan,nan,4.46360016,693.747498,59.0630989,4.29300022,0.0250000004,50,1,0.119999997,0.550000012,0.0133333337
SL2_rand_4_r0,1,1367,55.0933342,55,1.19873261,4.46360016,0.0203064997,0.0103064999,0.0123014115,0.0114718527,0,1.18126202,6,2.5,8.25765991,0,0,0,0,0,nan,nan,nan,nan,nan,4.46360016,693.747498,59.0630989,4.29300022,0.0250000004,50,1,0.119999997,0.550000012,0.0133333337
SL2_rand_4_r0,1,1368,55.1066666,55,1.48909199,4.46360016,0.0199731663,0.00997316651,0.0109596848,0.00921383966,0.000786160177,1.7266587,6,2.5,8.25765991,0,0,0,0,0,nan,nan,nan,nan,nan,4.46360016,693.747498,59.0630989,4.29300022,0.0250000004,50,1,0.119999997,0.550000012,0.0133333337
SL2_rand_4_r0,1,1369,55.1199989,55,1.85371637,4.46360016,0.0196398329,0.00963983312,0.00893981382,0.00860066805,0.00139933242,2.15204525,6,2.5,8.25765991,0,0,0,0,0,nan,nan,nan,nan,nan,4.46360016,693.747498,59.0630989,4.29300022,0.0250000004,50,1,0.119999997,0.550000012,0.0133333337
SL2_rand_4_r0,1,1370,55.1333351,55,2.10920286,4.46360016,0.0193064995,0.00930650067,0.00837608427,0.0083611114,0.00163888908,2.3182373,6,2.5,8.25765991,0,0,0,0,0,nan,nan,nan,nan,nan,4.46360016,693.747498,59.0630989,4.29300022,0.0250000004,50,1,0.119999997,0.550000012,0.0133333337
SL2_rand_4_r0,1,1371,55.1466675,55,3.1924367,4.46360016,0.0189731661,0.00897316728,0.00663755462,0.00582347065,0.00417652959,4.07871914,6,2.5,8.25765991,1,1,0,1,0,nan,nan,nan,nan,nan,4.46360016,693.747498,59.0630989,4.29300022,0.0250000004,50,1,0.119999997,0.550000012,0.0133333337
SL2_rand_4_r0,1,1372,55.4901085,55,4.35018253,4.46360016,0.0188861061,0.00888610631,0.00595953735,0.00406676531,0.00593323493,5.29742861,6,2.5,8.25765991,1,1,0,2,0,nan,nan,nan,nan,nan,4.46360016,693.747498,59.0630989,4.29300022,0.0250000004,50,1,0.119999997,0.550000012,0.0133333337
SL2_rand_4_r0,1,1373,57.343441,57,5.25758219,4.46360016,0.0190921463,0.00909214653,0.00238814089,0.00164762745,0.0083523728,6,6,2.5,8.25765991,1,1,0,3,0,nan,nan,nan,nan,nan,4.46360016,693.747498,59.0630989,4.29300022,0.0250000004,50,1,0.119999997,0.550000012,0.0133333337
SL2_rand_4_r0,1,1374,57.6868782,57,5.66591215,4.46360016,0.0194254797,0.00942547992,0.00181452942,-0.000127287465,0.0101272874,6,6,2.5,8.25765991,1,1,0,4,0,nan,nan,nan,nan,nan,4.46360016,693.747498,59.0630989,4.29300022,0.0250000004,50,1,0.119999997,0.550000012,0.0133333337
SL2_rand_4_r0,1,1375,58.0303192,58,5.80630064,4.46360016,0.0197588131,0.00975881331,0.00128793495,-0.000237768123,0.0102377683,5.92116404,6,2.5,8.25765991,1,1,0,5,0,nan,nan,nan,nan,nan,4.46360016,693.747498,59.0630989,4.29300022,0.0250000004,50,1,0.119999997,0.550000012,0.0133333337
SL2_rand_4_r0,1,1376,59.343441,59,5.45900631,4.46360016,0.0200908706,0.0100908708,0.0015445922,0.000837994739,0.00916200504,5.17485619,6,2.5,8.25765991,1,1,0,6,0,nan,nan,nan,nan,nan,4.46360016,693.747498,59.0630989,4.29300022,0.0250000004,50,1,0.119999997,0.550000012,0.0133333337
SL2_rand_4_r0,1,1377,61.343441,61,5.6732626,4.46360016,0.0204242039,0.0104242042,0.00186427485,-0.000126599421,0.0101265991,5.84856319,6,2.5,8.25765991,1,1,0,7,0,nan,nan,nan,nan,nan,4.46360016,693.747498,59.0630989,4.29300022,0.0250000004,50,1,0.119999997,0.550000012,0.0133333337
SL2_rand_4_r0,1,1378,61.6868782,61,5.85296822,4.46360016,0.0207575373,0.0107575376,0.00209770817,-0.00106569508,0.0110656954,6,6,2.5,8.25765991,1,1,0,8,0,nan,nan,nan,nan,nan,4.46360016,693.747498,59.0630989,4.29300022,0.0250000004,50,1,0.119999997,0.550000012,0.0133333337
SL2_rand_4_r0,1,1379,62.0303192,62,5.93383551,4.46360016,0.0210908707,0.0110908709,0.00181618484,-0.000939842197,0.0109398421,6,6,2.5,8.25765991,1,1,0,9,0,nan,nan,nan,nan,nan,4.46360016,693.747498,59.0630989,4.29300022,0.0250000004,50,1,0.119999997,0.550000012,0.0133333337
SL2_rand_4_r0,1,1380,62.3737602,62,5.97022581,4.46360016,0.0214242041,0.0114242043,0.00219719298,-0.000468734099,0.0104687344,6,6,2.5,8.25765991,1,1,0,10,0,nan,nan,nan,nan,nan,4.46360016,693.747498,59.0630989,4.29300022,0.0250000004,50,1,0.119999997,0.550000012,0.0133333337
SL2_rand_4_r0,1,1381,64.3434372,64,5.61790085,4.46360016,0.0217575375,0.0117575377,0.00183327461,0.000614889781,0.00938510988,5.32963467,6,2.5,8.25765991,1,1,0,11,0,nan,nan,nan,nan,nan,4.46360016,693.747498,59.0630989,4.29300022,0.0250000004,50,1,0.119999997,0.550000012,0.0133333337
SL2_rand_4_r0,1,1382,64.686882,64,5.52869606,4.46360016,0.0220908709,0.0120908711,0.00164632453,0.000433158973,0.00956684072,5.45570993,6,2.5,8.25765991,1,1,0,12,0,nan,nan,nan,nan,nan,4.46360016,693.747498,59.0630989,4.29300022,0.0250000004,50,1,0.119999997,0.550000012,0.0133333337
SL2_rand_4_r0,1,1383,65.0303192,65,5.32911301,4.46360016,0.0223868471,0.0123868464,0.0023508044,0.000851022603,0.0091489777,5.16581821,6,2.5,8.25765991,1,1,0,13,0,nan,nan,nan,nan,nan,4.46360016,693.747498,59.0630989,4.29300022,0.0250000004,50,1,0.119999997,0.550000012,0.0133333337
SL2_rand_4_r0,1,1384,66.3434372,66,5.69810104,4.46360016,0.0227201805,0.0127201797,0.00172562094,-0.00110490411,0.0111049041,6,6,2.5,8.25765991,1,1,0,14,0,nan,nan,nan,nan,nan,4.46360016,693.747498,59.0630989,4.29300022,0.0250000004,50,1,0.119999997,0.550000012,0.0133333337
SL2_rand_4_r0,2,1847,0.0133333337,0,0,4.46360016,0.0676666647,0.0576666668,0.0479499772,0.0476183482,0,0,6,2.5,8.25765991,0,0,0,0,0,-0.167705372,-18.3597507,88.6836548,0.592417061,6.91175747,4.46360016,693.747498,59.0630989,4.29300022,0.0250000004,50,1,0.119999997,0.550000012,0.0133333337
SL2_rand_4_r0,2,1848,0.0266666673,0,0.649694085,4.46360016,0.0673333332,0.0573333316,0.0477996841,0.0477249064,0,1.18126202,6,2.5,8.25765991,0,0,0,0,0,-0.167705372,-18.3597507,88.6836548,0.592417061,6.91175747,4.46360016,693.747498,59.0630989,4.29300022,0.0250000004,50,1,0.119999997,0.550000012,0.0133333337
SL2_rand_4_r0,2,1849,0.0399999991,0,0.942056417,4.46360016,0.0670000017,0.057,0.04867227,0.0485389531,0,1.18126202,6,2.5,8.25765991,0,0,0,0,0,-0.167705372,-18.3597507,88.6836548,0.592417061,6.91175747,4.46360016,693.747498,59.0630989,4.29300022,0.0250000004,50,1,0.119999997,0.550000012,0.0133333337
SL2_rand_4_r0,2,1850,0.0533333346,0,1.07361948,4.46360016,0.0666666701,0.0566666685,0.0489904769,0.0489735641,0,1.18126202,6,2.5,8.25765991,0,0,0,0,0,-0.167705372,-18.3597507,88.6836548,0.592417061,6.91175747,4.46360016,693.747498,59.0630989,4.29300022,0.0250000004,50,1,0.119999997,0.550000012,0.0133333337
SL2_rand_4_r0,2,1851,0.0666666701,0,1.13282287,4.46360016,0.0663333312,0.0563333333,0.0498046465,0.0497674942,0,1.18126202,6,2.5,8.25765991,0,0,0,0,0,-0.167705372,-18.3597507,88.6836548,0.592417061,6.91175747,4.46360016,693.747498,59.0630989,4.29300022,0.0250000004,50,1,0.119999997,0.550000012,0.0133333337
SL2_rand_4_r0,2,1852,0.0799999982,0,1.15946436,4.46360016,0.0659999996,0.0560000017,0.0501269586,0.0501259267,0,1.18126202,6,2.5,8.25765991,0,0,0,0,0,-0.167705372,-18.3597507,88.6836548,0.592417061,6.91175747,4.46360016,693.747498,59.0630989,4.29300022,0.0250000004,50,1,0.119999997,0.550000012,0.0133333337
SL2_rand_4_r0,2,1853,0.0933333337,0,1.17145312,4.46360016,0.0656666681,0.0556666665,0.0508077852,0.0508075096,0,1.18126202,6,2.5,8.25765991,0,0,0,0,0,-0.167705372,-18.3597507,88.6836548,0.592417061,6.91175747,4.46360016,693.747498,59.0630989,4.29300022,0.0250000004,50,1,0.119999997,0.550000012,0.0133333337
SL2_rand_4_r0,2,1854,0.106666669,0,1.17684793,4.46360016,0.0653333366,0.055333335,0.0511061214,0.0510728806,0,1.18126202,6,2.5,8.25765991,0,0,0,0,0,-0.167705372,-18.3597507,88.6836548,0.592417061,6.91175747,4.46360016,693.747498,59.0630989,4.29300022,0.0250000004,50,1,0.119999997,0.550000012,0.0133333337
SL2_rand_4_r0,2,1855,0.119999997,0,1.17927575,4.46360016,0.0649999976,0.0549999997,0.0516714677,0.0516449809,0,1.18126202,6,2.5,8.25765991,0,0,0,0,0,-0.167705372,-18.3597507,88.6836548,0.592417061,6.91175747,4.46360016,693.747498,59.0630989,4.29300022,0.0250000004,50,1,0.119999997,0.550000012,0.0133333337
SL2_rand_4_r0,2,1856,0.13333334,0,1.18036819,4.46360016,0.0646666661,0.0546666682,0.0519431941,0.0518252775,0,1.18126202,6,2.5,8.25765991,0,0,0,0,0,-0.167705372,-18.3597507,88.6836548,0.592417061,6.91175747,4.46360016,693.747498,59.0630989,4.29300022,0.0250000004,50,1,0.119999997,0.550000012,0.0133333337
SL2_rand_4_r0,2,1857,0.146666661,0,1.1808598,4.46360016,0.0643333346,0.0543333329,0.0524160638,0.0522967279,0,1.18126202,6,2.5,8.25765991,0,0,0,0,0,-0.167705372,-18.3597507,88.6836548,0.592417061,6.91175747,4.46360016,693.747498,59.0630989,4.29300022,0.0250000004,50,1,0.119999997,0.550000012,0.0133333337
SL2_rand_4_r0,2,1858,0.159999996,0,1.18108106,4.46360016,0.064000003,0.0540000014,0.0526609421,0.052399613,0,1.18126202,6,2.5,8.25765991,0,0,0,0,0,-0.167705372,-18.3597507,88.6836548,0.592417061,6.91175747,4.46360016,693.747498,59.0630989,4.29300022,0.0250000004,50,1,0.119999997,0.550000012,0.0133333337
SL2_rand_4_r0,2,1859,0.173333332,0,1.1811806,4.46360016,0.0636666641,0.0536666662,0.0528817624,0.0526402034,0,1.18126202,6,2.5,8.25765991,0,0,0,0,0,-0.167705372,-18.3597507,88.6836548,0.592417061,6.91175747,4.46360016,693.747498,59.0630989,4.29300022,0.0250000004,50,1,0.119999997,0.550000012,0.0133333337
SL2_rand_4_r0,2,1860,0.186666667,0,1.1812253,4.46360016,0.0633333325,0.0533333346,0.0532426499,0.0530064553,0,1.18126202,6,2.5,8.25765991,0,0,0,0,0,-0.167705372,-18.3597507,88.6836548,0.592417061,6.91175747,4.46360016,693.747498,59.0630989,4.29300022,0.0250000004,50,1,0.119999997,0.550000012,0.0133333337
SL2_rand_4_r0,2,1861,0.200000003,0,1.18124557,4.46360016,0.063000001,0.0529999994,0.0531421527,0.0529776216,0,1.18126202,6,2.5,8.25765991,0,0,0,0,0,-0.167705372,-18.3597507,88.6836548,0.592417061,6.91175747,4.46360016,693.747498,59.0630989,4.29300022,0.0250000004,50,1,0.119999997,0.550000012,0.0133333337
SL2_rand_4_r0,2,1862,0.213333338,0,1.18125463,4.46360016,0.0626666695,0.0526666678,0.053436365,0.0532672182,0,1.18126202,6,2.5,8.25765991,0,0,0,0,0,-0.167705372,-18.3597507,88.6836548,0.592417061,6.91175747,4.46360016,693.747498,59.0630989,4.29300022,0.0250000004,50,1,0.119999997,0.550000012,0.0133333337
SL2_rand_4_r0,2,1863,0.226666674,0,1.18125868,4.46360016,0.0623333342,0.0523333326,0.053335581,0.0531840511,0,1.18126202,6,2.5,8.25765991,0,0,0,0,0,-0.167705372,-18.3597507,88.6836548,0.592417061,6.91175747,4.46360016,693.747498,59.0630989,4.29300022,0.0250000004,50,1,0.119999997,0.550000012,0.0133333337
SL2_rand_4_r0,2,1864,0.239999995,0,1.18126047,4.46360016,0.061999999,0.0520000011,0.053573437,0.0533955581,0,1.18126202,6,2.5,8.25765991,0,0,0,0,0,-0.167705372,-18.3597507,88.6836548,0.592417061,6.91175747,4.46360016,693.747498,59.0630989,4.29300022,0.0250000004,50,1,0.119999997,0.550000012,0.0133333337
SL2_rand_4_r0,2,1865,0.25333333,0,1.1812613,4.46360016,0.0616666675,0.0516666658,0.0534351319,0.0532040559,0,1.18126202,6,2.5,8.25765991,0,0,0,0,0,-0.167705372,-18.3597507,88.6836548,0.592417061,6.91175747,4.46360016,693.747498,59.0630989,4.29300022,0.0250000004,50,1,0.119999997,0.550000012,0.0133333337
SL2_rand_4_r0,2,1866,0.266666681,0,1.18126166,4.46360016,0.0613333322,0.0513333343,0.0534965135,0.0533280671,0,1.18126202,6,2.5,8.25765991,0,0,0,0,0,-0.167705372,-18.3597507,88.6836548,0.592417061,6.91175747,4.46360016,693.747498,59.0630989,4.29300022,0.0250000004,50,1,0.119999997,0.550000012,0.0133333337
SL2_rand_4_r0,2,1867,0.280000001,0,1.1812619,4.46360016,0.0610000007,0.050999999,0.0534108542,0.0531139672,0,1.18126202,6,2.5,8.25765991,0,0,0,0,0,-0.167705372,-18.3597507,88.6836548,0.592417061,6.91175747,4.46360016,693.747498,59.0630989,4.29300022,0.0250000004,50,1,0.119999997,0.550000012,0.0133333337
SL2_rand_4_r0,2,1868,0.293333322,0,1.1812619,4.46360016,0.0606666654,0.0506666675,0.053374812,0.0531608015,0,1.18126202,6,2.5,8.25765991,0,0,0,0,0,-0.167705372,-18.3597507,88.6836548,0.592417061,6.91175747,4.46360016,693.747498,59.0630989,4.29300022,0.0250000004,50,1,0.119999997,0.550000012,0.0133333337
SL2_rand_4_r0,2,1869,0.306666672,0,1.18126202,4.46360016,0.0603333339,0.0503333323,0.0533531047,0.0528927259,0,1.18126202,6,2.5,8.25765991,0,0,0,0,0,-0.167705372,-18.3597507,88.6836548,0.592417061,6.91175747,4.46360016,693.747498,59.0630989,4.29300022,0.0250000004,50,1,0.119999997,0.550000012,0.0133333337
SL2_rand_4_r0,2,1870,0.319999993,0,1.18126202,4.46360016,0.0599999987,0.0500000007,0.0529463217,0.0527733229,0,1.18126202,6,2.5,8.25765991,0,0,0,0,0,-0.167705372,-18.3597507,88.6836548,0.592417061,6.91175747,4.46360016,693.747498,59.0630989,4.29300022,0.0250000004,50,1,0.119999997,0.550000012,0.0133333337
SL2_rand_4_r0,2,1871,0.333333343,0,1.18126202,4.46360016,0.0596666671,0.0496666655,0.0529222675,0.0527445413,0,1.18126202,6,2.5,8.25765991,0,0,0,0,0,-0.167705372,-18.3597507,88.6836548,0.592417061,6.91175747,4.46360016,693.747498,59.0630989,4.29300022,0.0250000004,50,1,0.119999997,0.550000012,0.0133333337
SL2_rand_4_r0,2,1872,0.346666664,0,1.18126202,4.46360016,0.0593333319,0.049333334,0.0524383038,0.0523885339,0,1.18126202,6,2.5,8.25765991,0,0,0,0,0,-0.167705372,-18.3597507,88.6836548,0.592417061,6.91175747,4.46360016,693.747498,59.0630989,4.29300022,0.0250000004,50,1,0.119999997,0.550000012,0.0133333337
SL2_rand_4_r0,2,1873,0.360000014,0,1.18126202,4.46360016,0.0590000004,0.0489999987,0.0523427464,0.0523039065,0,1.18126202,6,2.5,8.25765991,0,0,0,0,0,-0.167705372,-18.3597507,88.6836548,0.592417061,6.91175747,4.46360016,693.747498,59.0630989,4.29300022,0.0250000004,50,1,0.119999997,0.550000012,0.0133333337
SL2_rand_4_r0,2,1874,0.373333335,0,1.18126202,4.46360016,0.0586666651,0.0486666672,0.0519491956,0.0519210584,0,1.18126202,6,2.5,8.25765991,0,0,0,0,0,-0.167705372,-18.3597507,88.6836548,0.592417061,6.91175747,4.46360016,693.747498,59.0630989,4.29300022,0.0250000004,50,1,0.119999997,0.550000012,0.0133333337
SL2_rand_4_r0,2,1875,0.386666656,0,1.18126202,4.46360016,0.0583333336,0.0483333319,0.0518039614,0.0517904013,0,1.18126202,6,2.5,8.25765991,0,0,0,0,0,-0.167705372,-18.3597507,88.6836548,0.592417061,6.91175747,4.46360016,693.747498,59.0630989,4.29300022,0.0250000004,50,1,0.119999997,0.550000012,0.0133333337
SL2_rand_4_r0,2,1876,0.400000006,0,1.18126202,4.46360016,0.0579999983,0.0480000004,0.0515012145,0.0513881035,0,1.18126202,6,2.5,8.25765991,0,0,0,0,0,-0.167705372,-18.3597507,88.6836548,0.592417061,6.91175747,4.46360016,693.747498,59.0630989,4.29300022,0.0250000004,50,1,0.119999997,0.550000012,0.0133333337
SL2_rand_4_r0,2,1877,0.413333327,0,1.18126202,4.46360016,0.0576666668,0.0476666652,0.0513256676,0.0512185097,0,1.18126202,6,2.5,8.25765991,0,0,0,0,0,-0.167705372,-18.3597507,88.6836548,0.592417061,6.91175747,4.46360016,693.747498,59.0630989,4.29300022,0.0250000004,50,1,0.119999997,0.550000012,0.0133333337
SL2_rand_4_r0,2,1878,0.426666677,0,1.18126202,4.46360016,0.0573333316,0.0473333336,0.0511113033,0.0508034676,0,1.18126202,6,2.5,8.25765991,0,0,0,0,0,-0.167705372,-18.3597507,88.6836548,0.592417061,6.91175747,4.46360016,693.747498,59.0630989,4.29300022,0.0250000004,50,1,0.119999997,0.550000012,0.0133333337
SL2_rand_4_r0,2,1879,0.439999998,0,1.18126202,4.46360016,0.057,0.0469999984,0.050618615,0.0504952967,0,1.18126202,6,2.5,8.25765991,0,0,0,0,0,-0.167705372,-18.3597507,88.6836548,0.592417061,6.91175747,4.46360016,693.747498,59.0630989,4.29300022,0.0250000004,50,1,0.119999997,0.550000012,0.0133333337
SL2_rand_4_r0,2,1880,0.453333348,0,1.18126202,4.46360016,0.0566666685,0.0466666669,0.0504288785,0.0503095016,0,1.18126202,6,2.5,8.25765991,0,0,0,0,0,-0.167705372,-18.3597507,88.6836548,0.592417061,6.91175747,4.46360016,693.747498,59.0630989,4.29300022,0.0250000004,50,1,0.119999997,0.550000012,0.0133333337
SL2_rand_4_r0,2,1881,0.466666669,0,1.18126202,4.46360016,0.0563333333,0.0463333316,0.0498759709,0.0498461798,0,1.18126202,6,2.5,8.25765991,0,0,0,0,0,-0.167705372,-18.3597507,88.6836548,0.592417061,6.91175747,4.46360016,693.747498,59.0630989,4.29300022,0.0250000004,50,1,0.119999997,0.550000012,0.0133333337
SL2_rand_4_r0,2,1882,0.479999989,0,1.18126202,4.46360016,0.0560000017,0.0460000001,0.0496756174,0.0496371649,0,1.18126202,6,2.5,8.25765991,0,0,0,0,0,-0.167705372,-18.3597507,88.6836548,0.592417061,6.91175747,4.46360016,693.747498,59.0630989,4.29300022,0.0250000004,50,1,0.119999997,0.550000012,0.0133333337
SL2_rand_4_r0,2,1883,0.49333334,0,1.18126202,4.46360016,0.0556666665,0.0456666648,0.0492242351,0.0491763502,0,1.18126202,6,2.5,8.25765991,0,0,0,0,0,-0.167705372,-18.3597507,88.6836548,0.592417061,6.91175747,4.46360016,693.747498,59.0630989,4.29300022,0.0250000004,50,1,0.119999997,0.550000012,0.0133333337
SL2_rand_4_r0,2,1884,0.50666666,0,1.18126202,4.46360016,0.055333335,0.0453333333,0.0490322746,0.0489529707,0,1.18126202,6,2.5,8.25765991,0,0,0,0,0,-0.167705372,-18.3597507,88.6836548,0.592417061,6.91175747,4.46360016,693.747498,59.0630989,4.29300022,0.0250000004,50,1,0.119999997,0.550000012,0.0133333337
SL2_rand_4_r0,2,1885,0.519999981,0,1.18126202,4.46360016,0.0549999997,0.0450000018,0.0486769378,0.0485124551,0,1.18126202,6,2.5,8.25765991,0,0,0,0,0,-0.167705372,-18.3597507,88.6836548,0.592417061,6.91175747,4.46360016,693.747498,59.0630989,4.29300022,0.0250000004,50,1,0.119999997,0.550000012,0.0133333337
SL2_rand_4_r0,2,1886,0.533333361,0,1.18126202,4.46360016,0.0546666682,0.0446666665,0.0485126488,0.0482828394,0,1.18126202,6,2.5,8.25765991,0,0,0,0,0,-0.167705372,-18.3597507,88.6836548,0.592417061,6.91175747,4.46360016,693.747498,59.0630989,4.29300022,0.0250000004,50,1,0.119999997,0.550000012,0.0133333337
SL2_rand_4_r0,2,1887,0.546666682,0,1.18126202,4.46360016,0.0543333329,0.044333335,0.048240263,0.047850728,0,1.18126202,6,2.5,8.25765991,0,0,0,0,0,-0.167705372,-18.3597507,88.6836548,0.592417061,6.91175747,4.46360016,693.747498,59.0630989,4.29300022,0.0250000004,50,1,0.119999997,0.550000012,0.0133333337
SL2_rand_4_r0,2,1888,0.560000002,0,1.18126202,4.46360016,0.0540000014,0.0439999998,0.047668796,0.0473811142,0,1.18126202,6,2.5,8.25765991,0,0,0,0,0,-0.167705372,-18.3597507,88.6836548,0.592417061,6.91175747,4.46360016,693.747498,59.0630989,4.29300022,0.0250000004,50,1,0.119999997,0.550000012,0.0133333337
SL2_rand_4_r0,2,1889,0.573333323,0,1.18126202,4.46360016,0.0536666662,0.0436666682,0.0474510714,0.0471725538,0,1.18126202,6,2.5,8.25765991,0,0,0,0,0,-0.167705372,-18.3597507,88.6836548,0.592417061,6.91175747,4.46360016,693.747498,59.0630989,4.29300022,0.0250000004,50,1,0.119999997,0.550000012,0.0133333337
SL2_rand_4_r0,2,1890,0.586666644,0,1.18126202,4.46360016,0.0533333346,0.043333333,0.0469244793,0.0466825925,0,1.18126202,6,2.5,8.25765991,0,0,0,0,0,-0.167705372,-18.3597507,88.6836548,0.592417061,6.91175747,4.46360016,693.747498,59.0630989,4.29300022,0.0250000004,50,1,0.119999997,0.550000012,0.0133333337
SL2_rand_4_r0,2,1891,0.600000024,0,1.18126202,4.46360016,0.0529999994,0.0430000015,0.046697367,0.0464886427,0,1.18126202,6,2.5,8.25765991,0,0,0,0,0,-0.167705372,-18.3597507,88.6836548,0.592417061,6.91175747,4.46360016,693.747498,59.0630989,4.29300022,0.0250000004,50,1,0.119999997,0.550000012,0.0133333337
SL2_rand_4_r0,2,1892,0.613333344,0,1.18126202,4.46360016,0.0526666678,0.0426666662,0.0462198518,0.0460208282,0,1.18126202,6,2.5,8.25765991,0,0,0,0,0,-0.167705372,-18.3597507,88.6836548,0.592417061,6.91175747,4.46360016,693.747498,59.0630989,4.29300022,0.0250000004,50,1,0.119999997,0.550000012,0.0133333337
SL2_rand_4_r0,2,1893,0.626666665,0,1.18126202,4.46360016,0.0523333326,0.0423333347,0.0459826104,0.0458363257,0,1.18126202,6,2.5,8.25765991,0,0,0,0,0,-0.167705372,-18.3597507,88.6836548,0.592417061,6.91175747,4.46360016,693.747498,59.0630989,4.29300022,0.0250000004,50,1,0.119999997,0.550000012,0.0133333337
SL2_rand_4_r0,2,1894,0.639999986,0,1.18126202,4.46360016,0.0520000011,0.0419999994,0.0456522591,0.0451586992,0,1.18126202,6,2.5,8.25765991,0,0,0,0,0,-0.167705372,-18.3597507,88.6836548,0.592417061,6.91175747,4.46360016,693.747498,59.0630989,4.29300022,0.0250000004,50,1,0.119999997,0.550000012,0.0133333337
SL2_rand_4_r0,2,1895,0.653333306,0,1.18126202,4.46360016,0.0516666658,0.0416666679,0.0452733338,0.0448719487,0,1.18126202,6,2.5,8.25765991,0,0,0,0,0,-0.167705372,-18.3597507,88.6836548,0.592417061,6.91175747,4.46360016,693.747498,59.0630989,4.29300022,0.0250000004,50,1,0.119999997,0.550000012,0.0133333337
SL2_rand_4_r0,2,1896,0.666666687,0,1.18126202,4.46360016,0.0513333343,0.0413333327,0.0447455123,0.0444968976,0,1.18126202,6,2.5,8.25765991,0,0,0,0,0,-0.167705372,-18.3597507,88.6836548,0.592417061,6.91175747,4.46360016,693.747498,59.0630989,4.29300022,0.0250000004,50,1,0.119999997,0.550000012,0.0133333337
SL2_rand_4_r0,2,1897,0.680000007,0,1.18126202,4.46360016,0.050999999,0.0410000011,0.0443632193,0.0442214943,0,1.18126202,6,2.5,8.25765991,0,0,0,0,0,-0.167705372,-18.3597507,88.6836548,0.592417061,6.91175747,4.46360016,693.747498,59.0630989,4.29300022,0.0250000004,50,1,0.119999997,0.550000012,0.0133333337
SL2_rand_4_r0,2,1898,0.693333328,0,1.18126202,4.46360016,0.0506666675,0.0406666659,0.0439871512,0.0438423716,0,1.18126202,6,2.5,8.25765991,0,0,0,0,0,-0.167705372,-18.3597507,88.6836548,0.592417061,6.91175747,4.46360016,693.747498,59.0630989,4.29300022,0.0250000004,50,1,0.119999997,0.550000012,0.0133333337
SL2_rand_4_r0,2,1899,0.706666648,0,1.18126202,4.46360016,0.0503333323,0.0403333344,0.0436095968,0.0435770564,0,1.18126202,6,2.5,8.25765991,0,0,0,0,0,-0.167705372,-18.3597507,88.6836548,0.592417061,6.91175747,4.46360016,693.747498,59.0630989,4.29300022,0.0250000004,50,1,0.119999997,0.550000012,0.0133333337
SL2_rand_4_r0,2,1900,0.720000029,0,1.18126202,4.46360016,0.0500000007,0.0399999991,0.0433793627,0.0431919992,0,1.18126202,6,2.5,8.25765991,0,0,0,0,0,-0.167705372,-18.3597507,88.6836548,0.592417061,6.91175747,4.46360016,693.747498,59.0630989,4.29300022,0.0250000004,50,1,0.119999997,0.550000012,0.0133333337
SL2_rand_4_r0,2,1901,0.733333349,0,1.18126202,4.46360016,0.0496666655,0.0396666676,0.0430144779,0.0429350026,0,1.18126202,6,2.5,8.25765991,0,0,0,0,0,-0.167705372,-18.3597507,88.6836548,0.592417061,6.91175747,4.46360016,693.747498,59.0630989,4.29300022,0.0250000004,50,1,0.119999997,0.550000012,0.0133333337
SL2_rand_4_r0,2,1902,0.74666667,0,1.18126202,4.46360016,0.049333334,0.0393333323,0.0429214388,0.0425431915,0,1.18126202,6,2.5,8.25765991,0,0,0,0,0,-0.167705372,-18.3597507,88.6836548,0.592417061,6.91175747,4.46360016,693.747498,59.0630989,4.29300022,0.0250000004,50,1,0.119999997,0.550000012,0.0133333337
SL2_rand_4_r0,2,1903,0.75999999,0,1.18126202,4.46360016,0.0489999987,0.0390000008,0.0422683619,0.0420403183,0,1.18126202,6,2.5,8.25765991,0,0,0,0,0,-0.167705372,-18.3597507,88.6836548,0.592417061,6.91175747,4.46360016,693.747498,59.0630989,4.29300022,0.0250000004,50,1,0.119999997,0.550000012,0.0133333337
SL2_rand_4_r0,2,1904,0.773333311,0,1.18126202,4.46360016,0.0486666672,0.0386666656,0.0420324393,0.0418294929,0,1.18126202,6,2.5,8.25765991,0,0,0,0,0,-0.167705372,-18.3597507,88.6836548,0.592417061,6.91175747,4.46360016,693.747498,59.0630989,4.29300022,0.0250000004,50,1,0.119999997,0.550000012,0.0133333337
SL2_rand_4_r0,2,1905,0.786666691,0,1.18126202,4.46360016,0.0483333319,0.038333334,0.0414398611,0.0413936153,0,1.18126202,6,2.5,8.25765991,0,0,0,0,0,-0.167705372,-18.3597507,88.6836548,0.592417061,6.91175747,4.46360016,693.747498,59.0630989,4.29300022,0.0250000004,50,1,0.119999997,0.550000012,0.0133333337
SL2_rand_4_r0,2,1906,0.800000012,0,1.18126202,4.46360016,0.0480000004,0.0379999988,0.0412286445,0.0411895066,0,1.18126202,6,2.5,8.25765991,0,0,0,0,0,-0.167705372,-18.3597507,88.6836548,0.592417061,6.91175747,4.46360016,693.747498,59.0630989,4.29300022,0.0250000004,50,1,0.119999997,0.550000012,0.0133333337
SL2_rand_4_r0,2,1907,0.813333333,0,1.18126202,4.46360016,0.0476666652,0.0376666673,0.0407670215,0.0407569855,0,1.18126202,6,2.5,8.25765991,0,0,0,0,0,-0.167705372,-18.3597507,88.6836548,0.592417061,6.91175747,4.46360016,693.747498,59.0630989,4.29300022,0.0250000004,50,1,0.119999997,0.550000012,0.0133333337
SL2_rand_4_r0,2,1908,0.826666653,0,1.18126202,4.46360016,0.0473333336,0.037333332,0.0405920558,0.0405606478,0,1.18126202,6,2.5,8.25765991,0,0,0,0,0,-0.167705372,-18.3597507,88.6836548,0.592417061,6.91175747,4.46360016,693.747498,59.0630989,4.29300022,0.0250000004,50,1,0.119999997,0.550000012,0.0133333337
SL2_rand_4_r0,2,1909,0.839999974,0,1.18126202,4.46360016,0.0469999984,0.0370000005,0.0402544029,0.0401255079,0,1.18126202,6,2.5,8.25765991,0,0,0,0,0,-0.167705372,-18.3597507,88.6836548,0.592417061,6.91175747,4.46360016,693.747498,59.0630989,4.29300022,0.0250000004,50,1,0.119999997,0.550000012,0.0133333337
SL2_rand_4_r0,2,1910,0.853333354,0,1.18126202,4.46360016,0.0466666669,0.0366666652,0.0400666483,0.0396402739,0,1.18126202,6,2.5,8.25765991,0,0,0,0,0,-0.167705372,-18.3597507,88.6836548,0.592417061,6.91175747,4.46360016,693.747498,59.0630989,4.29300022,0.0250000004,50,1,0.119999997,0.550000012,0.0133333337
SL2_rand_4_r0,2,1911,0.866666675,0,1.18126202,4.46360016,0.0463333316,0.0363333337,0.0399035364,0.0394982211,0,1.18126202,6,2.5,8.25765991,0,0,0,0,0,-0.167705372,-18.3597507,88.6836548,0.592417061,6.91175747,4.46360016,693.747498,59.0630989,4.29300022,0.0250000004,50,1,0.119999997,0.550000012,0.0133333337
SL2_rand_4_r0,2,1912,0.879999995,0,1.18126202,4.46360016,0.0460000001,0.0359999985,0.0391832702,0.0390147567,0,1.18126202,6,2.5,8.25765991,0,0,0,0,0,-0.167705372,-18.3597507,88.6836548,0.592417061,6.91175747,4.46360016,693.747498,59.0630989,4.29300022,0.0250000004,50,1,0.119999997,0.550000012,0.0133333337
SL2_rand_4_r0,2,1913,0.893333316,0,1.18126202,4.46360016,0.0456666648,0.0356666669,0.0391022265,0.0388738029,0,1.18126202,6,2.5,8.25765991,0,0,0,0,0,-0.167705372,-18.3597507,88.6836548,0.592417061,6.91175747,4.46360016,693.747498,59.0630989,4.29300022,0.0250000004,50,1,0.119999997,0.550000012,0.0133333337
SL2_rand_4_r0,2,1914,0.906666696,0,1.18126202,4.46360016,0.0453333333,0.0353333317,0.0384606384,0.0383926183,0,1.18126202,6,2.5,8.25765991,0,0,0,0,0,-0.167705372,-18.3597507,88.6836548,0.592417061,6.91175747,4.46360016,693.747498,59.0630989,4.29300022,0.0250000004,50,1,0.119999997,0.550000012,0.0133333337
SL2_rand_4_r0,2,1915,0.920000017,0,1.18126202,4.46360016,0.0450000018,0.0350000001,0.0384352244,0.0382536389,0,1.18126202,6,2.5,8.25765991,0,0,0,0,0,-0.167705372,-18.3597507,88.6836548,0.592417061,6.91175747,4.46360016,693.747498,59.0630989,4.29300022,0.0250000004,50,1,0.119999997,0.550000012,0.0133333337
SL2_rand_4_r0,2,1916,0.933333337,0,1.18126202,4.46360016,0.0446666665,0.0346666649,0.0378982201,0.0377698876,0,1.18126202,6,2.5,8.25765991,0,0,0,0,0,-0.167705372,-18.3597507,88.6836548,0.592417061,6.91175747,4.46360016,693.747498,59.0630989,4.29300022,0.0250000004,50,1,0.119999997,0.550000012,0.0133333337
SL2_rand_4_r0,2,1917,0.946666658,0,1.18126202,4.46360016,0.044333335,0.0343333334,0.0379396714,0.0376301408,0,1.18126202,6,2.5,8.25765991,0,0,0,0,0,-0.167705372,-18.3597507,88.6836548,0.592417061,6.91175747,4.46360016,693.747498,59.0630989,4.29300022,0.0250000004,50,1,0.119999997,0.550000012,0.0133333337
SL2_rand_4_r0,2,1918,0.959999979,0,1.18126202,4.46360016,0.0439999998,0.0340000018,0.0374975093,0.0371463038,0,1.18126202,6,2.5,8.25765991,0,0,0,0,0,-0.167705372,-18.3597507,88.6836548,0.592417061,6.91175747,4.46360016,693.747498,59.0630989,4.29300022,0.0250000004,50,1,0.119999997,0.550000012,0.0133333337
SL2_rand_4_r0,2,1919,0.973333359,0,1.18126202,4.46360016,0.0436666682,0.0336666666,0.0372295789,0.0366940126,0,1.18126202,6,2.5,8.25765991,0,0,0,0,0,-0.167705372,-18.3597507,88.6836548,0.592417061,6.91175747,4.46360016,693.747498,59.0630989,4.29300022,0.0250000004,50,1,0.119999997,0.550000012,0.0133333337
SL2_rand_4_r0,2,1920,0.986666679,0,1.18126202,4.46360016,0.043333333,0.0333333351,0.0370213725,0.0362968631,0,1.18126202,6,2.5,8.25765991,0,0,0,0,0,-0.167705372,-18.3597507,88.6836548,0.592417061,6.91175747,4.46360016,693.747498,59.0630989,4.29300022,0.0250000004,50,1,0.119999997,0.550000012,0.0133333337
SL2_rand_4_r0,2,1921,1,0,1.18126202,4.46360016,0.0430000015,0.0329999998,0.0364534222,0.0360707715,0,1.18126202,6,2.5,8.25765991,0,0,0,0,0,-0.167705372,-18.3597507,88.6836548,0.592417061,6.91175747,4.46360016,693.747498,59.0630989,4.29300022,0.0250000004,50,1,0.119999997,0.550000012,0.0133333337
SL2_rand_4_r0,2,1922,1.01333332,1,1.18126202,4.46360016,0.0426666662,0.0326666683,0.0363807566,0.0356927402,0,1.18126202,6,2.5,8.25765991,0,0,0,0,0,0.483336747,-16.6619282,82.0027695,0.79620856,13.5977449,4.46360016,693.747498,59.0630989,4.29300022,0.0250000004,50,1,0.119999997,0.550000012,0.0133333337
SL2_rand_4_r0,2,1923,1.02666664,1,1.18126202,4.46360016,0.0423333347,0.032333333,0.0358018428,0.0355649367,0,1.18126202,6,2.5,8.25765991,0,0,0,0,0,0.483336747,-16.6619282,82.0027695,0.79620856,13.5977449,4.46360016,693.747498,59.0630989,4.29300022,0.0250000004,50,1,0.119999997,0.550000012,0.0133333337
SL2_rand_4_r0,2,1924,1.03999996,1,1.18126202,4.46360016,0.0419999994,0.0320000015,0.0356852971,0.035578236,0,1.18126202,6,2.5,8.25765991,0,0,0,0,0,0.483336747,-16.6619282,82.0027695,0.79620856,13.5977449,4.46360016,693.747498,59.0630989,4.29300022,0.0250000004,50,1,0.119999997,0.550000012,0.0133333337
SL2_rand_4_r0,2,1925,1.05333328,1,1.18126202,4.46360016,0.0416666679,0.0316666663,0.0353518911,0.0349688865,0,1.18126202,6,2.5,8.25765991,0,0,0,0,0,0.483336747,-16.6619282,82.0027695,0.79620856,13.5977449,4.46360016,693.747498,59.0630989,4.29300022,0.0250000004,50,1,0.119999997,0.550000012,0.0133333337
SL2_rand_4_r0,2,1926,1.06666672,1,1.18126202,4.46360016,0.0413333327,0.0313333347,0.0350815952,0.0345689505,0,1.18126202,6,2.5,8.25765991,0,0,0,0,0,0.483336747,-16.6619282,82.0027695,0.79620856,13.5977449,4.46360016,693.747498,59.0630989,4.29300022,0.0250000004,50,1,0.119999997,0.550000012,0.0133333337
SL2_rand_4_r0,2,1927,1.08000004,1,1.18126202,4.46360016,0.0410000011,0.0309999995,0.0344797373,0.034061078,0,1.18126202,6,2.5,8.25765991,0,0,0,0,0,0.483336747,-16.6619282,82.0027695,0.79620856,13.5977449,4.46360016,693.747498,59.0630989,4.29300022,0.0250000004,50,1,0.119999997,0.550000012,0.0133333337
SL2_rand_4_r0,2,1928,1.09333336,1,1.18126202,4.46360016,0.0406666659,0.0306666661,0.03414727,0.0339721926,0,1.18126202,6,2.5,8.25765991,0,0,0,0,0,0.483336747,-16.6619282,82.0027695,0.79620856,13.5977449,4.46360016,693.747498,59.0630989,4.29300022,0.0250000004,50,1,0.119999997,0.550000012,0.0133333337
SL2_rand_4_r0,2,1929,1.10666668,1,1.18126202,4.46360016,0.0403333344,0.0303333327,0.0337628983,0.033471223,0,1.18126202,6,2.5,8.25765991,0,0,0,0,0,0.483336747,-16.6619282,82.0027695,0.79620856,13.5977449,4.46360016,693.747498,59.0630989,4.29300022,0.0250000004,50,1,0.119999997,0.550000012,0.0133333337
SL2_rand_4_r0,2,1930,1.12,1,1.18126202,4.46360016,0.0399999991,0.0299999993,0.0334236287,0.0333770961,0,1.18126202,6,2.5,8.25765991,0,0,0,0,0,0.483336747,-16.6619282,82.0027695,0.79620856,13.5977449,4.46360016,693.747498,59.0630989,4.29300022,0.0250000004,50,1,0.119999997,0.550000012,0.0133333337
SL2_rand_4_r0,2,1931,1.13333333,1,1.18126202,4.46360016,0.0396666676,0.0296666659,0.0332549624,0.0329021737,0,1.18126202,6,2.5,8.25765991,0,0,0,0,0,0.483336747,-16.6619282,82.0027695,0.79620856,13.5977449,4.46360016,693.747498,59.0630989,4.29300022,0.0250000004,50,1,0.119999997,0.550000012,0.0133333337
SL2_rand_4_r0,2,1932,1.14666665,1,1.18126202,4.46360016,0.0393333323,0.0293333326,0.0329235159,0.0328131393,0,1.18126202,6,2.5,8.25765991,0,0,0,0,0,0.483336747,-16.6619282,82.0027695,0.79620856,13.5977449,4.46360016,693.747498,59.0630989,4.29300022,0.0250000004,50,1,0.119999997,0.550000012,0.0133333337
SL2_rand_4_r0,2,1933,1.15999997,1,1.18126202,4.46360016,0.0390000008,0.0289999992,0.0329648405,0.0323481299,0,1.18126202,6,2.5,8.25765991,0,0,0,0,0,0.483336747,-16.6619282,82.0027695,0.79620856,13.5977449,4.46360016,693.747498,59.0630989,4.29300022,0.0250000004,50,1,0.119999997,0.550000012,0.0133333337
SL2_rand_4_r0,2,1934,1.17333329,1,1.18126202,4.46360016,0.0386666656,0.0286666658,0.0321417749,0.0318008363,0,1.18126202,6,2.5,8.25765991,0,0,0,0,0,0.483336747,-16.6619282,82.0027695,0.79620856,13.5977449,4.46360016,693.747498,59.0630989,4.29300022,0.0250000004,50,1,0.119999997,0.550000012,0.0133333337
SL2_rand_4_r0,2,1935,1.18666661,1,1.18126202,4.46360016,0.038333334,0.0283333343,0.0319982544,0.031754747,0,1.18126202,6,2.5,8.25765991,0,0,0,0,0,0.483336747,-16.6619282,82.0027695,0.79620856,13.5977449,4.46360016,693.747498,59.0630989,4.29300022,0.0250000004,50,1,0.119999997,0.550000012,0.0133333337
SL2_rand_4_r0,2,1936,1.20000005,1,1.18126202,4.46360016,0.0379999988,0.0280000009,0.0313247107,0.0312311929,0,1.18126202,6,2.5,8.25765991,0,0,0,0,0,0.483336747,-16.6619282,82.0027695,0.79620856,13.5977449,4.46360016,693.747498,59.0630989,4.29300022,0.0250000004,50,1,0.119999997,0.550000012,0.0133333337
SL2_rand_4_r0,2,1937,1.21333337,1,1.18126202,4.46360016,0.0376666673,0.0276666675,0.0312247388,0.0311992001,0,1.18126202,6,2.5,8.25765991,0,0,0,0,0,0.483336747,-16.6619282,82.0027695,0.79620856,13.5977449,4.46360016,693.747498,59.0630989,4.29300022,0.0250000004,50,1,0.119999997,0.550000012,0.0133333337
SL2_rand_4_r0,2,1938,1.22666669,1,1.18126202,4.46360016,0.037333332,0.0273333341,0.0307489932,0.0306744594,0,1.18126202,6,2.5,8.25765991,0,0,0,0,0,0.483336747,-16.6619282,82.0027695,0.79620856,13.5977449,4.46360016,693.747498,59.0630989,4.29300022,0.0250000004,50,1,0.119999997,0.550000012,0.0133333337
SL2_rand_4_r0,2,1939,1.24000001,1,1.18126202,4.46360016,0.0370000005,0.0270000007,0.0307069123,0.0306565054,0,1.18126202,6,2.5,8.25765991,0,0,0,0,0,0.483336747,-16.6619282,82.0027695,0.79620856,13.5977449,4.46360016,693.747498,59.0630989,4.29300022,0.0250000004,50,1,0.119999997,0.550000012,0.0133333337
SL2_rand_4_r0,2,1940,1.25333333,1,1.18126202,4.46360016,0.0366666652,0.0266666673,0.0304269865,0.0301306807,0,1.18126202,6,2.5,8.25765991,0,0,0,0,0,0.483336747,-16.6619282,82.0027695,0.79620856,13.5977449,4.46360016,693.747498,59.0630989,4.29300022,0.0250000004,50,1,0.119999997,0.550000012,0.0133333337
SL2_rand_4_r0,2,1941,1.26666665,1,1.18126202,4.46360016,0.0363333337,0.0263333339,0.0299254432,0.0295335371,0,1.18126202,6,2.5,8.25765991,0,0,0,0,0,0.483336747,-16.6619282,82.0027695,0.79620856,13.5977449,4.46360016,693.747498,59.0630989,4.29300022,0.0250000004,50,1,0.119999997,0.550000012,0.0133333337
SL2_rand_4_r0,2,1942,1.27999997,1,1.18126202,4.46360016,0.0359999985,0.0260000005,0.0299732052,0.0295754038,0,1.18126202,6,2.5,8.25765991,0,0,0,0,0,0.483336747,-16.6619282,82.0027695,0.79620856,13.5977449,4.46360016,693.747498,59.0630989,4.29300022,0.0250000004,50,1,0.119999997,0.550000012,0.0133333337
SL2_rand_4_r0,2,1943,1.29333329,1,1.18126202,4.46360016,0.0356666669,0.0256666671,0.0290592499,0.0289825499,0,1.18126202,6,2.5,8.25765991,0,0,0,0,0,0.483336747,-16.6619282,82.0027695,0.79620856,13.5977449,4.46360016,693.747498,59.0630989,4.29300022,0.0250000004,50,1,0.119999997,0.550000012,0.0133333337
SL2_rand_4_r0,2,1944,1.30666661,1,1.18126202,4.46360016,0.0353333317,0.0253333338,0.0291970968,0.0290437862,0,1.18126202,6,2.5,8.25765991,0,0,0,0,0,0.483336747,-16.6619282,82.0027695,0.79620856,13.5977449,4.46360016,693.747498,59.0630989,4.29300022,0.0250000004,50,1,0.119999997,0.550000012,0.0133333337
SL2_rand_4_r0,2,1945,1.32000005,1,1.18126202,4.46360016,0.0350000001,0.0250000004,0.0284648184,0.0284446329,0,1.18126202,6,2.5,8.25765991,0,0,0,0,0,0.483336747,-16.6619282,82.0027695,0.79620856,13.5977449,4.46360016,693.747498,59.0630989,4.29300022,0.0250000004,50,1,0.119999997,0.550000012,0.0133333337
SL2_rand_4_r0,2,1946,1.33333337,1,1.18126202,4.46360016,0.0346666649,0.024666667,0.0287058037,0.0285221525,0,1.18126202,6,2.5,8.25765991,0,0,0,0,0,0.483336747,-16.6619282,82.0027695,0.79620856,13.5977449,4.46360016,693.747498,59.0630989,4.29300022,0.0250000004,50,1,0.119999997,0.550000012,0.0133333337
SL2_rand_4_r0,2,1947,1.34666669,1,1.18126202,4.46360016,0.0343333334,0.0243333336,0.0281538442,0.0279040635,0,1.18126202,6,2.5,8.25765991,0,0,0,0,0,0.483336747,-16.6619282,82.0027695,0.79620856,13.5977449,4.46360016,693.747498,59.0630989,4.29300022,0.0250000004,50,1,0.119999997,0.550000012,0.0133333337
SL2_rand_4_r0,2,1948,1.36000001,1,1.18126202,4.46360016,0.0340000018,0.0240000002,0.0278975796,0.0273218863,0,1.18126202,6,2.5,8.25765991,0,0,0,0,0,0.483336747,-16.6619282,82.0027695,0.79620856,13.5977449,4.46360016,693.747498,59.0630989,4.29300022,0.0250000004,50,1,0.119999997,0.550000012,0.0133333337
SL2_rand_4_r0,2,1949,1.37333333,1,1.18126202,4.46360016,0.0336666666,0.0236666668,0.0281114615,0.0274749231,0,1.18126202,6,2.5,8.25765991,0,0,0,0,0,0.483336747,-16.6619282,82.0027695,0.79620856,13.5977449,4.46360016,693.747498,59.0630989,4.29300022,0.0250000004,50,1,0.119999997,0.550000012,0.0133333337
SL2_rand_4_r0,2,1950,1.38666666,1,1.18126202,4.46360016,0.0333333351,0.0233333334,0.0270355083,0.026789749,0,1.18126202,6,2.5,8.25765991,0,0,0,0,0,0.483336747,-16.6619282,82.0027695,0.79620856,13.5977449,4.46360016,693.747498,59.0630989,4.29300022,0.0250000004,50,1,0.119999997,0.550000012,0.0133333337
SL2_rand_4_r0,2,1951,1.39999998,1,1.18126202,4.46360016,0.0329999998,0.023,0.027379917,0.0269524474,0,1.18126202,6,2.5,8.25765991,0,0,0,0,0,0.483336747,-16.6619282,82.0027695,0.79620856,13.5977449,4.46360016,693.747498,59.0630989,4.29300022,0.0250000004,50,1,0.119999997,0.550000012,0.0133333337
SL2_rand_4_r0,2,1952,1.4133333,1,1.18126202,4.46360016,0.0326666683,0.0226666667,0.02647941,0.026260715,0,1.18126202,6,2.5,8.25765991,0,0,0,0,0,0.483336747,-16.6619282,82.0027695,0.79620856,13.5977449,4.46360016,693.747498,59.0630989,4.29300022,0.0250000004,50,1,0.119999997,0.550000012,0.0133333337
SL2_rand_4_r0,2,1953,1.42666662,1,1.18126202,4.46360016,0.032333333,0.0223333333,0.0269635879,0.0264289547,0,1.18126202,6,2.5,8.25765991,0,0,0,0,0,0.483336747,-16.6619282,82.0027695,0.79620856,13.5977449,4.46360016,693.747498,59.0630989,4.29300022,0.0250000004,50,1,0.119999997,0.550000012,0.0133333337
SL2_rand_4_r0,2,1954,1.44000006,1,1.18126202,4.46360016,0.0320000015,0.0219999999,0.0262378026,0.0257312581,0,1.18126202,6,2.5,8.25765991,0,0,0,0,0,0.483336747,-16.6619282,82.0027695,0.79620856,13.5977449,4.46360016,693.747498,59.0630989,4.29300022,0.0250000004,50,1,0.119999997,0.550000012,0.0133333337
SL2_rand_4_r0,2,1955,1.45333338,1,1.18126202,4.46360016,0.0316666663,0.0216666665,0.0261593256,0.0252348948,0,1.18126202,6,2.5,8.25765991,0,0,0,0,0,0.483336747,-16.6619282,82.0027695,0.79620856,13.5977449,4.46360016,693.747498,59.0630989,4.29300022,0.0250000004,50,1,0.119999997,0.550000012,0.0133333337
SL2_rand_4_r0,2,1956,1.4666667,1,1.18126202,4.46360016,0.0313333347,0.0213333331,0.025840763,0.024936568,0,1.18126202,6,2.5,8.25765991,0,0,0,0,0,0.483336747,-16.6619282,82.0027695,0.79620856,13.5977449,4.46360016,693.747498,59.0630989,4.29300022,0.0250000004,50,1,0.119999997,0.550000012,0.0133333337
SL2_rand_4_r0,2,1957,1.48000002,1,1.18126202,4.46360016,0.0309999995,0.0209999997,0.0253479201,0.0247105323,0,1.18126202,6,2.5,8.25765991,0,0,0,0,0,0.483336747,-16.6619282,82.0027695,0.79620856,13.5977449,4.46360016,693.747498,59.0630989,4.29300022,0.0250000004,50,1,0.119999997,0.550000012,0.0133333337
SL2_rand_4_r0,2,1958,1.49333334,1,1.18126202,4.46360016,0.0306666661,0.0206666663,0.0253369175,0.0244326387,0,1.18126202,6,2.5,8.25765991,0,0,0,0,0,0.483336747,-16.6619282,82.0027695,0.79620856,13.5977449,4.46360016,693.747498,59.0630989,4.29300022,0.0250000004,50,1,0.119999997,0.550000012,0.0133333337
SL2_rand_4_r0,2,1959,1.50666666,1,1.18126202,4.46360016,0.0303333327,0.0203333329,0.0248591136,0.0241815466,0,1.18126202,6,2.5,8.25765991,0,0,0,0,0,0.483336747,-16.6619282,82.0027695,0.79620856,13.5977449,4.46360016,693.747498,59.0630989,4.29300022,0.0250000004,50,1,0.119999997,0.550000012,0.0133333337
SL2_rand_4_r0,2,1960,1.51999998,1,1.18126202,4.46360016,0.0299999993,0.0199999996,0.025021933,0.0248571634,0,1.18126202,6,2.5,8.25765991,0,0,0,0,0,0.483336747,-16.6619282,82.0027695,0.79620856,13.5977449,4.46360016,693.747498,59.0630989,4.29300022,0.0250000004,50,1,0.119999997,0.550000012,0.0133333337
SL2_rand_4_r0,2,1961,1.5333333,1,1.18126202,4.46360016,0.0296666659,0.0196666662,0.0242125858,0.0234467033,0,1.18126202,6,2.5,8.25765991,0,0,0,0,0,0.483336747,-16.6619282,82.0027695,0.79620856,13.5977449,4.46360016,693.747498,59.0630989,4.29300022,0.0250000004,50,1,0.119999997,0.550000012,0.0133333337
SL2_rand_4_r0,2,1962,1.54666662,1,1.18126202,4.46360016,0.0293333326,0.0193333328,0.0241347458,0.0236814283,0,1.18126202,6,2.5,8.25765991,0,0,0,0,0,0.483336747,-16.6619282,82.0027695,0.79620856,13.5977449,4.46360016,693.747498,59.0630989,4.29300022,0.0250000004,50,1,0.119999997,0.550000012,0.0133333337
SL2_rand_4_r0,2,1963,1.55999994,1,1.18126202,4.46360016,0.0289999992,0.0189999994,0.0233149454,0.0229303129,0,1.18126202,6,2.5,8.25765991,0,0,0,0,0,0.483336747,-16.6619282,82.0027695,0.79620856,13.5977449,4.46360016,693.747498,59.0630989,4.29300022,0.0250000004,50,1,0.119999997,0.550000012,0.0133333337
SL2_rand_4_r0,2,1964,1.57333338,1,1.18126202,4.46360016,0.0286666658,0.018666666,0.023237979,0.0231528562,0,1.18126202,6,2.5,8.25765991,0,0,0,0,0,0.483336747,-16.6619282,82.0027695,0.79620856,13.5977449,4.46360016,693.747498,59.0630989,4.29300022,0.0250000004,50,1,0.119999997,0.550000012,0.0133333337
SL2_rand_4_r0,2,1965,1.5866667,1,1.18126202,4.46360016,0.0283333343,0.0183333326,0.0227858685,0.0224059951,0,1.18126202,6,2.5,8.25765991,0,0,0,0,0,0.483336747,-16.6619282,82.0027695,0.79620856,13.5977449,4.46360016,693.747498,59.0630989,4.29300022,0.0250000004,50,1,0.119999997,0.550000012,0.0133333337
SL2_rand_4_r0,2,1966,1.60000002,1,1.18126202,4.46360016,0.0280000009,0.0179999992,0.0227200929,0.0226149857,0,1.18126202,6,2.5,8.25765991,0,0,0,0,0,0.483336747,-16.6619282,82.0027695,0.79620856,13.5977449,4.46360016,693.747498,59.0630989,4.29300022,0.0250000004,50,1,0.119999997,0.550000012,0.0133333337
SL2_rand_4_r0,2,1967,1.61333334,1,1.18126202,4.46360016,0.0276666675,0.0176666658,0.0225941073,0.0222983938,0,1.18126202,6,2.5,8.25765991,0,0,0,0,0,0.483336747,-16.6619282,82.0027695,0.79620856,13.5977449,4.46360016,693.747498,59.0630989,4.29300022,0.0250000004,50,1,0.119999997,0.550000012,0.0133333337
SL2_rand_4_r0,2,1968,1.62666667,1,1.18126202,4.46360016,0.0273333341,0.0173333324,0.021944128,0.021472998,0,1.18126202,6,2.5,8.25765991,0,0,0,0,0,0.483336747,-16.6619282,82.0027695,0.79620856,13.5977449,4.46360016,693.747498,59.0630989,4.29300022,0.0250000004,50,1,0.119999997,0.550000012,0.0133333337
SL2_rand_4_r0,2,1969,1.63999999,1,1.18126202,4.46360016,0.0270000007,0.0170000009,0.0220854357,0.0217340942,0,1.18126202,6,2.5,8.25765991,0,0,0,0,0,0.483336747,-16.6619282,82.0027695,0.79620856,13.5977449,4.46360016,693.747498,59.0630989,4.29300022,0.0250000004,50,1,0.119999997,0.550000012,0.0133333337
SL2_rand_4_r0,2,1970,1.65333331,1,1.18126202,4.46360016,0.0266666673,0.0166666675,0.0210177675,0.0209362786,0,1.18126202,6,2.5,8.25765991,0,0,0,0,0,0.483336747,-16.6619282,82.0027695,0.79620856,13.5977449,4.46360016,693.747498,59.0630989,4.29300022,0.0250000004,50,1,0.119999997,0.550000012,0.0133333337
SL2_rand_4_r0,2,1971,1.66666663,1,1.18126202,4.46360016,0.0263333339,0.0163333341,0.0212051645,0.0211760327,0,1.18126202,6,2.5,8.25765991,0,0,0,0,0,0.483336747,-16.6619282,82.0027695,0.79620856,13.5977449,4.46360016,693.747498,59.0630989,4.29300022,0.0250000004,50,1,0.119999997,0.550000012,0.0133333337
SL2_rand_4_r0,2,1972,1.67999995,1,1.18126202,4.46360016,0.0260000005,0.0160000008,0.020499723,0.0203974042,0,1.18126202,6,2.5,8.25765991,0,0,0,0,0,0.483336747,-16.6619282,82.0027695,0.79620856,13.5977449,4.46360016,693.747498,59.0630989,4.29300022,0.0250000004,50,1,0.119999997,0.550000012,0.0133333337
SL2_rand_4_r0,2,1973,1.69333339,1,1.18126202,4.46360016,0.0256666671,0.0156666674,0.0207466539,0.0206128415,0,1.18126202,6,2.5,8.25765991,0,0,0,0,0,0.483336747,-16.6619282,82.0027695,0.79620856,13.5977449,4.46360016,693.747498,59.0630989,4.29300022,0.0250000004,50,1,0.119999997,0.550000012,0.0133333337
SL2_rand_4_r0,2,1974,1.70666671,1,1.18126202,4.46360016,0.0253333338,0.0153333331,0.0203964394,0.0202886034,0,1.18126202,6,2.5,8.25765991,0,0,0,0,0,0.483336747,-16.6619282,82.0027695,0.79620856,13.5977449,4.46360016,693.747498,59.0630989,4.29300022,0.0250000004,50,1,0.119999997,0.550000012,0.0133333337
SL2_rand_4_r0,2,1975,1.72000003,1,1.18126202,4.46360016,0.0250000004,0.0149999997,0.0199588295,0.0195264798,0,1.18126202,6,2.5,8.25765991,0,0,0,0,0,0.483336747,-16.6619282,82.0027695,0.79620856,13.5977449,4.46360016,693.747498,59.0630989,4.29300022,0.0250000004,50,1,0.119999997,0.550000012,0.0133333337
SL2_rand_4_r0,2,1976,1.73333335,1,1.18126202,4.46360016,0.024666667,0.0146666663,0.0202399287,0.0197869632,0,1.18126202,6,2.5,8.25765991,0,0,0,0,0,0.483336747,-16.6619282,82.0027695,0.79620856,13.5977449,4.46360016,693.747498,59.0630989,4.29300022,0.0250000004,50,1,0.119999997,0.550000012,0.0133333337
SL2_rand_4_r0,2,1977,1.74666667,1,1.18126202,4.46360016,0.0243333336,0.0143333329,0.0190460645,0.0189754684,0,1.18126202,6,2.5,8.25765991,0,0,0,0,0,0.483336747,-16.6619282,82.0027695,0.79620856,13.5977449,4.46360016,693.747498,59.0630989,4.29300022,0.0250000004,50,1,0.119999997,0.550000012,0.0133333337
SL2_rand_4_r0,2,1978,1.75999999,1,1.18126202,4.46360016,0.0240000002,0.0140000004,0.0194220543,0.0192087051,0,1.18126202,6,2.5,8.25765991,0,0,0,0,0,0.483336747,-16.6619282,82.0027695,0.79620856,13.5977449,4.46360016,693.747498,59.0630989,4.29300022,0.0250000004,50,1,0.119999997,0.550000012,0.0133333337
SL2_rand_4_r0,2,1979,1.77333331,1,1.18126202,4.46360016,0.0236666668,0.013666667,0.0185759384,0.0184265058,0,1.18126202,6,2.5,8.25765991,0,0,0,0,0,0.483336747,-16.6619282,82.0027695,0.79620856,13.5977449,4.46360016,693.747498,59.0630989,4.29300022,0.0250000004,50,1,0.119999997,0.550000012,0.0133333337
SL2_rand_4_r0,2,1980,1.78666663,1,1.18126202,4.46360016,0.0233333334,0.0133333337,0.0189451743,0.0188116059,0,1.18126202,6,2.5,8.25765991,0,0,0,0,0,0.483336747,-16.6619282,82.0027695,0.79620856,13.5977449,4.46360016,693.747498,59.0630989,4.29300022,0.0250000004,50,1,0.119999997,0.550000012,0.0133333337
SL2_rand_4_r0,2,1981,1.79999995,1,1.18126202,4.46360016,0.023,0.0130000003,0.0185639728,0.0178701598,0,1.18126202,6,2.5,8.25765991,0,0,0,0,0,0.483336747,-16.6619282,82.0027695,0.79620856,13.5977449,4.46360016,693.747498,59.0630989,4.29300022,0.0250000004,50,1,0.119999997,0.550000012,0.0133333337
SL2_rand_4_r0,2,1982,1.81333339,1,1.18126202,4.46360016,0.0226666667,0.0126666669,0.0181539692,0.0181398913,0,1.18126202,6,2.5,8.25765991,0,0,0,0,0,0.483336747,-16.6619282,82.0027695,0.79620856,13.5977449,4.46360016,693.747498,59.0630989,4.29300022,0.0250000004,50,1,0.119999997,0.550000012,0.0133333337
SL2_rand_4_r0,2,1983,1.82666671,1,1.18126202,4.46360016,0.0223333333,0.0123333335,0.0183873512,0.0183314476,0,1.18126202,6,2.5,8.25765991,0,0,0,0,0,0.483336747,-16.6619282,82.0027695,0.79620856,13.5977449,4.46360016,693.747498,59.0630989,4.29300022,0.0250000004,50,1,0.119999997,0.550000012,0.0133333337
SL2_rand_4_r0,2,1984,1.84000003,1,1.18126202,4.46360016,0.0219999999,0.0120000001,0.0174080413,0.016996827,0,1.18126202,6,2.5,8.25765991,0,0,0,0,0,0.483336747,-16.6619282,82.0027695,0.79620856,13.5977449,4.46360016,693.747498,59.0630989,4.29300022,0.0250000004,50,1,0.119999997,0.550000012,0.0133333337
SL2_rand_4_r0,2,1985,1.85333335,1,1.18126202,4.46360016,0.0216666665,0.0116666667,0.0174366254,0.0172620211,0,1.18126202,6,2.5,8.25765991,0,0,0,0,0,0.483336747,-16.6619282,82.0027695,0.79620856,13.5977449,4.46360016,693.747498,59.0630989,4.29300022,0.0250000004,50,1,0.119999997,0.550000012,0.0133333337
SL2_rand_4_r0,2,1986,1.86666667,1,1.18126202,4.46360016,0.0213333331,0.0113333333,0.0170048103,0.0163998902,0,1.18126202,6,2.5,8.25765991,0,0,0,0,0,0.483336747,-16.6619282,82.0027695,0.79620856,13.5977449,4.46360016,693.747498,59.0630989,4.29300022,0.0250000004,50,1,0.119999997,0.550000012,0.0133333337
SL2_rand_4_r0,2,1987,1.88,1,1.18126202,4.46360016,0.0209999997,0.0109999999,0.0164691713,0.0164140407,0,1.18126202,6,2.5,8.25765991,0,0,0,0,0,0.483336747,-16.6619282,82.0027695,0.79620856,13.5977449,4.46360016,693.747498,59.0630989,4.29300022,0.0250000004,50,1,0.119999997,0.550000012,0.0133333337
SL2_rand_4_r0,2,1988,1.89333332,1,1.18126202,4.46360016,0.0206666663,0.0106666666,0.0166940391,0.0165829994,0,1.18126202,6,2.5,8.25765991,0,0,0,0,0,0.483336747,-16.6619282,82.0027695,0.79620856,13.5977449,4.46360016,693.747498,59.0630989,4.29300022,0.0250000004,50,1,0.119999997,0.550000012,0.0133333337
SL2_rand_4_r0,2,1989,1.90666664,1,1.18126202,4.46360016,0.0203333329,0.0103333332,0.015725743,0.015544869,0,1.18126202,6,2.5,8.25765991,0,0,0,0,0,0.483336747,-16.6619282,82.0027695,0.79620856,13.5977449,4.46360016,693.747498,59.0630989,4.29300022,0.0250000004,50,1,0.119999997,0.550000012,0.0133333337
SL2_rand_4_r0,2,1990,1.91999996,1,1.18126202,4.46360016,0.0199999996,0.00999999978,0.0156310275,0.0154033964,0,1.18126202,6,2.5,8.25765991,0,0,0,0,0,0.483336747,-16.6619282,82.0027695,0.79620856,13.5977449,4.46360016,693.747498,59.0630989,4.29300022,0.0250000004,50,1,0.119999997,0.550000012,0.0133333337
SL2_rand_4_r0,2,1991,1.93333328,1,1.18126202,4.46360016,0.0196666662,0.00966666639,0.0152610457,0.0146678351,0,1.18126202,6,2.5,8.25765991,0,0,0,0,0,0.483336747,-16.6619282,82.0027695,0.79620856,13.5977449,4.46360016,693.747498,59.0630989,4.29300022,0.0250000004,50,1,0.119999997,0.550000012,0.0133333337
SL2_rand_4_r0,2,1992,1.94666672,1,1.18126202,4.46360016,0.0193333328,0.009333333,0.0145622278,0.0145286359,0,1.18126202,6,2.5,8.25765991,0,0,0,0,0,0.483336747,-16.6619282,82.0027695,0.79620856,13.5977449,4.46360016,693.747498,59.0630989,4.29300022,0.0250000004,50,1,0.119999997,0.550000012,0.0133333337
SL2_rand_4_r0,2,1993,1.96000004,1,1.18126202,4.46360016,0.0189999994,0.00899999961,0.0148569774,0.0147445956,0,1.18126202,6,2.5,8.25765991,0,0,0,0,0,0.483336747,-16.6619282,82.0027695,0.79620856,13.5977449,4.46360016,693.747498,59.0630989,4.29300022,0.0250000004,50,1,0.119999997,0.550000012,0.0133333337
SL2_rand_4_r0,2,1994,1.97333336,1,1.18126202,4.46360016,0.018666666,0.00866666622,0.0137570556,0.0135850199,0,1.18126202,6,2.5,8.25765991,0,0,0,0,0,0.483336747,-16.6619282,82.0027695,0.79620856,13.5977449,4.46360016,693.747498,59.0630989,4.29300022,0.0250000004,50,1,0.119999997,0.550000012,0.0133333337
SL2_rand_4_r0,2,1995,1.98666668,1,1.18126202,4.46360016,0.0183333326,0.00833333377,0.0138749667,0.0137788178,0,1.18126202,6,2.5,8.25765991,0,0,0,0,0,0.483336747,-16.6619282,82.0027695,0.79620856,13.5977449,4.46360016,693.747498,59.0630989,4.29300022,0.0250000004,50,1,0.119999997,0.550000012,0.0133333337
SL2_rand_4_r0,2,1996,2,2,1.18126202,4.46360016,0.0179999992,0.00800000038,0.012910394,0.0125911944,0,1.18126202,6,2.5,8.25765991,0,0,0,0,0,2.19344282,-1.31837738,68.4517059,1.05213273,1.39465988,4.46360016,693.747498,59.0630989,4.29300022,0.0250000004,50,1,0.119999997,0.550000012,0.0133333337
SL2_rand_4_r0,2,1997,2.01333332,2,1.18126202,4.46360016,0.0176666658,0.00766666653,0.0130600221,0.012577896,0,1.18126202,6,2.5,8.25765991,0,0,0,0,0,2.19344282,-1.31837738,68.4517059,1.05213273,1.39465988,4.46360016,693.747498,59.0630989,4.29300022,0.0250000004,50,1,0.119999997,0.550000012,0.0133333337
SL2_rand_4_r0,2,1998,2.02666664,2,1.18126202,4.46360016,0.0173333324,0.00733333314,0.0126787284,0.0116066094,0,1.18126202,6,2.5,8.25765991,0,0,0,0,0,2.19344282,-1.31837738,68.4517059,1.05213273,1.39465988,4.46360016,693.747498,59.0630989,4.29300022,0.0250000004,50,1,0.119999997,0.550000012,0.0133333337
SL2_rand_4_r0,2,1999,2.03999996,2,1.18126202,4.46360016,0.0170000009,0.00700000022,0.0121633653,0.0116793048,0,1.18126202,6,2.5,8.25765991,0,0,0,0,0,2.19344282,-1.31837738,68.4517059,1.05213273,1.39465988,4.46360016,693.747498,59.0630989,4.29300022,0.0250000004,50,1,0.119999997,0.550000012,0.0133333337
SL2_rand_4_r0,2,2000,2.05333328,2,1.18126202,4.46360016,0.0166666675,0.00666666683,0.0119531294,0.0116526634,0,1.18126202,6,2.5,8.25765991,0,0,0,0,0,2.19344282,-1.31837738,68.4517059,1.05213273,1.39465988,4.46360016,693.747498,59.0630989,4.29300022,0.0250000004,50,1,0.119999997,0.550000012,0.0133333337
SL2_rand_4_r0,2,2001,2.0666666,2,1.18126202,4.46360016,0.0163333341,0.00633333344,0.0115636615,0.0107786376,0,1.18126202,6,2.5,8.25765991,0,0,0,0,0,2.19344282,-1.31837738,68.4517059,1.05213273,1.39465988,4.46360016,693.747498,59.0630989,4.29300022,0.0250000004,50,1,0.119999997,0.550000012,0.0133333337
SL2_rand_4_r0,2,2002,2.07999992,2,1.18126202,4.46360016,0.0160000008,0.00600000005,0.0108696958,0.0106475092,0,1.18126202,6,2.5,8.25765991,0,0,0,0,0,2.19344282,-1.31837738,68.4517059,1.05213273,1.39465988,4.46360016,693.747498,59.0630989,4.29300022,0.0250000004,50,1,0.119999997,0.550000012,0.0133333337
SL2_rand_4_r0,2,2003,2.09333324,2,1.44373465,4.46360016,0.0156666674,0.00566666666,0.0107590258,0.00931210816,0.000687891443,1.65848494,6,2.5,8.25765991,0,0,0,0,0,2.19344282,-1.31837738,68.4517059,1.05213273,1.39465988,4.46360016,693.747498,59.0630989,4.29300022,0.0250000004,50,1,0.119999997,0.550000012,0.0133333337
SL2_rand_4_r0,2,2004,2.10666656,2,1.43503785,4.46360016,0.0153333331,0.00533333328,0.0105259037,0.00964445248,0.000355547701,1.42792237,6,2.5,8.25765991,0,0,0,0,0,2.19344282,-1.31837738,68.4517059,1.05213273,1.39465988,4.46360016,693.747498,59.0630989,4.29300022,0.0250000004,50,1,0.119999997,0.550000012,0.0133333337
SL2_rand_4_r0,2,2005,2.11999989,2,1.93670535,4.46360016,0.0149999997,0.00499999989,0.0104841944,0.00831941981,0.00168058055,2.34716058,6,2.5,8.25765991,0,0,0,0,0,2.19344282,-1.31837738,68.4517059,1.05213273,1.39465988,4.46360016,693.747498,59.0630989,4.29300022,0.0250000004,50,1,0.119999997,0.550000012,0.0133333337
SL2_rand_4_r0,2,2006,2.13333344,2,2.02638817,4.46360016,0.0146666663,0.0046666665,0.0100446688,0.00867602695,0.00132397329,2.09976506,6,2.5,8.25765991,0,0,0,0,0,2.19344282,-1.31837738,68.4517059,1.05213273,1.39465988,4.46360016,693.747498,59.0630989,4.29300022,0.0250000004,50,1,0.119999997,0.550000012,0.0133333337
SL2_rand_4_r0,2,2007,2.14666677,2,2.1951251,4.46360016,0.0143333329,0.00433333311,0.00944337994,0.00833956804,0.00166043174,2.33318233,6,2.5,8.25765991,0,0,0,0,0,2.19344282,-1.31837738,68.4517059,1.05213273,1.39465988,4.46360016,693.747498,59.0630989,4.29300022,0.0250000004,50,1,0.119999997,0.550000012,0.0133333337
SL2_rand_4_r0,2,2008,2.16000009,2,2.1891253,4.46360016,0.0140000004,0.00400000019,0.00870800391,0.00855429471,0.00144570554,2.1842165,6,2.5,8.25765991,0,0,0,0,0,2.19344282,-1.31837738,68.4517059,1.05213273,1.39465988,4.46360016,693.747498,59.0630989,4.29300022,0.0250000004,50,1,0.119999997,0.550000012,0.0133333337
SL2_rand_4_r0,2,2009,2.17333341,2,2.64115858,4.46360016,0.013666667,0.00366666657,0.00815450586,0.00736252451,0.0026374755,3.01100397,6,2.5,8.25765991,0,1,0,0,0,2.19344282,-1.31837738,68.4517059,1.05213273,1.39465988,4.46360016,693.747498,59.0630989,4.29300022,0.0250000004,50,1,0.119999997,0.550000012,0.0133333337
SL2_rand_4_r0,2,2010,2.18666673,2,2.76224232,4.46360016,0.0133333337,0.00333333341,0.00834150985,0.00757829938,0.0024217004,2.86131072,6,2.5,8.25765991,0,1,0,0,0,2.19344282,-1.31837738,68.4517059,1.05213273,1.39465988,4.46360016,693.747498,59.0630989,4.29300022,0.0250000004,50,1,0.119999997,0.550000012,0.0133333337
SL2_rand_4_r0,2,2011,2.20000005,2,3.26203728,4.46360016,0.0130000003,0.00300000003,0.00785862282,0.00641123252,0.00358876772,3.67096066,6,2.5,8.25765991,1,1,0,1,0,2.19344282,-1.31837738,68.4517059,1.05213273,1.39465988,4.46360016,693.747498,59.0630989,4.29300022,0.0250000004,50,1,0.119999997,0.550000012,0.0133333337
SL2_rand_4_r0,2,2012,2.5434401,2,3.05541015,4.46360016,0.0126666669,0.00266666664,0.00787689351,0.00754220458,0.00245779543,2.88635135,6,2.5,8.25765991,1,1,0,2,0,2.19344282,-1.31837738,68.4517059,1.05213273,1.39465988,4.46360016,693.747498,59.0630989,4.29300022,0.0250000004,50,1,0.119999997,0.550000012,0.0133333337
SL2_rand_4_r0,2,2013,4.34344006,4,3.76522088,4.46360016,0.0124171171,0.00241711689,0.00650313497,0.00543823466,0.00456176512,4.3459754,6,2.5,8.25765991,1,1,0,3,0,-0.16750598,-7.20378494,57.7432861,1.09004736,1.76905763,4.46360016,693.747498,59.0630989,4.29300022,0.0250000004,50,1,0.119999997,0.550000012,0.0133333337
SL2_rand_4_r0,2,2014,4.68688011,4,4.28007889,4.46360016,0.0123245474,0.00232454715,0.00466966024,0.00449803332,0.00550196692,4.70132637,6,2.5,8.25765991,1,1,0,4,0,-0.16750598,-7.20378494,57.7432861,1.09004736,1.76905763,4.46360016,693.747498,59.0630989,4.29300022,0.0250000004,50,1,0.119999997,0.550000012,0.0133333337
SL2_rand_4_r0,2,2015,5.03032017,5,4.92881823,4.46360016,0.0124383466,0.00243834639,0.00324763823,0.00260313298,0.00739686703,5.45960522,6,2.5,8.25765991,1,1,0,5,0,0.972533345,-0.152790204,56.0282936,0.985781968,16.7862549,4.46360016,693.747498,59.0630989,4.29300022,0.0250000004,50,1,0.119999997,0.550000012,0.0133333337
SL2_rand_4_r0,2,2016,6.34344006,6,5.43951416,4.46360016,0.0127284005,0.00272840005,0.00216226908,0.000975627627,0.00902437232,5.85735607,6,2.5,8.25765991,1,1,0,6,0,-0.10905569,-2.33939552,68.7595215,0.592417061,18.5099659,4.46360016,693.747498,59.0630989,4.29300022,0.0250000004,50,1,0.119999997,0.550000012,0.0133333337
SL2_rand_4_r0,2,2017,8.34344006,8,5.5360713,4.46360016,0.013061733,0.00306173344,0.00143139891,0.000424525526,0.00957547408,5.61507273,6,2.5,8.25765991,1,1,0,7,0,-2.66856098,-31.7631054,40.5158043,0.900473952,13.2252836,4.46360016,693.747498,59.0630989,4.29300022,0.0250000004,50,1,0.119999997,0.550000012,0.0133333337
SL2_rand_4_r0,2,2018,8.68688011,8,4.908741,4.46360016,0.013240939,0.00324093923,0.00209105806,0.00196143799,0.00803856179,4.39547014,6,2.5,8.25765991,1,1,0,8,0,-2.66856098,-31.7631054,40.5158043,0.900473952,13.2252836,4.46360016,693.747498,59.0630989,4.29300022,0.0250000004,50,1,0.119999997,0.550000012,0.0133333337
SL2_rand_4_r0,2,2019,9.03032017,9,5.50893354,4.46360016,0.0135611771,0.00356117729,0.00234323856,-0.00163838465,0.0116383843,6,6,2.5,8.25765991,1,1,0,9,0,0.677990377,-2.64449096,52.7210388,1.02369666,7.64609623,4.46360016,693.747498,59.0630989,4.29300022,0.0250000004,50,1,0.119999997,0.550000012,0.0133333337
SL2_rand_4_r0,2,2020,10.3434401,10,5.31174374,4.46360016,0.013850146,0.00385014573,0.00200973009,0.000940130034,0.00905986968,5.15040731,6,2.5,8.25765991,1,1,0,10,0,-3.10203767,-6.66370869,59.2670441,1.0710901,7.77965403,4.46360016,693.747498,59.0630989,4.29300022,0.0250000004,50,1,0.119999997,0.550000012,0.0133333337
SL2_rand_4_r0,2,2021,12.3434401,12,4.97469425,4.46360016,0.0140402783,0.00404027803,0.00246888818,0.00175064511,0.00824935455,4.69892645,6,2.5,8.25765991,1,1,0,11,0,0.324341267,-17.1532478,79.0348816,0.810426533,9.93430614,4.46360016,693.747498,59.0630989,4.29300022,0.0250000004,50,1,0.119999997,0.550000012,0.0133333337
SL2_rand_4_r0,2,2022,12.6868801,12,5.53861237,4.46360016,0.0143705811,0.00437058136,0.00195649615,0.000373649033,0.0096263513,6,6,2.5,8.25765991,1,1,0,12,0,0.324341267,-17.1532478,79.0348816,0.810426533,9.93430614,4.46360016,693.747498,59.0630989,4.29300022,0.0250000004,50,1,0.119999997,0.550000012,0.0133333337
SL2_rand_4_r0,2,2023,13.0303202,13,5.79237556,4.46360016,0.0147039145,0.00470391428,0.00067941728,-0.000347130175,0.0103471298,6,6,2.5,8.25765991,1,1,0,13,0,-0.0152163329,-15.5845928,88.8509979,0.625592411,177.709335,4.46360016,693.747498,59.0630989,4.29300022,0.0250000004,50,1,0.119999997,0.550000012,0.0133333337
SL2_rand_4_r0,2,2024,14.3434401,14,4.90864134,4.46360016,0.0148830926,0.00488309283,0.0025603245,0.00226397486,0.00773602538,4.18558598,6,2.5,8.25765991,1,1,0,14,0,20.0782452,0.212789401,88.9595261,0.582938373,173.205795,4.46360016,693.747498,59.0630989,4.29300022,0.0250000004,50,1,0.119999997,0.550000012,0.0133333337
SL2_rand_4_r0,2,2025,16.3434391,16,5.21952581,4.46360016,0.0151229352,0.00512293493,0.001836763,0.00119441142,0.00880558882,5.47388601,6,2.5,8.25765991,1,1,0,15,0,0.3602795,-6.58238173,65.2169189,1.01895738,0.639112055,4.46360016,693.747498,59.0630989,4.29300022,0.0250000004,50,1,0.119999997,0.550000012,0.0133333337
SL2_rand_4_r0,2,2026,16.6868801,16,5.64878654,4.46360016,0.0154562686,0.00545626832,0.000902937958,-0.000394071889,0.0103940722,6,6,2.5,8.25765991,1,1,0,16,0,0.3602795,-6.58238173,65.2169189,1.01895738,0.639112055,4.46360016,693.747498,59.0630989,4.29300022,0.0250000004,50,1,0.119999997,0.550000012,0.0133333337
SL2_rand_4_r0,2,2027,17.0303192,17,5.83189821,4.46360016,0.015789602,0.00578960171,0.00192504446,-0.000325052213,0.0103250518,5.98171711,6,2.5,8.25765991,1,1,0,17,0,0.450027257,-1.19000268,64.5782623,1.06161141,7.72159624,4.46360016,693.747498,59.0630989,4.29300022,0.0250000004,50,1,0.119999997,0.550000012,0.0133333337
SL2_rand_4_r0,2,2028,18.3434391,18,5.92066193,4.46360016,0.0161229353,0.0061229351,0.00196061609,-0.000341729203,0.010341729,5.99328661,6,2.5,8.25765991,1,1,0,18,0,-0.818078399,-5.8399334,56.8640213,1.07582939,13.4240179,4.46360016,693.747498,59.0630989,4.29300022,0.0250000004,50,1,0.119999997,0.550000012,0.0133333337
SL2_rand_4_r0,2,2029,19.3434391,19,5.96429777,4.46360016,0.0164562687,0.00645626849,0.00206328277,-0.00191651308,0.0119165126,6,6,2.5,8.25765991,1,1,0,19,0,0.806134582,-5.53459215,44.2103996,1,4.10390902,4.46360016,693.747498,59.0630989,4.29300022,0.0250000004,50,1,0.119999997,0.550000012,0.0133333337
SL2_rand_4_r0,2,2030,19.6868801,19,5.98393393,4.46360016,0.0167896021,0.00678960187,0.00376181235,-0.00297085056,0.0129708508,6,6,2.5,8.25765991,1,1,0,20,0,0.806134582,-5.53459215,44.2103996,1,4.10390902,4.46360016,693.747498,59.0630989,4.29300022,0.0250000004,50,1,0.119999997,0.550000012,0.0133333337
SL2_rand_4_r0,2,2031,20.0303192,20,5.9927702,4.46360016,0.0171229355,0.00712293526,0.00403029751,-0.00273371162,0.0127337119,6,6,2.5,8.25765991,1,1,0,21,0,42.0298767,1.94489253,40.3426514,0.853080571,28.7110367,4.46360016,693.747498,59.0630989,4.29300022,0.0250000004,50,1,0.119999997,0.550000012,0.0133333337
SL2_rand_4_r0,2,2032,21.3434391,21,5.49613333,4.46360016,0.0174562689,0.00745626865,0.00451965956,0.000960607023,0.00903939269,5.08979416,6,2.5,8.25765991,1,1,0,22,0,5.0025878,-0.815026939,68.9552689,0.701421797,5.16436338,4.46360016,693.747498,59.0630989,4.29300022,0.0250000004,50,1,0.119999997,0.550000012,0.0133333337
SL2_rand_4_r0,2,2033,23.3434391,23,5.77326012,4.46360016,0.0177896023,0.00778960157,0.0040715388,-0.00227788067,0.0122778807,6,6,2.5,8.25765991,1,1,0,23,0,-0.201016605,-11.4870815,40.7752075,0.981042683,8.64647579,4.46360016,693.747498,59.0630989,4.29300022,0.0250000004,50,1,0.119999997,0.550000012,0.0133333337
SL2_rand_4_r0,2,2034,23.6868801,23,4.98544407,4.46360016,0.0179901142,0.00799011439,0.00397852389,0.00204014499,0.00795985479,4.34086752,6,2.5,8.25765991,1,1,0,24,0,-0.201016605,-11.4870815,40.7752075,0.981042683,8.64647579,4.46360016,693.747498,59.0630989,4.29300022,0.0250000004,50,1,0.119999997,0.550000012,0.0133333337
SL2_rand_4_r0,2,2035,24.0303192,24,5.54344988,4.46360016,0.0183234476,0.00832344778,0.00524709327,-0.00412788102,0.0141278813,6,6,2.5,8.25765991,1,1,0,25,0,-0.417181939,-7.403934,49.1662331,1.06161141,12.6730452,4.46360016,693.747498,59.0630989,4.29300022,0.0250000004,50,1,0.119999997,0.550000012,0.0133333337
SL2_rand_4_r0,2,2036,29.3434391,29,5.79455233,4.46360016,0.0186567809,0.00865678117,0.00213775481,-0.000645672262,0.0106456727,6,6,2.5,8.25765991,1,1,0,26,0,23.2080479,-2.56915331,79.7254562,0.635071099,7.71609545,4.46360016,693.747498,59.0630989,4.29300022,0.0250000004,50,1,0.119999997,0.550000012,0.0133333337
SL2_rand_4_r0,2,2037,31.3434391,31,5.90754843,4.46360016,0.0189901143,0.00899011362,0.00175183779,-0.00159331493,0.0115933148,6,6,2.5,8.25765991,1,1,0,27,0,0.247504532,-21.4015694,83.9913712,0.843601882,7.86537123,4.46360016,693.747498,59.0630989,4.29300022,0.0250000004,50,1,0.119999997,0.550000012,0.0133333337
SL2_rand_4_r0,2,2038,31.6868801,31,5.95839691,4.46360016,0.0193234477,0.00932344701,0.00357540534,-0.000843738264,0.010843738,6,6,2.5,8.25765991,1,1,0,28,0,0.247504532,-21.4015694,83.9913712,0.843601882,7.86537123,4.46360016,693.747498,59.0630989,4.29300022,0.0250000004,50,1,0.119999997,0.550000012,0.0133333337
SL2_rand_4_r0,2,2039,32.0303192,32,5.5760355,4.46360016,0.0196567811,0.0096567804,0.00296529429,0.000710659951,0.00928934012,5.26319456,6,2.5,8.25765991,1,1,0,29,0,-6.29962444,-14.3155193,76.1453705,0.94312799,6.57925177,4.46360016,693.747498,59.0630989,4.29300022,0.0250000004,50,1,0.119999997,0.550000012,0.0133333337
SL2_rand_4_r0,2,2040,35.343441,35,5.80921602,4.46360016,0.0199901145,0.00999011379,0.00356211513,-0.00102456787,0.0110245682,6,6,2.5,8.25765991,1,1,0,30,0,-4.35980701,-10.0913763,50.1812325,1.10426545,4.89563179,4.46360016,693.747498,59.0630989,4.29300022,0.0250000004,50,1,0.119999997,0.550000012,0.0133333337
SL2_rand_4_r0,2,2041,37.343441,37,5.91414738,4.46360016,0.0203234479,0.0103234472,0.00389583595,-0.00127707585,0.0112770759,6,6,2.5,8.25765991,1,1,0,31,0,nan,nan,nan,nan,nan,4.46360016,693.747498,59.0630989,4.29300022,0.0250000004,50,1,0.119999997,0.550000012,0.0133333337
SL2_rand_4_r0,2,2042,37.6868782,37,5.96136618,4.46360016,0.0206567813,0.0106567806,0.00144643872,-0.0007482972,0.010748297,6,6,2.5,8.25765991,1,1,0,32,0,nan,nan,nan,nan,nan,4.46360016,693.747498,59.0630989,4.29300022,0.0250000004,50,1,0.119999997,0.550000012,0.0133333337
SL2_rand_4_r0,2,2043,38.0303192,38,5.98261499,4.46360016,0.0209901147,0.010990114,0.00282236398,-0.00260918285,0.0126091829,6,6,2.5,8.25765991,1,1,0,33,0,nan,nan,nan,nan,nan,4.46360016,693.747498,59.0630989,4.29300022,0.0250000004,50,1,0.119999997,0.550000012,0.0133333337
SL2_rand_4_r0,2,2044,42.343441,42,5.99217653,4.46360016,0.021323448,0.0113234473,0.00415106816,-0.00191532308,0.0119153233,6,6,2.5,8.25765991,1,1,0,34,0,nan,nan,nan,nan,nan,4.46360016,693.747498,59.0630989,4.29300022,0.0250000004,50,1,0.119999997,0.550000012,0.0133333337
SL2_rand_4_r0,2,2045,44.343441,44,5.99647951,4.46360016,0.0216567814,0.0116567807,0.00207490032,-0.00174894417,0.0117489444,6,6,2.5,8.25765991,1,1,0,35,0,nan,nan,nan,nan,nan,4.46360016,693.747498,59.0630989,4.29300022,0.0250000004,50,1,0.119999997,0.550000012,0.0133333337
SL2_rand_4_r0,2,2046,44.6868782,44,5.8527317,4.46360016,0.0219901148,0.0119901141,0.0024255428,3.04049245e-05,0.00996959489,5.73511982,6,2.5,8.25765991,1,1,0,36,0,nan,nan,nan,nan,nan,4.46360016,693.747498,59.0630989,4.29300022,0.0250000004,50,1,0.119999997,0.550000012,0.0133333337
SL2_rand_4_r0,2,2047,45.0303192,45,5.93372917,4.46360016,0.0223234482,0.0123234475,0.00229091663,-0.00220033317,0.0122003332,6,6,2.5,8.25765991,1,1,0,37,0,nan,nan,nan,nan,nan,4.46360016,693.747498,59.0630989,4.29300022,0.0250000004,50,1,0.119999997,0.550000012,0.0133333337
SL2_rand_4_r0,2,2048,48.343441,48,5.97017813,4.46360016,0.0226567816,0.0126567809,0.00521854544,-0.00215318077,0.0121531803,6,6,2.5,8.25765991,1,1,0,38,0,nan,nan,nan,nan,nan,4.46360016,693.747498,59.0630989,4.29300022,0.0250000004,50,1,0.119999997,0.550000012,0.0133333337
SL2_rand_4_r0,2,2049,50.343441,50,5.98658037,4.46360016,0.022990115,0.0129901143,0.00234953966,-0.00207980536,0.0120798051,6,6,2.5,8.25765991,1,1,0,39,0,nan,nan,nan,nan,nan,4.46360016,693.747498,59.0630989,4.29300022,0.0250000004,50,1,0.119999997,0.550000012,0.0133333337
SL2_rand_4_r0,2,2050,50.6868782,50,5.99396086,4.46360016,0.0233234465,0.0133234477,0.00389841897,-0.00320949662,0.0132094966,6,6,2.5,8.25765991,1,1,0,40,0,nan,nan,nan,nan,nan,4.46360016,693.747498,59.0630989,4.29300022,0.0250000004,50,1,0.119999997,0.550000012,0.0133333337
SL2_rand_4_r0,2,2051,51.0303192,51,5.28929138,4.46360016,0.0236083623,0.0136083616,0.00405816408,0.00150410528,0.00849589519,4.71274376,6,2.5,8.25765991,1,1,0,41,0,nan,nan,nan,nan,nan,4.46360016,693.747498,59.0630989,4.29300022,0.0250000004,50,1,0.119999997,0.550000012,0.0133333337
