SL3_rand_15_r0,0,537,1.01333332,1,0,4.17859983,0.0676666647,0.0576666668,0.168113559,0.167906106,0,0,6,2.5,7.7304101,0,0,0,0,0,1.53747809,0.585064828,87.0597076,0.767772496,1.55973101,4.17859983,418.9534,69.4898987,4.08850002,0.0250000004,50,1,0.119999997,0.550000012,0.0133333337
SL3_rand_15_r0,0,538,1.02666664,1,0,4.17859983,0.0673333332,0.0573333316,0.165803462,0.165766627,0,0,6,2.5,7.7304101,0,0,0,0,0,1.53747809,0.585064828,87.0597076,0.767772496,1.55973101,4.17859983,418.9534,69.4898987,4.08850002,0.0250000004,50,1,0.119999997,0.550000012,0.0133333337
SL3_rand_15_r0,0,539,1.03999996,1,0,4.17859983,0.0670000017,0.057,0.163343847,0.162927747,0,0,6,2.5,7.7304101,0,0,0,0,0,1.53747809,0.585064828,87.0597076,0.767772496,1.55973101,4.17859983,418.9534,69.4898987,4.08850002,0.0250000004,50,1,0.119999997,0.550000012,0.0133333337
SL3_rand_15_r0,0,540,1.05333328,1,0,4.17859983,0.0666666701,0.0566666685,0.16025883,0.160146415,0,0,6,2.5,7.7304101,0,0,0,0,0,1.53747809,0.585064828,87.0597076,0.767772496,1.55973101,4.17859983,418.9534,69.4898987,4.08850002,0.0250000004,50,1,0.119999997,0.550000012,0.0133333337
SL3_rand_15_r0,0,541,1.06666672,1,0,4.17859983,0.0663333312,0.0563333333,0.158308655,0.158266023,0,0,6,2.5,7.7304101,0,0,0,0,0,1.53747809,0.585064828,87.0597076,0.767772496,1.55973101,4.17859983,418.9534,69.4898987,4.08850002,0.0250000004,50,1,0.119999997,0.550000012,0.0133333337
SL3_rand_15_r0,0,542,1.08000004,1,0,4.17859983,0.0659999996,0.0560000017,0.154550344,0.154530063,0,0,6,2.5,7.7304101,0,0,0,0,0,1.53747809,0.585064828,87.0597076,0.767772496,1.55973101,4.17859983,418.9534,69.4898987,4.08850002,0.0250000004,50,1,0.119999997,0.550000012,0.0133333337
SL3_rand_15_r0,0,543,1.09333336,1,0,4.17859983,0.0656666681,0.0556666665,0.15210706,0.152092576,0,0,6,2.5,7.7304101,0,0,0,0,0,1.53747809,0.585064828,87.0597076,0.767772496,1.55973101,4.17859983,418.9534,69.4898987,4.08850002,0.0250000004,50,1,0.119999997,0.550000012,0.0133333337
SL3_rand_15_r0,0,544,1.10666668,1,0,4.17859983,0.0653333366,0.055333335,0.148663014,0.148657963,0,0,6,2.5,7.7304101,0,0,0,0,0,1.53747809,0.585064828,87.0597076,0.767772496,1.55973101,4.17859983,418.9534,69.4898987,4.08850002,0.0250000004,50,1,0.119999997,0.550000012,0.0133333337
SL3_rand_15_r0,0,545,1.12,1,0,4.17859983,0.0649999976,0.0549999997,0.145491466,0.145489201,0,0,6,2.5,7.7304101,0,0,0,0,0,1.53747809,0.585064828,87.0597076,0.767772496,1.55973101,4.17859983,418.9534,69.4898987,4.08850002,0.0250000004,50,1,0.119999997,0.550000012,0.0133333337
SL3_rand_15_r0,0,546,1.13333333,1,0,4.17859983,0.0646666661,0.0546666682,0.142753735,0.142693594,0,0,6,2.5,7.7304101,0,0,0,0,0,1.53747809,0.585064828,87.0597076,0.767772496,1.55973101,4.17859983,418.9534,69.4898987,4.08850002,0.0250000004,50,1,0.119999997,0.550000012,0.0133333337
SL3_rand_15_r0,0,547,1.14666665,1,0,4.17859983,0.0643333346,0.0543333329,0.138896495,0.138850451,0,0,6,2.5,7.7304101,0,0,0,0,0,1.53747809,0.585064828,87.0597076,0.767772496,1.55973101,4.17859983,418.9534,69.4898987,4.08850002,0.0250000004,50,1,0.119999997,0.550000012,0.0133333337
SL3_rand_15_r0,0,548,1.15999997,1,0,4.17859983,0.064000003,0.0540000014,0.136441767,0.136128306,0,0,6,2.5,7.7304101,0,0,0,0,0,1.53747809,0.585064828,87.0597076,0.767772496,1.55973101,4.17859983,418.9534,69.4898987,4.08850002,0.0250000004,50,1,0.119999997,0.550000012,0.0133333337
SL3_rand_15_r0,0,549,1.17333329,1,0,4.17859983,0.0636666641,0.0536666662,0.132463396,0.132316619,0,0,6,2.5,7.7304101,0,0,0,0,0,1.53747809,0.585064828,87.0597076,0.767772496,1.55973101,4.17859983,418.9534,69.4898987,4.08850002,0.0250000004,50,1,0.119999997,0.550000012,0.0133333337
SL3_rand_15_r0,0,550,1.18666661,1,0,4.17859983,0.0633333325,0.0533333346,0.129383072,0.1292786,0,0,6,2.5,7.7304101,0,0,0,0,0,1.53747809,0.585064828,87.0597076,0.767772496,1.55973101,4.17859983,418.9534,69.4898987,4.08850002,0.0250000004,50,1,0.119999997,0.550000012,0.0133333337
SL3_rand_15_r0,0,551,1.20000005,1,0,4.17859983,0.063000001,0.0529999994,0.126303717,0.125995874,0,0,6,2.5,7.7304101,0,0,0,0,0,1.53747809,0.585064828,87.0597076,0.767772496,1.55973101,4.17859983,418.9534,69.4898987,4.08850002,0.0250000004,50,1,0.119999997,0.550000012,0.0133333337
SL3_rand_15_r0,0,552,1.21333337,1,0,4.17859983,0.0626666695,0.0526666678,0.122563377,0.122341469,0,0,6,2.5,7.7304101,0,0,0,0,0,1.53747809,0.585064828,87.0597076,0.767772496,1.55973101,4.17859983,418.9534,69.4898987,4.08850002,0.0250000004,50,1,0.119999997,0.550000012,0.0133333337
SL3_rand_15_r0,0,553,1.22666669,1,0,4.17859983,0.0623333342,0.0523333326,0.120025024,0.119894661,0,0,6,2.5,7.7304101,0,0,0,0,0,1.53747809,0.585064828,87.0597076,0.767772496,1.55973101,4.17859983,418.9534,69.4898987,4.08850002,0.0250000004,50,1,0.119999997,0.550000012,0.0133333337
SL3_rand_15_r0,0,554,1.24000001,1,0,4.17859983,0.061999999,0.0520000011,0.116042949,0.116036482,0,0,6,2.5,7.7304101,0,0,0,0,0,1.53747809,0.585064828,87.0597076,0.767772496,1.55973101,4.17859983,418.9534,69.4898987,4.08850002,0.0250000004,50,1,0.119999997,0.550000012,0.0133333337
SL3_rand_15_r0,0,555,1.25333333,1,0,4.17859983,0.0616666675,0.0516666658,0.112840906,0.112381056,0,0,6,2.5,7.7304101,0,0,0,0,0,1.53747809,0.585064828,87.0597076,0.767772496,1.55973101,4.17859983,418.9534,69.4898987,4.08850002,0.0250000004,50,1,0.119999997,0.550000012,0.0133333337
SL3_rand_15_r0,0,556,1.26666665,1,0,4.17859983,0.0613333322,0.0513333343,0.109833904,0.109803714,0,0,6,2.5,7.7304101,0,0,0,0,0,1.53747809,0.585064828,87.0597076,0.767772496,1.55973101,4.17859983,418.9534,69.4898987,4.08850002,0.0250000004,50,1,0.119999997,0.550000012,0.0133333337
SL3_rand_15_r0,0,557,1.27999997,1,0,4.17859983,0.0610000007,0.050999999,0.106034897,0.106024146,0,0,6,2.5,7.7304101,0,0,0,0,0,1.53747809,0.585064828,87.0597076,0.767772496,1.55973101,4.17859983,418.9534,69.4898987,4.08850002,0.0250000004,50,1,0.119999997,0.550000012,0.0133333337
SL3_rand_15_r0,0,558,1.29333329,1,0,4.17859983,0.0606666654,0.0506666675,0.103485785,0.103408277,0,0,6,2.5,7.7304101,0,0,0,0,0,1.53747809,0.585064828,87.0597076,0.767772496,1.55973101,4.17859983,418.9534,69.4898987,4.08850002,0.0250000004,50,1,0.119999997,0.550000012,0.0133333337
SL3_rand_15_r0,0,559,1.30666661,1,0,4.17859983,0.0603333339,0.0503333323,0.0996233001,0.0996105447,0,0,6,2.5,7.7304101,0,0,0,0,0,1.53747809,0.585064828,87.0597076,0.767772496,1.55973101,4.17859983,418.9534,69.4898987,4.08850002,0.0250000004,50,1,0.119999997,0.550000012,0.0133333337
SL3_rand_15_r0,0,560,1.32000005,1,0,4.17859983,0.0599999987,0.0500000007,0.0964212939,0.0963511392,0,0,6,2.5,7.7304101,0,0,0,0,0,1.53747809,0.585064828,87.0597076,0.767772496,1.55973101,4.17859983,418.9534,69.4898987,4.08850002,0.0250000004,50,1,0.119999997,0.550000012,0.0133333337
SL3_rand_15_r0,0,561,1.33333337,1,0,4.17859983,0.0596666671,0.0496666655,0.0937075689,0.0936852172,0,0,6,2.5,7.7304101,0,0,0,0,0,1.53747809,0.585064828,87.0597076,0.767772496,1.55973101,4.17859983,418.9534,69.4898987,4.08850002,0.0250000004,50,1,0.119999997,0.550000012,0.0133333337
SL3_rand_15_r0,0,562,1.34666669,1,0,4.17859983,0.0593333319,0.049333334,0.0898400843,0.0897762924,0,0,6,2.5,7.7304101,0,0,0,0,0,1.53747809,0.585064828,87.0597076,0.767772496,1.55973101,4.17859983,418.9534,69.4898987,4.08850002,0.0250000004,50,1,0.119999997,0.550000012,0.0133333337
SL3_rand_15_r0,0,563,1.36000001,1,0,4.17859983,0.0590000004,0.0489999987,0.0874345005,0.0874014422,0,0,6,2.5,7.7304101,0,0,0,0,0,1.53747809,0.585064828,87.0597076,0.767772496,1.55973101,4.17859983,418.9534,69.4898987,4.08850002,0.0250000004,50,1,0.119999997,0.550000012,0.0133333337
SL3_rand_15_r0,0,564,1.37333333,1,0,4.17859983,0.0586666651,0.0486666672,0.0837689042,0.0837126821,0,0,6,2.5,7.7304101,0,0,0,0,0,1.53747809,0.585064828,87.0597076,0.767772496,1.55973101,4.17859983,418.9534,69.4898987,4.08850002,0.0250000004,50,1,0.119999997,0.550000012,0.0133333337
SL3_rand_15_r0,0,565,1.38666666,1,0,4.17859983,0.0583333336,0.0483333319,0.0806835592,0.0806471556,0,0,6,2.5,7.7304101,0,0,0,0,0,1.53747809,0.585064828,87.0597076,0.767772496,1.55973101,4.17859983,418.9534,69.4898987,4.08850002,0.0250000004,50,1,0.119999997,0.550000012,0.0133333337
SL3_rand_15_r0,0,566,1.39999998,1,0,4.17859983,0.0579999983,0.0480000004,0.0782106444,0.0781662911,0,0,6,2.5,7.7304101,0,0,0,0,0,1.53747809,0.585064828,87.0597076,0.767772496,1.55973101,4.17859983,418.9534,69.4898987,4.08850002,0.0250000004,50,1,0.119999997,0.550000012,0.0133333337
SL3_rand_15_r0,0,567,1.4133333,1,0.764388919,4.17859983,0.0576666668,0.0476666652,0.0744496733,0.0744083151,0,1.38979805,6,2.5,7.7304101,0,0,0,0,0,1.53747809,0.585064828,87.0597076,0.767772496,1.55973101,4.17859983,418.9534,69.4898987,4.08850002,0.0250000004,50,1,0.119999997,0.550000012,0.0133333337
SL3_rand_15_r0,0,568,1.42666662,1,1.10836387,4.17859983,0.0573333316,0.0473333336,0.0721381605,0.071927987,0,1.38979805,6,2.5,7.7304101,0,0,0,0,0,1.53747809,0.585064828,87.0597076,0.767772496,1.55973101,4.17859983,418.9534,69.4898987,4.08850002,0.0250000004,50,1,0.119999997,0.550000012,0.0133333337
SL3_rand_15_r0,0,569,1.44000006,1,1.2631526,4.17859983,0.057,0.0469999984,0.0687710717,0.0687231123,0,1.38979805,6,2.5,7.7304101,0,0,0,0,0,1.53747809,0.585064828,87.0597076,0.767772496,1.55973101,4.17859983,418.9534,69.4898987,4.08850002,0.0250000004,50,1,0.119999997,0.550000012,0.0133333337
SL3_rand_15_r0,0,570,1.45333338,1,1.33280754,4.17859983,0.0566666685,0.0466666669,0.0658368543,0.0656086802,0,1.38979805,6,2.5,7.7304101,0,0,0,0,0,1.53747809,0.585064828,87.0597076,0.767772496,1.55973101,4.17859983,418.9534,69.4898987,4.08850002,0.0250000004,50,1,0.119999997,0.550000012,0.0133333337
SL3_rand_15_r0,0,571,1.4666667,1,1.36415231,4.17859983,0.0563333333,0.0463333316,0.0636924878,0.0634485334,0,1.38979805,6,2.5,7.7304101,0,0,0,0,0,1.53747809,0.585064828,87.0597076,0.767772496,1.55973101,4.17859983,418.9534,69.4898987,4.08850002,0.0250000004,50,1,0.119999997,0.550000012,0.0133333337
SL3_rand_15_r0,0,572,1.48000002,1,1.37825739,4.17859983,0.0560000017,0.0460000001,0.0601637289,0.0598895885,0,1.38979805,6,2.5,7.7304101,0,0,0,0,0,1.53747809,0.585064828,87.0597076,0.767772496,1.55973101,4.17859983,418.9534,69.4898987,4.08850002,0.0250000004,50,1,0.119999997,0.550000012,0.0133333337
SL3_rand_15_r0,0,573,1.49333334,1,1.38460469,4.17859983,0.0556666665,0.0456666648,0.0573536046,0.0571937896,0,1.38979805,6,2.5,7.7304101,0,0,0,0,0,1.53747809,0.585064828,87.0597076,0.767772496,1.55973101,4.17859983,418.9534,69.4898987,4.08850002,0.0250000004,50,1,0.119999997,0.550000012,0.0133333337
SL3_rand_15_r0,0,574,1.50666666,1,1.38746107,4.17859983,0.055333335,0.0453333333,0.0551902354,0.0548283346,0,1.38979805,6,2.5,7.7304101,0,0,0,0,0,1.53747809,0.585064828,87.0597076,0.767772496,1.55973101,4.17859983,418.9534,69.4898987,4.08850002,0.0250000004,50,1,0.119999997,0.550000012,0.0133333337
SL3_rand_15_r0,0,575,1.51999998,1,1.38874638,4.17859983,0.0549999997,0.0450000018,0.0517668724,0.0516411513,0,1.38979805,6,2.5,7.7304101,0,0,0,0,0,1.53747809,0.585064828,87.0597076,0.767772496,1.55973101,4.17859983,418.9534,69.4898987,4.08850002,0.0250000004,50,1,0.119999997,0.550000012,0.0133333337
SL3_rand_15_r0,0,576,1.5333333,1,1.38932478,4.17859983,0.0546666682,0.0446666665,0.0495018288,0.0494892858,0,1.38979805,6,2.5,7.7304101,0,0,0,0,0,1.53747809,0.585064828,87.0597076,0.767772496,1.55973101,4.17859983,418.9534,69.4898987,4.08850002,0.0250000004,50,1,0.119999997,0.550000012,0.0133333337
SL3_rand_15_r0,0,577,1.54666662,1,1.38958502,4.17859983,0.0543333329,0.044333335,0.0470320545,0.0469620228,0,1.38979805,6,2.5,7.7304101,0,0,0,0,0,1.53747809,0.585064828,87.0597076,0.767772496,1.55973101,4.17859983,418.9534,69.4898987,4.08850002,0.0250000004,50,1,0.119999997,0.550000012,0.0133333337
SL3_rand_15_r0,0,578,1.55999994,1,1.3897022,4.17859983,0.0540000014,0.0439999998,0.0444568321,0.0444027297,0,1.38979805,6,2.5,7.7304101,0,0,0,0,0,1.53747809,0.585064828,87.0597076,0.767772496,1.55973101,4.17859983,418.9534,69.4898987,4.08850002,0.0250000004,50,1,0.119999997,0.550000012,0.0133333337
SL3_rand_15_r0,0,579,1.57333338,1,1.38975489,4.17859983,0.0536666662,0.0436666682,0.0432328731,0.0432181843,0,1.38979805,6,2.5,7.7304101,0,0,0,0,0,1.53747809,0.585064828,87.0597076,0.767772496,1.55973101,4.17859983,418.9534,69.4898987,4.08850002,0.0250000004,50,1,0.119999997,0.550000012,0.0133333337
SL3_rand_15_r0,0,580,1.5866667,1,1.38977861,4.17859983,0.0533333346,0.043333333,0.0405144766,0.040353585,0,1.38979805,6,2.5,7.7304101,0,0,0,0,0,1.53747809,0.585064828,87.0597076,0.767772496,1.55973101,4.17859983,418.9534,69.4898987,4.08850002,0.0250000004,50,1,0.119999997,0.550000012,0.0133333337
SL3_rand_15_r0,0,581,1.60000002,1,1.38978922,4.17859983,0.0529999994,0.0430000015,0.0393078737,0.0386427641,0,1.38979805,6,2.5,7.7304101,0,0,0,0,0,1.53747809,0.585064828,87.0597076,0.767772496,1.55973101,4.17859983,418.9534,69.4898987,4.08850002,0.0250000004,50,1,0.119999997,0.550000012,0.0133333337
SL3_rand_15_r0,0,582,1.61333334,1,1.38979411,4.17859983,0.0526666678,0.0426666662,0.0376419574,0.0373018421,0,1.38979805,6,2.5,7.7304101,0,0,0,0,0,1.53747809,0.585064828,87.0597076,0.767772496,1.55973101,4.17859983,418.9534,69.4898987,4.08850002,0.0250000004,50,1,0.119999997,0.550000012,0.0133333337
SL3_rand_15_r0,0,583,1.62666667,1,1.38979626,4.17859983,0.0523333326,0.0423333347,0.0357859209,0.035362985,0,1.38979805,6,2.5,7.7304101,0,0,0,0,0,1.53747809,0.585064828,87.0597076,0.767772496,1.55973101,4.17859983,418.9534,69.4898987,4.08850002,0.0250000004,50,1,0.119999997,0.550000012,0.0133333337
SL3_rand_15_r0,0,584,1.63999999,1,1.38979721,4.17859983,0.0520000011,0.0419999994,0.0356406048,0.0352112986,0,1.38979805,6,2.5,7.7304101,0,0,0,0,0,1.53747809,0.585064828,87.0597076,0.767772496,1.55973101,4.17859983,418.9534,69.4898987,4.08850002,0.0250000004,50,1,0.119999997,0.550000012,0.0133333337
SL3_rand_15_r0,0,585,1.65333331,1,1.38979769,4.17859983,0.0516666658,0.0416666679,0.033304628,0.0330460854,0,1.38979805,6,2.5,7.7304101,0,0,0,0,0,1.53747809,0.585064828,87.0597076,0.767772496,1.55973101,4.17859983,418.9534,69.4898987,4.08850002,0.0250000004,50,1,0.119999997,0.550000012,0.0133333337
SL3_rand_15_r0,0,586,1.66666663,1,1.38979781,4.17859983,0.0513333343,0.0413333327,0.0338195749,0.0319492146,0,1.38979805,6,2.5,7.7304101,0,0,0,0,0,1.53747809,0.585064828,87.0597076,0.767772496,1.55973101,4.17859983,418.9534,69.4898987,4.08850002,0.0250000004,50,1,0.119999997,0.550000012,0.0133333337
SL3_rand_15_r0,0,587,1.67999995,1,1.38979793,4.17859983,0.050999999,0.0410000011,0.0318595245,0.0315592103,0,1.38979805,6,2.5,7.7304101,0,0,0,0,0,1.53747809,0.585064828,87.0597076,0.767772496,1.55973101,4.17859983,418.9534,69.4898987,4.08850002,0.0250000004,50,1,0.119999997,0.550000012,0.0133333337
SL3_rand_15_r0,0,588,1.69333339,1,1.38979793,4.17859983,0.0506666675,0.0406666659,0.03147972,0.0302948132,0,1.38979805,6,2.5,7.7304101,0,0,0,0,0,1.53747809,0.585064828,87.0597076,0.767772496,1.55973101,4.17859983,418.9534,69.4898987,4.08850002,0.0250000004,50,1,0.119999997,0.550000012,0.0133333337
SL3_rand_15_r0,0,589,1.70666671,1,1.38979793,4.17859983,0.0503333323,0.0403333344,0.0310800578,0.0307353493,0,1.38979805,6,2.5,7.7304101,0,0,0,0,0,1.53747809,0.585064828,87.0597076,0.767772496,1.55973101,4.17859983,418.9534,69.4898987,4.08850002,0.0250000004,50,1,0.119999997,0.550000012,0.0133333337
SL3_rand_15_r0,0,590,1.72000003,1,1.38979805,4.17859983,0.0500000007,0.0399999991,0.0300610345,0.029354129,0,1.38979805,6,2.5,7.7304101,0,0,0,0,0,1.53747809,0.585064828,87.0597076,0.767772496,1.55973101,4.17859983,418.9534,69.4898987,4.08850002,0.0250000004,50,1,0.119999997,0.550000012,0.0133333337
SL3_rand_15_r0,0,591,1.73333335,1,1.38979805,4.17859983,0.0496666655,0.0396666676,0.0307561178,0.0305076819,0,1.38979805,6,2.5,7.7304101,0,0,0,0,0,1.53747809,0.585064828,87.0597076,0.767772496,1.55973101,4.17859983,418.9534,69.4898987,4.08850002,0.0250000004,50,1,0.119999997,0.550000012,0.0133333337
SL3_rand_15_r0,0,592,1.74666667,1,1.38979805,4.17859983,0.049333334,0.0393333323,0.0292256307,0.028947698,0,1.38979805,6,2.5,7.7304101,0,0,0,0,0,1.53747809,0.585064828,87.0597076,0.767772496,1.55973101,4.17859983,418.9534,69.4898987,4.08850002,0.0250000004,50,1,0.119999997,0.550000012,0.0133333337
SL3_rand_15_r0,0,593,1.75999999,1,1.38979805,4.17859983,0.0489999987,0.0390000008,0.0301994905,0.028303897,0,1.38979805,6,2.5,7.7304101,0,0,0,0,0,1.53747809,0.585064828,87.0597076,0.767772496,1.55973101,4.17859983,418.9534,69.4898987,4.08850002,0.0250000004,50,1,0.119999997,0.550000012,0.0133333337
SL3_rand_15_r0,0,594,1.77333331,1,1.38979805,4.17859983,0.0486666672,0.0386666656,0.0291412994,0.028971944,0,1.38979805,6,2.5,7.7304101,0,0,0,0,0,1.53747809,0.585064828,87.0597076,0.767772496,1.55973101,4.17859983,418.9534,69.4898987,4.08850002,0.0250000004,50,1,0.119999997,0.550000012,0.0133333337
SL3_rand_15_r0,0,595,1.78666663,1,1.38979805,4.17859983,0.0483333319,0.038333334,0.0290186182,0.0281756949,0,1.38979805,6,2.5,7.7304101,0,0,0,0,0,1.53747809,0.585064828,87.0597076,0.767772496,1.55973101,4.17859983,418.9534,69.4898987,4.08850002,0.0250000004,50,1,0.119999997,0.550000012,0.0133333337
SL3_rand_15_r0,0,596,1.79999995,1,1.38979805,4.17859983,0.0480000004,0.0379999988,0.029560972,0.0293345936,0,1.38979805,6,2.5,7.7304101,0,0,0,0,0,1.53747809,0.585064828,87.0597076,0.767772496,1.55973101,4.17859983,418.9534,69.4898987,4.08850002,0.0250000004,50,1,0.119999997,0.550000012,0.0133333337
SL3_rand_15_r0,0,597,1.81333339,1,1.38979805,4.17859983,0.0476666652,0.0376666673,0.0285112485,0.028370617,0,1.38979805,6,2.5,7.7304101,0,0,0,0,0,1.53747809,0.585064828,87.0597076,0.767772496,1.55973101,4.17859983,418.9534,69.4898987,4.08850002,0.0250000004,50,1,0.119999997,0.550000012,0.0133333337
SL3_rand_15_r0,0,598,1.82666671,1,1.38979805,4.17859983,0.0473333336,0.037333332,0.0298495572,0.0298147164,0,1.38979805,6,2.5,7.7304101,0,0,0,0,0,1.53747809,0.585064828,87.0597076,0.767772496,1.55973101,4.17859983,418.9534,69.4898987,4.08850002,0.0250000004,50,1,0.119999997,0.550000012,0.0133333337
SL3_rand_15_r0,0,599,1.84000003,1,1.38979805,4.17859983,0.0469999984,0.0370000005,0.028811628,0.0287576038,0,1.38979805,6,2.5,7.7304101,0,0,0,0,0,1.53747809,0.585064828,87.0597076,0.767772496,1.55973101,4.17859983,418.9534,69.4898987,4.08850002,0.0250000004,50,1,0.119999997,0.550000012,0.0133333337
SL3_rand_15_r0,0,600,1.85333335,1,1.38979805,4.17859983,0.0466666669,0.0366666652,0.0291457865,0.0283832345,0,1.38979805,6,2.5,7.7304101,0,0,0,0,0,1.53747809,0.585064828,87.0597076,0.767772496,1.55973101,4.17859983,418.9534,69.4898987,4.08850002,0.0250000004,50,1,0.119999997,0.550000012,0.0133333337
SL3_rand_15_r0,0,601,1.86666667,1,1.38979805,4.17859983,0.0463333316,0.0363333337,0.0295397528,0.0293186419,0,1.38979805,6,2.5,7.7304101,0,0,0,0,0,1.53747809,0.585064828,87.0597076,0.767772496,1.55973101,4.17859983,418.9534,69.4898987,4.08850002,0.0250000004,50,1,0.119999997,0.550000012,0.0133333337
SL3_rand_15_r0,0,602,1.88,1,1.38979805,4.17859983,0.0460000001,0.0359999985,0.0288848151,0.0287565514,0,1.38979805,6,2.5,7.7304101,0,0,0,0,0,1.53747809,0.585064828,87.0597076,0.767772496,1.55973101,4.17859983,418.9534,69.4898987,4.08850002,0.0250000004,50,1,0.119999997,0.550000012,0.0133333337
SL3_rand_15_r0,0,603,1.89333332,1,1.38979805,4.17859983,0.0456666648,0.0356666669,0.029858917,0.0298540108,0,1.38979805,6,2.5,7.7304101,0,0,0,0,0,1.53747809,0.585064828,87.0597076,0.767772496,1.55973101,4.17859983,418.9534,69.4898987,4.08850002,0.0250000004,50,1,0.119999997,0.550000012,0.0133333337
SL3_rand_15_r0,0,604,1.90666664,1,1.38979805,4.17859983,0.0453333333,0.0353333317,0.0292498022,0.0291885771,0,1.38979805,6,2.5,7.7304101,0,0,0,0,0,1.53747809,0.585064828,87.0597076,0.767772496,1.55973101,4.17859983,418.9534,69.4898987,4.08850002,0.0250000004,50,1,0.119999997,0.550000012,0.0133333337
SL3_rand_15_r0,0,605,1.91999996,1,1.38979805,4.17859983,0.0450000018,0.0350000001,0.0299592819,0.0290590953,0,1.38979805,6,2.5,7.7304101,0,0,0,0,0,1.53747809,0.585064828,87.0597076,0.767772496,1.55973101,4.17859983,418.9534,69.4898987,4.08850002,0.0250000004,50,1,0.119999997,0.550000012,0.0133333337
SL3_rand_15_r0,0,606,1.93333328,1,1.38979805,4.17859983,0.0446666665,0.0346666649,0.030088434,0.0296989847,0,1.38979805,6,2.5,7.7304101,0,0,0,0,0,1.53747809,0.585064828,87.0597076,0.767772496,1.55973101,4.17859983,418.9534,69.4898987,4.08850002,0.0250000004,50,1,0.119999997,0.550000012,0.0133333337
SL3_rand_15_r0,0,607,1.94666672,1,1.38979805,4.17859983,0.044333335,0.0343333334,0.0297024827,0.0293785948,0,1.38979805,6,2.5,7.7304101,0,0,0,0,0,1.53747809,0.585064828,87.0597076,0.767772496,1.55973101,4.17859983,418.9534,69.4898987,4.08850002,0.0250000004,50,1,0.119999997,0.550000012,0.0133333337
SL3_rand_15_r0,0,608,1.96000004,1,1.38979805,4.17859983,0.0439999998,0.0340000018,0.0302407257,0.0301187877,0,1.38979805,6,2.5,7.7304101,0,0,0,0,0,1.53747809,0.585064828,87.0597076,0.767772496,1.55973101,4.17859983,418.9534,69.4898987,4.08850002,0.0250000004,50,1,0.119999997,0.550000012,0.0133333337
SL3_rand_15_r0,0,609,1.97333336,1,1.38979805,4.17859983,0.0436666682,0.0336666666,0.0299238637,0.0296962298,0,1.38979805,6,2.5,7.7304101,0,0,0,0,0,1.53747809,0.585064828,87.0597076,0.767772496,1.55973101,4.17859983,418.9534,69.4898987,4.08850002,0.0250000004,50,1,0.119999997,0.550000012,0.0133333337
SL3_rand_15_r0,0,610,1.98666668,1,1.38979805,4.17859983,0.043333333,0.0333333351,0.0307546221,0.030489292,0,1.38979805,6,2.5,7.7304101,0,0,0,0,0,1.53747809,0.585064828,87.0597076,0.767772496,1.55973101,4.17859983,418.9534,69.4898987,4.08850002,0.0250000004,50,1,0.119999997,0.550000012,0.0133333337
SL3_rand_15_r0,0,611,2,2,1.38979805,4.17859983,0.0430000015,0.0329999998,0.0305340923,0.029950846,0,1.38979805,6,2.5,7.7304101,0,0,0,0,0,2.29842901,0.187588975,88.3578033,0.957345963,1.24942029,4.17859983,418.9534,69.4898987,4.08850002,0.0250000004,50,1,0.119999997,0.550000012,0.0133333337
SL3_rand_15_r0,0,612,2.01333332,2,1.38979805,4.17859983,0.0426666662,0.0326666683,0.0305683147,0.0298343599,0,1.38979805,6,2.5,7.7304101,0,0,0,0,0,2.29842901,0.187588975,88.3578033,0.957345963,1.24942029,4.17859983,418.9534,69.4898987,4.08850002,0.0250000004,50,1,0.119999997,0.550000012,0.0133333337
SL3_rand_15_r0,0,613,2.02666664,2,1.38979805,4.17859983,0.0423333347,0.032333333,0.0306333005,0.0302610099,0,1.38979805,6,2.5,7.7304101,0,0,0,0,0,2.29842901,0.187588975,88.3578033,0.957345963,1.24942029,4.17859983,418.9534,69.4898987,4.08850002,0.0250000004,50,1,0.119999997,0.550000012,0.0133333337
SL3_rand_15_r0,0,614,2.03999996,2,1.38979805,4.17859983,0.0419999994,0.0320000015,0.0302091427,0.0299796052,0,1.38979805,6,2.5,7.7304101,0,0,0,0,0,2.29842901,0.187588975,88.3578033,0.957345963,1.24942029,4.17859983,418.9534,69.4898987,4.08850002,0.0250000004,50,1,0.119999997,0.550000012,0.0133333337
SL3_rand_15_r0,0,615,2.05333328,2,1.38979805,4.17859983,0.0416666679,0.0316666663,0.0307106227,0.0304482095,0,1.38979805,6,2.5,7.7304101,0,0,0,0,0,2.29842901,0.187588975,88.3578033,0.957345963,1.24942029,4.17859983,418.9534,69.4898987,4.08850002,0.0250000004,50,1,0.119999997,0.550000012,0.0133333337
SL3_rand_15_r0,0,616,2.0666666,2,1.38979805,4.17859983,0.0413333327,0.0313333347,0.0302360635,0.0300884042,0,1.38979805,6,2.5,7.7304101,0,0,0,0,0,2.29842901,0.187588975,88.3578033,0.957345963,1.24942029,4.17859983,418.9534,69.4898987,4.08850002,0.0250000004,50,1,0.119999997,0.550000012,0.0133333337
SL3_rand_15_r0,0,617,2.07999992,2,1.38979805,4.17859983,0.0410000011,0.0309999995,0.0309328642,0.0300280452,0,1.38979805,6,2.5,7.7304101,0,0,0,0,0,2.29842901,0.187588975,88.3578033,0.957345963,1.24942029,4.17859983,418.9534,69.4898987,4.08850002,0.0250000004,50,1,0.119999997,0.550000012,0.0133333337
SL3_rand_15_r0,0,618,2.09333324,2,1.38979805,4.17859983,0.0406666659,0.0306666661,0.0305826999,0.0302123558,0,1.38979805,6,2.5,7.7304101,0,0,0,0,0,2.29842901,0.187588975,88.3578033,0.957345963,1.24942029,4.17859983,418.9534,69.4898987,4.08850002,0.0250000004,50,1,0.119999997,0.550000012,0.0133333337
SL3_rand_15_r0,0,619,2.10666656,2,1.38979805,4.17859983,0.0403333344,0.0303333327,0.0302861258,0.0300087146,0,1.38979805,6,2.5,7.7304101,0,0,0,0,0,2.29842901,0.187588975,88.3578033,0.957345963,1.24942029,4.17859983,418.9534,69.4898987,4.08850002,0.0250000004,50,1,0.119999997,0.550000012,0.0133333337
SL3_rand_15_r0,0,620,2.11999989,2,1.38979805,4.17859983,0.0399999991,0.0299999993,0.0302840341,0.0302242171,0,1.38979805,6,2.5,7.7304101,0,0,0,0,0,2.29842901,0.187588975,88.3578033,0.957345963,1.24942029,4.17859983,418.9534,69.4898987,4.08850002,0.0250000004,50,1,0.119999997,0.550000012,0.0133333337
SL3_rand_15_r0,0,621,2.13333344,2,1.38979805,4.17859983,0.0396666676,0.0296666659,0.0299603287,0.0299464539,0,1.38979805,6,2.5,7.7304101,0,0,0,0,0,2.29842901,0.187588975,88.3578033,0.957345963,1.24942029,4.17859983,418.9534,69.4898987,4.08850002,0.0250000004,50,1,0.119999997,0.550000012,0.0133333337
SL3_rand_15_r0,0,622,2.14666677,2,1.38979805,4.17859983,0.0393333323,0.0293333326,0.0302444045,0.0301775411,0,1.38979805,6,2.5,7.7304101,0,0,0,0,0,2.29842901,0.187588975,88.3578033,0.957345963,1.24942029,4.17859983,418.9534,69.4898987,4.08850002,0.0250000004,50,1,0.119999997,0.550000012,0.0133333337
SL3_rand_15_r0,0,623,2.16000009,2,1.38979805,4.17859983,0.0390000008,0.0289999992,0.0299127419,0.0298325662,0,1.38979805,6,2.5,7.7304101,0,0,0,0,0,2.29842901,0.187588975,88.3578033,0.957345963,1.24942029,4.17859983,418.9534,69.4898987,4.08850002,0.0250000004,50,1,0.119999997,0.550000012,0.0133333337
SL3_rand_15_r0,0,624,2.17333341,2,1.38979805,4.17859983,0.0386666656,0.0286666658,0.030439686,0.0297103208,0,1.38979805,6,2.5,7.7304101,0,0,0,0,0,2.29842901,0.187588975,88.3578033,0.957345963,1.24942029,4.17859983,418.9534,69.4898987,4.08850002,0.0250000004,50,1,0.119999997,0.550000012,0.0133333337
SL3_rand_15_r0,0,625,2.18666673,2,1.38979805,4.17859983,0.038333334,0.0283333343,0.0300192051,0.0297197234,0,1.38979805,6,2.5,7.7304101,0,0,0,0,0,2.29842901,0.187588975,88.3578033,0.957345963,1.24942029,4.17859983,418.9534,69.4898987,4.08850002,0.0250000004,50,1,0.119999997,0.550000012,0.0133333337
SL3_rand_15_r0,0,626,2.20000005,2,1.38979805,4.17859983,0.0379999988,0.0280000009,0.0297267586,0.0294593796,0,1.38979805,6,2.5,7.7304101,0,0,0,0,0,2.29842901,0.187588975,88.3578033,0.957345963,1.24942029,4.17859983,418.9534,69.4898987,4.08850002,0.0250000004,50,1,0.119999997,0.550000012,0.0133333337
SL3_rand_15_r0,0,627,2.21333337,2,1.38979805,4.17859983,0.0376666673,0.0276666675,0.0295312833,0.0294735115,0,1.38979805,6,2.5,7.7304101,0,0,0,0,0,2.29842901,0.187588975,88.3578033,0.957345963,1.24942029,4.17859983,418.9534,69.4898987,4.08850002,0.0250000004,50,1,0.119999997,0.550000012,0.0133333337
SL3_rand_15_r0,0,628,2.22666669,2,1.38979805,4.17859983,0.037333332,0.0273333341,0.029241994,0.0291436724,0,1.38979805,6,2.5,7.7304101,0,0,0,0,0,2.29842901,0.187588975,88.3578033,0.957345963,1.24942029,4.17859983,418.9534,69.4898987,4.08850002,0.0250000004,50,1,0.119999997,0.550000012,0.0133333337
SL3_rand_15_r0,0,629,2.24000001,2,1.38979805,4.17859983,0.0370000005,0.0270000007,0.0292325988,0.0291561503,0,1.38979805,6,2.5,7.7304101,0,0,0,0,0,2.29842901,0.187588975,88.3578033,0.957345963,1.24942029,4.17859983,418.9534,69.4898987,4.08850002,0.0250000004,50,1,0.119999997,0.550000012,0.0133333337
SL3_rand_15_r0,0,630,2.25333333,2,1.38979805,4.17859983,0.0366666652,0.0266666673,0.0289701372,0.0287660211,0,1.38979805,6,2.5,7.7304101,0,0,0,0,0,2.29842901,0.187588975,88.3578033,0.957345963,1.24942029,4.17859983,418.9534,69.4898987,4.08850002,0.0250000004,50,1,0.119999997,0.550000012,0.0133333337
SL3_rand_15_r0,0,631,2.26666665,2,1.38979805,4.17859983,0.0363333337,0.0263333339,0.029110115,0.0287716184,0,1.38979805,6,2.5,7.7304101,0,0,0,0,0,2.29842901,0.187588975,88.3578033,0.957345963,1.24942029,4.17859983,418.9534,69.4898987,4.08850002,0.0250000004,50,1,0.119999997,0.550000012,0.0133333337
SL3_rand_15_r0,0,632,2.27999997,2,1.38979805,4.17859983,0.0359999985,0.0260000005,0.0288970433,0.0283298548,0,1.38979805,6,2.5,7.7304101,0,0,0,0,0,2.29842901,0.187588975,88.3578033,0.957345963,1.24942029,4.17859983,418.9534,69.4898987,4.08850002,0.0250000004,50,1,0.119999997,0.550000012,0.0133333337
SL3_rand_15_r0,0,633,2.29333329,2,1.38979805,4.17859983,0.0356666669,0.0256666671,0.0284643825,0.0283077694,0,1.38979805,6,2.5,7.7304101,0,0,0,0,0,2.29842901,0.187588975,88.3578033,0.957345963,1.24942029,4.17859983,418.9534,69.4898987,4.08850002,0.0250000004,50,1,0.119999997,0.550000012,0.0133333337
SL3_rand_15_r0,0,634,2.30666661,2,1.38979805,4.17859983,0.0353333317,0.0253333338,0.0282605588,0.0279234014,0,1.38979805,6,2.5,7.7304101,0,0,0,0,0,2.29842901,0.187588975,88.3578033,0.957345963,1.24942029,4.17859983,418.9534,69.4898987,4.08850002,0.0250000004,50,1,0.119999997,0.550000012,0.0133333337
SL3_rand_15_r0,0,635,2.31999993,2,1.38979805,4.17859983,0.0350000001,0.0250000004,0.027850708,0.0278133433,0,1.38979805,6,2.5,7.7304101,0,0,0,0,0,2.29842901,0.187588975,88.3578033,0.957345963,1.24942029,4.17859983,418.9534,69.4898987,4.08850002,0.0250000004,50,1,0.119999997,0.550000012,0.0133333337
SL3_rand_15_r0,0,636,2.33333325,2,1.38979805,4.17859983,0.0346666649,0.024666667,0.0277054906,0.027392339,0,1.38979805,6,2.5,7.7304101,0,0,0,0,0,2.29842901,0.187588975,88.3578033,0.957345963,1.24942029,4.17859983,418.9534,69.4898987,4.08850002,0.0250000004,50,1,0.119999997,0.550000012,0.0133333337
SL3_rand_15_r0,0,637,2.34666657,2,1.38979805,4.17859983,0.0343333334,0.0243333336,0.0272851661,0.0269891229,0,1.38979805,6,2.5,7.7304101,0,0,0,0,0,2.29842901,0.187588975,88.3578033,0.957345963,1.24942029,4.17859983,418.9534,69.4898987,4.08850002,0.0250000004,50,1,0.119999997,0.550000012,0.0133333337
SL3_rand_15_r0,0,638,2.3599999,2,1.38979805,4.17859983,0.0340000018,0.0240000002,0.0273346398,0.0268249344,0,1.38979805,6,2.5,7.7304101,0,0,0,0,0,2.29842901,0.187588975,88.3578033,0.957345963,1.24942029,4.17859983,418.9534,69.4898987,4.08850002,0.0250000004,50,1,0.119999997,0.550000012,0.0133333337
SL3_rand_15_r0,0,639,2.37333322,2,1.38979805,4.17859983,0.0336666666,0.0236666668,0.0268075932,0.0263864435,0,1.38979805,6,2.5,7.7304101,0,0,0,0,0,2.29842901,0.187588975,88.3578033,0.957345963,1.24942029,4.17859983,418.9534,69.4898987,4.08850002,0.0250000004,50,1,0.119999997,0.550000012,0.0133333337
SL3_rand_15_r0,0,640,2.38666677,2,1.38979805,4.17859983,0.0333333351,0.0233333334,0.0268098675,0.0262211245,0,1.38979805,6,2.5,7.7304101,0,0,0,0,0,2.29842901,0.187588975,88.3578033,0.957345963,1.24942029,4.17859983,418.9534,69.4898987,4.08850002,0.0250000004,50,1,0.119999997,0.550000012,0.0133333337
SL3_rand_15_r0,0,641,2.4000001,2,1.38979805,4.17859983,0.0329999998,0.023,0.0262390766,0.0258529279,0,1.38979805,6,2.5,7.7304101,0,0,0,0,0,2.29842901,0.187588975,88.3578033,0.957345963,1.24942029,4.17859983,418.9534,69.4898987,4.08850002,0.0250000004,50,1,0.119999997,0.550000012,0.0133333337
SL3_rand_15_r0,0,642,2.41333342,2,1.38979805,4.17859983,0.0326666683,0.0226666667,0.0257489122,0.025431728,0,1.38979805,6,2.5,7.7304101,0,0,0,0,0,2.29842901,0.187588975,88.3578033,0.957345963,1.24942029,4.17859983,418.9534,69.4898987,4.08850002,0.0250000004,50,1,0.119999997,0.550000012,0.0133333337
SL3_rand_15_r0,0,643,2.42666674,2,1.38979805,4.17859983,0.032333333,0.0223333333,0.0253706798,0.0252144635,0,1.38979805,6,2.5,7.7304101,0,0,0,0,0,2.29842901,0.187588975,88.3578033,0.957345963,1.24942029,4.17859983,418.9534,69.4898987,4.08850002,0.0250000004,50,1,0.119999997,0.550000012,0.0133333337
SL3_rand_15_r0,0,644,2.44000006,2,1.38979805,4.17859983,0.0320000015,0.0219999999,0.024841886,0.0247682892,0,1.38979805,6,2.5,7.7304101,0,0,0,0,0,2.29842901,0.187588975,88.3578033,0.957345963,1.24942029,4.17859983,418.9534,69.4898987,4.08850002,0.0250000004,50,1,0.119999997,0.550000012,0.0133333337
SL3_rand_15_r0,0,645,2.45333338,2,1.38979805,4.17859983,0.0316666663,0.0216666665,0.0247406345,0.0245649312,0,1.38979805,6,2.5,7.7304101,0,0,0,0,0,2.29842901,0.187588975,88.3578033,0.957345963,1.24942029,4.17859983,418.9534,69.4898987,4.08850002,0.0250000004,50,1,0.119999997,0.550000012,0.0133333337
SL3_rand_15_r0,0,646,2.4666667,2,1.38979805,4.17859983,0.0313333347,0.0213333331,0.0241954457,0.0240982752,0,1.38979805,6,2.5,7.7304101,0,0,0,0,0,2.29842901,0.187588975,88.3578033,0.957345963,1.24942029,4.17859983,418.9534,69.4898987,4.08850002,0.0250000004,50,1,0.119999997,0.550000012,0.0133333337
SL3_rand_15_r0,0,647,2.48000002,2,1.38979805,4.17859983,0.0309999995,0.0209999997,0.0243567824,0.0239084009,0,1.38979805,6,2.5,7.7304101,0,0,0,0,0,2.29842901,0.187588975,88.3578033,0.957345963,1.24942029,4.17859983,418.9534,69.4898987,4.08850002,0.0250000004,50,1,0.119999997,0.550000012,0.0133333337
SL3_rand_15_r0,0,648,2.49333334,2,1.38979805,4.17859983,0.0306666661,0.0206666663,0.0238185618,0.0234251283,0,1.38979805,6,2.5,7.7304101,0,0,0,0,0,2.29842901,0.187588975,88.3578033,0.957345963,1.24942029,4.17859983,418.9534,69.4898987,4.08850002,0.0250000004,50,1,0.119999997,0.550000012,0.0133333337
SL3_rand_15_r0,0,649,2.50666666,2,1.38979805,4.17859983,0.0303333327,0.0203333329,0.0235519148,0.0232391916,0,1.38979805,6,2.5,7.7304101,0,0,0,0,0,2.29842901,0.187588975,88.3578033,0.957345963,1.24942029,4.17859983,418.9534,69.4898987,4.08850002,0.0250000004,50,1,0.119999997,0.550000012,0.0133333337
SL3_rand_15_r0,0,650,2.51999998,2,1.38979805,4.17859983,0.0299999993,0.0199999996,0.0229859222,0.0228409078,0,1.38979805,6,2.5,7.7304101,0,0,0,0,0,2.29842901,0.187588975,88.3578033,0.957345963,1.24942029,4.17859983,418.9534,69.4898987,4.08850002,0.0250000004,50,1,0.119999997,0.550000012,0.0133333337
SL3_rand_15_r0,0,651,2.5333333,2,1.38979805,4.17859983,0.0296666659,0.0196666662,0.0225252938,0.0223974269,0,1.38979805,6,2.5,7.7304101,0,0,0,0,0,2.29842901,0.187588975,88.3578033,0.957345963,1.24942029,4.17859983,418.9534,69.4898987,4.08850002,0.0250000004,50,1,0.119999997,0.550000012,0.0133333337
SL3_rand_15_r0,0,652,2.54666662,2,1.38979805,4.17859983,0.0293333326,0.0193333328,0.0221681874,0.022167122,0,1.38979805,6,2.5,7.7304101,0,0,0,0,0,2.29842901,0.187588975,88.3578033,0.957345963,1.24942029,4.17859983,418.9534,69.4898987,4.08850002,0.0250000004,50,1,0.119999997,0.550000012,0.0133333337
SL3_rand_15_r0,0,653,2.55999994,2,1.38979805,4.17859983,0.0289999992,0.0189999994,0.0217286367,0.0217125174,0,1.38979805,6,2.5,7.7304101,0,0,0,0,0,2.29842901,0.187588975,88.3578033,0.957345963,1.24942029,4.17859983,418.9534,69.4898987,4.08850002,0.0250000004,50,1,0.119999997,0.550000012,0.0133333337
SL3_rand_15_r0,0,654,2.57333326,2,1.38979805,4.17859983,0.0286666658,0.018666666,0.0216086973,0.021498045,0,1.38979805,6,2.5,7.7304101,0,0,0,0,0,2.29842901,0.187588975,88.3578033,0.957345963,1.24942029,4.17859983,418.9534,69.4898987,4.08850002,0.0250000004,50,1,0.119999997,0.550000012,0.0133333337
SL3_rand_15_r0,0,655,2.58666658,2,1.38979805,4.17859983,0.0283333343,0.0183333326,0.02121526,0.0210334994,0,1.38979805,6,2.5,7.7304101,0,0,0,0,0,2.29842901,0.187588975,88.3578033,0.957345963,1.24942029,4.17859983,418.9534,69.4898987,4.08850002,0.0250000004,50,1,0.119999997,0.550000012,0.0133333337
SL3_rand_15_r0,0,656,2.5999999,2,1.38979805,4.17859983,0.0280000009,0.0179999992,0.0213153195,0.0208296217,0,1.38979805,6,2.5,7.7304101,0,0,0,0,0,2.29842901,0.187588975,88.3578033,0.957345963,1.24942029,4.17859983,418.9534,69.4898987,4.08850002,0.0250000004,50,1,0.119999997,0.550000012,0.0133333337
SL3_rand_15_r0,0,657,2.61333323,2,1.38979805,4.17859983,0.0276666675,0.0176666658,0.0209788885,0.0204328671,0,1.38979805,6,2.5,7.7304101,0,0,0,0,0,2.29842901,0.187588975,88.3578033,0.957345963,1.24942029,4.17859983,418.9534,69.4898987,4.08850002,0.0250000004,50,1,0.119999997,0.550000012,0.0133333337
SL3_rand_15_r0,0,658,2.62666678,2,1.38979805,4.17859983,0.0273333341,0.0173333324,0.0202802327,0.0201391242,0,1.38979805,6,2.5,7.7304101,0,0,0,0,0,2.29842901,0.187588975,88.3578033,0.957345963,1.24942029,4.17859983,418.9534,69.4898987,4.08850002,0.0250000004,50,1,0.119999997,0.550000012,0.0133333337
SL3_rand_15_r0,0,659,2.6400001,2,1.38979805,4.17859983,0.0270000007,0.0170000009,0.0199748017,0.0197589826,0,1.38979805,6,2.5,7.7304101,0,0,0,0,0,2.29842901,0.187588975,88.3578033,0.957345963,1.24942029,4.17859983,418.9534,69.4898987,4.08850002,0.0250000004,50,1,0.119999997,0.550000012,0.0133333337
SL3_rand_15_r0,0,660,2.65333343,2,1.38979805,4.17859983,0.0266666673,0.0166666675,0.0194757786,0.0194733702,0,1.38979805,6,2.5,7.7304101,0,0,0,0,0,2.29842901,0.187588975,88.3578033,0.957345963,1.24942029,4.17859983,418.9534,69.4898987,4.08850002,0.0250000004,50,1,0.119999997,0.550000012,0.0133333337
SL3_rand_15_r0,0,661,2.66666675,2,1.38979805,4.17859983,0.0263333339,0.0163333341,0.0192276854,0.0190864317,0,1.38979805,6,2.5,7.7304101,0,0,0,0,0,2.29842901,0.187588975,88.3578033,0.957345963,1.24942029,4.17859983,418.9534,69.4898987,4.08850002,0.0250000004,50,1,0.119999997,0.550000012,0.0133333337
SL3_rand_15_r0,0,662,2.68000007,2,1.38979805,4.17859983,0.0260000005,0.0160000008,0.0189427491,0.0186413936,0,1.38979805,6,2.5,7.7304101,0,0,0,0,0,2.29842901,0.187588975,88.3578033,0.957345963,1.24942029,4.17859983,418.9534,69.4898987,4.08850002,0.0250000004,50,1,0.119999997,0.550000012,0.0133333337
SL3_rand_15_r0,0,663,2.69333339,2,1.38979805,4.17859983,0.0256666671,0.0156666674,0.0187577847,0.0184158664,0,1.38979805,6,2.5,7.7304101,0,0,0,0,0,2.29842901,0.187588975,88.3578033,0.957345963,1.24942029,4.17859983,418.9534,69.4898987,4.08850002,0.0250000004,50,1,0.119999997,0.550000012,0.0133333337
SL3_rand_15_r0,0,664,2.70666671,2,1.38979805,4.17859983,0.0253333338,0.0153333331,0.0185864214,0.0179635603,0,1.38979805,6,2.5,7.7304101,0,0,0,0,0,2.29842901,0.187588975,88.3578033,0.957345963,1.24942029,4.17859983,418.9534,69.4898987,4.08850002,0.0250000004,50,1,0.119999997,0.550000012,0.0133333337
SL3_rand_15_r0,0,665,2.72000003,2,1.38979805,4.17859983,0.0250000004,0.0149999997,0.0183954146,0.017729219,0,1.38979805,6,2.5,7.7304101,0,0,0,0,0,2.29842901,0.187588975,88.3578033,0.957345963,1.24942029,4.17859983,418.9534,69.4898987,4.08850002,0.0250000004,50,1,0.119999997,0.550000012,0.0133333337
SL3_rand_15_r0,0,666,2.73333335,2,1.38979805,4.17859983,0.024666667,0.0146666663,0.0178320576,0.017563682,0,1.38979805,6,2.5,7.7304101,0,0,0,0,0,2.29842901,0.187588975,88.3578033,0.957345963,1.24942029,4.17859983,418.9534,69.4898987,4.08850002,0.0250000004,50,1,0.119999997,0.550000012,0.0133333337
SL3_rand_15_r0,0,667,2.74666667,2,1.38979805,4.17859983,0.0243333336,0.0143333329,0.017337501,0.0170657393,0,1.38979805,6,2.5,7.7304101,0,0,0,0,0,2.29842901,0.187588975,88.3578033,0.957345963,1.24942029,4.17859983,418.9534,69.4898987,4.08850002,0.0250000004,50,1,0.119999997,0.550000012,0.0133333337
SL3_rand_15_r0,0,668,2.75999999,2,1.38979805,4.17859983,0.0240000002,0.0140000004,0.0170368478,0.0169057902,0,1.38979805,6,2.5,7.7304101,0,0,0,0,0,2.29842901,0.187588975,88.3578033,0.957345963,1.24942029,4.17859983,418.9534,69.4898987,4.08850002,0.0250000004,50,1,0.119999997,0.550000012,0.0133333337
SL3_rand_15_r0,0,669,2.77333331,2,1.38979805,4.17859983,0.0236666668,0.013666667,0.0165355243,0.0164005235,0,1.38979805,6,2.5,7.7304101,0,0,0,0,0,2.29842901,0.187588975,88.3578033,0.957345963,1.24942029,4.17859983,418.9534,69.4898987,4.08850002,0.0250000004,50,1,0.119999997,0.550000012,0.0133333337
SL3_rand_15_r0,0,670,2.78666663,2,1.38979805,4.17859983,0.0233333334,0.0133333337,0.016518591,0.0162475631,0,1.38979805,6,2.5,7.7304101,0,0,0,0,0,2.29842901,0.187588975,88.3578033,0.957345963,1.24942029,4.17859983,418.9534,69.4898987,4.08850002,0.0250000004,50,1,0.119999997,0.550000012,0.0133333337
SL3_rand_15_r0,0,671,2.79999995,2,1.38979805,4.17859983,0.023,0.0130000003,0.0160172321,0.0157355461,0,1.38979805,6,2.5,7.7304101,0,0,0,0,0,2.29842901,0.187588975,88.3578033,0.957345963,1.24942029,4.17859983,418.9534,69.4898987,4.08850002,0.0250000004,50,1,0.119999997,0.550000012,0.0133333337
SL3_rand_15_r0,0,672,2.81333327,2,1.38979805,4.17859983,0.0226666667,0.0126666669,0.0161500182,0.0159744993,0,1.38979805,6,2.5,7.7304101,0,0,0,0,0,2.29842901,0.187588975,88.3578033,0.957345963,1.24942029,4.17859983,418.9534,69.4898987,4.08850002,0.0250000004,50,1,0.119999997,0.550000012,0.0133333337
SL3_rand_15_r0,0,673,2.82666659,2,1.38979805,4.17859983,0.0223333333,0.0123333335,0.0156176519,0.0150556881,0,1.38979805,6,2.5,7.7304101,0,0,0,0,0,2.29842901,0.187588975,88.3578033,0.957345963,1.24942029,4.17859983,418.9534,69.4898987,4.08850002,0.0250000004,50,1,0.119999997,0.550000012,0.0133333337
SL3_rand_15_r0,0,674,2.83999991,2,1.38979805,4.17859983,0.0219999999,0.0120000001,0.0154206688,0.0152918389,0,1.38979805,6,2.5,7.7304101,0,0,0,0,0,2.29842901,0.187588975,88.3578033,0.957345963,1.24942029,4.17859983,418.9534,69.4898987,4.08850002,0.0250000004,50,1,0.119999997,0.550000012,0.0133333337
SL3_rand_15_r0,0,675,2.85333323,2,1.38979805,4.17859983,0.0216666665,0.0116666667,0.0147345718,0.0144936405,0,1.38979805,6,2.5,7.7304101,0,0,0,0,0,2.29842901,0.187588975,88.3578033,0.957345963,1.24942029,4.17859983,418.9534,69.4898987,4.08850002,0.0250000004,50,1,0.119999997,0.550000012,0.0133333337
SL3_rand_15_r0,0,676,2.86666656,2,1.38979805,4.17859983,0.0213333331,0.0113333333,0.0146818468,0.0140283238,0,1.38979805,6,2.5,7.7304101,0,0,0,0,0,2.29842901,0.187588975,88.3578033,0.957345963,1.24942029,4.17859983,418.9534,69.4898987,4.08850002,0.0250000004,50,1,0.119999997,0.550000012,0.0133333337
SL3_rand_15_r0,0,677,2.88000011,2,1.38979805,4.17859983,0.0209999997,0.0109999999,0.013839582,0.0138279255,0,1.38979805,6,2.5,7.7304101,0,0,0,0,0,2.29842901,0.187588975,88.3578033,0.957345963,1.24942029,4.17859983,418.9534,69.4898987,4.08850002,0.0250000004,50,1,0.119999997,0.550000012,0.0133333337
SL3_rand_15_r0,0,678,2.89333344,2,1.38979805,4.17859983,0.0206666663,0.0106666666,0.0134952934,0.0133349774,0,1.38979805,6,2.5,7.7304101,0,0,0,0,0,2.29842901,0.187588975,88.3578033,0.957345963,1.24942029,4.17859983,418.9534,69.4898987,4.08850002,0.0250000004,50,1,0.119999997,0.550000012,0.0133333337
SL3_rand_15_r0,0,679,2.90666676,2,1.38979805,4.17859983,0.0203333329,0.0103333332,0.0132723758,0.0130931484,0,1.38979805,6,2.5,7.7304101,0,0,0,0,0,2.29842901,0.187588975,88.3578033,0.957345963,1.24942029,4.17859983,418.9534,69.4898987,4.08850002,0.0250000004,50,1,0.119999997,0.550000012,0.0133333337
SL3_rand_15_r0,0,680,2.92000008,2,1.38979805,4.17859983,0.0199999996,0.00999999978,0.0127153313,0.0126497634,0,1.38979805,6,2.5,7.7304101,0,0,0,0,0,2.29842901,0.187588975,88.3578033,0.957345963,1.24942029,4.17859983,418.9534,69.4898987,4.08850002,0.0250000004,50,1,0.119999997,0.550000012,0.0133333337
SL3_rand_15_r0,0,681,2.9333334,2,1.38979805,4.17859983,0.0196666662,0.00966666639,0.0129497461,0.012421702,0,1.38979805,6,2.5,7.7304101,0,0,0,0,0,2.29842901,0.187588975,88.3578033,0.957345963,1.24942029,4.17859983,418.9534,69.4898987,4.08850002,0.0250000004,50,1,0.119999997,0.550000012,0.0133333337
SL3_rand_15_r0,0,682,2.94666672,2,1.38979805,4.17859983,0.0193333328,0.009333333,0.0124010136,0.0119732516,0,1.38979805,6,2.5,7.7304101,0,0,0,0,0,2.29842901,0.187588975,88.3578033,0.957345963,1.24942029,4.17859983,418.9534,69.4898987,4.08850002,0.0250000004,50,1,0.119999997,0.550000012,0.0133333337
SL3_rand_15_r0,0,683,2.96000004,2,1.38979805,4.17859983,0.0189999994,0.00899999961,0.0124233523,0.012323847,0,1.38979805,6,2.5,7.7304101,0,0,0,0,0,2.29842901,0.187588975,88.3578033,0.957345963,1.24942029,4.17859983,418.9534,69.4898987,4.08850002,0.0250000004,50,1,0.119999997,0.550000012,0.0133333337
SL3_rand_15_r0,0,684,2.97333336,2,1.38979805,4.17859983,0.018666666,0.00866666622,0.0119408788,0.0113823554,0,1.38979805,6,2.5,7.7304101,0,0,0,0,0,2.29842901,0.187588975,88.3578033,0.957345963,1.24942029,4.17859983,418.9534,69.4898987,4.08850002,0.0250000004,50,1,0.119999997,0.550000012,0.0133333337
SL3_rand_15_r0,0,685,2.98666668,2,1.38979805,4.17859983,0.0183333326,0.00833333377,0.0113899978,0.0110760638,0,1.38979805,6,2.5,7.7304101,0,0,0,0,0,2.29842901,0.187588975,88.3578033,0.957345963,1.24942029,4.17859983,418.9534,69.4898987,4.08850002,0.0250000004,50,1,0.119999997,0.550000012,0.0133333337
SL3_rand_15_r0,0,686,3,2,1.38979805,4.17859983,0.0179999992,0.00800000038,0.0107896375,0.0107068215,0,1.38979805,6,2.5,7.7304101,0,0,0,0,0,2.29842901,0.187588975,88.3578033,0.957345963,1.24942029,4.17859983,418.9534,69.4898987,4.08850002,0.0250000004,50,1,0.119999997,0.550000012,0.0133333337
SL3_rand_15_r0,0,687,3.01333332,3,1.38979805,4.17859983,0.0176666658,0.00766666653,0.0103896894,0.0102713248,0,1.38979805,6,2.5,7.7304101,0,0,0,0,0,3.36161137,0.133801565,89.5934982,0.971563995,1.62762702,4.17859983,418.9534,69.4898987,4.08850002,0.0250000004,50,1,0.119999997,0.550000012,0.0133333337
SL3_rand_15_r0,0,688,3.02666664,3,1.38979805,4.17859983,0.0173333324,0.00733333314,0.0100912862,0.010037899,0,1.38979805,6,2.5,7.7304101,0,0,0,0,0,3.36161137,0.133801565,89.5934982,0.971563995,1.62762702,4.17859983,418.9534,69.4898987,4.08850002,0.0250000004,50,1,0.119999997,0.550000012,0.0133333337
SL3_rand_15_r0,0,689,3.03999996,3,1.48226833,4.17859983,0.0170000009,0.00700000022,0.00977445766,0.00959869567,0.000401304249,1.55792582,6,2.5,7.7304101,0,0,0,0,0,3.36161137,0.133801565,89.5934982,0.971563995,1.62762702,4.17859983,418.9534,69.4898987,4.08850002,0.0250000004,50,1,0.119999997,0.550000012,0.0133333337
SL3_rand_15_r0,0,690,3.05333328,3,1.57503104,4.17859983,0.0166666675,0.00666666683,0.00992935337,0.00937670935,0.000623290718,1.65092778,6,2.5,7.7304101,0,0,0,0,0,3.36161137,0.133801565,89.5934982,0.971563995,1.62762702,4.17859983,418.9534,69.4898987,4.08850002,0.0250000004,50,1,0.119999997,0.550000012,0.0133333337
SL3_rand_15_r0,0,691,3.0666666,3,1.71819937,4.17859983,0.0163333341,0.00633333344,0.00976397563,0.00893654302,0.00106345746,1.83533704,6,2.5,7.7304101,0,0,0,0,0,3.36161137,0.133801565,89.5934982,0.971563995,1.62762702,4.17859983,418.9534,69.4898987,4.08850002,0.0250000004,50,1,0.119999997,0.550000012,0.0133333337
SL3_rand_15_r0,0,692,3.07999992,3,1.76118267,4.17859983,0.0160000008,0.00600000005,0.00929871947,0.00902959891,0.000970401277,1.79635096,6,2.5,7.7304101,0,0,0,0,0,3.36161137,0.133801565,89.5934982,0.971563995,1.62762702,4.17859983,418.9534,69.4898987,4.08850002,0.0250000004,50,1,0.119999997,0.550000012,0.0133333337
SL3_rand_15_r0,0,693,3.09333324,3,1.9438535,4.17859983,0.0156666674,0.00566666666,0.00940987095,0.0083207842,0.00167921628,2.09331131,6,2.5,7.7304101,0,0,0,0,0,3.36161137,0.133801565,89.5934982,0.971563995,1.62762702,4.17859983,418.9534,69.4898987,4.08850002,0.0250000004,50,1,0.119999997,0.550000012,0.0133333337
SL3_rand_15_r0,0,694,3.10666656,3,2.0977695,4.17859983,0.0153333331,0.00533333328,0.00819033291,0.00800955668,0.00199044333,2.223701,6,2.5,7.7304101,0,0,0,0,0,3.36161137,0.133801565,89.5934982,0.971563995,1.62762702,4.17859983,418.9534,69.4898987,4.08850002,0.0250000004,50,1,0.119999997,0.550000012,0.0133333337
SL3_rand_15_r0,0,695,3.11999989,3,2.24733853,4.17859983,0.0149999997,0.00499999989,0.00833173282,0.00766104087,0.00233895937,2.36971307,6,2.5,7.7304101,0,0,0,0,0,3.36161137,0.133801565,89.5934982,0.971563995,1.62762702,4.17859983,418.9534,69.4898987,4.08850002,0.0250000004,50,1,0.119999997,0.550000012,0.0133333337
SL3_rand_15_r0,0,696,3.13333344,3,2.3852725,4.17859983,0.0146666663,0.0046666665,0.00740618678,0.00735452725,0.00264547253,2.4981277,6,2.5,7.7304101,1,0,0,0,0,3.36161137,0.133801565,89.5934982,0.971563995,1.62762702,4.17859983,418.9534,69.4898987,4.08850002,0.0250000004,50,1,0.119999997,0.550000012,0.0133333337
SL3_rand_15_r0,0,697,3.14666677,3,2.37495947,4.17859983,0.0143333329,0.00433333311,0.00769691309,0.00766865816,0.00233134185,2.3665216,6,2.5,7.7304101,1,0,0,0,0,3.36161137,0.133801565,89.5934982,0.971563995,1.62762702,4.17859983,418.9534,69.4898987,4.08850002,0.0250000004,50,1,0.119999997,0.550000012,0.0133333337
SL3_rand_15_r0,0,698,3.16000009,3,2.53929067,4.17859983,0.0140000004,0.00400000019,0.00708569307,0.00693535013,0.00306465011,2.67374349,6,2.5,7.7304101,1,1,0,1,0,3.36161137,0.133801565,89.5934982,0.971563995,1.62762702,4.17859983,418.9534,69.4898987,4.08850002,0.0250000004,50,1,0.119999997,0.550000012,0.0133333337
SL3_rand_15_r0,0,699,3.4870801,3,2.67141294,4.17859983,0.013666667,0.00366666657,0.00684753899,0.00668288954,0.00331711047,2.77951264,6,2.5,7.7304101,1,1,0,2,0,3.36161137,0.133801565,89.5934982,0.971563995,1.62762702,4.17859983,418.9534,69.4898987,4.08850002,0.0250000004,50,1,0.119999997,0.550000012,0.0133333337
SL3_rand_15_r0,0,700,3.81416011,3,2.89206433,4.17859983,0.0133333337,0.00333333341,0.00679730857,0.00598332565,0.00401667412,3.07259727,6,2.5,7.7304101,1,1,0,3,0,3.36161137,0.133801565,89.5934982,0.971563995,1.62762702,4.17859983,418.9534,69.4898987,4.08850002,0.0250000004,50,1,0.119999997,0.550000012,0.0133333337
SL3_rand_15_r0,0,701,4.14124012,4,3.07197189,4.17859983,0.0130000003,0.00300000003,0.00619766535,0.00563347386,0.00436652638,3.21916914,6,2.5,7.7304101,1,1,0,4,0,4.93631792,-0.286530286,89.4188995,0.924170613,4.44949293,4.17859983,418.9534,69.4898987,4.08850002,0.0250000004,50,1,0.119999997,0.550000012,0.0133333337
SL3_rand_15_r0,0,702,4.46831989,4,3.11039138,4.17859983,0.0126666669,0.00266666664,0.00616450608,0.00581808528,0.0041819145,3.14182544,6,2.5,7.7304101,1,1,0,5,0,4.93631792,-0.286530286,89.4188995,0.924170613,4.44949293,4.17859983,418.9534,69.4898987,4.08850002,0.0250000004,50,1,0.119999997,0.550000012,0.0133333337
SL3_rand_15_r0,0,703,4.79540014,4,3.41965961,4.17859983,0.0124002947,0.00240029441,0.00490980409,0.00455094734,0.0054490529,3.67269707,6,2.5,7.7304101,1,1,0,6,0,4.93631792,-0.286530286,89.4188995,0.924170613,4.44949293,4.17859983,418.9534,69.4898987,4.08850002,0.0250000004,50,1,0.119999997,0.550000012,0.0133333337
SL3_rand_15_r0,0,704,5.12247992,5,3.51343226,4.17859983,0.0121711297,0.00217113015,0.00456141494,0.0040815752,0.00591842504,3.5901556,6,2.5,7.7304101,1,1,0,7,0,5.66856956,0.108049065,88.8819504,0.767772496,7.53363371,4.17859983,418.9534,69.4898987,4.08850002,0.0250000004,50,1,0.119999997,0.550000012,0.0133333337
SL3_rand_15_r0,0,705,5.44956017,5,3.5233171,4.17859983,0.0120000001,0.00200000009,0.00429053186,0.00385151431,0.00614848547,3.53140473,6,2.5,7.7304101,1,1,0,8,0,5.66856956,0.108049065,88.8819504,0.767772496,7.53363371,4.17859983,418.9534,69.4898987,4.08850002,0.0250000004,50,1,0.119999997,0.550000012,0.0133333337
SL3_rand_15_r0,0,706,5.77663994,5,3.64203405,4.17859983,0.0120000001,0.00200000009,0.00393158803,0.00326656736,0.00673343241,3.73916602,6,2.5,7.7304101,1,1,0,9,0,5.66856956,0.108049065,88.8819504,0.767772496,7.53363371,4.17859983,418.9534,69.4898987,4.08850002,0.0250000004,50,1,0.119999997,0.550000012,0.0133333337
SL3_rand_15_r0,0,707,6.10372019,6,3.69865894,4.17859983,0.0120000001,0.00200000009,0.00309767923,0.00290964637,0.00709035387,3.7449882,6,2.5,7.7304101,1,1,0,10,0,1.44182336,0.112374276,89.9894485,1.04265404,176.575317,4.17859983,418.9534,69.4898987,4.08850002,0.0250000004,50,1,0.119999997,0.550000012,0.0133333337
SL3_rand_15_r0,0,708,6.43079996,6,3.60061836,4.17859983,0.0120000001,0.00200000009,0.00341849239,0.00323200249,0.00676799752,3.52040339,6,2.5,7.7304101,1,1,0,11,0,1.44182336,0.112374276,89.9894485,1.04265404,176.575317,4.17859983,418.9534,69.4898987,4.08850002,0.0250000004,50,1,0.119999997,0.550000012,0.0133333337
SL3_rand_15_r0,0,709,6.75788021,6,3.75736403,4.17859983,0.0120000001,0.00200000009,0.00278167007,0.00259569753,0.00740430271,3.88561058,6,2.5,7.7304101,1,1,0,12,0,1.44182336,0.112374276,89.9894485,1.04265404,176.575317,4.17859983,418.9534,69.4898987,4.08850002,0.0250000004,50,1,0.119999997,0.550000012,0.0133333337
SL3_rand_15_r0,0,710,7.08495998,7,3.78631711,4.17859983,0.0120000001,0.00200000009,0.00278744963,0.00238208123,0.00761791877,3.8100059,6,2.5,7.7304101,1,1,0,13,0,0.000491816958,-1.90483809,87.3423538,1.03317535,0.571740508,4.17859983,418.9534,69.4898987,4.08850002,0.0250000004,50,1,0.119999997,0.550000012,0.0133333337
SL3_rand_15_r0,0,711,7.41204023,7,3.65205717,4.17859983,0.0120000001,0.00200000009,0.00306644314,0.00287556974,0.0071244305,3.54220819,6,2.5,7.7304101,1,1,0,14,0,0.000491816958,-1.90483809,87.3423538,1.03317535,0.571740508,4.17859983,418.9534,69.4898987,4.08850002,0.0250000004,50,1,0.119999997,0.550000012,0.0133333337
SL3_rand_15_r0,0,712,7.73912001,7,3.81071663,4.17859983,0.0120000001,0.00200000009,0.00228255684,0.00227168272,0.00772831729,3.94052887,6,2.5,7.7304101,1,1,0,15,0,0.000491816958,-1.90483809,87.3423538,1.03317535,0.571740508,4.17859983,418.9534,69.4898987,4.08850002,0.0250000004,50,1,0.119999997,0.550000012,0.0133333337
SL3_rand_15_r0,0,713,8.06620026,8,3.92926884,4.17859983,0.0120000001,0.00200000009,0.00200305879,0.00168624579,0.00831375457,4.0262661,6,2.5,7.7304101,1,1,0,16,0,-0.276460409,-1.581128,86.7917709,1.00947869,1.53617322,4.17859983,418.9534,69.4898987,4.08850002,0.0250000004,50,1,0.119999997,0.550000012,0.0133333337
SL3_rand_15_r0,0,714,8.39328003,8,3.95027685,4.17859983,0.0120000001,0.00200000009,0.0025693886,0.00143540301,0.008564597,3.9674654,6,2.5,7.7304101,1,1,0,17,0,-0.276460409,-1.581128,86.7917709,1.00947869,1.53617322,4.17859983,418.9534,69.4898987,4.08850002,0.0250000004,50,1,0.119999997,0.550000012,0.0133333337
SL3_rand_15_r0,0,715,8.7203598,8,3.9331553,4.17859983,0.0120000001,0.00200000009,0.00153178128,0.00142746116,0.00857253931,3.91914654,6,2.5,7.7304101,1,1,0,18,0,-0.276460409,-1.581128,86.7917709,1.00947869,1.53617322,4.17859983,418.9534,69.4898987,4.08850002,0.0250000004,50,1,0.119999997,0.550000012,0.0133333337
SL3_rand_15_r0,0,716,9.04743958,9,4.09345388,4.17859983,0.0120000001,0.00200000009,0.00179911323,0.000725141668,0.00927485805,4.22460794,6,2.5,7.7304101,1,1,0,19,0,-0.235249907,-4.97830439,87.4095154,0.952606618,0.680237293,4.17859983,418.9534,69.4898987,4.08850002,0.0250000004,50,1,0.119999997,0.550000012,0.0133333337
SL3_rand_15_r0,0,717,9.3745203,9,3.85163021,4.17859983,0.0120000001,0.00200000009,0.00179781218,0.00164899381,0.00835100655,3.6537745,6,2.5,7.7304101,1,1,0,20,0,-0.235249907,-4.97830439,87.4095154,0.952606618,0.680237293,4.17859983,418.9534,69.4898987,4.08850002,0.0250000004,50,1,0.119999997,0.550000012,0.0133333337
SL3_rand_15_r0,0,718,9.70160007,9,4.09809494,4.17859983,0.0120000001,0.00200000009,0.000830222911,0.000702510821,0.00929748919,4.29974842,6,2.5,7.7304101,1,1,0,21,0,-0.235249907,-4.97830439,87.4095154,0.952606618,0.680237293,4.17859983,418.9534,69.4898987,4.08850002,0.0250000004,50,1,0.119999997,0.550000012,0.0133333337
SL3_rand_15_r0,0,719,10.0286798,10,4.16730213,4.17859983,0.0120000001,0.00200000009,0.00148175808,0.000301388704,0.00969861168,4.22392607,6,2.5,7.7304101,1,1,0,22,0,2.54290223,-0.149301633,87.0909958,1.05687201,3.23542881,4.17859983,418.9534,69.4898987,4.08850002,0.0250000004,50,1,0.119999997,0.550000012,0.0133333337
SL3_rand_15_r0,0,720,10.3557596,10,3.91949058,4.17859983,0.0120000001,0.00200000009,0.00243543624,0.00122366741,0.00877633225,3.7167356,6,2.5,7.7304101,1,1,0,23,0,2.54290223,-0.149301633,87.0909958,1.05687201,3.23542881,4.17859983,418.9534,69.4898987,4.08850002,0.0250000004,50,1,0.119999997,0.550000012,0.0133333337
SL3_rand_15_r0,0,721,10.6828403,10,4.1569705,4.17859983,0.0120000001,0.00200000009,0.000535277941,0.000346093439,0.00965390634,4.35127211,6,2.5,7.7304101,1,1,0,24,0,2.54290223,-0.149301633,87.0909958,1.05687201,3.23542881,4.17859983,418.9534,69.4898987,4.08850002,0.0250000004,50,1,0.119999997,0.550000012,0.0133333337
SL3_rand_15_r0,0,722,11.0099201,11,3.99356103,4.17859983,0.0120000001,0.00200000009,0.000976195501,0.000968711101,0.00903128926,3.85986233,6,2.5,7.7304101,1,1,0,25,0,3.47281599,-0.0345037654,88.2762146,1.04265404,3.28208613,4.17859983,418.9534,69.4898987,4.08850002,0.0250000004,50,1,0.119999997,0.550000012,0.0133333337
SL3_rand_15_r0,0,723,11.3369999,11,4.18641949,4.17859983,0.0120000001,0.00200000009,0.00153538014,0.000172626722,0.00982737355,4.34421253,6,2.5,7.7304101,1,1,0,26,0,3.47281599,-0.0345037654,88.2762146,1.04265404,3.28208613,4.17859983,418.9534,69.4898987,4.08850002,0.0250000004,50,1,0.119999997,0.550000012,0.0133333337
SL3_rand_15_r0,0,724,11.6640797,11,4.16410637,4.17859983,0.0120000001,0.00200000009,0.000224654068,0.000172957298,0.00982704293,4.14585018,6,2.5,7.7304101,1,1,0,27,0,3.47281599,-0.0345037654,88.2762146,1.04265404,3.28208613,4.17859983,418.9534,69.4898987,4.08850002,0.0250000004,50,1,0.119999997,0.550000012,0.0133333337
SL3_rand_15_r0,0,725,11.9911604,11,3.90724564,4.17859983,0.0120000001,0.00200000009,0.00151234143,0.00122693693,0.00877306331,3.69708681,6,2.5,7.7304101,1,1,0,28,0,3.47281599,-0.0345037654,88.2762146,1.04265404,3.28208613,4.17859983,418.9534,69.4898987,4.08850002,0.0250000004,50,1,0.119999997,0.550000012,0.0133333337
SL3_rand_15_r0,0,726,12.3182402,12,4.23897886,4.17859983,0.0120040653,0.00200406532,0.000394462113,-7.14261751e-06,0.010007143,4.51039648,6,2.5,7.7304101,1,1,0,29,0,1.58282137,-0.874545217,86.7375031,1.03791463,2.2501452,4.17859983,418.9534,69.4898987,4.08850002,0.0250000004,50,1,0.119999997,0.550000012,0.0133333337
SL3_rand_15_r0,0,727,12.6453199,12,4.34837627,4.17859983,0.0120519027,0.00205190293,0.000790654565,-0.00063324353,0.0106332432,4.43788338,6,2.5,7.7304101,1,1,0,30,0,1.58282137,-0.874545217,86.7375031,1.03791463,2.2501452,4.17859983,418.9534,69.4898987,4.08850002,0.0250000004,50,1,0.119999997,0.550000012,0.0133333337
SL3_rand_15_r0,0,728,12.9723997,12,4.02728844,4.17859983,0.0120178452,0.00201784493,0.00125625404,0.00053824659,0.00946175307,3.76457977,6,2.5,7.7304101,1,1,0,31,0,1.58282137,-0.874545217,86.7375031,1.03791463,2.2501452,4.17859983,418.9534,69.4898987,4.08850002,0.0250000004,50,1,0.119999997,0.550000012,0.0133333337
SL3_rand_15_r0,0,729,13.2994804,13,4.07850838,4.17859983,0.0120000001,0.00200000009,0.000537262764,0.000503921765,0.0094960779,4.12041616,6,2.5,7.7304101,1,1,0,32,0,0.809388578,-1.4872812,84.6186295,1.05687201,5.06781673,4.17859983,418.9534,69.4898987,4.08850002,0.0250000004,50,1,0.119999997,0.550000012,0.0133333337
SL3_rand_15_r0,0,730,13.6265602,13,4.2862463,4.17859983,0.0120243216,0.00202432182,0.0013725945,-0.000303350826,0.0103033511,4.45621347,6,2.5,7.7304101,1,1,0,33,0,0.809388578,-1.4872812,84.6186295,1.05687201,5.06781673,4.17859983,418.9534,69.4898987,4.08850002,0.0250000004,50,1,0.119999997,0.550000012,0.0133333337
SL3_rand_15_r0,0,731,13.95364,13,4.25832653,4.17859983,0.0120505216,0.00205052178,0.000599094958,-0.000351725612,0.0103517259,4.23548365,6,2.5,7.7304101,1,1,0,34,0,0.809388578,-1.4872812,84.6186295,1.05687201,5.06781673,4.17859983,418.9534,69.4898987,4.08850002,0.0250000004,50,1,0.119999997,0.550000012,0.0133333337
SL3_rand_15_r0,0,732,14.2807198,14,4.12790251,4.17859983,0.012040806,0.00204080576,0.000856806,0.000141076831,0.00985892303,4.0211916,6,2.5,7.7304101,1,1,0,35,0,-0.701371372,-3.92919755,84.9847336,1.04265404,1.82795691,4.17859983,418.9534,69.4898987,4.08850002,0.0250000004,50,1,0.119999997,0.550000012,0.0133333337
SL3_rand_15_r0,0,733,14.6077995,14,4.1120882,4.17859983,0.0120207109,0.00202071085,0.00190792058,0.000312431453,0.00968756899,4.0991497,6,2.5,7.7304101,1,1,0,36,0,-0.701371372,-3.92919755,84.9847336,1.04265404,1.82795691,4.17859983,418.9534,69.4898987,4.08850002,0.0250000004,50,1,0.119999997,0.550000012,0.0133333337
SL3_rand_15_r0,0,734,14.9348803,14,4.3759985,4.17859983,0.0120721944,0.00207219459,0.00109500892,-0.000760485069,0.0107604852,4.59192467,6,2.5,7.7304101,1,1,0,37,0,-0.701371372,-3.92919755,84.9847336,1.04265404,1.82795691,4.17859983,418.9534,69.4898987,4.08850002,0.0250000004,50,1,0.119999997,0.550000012,0.0133333337
SL3_rand_15_r0,0,735,15.26196,15,4.31502581,4.17859983,0.0121186711,0.00211867131,0.00071232114,-0.000692824367,0.0106928246,4.2651391,6,2.5,7.7304101,1,1,0,38,0,3.95066166,0.0964907929,85.0983887,1.04265404,7.8262887,4.17859983,418.9534,69.4898987,4.08850002,0.0250000004,50,1,0.119999997,0.550000012,0.0133333337
SL3_rand_15_r0,0,736,15.5890398,15,4.09915161,4.17859983,0.0121043483,0.0021043485,0.00144486339,0.000174785135,0.00982521474,3.92252755,6,2.5,7.7304101,1,1,0,39,0,3.95066166,0.0964907929,85.0983887,1.04265404,7.8262887,4.17859983,418.9534,69.4898987,4.08850002,0.0250000004,50,1,0.119999997,0.550000012,0.0133333337
SL3_rand_15_r0,0,737,15.9161196,15,4.18137789,4.17859983,0.0121027334,0.00210273312,0.00118592195,1.42610952e-06,0.00999857392,4.24865389,6,2.5,7.7304101,1,1,0,40,0,3.95066166,0.0964907929,85.0983887,1.04265404,7.8262887,4.17859983,418.9534,69.4898987,4.08850002,0.0250000004,50,1,0.119999997,0.550000012,0.0133333337
SL3_rand_15_r0,0,738,16.2432003,16,4.39755821,4.17859983,0.0121632852,0.00216328562,0.00167985668,-0.00090263848,0.0109026385,4.57443285,6,2.5,7.7304101,1,1,0,41,0,0.353537947,-0.954769909,78.5530319,1.06161141,0.155646145,4.17859983,418.9534,69.4898987,4.08850002,0.0250000004,50,1,0.119999997,0.550000012,0.0133333337
SL3_rand_15_r0,0,739,16.5702801,16,4.14665461,4.17859983,0.0121645043,0.00216450403,0.00138579728,-1.02709564e-05,0.0100102713,3.94136977,6,2.5,7.7304101,1,1,0,42,0,0.353537947,-0.954769909,78.5530319,1.06161141,0.155646145,4.17859983,418.9534,69.4898987,4.08850002,0.0250000004,50,1,0.119999997,0.550000012,0.0133333337
SL3_rand_15_r0,0,740,16.8973598,16,4.09300518,4.17859983,0.0121409306,0.00214093062,0.000569194264,0.000323052955,0.00967694726,4.04910994,6,2.5,7.7304101,1,1,0,43,0,0.353537947,-0.954769909,78.5530319,1.06161141,0.155646145,4.17859983,418.9534,69.4898987,4.08850002,0.0250000004,50,1,0.119999997,0.550000012,0.0133333337
SL3_rand_15_r0,0,741,17.2244396,17,4.29548788,4.17859983,0.012169471,0.00216947054,0.00184229726,-0.000413734058,0.0104137342,4.46115589,6,2.5,7.7304101,1,1,0,44,0,-0.260834157,-2.20591474,78.3974762,1.08530807,0.40629825,4.17859983,418.9534,69.4898987,4.08850002,0.0250000004,50,1,0.119999997,0.550000012,0.0133333337
SL3_rand_15_r0,0,742,17.5515194,17,4.30161858,4.17859983,0.0122083994,0.00220839912,0.000744469406,-0.000563534675,0.0105635347,4.30663443,6,2.5,7.7304101,1,1,0,45,0,-0.260834157,-2.20591474,78.3974762,1.08530807,0.40629825,4.17859983,418.9534,69.4898987,4.08850002,0.0250000004,50,1,0.119999997,0.550000012,0.0133333337
SL3_rand_15_r0,0,743,17.8785992,17,4.04456615,4.17859983,0.0121776555,0.00217765546,0.00138632115,0.000460612908,0.00953938719,3.83425069,6,2.5,7.7304101,1,1,0,46,0,-0.260834157,-2.20591474,78.3974762,1.08530807,0.40629825,4.17859983,418.9534,69.4898987,4.08850002,0.0250000004,50,1,0.119999997,0.550000012,0.0133333337
SL3_rand_15_r0,0,744,18.2056808,18,3.94533134,4.17859983,0.0121077346,0.00210773479,0.00180301326,0.00108264224,0.00891735777,3.86413932,6,2.5,7.7304101,1,1,0,47,0,-1.37056386,-2.86788392,78.0036392,1.06161141,10.7733011,4.17859983,418.9534,69.4898987,4.08850002,0.0250000004,50,1,0.119999997,0.550000012,0.0133333337
SL3_rand_15_r0,0,745,18.5327606,18,4.45261335,4.17859983,0.0121721961,0.00217219605,0.00156603672,-0.000922777166,0.0109227775,4.86766195,6,2.5,7.7304101,1,1,0,48,0,-1.37056386,-2.86788392,78.0036392,1.06161141,10.7733011,4.17859983,418.9534,69.4898987,4.08850002,0.0250000004,50,1,0.119999997,0.550000012,0.0133333337
SL3_rand_15_r0,0,746,18.8598404,18,3.84999537,4.17859983,0.0120916609,0.00209166063,0.0021726659,0.00134579383,0.00865420606,3.35694456,6,2.5,7.7304101,1,1,0,49,0,-1.37056386,-2.86788392,78.0036392,1.06161141,10.7733011,4.17859983,418.9534,69.4898987,4.08850002,0.0250000004,50,1,0.119999997,0.550000012,0.0133333337
SL3_rand_15_r0,0,747,19.1869202,19,4.41024113,4.17859983,0.0121425828,0.00214258279,0.00227849488,-0.000819436915,0.010819437,4.86862421,6,2.5,7.7304101,1,1,0,50,0,0.4059003,-3.71168184,68.0633163,1.09478676,8.17949486,4.17859983,418.9534,69.4898987,4.08850002,0.0250000004,50,1,0.119999997,0.550000012,0.0133333337
SL3_rand_15_r0,0,748,19.5139999,19,4.14157104,4.17859983,0.0121407835,0.00214078394,0.00057997019,0.000132400062,0.00986760017,3.92174983,6,2.5,7.7304101,1,1,0,51,0,0.4059003,-3.71168184,68.0633163,1.09478676,8.17949486,4.17859983,418.9534,69.4898987,4.08850002,0.0250000004,50,1,0.119999997,0.550000012,0.0133333337
SL3_rand_15_r0,0,749,19.8410797,19,4.06061888,4.17859983,0.0121077113,0.00210771151,0.00146536576,0.000483702461,0.00951629784,3.99438524,6,2.5,7.7304101,1,1,0,52,0,0.4059003,-3.71168184,68.0633163,1.09478676,8.17949486,4.17859983,418.9534,69.4898987,4.08850002,0.0250000004,50,1,0.119999997,0.550000012,0.0133333337
SL3_rand_15_r0,0,750,20.1681595,20,4.12693882,4.17859983,0.012087849,0.00208784919,0.000767024641,0.000349024573,0.00965097547,4.1812005,6,2.5,7.7304101,1,1,0,53,0,-0.334564447,-13.8525133,60.1700058,1.0663507,6.63165379,4.17859983,418.9534,69.4898987,4.08850002,0.0250000004,50,1,0.119999997,0.550000012,0.0133333337
SL3_rand_15_r0,0,751,20.4952393,20,4.2095437,4.17859983,0.0120931342,0.00209313422,0.000952562434,-1.14136919e-05,0.0100114141,4.27713013,6,2.5,7.7304101,1,1,0,54,0,-0.334564447,-13.8525133,60.1700058,1.0663507,6.63165379,4.17859983,418.9534,69.4898987,4.08850002,0.0250000004,50,1,0.119999997,0.550000012,0.0133333337
SL3_rand_15_r0,0,752,20.8223209,20,4.35087633,4.17859983,0.0121418694,0.00214186986,0.00110696408,-0.00071371696,0.010713717,4.4665122,6,2.5,7.7304101,1,1,0,55,0,-0.334564447,-13.8525133,60.1700058,1.0663507,6.63165379,4.17859983,418.9534,69.4898987,4.08850002,0.0250000004,50,1,0.119999997,0.550000012,0.0133333337
SL3_rand_15_r0,0,753,21.1494007,21,4.24364328,4.17859983,0.0121680601,0.00216806005,0.0018444265,-0.000404748105,0.0104047479,4.15590715,6,2.5,7.7304101,1,1,0,56,0,0.881139398,-1.48971617,54.6088943,1.04265404,7.48671389,4.17859983,418.9534,69.4898987,4.08850002,0.0250000004,50,1,0.119999997,0.550000012,0.0133333337
SL3_rand_15_r0,0,754,21.4764805,21,4.01446962,4.17859983,0.0121268332,0.00212683319,0.00201622257,0.000604775094,0.00939522497,3.82696414,6,2.5,7.7304101,1,1,0,57,0,0.881139398,-1.48971617,54.6088943,1.04265404,7.48671389,4.17859983,418.9534,69.4898987,4.08850002,0.0250000004,50,1,0.119999997,0.550000012,0.0133333337
SL3_rand_15_r0,0,755,21.8035603,21,4.28211641,4.17859983,0.0121487165,0.00214871671,0.00126548717,-0.000333391421,0.0103333918,4.50109959,6,2.5,7.7304101,1,1,0,58,0,0.881139398,-1.48971617,54.6088943,1.04265404,7.48671389,4.17859983,418.9534,69.4898987,4.08850002,0.0250000004,50,1,0.119999997,0.550000012,0.0133333337
SL3_rand_15_r0,0,756,22.13064,22,3.97625232,4.17859983,0.0120961564,0.00209615612,0.000930550217,0.000888627605,0.00911137275,3.72599983,6,2.5,7.7304101,1,1,0,59,0,5.21365118,-1.28215337,47.712738,0.88625592,7.16549444,4.17859983,418.9534,69.4898987,4.08850002,0.0250000004,50,1,0.119999997,0.550000012,0.0133333337
SL3_rand_15_r0,0,757,22.4577198,22,4.22634935,4.17859983,0.0121006602,0.00210066,0.0016342561,-5.32168015e-05,0.0100532165,4.43097448,6,2.5,7.7304101,1,1,0,60,0,5.21365118,-1.28215337,47.712738,0.88625592,7.16549444,4.17859983,418.9534,69.4898987,4.08850002,0.0250000004,50,1,0.119999997,0.550000012,0.0133333337
SL3_rand_15_r0,0,758,22.7847996,22,4.03084087,4.17859983,0.0120603666,0.00206036633,0.00137386029,0.000715776288,0.00928422343,3.87087941,6,2.5,7.7304101,1,1,0,61,0,5.21365118,-1.28215337,47.712738,0.88625592,7.16549444,4.17859983,418.9534,69.4898987,4.08850002,0.0250000004,50,1,0.119999997,0.550000012,0.0133333337
SL3_rand_15_r0,0,759,23.1118793,23,4.43667364,4.17859983,0.0121253375,0.00212533795,0.00129376049,-0.000981456949,0.0109814573,4.76871824,6,2.5,7.7304101,1,1,0,62,0,0.721048295,-0.757917225,54.166584,0.592417061,3.02786088,4.17859983,418.9534,69.4898987,4.08850002,0.0250000004,50,1,0.119999997,0.550000012,0.0133333337
SL3_rand_15_r0,0,760,23.4389591,23,4.18528891,4.17859983,0.0121380249,0.00213802443,0.00158433034,-0.000145525788,0.0101455254,3.97961068,6,2.5,7.7304101,1,1,0,63,0,0.721048295,-0.757917225,54.166584,0.592417061,3.02786088,4.17859983,418.9534,69.4898987,4.08850002,0.0250000004,50,1,0.119999997,0.550000012,0.0133333337
SL3_rand_15_r0,0,761,23.7660408,23,4.09524298,4.17859983,0.0121169845,0.00211698422,0.00199502334,0.000274658814,0.00972534157,4.02156925,6,2.5,7.7304101,1,1,0,64,0,0.721048295,-0.757917225,54.166584,0.592417061,3.02786088,4.17859983,418.9534,69.4898987,4.08850002,0.0250000004,50,1,0.119999997,0.550000012,0.0133333337
SL3_rand_15_r0,0,762,24.0931206,24,3.96742535,4.17859983,0.0120548178,0.00205481797,0.00283128489,0.000989159686,0.00901084021,3.86284733,6,2.5,7.7304101,1,1,0,65,0,7.24226856,-1.88712752,51.1475525,0.554502368,8.78186607,4.17859983,418.9534,69.4898987,4.08850002,0.0250000004,50,1,0.119999997,0.550000012,0.0133333337
SL3_rand_15_r0,0,763,24.4202003,24,4.07631874,4.17859983,0.0120160449,0.00201604539,0.00233649835,0.000676248921,0.00932375062,4.1654129,6,2.5,7.7304101,1,1,0,66,0,7.24226856,-1.88712752,51.1475525,0.554502368,8.78186607,4.17859983,418.9534,69.4898987,4.08850002,0.0250000004,50,1,0.119999997,0.550000012,0.0133333337
SL3_rand_15_r0,0,764,24.7472801,24,3.86730886,4.17859983,0.0120000001,0.00200000009,0.00400268007,0.00156316033,0.00843684003,3.69630075,6,2.5,7.7304101,1,1,0,67,0,7.24226856,-1.88712752,51.1475525,0.554502368,8.78186607,4.17859983,418.9534,69.4898987,4.08850002,0.0250000004,50,1,0.119999997,0.550000012,0.0133333337
SL3_rand_15_r0,0,765,25.0743599,25,3.50095773,4.17859983,0.0120000001,0.00200000009,0.00443517556,0.00328386761,0.00671613216,3.20121598,6,2.5,7.7304101,1,1,0,68,0,3.19896579,-1.63092208,44.4415016,0.876777232,8.76579475,4.17859983,418.9534,69.4898987,4.08850002,0.0250000004,50,1,0.119999997,0.550000012,0.0133333337
SL3_rand_15_r0,0,766,25.4014397,25,4.43255234,4.17859983,0.012036589,0.0020365885,0.00227111252,-0.000371955888,0.010371956,5.19476604,6,2.5,7.7304101,1,1,0,69,0,3.19896579,-1.63092208,44.4415016,0.876777232,8.76579475,4.17859983,418.9534,69.4898987,4.08850002,0.0250000004,50,1,0.119999997,0.550000012,0.0133333337
SL3_rand_15_r0,0,767,25.7285194,25,3.98590183,4.17859983,0.0120000001,0.00200000009,0.00135175756,0.000994194648,0.00900580548,3.62046075,6,2.5,7.7304101,1,1,0,70,0,3.19896579,-1.63092208,44.4415016,0.876777232,8.76579475,4.17859983,418.9534,69.4898987,4.08850002,0.0250000004,50,1,0.119999997,0.550000012,0.0133333337
SL3_rand_15_r0,0,768,26.0555992,26,4.505867,4.17859983,0.0120830024,0.00208300259,0.00200782483,-0.00129849301,0.0112984926,4.93129301,6,2.5,7.7304101,1,1,0,71,0,4.97996998,-1.36035919,44.025631,1.02369666,10.333353,4.17859983,418.9534,69.4898987,4.08850002,0.0250000004,50,1,0.119999997,0.550000012,0.0133333337
SL3_rand_15_r0,0,769,26.3826809,26,4.12062693,4.17859983,0.0120807327,0.00208073272,0.0013622375,9.07798385e-05,0.00990922004,3.80543089,6,2.5,7.7304101,1,1,0,72,0,4.97996998,-1.36035919,44.025631,1.02369666,10.333353,4.17859983,418.9534,69.4898987,4.08850002,0.0250000004,50,1,0.119999997,0.550000012,0.0133333337
SL3_rand_15_r0,0,770,26.7097607,26,4.1718502,4.17859983,0.0120784799,0.00207847962,0.0025121409,-3.52352326e-05,0.0100352354,4.2137599,6,2.5,7.7304101,1,1,0,73,0,4.97996998,-1.36035919,44.025631,1.02369666,10.333353,4.17859983,418.9534,69.4898987,4.08850002,0.0250000004,50,1,0.119999997,0.550000012,0.0133333337
SL3_rand_15_r0,0,771,27.0368404,27,4.35710859,4.17859983,0.01212769,0.00212768954,0.00247553829,-0.000739353243,0.0107393535,4.5086832,6,2.5,7.7304101,1,1,0,74,0,0.156220019,-11.9676638,53.8305588,1.05213273,14.8464184,4.17859983,418.9534,69.4898987,4.08850002,0.0250000004,50,1,0.119999997,0.550000012,0.0133333337
SL3_rand_15_r0,0,772,28.3270798,28,4.91170359,4.17859983,0.0123395314,0.0023395312,0.00445614476,-0.00329656061,0.0132965604,5.36546278,6,2.5,7.7304101,1,1,0,75,0,0.588801384,-3.64100695,67.7386169,1.08530807,3.20900416,4.17859983,418.9534,69.4898987,4.08850002,0.0250000004,50,1,0.119999997,0.550000012,0.0133333337
SL3_rand_15_r0,0,773,28.340414,28,5.5102663,4.17859983,0.0126728648,0.00267286436,0.0084708957,-0.00781094516,0.0178109445,6,6,2.5,7.7304101,0,1,0,0,0,0.588801384,-3.64100695,67.7386169,1.08530807,3.20900416,4.17859983,418.9534,69.4898987,4.08850002,0.0250000004,50,1,0.119999997,0.550000012,0.0133333337
SL3_rand_15_r0,0,774,28.3537464,28,5.77961969,4.17859983,0.0130061982,0.00300619774,0.0086157741,-0.00767967058,0.0176796708,6,6,2.5,7.7304101,0,1,0,0,0,0.588801384,-3.64100695,67.7386169,1.08530807,3.20900416,4.17859983,418.9534,69.4898987,4.08850002,0.0250000004,50,1,0.119999997,0.550000012,0.0133333337
SL3_rand_15_r0,0,775,28.3670807,28,5.65113592,4.17859983,0.0133395307,0.00333953113,0.00786262471,-0.0065550874,0.0165550876,5.5460124,6,2.5,7.7304101,1,1,0,1,0,0.588801384,-3.64100695,67.7386169,1.08530807,3.20900416,4.17859983,418.9534,69.4898987,4.08850002,0.0250000004,50,1,0.119999997,0.550000012,0.0133333337
SL3_rand_15_r0,0,776,28.6941605,28,5.33780289,4.17859983,0.0136728641,0.00367286452,0.00762768229,-0.0054461984,0.0154461982,5.0814395,6,2.5,7.7304101,1,1,0,2,0,0.588801384,-3.64100695,67.7386169,1.08530807,3.20900416,4.17859983,418.9534,69.4898987,4.08850002,0.0250000004,50,1,0.119999997,0.550000012,0.0133333337
SL3_rand_15_r0,0,777,29.0212402,29,4.93538237,4.17859983,0.0139386375,0.00393863721,0.00675815903,-0.00431168173,0.0143116815,4.60612965,6,2.5,7.7304101,1,1,0,3,0,0.704696894,-8.21285629,70.7782822,1.07582939,8.49135876,4.17859983,418.9534,69.4898987,4.08850002,0.0250000004,50,1,0.119999997,0.550000012,0.0133333337
SL3_rand_15_r0,0,778,29.34832,29,5.36929321,4.17859983,0.0142719708,0.0042719706,0.00710891886,-0.00630831253,0.0163083132,5.72431087,6,2.5,7.7304101,1,1,0,4,0,0.704696894,-8.21285629,70.7782822,1.07582939,8.49135876,4.17859983,418.9534,69.4898987,4.08850002,0.0250000004,50,1,0.119999997,0.550000012,0.0133333337
SL3_rand_15_r0,0,779,29.6753998,29,5.17445612,4.17859983,0.0146041531,0.00460415287,0.00610909611,-0.00528771896,0.0152877187,5.01504374,6,2.5,7.7304101,1,1,0,5,0,0.704696894,-8.21285629,70.7782822,1.07582939,8.49135876,4.17859983,418.9534,69.4898987,4.08850002,0.0250000004,50,1,0.119999997,0.550000012,0.0133333337
SL3_rand_15_r0,0,780,30.0024796,30,4.7626977,4.17859983,0.0148217659,0.00482176617,0.0049583246,-0.00386980805,0.0138698081,4.42580462,6,2.5,7.7304101,1,1,0,6,0,-1.61005795,-7.17475033,79.1599655,1.05687201,4.72011995,4.17859983,418.9534,69.4898987,4.08850002,0.0250000004,50,1,0.119999997,0.550000012,0.0133333337
SL3_rand_15_r0,0,781,30.3295593,30,4.75461435,4.17859983,0.0150180385,0.00501803868,0.00520541379,-0.00349867367,0.0134986741,4.74800062,6,2.5,7.7304101,1,1,0,7,0,-1.61005795,-7.17475033,79.1599655,1.05687201,4.72011995,4.17859983,418.9534,69.4898987,4.08850002,0.0250000004,50,1,0.119999997,0.550000012,0.0133333337
SL3_rand_15_r0,0,782,30.6566391,30,4.53540707,4.17859983,0.0151498644,0.00514986413,0.00440191384,-0.00235076342,0.0123507632,4.35605574,6,2.5,7.7304101,1,1,0,8,0,-1.61005795,-7.17475033,79.1599655,1.05687201,4.72011995,4.17859983,418.9534,69.4898987,4.08850002,0.0250000004,50,1,0.119999997,0.550000012,0.0133333337
SL3_rand_15_r0,0,783,30.9837208,30,4.9210515,4.17859983,0.015378071,0.00537807122,0.00459961779,-0.00381110585,0.0138111059,5.23657846,6,2.5,7.7304101,1,1,0,9,0,-1.61005795,-7.17475033,79.1599655,1.05687201,4.72011995,4.17859983,418.9534,69.4898987,4.08850002,0.0250000004,50,1,0.119999997,0.550000012,0.0133333337
SL3_rand_15_r0,0,784,31.3108006,31,4.71296692,4.17859983,0.0155645413,0.00556454109,0.00449681142,-0.00311411312,0.0131141134,4.54271603,6,2.5,7.7304101,1,1,0,10,0,1.06410968,-3.09939384,83.7666473,1.04739332,1.19788969,4.17859983,418.9534,69.4898987,4.08850002,0.0250000004,50,1,0.119999997,0.550000012,0.0133333337
SL3_rand_15_r0,0,785,31.6378803,31,4.36188364,4.17859983,0.0156465322,0.00564653147,0.0031023738,-0.00158147875,0.0115814786,4.07463408,6,2.5,7.7304101,1,1,0,11,0,1.06410968,-3.09939384,83.7666473,1.04739332,1.19788969,4.17859983,418.9534,69.4898987,4.08850002,0.0250000004,50,1,0.119999997,0.550000012,0.0133333337
SL3_rand_15_r0,0,786,31.9649601,31,4.36122417,4.17859983,0.0157109257,0.00571092544,0.00458431663,-0.00122448127,0.0112244813,4.36068392,6,2.5,7.7304101,1,1,0,12,0,1.06410968,-3.09939384,83.7666473,1.04739332,1.19788969,4.17859983,418.9534,69.4898987,4.08850002,0.0250000004,50,1,0.119999997,0.550000012,0.0133333337
SL3_rand_15_r0,0,787,32.2920418,32,4.55188656,4.17859983,0.015825348,0.00582534866,0.00329019921,-0.00187809288,0.0118780928,4.70788383,6,2.5,7.7304101,1,1,0,13,0,-0.111768641,-0.981544673,83.3315048,1.05213273,1.50977051,4.17859983,418.9534,69.4898987,4.08850002,0.0250000004,50,1,0.119999997,0.550000012,0.0133333337
SL3_rand_15_r0,0,788,32.6191216,32,4.46951675,4.17859983,0.0159252286,0.00592522928,0.0022996224,-0.00164616003,0.0116461599,4.40212345,6,2.5,7.7304101,1,1,0,14,0,-0.111768641,-0.981544673,83.3315048,1.05213273,1.50977051,4.17859983,418.9534,69.4898987,4.08850002,0.0250000004,50,1,0.119999997,0.550000012,0.0133333337
SL3_rand_15_r0,0,789,32.9462013,32,4.49352169,4.17859983,0.0160293542,0.00602935441,0.0024410733,-0.00176647317,0.0117664728,4.51316166,6,2.5,7.7304101,1,1,0,15,0,-0.111768641,-0.981544673,83.3315048,1.05213273,1.50977051,4.17859983,418.9534,69.4898987,4.08850002,0.0250000004,50,1,0.119999997,0.550000012,0.0133333337
SL3_rand_15_r0,0,790,33.2732811,33,4.22413492,4.17859983,0.0160593577,0.00605935697,0.00177117635,-0.000592742523,0.0105927428,4.00372744,6,2.5,7.7304101,1,1,0,16,0,0.220320344,-0.101423785,83.5133514,1.04265404,6.74407291,4.17859983,418.9534,69.4898987,4.08850002,0.0250000004,50,1,0.119999997,0.550000012,0.0133333337
SL3_rand_15_r0,0,791,33.6003609,33,4.30644512,4.17859983,0.0160998702,0.00609986996,0.00188485603,-0.000738384668,0.0107383849,4.37378979,6,2.5,7.7304101,1,1,0,17,0,0.220320344,-0.101423785,83.5133514,1.04265404,6.74407291,4.17859983,418.9534,69.4898987,4.08850002,0.0250000004,50,1,0.119999997,0.550000012,0.0133333337
SL3_rand_15_r0,0,792,33.9274406,33,4.0980382,4.17859983,0.0160842445,0.00608424377,0.00171932636,0.00022221102,0.009777789,3.92752361,6,2.5,7.7304101,1,1,0,18,0,0.220320344,-0.101423785,83.5133514,1.04265404,6.74407291,4.17859983,418.9534,69.4898987,4.08850002,0.0250000004,50,1,0.119999997,0.550000012,0.0133333337
SL3_rand_15_r0,0,793,34.2545204,34,4.14799929,4.17859983,0.0160731394,0.00607313961,0.00216854084,0.000157078961,0.00984292105,4.18887663,6,2.5,7.7304101,1,1,0,19,0,0.156100154,-6.81577492,87.4254303,0.872037888,4.50621796,4.17859983,418.9534,69.4898987,4.08850002,0.0250000004,50,1,0.119999997,0.550000012,0.0133333337
SL3_rand_15_r0,0,794,34.5816002,34,4.49746418,4.17859983,0.0161598623,0.00615986204,0.00212990795,-0.0013069628,0.0113069629,4.78338957,6,2.5,7.7304101,1,1,0,20,0,0.156100154,-6.81577492,87.4254303,0.872037888,4.50621796,4.17859983,418.9534,69.4898987,4.08850002,0.0250000004,50,1,0.119999997,0.550000012,0.0133333337
SL3_rand_15_r0,0,795,34.90868,34,4.52659416,4.17859983,0.0162709802,0.00627098093,0.00195234804,-0.00172447495,0.0117244748,4.55042791,6,2.5,7.7304101,1,1,0,21,0,0.156100154,-6.81577492,87.4254303,0.872037888,4.50621796,4.17859983,418.9534,69.4898987,4.08850002,0.0250000004,50,1,0.119999997,0.550000012,0.0133333337
SL3_rand_15_r0,0,796,35.2357597,35,3.99252224,4.17859983,0.0162378121,0.00623781234,0.00075946463,0.000407400163,0.00959260017,3.55555415,6,2.5,7.7304101,1,1,0,22,0,-0.499767929,-4.00537014,86.6316528,1.00473928,171.445221,4.17859983,418.9534,69.4898987,4.08850002,0.0250000004,50,1,0.119999997,0.550000012,0.0133333337
SL3_rand_15_r0,0,797,35.5628395,35,3.88215399,4.17859983,0.0161499381,0.00614993833,0.00141506735,0.00127931579,0.00872068387,3.79185271,6,2.5,7.7304101,1,1,0,23,0,-0.499767929,-4.00537014,86.6316528,1.00473928,171.445221,4.17859983,418.9534,69.4898987,4.08850002,0.0250000004,50,1,0.119999997,0.550000012,0.0133333337
SL3_rand_15_r0,0,798,35.8899193,35,3.92817163,4.17859983,0.0160657298,0.00606572907,0.00251880311,0.00140849524,0.00859150477,3.96582222,6,2.5,7.7304101,1,1,0,24,0,-0.499767929,-4.00537014,86.6316528,1.00473928,171.445221,4.17859983,418.9534,69.4898987,4.08850002,0.0250000004,50,1,0.119999997,0.550000012,0.0133333337
SL3_rand_15_r0,0,799,36.2169991,36,4.23129606,4.17859983,0.0160663314,0.00606633211,0.00100623711,0.000146384438,0.00985361543,4.4793067,6,2.5,7.7304101,1,1,0,25,0,6.39710331,-0.456654131,89.7395401,0.77251184,178.267441,4.17859983,418.9534,69.4898987,4.08850002,0.0250000004,50,1,0.119999997,0.550000012,0.0133333337
SL3_rand_15_r0,0,800,36.5440788,36,4.40579128,4.17859983,0.0161295403,0.00612954097,0.00174992683,-0.00086296082,0.0108629605,4.54856062,6,2.5,7.7304101,1,1,0,26,0,6.39710331,-0.456654131,89.7395401,0.77251184,178.267441,4.17859983,418.9534,69.4898987,4.08850002,0.0250000004,50,1,0.119999997,0.550000012,0.0133333337
SL3_rand_15_r0,0,801,36.8711586,36,3.52692366,4.17859983,0.0159590542,0.00595905492,0.00268185372,0.00266888854,0.00733111147,2.80784988,6,2.5,7.7304101,1,1,0,27,0,6.39710331,-0.456654131,89.7395401,0.77251184,178.267441,4.17859983,418.9534,69.4898987,4.08850002,0.0250000004,50,1,0.119999997,0.550000012,0.0133333337
SL3_rand_15_r0,0,802,37.1982384,37,3.84642649,4.17859983,0.0158383697,0.00583836995,0.00246392889,0.00189166807,0.00810833182,4.10783815,6,2.5,7.7304101,1,1,0,28,0,-0.335934013,-7.98803043,89.3433456,0.791469216,0.664594173,4.17859983,418.9534,69.4898987,4.08850002,0.0250000004,50,1,0.119999997,0.550000012,0.0133333337
SL3_rand_15_r0,0,803,38.3270798,38,4.79677868,4.17859983,0.0159899723,0.00598997204,0.00212958362,-0.00210434641,0.0121043464,5.57433939,6,2.5,7.7304101,1,1,0,29,0,0.0419950262,-8.44084835,89.3367615,0.82938391,175.571198,4.17859983,418.9534,69.4898987,4.08850002,0.0250000004,50,1,0.119999997,0.550000012,0.0133333337
SL3_rand_15_r0,0,804,38.6541595,38,4.19184828,4.17859983,0.0160189196,0.0060189194,0.00245956541,-0.00033287832,0.0103328787,3.69690537,6,2.5,7.7304101,1,1,0,30,0,0.0419950262,-8.44084835,89.3367615,0.82938391,175.571198,4.17859983,418.9534,69.4898987,4.08850002,0.0250000004,50,1,0.119999997,0.550000012,0.0133333337
SL3_rand_15_r0,0,805,38.9812393,38,4.3604002,4.17859983,0.0160742439,0.00607424369,0.00110297278,-0.00102508732,0.011025087,4.4983058,6,2.5,7.7304101,1,1,0,31,0,0.0419950262,-8.44084835,89.3367615,0.82938391,175.571198,4.17859983,418.9534,69.4898987,4.08850002,0.0250000004,50,1,0.119999997,0.550000012,0.0133333337
SL3_rand_15_r0,0,806,39.3083191,39,4.40114784,4.17859983,0.0161452834,0.00614528358,0.00146746275,-0.00113526406,0.0111352643,4.43448687,6,2.5,7.7304101,1,1,0,32,0,7.00292301,0.239665508,88.7263031,0.68246448,0.154781803,4.17859983,418.9534,69.4898987,4.08850002,0.0250000004,50,1,0.119999997,0.550000012,0.0133333337
SL3_rand_15_r0,0,807,39.6353989,39,4.21897602,4.17859983,0.0161683392,0.00616833894,0.00106540089,-0.000421490404,0.0104214903,4.06992674,6,2.5,7.7304101,1,1,0,33,0,7.00292301,0.239665508,88.7263031,0.68246448,0.154781803,4.17859983,418.9534,69.4898987,4.08850002,0.0250000004,50,1,0.119999997,0.550000012,0.0133333337
SL3_rand_15_r0,0,808,39.9624786,39,4.11874008,4.17859983,0.016155554,0.00615555374,0.00164407457,0.000135283073,0.00986471679,4.03672886,6,2.5,7.7304101,1,1,0,34,0,7.00292301,0.239665508,88.7263031,0.68246448,0.154781803,4.17859983,418.9534,69.4898987,4.08850002,0.0250000004,50,1,0.119999997,0.550000012,0.0133333337
SL3_rand_15_r0,0,809,40.2895584,40,3.9693265,4.17859983,0.0160952918,0.00609529158,0.00137580559,0.000944643165,0.0090553565,3.8470788,6,2.5,7.7304101,1,1,0,35,0,5.307621,0.24050273,88.5744095,0.672985792,0.671814024,4.17859983,418.9534,69.4898987,4.08850002,0.0250000004,50,1,0.119999997,0.550000012,0.0133333337
SL3_rand_15_r0,0,810,40.6166382,40,4.16928291,4.17859983,0.0160826594,0.00608265959,0.000356914621,0.000257565203,0.00974243507,4.33288383,6,2.5,7.7304101,1,1,0,36,0,5.307621,0.24050273,88.5744095,0.672985792,0.671814024,4.17859983,418.9534,69.4898987,4.08850002,0.0250000004,50,1,0.119999997,0.550000012,0.0133333337
SL3_rand_15_r0,0,811,40.9437218,40,4.05806303,4.17859983,0.0160470717,0.00604707189,0.00154050055,0.000656721531,0.00934327859,3.9670651,6,2.5,7.7304101,1,1,0,37,0,5.307621,0.24050273,88.5744095,0.672985792,0.671814024,4.17859983,418.9534,69.4898987,4.08850002,0.0250000004,50,1,0.119999997,0.550000012,0.0133333337
SL3_rand_15_r0,0,812,41.2708015,41,4.34965658,4.17859983,0.0160886571,0.00608865637,0.00115214405,-0.000597488484,0.0105974888,4.58823299,6,2.5,7.7304101,1,1,0,38,0,4.76027393,0.114349969,88.5255508,0.663507104,0.155560851,4.17859983,418.9534,69.4898987,4.08850002,0.0250000004,50,1,0.119999997,0.550000012,0.0133333337
SL3_rand_15_r0,0,813,42.3270798,42,4.09488583,4.17859983,0.0160723329,0.00607233308,0.00141428516,0.000309617171,0.00969038252,3.88643694,6,2.5,7.7304101,1,1,0,39,0,3.98328638,0.0923654735,88.5598221,0.60189575,0.590651989,4.17859983,418.9534,69.4898987,4.08850002,0.0250000004,50,1,0.119999997,0.550000012,0.0133333337
SL3_rand_15_r0,0,814,42.6541595,42,4.11140871,4.17859983,0.0160509478,0.00605094852,0.00211602822,0.000316656398,0.00968334358,4.12492752,6,2.5,7.7304101,1,1,0,40,0,3.98328638,0.0923654735,88.5598221,0.60189575,0.590651989,4.17859983,418.9534,69.4898987,4.08850002,0.0250000004,50,1,0.119999997,0.550000012,0.0133333337
SL3_rand_15_r0,0,815,42.9812393,42,4.296772,4.17859983,0.01608021,0.00608020974,0.000890892406,-0.000405145285,0.0104051456,4.44843245,6,2.5,7.7304101,1,1,0,41,0,3.98328638,0.0923654735,88.5598221,0.60189575,0.590651989,4.17859983,418.9534,69.4898987,4.08850002,0.0250000004,50,1,0.119999997,0.550000012,0.0133333337
SL3_rand_15_r0,0,816,43.3083191,43,4.29316759,4.17859983,0.0161169115,0.00611691084,0.000593458768,-0.000531530939,0.0105315307,4.29021835,6,2.5,7.7304101,1,1,0,42,0,3.74641633,0.683595002,88.058876,0.592417061,0.946963489,4.17859983,418.9534,69.4898987,4.08850002,0.0250000004,50,1,0.119999997,0.550000012,0.0133333337
SL3_rand_15_r0,0,817,43.6353989,43,3.95054603,4.17859983,0.0160596799,0.00605967967,0.00143878476,0.000874304562,0.00912569556,3.67021942,6,2.5,7.7304101,1,1,0,43,0,3.74641633,0.683595002,88.058876,0.592417061,0.946963489,4.17859983,418.9534,69.4898987,4.08850002,0.0250000004,50,1,0.119999997,0.550000012,0.0133333337
SL3_rand_15_r0,0,818,43.9624786,43,4.09964561,4.17859983,0.0160282087,0.00602820935,0.000616621051,0.000492938852,0.00950706098,4.2216363,6,2.5,7.7304101,1,1,0,44,0,3.74641633,0.683595002,88.058876,0.592417061,0.946963489,4.17859983,418.9534,69.4898987,4.08850002,0.0250000004,50,1,0.119999997,0.550000012,0.0133333337
SL3_rand_15_r0,0,819,44.2895584,44,4.33701372,4.17859983,0.0160669684,0.0060669682,0.00247369311,-0.000502389856,0.0105023896,4.53122425,6,2.5,7.7304101,1,1,0,45,0,2.39056683,0.440069646,87.1821518,0.540284336,0.327427745,4.17859983,418.9534,69.4898987,4.08850002,0.0250000004,50,1,0.119999997,0.550000012,0.0133333337
SL3_rand_15_r0,0,820,44.6166382,44,4.36801386,4.17859983,0.0161260422,0.00612604292,0.00136301096,-0.000872279343,0.0108722793,4.39337778,6,2.5,7.7304101,1,1,0,46,0,2.39056683,0.440069646,87.1821518,0.540284336,0.327427745,4.17859983,418.9534,69.4898987,4.08850002,0.0250000004,50,1,0.119999997,0.550000012,0.0133333337
SL3_rand_15_r0,0,821,44.9437218,44,4.3789134,4.17859983,0.016191531,0.0061915312,0.00110566698,-0.00106122345,0.0110612232,4.38783121,6,2.5,7.7304101,1,1,0,47,0,2.39056683,0.440069646,87.1821518,0.540284336,0.327427745,4.17859983,418.9534,69.4898987,4.08850002,0.0250000004,50,1,0.119999997,0.550000012,0.0133333337
SL3_rand_15_r0,0,822,45.2708015,45,3.86422038,4.17859983,0.0161151178,0.00611511804,0.00139673997,0.0011299086,0.00887009129,3.44310808,6,2.5,7.7304101,1,1,0,48,0,3.23381972,0.173709542,86.8583374,0.421800941,1.06333947,4.17859983,418.9534,69.4898987,4.08850002,0.0250000004,50,1,0.119999997,0.550000012,0.0133333337
SL3_rand_15_r0,0,823,45.5978813,45,4.48192501,4.17859983,0.0161866397,0.00618663989,0.00230964948,-0.00114377867,0.0111437785,4.98731947,6,2.5,7.7304101,1,1,0,49,0,3.23381972,0.173709542,86.8583374,0.421800941,1.06333947,4.17859983,418.9534,69.4898987,4.08850002,0.0250000004,50,1,0.119999997,0.550000012,0.0133333337
SL3_rand_15_r0,0,824,45.9249611,45,4.46553087,4.17859983,0.0162782632,0.00627826294,0.00260733464,-0.0013385372,0.0113385376,4.45211744,6,2.5,7.7304101,1,1,0,50,0,3.23381972,0.173709542,86.8583374,0.421800941,1.06333947,4.17859983,418.9534,69.4898987,4.08850002,0.0250000004,50,1,0.119999997,0.550000012,0.0133333337
SL3_rand_15_r0,0,825,46.2520409,46,4.17876625,4.17859983,0.0162935797,0.00629357994,0.00109848287,-0.000326098816,0.0103260987,3.94414067,6,2.5,7.7304101,1,1,0,51,0,3.89809966,0.244224533,86.5997391,0.289099514,2.55965185,4.17859983,418.9534,69.4898987,4.08850002,0.0250000004,50,1,0.119999997,0.550000012,0.0133333337
SL3_rand_15_r0,0,826,46.5791206,46,3.95434117,4.17859983,0.0162338391,0.00623383839,0.00102387916,0.000847235031,0.00915276539,3.77072048,6,2.5,7.7304101,1,1,0,52,0,3.89809966,0.244224533,86.5997391,0.289099514,2.55965185,4.17859983,418.9534,69.4898987,4.08850002,0.0250000004,50,1,0.119999997,0.550000012,0.0133333337
SL3_rand_15_r0,0,827,46.9062004,46,4.02634954,4.17859983,0.01618159,0.00618158979,0.00221398519,0.000843419635,0.00915658008,4.08526564,6,2.5,7.7304101,1,1,0,53,0,3.89809966,0.244224533,86.5997391,0.289099514,2.55965185,4.17859983,418.9534,69.4898987,4.08850002,0.0250000004,50,1,0.119999997,0.550000012,0.0133333337
SL3_rand_15_r0,0,828,47.2332802,47,4.57634163,4.17859983,0.016283365,0.00628336519,0.00253868918,-0.00147738541,0.0114773856,5.02633476,6,2.5,7.7304101,1,1,0,54,0,4.15120411,0.433299035,89.1472092,0.563981056,0.824630201,4.17859983,418.9534,69.4898987,4.08850002,0.0250000004,50,1,0.119999997,0.550000012,0.0133333337
SL3_rand_15_r0,1,1318,0.0133333337,0,0,4.17859983,0.0676666647,0.0576666668,0.0950805619,0.0949332863,0,0,6,2.5,7.7304101,0,0,0,0,0,1.93546557,0.612359643,86.0993576,0.535545051,1.03399265,4.17859983,418.9534,69.4898987,4.08850002,0.0250000004,50,1,0.119999997,0.550000012,0.0133333337
SL3_rand_15_r0,1,1319,0.0266666673,0,0,4.17859983,0.0673333332,0.0573333316,0.0936857834,0.0936594456,0,0,6,2.5,7.7304101,0,0,0,0,0,1.93546557,0.612359643,86.0993576,0.535545051,1.03399265,4.17859983,418.9534,69.4898987,4.08850002,0.0250000004,50,1,0.119999997,0.550000012,0.0133333337
SL3_rand_15_r0,1,1320,0.0399999991,0,0,4.17859983,0.0670000017,0.057,0.09274064,0.0924905092,0,0,6,2.5,7.7304101,0,0,0,0,0,1.93546557,0.612359643,86.0993576,0.535545051,1.03399265,4.17859983,418.9534,69.4898987,4.08850002,0.0250000004,50,1,0.119999997,0.550000012,0.0133333337
SL3_rand_15_r0,1,1321,0.0533333346,0,0,4.17859983,0.0666666701,0.0566666685,0.091393806,0.0912618265,0,0,6,2.5,7.7304101,0,0,0,0,0,1.93546557,0.612359643,86.0993576,0.535545051,1.03399265,4.17859983,418.9534,69.4898987,4.08850002,0.0250000004,50,1,0.119999997,0.550000012,0.0133333337
SL3_rand_15_r0,1,1322,0.0666666701,0,0,4.17859983,0.0663333312,0.0563333333,0.0902528837,0.0900213271,0,0,6,2.5,7.7304101,0,0,0,0,0,1.93546557,0.612359643,86.0993576,0.535545051,1.03399265,4.17859983,418.9534,69.4898987,4.08850002,0.0250000004,50,1,0.119999997,0.550000012,0.0133333337
SL3_rand_15_r0,1,1323,0.0799999982,0,0,4.17859983,0.0659999996,0.0560000017,0.0889850184,0.0886327177,0,0,6,2.5,7.7304101,0,0,0,0,0,1.93546557,0.612359643,86.0993576,0.535545051,1.03399265,4.17859983,418.9534,69.4898987,4.08850002,0.0250000004,50,1,0.119999997,0.550000012,0.0133333337
SL3_rand_15_r0,1,1324,0.0933333337,0,0,4.17859983,0.0656666681,0.0556666665,0.0876093805,0.0874396563,0,0,6,2.5,7.7304101,0,0,0,0,0,1.93546557,0.612359643,86.0993576,0.535545051,1.03399265,4.17859983,418.9534,69.4898987,4.08850002,0.0250000004,50,1,0.119999997,0.550000012,0.0133333337
SL3_rand_15_r0,1,1325,0.106666669,0,0,4.17859983,0.0653333366,0.055333335,0.0862554088,0.0860077366,0,0,6,2.5,7.7304101,0,0,0,0,0,1.93546557,0.612359643,86.0993576,0.535545051,1.03399265,4.17859983,418.9534,69.4898987,4.08850002,0.0250000004,50,1,0.119999997,0.550000012,0.0133333337
SL3_rand_15_r0,1,1326,0.119999997,0,0,4.17859983,0.0649999976,0.0549999997,0.0848347023,0.0845905989,0,0,6,2.5,7.7304101,0,0,0,0,0,1.93546557,0.612359643,86.0993576,0.535545051,1.03399265,4.17859983,418.9534,69.4898987,4.08850002,0.0250000004,50,1,0.119999997,0.550000012,0.0133333337
SL3_rand_15_r0,1,1327,0.13333334,0,0,4.17859983,0.0646666661,0.0546666682,0.0833686665,0.0833400935,0,0,6,2.5,7.7304101,0,0,0,0,0,1.93546557,0.612359643,86.0993576,0.535545051,1.03399265,4.17859983,418.9534,69.4898987,4.08850002,0.0250000004,50,1,0.119999997,0.550000012,0.0133333337
SL3_rand_15_r0,1,1328,0.146666661,0,0,4.17859983,0.0643333346,0.0543333329,0.0817861557,0.08175648,0,0,6,2.5,7.7304101,0,0,0,0,0,1.93546557,0.612359643,86.0993576,0.535545051,1.03399265,4.17859983,418.9534,69.4898987,4.08850002,0.0250000004,50,1,0.119999997,0.550000012,0.0133333337
SL3_rand_15_r0,1,1329,0.159999996,0,0,4.17859983,0.064000003,0.0540000014,0.080403015,0.0802447647,0,0,6,2.5,7.7304101,0,0,0,0,0,1.93546557,0.612359643,86.0993576,0.535545051,1.03399265,4.17859983,418.9534,69.4898987,4.08850002,0.0250000004,50,1,0.119999997,0.550000012,0.0133333337
SL3_rand_15_r0,1,1330,0.173333332,0,0,4.17859983,0.0636666641,0.0536666662,0.0788748041,0.0787359774,0,0,6,2.5,7.7304101,0,0,0,0,0,1.93546557,0.612359643,86.0993576,0.535545051,1.03399265,4.17859983,418.9534,69.4898987,4.08850002,0.0250000004,50,1,0.119999997,0.550000012,0.0133333337
SL3_rand_15_r0,1,1331,0.186666667,0,0,4.17859983,0.0633333325,0.0533333346,0.0774171874,0.0772916973,0,0,6,2.5,7.7304101,0,0,0,0,0,1.93546557,0.612359643,86.0993576,0.535545051,1.03399265,4.17859983,418.9534,69.4898987,4.08850002,0.0250000004,50,1,0.119999997,0.550000012,0.0133333337
SL3_rand_15_r0,1,1332,0.200000003,0,0,4.17859983,0.063000001,0.0529999994,0.0759782419,0.0755753964,0,0,6,2.5,7.7304101,0,0,0,0,0,1.93546557,0.612359643,86.0993576,0.535545051,1.03399265,4.17859983,418.9534,69.4898987,4.08850002,0.0250000004,50,1,0.119999997,0.550000012,0.0133333337
SL3_rand_15_r0,1,1333,0.213333338,0,0.764388919,4.17859983,0.0626666695,0.0526666678,0.0743635148,0.0743138045,0,1.38979805,6,2.5,7.7304101,0,0,0,0,0,1.93546557,0.612359643,86.0993576,0.535545051,1.03399265,4.17859983,418.9534,69.4898987,4.08850002,0.0250000004,50,1,0.119999997,0.550000012,0.0133333337
SL3_rand_15_r0,1,1334,0.226666674,0,1.10836387,4.17859983,0.0623333342,0.0523333326,0.0728689805,0.0728437006,0,1.38979805,6,2.5,7.7304101,0,0,0,0,0,1.93546557,0.612359643,86.0993576,0.535545051,1.03399265,4.17859983,418.9534,69.4898987,4.08850002,0.0250000004,50,1,0.119999997,0.550000012,0.0133333337
SL3_rand_15_r0,1,1335,0.239999995,0,1.2631526,4.17859983,0.061999999,0.0520000011,0.0714041069,0.0711708963,0,1.38979805,6,2.5,7.7304101,0,0,0,0,0,1.93546557,0.612359643,86.0993576,0.535545051,1.03399265,4.17859983,418.9534,69.4898987,4.08850002,0.0250000004,50,1,0.119999997,0.550000012,0.0133333337
SL3_rand_15_r0,1,1336,0.25333333,0,1.33280754,4.17859983,0.0616666675,0.0516666658,0.0697375983,0.0697181672,0,1.38979805,6,2.5,7.7304101,0,0,0,0,0,1.93546557,0.612359643,86.0993576,0.535545051,1.03399265,4.17859983,418.9534,69.4898987,4.08850002,0.0250000004,50,1,0.119999997,0.550000012,0.0133333337
SL3_rand_15_r0,1,1337,0.266666681,0,1.36415231,4.17859983,0.0613333322,0.0513333343,0.0683389008,0.0682681948,0,1.38979805,6,2.5,7.7304101,0,0,0,0,0,1.93546557,0.612359643,86.0993576,0.535545051,1.03399265,4.17859983,418.9534,69.4898987,4.08850002,0.0250000004,50,1,0.119999997,0.550000012,0.0133333337
SL3_rand_15_r0,1,1338,0.280000001,0,1.37825739,4.17859983,0.0610000007,0.050999999,0.0669782013,0.0667771846,0,1.38979805,6,2.5,7.7304101,0,0,0,0,0,1.93546557,0.612359643,86.0993576,0.535545051,1.03399265,4.17859983,418.9534,69.4898987,4.08850002,0.0250000004,50,1,0.119999997,0.550000012,0.0133333337
SL3_rand_15_r0,1,1339,0.293333322,0,1.38460469,4.17859983,0.0606666654,0.0506666675,0.0654888302,0.0652846321,0,1.38979805,6,2.5,7.7304101,0,0,0,0,0,1.93546557,0.612359643,86.0993576,0.535545051,1.03399265,4.17859983,418.9534,69.4898987,4.08850002,0.0250000004,50,1,0.119999997,0.550000012,0.0133333337
SL3_rand_15_r0,1,1340,0.306666672,0,1.38746107,4.17859983,0.0603333339,0.0503333323,0.0641727224,0.064166449,0,1.38979805,6,2.5,7.7304101,0,0,0,0,0,1.93546557,0.612359643,86.0993576,0.535545051,1.03399265,4.17859983,418.9534,69.4898987,4.08850002,0.0250000004,50,1,0.119999997,0.550000012,0.0133333337
SL3_rand_15_r0,1,1341,0.319999993,0,1.38874638,4.17859983,0.0599999987,0.0500000007,0.0629955009,0.0626119226,0,1.38979805,6,2.5,7.7304101,0,0,0,0,0,1.93546557,0.612359643,86.0993576,0.535545051,1.03399265,4.17859983,418.9534,69.4898987,4.08850002,0.0250000004,50,1,0.119999997,0.550000012,0.0133333337
SL3_rand_15_r0,1,1342,0.333333343,0,1.38932478,4.17859983,0.0596666671,0.0496666655,0.0615238734,0.0614190102,0,1.38979805,6,2.5,7.7304101,0,0,0,0,0,1.93546557,0.612359643,86.0993576,0.535545051,1.03399265,4.17859983,418.9534,69.4898987,4.08850002,0.0250000004,50,1,0.119999997,0.550000012,0.0133333337
SL3_rand_15_r0,1,1343,0.346666664,0,1.38958502,4.17859983,0.0593333319,0.049333334,0.060307283,0.060285382,0,1.38979805,6,2.5,7.7304101,0,0,0,0,0,1.93546557,0.612359643,86.0993576,0.535545051,1.03399265,4.17859983,418.9534,69.4898987,4.08850002,0.0250000004,50,1,0.119999997,0.550000012,0.0133333337
SL3_rand_15_r0,1,1344,0.360000014,0,1.3897022,4.17859983,0.0590000004,0.0489999987,0.0590395965,0.0589973517,0,1.38979805,6,2.5,7.7304101,0,0,0,0,0,1.93546557,0.612359643,86.0993576,0.535545051,1.03399265,4.17859983,418.9534,69.4898987,4.08850002,0.0250000004,50,1,0.119999997,0.550000012,0.0133333337
SL3_rand_15_r0,1,1345,0.373333335,0,1.38975489,4.17859983,0.0586666651,0.0486666672,0.0579197146,0.0578091256,0,1.38979805,6,2.5,7.7304101,0,0,0,0,0,1.93546557,0.612359643,86.0993576,0.535545051,1.03399265,4.17859983,418.9534,69.4898987,4.08850002,0.0250000004,50,1,0.119999997,0.550000012,0.0133333337
SL3_rand_15_r0,1,1346,0.386666656,0,1.38977861,4.17859983,0.0583333336,0.0483333319,0.0567850098,0.0567190386,0,1.38979805,6,2.5,7.7304101,0,0,0,0,0,1.93546557,0.612359643,86.0993576,0.535545051,1.03399265,4.17859983,418.9534,69.4898987,4.08850002,0.0250000004,50,1,0.119999997,0.550000012,0.0133333337
SL3_rand_15_r0,1,1347,0.400000006,0,1.38978922,4.17859983,0.0579999983,0.0480000004,0.0557201579,0.055681888,0,1.38979805,6,2.5,7.7304101,0,0,0,0,0,1.93546557,0.612359643,86.0993576,0.535545051,1.03399265,4.17859983,418.9534,69.4898987,4.08850002,0.0250000004,50,1,0.119999997,0.550000012,0.0133333337
SL3_rand_15_r0,1,1348,0.413333327,0,1.38979411,4.17859983,0.0576666668,0.0476666652,0.0548655577,0.0546885431,0,1.38979805,6,2.5,7.7304101,0,0,0,0,0,1.93546557,0.612359643,86.0993576,0.535545051,1.03399265,4.17859983,418.9534,69.4898987,4.08850002,0.0250000004,50,1,0.119999997,0.550000012,0.0133333337
SL3_rand_15_r0,1,1349,0.426666677,0,1.38979626,4.17859983,0.0573333316,0.0473333336,0.0540984906,0.0538709164,0,1.38979805,6,2.5,7.7304101,0,0,0,0,0,1.93546557,0.612359643,86.0993576,0.535545051,1.03399265,4.17859983,418.9534,69.4898987,4.08850002,0.0250000004,50,1,0.119999997,0.550000012,0.0133333337
SL3_rand_15_r0,1,1350,0.439999998,0,1.38979721,4.17859983,0.057,0.0469999984,0.0528745204,0.0527265593,0,1.38979805,6,2.5,7.7304101,0,0,0,0,0,1.93546557,0.612359643,86.0993576,0.535545051,1.03399265,4.17859983,418.9534,69.4898987,4.08850002,0.0250000004,50,1,0.119999997,0.550000012,0.0133333337
SL3_rand_15_r0,1,1351,0.453333348,0,1.38979769,4.17859983,0.0566666685,0.0466666669,0.0522062853,0.0521489345,0,1.38979805,6,2.5,7.7304101,0,0,0,0,0,1.93546557,0.612359643,86.0993576,0.535545051,1.03399265,4.17859983,418.9534,69.4898987,4.08850002,0.0250000004,50,1,0.119999997,0.550000012,0.0133333337
SL3_rand_15_r0,1,1352,0.466666669,0,1.38979781,4.17859983,0.0563333333,0.0463333316,0.051422216,0.0511006154,0,1.38979805,6,2.5,7.7304101,0,0,0,0,0,1.93546557,0.612359643,86.0993576,0.535545051,1.03399265,4.17859983,418.9534,69.4898987,4.08850002,0.0250000004,50,1,0.119999997,0.550000012,0.0133333337
SL3_rand_15_r0,1,1353,0.479999989,0,1.38979793,4.17859983,0.0560000017,0.0460000001,0.0507411882,0.0505153462,0,1.38979805,6,2.5,7.7304101,0,0,0,0,0,1.93546557,0.612359643,86.0993576,0.535545051,1.03399265,4.17859983,418.9534,69.4898987,4.08850002,0.0250000004,50,1,0.119999997,0.550000012,0.0133333337
SL3_rand_15_r0,1,1354,0.49333334,0,1.38979793,4.17859983,0.0556666665,0.0456666648,0.04989402,0.0497954041,0,1.38979805,6,2.5,7.7304101,0,0,0,0,0,1.93546557,0.612359643,86.0993576,0.535545051,1.03399265,4.17859983,418.9534,69.4898987,4.08850002,0.0250000004,50,1,0.119999997,0.550000012,0.0133333337
SL3_rand_15_r0,1,1355,0.50666666,0,1.38979793,4.17859983,0.055333335,0.0453333333,0.0492149219,0.04917619,0,1.38979805,6,2.5,7.7304101,0,0,0,0,0,1.93546557,0.612359643,86.0993576,0.535545051,1.03399265,4.17859983,418.9534,69.4898987,4.08850002,0.0250000004,50,1,0.119999997,0.550000012,0.0133333337
SL3_rand_15_r0,1,1356,0.519999981,0,1.38979805,4.17859983,0.0549999997,0.0450000018,0.0485722423,0.0485318899,0,1.38979805,6,2.5,7.7304101,0,0,0,0,0,1.93546557,0.612359643,86.0993576,0.535545051,1.03399265,4.17859983,418.9534,69.4898987,4.08850002,0.0250000004,50,1,0.119999997,0.550000012,0.0133333337
SL3_rand_15_r0,1,1357,0.533333361,0,1.38979805,4.17859983,0.0546666682,0.0446666665,0.048177544,0.0479980819,0,1.38979805,6,2.5,7.7304101,0,0,0,0,0,1.93546557,0.612359643,86.0993576,0.535545051,1.03399265,4.17859983,418.9534,69.4898987,4.08850002,0.0250000004,50,1,0.119999997,0.550000012,0.0133333337
SL3_rand_15_r0,1,1358,0.546666682,0,1.38979805,4.17859983,0.0543333329,0.044333335,0.0475392975,0.0473381691,0,1.38979805,6,2.5,7.7304101,0,0,0,0,0,1.93546557,0.612359643,86.0993576,0.535545051,1.03399265,4.17859983,418.9534,69.4898987,4.08850002,0.0250000004,50,1,0.119999997,0.550000012,0.0133333337
SL3_rand_15_r0,1,1359,0.560000002,0,1.38979805,4.17859983,0.0540000014,0.0439999998,0.047197029,0.0467951223,0,1.38979805,6,2.5,7.7304101,0,0,0,0,0,1.93546557,0.612359643,86.0993576,0.535545051,1.03399265,4.17859983,418.9534,69.4898987,4.08850002,0.0250000004,50,1,0.119999997,0.550000012,0.0133333337
SL3_rand_15_r0,1,1360,0.573333323,0,1.38979805,4.17859983,0.0536666662,0.0436666682,0.0463854335,0.0463723652,0,1.38979805,6,2.5,7.7304101,0,0,0,0,0,1.93546557,0.612359643,86.0993576,0.535545051,1.03399265,4.17859983,418.9534,69.4898987,4.08850002,0.0250000004,50,1,0.119999997,0.550000012,0.0133333337
SL3_rand_15_r0,1,1361,0.586666644,0,1.38979805,4.17859983,0.0533333346,0.043333333,0.0461355224,0.0458835438,0,1.38979805,6,2.5,7.7304101,0,0,0,0,0,1.93546557,0.612359643,86.0993576,0.535545051,1.03399265,4.17859983,418.9534,69.4898987,4.08850002,0.0250000004,50,1,0.119999997,0.550000012,0.0133333337
SL3_rand_15_r0,1,1362,0.600000024,0,1.38979805,4.17859983,0.0529999994,0.0430000015,0.0455858521,0.0455207191,0,1.38979805,6,2.5,7.7304101,0,0,0,0,0,1.93546557,0.612359643,86.0993576,0.535545051,1.03399265,4.17859983,418.9534,69.4898987,4.08850002,0.0250000004,50,1,0.119999997,0.550000012,0.0133333337
SL3_rand_15_r0,1,1363,0.613333344,0,1.38979805,4.17859983,0.0526666678,0.0426666662,0.0453824103,0.0450750366,0,1.38979805,6,2.5,7.7304101,0,0,0,0,0,1.93546557,0.612359643,86.0993576,0.535545051,1.03399265,4.17859983,418.9534,69.4898987,4.08850002,0.0250000004,50,1,0.119999997,0.550000012,0.0133333337
SL3_rand_15_r0,1,1364,0.626666665,0,1.38979805,4.17859983,0.0523333326,0.0423333347,0.0450908281,0.0447609946,0,1.38979805,6,2.5,7.7304101,0,0,0,0,0,1.93546557,0.612359643,86.0993576,0.535545051,1.03399265,4.17859983,418.9534,69.4898987,4.08850002,0.0250000004,50,1,0.119999997,0.550000012,0.0133333337
SL3_rand_15_r0,1,1365,0.639999986,0,1.38979805,4.17859983,0.0520000011,0.0419999994,0.0444940403,0.0443053283,0,1.38979805,6,2.5,7.7304101,0,0,0,0,0,1.93546557,0.612359643,86.0993576,0.535545051,1.03399265,4.17859983,418.9534,69.4898987,4.08850002,0.0250000004,50,1,0.119999997,0.550000012,0.0133333337
SL3_rand_15_r0,1,1366,0.653333306,0,1.38979805,4.17859983,0.0516666658,0.0416666679,0.0442846306,0.0442407206,0,1.38979805,6,2.5,7.7304101,0,0,0,0,0,1.93546557,0.612359643,86.0993576,0.535545051,1.03399265,4.17859983,418.9534,69.4898987,4.08850002,0.0250000004,50,1,0.119999997,0.550000012,0.0133333337
SL3_rand_15_r0,1,1367,0.666666687,0,1.38979805,4.17859983,0.0513333343,0.0413333327,0.0437000543,0.0436486639,0,1.38979805,6,2.5,7.7304101,0,0,0,0,0,1.93546557,0.612359643,86.0993576,0.535545051,1.03399265,4.17859983,418.9534,69.4898987,4.08850002,0.0250000004,50,1,0.119999997,0.550000012,0.0133333337
SL3_rand_15_r0,1,1368,0.680000007,0,1.38979805,4.17859983,0.050999999,0.0410000011,0.0437092781,0.0436034165,0,1.38979805,6,2.5,7.7304101,0,0,0,0,0,1.93546557,0.612359643,86.0993576,0.535545051,1.03399265,4.17859983,418.9534,69.4898987,4.08850002,0.0250000004,50,1,0.119999997,0.550000012,0.0133333337
SL3_rand_15_r0,1,1369,0.693333328,0,1.38979805,4.17859983,0.0506666675,0.0406666659,0.0431148857,0.0430318937,0,1.38979805,6,2.5,7.7304101,0,0,0,0,0,1.93546557,0.612359643,86.0993576,0.535545051,1.03399265,4.17859983,418.9534,69.4898987,4.08850002,0.0250000004,50,1,0.119999997,0.550000012,0.0133333337
SL3_rand_15_r0,1,1370,0.706666648,0,1.38979805,4.17859983,0.0503333323,0.0403333344,0.0430727117,0.0426487178,0,1.38979805,6,2.5,7.7304101,0,0,0,0,0,1.93546557,0.612359643,86.0993576,0.535545051,1.03399265,4.17859983,418.9534,69.4898987,4.08850002,0.0250000004,50,1,0.119999997,0.550000012,0.0133333337
SL3_rand_15_r0,1,1371,0.720000029,0,1.38979805,4.17859983,0.0500000007,0.0399999991,0.0427130572,0.0424402505,0,1.38979805,6,2.5,7.7304101,0,0,0,0,0,1.93546557,0.612359643,86.0993576,0.535545051,1.03399265,4.17859983,418.9534,69.4898987,4.08850002,0.0250000004,50,1,0.119999997,0.550000012,0.0133333337
SL3_rand_15_r0,1,1372,0.733333349,0,1.38979805,4.17859983,0.0496666655,0.0396666676,0.0423859507,0.042076204,0,1.38979805,6,2.5,7.7304101,0,0,0,0,0,1.93546557,0.612359643,86.0993576,0.535545051,1.03399265,4.17859983,418.9534,69.4898987,4.08850002,0.0250000004,50,1,0.119999997,0.550000012,0.0133333337
SL3_rand_15_r0,1,1373,0.74666667,0,1.38979805,4.17859983,0.049333334,0.0393333323,0.0421006493,0.0420456268,0,1.38979805,6,2.5,7.7304101,0,0,0,0,0,1.93546557,0.612359643,86.0993576,0.535545051,1.03399265,4.17859983,418.9534,69.4898987,4.08850002,0.0250000004,50,1,0.119999997,0.550000012,0.0133333337
SL3_rand_15_r0,1,1374,0.75999999,0,1.38979805,4.17859983,0.0489999987,0.0390000008,0.0416099839,0.0415135249,0,1.38979805,6,2.5,7.7304101,0,0,0,0,0,1.93546557,0.612359643,86.0993576,0.535545051,1.03399265,4.17859983,418.9534,69.4898987,4.08850002,0.0250000004,50,1,0.119999997,0.550000012,0.0133333337
SL3_rand_15_r0,1,1375,0.773333311,0,1.38979805,4.17859983,0.0486666672,0.0386666656,0.0415399335,0.0414773971,0,1.38979805,6,2.5,7.7304101,0,0,0,0,0,1.93546557,0.612359643,86.0993576,0.535545051,1.03399265,4.17859983,418.9534,69.4898987,4.08850002,0.0250000004,50,1,0.119999997,0.550000012,0.0133333337
SL3_rand_15_r0,1,1376,0.786666691,0,1.38979805,4.17859983,0.0483333319,0.038333334,0.040977221,0.0409546308,0,1.38979805,6,2.5,7.7304101,0,0,0,0,0,1.93546557,0.612359643,86.0993576,0.535545051,1.03399265,4.17859983,418.9534,69.4898987,4.08850002,0.0250000004,50,1,0.119999997,0.550000012,0.0133333337
SL3_rand_15_r0,1,1377,0.800000012,0,1.38979805,4.17859983,0.0480000004,0.0379999988,0.0409317985,0.0405615754,0,1.38979805,6,2.5,7.7304101,0,0,0,0,0,1.93546557,0.612359643,86.0993576,0.535545051,1.03399265,4.17859983,418.9534,69.4898987,4.08850002,0.0250000004,50,1,0.119999997,0.550000012,0.0133333337
SL3_rand_15_r0,1,1378,0.813333333,0,1.38979805,4.17859983,0.0476666652,0.0376666673,0.0404801369,0.0403968394,0,1.38979805,6,2.5,7.7304101,0,0,0,0,0,1.93546557,0.612359643,86.0993576,0.535545051,1.03399265,4.17859983,418.9534,69.4898987,4.08850002,0.0250000004,50,1,0.119999997,0.550000012,0.0133333337
SL3_rand_15_r0,1,1379,0.826666653,0,1.38979805,4.17859983,0.0473333336,0.037333332,0.0403086841,0.0399959199,0,1.38979805,6,2.5,7.7304101,0,0,0,0,0,1.93546557,0.612359643,86.0993576,0.535545051,1.03399265,4.17859983,418.9534,69.4898987,4.08850002,0.0250000004,50,1,0.119999997,0.550000012,0.0133333337
SL3_rand_15_r0,1,1380,0.839999974,0,1.38979805,4.17859983,0.0469999984,0.0370000005,0.040111497,0.0398382843,0,1.38979805,6,2.5,7.7304101,0,0,0,0,0,1.93546557,0.612359643,86.0993576,0.535545051,1.03399265,4.17859983,418.9534,69.4898987,4.08850002,0.0250000004,50,1,0.119999997,0.550000012,0.0133333337
SL3_rand_15_r0,1,1381,0.853333354,0,1.38979805,4.17859983,0.0466666669,0.0366666652,0.039739348,0.0394761227,0,1.38979805,6,2.5,7.7304101,0,0,0,0,0,1.93546557,0.612359643,86.0993576,0.535545051,1.03399265,4.17859983,418.9534,69.4898987,4.08850002,0.0250000004,50,1,0.119999997,0.550000012,0.0133333337
SL3_rand_15_r0,1,1382,0.866666675,0,1.38979805,4.17859983,0.0463333316,0.0363333337,0.0395580418,0.0394059159,0,1.38979805,6,2.5,7.7304101,0,0,0,0,0,1.93546557,0.612359643,86.0993576,0.535545051,1.03399265,4.17859983,418.9534,69.4898987,4.08850002,0.0250000004,50,1,0.119999997,0.550000012,0.0133333337
SL3_rand_15_r0,1,1383,0.879999995,0,1.38979805,4.17859983,0.0460000001,0.0359999985,0.038977284,0.0389053039,0,1.38979805,6,2.5,7.7304101,0,0,0,0,0,1.93546557,0.612359643,86.0993576,0.535545051,1.03399265,4.17859983,418.9534,69.4898987,4.08850002,0.0250000004,50,1,0.119999997,0.550000012,0.0133333337
SL3_rand_15_r0,1,1384,0.893333316,0,1.38979805,4.17859983,0.0456666648,0.0356666669,0.0388397127,0.0384793356,0,1.38979805,6,2.5,7.7304101,0,0,0,0,0,1.93546557,0.612359643,86.0993576,0.535545051,1.03399265,4.17859983,418.9534,69.4898987,4.08850002,0.0250000004,50,1,0.119999997,0.550000012,0.0133333337
SL3_rand_15_r0,1,1385,0.906666696,0,1.38979805,4.17859983,0.0453333333,0.0353333317,0.0383340716,0.0383270904,0,1.38979805,6,2.5,7.7304101,0,0,0,0,0,1.93546557,0.612359643,86.0993576,0.535545051,1.03399265,4.17859983,418.9534,69.4898987,4.08850002,0.0250000004,50,1,0.119999997,0.550000012,0.0133333337
SL3_rand_15_r0,1,1386,0.920000017,0,1.38979805,4.17859983,0.0450000018,0.0350000001,0.038048543,0.0378918983,0,1.38979805,6,2.5,7.7304101,0,0,0,0,0,1.93546557,0.612359643,86.0993576,0.535545051,1.03399265,4.17859983,418.9534,69.4898987,4.08850002,0.0250000004,50,1,0.119999997,0.550000012,0.0133333337
SL3_rand_15_r0,1,1387,0.933333337,0,1.38979805,4.17859983,0.0446666665,0.0346666649,0.0378107913,0.0377445817,0,1.38979805,6,2.5,7.7304101,0,0,0,0,0,1.93546557,0.612359643,86.0993576,0.535545051,1.03399265,4.17859983,418.9534,69.4898987,4.08850002,0.0250000004,50,1,0.119999997,0.550000012,0.0133333337
SL3_rand_15_r0,1,1388,0.946666658,0,1.38979805,4.17859983,0.044333335,0.0343333334,0.0373913795,0.0372990593,0,1.38979805,6,2.5,7.7304101,0,0,0,0,0,1.93546557,0.612359643,86.0993576,0.535545051,1.03399265,4.17859983,418.9534,69.4898987,4.08850002,0.0250000004,50,1,0.119999997,0.550000012,0.0133333337
SL3_rand_15_r0,1,1389,0.959999979,0,1.38979805,4.17859983,0.0439999998,0.0340000018,0.0374032371,0.0371554047,0,1.38979805,6,2.5,7.7304101,0,0,0,0,0,1.93546557,0.612359643,86.0993576,0.535545051,1.03399265,4.17859983,418.9534,69.4898987,4.08850002,0.0250000004,50,1,0.119999997,0.550000012,0.0133333337
SL3_rand_15_r0,1,1390,0.973333359,0,1.38979805,4.17859983,0.0436666682,0.0336666666,0.0368675739,0.036700137,0,1.38979805,6,2.5,7.7304101,0,0,0,0,0,1.93546557,0.612359643,86.0993576,0.535545051,1.03399265,4.17859983,418.9534,69.4898987,4.08850002,0.0250000004,50,1,0.119999997,0.550000012,0.0133333337
SL3_rand_15_r0,1,1391,0.986666679,0,1.38979805,4.17859983,0.043333333,0.0333333351,0.0367594697,0.0367108993,0,1.38979805,6,2.5,7.7304101,0,0,0,0,0,1.93546557,0.612359643,86.0993576,0.535545051,1.03399265,4.17859983,418.9534,69.4898987,4.08850002,0.0250000004,50,1,0.119999997,0.550000012,0.0133333337
SL3_rand_15_r0,1,1392,1,0,1.38979805,4.17859983,0.0430000015,0.0329999998,0.0362892486,0.0361960344,0,1.38979805,6,2.5,7.7304101,0,0,0,0,0,1.93546557,0.612359643,86.0993576,0.535545051,1.03399265,4.17859983,418.9534,69.4898987,4.08850002,0.0250000004,50,1,0.119999997,0.550000012,0.0133333337
SL3_rand_15_r0,1,1393,1.01333332,1,1.38979805,4.17859983,0.0426666662,0.0326666683,0.0359438621,0.0356952846,0,1.38979805,6,2.5,7.7304101,0,0,0,0,0,1.53747809,0.585064828,87.0597076,0.767772496,1.55973101,4.17859983,418.9534,69.4898987,4.08850002,0.0250000004,50,1,0.119999997,0.550000012,0.0133333337
SL3_rand_15_r0,1,1394,1.02666664,1,1.38979805,4.17859983,0.0423333347,0.032333333,0.0355889015,0.0355695374,0,1.38979805,6,2.5,7.7304101,0,0,0,0,0,1.53747809,0.585064828,87.0597076,0.767772496,1.55973101,4.17859983,418.9534,69.4898987,4.08850002,0.0250000004,50,1,0.119999997,0.550000012,0.0133333337
SL3_rand_15_r0,1,1395,1.03999996,1,1.38979805,4.17859983,0.0419999994,0.0320000015,0.0351325162,0.0350812003,0,1.38979805,6,2.5,7.7304101,0,0,0,0,0,1.53747809,0.585064828,87.0597076,0.767772496,1.55973101,4.17859983,418.9534,69.4898987,4.08850002,0.0250000004,50,1,0.119999997,0.550000012,0.0133333337
SL3_rand_15_r0,1,1396,1.05333328,1,1.38979805,4.17859983,0.0416666679,0.0316666663,0.0350036137,0.034632314,0,1.38979805,6,2.5,7.7304101,0,0,0,0,0,1.53747809,0.585064828,87.0597076,0.767772496,1.55973101,4.17859983,418.9534,69.4898987,4.08850002,0.0250000004,50,1,0.119999997,0.550000012,0.0133333337
SL3_rand_15_r0,1,1397,1.06666672,1,1.38979805,4.17859983,0.0413333327,0.0313333347,0.0344667174,0.0344643556,0,1.38979805,6,2.5,7.7304101,0,0,0,0,0,1.53747809,0.585064828,87.0597076,0.767772496,1.55973101,4.17859983,418.9534,69.4898987,4.08850002,0.0250000004,50,1,0.119999997,0.550000012,0.0133333337
SL3_rand_15_r0,1,1398,1.08000004,1,1.38979805,4.17859983,0.0410000011,0.0309999995,0.0342803933,0.0340268277,0,1.38979805,6,2.5,7.7304101,0,0,0,0,0,1.53747809,0.585064828,87.0597076,0.767772496,1.55973101,4.17859983,418.9534,69.4898987,4.08850002,0.0250000004,50,1,0.119999997,0.550000012,0.0133333337
SL3_rand_15_r0,1,1399,1.09333336,1,1.38979805,4.17859983,0.0406666659,0.0306666661,0.0339307934,0.0338455066,0,1.38979805,6,2.5,7.7304101,0,0,0,0,0,1.53747809,0.585064828,87.0597076,0.767772496,1.55973101,4.17859983,418.9534,69.4898987,4.08850002,0.0250000004,50,1,0.119999997,0.550000012,0.0133333337
SL3_rand_15_r0,1,1400,1.10666668,1,1.38979805,4.17859983,0.0403333344,0.0303333327,0.0336440131,0.0333828479,0,1.38979805,6,2.5,7.7304101,0,0,0,0,0,1.53747809,0.585064828,87.0597076,0.767772496,1.55973101,4.17859983,418.9534,69.4898987,4.08850002,0.0250000004,50,1,0.119999997,0.550000012,0.0133333337
SL3_rand_15_r0,1,1401,1.12,1,1.38979805,4.17859983,0.0399999991,0.0299999993,0.0335106514,0.0332241878,0,1.38979805,6,2.5,7.7304101,0,0,0,0,0,1.53747809,0.585064828,87.0597076,0.767772496,1.55973101,4.17859983,418.9534,69.4898987,4.08850002,0.0250000004,50,1,0.119999997,0.550000012,0.0133333337
SL3_rand_15_r0,1,1402,1.13333333,1,1.38979805,4.17859983,0.0396666676,0.0296666659,0.0330727659,0.0327500887,0,1.38979805,6,2.5,7.7304101,0,0,0,0,0,1.53747809,0.585064828,87.0597076,0.767772496,1.55973101,4.17859983,418.9534,69.4898987,4.08850002,0.0250000004,50,1,0.119999997,0.550000012,0.0133333337
SL3_rand_15_r0,1,1403,1.14666665,1,1.38979805,4.17859983,0.0393333323,0.0293333326,0.0328168385,0.0326459482,0,1.38979805,6,2.5,7.7304101,0,0,0,0,0,1.53747809,0.585064828,87.0597076,0.767772496,1.55973101,4.17859983,418.9534,69.4898987,4.08850002,0.0250000004,50,1,0.119999997,0.550000012,0.0133333337
SL3_rand_15_r0,1,1404,1.15999997,1,1.38979805,4.17859983,0.0390000008,0.0289999992,0.0323659144,0.0321856737,0,1.38979805,6,2.5,7.7304101,0,0,0,0,0,1.53747809,0.585064828,87.0597076,0.767772496,1.55973101,4.17859983,418.9534,69.4898987,4.08850002,0.0250000004,50,1,0.119999997,0.550000012,0.0133333337
SL3_rand_15_r0,1,1405,1.17333329,1,1.38979805,4.17859983,0.0386666656,0.0286666658,0.0321654677,0.0317608081,0,1.38979805,6,2.5,7.7304101,0,0,0,0,0,1.53747809,0.585064828,87.0597076,0.767772496,1.55973101,4.17859983,418.9534,69.4898987,4.08850002,0.0250000004,50,1,0.119999997,0.550000012,0.0133333337
SL3_rand_15_r0,1,1406,1.18666661,1,1.38979805,4.17859983,0.038333334,0.0283333343,0.0316199474,0.0315510519,0,1.38979805,6,2.5,7.7304101,0,0,0,0,0,1.53747809,0.585064828,87.0597076,0.767772496,1.55973101,4.17859983,418.9534,69.4898987,4.08850002,0.0250000004,50,1,0.119999997,0.550000012,0.0133333337
SL3_rand_15_r0,1,1407,1.20000005,1,1.38979805,4.17859983,0.0379999988,0.0280000009,0.0313654244,0.0310603566,0,1.38979805,6,2.5,7.7304101,0,0,0,0,0,1.53747809,0.585064828,87.0597076,0.767772496,1.55973101,4.17859983,418.9534,69.4898987,4.08850002,0.0250000004,50,1,0.119999997,0.550000012,0.0133333337
SL3_rand_15_r0,1,1408,1.21333337,1,1.38979805,4.17859983,0.0376666673,0.0276666675,0.0309719108,0.0309159532,0,1.38979805,6,2.5,7.7304101,0,0,0,0,0,1.53747809,0.585064828,87.0597076,0.767772496,1.55973101,4.17859983,418.9534,69.4898987,4.08850002,0.0250000004,50,1,0.119999997,0.550000012,0.0133333337
SL3_rand_15_r0,1,1409,1.22666669,1,1.38979805,4.17859983,0.037333332,0.0273333341,0.0305816606,0.0304158274,0,1.38979805,6,2.5,7.7304101,0,0,0,0,0,1.53747809,0.585064828,87.0597076,0.767772496,1.55973101,4.17859983,418.9534,69.4898987,4.08850002,0.0250000004,50,1,0.119999997,0.550000012,0.0133333337
SL3_rand_15_r0,1,1410,1.24000001,1,1.38979805,4.17859983,0.0370000005,0.0270000007,0.0303866025,0.0302231424,0,1.38979805,6,2.5,7.7304101,0,0,0,0,0,1.53747809,0.585064828,87.0597076,0.767772496,1.55973101,4.17859983,418.9534,69.4898987,4.08850002,0.0250000004,50,1,0.119999997,0.550000012,0.0133333337
SL3_rand_15_r0,1,1411,1.25333333,1,1.38979805,4.17859983,0.0366666652,0.0266666673,0.0299157482,0.0297722872,0,1.38979805,6,2.5,7.7304101,0,0,0,0,0,1.53747809,0.585064828,87.0597076,0.767772496,1.55973101,4.17859983,418.9534,69.4898987,4.08850002,0.0250000004,50,1,0.119999997,0.550000012,0.0133333337
SL3_rand_15_r0,1,1412,1.26666665,1,1.38979805,4.17859983,0.0363333337,0.0263333339,0.0299060084,0.0295726657,0,1.38979805,6,2.5,7.7304101,0,0,0,0,0,1.53747809,0.585064828,87.0597076,0.767772496,1.55973101,4.17859983,418.9534,69.4898987,4.08850002,0.0250000004,50,1,0.119999997,0.550000012,0.0133333337
SL3_rand_15_r0,1,1413,1.27999997,1,1.38979805,4.17859983,0.0359999985,0.0260000005,0.0293693319,0.0291304179,0,1.38979805,6,2.5,7.7304101,0,0,0,0,0,1.53747809,0.585064828,87.0597076,0.767772496,1.55973101,4.17859983,418.9534,69.4898987,4.08850002,0.0250000004,50,1,0.119999997,0.550000012,0.0133333337
SL3_rand_15_r0,1,1414,1.29333329,1,1.38979805,4.17859983,0.0356666669,0.0256666671,0.02931986,0.029211387,0,1.38979805,6,2.5,7.7304101,0,0,0,0,0,1.53747809,0.585064828,87.0597076,0.767772496,1.55973101,4.17859983,418.9534,69.4898987,4.08850002,0.0250000004,50,1,0.119999997,0.550000012,0.0133333337
SL3_rand_15_r0,1,1415,1.30666661,1,1.38979805,4.17859983,0.0353333317,0.0253333338,0.0288185459,0.0285030305,0,1.38979805,6,2.5,7.7304101,0,0,0,0,0,1.53747809,0.585064828,87.0597076,0.767772496,1.55973101,4.17859983,418.9534,69.4898987,4.08850002,0.0250000004,50,1,0.119999997,0.550000012,0.0133333337
SL3_rand_15_r0,1,1416,1.32000005,1,1.38979805,4.17859983,0.0350000001,0.0250000004,0.0286036059,0.0283081792,0,1.38979805,6,2.5,7.7304101,0,0,0,0,0,1.53747809,0.585064828,87.0597076,0.767772496,1.55973101,4.17859983,418.9534,69.4898987,4.08850002,0.0250000004,50,1,0.119999997,0.550000012,0.0133333337
SL3_rand_15_r0,1,1417,1.33333337,1,1.38979805,4.17859983,0.0346666649,0.024666667,0.027970504,0.0278456714,0,1.38979805,6,2.5,7.7304101,0,0,0,0,0,1.53747809,0.585064828,87.0597076,0.767772496,1.55973101,4.17859983,418.9534,69.4898987,4.08850002,0.0250000004,50,1,0.119999997,0.550000012,0.0133333337
SL3_rand_15_r0,1,1418,1.34666669,1,1.38979805,4.17859983,0.0343333334,0.0243333336,0.0277440306,0.0274004862,0,1.38979805,6,2.5,7.7304101,0,0,0,0,0,1.53747809,0.585064828,87.0597076,0.767772496,1.55973101,4.17859983,418.9534,69.4898987,4.08850002,0.0250000004,50,1,0.119999997,0.550000012,0.0133333337
SL3_rand_15_r0,1,1419,1.36000001,1,1.38979805,4.17859983,0.0340000018,0.0240000002,0.0272354037,0.0271923393,0,1.38979805,6,2.5,7.7304101,0,0,0,0,0,1.53747809,0.585064828,87.0597076,0.767772496,1.55973101,4.17859983,418.9534,69.4898987,4.08850002,0.0250000004,50,1,0.119999997,0.550000012,0.0133333337
SL3_rand_15_r0,1,1420,1.37333333,1,1.38979805,4.17859983,0.0336666666,0.0236666668,0.0269371476,0.0267564319,0,1.38979805,6,2.5,7.7304101,0,0,0,0,0,1.53747809,0.585064828,87.0597076,0.767772496,1.55973101,4.17859983,418.9534,69.4898987,4.08850002,0.0250000004,50,1,0.119999997,0.550000012,0.0133333337
SL3_rand_15_r0,1,1421,1.38666666,1,1.38979805,4.17859983,0.0333333351,0.0233333334,0.0266181044,0.0265455991,0,1.38979805,6,2.5,7.7304101,0,0,0,0,0,1.53747809,0.585064828,87.0597076,0.767772496,1.55973101,4.17859983,418.9534,69.4898987,4.08850002,0.0250000004,50,1,0.119999997,0.550000012,0.0133333337
SL3_rand_15_r0,1,1422,1.39999998,1,1.38979805,4.17859983,0.0329999998,0.023,0.0262442734,0.0261173565,0,1.38979805,6,2.5,7.7304101,0,0,0,0,0,1.53747809,0.585064828,87.0597076,0.767772496,1.55973101,4.17859983,418.9534,69.4898987,4.08850002,0.0250000004,50,1,0.119999997,0.550000012,0.0133333337
SL3_rand_15_r0,1,1423,1.4133333,1,1.38979805,4.17859983,0.0326666683,0.0226666667,0.0261199716,0.0259039793,0,1.38979805,6,2.5,7.7304101,0,0,0,0,0,1.53747809,0.585064828,87.0597076,0.767772496,1.55973101,4.17859983,418.9534,69.4898987,4.08850002,0.0250000004,50,1,0.119999997,0.550000012,0.0133333337
SL3_rand_15_r0,1,1424,1.42666662,1,1.38979805,4.17859983,0.032333333,0.0223333333,0.025671985,0.0254825521,0,1.38979805,6,2.5,7.7304101,0,0,0,0,0,1.53747809,0.585064828,87.0597076,0.767772496,1.55973101,4.17859983,418.9534,69.4898987,4.08850002,0.0250000004,50,1,0.119999997,0.550000012,0.0133333337
SL3_rand_15_r0,1,1425,1.44000006,1,1.38979805,4.17859983,0.0320000015,0.0219999999,0.0256004352,0.025491612,0,1.38979805,6,2.5,7.7304101,0,0,0,0,0,1.53747809,0.585064828,87.0597076,0.767772496,1.55973101,4.17859983,418.9534,69.4898987,4.08850002,0.0250000004,50,1,0.119999997,0.550000012,0.0133333337
SL3_rand_15_r0,1,1426,1.45333338,1,1.38979805,4.17859983,0.0316666663,0.0216666665,0.0252214503,0.0248465594,0,1.38979805,6,2.5,7.7304101,0,0,0,0,0,1.53747809,0.585064828,87.0597076,0.767772496,1.55973101,4.17859983,418.9534,69.4898987,4.08850002,0.0250000004,50,1,0.119999997,0.550000012,0.0133333337
SL3_rand_15_r0,1,1427,1.4666667,1,1.38979805,4.17859983,0.0313333347,0.0213333331,0.0248070825,0.0246206727,0,1.38979805,6,2.5,7.7304101,0,0,0,0,0,1.53747809,0.585064828,87.0597076,0.767772496,1.55973101,4.17859983,418.9534,69.4898987,4.08850002,0.0250000004,50,1,0.119999997,0.550000012,0.0133333337
SL3_rand_15_r0,1,1428,1.48000002,1,1.38979805,4.17859983,0.0309999995,0.0209999997,0.0243889503,0.0241729598,0,1.38979805,6,2.5,7.7304101,0,0,0,0,0,1.53747809,0.585064828,87.0597076,0.767772496,1.55973101,4.17859983,418.9534,69.4898987,4.08850002,0.0250000004,50,1,0.119999997,0.550000012,0.0133333337
SL3_rand_15_r0,1,1429,1.49333334,1,1.38979805,4.17859983,0.0306666661,0.0206666663,0.0240745749,0.0239675175,0,1.38979805,6,2.5,7.7304101,0,0,0,0,0,1.53747809,0.585064828,87.0597076,0.767772496,1.55973101,4.17859983,418.9534,69.4898987,4.08850002,0.0250000004,50,1,0.119999997,0.550000012,0.0133333337
SL3_rand_15_r0,1,1430,1.50666666,1,1.38979805,4.17859983,0.0303333327,0.0203333329,0.0235873517,0.0235246904,0,1.38979805,6,2.5,7.7304101,0,0,0,0,0,1.53747809,0.585064828,87.0597076,0.767772496,1.55973101,4.17859983,418.9534,69.4898987,4.08850002,0.0250000004,50,1,0.119999997,0.550000012,0.0133333337
SL3_rand_15_r0,1,1431,1.51999998,1,1.38979805,4.17859983,0.0299999993,0.0199999996,0.0234527979,0.0230924543,0,1.38979805,6,2.5,7.7304101,0,0,0,0,0,1.53747809,0.585064828,87.0597076,0.767772496,1.55973101,4.17859983,418.9534,69.4898987,4.08850002,0.0250000004,50,1,0.119999997,0.550000012,0.0133333337
SL3_rand_15_r0,1,1432,1.5333333,1,1.38979805,4.17859983,0.0296666659,0.0196666662,0.0228971653,0.0228776298,0,1.38979805,6,2.5,7.7304101,0,0,0,0,0,1.53747809,0.585064828,87.0597076,0.767772496,1.55973101,4.17859983,418.9534,69.4898987,4.08850002,0.0250000004,50,1,0.119999997,0.550000012,0.0133333337
SL3_rand_15_r0,1,1433,1.54666662,1,1.38979805,4.17859983,0.0293333326,0.0193333328,0.0226842612,0.0224490743,0,1.38979805,6,2.5,7.7304101,0,0,0,0,0,1.53747809,0.585064828,87.0597076,0.767772496,1.55973101,4.17859983,418.9534,69.4898987,4.08850002,0.0250000004,50,1,0.119999997,0.550000012,0.0133333337
SL3_rand_15_r0,1,1434,1.55999994,1,1.38979805,4.17859983,0.0289999992,0.0189999994,0.022326814,0.0222308114,0,1.38979805,6,2.5,7.7304101,0,0,0,0,0,1.53747809,0.585064828,87.0597076,0.767772496,1.55973101,4.17859983,418.9534,69.4898987,4.08850002,0.0250000004,50,1,0.119999997,0.550000012,0.0133333337
SL3_rand_15_r0,1,1435,1.57333338,1,1.38979805,4.17859983,0.0286666658,0.018666666,0.02204266,0.0218050387,0,1.38979805,6,2.5,7.7304101,0,0,0,0,0,1.53747809,0.585064828,87.0597076,0.767772496,1.55973101,4.17859983,418.9534,69.4898987,4.08850002,0.0250000004,50,1,0.119999997,0.550000012,0.0133333337
SL3_rand_15_r0,1,1436,1.5866667,1,1.38979805,4.17859983,0.0283333343,0.0183333326,0.0218824539,0.0215846859,0,1.38979805,6,2.5,7.7304101,0,0,0,0,0,1.53747809,0.585064828,87.0597076,0.767772496,1.55973101,4.17859983,418.9534,69.4898987,4.08850002,0.0250000004,50,1,0.119999997,0.550000012,0.0133333337
SL3_rand_15_r0,1,1437,1.60000002,1,1.38979805,4.17859983,0.0280000009,0.0179999992,0.0215387698,0.0211605951,0,1.38979805,6,2.5,7.7304101,0,0,0,0,0,1.53747809,0.585064828,87.0597076,0.767772496,1.55973101,4.17859983,418.9534,69.4898987,4.08850002,0.0250000004,50,1,0.119999997,0.550000012,0.0133333337
SL3_rand_15_r0,1,1438,1.61333334,1,1.38979805,4.17859983,0.0276666675,0.0176666658,0.0211646389,0.0209219698,0,1.38979805,6,2.5,7.7304101,0,0,0,0,0,1.53747809,0.585064828,87.0597076,0.767772496,1.55973101,4.17859983,418.9534,69.4898987,4.08850002,0.0250000004,50,1,0.119999997,0.550000012,0.0133333337
SL3_rand_15_r0,1,1439,1.62666667,1,1.38979805,4.17859983,0.0273333341,0.0173333324,0.0209706984,0.0204790849,0,1.38979805,6,2.5,7.7304101,0,0,0,0,0,1.53747809,0.585064828,87.0597076,0.767772496,1.55973101,4.17859983,418.9534,69.4898987,4.08850002,0.0250000004,50,1,0.119999997,0.550000012,0.0133333337
SL3_rand_15_r0,1,1440,1.63999999,1,1.38979805,4.17859983,0.0270000007,0.0170000009,0.0203435831,0.020267345,0,1.38979805,6,2.5,7.7304101,0,0,0,0,0,1.53747809,0.585064828,87.0597076,0.767772496,1.55973101,4.17859983,418.9534,69.4898987,4.08850002,0.0250000004,50,1,0.119999997,0.550000012,0.0133333337
SL3_rand_15_r0,1,1441,1.65333331,1,1.38979805,4.17859983,0.0266666673,0.0166666675,0.0200479515,0.0198284779,0,1.38979805,6,2.5,7.7304101,0,0,0,0,0,1.53747809,0.585064828,87.0597076,0.767772496,1.55973101,4.17859983,418.9534,69.4898987,4.08850002,0.0250000004,50,1,0.119999997,0.550000012,0.0133333337
SL3_rand_15_r0,1,1442,1.66666663,1,1.38979805,4.17859983,0.0263333339,0.0163333341,0.0196509138,0.0196140651,0,1.38979805,6,2.5,7.7304101,0,0,0,0,0,1.53747809,0.585064828,87.0597076,0.767772496,1.55973101,4.17859983,418.9534,69.4898987,4.08850002,0.0250000004,50,1,0.119999997,0.550000012,0.0133333337
SL3_rand_15_r0,1,1443,1.67999995,1,1.38979805,4.17859983,0.0260000005,0.0160000008,0.0192375127,0.019177502,0,1.38979805,6,2.5,7.7304101,0,0,0,0,0,1.53747809,0.585064828,87.0597076,0.767772496,1.55973101,4.17859983,418.9534,69.4898987,4.08850002,0.0250000004,50,1,0.119999997,0.550000012,0.0133333337
SL3_rand_15_r0,1,1444,1.69333339,1,1.38979805,4.17859983,0.0256666671,0.0156666674,0.0190955531,0.0189604908,0,1.38979805,6,2.5,7.7304101,0,0,0,0,0,1.53747809,0.585064828,87.0597076,0.767772496,1.55973101,4.17859983,418.9534,69.4898987,4.08850002,0.0250000004,50,1,0.119999997,0.550000012,0.0133333337
SL3_rand_15_r0,1,1445,1.70666671,1,1.38979805,4.17859983,0.0253333338,0.0153333331,0.0185537655,0.0185255893,0,1.38979805,6,2.5,7.7304101,0,0,0,0,0,1.53747809,0.585064828,87.0597076,0.767772496,1.55973101,4.17859983,418.9534,69.4898987,4.08850002,0.0250000004,50,1,0.119999997,0.550000012,0.0133333337
SL3_rand_15_r0,1,1446,1.72000003,1,1.38979805,4.17859983,0.0250000004,0.0149999997,0.0185731631,0.0180902556,0,1.38979805,6,2.5,7.7304101,0,0,0,0,0,1.53747809,0.585064828,87.0597076,0.767772496,1.55973101,4.17859983,418.9534,69.4898987,4.08850002,0.0250000004,50,1,0.119999997,0.550000012,0.0133333337
SL3_rand_15_r0,1,1447,1.73333335,1,1.38979805,4.17859983,0.024666667,0.0146666663,0.0180109311,0.0178728327,0,1.38979805,6,2.5,7.7304101,0,0,0,0,0,1.53747809,0.585064828,87.0597076,0.767772496,1.55973101,4.17859983,418.9534,69.4898987,4.08850002,0.0250000004,50,1,0.119999997,0.550000012,0.0133333337
SL3_rand_15_r0,1,1448,1.74666667,1,1.38979805,4.17859983,0.0243333336,0.0143333329,0.0180070512,0.0174378958,0,1.38979805,6,2.5,7.7304101,0,0,0,0,0,1.53747809,0.585064828,87.0597076,0.767772496,1.55973101,4.17859983,418.9534,69.4898987,4.08850002,0.0250000004,50,1,0.119999997,0.550000012,0.0133333337
SL3_rand_15_r0,1,1449,1.75999999,1,1.38979805,4.17859983,0.0240000002,0.0140000004,0.0176239517,0.0172210094,0,1.38979805,6,2.5,7.7304101,0,0,0,0,0,1.53747809,0.585064828,87.0597076,0.767772496,1.55973101,4.17859983,418.9534,69.4898987,4.08850002,0.0250000004,50,1,0.119999997,0.550000012,0.0133333337
SL3_rand_15_r0,1,1450,1.77333331,1,1.38979805,4.17859983,0.0236666668,0.013666667,0.0173851568,0.0170022305,0,1.38979805,6,2.5,7.7304101,0,0,0,0,0,1.53747809,0.585064828,87.0597076,0.767772496,1.55973101,4.17859983,418.9534,69.4898987,4.08850002,0.0250000004,50,1,0.119999997,0.550000012,0.0133333337
SL3_rand_15_r0,1,1451,1.78666663,1,1.38979805,4.17859983,0.0233333334,0.0133333337,0.0167632718,0.0165377241,0,1.38979805,6,2.5,7.7304101,0,0,0,0,0,1.53747809,0.585064828,87.0597076,0.767772496,1.55973101,4.17859983,418.9534,69.4898987,4.08850002,0.0250000004,50,1,0.119999997,0.550000012,0.0133333337
SL3_rand_15_r0,1,1452,1.79999995,1,1.38979805,4.17859983,0.023,0.0130000003,0.0166188665,0.0163424686,0,1.38979805,6,2.5,7.7304101,0,0,0,0,0,1.53747809,0.585064828,87.0597076,0.767772496,1.55973101,4.17859983,418.9534,69.4898987,4.08850002,0.0250000004,50,1,0.119999997,0.550000012,0.0133333337
SL3_rand_15_r0,1,1453,1.81333339,1,1.38979805,4.17859983,0.0226666667,0.0126666669,0.0159246456,0.0158794504,0,1.38979805,6,2.5,7.7304101,0,0,0,0,0,1.53747809,0.585064828,87.0597076,0.767772496,1.55973101,4.17859983,418.9534,69.4898987,4.08850002,0.0250000004,50,1,0.119999997,0.550000012,0.0133333337
SL3_rand_15_r0,1,1454,1.82666671,1,1.38979805,4.17859983,0.0223333333,0.0123333335,0.0157297179,0.0154341841,0,1.38979805,6,2.5,7.7304101,0,0,0,0,0,1.53747809,0.585064828,87.0597076,0.767772496,1.55973101,4.17859983,418.9534,69.4898987,4.08850002,0.0250000004,50,1,0.119999997,0.550000012,0.0133333337
SL3_rand_15_r0,1,1455,1.84000003,1,1.38979805,4.17859983,0.0219999999,0.0120000001,0.0152370669,0.0152237378,0,1.38979805,6,2.5,7.7304101,0,0,0,0,0,1.53747809,0.585064828,87.0597076,0.767772496,1.55973101,4.17859983,418.9534,69.4898987,4.08850002,0.0250000004,50,1,0.119999997,0.550000012,0.0133333337
SL3_rand_15_r0,1,1456,1.85333335,1,1.38979805,4.17859983,0.0216666665,0.0116666667,0.0148865897,0.0147814127,0,1.38979805,6,2.5,7.7304101,0,0,0,0,0,1.53747809,0.585064828,87.0597076,0.767772496,1.55973101,4.17859983,418.9534,69.4898987,4.08850002,0.0250000004,50,1,0.119999997,0.550000012,0.0133333337
SL3_rand_15_r0,1,1457,1.86666667,1,1.38979805,4.17859983,0.0213333331,0.0113333333,0.0147223109,0.0145725524,0,1.38979805,6,2.5,7.7304101,0,0,0,0,0,1.53747809,0.585064828,87.0597076,0.767772496,1.55973101,4.17859983,418.9534,69.4898987,4.08850002,0.0250000004,50,1,0.119999997,0.550000012,0.0133333337
SL3_rand_15_r0,1,1458,1.88,1,1.38979805,4.17859983,0.0209999997,0.0109999999,0.014212477,0.0141334319,0,1.38979805,6,2.5,7.7304101,0,0,0,0,0,1.53747809,0.585064828,87.0597076,0.767772496,1.55973101,4.17859983,418.9534,69.4898987,4.08850002,0.0250000004,50,1,0.119999997,0.550000012,0.0133333337
SL3_rand_15_r0,1,1459,1.89333332,1,1.38979805,4.17859983,0.0206666663,0.0106666666,0.0143092321,0.0142841348,0,1.38979805,6,2.5,7.7304101,0,0,0,0,0,1.53747809,0.585064828,87.0597076,0.767772496,1.55973101,4.17859983,418.9534,69.4898987,4.08850002,0.0250000004,50,1,0.119999997,0.550000012,0.0133333337
SL3_rand_15_r0,1,1460,1.90666664,1,1.38979805,4.17859983,0.0203333329,0.0103333332,0.0137307849,0.0134872505,0,1.38979805,6,2.5,7.7304101,0,0,0,0,0,1.53747809,0.585064828,87.0597076,0.767772496,1.55973101,4.17859983,418.9534,69.4898987,4.08850002,0.0250000004,50,1,0.119999997,0.550000012,0.0133333337
SL3_rand_15_r0,1,1461,1.91999996,1,1.38979805,4.17859983,0.0199999996,0.00999999978,0.0137140108,0.0132817226,0,1.38979805,6,2.5,7.7304101,0,0,0,0,0,1.53747809,0.585064828,87.0597076,0.767772496,1.55973101,4.17859983,418.9534,69.4898987,4.08850002,0.0250000004,50,1,0.119999997,0.550000012,0.0133333337
SL3_rand_15_r0,1,1462,1.93333328,1,1.38979805,4.17859983,0.0196666662,0.00966666639,0.0134624075,0.0128419036,0,1.38979805,6,2.5,7.7304101,0,0,0,0,0,1.53747809,0.585064828,87.0597076,0.767772496,1.55973101,4.17859983,418.9534,69.4898987,4.08850002,0.0250000004,50,1,0.119999997,0.550000012,0.0133333337
SL3_rand_15_r0,1,1463,1.94666672,1,1.38979805,4.17859983,0.0193333328,0.009333333,0.0128007336,0.0126305232,0,1.38979805,6,2.5,7.7304101,0,0,0,0,0,1.53747809,0.585064828,87.0597076,0.767772496,1.55973101,4.17859983,418.9534,69.4898987,4.08850002,0.0250000004,50,1,0.119999997,0.550000012,0.0133333337
SL3_rand_15_r0,1,1464,1.96000004,1,1.38979805,4.17859983,0.0189999994,0.00899999961,0.012459592,0.0121593727,0,1.38979805,6,2.5,7.7304101,0,0,0,0,0,1.53747809,0.585064828,87.0597076,0.767772496,1.55973101,4.17859983,418.9534,69.4898987,4.08850002,0.0250000004,50,1,0.119999997,0.550000012,0.0133333337
SL3_rand_15_r0,1,1465,1.97333336,1,1.38979805,4.17859983,0.018666666,0.00866666622,0.012087279,0.01198225,0,1.38979805,6,2.5,7.7304101,0,0,0,0,0,1.53747809,0.585064828,87.0597076,0.767772496,1.55973101,4.17859983,418.9534,69.4898987,4.08850002,0.0250000004,50,1,0.119999997,0.550000012,0.0133333337
SL3_rand_15_r0,1,1466,1.98666668,1,1.38979805,4.17859983,0.0183333326,0.00833333377,0.0115723647,0.01151413,0,1.38979805,6,2.5,7.7304101,0,0,0,0,0,1.53747809,0.585064828,87.0597076,0.767772496,1.55973101,4.17859983,418.9534,69.4898987,4.08850002,0.0250000004,50,1,0.119999997,0.550000012,0.0133333337
SL3_rand_15_r0,1,1467,2,2,1.38979805,4.17859983,0.0179999992,0.00800000038,0.0115673216,0.0110661834,0,1.38979805,6,2.5,7.7304101,0,0,0,0,0,2.29842901,0.187588975,88.3578033,0.957345963,1.24942029,4.17859983,418.9534,69.4898987,4.08850002,0.0250000004,50,1,0.119999997,0.550000012,0.0133333337
SL3_rand_15_r0,1,1468,2.01333332,2,1.38979805,4.17859983,0.0176666658,0.00766666653,0.0108803958,0.0108721433,0,1.38979805,6,2.5,7.7304101,0,0,0,0,0,2.29842901,0.187588975,88.3578033,0.957345963,1.24942029,4.17859983,418.9534,69.4898987,4.08850002,0.0250000004,50,1,0.119999997,0.550000012,0.0133333337
SL3_rand_15_r0,1,1469,2.02666664,2,1.38979805,4.17859983,0.0173333324,0.00733333314,0.0107056079,0.0104260817,0,1.38979805,6,2.5,7.7304101,0,0,0,0,0,2.29842901,0.187588975,88.3578033,0.957345963,1.24942029,4.17859983,418.9534,69.4898987,4.08850002,0.0250000004,50,1,0.119999997,0.550000012,0.0133333337
SL3_rand_15_r0,1,1470,2.03999996,2,1.38979805,4.17859983,0.0170000009,0.00700000022,0.0104243131,0.0102314139,0,1.38979805,6,2.5,7.7304101,0,0,0,0,0,2.29842901,0.187588975,88.3578033,0.957345963,1.24942029,4.17859983,418.9534,69.4898987,4.08850002,0.0250000004,50,1,0.119999997,0.550000012,0.0133333337
SL3_rand_15_r0,1,1471,2.05333328,2,1.43929923,4.17859983,0.0166666675,0.00666666683,0.0100851404,0.00978517346,0.000214826418,1.47980022,6,2.5,7.7304101,0,0,0,0,0,2.29842901,0.187588975,88.3578033,0.957345963,1.24942029,4.17859983,418.9534,69.4898987,4.08850002,0.0250000004,50,1,0.119999997,0.550000012,0.0133333337
SL3_rand_15_r0,1,1472,2.0666666,2,1.50669825,4.17859983,0.0163333341,0.00633333344,0.0102402056,0.00958934613,0.000410654029,1.56184292,6,2.5,7.7304101,0,0,0,0,0,2.29842901,0.187588975,88.3578033,0.957345963,1.24942029,4.17859983,418.9534,69.4898987,4.08850002,0.0250000004,50,1,0.119999997,0.550000012,0.0133333337
SL3_rand_15_r0,1,1473,2.07999992,2,1.63974047,4.17859983,0.0160000008,0.00600000005,0.00975910388,0.00914359186,0.000856408442,1.74859321,6,2.5,7.7304101,0,0,0,0,0,2.29842901,0.187588975,88.3578033,0.957345963,1.24942029,4.17859983,418.9534,69.4898987,4.08850002,0.0250000004,50,1,0.119999997,0.550000012,0.0133333337
SL3_rand_15_r0,1,1474,2.09333324,2,1.74349678,4.17859983,0.0156666674,0.00566666666,0.00933153927,0.00895312894,0.0010468713,1.82838821,6,2.5,7.7304101,0,0,0,0,0,2.29842901,0.187588975,88.3578033,0.957345963,1.24942029,4.17859983,418.9534,69.4898987,4.08850002,0.0250000004,50,1,0.119999997,0.550000012,0.0133333337
SL3_rand_15_r0,1,1475,2.10666656,2,1.90003872,4.17859983,0.0153333331,0.00533333328,0.00948228873,0.00847639237,0.00152360753,2.02811861,6,2.5,7.7304101,0,0,0,0,0,2.29842901,0.187588975,88.3578033,0.957345963,1.24942029,4.17859983,418.9534,69.4898987,4.08850002,0.0250000004,50,1,0.119999997,0.550000012,0.0133333337
SL3_rand_15_r0,1,1476,2.11999989,2,2.01012039,4.17859983,0.0149999997,0.00499999989,0.00836609583,0.0083043715,0.00169562863,2.1001873,6,2.5,7.7304101,0,0,0,0,0,2.29842901,0.187588975,88.3578033,0.957345963,1.24942029,4.17859983,418.9534,69.4898987,4.08850002,0.0250000004,50,1,0.119999997,0.550000012,0.0133333337
SL3_rand_15_r0,1,1477,2.13333344,2,2.16871524,4.17859983,0.0146666663,0.0046666665,0.00825606566,0.00783107989,0.00216892036,2.29847455,6,2.5,7.7304101,0,0,0,0,0,2.29842901,0.187588975,88.3578033,0.957345963,1.24942029,4.17859983,418.9534,69.4898987,4.08850002,0.0250000004,50,1,0.119999997,0.550000012,0.0133333337
SL3_rand_15_r0,1,1478,2.14666677,2,2.28095055,4.17859983,0.0143333329,0.00433333311,0.00770626683,0.00765372068,0.0023462791,2.37277961,6,2.5,7.7304101,1,0,0,0,0,2.29842901,0.187588975,88.3578033,0.957345963,1.24942029,4.17859983,418.9534,69.4898987,4.08850002,0.0250000004,50,1,0.119999997,0.550000012,0.0133333337
SL3_rand_15_r0,1,1479,2.16000009,2,2.43996596,4.17859983,0.0140000004,0.00400000019,0.00724789593,0.00718280999,0.00281718979,2.57006931,6,2.5,7.7304101,1,0,0,1,0,2.29842901,0.187588975,88.3578033,0.957345963,1.24942029,4.17859983,418.9534,69.4898987,4.08850002,0.0250000004,50,1,0.119999997,0.550000012,0.0133333337
SL3_rand_15_r0,1,1480,2.4870801,2,2.55341077,4.17859983,0.013666667,0.00366666657,0.00743738608,0.00700102374,0.00299897604,2.64622927,6,2.5,7.7304101,1,1,0,2,0,2.29842901,0.187588975,88.3578033,0.957345963,1.24942029,4.17859983,418.9534,69.4898987,4.08850002,0.0250000004,50,1,0.119999997,0.550000012,0.0133333337
SL3_rand_15_r0,1,1481,4.32707977,4,2.73718929,4.17859983,0.0133333337,0.00333333341,0.00757602602,0.00642500678,0.00357499323,2.88755369,6,2.5,7.7304101,1,1,0,3,0,4.93631792,-0.286530286,89.4188995,0.924170613,4.44949293,4.17859983,418.9534,69.4898987,4.08850002,0.0250000004,50,1,0.119999997,0.550000012,0.0133333337
SL3_rand_15_r0,1,1482,4.65416002,4,2.73916864,4.17859983,0.0130000003,0.00300000003,0.00692264503,0.0067753219,0.00322467834,2.74078798,6,2.5,7.7304101,1,1,0,4,0,4.93631792,-0.286530286,89.4188995,0.924170613,4.44949293,4.17859983,418.9534,69.4898987,4.08850002,0.0250000004,50,1,0.119999997,0.550000012,0.0133333337
SL3_rand_15_r0,1,1483,4.9812398,4,2.90927219,4.17859983,0.0126666669,0.00266666664,0.00609388715,0.006040968,0.00395903224,3.04844809,6,2.5,7.7304101,1,1,0,5,0,4.93631792,-0.286530286,89.4188995,0.924170613,4.44949293,4.17859983,418.9534,69.4898987,4.08850002,0.0250000004,50,1,0.119999997,0.550000012,0.0133333337
SL3_rand_15_r0,1,1484,5.30832005,5,2.92406034,4.17859983,0.0123333335,0.00233333325,0.00675338041,0.00630898867,0.00369101157,2.93615985,6,2.5,7.7304101,1,1,0,6,0,5.66856956,0.108049065,88.8819504,0.767772496,7.53363371,4.17859983,418.9534,69.4898987,4.08850002,0.0250000004,50,1,0.119999997,0.550000012,0.0133333337
SL3_rand_15_r0,1,1485,7.32707977,7,3.09052491,4.17859983,0.0120000001,0.00200000009,0.00619366951,0.00561544253,0.00438455725,3.22672319,6,2.5,7.7304101,1,1,0,7,0,0.000491816958,-1.90483809,87.3423538,1.03317535,0.571740508,4.17859983,418.9534,69.4898987,4.08850002,0.0250000004,50,1,0.119999997,0.550000012,0.0133333337
SL3_rand_15_r0,1,1486,7.65416002,7,3.26434612,4.17859983,0.0120000001,0.00200000009,0.00574585749,0.00518618198,0.00481381826,3.40656352,6,2.5,7.7304101,1,1,0,8,0,0.000491816958,-1.90483809,87.3423538,1.03317535,0.571740508,4.17859983,418.9534,69.4898987,4.08850002,0.0250000004,50,1,0.119999997,0.550000012,0.0133333337
SL3_rand_15_r0,1,1487,7.9812398,7,3.2664156,4.17859983,0.0120000001,0.00200000009,0.00554598868,0.00527962018,0.0047203796,3.26810884,6,2.5,7.7304101,1,1,0,9,0,0.000491816958,-1.90483809,87.3423538,1.03317535,0.571740508,4.17859983,418.9534,69.4898987,4.08850002,0.0250000004,50,1,0.119999997,0.550000012,0.0133333337
SL3_rand_15_r0,1,1488,8.30832005,8,3.36154151,4.17859983,0.0120000001,0.00200000009,0.00559902983,0.00482560555,0.00517439423,3.43937159,6,2.5,7.7304101,1,1,0,10,0,-0.276460409,-1.581128,86.7917709,1.00947869,1.53617322,4.17859983,418.9534,69.4898987,4.08850002,0.0250000004,50,1,0.119999997,0.550000012,0.0133333337
SL3_rand_15_r0,1,1489,10.3270798,10,3.13593411,4.17859983,0.0120000001,0.00200000009,0.00616615778,0.00571996765,0.00428003259,2.9513464,6,2.5,7.7304101,1,1,0,11,0,2.54290223,-0.149301633,87.0909958,1.05687201,3.23542881,4.17859983,418.9534,69.4898987,4.08850002,0.0250000004,50,1,0.119999997,0.550000012,0.0133333337
SL3_rand_15_r0,1,1490,10.6541595,10,3.24977827,4.17859983,0.0120000001,0.00200000009,0.00566559192,0.00533808442,0.00466191582,3.3429234,6,2.5,7.7304101,1,1,0,12,0,2.54290223,-0.149301633,87.0909958,1.05687201,3.23542881,4.17859983,418.9534,69.4898987,4.08850002,0.0250000004,50,1,0.119999997,0.550000012,0.0133333337
SL3_rand_15_r0,1,1491,10.9812403,10,3.16431761,4.17859983,0.0120000001,0.00200000009,0.00580484839,0.00573452935,0.0042654709,3.09439516,6,2.5,7.7304101,1,1,0,13,0,2.54290223,-0.149301633,87.0909958,1.05687201,3.23542881,4.17859983,418.9534,69.4898987,4.08850002,0.0250000004,50,1,0.119999997,0.550000012,0.0133333337
SL3_rand_15_r0,1,1492,11.30832,11,3.23068047,4.17859983,0.0120000001,0.00200000009,0.00610719016,0.00547639607,0.00452360371,3.2849772,6,2.5,7.7304101,1,1,0,14,0,3.47281599,-0.0345037654,88.2762146,1.04265404,3.28208613,4.17859983,418.9534,69.4898987,4.08850002,0.0250000004,50,1,0.119999997,0.550000012,0.0133333337
SL3_rand_15_r0,1,1493,13.3270798,13,3.07929277,4.17859983,0.0120000001,0.00200000009,0.00623129681,0.00611901935,0.00388098066,2.95543027,6,2.5,7.7304101,1,1,0,15,0,0.809388578,-1.4872812,84.6186295,1.05687201,5.06781673,4.17859983,418.9534,69.4898987,4.08850002,0.0250000004,50,1,0.119999997,0.550000012,0.0133333337
SL3_rand_15_r0,1,1494,13.6541595,13,3.0438664,4.17859983,0.0120000001,0.00200000009,0.00656619249,0.00612108875,0.00387891126,3.01488113,6,2.5,7.7304101,1,1,0,16,0,0.809388578,-1.4872812,84.6186295,1.05687201,5.06781673,4.17859983,418.9534,69.4898987,4.08850002,0.0250000004,50,1,0.119999997,0.550000012,0.0133333337
SL3_rand_15_r0,1,1495,13.9812403,13,2.89852548,4.17859983,0.0120000001,0.00200000009,0.00735543622,0.00668265671,0.00331734307,2.77961016,6,2.5,7.7304101,1,1,0,17,0,0.809388578,-1.4872812,84.6186295,1.05687201,5.06781673,4.17859983,418.9534,69.4898987,4.08850002,0.0250000004,50,1,0.119999997,0.550000012,0.0133333337
SL3_rand_15_r0,1,1496,14.30832,14,2.67765141,4.17859983,0.0120000001,0.00200000009,0.00771721965,0.00735737104,0.0026426292,2.49693656,6,2.5,7.7304101,1,1,0,18,0,-0.701371372,-3.92919755,84.9847336,1.04265404,1.82795691,4.17859983,418.9534,69.4898987,4.08850002,0.0250000004,50,1,0.119999997,0.550000012,0.0133333337
SL3_rand_15_r0,1,1497,16.0133343,16,2.49760056,4.17859983,0.0120000001,0.00200000009,0.00823822059,0.00770741096,0.00229258928,2.35028601,6,2.5,7.7304101,0,0,0,0,0,0.353537947,-0.954769909,78.5530319,1.06161141,0.155646145,4.17859983,418.9534,69.4898987,4.08850002,0.0250000004,50,1,0.119999997,0.550000012,0.0133333337
SL3_rand_15_r0,1,1498,16.0266666,16,2.17143893,4.17859983,0.0120000001,0.00200000009,0.00888972543,0.00877126865,0.00122873171,1.90457928,6,2.5,7.7304101,0,0,0,0,0,0.353537947,-0.954769909,78.5530319,1.06161141,0.155646145,4.17859983,418.9534,69.4898987,4.08850002,0.0250000004,50,1,0.119999997,0.550000012,0.0133333337
SL3_rand_15_r0,1,1499,16.0400009,16,2.07443357,4.17859983,0.0120000001,0.00200000009,0.00889235921,0.0085552875,0.00144471298,1.99506545,6,2.5,7.7304101,0,0,0,0,0,0.353537947,-0.954769909,78.5530319,1.06161141,0.155646145,4.17859983,418.9534,69.4898987,4.08850002,0.0250000004,50,1,0.119999997,0.550000012,0.0133333337
SL3_rand_15_r0,1,1500,16.0533333,16,1.82294977,4.17859983,0.0120000001,0.00200000009,0.00967059005,0.00945723709,0.000542762864,1.61719036,6,2.5,7.7304101,0,0,0,0,0,0.353537947,-0.954769909,78.5530319,1.06161141,0.155646145,4.17859983,418.9534,69.4898987,4.08850002,0.0250000004,50,1,0.119999997,0.550000012,0.0133333337
SL3_rand_15_r0,1,1501,16.0666676,16,1.76098514,4.17859983,0.0120000001,0.00200000009,0.0107607059,0.00923502538,0.000764974684,1.71028674,6,2.5,7.7304101,0,0,0,0,0,0.353537947,-0.954769909,78.5530319,1.06161141,0.155646145,4.17859983,418.9534,69.4898987,4.08850002,0.0250000004,50,1,0.119999997,0.550000012,0.0133333337
SL3_rand_15_r0,1,1502,16.0799999,16,1.55683219,4.17859983,0.0120000001,0.00200000009,0.0109798089,0.0103054773,0,1.38979805,6,2.5,7.7304101,0,0,0,0,0,0.353537947,-0.954769909,78.5530319,1.06161141,0.155646145,4.17859983,418.9534,69.4898987,4.08850002,0.0250000004,50,1,0.119999997,0.550000012,0.0133333337
SL3_rand_15_r0,1,1503,16.0933342,16,1.57056606,4.17859983,0.0120000001,0.00200000009,0.0118500981,0.00954170339,0.000458296185,1.58180273,6,2.5,7.7304101,0,0,0,0,0,0.353537947,-0.954769909,78.5530319,1.06161141,0.155646145,4.17859983,418.9534,69.4898987,4.08850002,0.0250000004,50,1,0.119999997,0.550000012,0.0133333337
SL3_rand_15_r0,1,1504,16.1066666,16,1.4711436,4.17859983,0.0120000001,0.00200000009,0.0113310618,0.0108744353,0,1.38979805,6,2.5,7.7304101,0,0,0,0,0,0.353537947,-0.954769909,78.5530319,1.06161141,0.155646145,4.17859983,418.9534,69.4898987,4.08850002,0.0250000004,50,1,0.119999997,0.550000012,0.0133333337
SL3_rand_15_r0,1,1505,16.1200008,16,1.42640352,4.17859983,0.0120000001,0.00200000009,0.0119211096,0.0117762825,0,1.38979805,6,2.5,7.7304101,0,0,0,0,0,0.353537947,-0.954769909,78.5530319,1.06161141,0.155646145,4.17859983,418.9534,69.4898987,4.08850002,0.0250000004,50,1,0.119999997,0.550000012,0.0133333337
SL3_rand_15_r0,1,1506,16.1333332,16,1.4062705,4.17859983,0.0120000001,0.00200000009,0.0118696233,0.0105777606,0,1.38979805,6,2.5,7.7304101,0,0,0,0,0,0.353537947,-0.954769909,78.5530319,1.06161141,0.155646145,4.17859983,418.9534,69.4898987,4.08850002,0.0250000004,50,1,0.119999997,0.550000012,0.0133333337
SL3_rand_15_r0,1,1507,16.1466675,16,1.3972106,4.17859983,0.0120000001,0.00200000009,0.0118022021,0.0111108776,0,1.38979805,6,2.5,7.7304101,0,0,0,0,0,0.353537947,-0.954769909,78.5530319,1.06161141,0.155646145,4.17859983,418.9534,69.4898987,4.08850002,0.0250000004,50,1,0.119999997,0.550000012,0.0133333337
SL3_rand_15_r0,1,1508,16.1599998,16,1.39313364,4.17859983,0.0120000001,0.00200000009,0.0121201742,0.0116435234,0,1.38979805,6,2.5,7.7304101,0,0,0,0,0,0.353537947,-0.954769909,78.5530319,1.06161141,0.155646145,4.17859983,418.9534,69.4898987,4.08850002,0.0250000004,50,1,0.119999997,0.550000012,0.0133333337
SL3_rand_15_r0,1,1509,16.1733341,16,1.41564977,4.17859983,0.0120000001,0.00200000009,0.0115485629,0.0098943226,0.000105677493,1.4340719,6,2.5,7.7304101,0,0,0,0,0,0.353537947,-0.954769909,78.5530319,1.06161141,0.155646145,4.17859983,418.9534,69.4898987,4.08850002,0.0250000004,50,1,0.119999997,0.550000012,0.0133333337
SL3_rand_15_r0,1,1510,16.1866665,16,1.40143132,4.17859983,0.0120000001,0.00200000009,0.0108407084,0.0102571696,0,1.38979805,6,2.5,7.7304101,0,0,0,0,0,0.353537947,-0.954769909,78.5530319,1.06161141,0.155646145,4.17859983,418.9534,69.4898987,4.08850002,0.0250000004,50,1,0.119999997,0.550000012,0.0133333337
SL3_rand_15_r0,1,1511,16.2000008,16,1.43534255,4.17859983,0.0120000001,0.00200000009,0.0106330737,0.00982506387,0.000174936198,1.46308815,6,2.5,7.7304101,0,0,0,0,0,0.353537947,-0.954769909,78.5530319,1.06161141,0.155646145,4.17859983,418.9534,69.4898987,4.08850002,0.0250000004,50,1,0.119999997,0.550000012,0.0133333337
SL3_rand_15_r0,1,1512,16.2133331,16,1.91505933,4.17859983,0.0120000001,0.00200000009,0.0106244106,0.00780940568,0.0021905941,2.30755496,6,2.5,7.7304101,0,0,0,0,0,0.353537947,-0.954769909,78.5530319,1.06161141,0.155646145,4.17859983,418.9534,69.4898987,4.08850002,0.0250000004,50,1,0.119999997,0.550000012,0.0133333337
SL3_rand_15_r0,1,1513,16.2266674,16,2.07122254,4.17859983,0.0120000001,0.00200000009,0.00929064397,0.00806853361,0.00193146674,2.19899249,6,2.5,7.7304101,0,0,0,0,0,0.353537947,-0.954769909,78.5530319,1.06161141,0.155646145,4.17859983,418.9534,69.4898987,4.08850002,0.0250000004,50,1,0.119999997,0.550000012,0.0133333337
SL3_rand_15_r0,1,1514,16.2399998,16,2.28790498,4.17859983,0.0120000001,0.00200000009,0.0081368722,0.00743314531,0.00256685447,2.46519041,6,2.5,7.7304101,0,0,0,0,0,0.353537947,-0.954769909,78.5530319,1.06161141,0.155646145,4.17859983,418.9534,69.4898987,4.08850002,0.0250000004,50,1,0.119999997,0.550000012,0.0133333337
SL3_rand_15_r0,1,1515,16.253334,16,2.68323803,4.17859983,0.0120000001,0.00200000009,0.007688276,0.00614063395,0.00385936606,3.00669265,6,2.5,7.7304101,1,1,0,1,0,0.353537947,-0.954769909,78.5530319,1.06161141,0.155646145,4.17859983,418.9534,69.4898987,4.08850002,0.0250000004,50,1,0.119999997,0.550000012,0.0133333337
SL3_rand_15_r0,1,1516,16.5804138,16,2.78864241,4.17859983,0.0120000001,0.00200000009,0.00678765448,0.00645525195,0.00354474783,2.87488222,6,2.5,7.7304101,1,1,0,2,0,0.353537947,-0.954769909,78.5530319,1.06161141,0.155646145,4.17859983,418.9534,69.4898987,4.08850002,0.0250000004,50,1,0.119999997,0.550000012,0.0133333337
SL3_rand_15_r0,1,1517,18.3270798,18,3.1869843,4.17859983,0.0120000001,0.00200000009,0.0057864883,0.00493236585,0.0050676344,3.51290059,6,2.5,7.7304101,1,1,0,3,0,-1.37056386,-2.86788392,78.0036392,1.06161141,10.7733011,4.17859983,418.9534,69.4898987,4.08850002,0.0250000004,50,1,0.119999997,0.550000012,0.0133333337
SL3_rand_15_r0,1,1518,18.6541595,18,3.85821342,4.17859983,0.0120000001,0.00200000009,0.00480873603,0.00277410471,0.0072258953,4.40740108,6,2.5,7.7304101,1,1,0,4,0,-1.37056386,-2.86788392,78.0036392,1.06161141,10.7733011,4.17859983,418.9534,69.4898987,4.08850002,0.0250000004,50,1,0.119999997,0.550000012,0.0133333337
SL3_rand_15_r0,1,1519,18.9812393,18,3.18425632,4.17859983,0.0120000001,0.00200000009,0.00530377962,0.00515038706,0.00484961318,2.63283706,6,2.5,7.7304101,1,1,0,5,0,-1.37056386,-2.86788392,78.0036392,1.06161141,10.7733011,4.17859983,418.9534,69.4898987,4.08850002,0.0250000004,50,1,0.119999997,0.550000012,0.0133333337
SL3_rand_15_r0,1,1520,19.3083191,19,3.52143145,4.17859983,0.0120000001,0.00200000009,0.00411485974,0.00392412394,0.0060758763,3.79730225,6,2.5,7.7304101,1,1,0,6,0,0.4059003,-3.71168184,68.0633163,1.09478676,8.17949486,4.17859983,418.9534,69.4898987,4.08850002,0.0250000004,50,1,0.119999997,0.550000012,0.0133333337
SL3_rand_15_r0,1,1521,21.3270798,21,3.78303218,4.17859983,0.0120000001,0.00200000009,0.00460675731,0.00277407118,0.00722592883,3.99706912,6,2.5,7.7304101,1,1,0,7,0,0.881139398,-1.48971617,54.6088943,1.04265404,7.48671389,4.17859983,418.9534,69.4898987,4.08850002,0.0250000004,50,1,0.119999997,0.550000012,0.0133333337
SL3_rand_15_r0,1,1522,21.6541595,21,3.37006474,4.17859983,0.0120000001,0.00200000009,0.00558352657,0.00424177991,0.00575821986,3.03218222,6,2.5,7.7304101,1,1,0,8,0,0.881139398,-1.48971617,54.6088943,1.04265404,7.48671389,4.17859983,418.9534,69.4898987,4.08850002,0.0250000004,50,1,0.119999997,0.550000012,0.0133333337
SL3_rand_15_r0,1,1523,21.6674938,21,2.80333996,4.17859983,0.0120000001,0.00200000009,0.00878567249,0.00689715799,0.00310284202,2.33965611,6,2.5,7.7304101,0,1,0,0,0,0.881139398,-1.48971617,54.6088943,1.04265404,7.48671389,4.17859983,418.9534,69.4898987,4.08850002,0.0250000004,50,1,0.119999997,0.550000012,0.0133333337
SL3_rand_15_r0,1,1524,21.6808262,21,2.02589202,4.17859983,0.0120000001,0.00200000009,0.0122517701,0.0119882366,0,1.38979805,6,2.5,7.7304101,0,0,0,0,0,0.881139398,-1.48971617,54.6088943,1.04265404,7.48671389,4.17859983,418.9534,69.4898987,4.08850002,0.0250000004,50,1,0.119999997,0.550000012,0.0133333337
SL3_rand_15_r0,1,1525,21.6941605,21,1.67604029,4.17859983,0.0120000001,0.00200000009,0.0155126788,0.0146130389,0,1.38979805,6,2.5,7.7304101,0,0,0,0,0,0.881139398,-1.48971617,54.6088943,1.04265404,7.48671389,4.17859983,418.9534,69.4898987,4.08850002,0.0250000004,50,1,0.119999997,0.550000012,0.0133333337
SL3_rand_15_r0,1,1526,21.7074928,21,1.51860702,4.17859983,0.0120000001,0.00200000009,0.0167645421,0.0165330041,0,1.38979805,6,2.5,7.7304101,0,0,0,0,0,0.881139398,-1.48971617,54.6088943,1.04265404,7.48671389,4.17859983,418.9534,69.4898987,4.08850002,0.0250000004,50,1,0.119999997,0.550000012,0.0133333337
SL3_rand_15_r0,1,1527,21.7208271,21,1.44776201,4.17859983,0.0120000001,0.00200000009,0.0191656761,0.0189232975,0,1.38979805,6,2.5,7.7304101,0,0,0,0,0,0.881139398,-1.48971617,54.6088943,1.04265404,7.48671389,4.17859983,418.9534,69.4898987,4.08850002,0.0250000004,50,1,0.119999997,0.550000012,0.0133333337
SL3_rand_15_r0,1,1528,21.7341595,21,1.41588187,4.17859983,0.0120000001,0.00200000009,0.0220224205,0.0216946937,0,1.38979805,6,2.5,7.7304101,0,0,0,0,0,0.881139398,-1.48971617,54.6088943,1.04265404,7.48671389,4.17859983,418.9534,69.4898987,4.08850002,0.0250000004,50,1,0.119999997,0.550000012,0.0133333337
SL3_rand_15_r0,1,1529,21.7474937,21,1.40153575,4.17859983,0.0120000001,0.00200000009,0.0228902232,0.022062758,0,1.38979805,6,2.5,7.7304101,0,0,0,0,0,0.881139398,-1.48971617,54.6088943,1.04265404,7.48671389,4.17859983,418.9534,69.4898987,4.08850002,0.0250000004,50,1,0.119999997,0.550000012,0.0133333337
SL3_rand_15_r0,1,1530,21.7608261,21,1.39507997,4.17859983,0.0120000001,0.00200000009,0.0236308295,0.0221725069,0,1.38979805,6,2.5,7.7304101,0,0,0,0,0,0.881139398,-1.48971617,54.6088943,1.04265404,7.48671389,4.17859983,418.9534,69.4898987,4.08850002,0.0250000004,50,1,0.119999997,0.550000012,0.0133333337
SL3_rand_15_r0,1,1531,21.7741604,21,1.39217484,4.17859983,0.0120000001,0.00200000009,0.0250730272,0.0225046165,0,1.38979805,6,2.5,7.7304101,0,0,0,0,0,0.881139398,-1.48971617,54.6088943,1.04265404,7.48671389,4.17859983,418.9534,69.4898987,4.08850002,0.0250000004,50,1,0.119999997,0.550000012,0.0133333337
SL3_rand_15_r0,1,1532,21.7874928,21,1.39086759,4.17859983,0.0120000001,0.00200000009,0.0263709538,0.0260837469,0,1.38979805,6,2.5,7.7304101,0,0,0,0,0,0.881139398,-1.48971617,54.6088943,1.04265404,7.48671389,4.17859983,418.9534,69.4898987,4.08850002,0.0250000004,50,1,0.119999997,0.550000012,0.0133333337
SL3_rand_15_r0,1,1533,21.800827,21,1.39027929,4.17859983,0.0120000001,0.00200000009,0.0262554474,0.0260578077,0,1.38979805,6,2.5,7.7304101,0,0,0,0,0,0.881139398,-1.48971617,54.6088943,1.04265404,7.48671389,4.17859983,418.9534,69.4898987,4.08850002,0.0250000004,50,1,0.119999997,0.550000012,0.0133333337
SL3_rand_15_r0,1,1534,21.8141594,21,1.39001465,4.17859983,0.0120000001,0.00200000009,0.0267748106,0.0259108581,0,1.38979805,6,2.5,7.7304101,0,0,0,0,0,0.881139398,-1.48971617,54.6088943,1.04265404,7.48671389,4.17859983,418.9534,69.4898987,4.08850002,0.0250000004,50,1,0.119999997,0.550000012,0.0133333337
SL3_rand_15_r0,1,1535,21.8274937,21,1.38989544,4.17859983,0.0120000001,0.00200000009,0.0286684372,0.0260755401,0,1.38979805,6,2.5,7.7304101,0,0,0,0,0,0.881139398,-1.48971617,54.6088943,1.04265404,7.48671389,4.17859983,418.9534,69.4898987,4.08850002,0.0250000004,50,1,0.119999997,0.550000012,0.0133333337
SL3_rand_15_r0,1,1536,21.840826,21,1.38984191,4.17859983,0.0120000001,0.00200000009,0.0288977437,0.0286490209,0,1.38979805,6,2.5,7.7304101,0,0,0,0,0,0.881139398,-1.48971617,54.6088943,1.04265404,7.48671389,4.17859983,418.9534,69.4898987,4.08850002,0.0250000004,50,1,0.119999997,0.550000012,0.0133333337
SL3_rand_15_r0,1,1537,21.8541603,21,1.38981771,4.17859983,0.0120000001,0.00200000009,0.0291152149,0.0287946053,0,1.38979805,6,2.5,7.7304101,0,0,0,0,0,0.881139398,-1.48971617,54.6088943,1.04265404,7.48671389,4.17859983,418.9534,69.4898987,4.08850002,0.0250000004,50,1,0.119999997,0.550000012,0.0133333337
SL3_rand_15_r0,1,1538,21.8674927,21,1.38980687,4.17859983,0.0120000001,0.00200000009,0.030880142,0.0290951245,0,1.38979805,6,2.5,7.7304101,0,0,0,0,0,0.881139398,-1.48971617,54.6088943,1.04265404,7.48671389,4.17859983,418.9534,69.4898987,4.08850002,0.0250000004,50,1,0.119999997,0.550000012,0.0133333337
SL3_rand_15_r0,1,1539,21.880827,21,1.38980198,4.17859983,0.0120000001,0.00200000009,0.0311210304,0.0309471786,0,1.38979805,6,2.5,7.7304101,0,0,0,0,0,0.881139398,-1.48971617,54.6088943,1.04265404,7.48671389,4.17859983,418.9534,69.4898987,4.08850002,0.0250000004,50,1,0.119999997,0.550000012,0.0133333337
SL3_rand_15_r0,1,1540,21.8941593,21,1.38979983,4.17859983,0.0120000001,0.00200000009,0.0316954516,0.0313554406,0,1.38979805,6,2.5,7.7304101,0,0,0,0,0,0.881139398,-1.48971617,54.6088943,1.04265404,7.48671389,4.17859983,418.9534,69.4898987,4.08850002,0.0250000004,50,1,0.119999997,0.550000012,0.0133333337
SL3_rand_15_r0,1,1541,21.9074936,21,1.38979876,4.17859983,0.0120000001,0.00200000009,0.032854829,0.0319504812,0,1.38979805,6,2.5,7.7304101,0,0,0,0,0,0.881139398,-1.48971617,54.6088943,1.04265404,7.48671389,4.17859983,418.9534,69.4898987,4.08850002,0.0250000004,50,1,0.119999997,0.550000012,0.0133333337
SL3_rand_15_r0,1,1542,21.920826,21,1.3897984,4.17859983,0.0120000001,0.00200000009,0.0332597829,0.0332481191,0,1.38979805,6,2.5,7.7304101,0,0,0,0,0,0.881139398,-1.48971617,54.6088943,1.04265404,7.48671389,4.17859983,418.9534,69.4898987,4.08850002,0.0250000004,50,1,0.119999997,0.550000012,0.0133333337
SL3_rand_15_r0,1,1543,21.9341602,21,1.38979816,4.17859983,0.0120000001,0.00200000009,0.0340508223,0.0339898579,0,1.38979805,6,2.5,7.7304101,0,0,0,0,0,0.881139398,-1.48971617,54.6088943,1.04265404,7.48671389,4.17859983,418.9534,69.4898987,4.08850002,0.0250000004,50,1,0.119999997,0.550000012,0.0133333337
SL3_rand_15_r0,1,1544,21.9474926,21,1.38979805,4.17859983,0.0120000001,0.00200000009,0.0351130925,0.034724094,0,1.38979805,6,2.5,7.7304101,0,0,0,0,0,0.881139398,-1.48971617,54.6088943,1.04265404,7.48671389,4.17859983,418.9534,69.4898987,4.08850002,0.0250000004,50,1,0.119999997,0.550000012,0.0133333337
SL3_rand_15_r0,1,1545,21.9608269,21,1.38979805,4.17859983,0.0120000001,0.00200000009,0.0356942266,0.0355986618,0,1.38979805,6,2.5,7.7304101,0,0,0,0,0,0.881139398,-1.48971617,54.6088943,1.04265404,7.48671389,4.17859983,418.9534,69.4898987,4.08850002,0.0250000004,50,1,0.119999997,0.550000012,0.0133333337
SL3_rand_15_r0,1,1546,21.9741592,21,1.38979805,4.17859983,0.0120000001,0.00200000009,0.0365408063,0.0364121273,0,1.38979805,6,2.5,7.7304101,0,0,0,0,0,0.881139398,-1.48971617,54.6088943,1.04265404,7.48671389,4.17859983,418.9534,69.4898987,4.08850002,0.0250000004,50,1,0.119999997,0.550000012,0.0133333337
SL3_rand_15_r0,1,1547,21.9874935,21,1.38979805,4.17859983,0.0120000001,0.00200000009,0.0373969078,0.0371023305,0,1.38979805,6,2.5,7.7304101,0,0,0,0,0,0.881139398,-1.48971617,54.6088943,1.04265404,7.48671389,4.17859983,418.9534,69.4898987,4.08850002,0.0250000004,50,1,0.119999997,0.550000012,0.0133333337
SL3_rand_15_r0,1,1548,22.0008259,22,1.38979805,4.17859983,0.0120000001,0.00200000009,0.038153585,0.0380251072,0,1.38979805,6,2.5,7.7304101,0,0,0,0,0,5.21365118,-1.28215337,47.712738,0.88625592,7.16549444,4.17859983,418.9534,69.4898987,4.08850002,0.0250000004,50,1,0.119999997,0.550000012,0.0133333337
SL3_rand_15_r0,1,1549,22.0141602,22,1.38979805,4.17859983,0.0120000001,0.00200000009,0.0390586779,0.0387997366,0,1.38979805,6,2.5,7.7304101,0,0,0,0,0,5.21365118,-1.28215337,47.712738,0.88625592,7.16549444,4.17859983,418.9534,69.4898987,4.08850002,0.0250000004,50,1,0.119999997,0.550000012,0.0133333337
SL3_rand_15_r0,1,1550,22.0274925,22,1.38979805,4.17859983,0.0120000001,0.00200000009,0.0395047367,0.0394382626,0,1.38979805,6,2.5,7.7304101,0,0,0,0,0,5.21365118,-1.28215337,47.712738,0.88625592,7.16549444,4.17859983,418.9534,69.4898987,4.08850002,0.0250000004,50,1,0.119999997,0.550000012,0.0133333337
SL3_rand_15_r0,1,1551,22.0408268,22,1.38979805,4.17859983,0.0120000001,0.00200000009,0.0405549183,0.0403342173,0,1.38979805,6,2.5,7.7304101,0,0,0,0,0,5.21365118,-1.28215337,47.712738,0.88625592,7.16549444,4.17859983,418.9534,69.4898987,4.08850002,0.0250000004,50,1,0.119999997,0.550000012,0.0133333337
SL3_rand_15_r0,1,1552,22.0541592,22,1.38979805,4.17859983,0.0120000001,0.00200000009,0.0412911549,0.0411330089,0,1.38979805,6,2.5,7.7304101,0,0,0,0,0,5.21365118,-1.28215337,47.712738,0.88625592,7.16549444,4.17859983,418.9534,69.4898987,4.08850002,0.0250000004,50,1,0.119999997,0.550000012,0.0133333337
SL3_rand_15_r0,1,1553,22.0674934,22,1.38979805,4.17859983,0.0120000001,0.00200000009,0.0420473479,0.0420258418,0,1.38979805,6,2.5,7.7304101,0,0,0,0,0,5.21365118,-1.28215337,47.712738,0.88625592,7.16549444,4.17859983,418.9534,69.4898987,4.08850002,0.0250000004,50,1,0.119999997,0.550000012,0.0133333337
SL3_rand_15_r0,1,1554,22.0808258,22,1.38979805,4.17859983,0.0120000001,0.00200000009,0.0429801084,0.0429316945,0,1.38979805,6,2.5,7.7304101,0,0,0,0,0,5.21365118,-1.28215337,47.712738,0.88625592,7.16549444,4.17859983,418.9534,69.4898987,4.08850002,0.0250000004,50,1,0.119999997,0.550000012,0.0133333337
SL3_rand_15_r0,1,1555,22.0941601,22,1.38979805,4.17859983,0.0120000001,0.00200000009,0.0438157246,0.0430549346,0,1.38979805,6,2.5,7.7304101,0,0,0,0,0,5.21365118,-1.28215337,47.712738,0.88625592,7.16549444,4.17859983,418.9534,69.4898987,4.08850002,0.0250000004,50,1,0.119999997,0.550000012,0.0133333337
SL3_rand_15_r0,1,1556,22.1074924,22,1.38979805,4.17859983,0.0120000001,0.00200000009,0.0447294265,0.0444663949,0,1.38979805,6,2.5,7.7304101,0,0,0,0,0,5.21365118,-1.28215337,47.712738,0.88625592,7.16549444,4.17859983,418.9534,69.4898987,4.08850002,0.0250000004,50,1,0.119999997,0.550000012,0.0133333337
SL3_rand_15_r0,1,1557,22.1208267,22,1.38979805,4.17859983,0.0120000001,0.00200000009,0.0426579639,0.0418715775,0,1.38979805,6,2.5,7.7304101,0,0,0,0,0,5.21365118,-1.28215337,47.712738,0.88625592,7.16549444,4.17859983,418.9534,69.4898987,4.08850002,0.0250000004,50,1,0.119999997,0.550000012,0.0133333337
SL3_rand_15_r0,1,1558,22.1341591,22,1.38979805,4.17859983,0.0120000001,0.00200000009,0.0397075452,0.0396966636,0,1.38979805,6,2.5,7.7304101,0,0,0,0,0,5.21365118,-1.28215337,47.712738,0.88625592,7.16549444,4.17859983,418.9534,69.4898987,4.08850002,0.0250000004,50,1,0.119999997,0.550000012,0.0133333337
SL3_rand_15_r0,1,1559,22.1474934,22,1.38979805,4.17859983,0.0120000001,0.00200000009,0.0371861085,0.0366390869,0,1.38979805,6,2.5,7.7304101,0,0,0,0,0,5.21365118,-1.28215337,47.712738,0.88625592,7.16549444,4.17859983,418.9534,69.4898987,4.08850002,0.0250000004,50,1,0.119999997,0.550000012,0.0133333337
SL3_rand_15_r0,1,1560,22.1608257,22,1.38979805,4.17859983,0.0120000001,0.00200000009,0.0340248831,0.0338817723,0,1.38979805,6,2.5,7.7304101,0,0,0,0,0,5.21365118,-1.28215337,47.712738,0.88625592,7.16549444,4.17859983,418.9534,69.4898987,4.08850002,0.0250000004,50,1,0.119999997,0.550000012,0.0133333337
SL3_rand_15_r0,1,1561,22.17416,22,1.38979805,4.17859983,0.0120000001,0.00200000009,0.0314585902,0.0312152691,0,1.38979805,6,2.5,7.7304101,0,0,0,0,0,5.21365118,-1.28215337,47.712738,0.88625592,7.16549444,4.17859983,418.9534,69.4898987,4.08850002,0.0250000004,50,1,0.119999997,0.550000012,0.0133333337
SL3_rand_15_r0,1,1562,22.1874943,22,1.38979805,4.17859983,0.0120000001,0.00200000009,0.0291194934,0.0286581758,0,1.38979805,6,2.5,7.7304101,0,0,0,0,0,5.21365118,-1.28215337,47.712738,0.88625592,7.16549444,4.17859983,418.9534,69.4898987,4.08850002,0.0250000004,50,1,0.119999997,0.550000012,0.0133333337
SL3_rand_15_r0,1,1563,22.2008266,22,1.38979805,4.17859983,0.0120000001,0.00200000009,0.0259079635,0.0258909445,0,1.38979805,6,2.5,7.7304101,0,0,0,0,0,5.21365118,-1.28215337,47.712738,0.88625592,7.16549444,4.17859983,418.9534,69.4898987,4.08850002,0.0250000004,50,1,0.119999997,0.550000012,0.0133333337
SL3_rand_15_r0,1,1564,22.2141609,22,1.38979805,4.17859983,0.0120000001,0.00200000009,0.023281591,0.0232376736,0,1.38979805,6,2.5,7.7304101,0,0,0,0,0,5.21365118,-1.28215337,47.712738,0.88625592,7.16549444,4.17859983,418.9534,69.4898987,4.08850002,0.0250000004,50,1,0.119999997,0.550000012,0.0133333337
SL3_rand_15_r0,1,1565,22.2274933,22,1.38979805,4.17859983,0.0120000001,0.00200000009,0.0214673989,0.0208401214,0,1.38979805,6,2.5,7.7304101,0,0,0,0,0,5.21365118,-1.28215337,47.712738,0.88625592,7.16549444,4.17859983,418.9534,69.4898987,4.08850002,0.0250000004,50,1,0.119999997,0.550000012,0.0133333337
SL3_rand_15_r0,1,1566,22.2408276,22,1.38979805,4.17859983,0.0120000001,0.00200000009,0.0183979552,0.0179485567,0,1.38979805,6,2.5,7.7304101,0,0,0,0,0,5.21365118,-1.28215337,47.712738,0.88625592,7.16549444,4.17859983,418.9534,69.4898987,4.08850002,0.0250000004,50,1,0.119999997,0.550000012,0.0133333337
SL3_rand_15_r0,1,1567,22.2541599,22,1.38979805,4.17859983,0.0120000001,0.00200000009,0.0154027762,0.0153336236,0,1.38979805,6,2.5,7.7304101,0,0,0,0,0,5.21365118,-1.28215337,47.712738,0.88625592,7.16549444,4.17859983,418.9534,69.4898987,4.08850002,0.0250000004,50,1,0.119999997,0.550000012,0.0133333337
SL3_rand_15_r0,1,1568,22.2674942,22,1.38979805,4.17859983,0.0120000001,0.00200000009,0.0130727906,0.0130095165,0,1.38979805,6,2.5,7.7304101,0,0,0,0,0,5.21365118,-1.28215337,47.712738,0.88625592,7.16549444,4.17859983,418.9534,69.4898987,4.08850002,0.0250000004,50,1,0.119999997,0.550000012,0.0133333337
SL3_rand_15_r0,1,1569,22.2808266,22,1.52120376,4.17859983,0.0120000001,0.00200000009,0.0110343117,0.00942972302,0.000570277218,1.62871754,6,2.5,7.7304101,0,0,0,0,0,5.21365118,-1.28215337,47.712738,0.88625592,7.16549444,4.17859983,418.9534,69.4898987,4.08850002,0.0250000004,50,1,0.119999997,0.550000012,0.0133333337
SL3_rand_15_r0,1,1570,22.2941608,22,1.97059166,4.17859983,0.0120000001,0.00200000009,0.0088673234,0.00773608545,0.00226391456,2.33827281,6,2.5,7.7304101,0,0,0,0,0,5.21365118,-1.28215337,47.712738,0.88625592,7.16549444,4.17859983,418.9534,69.4898987,4.08850002,0.0250000004,50,1,0.119999997,0.550000012,0.0133333337
SL3_rand_15_r0,1,1571,22.3074932,22,2.66049719,4.17859983,0.0120000001,0.00200000009,0.00641671615,0.0056196386,0.00438036118,3.22496533,6,2.5,7.7304101,1,1,0,1,0,5.21365118,-1.28215337,47.712738,0.88625592,7.16549444,4.17859983,418.9534,69.4898987,4.08850002,0.0250000004,50,1,0.119999997,0.550000012,0.0133333337
SL3_rand_15_r0,1,1572,22.634573,22,3.53309083,4.17859983,0.0120000001,0.00200000009,0.00355602847,0.00318006938,0.00681993086,4.24703121,6,2.5,7.7304101,1,1,0,2,0,5.21365118,-1.28215337,47.712738,0.88625592,7.16549444,4.17859983,418.9534,69.4898987,4.08850002,0.0250000004,50,1,0.119999997,0.550000012,0.0133333337
SL3_rand_15_r0,1,1573,24.3270798,24,4.48794889,4.17859983,0.012046786,0.00204678625,0.000602742715,-0.000239700021,0.0102396999,5.26919603,6,2.5,7.7304101,1,1,0,3,0,7.24226856,-1.88712752,51.1475525,0.554502368,8.78186607,4.17859983,418.9534,69.4898987,4.08850002,0.0250000004,50,1,0.119999997,0.550000012,0.0133333337
SL3_rand_15_r0,1,1574,24.6541595,24,4.90156412,4.17859983,0.0122554069,0.00225540739,0.00350820785,-0.00297291577,0.0129729155,5.23997688,6,2.5,7.7304101,1,1,0,4,0,7.24226856,-1.88712752,51.1475525,0.554502368,8.78186607,4.17859983,418.9534,69.4898987,4.08850002,0.0250000004,50,1,0.119999997,0.550000012,0.0133333337
SL3_rand_15_r0,1,1575,24.6674938,24,5.50570393,4.17859983,0.0125887403,0.00258874078,0.00874414295,-0.00830145273,0.0183014516,6,6,2.5,7.7304101,0,1,0,0,0,7.24226856,-1.88712752,51.1475525,0.554502368,8.78186607,4.17859983,418.9534,69.4898987,4.08850002,0.0250000004,50,1,0.119999997,0.550000012,0.0133333337
SL3_rand_15_r0,1,1576,24.6808262,24,2.47756672,4.17859983,0.0122554069,0.00225540739,0.00966962799,0.00855082925,0.00144917052,0,6,2.5,7.7304101,0,0,0,0,0,7.24226856,-1.88712752,51.1475525,0.554502368,8.78186607,4.17859983,418.9534,69.4898987,4.08850002,0.0250000004,50,1,0.119999997,0.550000012,0.0133333337
SL3_rand_15_r0,1,1577,24.6941605,24,3.79321289,4.17859983,0.0120927999,0.00209279987,0.00458616437,0.00169393909,0.00830606092,4.86965036,6,2.5,7.7304101,1,1,0,1,0,7.24226856,-1.88712752,51.1475525,0.554502368,8.78186607,4.17859983,418.9534,69.4898987,4.08850002,0.0250000004,50,1,0.119999997,0.550000012,0.0133333337
SL3_rand_15_r0,1,1578,25.0212402,25,3.76078725,4.17859983,0.0120000001,0.00200000009,0.00302410265,0.00270495913,0.00729504088,3.73425722,6,2.5,7.7304101,1,1,0,2,0,3.19896579,-1.63092208,44.4415016,0.876777232,8.76579475,4.17859983,418.9534,69.4898987,4.08850002,0.0250000004,50,1,0.119999997,0.550000012,0.0133333337
SL3_rand_15_r0,1,1579,27.3270798,27,4.64640474,4.17859983,0.0121060861,0.00210608565,0.00345095759,-0.00139532215,0.0113953222,5.37100077,6,2.5,7.7304101,1,1,0,3,0,0.156220019,-11.9676638,53.8305588,1.05213273,14.8464184,4.17859983,418.9534,69.4898987,4.08850002,0.0250000004,50,1,0.119999997,0.550000012,0.0133333337
SL3_rand_15_r0,1,1580,27.6541595,27,4.61339617,4.17859983,0.0122445431,0.00224454328,0.00346033601,-0.00200301083,0.0120030111,4.58638906,6,2.5,7.7304101,1,1,0,4,0,0.156220019,-11.9676638,53.8305588,1.05213273,14.8464184,4.17859983,418.9534,69.4898987,4.08850002,0.0250000004,50,1,0.119999997,0.550000012,0.0133333337
SL3_rand_15_r0,1,1581,30.0133343,30,5.37602806,4.17859983,0.0125778764,0.00257787667,0.00823691953,-0.00794543698,0.0179454368,6,6,2.5,7.7304101,0,1,0,0,0,-1.61005795,-7.17475033,79.1599655,1.05687201,4.72011995,4.17859983,418.9534,69.4898987,4.08850002,0.0250000004,50,1,0.119999997,0.550000012,0.0133333337
SL3_rand_15_r0,1,1582,30.0266666,30,5.71921253,4.17859983,0.0129112098,0.00291121006,0.0114913061,-0.0110987322,0.0210987329,6,6,2.5,7.7304101,0,1,0,0,0,-1.61005795,-7.17475033,79.1599655,1.05687201,4.72011995,4.17859983,418.9534,69.4898987,4.08850002,0.0250000004,50,1,0.119999997,0.550000012,0.0133333337
SL3_rand_15_r0,1,1583,30.0400009,30,5.87364578,4.17859983,0.0132445432,0.00324454345,0.0173241962,-0.0171106756,0.0271106772,6,6,2.5,7.7304101,0,1,0,0,0,-1.61005795,-7.17475033,79.1599655,1.05687201,4.72011995,4.17859983,418.9534,69.4898987,4.08850002,0.0250000004,50,1,0.119999997,0.550000012,0.0133333337
SL3_rand_15_r0,1,1584,30.0533333,30,5.94314051,4.17859983,0.0175778773,0.00757787656,0.0221370216,-0.0205081347,0.0305081345,6,6,2.5,7.7304101,0,1,0,0,7,-1.61005795,-7.17475033,79.1599655,1.05687201,4.72011995,4.17859983,418.9534,69.4898987,4.08850002,0.0250000004,50,1,0.119999997,0.550000012,0.0133333337
SL3_rand_15_r0,1,1585,30.0666676,30,5.97441339,4.17859983,0.0219112094,0.0119112097,0.0243559275,-0.0226267483,0.0326267481,6,6,2.5,7.7304101,0,1,0,0,7,-1.61005795,-7.17475033,79.1599655,1.05687201,4.72011995,4.17859983,418.9534,69.4898987,4.08850002,0.0250000004,50,1,0.119999997,0.550000012,0.0133333337
SL3_rand_15_r0,1,1586,30.0799999,30,5.98848581,4.17859983,0.0262445435,0.0162445437,0.0254799947,-0.0232933741,0.0332933739,6,6,2.5,7.7304101,0,1,0,0,7,-1.61005795,-7.17475033,79.1599655,1.05687201,4.72011995,4.17859983,418.9534,69.4898987,4.08850002,0.0250000004,50,1,0.119999997,0.550000012,0.0133333337
SL3_rand_15_r0,1,1587,30.0933342,30,5.99481869,4.17859983,0.0305778775,0.0205778759,0.0281754434,-0.0259763338,0.0359763354,6,6,2.5,7.7304101,0,1,0,0,7,-1.61005795,-7.17475033,79.1599655,1.05687201,4.72011995,4.17859983,418.9534,69.4898987,4.08850002,0.0250000004,50,1,0.119999997,0.550000012,0.0133333337
SL3_rand_15_r0,1,1588,30.1066666,30,5.99766827,4.17859983,0.0349112116,0.0249112099,0.0297055021,-0.0270484705,0.0370484702,6,6,2.5,7.7304101,0,1,0,0,7,-1.61005795,-7.17475033,79.1599655,1.05687201,4.72011995,4.17859983,418.9534,69.4898987,4.08850002,0.0250000004,50,1,0.119999997,0.550000012,0.0133333337
SL3_rand_15_r0,1,1589,30.1200008,30,5.99895096,4.17859983,0.0392445438,0.029244544,0.0313399434,-0.0308088567,0.0408088565,6,6,2.5,7.7304101,0,1,0,0,7,-1.61005795,-7.17475033,79.1599655,1.05687201,4.72011995,4.17859983,418.9534,69.4898987,4.08850002,0.0250000004,50,1,0.119999997,0.550000012,0.0133333337
SL3_rand_15_r0,1,1590,30.1333332,30,5.99952793,4.17859983,0.0435778759,0.033577878,0.0319912434,-0.0316131487,0.0416131504,6,6,2.5,7.7304101,0,1,0,0,7,-1.61005795,-7.17475033,79.1599655,1.05687201,4.72011995,4.17859983,418.9534,69.4898987,4.08850002,0.0250000004,50,1,0.119999997,0.550000012,0.0133333337
SL3_rand_15_r0,1,1591,30.1466675,30,5.99978733,4.17859983,0.0479112118,0.0379112102,0.0332554542,-0.0322414599,0.0422414616,6,6,2.5,7.7304101,0,1,0,0,7,-1.61005795,-7.17475033,79.1599655,1.05687201,4.72011995,4.17859983,418.9534,69.4898987,4.08850002,0.0250000004,50,1,0.119999997,0.550000012,0.0133333337
SL3_rand_15_r0,1,1592,30.1599998,30,5.99990416,4.17859983,0.052244544,0.0422445424,0.0332511067,-0.0319627114,0.0419627093,6,6,2.5,7.7304101,0,1,0,0,7,-1.61005795,-7.17475033,79.1599655,1.05687201,4.72011995,4.17859983,418.9534,69.4898987,4.08850002,0.0250000004,50,1,0.119999997,0.550000012,0.0133333337
SL3_rand_15_r0,1,1593,30.1733341,30,5.99995708,4.17859983,0.0565778762,0.0465778783,0.033362262,-0.031480331,0.0414803289,6,6,2.5,7.7304101,0,1,0,0,7,-1.61005795,-7.17475033,79.1599655,1.05687201,4.72011995,4.17859983,418.9534,69.4898987,4.08850002,0.0250000004,50,1,0.119999997,0.550000012,0.0133333337
SL3_rand_15_r0,1,1594,30.1866665,30,5.99998045,4.17859983,0.0609112084,0.0509112105,0.0331744254,-0.0305015501,0.0405015498,6,6,2.5,7.7304101,0,1,0,0,7,-1.61005795,-7.17475033,79.1599655,1.05687201,4.72011995,4.17859983,418.9534,69.4898987,4.08850002,0.0250000004,50,1,0.119999997,0.550000012,0.0133333337
SL3_rand_15_r0,1,1595,30.2000008,30,5.99999142,4.17859983,0.0652445406,0.0552445427,0.0328112505,-0.0317686722,0.0417686738,6,6,2.5,7.7304101,0,1,0,0,7,-1.61005795,-7.17475033,79.1599655,1.05687201,4.72011995,4.17859983,418.9534,69.4898987,4.08850002,0.0250000004,50,1,0.119999997,0.550000012,0.0133333337
SL3_rand_15_r0,1,1596,30.2133331,30,5.99999619,4.17859983,0.0680000037,0.0579999983,0.0319818333,-0.0302100871,0.0402100869,6,6,2.5,7.7304101,0,1,0,0,7,-1.61005795,-7.17475033,79.1599655,1.05687201,4.72011995,4.17859983,418.9534,69.4898987,4.08850002,0.0250000004,50,1,0.119999997,0.550000012,0.0133333337
SL3_rand_15_r0,1,1597,30.2266674,30,5.99999809,4.17859983,0.0680000037,0.0579999983,0.0306960475,-0.0304022245,0.0404022262,6,6,2.5,7.7304101,0,1,0,0,7,-1.61005795,-7.17475033,79.1599655,1.05687201,4.72011995,4.17859983,418.9534,69.4898987,4.08850002,0.0250000004,50,1,0.119999997,0.550000012,0.0133333337
SL3_rand_15_r0,1,1598,30.2399998,30,5.99999905,4.17859983,0.0680000037,0.0579999983,0.0299370475,-0.028558813,0.0385588147,6,6,2.5,7.7304101,0,1,0,0,7,-1.61005795,-7.17475033,79.1599655,1.05687201,4.72011995,4.17859983,418.9534,69.4898987,4.08850002,0.0250000004,50,1,0.119999997,0.550000012,0.0133333337
SL3_rand_15_r0,1,1599,30.253334,30,5.99999952,4.17859983,0.0680000037,0.0579999983,0.028683506,-0.0281992219,0.0381992199,6,6,2.5,7.7304101,0,1,0,0,7,-1.61005795,-7.17475033,79.1599655,1.05687201,4.72011995,4.17859983,418.9534,69.4898987,4.08850002,0.0250000004,50,1,0.119999997,0.550000012,0.0133333337
SL3_rand_15_r0,1,1600,30.2666664,30,6,4.17859983,0.0680000037,0.0579999983,0.0276431404,-0.0260607582,0.0360607579,6,6,2.5,7.7304101,0,1,0,0,7,-1.61005795,-7.17475033,79.1599655,1.05687201,4.72011995,4.17859983,418.9534,69.4898987,4.08850002,0.0250000004,50,1,0.119999997,0.550000012,0.0133333337
SL3_rand_15_r0,1,1601,30.2800007,30,6,4.17859983,0.0680000037,0.0579999983,0.0260334499,-0.0257428531,0.0357428528,6,6,2.5,7.7304101,0,1,0,0,7,-1.61005795,-7.17475033,79.1599655,1.05687201,4.72011995,4.17859983,418.9534,69.4898987,4.08850002,0.0250000004,50,1,0.119999997,0.550000012,0.0133333337
SL3_rand_15_r0,1,1602,30.2933331,30,6,4.17859983,0.0680000037,0.0579999983,0.0249667633,-0.0235252511,0.0335252509,6,6,2.5,7.7304101,0,1,0,0,7,-1.61005795,-7.17475033,79.1599655,1.05687201,4.72011995,4.17859983,418.9534,69.4898987,4.08850002,0.0250000004,50,1,0.119999997,0.550000012,0.0133333337
SL3_rand_15_r0,1,1603,30.3066673,30,6,4.17859983,0.0680000037,0.0579999983,0.0234874021,-0.0232410152,0.0332410149,6,6,2.5,7.7304101,0,1,0,0,7,-1.61005795,-7.17475033,79.1599655,1.05687201,4.72011995,4.17859983,418.9534,69.4898987,4.08850002,0.0250000004,50,1,0.119999997,0.550000012,0.0133333337
SL3_rand_15_r0,1,1604,30.3199997,30,6,4.17859983,0.0680000037,0.0579999983,0.0225664396,-0.0209321026,0.0309321042,6,6,2.5,7.7304101,0,1,0,0,7,-1.61005795,-7.17475033,79.1599655,1.05687201,4.72011995,4.17859983,418.9534,69.4898987,4.08850002,0.0250000004,50,1,0.119999997,0.550000012,0.0133333337
SL3_rand_15_r0,1,1605,30.333334,30,6,4.17859983,0.0680000037,0.0579999983,0.0216367431,-0.0199774485,0.0299774501,6,6,2.5,7.7304101,0,1,0,0,7,-1.61005795,-7.17475033,79.1599655,1.05687201,4.72011995,4.17859983,418.9534,69.4898987,4.08850002,0.0250000004,50,1,0.119999997,0.550000012,0.0133333337
SL3_rand_15_r0,1,1606,30.3466663,30,6,4.17859983,0.0680000037,0.0579999983,0.0200234409,-0.0199882891,0.0299882889,6,6,2.5,7.7304101,0,1,0,0,7,-1.61005795,-7.17475033,79.1599655,1.05687201,4.72011995,4.17859983,418.9534,69.4898987,4.08850002,0.0250000004,50,1,0.119999997,0.550000012,0.0133333337
SL3_rand_15_r0,1,1607,30.3600006,30,6,4.17859983,0.0680000037,0.0579999983,0.0189005323,-0.0187761281,0.0287761297,6,6,2.5,7.7304101,0,1,0,0,7,-1.61005795,-7.17475033,79.1599655,1.05687201,4.72011995,4.17859983,418.9534,69.4898987,4.08850002,0.0250000004,50,1,0.119999997,0.550000012,0.0133333337
SL3_rand_15_r0,1,1608,30.373333,30,6,4.17859983,0.0680000037,0.0579999983,0.0172611997,-0.0170685705,0.0270685721,6,6,2.5,7.7304101,0,1,0,0,6,-1.61005795,-7.17475033,79.1599655,1.05687201,4.72011995,4.17859983,418.9534,69.4898987,4.08850002,0.0250000004,50,1,0.119999997,0.550000012,0.0133333337
SL3_rand_15_r0,1,1609,30.3866673,30,6,4.17859983,0.0680000037,0.0579999983,0.0161240976,-0.0156819783,0.0256819781,6,6,2.5,7.7304101,0,1,0,0,5,-1.61005795,-7.17475033,79.1599655,1.05687201,4.72011995,4.17859983,418.9534,69.4898987,4.08850002,0.0250000004,50,1,0.119999997,0.550000012,0.0133333337
SL3_rand_15_r0,1,1610,30.3999996,30,6,4.17859983,0.0680000037,0.0579999983,0.0147899743,-0.0139738098,0.0239738096,6,6,2.5,7.7304101,0,1,0,0,4,-1.61005795,-7.17475033,79.1599655,1.05687201,4.72011995,4.17859983,418.9534,69.4898987,4.08850002,0.0250000004,50,1,0.119999997,0.550000012,0.0133333337
SL3_rand_15_r0,1,1611,30.4133339,30,6,4.17859983,0.0680000037,0.0579999983,0.0134044597,-0.0123972399,0.0223972406,6,6,2.5,7.7304101,0,1,0,0,3,-1.61005795,-7.17475033,79.1599655,1.05687201,4.72011995,4.17859983,418.9534,69.4898987,4.08850002,0.0250000004,50,1,0.119999997,0.550000012,0.0133333337
SL3_rand_15_r0,1,1612,30.4266663,30,6,4.17859983,0.0680000037,0.0579999983,0.0111487238,-0.0107661607,0.0207661614,6,6,2.5,7.7304101,0,1,0,0,2,-1.61005795,-7.17475033,79.1599655,1.05687201,4.72011995,4.17859983,418.9534,69.4898987,4.08850002,0.0250000004,50,1,0.119999997,0.550000012,0.0133333337
SL3_rand_15_r0,1,1613,30.4400005,30,6,4.17859983,0.0680000037,0.0579999983,0.00931155588,-0.00896155648,0.0189615563,6,6,2.5,7.7304101,0,1,0,0,1,-1.61005795,-7.17475033,79.1599655,1.05687201,4.72011995,4.17859983,418.9534,69.4898987,4.08850002,0.0250000004,50,1,0.119999997,0.550000012,0.0133333337
SL3_rand_15_r0,1,1614,30.4533329,30,5.92586565,4.17859983,0.0680000037,0.0579999983,0.00767274108,-0.00731698237,0.0173169822,5.86521053,6,2.5,7.7304101,1,1,0,0,0,-1.61005795,-7.17475033,79.1599655,1.05687201,4.72011995,4.17859983,418.9534,69.4898987,4.08850002,0.0250000004,50,1,0.119999997,0.550000012,0.0133333337
SL3_rand_15_r0,1,1615,30.4666672,30,5.44341707,4.17859983,0.0680000037,0.0579999983,0.00606189016,-0.00536801992,0.0153680202,5.04868603,6,2.5,7.7304101,1,1,0,1,0,-1.61005795,-7.17475033,79.1599655,1.05687201,4.72011995,4.17859983,418.9534,69.4898987,4.08850002,0.0250000004,50,1,0.119999997,0.550000012,0.0133333337
SL3_rand_15_r0,1,1616,30.7937469,30,5.01150322,4.17859983,0.0680000037,0.0579999983,0.00507216854,-0.00443577534,0.0144357756,4.6581192,6,2.5,7.7304101,1,1,0,2,0,-1.61005795,-7.17475033,79.1599655,1.05687201,4.72011995,4.17859983,418.9534,69.4898987,4.08850002,0.0250000004,50,1,0.119999997,0.550000012,0.0133333337
SL3_rand_15_r0,1,1617,31.1208267,31,4.6095829,4.17859983,0.0680000037,0.0579999983,0.0040328661,-0.00307308068,0.0130730802,4.28073931,6,2.5,7.7304101,1,1,0,3,0,1.06410968,-3.09939384,83.7666473,1.04739332,1.19788969,4.17859983,418.9534,69.4898987,4.08850002,0.0250000004,50,1,0.119999997,0.550000012,0.0133333337
SL3_rand_15_r0,1,1618,33.3270798,33,3.97859454,4.17859983,0.0679723695,0.0579723641,0.000715451897,6.84432089e-05,0.00993155688,3.4623313,6,2.5,7.7304101,1,1,0,4,0,0.220320344,-0.101423785,83.5133514,1.04265404,6.74407291,4.17859983,418.9534,69.4898987,4.08850002,0.0250000004,50,1,0.119999997,0.550000012,0.0133333337
SL3_rand_15_r0,1,1619,33.6541595,33,3.78192353,4.17859983,0.0678575709,0.057857573,0.00184736401,0.00163202127,0.00836797897,3.62101102,6,2.5,7.7304101,1,1,0,5,0,0.220320344,-0.101423785,83.5133514,1.04265404,6.74407291,4.17859983,418.9534,69.4898987,4.08850002,0.0250000004,50,1,0.119999997,0.550000012,0.0133333337
SL3_rand_15_r0,1,1620,33.9812393,33,3.80677199,4.17859983,0.0677351579,0.0577351525,0.00211332971,0.00200750516,0.00799249485,3.82710242,6,2.5,7.7304101,1,1,0,6,0,0.220320344,-0.101423785,83.5133514,1.04265404,6.74407291,4.17859983,418.9534,69.4898987,4.08850002,0.0250000004,50,1,0.119999997,0.550000012,0.0133333337
SL3_rand_15_r0,1,1621,34.3083191,34,4.26631689,4.17859983,0.0677391142,0.0577391163,0.00169725169,0.000137566836,0.00986243319,4.64230824,6,2.5,7.7304101,1,1,0,7,0,0.156100154,-6.81577492,87.4254303,0.872037888,4.50621796,4.17859983,418.9534,69.4898987,4.08850002,0.0250000004,50,1,0.119999997,0.550000012,0.0133333337
SL3_rand_15_r0,1,1622,35.3270798,35,3.95279932,4.17859983,0.0676770583,0.0576770566,0.00251241517,0.0011378983,0.00886210147,3.69628501,6,2.5,7.7304101,1,1,0,8,0,-0.499767929,-4.00537014,86.6316528,1.00473928,171.445221,4.17859983,418.9534,69.4898987,4.08850002,0.0250000004,50,1,0.119999997,0.550000012,0.0133333337
SL3_rand_15_r0,1,1623,35.6541595,35,4.57069445,4.17859983,0.0677756295,0.0577756278,0.00194543088,-0.00149885449,0.0114988545,5.07624483,6,2.5,7.7304101,1,1,0,9,0,-0.499767929,-4.00537014,86.6316528,1.00473928,171.445221,4.17859983,418.9534,69.4898987,4.08850002,0.0250000004,50,1,0.119999997,0.550000012,0.0133333337
SL3_rand_15_r0,1,1624,35.9812393,35,4.20693302,4.17859983,0.0677999258,0.0577999242,0.00191125926,-0.000312109682,0.0103121093,3.90931034,6,2.5,7.7304101,1,1,0,10,0,-0.499767929,-4.00537014,86.6316528,1.00473928,171.445221,4.17859983,418.9534,69.4898987,4.08850002,0.0250000004,50,1,0.119999997,0.550000012,0.0133333337
SL3_rand_15_r0,1,1625,36.3083191,36,4.09175396,4.17859983,0.0677798539,0.0577798523,0.001029565,0.000216506567,0.00978349335,3.99751616,6,2.5,7.7304101,1,1,0,11,0,6.39710331,-0.456654131,89.7395401,0.77251184,178.267441,4.17859983,418.9534,69.4898987,4.08850002,0.0250000004,50,1,0.119999997,0.550000012,0.0133333337
SL3_rand_15_r0,1,1626,37.3270798,37,4.21139336,4.17859983,0.0677856132,0.0577856153,0.00117286982,-8.60464352e-05,0.0100860465,4.3092804,6,2.5,7.7304101,1,1,0,12,0,-0.335934013,-7.98803043,89.3433456,0.791469216,0.664594173,4.17859983,418.9534,69.4898987,4.08850002,0.0250000004,50,1,0.119999997,0.550000012,0.0133333337
SL3_rand_15_r0,1,1627,37.6541595,37,4.3018837,4.17859983,0.0678208247,0.0578208193,0.00231684139,-0.000502247014,0.0105022471,4.37592125,6,2.5,7.7304101,1,1,0,13,0,-0.335934013,-7.98803043,89.3433456,0.791469216,0.664594173,4.17859983,418.9534,69.4898987,4.08850002,0.0250000004,50,1,0.119999997,0.550000012,0.0133333337
SL3_rand_15_r0,1,1628,37.9812393,37,4.33745193,4.17859983,0.0678708181,0.0578708127,0.0016273756,-0.000772895874,0.010772896,4.36655331,6,2.5,7.7304101,1,1,0,14,0,-0.335934013,-7.98803043,89.3433456,0.791469216,0.664594173,4.17859983,418.9534,69.4898987,4.08850002,0.0250000004,50,1,0.119999997,0.550000012,0.0133333337
SL3_rand_15_r0,1,1629,38.3083191,38,3.83573532,4.17859983,0.0677839071,0.0577839054,0.00221701991,0.00132676493,0.00867323484,3.4252398,6,2.5,7.7304101,1,1,0,15,0,0.0419950262,-8.44084835,89.3367615,0.82938391,175.571198,4.17859983,418.9534,69.4898987,4.08850002,0.0250000004,50,1,0.119999997,0.550000012,0.0133333337
SL3_rand_15_r0,1,1630,39.3270798,39,3.55313706,4.17859983,0.067595683,0.0575956814,0.00302793435,0.00293580955,0.00706419069,3.32192039,6,2.5,7.7304101,1,1,0,16,0,7.00292301,0.239665508,88.7263031,0.68246448,0.154781803,4.17859983,418.9534,69.4898987,4.08850002,0.0250000004,50,1,0.119999997,0.550000012,0.0133333337
SL3_rand_15_r0,1,1631,39.6541595,39,3.1987443,4.17859983,0.0672921315,0.0572921298,0.00548300054,0.0049302117,0.00506978855,2.90878677,6,2.5,7.7304101,1,1,0,17,0,7.00292301,0.239665508,88.7263031,0.68246448,0.154781803,4.17859983,418.9534,69.4898987,4.08850002,0.0250000004,50,1,0.119999997,0.550000012,0.0133333337
SL3_rand_15_r0,1,1632,39.6674919,39,2.68471694,4.17859983,0.0669587925,0.0569587946,0.00809787866,0.00761663821,0.0023833618,2.26414895,6,2.5,7.7304101,0,1,0,0,0,7.00292301,0.239665508,88.7263031,0.68246448,0.154781803,4.17859983,418.9534,69.4898987,4.08850002,0.0250000004,50,1,0.119999997,0.550000012,0.0133333337
SL3_rand_15_r0,1,1633,39.6808281,39,2.15858221,4.17859983,0.066625461,0.0566254631,0.00928388629,0.00919248722,0.000807512726,1.72810817,6,2.5,7.7304101,0,0,0,0,0,7.00292301,0.239665508,88.7263031,0.68246448,0.154781803,4.17859983,418.9534,69.4898987,4.08850002,0.0250000004,50,1,0.119999997,0.550000012,0.0133333337
SL3_rand_15_r0,1,1634,39.6941605,39,1.73575079,4.17859983,0.0662921295,0.0562921278,0.0118697556,0.0111844027,0,1.38979805,6,2.5,7.7304101,0,0,0,0,0,7.00292301,0.239665508,88.7263031,0.68246448,0.154781803,4.17859983,418.9534,69.4898987,4.08850002,0.0250000004,50,1,0.119999997,0.550000012,0.0133333337
SL3_rand_15_r0,1,1635,39.7074928,39,1.54547679,4.17859983,0.0659587979,0.0559587963,0.0133513063,0.0132926861,0,1.38979805,6,2.5,7.7304101,0,0,0,0,0,7.00292301,0.239665508,88.7263031,0.68246448,0.154781803,4.17859983,418.9534,69.4898987,4.08850002,0.0250000004,50,1,0.119999997,0.550000012,0.0133333337
SL3_rand_15_r0,1,1636,39.7208252,39,1.45985341,4.17859983,0.065625459,0.055625461,0.0154244024,0.0150415897,0,1.38979805,6,2.5,7.7304101,0,0,0,0,0,7.00292301,0.239665508,88.7263031,0.68246448,0.154781803,4.17859983,418.9534,69.4898987,4.08850002,0.0250000004,50,1,0.119999997,0.550000012,0.0133333337
SL3_rand_15_r0,1,1637,39.7341614,39,1.42132294,4.17859983,0.0652921274,0.0552921295,0.0171965025,0.0167966578,0,1.38979805,6,2.5,7.7304101,0,0,0,0,0,7.00292301,0.239665508,88.7263031,0.68246448,0.154781803,4.17859983,418.9534,69.4898987,4.08850002,0.0250000004,50,1,0.119999997,0.550000012,0.0133333337
SL3_rand_15_r0,1,1638,39.7474937,39,1.40398419,4.17859983,0.0649587959,0.0549587943,0.0185903572,0.018192105,0,1.38979805,6,2.5,7.7304101,0,0,0,0,0,7.00292301,0.239665508,88.7263031,0.68246448,0.154781803,4.17859983,418.9534,69.4898987,4.08850002,0.0250000004,50,1,0.119999997,0.550000012,0.0133333337
SL3_rand_15_r0,1,1639,39.7608261,39,1.39618182,4.17859983,0.0646254644,0.0546254627,0.0198247079,0.0194791686,0,1.38979805,6,2.5,7.7304101,0,0,0,0,0,7.00292301,0.239665508,88.7263031,0.68246448,0.154781803,4.17859983,418.9534,69.4898987,4.08850002,0.0250000004,50,1,0.119999997,0.550000012,0.0133333337
SL3_rand_15_r0,1,1640,39.7741585,39,1.39267075,4.17859983,0.0642921329,0.0542921275,0.0211340524,0.0207672101,0,1.38979805,6,2.5,7.7304101,0,0,0,0,0,7.00292301,0.239665508,88.7263031,0.68246448,0.154781803,4.17859983,418.9534,69.4898987,4.08850002,0.0250000004,50,1,0.119999997,0.550000012,0.0133333337
SL3_rand_15_r0,1,1641,39.7874947,39,1.39109075,4.17859983,0.0639587939,0.053958796,0.0221392047,0.0217928458,0,1.38979805,6,2.5,7.7304101,0,0,0,0,0,7.00292301,0.239665508,88.7263031,0.68246448,0.154781803,4.17859983,418.9534,69.4898987,4.08850002,0.0250000004,50,1,0.119999997,0.550000012,0.0133333337
SL3_rand_15_r0,1,1642,39.800827,39,1.39037967,4.17859983,0.0636254624,0.0536254607,0.0235632397,0.0234595761,0,1.38979805,6,2.5,7.7304101,0,0,0,0,0,7.00292301,0.239665508,88.7263031,0.68246448,0.154781803,4.17859983,418.9534,69.4898987,4.08850002,0.0250000004,50,1,0.119999997,0.550000012,0.0133333337
SL3_rand_15_r0,1,1643,39.8141594,39,1.39005983,4.17859983,0.0632921308,0.0532921292,0.0249124616,0.024912063,0,1.38979805,6,2.5,7.7304101,0,0,0,0,0,7.00292301,0.239665508,88.7263031,0.68246448,0.154781803,4.17859983,418.9534,69.4898987,4.08850002,0.0250000004,50,1,0.119999997,0.550000012,0.0133333337
SL3_rand_15_r0,1,1644,39.8274918,39,1.38991582,4.17859983,0.0629587993,0.0529587977,0.0264487416,0.0264149681,0,1.38979805,6,2.5,7.7304101,0,0,0,0,0,7.00292301,0.239665508,88.7263031,0.68246448,0.154781803,4.17859983,418.9534,69.4898987,4.08850002,0.0250000004,50,1,0.119999997,0.550000012,0.0133333337
SL3_rand_15_r0,1,1645,39.8408279,39,1.38985097,4.17859983,0.0626254603,0.0526254624,0.0277501941,0.0276447684,0,1.38979805,6,2.5,7.7304101,0,0,0,0,0,7.00292301,0.239665508,88.7263031,0.68246448,0.154781803,4.17859983,418.9534,69.4898987,4.08850002,0.0250000004,50,1,0.119999997,0.550000012,0.0133333337
SL3_rand_15_r0,1,1646,39.8541603,39,1.38982189,4.17859983,0.0622921288,0.0522921309,0.0291978642,0.0290509854,0,1.38979805,6,2.5,7.7304101,0,0,0,0,0,7.00292301,0.239665508,88.7263031,0.68246448,0.154781803,4.17859983,418.9534,69.4898987,4.08850002,0.0250000004,50,1,0.119999997,0.550000012,0.0133333337
SL3_rand_15_r0,1,1647,39.8674927,39,1.38980877,4.17859983,0.0619587973,0.0519587956,0.0304024722,0.0301224962,0,1.38979805,6,2.5,7.7304101,0,0,0,0,0,7.00292301,0.239665508,88.7263031,0.68246448,0.154781803,4.17859983,418.9534,69.4898987,4.08850002,0.0250000004,50,1,0.119999997,0.550000012,0.0133333337
SL3_rand_15_r0,1,1648,39.880825,39,1.38980281,4.17859983,0.061625462,0.0516254641,0.0317234471,0.0316308811,0,1.38979805,6,2.5,7.7304101,0,0,0,0,0,7.00292301,0.239665508,88.7263031,0.68246448,0.154781803,4.17859983,418.9534,69.4898987,4.08850002,0.0250000004,50,1,0.119999997,0.550000012,0.0133333337
SL3_rand_15_r0,1,1649,39.8941612,39,1.38980019,4.17859983,0.0612921305,0.0512921289,0.0328274295,0.032473091,0,1.38979805,6,2.5,7.7304101,0,0,0,0,0,7.00292301,0.239665508,88.7263031,0.68246448,0.154781803,4.17859983,418.9534,69.4898987,4.08850002,0.0250000004,50,1,0.119999997,0.550000012,0.0133333337
SL3_rand_15_r0,1,1650,39.9074936,39,1.389799,4.17859983,0.0609587952,0.0509587973,0.0339132659,0.0338114016,0,1.38979805,6,2.5,7.7304101,0,0,0,0,0,7.00292301,0.239665508,88.7263031,0.68246448,0.154781803,4.17859983,418.9534,69.4898987,4.08850002,0.0250000004,50,1,0.119999997,0.550000012,0.0133333337
SL3_rand_15_r0,1,1651,39.920826,39,1.3897984,4.17859983,0.0606254637,0.0506254621,0.034808334,0.0345160477,0,1.38979805,6,2.5,7.7304101,0,0,0,0,0,7.00292301,0.239665508,88.7263031,0.68246448,0.154781803,4.17859983,418.9534,69.4898987,4.08850002,0.0250000004,50,1,0.119999997,0.550000012,0.0133333337
SL3_rand_15_r0,1,1652,39.9341583,39,1.38979816,4.17859983,0.0602921285,0.0502921306,0.0356559306,0.0355188325,0,1.38979805,6,2.5,7.7304101,0,0,0,0,0,7.00292301,0.239665508,88.7263031,0.68246448,0.154781803,4.17859983,418.9534,69.4898987,4.08850002,0.0250000004,50,1,0.119999997,0.550000012,0.0133333337
SL3_rand_15_r0,1,1653,39.9474945,39,1.38979805,4.17859983,0.0599587969,0.0499587953,0.036435768,0.0362274013,0,1.38979805,6,2.5,7.7304101,0,0,0,0,0,7.00292301,0.239665508,88.7263031,0.68246448,0.154781803,4.17859983,418.9534,69.4898987,4.08850002,0.0250000004,50,1,0.119999997,0.550000012,0.0133333337
SL3_rand_15_r0,1,1654,39.9608269,39,1.38979805,4.17859983,0.0596254617,0.0496254638,0.0372523032,0.0371325426,0,1.38979805,6,2.5,7.7304101,0,0,0,0,0,7.00292301,0.239665508,88.7263031,0.68246448,0.154781803,4.17859983,418.9534,69.4898987,4.08850002,0.0250000004,50,1,0.119999997,0.550000012,0.0133333337
SL3_rand_15_r0,1,1655,39.9741592,39,1.38979805,4.17859983,0.0592921302,0.0492921285,0.0380480178,0.0379060246,0,1.38979805,6,2.5,7.7304101,0,0,0,0,0,7.00292301,0.239665508,88.7263031,0.68246448,0.154781803,4.17859983,418.9534,69.4898987,4.08850002,0.0250000004,50,1,0.119999997,0.550000012,0.0133333337
SL3_rand_15_r0,1,1656,39.9874916,39,1.38979805,4.17859983,0.0589587949,0.048958797,0.0388473645,0.038220305,0,1.38979805,6,2.5,7.7304101,0,0,0,0,0,7.00292301,0.239665508,88.7263031,0.68246448,0.154781803,4.17859983,418.9534,69.4898987,4.08850002,0.0250000004,50,1,0.119999997,0.550000012,0.0133333337
SL3_rand_15_r0,1,1657,40.0008278,40,1.38979805,4.17859983,0.0586254634,0.0486254618,0.039200455,0.0387938879,0,1.38979805,6,2.5,7.7304101,0,0,0,0,0,5.307621,0.24050273,88.5744095,0.672985792,0.671814024,4.17859983,418.9534,69.4898987,4.08850002,0.0250000004,50,1,0.119999997,0.550000012,0.0133333337
SL3_rand_15_r0,1,1658,41.0133324,41,1.38979805,4.17859983,0.0582921281,0.0482921302,0.0398417749,0.039663773,0,1.38979805,6,2.5,7.7304101,0,0,0,0,0,4.76027393,0.114349969,88.5255508,0.663507104,0.155560851,4.17859983,418.9534,69.4898987,4.08850002,0.0250000004,50,1,0.119999997,0.550000012,0.0133333337
SL3_rand_15_r0,1,1659,41.0266685,41,1.38979805,4.17859983,0.0579587966,0.047958795,0.0404078066,0.0400442295,0,1.38979805,6,2.5,7.7304101,0,0,0,0,0,4.76027393,0.114349969,88.5255508,0.663507104,0.155560851,4.17859983,418.9534,69.4898987,4.08850002,0.0250000004,50,1,0.119999997,0.550000012,0.0133333337
SL3_rand_15_r0,1,1660,41.0400009,41,1.38979805,4.17859983,0.0576254614,0.0476254635,0.0410131812,0.0408184826,0,1.38979805,6,2.5,7.7304101,0,0,0,0,0,4.76027393,0.114349969,88.5255508,0.663507104,0.155560851,4.17859983,418.9534,69.4898987,4.08850002,0.0250000004,50,1,0.119999997,0.550000012,0.0133333337
SL3_rand_15_r0,1,1661,41.0533333,41,1.38979805,4.17859983,0.0572921298,0.0472921282,0.04136917,0.0412612073,0,1.38979805,6,2.5,7.7304101,0,0,0,0,0,4.76027393,0.114349969,88.5255508,0.663507104,0.155560851,4.17859983,418.9534,69.4898987,4.08850002,0.0250000004,50,1,0.119999997,0.550000012,0.0133333337
SL3_rand_15_r0,1,1662,41.0666656,41,1.38979805,4.17859983,0.0569587946,0.0469587967,0.0418446548,0.041782517,0,1.38979805,6,2.5,7.7304101,0,0,0,0,0,4.76027393,0.114349969,88.5255508,0.663507104,0.155560851,4.17859983,418.9534,69.4898987,4.08850002,0.0250000004,50,1,0.119999997,0.550000012,0.0133333337
SL3_rand_15_r0,1,1663,41.0800018,41,1.38979805,4.17859983,0.0566254631,0.0466254614,0.0421919934,0.0421904624,0,1.38979805,6,2.5,7.7304101,0,0,0,0,0,4.76027393,0.114349969,88.5255508,0.663507104,0.155560851,4.17859983,418.9534,69.4898987,4.08850002,0.0250000004,50,1,0.119999997,0.550000012,0.0133333337
SL3_rand_15_r0,1,1664,41.0933342,41,1.38979805,4.17859983,0.0562921278,0.0462921299,0.0426404588,0.0426079482,0,1.38979805,6,2.5,7.7304101,0,0,0,0,0,4.76027393,0.114349969,88.5255508,0.663507104,0.155560851,4.17859983,418.9534,69.4898987,4.08850002,0.0250000004,50,1,0.119999997,0.550000012,0.0133333337
SL3_rand_15_r0,1,1665,41.1066666,41,1.38979805,4.17859983,0.0559587963,0.0459587947,0.0430062674,0.0429630354,0,1.38979805,6,2.5,7.7304101,0,0,0,0,0,4.76027393,0.114349969,88.5255508,0.663507104,0.155560851,4.17859983,418.9534,69.4898987,4.08850002,0.0250000004,50,1,0.119999997,0.550000012,0.0133333337
SL3_rand_15_r0,1,1666,41.1199989,41,1.38979805,4.17859983,0.055625461,0.0456254631,0.0433701873,0.0433643535,0,1.38979805,6,2.5,7.7304101,0,0,0,0,0,4.76027393,0.114349969,88.5255508,0.663507104,0.155560851,4.17859983,418.9534,69.4898987,4.08850002,0.0250000004,50,1,0.119999997,0.550000012,0.0133333337
SL3_rand_15_r0,1,1667,41.1333351,41,1.38979805,4.17859983,0.0552921295,0.0452921279,0.0437489226,0.0434273183,0,1.38979805,6,2.5,7.7304101,0,0,0,0,0,4.76027393,0.114349969,88.5255508,0.663507104,0.155560851,4.17859983,418.9534,69.4898987,4.08850002,0.0250000004,50,1,0.119999997,0.550000012,0.0133333337
SL3_rand_15_r0,1,1668,41.1466675,41,1.38979805,4.17859983,0.0549587943,0.0449587964,0.0439959466,0.0438631885,0,1.38979805,6,2.5,7.7304101,0,0,0,0,0,4.76027393,0.114349969,88.5255508,0.663507104,0.155560851,4.17859983,418.9534,69.4898987,4.08850002,0.0250000004,50,1,0.119999997,0.550000012,0.0133333337
SL3_rand_15_r0,1,1669,41.1599998,41,1.38979805,4.17859983,0.0546254627,0.0446254611,0.0441580676,0.0439040363,0,1.38979805,6,2.5,7.7304101,0,0,0,0,0,4.76027393,0.114349969,88.5255508,0.663507104,0.155560851,4.17859983,418.9534,69.4898987,4.08850002,0.0250000004,50,1,0.119999997,0.550000012,0.0133333337
SL3_rand_15_r0,1,1670,41.1733322,41,1.38979805,4.17859983,0.0542921275,0.0442921296,0.0442463048,0.0440464094,0,1.38979805,6,2.5,7.7304101,0,0,0,0,0,4.76027393,0.114349969,88.5255508,0.663507104,0.155560851,4.17859983,418.9534,69.4898987,4.08850002,0.0250000004,50,1,0.119999997,0.550000012,0.0133333337
SL3_rand_15_r0,1,1671,41.1866684,41,1.38979805,4.17859983,0.053958796,0.0439587943,0.0444278605,0.0442644544,0,1.38979805,6,2.5,7.7304101,0,0,0,0,0,4.76027393,0.114349969,88.5255508,0.663507104,0.155560851,4.17859983,418.9534,69.4898987,4.08850002,0.0250000004,50,1,0.119999997,0.550000012,0.0133333337
SL3_rand_15_r0,1,1672,41.2000008,41,1.38979805,4.17859983,0.0536254607,0.0436254628,0.0444037728,0.0443603024,0,1.38979805,6,2.5,7.7304101,0,0,0,0,0,4.76027393,0.114349969,88.5255508,0.663507104,0.155560851,4.17859983,418.9534,69.4898987,4.08850002,0.0250000004,50,1,0.119999997,0.550000012,0.0133333337
SL3_rand_15_r0,1,1673,41.2133331,41,1.38979805,4.17859983,0.0532921292,0.0432921275,0.0445208475,0.0444993228,0,1.38979805,6,2.5,7.7304101,0,0,0,0,0,4.76027393,0.114349969,88.5255508,0.663507104,0.155560851,4.17859983,418.9534,69.4898987,4.08850002,0.0250000004,50,1,0.119999997,0.550000012,0.0133333337
SL3_rand_15_r0,1,1674,41.2266655,41,1.38979805,4.17859983,0.0529587977,0.042958796,0.0445627719,0.0445481315,0,1.38979805,6,2.5,7.7304101,0,0,0,0,0,4.76027393,0.114349969,88.5255508,0.663507104,0.155560851,4.17859983,418.9534,69.4898987,4.08850002,0.0250000004,50,1,0.119999997,0.550000012,0.0133333337
SL3_rand_15_r0,1,1675,41.2400017,41,1.38979805,4.17859983,0.0526254624,0.0426254608,0.0446227007,0.0446060039,0,1.38979805,6,2.5,7.7304101,0,0,0,0,0,4.76027393,0.114349969,88.5255508,0.663507104,0.155560851,4.17859983,418.9534,69.4898987,4.08850002,0.0250000004,50,1,0.119999997,0.550000012,0.0133333337
SL3_rand_15_r0,1,1676,41.253334,41,1.38979805,4.17859983,0.0522921309,0.0422921292,0.0445983,0.0445369184,0,1.38979805,6,2.5,7.7304101,0,0,0,0,0,4.76027393,0.114349969,88.5255508,0.663507104,0.155560851,4.17859983,418.9534,69.4898987,4.08850002,0.0250000004,50,1,0.119999997,0.550000012,0.0133333337
SL3_rand_15_r0,1,1677,41.2666664,41,1.38979805,4.17859983,0.0519587956,0.041958794,0.0446403027,0.0446284637,0,1.38979805,6,2.5,7.7304101,0,0,0,0,0,4.76027393,0.114349969,88.5255508,0.663507104,0.155560851,4.17859983,418.9534,69.4898987,4.08850002,0.0250000004,50,1,0.119999997,0.550000012,0.0133333337
SL3_rand_15_r0,1,1678,41.2799988,41,1.38979805,4.17859983,0.0516254641,0.0416254625,0.0445001721,0.0443174019,0,1.38979805,6,2.5,7.7304101,0,0,0,0,0,4.76027393,0.114349969,88.5255508,0.663507104,0.155560851,4.17859983,418.9534,69.4898987,4.08850002,0.0250000004,50,1,0.119999997,0.550000012,0.0133333337
SL3_rand_15_r0,1,1679,41.293335,41,1.38979805,4.17859983,0.0512921289,0.0412921309,0.0445583016,0.0444437228,0,1.38979805,6,2.5,7.7304101,0,0,0,0,0,4.76027393,0.114349969,88.5255508,0.663507104,0.155560851,4.17859983,418.9534,69.4898987,4.08850002,0.0250000004,50,1,0.119999997,0.550000012,0.0133333337
SL3_rand_15_r0,1,1680,41.3066673,41,1.38979805,4.17859983,0.0509587973,0.0409587957,0.0444026105,0.0439853482,0,1.38979805,6,2.5,7.7304101,0,0,0,0,0,4.76027393,0.114349969,88.5255508,0.663507104,0.155560851,4.17859983,418.9534,69.4898987,4.08850002,0.0250000004,50,1,0.119999997,0.550000012,0.0133333337
SL3_rand_15_r0,1,1681,41.3199997,41,1.38979805,4.17859983,0.0506254621,0.0406254642,0.0441648476,0.0440793149,0,1.38979805,6,2.5,7.7304101,0,0,0,0,0,4.76027393,0.114349969,88.5255508,0.663507104,0.155560851,4.17859983,418.9534,69.4898987,4.08850002,0.0250000004,50,1,0.119999997,0.550000012,0.0133333337
SL3_rand_15_r0,1,1682,41.3333321,41,1.38979805,4.17859983,0.0502921306,0.0402921289,0.0438953042,0.043665681,0,1.38979805,6,2.5,7.7304101,0,0,0,0,0,4.76027393,0.114349969,88.5255508,0.663507104,0.155560851,4.17859983,418.9534,69.4898987,4.08850002,0.0250000004,50,1,0.119999997,0.550000012,0.0133333337
SL3_rand_15_r0,1,1683,41.3466682,41,1.38979805,4.17859983,0.0499587953,0.0399587974,0.0435984805,0.0435662605,0,1.38979805,6,2.5,7.7304101,0,0,0,0,0,4.76027393,0.114349969,88.5255508,0.663507104,0.155560851,4.17859983,418.9534,69.4898987,4.08850002,0.0250000004,50,1,0.119999997,0.550000012,0.0133333337
SL3_rand_15_r0,1,1684,41.3600006,41,1.38979805,4.17859983,0.0496254638,0.0396254621,0.0434424058,0.0431104861,0,1.38979805,6,2.5,7.7304101,0,0,0,0,0,4.76027393,0.114349969,88.5255508,0.663507104,0.155560851,4.17859983,418.9534,69.4898987,4.08850002,0.0250000004,50,1,0.119999997,0.550000012,0.0133333337
SL3_rand_15_r0,1,1685,41.373333,41,1.38979805,4.17859983,0.0492921285,0.0392921306,0.0430453978,0.0429541878,0,1.38979805,6,2.5,7.7304101,0,0,0,0,0,4.76027393,0.114349969,88.5255508,0.663507104,0.155560851,4.17859983,418.9534,69.4898987,4.08850002,0.0250000004,50,1,0.119999997,0.550000012,0.0133333337
SL3_rand_15_r0,1,1686,41.3866653,41,1.38979805,4.17859983,0.048958797,0.0389587954,0.0429383442,0.042878598,0,1.38979805,6,2.5,7.7304101,0,0,0,0,0,4.76027393,0.114349969,88.5255508,0.663507104,0.155560851,4.17859983,418.9534,69.4898987,4.08850002,0.0250000004,50,1,0.119999997,0.550000012,0.0133333337
SL3_rand_15_r0,1,1687,41.4000015,41,1.38979805,4.17859983,0.0486254618,0.0386254638,0.0426009409,0.0422918387,0,1.38979805,6,2.5,7.7304101,0,0,0,0,0,4.76027393,0.114349969,88.5255508,0.663507104,0.155560851,4.17859983,418.9534,69.4898987,4.08850002,0.0250000004,50,1,0.119999997,0.550000012,0.0133333337
SL3_rand_15_r0,1,1688,41.4133339,41,1.38979805,4.17859983,0.0482921302,0.0382921286,0.0424405523,0.0421733484,0,1.38979805,6,2.5,7.7304101,0,0,0,0,0,4.76027393,0.114349969,88.5255508,0.663507104,0.155560851,4.17859983,418.9534,69.4898987,4.08850002,0.0250000004,50,1,0.119999997,0.550000012,0.0133333337
SL3_rand_15_r0,1,1689,41.4266663,41,1.38979805,4.17859983,0.047958795,0.0379587971,0.0420015492,0.04176246,0,1.38979805,6,2.5,7.7304101,0,0,0,0,0,4.76027393,0.114349969,88.5255508,0.663507104,0.155560851,4.17859983,418.9534,69.4898987,4.08850002,0.0250000004,50,1,0.119999997,0.550000012,0.0133333337
SL3_rand_15_r0,1,1690,41.4399986,41,1.38979805,4.17859983,0.0476254635,0.0376254618,0.041589994,0.0415125675,0,1.38979805,6,2.5,7.7304101,0,0,0,0,0,4.76027393,0.114349969,88.5255508,0.663507104,0.155560851,4.17859983,418.9534,69.4898987,4.08850002,0.0250000004,50,1,0.119999997,0.550000012,0.0133333337
SL3_rand_15_r0,1,1691,41.4533348,41,1.38979805,4.17859983,0.0472921282,0.0372921303,0.0412985384,0.0410333425,0,1.38979805,6,2.5,7.7304101,0,0,0,0,0,4.76027393,0.114349969,88.5255508,0.663507104,0.155560851,4.17859983,418.9534,69.4898987,4.08850002,0.0250000004,50,1,0.119999997,0.550000012,0.0133333337
SL3_rand_15_r0,1,1692,41.4666672,41,1.38979805,4.17859983,0.0469587967,0.036958795,0.0408014916,0.0407545529,0,1.38979805,6,2.5,7.7304101,0,0,0,0,0,4.76027393,0.114349969,88.5255508,0.663507104,0.155560851,4.17859983,418.9534,69.4898987,4.08850002,0.0250000004,50,1,0.119999997,0.550000012,0.0133333337
SL3_rand_15_r0,1,1693,41.4799995,41,1.38979805,4.17859983,0.0466254614,0.0366254635,0.0405765139,0.0405676104,0,1.38979805,6,2.5,7.7304101,0,0,0,0,0,4.76027393,0.114349969,88.5255508,0.663507104,0.155560851,4.17859983,418.9534,69.4898987,4.08850002,0.0250000004,50,1,0.119999997,0.550000012,0.0133333337
SL3_rand_15_r0,1,1694,41.4933319,41,1.38979805,4.17859983,0.0462921299,0.0362921283,0.0401380882,0.0399820693,0,1.38979805,6,2.5,7.7304101,0,0,0,0,0,4.76027393,0.114349969,88.5255508,0.663507104,0.155560851,4.17859983,418.9534,69.4898987,4.08850002,0.0250000004,50,1,0.119999997,0.550000012,0.0133333337
SL3_rand_15_r0,1,1695,41.5066681,41,1.38979805,4.17859983,0.0459587947,0.0359587967,0.0398714654,0.0397754349,0,1.38979805,6,2.5,7.7304101,0,0,0,0,0,4.76027393,0.114349969,88.5255508,0.663507104,0.155560851,4.17859983,418.9534,69.4898987,4.08850002,0.0250000004,50,1,0.119999997,0.550000012,0.0133333337
SL3_rand_15_r0,1,1696,41.5200005,41,1.38979805,4.17859983,0.0456254631,0.0356254615,0.0396037139,0.0392026044,0,1.38979805,6,2.5,7.7304101,0,0,0,0,0,4.76027393,0.114349969,88.5255508,0.663507104,0.155560851,4.17859983,418.9534,69.4898987,4.08850002,0.0250000004,50,1,0.119999997,0.550000012,0.0133333337
SL3_rand_15_r0,1,1697,41.5333328,41,1.38979805,4.17859983,0.0452921279,0.03529213,0.0392907597,0.0389819257,0,1.38979805,6,2.5,7.7304101,0,0,0,0,0,4.76027393,0.114349969,88.5255508,0.663507104,0.155560851,4.17859983,418.9534,69.4898987,4.08850002,0.0250000004,50,1,0.119999997,0.550000012,0.0133333337
SL3_rand_15_r0,1,1698,41.5466652,41,1.38979805,4.17859983,0.0449587964,0.0349587947,0.0389582738,0.0386185236,0,1.38979805,6,2.5,7.7304101,0,0,0,0,0,4.76027393,0.114349969,88.5255508,0.663507104,0.155560851,4.17859983,418.9534,69.4898987,4.08850002,0.0250000004,50,1,0.119999997,0.550000012,0.0133333337
SL3_rand_15_r0,1,1699,41.5600014,41,1.38979805,4.17859983,0.0446254611,0.0346254632,0.0384221226,0.0382873602,0,1.38979805,6,2.5,7.7304101,0,0,0,0,0,4.76027393,0.114349969,88.5255508,0.663507104,0.155560851,4.17859983,418.9534,69.4898987,4.08850002,0.0250000004,50,1,0.119999997,0.550000012,0.0133333337
SL3_rand_15_r0,1,1700,41.5733337,41,1.38979805,4.17859983,0.0442921296,0.0342921279,0.0381535292,0.038052883,0,1.38979805,6,2.5,7.7304101,0,0,0,0,0,4.76027393,0.114349969,88.5255508,0.663507104,0.155560851,4.17859983,418.9534,69.4898987,4.08850002,0.0250000004,50,1,0.119999997,0.550000012,0.0133333337
SL3_rand_15_r0,1,1701,41.5866661,41,1.38979805,4.17859983,0.0439587943,0.0339587964,0.0376051962,0.0375047103,0,1.38979805,6,2.5,7.7304101,0,0,0,0,0,4.76027393,0.114349969,88.5255508,0.663507104,0.155560851,4.17859983,418.9534,69.4898987,4.08850002,0.0250000004,50,1,0.119999997,0.550000012,0.0133333337
SL3_rand_15_r0,1,1702,41.5999985,41,1.38979805,4.17859983,0.0436254628,0.0336254612,0.0372975245,0.0372624062,0,1.38979805,6,2.5,7.7304101,0,0,0,0,0,4.76027393,0.114349969,88.5255508,0.663507104,0.155560851,4.17859983,418.9534,69.4898987,4.08850002,0.0250000004,50,1,0.119999997,0.550000012,0.0133333337
SL3_rand_15_r0,1,1703,41.6133347,41,1.38979805,4.17859983,0.0432921275,0.0332921296,0.0369213521,0.0367290117,0,1.38979805,6,2.5,7.7304101,0,0,0,0,0,4.76027393,0.114349969,88.5255508,0.663507104,0.155560851,4.17859983,418.9534,69.4898987,4.08850002,0.0250000004,50,1,0.119999997,0.550000012,0.0133333337
SL3_rand_15_r0,1,1704,41.626667,41,1.38979805,4.17859983,0.042958796,0.0329587944,0.0365665406,0.0364810303,0,1.38979805,6,2.5,7.7304101,0,0,0,0,0,4.76027393,0.114349969,88.5255508,0.663507104,0.155560851,4.17859983,418.9534,69.4898987,4.08850002,0.0250000004,50,1,0.119999997,0.550000012,0.0133333337
SL3_rand_15_r0,1,1705,41.6399994,41,1.38979805,4.17859983,0.0426254608,0.0326254629,0.0363768451,0.0359616652,0,1.38979805,6,2.5,7.7304101,0,0,0,0,0,4.76027393,0.114349969,88.5255508,0.663507104,0.155560851,4.17859983,418.9534,69.4898987,4.08850002,0.0250000004,50,1,0.119999997,0.550000012,0.0133333337
SL3_rand_15_r0,1,1706,41.6533318,41,1.38979805,4.17859983,0.0422921292,0.0322921276,0.0359653458,0.035709247,0,1.38979805,6,2.5,7.7304101,0,0,0,0,0,4.76027393,0.114349969,88.5255508,0.663507104,0.155560851,4.17859983,418.9534,69.4898987,4.08850002,0.0250000004,50,1,0.119999997,0.550000012,0.0133333337
SL3_rand_15_r0,1,1707,41.6666679,41,1.38979805,4.17859983,0.041958794,0.0319587961,0.0359769128,0.0352052599,0,1.38979805,6,2.5,7.7304101,0,0,0,0,0,4.76027393,0.114349969,88.5255508,0.663507104,0.155560851,4.17859983,418.9534,69.4898987,4.08850002,0.0250000004,50,1,0.119999997,0.550000012,0.0133333337
SL3_rand_15_r0,1,1708,41.6800003,41,1.38979805,4.17859983,0.0416254625,0.0316254608,0.035377454,0.0350565352,0,1.38979805,6,2.5,7.7304101,0,0,0,0,0,4.76027393,0.114349969,88.5255508,0.663507104,0.155560851,4.17859983,418.9534,69.4898987,4.08850002,0.0250000004,50,1,0.119999997,0.550000012,0.0133333337
SL3_rand_15_r0,1,1709,41.6933327,41,1.38979805,4.17859983,0.0412921309,0.0312921293,0.0350792669,0.0348051228,0,1.38979805,6,2.5,7.7304101,0,0,0,0,0,4.76027393,0.114349969,88.5255508,0.663507104,0.155560851,4.17859983,418.9534,69.4898987,4.08850002,0.0250000004,50,1,0.119999997,0.550000012,0.0133333337
SL3_rand_15_r0,1,1710,41.706665,41,1.38979805,4.17859983,0.0409587957,0.0309587959,0.0345515124,0.0343112797,0,1.38979805,6,2.5,7.7304101,0,0,0,0,0,4.76027393,0.114349969,88.5255508,0.663507104,0.155560851,4.17859983,418.9534,69.4898987,4.08850002,0.0250000004,50,1,0.119999997,0.550000012,0.0133333337
SL3_rand_15_r0,1,1711,41.7200012,41,1.38979805,4.17859983,0.0406254642,0.0306254625,0.0341982879,0.0340557955,0,1.38979805,6,2.5,7.7304101,0,0,0,0,0,4.76027393,0.114349969,88.5255508,0.663507104,0.155560851,4.17859983,418.9534,69.4898987,4.08850002,0.0250000004,50,1,0.119999997,0.550000012,0.0133333337
SL3_rand_15_r0,1,1712,41.7333336,41,1.38979805,4.17859983,0.0402921289,0.0302921291,0.0338595919,0.0335747972,0,1.38979805,6,2.5,7.7304101,0,0,0,0,0,4.76027393,0.114349969,88.5255508,0.663507104,0.155560851,4.17859983,418.9534,69.4898987,4.08850002,0.0250000004,50,1,0.119999997,0.550000012,0.0133333337
SL3_rand_15_r0,1,1713,41.746666,41,1.38979805,4.17859983,0.0399587974,0.0299587958,0.0334384665,0.0333156735,0,1.38979805,6,2.5,7.7304101,0,0,0,0,0,4.76027393,0.114349969,88.5255508,0.663507104,0.155560851,4.17859983,418.9534,69.4898987,4.08850002,0.0250000004,50,1,0.119999997,0.550000012,0.0133333337
SL3_rand_15_r0,1,1714,41.7599983,41,1.38979805,4.17859983,0.0396254621,0.0296254624,0.0333084837,0.0328470543,0,1.38979805,6,2.5,7.7304101,0,0,0,0,0,4.76027393,0.114349969,88.5255508,0.663507104,0.155560851,4.17859983,418.9534,69.4898987,4.08850002,0.0250000004,50,1,0.119999997,0.550000012,0.0133333337
SL3_rand_15_r0,1,1715,41.7733345,41,1.38979805,4.17859983,0.0392921306,0.029292129,0.0328069255,0.032585144,0,1.38979805,6,2.5,7.7304101,0,0,0,0,0,4.76027393,0.114349969,88.5255508,0.663507104,0.155560851,4.17859983,418.9534,69.4898987,4.08850002,0.0250000004,50,1,0.119999997,0.550000012,0.0133333337
SL3_rand_15_r0,1,1716,41.7866669,41,1.38979805,4.17859983,0.0389587954,0.0289587956,0.0329040363,0.0321282074,0,1.38979805,6,2.5,7.7304101,0,0,0,0,0,4.76027393,0.114349969,88.5255508,0.663507104,0.155560851,4.17859983,418.9534,69.4898987,4.08850002,0.0250000004,50,1,0.119999997,0.550000012,0.0133333337
SL3_rand_15_r0,1,1717,41.7999992,41,1.38979805,4.17859983,0.0386254638,0.0286254622,0.0323079564,0.0318635441,0,1.38979805,6,2.5,7.7304101,0,0,0,0,0,4.76027393,0.114349969,88.5255508,0.663507104,0.155560851,4.17859983,418.9534,69.4898987,4.08850002,0.0250000004,50,1,0.119999997,0.550000012,0.0133333337
SL3_rand_15_r0,1,1718,41.8133316,41,1.38979805,4.17859983,0.0382921286,0.0282921288,0.0323742963,0.0317090899,0,1.38979805,6,2.5,7.7304101,0,0,0,0,0,4.76027393,0.114349969,88.5255508,0.663507104,0.155560851,4.17859983,418.9534,69.4898987,4.08850002,0.0250000004,50,1,0.119999997,0.550000012,0.0133333337
SL3_rand_15_r0,1,1719,41.8266678,41,1.38979805,4.17859983,0.0379587971,0.0279587954,0.0318241343,0.0312547125,0,1.38979805,6,2.5,7.7304101,0,0,0,0,0,4.76027393,0.114349969,88.5255508,0.663507104,0.155560851,4.17859983,418.9534,69.4898987,4.08850002,0.0250000004,50,1,0.119999997,0.550000012,0.0133333337
SL3_rand_15_r0,1,1720,41.8400002,41,1.38979805,4.17859983,0.0376254618,0.027625462,0.0314275995,0.0309907459,0,1.38979805,6,2.5,7.7304101,0,0,0,0,0,4.76027393,0.114349969,88.5255508,0.663507104,0.155560851,4.17859983,418.9534,69.4898987,4.08850002,0.0250000004,50,1,0.119999997,0.550000012,0.0133333337
SL3_rand_15_r0,1,1721,41.8533325,41,1.38979805,4.17859983,0.0372921303,0.0272921287,0.0310866274,0.0305429399,0,1.38979805,6,2.5,7.7304101,0,0,0,0,0,4.76027393,0.114349969,88.5255508,0.663507104,0.155560851,4.17859983,418.9534,69.4898987,4.08850002,0.0250000004,50,1,0.119999997,0.550000012,0.0133333337
SL3_rand_15_r0,1,1722,41.8666649,41,1.38979805,4.17859983,0.036958795,0.0269587953,0.0305957198,0.0302760452,0,1.38979805,6,2.5,7.7304101,0,0,0,0,0,4.76027393,0.114349969,88.5255508,0.663507104,0.155560851,4.17859983,418.9534,69.4898987,4.08850002,0.0250000004,50,1,0.119999997,0.550000012,0.0133333337
SL3_rand_15_r0,1,1723,41.8800011,41,1.38979805,4.17859983,0.0366254635,0.0266254619,0.0304842424,0.0303651094,0,1.38979805,6,2.5,7.7304101,0,0,0,0,0,4.76027393,0.114349969,88.5255508,0.663507104,0.155560851,4.17859983,418.9534,69.4898987,4.08850002,0.0250000004,50,1,0.119999997,0.550000012,0.0133333337
SL3_rand_15_r0,1,1724,41.8933334,41,1.38979805,4.17859983,0.0362921283,0.0262921285,0.0298868027,0.029560715,0,1.38979805,6,2.5,7.7304101,0,0,0,0,0,4.76027393,0.114349969,88.5255508,0.663507104,0.155560851,4.17859983,418.9534,69.4898987,4.08850002,0.0250000004,50,1,0.119999997,0.550000012,0.0133333337
SL3_rand_15_r0,1,1725,41.9066658,41,1.38979805,4.17859983,0.0359587967,0.0259587951,0.0297351908,0.0296551175,0,1.38979805,6,2.5,7.7304101,0,0,0,0,0,4.76027393,0.114349969,88.5255508,0.663507104,0.155560851,4.17859983,418.9534,69.4898987,4.08850002,0.0250000004,50,1,0.119999997,0.550000012,0.0133333337
SL3_rand_15_r0,1,1726,41.9199982,41,1.38979805,4.17859983,0.0356254615,0.0256254617,0.0293065179,0.0288429763,0,1.38979805,6,2.5,7.7304101,0,0,0,0,0,4.76027393,0.114349969,88.5255508,0.663507104,0.155560851,4.17859983,418.9534,69.4898987,4.08850002,0.0250000004,50,1,0.119999997,0.550000012,0.0133333337
SL3_rand_15_r0,1,1727,41.9333344,41,1.38979805,4.17859983,0.03529213,0.0252921283,0.0291028265,0.0289422255,0,1.38979805,6,2.5,7.7304101,0,0,0,0,0,4.76027393,0.114349969,88.5255508,0.663507104,0.155560851,4.17859983,418.9534,69.4898987,4.08850002,0.0250000004,50,1,0.119999997,0.550000012,0.0133333337
SL3_rand_15_r0,1,1728,41.9466667,41,1.38979805,4.17859983,0.0349587947,0.0249587949,0.0288664922,0.0281252954,0,1.38979805,6,2.5,7.7304101,0,0,0,0,0,4.76027393,0.114349969,88.5255508,0.663507104,0.155560851,4.17859983,418.9534,69.4898987,4.08850002,0.0250000004,50,1,0.119999997,0.550000012,0.0133333337
SL3_rand_15_r0,1,1729,41.9599991,41,1.38979805,4.17859983,0.0346254632,0.0246254634,0.0286010262,0.0282297656,0,1.38979805,6,2.5,7.7304101,0,0,0,0,0,4.76027393,0.114349969,88.5255508,0.663507104,0.155560851,4.17859983,418.9534,69.4898987,4.08850002,0.0250000004,50,1,0.119999997,0.550000012,0.0133333337
SL3_rand_15_r0,1,1730,41.9733315,41,1.38979805,4.17859983,0.0342921279,0.02429213,0.0283949915,0.027847359,0,1.38979805,6,2.5,7.7304101,0,0,0,0,0,4.76027393,0.114349969,88.5255508,0.663507104,0.155560851,4.17859983,418.9534,69.4898987,4.08850002,0.0250000004,50,1,0.119999997,0.550000012,0.0133333337
SL3_rand_15_r0,1,1731,41.9866676,41,1.38979805,4.17859983,0.0339587964,0.0239587966,0.0278338343,0.027611332,0,1.38979805,6,2.5,7.7304101,0,0,0,0,0,4.76027393,0.114349969,88.5255508,0.663507104,0.155560851,4.17859983,418.9534,69.4898987,4.08850002,0.0250000004,50,1,0.119999997,0.550000012,0.0133333337
SL3_rand_15_r0,1,1732,42,42,1.38979805,4.17859983,0.0336254612,0.0236254632,0.0274928752,0.0273252148,0,1.38979805,6,2.5,7.7304101,0,0,0,0,0,3.98328638,0.0923654735,88.5598221,0.60189575,0.590651989,4.17859983,418.9534,69.4898987,4.08850002,0.0250000004,50,1,0.119999997,0.550000012,0.0133333337
SL3_rand_15_r0,1,1733,42.0133324,42,1.38979805,4.17859983,0.0332921296,0.0232921299,0.0271209478,0.0268948376,0,1.38979805,6,2.5,7.7304101,0,0,0,0,0,3.98328638,0.0923654735,88.5598221,0.60189575,0.590651989,4.17859983,418.9534,69.4898987,4.08850002,0.0250000004,50,1,0.119999997,0.550000012,0.0133333337
SL3_rand_15_r0,1,1734,42.0266685,42,1.38979805,4.17859983,0.0329587944,0.0229587965,0.0266265161,0.0266026445,0,1.38979805,6,2.5,7.7304101,0,0,0,0,0,3.98328638,0.0923654735,88.5598221,0.60189575,0.590651989,4.17859983,418.9534,69.4898987,4.08850002,0.0250000004,50,1,0.119999997,0.550000012,0.0133333337
SL3_rand_15_r0,1,1735,42.0400009,42,1.38979805,4.17859983,0.0326254629,0.0226254631,0.0263911895,0.026218079,0,1.38979805,6,2.5,7.7304101,0,0,0,0,0,3.98328638,0.0923654735,88.5598221,0.60189575,0.590651989,4.17859983,418.9534,69.4898987,4.08850002,0.0250000004,50,1,0.119999997,0.550000012,0.0133333337
SL3_rand_15_r0,1,1736,42.0533333,42,1.38979805,4.17859983,0.0322921276,0.0222921297,0.0258919857,0.0258797091,0,1.38979805,6,2.5,7.7304101,0,0,0,0,0,3.98328638,0.0923654735,88.5598221,0.60189575,0.590651989,4.17859983,418.9534,69.4898987,4.08850002,0.0250000004,50,1,0.119999997,0.550000012,0.0133333337
SL3_rand_15_r0,1,1737,42.0666656,42,1.38979805,4.17859983,0.0319587961,0.0219587963,0.0256067477,0.0254923254,0,1.38979805,6,2.5,7.7304101,0,0,0,0,0,3.98328638,0.0923654735,88.5598221,0.60189575,0.590651989,4.17859983,418.9534,69.4898987,4.08850002,0.0250000004,50,1,0.119999997,0.550000012,0.0133333337
SL3_rand_15_r0,1,1738,42.0800018,42,1.38979805,4.17859983,0.0316254608,0.0216254629,0.0253075585,0.0251586623,0,1.38979805,6,2.5,7.7304101,0,0,0,0,0,3.98328638,0.0923654735,88.5598221,0.60189575,0.590651989,4.17859983,418.9534,69.4898987,4.08850002,0.0250000004,50,1,0.119999997,0.550000012,0.0133333337
SL3_rand_15_r0,1,1739,42.0933342,42,1.38979805,4.17859983,0.0312921293,0.0212921295,0.0249486603,0.0247687958,0,1.38979805,6,2.5,7.7304101,0,0,0,0,0,3.98328638,0.0923654735,88.5598221,0.60189575,0.590651989,4.17859983,418.9534,69.4898987,4.08850002,0.0250000004,50,1,0.119999997,0.550000012,0.0133333337
SL3_rand_15_r0,1,1740,42.1066666,42,1.38979805,4.17859983,0.0309587959,0.0209587961,0.0248886831,0.0244400799,0,1.38979805,6,2.5,7.7304101,0,0,0,0,0,3.98328638,0.0923654735,88.5598221,0.60189575,0.590651989,4.17859983,418.9534,69.4898987,4.08850002,0.0250000004,50,1,0.119999997,0.550000012,0.0133333337
SL3_rand_15_r0,1,1741,42.1199989,42,1.38979805,4.17859983,0.0306254625,0.0206254628,0.0244312286,0.024047561,0,1.38979805,6,2.5,7.7304101,0,0,0,0,0,3.98328638,0.0923654735,88.5598221,0.60189575,0.590651989,4.17859983,418.9534,69.4898987,4.08850002,0.0250000004,50,1,0.119999997,0.550000012,0.0133333337
SL3_rand_15_r0,1,1742,42.1333351,42,1.38979805,4.17859983,0.0302921291,0.0202921294,0.0244589504,0.0239642188,0,1.38979805,6,2.5,7.7304101,0,0,0,0,0,3.98328638,0.0923654735,88.5598221,0.60189575,0.590651989,4.17859983,418.9534,69.4898987,4.08850002,0.0250000004,50,1,0.119999997,0.550000012,0.0133333337
SL3_rand_15_r0,1,1743,42.1466675,42,1.38979805,4.17859983,0.0299587958,0.019958796,0.0237837508,0.0235494245,0,1.38979805,6,2.5,7.7304101,0,0,0,0,0,3.98328638,0.0923654735,88.5598221,0.60189575,0.590651989,4.17859983,418.9534,69.4898987,4.08850002,0.0250000004,50,1,0.119999997,0.550000012,0.0133333337
SL3_rand_15_r0,1,1744,42.1599998,42,1.38979805,4.17859983,0.0296254624,0.0196254626,0.0234513711,0.0231626034,0,1.38979805,6,2.5,7.7304101,0,0,0,0,0,3.98328638,0.0923654735,88.5598221,0.60189575,0.590651989,4.17859983,418.9534,69.4898987,4.08850002,0.0250000004,50,1,0.119999997,0.550000012,0.0133333337
SL3_rand_15_r0,1,1745,42.1733322,42,1.38979805,4.17859983,0.029292129,0.0192921292,0.0229503196,0.0228357241,0,1.38979805,6,2.5,7.7304101,0,0,0,0,0,3.98328638,0.0923654735,88.5598221,0.60189575,0.590651989,4.17859983,418.9534,69.4898987,4.08850002,0.0250000004,50,1,0.119999997,0.550000012,0.0133333337
SL3_rand_15_r0,1,1746,42.1866684,42,1.38979805,4.17859983,0.0289587956,0.0189587958,0.0225254688,0.0224460084,0,1.38979805,6,2.5,7.7304101,0,0,0,0,0,3.98328638,0.0923654735,88.5598221,0.60189575,0.590651989,4.17859983,418.9534,69.4898987,4.08850002,0.0250000004,50,1,0.119999997,0.550000012,0.0133333337
SL3_rand_15_r0,1,1747,42.2000008,42,1.38979805,4.17859983,0.0286254622,0.0186254624,0.0222863611,0.0221266691,0,1.38979805,6,2.5,7.7304101,0,0,0,0,0,3.98328638,0.0923654735,88.5598221,0.60189575,0.590651989,4.17859983,418.9534,69.4898987,4.08850002,0.0250000004,50,1,0.119999997,0.550000012,0.0133333337
SL3_rand_15_r0,1,1748,42.2133331,42,1.38979805,4.17859983,0.0282921288,0.018292129,0.0217380486,0.0217342153,0,1.38979805,6,2.5,7.7304101,0,0,0,0,0,3.98328638,0.0923654735,88.5598221,0.60189575,0.590651989,4.17859983,418.9534,69.4898987,4.08850002,0.0250000004,50,1,0.119999997,0.550000012,0.0133333337
SL3_rand_15_r0,1,1749,42.2266655,42,1.38979805,4.17859983,0.0279587954,0.0179587957,0.021733135,0.0216502864,0,1.38979805,6,2.5,7.7304101,0,0,0,0,0,3.98328638,0.0923654735,88.5598221,0.60189575,0.590651989,4.17859983,418.9534,69.4898987,4.08850002,0.0250000004,50,1,0.119999997,0.550000012,0.0133333337
SL3_rand_15_r0,1,1750,42.2400017,42,1.38979805,4.17859983,0.027625462,0.0176254623,0.0211080946,0.0210267361,0,1.38979805,6,2.5,7.7304101,0,0,0,0,0,3.98328638,0.0923654735,88.5598221,0.60189575,0.590651989,4.17859983,418.9534,69.4898987,4.08850002,0.0250000004,50,1,0.119999997,0.550000012,0.0133333337
SL3_rand_15_r0,1,1751,42.253334,42,1.38979805,4.17859983,0.0272921287,0.0172921289,0.0210577454,0.0209410433,0,1.38979805,6,2.5,7.7304101,0,0,0,0,0,3.98328638,0.0923654735,88.5598221,0.60189575,0.590651989,4.17859983,418.9534,69.4898987,4.08850002,0.0250000004,50,1,0.119999997,0.550000012,0.0133333337
SL3_rand_15_r0,1,1752,42.2666664,42,1.38979805,4.17859983,0.0269587953,0.0169587955,0.0206529498,0.0203211475,0,1.38979805,6,2.5,7.7304101,0,0,0,0,0,3.98328638,0.0923654735,88.5598221,0.60189575,0.590651989,4.17859983,418.9534,69.4898987,4.08850002,0.0250000004,50,1,0.119999997,0.550000012,0.0133333337
SL3_rand_15_r0,1,1753,42.2799988,42,1.38979805,4.17859983,0.0266254619,0.0166254621,0.0205335096,0.0202327874,0,1.38979805,6,2.5,7.7304101,0,0,0,0,0,3.98328638,0.0923654735,88.5598221,0.60189575,0.590651989,4.17859983,418.9534,69.4898987,4.08850002,0.0250000004,50,1,0.119999997,0.550000012,0.0133333337
SL3_rand_15_r0,1,1754,42.293335,42,1.38979805,4.17859983,0.0262921285,0.0162921287,0.0203887559,0.0196152814,0,1.38979805,6,2.5,7.7304101,0,0,0,0,0,3.98328638,0.0923654735,88.5598221,0.60189575,0.590651989,4.17859983,418.9534,69.4898987,4.08850002,0.0250000004,50,1,0.119999997,0.550000012,0.0133333337
SL3_rand_15_r0,1,1755,42.3066673,42,1.38979805,4.17859983,0.0259587951,0.0159587953,0.0198456924,0.0194347445,0,1.38979805,6,2.5,7.7304101,0,0,0,0,0,3.98328638,0.0923654735,88.5598221,0.60189575,0.590651989,4.17859983,418.9534,69.4898987,4.08850002,0.0250000004,50,1,0.119999997,0.550000012,0.0133333337
SL3_rand_15_r0,1,1756,42.3199997,42,1.38979805,4.17859983,0.0256254617,0.0156254619,0.0196740311,0.0191225596,0,1.38979805,6,2.5,7.7304101,0,0,0,0,0,3.98328638,0.0923654735,88.5598221,0.60189575,0.590651989,4.17859983,418.9534,69.4898987,4.08850002,0.0250000004,50,1,0.119999997,0.550000012,0.0133333337
SL3_rand_15_r0,1,1757,42.3333321,42,1.38979805,4.17859983,0.0252921283,0.0152921295,0.0188924987,0.0187307503,0,1.38979805,6,2.5,7.7304101,0,0,0,0,0,3.98328638,0.0923654735,88.5598221,0.60189575,0.590651989,4.17859983,418.9534,69.4898987,4.08850002,0.0250000004,50,1,0.119999997,0.550000012,0.0133333337
SL3_rand_15_r0,1,1758,42.3466682,42,1.38979805,4.17859983,0.0249587949,0.0149587961,0.0188336503,0.0186475348,0,1.38979805,6,2.5,7.7304101,0,0,0,0,0,3.98328638,0.0923654735,88.5598221,0.60189575,0.590651989,4.17859983,418.9534,69.4898987,4.08850002,0.0250000004,50,1,0.119999997,0.550000012,0.0133333337
SL3_rand_15_r0,1,1759,42.3600006,42,1.38979805,4.17859983,0.0246254634,0.0146254627,0.0181133691,0.0180292241,0,1.38979805,6,2.5,7.7304101,0,0,0,0,0,3.98328638,0.0923654735,88.5598221,0.60189575,0.590651989,4.17859983,418.9534,69.4898987,4.08850002,0.0250000004,50,1,0.119999997,0.550000012,0.0133333337
SL3_rand_15_r0,1,1760,42.373333,42,1.38979805,4.17859983,0.02429213,0.0142921293,0.01796568,0.0179443061,0,1.38979805,6,2.5,7.7304101,0,0,0,0,0,3.98328638,0.0923654735,88.5598221,0.60189575,0.590651989,4.17859983,418.9534,69.4898987,4.08850002,0.0250000004,50,1,0.119999997,0.550000012,0.0133333337
SL3_rand_15_r0,1,1761,42.3866653,42,1.38979805,4.17859983,0.0239587966,0.0139587959,0.0175372437,0.0173303783,0,1.38979805,6,2.5,7.7304101,0,0,0,0,0,3.98328638,0.0923654735,88.5598221,0.60189575,0.590651989,4.17859983,418.9534,69.4898987,4.08850002,0.0250000004,50,1,0.119999997,0.550000012,0.0133333337
SL3_rand_15_r0,1,1762,42.4000015,42,1.38979805,4.17859983,0.0236254632,0.0136254625,0.0172682926,0.0172440261,0,1.38979805,6,2.5,7.7304101,0,0,0,0,0,3.98328638,0.0923654735,88.5598221,0.60189575,0.590651989,4.17859983,418.9534,69.4898987,4.08850002,0.0250000004,50,1,0.119999997,0.550000012,0.0133333337
SL3_rand_15_r0,1,1763,42.4133339,42,1.38979805,4.17859983,0.0232921299,0.0132921292,0.0171922147,0.0166347772,0,1.38979805,6,2.5,7.7304101,0,0,0,0,0,3.98328638,0.0923654735,88.5598221,0.60189575,0.590651989,4.17859983,418.9534,69.4898987,4.08850002,0.0250000004,50,1,0.119999997,0.550000012,0.0133333337
SL3_rand_15_r0,1,1764,42.4266663,42,1.38979805,4.17859983,0.0229587965,0.0129587958,0.0167690739,0.0165475495,0,1.38979805,6,2.5,7.7304101,0,0,0,0,0,3.98328638,0.0923654735,88.5598221,0.60189575,0.590651989,4.17859983,418.9534,69.4898987,4.08850002,0.0250000004,50,1,0.119999997,0.550000012,0.0133333337
SL3_rand_15_r0,1,1765,42.4399986,42,1.38979805,4.17859983,0.0226254631,0.0126254624,0.0169521794,0.0167737305,0,1.38979805,6,2.5,7.7304101,0,0,0,0,0,3.98328638,0.0923654735,88.5598221,0.60189575,0.590651989,4.17859983,418.9534,69.4898987,4.08850002,0.0250000004,50,1,0.119999997,0.550000012,0.0133333337
SL3_rand_15_r0,1,1766,42.4533348,42,1.38979805,4.17859983,0.0222921297,0.012292129,0.0164866056,0.0158481598,0,1.38979805,6,2.5,7.7304101,0,0,0,0,0,3.98328638,0.0923654735,88.5598221,0.60189575,0.590651989,4.17859983,418.9534,69.4898987,4.08850002,0.0250000004,50,1,0.119999997,0.550000012,0.0133333337
SL3_rand_15_r0,1,1767,42.4666672,42,1.38979805,4.17859983,0.0219587963,0.0119587956,0.0164622422,0.0156703666,0,1.38979805,6,2.5,7.7304101,0,0,0,0,0,3.98328638,0.0923654735,88.5598221,0.60189575,0.590651989,4.17859983,418.9534,69.4898987,4.08850002,0.0250000004,50,1,0.119999997,0.550000012,0.0133333337
SL3_rand_15_r0,1,1768,42.4799995,42,1.38979805,4.17859983,0.0216254629,0.0116254622,0.015627183,0.0150512708,0,1.38979805,6,2.5,7.7304101,0,0,0,0,0,3.98328638,0.0923654735,88.5598221,0.60189575,0.590651989,4.17859983,418.9534,69.4898987,4.08850002,0.0250000004,50,1,0.119999997,0.550000012,0.0133333337
SL3_rand_15_r0,1,1769,42.4933319,42,1.38979805,4.17859983,0.0212921295,0.0112921288,0.0153506519,0.0149663277,0,1.38979805,6,2.5,7.7304101,0,0,0,0,0,3.98328638,0.0923654735,88.5598221,0.60189575,0.590651989,4.17859983,418.9534,69.4898987,4.08850002,0.0250000004,50,1,0.119999997,0.550000012,0.0133333337
SL3_rand_15_r0,1,1770,42.5066681,42,1.38979805,4.17859983,0.0209587961,0.0109587954,0.0148931248,0.0143493842,0,1.38979805,6,2.5,7.7304101,0,0,0,0,0,3.98328638,0.0923654735,88.5598221,0.60189575,0.590651989,4.17859983,418.9534,69.4898987,4.08850002,0.0250000004,50,1,0.119999997,0.550000012,0.0133333337
SL3_rand_15_r0,1,1771,42.5200005,42,1.38979805,4.17859983,0.0206254628,0.010625463,0.0144190025,0.01426348,0,1.38979805,6,2.5,7.7304101,0,0,0,0,0,3.98328638,0.0923654735,88.5598221,0.60189575,0.590651989,4.17859983,418.9534,69.4898987,4.08850002,0.0250000004,50,1,0.119999997,0.550000012,0.0133333337
SL3_rand_15_r0,1,1772,42.5333328,42,1.38979805,4.17859983,0.0202921294,0.0102921296,0.0144343795,0.0136505794,0,1.38979805,6,2.5,7.7304101,0,0,0,0,0,3.98328638,0.0923654735,88.5598221,0.60189575,0.590651989,4.17859983,418.9534,69.4898987,4.08850002,0.0250000004,50,1,0.119999997,0.550000012,0.0133333337
SL3_rand_15_r0,1,1773,42.5466652,42,1.38979805,4.17859983,0.019958796,0.0099587962,0.0137125002,0.0135635613,0,1.38979805,6,2.5,7.7304101,0,0,0,0,0,3.98328638,0.0923654735,88.5598221,0.60189575,0.590651989,4.17859983,418.9534,69.4898987,4.08850002,0.0250000004,50,1,0.119999997,0.550000012,0.0133333337
SL3_rand_15_r0,1,1774,42.5600014,42,1.38979805,4.17859983,0.0196254626,0.00962546282,0.0138238668,0.0137897497,0,1.38979805,6,2.5,7.7304101,0,0,0,0,0,3.98328638,0.0923654735,88.5598221,0.60189575,0.590651989,4.17859983,418.9534,69.4898987,4.08850002,0.0250000004,50,1,0.119999997,0.550000012,0.0133333337
SL3_rand_15_r0,1,1775,42.5733337,42,1.38979805,4.17859983,0.0192921292,0.00929212943,0.0132694533,0.012861982,0,1.38979805,6,2.5,7.7304101,0,0,0,0,0,3.98328638,0.0923654735,88.5598221,0.60189575,0.590651989,4.17859983,418.9534,69.4898987,4.08850002,0.0250000004,50,1,0.119999997,0.550000012,0.0133333337
SL3_rand_15_r0,1,1776,42.5866661,42,1.38979805,4.17859983,0.0189587958,0.00895879604,0.0132610258,0.0127779543,0,1.38979805,6,2.5,7.7304101,0,0,0,0,0,3.98328638,0.0923654735,88.5598221,0.60189575,0.590651989,4.17859983,418.9534,69.4898987,4.08850002,0.0250000004,50,1,0.119999997,0.550000012,0.0133333337
SL3_rand_15_r0,1,1777,42.5999985,42,1.38979805,4.17859983,0.0186254624,0.00862546265,0.0131205423,0.0121555133,0,1.38979805,6,2.5,7.7304101,0,0,0,0,0,3.98328638,0.0923654735,88.5598221,0.60189575,0.590651989,4.17859983,418.9534,69.4898987,4.08850002,0.0250000004,50,1,0.119999997,0.550000012,0.0133333337
SL3_rand_15_r0,1,1778,42.6133347,42,1.38979805,4.17859983,0.018292129,0.00829212926,0.0128617324,0.0120744752,0,1.38979805,6,2.5,7.7304101,0,0,0,0,0,3.98328638,0.0923654735,88.5598221,0.60189575,0.590651989,4.17859983,418.9534,69.4898987,4.08850002,0.0250000004,50,1,0.119999997,0.550000012,0.0133333337
SL3_rand_15_r0,1,1779,42.626667,42,1.38979805,4.17859983,0.0179587957,0.00795879588,0.0123107014,0.0122900372,0,1.38979805,6,2.5,7.7304101,0,0,0,0,0,3.98328638,0.0923654735,88.5598221,0.60189575,0.590651989,4.17859983,418.9534,69.4898987,4.08850002,0.0250000004,50,1,0.119999997,0.550000012,0.0133333337
SL3_rand_15_r0,1,1780,42.6399994,42,1.38979805,4.17859983,0.0176254623,0.00762546249,0.0120118912,0.011480907,0,1.38979805,6,2.5,7.7304101,0,0,0,0,0,3.98328638,0.0923654735,88.5598221,0.60189575,0.590651989,4.17859983,418.9534,69.4898987,4.08850002,0.0250000004,50,1,0.119999997,0.550000012,0.0133333337
SL3_rand_15_r0,1,1781,42.6533318,42,1.38979805,4.17859983,0.0172921289,0.0072921291,0.0116575854,0.01152022,0,1.38979805,6,2.5,7.7304101,0,0,0,0,0,3.98328638,0.0923654735,88.5598221,0.60189575,0.590651989,4.17859983,418.9534,69.4898987,4.08850002,0.0250000004,50,1,0.119999997,0.550000012,0.0133333337
SL3_rand_15_r0,1,1782,42.6666679,42,1.38979805,4.17859983,0.0169587955,0.00695879571,0.0112213381,0.0107708313,0,1.38979805,6,2.5,7.7304101,0,0,0,0,0,3.98328638,0.0923654735,88.5598221,0.60189575,0.590651989,4.17859983,418.9534,69.4898987,4.08850002,0.0250000004,50,1,0.119999997,0.550000012,0.0133333337
SL3_rand_15_r0,1,1783,42.6800003,42,1.38979805,4.17859983,0.0166254621,0.00662546232,0.0107243396,0.0104539413,0,1.38979805,6,2.5,7.7304101,0,0,0,0,0,3.98328638,0.0923654735,88.5598221,0.60189575,0.590651989,4.17859983,418.9534,69.4898987,4.08850002,0.0250000004,50,1,0.119999997,0.550000012,0.0133333337
SL3_rand_15_r0,1,1784,42.6933327,42,1.42780304,4.17859983,0.0162921287,0.0062921294,0.0106076235,0.00983506534,0.000164935031,1.45889807,6,2.5,7.7304101,0,0,0,0,0,3.98328638,0.0923654735,88.5598221,0.60189575,0.590651989,4.17859983,418.9534,69.4898987,4.08850002,0.0250000004,50,1,0.119999997,0.550000012,0.0133333337
SL3_rand_15_r0,1,1785,42.706665,42,1.46624315,4.17859983,0.0159587953,0.00595879601,0.00979102775,0.00974246208,0.000257537555,1.49769425,6,2.5,7.7304101,0,0,0,0,0,3.98328638,0.0923654735,88.5598221,0.60189575,0.590651989,4.17859983,418.9534,69.4898987,4.08850002,0.0250000004,50,1,0.119999997,0.550000012,0.0133333337
SL3_rand_15_r0,1,1786,42.7200012,42,1.44947386,4.17859983,0.0156254619,0.00562546263,0.0101979179,0.0098903086,0.000109691216,1.43575346,6,2.5,7.7304101,0,0,0,0,0,3.98328638,0.0923654735,88.5598221,0.60189575,0.590651989,4.17859983,418.9534,69.4898987,4.08850002,0.0250000004,50,1,0.119999997,0.550000012,0.0133333337
SL3_rand_15_r0,1,1787,42.7333336,42,1.63921487,4.17859983,0.0152921295,0.00529212924,0.0092273429,0.00903411768,0.000965881918,1.79445755,6,2.5,7.7304101,0,0,0,0,0,3.98328638,0.0923654735,88.5598221,0.60189575,0.590651989,4.17859983,418.9534,69.4898987,4.08850002,0.0250000004,50,1,0.119999997,0.550000012,0.0133333337
SL3_rand_15_r0,1,1788,42.746666,42,1.70720398,4.17859983,0.0149587961,0.00495879585,0.00925456639,0.00910960697,0.00089039345,1.76283133,6,2.5,7.7304101,0,0,0,0,0,3.98328638,0.0923654735,88.5598221,0.60189575,0.590651989,4.17859983,418.9534,69.4898987,4.08850002,0.0250000004,50,1,0.119999997,0.550000012,0.0133333337
SL3_rand_15_r0,1,1789,42.7599983,42,1.80531776,4.17859983,0.0146254627,0.00462546246,0.00888115633,0.00881658774,0.00118341274,1.88559282,6,2.5,7.7304101,0,0,0,0,0,3.98328638,0.0923654735,88.5598221,0.60189575,0.590651989,4.17859983,418.9534,69.4898987,4.08850002,0.0250000004,50,1,0.119999997,0.550000012,0.0133333337
SL3_rand_15_r0,1,1790,42.7733345,42,1.93883896,4.17859983,0.0142921293,0.00429212907,0.00848107785,0.00842873752,0.00157126202,2.04808354,6,2.5,7.7304101,0,0,0,0,0,3.98328638,0.0923654735,88.5598221,0.60189575,0.590651989,4.17859983,418.9534,69.4898987,4.08850002,0.0250000004,50,1,0.119999997,0.550000012,0.0133333337
SL3_rand_15_r0,1,1791,42.7866669,42,2.04229259,4.17859983,0.0139587959,0.00395879569,0.00825522933,0.00824052375,0.00175947638,2.12693667,6,2.5,7.7304101,0,0,0,0,0,3.98328638,0.0923654735,88.5598221,0.60189575,0.590651989,4.17859983,418.9534,69.4898987,4.08850002,0.0250000004,50,1,0.119999997,0.550000012,0.0133333337
SL3_rand_15_r0,1,1792,42.7999992,42,2.28153133,4.17859983,0.0136254625,0.00362546253,0.00831737183,0.00740430737,0.00259569264,2.47727227,6,2.5,7.7304101,0,0,0,0,0,3.98328638,0.0923654735,88.5598221,0.60189575,0.590651989,4.17859983,418.9534,69.4898987,4.08850002,0.0250000004,50,1,0.119999997,0.550000012,0.0133333337
SL3_rand_15_r0,1,1793,42.8133316,42,2.33027911,4.17859983,0.0132921292,0.00329212914,0.00777099002,0.00765996566,0.00234003435,2.37016344,6,2.5,7.7304101,1,0,0,0,0,3.98328638,0.0923654735,88.5598221,0.60189575,0.590651989,4.17859983,418.9534,69.4898987,4.08850002,0.0250000004,50,1,0.119999997,0.550000012,0.0133333337
SL3_rand_15_r0,1,1794,42.8266678,42,2.57718635,4.17859983,0.0129587958,0.00295879575,0.00702817412,0.00668363273,0.00331636751,2.77920151,6,2.5,7.7304101,1,1,0,1,0,3.98328638,0.0923654735,88.5598221,0.60189575,0.590651989,4.17859983,418.9534,69.4898987,4.08850002,0.0250000004,50,1,0.119999997,0.550000012,0.0133333337
SL3_rand_15_r0,1,1795,43.1537476,43,2.78140068,4.17859983,0.0126254624,0.0026254626,0.00726716453,0.00627956912,0.00372043089,2.94848514,6,2.5,7.7304101,1,1,0,2,0,3.74641633,0.683595002,88.058876,0.592417061,0.946963489,4.17859983,418.9534,69.4898987,4.08850002,0.0250000004,50,1,0.119999997,0.550000012,0.0133333337
SL3_rand_15_r0,1,1796,44.3270798,44,2.97761154,4.17859983,0.012292129,0.00229212921,0.00656946329,0.00582686346,0.00417313678,3.13814783,6,2.5,7.7304101,1,1,0,3,0,2.39056683,0.440069646,87.1821518,0.540284336,0.327427745,4.17859983,418.9534,69.4898987,4.08850002,0.0250000004,50,1,0.119999997,0.550000012,0.0133333337
SL3_rand_15_r0,1,1797,47.3270798,47,3.01732302,4.17859983,0.0120000001,0.00200000009,0.00634711701,0.00603770697,0.0039622928,3.04981422,6,2.5,7.7304101,1,1,0,4,0,4.15120411,0.433299035,89.1472092,0.563981056,0.824630201,4.17859983,418.9534,69.4898987,4.08850002,0.0250000004,50,1,0.119999997,0.550000012,0.0133333337
SL3_rand_15_r0,1,1798,47.6541595,47,3.14665055,4.17859983,0.0120000001,0.00200000009,0.00617917674,0.00555400224,0.004445998,3.25246382,6,2.5,7.7304101,1,1,0,5,0,4.15120411,0.433299035,89.1472092,0.563981056,0.824630201,4.17859983,418.9534,69.4898987,4.08850002,0.0250000004,50,1,0.119999997,0.550000012,0.0133333337
SL3_rand_15_r0,1,1799,47.9812393,47,3.11835933,4.17859983,0.0120000001,0.00200000009,0.00627586991,0.00592934713,0.00407065311,3.09521198,6,2.5,7.7304101,1,1,0,6,0,4.15120411,0.433299035,89.1472092,0.563981056,0.824630201,4.17859983,418.9534,69.4898987,4.08850002,0.0250000004,50,1,0.119999997,0.550000012,0.0133333337
SL3_rand_15_r0,1,1800,48.3083191,48,3.11944413,4.17859983,0.0120000001,0.00200000009,0.00637183525,0.00586938811,0.00413061166,3.12033176,6,2.5,7.7304101,1,1,0,7,0,2.65061474,-0.39920032,89.4890289,0.549763024,1.02798414,4.17859983,418.9534,69.4898987,4.08850002,0.0250000004,50,1,0.119999997,0.550000012,0.0133333337
SL3_rand_15_r0,1,1801,51.3270798,51,3.16355562,4.17859983,0.0120000001,0.00200000009,0.00645681052,0.00568007166,0.00431992859,3.19964671,6,2.5,7.7304101,1,1,0,8,0,-1.41428185,-7.92160511,88.5680389,0.800947845,8.81407928,4.17859983,418.9534,69.4898987,4.08850002,0.0250000004,50,1,0.119999997,0.550000012,0.0133333337
SL3_rand_15_r0,1,1802,51.6541595,51,3.152215,4.17859983,0.0120000001,0.00200000009,0.00622479012,0.0058154338,0.00418456597,3.14293623,6,2.5,7.7304101,1,1,0,9,0,-1.41428185,-7.92160511,88.5680389,0.800947845,8.81407928,4.17859983,418.9534,69.4898987,4.08850002,0.0250000004,50,1,0.119999997,0.550000012,0.0133333337
SL3_rand_15_r0,1,1803,51.9812393,51,3.02261162,4.17859983,0.0120000001,0.00200000009,0.0068349503,0.00635574106,0.00364425895,2.91657257,6,2.5,7.7304101,1,1,0,10,0,-1.41428185,-7.92160511,88.5680389,0.800947845,8.81407928,4.17859983,418.9534,69.4898987,4.08850002,0.0250000004,50,1,0.119999997,0.550000012,0.0133333337
SL3_rand_15_r0,1,1804,52.3083191,52,2.93097138,4.17859983,0.0120000001,0.00200000009,0.00707176793,0.00650033867,0.00349966157,2.85599303,6,2.5,7.7304101,1,1,0,11,0,-0.162754774,-4.54145718,80.8870316,1.08056867,2.67120719,4.17859983,418.9534,69.4898987,4.08850002,0.0250000004,50,1,0.119999997,0.550000012,0.0133333337
SL3_rand_15_r0,1,1805,54.3270798,54,2.74837565,4.17859983,0.0120000001,0.00200000009,0.00712663634,0.00711380551,0.00288619427,2.598979,6,2.5,7.7304101,1,1,0,12,0,-0.328767896,-7.4144392,69.4077148,1.11374402,2.69513726,4.17859983,418.9534,69.4898987,4.08850002,0.0250000004,50,1,0.119999997,0.550000012,0.0133333337
SL3_rand_15_r0,1,1806,54.6541595,54,2.56125307,4.17859983,0.0120000001,0.00200000009,0.00757238967,0.00756928837,0.00243071164,2.40815306,6,2.5,7.7304101,1,1,0,13,0,-0.328767896,-7.4144392,69.4077148,1.11374402,2.69513726,4.17859983,418.9534,69.4898987,4.08850002,0.0250000004,50,1,0.119999997,0.550000012,0.0133333337
SL3_rand_15_r0,1,1807,54.6674919,54,2.27011538,4.17859983,0.0120000001,0.00200000009,0.00883930083,0.00846733805,0.00153266184,2.03191185,6,2.5,7.7304101,0,0,0,0,0,-0.328767896,-7.4144392,69.4077148,1.11374402,2.69513726,4.17859983,418.9534,69.4898987,4.08850002,0.0250000004,50,1,0.119999997,0.550000012,0.0133333337
SL3_rand_15_r0,1,1808,54.6808281,54,1.97242689,4.17859983,0.0120000001,0.00200000009,0.00934771448,0.00919068418,0.000809315417,1.72886348,6,2.5,7.7304101,0,0,0,0,0,-0.328767896,-7.4144392,69.4077148,1.11374402,2.69513726,4.17859983,418.9534,69.4898987,4.08850002,0.0250000004,50,1,0.119999997,0.550000012,0.0133333337
SL3_rand_15_r0,1,1809,54.6941605,54,1.68347502,4.17859983,0.0120000001,0.00200000009,0.0100904377,0.00986332167,0.000136678485,1.44705987,6,2.5,7.7304101,0,0,0,0,0,-0.328767896,-7.4144392,69.4077148,1.11374402,2.69513726,4.17859983,418.9534,69.4898987,4.08850002,0.0250000004,50,1,0.119999997,0.550000012,0.0133333337
SL3_rand_15_r0,1,1810,54.7074928,54,1.52195263,4.17859983,0.0120000001,0.00200000009,0.0107267834,0.0107004577,0,1.38979805,6,2.5,7.7304101,0,0,0,0,0,-0.328767896,-7.4144392,69.4077148,1.11374402,2.69513726,4.17859983,418.9534,69.4898987,4.08850002,0.0250000004,50,1,0.119999997,0.550000012,0.0133333337
SL3_rand_15_r0,1,1811,54.7208252,54,1.44926763,4.17859983,0.0120000001,0.00200000009,0.011803803,0.0112214321,0,1.38979805,6,2.5,7.7304101,0,0,0,0,0,-0.328767896,-7.4144392,69.4077148,1.11374402,2.69513726,4.17859983,418.9534,69.4898987,4.08850002,0.0250000004,50,1,0.119999997,0.550000012,0.0133333337
SL3_rand_15_r0,1,1812,54.7341614,54,1.41655934,4.17859983,0.0120000001,0.00200000009,0.0121329874,0.0116129983,0,1.38979805,6,2.5,7.7304101,0,0,0,0,0,-0.328767896,-7.4144392,69.4077148,1.11374402,2.69513726,4.17859983,418.9534,69.4898987,4.08850002,0.0250000004,50,1,0.119999997,0.550000012,0.0133333337
SL3_rand_15_r0,1,1813,54.7474937,54,1.40184057,4.17859983,0.0120000001,0.00200000009,0.0120721348,0.011991146,0,1.38979805,6,2.5,7.7304101,0,0,0,0,0,-0.328767896,-7.4144392,69.4077148,1.11374402,2.69513726,4.17859983,418.9534,69.4898987,4.08850002,0.0250000004,50,1,0.119999997,0.550000012,0.0133333337
SL3_rand_15_r0,1,1814,54.7608261,54,1.39521718,4.17859983,0.0120000001,0.00200000009,0.0122505259,0.0121978093,0,1.38979805,6,2.5,7.7304101,0,0,0,0,0,-0.328767896,-7.4144392,69.4077148,1.11374402,2.69513726,4.17859983,418.9534,69.4898987,4.08850002,0.0250000004,50,1,0.119999997,0.550000012,0.0133333337
SL3_rand_15_r0,1,1815,54.7741585,54,1.39223659,4.17859983,0.0120000001,0.00200000009,0.0119977547,0.0115385316,0,1.38979805,6,2.5,7.7304101,0,0,0,0,0,-0.328767896,-7.4144392,69.4077148,1.11374402,2.69513726,4.17859983,418.9534,69.4898987,4.08850002,0.0250000004,50,1,0.119999997,0.550000012,0.0133333337
SL3_rand_15_r0,1,1816,54.7874947,54,1.39089537,4.17859983,0.0120000001,0.00200000009,0.0116029717,0.0115051037,0,1.38979805,6,2.5,7.7304101,0,0,0,0,0,-0.328767896,-7.4144392,69.4077148,1.11374402,2.69513726,4.17859983,418.9534,69.4898987,4.08850002,0.0250000004,50,1,0.119999997,0.550000012,0.0133333337
SL3_rand_15_r0,1,1817,54.800827,54,1.39029181,4.17859983,0.0120000001,0.00200000009,0.0113754859,0.0113326209,0,1.38979805,6,2.5,7.7304101,0,0,0,0,0,-0.328767896,-7.4144392,69.4077148,1.11374402,2.69513726,4.17859983,418.9534,69.4898987,4.08850002,0.0250000004,50,1,0.119999997,0.550000012,0.0133333337
SL3_rand_15_r0,1,1818,54.8141594,54,1.39002025,4.17859983,0.0120000001,0.00200000009,0.0107492041,0.0103520667,0,1.38979805,6,2.5,7.7304101,0,0,0,0,0,-0.328767896,-7.4144392,69.4077148,1.11374402,2.69513726,4.17859983,418.9534,69.4898987,4.08850002,0.0250000004,50,1,0.119999997,0.550000012,0.0133333337
SL3_rand_15_r0,1,1819,54.8274918,54,1.38989794,4.17859983,0.0120000001,0.00200000009,0.0101058343,0.010086704,0,1.38979805,6,2.5,7.7304101,0,0,0,0,0,-0.328767896,-7.4144392,69.4077148,1.11374402,2.69513726,4.17859983,418.9534,69.4898987,4.08850002,0.0250000004,50,1,0.119999997,0.550000012,0.0133333337
SL3_rand_15_r0,1,1820,54.8408279,54,1.63225687,4.17859983,0.0120000001,0.00200000009,0.00969950948,0.00894796755,0.00105203199,1.83055043,6,2.5,7.7304101,0,0,0,0,0,-0.328767896,-7.4144392,69.4077148,1.11374402,2.69513726,4.17859983,418.9534,69.4898987,4.08850002,0.0250000004,50,1,0.119999997,0.550000012,0.0133333337
SL3_rand_15_r0,1,1821,54.8541603,54,1.84170866,4.17859983,0.0120000001,0.00200000009,0.00870787632,0.00851229206,0.00148770807,2.01307845,6,2.5,7.7304101,0,0,0,0,0,-0.328767896,-7.4144392,69.4077148,1.11374402,2.69513726,4.17859983,418.9534,69.4898987,4.08850002,0.0250000004,50,1,0.119999997,0.550000012,0.0133333337
SL3_rand_15_r0,1,1822,54.8674927,54,2.05129266,4.17859983,0.0120000001,0.00200000009,0.00816501305,0.00801177789,0.00198822236,2.22277045,6,2.5,7.7304101,0,0,0,0,0,-0.328767896,-7.4144392,69.4077148,1.11374402,2.69513726,4.17859983,418.9534,69.4898987,4.08850002,0.0250000004,50,1,0.119999997,0.550000012,0.0133333337
SL3_rand_15_r0,1,1823,54.880825,54,2.25269151,4.17859983,0.0120000001,0.00200000009,0.00776074361,0.00754704373,0.00245295605,2.41747236,6,2.5,7.7304101,1,0,0,0,0,-0.328767896,-7.4144392,69.4077148,1.11374402,2.69513726,4.17859983,418.9534,69.4898987,4.08850002,0.0250000004,50,1,0.119999997,0.550000012,0.0133333337
SL3_rand_15_r0,1,1824,54.8941612,54,2.46308827,4.17859983,0.0120000001,0.00200000009,0.00732585508,0.00702727539,0.00297272485,2.63523126,6,2.5,7.7304101,1,0,0,1,0,-0.328767896,-7.4144392,69.4077148,1.11374402,2.69513726,4.17859983,418.9534,69.4898987,4.08850002,0.0250000004,50,1,0.119999997,0.550000012,0.0133333337
SL3_rand_15_r0,1,1825,56.3270798,56,2.61120105,4.17859983,0.0120000001,0.00200000009,0.00725101354,0.0067953812,0.00320461905,2.73238397,6,2.5,7.7304101,1,1,0,2,0,1.01862121,-8.69984341,65.7336044,1.09004736,20.1846485,4.17859983,418.9534,69.4898987,4.08850002,0.0250000004,50,1,0.119999997,0.550000012,0.0133333337
SL3_rand_15_r0,1,1826,56.6541595,56,2.88473153,4.17859983,0.0120000001,0.00200000009,0.00662835315,0.00589756016,0.00410243962,3.10852909,6,2.5,7.7304101,1,1,0,3,0,1.01862121,-8.69984341,65.7336044,1.09004736,20.1846485,4.17859983,418.9534,69.4898987,4.08850002,0.0250000004,50,1,0.119999997,0.550000012,0.0133333337
SL3_rand_15_r0,1,1827,56.9812393,56,2.85116482,4.17859983,0.0120000001,0.00200000009,0.00666218065,0.00657741632,0.00342258369,2.82370114,6,2.5,7.7304101,1,1,0,4,0,1.01862121,-8.69984341,65.7336044,1.09004736,20.1846485,4.17859983,418.9534,69.4898987,4.08850002,0.0250000004,50,1,0.119999997,0.550000012,0.0133333337
SL3_rand_15_r0,1,1828,57.3083191,57,3.01116037,4.17859983,0.0120000001,0.00200000009,0.00586115709,0.00581751112,0.00418248866,3.142066,6,2.5,7.7304101,1,1,0,5,0,-0.173064277,-11.7235155,46.1932411,1.02843606,10.0524521,4.17859983,418.9534,69.4898987,4.08850002,0.0250000004,50,1,0.119999997,0.550000012,0.0133333337
SL3_rand_15_r0,1,1829,59.3270798,59,3.2318995,4.17859983,0.0120000001,0.00200000009,0.00574190076,0.00517200213,0.00482799811,3.4125042,6,2.5,7.7304101,1,1,0,6,0,0.7255584,-2.89419341,58.7271576,1.03791463,10.3152113,4.17859983,418.9534,69.4898987,4.08850002,0.0250000004,50,1,0.119999997,0.550000012,0.0133333337
SL3_rand_15_r0,1,1830,59.6541595,59,3.1122632,4.17859983,0.0120000001,0.00200000009,0.00607917737,0.00597494515,0.00402505463,3.01437879,6,2.5,7.7304101,1,1,0,7,0,0.7255584,-2.89419341,58.7271576,1.03791463,10.3152113,4.17859983,418.9534,69.4898987,4.08850002,0.0250000004,50,1,0.119999997,0.550000012,0.0133333337
SL3_rand_15_r0,1,1831,59.9812393,59,3.19177938,4.17859983,0.0120000001,0.00200000009,0.00573490048,0.00554356165,0.00445643812,3.25683784,6,2.5,7.7304101,1,1,0,8,0,0.7255584,-2.89419341,58.7271576,1.03791463,10.3152113,4.17859983,418.9534,69.4898987,4.08850002,0.0250000004,50,1,0.119999997,0.550000012,0.0133333337
SL3_rand_15_r0,1,1832,60.3083191,60,3.3789525,4.17859983,0.0120000001,0.00200000009,0.00638505816,0.00485011982,0.00514988042,3.53209424,6,2.5,7.7304101,1,1,0,9,0,-0.94465524,-4.78112125,65.7341232,1.10426545,8.71107388,4.17859983,418.9534,69.4898987,4.08850002,0.0250000004,50,1,0.119999997,0.550000012,0.0133333337
SL3_rand_15_r0,1,1833,61.3270798,61,3.35194159,4.17859983,0.0120000001,0.00200000009,0.00546560111,0.00480937771,0.00519062253,3.32984185,6,2.5,7.7304101,1,1,0,10,0,0.842403769,-3.85091114,74.3837891,1.09478676,2.85125804,4.17859983,418.9534,69.4898987,4.08850002,0.0250000004,50,1,0.119999997,0.550000012,0.0133333337
SL3_rand_15_r0,1,1834,61.6541595,61,3.14534783,4.17859983,0.0120000001,0.00200000009,0.00677457126,0.00564062688,0.00435937289,2.97631645,6,2.5,7.7304101,1,1,0,11,0,0.842403769,-3.85091114,74.3837891,1.09478676,2.85125804,4.17859983,418.9534,69.4898987,4.08850002,0.0250000004,50,1,0.119999997,0.550000012,0.0133333337
SL3_rand_15_r0,1,1835,61.9812393,61,2.88323927,4.17859983,0.0120000001,0.00200000009,0.00702835806,0.00694368547,0.00305631431,2.668787,6,2.5,7.7304101,1,1,0,12,0,0.842403769,-3.85091114,74.3837891,1.09478676,2.85125804,4.17859983,418.9534,69.4898987,4.08850002,0.0250000004,50,1,0.119999997,0.550000012,0.0133333337
SL3_rand_15_r0,1,1836,62.3083191,62,2.61786294,4.17859983,0.0120000001,0.00200000009,0.00775877154,0.00758698955,0.00241301046,2.40073681,6,2.5,7.7304101,1,1,0,13,0,3.21868992,-0.565654695,76.2166443,1.12322271,5.1201601,4.17859983,418.9534,69.4898987,4.08850002,0.0250000004,50,1,0.119999997,0.550000012,0.0133333337
SL3_rand_15_r0,1,1837,64.0133362,64,2.23684406,4.17859983,0.0120000001,0.00200000009,0.00877460372,0.00872228388,0.00127771567,1.92510128,6,2.5,7.7304101,0,0,0,0,0,-0.15944609,-10.003581,89.0576324,0.625592411,177.792328,4.17859983,418.9534,69.4898987,4.08850002,0.0250000004,50,1,0.119999997,0.550000012,0.0133333337
SL3_rand_15_r0,1,1838,64.0266647,64,2.16445947,4.17859983,0.0120000001,0.00200000009,0.0101532005,0.00829232112,0.00170767854,2.10523582,6,2.5,7.7304101,0,0,0,0,0,-0.15944609,-10.003581,89.0576324,0.625592411,177.792328,4.17859983,418.9534,69.4898987,4.08850002,0.0250000004,50,1,0.119999997,0.550000012,0.0133333337
SL3_rand_15_r0,1,1839,64.0400009,64,1.87350309,4.17859983,0.0120000001,0.00200000009,0.0110214017,0.00941365771,0.00058634195,1.63544798,6,2.5,7.7304101,0,0,0,0,0,-0.15944609,-10.003581,89.0576324,0.625592411,177.792328,4.17859983,418.9534,69.4898987,4.08850002,0.0250000004,50,1,0.119999997,0.550000012,0.0133333337
SL3_rand_15_r0,1,1840,64.0533371,64,1.60746527,4.17859983,0.0120000001,0.00200000009,0.0123455161,0.0106160417,0,1.38979805,6,2.5,7.7304101,0,0,0,0,0,-0.15944609,-10.003581,89.0576324,0.625592411,177.792328,4.17859983,418.9534,69.4898987,4.08850002,0.0250000004,50,1,0.119999997,0.550000012,0.0133333337
SL3_rand_15_r0,1,1841,64.0666656,64,1.48774827,4.17859983,0.0120000001,0.00200000009,0.0137986019,0.0126125161,0,1.38979805,6,2.5,7.7304101,0,0,0,0,0,-0.15944609,-10.003581,89.0576324,0.625592411,177.792328,4.17859983,418.9534,69.4898987,4.08850002,0.0250000004,50,1,0.119999997,0.550000012,0.0133333337
SL3_rand_15_r0,1,1842,64.0800018,64,1.43387568,4.17859983,0.0120000001,0.00200000009,0.0150592355,0.0138026103,0,1.38979805,6,2.5,7.7304101,0,0,0,0,0,-0.15944609,-10.003581,89.0576324,0.625592411,177.792328,4.17859983,418.9534,69.4898987,4.08850002,0.0250000004,50,1,0.119999997,0.550000012,0.0133333337
SL3_rand_15_r0,1,1843,64.0933304,64,1.40963292,4.17859983,0.0120000001,0.00200000009,0.0165209677,0.0149629833,0,1.38979805,6,2.5,7.7304101,0,0,0,0,0,-0.15944609,-10.003581,89.0576324,0.625592411,177.792328,4.17859983,418.9534,69.4898987,4.08850002,0.0250000004,50,1,0.119999997,0.550000012,0.0133333337
SL3_rand_15_r0,1,1844,64.1066666,64,1.39872372,4.17859983,0.0120000001,0.00200000009,0.0181096811,0.0161353853,0,1.38979805,6,2.5,7.7304101,0,0,0,0,0,-0.15944609,-10.003581,89.0576324,0.625592411,177.792328,4.17859983,418.9534,69.4898987,4.08850002,0.0250000004,50,1,0.119999997,0.550000012,0.0133333337
SL3_rand_15_r0,1,1845,64.1200027,64,1.39381456,4.17859983,0.0120000001,0.00200000009,0.0194250811,0.0172742009,0,1.38979805,6,2.5,7.7304101,0,0,0,0,0,-0.15944609,-10.003581,89.0576324,0.625592411,177.792328,4.17859983,418.9534,69.4898987,4.08850002,0.0250000004,50,1,0.119999997,0.550000012,0.0133333337
SL3_rand_15_r0,1,1846,64.1333313,64,1.3916055,4.17859983,0.0120000001,0.00200000009,0.0202076007,0.01857353,0,1.38979805,6,2.5,7.7304101,0,0,0,0,0,-0.15944609,-10.003581,89.0576324,0.625592411,177.792328,4.17859983,418.9534,69.4898987,4.08850002,0.0250000004,50,1,0.119999997,0.550000012,0.0133333337
SL3_rand_15_r0,1,1847,64.1466675,64,1.39061141,4.17859983,0.0120000001,0.00200000009,0.0218403507,0.0199993979,0,1.38979805,6,2.5,7.7304101,0,0,0,0,0,-0.15944609,-10.003581,89.0576324,0.625592411,177.792328,4.17859983,418.9534,69.4898987,4.08850002,0.0250000004,50,1,0.119999997,0.550000012,0.0133333337
SL3_rand_15_r0,1,1848,64.1600037,64,1.39016402,4.17859983,0.0120000001,0.00200000009,0.0227213483,0.0219757687,0,1.38979805,6,2.5,7.7304101,0,0,0,0,0,-0.15944609,-10.003581,89.0576324,0.625592411,177.792328,4.17859983,418.9534,69.4898987,4.08850002,0.0250000004,50,1,0.119999997,0.550000012,0.0133333337
SL3_rand_15_r0,1,1849,64.1733322,64,1.38996267,4.17859983,0.0120000001,0.00200000009,0.0242519677,0.0241049398,0,1.38979805,6,2.5,7.7304101,0,0,0,0,0,-0.15944609,-10.003581,89.0576324,0.625592411,177.792328,4.17859983,418.9534,69.4898987,4.08850002,0.0250000004,50,1,0.119999997,0.550000012,0.0133333337
SL3_rand_15_r0,1,1850,64.1866684,64,1.38987207,4.17859983,0.0120000001,0.00200000009,0.0257221907,0.0230074078,0,1.38979805,6,2.5,7.7304101,0,0,0,0,0,-0.15944609,-10.003581,89.0576324,0.625592411,177.792328,4.17859983,418.9534,69.4898987,4.08850002,0.0250000004,50,1,0.119999997,0.550000012,0.0133333337
SL3_rand_15_r0,1,1851,64.1999969,64,1.3898313,4.17859983,0.0120000001,0.00200000009,0.0258886386,0.0230136868,0,1.38979805,6,2.5,7.7304101,0,0,0,0,0,-0.15944609,-10.003581,89.0576324,0.625592411,177.792328,4.17859983,418.9534,69.4898987,4.08850002,0.0250000004,50,1,0.119999997,0.550000012,0.0133333337
SL3_rand_15_r0,1,1852,64.2133331,64,1.38981307,4.17859983,0.0120000001,0.00200000009,0.0256120898,0.0255074315,0,1.38979805,6,2.5,7.7304101,0,0,0,0,0,-0.15944609,-10.003581,89.0576324,0.625592411,177.792328,4.17859983,418.9534,69.4898987,4.08850002,0.0250000004,50,1,0.119999997,0.550000012,0.0133333337
SL3_rand_15_r0,1,1853,64.2266693,64,1.38980472,4.17859983,0.0120000001,0.00200000009,0.0255127978,0.0253200475,0,1.38979805,6,2.5,7.7304101,0,0,0,0,0,-0.15944609,-10.003581,89.0576324,0.625592411,177.792328,4.17859983,418.9534,69.4898987,4.08850002,0.0250000004,50,1,0.119999997,0.550000012,0.0133333337
SL3_rand_15_r0,1,1854,64.2399979,64,1.38980103,4.17859983,0.0120000001,0.00200000009,0.0256471634,0.0251178704,0,1.38979805,6,2.5,7.7304101,0,0,0,0,0,-0.15944609,-10.003581,89.0576324,0.625592411,177.792328,4.17859983,418.9534,69.4898987,4.08850002,0.0250000004,50,1,0.119999997,0.550000012,0.0133333337
SL3_rand_15_r0,1,1855,64.253334,64,1.38979936,4.17859983,0.0120000001,0.00200000009,0.0262113847,0.0239502508,0,1.38979805,6,2.5,7.7304101,0,0,0,0,0,-0.15944609,-10.003581,89.0576324,0.625592411,177.792328,4.17859983,418.9534,69.4898987,4.08850002,0.0250000004,50,1,0.119999997,0.550000012,0.0133333337
SL3_rand_15_r0,1,1856,64.2666702,64,1.38979864,4.17859983,0.0120000001,0.00200000009,0.0258214865,0.0255880002,0,1.38979805,6,2.5,7.7304101,0,0,0,0,0,-0.15944609,-10.003581,89.0576324,0.625592411,177.792328,4.17859983,418.9534,69.4898987,4.08850002,0.0250000004,50,1,0.119999997,0.550000012,0.0133333337
SL3_rand_15_r0,1,1857,64.2799988,64,1.38979828,4.17859983,0.0120000001,0.00200000009,0.0258275326,0.0246470198,0,1.38979805,6,2.5,7.7304101,0,0,0,0,0,-0.15944609,-10.003581,89.0576324,0.625592411,177.792328,4.17859983,418.9534,69.4898987,4.08850002,0.0250000004,50,1,0.119999997,0.550000012,0.0133333337
SL3_rand_15_r0,1,1858,64.293335,64,1.38979816,4.17859983,0.0120000001,0.00200000009,0.0267869737,0.0241522063,0,1.38979805,6,2.5,7.7304101,0,0,0,0,0,-0.15944609,-10.003581,89.0576324,0.625592411,177.792328,4.17859983,418.9534,69.4898987,4.08850002,0.0250000004,50,1,0.119999997,0.550000012,0.0133333337
SL3_rand_15_r0,1,1859,64.3066635,64,1.38979805,4.17859983,0.0120000001,0.00200000009,0.0265552849,0.0262656156,0,1.38979805,6,2.5,7.7304101,0,0,0,0,0,-0.15944609,-10.003581,89.0576324,0.625592411,177.792328,4.17859983,418.9534,69.4898987,4.08850002,0.0250000004,50,1,0.119999997,0.550000012,0.0133333337
SL3_rand_15_r0,1,1860,64.3199997,64,1.38979805,4.17859983,0.0120000001,0.00200000009,0.0263507366,0.025908893,0,1.38979805,6,2.5,7.7304101,0,0,0,0,0,-0.15944609,-10.003581,89.0576324,0.625592411,177.792328,4.17859983,418.9534,69.4898987,4.08850002,0.0250000004,50,1,0.119999997,0.550000012,0.0133333337
SL3_rand_15_r0,1,1861,64.3333359,64,1.38979805,4.17859983,0.0120000001,0.00200000009,0.0276165735,0.0266779847,0,1.38979805,6,2.5,7.7304101,0,0,0,0,0,-0.15944609,-10.003581,89.0576324,0.625592411,177.792328,4.17859983,418.9534,69.4898987,4.08850002,0.0250000004,50,1,0.119999997,0.550000012,0.0133333337
SL3_rand_15_r0,1,1862,64.3466644,64,1.38979805,4.17859983,0.0120000001,0.00200000009,0.027653411,0.0276213996,0,1.38979805,6,2.5,7.7304101,0,0,0,0,0,-0.15944609,-10.003581,89.0576324,0.625592411,177.792328,4.17859983,418.9534,69.4898987,4.08850002,0.0250000004,50,1,0.119999997,0.550000012,0.0133333337
SL3_rand_15_r0,1,1863,64.3600006,64,1.38979805,4.17859983,0.0120000001,0.00200000009,0.0286626127,0.0285538007,0,1.38979805,6,2.5,7.7304101,0,0,0,0,0,-0.15944609,-10.003581,89.0576324,0.625592411,177.792328,4.17859983,418.9534,69.4898987,4.08850002,0.0250000004,50,1,0.119999997,0.550000012,0.0133333337
SL3_rand_15_r0,1,1864,64.3733368,64,1.38979805,4.17859983,0.0120000001,0.00200000009,0.030010188,0.0289151669,0,1.38979805,6,2.5,7.7304101,0,0,0,0,0,-0.15944609,-10.003581,89.0576324,0.625592411,177.792328,4.17859983,418.9534,69.4898987,4.08850002,0.0250000004,50,1,0.119999997,0.550000012,0.0133333337
SL3_rand_15_r0,1,1865,64.3866653,64,1.38979805,4.17859983,0.0120000001,0.00200000009,0.030882204,0.0306807887,0,1.38979805,6,2.5,7.7304101,0,0,0,0,0,-0.15944609,-10.003581,89.0576324,0.625592411,177.792328,4.17859983,418.9534,69.4898987,4.08850002,0.0250000004,50,1,0.119999997,0.550000012,0.0133333337
SL3_rand_15_r0,1,1866,64.4000015,64,1.38979805,4.17859983,0.0120000001,0.00200000009,0.0323315859,0.0317677893,0,1.38979805,6,2.5,7.7304101,0,0,0,0,0,-0.15944609,-10.003581,89.0576324,0.625592411,177.792328,4.17859983,418.9534,69.4898987,4.08850002,0.0250000004,50,1,0.119999997,0.550000012,0.0133333337
SL3_rand_15_r0,1,1867,64.4133301,64,1.38979805,4.17859983,0.0120000001,0.00200000009,0.0328254253,0.0325951278,0,1.38979805,6,2.5,7.7304101,0,0,0,0,0,-0.15944609,-10.003581,89.0576324,0.625592411,177.792328,4.17859983,418.9534,69.4898987,4.08850002,0.0250000004,50,1,0.119999997,0.550000012,0.0133333337
SL3_rand_15_r0,1,1868,64.4266663,64,1.38979805,4.17859983,0.0120000001,0.00200000009,0.0341935307,0.0338177197,0,1.38979805,6,2.5,7.7304101,0,0,0,0,0,-0.15944609,-10.003581,89.0576324,0.625592411,177.792328,4.17859983,418.9534,69.4898987,4.08850002,0.0250000004,50,1,0.119999997,0.550000012,0.0133333337
SL3_rand_15_r0,1,1869,64.4400024,64,1.38979805,4.17859983,0.0120000001,0.00200000009,0.0352944694,0.0352017209,0,1.38979805,6,2.5,7.7304101,0,0,0,0,0,-0.15944609,-10.003581,89.0576324,0.625592411,177.792328,4.17859983,418.9534,69.4898987,4.08850002,0.0250000004,50,1,0.119999997,0.550000012,0.0133333337
SL3_rand_15_r0,1,1870,64.453331,64,1.38979805,4.17859983,0.0120000001,0.00200000009,0.0363264829,0.0361941047,0,1.38979805,6,2.5,7.7304101,0,0,0,0,0,-0.15944609,-10.003581,89.0576324,0.625592411,177.792328,4.17859983,418.9534,69.4898987,4.08850002,0.0250000004,50,1,0.119999997,0.550000012,0.0133333337
SL3_rand_15_r0,1,1871,64.4666672,64,1.38979805,4.17859983,0.0120000001,0.00200000009,0.0372734815,0.0370385423,0,1.38979805,6,2.5,7.7304101,0,0,0,0,0,-0.15944609,-10.003581,89.0576324,0.625592411,177.792328,4.17859983,418.9534,69.4898987,4.08850002,0.0250000004,50,1,0.119999997,0.550000012,0.0133333337
SL3_rand_15_r0,1,1872,64.4800034,64,1.38979805,4.17859983,0.0120000001,0.00200000009,0.0381694548,0.0378730632,0,1.38979805,6,2.5,7.7304101,0,0,0,0,0,-0.15944609,-10.003581,89.0576324,0.625592411,177.792328,4.17859983,418.9534,69.4898987,4.08850002,0.0250000004,50,1,0.119999997,0.550000012,0.0133333337
SL3_rand_15_r0,1,1873,64.4933319,64,1.38979805,4.17859983,0.0120000001,0.00200000009,0.0391991474,0.0391948633,0,1.38979805,6,2.5,7.7304101,0,0,0,0,0,-0.15944609,-10.003581,89.0576324,0.625592411,177.792328,4.17859983,418.9534,69.4898987,4.08850002,0.0250000004,50,1,0.119999997,0.550000012,0.0133333337
SL3_rand_15_r0,1,1874,64.5066681,64,1.38979805,4.17859983,0.0120000001,0.00200000009,0.0389817543,0.0387019664,0,1.38979805,6,2.5,7.7304101,0,0,0,0,0,-0.15944609,-10.003581,89.0576324,0.625592411,177.792328,4.17859983,418.9534,69.4898987,4.08850002,0.0250000004,50,1,0.119999997,0.550000012,0.0133333337
SL3_rand_15_r0,1,1875,64.5199966,64,1.38979805,4.17859983,0.0120000001,0.00200000009,0.0369783081,0.0366273522,0,1.38979805,6,2.5,7.7304101,0,0,0,0,0,-0.15944609,-10.003581,89.0576324,0.625592411,177.792328,4.17859983,418.9534,69.4898987,4.08850002,0.0250000004,50,1,0.119999997,0.550000012,0.0133333337
SL3_rand_15_r0,1,1876,64.5333328,64,1.38979805,4.17859983,0.0120000001,0.00200000009,0.0345407277,0.0341704451,0,1.38979805,6,2.5,7.7304101,0,0,0,0,0,-0.15944609,-10.003581,89.0576324,0.625592411,177.792328,4.17859983,418.9534,69.4898987,4.08850002,0.0250000004,50,1,0.119999997,0.550000012,0.0133333337
SL3_rand_15_r0,1,1877,64.546669,64,1.38979805,4.17859983,0.0120000001,0.00200000009,0.0323943272,0.032043647,0,1.38979805,6,2.5,7.7304101,0,0,0,0,0,-0.15944609,-10.003581,89.0576324,0.625592411,177.792328,4.17859983,418.9534,69.4898987,4.08850002,0.0250000004,50,1,0.119999997,0.550000012,0.0133333337
SL3_rand_15_r0,1,1878,64.5599976,64,1.38979805,4.17859983,0.0120000001,0.00200000009,0.0297831539,0.029337069,0,1.38979805,6,2.5,7.7304101,0,0,0,0,0,-0.15944609,-10.003581,89.0576324,0.625592411,177.792328,4.17859983,418.9534,69.4898987,4.08850002,0.0250000004,50,1,0.119999997,0.550000012,0.0133333337
SL3_rand_15_r0,1,1879,64.5733337,64,1.38979805,4.17859983,0.0120000001,0.00200000009,0.027415758,0.0272180121,0,1.38979805,6,2.5,7.7304101,0,0,0,0,0,-0.15944609,-10.003581,89.0576324,0.625592411,177.792328,4.17859983,418.9534,69.4898987,4.08850002,0.0250000004,50,1,0.119999997,0.550000012,0.0133333337
SL3_rand_15_r0,1,1880,64.5866699,64,1.38979805,4.17859983,0.0120000001,0.00200000009,0.0250048246,0.0244934186,0,1.38979805,6,2.5,7.7304101,0,0,0,0,0,-0.15944609,-10.003581,89.0576324,0.625592411,177.792328,4.17859983,418.9534,69.4898987,4.08850002,0.0250000004,50,1,0.119999997,0.550000012,0.0133333337
SL3_rand_15_r0,1,1881,64.5999985,64,1.38979805,4.17859983,0.0120000001,0.00200000009,0.0228767227,0.0223476086,0,1.38979805,6,2.5,7.7304101,0,0,0,0,0,-0.15944609,-10.003581,89.0576324,0.625592411,177.792328,4.17859983,418.9534,69.4898987,4.08850002,0.0250000004,50,1,0.119999997,0.550000012,0.0133333337
SL3_rand_15_r0,1,1882,64.6133347,64,1.38979805,4.17859983,0.0120000001,0.00200000009,0.0194837339,0.0191444717,0,1.38979805,6,2.5,7.7304101,0,0,0,0,0,-0.15944609,-10.003581,89.0576324,0.625592411,177.792328,4.17859983,418.9534,69.4898987,4.08850002,0.0250000004,50,1,0.119999997,0.550000012,0.0133333337
SL3_rand_15_r0,1,1883,64.6266632,64,1.38979805,4.17859983,0.0120000001,0.00200000009,0.0179882981,0.0176120047,0,1.38979805,6,2.5,7.7304101,0,0,0,0,0,-0.15944609,-10.003581,89.0576324,0.625592411,177.792328,4.17859983,418.9534,69.4898987,4.08850002,0.0250000004,50,1,0.119999997,0.550000012,0.0133333337
SL3_rand_15_r0,1,1884,64.6399994,64,1.38979805,4.17859983,0.0120000001,0.00200000009,0.0145885674,0.0143821305,0,1.38979805,6,2.5,7.7304101,0,0,0,0,0,-0.15944609,-10.003581,89.0576324,0.625592411,177.792328,4.17859983,418.9534,69.4898987,4.08850002,0.0250000004,50,1,0.119999997,0.550000012,0.0133333337
SL3_rand_15_r0,1,1885,64.6533356,64,1.38979805,4.17859983,0.0120000001,0.00200000009,0.0132566337,0.0132091725,0,1.38979805,6,2.5,7.7304101,0,0,0,0,0,-0.15944609,-10.003581,89.0576324,0.625592411,177.792328,4.17859983,418.9534,69.4898987,4.08850002,0.0250000004,50,1,0.119999997,0.550000012,0.0133333337
SL3_rand_15_r0,1,1886,64.6666641,64,1.44857073,4.17859983,0.0120000001,0.00200000009,0.0119004184,0.00974493753,0.000255062798,1.49665737,6,2.5,7.7304101,0,0,0,0,0,-0.15944609,-10.003581,89.0576324,0.625592411,177.792328,4.17859983,418.9534,69.4898987,4.08850002,0.0250000004,50,1,0.119999997,0.550000012,0.0133333337
SL3_rand_15_r0,1,1887,64.6800003,64,1.73901296,4.17859983,0.0120000001,0.00200000009,0.00926712435,0.00859924871,0.00140075118,1.9766475,6,2.5,7.7304101,0,0,0,0,0,-0.15944609,-10.003581,89.0576324,0.625592411,177.792328,4.17859983,418.9534,69.4898987,4.08850002,0.0250000004,50,1,0.119999997,0.550000012,0.0133333337
SL3_rand_15_r0,1,1888,64.6933365,64,2.61075163,4.17859983,0.0120000001,0.00200000009,0.00607532496,0.00538327126,0.00461672852,3.32399225,6,2.5,7.7304101,1,1,0,1,0,-0.15944609,-10.003581,89.0576324,0.625592411,177.792328,4.17859983,418.9534,69.4898987,4.08850002,0.0250000004,50,1,0.119999997,0.550000012,0.0133333337
SL3_rand_15_r0,1,1889,66.3270798,66,4.05646563,4.17859983,0.0120000001,0.00200000009,0.00163338066,0.000811569218,0.00918843038,5.23932219,6,2.5,7.7304101,1,1,0,2,0,0.301880032,-8.43425274,89.9780655,0.573459744,7.18512154,4.17859983,418.9534,69.4898987,4.08850002,0.0250000004,50,1,0.119999997,0.550000012,0.0133333337
SL3_rand_15_r0,1,1890,66.6541595,66,4.34515572,4.17859983,0.0120313521,0.00203135191,0.000810855767,-4.47256098e-05,0.0100447256,4.581357,6,2.5,7.7304101,1,1,0,3,0,0.301880032,-8.43425274,89.9780655,0.573459744,7.18512154,4.17859983,418.9534,69.4898987,4.08850002,0.0250000004,50,1,0.119999997,0.550000012,0.0133333337
SL3_rand_15_r0,1,1891,66.9812393,66,4.99371243,4.17859983,0.0122629972,0.00226299744,0.00377428089,-0.00349808438,0.0134980846,5.52435017,6,2.5,7.7304101,1,1,0,4,0,0.301880032,-8.43425274,89.9780655,0.573459744,7.18512154,4.17859983,418.9534,69.4898987,4.08850002,0.0250000004,50,1,0.119999997,0.550000012,0.0133333337
SL3_rand_15_r0,1,1892,66.9945755,66,4.60795021,4.17859983,0.0124208685,0.00242086896,0.00832474325,-0.0025506746,0.0125506744,4.29232645,6,2.5,7.7304101,0,1,0,0,0,0.301880032,-8.43425274,89.9780655,0.573459744,7.18512154,4.17859983,418.9534,69.4898987,4.08850002,0.0250000004,50,1,0.119999997,0.550000012,0.0133333337
SL3_rand_15_r0,1,1893,67.0079041,67,5.37357759,4.17859983,0.0127542019,0.00275420211,0.00676098978,-0.00672299694,0.0167229977,6,6,2.5,7.7304101,1,1,0,1,0,0.592641234,-11.2145681,83.4893494,0.857819915,6.72925186,4.17859983,418.9534,69.4898987,4.08850002,0.0250000004,50,1,0.119999997,0.550000012,0.0133333337
SL3_rand_15_r0,1,1894,70.3270798,70,3.36850166,4.17859983,0.0125847301,0.00258473051,0.00568031939,0.00255816267,0.00744183734,1.72798502,6,2.5,7.7304101,1,1,0,2,0,0.321411788,-9.32358551,63.6925926,1.11374402,5.19101572,4.17859983,418.9534,69.4898987,4.08850002,0.0250000004,50,1,0.119999997,0.550000012,0.0133333337
SL3_rand_15_r0,1,1895,70.6541595,70,4.68681574,4.17859983,0.0126976566,0.00269765616,0.00336963357,-0.00207495131,0.0120749511,5.76543617,6,2.5,7.7304101,1,1,0,3,0,0.321411788,-9.32358551,63.6925926,1.11374402,5.19101572,4.17859983,418.9534,69.4898987,4.08850002,0.0250000004,50,1,0.119999997,0.550000012,0.0133333337
SL3_rand_15_r0,1,1896,70.9812393,70,4.27715015,4.17859983,0.0127438521,0.00274385232,0.000704683072,-0.000532917446,0.0105329175,3.94196963,6,2.5,7.7304101,1,1,0,4,0,0.321411788,-9.32358551,63.6925926,1.11374402,5.19101572,4.17859983,418.9534,69.4898987,4.08850002,0.0250000004,50,1,0.119999997,0.550000012,0.0133333337
SL3_rand_15_r0,1,1897,73.3270798,73,4.11269951,4.17859983,0.0127332462,0.00273324596,0.00227283384,4.48155479e-05,0.00995518453,3.9781487,6,2.5,7.7304101,1,1,0,5,0,nan,nan,nan,nan,nan,4.17859983,418.9534,69.4898987,4.08850002,0.0250000004,50,1,0.119999997,0.550000012,0.0133333337
SL3_rand_15_r0,1,1898,73.6541595,73,5.10781288,4.17859983,0.0129895927,0.00298959296,0.00418906426,-0.00402966188,0.0140296621,5.92199659,6,2.5,7.7304101,1,1,0,6,0,nan,nan,nan,nan,nan,4.17859983,418.9534,69.4898987,4.08850002,0.0250000004,50,1,0.119999997,0.550000012,0.0133333337
SL3_rand_15_r0,1,1899,73.9812393,73,4.97187805,4.17859983,0.0132526727,0.0032526725,0.00417831773,-0.00415305514,0.0141530549,4.86065912,6,2.5,7.7304101,1,1,0,7,0,nan,nan,nan,nan,nan,4.17859983,418.9534,69.4898987,4.08850002,0.0250000004,50,1,0.119999997,0.550000012,0.0133333337
SL3_rand_15_r0,1,1900,74.3083191,74,5.02294874,4.17859983,0.01353106,0.00353106041,0.00592652662,-0.00470716227,0.014707162,5.06473351,6,2.5,7.7304101,1,1,0,8,0,nan,nan,nan,nan,nan,4.17859983,418.9534,69.4898987,4.08850002,0.0250000004,50,1,0.119999997,0.550000012,0.0133333337
SL3_rand_15_r0,1,1901,76.3270798,76,5.28879642,4.17859983,0.0138643933,0.0038643938,0.00694700563,-0.0059135044,0.0159135051,5.50630808,6,2.5,7.7304101,1,1,0,9,0,nan,nan,nan,nan,nan,4.17859983,418.9534,69.4898987,4.08850002,0.0250000004,50,1,0.119999997,0.550000012,0.0133333337
SL3_rand_15_r0,1,1902,76.340416,76,5.63294601,4.17859983,0.0141977267,0.00419772696,0.00875598565,-0.00743468618,0.0174346864,5.91452312,6,2.5,7.7304101,0,1,0,0,0,nan,nan,nan,nan,nan,4.17859983,418.9534,69.4898987,4.08850002,0.0250000004,50,1,0.119999997,0.550000012,0.0133333337
SL3_rand_15_r0,1,1903,76.3537445,76,5.83482552,4.17859983,0.0145310601,0.00453106035,0.00943926536,-0.00815414172,0.0181541406,6,6,2.5,7.7304101,0,1,0,0,0,nan,nan,nan,nan,nan,4.17859983,418.9534,69.4898987,4.08850002,0.0250000004,50,1,0.119999997,0.550000012,0.0133333337
SL3_rand_15_r0,1,1904,76.3670807,76,5.92567158,4.17859983,0.0148643935,0.00486439373,0.011370915,-0.00989325251,0.0198932532,6,6,2.5,7.7304101,0,1,0,0,0,nan,nan,nan,nan,nan,4.17859983,418.9534,69.4898987,4.08850002,0.0250000004,50,1,0.119999997,0.550000012,0.0133333337
SL3_rand_15_r0,1,1905,76.3804169,76,5.96655226,4.17859983,0.0151977269,0.00519772712,0.0121428566,-0.0108821634,0.0208821632,6,6,2.5,7.7304101,0,1,0,0,0,nan,nan,nan,nan,nan,4.17859983,418.9534,69.4898987,4.08850002,0.0250000004,50,1,0.119999997,0.550000012,0.0133333337
SL3_rand_15_r0,1,1906,76.3937454,76,5.98494864,4.17859983,0.0155310603,0.00553106051,0.0143386722,-0.012723037,0.0227230359,6,6,2.5,7.7304101,0,1,0,0,0,nan,nan,nan,nan,nan,4.17859983,418.9534,69.4898987,4.08850002,0.0250000004,50,1,0.119999997,0.550000012,0.0133333337
SL3_rand_15_r0,1,1907,76.4070816,76,5.99322701,4.17859983,0.0158643946,0.0058643939,0.0161117166,-0.0146530643,0.0246530641,6,6,2.5,7.7304101,0,1,0,0,0,nan,nan,nan,nan,nan,4.17859983,418.9534,69.4898987,4.08850002,0.0250000004,50,1,0.119999997,0.550000012,0.0133333337
SL3_rand_15_r0,1,1908,76.4204102,76,5.99695206,4.17859983,0.0161977261,0.00619772682,0.0172359087,-0.0162288547,0.0262288544,6,6,2.5,7.7304101,0,1,0,0,0,nan,nan,nan,nan,nan,4.17859983,418.9534,69.4898987,4.08850002,0.0250000004,50,1,0.119999997,0.550000012,0.0133333337
SL3_rand_15_r0,1,1909,76.4337463,76,5.99862862,4.17859983,0.0165310595,0.00653106021,0.0184988845,-0.0177554507,0.0277554505,6,6,2.5,7.7304101,0,1,0,0,0,nan,nan,nan,nan,nan,4.17859983,418.9534,69.4898987,4.08850002,0.0250000004,50,1,0.119999997,0.550000012,0.0133333337
SL3_rand_15_r0,1,1910,76.4470825,76,5.99938297,4.17859983,0.0208643936,0.0108643938,0.0200786926,-0.0190659296,0.0290659294,6,6,2.5,7.7304101,0,1,0,0,7,nan,nan,nan,nan,nan,4.17859983,418.9534,69.4898987,4.08850002,0.0250000004,50,1,0.119999997,0.550000012,0.0133333337
SL3_rand_15_r0,1,1911,76.4604111,76,5.99972248,4.17859983,0.0251977276,0.0151977269,0.021533832,-0.0205607228,0.0305607244,6,6,2.5,7.7304101,0,1,0,0,7,nan,nan,nan,nan,nan,4.17859983,418.9534,69.4898987,4.08850002,0.0250000004,50,1,0.119999997,0.550000012,0.0133333337
SL3_rand_15_r0,1,1912,76.4737473,76,5.99987507,4.17859983,0.0295310598,0.01953106,0.0226797182,-0.0214653835,0.0314653814,6,6,2.5,7.7304101,0,1,0,0,7,nan,nan,nan,nan,nan,4.17859983,418.9534,69.4898987,4.08850002,0.0250000004,50,1,0.119999997,0.550000012,0.0133333337
SL3_rand_15_r0,1,1913,76.4870834,76,5.99994373,4.17859983,0.0338643938,0.0238643941,0.0239192508,-0.0227102023,0.032710202,6,6,2.5,7.7304101,0,1,0,0,7,nan,nan,nan,nan,nan,4.17859983,418.9534,69.4898987,4.08850002,0.0250000004,50,1,0.119999997,0.550000012,0.0133333337
SL3_rand_15_r0,1,1914,76.500412,76,5.99997473,4.17859983,0.038197726,0.0281977262,0.0241878219,-0.0231424924,0.0331424922,6,6,2.5,7.7304101,0,1,0,0,7,nan,nan,nan,nan,nan,4.17859983,418.9534,69.4898987,4.08850002,0.0250000004,50,1,0.119999997,0.550000012,0.0133333337
SL3_rand_15_r0,1,1915,76.5137482,76,5.99998856,4.17859983,0.0425310619,0.0325310603,0.0249280464,-0.024573449,0.0345734507,6,6,2.5,7.7304101,0,1,0,0,7,nan,nan,nan,nan,nan,4.17859983,418.9534,69.4898987,4.08850002,0.0250000004,50,1,0.119999997,0.550000012,0.0133333337
SL3_rand_15_r0,1,1916,76.5270767,76,5.99999475,4.17859983,0.0468643941,0.0368643925,0.0256348066,-0.0250704922,0.0350704938,6,6,2.5,7.7304101,0,1,0,0,7,nan,nan,nan,nan,nan,4.17859983,418.9534,69.4898987,4.08850002,0.0250000004,50,1,0.119999997,0.550000012,0.0133333337
SL3_rand_15_r0,1,1917,76.5404129,76,5.99999762,4.17859983,0.0511977263,0.0411977284,0.0255621802,-0.0251944698,0.0351944678,6,6,2.5,7.7304101,0,1,0,0,7,nan,nan,nan,nan,nan,4.17859983,418.9534,69.4898987,4.08850002,0.0250000004,50,1,0.119999997,0.550000012,0.0133333337
SL3_rand_15_r0,1,1918,76.5537491,76,5.99999905,4.17859983,0.0555310622,0.0455310605,0.0246864371,-0.0242896583,0.0342896581,6,6,2.5,7.7304101,0,1,0,0,7,nan,nan,nan,nan,nan,4.17859983,418.9534,69.4898987,4.08850002,0.0250000004,50,1,0.119999997,0.550000012,0.0133333337
SL3_rand_15_r0,1,1919,76.5670776,76,5.99999952,4.17859983,0.0598643944,0.0498643927,0.0237598363,-0.0232634209,0.0332634225,6,6,2.5,7.7304101,0,1,0,0,7,nan,nan,nan,nan,nan,4.17859983,418.9534,69.4898987,4.08850002,0.0250000004,50,1,0.119999997,0.550000012,0.0133333337
SL3_rand_15_r0,1,1920,76.5804138,76,6,4.17859983,0.0641977265,0.0541977286,0.02252708,-0.0220270138,0.0320270136,6,6,2.5,7.7304101,0,1,0,0,7,nan,nan,nan,nan,nan,4.17859983,418.9534,69.4898987,4.08850002,0.0250000004,50,1,0.119999997,0.550000012,0.0133333337
SL3_rand_15_r0,1,1921,76.59375,76,6,4.17859983,0.0680000037,0.0579999983,0.0217490122,-0.0210547149,0.0310547147,6,6,2.5,7.7304101,0,1,0,0,7,nan,nan,nan,nan,nan,4.17859983,418.9534,69.4898987,4.08850002,0.0250000004,50,1,0.119999997,0.550000012,0.0133333337
SL3_rand_15_r0,1,1922,76.6070786,76,6,4.17859983,0.0680000037,0.0579999983,0.0197145306,-0.0195634365,0.0295634363,6,6,2.5,7.7304101,0,1,0,0,7,nan,nan,nan,nan,nan,4.17859983,418.9534,69.4898987,4.08850002,0.0250000004,50,1,0.119999997,0.550000012,0.0133333337
SL3_rand_15_r0,1,1923,76.6204147,76,6,4.17859983,0.0680000037,0.0579999983,0.0178574286,-0.0176448692,0.0276448689,6,6,2.5,7.7304101,0,1,0,0,6,nan,nan,nan,nan,nan,4.17859983,418.9534,69.4898987,4.08850002,0.0250000004,50,1,0.119999997,0.550000012,0.0133333337
SL3_rand_15_r0,1,1924,76.6337433,76,6,4.17859983,0.0680000037,0.0579999983,0.0163078085,-0.0157811008,0.0257811006,6,6,2.5,7.7304101,0,1,0,0,5,nan,nan,nan,nan,nan,4.17859983,418.9534,69.4898987,4.08850002,0.0250000004,50,1,0.119999997,0.550000012,0.0133333337
SL3_rand_15_r0,1,1925,76.6470795,76,6,4.17859983,0.0680000037,0.0579999983,0.0147232395,-0.0146707315,0.0246707313,6,6,2.5,7.7304101,0,1,0,0,4,nan,nan,nan,nan,nan,4.17859983,418.9534,69.4898987,4.08850002,0.0250000004,50,1,0.119999997,0.550000012,0.0133333337
SL3_rand_15_r0,1,1926,76.6604156,76,6,4.17859983,0.0680000037,0.0579999983,0.013786735,-0.0133792991,0.0233792998,6,6,2.5,7.7304101,0,1,0,0,3,nan,nan,nan,nan,nan,4.17859983,418.9534,69.4898987,4.08850002,0.0250000004,50,1,0.119999997,0.550000012,0.0133333337
SL3_rand_15_r0,1,1927,76.6737442,76,6,4.17859983,0.0680000037,0.0579999983,0.0122586861,-0.0116820894,0.0216820892,6,6,2.5,7.7304101,0,1,0,0,2,nan,nan,nan,nan,nan,4.17859983,418.9534,69.4898987,4.08850002,0.0250000004,50,1,0.119999997,0.550000012,0.0133333337
SL3_rand_15_r0,1,1928,76.6870804,76,6,4.17859983,0.0680000037,0.0579999983,0.0109139811,-0.0104245339,0.0204245336,6,6,2.5,7.7304101,0,1,0,0,1,nan,nan,nan,nan,nan,4.17859983,418.9534,69.4898987,4.08850002,0.0250000004,50,1,0.119999997,0.550000012,0.0133333337
SL3_rand_15_r0,1,1929,76.7004166,76,6,4.17859983,0.0680000037,0.0579999983,0.0101011135,-0.00997931603,0.0199793167,6,6,2.5,7.7304101,0,1,0,0,0,nan,nan,nan,nan,nan,4.17859983,418.9534,69.4898987,4.08850002,0.0250000004,50,1,0.119999997,0.550000012,0.0133333337
SL3_rand_15_r0,1,1930,76.7137451,76,5.92087317,4.17859983,0.0680000037,0.0579999983,0.00834860932,-0.00729531562,0.0172953159,5.85613346,6,2.5,7.7304101,0,1,0,0,0,nan,nan,nan,nan,nan,4.17859983,418.9534,69.4898987,4.08850002,0.0250000004,50,1,0.119999997,0.550000012,0.0133333337
SL3_rand_15_r0,1,1931,76.7270813,76,5.53565741,4.17859983,0.0680000037,0.0579999983,0.00696619321,-0.00577807659,0.0157780759,5.22048092,6,2.5,7.7304101,1,1,0,1,0,nan,nan,nan,nan,nan,4.17859983,418.9534,69.4898987,4.08850002,0.0250000004,50,1,0.119999997,0.550000012,0.0133333337
SL3_rand_15_r0,1,1932,77.0541611,77,5.08214569,4.17859983,0.0680000037,0.0579999983,0.00481492188,-0.00456221309,0.0145622129,4.71109056,6,2.5,7.7304101,1,1,0,2,0,nan,nan,nan,nan,nan,4.17859983,418.9534,69.4898987,4.08850002,0.0250000004,50,1,0.119999997,0.550000012,0.0133333337
SL3_rand_15_r0,1,1933,78.3270798,78,4.68914461,4.17859983,0.0680000037,0.0579999983,0.00412429497,-0.00347568979,0.01347569,4.36759806,6,2.5,7.7304101,1,1,0,3,0,nan,nan,nan,nan,nan,4.17859983,418.9534,69.4898987,4.08850002,0.0250000004,50,1,0.119999997,0.550000012,0.0133333337
SL3_rand_15_r0,1,1934,78.6541595,78,4.49094009,4.17859983,0.0680000037,0.0579999983,0.00227389229,-0.00225215475,0.0122521548,4.32877254,6,2.5,7.7304101,1,1,0,4,0,nan,nan,nan,nan,nan,4.17859983,418.9534,69.4898987,4.08850002,0.0250000004,50,1,0.119999997,0.550000012,0.0133333337
SL3_rand_15_r0,1,1935,78.9812393,78,4.51397228,4.17859983,0.0680000037,0.0579999983,0.00290740025,-0.00200278917,0.0120027894,4.53281641,6,2.5,7.7304101,1,1,0,5,0,nan,nan,nan,nan,nan,4.17859983,418.9534,69.4898987,4.08850002,0.0250000004,50,1,0.119999997,0.550000012,0.0133333337
SL3_rand_15_r0,1,1936,79.3083191,79,3.93358445,4.17859983,0.0679507703,0.0579507686,0.00227439636,0.000620030274,0.00937996991,3.45872188,6,2.5,7.7304101,1,1,0,6,0,nan,nan,nan,nan,nan,4.17859983,418.9534,69.4898987,4.08850002,0.0250000004,50,1,0.119999997,0.550000012,0.0133333337
SL3_rand_15_r0,1,1937,80.3270798,80,4.19578075,4.17859983,0.0679473355,0.0579473376,0.00158886262,-3.70217494e-05,0.0100370217,4.41030455,6,2.5,7.7304101,1,1,0,7,0,nan,nan,nan,nan,nan,4.17859983,418.9534,69.4898987,4.08850002,0.0250000004,50,1,0.119999997,0.550000012,0.0133333337
SL3_rand_15_r0,1,1938,80.6541595,80,4.29952526,4.17859983,0.0679803565,0.0579803549,0.00177263923,-0.000430981978,0.0104309823,4.38440752,6,2.5,7.7304101,1,1,0,8,0,nan,nan,nan,nan,nan,4.17859983,418.9534,69.4898987,4.08850002,0.0250000004,50,1,0.119999997,0.550000012,0.0133333337
SL3_rand_15_r0,1,1939,80.9812393,80,4.02827215,4.17859983,0.067944102,0.0579441004,0.000947562046,0.000586055627,0.00941394456,3.80633783,6,2.5,7.7304101,1,1,0,9,0,nan,nan,nan,nan,nan,4.17859983,418.9534,69.4898987,4.08850002,0.0250000004,50,1,0.119999997,0.550000012,0.0133333337
SL3_rand_15_r0,1,1940,81.3083191,81,4.07551003,4.17859983,0.0679094195,0.0579094216,0.00146906823,0.000540716574,0.0094592832,4.11415911,6,2.5,7.7304101,1,1,0,10,0,nan,nan,nan,nan,nan,4.17859983,418.9534,69.4898987,4.08850002,0.0250000004,50,1,0.119999997,0.550000012,0.0133333337
SL3_rand_15_r0,1,1941,83.3270798,83,3.72749257,4.17859983,0.067778334,0.0577783361,0.00242847111,0.0021276155,0.00787238497,3.44275093,6,2.5,7.7304101,1,1,0,11,0,nan,nan,nan,nan,nan,4.17859983,418.9534,69.4898987,4.08850002,0.0250000004,50,1,0.119999997,0.550000012,0.0133333337
SL3_rand_15_r0,1,1942,83.6541595,83,3.30140638,4.17859983,0.0675128251,0.0575128235,0.00514617562,0.00425655581,0.00574344397,2.9527905,6,2.5,7.7304101,1,1,0,12,0,nan,nan,nan,nan,nan,4.17859983,418.9534,69.4898987,4.08850002,0.0250000004,50,1,0.119999997,0.550000012,0.0133333337
SL3_rand_15_r0,1,1943,83.9812393,83,2.75569963,4.17859983,0.0671794862,0.0571794882,0.00737869833,0.00713050459,0.00286949542,2.30921221,6,2.5,7.7304101,1,1,0,13,0,nan,nan,nan,nan,nan,4.17859983,418.9534,69.4898987,4.08850002,0.0250000004,50,1,0.119999997,0.550000012,0.0133333337
SL3_rand_15_r0,1,1944,83.9945755,83,2.33800864,4.17859983,0.0668461546,0.0568461567,0.00913744606,0.00855243206,0.0014475676,1.99626136,6,2.5,7.7304101,0,0,0,0,0,nan,nan,nan,nan,nan,4.17859983,418.9534,69.4898987,4.08850002,0.0250000004,50,1,0.119999997,0.550000012,0.0133333337
SL3_rand_15_r0,1,1945,84.0079041,84,1.8164928,4.17859983,0.0665128231,0.0565128215,0.0107330149,0.0106662884,0,1.38979805,6,2.5,7.7304101,0,0,0,0,0,nan,nan,nan,nan,nan,4.17859983,418.9534,69.4898987,4.08850002,0.0250000004,50,1,0.119999997,0.550000012,0.0133333337
SL3_rand_15_r0,1,1946,84.0212402,84,1.58181059,4.17859983,0.0661794916,0.0561794899,0.0123539381,0.0122016082,0,1.38979805,6,2.5,7.7304101,0,0,0,0,0,nan,nan,nan,nan,nan,4.17859983,418.9534,69.4898987,4.08850002,0.0250000004,50,1,0.119999997,0.550000012,0.0133333337
SL3_rand_15_r0,1,1947,84.0345764,84,1.47620368,4.17859983,0.0658461526,0.0558461547,0.0140080769,0.013899643,0,1.38979805,6,2.5,7.7304101,0,0,0,0,0,nan,nan,nan,nan,nan,4.17859983,418.9534,69.4898987,4.08850002,0.0250000004,50,1,0.119999997,0.550000012,0.0133333337
SL3_rand_15_r0,1,1948,84.047905,84,1.42868054,4.17859983,0.0655128211,0.0555128232,0.0162077397,0.0156511031,0,1.38979805,6,2.5,7.7304101,0,0,0,0,0,nan,nan,nan,nan,nan,4.17859983,418.9534,69.4898987,4.08850002,0.0250000004,50,1,0.119999997,0.550000012,0.0133333337
SL3_rand_15_r0,1,1949,84.0612411,84,1.40729511,4.17859983,0.0651794896,0.0551794879,0.0179725643,0.0175108537,0,1.38979805,6,2.5,7.7304101,0,0,0,0,0,nan,nan,nan,nan,nan,4.17859983,418.9534,69.4898987,4.08850002,0.0250000004,50,1,0.119999997,0.550000012,0.0133333337
SL3_rand_15_r0,1,1950,84.0745697,84,1.3976717,4.17859983,0.064846158,0.0548461564,0.0193258934,0.0188437141,0,1.38979805,6,2.5,7.7304101,0,0,0,0,0,nan,nan,nan,nan,nan,4.17859983,418.9534,69.4898987,4.08850002,0.0250000004,50,1,0.119999997,0.550000012,0.0133333337
SL3_rand_15_r0,1,1951,84.0879059,84,1.39334118,4.17859983,0.0645128191,0.0545128211,0.0206249971,0.0205470379,0,1.38979805,6,2.5,7.7304101,0,0,0,0,0,nan,nan,nan,nan,nan,4.17859983,418.9534,69.4898987,4.08850002,0.0250000004,50,1,0.119999997,0.550000012,0.0133333337
SL3_rand_15_r0,1,1952,84.1012421,84,1.39139247,4.17859983,0.0641794875,0.0541794896,0.0221315306,0.0221093111,0,1.38979805,6,2.5,7.7304101,0,0,0,0,0,nan,nan,nan,nan,nan,4.17859983,418.9534,69.4898987,4.08850002,0.0250000004,50,1,0.119999997,0.550000012,0.0133333337
SL3_rand_15_r0,1,1953,84.1145706,84,1.39051545,4.17859983,0.063846156,0.0538461544,0.0237986166,0.0237072818,0,1.38979805,6,2.5,7.7304101,0,0,0,0,0,nan,nan,nan,nan,nan,4.17859983,418.9534,69.4898987,4.08850002,0.0250000004,50,1,0.119999997,0.550000012,0.0133333337
SL3_rand_15_r0,1,1954,84.1279068,84,1.39012086,4.17859983,0.0635128245,0.0535128228,0.0255014561,0.0254228543,0,1.38979805,6,2.5,7.7304101,0,0,0,0,0,nan,nan,nan,nan,nan,4.17859983,418.9534,69.4898987,4.08850002,0.0250000004,50,1,0.119999997,0.550000012,0.0133333337
SL3_rand_15_r0,1,1955,84.141243,84,1.38994324,4.17859983,0.0631794855,0.0531794876,0.0270418022,0.026573943,0,1.38979805,6,2.5,7.7304101,0,0,0,0,0,nan,nan,nan,nan,nan,4.17859983,418.9534,69.4898987,4.08850002,0.0250000004,50,1,0.119999997,0.550000012,0.0133333337
SL3_rand_15_r0,1,1956,84.1545715,84,1.38986337,4.17859983,0.062846154,0.0528461561,0.0281134173,0.0279370826,0,1.38979805,6,2.5,7.7304101,0,0,0,0,0,nan,nan,nan,nan,nan,4.17859983,418.9534,69.4898987,4.08850002,0.0250000004,50,1,0.119999997,0.550000012,0.0133333337
SL3_rand_15_r0,1,1957,84.1679077,84,1.38982737,4.17859983,0.0625128224,0.0525128208,0.0293390732,0.0292532723,0,1.38979805,6,2.5,7.7304101,0,0,0,0,0,nan,nan,nan,nan,nan,4.17859983,418.9534,69.4898987,4.08850002,0.0250000004,50,1,0.119999997,0.550000012,0.0133333337
SL3_rand_15_r0,1,1958,84.1812363,84,1.38981128,4.17859983,0.0621794872,0.0521794893,0.0305800214,0.0305450689,0,1.38979805,6,2.5,7.7304101,0,0,0,0,0,nan,nan,nan,nan,nan,4.17859983,418.9534,69.4898987,4.08850002,0.0250000004,50,1,0.119999997,0.550000012,0.0133333337
SL3_rand_15_r0,1,1959,84.1945724,84,1.38980401,4.17859983,0.0618461557,0.051846154,0.0318609402,0.0317499377,0,1.38979805,6,2.5,7.7304101,0,0,0,0,0,nan,nan,nan,nan,nan,4.17859983,418.9534,69.4898987,4.08850002,0.0250000004,50,1,0.119999997,0.550000012,0.0133333337
SL3_rand_15_r0,1,1960,84.2079086,84,1.38980067,4.17859983,0.0615128204,0.0515128225,0.0330673717,0.0324900523,0,1.38979805,6,2.5,7.7304101,0,0,0,0,0,nan,nan,nan,nan,nan,4.17859983,418.9534,69.4898987,4.08850002,0.0250000004,50,1,0.119999997,0.550000012,0.0133333337
SL3_rand_15_r0,1,1961,84.2212372,84,1.38979924,4.17859983,0.0611794889,0.0511794873,0.0339884348,0.0336520299,0,1.38979805,6,2.5,7.7304101,0,0,0,0,0,nan,nan,nan,nan,nan,4.17859983,418.9534,69.4898987,4.08850002,0.0250000004,50,1,0.119999997,0.550000012,0.0133333337
SL3_rand_15_r0,1,1962,84.2345734,84,1.38979852,4.17859983,0.0608461536,0.0508461557,0.0348022617,0.0346019268,0,1.38979805,6,2.5,7.7304101,0,0,0,0,0,nan,nan,nan,nan,nan,4.17859983,418.9534,69.4898987,4.08850002,0.0250000004,50,1,0.119999997,0.550000012,0.0133333337
SL3_rand_15_r0,1,1963,84.2479095,84,1.38979828,4.17859983,0.0605128221,0.0505128205,0.0356072262,0.0355428122,0,1.38979805,6,2.5,7.7304101,0,0,0,0,0,nan,nan,nan,nan,nan,4.17859983,418.9534,69.4898987,4.08850002,0.0250000004,50,1,0.119999997,0.550000012,0.0133333337
SL3_rand_15_r0,1,1964,84.2612381,84,1.38979816,4.17859983,0.0601794869,0.050179489,0.0365049578,0.0365027562,0,1.38979805,6,2.5,7.7304101,0,0,0,0,0,nan,nan,nan,nan,nan,4.17859983,418.9534,69.4898987,4.08850002,0.0250000004,50,1,0.119999997,0.550000012,0.0133333337
SL3_rand_15_r0,1,1965,84.2745743,84,1.38979805,4.17859983,0.0598461553,0.0498461537,0.0374327339,0.0373251289,0,1.38979805,6,2.5,7.7304101,0,0,0,0,0,nan,nan,nan,nan,nan,4.17859983,418.9534,69.4898987,4.08850002,0.0250000004,50,1,0.119999997,0.550000012,0.0133333337
SL3_rand_15_r0,1,1966,84.2879105,84,1.38979805,4.17859983,0.0595128201,0.0495128222,0.0382239074,0.0378629416,0,1.38979805,6,2.5,7.7304101,0,0,0,0,0,nan,nan,nan,nan,nan,4.17859983,418.9534,69.4898987,4.08850002,0.0250000004,50,1,0.119999997,0.550000012,0.0133333337
SL3_rand_15_r0,1,1967,84.301239,84,1.38979805,4.17859983,0.0591794886,0.0491794869,0.0389103293,0.0385135897,0,1.38979805,6,2.5,7.7304101,0,0,0,0,0,nan,nan,nan,nan,nan,4.17859983,418.9534,69.4898987,4.08850002,0.0250000004,50,1,0.119999997,0.550000012,0.0133333337
SL3_rand_15_r0,1,1968,84.3145752,84,1.38979805,4.17859983,0.058846157,0.0488461554,0.0395907052,0.039190881,0,1.38979805,6,2.5,7.7304101,0,0,0,0,0,nan,nan,nan,nan,nan,4.17859983,418.9534,69.4898987,4.08850002,0.0250000004,50,1,0.119999997,0.550000012,0.0133333337
SL3_rand_15_r0,1,1969,84.3279037,84,1.38979805,4.17859983,0.0585128218,0.0485128202,0.0399779901,0.0398496315,0,1.38979805,6,2.5,7.7304101,0,0,0,0,0,nan,nan,nan,nan,nan,4.17859983,418.9534,69.4898987,4.08850002,0.0250000004,50,1,0.119999997,0.550000012,0.0133333337
SL3_rand_15_r0,1,1970,84.3412399,84,1.38979805,4.17859983,0.0581794903,0.0481794886,0.0404934436,0.0404352061,0,1.38979805,6,2.5,7.7304101,0,0,0,0,0,nan,nan,nan,nan,nan,4.17859983,418.9534,69.4898987,4.08850002,0.0250000004,50,1,0.119999997,0.550000012,0.0133333337
SL3_rand_15_r0,1,1971,84.3545761,84,1.38979805,4.17859983,0.057846155,0.0478461571,0.0410067253,0.0410053357,0,1.38979805,6,2.5,7.7304101,0,0,0,0,0,nan,nan,nan,nan,nan,4.17859983,418.9534,69.4898987,4.08850002,0.0250000004,50,1,0.119999997,0.550000012,0.0133333337
SL3_rand_15_r0,1,1972,84.3679047,84,1.38979805,4.17859983,0.0575128235,0.0475128219,0.0415609963,0.0414915644,0,1.38979805,6,2.5,7.7304101,0,0,0,0,0,nan,nan,nan,nan,nan,4.17859983,418.9534,69.4898987,4.08850002,0.0250000004,50,1,0.119999997,0.550000012,0.0133333337
SL3_rand_15_r0,1,1973,84.3812408,84,1.38979805,4.17859983,0.0571794882,0.0471794903,0.0421124287,0.0416496173,0,1.38979805,6,2.5,7.7304101,0,0,0,0,0,nan,nan,nan,nan,nan,4.17859983,418.9534,69.4898987,4.08850002,0.0250000004,50,1,0.119999997,0.550000012,0.0133333337
SL3_rand_15_r0,1,1974,84.394577,84,1.38979805,4.17859983,0.0568461567,0.0468461551,0.0424796864,0.0420522392,0,1.38979805,6,2.5,7.7304101,0,0,0,0,0,nan,nan,nan,nan,nan,4.17859983,418.9534,69.4898987,4.08850002,0.0250000004,50,1,0.119999997,0.550000012,0.0133333337
SL3_rand_15_r0,1,1975,84.4079056,84,1.38979805,4.17859983,0.0565128215,0.0465128236,0.0427727364,0.0424296521,0,1.38979805,6,2.5,7.7304101,0,0,0,0,0,nan,nan,nan,nan,nan,4.17859983,418.9534,69.4898987,4.08850002,0.0250000004,50,1,0.119999997,0.550000012,0.0133333337
SL3_rand_15_r0,1,1976,84.4212418,84,1.38979805,4.17859983,0.0561794899,0.0461794883,0.0430440046,0.0428413711,0,1.38979805,6,2.5,7.7304101,0,0,0,0,0,nan,nan,nan,nan,nan,4.17859983,418.9534,69.4898987,4.08850002,0.0250000004,50,1,0.119999997,0.550000012,0.0133333337
SL3_rand_15_r0,1,1977,84.4345703,84,1.38979805,4.17859983,0.0558461547,0.0458461568,0.0431424007,0.0430340581,0,1.38979805,6,2.5,7.7304101,0,0,0,0,0,nan,nan,nan,nan,nan,4.17859983,418.9534,69.4898987,4.08850002,0.0250000004,50,1,0.119999997,0.550000012,0.0133333337
SL3_rand_15_r0,1,1978,84.4479065,84,1.38979805,4.17859983,0.0555128232,0.0455128215,0.0434120633,0.0433185957,0,1.38979805,6,2.5,7.7304101,0,0,0,0,0,nan,nan,nan,nan,nan,4.17859983,418.9534,69.4898987,4.08850002,0.0250000004,50,1,0.119999997,0.550000012,0.0133333337
SL3_rand_15_r0,1,1979,84.4612427,84,1.38979805,4.17859983,0.0551794879,0.04517949,0.0435169898,0.0435157679,0,1.38979805,6,2.5,7.7304101,0,0,0,0,0,nan,nan,nan,nan,nan,4.17859983,418.9534,69.4898987,4.08850002,0.0250000004,50,1,0.119999997,0.550000012,0.0133333337
SL3_rand_15_r0,1,1980,84.4745712,84,1.38979805,4.17859983,0.0548461564,0.0448461547,0.0437332653,0.0437282585,0,1.38979805,6,2.5,7.7304101,0,0,0,0,0,nan,nan,nan,nan,nan,4.17859983,418.9534,69.4898987,4.08850002,0.0250000004,50,1,0.119999997,0.550000012,0.0133333337
SL3_rand_15_r0,1,1981,84.4879074,84,1.38979805,4.17859983,0.0545128211,0.0445128232,0.0439617522,0.0439381674,0,1.38979805,6,2.5,7.7304101,0,0,0,0,0,nan,nan,nan,nan,nan,4.17859983,418.9534,69.4898987,4.08850002,0.0250000004,50,1,0.119999997,0.550000012,0.0133333337
SL3_rand_15_r0,1,1982,84.5012436,84,1.38979805,4.17859983,0.0541794896,0.044179488,0.0442020632,0.0440180041,0,1.38979805,6,2.5,7.7304101,0,0,0,0,0,nan,nan,nan,nan,nan,4.17859983,418.9534,69.4898987,4.08850002,0.0250000004,50,1,0.119999997,0.550000012,0.0133333337
SL3_rand_15_r0,1,1983,84.5145721,84,1.38979805,4.17859983,0.0538461544,0.0438461564,0.0443381965,0.0441662595,0,1.38979805,6,2.5,7.7304101,0,0,0,0,0,nan,nan,nan,nan,nan,4.17859983,418.9534,69.4898987,4.08850002,0.0250000004,50,1,0.119999997,0.550000012,0.0133333337
SL3_rand_15_r0,1,1984,84.5279083,84,1.38979805,4.17859983,0.0535128228,0.0435128212,0.0444383807,0.0443670824,0,1.38979805,6,2.5,7.7304101,0,0,0,0,0,nan,nan,nan,nan,nan,4.17859983,418.9534,69.4898987,4.08850002,0.0250000004,50,1,0.119999997,0.550000012,0.0133333337
SL3_rand_15_r0,1,1985,84.5412369,84,1.38979805,4.17859983,0.0531794876,0.0431794897,0.0444893241,0.0442404412,0,1.38979805,6,2.5,7.7304101,0,0,0,0,0,nan,nan,nan,nan,nan,4.17859983,418.9534,69.4898987,4.08850002,0.0250000004,50,1,0.119999997,0.550000012,0.0133333337
SL3_rand_15_r0,1,1986,84.5545731,84,1.38979805,4.17859983,0.0528461561,0.0428461544,0.0443961136,0.0443232283,0,1.38979805,6,2.5,7.7304101,0,0,0,0,0,nan,nan,nan,nan,nan,4.17859983,418.9534,69.4898987,4.08850002,0.0250000004,50,1,0.119999997,0.550000012,0.0133333337
SL3_rand_15_r0,1,1987,84.5679092,84,1.38979805,4.17859983,0.0525128208,0.0425128229,0.0444786064,0.0444005169,0,1.38979805,6,2.5,7.7304101,0,0,0,0,0,nan,nan,nan,nan,nan,4.17859983,418.9534,69.4898987,4.08850002,0.0250000004,50,1,0.119999997,0.550000012,0.0133333337
SL3_rand_15_r0,1,1988,84.5812378,84,1.38979805,4.17859983,0.0521794893,0.0421794876,0.0444021374,0.0442544445,0,1.38979805,6,2.5,7.7304101,0,0,0,0,0,nan,nan,nan,nan,nan,4.17859983,418.9534,69.4898987,4.08850002,0.0250000004,50,1,0.119999997,0.550000012,0.0133333337
SL3_rand_15_r0,1,1989,84.594574,84,1.38979805,4.17859983,0.051846154,0.0418461561,0.0442899205,0.0442667045,0,1.38979805,6,2.5,7.7304101,0,0,0,0,0,nan,nan,nan,nan,nan,4.17859983,418.9534,69.4898987,4.08850002,0.0250000004,50,1,0.119999997,0.550000012,0.0133333337
SL3_rand_15_r0,1,1990,84.6079102,84,1.38979805,4.17859983,0.0515128225,0.0415128209,0.0444244333,0.0442136973,0,1.38979805,6,2.5,7.7304101,0,0,0,0,0,nan,nan,nan,nan,nan,4.17859983,418.9534,69.4898987,4.08850002,0.0250000004,50,1,0.119999997,0.550000012,0.0133333337
SL3_rand_15_r0,1,1991,84.6212387,84,1.38979805,4.17859983,0.0511794873,0.0411794893,0.044248879,0.0440172963,0,1.38979805,6,2.5,7.7304101,0,0,0,0,0,nan,nan,nan,nan,nan,4.17859983,418.9534,69.4898987,4.08850002,0.0250000004,50,1,0.119999997,0.550000012,0.0133333337
SL3_rand_15_r0,1,1992,84.6345749,84,1.38979805,4.17859983,0.0508461557,0.0408461541,0.0440823622,0.0438886583,0,1.38979805,6,2.5,7.7304101,0,0,0,0,0,nan,nan,nan,nan,nan,4.17859983,418.9534,69.4898987,4.08850002,0.0250000004,50,1,0.119999997,0.550000012,0.0133333337
SL3_rand_15_r0,1,1993,84.6479034,84,1.38979805,4.17859983,0.0505128205,0.0405128226,0.0438893139,0.0438314527,0,1.38979805,6,2.5,7.7304101,0,0,0,0,0,nan,nan,nan,nan,nan,4.17859983,418.9534,69.4898987,4.08850002,0.0250000004,50,1,0.119999997,0.550000012,0.0133333337
SL3_rand_15_r0,1,1994,84.6612396,84,1.38979805,4.17859983,0.050179489,0.0401794873,0.0435517691,0.04351997,0,1.38979805,6,2.5,7.7304101,0,0,0,0,0,nan,nan,nan,nan,nan,4.17859983,418.9534,69.4898987,4.08850002,0.0250000004,50,1,0.119999997,0.550000012,0.0133333337
SL3_rand_15_r0,1,1995,84.6745758,84,1.38979805,4.17859983,0.0498461537,0.0398461558,0.0433763526,0.04332041,0,1.38979805,6,2.5,7.7304101,0,0,0,0,0,nan,nan,nan,nan,nan,4.17859983,418.9534,69.4898987,4.08850002,0.0250000004,50,1,0.119999997,0.550000012,0.0133333337
SL3_rand_15_r0,1,1996,84.6879044,84,1.38979805,4.17859983,0.0495128222,0.0395128205,0.0431458205,0.0430323854,0,1.38979805,6,2.5,7.7304101,0,0,0,0,0,nan,nan,nan,nan,nan,4.17859983,418.9534,69.4898987,4.08850002,0.0250000004,50,1,0.119999997,0.550000012,0.0133333337
SL3_rand_15_r0,1,1997,84.7012405,84,1.38979805,4.17859983,0.0491794869,0.039179489,0.0428299941,0.0428000987,0,1.38979805,6,2.5,7.7304101,0,0,0,0,0,nan,nan,nan,nan,nan,4.17859983,418.9534,69.4898987,4.08850002,0.0250000004,50,1,0.119999997,0.550000012,0.0133333337
SL3_rand_15_r0,1,1998,84.7145767,84,1.38979805,4.17859983,0.0488461554,0.0388461538,0.042774085,0.0425182395,0,1.38979805,6,2.5,7.7304101,0,0,0,0,0,nan,nan,nan,nan,nan,4.17859983,418.9534,69.4898987,4.08850002,0.0250000004,50,1,0.119999997,0.550000012,0.0133333337
SL3_rand_15_r0,1,1999,84.7279053,84,1.38979805,4.17859983,0.0485128202,0.0385128222,0.0424434096,0.0422195308,0,1.38979805,6,2.5,7.7304101,0,0,0,0,0,nan,nan,nan,nan,nan,4.17859983,418.9534,69.4898987,4.08850002,0.0250000004,50,1,0.119999997,0.550000012,0.0133333337
SL3_rand_15_r0,1,2000,84.7412415,84,1.38979805,4.17859983,0.0481794886,0.038179487,0.0421744436,0.0420145281,0,1.38979805,6,2.5,7.7304101,0,0,0,0,0,nan,nan,nan,nan,nan,4.17859983,418.9534,69.4898987,4.08850002,0.0250000004,50,1,0.119999997,0.550000012,0.0133333337
SL3_rand_15_r0,1,2001,84.75457,84,1.38979805,4.17859983,0.0478461571,0.0378461555,0.0417982452,0.0416294336,0,1.38979805,6,2.5,7.7304101,0,0,0,0,0,nan,nan,nan,nan,nan,4.17859983,418.9534,69.4898987,4.08850002,0.0250000004,50,1,0.119999997,0.550000012,0.0133333337
SL3_rand_15_r0,1,2002,84.7679062,84,1.38979805,4.17859983,0.0475128219,0.0375128202,0.0413640141,0.0413152054,0,1.38979805,6,2.5,7.7304101,0,0,0,0,0,nan,nan,nan,nan,nan,4.17859983,418.9534,69.4898987,4.08850002,0.0250000004,50,1,0.119999997,0.550000012,0.0133333337
SL3_rand_15_r0,1,2003,84.7812424,84,1.38979805,4.17859983,0.0471794903,0.0371794887,0.0411849245,0.0409978628,0,1.38979805,6,2.5,7.7304101,0,0,0,0,0,nan,nan,nan,nan,nan,4.17859983,418.9534,69.4898987,4.08850002,0.0250000004,50,1,0.119999997,0.550000012,0.0133333337
SL3_rand_15_r0,1,2004,84.7945709,84,1.38979805,4.17859983,0.0468461551,0.0368461534,0.0407049656,0.040633183,0,1.38979805,6,2.5,7.7304101,0,0,0,0,0,nan,nan,nan,nan,nan,4.17859983,418.9534,69.4898987,4.08850002,0.0250000004,50,1,0.119999997,0.550000012,0.0133333337
SL3_rand_15_r0,1,2005,84.8079071,84,1.38979805,4.17859983,0.0465128236,0.0365128219,0.0403726287,0.0403014868,0,1.38979805,6,2.5,7.7304101,0,0,0,0,0,nan,nan,nan,nan,nan,4.17859983,418.9534,69.4898987,4.08850002,0.0250000004,50,1,0.119999997,0.550000012,0.0133333337
SL3_rand_15_r0,1,2006,84.8212433,84,1.38979805,4.17859983,0.0461794883,0.0361794904,0.0402334295,0.0399295054,0,1.38979805,6,2.5,7.7304101,0,0,0,0,0,nan,nan,nan,nan,nan,4.17859983,418.9534,69.4898987,4.08850002,0.0250000004,50,1,0.119999997,0.550000012,0.0133333337
SL3_rand_15_r0,1,2007,84.8345718,84,1.38979805,4.17859983,0.0458461568,0.0358461551,0.0397736654,0.0395877697,0,1.38979805,6,2.5,7.7304101,0,0,0,0,0,nan,nan,nan,nan,nan,4.17859983,418.9534,69.4898987,4.08850002,0.0250000004,50,1,0.119999997,0.550000012,0.0133333337
SL3_rand_15_r0,1,2008,84.847908,84,1.38979805,4.17859983,0.0455128215,0.0355128236,0.039478153,0.0394098274,0,1.38979805,6,2.5,7.7304101,0,0,0,0,0,nan,nan,nan,nan,nan,4.17859983,418.9534,69.4898987,4.08850002,0.0250000004,50,1,0.119999997,0.550000012,0.0133333337
SL3_rand_15_r0,1,2009,84.8612366,84,1.38979805,4.17859983,0.04517949,0.0351794884,0.0389977768,0.0389604308,0,1.38979805,6,2.5,7.7304101,0,0,0,0,0,nan,nan,nan,nan,nan,4.17859983,418.9534,69.4898987,4.08850002,0.0250000004,50,1,0.119999997,0.550000012,0.0133333337
SL3_rand_15_r0,1,2010,84.8745728,84,1.38979805,4.17859983,0.0448461547,0.0348461568,0.0387033485,0.0386098549,0,1.38979805,6,2.5,7.7304101,0,0,0,0,0,nan,nan,nan,nan,nan,4.17859983,418.9534,69.4898987,4.08850002,0.0250000004,50,1,0.119999997,0.550000012,0.0133333337
SL3_rand_15_r0,1,2011,84.8879089,84,1.38979805,4.17859983,0.0445128232,0.0345128216,0.0383646749,0.0382696427,0,1.38979805,6,2.5,7.7304101,0,0,0,0,0,nan,nan,nan,nan,nan,4.17859983,418.9534,69.4898987,4.08850002,0.0250000004,50,1,0.119999997,0.550000012,0.0133333337
SL3_rand_15_r0,1,2012,84.9012375,84,1.38979805,4.17859983,0.044179488,0.0341794901,0.0378792211,0.0378750376,0,1.38979805,6,2.5,7.7304101,0,0,0,0,0,nan,nan,nan,nan,nan,4.17859983,418.9534,69.4898987,4.08850002,0.0250000004,50,1,0.119999997,0.550000012,0.0133333337
SL3_rand_15_r0,1,2013,84.9145737,84,1.38979805,4.17859983,0.0438461564,0.0338461548,0.0377889611,0.0375768058,0,1.38979805,6,2.5,7.7304101,0,0,0,0,0,nan,nan,nan,nan,nan,4.17859983,418.9534,69.4898987,4.08850002,0.0250000004,50,1,0.119999997,0.550000012,0.0133333337
SL3_rand_15_r0,1,2014,84.9279099,84,1.38979805,4.17859983,0.0435128212,0.0335128233,0.0372830853,0.037137948,0,1.38979805,6,2.5,7.7304101,0,0,0,0,0,nan,nan,nan,nan,nan,4.17859983,418.9534,69.4898987,4.08850002,0.0250000004,50,1,0.119999997,0.550000012,0.0133333337
SL3_rand_15_r0,1,2015,84.9412384,84,1.38979805,4.17859983,0.0431794897,0.033179488,0.0369840264,0.0368758775,0,1.38979805,6,2.5,7.7304101,0,0,0,0,0,nan,nan,nan,nan,nan,4.17859983,418.9534,69.4898987,4.08850002,0.0250000004,50,1,0.119999997,0.550000012,0.0133333337
SL3_rand_15_r0,1,2016,84.9545746,84,1.38979805,4.17859983,0.0428461544,0.0328461565,0.036555361,0.036532782,0,1.38979805,6,2.5,7.7304101,0,0,0,0,0,nan,nan,nan,nan,nan,4.17859983,418.9534,69.4898987,4.08850002,0.0250000004,50,1,0.119999997,0.550000012,0.0133333337
SL3_rand_15_r0,1,2017,84.9679031,84,1.38979805,4.17859983,0.0425128229,0.0325128213,0.0362493619,0.0362041779,0,1.38979805,6,2.5,7.7304101,0,0,0,0,0,nan,nan,nan,nan,nan,4.17859983,418.9534,69.4898987,4.08850002,0.0250000004,50,1,0.119999997,0.550000012,0.0133333337
SL3_rand_15_r0,1,2018,84.9812393,84,1.38979805,4.17859983,0.0421794876,0.0321794897,0.0358518958,0.0358270183,0,1.38979805,6,2.5,7.7304101,0,0,0,0,0,nan,nan,nan,nan,nan,4.17859983,418.9534,69.4898987,4.08850002,0.0250000004,50,1,0.119999997,0.550000012,0.0133333337
SL3_rand_15_r0,1,2019,84.9945755,84,1.38979805,4.17859983,0.0418461561,0.0318461545,0.035469383,0.0354481824,0,1.38979805,6,2.5,7.7304101,0,0,0,0,0,nan,nan,nan,nan,nan,4.17859983,418.9534,69.4898987,4.08850002,0.0250000004,50,1,0.119999997,0.550000012,0.0133333337
SL3_rand_15_r0,1,2020,85.0079041,85,1.38979805,4.17859983,0.0415128209,0.031512823,0.0352368616,0.0351257585,0,1.38979805,6,2.5,7.7304101,0,0,0,0,0,nan,nan,nan,nan,nan,4.17859983,418.9534,69.4898987,4.08850002,0.0250000004,50,1,0.119999997,0.550000012,0.0133333337
SL3_rand_15_r0,1,2021,85.0212402,85,1.38979805,4.17859983,0.0411794893,0.0311794877,0.0348680615,0.0348599702,0,1.38979805,6,2.5,7.7304101,0,0,0,0,0,nan,nan,nan,nan,nan,4.17859983,418.9534,69.4898987,4.08850002,0.0250000004,50,1,0.119999997,0.550000012,0.0133333337
SL3_rand_15_r0,1,2022,85.0345764,85,1.38979805,4.17859983,0.0408461541,0.0308461543,0.0346125811,0.0345291197,0,1.38979805,6,2.5,7.7304101,0,0,0,0,0,nan,nan,nan,nan,nan,4.17859983,418.9534,69.4898987,4.08850002,0.0250000004,50,1,0.119999997,0.550000012,0.0133333337
SL3_rand_15_r0,1,2023,85.047905,85,1.38979805,4.17859983,0.0405128226,0.0305128228,0.0341430046,0.0341132097,0,1.38979805,6,2.5,7.7304101,0,0,0,0,0,nan,nan,nan,nan,nan,4.17859983,418.9534,69.4898987,4.08850002,0.0250000004,50,1,0.119999997,0.550000012,0.0133333337
SL3_rand_15_r0,1,2024,85.0612411,85,1.38979805,4.17859983,0.0401794873,0.0301794894,0.0338248387,0.0335072428,0,1.38979805,6,2.5,7.7304101,0,0,0,0,0,nan,nan,nan,nan,nan,4.17859983,418.9534,69.4898987,4.08850002,0.0250000004,50,1,0.119999997,0.550000012,0.0133333337
SL3_rand_15_r0,1,2025,85.0745697,85,1.38979805,4.17859983,0.0398461558,0.029846156,0.0334599428,0.033184547,0,1.38979805,6,2.5,7.7304101,0,0,0,0,0,nan,nan,nan,nan,nan,4.17859983,418.9534,69.4898987,4.08850002,0.0250000004,50,1,0.119999997,0.550000012,0.0133333337
SL3_rand_15_r0,1,2026,85.0879059,85,1.38979805,4.17859983,0.0395128205,0.0295128226,0.0329609066,0.0328551531,0,1.38979805,6,2.5,7.7304101,0,0,0,0,0,nan,nan,nan,nan,nan,4.17859983,418.9534,69.4898987,4.08850002,0.0250000004,50,1,0.119999997,0.550000012,0.0133333337
SL3_rand_15_r0,1,2027,85.1012421,85,1.38979805,4.17859983,0.039179489,0.0291794892,0.0327649489,0.0326664299,0,1.38979805,6,2.5,7.7304101,0,0,0,0,0,nan,nan,nan,nan,nan,4.17859983,418.9534,69.4898987,4.08850002,0.0250000004,50,1,0.119999997,0.550000012,0.0133333337
SL3_rand_15_r0,1,2028,85.1145706,85,1.38979805,4.17859983,0.0388461538,0.0288461559,0.0323287621,0.0322161242,0,1.38979805,6,2.5,7.7304101,0,0,0,0,0,nan,nan,nan,nan,nan,4.17859983,418.9534,69.4898987,4.08850002,0.0250000004,50,1,0.119999997,0.550000012,0.0133333337
SL3_rand_15_r0,1,2029,85.1279068,85,1.38979805,4.17859983,0.0385128222,0.0285128225,0.0321262032,0.032019984,0,1.38979805,6,2.5,7.7304101,0,0,0,0,0,nan,nan,nan,nan,nan,4.17859983,418.9534,69.4898987,4.08850002,0.0250000004,50,1,0.119999997,0.550000012,0.0133333337
SL3_rand_15_r0,1,2030,85.141243,85,1.38979805,4.17859983,0.038179487,0.0281794891,0.0319397859,0.0315889753,0,1.38979805,6,2.5,7.7304101,0,0,0,0,0,nan,nan,nan,nan,nan,4.17859983,418.9534,69.4898987,4.08850002,0.0250000004,50,1,0.119999997,0.550000012,0.0133333337
SL3_rand_15_r0,1,2031,85.1545715,85,1.38979805,4.17859983,0.0378461555,0.0278461557,0.0315546617,0.0312325023,0,1.38979805,6,2.5,7.7304101,0,0,0,0,0,nan,nan,nan,nan,nan,4.17859983,418.9534,69.4898987,4.08850002,0.0250000004,50,1,0.119999997,0.550000012,0.0133333337
SL3_rand_15_r0,1,2032,85.1679077,85,1.38979805,4.17859983,0.0375128202,0.0275128223,0.0310491174,0.0309752692,0,1.38979805,6,2.5,7.7304101,0,0,0,0,0,nan,nan,nan,nan,nan,4.17859983,418.9534,69.4898987,4.08850002,0.0250000004,50,1,0.119999997,0.550000012,0.0133333337
SL3_rand_15_r0,1,2033,85.1812363,85,1.38979805,4.17859983,0.0371794887,0.0271794889,0.030709086,0.0306600779,0,1.38979805,6,2.5,7.7304101,0,0,0,0,0,nan,nan,nan,nan,nan,4.17859983,418.9534,69.4898987,4.08850002,0.0250000004,50,1,0.119999997,0.550000012,0.0133333337
SL3_rand_15_r0,1,2034,85.1945724,85,1.38979805,4.17859983,0.0368461534,0.0268461555,0.0303863473,0.0303725079,0,1.38979805,6,2.5,7.7304101,0,0,0,0,0,nan,nan,nan,nan,nan,4.17859983,418.9534,69.4898987,4.08850002,0.0250000004,50,1,0.119999997,0.550000012,0.0133333337
SL3_rand_15_r0,1,2035,85.2079086,85,1.38979805,4.17859983,0.0365128219,0.0265128221,0.0300803725,0.0300447512,0,1.38979805,6,2.5,7.7304101,0,0,0,0,0,nan,nan,nan,nan,nan,4.17859983,418.9534,69.4898987,4.08850002,0.0250000004,50,1,0.119999997,0.550000012,0.0133333337
SL3_rand_15_r0,1,2036,85.2212372,85,1.38979805,4.17859983,0.0361794904,0.0261794887,0.0299118627,0.0298618264,0,1.38979805,6,2.5,7.7304101,0,0,0,0,0,nan,nan,nan,nan,nan,4.17859983,418.9534,69.4898987,4.08850002,0.0250000004,50,1,0.119999997,0.550000012,0.0133333337
SL3_rand_15_r0,1,2037,85.2345734,85,1.38979805,4.17859983,0.0358461551,0.0258461554,0.0296876673,0.0296246111,0,1.38979805,6,2.5,7.7304101,0,0,0,0,0,nan,nan,nan,nan,nan,4.17859983,418.9534,69.4898987,4.08850002,0.0250000004,50,1,0.119999997,0.550000012,0.0133333337
SL3_rand_15_r0,1,2038,85.2479095,85,1.38979805,4.17859983,0.0355128236,0.025512822,0.0292691328,0.0290969871,0,1.38979805,6,2.5,7.7304101,0,0,0,0,0,nan,nan,nan,nan,nan,4.17859983,418.9534,69.4898987,4.08850002,0.0250000004,50,1,0.119999997,0.550000012,0.0133333337
SL3_rand_15_r0,1,2039,85.2612381,85,1.38979805,4.17859983,0.0351794884,0.0251794886,0.0290363263,0.0288396068,0,1.38979805,6,2.5,7.7304101,0,0,0,0,0,nan,nan,nan,nan,nan,4.17859983,418.9534,69.4898987,4.08850002,0.0250000004,50,1,0.119999997,0.550000012,0.0133333337
SL3_rand_15_r0,1,2040,85.2745743,85,1.38979805,4.17859983,0.0348461568,0.0248461552,0.0285176802,0.0285121165,0,1.38979805,6,2.5,7.7304101,0,0,0,0,0,nan,nan,nan,nan,nan,4.17859983,418.9534,69.4898987,4.08850002,0.0250000004,50,1,0.119999997,0.550000012,0.0133333337
SL3_rand_15_r0,1,2041,85.2879105,85,1.38979805,4.17859983,0.0345128216,0.0245128218,0.0283523872,0.0282388777,0,1.38979805,6,2.5,7.7304101,0,0,0,0,0,nan,nan,nan,nan,nan,4.17859983,418.9534,69.4898987,4.08850002,0.0250000004,50,1,0.119999997,0.550000012,0.0133333337
SL3_rand_15_r0,1,2042,85.301239,85,1.38979805,4.17859983,0.0341794901,0.0241794884,0.0280123074,0.0279299784,0,1.38979805,6,2.5,7.7304101,0,0,0,0,0,nan,nan,nan,nan,nan,4.17859983,418.9534,69.4898987,4.08850002,0.0250000004,50,1,0.119999997,0.550000012,0.0133333337
SL3_rand_15_r0,1,2043,85.3145752,85,1.38979805,4.17859983,0.0338461548,0.023846155,0.0279338192,0.0276412182,0,1.38979805,6,2.5,7.7304101,0,0,0,0,0,nan,nan,nan,nan,nan,4.17859983,418.9534,69.4898987,4.08850002,0.0250000004,50,1,0.119999997,0.550000012,0.0133333337
SL3_rand_15_r0,1,2044,85.3279037,85,1.38979805,4.17859983,0.0335128233,0.0235128216,0.0275577735,0.027445741,0,1.38979805,6,2.5,7.7304101,0,0,0,0,0,nan,nan,nan,nan,nan,4.17859983,418.9534,69.4898987,4.08850002,0.0250000004,50,1,0.119999997,0.550000012,0.0133333337
SL3_rand_15_r0,1,2045,85.3412399,85,1.38979805,4.17859983,0.033179488,0.0231794883,0.0273495167,0.0269571003,0,1.38979805,6,2.5,7.7304101,0,0,0,0,0,nan,nan,nan,nan,nan,4.17859983,418.9534,69.4898987,4.08850002,0.0250000004,50,1,0.119999997,0.550000012,0.0133333337
SL3_rand_15_r0,1,2046,85.3545761,85,1.38979805,4.17859983,0.0328461565,0.0228461549,0.0268587749,0.0267779995,0,1.38979805,6,2.5,7.7304101,0,0,0,0,0,nan,nan,nan,nan,nan,4.17859983,418.9534,69.4898987,4.08850002,0.0250000004,50,1,0.119999997,0.550000012,0.0133333337
SL3_rand_15_r0,1,2047,85.3679047,85,1.38979805,4.17859983,0.0325128213,0.0225128215,0.0265415385,0.0263577253,0,1.38979805,6,2.5,7.7304101,0,0,0,0,0,nan,nan,nan,nan,nan,4.17859983,418.9534,69.4898987,4.08850002,0.0250000004,50,1,0.119999997,0.550000012,0.0133333337
SL3_rand_15_r0,1,2048,85.3812408,85,1.38979805,4.17859983,0.0321794897,0.0221794881,0.026230948,0.0261919629,0,1.38979805,6,2.5,7.7304101,0,0,0,0,0,nan,nan,nan,nan,nan,4.17859983,418.9534,69.4898987,4.08850002,0.0250000004,50,1,0.119999997,0.550000012,0.0133333337
SL3_rand_15_r0,1,2049,85.394577,85,1.38979805,4.17859983,0.0318461545,0.0218461547,0.0258437786,0.0256763883,0,1.38979805,6,2.5,7.7304101,0,0,0,0,0,nan,nan,nan,nan,nan,4.17859983,418.9534,69.4898987,4.08850002,0.0250000004,50,1,0.119999997,0.550000012,0.0133333337
SL3_rand_15_r0,1,2050,85.4079056,85,1.38979805,4.17859983,0.031512823,0.0215128213,0.0256744307,0.0253962744,0,1.38979805,6,2.5,7.7304101,0,0,0,0,0,nan,nan,nan,nan,nan,4.17859983,418.9534,69.4898987,4.08850002,0.0250000004,50,1,0.119999997,0.550000012,0.0133333337
SL3_rand_15_r0,1,2051,85.4212418,85,1.38979805,4.17859983,0.0311794877,0.0211794879,0.0253181178,0.0250513963,0,1.38979805,6,2.5,7.7304101,0,0,0,0,0,nan,nan,nan,nan,nan,4.17859983,418.9534,69.4898987,4.08850002,0.0250000004,50,1,0.119999997,0.550000012,0.0133333337
SL3_rand_15_r0,1,2052,85.4345703,85,1.38979805,4.17859983,0.0308461543,0.0208461545,0.0251152012,0.0247545689,0,1.38979805,6,2.5,7.7304101,0,0,0,0,0,nan,nan,nan,nan,nan,4.17859983,418.9534,69.4898987,4.08850002,0.0250000004,50,1,0.119999997,0.550000012,0.0133333337
SL3_rand_15_r0,1,2053,85.4479065,85,1.38979805,4.17859983,0.0305128228,0.0205128212,0.0247390307,0.0244527087,0,1.38979805,6,2.5,7.7304101,0,0,0,0,0,nan,nan,nan,nan,nan,4.17859983,418.9534,69.4898987,4.08850002,0.0250000004,50,1,0.119999997,0.550000012,0.0133333337
SL3_rand_15_r0,1,2054,85.4612427,85,1.38979805,4.17859983,0.0301794894,0.0201794878,0.0243075378,0.0241009016,0,1.38979805,6,2.5,7.7304101,0,0,0,0,0,nan,nan,nan,nan,nan,4.17859983,418.9534,69.4898987,4.08850002,0.0250000004,50,1,0.119999997,0.550000012,0.0133333337
SL3_rand_15_r0,1,2055,85.4745712,85,1.38979805,4.17859983,0.029846156,0.0198461544,0.0238581728,0.0238295291,0,1.38979805,6,2.5,7.7304101,0,0,0,0,0,nan,nan,nan,nan,nan,4.17859983,418.9534,69.4898987,4.08850002,0.0250000004,50,1,0.119999997,0.550000012,0.0133333337
SL3_rand_15_r0,1,2056,85.4879074,85,1.38979805,4.17859983,0.0295128226,0.019512821,0.023510756,0.0235014111,0,1.38979805,6,2.5,7.7304101,0,0,0,0,0,nan,nan,nan,nan,nan,4.17859983,418.9534,69.4898987,4.08850002,0.0250000004,50,1,0.119999997,0.550000012,0.0133333337
SL3_rand_15_r0,1,2057,85.5012436,85,1.38979805,4.17859983,0.0291794892,0.0191794895,0.0232915208,0.0232163463,0,1.38979805,6,2.5,7.7304101,0,0,0,0,0,nan,nan,nan,nan,nan,4.17859983,418.9534,69.4898987,4.08850002,0.0250000004,50,1,0.119999997,0.550000012,0.0133333337
SL3_rand_15_r0,1,2058,85.5145721,85,1.38979805,4.17859983,0.0288461559,0.0188461561,0.0230225045,0.0228618626,0,1.38979805,6,2.5,7.7304101,0,0,0,0,0,nan,nan,nan,nan,nan,4.17859983,418.9534,69.4898987,4.08850002,0.0250000004,50,1,0.119999997,0.550000012,0.0133333337
SL3_rand_15_r0,1,2059,85.5279083,85,1.38979805,4.17859983,0.0285128225,0.0185128227,0.0227336995,0.0225982312,0,1.38979805,6,2.5,7.7304101,0,0,0,0,0,nan,nan,nan,nan,nan,4.17859983,418.9534,69.4898987,4.08850002,0.0250000004,50,1,0.119999997,0.550000012,0.0133333337
SL3_rand_15_r0,1,2060,85.5412369,85,1.38979805,4.17859983,0.0281794891,0.0181794893,0.0225656629,0.0222544037,0,1.38979805,6,2.5,7.7304101,0,0,0,0,0,nan,nan,nan,nan,nan,4.17859983,418.9534,69.4898987,4.08850002,0.0250000004,50,1,0.119999997,0.550000012,0.0133333337
SL3_rand_15_r0,1,2061,85.5545731,85,1.38979805,4.17859983,0.0278461557,0.0178461559,0.021921128,0.0218928661,0,1.38979805,6,2.5,7.7304101,0,0,0,0,0,nan,nan,nan,nan,nan,4.17859983,418.9534,69.4898987,4.08850002,0.0250000004,50,1,0.119999997,0.550000012,0.0133333337
SL3_rand_15_r0,1,2062,85.5679092,85,1.38979805,4.17859983,0.0275128223,0.0175128225,0.0216873214,0.0216188971,0,1.38979805,6,2.5,7.7304101,0,0,0,0,0,nan,nan,nan,nan,nan,4.17859983,418.9534,69.4898987,4.08850002,0.0250000004,50,1,0.119999997,0.550000012,0.0133333337
SL3_rand_15_r0,1,2063,85.5812378,85,1.38979805,4.17859983,0.0271794889,0.0171794891,0.0213429686,0.0212740004,0,1.38979805,6,2.5,7.7304101,0,0,0,0,0,nan,nan,nan,nan,nan,4.17859983,418.9534,69.4898987,4.08850002,0.0250000004,50,1,0.119999997,0.550000012,0.0133333337
SL3_rand_15_r0,1,2064,85.594574,85,1.38979805,4.17859983,0.0268461555,0.0168461557,0.0210078973,0.0210060477,0,1.38979805,6,2.5,7.7304101,0,0,0,0,0,nan,nan,nan,nan,nan,4.17859983,418.9534,69.4898987,4.08850002,0.0250000004,50,1,0.119999997,0.550000012,0.0133333337
SL3_rand_15_r0,1,2065,85.6079102,85,1.38979805,4.17859983,0.0265128221,0.0165128224,0.0209457483,0.0206417497,0,1.38979805,6,2.5,7.7304101,0,0,0,0,0,nan,nan,nan,nan,nan,4.17859983,418.9534,69.4898987,4.08850002,0.0250000004,50,1,0.119999997,0.550000012,0.0133333337
SL3_rand_15_r0,1,2066,85.6212387,85,1.38979805,4.17859983,0.0261794887,0.016179489,0.0204116162,0.0202350486,0,1.38979805,6,2.5,7.7304101,0,0,0,0,0,nan,nan,nan,nan,nan,4.17859983,418.9534,69.4898987,4.08850002,0.0250000004,50,1,0.119999997,0.550000012,0.0133333337
SL3_rand_15_r0,1,2067,85.6345749,85,1.38979805,4.17859983,0.0258461554,0.0158461556,0.020166643,0.0200748704,0,1.38979805,6,2.5,7.7304101,0,0,0,0,0,nan,nan,nan,nan,nan,4.17859983,418.9534,69.4898987,4.08850002,0.0250000004,50,1,0.119999997,0.550000012,0.0133333337
SL3_rand_15_r0,1,2068,85.6479034,85,1.38979805,4.17859983,0.025512822,0.0155128222,0.0198973063,0.0196591113,0,1.38979805,6,2.5,7.7304101,0,0,0,0,0,nan,nan,nan,nan,nan,4.17859983,418.9534,69.4898987,4.08850002,0.0250000004,50,1,0.119999997,0.550000012,0.0133333337
SL3_rand_15_r0,1,2069,85.6612396,85,1.38979805,4.17859983,0.0251794886,0.0151794888,0.0193677302,0.0193086546,0,1.38979805,6,2.5,7.7304101,0,0,0,0,0,nan,nan,nan,nan,nan,4.17859983,418.9534,69.4898987,4.08850002,0.0250000004,50,1,0.119999997,0.550000012,0.0133333337
SL3_rand_15_r0,1,2070,85.6745758,85,1.38979805,4.17859983,0.0248461552,0.0148461554,0.0193416774,0.019030951,0,1.38979805,6,2.5,7.7304101,0,0,0,0,0,nan,nan,nan,nan,nan,4.17859983,418.9534,69.4898987,4.08850002,0.0250000004,50,1,0.119999997,0.550000012,0.0133333337
SL3_rand_15_r0,1,2071,85.6879044,85,1.38979805,4.17859983,0.0245128218,0.014512822,0.0186909568,0.0185874868,0,1.38979805,6,2.5,7.7304101,0,0,0,0,0,nan,nan,nan,nan,nan,4.17859983,418.9534,69.4898987,4.08850002,0.0250000004,50,1,0.119999997,0.550000012,0.0133333337
SL3_rand_15_r0,1,2072,85.7012405,85,1.38979805,4.17859983,0.0241794884,0.0141794886,0.0186689124,0.0183804706,0,1.38979805,6,2.5,7.7304101,0,0,0,0,0,nan,nan,nan,nan,nan,4.17859983,418.9534,69.4898987,4.08850002,0.0250000004,50,1,0.119999997,0.550000012,0.0133333337
SL3_rand_15_r0,1,2073,85.7145767,85,1.38979805,4.17859983,0.023846155,0.0138461553,0.0182864536,0.0178715289,0,1.38979805,6,2.5,7.7304101,0,0,0,0,0,nan,nan,nan,nan,nan,4.17859983,418.9534,69.4898987,4.08850002,0.0250000004,50,1,0.119999997,0.550000012,0.0133333337
SL3_rand_15_r0,1,2074,85.7279053,85,1.38979805,4.17859983,0.0235128216,0.0135128219,0.0176968873,0.0176594127,0,1.38979805,6,2.5,7.7304101,0,0,0,0,0,nan,nan,nan,nan,nan,4.17859983,418.9534,69.4898987,4.08850002,0.0250000004,50,1,0.119999997,0.550000012,0.0133333337
SL3_rand_15_r0,1,2075,85.7412415,85,1.38979805,4.17859983,0.0231794883,0.0131794885,0.0175719559,0.0175306797,0,1.38979805,6,2.5,7.7304101,0,0,0,0,0,nan,nan,nan,nan,nan,4.17859983,418.9534,69.4898987,4.08850002,0.0250000004,50,1,0.119999997,0.550000012,0.0133333337
SL3_rand_15_r0,1,2076,85.75457,85,1.38979805,4.17859983,0.0228461549,0.0128461551,0.0169832651,0.0169425625,0,1.38979805,6,2.5,7.7304101,0,0,0,0,0,nan,nan,nan,nan,nan,4.17859983,418.9534,69.4898987,4.08850002,0.0250000004,50,1,0.119999997,0.550000012,0.0133333337
SL3_rand_15_r0,1,2077,85.7679062,85,1.38979805,4.17859983,0.0225128215,0.0125128217,0.0170015059,0.0169446953,0,1.38979805,6,2.5,7.7304101,0,0,0,0,0,nan,nan,nan,nan,nan,4.17859983,418.9534,69.4898987,4.08850002,0.0250000004,50,1,0.119999997,0.550000012,0.0133333337
SL3_rand_15_r0,1,2078,85.7812424,85,1.38979805,4.17859983,0.0221794881,0.0121794883,0.0165625922,0.0162269883,0,1.38979805,6,2.5,7.7304101,0,0,0,0,0,nan,nan,nan,nan,nan,4.17859983,418.9534,69.4898987,4.08850002,0.0250000004,50,1,0.119999997,0.550000012,0.0133333337
SL3_rand_15_r0,1,2079,85.7945709,85,1.38979805,4.17859983,0.0218461547,0.0118461549,0.0160897672,0.0160068516,0,1.38979805,6,2.5,7.7304101,0,0,0,0,0,nan,nan,nan,nan,nan,4.17859983,418.9534,69.4898987,4.08850002,0.0250000004,50,1,0.119999997,0.550000012,0.0133333337
SL3_rand_15_r0,1,2080,85.8079071,85,1.38979805,4.17859983,0.0215128213,0.0115128215,0.0161075331,0.0158772171,0,1.38979805,6,2.5,7.7304101,0,0,0,0,0,nan,nan,nan,nan,nan,4.17859983,418.9534,69.4898987,4.08850002,0.0250000004,50,1,0.119999997,0.550000012,0.0133333337
SL3_rand_15_r0,1,2081,85.8212433,85,1.38979805,4.17859983,0.0211794879,0.0111794882,0.0153222699,0.0152894091,0,1.38979805,6,2.5,7.7304101,0,0,0,0,0,nan,nan,nan,nan,nan,4.17859983,418.9534,69.4898987,4.08850002,0.0250000004,50,1,0.119999997,0.550000012,0.0133333337
SL3_rand_15_r0,1,2082,85.8345718,85,1.38979805,4.17859983,0.0208461545,0.0108461557,0.0151996156,0.0151012531,0,1.38979805,6,2.5,7.7304101,0,0,0,0,0,nan,nan,nan,nan,nan,4.17859983,418.9534,69.4898987,4.08850002,0.0250000004,50,1,0.119999997,0.550000012,0.0133333337
SL3_rand_15_r0,1,2083,85.847908,85,1.38979805,4.17859983,0.0205128212,0.0105128223,0.0147720687,0.0147598563,0,1.38979805,6,2.5,7.7304101,0,0,0,0,0,nan,nan,nan,nan,nan,4.17859983,418.9534,69.4898987,4.08850002,0.0250000004,50,1,0.119999997,0.550000012,0.0133333337
SL3_rand_15_r0,1,2084,85.8612366,85,1.38979805,4.17859983,0.0201794878,0.0101794889,0.0144179789,0.0142118055,0,1.38979805,6,2.5,7.7304101,0,0,0,0,0,nan,nan,nan,nan,nan,4.17859983,418.9534,69.4898987,4.08850002,0.0250000004,50,1,0.119999997,0.550000012,0.0133333337
SL3_rand_15_r0,1,2085,85.8745728,85,1.38979805,4.17859983,0.0198461544,0.00984615553,0.0141930422,0.014067973,0,1.38979805,6,2.5,7.7304101,0,0,0,0,0,nan,nan,nan,nan,nan,4.17859983,418.9534,69.4898987,4.08850002,0.0250000004,50,1,0.119999997,0.550000012,0.0133333337
SL3_rand_15_r0,1,2086,85.8879089,85,1.38979805,4.17859983,0.019512821,0.00951282214,0.0137839234,0.0136346417,0,1.38979805,6,2.5,7.7304101,0,0,0,0,0,nan,nan,nan,nan,nan,4.17859983,418.9534,69.4898987,4.08850002,0.0250000004,50,1,0.119999997,0.550000012,0.0133333337
SL3_rand_15_r0,1,2087,85.9012375,85,1.38979805,4.17859983,0.0191794895,0.00917948876,0.0140765533,0.0134164169,0,1.38979805,6,2.5,7.7304101,0,0,0,0,0,nan,nan,nan,nan,nan,4.17859983,418.9534,69.4898987,4.08850002,0.0250000004,50,1,0.119999997,0.550000012,0.0133333337
SL3_rand_15_r0,1,2088,85.9145737,85,1.38979805,4.17859983,0.0188461561,0.00884615537,0.0132169062,0.0130799776,0,1.38979805,6,2.5,7.7304101,0,0,0,0,0,nan,nan,nan,nan,nan,4.17859983,418.9534,69.4898987,4.08850002,0.0250000004,50,1,0.119999997,0.550000012,0.0133333337
SL3_rand_15_r0,1,2089,85.9279099,85,1.38979805,4.17859983,0.0185128227,0.00851282198,0.0128872925,0.0126039097,0,1.38979805,6,2.5,7.7304101,0,0,0,0,0,nan,nan,nan,nan,nan,4.17859983,418.9534,69.4898987,4.08850002,0.0250000004,50,1,0.119999997,0.550000012,0.0133333337
SL3_rand_15_r0,1,2090,85.9412384,85,1.38979805,4.17859983,0.0181794893,0.00817948859,0.0124620125,0.012423222,0,1.38979805,6,2.5,7.7304101,0,0,0,0,0,nan,nan,nan,nan,nan,4.17859983,418.9534,69.4898987,4.08850002,0.0250000004,50,1,0.119999997,0.550000012,0.0133333337
SL3_rand_15_r0,1,2091,85.9545746,85,1.38979805,4.17859983,0.0178461559,0.0078461552,0.0118856477,0.0118647497,0,1.38979805,6,2.5,7.7304101,0,0,0,0,0,nan,nan,nan,nan,nan,4.17859983,418.9534,69.4898987,4.08850002,0.0250000004,50,1,0.119999997,0.550000012,0.0133333337
SL3_rand_15_r0,1,2092,85.9679031,85,1.38979805,4.17859983,0.0175128225,0.00751282182,0.0118465219,0.0118046217,0,1.38979805,6,2.5,7.7304101,0,0,0,0,0,nan,nan,nan,nan,nan,4.17859983,418.9534,69.4898987,4.08850002,0.0250000004,50,1,0.119999997,0.550000012,0.0133333337
SL3_rand_15_r0,1,2093,85.9812393,85,1.38979805,4.17859983,0.0171794891,0.00717948843,0.0116749899,0.0111280531,0,1.38979805,6,2.5,7.7304101,0,0,0,0,0,nan,nan,nan,nan,nan,4.17859983,418.9534,69.4898987,4.08850002,0.0250000004,50,1,0.119999997,0.550000012,0.0133333337
SL3_rand_15_r0,1,2094,85.9945755,85,1.38979805,4.17859983,0.0168461557,0.00684615504,0.0114985537,0.0111936023,0,1.38979805,6,2.5,7.7304101,0,0,0,0,0,nan,nan,nan,nan,nan,4.17859983,418.9534,69.4898987,4.08850002,0.0250000004,50,1,0.119999997,0.550000012,0.0133333337
SL3_rand_15_r0,1,2095,86.0079041,86,1.38979805,4.17859983,0.0165128224,0.00651282212,0.0112669552,0.0107685449,0,1.38979805,6,2.5,7.7304101,0,0,0,0,0,nan,nan,nan,nan,nan,4.17859983,418.9534,69.4898987,4.08850002,0.0250000004,50,1,0.119999997,0.550000012,0.0133333337
SL3_rand_15_r0,1,2096,86.0212402,86,1.38979805,4.17859983,0.016179489,0.00617948873,0.0105654914,0.0102678807,0,1.38979805,6,2.5,7.7304101,0,0,0,0,0,nan,nan,nan,nan,nan,4.17859983,418.9534,69.4898987,4.08850002,0.0250000004,50,1,0.119999997,0.550000012,0.0133333337
SL3_rand_15_r0,1,2097,86.0345764,86,1.38979805,4.17859983,0.0158461556,0.00584615534,0.0104469927,0.0101034734,0,1.38979805,6,2.5,7.7304101,0,0,0,0,0,nan,nan,nan,nan,nan,4.17859983,418.9534,69.4898987,4.08850002,0.0250000004,50,1,0.119999997,0.550000012,0.0133333337
SL3_rand_15_r0,1,2098,86.047905,86,1.49667311,4.17859983,0.0155128222,0.00551282195,0.00969221815,0.00953618158,0.000463818549,1.58411634,6,2.5,7.7304101,0,0,0,0,0,nan,nan,nan,nan,nan,4.17859983,418.9534,69.4898987,4.08850002,0.0250000004,50,1,0.119999997,0.550000012,0.0133333337
SL3_rand_15_r0,1,2099,86.0612411,86,1.56042254,4.17859983,0.0151794888,0.00517948857,0.0098138554,0.0094682388,0.000531761325,1.61258125,6,2.5,7.7304101,0,0,0,0,0,nan,nan,nan,nan,nan,4.17859983,418.9534,69.4898987,4.08850002,0.0250000004,50,1,0.119999997,0.550000012,0.0133333337
SL3_rand_15_r0,1,2100,86.0745697,86,1.65003979,4.17859983,0.0148461554,0.00484615518,0.00947851408,0.00920381304,0.000796186563,1.72336304,6,2.5,7.7304101,0,0,0,0,0,nan,nan,nan,nan,nan,4.17859983,418.9534,69.4898987,4.08850002,0.0250000004,50,1,0.119999997,0.550000012,0.0133333337
SL3_rand_15_r0,1,2101,86.0879059,86,1.7314043,4.17859983,0.014512822,0.00451282179,0.00907826424,0.00902572181,0.00097427849,1.7979753,6,2.5,7.7304101,0,0,0,0,0,nan,nan,nan,nan,nan,4.17859983,418.9534,69.4898987,4.08850002,0.0250000004,50,1,0.119999997,0.550000012,0.0133333337
SL3_rand_15_r0,1,2102,86.1012421,86,1.84569621,4.17859983,0.0141794886,0.0041794884,0.00870774593,0.00868861377,0.00131138624,1.93920779,6,2.5,7.7304101,0,0,0,0,0,nan,nan,nan,nan,nan,4.17859983,418.9534,69.4898987,4.08850002,0.0250000004,50,1,0.119999997,0.550000012,0.0133333337
SL3_rand_15_r0,1,2103,86.1145706,86,1.97509313,4.17859983,0.0138461553,0.00384615525,0.0083535267,0.00835025683,0.00164974283,2.08096337,6,2.5,7.7304101,0,0,0,0,0,nan,nan,nan,nan,nan,4.17859983,418.9534,69.4898987,4.08850002,0.0250000004,50,1,0.119999997,0.550000012,0.0133333337
SL3_rand_15_r0,1,2104,86.1279068,86,2.11143661,4.17859983,0.0135128219,0.00351282186,0.00801770017,0.00801125262,0.00198874692,2.22299027,6,2.5,7.7304101,0,0,0,0,0,nan,nan,nan,nan,nan,4.17859983,418.9534,69.4898987,4.08850002,0.0250000004,50,1,0.119999997,0.550000012,0.0133333337
SL3_rand_15_r0,1,2105,86.141243,86,2.32710648,4.17859983,0.0131794885,0.00317948847,0.0077014342,0.00734155206,0.00265844772,2.50356364,6,2.5,7.7304101,1,0,0,1,0,nan,nan,nan,nan,nan,4.17859983,418.9534,69.4898987,4.08850002,0.0250000004,50,1,0.119999997,0.550000012,0.0133333337
SL3_rand_15_r0,1,2106,86.4683228,86,2.43101597,4.17859983,0.0128461551,0.00284615532,0.007368383,0.00731178932,0.00268821069,2.51603293,6,2.5,7.7304101,1,0,0,2,0,nan,nan,nan,nan,nan,4.17859983,418.9534,69.4898987,4.08850002,0.0250000004,50,1,0.119999997,0.550000012,0.0133333337
SL3_rand_15_r0,1,2107,86.7954025,86,2.62745786,4.17859983,0.0125128217,0.00251282193,0.00693321181,0.00666219462,0.00333780539,2.78818297,6,2.5,7.7304101,1,1,0,3,0,nan,nan,nan,nan,nan,4.17859983,418.9534,69.4898987,4.08850002,0.0250000004,50,1,0.119999997,0.550000012,0.0133333337
SL3_rand_15_r0,1,2108,87.1224823,87,2.70033693,4.17859983,0.0121794883,0.00217948854,0.00704495562,0.00672954693,0.00327045307,2.75996542,6,2.5,7.7304101,1,1,0,4,0,nan,nan,nan,nan,nan,4.17859983,418.9534,69.4898987,4.08850002,0.0250000004,50,1,0.119999997,0.550000012,0.0133333337
SL3_rand_15_r0,1,2109,91.3270798,91,2.86885452,4.17859983,0.0120000001,0.00200000009,0.00648507103,0.00614053849,0.00385946152,3.00673246,6,2.5,7.7304101,1,1,0,5,0,nan,nan,nan,nan,nan,4.17859983,418.9534,69.4898987,4.08850002,0.0250000004,50,1,0.119999997,0.550000012,0.0133333337
SL3_rand_15_r0,1,2110,91.6541595,91,3.05802965,4.17859983,0.0120000001,0.00200000009,0.00630769273,0.00564865442,0.00435134582,3.21280909,6,2.5,7.7304101,1,1,0,6,0,nan,nan,nan,nan,nan,4.17859983,418.9534,69.4898987,4.08850002,0.0250000004,50,1,0.119999997,0.550000012,0.0133333337
SL3_rand_15_r0,1,2111,91.9812393,91,3.24821329,4.17859983,0.0120000001,0.00200000009,0.00524190208,0.0051927343,0.00480726548,3.40381813,6,2.5,7.7304101,1,1,0,7,0,nan,nan,nan,nan,nan,4.17859983,418.9534,69.4898987,4.08850002,0.0250000004,50,1,0.119999997,0.550000012,0.0133333337
SL3_rand_15_r0,1,2112,92.3083191,92,3.43818951,4.17859983,0.0120000001,0.00200000009,0.00465709623,0.00454724533,0.00545275444,3.59362435,6,2.5,7.7304101,1,1,0,8,0,nan,nan,nan,nan,nan,4.17859983,418.9534,69.4898987,4.08850002,0.0250000004,50,1,0.119999997,0.550000012,0.0133333337
SL3_rand_15_r0,1,2113,94.3270798,94,3.35880423,4.17859983,0.0120000001,0.00200000009,0.00510000018,0.00470552221,0.00529447757,3.29385281,6,2.5,7.7304101,1,1,0,9,0,nan,nan,nan,nan,nan,4.17859983,418.9534,69.4898987,4.08850002,0.0250000004,50,1,0.119999997,0.550000012,0.0133333337
SL3_rand_15_r0,1,2114,94.6541595,94,3.43084335,4.17859983,0.0120000001,0.00200000009,0.00466419663,0.0043644323,0.00563556748,3.48978448,6,2.5,7.7304101,1,1,0,10,0,nan,nan,nan,nan,nan,4.17859983,418.9534,69.4898987,4.08850002,0.0250000004,50,1,0.119999997,0.550000012,0.0133333337
SL3_rand_15_r0,1,2115,94.9812393,94,3.30505276,4.17859983,0.0120000001,0.00200000009,0.00534574129,0.00487297773,0.00512702251,3.20213318,6,2.5,7.7304101,1,1,0,11,0,nan,nan,nan,nan,nan,4.17859983,418.9534,69.4898987,4.08850002,0.0250000004,50,1,0.119999997,0.550000012,0.0133333337
SL3_rand_15_r0,1,2116,95.3083191,95,3.25480127,4.17859983,0.0120000001,0.00200000009,0.00523036113,0.0051634647,0.00483653555,3.21368647,6,2.5,7.7304101,1,1,0,12,0,nan,nan,nan,nan,nan,4.17859983,418.9534,69.4898987,4.08850002,0.0250000004,50,1,0.119999997,0.550000012,0.0133333337
SL3_rand_15_r0,1,2117,98.3270798,98,3.18620682,4.17859983,0.0120000001,0.00200000009,0.005570482,0.00555494148,0.00444505829,3.13008428,6,2.5,7.7304101,1,1,0,13,0,nan,nan,nan,nan,nan,4.17859983,418.9534,69.4898987,4.08850002,0.0250000004,50,1,0.119999997,0.550000012,0.0133333337
SL3_rand_15_r0,1,2118,98.6541595,98,3.21571612,4.17859983,0.0120000001,0.00200000009,0.0063118902,0.00551452907,0.00448547071,3.2398603,6,2.5,7.7304101,1,1,0,14,0,nan,nan,nan,nan,nan,4.17859983,418.9534,69.4898987,4.08850002,0.0250000004,50,1,0.119999997,0.550000012,0.0133333337
SL3_rand_15_r0,1,2119,98.9812393,98,2.98947668,4.17859983,0.0120000001,0.00200000009,0.00651438721,0.00650935667,0.00349064358,2.80437136,6,2.5,7.7304101,1,1,0,15,0,nan,nan,nan,nan,nan,4.17859983,418.9534,69.4898987,4.08850002,0.0250000004,50,1,0.119999997,0.550000012,0.0133333337
SL3_rand_15_r0,1,2120,99.3083191,99,2.84796381,4.17859983,0.0120000001,0.00200000009,0.00716750976,0.00679586641,0.00320413336,2.7321806,6,2.5,7.7304101,1,1,0,16,0,nan,nan,nan,nan,nan,4.17859983,418.9534,69.4898987,4.08850002,0.0250000004,50,1,0.119999997,0.550000012,0.0133333337
SL3_rand_15_r0,1,2121,101.32708,101,2.62069368,4.17859983,0.0120000001,0.00200000009,0.0076183537,0.00750581501,0.002494185,2.43474531,6,2.5,7.7304101,1,1,0,17,0,nan,nan,nan,nan,nan,4.17859983,418.9534,69.4898987,4.08850002,0.0250000004,50,1,0.119999997,0.550000012,0.0133333337
SL3_rand_15_r0,1,2122,101.340416,101,2.38867569,4.17859983,0.0120000001,0.00200000009,0.00809456222,0.00806889031,0.00193110923,2.19884276,6,2.5,7.7304101,0,0,0,0,0,nan,nan,nan,nan,nan,4.17859983,418.9534,69.4898987,4.08850002,0.0250000004,50,1,0.119999997,0.550000012,0.0133333337
SL3_rand_15_r0,1,2123,101.353745,101,2.19853854,4.17859983,0.0120000001,0.00200000009,0.00874055643,0.00844093878,0.001559061,2.04297185,6,2.5,7.7304101,0,0,0,0,0,nan,nan,nan,nan,nan,4.17859983,418.9534,69.4898987,4.08850002,0.0250000004,50,1,0.119999997,0.550000012,0.0133333337
SL3_rand_15_r0,1,2124,101.367081,101,2.12716866,4.17859983,0.0120000001,0.00200000009,0.00921766367,0.00837934949,0.00162065029,2.06877494,6,2.5,7.7304101,0,0,0,0,0,nan,nan,nan,nan,nan,4.17859983,418.9534,69.4898987,4.08850002,0.0250000004,50,1,0.119999997,0.550000012,0.0133333337
SL3_rand_15_r0,1,2125,101.380417,101,1.96137917,4.17859983,0.0120000001,0.00200000009,0.0091163842,0.00895946566,0.001040534,1.8257333,6,2.5,7.7304101,0,0,0,0,0,nan,nan,nan,nan,nan,4.17859983,418.9534,69.4898987,4.08850002,0.0250000004,50,1,0.119999997,0.550000012,0.0133333337
SL3_rand_15_r0,1,2126,101.393745,101,2.41318536,4.17859983,0.0120000001,0.00200000009,0.00758521538,0.00667493558,0.00332506443,2.78284502,6,2.5,7.7304101,1,0,0,1,0,nan,nan,nan,nan,nan,4.17859983,418.9534,69.4898987,4.08850002,0.0250000004,50,1,0.119999997,0.550000012,0.0133333337
SL3_rand_15_r0,1,2127,101.407082,101,2.64531565,4.17859983,0.0120000001,0.00200000009,0.00863274839,0.00654987292,0.00345012685,2.83524036,6,2.5,7.7304101,0,1,0,0,0,nan,nan,nan,nan,nan,4.17859983,418.9534,69.4898987,4.08850002,0.0250000004,50,1,0.119999997,0.550000012,0.0133333337
SL3_rand_15_r0,1,2128,101.42041,101,2.20969367,4.17859983,0.0120000001,0.00200000009,0.00896756444,0.00889372546,0.00110627466,1.85327554,6,2.5,7.7304101,0,0,0,0,0,nan,nan,nan,nan,nan,4.17859983,418.9534,69.4898987,4.08850002,0.0250000004,50,1,0.119999997,0.550000012,0.0133333337
SL3_rand_15_r0,1,2129,101.433746,101,2.65128613,4.17859983,0.0120000001,0.00200000009,0.00758323632,0.00612655934,0.00387344067,3.01258922,6,2.5,7.7304101,1,1,0,1,0,nan,nan,nan,nan,nan,4.17859983,418.9534,69.4898987,4.08850002,0.0250000004,50,1,0.119999997,0.550000012,0.0133333337
SL3_rand_15_r0,1,2130,101.447083,101,2.88081861,4.17859983,0.0120000001,0.00200000009,0.00857468043,0.00599282375,0.00400717603,3.06861806,6,2.5,7.7304101,0,1,0,0,0,nan,nan,nan,nan,nan,4.17859983,418.9534,69.4898987,4.08850002,0.0250000004,50,1,0.119999997,0.550000012,0.0133333337
SL3_rand_15_r0,1,2131,101.460411,101,3.11081576,4.17859983,0.0120000001,0.00200000009,0.0063795452,0.00544293644,0.00455706334,3.29899526,6,2.5,7.7304101,1,1,0,1,0,nan,nan,nan,nan,nan,4.17859983,418.9534,69.4898987,4.08850002,0.0250000004,50,1,0.119999997,0.550000012,0.0133333337
SL3_rand_15_r0,1,2132,101.787491,101,3.35138369,4.17859983,0.0120000001,0.00200000009,0.00489052013,0.00484808069,0.00515191955,3.54821205,6,2.5,7.7304101,1,1,0,2,0,nan,nan,nan,nan,nan,4.17859983,418.9534,69.4898987,4.08850002,0.0250000004,50,1,0.119999997,0.550000012,0.0133333337
SL3_rand_15_r0,1,2133,104.32708,104,3.67332268,4.17859983,0.0120000001,0.00200000009,0.0057829991,0.00344308652,0.00655691326,3.93672705,6,2.5,7.7304101,1,1,0,3,0,nan,nan,nan,nan,nan,4.17859983,418.9534,69.4898987,4.08850002,0.0250000004,50,1,0.119999997,0.550000012,0.0133333337
SL3_rand_15_r0,1,2134,104.65416,104,3.30875611,4.17859983,0.0120000001,0.00200000009,0.00497047976,0.0046843756,0.00531562418,3.01047444,6,2.5,7.7304101,1,1,0,4,0,nan,nan,nan,nan,nan,4.17859983,418.9534,69.4898987,4.08850002,0.0250000004,50,1,0.119999997,0.550000012,0.0133333337
SL3_rand_15_r0,1,2135,104.981239,104,3.45346785,4.17859983,0.0120000001,0.00200000009,0.00427539879,0.00419060374,0.00580939604,3.57186842,6,2.5,7.7304101,1,1,0,5,0,nan,nan,nan,nan,nan,4.17859983,418.9534,69.4898987,4.08850002,0.0250000004,50,1,0.119999997,0.550000012,0.0133333337
SL3_rand_15_r0,1,2136,105.308319,105,3.67589092,4.17859983,0.0120000001,0.00200000009,0.00344951381,0.00324892998,0.0067510698,3.85787344,6,2.5,7.7304101,1,1,0,6,0,nan,nan,nan,nan,nan,4.17859983,418.9534,69.4898987,4.08850002,0.0250000004,50,1,0.119999997,0.550000012,0.0133333337
SL3_rand_15_r0,2,2587,0.0133333337,0,0,4.17859983,0.0676666647,0.0576666668,0.0441623181,0.0438971967,0,0,6,2.5,7.7304101,0,0,0,0,0,1.93546557,0.612359643,86.0993576,0.535545051,1.03399265,4.17859983,418.9534,69.4898987,4.08850002,0.0250000004,50,1,0.119999997,0.550000012,0.0133333337
SL3_rand_15_r0,2,2588,0.0266666673,0,0.764388919,4.17859983,0.0673333332,0.0573333316,0.0445476584,0.0442461148,0,1.38979805,6,2.5,7.7304101,0,0,0,0,0,1.93546557,0.612359643,86.0993576,0.535545051,1.03399265,4.17859983,418.9534,69.4898987,4.08850002,0.0250000004,50,1,0.119999997,0.550000012,0.0133333337
SL3_rand_15_r0,2,2589,0.0399999991,0,1.10836387,4.17859983,0.0670000017,0.057,0.0449387506,0.0446404666,0,1.38979805,6,2.5,7.7304101,0,0,0,0,0,1.93546557,0.612359643,86.0993576,0.535545051,1.03399265,4.17859983,418.9534,69.4898987,4.08850002,0.0250000004,50,1,0.119999997,0.550000012,0.0133333337
SL3_rand_15_r0,2,2590,0.0533333346,0,1.2631526,4.17859983,0.0666666701,0.0566666685,0.0455593355,0.0454607829,0,1.38979805,6,2.5,7.7304101,0,0,0,0,0,1.93546557,0.612359643,86.0993576,0.535545051,1.03399265,4.17859983,418.9534,69.4898987,4.08850002,0.0250000004,50,1,0.119999997,0.550000012,0.0133333337
SL3_rand_15_r0,2,2591,0.0666666701,0,1.33280754,4.17859983,0.0663333312,0.0563333333,0.0459923074,0.0459477045,0,1.38979805,6,2.5,7.7304101,0,0,0,0,0,1.93546557,0.612359643,86.0993576,0.535545051,1.03399265,4.17859983,418.9534,69.4898987,4.08850002,0.0250000004,50,1,0.119999997,0.550000012,0.0133333337
SL3_rand_15_r0,2,2592,0.0799999982,0,1.36415231,4.17859983,0.0659999996,0.0560000017,0.0465486199,0.046272058,0,1.38979805,6,2.5,7.7304101,0,0,0,0,0,1.93546557,0.612359643,86.0993576,0.535545051,1.03399265,4.17859983,418.9534,69.4898987,4.08850002,0.0250000004,50,1,0.119999997,0.550000012,0.0133333337
SL3_rand_15_r0,2,2593,0.0933333337,0,1.37825739,4.17859983,0.0656666681,0.0556666665,0.0468654782,0.0468264446,0,1.38979805,6,2.5,7.7304101,0,0,0,0,0,1.93546557,0.612359643,86.0993576,0.535545051,1.03399265,4.17859983,418.9534,69.4898987,4.08850002,0.0250000004,50,1,0.119999997,0.550000012,0.0133333337
SL3_rand_15_r0,2,2594,0.106666669,0,1.38460469,4.17859983,0.0653333366,0.055333335,0.0472548306,0.0471403077,0,1.38979805,6,2.5,7.7304101,0,0,0,0,0,1.93546557,0.612359643,86.0993576,0.535545051,1.03399265,4.17859983,418.9534,69.4898987,4.08850002,0.0250000004,50,1,0.119999997,0.550000012,0.0133333337
SL3_rand_15_r0,2,2595,0.119999997,0,1.38746107,4.17859983,0.0649999976,0.0549999997,0.0476342179,0.0476337709,0,1.38979805,6,2.5,7.7304101,0,0,0,0,0,1.93546557,0.612359643,86.0993576,0.535545051,1.03399265,4.17859983,418.9534,69.4898987,4.08850002,0.0250000004,50,1,0.119999997,0.550000012,0.0133333337
SL3_rand_15_r0,2,2596,0.13333334,0,1.38874638,4.17859983,0.0646666661,0.0546666682,0.047888089,0.0478566289,0,1.38979805,6,2.5,7.7304101,0,0,0,0,0,1.93546557,0.612359643,86.0993576,0.535545051,1.03399265,4.17859983,418.9534,69.4898987,4.08850002,0.0250000004,50,1,0.119999997,0.550000012,0.0133333337
SL3_rand_15_r0,2,2597,0.146666661,0,1.38932478,4.17859983,0.0643333346,0.0543333329,0.0482891388,0.0480479859,0,1.38979805,6,2.5,7.7304101,0,0,0,0,0,1.93546557,0.612359643,86.0993576,0.535545051,1.03399265,4.17859983,418.9534,69.4898987,4.08850002,0.0250000004,50,1,0.119999997,0.550000012,0.0133333337
SL3_rand_15_r0,2,2598,0.159999996,0,1.38958502,4.17859983,0.064000003,0.0540000014,0.0484644845,0.0484246314,0,1.38979805,6,2.5,7.7304101,0,0,0,0,0,1.93546557,0.612359643,86.0993576,0.535545051,1.03399265,4.17859983,418.9534,69.4898987,4.08850002,0.0250000004,50,1,0.119999997,0.550000012,0.0133333337
SL3_rand_15_r0,2,2599,0.173333332,0,1.3897022,4.17859983,0.0636666641,0.0536666662,0.0487109162,0.0485502519,0,1.38979805,6,2.5,7.7304101,0,0,0,0,0,1.93546557,0.612359643,86.0993576,0.535545051,1.03399265,4.17859983,418.9534,69.4898987,4.08850002,0.0250000004,50,1,0.119999997,0.550000012,0.0133333337
SL3_rand_15_r0,2,2600,0.186666667,0,1.38975489,4.17859983,0.0633333325,0.0533333346,0.049020689,0.0488638058,0,1.38979805,6,2.5,7.7304101,0,0,0,0,0,1.93546557,0.612359643,86.0993576,0.535545051,1.03399265,4.17859983,418.9534,69.4898987,4.08850002,0.0250000004,50,1,0.119999997,0.550000012,0.0133333337
SL3_rand_15_r0,2,2601,0.200000003,0,1.38977861,4.17859983,0.063000001,0.0529999994,0.049147889,0.0489256382,0,1.38979805,6,2.5,7.7304101,0,0,0,0,0,1.93546557,0.612359643,86.0993576,0.535545051,1.03399265,4.17859983,418.9534,69.4898987,4.08850002,0.0250000004,50,1,0.119999997,0.550000012,0.0133333337
SL3_rand_15_r0,2,2602,0.213333338,0,1.38978922,4.17859983,0.0626666695,0.0526666678,0.0494535007,0.0493483581,0,1.38979805,6,2.5,7.7304101,0,0,0,0,0,1.93546557,0.612359643,86.0993576,0.535545051,1.03399265,4.17859983,418.9534,69.4898987,4.08850002,0.0250000004,50,1,0.119999997,0.550000012,0.0133333337
SL3_rand_15_r0,2,2603,0.226666674,0,1.38979411,4.17859983,0.0623333342,0.0523333326,0.0494145975,0.0493304655,0,1.38979805,6,2.5,7.7304101,0,0,0,0,0,1.93546557,0.612359643,86.0993576,0.535545051,1.03399265,4.17859983,418.9534,69.4898987,4.08850002,0.0250000004,50,1,0.119999997,0.550000012,0.0133333337
SL3_rand_15_r0,2,2604,0.239999995,0,1.38979626,4.17859983,0.061999999,0.0520000011,0.0494986214,0.0492752492,0,1.38979805,6,2.5,7.7304101,0,0,0,0,0,1.93546557,0.612359643,86.0993576,0.535545051,1.03399265,4.17859983,418.9534,69.4898987,4.08850002,0.0250000004,50,1,0.119999997,0.550000012,0.0133333337
SL3_rand_15_r0,2,2605,0.25333333,0,1.38979721,4.17859983,0.0616666675,0.0516666658,0.0494585596,0.0494562313,0,1.38979805,6,2.5,7.7304101,0,0,0,0,0,1.93546557,0.612359643,86.0993576,0.535545051,1.03399265,4.17859983,418.9534,69.4898987,4.08850002,0.0250000004,50,1,0.119999997,0.550000012,0.0133333337
SL3_rand_15_r0,2,2606,0.266666681,0,1.38979769,4.17859983,0.0613333322,0.0513333343,0.049412515,0.0493188351,0,1.38979805,6,2.5,7.7304101,0,0,0,0,0,1.93546557,0.612359643,86.0993576,0.535545051,1.03399265,4.17859983,418.9534,69.4898987,4.08850002,0.0250000004,50,1,0.119999997,0.550000012,0.0133333337
SL3_rand_15_r0,2,2607,0.280000001,0,1.38979781,4.17859983,0.0610000007,0.050999999,0.0495134667,0.0494650118,0,1.38979805,6,2.5,7.7304101,0,0,0,0,0,1.93546557,0.612359643,86.0993576,0.535545051,1.03399265,4.17859983,418.9534,69.4898987,4.08850002,0.0250000004,50,1,0.119999997,0.550000012,0.0133333337
SL3_rand_15_r0,2,2608,0.293333322,0,1.38979793,4.17859983,0.0606666654,0.0506666675,0.0493614599,0.0492582545,0,1.38979805,6,2.5,7.7304101,0,0,0,0,0,1.93546557,0.612359643,86.0993576,0.535545051,1.03399265,4.17859983,418.9534,69.4898987,4.08850002,0.0250000004,50,1,0.119999997,0.550000012,0.0133333337
SL3_rand_15_r0,2,2609,0.306666672,0,1.38979793,4.17859983,0.0603333339,0.0503333323,0.0496145934,0.0491096377,0,1.38979805,6,2.5,7.7304101,0,0,0,0,0,1.93546557,0.612359643,86.0993576,0.535545051,1.03399265,4.17859983,418.9534,69.4898987,4.08850002,0.0250000004,50,1,0.119999997,0.550000012,0.0133333337
SL3_rand_15_r0,2,2610,0.319999993,0,1.38979793,4.17859983,0.0599999987,0.0500000007,0.0493350513,0.048906032,0,1.38979805,6,2.5,7.7304101,0,0,0,0,0,1.93546557,0.612359643,86.0993576,0.535545051,1.03399265,4.17859983,418.9534,69.4898987,4.08850002,0.0250000004,50,1,0.119999997,0.550000012,0.0133333337
SL3_rand_15_r0,2,2611,0.333333343,0,1.38979805,4.17859983,0.0596666671,0.0496666655,0.049234286,0.0489750057,0,1.38979805,6,2.5,7.7304101,0,0,0,0,0,1.93546557,0.612359643,86.0993576,0.535545051,1.03399265,4.17859983,418.9534,69.4898987,4.08850002,0.0250000004,50,1,0.119999997,0.550000012,0.0133333337
SL3_rand_15_r0,2,2612,0.346666664,0,1.38979805,4.17859983,0.0593333319,0.049333334,0.0489750803,0.0486372747,0,1.38979805,6,2.5,7.7304101,0,0,0,0,0,1.93546557,0.612359643,86.0993576,0.535545051,1.03399265,4.17859983,418.9534,69.4898987,4.08850002,0.0250000004,50,1,0.119999997,0.550000012,0.0133333337
SL3_rand_15_r0,2,2613,0.360000014,0,1.38979805,4.17859983,0.0590000004,0.0489999987,0.0487688184,0.0487007014,0,1.38979805,6,2.5,7.7304101,0,0,0,0,0,1.93546557,0.612359643,86.0993576,0.535545051,1.03399265,4.17859983,418.9534,69.4898987,4.08850002,0.0250000004,50,1,0.119999997,0.550000012,0.0133333337
SL3_rand_15_r0,2,2614,0.373333335,0,1.38979805,4.17859983,0.0586666651,0.0486666672,0.0487054735,0.0482999347,0,1.38979805,6,2.5,7.7304101,0,0,0,0,0,1.93546557,0.612359643,86.0993576,0.535545051,1.03399265,4.17859983,418.9534,69.4898987,4.08850002,0.0250000004,50,1,0.119999997,0.550000012,0.0133333337
SL3_rand_15_r0,2,2615,0.386666656,0,1.38979805,4.17859983,0.0583333336,0.0483333319,0.0484170206,0.0483636968,0,1.38979805,6,2.5,7.7304101,0,0,0,0,0,1.93546557,0.612359643,86.0993576,0.535545051,1.03399265,4.17859983,418.9534,69.4898987,4.08850002,0.0250000004,50,1,0.119999997,0.550000012,0.0133333337
SL3_rand_15_r0,2,2616,0.400000006,0,1.38979805,4.17859983,0.0579999983,0.0480000004,0.0484800711,0.0480743796,0,1.38979805,6,2.5,7.7304101,0,0,0,0,0,1.93546557,0.612359643,86.0993576,0.535545051,1.03399265,4.17859983,418.9534,69.4898987,4.08850002,0.0250000004,50,1,0.119999997,0.550000012,0.0133333337
SL3_rand_15_r0,2,2617,0.413333327,0,1.38979805,4.17859983,0.0576666668,0.0476666652,0.0480021536,0.0476983339,0,1.38979805,6,2.5,7.7304101,0,0,0,0,0,1.93546557,0.612359643,86.0993576,0.535545051,1.03399265,4.17859983,418.9534,69.4898987,4.08850002,0.0250000004,50,1,0.119999997,0.550000012,0.0133333337
SL3_rand_15_r0,2,2618,0.426666677,0,1.38979805,4.17859983,0.0573333316,0.0473333336,0.047905758,0.0476085618,0,1.38979805,6,2.5,7.7304101,0,0,0,0,0,1.93546557,0.612359643,86.0993576,0.535545051,1.03399265,4.17859983,418.9534,69.4898987,4.08850002,0.0250000004,50,1,0.119999997,0.550000012,0.0133333337
SL3_rand_15_r0,2,2619,0.439999998,0,1.38979805,4.17859983,0.057,0.0469999984,0.0473804362,0.0472094789,0,1.38979805,6,2.5,7.7304101,0,0,0,0,0,1.93546557,0.612359643,86.0993576,0.535545051,1.03399265,4.17859983,418.9534,69.4898987,4.08850002,0.0250000004,50,1,0.119999997,0.550000012,0.0133333337
SL3_rand_15_r0,2,2620,0.453333348,0,1.38979805,4.17859983,0.0566666685,0.0466666669,0.0472879298,0.0472357832,0,1.38979805,6,2.5,7.7304101,0,0,0,0,0,1.93546557,0.612359643,86.0993576,0.535545051,1.03399265,4.17859983,418.9534,69.4898987,4.08850002,0.0250000004,50,1,0.119999997,0.550000012,0.0133333337
SL3_rand_15_r0,2,2621,0.466666669,0,1.38979805,4.17859983,0.0563333333,0.0463333316,0.0468819365,0.0466699973,0,1.38979805,6,2.5,7.7304101,0,0,0,0,0,1.93546557,0.612359643,86.0993576,0.535545051,1.03399265,4.17859983,418.9534,69.4898987,4.08850002,0.0250000004,50,1,0.119999997,0.550000012,0.0133333337
SL3_rand_15_r0,2,2622,0.479999989,0,1.38979805,4.17859983,0.0560000017,0.0460000001,0.0467531905,0.0467161201,0,1.38979805,6,2.5,7.7304101,0,0,0,0,0,1.93546557,0.612359643,86.0993576,0.535545051,1.03399265,4.17859983,418.9534,69.4898987,4.08850002,0.0250000004,50,1,0.119999997,0.550000012,0.0133333337
SL3_rand_15_r0,2,2623,0.49333334,0,1.38979805,4.17859983,0.0556666665,0.0456666648,0.0465204455,0.046081841,0,1.38979805,6,2.5,7.7304101,0,0,0,0,0,1.93546557,0.612359643,86.0993576,0.535545051,1.03399265,4.17859983,418.9534,69.4898987,4.08850002,0.0250000004,50,1,0.119999997,0.550000012,0.0133333337
SL3_rand_15_r0,2,2624,0.50666666,0,1.38979805,4.17859983,0.055333335,0.0453333333,0.0460113175,0.0458003767,0,1.38979805,6,2.5,7.7304101,0,0,0,0,0,1.93546557,0.612359643,86.0993576,0.535545051,1.03399265,4.17859983,418.9534,69.4898987,4.08850002,0.0250000004,50,1,0.119999997,0.550000012,0.0133333337
SL3_rand_15_r0,2,2625,0.519999981,0,1.38979805,4.17859983,0.0549999997,0.0450000018,0.0457618348,0.0456466116,0,1.38979805,6,2.5,7.7304101,0,0,0,0,0,1.93546557,0.612359643,86.0993576,0.535545051,1.03399265,4.17859983,418.9534,69.4898987,4.08850002,0.0250000004,50,1,0.119999997,0.550000012,0.0133333337
SL3_rand_15_r0,2,2626,0.533333361,0,1.38979805,4.17859983,0.0546666682,0.0446666665,0.0452177078,0.0451598503,0,1.38979805,6,2.5,7.7304101,0,0,0,0,0,1.93546557,0.612359643,86.0993576,0.535545051,1.03399265,4.17859983,418.9534,69.4898987,4.08850002,0.0250000004,50,1,0.119999997,0.550000012,0.0133333337
SL3_rand_15_r0,2,2627,0.546666682,0,1.38979805,4.17859983,0.0543333329,0.044333335,0.045132827,0.0449865423,0,1.38979805,6,2.5,7.7304101,0,0,0,0,0,1.93546557,0.612359643,86.0993576,0.535545051,1.03399265,4.17859983,418.9534,69.4898987,4.08850002,0.0250000004,50,1,0.119999997,0.550000012,0.0133333337
SL3_rand_15_r0,2,2628,0.560000002,0,1.38979805,4.17859983,0.0540000014,0.0439999998,0.0445868224,0.044491291,0,1.38979805,6,2.5,7.7304101,0,0,0,0,0,1.93546557,0.612359643,86.0993576,0.535545051,1.03399265,4.17859983,418.9534,69.4898987,4.08850002,0.0250000004,50,1,0.119999997,0.550000012,0.0133333337
SL3_rand_15_r0,2,2629,0.573333323,0,1.38979805,4.17859983,0.0536666662,0.0436666682,0.0445933715,0.0445508808,0,1.38979805,6,2.5,7.7304101,0,0,0,0,0,1.93546557,0.612359643,86.0993576,0.535545051,1.03399265,4.17859983,418.9534,69.4898987,4.08850002,0.0250000004,50,1,0.119999997,0.550000012,0.0133333337
SL3_rand_15_r0,2,2630,0.586666644,0,1.38979805,4.17859983,0.0533333346,0.043333333,0.0441345051,0.0437948219,0,1.38979805,6,2.5,7.7304101,0,0,0,0,0,1.93546557,0.612359643,86.0993576,0.535545051,1.03399265,4.17859983,418.9534,69.4898987,4.08850002,0.0250000004,50,1,0.119999997,0.550000012,0.0133333337
SL3_rand_15_r0,2,2631,0.600000024,0,1.38979805,4.17859983,0.0529999994,0.0430000015,0.0436145775,0.0434634089,0,1.38979805,6,2.5,7.7304101,0,0,0,0,0,1.93546557,0.612359643,86.0993576,0.535545051,1.03399265,4.17859983,418.9534,69.4898987,4.08850002,0.0250000004,50,1,0.119999997,0.550000012,0.0133333337
SL3_rand_15_r0,2,2632,0.613333344,0,1.38979805,4.17859983,0.0526666678,0.0426666662,0.043308448,0.0432920828,0,1.38979805,6,2.5,7.7304101,0,0,0,0,0,1.93546557,0.612359643,86.0993576,0.535545051,1.03399265,4.17859983,418.9534,69.4898987,4.08850002,0.0250000004,50,1,0.119999997,0.550000012,0.0133333337
SL3_rand_15_r0,2,2633,0.626666665,0,1.38979805,4.17859983,0.0523333326,0.0423333347,0.0427640714,0.0427599028,0,1.38979805,6,2.5,7.7304101,0,0,0,0,0,1.93546557,0.612359643,86.0993576,0.535545051,1.03399265,4.17859983,418.9534,69.4898987,4.08850002,0.0250000004,50,1,0.119999997,0.550000012,0.0133333337
SL3_rand_15_r0,2,2634,0.639999986,0,1.38979805,4.17859983,0.0520000011,0.0419999994,0.0426379144,0.0425860025,0,1.38979805,6,2.5,7.7304101,0,0,0,0,0,1.93546557,0.612359643,86.0993576,0.535545051,1.03399265,4.17859983,418.9534,69.4898987,4.08850002,0.0250000004,50,1,0.119999997,0.550000012,0.0133333337
SL3_rand_15_r0,2,2635,0.653333306,0,1.38979805,4.17859983,0.0516666658,0.0416666679,0.0421263203,0.0420555659,0,1.38979805,6,2.5,7.7304101,0,0,0,0,0,1.93546557,0.612359643,86.0993576,0.535545051,1.03399265,4.17859983,418.9534,69.4898987,4.08850002,0.0250000004,50,1,0.119999997,0.550000012,0.0133333337
SL3_rand_15_r0,2,2636,0.666666687,0,1.38979805,4.17859983,0.0513333343,0.0413333327,0.0421888791,0.0417107493,0,1.38979805,6,2.5,7.7304101,0,0,0,0,0,1.93546557,0.612359643,86.0993576,0.535545051,1.03399265,4.17859983,418.9534,69.4898987,4.08850002,0.0250000004,50,1,0.119999997,0.550000012,0.0133333337
SL3_rand_15_r0,2,2637,0.680000007,0,1.38979805,4.17859983,0.050999999,0.0410000011,0.0417136885,0.0413582586,0,1.38979805,6,2.5,7.7304101,0,0,0,0,0,1.93546557,0.612359643,86.0993576,0.535545051,1.03399265,4.17859983,418.9534,69.4898987,4.08850002,0.0250000004,50,1,0.119999997,0.550000012,0.0133333337
SL3_rand_15_r0,2,2638,0.693333328,0,1.38979805,4.17859983,0.0506666675,0.0406666659,0.0411681309,0.0410138294,0,1.38979805,6,2.5,7.7304101,0,0,0,0,0,1.93546557,0.612359643,86.0993576,0.535545051,1.03399265,4.17859983,418.9534,69.4898987,4.08850002,0.0250000004,50,1,0.119999997,0.550000012,0.0133333337
SL3_rand_15_r0,2,2639,0.706666648,0,1.38979805,4.17859983,0.0503333323,0.0403333344,0.0409065001,0.040865723,0,1.38979805,6,2.5,7.7304101,0,0,0,0,0,1.93546557,0.612359643,86.0993576,0.535545051,1.03399265,4.17859983,418.9534,69.4898987,4.08850002,0.0250000004,50,1,0.119999997,0.550000012,0.0133333337
SL3_rand_15_r0,2,2640,0.720000029,0,1.38979805,4.17859983,0.0500000007,0.0399999991,0.0403714105,0.0403289609,0,1.38979805,6,2.5,7.7304101,0,0,0,0,0,1.93546557,0.612359643,86.0993576,0.535545051,1.03399265,4.17859983,418.9534,69.4898987,4.08850002,0.0250000004,50,1,0.119999997,0.550000012,0.0133333337
SL3_rand_15_r0,2,2641,0.733333349,0,1.38979805,4.17859983,0.0496666655,0.0396666676,0.0402880572,0.0401856937,0,1.38979805,6,2.5,7.7304101,0,0,0,0,0,1.93546557,0.612359643,86.0993576,0.535545051,1.03399265,4.17859983,418.9534,69.4898987,4.08850002,0.0250000004,50,1,0.119999997,0.550000012,0.0133333337
SL3_rand_15_r0,2,2642,0.74666667,0,1.38979805,4.17859983,0.049333334,0.0393333323,0.0398086794,0.0396559685,0,1.38979805,6,2.5,7.7304101,0,0,0,0,0,1.93546557,0.612359643,86.0993576,0.535545051,1.03399265,4.17859983,418.9534,69.4898987,4.08850002,0.0250000004,50,1,0.119999997,0.550000012,0.0133333337
SL3_rand_15_r0,2,2643,0.75999999,0,1.38979805,4.17859983,0.0489999987,0.0390000008,0.0398151614,0.0392906517,0,1.38979805,6,2.5,7.7304101,0,0,0,0,0,1.93546557,0.612359643,86.0993576,0.535545051,1.03399265,4.17859983,418.9534,69.4898987,4.08850002,0.0250000004,50,1,0.119999997,0.550000012,0.0133333337
SL3_rand_15_r0,2,2644,0.773333311,0,1.38979805,4.17859983,0.0486666672,0.0386666656,0.039462097,0.0391570255,0,1.38979805,6,2.5,7.7304101,0,0,0,0,0,1.93546557,0.612359643,86.0993576,0.535545051,1.03399265,4.17859983,418.9534,69.4898987,4.08850002,0.0250000004,50,1,0.119999997,0.550000012,0.0133333337
SL3_rand_15_r0,2,2645,0.786666691,0,1.38979805,4.17859983,0.0483333319,0.038333334,0.0388489068,0.0386206843,0,1.38979805,6,2.5,7.7304101,0,0,0,0,0,1.93546557,0.612359643,86.0993576,0.535545051,1.03399265,4.17859983,418.9534,69.4898987,4.08850002,0.0250000004,50,1,0.119999997,0.550000012,0.0133333337
SL3_rand_15_r0,2,2646,0.800000012,0,1.38979805,4.17859983,0.0480000004,0.0379999988,0.0386740267,0.0384843796,0,1.38979805,6,2.5,7.7304101,0,0,0,0,0,1.93546557,0.612359643,86.0993576,0.535545051,1.03399265,4.17859983,418.9534,69.4898987,4.08850002,0.0250000004,50,1,0.119999997,0.550000012,0.0133333337
SL3_rand_15_r0,2,2647,0.813333333,0,1.38979805,4.17859983,0.0476666652,0.0376666673,0.0381202511,0.0379635468,0,1.38979805,6,2.5,7.7304101,0,0,0,0,0,1.93546557,0.612359643,86.0993576,0.535545051,1.03399265,4.17859983,418.9534,69.4898987,4.08850002,0.0250000004,50,1,0.119999997,0.550000012,0.0133333337
SL3_rand_15_r0,2,2648,0.826666653,0,1.38979805,4.17859983,0.0473333336,0.037333332,0.0380604528,0.0380309708,0,1.38979805,6,2.5,7.7304101,0,0,0,0,0,1.93546557,0.612359643,86.0993576,0.535545051,1.03399265,4.17859983,418.9534,69.4898987,4.08850002,0.0250000004,50,1,0.119999997,0.550000012,0.0133333337
SL3_rand_15_r0,2,2649,0.839999974,0,1.38979805,4.17859983,0.0469999984,0.0370000005,0.0376272164,0.0373151563,0,1.38979805,6,2.5,7.7304101,0,0,0,0,0,1.93546557,0.612359643,86.0993576,0.535545051,1.03399265,4.17859983,418.9534,69.4898987,4.08850002,0.0250000004,50,1,0.119999997,0.550000012,0.0133333337
SL3_rand_15_r0,2,2650,0.853333354,0,1.38979805,4.17859983,0.0466666669,0.0366666652,0.0374979898,0.0369320959,0,1.38979805,6,2.5,7.7304101,0,0,0,0,0,1.93546557,0.612359643,86.0993576,0.535545051,1.03399265,4.17859983,418.9534,69.4898987,4.08850002,0.0250000004,50,1,0.119999997,0.550000012,0.0133333337
SL3_rand_15_r0,2,2651,0.866666675,0,1.38979805,4.17859983,0.0463333316,0.0363333337,0.0371174328,0.0370415077,0,1.38979805,6,2.5,7.7304101,0,0,0,0,0,1.93546557,0.612359643,86.0993576,0.535545051,1.03399265,4.17859983,418.9534,69.4898987,4.08850002,0.0250000004,50,1,0.119999997,0.550000012,0.0133333337
SL3_rand_15_r0,2,2652,0.879999995,0,1.38979805,4.17859983,0.0460000001,0.0359999985,0.036552079,0.0362632535,0,1.38979805,6,2.5,7.7304101,0,0,0,0,0,1.93546557,0.612359643,86.0993576,0.535545051,1.03399265,4.17859983,418.9534,69.4898987,4.08850002,0.0250000004,50,1,0.119999997,0.550000012,0.0133333337
SL3_rand_15_r0,2,2653,0.893333316,0,1.38979805,4.17859983,0.0456666648,0.0356666669,0.0363298282,0.036273472,0,1.38979805,6,2.5,7.7304101,0,0,0,0,0,1.93546557,0.612359643,86.0993576,0.535545051,1.03399265,4.17859983,418.9534,69.4898987,4.08850002,0.0250000004,50,1,0.119999997,0.550000012,0.0133333337
SL3_rand_15_r0,2,2654,0.906666696,0,1.38979805,4.17859983,0.0453333333,0.0353333317,0.0358327813,0.035559427,0,1.38979805,6,2.5,7.7304101,0,0,0,0,0,1.93546557,0.612359643,86.0993576,0.535545051,1.03399265,4.17859983,418.9534,69.4898987,4.08850002,0.0250000004,50,1,0.119999997,0.550000012,0.0133333337
SL3_rand_15_r0,2,2655,0.920000017,0,1.38979805,4.17859983,0.0450000018,0.0350000001,0.035627082,0.0355515741,0,1.38979805,6,2.5,7.7304101,0,0,0,0,0,1.93546557,0.612359643,86.0993576,0.535545051,1.03399265,4.17859983,418.9534,69.4898987,4.08850002,0.0250000004,50,1,0.119999997,0.550000012,0.0133333337
SL3_rand_15_r0,2,2656,0.933333337,0,1.38979805,4.17859983,0.0446666665,0.0346666649,0.0353577174,0.0348283388,0,1.38979805,6,2.5,7.7304101,0,0,0,0,0,1.93546557,0.612359643,86.0993576,0.535545051,1.03399265,4.17859983,418.9534,69.4898987,4.08850002,0.0250000004,50,1,0.119999997,0.550000012,0.0133333337
SL3_rand_15_r0,2,2657,0.946666658,0,1.38979805,4.17859983,0.044333335,0.0343333334,0.0350165367,0.0344435275,0,1.38979805,6,2.5,7.7304101,0,0,0,0,0,1.93546557,0.612359643,86.0993576,0.535545051,1.03399265,4.17859983,418.9534,69.4898987,4.08850002,0.0250000004,50,1,0.119999997,0.550000012,0.0133333337
SL3_rand_15_r0,2,2658,0.959999979,0,1.38979805,4.17859983,0.0439999998,0.0340000018,0.0346103311,0.0343785845,0,1.38979805,6,2.5,7.7304101,0,0,0,0,0,1.93546557,0.612359643,86.0993576,0.535545051,1.03399265,4.17859983,418.9534,69.4898987,4.08850002,0.0250000004,50,1,0.119999997,0.550000012,0.0133333337
SL3_rand_15_r0,2,2659,0.973333359,0,1.38979805,4.17859983,0.0436666682,0.0336666666,0.0340829827,0.0336982645,0,1.38979805,6,2.5,7.7304101,0,0,0,0,0,1.93546557,0.612359643,86.0993576,0.535545051,1.03399265,4.17859983,418.9534,69.4898987,4.08850002,0.0250000004,50,1,0.119999997,0.550000012,0.0133333337
SL3_rand_15_r0,2,2660,0.986666679,0,1.38979805,4.17859983,0.043333333,0.0333333351,0.0336748101,0.0336224549,0,1.38979805,6,2.5,7.7304101,0,0,0,0,0,1.93546557,0.612359643,86.0993576,0.535545051,1.03399265,4.17859983,418.9534,69.4898987,4.08850002,0.0250000004,50,1,0.119999997,0.550000012,0.0133333337
SL3_rand_15_r0,2,2661,1,0,1.38979805,4.17859983,0.0430000015,0.0329999998,0.0334137678,0.0329453014,0,1.38979805,6,2.5,7.7304101,0,0,0,0,0,1.93546557,0.612359643,86.0993576,0.535545051,1.03399265,4.17859983,418.9534,69.4898987,4.08850002,0.0250000004,50,1,0.119999997,0.550000012,0.0133333337
SL3_rand_15_r0,2,2662,1.01333332,1,1.38979805,4.17859983,0.0426666662,0.0326666683,0.0330213681,0.0328628756,0,1.38979805,6,2.5,7.7304101,0,0,0,0,0,1.53747809,0.585064828,87.0597076,0.767772496,1.55973101,4.17859983,418.9534,69.4898987,4.08850002,0.0250000004,50,1,0.119999997,0.550000012,0.0133333337
SL3_rand_15_r0,2,2663,1.02666664,1,1.38979805,4.17859983,0.0423333347,0.032333333,0.0328971781,0.0327144675,0,1.38979805,6,2.5,7.7304101,0,0,0,0,0,1.53747809,0.585064828,87.0597076,0.767772496,1.55973101,4.17859983,418.9534,69.4898987,4.08850002,0.0250000004,50,1,0.119999997,0.550000012,0.0133333337
SL3_rand_15_r0,2,2664,1.03999996,1,1.38979805,4.17859983,0.0419999994,0.0320000015,0.0324268267,0.0317563862,0,1.38979805,6,2.5,7.7304101,0,0,0,0,0,1.53747809,0.585064828,87.0597076,0.767772496,1.55973101,4.17859983,418.9534,69.4898987,4.08850002,0.0250000004,50,1,0.119999997,0.550000012,0.0133333337
SL3_rand_15_r0,2,2665,1.05333328,1,1.38979805,4.17859983,0.0416666679,0.0316666663,0.0317931622,0.0315940268,0,1.38979805,6,2.5,7.7304101,0,0,0,0,0,1.53747809,0.585064828,87.0597076,0.767772496,1.55973101,4.17859983,418.9534,69.4898987,4.08850002,0.0250000004,50,1,0.119999997,0.550000012,0.0133333337
SL3_rand_15_r0,2,2666,1.06666672,1,1.38979805,4.17859983,0.0413333327,0.0313333347,0.0315419324,0.0309722442,0,1.38979805,6,2.5,7.7304101,0,0,0,0,0,1.53747809,0.585064828,87.0597076,0.767772496,1.55973101,4.17859983,418.9534,69.4898987,4.08850002,0.0250000004,50,1,0.119999997,0.550000012,0.0133333337
SL3_rand_15_r0,2,2667,1.08000004,1,1.38979805,4.17859983,0.0410000011,0.0309999995,0.030878013,0.0307938475,0,1.38979805,6,2.5,7.7304101,0,0,0,0,0,1.53747809,0.585064828,87.0597076,0.767772496,1.55973101,4.17859983,418.9534,69.4898987,4.08850002,0.0250000004,50,1,0.119999997,0.550000012,0.0133333337
SL3_rand_15_r0,2,2668,1.09333336,1,1.38979805,4.17859983,0.0406666659,0.0306666661,0.0306601264,0.0305132903,0,1.38979805,6,2.5,7.7304101,0,0,0,0,0,1.53747809,0.585064828,87.0597076,0.767772496,1.55973101,4.17859983,418.9534,69.4898987,4.08850002,0.0250000004,50,1,0.119999997,0.550000012,0.0133333337
SL3_rand_15_r0,2,2669,1.10666668,1,1.38979805,4.17859983,0.0403333344,0.0303333327,0.0302160587,0.0299669299,0,1.38979805,6,2.5,7.7304101,0,0,0,0,0,1.53747809,0.585064828,87.0597076,0.767772496,1.55973101,4.17859983,418.9534,69.4898987,4.08850002,0.0250000004,50,1,0.119999997,0.550000012,0.0133333337
SL3_rand_15_r0,2,2670,1.12,1,1.38979805,4.17859983,0.0399999991,0.0299999993,0.0298473053,0.029649321,0,1.38979805,6,2.5,7.7304101,0,0,0,0,0,1.53747809,0.585064828,87.0597076,0.767772496,1.55973101,4.17859983,418.9534,69.4898987,4.08850002,0.0250000004,50,1,0.119999997,0.550000012,0.0133333337
SL3_rand_15_r0,2,2671,1.13333333,1,1.38979805,4.17859983,0.0396666676,0.0296666659,0.0297171585,0.0288028643,0,1.38979805,6,2.5,7.7304101,0,0,0,0,0,1.53747809,0.585064828,87.0597076,0.767772496,1.55973101,4.17859983,418.9534,69.4898987,4.08850002,0.0250000004,50,1,0.119999997,0.550000012,0.0133333337
SL3_rand_15_r0,2,2672,1.14666665,1,1.38979805,4.17859983,0.0393333323,0.0293333326,0.0287362747,0.0284714829,0,1.38979805,6,2.5,7.7304101,0,0,0,0,0,1.53747809,0.585064828,87.0597076,0.767772496,1.55973101,4.17859983,418.9534,69.4898987,4.08850002,0.0250000004,50,1,0.119999997,0.550000012,0.0133333337
SL3_rand_15_r0,2,2673,1.15999997,1,1.38979805,4.17859983,0.0390000008,0.0289999992,0.0284337662,0.0280464534,0,1.38979805,6,2.5,7.7304101,0,0,0,0,0,1.53747809,0.585064828,87.0597076,0.767772496,1.55973101,4.17859983,418.9534,69.4898987,4.08850002,0.0250000004,50,1,0.119999997,0.550000012,0.0133333337
SL3_rand_15_r0,2,2674,1.17333329,1,1.38979805,4.17859983,0.0386666656,0.0286666658,0.0277552214,0.027569579,0,1.38979805,6,2.5,7.7304101,0,0,0,0,0,1.53747809,0.585064828,87.0597076,0.767772496,1.55973101,4.17859983,418.9534,69.4898987,4.08850002,0.0250000004,50,1,0.119999997,0.550000012,0.0133333337
SL3_rand_15_r0,2,2675,1.18666661,1,1.38979805,4.17859983,0.038333334,0.0283333343,0.027245434,0.0271450412,0,1.38979805,6,2.5,7.7304101,0,0,0,0,0,1.53747809,0.585064828,87.0597076,0.767772496,1.55973101,4.17859983,418.9534,69.4898987,4.08850002,0.0250000004,50,1,0.119999997,0.550000012,0.0133333337
SL3_rand_15_r0,2,2676,1.20000005,1,1.38979805,4.17859983,0.0379999988,0.0280000009,0.0270531178,0.0266482625,0,1.38979805,6,2.5,7.7304101,0,0,0,0,0,1.53747809,0.585064828,87.0597076,0.767772496,1.55973101,4.17859983,418.9534,69.4898987,4.08850002,0.0250000004,50,1,0.119999997,0.550000012,0.0133333337
SL3_rand_15_r0,2,2677,1.21333337,1,1.38979805,4.17859983,0.0376666673,0.0276666675,0.0263528097,0.0262330044,0,1.38979805,6,2.5,7.7304101,0,0,0,0,0,1.53747809,0.585064828,87.0597076,0.767772496,1.55973101,4.17859983,418.9534,69.4898987,4.08850002,0.0250000004,50,1,0.119999997,0.550000012,0.0133333337
SL3_rand_15_r0,2,2678,1.22666669,1,1.38979805,4.17859983,0.037333332,0.0273333341,0.0264840461,0.0256995261,0,1.38979805,6,2.5,7.7304101,0,0,0,0,0,1.53747809,0.585064828,87.0597076,0.767772496,1.55973101,4.17859983,418.9534,69.4898987,4.08850002,0.0250000004,50,1,0.119999997,0.550000012,0.0133333337
SL3_rand_15_r0,2,2679,1.24000001,1,1.38979805,4.17859983,0.0370000005,0.0270000007,0.0255882423,0.0250562727,0,1.38979805,6,2.5,7.7304101,0,0,0,0,0,1.53747809,0.585064828,87.0597076,0.767772496,1.55973101,4.17859983,418.9534,69.4898987,4.08850002,0.0250000004,50,1,0.119999997,0.550000012,0.0133333337
SL3_rand_15_r0,2,2680,1.25333333,1,1.38979805,4.17859983,0.0366666652,0.0266666673,0.0249575078,0.0245524365,0,1.38979805,6,2.5,7.7304101,0,0,0,0,0,1.53747809,0.585064828,87.0597076,0.767772496,1.55973101,4.17859983,418.9534,69.4898987,4.08850002,0.0250000004,50,1,0.119999997,0.550000012,0.0133333337
SL3_rand_15_r0,2,2681,1.26666665,1,1.38979805,4.17859983,0.0363333337,0.0263333339,0.0246036872,0.0241344161,0,1.38979805,6,2.5,7.7304101,0,0,0,0,0,1.53747809,0.585064828,87.0597076,0.767772496,1.55973101,4.17859983,418.9534,69.4898987,4.08850002,0.0250000004,50,1,0.119999997,0.550000012,0.0133333337
SL3_rand_15_r0,2,2682,1.27999997,1,1.38979805,4.17859983,0.0359999985,0.0260000005,0.0236979388,0.0236382298,0,1.38979805,6,2.5,7.7304101,0,0,0,0,0,1.53747809,0.585064828,87.0597076,0.767772496,1.55973101,4.17859983,418.9534,69.4898987,4.08850002,0.0250000004,50,1,0.119999997,0.550000012,0.0133333337
SL3_rand_15_r0,2,2683,1.29333329,1,1.38979805,4.17859983,0.0356666669,0.0256666671,0.023918597,0.0232118573,0,1.38979805,6,2.5,7.7304101,0,0,0,0,0,1.53747809,0.585064828,87.0597076,0.767772496,1.55973101,4.17859983,418.9534,69.4898987,4.08850002,0.0250000004,50,1,0.119999997,0.550000012,0.0133333337
SL3_rand_15_r0,2,2684,1.30666661,1,1.38979805,4.17859983,0.0353333317,0.0253333338,0.0227599703,0.0227219611,0,1.38979805,6,2.5,7.7304101,0,0,0,0,0,1.53747809,0.585064828,87.0597076,0.767772496,1.55973101,4.17859983,418.9534,69.4898987,4.08850002,0.0250000004,50,1,0.119999997,0.550000012,0.0133333337
SL3_rand_15_r0,2,2685,1.32000005,1,1.38979805,4.17859983,0.0350000001,0.0250000004,0.0231816582,0.0221743174,0,1.38979805,6,2.5,7.7304101,0,0,0,0,0,1.53747809,0.585064828,87.0597076,0.767772496,1.55973101,4.17859983,418.9534,69.4898987,4.08850002,0.0250000004,50,1,0.119999997,0.550000012,0.0133333337
SL3_rand_15_r0,2,2686,1.33333337,1,1.38979805,4.17859983,0.0346666649,0.024666667,0.0221786946,0.0218035653,0,1.38979805,6,2.5,7.7304101,0,0,0,0,0,1.53747809,0.585064828,87.0597076,0.767772496,1.55973101,4.17859983,418.9534,69.4898987,4.08850002,0.0250000004,50,1,0.119999997,0.550000012,0.0133333337
SL3_rand_15_r0,2,2687,1.34666669,1,1.38979805,4.17859983,0.0343333334,0.0243333336,0.0215537678,0.0210147258,0,1.38979805,6,2.5,7.7304101,0,0,0,0,0,1.53747809,0.585064828,87.0597076,0.767772496,1.55973101,4.17859983,418.9534,69.4898987,4.08850002,0.0250000004,50,1,0.119999997,0.550000012,0.0133333337
SL3_rand_15_r0,2,2688,1.36000001,1,1.38979805,4.17859983,0.0340000018,0.0240000002,0.0214850847,0.0199772771,0,1.38979805,6,2.5,7.7304101,0,0,0,0,0,1.53747809,0.585064828,87.0597076,0.767772496,1.55973101,4.17859983,418.9534,69.4898987,4.08850002,0.0250000004,50,1,0.119999997,0.550000012,0.0133333337
SL3_rand_15_r0,2,2689,1.37333333,1,1.38979805,4.17859983,0.0336666666,0.0236666668,0.0202402864,0.0201210752,0,1.38979805,6,2.5,7.7304101,0,0,0,0,0,1.53747809,0.585064828,87.0597076,0.767772496,1.55973101,4.17859983,418.9534,69.4898987,4.08850002,0.0250000004,50,1,0.119999997,0.550000012,0.0133333337
SL3_rand_15_r0,2,2690,1.38666666,1,1.38979805,4.17859983,0.0333333351,0.0233333334,0.020350717,0.0190387238,0,1.38979805,6,2.5,7.7304101,0,0,0,0,0,1.53747809,0.585064828,87.0597076,0.767772496,1.55973101,4.17859983,418.9534,69.4898987,4.08850002,0.0250000004,50,1,0.119999997,0.550000012,0.0133333337
SL3_rand_15_r0,2,2691,1.39999998,1,1.38979805,4.17859983,0.0329999998,0.023,0.019294776,0.019226253,0,1.38979805,6,2.5,7.7304101,0,0,0,0,0,1.53747809,0.585064828,87.0597076,0.767772496,1.55973101,4.17859983,418.9534,69.4898987,4.08850002,0.0250000004,50,1,0.119999997,0.550000012,0.0133333337
SL3_rand_15_r0,2,2692,1.4133333,1,1.38979805,4.17859983,0.0326666683,0.0226666667,0.0193510316,0.0180966668,0,1.38979805,6,2.5,7.7304101,0,0,0,0,0,1.53747809,0.585064828,87.0597076,0.767772496,1.55973101,4.17859983,418.9534,69.4898987,4.08850002,0.0250000004,50,1,0.119999997,0.550000012,0.0133333337
SL3_rand_15_r0,2,2693,1.42666662,1,1.38979805,4.17859983,0.032333333,0.0223333333,0.0186879467,0.0178549569,0,1.38979805,6,2.5,7.7304101,0,0,0,0,0,1.53747809,0.585064828,87.0597076,0.767772496,1.55973101,4.17859983,418.9534,69.4898987,4.08850002,0.0250000004,50,1,0.119999997,0.550000012,0.0133333337
SL3_rand_15_r0,2,2694,1.44000006,1,1.38979805,4.17859983,0.0320000015,0.0219999999,0.0184938349,0.0171426088,0,1.38979805,6,2.5,7.7304101,0,0,0,0,0,1.53747809,0.585064828,87.0597076,0.767772496,1.55973101,4.17859983,418.9534,69.4898987,4.08850002,0.0250000004,50,1,0.119999997,0.550000012,0.0133333337
SL3_rand_15_r0,2,2695,1.45333338,1,1.38979805,4.17859983,0.0316666663,0.0216666665,0.017645942,0.016634753,0,1.38979805,6,2.5,7.7304101,0,0,0,0,0,1.53747809,0.585064828,87.0597076,0.767772496,1.55973101,4.17859983,418.9534,69.4898987,4.08850002,0.0250000004,50,1,0.119999997,0.550000012,0.0133333337
SL3_rand_15_r0,2,2696,1.4666667,1,1.38979805,4.17859983,0.0313333347,0.0213333331,0.0170613024,0.0166634861,0,1.38979805,6,2.5,7.7304101,0,0,0,0,0,1.53747809,0.585064828,87.0597076,0.767772496,1.55973101,4.17859983,418.9534,69.4898987,4.08850002,0.0250000004,50,1,0.119999997,0.550000012,0.0133333337
SL3_rand_15_r0,2,2697,1.48000002,1,1.38979805,4.17859983,0.0309999995,0.0209999997,0.016439179,0.0156960711,0,1.38979805,6,2.5,7.7304101,0,0,0,0,0,1.53747809,0.585064828,87.0597076,0.767772496,1.55973101,4.17859983,418.9534,69.4898987,4.08850002,0.0250000004,50,1,0.119999997,0.550000012,0.0133333337
SL3_rand_15_r0,2,2698,1.49333334,1,1.38979805,4.17859983,0.0306666661,0.0206666663,0.0160636194,0.0155000295,0,1.38979805,6,2.5,7.7304101,0,0,0,0,0,1.53747809,0.585064828,87.0597076,0.767772496,1.55973101,4.17859983,418.9534,69.4898987,4.08850002,0.0250000004,50,1,0.119999997,0.550000012,0.0133333337
SL3_rand_15_r0,2,2699,1.50666666,1,1.38979805,4.17859983,0.0303333327,0.0203333329,0.01537426,0.0147449952,0,1.38979805,6,2.5,7.7304101,0,0,0,0,0,1.53747809,0.585064828,87.0597076,0.767772496,1.55973101,4.17859983,418.9534,69.4898987,4.08850002,0.0250000004,50,1,0.119999997,0.550000012,0.0133333337
SL3_rand_15_r0,2,2700,1.51999998,1,1.38979805,4.17859983,0.0299999993,0.0199999996,0.0148850558,0.0145407477,0,1.38979805,6,2.5,7.7304101,0,0,0,0,0,1.53747809,0.585064828,87.0597076,0.767772496,1.55973101,4.17859983,418.9534,69.4898987,4.08850002,0.0250000004,50,1,0.119999997,0.550000012,0.0133333337
SL3_rand_15_r0,2,2701,1.5333333,1,1.38979805,4.17859983,0.0296666659,0.0196666662,0.0144656189,0.0137950517,0,1.38979805,6,2.5,7.7304101,0,0,0,0,0,1.53747809,0.585064828,87.0597076,0.767772496,1.55973101,4.17859983,418.9534,69.4898987,4.08850002,0.0250000004,50,1,0.119999997,0.550000012,0.0133333337
SL3_rand_15_r0,2,2702,1.54666662,1,1.38979805,4.17859983,0.0293333326,0.0193333328,0.0138219865,0.0135840457,0,1.38979805,6,2.5,7.7304101,0,0,0,0,0,1.53747809,0.585064828,87.0597076,0.767772496,1.55973101,4.17859983,418.9534,69.4898987,4.08850002,0.0250000004,50,1,0.119999997,0.550000012,0.0133333337
SL3_rand_15_r0,2,2703,1.55999994,1,1.38979805,4.17859983,0.0289999992,0.0189999994,0.013672431,0.0123003749,0,1.38979805,6,2.5,7.7304101,0,0,0,0,0,1.53747809,0.585064828,87.0597076,0.767772496,1.55973101,4.17859983,418.9534,69.4898987,4.08850002,0.0250000004,50,1,0.119999997,0.550000012,0.0133333337
SL3_rand_15_r0,2,2704,1.57333338,1,1.38979805,4.17859983,0.0286666658,0.018666666,0.0126776006,0.012329719,0,1.38979805,6,2.5,7.7304101,0,0,0,0,0,1.53747809,0.585064828,87.0597076,0.767772496,1.55973101,4.17859983,418.9534,69.4898987,4.08850002,0.0250000004,50,1,0.119999997,0.550000012,0.0133333337
SL3_rand_15_r0,2,2705,1.5866667,1,1.38979805,4.17859983,0.0283333343,0.0183333326,0.012572648,0.0113688046,0,1.38979805,6,2.5,7.7304101,0,0,0,0,0,1.53747809,0.585064828,87.0597076,0.767772496,1.55973101,4.17859983,418.9534,69.4898987,4.08850002,0.0250000004,50,1,0.119999997,0.550000012,0.0133333337
SL3_rand_15_r0,2,2706,1.60000002,1,1.38979805,4.17859983,0.0280000009,0.0179999992,0.0115392655,0.011396504,0,1.38979805,6,2.5,7.7304101,0,0,0,0,0,1.53747809,0.585064828,87.0597076,0.767772496,1.55973101,4.17859983,418.9534,69.4898987,4.08850002,0.0250000004,50,1,0.119999997,0.550000012,0.0133333337
SL3_rand_15_r0,2,2707,1.61333334,1,1.38979805,4.17859983,0.0276666675,0.0176666658,0.011489016,0.0112471934,0,1.38979805,6,2.5,7.7304101,0,0,0,0,0,1.53747809,0.585064828,87.0597076,0.767772496,1.55973101,4.17859983,418.9534,69.4898987,4.08850002,0.0250000004,50,1,0.119999997,0.550000012,0.0133333337
SL3_rand_15_r0,2,2708,1.62666667,1,1.38979805,4.17859983,0.0273333341,0.0173333324,0.0106109884,0.0104696378,0,1.38979805,6,2.5,7.7304101,0,0,0,0,0,1.53747809,0.585064828,87.0597076,0.767772496,1.55973101,4.17859983,418.9534,69.4898987,4.08850002,0.0250000004,50,1,0.119999997,0.550000012,0.0133333337
SL3_rand_15_r0,2,2709,1.63999999,1,1.38979805,4.17859983,0.0270000007,0.0170000009,0.0103645017,0.0103134569,0,1.38979805,6,2.5,7.7304101,0,0,0,0,0,1.53747809,0.585064828,87.0597076,0.767772496,1.55973101,4.17859983,418.9534,69.4898987,4.08850002,0.0250000004,50,1,0.119999997,0.550000012,0.0133333337
SL3_rand_15_r0,2,2710,1.65333331,1,1.63108838,4.17859983,0.0266666673,0.0166666675,0.00968501251,0.00895284303,0.00104715652,1.82850778,6,2.5,7.7304101,0,0,0,0,0,1.53747809,0.585064828,87.0597076,0.767772496,1.55973101,4.17859983,418.9534,69.4898987,4.08850002,0.0250000004,50,1,0.119999997,0.550000012,0.0133333337
SL3_rand_15_r0,2,2711,1.66666663,1,1.71880853,4.17859983,0.0263333339,0.0163333341,0.00938174594,0.0090433741,0.000956625736,1.79057956,6,2.5,7.7304101,0,0,0,0,0,1.53747809,0.585064828,87.0597076,0.767772496,1.55973101,4.17859983,418.9534,69.4898987,4.08850002,0.0250000004,50,1,0.119999997,0.550000012,0.0133333337
SL3_rand_15_r0,2,2712,1.67999995,1,1.98101389,4.17859983,0.0260000005,0.0160000008,0.00855750218,0.00807676092,0.00192323897,2.19554543,6,2.5,7.7304101,0,0,0,0,0,1.53747809,0.585064828,87.0597076,0.767772496,1.55973101,4.17859983,418.9534,69.4898987,4.08850002,0.0250000004,50,1,0.119999997,0.550000012,0.0133333337
SL3_rand_15_r0,2,2713,1.69333339,1,2.08048034,4.17859983,0.0256666671,0.0156666674,0.0082722092,0.00815716013,0.00184284011,2.16186213,6,2.5,7.7304101,0,0,0,0,0,1.53747809,0.585064828,87.0597076,0.767772496,1.55973101,4.17859983,418.9534,69.4898987,4.08850002,0.0250000004,50,1,0.119999997,0.550000012,0.0133333337
SL3_rand_15_r0,2,2714,1.70666671,1,2.34370613,4.17859983,0.0253333338,0.0153333331,0.00779449707,0.00720905839,0.00279094186,2.55907249,6,2.5,7.7304101,1,0,0,1,0,1.53747809,0.585064828,87.0597076,0.767772496,1.55973101,4.17859983,418.9534,69.4898987,4.08850002,0.0250000004,50,1,0.119999997,0.550000012,0.0133333337
SL3_rand_15_r0,2,2715,2.03374672,2,2.43817854,4.17859983,0.0250000004,0.0149999997,0.00735479826,0.00731312297,0.00268687704,2.51547432,6,2.5,7.7304101,1,0,0,2,0,2.29842901,0.187588975,88.3578033,0.957345963,1.24942029,4.17859983,418.9534,69.4898987,4.08850002,0.0250000004,50,1,0.119999997,0.550000012,0.0133333337
SL3_rand_15_r0,2,2716,3.01333332,3,2.26223755,4.17859983,0.024666667,0.0146666663,0.00906347483,0.0082611721,0.00173882756,2.11828566,6,2.5,7.7304101,0,0,0,0,0,3.36161137,0.133801565,89.5934982,0.971563995,1.62762702,4.17859983,418.9534,69.4898987,4.08850002,0.0250000004,50,1,0.119999997,0.550000012,0.0133333337
SL3_rand_15_r0,2,2717,3.02666664,3,1.88012707,4.17859983,0.0243333336,0.0143333329,0.00963764638,0.0095758643,0.000424135913,1.56749117,6,2.5,7.7304101,0,0,0,0,0,3.36161137,0.133801565,89.5934982,0.971563995,1.62762702,4.17859983,418.9534,69.4898987,4.08850002,0.0250000004,50,1,0.119999997,0.550000012,0.0133333337
SL3_rand_15_r0,2,2718,3.03999996,3,1.6104461,4.17859983,0.0240000002,0.0140000004,0.0111405943,0.0110116675,0,1.38979805,6,2.5,7.7304101,0,0,0,0,0,3.36161137,0.133801565,89.5934982,0.971563995,1.62762702,4.17859983,418.9534,69.4898987,4.08850002,0.0250000004,50,1,0.119999997,0.550000012,0.0133333337
SL3_rand_15_r0,2,2719,3.05333328,3,1.48908961,4.17859983,0.0236666668,0.013666667,0.0128192268,0.0124865649,0,1.38979805,6,2.5,7.7304101,0,0,0,0,0,3.36161137,0.133801565,89.5934982,0.971563995,1.62762702,4.17859983,418.9534,69.4898987,4.08850002,0.0250000004,50,1,0.119999997,0.550000012,0.0133333337
SL3_rand_15_r0,2,2720,3.0666666,3,1.43447924,4.17859983,0.0233333334,0.0133333337,0.012835877,0.0124760745,0,1.38979805,6,2.5,7.7304101,0,0,0,0,0,3.36161137,0.133801565,89.5934982,0.971563995,1.62762702,4.17859983,418.9534,69.4898987,4.08850002,0.0250000004,50,1,0.119999997,0.550000012,0.0133333337
SL3_rand_15_r0,2,2721,3.07999992,3,1.4099046,4.17859983,0.023,0.0130000003,0.0113802692,0.0112093939,0,1.38979805,6,2.5,7.7304101,0,0,0,0,0,3.36161137,0.133801565,89.5934982,0.971563995,1.62762702,4.17859983,418.9534,69.4898987,4.08850002,0.0250000004,50,1,0.119999997,0.550000012,0.0133333337
SL3_rand_15_r0,2,2722,3.09333324,3,1.39884591,4.17859983,0.0226666667,0.0126666669,0.0109373312,0.0106623769,0,1.38979805,6,2.5,7.7304101,0,0,0,0,0,3.36161137,0.133801565,89.5934982,0.971563995,1.62762702,4.17859983,418.9534,69.4898987,4.08850002,0.0250000004,50,1,0.119999997,0.550000012,0.0133333337
SL3_rand_15_r0,2,2723,3.10666656,3,1.50032282,4.17859983,0.0223333333,0.0123333335,0.00965740718,0.00953801256,0.00046198786,1.58334935,6,2.5,7.7304101,0,0,0,0,0,3.36161137,0.133801565,89.5934982,0.971563995,1.62762702,4.17859983,418.9534,69.4898987,4.08850002,0.0250000004,50,1,0.119999997,0.550000012,0.0133333337
SL3_rand_15_r0,2,2724,3.11999989,3,1.76474869,4.17859983,0.0219999999,0.0120000001,0.00911234505,0.00858862791,0.00141137233,1.98109722,6,2.5,7.7304101,0,0,0,0,0,3.36161137,0.133801565,89.5934982,0.971563995,1.62762702,4.17859983,418.9534,69.4898987,4.08850002,0.0250000004,50,1,0.119999997,0.550000012,0.0133333337
SL3_rand_15_r0,2,2725,3.13333344,3,1.97930431,4.17859983,0.0216666665,0.0116666667,0.00872138422,0.00817389786,0.00182610215,2.15484977,6,2.5,7.7304101,0,0,0,0,0,3.36161137,0.133801565,89.5934982,0.971563995,1.62762702,4.17859983,418.9534,69.4898987,4.08850002,0.0250000004,50,1,0.119999997,0.550000012,0.0133333337
SL3_rand_15_r0,2,2726,3.14666677,3,2.38093662,4.17859983,0.0213333331,0.0113333333,0.00712702656,0.0068498957,0.00315010431,2.7095449,6,2.5,7.7304101,1,0,0,1,0,3.36161137,0.133801565,89.5934982,0.971563995,1.62762702,4.17859983,418.9534,69.4898987,4.08850002,0.0250000004,50,1,0.119999997,0.550000012,0.0133333337
SL3_rand_15_r0,2,2727,3.47374678,3,2.67342114,4.17859983,0.0209999997,0.0109999999,0.00720303226,0.00636492157,0.00363507844,2.9127264,6,2.5,7.7304101,1,1,0,2,0,3.36161137,0.133801565,89.5934982,0.971563995,1.62762702,4.17859983,418.9534,69.4898987,4.08850002,0.0250000004,50,1,0.119999997,0.550000012,0.0133333337
SL3_rand_15_r0,2,2728,3.4870801,3,2.49755263,4.17859983,0.0206666663,0.0106666666,0.00779535063,0.00769935688,0.00230064336,2.35366035,6,2.5,7.7304101,1,0,0,0,0,3.36161137,0.133801565,89.5934982,0.971563995,1.62762702,4.17859983,418.9534,69.4898987,4.08850002,0.0250000004,50,1,0.119999997,0.550000012,0.0133333337
SL3_rand_15_r0,2,2729,5.01333332,5,2.12926078,4.17859983,0.0203333329,0.0103333332,0.00937038846,0.00895421952,0.00104578002,1.82793117,6,2.5,7.7304101,0,0,0,0,0,5.66856956,0.108049065,88.8819504,0.767772496,7.53363371,4.17859983,418.9534,69.4898987,4.08850002,0.0250000004,50,1,0.119999997,0.550000012,0.0133333337
SL3_rand_15_r0,2,2730,5.02666664,5,1.80516648,4.17859983,0.0199999996,0.00999999978,0.0104779955,0.00964148622,0.000358513586,1.53999853,6,2.5,7.7304101,0,0,0,0,0,5.66856956,0.108049065,88.8819504,0.767772496,7.53363371,4.17859983,418.9534,69.4898987,4.08850002,0.0250000004,50,1,0.119999997,0.550000012,0.0133333337
SL3_rand_15_r0,2,2731,5.03999996,5,1.5767138,4.17859983,0.0196666662,0.00966666639,0.0109880287,0.0105744544,0,1.38979805,6,2.5,7.7304101,0,0,0,0,0,5.66856956,0.108049065,88.8819504,0.767772496,7.53363371,4.17859983,418.9534,69.4898987,4.08850002,0.0250000004,50,1,0.119999997,0.550000012,0.0133333337
SL3_rand_15_r0,2,2732,5.05333328,5,1.47391009,4.17859983,0.0193333328,0.009333333,0.0121290581,0.0117396172,0,1.38979805,6,2.5,7.7304101,0,0,0,0,0,5.66856956,0.108049065,88.8819504,0.767772496,7.53363371,4.17859983,418.9534,69.4898987,4.08850002,0.0250000004,50,1,0.119999997,0.550000012,0.0133333337
SL3_rand_15_r0,2,2733,5.0666666,5,1.42764843,4.17859983,0.0189999994,0.00899999961,0.0125538828,0.0124311578,0,1.38979805,6,2.5,7.7304101,0,0,0,0,0,5.66856956,0.108049065,88.8819504,0.767772496,7.53363371,4.17859983,418.9534,69.4898987,4.08850002,0.0250000004,50,1,0.119999997,0.550000012,0.0133333337
SL3_rand_15_r0,2,2734,5.07999992,5,1.40683067,4.17859983,0.018666666,0.00866666622,0.0133488625,0.0133017497,0,1.38979805,6,2.5,7.7304101,0,0,0,0,0,5.66856956,0.108049065,88.8819504,0.767772496,7.53363371,4.17859983,418.9534,69.4898987,4.08850002,0.0250000004,50,1,0.119999997,0.550000012,0.0133333337
SL3_rand_15_r0,2,2735,5.09333324,5,1.39746273,4.17859983,0.0183333326,0.00833333377,0.0118058743,0.0113850804,0,1.38979805,6,2.5,7.7304101,0,0,0,0,0,5.66856956,0.108049065,88.8819504,0.767772496,7.53363371,4.17859983,418.9534,69.4898987,4.08850002,0.0250000004,50,1,0.119999997,0.550000012,0.0133333337
SL3_rand_15_r0,2,2736,5.10666656,5,1.43208086,4.17859983,0.0179999992,0.00800000038,0.00985182449,0.00983146857,0.000168531202,1.46040475,6,2.5,7.7304101,0,0,0,0,0,5.66856956,0.108049065,88.8819504,0.767772496,7.53363371,4.17859983,418.9534,69.4898987,4.08850002,0.0250000004,50,1,0.119999997,0.550000012,0.0133333337
SL3_rand_15_r0,2,2737,5.11999989,5,1.69264948,4.17859983,0.0176666658,0.00766666653,0.00896720216,0.00876825396,0.00123174582,1.90584207,6,2.5,7.7304101,0,0,0,0,0,5.66856956,0.108049065,88.8819504,0.767772496,7.53363371,4.17859983,418.9534,69.4898987,4.08850002,0.0250000004,50,1,0.119999997,0.550000012,0.0133333337
SL3_rand_15_r0,2,2738,5.13333321,5,2.3627708,4.17859983,0.0173333324,0.00733333314,0.00671956269,0.00636891834,0.00363108166,2.91105199,6,2.5,7.7304101,1,0,0,1,0,5.66856956,0.108049065,88.8819504,0.767772496,7.53363371,4.17859983,418.9534,69.4898987,4.08850002,0.0250000004,50,1,0.119999997,0.550000012,0.0133333337
SL3_rand_15_r0,2,2739,5.46041346,5,2.85965014,4.17859983,0.0170000009,0.00700000022,0.00563634653,0.00552124484,0.00447875494,3.26618767,6,2.5,7.7304101,1,1,0,2,0,5.66856956,0.108049065,88.8819504,0.767772496,7.53363371,4.17859983,418.9534,69.4898987,4.08850002,0.0250000004,50,1,0.119999997,0.550000012,0.0133333337
SL3_rand_15_r0,2,2740,5.78749323,5,3.8683567,4.17859983,0.0168582648,0.00685826549,0.00284808804,0.00211400632,0.00788599346,4.69366169,6,2.5,7.7304101,1,1,0,3,0,5.66856956,0.108049065,88.8819504,0.767772496,7.53363371,4.17859983,418.9534,69.4898987,4.08850002,0.0250000004,50,1,0.119999997,0.550000012,0.0133333337
SL3_rand_15_r0,2,2741,6.32707977,6,4.58968735,4.17859983,0.0169488341,0.00694883429,0.00186264445,-0.000953295967,0.010953296,5.17986679,6,2.5,7.7304101,1,1,0,4,0,1.44182336,0.112374276,89.9894485,1.04265404,176.575317,4.17859983,418.9534,69.4898987,4.08850002,0.0250000004,50,1,0.119999997,0.550000012,0.0133333337
SL3_rand_15_r0,2,2742,6.65416002,6,4.15676689,4.17859983,0.0169578642,0.00695786439,0.00133699598,2.23392544e-05,0.00997766107,3.80255914,6,2.5,7.7304101,1,1,0,5,0,1.44182336,0.112374276,89.9894485,1.04265404,176.575317,4.17859983,418.9534,69.4898987,4.08850002,0.0250000004,50,1,0.119999997,0.550000012,0.0133333337
SL3_rand_15_r0,2,2743,6.9812398,6,3.76984811,4.17859983,0.0168458279,0.00684582721,0.00255521969,0.00166750292,0.00833249744,3.45327854,6,2.5,7.7304101,1,1,0,6,0,1.44182336,0.112374276,89.9894485,1.04265404,176.575317,4.17859983,418.9534,69.4898987,4.08850002,0.0250000004,50,1,0.119999997,0.550000012,0.0133333337
SL3_rand_15_r0,2,2744,7.30832005,7,4.00350094,4.17859983,0.0167785157,0.00677851541,0.00287959096,0.00110272411,0.00889727566,4.19467115,6,2.5,7.7304101,1,1,0,7,0,0.000491816958,-1.90483809,87.3423538,1.03317535,0.571740508,4.17859983,418.9534,69.4898987,4.08850002,0.0250000004,50,1,0.119999997,0.550000012,0.0133333337
SL3_rand_15_r0,2,2745,8.32707977,8,4.32134819,4.17859983,0.0168069489,0.00680694915,0.00153228792,-0.000265478797,0.0102654789,4.58140564,6,2.5,7.7304101,1,1,0,8,0,-0.276460409,-1.581128,86.7917709,1.00947869,1.53617322,4.17859983,418.9534,69.4898987,4.08850002,0.0250000004,50,1,0.119999997,0.550000012,0.0133333337
SL3_rand_15_r0,2,2746,8.65415955,8,4.96174955,4.17859983,0.0170292296,0.00702922978,0.00461392663,-0.00337682362,0.0133768236,5.48571444,6,2.5,7.7304101,1,1,0,9,0,-0.276460409,-1.581128,86.7917709,1.00947869,1.53617322,4.17859983,418.9534,69.4898987,4.08850002,0.0250000004,50,1,0.119999997,0.550000012,0.0133333337
SL3_rand_15_r0,2,2747,8.98124027,8,5.49404097,4.17859983,0.0173625629,0.00736256316,0.00708968332,-0.00636536954,0.0163653698,5.92955208,6,2.5,7.7304101,1,1,0,10,0,-0.276460409,-1.581128,86.7917709,1.00947869,1.53617322,4.17859983,418.9534,69.4898987,4.08850002,0.0250000004,50,1,0.119999997,0.550000012,0.0133333337
SL3_rand_15_r0,2,2748,8.99457359,8,3.7820797,4.17859983,0.0173079744,0.00730797416,0.00980537571,0.000998563948,0.00900143571,2.38138413,6,2.5,7.7304101,0,1,0,0,0,-0.276460409,-1.581128,86.7917709,1.00947869,1.53617322,4.17859983,418.9534,69.4898987,4.08850002,0.0250000004,50,1,0.119999997,0.550000012,0.0133333337
SL3_rand_15_r0,2,2749,9.00790691,9,4.45653439,4.17859983,0.0173760802,0.00737607991,0.00838423055,-0.0014111927,0.0114111928,5.00836086,6,2.5,7.7304101,0,1,0,0,0,-0.235249907,-4.97830439,87.4095154,0.952606618,0.680237293,4.17859983,418.9534,69.4898987,4.08850002,0.0250000004,50,1,0.119999997,0.550000012,0.0133333337
SL3_rand_15_r0,2,2750,9.02124023,9,5.06749392,4.17859983,0.0176343452,0.00763434591,0.0101609798,-0.0039665415,0.0139665417,5.56736994,6,2.5,7.7304101,0,1,0,0,0,-0.235249907,-4.97830439,87.4095154,0.952606618,0.680237293,4.17859983,418.9534,69.4898987,4.08850002,0.0250000004,50,1,0.119999997,0.550000012,0.0133333337
SL3_rand_15_r0,2,2751,9.03457355,9,5.41043425,4.17859983,0.0179676786,0.00796767883,0.00702851964,-0.00615414605,0.0161541458,5.69102192,6,2.5,7.7304101,1,1,0,1,0,-0.235249907,-4.97830439,87.4095154,0.952606618,0.680237293,4.17859983,418.9534,69.4898987,4.08850002,0.0250000004,50,1,0.119999997,0.550000012,0.0133333337
SL3_rand_15_r0,2,2752,9.04790688,9,5.73469543,4.17859983,0.018301012,0.00830101222,0.00879930146,-0.00832877774,0.0183287784,6,6,2.5,7.7304101,0,1,0,0,0,-0.235249907,-4.97830439,87.4095154,0.952606618,0.680237293,4.17859983,418.9534,69.4898987,4.08850002,0.0250000004,50,1,0.119999997,0.550000012,0.0133333337
SL3_rand_15_r0,2,2753,9.0612402,9,5.83833981,4.17859983,0.0186343454,0.00863434561,0.0113590378,-0.00745525258,0.0174552519,5.92313957,6,2.5,7.7304101,0,1,0,0,0,-0.235249907,-4.97830439,87.4095154,0.952606618,0.680237293,4.17859983,418.9534,69.4898987,4.08850002,0.0250000004,50,1,0.119999997,0.550000012,0.0133333337
SL3_rand_15_r0,2,2754,9.07457352,9,5.7479229,4.17859983,0.0189676788,0.00896767899,0.00845360104,-0.00686045177,0.0168604515,5.67394543,6,2.5,7.7304101,0,1,0,0,0,-0.235249907,-4.97830439,87.4095154,0.952606618,0.680237293,4.17859983,418.9534,69.4898987,4.08850002,0.0250000004,50,1,0.119999997,0.550000012,0.0133333337
SL3_rand_15_r0,2,2755,9.08790684,9,5.44791889,4.17859983,0.0193010122,0.00930101238,0.0103271324,-0.00573506532,0.0157350656,5.20246124,6,2.5,7.7304101,0,1,0,0,0,-0.235249907,-4.97830439,87.4095154,0.952606618,0.680237293,4.17859983,418.9534,69.4898987,4.08850002,0.0250000004,50,1,0.119999997,0.550000012,0.0133333337
SL3_rand_15_r0,2,2756,9.10124016,9,5.21228933,4.17859983,0.0196343455,0.00963434577,0.00887138769,-0.00529835979,0.01529836,5.01950169,6,2.5,7.7304101,0,1,0,0,0,-0.235249907,-4.97830439,87.4095154,0.952606618,0.680237293,4.17859983,418.9534,69.4898987,4.08850002,0.0250000004,50,1,0.119999997,0.550000012,0.0133333337
SL3_rand_15_r0,2,2757,9.11457348,9,4.83315372,4.17859983,0.019871721,0.0098717222,0.00996883214,-0.00411314378,0.014113144,4.5229516,6,2.5,7.7304101,0,1,0,0,0,-0.235249907,-4.97830439,87.4095154,0.952606618,0.680237293,4.17859983,418.9534,69.4898987,4.08850002,0.0250000004,50,1,0.119999997,0.550000012,0.0133333337
SL3_rand_15_r0,2,2758,9.1279068,9,4.8143878,4.17859983,0.0200878922,0.0100878924,0.00991794094,-0.00381716341,0.0138171632,4.79903364,6,2.5,7.7304101,0,1,0,0,0,-0.235249907,-4.97830439,87.4095154,0.952606618,0.680237293,4.17859983,418.9534,69.4898987,4.08850002,0.0250000004,50,1,0.119999997,0.550000012,0.0133333337
SL3_rand_15_r0,2,2759,9.14124012,9,4.57628727,4.17859983,0.0202343892,0.0102343895,0.0102704056,-0.00260946318,0.0126094632,4.38147831,6,2.5,7.7304101,0,1,0,0,0,-0.235249907,-4.97830439,87.4095154,0.952606618,0.680237293,4.17859983,418.9534,69.4898987,4.08850002,0.0250000004,50,1,0.119999997,0.550000012,0.0133333337
SL3_rand_15_r0,2,2760,9.15457344,9,4.58806944,4.17859983,0.0203725472,0.0103725474,0.0113200992,-0.00243220222,0.0124322027,4.59770918,6,2.5,7.7304101,0,1,0,0,0,-0.235249907,-4.97830439,87.4095154,0.952606618,0.680237293,4.17859983,418.9534,69.4898987,4.08850002,0.0250000004,50,1,0.119999997,0.550000012,0.0133333337
SL3_rand_15_r0,2,2761,9.16790676,9,4.2999115,4.17859983,0.0204292703,0.0104292706,0.0118596749,-0.00107564731,0.0110756475,4.06414652,6,2.5,7.7304101,0,1,0,0,0,-0.235249907,-4.97830439,87.4095154,0.952606618,0.680237293,4.17859983,418.9534,69.4898987,4.08850002,0.0250000004,50,1,0.119999997,0.550000012,0.0133333337
SL3_rand_15_r0,2,2762,9.18124008,9,5.23496008,4.17859983,0.0207321588,0.0107321581,0.0108729349,-0.00919068418,0.019190684,6,6,2.5,7.7304101,0,1,0,0,0,-0.235249907,-4.97830439,87.4095154,0.952606618,0.680237293,4.17859983,418.9534,69.4898987,4.08850002,0.0250000004,50,1,0.119999997,0.550000012,0.0133333337
SL3_rand_15_r0,2,2763,9.1945734,9,3.90738821,4.17859983,0.0207073037,0.010707303,0.0102157267,0.000251780526,0.00974821951,2.82119274,6,2.5,7.7304101,0,1,0,0,0,-0.235249907,-4.97830439,87.4095154,0.952606618,0.680237293,4.17859983,418.9534,69.4898987,4.08850002,0.0250000004,50,1,0.119999997,0.550000012,0.0133333337
SL3_rand_15_r0,2,2764,9.20790672,9,5.05832481,4.17859983,0.020947529,0.0109475283,0.00891776197,-0.00466281502,0.0146628153,6,6,2.5,7.7304101,0,1,0,0,0,-0.235249907,-4.97830439,87.4095154,0.952606618,0.680237293,4.17859983,418.9534,69.4898987,4.08850002,0.0250000004,50,1,0.119999997,0.550000012,0.0133333337
SL3_rand_15_r0,2,2765,9.22124004,9,3.68900704,4.17859983,0.0208515674,0.0108515676,0.0088878395,0.00147816725,0.00852183253,2.56865644,6,2.5,7.7304101,0,1,0,0,0,-0.235249907,-4.97830439,87.4095154,0.952606618,0.680237293,4.17859983,418.9534,69.4898987,4.08850002,0.0250000004,50,1,0.119999997,0.550000012,0.0133333337
SL3_rand_15_r0,2,2766,9.23457336,9,4.96005344,4.17859983,0.0210526455,0.0110526448,0.0065064556,-0.00356923696,0.0135692367,6,6,2.5,7.7304101,1,1,0,1,0,-0.235249907,-4.97830439,87.4095154,0.952606618,0.680237293,4.17859983,418.9534,69.4898987,4.08850002,0.0250000004,50,1,0.119999997,0.550000012,0.0133333337
SL3_rand_15_r0,2,2767,9.56165314,9,3.47371721,4.17859983,0.020890357,0.0108903572,0.00790742785,0.00261017377,0.00738982623,2.25762391,6,2.5,7.7304101,1,1,0,2,0,-0.235249907,-4.97830439,87.4095154,0.952606618,0.680237293,4.17859983,418.9534,69.4898987,4.08850002,0.0250000004,50,1,0.119999997,0.550000012,0.0133333337
SL3_rand_15_r0,2,2768,9.57498646,9,4.14255238,4.17859983,0.0208532959,0.0108532952,0.00821790844,0.000421038305,0.00957896188,4.68978119,6,2.5,7.7304101,0,1,0,0,0,-0.235249907,-4.97830439,87.4095154,0.952606618,0.680237293,4.17859983,418.9534,69.4898987,4.08850002,0.0250000004,50,1,0.119999997,0.550000012,0.0133333337
SL3_rand_15_r0,2,2769,9.58831978,9,5.16414833,4.17859983,0.0211208817,0.0111208819,0.0075807441,-0.00541035226,0.0154103525,6,6,2.5,7.7304101,1,1,0,1,0,-0.235249907,-4.97830439,87.4095154,0.952606618,0.680237293,4.17859983,418.9534,69.4898987,4.08850002,0.0250000004,50,1,0.119999997,0.550000012,0.0133333337
SL3_rand_15_r0,2,2770,9.91539955,9,3.70245314,4.17859983,0.0210332163,0.0110332174,0.00713203428,0.0013541826,0.00864581764,2.50652051,6,2.5,7.7304101,1,1,0,2,0,-0.235249907,-4.97830439,87.4095154,0.952606618,0.680237293,4.17859983,418.9534,69.4898987,4.08850002,0.0250000004,50,1,0.119999997,0.550000012,0.0133333337
SL3_rand_15_r0,2,2771,10.2424803,10,4.96610403,4.17859983,0.0212373566,0.0112373568,0.00687492639,-0.00658922596,0.0165892262,6,6,2.5,7.7304101,1,1,0,3,0,2.54290223,-0.149301633,87.0909958,1.05687201,3.23542881,4.17859983,418.9534,69.4898987,4.08850002,0.0250000004,50,1,0.119999997,0.550000012,0.0133333337
SL3_rand_15_r0,2,2772,11.0133333,11,2.83817887,4.17859983,0.0209040232,0.0109040244,0.0096567329,0.00534962537,0.00465037487,1.09714937,6,2.5,7.7304101,0,1,0,0,0,3.47281599,-0.0345037654,88.2762146,1.04265404,3.28208613,4.17859983,418.9534,69.4898987,4.08850002,0.0250000004,50,1,0.119999997,0.550000012,0.0133333337
SL3_rand_15_r0,2,2773,11.0266666,11,4.57718039,4.17859983,0.0209591854,0.0109591847,0.011058568,-0.00547189265,0.0154718924,6,6,2.5,7.7304101,0,1,0,0,0,3.47281599,-0.0345037654,88.2762146,1.04265404,3.28208613,4.17859983,418.9534,69.4898987,4.08850002,0.0250000004,50,1,0.119999997,0.550000012,0.0133333337
SL3_rand_15_r0,2,2774,11.04,11,3.62052608,4.17859983,0.0208133589,0.0108133582,0.00821229909,0.00267747231,0.00732252793,2.83780885,6,2.5,7.7304101,0,1,0,0,0,3.47281599,-0.0345037654,88.2762146,1.04265404,3.28208613,4.17859983,418.9534,69.4898987,4.08850002,0.0250000004,50,1,0.119999997,0.550000012,0.0133333337
SL3_rand_15_r0,2,2775,11.0533333,11,4.20331955,4.17859983,0.0207959209,0.0107959202,0.0111706592,0.000280206645,0.00971979368,4.68015051,6,2.5,7.7304101,0,1,0,0,0,3.47281599,-0.0345037654,88.2762146,1.04265404,3.28208613,4.17859983,418.9534,69.4898987,4.08850002,0.0250000004,50,1,0.119999997,0.550000012,0.0133333337
SL3_rand_15_r0,2,2776,11.0666666,11,5.19149399,4.17859983,0.0210743733,0.0110743735,0.00892261602,-0.00801808015,0.0180180799,6,6,2.5,7.7304101,0,1,0,0,0,3.47281599,-0.0345037654,88.2762146,1.04265404,3.28208613,4.17859983,418.9534,69.4898987,4.08850002,0.0250000004,50,1,0.119999997,0.550000012,0.0133333337
SL3_rand_15_r0,2,2777,11.0799999,11,3.62618256,4.17859983,0.0209673326,0.0109673329,0.0110756261,0.00163044373,0.00836955663,2.34547353,6,2.5,7.7304101,0,1,0,0,0,3.47281599,-0.0345037654,88.2762146,1.04265404,3.28208613,4.17859983,418.9534,69.4898987,4.08850002,0.0250000004,50,1,0.119999997,0.550000012,0.0133333337
SL3_rand_15_r0,2,2778,11.0933332,11,4.93178225,4.17859983,0.0211587101,0.0111587103,0.00716713537,-0.0063329204,0.0163329206,6,6,2.5,7.7304101,1,1,0,1,0,3.47281599,-0.0345037654,88.2762146,1.04265404,3.28208613,4.17859983,418.9534,69.4898987,4.08850002,0.0250000004,50,1,0.119999997,0.550000012,0.0133333337
SL3_rand_15_r0,2,2779,11.1066666,11,5.51930189,4.17859983,0.0214920435,0.0114920437,0.00991957448,-0.00650619715,0.0165061969,6,6,2.5,7.7304101,0,1,0,0,0,3.47281599,-0.0345037654,88.2762146,1.04265404,3.28208613,4.17859983,418.9534,69.4898987,4.08850002,0.0250000004,50,1,0.119999997,0.550000012,0.0133333337
SL3_rand_15_r0,2,2780,11.1199999,11,5.09389782,4.17859983,0.021801848,0.0118018482,0.00536315981,-0.00464515574,0.0146451555,4.74584007,6,2.5,7.7304101,1,1,0,1,0,3.47281599,-0.0345037654,88.2762146,1.04265404,3.28208613,4.17859983,418.9534,69.4898987,4.08850002,0.0250000004,50,1,0.119999997,0.550000012,0.0133333337
SL3_rand_15_r0,2,2781,12.0133333,12,5.12940359,4.17859983,0.0221175943,0.0121175945,0.00976591371,-0.00539587112,0.0153958714,5.15845394,6,2.5,7.7304101,0,1,0,0,0,1.58282137,-0.874545217,86.7375031,1.03791463,2.2501452,4.17859983,418.9534,69.4898987,4.08850002,0.0250000004,50,1,0.119999997,0.550000012,0.0133333337
SL3_rand_15_r0,2,2782,12.0266666,12,4.80795193,4.17859983,0.0223450381,0.0123450393,0.0137407389,-0.00399061665,0.0139906164,4.54494572,6,2.5,7.7304101,0,1,0,0,0,1.58282137,-0.874545217,86.7375031,1.03791463,2.2501452,4.17859983,418.9534,69.4898987,4.08850002,0.0250000004,50,1,0.119999997,0.550000012,0.0133333337
SL3_rand_15_r0,2,2783,12.04,12,4.98704576,4.17859983,0.0226075146,0.0126075149,0.0163406543,-0.0045168465,0.0145168463,5.13357735,6,2.5,7.7304101,0,1,0,0,0,1.58282137,-0.874545217,86.7375031,1.03791463,2.2501452,4.17859983,418.9534,69.4898987,4.08850002,0.0250000004,50,1,0.119999997,0.550000012,0.0133333337
SL3_rand_15_r0,2,2784,12.0533333,12,3.15613556,4.17859983,0.0223672427,0.0123672429,0.0200038347,0.0034300983,0.00656990148,1.65811825,6,2.5,7.7304101,0,1,0,0,0,1.58282137,-0.874545217,86.7375031,1.03791463,2.2501452,4.17859983,418.9534,69.4898987,4.08850002,0.0250000004,50,1,0.119999997,0.550000012,0.0133333337
SL3_rand_15_r0,2,2785,12.0666666,12,4.7202611,4.17859983,0.0224776585,0.0124776587,0.017006401,-0.00277737575,0.012777376,6,6,2.5,7.7304101,0,1,0,0,0,1.58282137,-0.874545217,86.7375031,1.03791463,2.2501452,4.17859983,418.9534,69.4898987,4.08850002,0.0250000004,50,1,0.119999997,0.550000012,0.0133333337
SL3_rand_15_r0,2,2786,12.0799999,12,3.04316497,4.17859983,0.0221806634,0.0121806627,0.0168893598,0.00491264742,0.00508735282,1.67099559,6,2.5,7.7304101,0,1,0,0,0,1.58282137,-0.874545217,86.7375031,1.03791463,2.2501452,4.17859983,418.9534,69.4898987,4.08850002,0.0250000004,50,1,0.119999997,0.550000012,0.0133333337
SL3_rand_15_r0,2,2787,12.0933332,12,4.57403374,4.17859983,0.0222410057,0.0122410059,0.0148754846,-0.000951742113,0.0109517425,5.8265624,6,2.5,7.7304101,0,1,0,0,0,1.58282137,-0.874545217,86.7375031,1.03791463,2.2501452,4.17859983,418.9534,69.4898987,4.08850002,0.0250000004,50,1,0.119999997,0.550000012,0.0133333337
SL3_rand_15_r0,2,2788,12.1066666,12,3.70045757,4.17859983,0.0221182462,0.0121182464,0.0138890287,0.00227286667,0.00772713358,2.98571348,6,2.5,7.7304101,0,1,0,0,0,1.58282137,-0.874545217,86.7375031,1.03791463,2.2501452,4.17859983,418.9534,69.4898987,4.08850002,0.0250000004,50,1,0.119999997,0.550000012,0.0133333337
SL3_rand_15_r0,2,2789,12.1199999,12,4.07593155,4.17859983,0.0220692679,0.0120692672,0.01337073,0.000759586983,0.00924041308,4.3831377,6,2.5,7.7304101,0,1,0,0,0,1.58282137,-0.874545217,86.7375031,1.03791463,2.2501452,4.17859983,418.9534,69.4898987,4.08850002,0.0250000004,50,1,0.119999997,0.550000012,0.0133333337
SL3_rand_15_r0,2,2790,12.1333332,12,3.5399673,4.17859983,0.0218837056,0.0118837059,0.0104582272,0.00308458135,0.00691541843,3.10145092,6,2.5,7.7304101,0,1,0,0,0,1.58282137,-0.874545217,86.7375031,1.03791463,2.2501452,4.17859983,418.9534,69.4898987,4.08850002,0.0250000004,50,1,0.119999997,0.550000012,0.0133333337
SL3_rand_15_r0,2,2791,12.1466665,12,4.89298534,4.17859983,0.0220512189,0.0120512191,0.0107649965,-0.00381700532,0.0138170049,6,6,2.5,7.7304101,0,1,0,0,0,1.58282137,-0.874545217,86.7375031,1.03791463,2.2501452,4.17859983,418.9534,69.4898987,4.08850002,0.0250000004,50,1,0.119999997,0.550000012,0.0133333337
SL3_rand_15_r0,2,2792,12.1599998,12,3.22689152,4.17859983,0.0218147747,0.0118147749,0.00764460769,0.00388439489,0.00611560512,1.86372387,6,2.5,7.7304101,1,1,0,1,0,1.58282137,-0.874545217,86.7375031,1.03791463,2.2501452,4.17859983,418.9534,69.4898987,4.08850002,0.0250000004,50,1,0.119999997,0.550000012,0.0133333337
SL3_rand_15_r0,2,2793,15.3270798,15,4.75210094,4.17859983,0.0219346732,0.0119346734,0.00379042025,-0.00318983593,0.0131898355,6,6,2.5,7.7304101,1,1,0,2,0,3.95066166,0.0964907929,85.0983887,1.04265404,7.8262887,4.17859983,418.9534,69.4898987,4.08850002,0.0250000004,50,1,0.119999997,0.550000012,0.0133333337
SL3_rand_15_r0,2,2794,15.6541595,15,4.60932779,4.17859983,0.0220743027,0.0120743029,0.00193399284,-0.00191640109,0.0119164009,4.4925127,6,2.5,7.7304101,1,1,0,3,0,3.95066166,0.0964907929,85.0983887,1.04265404,7.8262887,4.17859983,418.9534,69.4898987,4.08850002,0.0250000004,50,1,0.119999997,0.550000012,0.0133333337
SL3_rand_15_r0,2,2795,15.9812403,15,4.13613558,4.17859983,0.0220857784,0.0120857786,0.00183753506,-0.000338022248,0.0103380224,3.74897861,6,2.5,7.7304101,1,1,0,4,0,3.95066166,0.0964907929,85.0983887,1.04265404,7.8262887,4.17859983,418.9534,69.4898987,4.08850002,0.0250000004,50,1,0.119999997,0.550000012,0.0133333337
SL3_rand_15_r0,2,2796,16.3083191,16,4.01359987,4.17859983,0.0220418591,0.0120418584,0.00321201561,0.000545032031,0.00945496839,3.91334319,6,2.5,7.7304101,1,1,0,5,0,0.353537947,-0.954769909,78.5530319,1.06161141,0.155646145,4.17859983,418.9534,69.4898987,4.08850002,0.0250000004,50,1,0.119999997,0.550000012,0.0133333337
SL3_rand_15_r0,2,2797,19.3270798,19,4.01828289,4.17859983,0.0219900049,0.0119900052,0.00233238586,0.000836710271,0.00916328933,4.02211428,6,2.5,7.7304101,1,1,0,6,0,0.4059003,-3.71168184,68.0633163,1.09478676,8.17949486,4.17859983,418.9534,69.4898987,4.08850002,0.0250000004,50,1,0.119999997,0.550000012,0.0133333337
SL3_rand_15_r0,2,2798,19.6541595,19,4.48490572,4.17859983,0.0220664479,0.0120664481,0.0011776021,-0.00110026589,0.0111002661,4.86668825,6,2.5,7.7304101,1,1,0,7,0,0.4059003,-3.71168184,68.0633163,1.09478676,8.17949486,4.17859983,418.9534,69.4898987,4.08850002,0.0250000004,50,1,0.119999997,0.550000012,0.0133333337
SL3_rand_15_r0,2,2799,19.9812393,19,4.28599262,4.17859983,0.0221090205,0.0121090198,0.00102653494,-0.000602529908,0.0106025301,4.12324572,6,2.5,7.7304101,1,1,0,8,0,0.4059003,-3.71168184,68.0633163,1.09478676,8.17949486,4.17859983,418.9534,69.4898987,4.08850002,0.0250000004,50,1,0.119999997,0.550000012,0.0133333337
SL3_rand_15_r0,2,2800,20.3083191,20,4.06772614,4.17859983,0.0220853165,0.0120853167,0.000748591614,0.000293329329,0.00970667042,3.88914418,6,2.5,7.7304101,1,1,0,9,0,-0.334564447,-13.8525133,60.1700058,1.0663507,6.63165379,4.17859983,418.9534,69.4898987,4.08850002,0.0250000004,50,1,0.119999997,0.550000012,0.0133333337
SL3_rand_15_r0,2,2801,21.3270798,21,4.31946993,4.17859983,0.0221204963,0.0121204974,0.00195140415,-0.000565889059,0.0105658891,4.5254426,6,2.5,7.7304101,1,1,0,10,0,0.881139398,-1.48971617,54.6088943,1.04265404,7.48671389,4.17859983,418.9534,69.4898987,4.08850002,0.0250000004,50,1,0.119999997,0.550000012,0.0133333337
SL3_rand_15_r0,2,2802,21.6541595,21,4.22100353,4.17859983,0.0221381392,0.0121381395,0.000946903019,-0.000232927472,0.0102329273,4.14043999,6,2.5,7.7304101,1,1,0,11,0,0.881139398,-1.48971617,54.6088943,1.04265404,7.48671389,4.17859983,418.9534,69.4898987,4.08850002,0.0250000004,50,1,0.119999997,0.550000012,0.0133333337
SL3_rand_15_r0,2,2803,21.9812393,21,3.90125751,4.17859983,0.0220640395,0.0120640397,0.00123529613,0.00113695255,0.0088630477,3.63964677,6,2.5,7.7304101,1,1,0,12,0,0.881139398,-1.48971617,54.6088943,1.04265404,7.48671389,4.17859983,418.9534,69.4898987,4.08850002,0.0250000004,50,1,0.119999997,0.550000012,0.0133333337
SL3_rand_15_r0,2,2804,22.3083191,22,4.16461802,4.17859983,0.0220478065,0.0120478068,0.000634159253,0.000282580091,0.00971741974,4.38009501,6,2.5,7.7304101,1,1,0,13,0,5.21365118,-1.28215337,47.712738,0.88625592,7.16549444,4.17859983,418.9534,69.4898987,4.08850002,0.0250000004,50,1,0.119999997,0.550000012,0.0133333337
SL3_rand_15_r0,2,2805,24.3270798,24,4.34791899,4.17859983,0.0220921338,0.012092134,0.000590352749,-0.000574464153,0.0105744638,4.49789238,6,2.5,7.7304101,1,1,0,14,0,7.24226856,-1.88712752,51.1475525,0.554502368,8.78186607,4.17859983,418.9534,69.4898987,4.08850002,0.0250000004,50,1,0.119999997,0.550000012,0.0133333337
SL3_rand_15_r0,2,2806,24.6541595,24,4.40962601,4.17859983,0.0221636947,0.0121636959,0.00137732888,-0.00108698918,0.0110869892,4.46011305,6,2.5,7.7304101,1,1,0,15,0,7.24226856,-1.88712752,51.1475525,0.554502368,8.78186607,4.17859983,418.9534,69.4898987,4.08850002,0.0250000004,50,1,0.119999997,0.550000012,0.0133333337
SL3_rand_15_r0,2,2807,24.9812393,24,4.14748573,4.17859983,0.0221669804,0.0121669797,0.000916237303,-9.98737887e-05,0.0100998739,3.93300724,6,2.5,7.7304101,1,1,0,16,0,7.24226856,-1.88712752,51.1475525,0.554502368,8.78186607,4.17859983,418.9534,69.4898987,4.08850002,0.0250000004,50,1,0.119999997,0.550000012,0.0133333337
SL3_rand_15_r0,2,2808,25.3083191,25,4.21055698,4.17859983,0.0221764036,0.0121764038,0.00130728516,-0.00020603626,0.0102060363,4.26216078,6,2.5,7.7304101,1,1,0,17,0,3.19896579,-1.63092208,44.4415016,0.876777232,8.76579475,4.17859983,418.9534,69.4898987,4.08850002,0.0250000004,50,1,0.119999997,0.550000012,0.0133333337
SL3_rand_15_r0,2,2809,26.3270798,26,4.33427954,4.17859983,0.0222212188,0.012221219,0.00223997398,-0.000680902973,0.0106809027,4.43550682,6,2.5,7.7304101,1,1,0,18,0,4.97996998,-1.36035919,44.025631,1.02369666,10.333353,4.17859983,418.9534,69.4898987,4.08850002,0.0250000004,50,1,0.119999997,0.550000012,0.0133333337
SL3_rand_15_r0,2,2810,26.6541595,26,3.84500217,4.17859983,0.0221360214,0.0121360216,0.00176016486,0.00133188558,0.00866811443,3.44468451,6,2.5,7.7304101,1,1,0,19,0,4.97996998,-1.36035919,44.025631,1.02369666,10.333353,4.17859983,418.9534,69.4898987,4.08850002,0.0250000004,50,1,0.119999997,0.550000012,0.0133333337
SL3_rand_15_r0,2,2811,26.9812393,26,4.75759125,4.17859983,0.0222826526,0.0122826537,0.00283324625,-0.00229023374,0.0122902337,5.50425434,6,2.5,7.7304101,1,1,0,20,0,4.97996998,-1.36035919,44.025631,1.02369666,10.333353,4.17859983,418.9534,69.4898987,4.08850002,0.0250000004,50,1,0.119999997,0.550000012,0.0133333337
SL3_rand_15_r0,2,2812,27.3083191,27,4.80178881,4.17859983,0.0224801991,0.0124802003,0.0031363368,-0.00300697121,0.0130069712,4.83795071,6,2.5,7.7304101,1,1,0,21,0,0.156220019,-11.9676638,53.8305588,1.05213273,14.8464184,4.17859983,418.9534,69.4898987,4.08850002,0.0250000004,50,1,0.119999997,0.550000012,0.0133333337
SL3_rand_15_r0,2,2813,28.3270798,28,3.54862905,4.17859983,0.0223381333,0.0123381326,0.00290894858,0.00201112544,0.0079888748,2.52331662,6,2.5,7.7304101,1,1,0,22,0,0.588801384,-3.64100695,67.7386169,1.08530807,3.20900416,4.17859983,418.9534,69.4898987,4.08850002,0.0250000004,50,1,0.119999997,0.550000012,0.0133333337
SL3_rand_15_r0,2,2814,28.6541595,28,3.6778338,4.17859983,0.022175353,0.0121753532,0.0041765389,0.00238289614,0.00761710387,3.78354692,6,2.5,7.7304101,1,1,0,23,0,0.588801384,-3.64100695,67.7386169,1.08530807,3.20900416,4.17859983,418.9534,69.4898987,4.08850002,0.0250000004,50,1,0.119999997,0.550000012,0.0133333337
SL3_rand_15_r0,2,2815,28.9812393,28,4.2140255,4.17859983,0.0221580639,0.0121580632,0.001865105,0.000514373882,0.00948562566,4.6527276,6,2.5,7.7304101,1,1,0,24,0,0.588801384,-3.64100695,67.7386169,1.08530807,3.20900416,4.17859983,418.9534,69.4898987,4.08850002,0.0250000004,50,1,0.119999997,0.550000012,0.0133333337
SL3_rand_15_r0,2,2816,29.3083191,29,4.20260954,4.17859983,0.0221618507,0.0121618509,0.00217711693,0.00016314823,0.00983685162,4.19326925,6,2.5,7.7304101,1,1,0,25,0,0.704696894,-8.21285629,70.7782822,1.07582939,8.49135876,4.17859983,418.9534,69.4898987,4.08850002,0.0250000004,50,1,0.119999997,0.550000012,0.0133333337
SL3_rand_15_r0,2,2817,32.3270798,32,3.90219903,4.17859983,0.0220857039,0.0120857041,0.00381719274,0.00123482151,0.00876517873,3.65640879,6,2.5,7.7304101,1,1,0,26,0,-0.111768641,-0.981544673,83.3315048,1.05213273,1.50977051,4.17859983,418.9534,69.4898987,4.08850002,0.0250000004,50,1,0.119999997,0.550000012,0.0133333337
SL3_rand_15_r0,2,2818,32.6541595,32,4.44766426,4.17859983,0.0221477542,0.0121477535,0.0024866208,-0.000923573854,0.0109235737,4.89395428,6,2.5,7.7304101,1,1,0,27,0,-0.111768641,-0.981544673,83.3315048,1.05213273,1.50977051,4.17859983,418.9534,69.4898987,4.08850002,0.0250000004,50,1,0.119999997,0.550000012,0.0133333337
SL3_rand_15_r0,2,2819,32.9812393,32,4.11333084,4.17859983,0.0221399646,0.0121399648,0.00176650635,0.000217309105,0.00978269055,3.83978486,6,2.5,7.7304101,1,1,0,28,0,-0.111768641,-0.981544673,83.3315048,1.05213273,1.50977051,4.17859983,418.9534,69.4898987,4.08850002,0.0250000004,50,1,0.119999997,0.550000012,0.0133333337
SL3_rand_15_r0,2,2820,33.3083191,33,4.62009192,4.17859983,0.0222613029,0.0122613031,0.0020209176,-0.0019398476,0.0119398478,5.0347147,6,2.5,7.7304101,1,1,0,29,0,0.220320344,-0.101423785,83.5133514,1.04265404,6.74407291,4.17859983,418.9534,69.4898987,4.08850002,0.0250000004,50,1,0.119999997,0.550000012,0.0133333337
