SL4_rand_25_r0,0,522,0.0133333337,0,0,5.21409988,0.0676666647,0.0576666668,0.281685621,0.280095816,0,0,6,2.5,9.64608479,0,0,0,0,0,0.688890159,-0.558751941,88.5976868,0.507108986,0.499932021,5.21409988,762.899719,54.6534996,3.49480009,0.0250000004,50,1,0.119999997,0.550000012,0.0133333337
SL4_rand_25_r0,0,523,0.0266666673,0,0,5.21409988,0.0673333332,0.0573333316,0.279392242,0.277271032,0,0,6,2.5,9.64608479,0,0,0,0,0,0.688890159,-0.558751941,88.5976868,0.507108986,0.499932021,5.21409988,762.899719,54.6534996,3.49480009,0.0250000004,50,1,0.119999997,0.550000012,0.0133333337
SL4_rand_25_r0,0,524,0.0399999991,0,0,5.21409988,0.0670000017,0.057,0.275147825,0.273203015,0,0,6,2.5,9.64608479,0,0,0,0,0,0.688890159,-0.558751941,88.5976868,0.507108986,0.499932021,5.21409988,762.899719,54.6534996,3.49480009,0.0250000004,50,1,0.119999997,0.550000012,0.0133333337
SL4_rand_25_r0,0,525,0.0533333346,0,0,5.21409988,0.0666666701,0.0566666685,0.272273272,0.271125376,0,0,6,2.5,9.64608479,0,0,0,0,0,0.688890159,-0.558751941,88.5976868,0.507108986,0.499932021,5.21409988,762.899719,54.6534996,3.49480009,0.0250000004,50,1,0.119999997,0.550000012,0.0133333337
SL4_rand_25_r0,0,526,0.0666666701,0,0,5.21409988,0.0663333312,0.0563333333,0.268177092,0.265887171,0,0,6,2.5,9.64608479,0,0,0,0,0,0.688890159,-0.558751941,88.5976868,0.507108986,0.499932021,5.21409988,762.899719,54.6534996,3.49480009,0.0250000004,50,1,0.119999997,0.550000012,0.0133333337
SL4_rand_25_r0,0,527,0.0799999982,0,0,5.21409988,0.0659999996,0.0560000017,0.264641285,0.263235152,0,0,6,2.5,9.64608479,0,0,0,0,0,0.688890159,-0.558751941,88.5976868,0.507108986,0.499932021,5.21409988,762.899719,54.6534996,3.49480009,0.0250000004,50,1,0.119999997,0.550000012,0.0133333337
SL4_rand_25_r0,0,528,0.0933333337,0,0,5.21409988,0.0656666681,0.0556666665,0.261039287,0.259382069,0,0,6,2.5,9.64608479,0,0,0,0,0,0.688890159,-0.558751941,88.5976868,0.507108986,0.499932021,5.21409988,762.899719,54.6534996,3.49480009,0.0250000004,50,1,0.119999997,0.550000012,0.0133333337
SL4_rand_25_r0,0,529,0.106666669,0,0,5.21409988,0.0653333366,0.055333335,0.257011682,0.255312085,0,0,6,2.5,9.64608479,0,0,0,0,0,0.688890159,-0.558751941,88.5976868,0.507108986,0.499932021,5.21409988,762.899719,54.6534996,3.49480009,0.0250000004,50,1,0.119999997,0.550000012,0.0133333337
SL4_rand_25_r0,0,530,0.119999997,0,0,5.21409988,0.0649999976,0.0549999997,0.253897578,0.251919001,0,0,6,2.5,9.64608479,0,0,0,0,0,0.688890159,-0.558751941,88.5976868,0.507108986,0.499932021,5.21409988,762.899719,54.6534996,3.49480009,0.0250000004,50,1,0.119999997,0.550000012,0.0133333337
SL4_rand_25_r0,0,531,0.13333334,0,0,5.21409988,0.0646666661,0.0546666682,0.249492243,0.247462198,0,0,6,2.5,9.64608479,0,0,0,0,0,0.688890159,-0.558751941,88.5976868,0.507108986,0.499932021,5.21409988,762.899719,54.6534996,3.49480009,0.0250000004,50,1,0.119999997,0.550000012,0.0133333337
SL4_rand_25_r0,0,532,0.146666661,0,0,5.21409988,0.0643333346,0.0543333329,0.246779963,0.245244235,0,0,6,2.5,9.64608479,0,0,0,0,0,0.688890159,-0.558751941,88.5976868,0.507108986,0.499932021,5.21409988,762.899719,54.6534996,3.49480009,0.0250000004,50,1,0.119999997,0.550000012,0.0133333337
SL4_rand_25_r0,0,533,0.159999996,0,0,5.21409988,0.064000003,0.0540000014,0.242058381,0.240720525,0,0,6,2.5,9.64608479,0,0,0,0,0,0.688890159,-0.558751941,88.5976868,0.507108986,0.499932021,5.21409988,762.899719,54.6534996,3.49480009,0.0250000004,50,1,0.119999997,0.550000012,0.0133333337
SL4_rand_25_r0,0,534,0.173333332,0,0,5.21409988,0.0636666641,0.0536666662,0.238927275,0.237090886,0,0,6,2.5,9.64608479,0,0,0,0,0,0.688890159,-0.558751941,88.5976868,0.507108986,0.499932021,5.21409988,762.899719,54.6534996,3.49480009,0.0250000004,50,1,0.119999997,0.550000012,0.0133333337
SL4_rand_25_r0,0,535,0.186666667,0,0,5.21409988,0.0633333325,0.0533333346,0.234671593,0.233044907,0,0,6,2.5,9.64608479,0,0,0,0,0,0.688890159,-0.558751941,88.5976868,0.507108986,0.499932021,5.21409988,762.899719,54.6534996,3.49480009,0.0250000004,50,1,0.119999997,0.550000012,0.0133333337
SL4_rand_25_r0,0,536,0.200000003,0,0,5.21409988,0.063000001,0.0529999994,0.23114416,0.229285255,0,0,6,2.5,9.64608479,0,0,0,0,0,0.688890159,-0.558751941,88.5976868,0.507108986,0.499932021,5.21409988,762.899719,54.6534996,3.49480009,0.0250000004,50,1,0.119999997,0.550000012,0.0133333337
SL4_rand_25_r0,0,537,0.213333338,0,0,5.21409988,0.0626666695,0.0526666678,0.227387205,0.225431681,0,0,6,2.5,9.64608479,0,0,0,0,0,0.688890159,-0.558751941,88.5976868,0.507108986,0.499932021,5.21409988,762.899719,54.6534996,3.49480009,0.0250000004,50,1,0.119999997,0.550000012,0.0133333337
SL4_rand_25_r0,0,538,0.226666674,0,0,5.21409988,0.0623333342,0.0523333326,0.2233347,0.22222276,0,0,6,2.5,9.64608479,0,0,0,0,0,0.688890159,-0.558751941,88.5976868,0.507108986,0.499932021,5.21409988,762.899719,54.6534996,3.49480009,0.0250000004,50,1,0.119999997,0.550000012,0.0133333337
SL4_rand_25_r0,0,539,0.239999995,0,0,5.21409988,0.061999999,0.0520000011,0.220192418,0.218866959,0,0,6,2.5,9.64608479,0,0,0,0,0,0.688890159,-0.558751941,88.5976868,0.507108986,0.499932021,5.21409988,762.899719,54.6534996,3.49480009,0.0250000004,50,1,0.119999997,0.550000012,0.0133333337
SL4_rand_25_r0,0,540,0.25333333,0,0,5.21409988,0.0616666675,0.0516666658,0.215534374,0.214167506,0,0,6,2.5,9.64608479,0,0,0,0,0,0.688890159,-0.558751941,88.5976868,0.507108986,0.499932021,5.21409988,762.899719,54.6534996,3.49480009,0.0250000004,50,1,0.119999997,0.550000012,0.0133333337
SL4_rand_25_r0,0,541,0.266666681,0,0,5.21409988,0.0613333322,0.0513333343,0.212492034,0.210581198,0,0,6,2.5,9.64608479,0,0,0,0,0,0.688890159,-0.558751941,88.5976868,0.507108986,0.499932021,5.21409988,762.899719,54.6534996,3.49480009,0.0250000004,50,1,0.119999997,0.550000012,0.0133333337
SL4_rand_25_r0,0,542,0.280000001,0,0,5.21409988,0.0610000007,0.050999999,0.207772851,0.206117153,0,0,6,2.5,9.64608479,0,0,0,0,0,0.688890159,-0.558751941,88.5976868,0.507108986,0.499932021,5.21409988,762.899719,54.6534996,3.49480009,0.0250000004,50,1,0.119999997,0.550000012,0.0133333337
SL4_rand_25_r0,0,543,0.293333322,0,0,5.21409988,0.0606666654,0.0506666675,0.204166979,0.202990502,0,0,6,2.5,9.64608479,0,0,0,0,0,0.688890159,-0.558751941,88.5976868,0.507108986,0.499932021,5.21409988,762.899719,54.6534996,3.49480009,0.0250000004,50,1,0.119999997,0.550000012,0.0133333337
SL4_rand_25_r0,0,544,0.306666672,0,0,5.21409988,0.0603333339,0.0503333323,0.200050279,0.198055893,0,0,6,2.5,9.64608479,0,0,0,0,0,0.688890159,-0.558751941,88.5976868,0.507108986,0.499932021,5.21409988,762.899719,54.6534996,3.49480009,0.0250000004,50,1,0.119999997,0.550000012,0.0133333337
SL4_rand_25_r0,0,545,0.319999993,0,0,5.21409988,0.0599999987,0.0500000007,0.195758879,0.194643617,0,0,6,2.5,9.64608479,0,0,0,0,0,0.688890159,-0.558751941,88.5976868,0.507108986,0.499932021,5.21409988,762.899719,54.6534996,3.49480009,0.0250000004,50,1,0.119999997,0.550000012,0.0133333337
SL4_rand_25_r0,0,546,0.333333343,0,0,5.21409988,0.0596666671,0.0496666655,0.192310378,0.191010669,0,0,6,2.5,9.64608479,0,0,0,0,0,0.688890159,-0.558751941,88.5976868,0.507108986,0.499932021,5.21409988,762.899719,54.6534996,3.49480009,0.0250000004,50,1,0.119999997,0.550000012,0.0133333337
SL4_rand_25_r0,0,547,0.346666664,0,0,5.21409988,0.0593333319,0.049333334,0.187312558,0.18599616,0,0,6,2.5,9.64608479,0,0,0,0,0,0.688890159,-0.558751941,88.5976868,0.507108986,0.499932021,5.21409988,762.899719,54.6534996,3.49480009,0.0250000004,50,1,0.119999997,0.550000012,0.0133333337
SL4_rand_25_r0,0,548,0.360000014,0,0,5.21409988,0.0590000004,0.0489999987,0.183796614,0.181949109,0,0,6,2.5,9.64608479,0,0,0,0,0,0.688890159,-0.558751941,88.5976868,0.507108986,0.499932021,5.21409988,762.899719,54.6534996,3.49480009,0.0250000004,50,1,0.119999997,0.550000012,0.0133333337
SL4_rand_25_r0,0,549,0.373333335,0,0,5.21409988,0.0586666651,0.0486666672,0.178928077,0.177365437,0,0,6,2.5,9.64608479,0,0,0,0,0,0.688890159,-0.558751941,88.5976868,0.507108986,0.499932021,5.21409988,762.899719,54.6534996,3.49480009,0.0250000004,50,1,0.119999997,0.550000012,0.0133333337
SL4_rand_25_r0,0,550,0.386666656,0,0,5.21409988,0.0583333336,0.0483333319,0.174693003,0.17399089,0,0,6,2.5,9.64608479,0,0,0,0,0,0.688890159,-0.558751941,88.5976868,0.507108986,0.499932021,5.21409988,762.899719,54.6534996,3.49480009,0.0250000004,50,1,0.119999997,0.550000012,0.0133333337
SL4_rand_25_r0,0,551,0.400000006,0,0,5.21409988,0.0579999983,0.0480000004,0.170672402,0.168790653,0,0,6,2.5,9.64608479,0,0,0,0,0,0.688890159,-0.558751941,88.5976868,0.507108986,0.499932021,5.21409988,762.899719,54.6534996,3.49480009,0.0250000004,50,1,0.119999997,0.550000012,0.0133333337
SL4_rand_25_r0,0,552,0.413333327,0,0,5.21409988,0.0576666668,0.0476666652,0.165619403,0.164799318,0,0,6,2.5,9.64608479,0,0,0,0,0,0.688890159,-0.558751941,88.5976868,0.507108986,0.499932021,5.21409988,762.899719,54.6534996,3.49480009,0.0250000004,50,1,0.119999997,0.550000012,0.0133333337
SL4_rand_25_r0,0,553,0.426666677,0,0,5.21409988,0.0573333316,0.0473333336,0.161856338,0.160930544,0,0,6,2.5,9.64608479,0,0,0,0,0,0.688890159,-0.558751941,88.5976868,0.507108986,0.499932021,5.21409988,762.899719,54.6534996,3.49480009,0.0250000004,50,1,0.119999997,0.550000012,0.0133333337
SL4_rand_25_r0,0,554,0.439999998,0,0,5.21409988,0.057,0.0469999984,0.156798974,0.155741379,0,0,6,2.5,9.64608479,0,0,0,0,0,0.688890159,-0.558751941,88.5976868,0.507108986,0.499932021,5.21409988,762.899719,54.6534996,3.49480009,0.0250000004,50,1,0.119999997,0.550000012,0.0133333337
SL4_rand_25_r0,0,555,0.453333348,0,0,5.21409988,0.0566666685,0.0466666669,0.15221405,0.151269808,0,0,6,2.5,9.64608479,0,0,0,0,0,0.688890159,-0.558751941,88.5976868,0.507108986,0.499932021,5.21409988,762.899719,54.6534996,3.49480009,0.0250000004,50,1,0.119999997,0.550000012,0.0133333337
SL4_rand_25_r0,0,556,0.466666669,0,0,5.21409988,0.0563333333,0.0463333316,0.148105115,0.147371247,0,0,6,2.5,9.64608479,0,0,0,0,0,0.688890159,-0.558751941,88.5976868,0.507108986,0.499932021,5.21409988,762.899719,54.6534996,3.49480009,0.0250000004,50,1,0.119999997,0.550000012,0.0133333337
SL4_rand_25_r0,0,557,0.479999989,0,0,5.21409988,0.0560000017,0.0460000001,0.143005282,0.141860083,0,0,6,2.5,9.64608479,0,0,0,0,0,0.688890159,-0.558751941,88.5976868,0.507108986,0.499932021,5.21409988,762.899719,54.6534996,3.49480009,0.0250000004,50,1,0.119999997,0.550000012,0.0133333337
SL4_rand_25_r0,0,558,0.49333334,0,0,5.21409988,0.0556666665,0.0456666648,0.138992488,0.137989953,0,0,6,2.5,9.64608479,0,0,0,0,0,0.688890159,-0.558751941,88.5976868,0.507108986,0.499932021,5.21409988,762.899719,54.6534996,3.49480009,0.0250000004,50,1,0.119999997,0.550000012,0.0133333337
SL4_rand_25_r0,0,559,0.50666666,0,0,5.21409988,0.055333335,0.0453333333,0.134226605,0.133474514,0,0,6,2.5,9.64608479,0,0,0,0,0,0.688890159,-0.558751941,88.5976868,0.507108986,0.499932021,5.21409988,762.899719,54.6534996,3.49480009,0.0250000004,50,1,0.119999997,0.550000012,0.0133333337
SL4_rand_25_r0,0,560,0.519999981,0,0,5.21409988,0.0549999997,0.0450000018,0.129631266,0.128425136,0,0,6,2.5,9.64608479,0,0,0,0,0,0.688890159,-0.558751941,88.5976868,0.507108986,0.499932021,5.21409988,762.899719,54.6534996,3.49480009,0.0250000004,50,1,0.119999997,0.550000012,0.0133333337
SL4_rand_25_r0,0,561,0.533333361,0,0,5.21409988,0.0546666682,0.0446666665,0.125883281,0.124810323,0,0,6,2.5,9.64608479,0,0,0,0,0,0.688890159,-0.558751941,88.5976868,0.507108986,0.499932021,5.21409988,762.899719,54.6534996,3.49480009,0.0250000004,50,1,0.119999997,0.550000012,0.0133333337
SL4_rand_25_r0,0,562,0.546666682,0,0,5.21409988,0.0543333329,0.044333335,0.12081667,0.12003614,0,0,6,2.5,9.64608479,0,0,0,0,0,0.688890159,-0.558751941,88.5976868,0.507108986,0.499932021,5.21409988,762.899719,54.6534996,3.49480009,0.0250000004,50,1,0.119999997,0.550000012,0.0133333337
SL4_rand_25_r0,0,563,0.560000002,0,0,5.21409988,0.0540000014,0.0439999998,0.116769433,0.11546357,0,0,6,2.5,9.64608479,0,0,0,0,0,0.688890159,-0.558751941,88.5976868,0.507108986,0.499932021,5.21409988,762.899719,54.6534996,3.49480009,0.0250000004,50,1,0.119999997,0.550000012,0.0133333337
SL4_rand_25_r0,0,564,0.573333323,0,0,5.21409988,0.0536666662,0.0436666682,0.112749942,0.111534297,0,0,6,2.5,9.64608479,0,0,0,0,0,0.688890159,-0.558751941,88.5976868,0.507108986,0.499932021,5.21409988,762.899719,54.6534996,3.49480009,0.0250000004,50,1,0.119999997,0.550000012,0.0133333337
SL4_rand_25_r0,0,565,0.586666644,0,0,5.21409988,0.0533333346,0.043333333,0.108300991,0.107457943,0,0,6,2.5,9.64608479,0,0,0,0,0,0.688890159,-0.558751941,88.5976868,0.507108986,0.499932021,5.21409988,762.899719,54.6534996,3.49480009,0.0250000004,50,1,0.119999997,0.550000012,0.0133333337
SL4_rand_25_r0,0,566,0.600000024,0,0,5.21409988,0.0529999994,0.0430000015,0.10487856,0.103410244,0,0,6,2.5,9.64608479,0,0,0,0,0,0.688890159,-0.558751941,88.5976868,0.507108986,0.499932021,5.21409988,762.899719,54.6534996,3.49480009,0.0250000004,50,1,0.119999997,0.550000012,0.0133333337
SL4_rand_25_r0,0,567,0.613333344,0,0,5.21409988,0.0526666678,0.0426666662,0.100731827,0.100238897,0,0,6,2.5,9.64608479,0,0,0,0,0,0.688890159,-0.558751941,88.5976868,0.507108986,0.499932021,5.21409988,762.899719,54.6534996,3.49480009,0.0250000004,50,1,0.119999997,0.550000012,0.0133333337
SL4_rand_25_r0,0,568,0.626666665,0,0,5.21409988,0.0523333326,0.0423333347,0.09708675,0.0961214304,0,0,6,2.5,9.64608479,0,0,0,0,0,0.688890159,-0.558751941,88.5976868,0.507108986,0.499932021,5.21409988,762.899719,54.6534996,3.49480009,0.0250000004,50,1,0.119999997,0.550000012,0.0133333337
SL4_rand_25_r0,0,569,0.639999986,0,0,5.21409988,0.0520000011,0.0419999994,0.0939340591,0.0930764154,0,0,6,2.5,9.64608479,0,0,0,0,0,0.688890159,-0.558751941,88.5976868,0.507108986,0.499932021,5.21409988,762.899719,54.6534996,3.49480009,0.0250000004,50,1,0.119999997,0.550000012,0.0133333337
SL4_rand_25_r0,0,570,0.653333306,0,0,5.21409988,0.0516666658,0.0416666679,0.0903778896,0.0897747055,0,0,6,2.5,9.64608479,0,0,0,0,0,0.688890159,-0.558751941,88.5976868,0.507108986,0.499932021,5.21409988,762.899719,54.6534996,3.49480009,0.0250000004,50,1,0.119999997,0.550000012,0.0133333337
SL4_rand_25_r0,0,571,0.666666687,0,0,5.21409988,0.0513333343,0.0413333327,0.0874779895,0.0863109306,0,0,6,2.5,9.64608479,0,0,0,0,0,0.688890159,-0.558751941,88.5976868,0.507108986,0.499932021,5.21409988,762.899719,54.6534996,3.49480009,0.0250000004,50,1,0.119999997,0.550000012,0.0133333337
SL4_rand_25_r0,0,572,0.680000007,0,0,5.21409988,0.050999999,0.0410000011,0.0844843388,0.0834698528,0,0,6,2.5,9.64608479,0,0,0,0,0,0.688890159,-0.558751941,88.5976868,0.507108986,0.499932021,5.21409988,762.899719,54.6534996,3.49480009,0.0250000004,50,1,0.119999997,0.550000012,0.0133333337
SL4_rand_25_r0,0,573,0.693333328,0,0,5.21409988,0.0506666675,0.0406666659,0.0817630887,0.0808783025,0,0,6,2.5,9.64608479,0,0,0,0,0,0.688890159,-0.558751941,88.5976868,0.507108986,0.499932021,5.21409988,762.899719,54.6534996,3.49480009,0.0250000004,50,1,0.119999997,0.550000012,0.0133333337
SL4_rand_25_r0,0,574,0.706666648,0,0,5.21409988,0.0503333323,0.0403333344,0.0794642419,0.0790052563,0,0,6,2.5,9.64608479,0,0,0,0,0,0.688890159,-0.558751941,88.5976868,0.507108986,0.499932021,5.21409988,762.899719,54.6534996,3.49480009,0.0250000004,50,1,0.119999997,0.550000012,0.0133333337
SL4_rand_25_r0,0,575,0.720000029,0,0,5.21409988,0.0500000007,0.0399999991,0.0767616481,0.0763760284,0,0,6,2.5,9.64608479,0,0,0,0,0,0.688890159,-0.558751941,88.5976868,0.507108986,0.499932021,5.21409988,762.899719,54.6534996,3.49480009,0.0250000004,50,1,0.119999997,0.550000012,0.0133333337
SL4_rand_25_r0,0,576,0.733333349,0,0.601188481,5.21409988,0.0496666655,0.0396666676,0.0744638667,0.0735702068,0,1.09307003,6,2.5,9.64608479,0,0,0,0,0,0.688890159,-0.558751941,88.5976868,0.507108986,0.499932021,5.21409988,762.899719,54.6534996,3.49480009,0.0250000004,50,1,0.119999997,0.550000012,0.0133333337
SL4_rand_25_r0,0,577,0.74666667,0,0.871723354,5.21409988,0.049333334,0.0393333323,0.072536923,0.0717780739,0,1.09307003,6,2.5,9.64608479,0,0,0,0,0,0.688890159,-0.558751941,88.5976868,0.507108986,0.499932021,5.21409988,762.899719,54.6534996,3.49480009,0.0250000004,50,1,0.119999997,0.550000012,0.0133333337
SL4_rand_25_r0,0,578,0.75999999,0,0.993463993,5.21409988,0.0489999987,0.0390000008,0.0704060495,0.0698649958,0,1.09307003,6,2.5,9.64608479,0,0,0,0,0,0.688890159,-0.558751941,88.5976868,0.507108986,0.499932021,5.21409988,762.899719,54.6534996,3.49480009,0.0250000004,50,1,0.119999997,0.550000012,0.0133333337
SL4_rand_25_r0,0,579,0.773333311,0,1.04824734,5.21409988,0.0486666672,0.0386666656,0.068711102,0.0684985965,0,1.09307003,6,2.5,9.64608479,0,0,0,0,0,0.688890159,-0.558751941,88.5976868,0.507108986,0.499932021,5.21409988,762.899719,54.6534996,3.49480009,0.0250000004,50,1,0.119999997,0.550000012,0.0133333337
SL4_rand_25_r0,0,580,0.786666691,0,1.07289982,5.21409988,0.0483333319,0.038333334,0.0669422001,0.0659528598,0,1.09307003,6,2.5,9.64608479,0,0,0,0,0,0.688890159,-0.558751941,88.5976868,0.507108986,0.499932021,5.21409988,762.899719,54.6534996,3.49480009,0.0250000004,50,1,0.119999997,0.550000012,0.0133333337
SL4_rand_25_r0,0,581,0.800000012,0,1.08399343,5.21409988,0.0480000004,0.0379999988,0.0650057346,0.0645449236,0,1.09307003,6,2.5,9.64608479,0,0,0,0,0,0.688890159,-0.558751941,88.5976868,0.507108986,0.499932021,5.21409988,762.899719,54.6534996,3.49480009,0.0250000004,50,1,0.119999997,0.550000012,0.0133333337
SL4_rand_25_r0,0,582,0.813333333,0,1.08898556,5.21409988,0.0476666652,0.0376666673,0.0638424456,0.0627337769,0,1.09307003,6,2.5,9.64608479,0,0,0,0,0,0.688890159,-0.558751941,88.5976868,0.507108986,0.499932021,5.21409988,762.899719,54.6534996,3.49480009,0.0250000004,50,1,0.119999997,0.550000012,0.0133333337
SL4_rand_25_r0,0,583,0.826666653,0,1.09123194,5.21409988,0.0473333336,0.037333332,0.0619856529,0.0611634403,0,1.09307003,6,2.5,9.64608479,0,0,0,0,0,0.688890159,-0.558751941,88.5976868,0.507108986,0.499932021,5.21409988,762.899719,54.6534996,3.49480009,0.0250000004,50,1,0.119999997,0.550000012,0.0133333337
SL4_rand_25_r0,0,584,0.839999974,0,1.09224284,5.21409988,0.0469999984,0.0370000005,0.0606943592,0.0601978935,0,1.09307003,6,2.5,9.64608479,0,0,0,0,0,0.688890159,-0.558751941,88.5976868,0.507108986,0.499932021,5.21409988,762.899719,54.6534996,3.49480009,0.0250000004,50,1,0.119999997,0.550000012,0.0133333337
SL4_rand_25_r0,0,585,0.853333354,0,1.09269786,5.21409988,0.0466666669,0.0366666652,0.059486147,0.0591598861,0,1.09307003,6,2.5,9.64608479,0,0,0,0,0,0.688890159,-0.558751941,88.5976868,0.507108986,0.499932021,5.21409988,762.899719,54.6534996,3.49480009,0.0250000004,50,1,0.119999997,0.550000012,0.0133333337
SL4_rand_25_r0,0,586,0.866666675,0,1.09290254,5.21409988,0.0463333316,0.0363333337,0.057920821,0.0572024025,0,1.09307003,6,2.5,9.64608479,0,0,0,0,0,0.688890159,-0.558751941,88.5976868,0.507108986,0.499932021,5.21409988,762.899719,54.6534996,3.49480009,0.0250000004,50,1,0.119999997,0.550000012,0.0133333337
SL4_rand_25_r0,0,587,0.879999995,0,1.09299457,5.21409988,0.0460000001,0.0359999985,0.0570899323,0.0566021279,0,1.09307003,6,2.5,9.64608479,0,0,0,0,0,0.688890159,-0.558751941,88.5976868,0.507108986,0.499932021,5.21409988,762.899719,54.6534996,3.49480009,0.0250000004,50,1,0.119999997,0.550000012,0.0133333337
SL4_rand_25_r0,0,588,0.893333316,0,1.09303606,5.21409988,0.0456666648,0.0356666669,0.0556546822,0.0545671023,0,1.09307003,6,2.5,9.64608479,0,0,0,0,0,0.688890159,-0.558751941,88.5976868,0.507108986,0.499932021,5.21409988,762.899719,54.6534996,3.49480009,0.0250000004,50,1,0.119999997,0.550000012,0.0133333337
SL4_rand_25_r0,0,589,0.906666696,0,1.09305477,5.21409988,0.0453333333,0.0353333317,0.05457763,0.0540097319,0,1.09307003,6,2.5,9.64608479,0,0,0,0,0,0.688890159,-0.558751941,88.5976868,0.507108986,0.499932021,5.21409988,762.899719,54.6534996,3.49480009,0.0250000004,50,1,0.119999997,0.550000012,0.0133333337
SL4_rand_25_r0,0,590,0.920000017,0,1.09306312,5.21409988,0.0450000018,0.0350000001,0.0533451103,0.0530263558,0,1.09307003,6,2.5,9.64608479,0,0,0,0,0,0.688890159,-0.558751941,88.5976868,0.507108986,0.499932021,5.21409988,762.899719,54.6534996,3.49480009,0.0250000004,50,1,0.119999997,0.550000012,0.0133333337
SL4_rand_25_r0,0,591,0.933333337,0,1.09306693,5.21409988,0.0446666665,0.0346666649,0.0523862019,0.0515541546,0,1.09307003,6,2.5,9.64608479,0,0,0,0,0,0.688890159,-0.558751941,88.5976868,0.507108986,0.499932021,5.21409988,762.899719,54.6534996,3.49480009,0.0250000004,50,1,0.119999997,0.550000012,0.0133333337
SL4_rand_25_r0,0,592,0.946666658,0,1.0930686,5.21409988,0.044333335,0.0343333334,0.0514652357,0.0508732907,0,1.09307003,6,2.5,9.64608479,0,0,0,0,0,0.688890159,-0.558751941,88.5976868,0.507108986,0.499932021,5.21409988,762.899719,54.6534996,3.49480009,0.0250000004,50,1,0.119999997,0.550000012,0.0133333337
SL4_rand_25_r0,0,593,0.959999979,0,1.09306931,5.21409988,0.0439999998,0.0340000018,0.0504820794,0.0503282584,0,1.09307003,6,2.5,9.64608479,0,0,0,0,0,0.688890159,-0.558751941,88.5976868,0.507108986,0.499932021,5.21409988,762.899719,54.6534996,3.49480009,0.0250000004,50,1,0.119999997,0.550000012,0.0133333337
SL4_rand_25_r0,0,594,0.973333359,0,1.09306967,5.21409988,0.0436666682,0.0336666666,0.0495680347,0.0489298739,0,1.09307003,6,2.5,9.64608479,0,0,0,0,0,0.688890159,-0.558751941,88.5976868,0.507108986,0.499932021,5.21409988,762.899719,54.6534996,3.49480009,0.0250000004,50,1,0.119999997,0.550000012,0.0133333337
SL4_rand_25_r0,0,595,0.986666679,0,1.09306991,5.21409988,0.043333333,0.0333333351,0.0486041754,0.0482304245,0,1.09307003,6,2.5,9.64608479,0,0,0,0,0,0.688890159,-0.558751941,88.5976868,0.507108986,0.499932021,5.21409988,762.899719,54.6534996,3.49480009,0.0250000004,50,1,0.119999997,0.550000012,0.0133333337
SL4_rand_25_r0,0,596,1,0,1.09306991,5.21409988,0.0430000015,0.0329999998,0.0476948135,0.0476535,0,1.09307003,6,2.5,9.64608479,0,0,0,0,0,0.688890159,-0.558751941,88.5976868,0.507108986,0.499932021,5.21409988,762.899719,54.6534996,3.49480009,0.0250000004,50,1,0.119999997,0.550000012,0.0133333337
SL4_rand_25_r0,0,597,1.01333332,1,1.09307003,5.21409988,0.0426666662,0.0326666683,0.0470061004,0.046362713,0,1.09307003,6,2.5,9.64608479,0,0,0,0,0,0.423855275,-0.0952595323,89.0687637,0.725118458,0.399722695,5.21409988,762.899719,54.6534996,3.49480009,0.0250000004,50,1,0.119999997,0.550000012,0.0133333337
SL4_rand_25_r0,0,598,1.02666664,1,1.09307003,5.21409988,0.0423333347,0.032333333,0.0458726585,0.0455626734,0,1.09307003,6,2.5,9.64608479,0,0,0,0,0,0.423855275,-0.0952595323,89.0687637,0.725118458,0.399722695,5.21409988,762.899719,54.6534996,3.49480009,0.0250000004,50,1,0.119999997,0.550000012,0.0133333337
SL4_rand_25_r0,0,599,1.03999996,1,1.09307003,5.21409988,0.0419999994,0.0320000015,0.0451781116,0.0450999103,0,1.09307003,6,2.5,9.64608479,0,0,0,0,0,0.423855275,-0.0952595323,89.0687637,0.725118458,0.399722695,5.21409988,762.899719,54.6534996,3.49480009,0.0250000004,50,1,0.119999997,0.550000012,0.0133333337
SL4_rand_25_r0,0,600,1.05333328,1,1.09307003,5.21409988,0.0416666679,0.0316666663,0.0445406884,0.0432735346,0,1.09307003,6,2.5,9.64608479,0,0,0,0,0,0.423855275,-0.0952595323,89.0687637,0.725118458,0.399722695,5.21409988,762.899719,54.6534996,3.49480009,0.0250000004,50,1,0.119999997,0.550000012,0.0133333337
SL4_rand_25_r0,0,601,1.06666672,1,1.09307003,5.21409988,0.0413333327,0.0313333347,0.0434990637,0.0429937579,0,1.09307003,6,2.5,9.64608479,0,0,0,0,0,0.423855275,-0.0952595323,89.0687637,0.725118458,0.399722695,5.21409988,762.899719,54.6534996,3.49480009,0.0250000004,50,1,0.119999997,0.550000012,0.0133333337
SL4_rand_25_r0,0,602,1.08000004,1,1.09307003,5.21409988,0.0410000011,0.0309999995,0.0426580086,0.042344071,0,1.09307003,6,2.5,9.64608479,0,0,0,0,0,0.423855275,-0.0952595323,89.0687637,0.725118458,0.399722695,5.21409988,762.899719,54.6534996,3.49480009,0.0250000004,50,1,0.119999997,0.550000012,0.0133333337
SL4_rand_25_r0,0,603,1.09333336,1,1.09307003,5.21409988,0.0406666659,0.0306666661,0.0419207253,0.0418082885,0,1.09307003,6,2.5,9.64608479,0,0,0,0,0,0.423855275,-0.0952595323,89.0687637,0.725118458,0.399722695,5.21409988,762.899719,54.6534996,3.49480009,0.0250000004,50,1,0.119999997,0.550000012,0.0133333337
SL4_rand_25_r0,0,604,1.10666668,1,1.09307003,5.21409988,0.0403333344,0.0303333327,0.0410598256,0.0405159146,0,1.09307003,6,2.5,9.64608479,0,0,0,0,0,0.423855275,-0.0952595323,89.0687637,0.725118458,0.399722695,5.21409988,762.899719,54.6534996,3.49480009,0.0250000004,50,1,0.119999997,0.550000012,0.0133333337
SL4_rand_25_r0,0,605,1.12,1,1.09307003,5.21409988,0.0399999991,0.0299999993,0.0400216132,0.0398236923,0,1.09307003,6,2.5,9.64608479,0,0,0,0,0,0.423855275,-0.0952595323,89.0687637,0.725118458,0.399722695,5.21409988,762.899719,54.6534996,3.49480009,0.0250000004,50,1,0.119999997,0.550000012,0.0133333337
SL4_rand_25_r0,0,606,1.13333333,1,1.09307003,5.21409988,0.0396666676,0.0296666659,0.0394025221,0.0393918902,0,1.09307003,6,2.5,9.64608479,0,0,0,0,0,0.423855275,-0.0952595323,89.0687637,0.725118458,0.399722695,5.21409988,762.899719,54.6534996,3.49480009,0.0250000004,50,1,0.119999997,0.550000012,0.0133333337
SL4_rand_25_r0,0,607,1.14666665,1,1.09307003,5.21409988,0.0393333323,0.0293333326,0.0387653261,0.0378837846,0,1.09307003,6,2.5,9.64608479,0,0,0,0,0,0.423855275,-0.0952595323,89.0687637,0.725118458,0.399722695,5.21409988,762.899719,54.6534996,3.49480009,0.0250000004,50,1,0.119999997,0.550000012,0.0133333337
SL4_rand_25_r0,0,608,1.15999997,1,1.09307003,5.21409988,0.0390000008,0.0289999992,0.037761312,0.0373944379,0,1.09307003,6,2.5,9.64608479,0,0,0,0,0,0.423855275,-0.0952595323,89.0687637,0.725118458,0.399722695,5.21409988,762.899719,54.6534996,3.49480009,0.0250000004,50,1,0.119999997,0.550000012,0.0133333337
SL4_rand_25_r0,0,609,1.17333329,1,1.09307003,5.21409988,0.0386666656,0.0286666658,0.0372274816,0.0369538851,0,1.09307003,6,2.5,9.64608479,0,0,0,0,0,0.423855275,-0.0952595323,89.0687637,0.725118458,0.399722695,5.21409988,762.899719,54.6534996,3.49480009,0.0250000004,50,1,0.119999997,0.550000012,0.0133333337
SL4_rand_25_r0,0,610,1.18666661,1,1.09307003,5.21409988,0.038333334,0.0283333343,0.036619544,0.0363751315,0,1.09307003,6,2.5,9.64608479,0,0,0,0,0,0.423855275,-0.0952595323,89.0687637,0.725118458,0.399722695,5.21409988,762.899719,54.6534996,3.49480009,0.0250000004,50,1,0.119999997,0.550000012,0.0133333337
SL4_rand_25_r0,0,611,1.20000005,1,1.09307003,5.21409988,0.0379999988,0.0280000009,0.0357299931,0.034900859,0,1.09307003,6,2.5,9.64608479,0,0,0,0,0,0.423855275,-0.0952595323,89.0687637,0.725118458,0.399722695,5.21409988,762.899719,54.6534996,3.49480009,0.0250000004,50,1,0.119999997,0.550000012,0.0133333337
SL4_rand_25_r0,0,612,1.21333337,1,1.09307003,5.21409988,0.0376666673,0.0276666675,0.0347888581,0.0344200283,0,1.09307003,6,2.5,9.64608479,0,0,0,0,0,0.423855275,-0.0952595323,89.0687637,0.725118458,0.399722695,5.21409988,762.899719,54.6534996,3.49480009,0.0250000004,50,1,0.119999997,0.550000012,0.0133333337
SL4_rand_25_r0,0,613,1.22666669,1,1.09307003,5.21409988,0.037333332,0.0273333341,0.0339932367,0.0339055434,0,1.09307003,6,2.5,9.64608479,0,0,0,0,0,0.423855275,-0.0952595323,89.0687637,0.725118458,0.399722695,5.21409988,762.899719,54.6534996,3.49480009,0.0250000004,50,1,0.119999997,0.550000012,0.0133333337
SL4_rand_25_r0,0,614,1.24000001,1,1.09307003,5.21409988,0.0370000005,0.0270000007,0.0334332362,0.0334283002,0,1.09307003,6,2.5,9.64608479,0,0,0,0,0,0.423855275,-0.0952595323,89.0687637,0.725118458,0.399722695,5.21409988,762.899719,54.6534996,3.49480009,0.0250000004,50,1,0.119999997,0.550000012,0.0133333337
SL4_rand_25_r0,0,615,1.25333333,1,1.09307003,5.21409988,0.0366666652,0.0266666673,0.0325331837,0.0320472308,0,1.09307003,6,2.5,9.64608479,0,0,0,0,0,0.423855275,-0.0952595323,89.0687637,0.725118458,0.399722695,5.21409988,762.899719,54.6534996,3.49480009,0.0250000004,50,1,0.119999997,0.550000012,0.0133333337
SL4_rand_25_r0,0,616,1.26666665,1,1.09307003,5.21409988,0.0363333337,0.0263333339,0.031825237,0.0315557867,0,1.09307003,6,2.5,9.64608479,0,0,0,0,0,0.423855275,-0.0952595323,89.0687637,0.725118458,0.399722695,5.21409988,762.899719,54.6534996,3.49480009,0.0250000004,50,1,0.119999997,0.550000012,0.0133333337
SL4_rand_25_r0,0,617,1.27999997,1,1.09307003,5.21409988,0.0359999985,0.0260000005,0.0312458072,0.0311993659,0,1.09307003,6,2.5,9.64608479,0,0,0,0,0,0.423855275,-0.0952595323,89.0687637,0.725118458,0.399722695,5.21409988,762.899719,54.6534996,3.49480009,0.0250000004,50,1,0.119999997,0.550000012,0.0133333337
SL4_rand_25_r0,0,618,1.29333329,1,1.09307003,5.21409988,0.0356666669,0.0256666671,0.030830957,0.0307025593,0,1.09307003,6,2.5,9.64608479,0,0,0,0,0,0.423855275,-0.0952595323,89.0687637,0.725118458,0.399722695,5.21409988,762.899719,54.6534996,3.49480009,0.0250000004,50,1,0.119999997,0.550000012,0.0133333337
SL4_rand_25_r0,0,619,1.30666661,1,1.09307003,5.21409988,0.0353333317,0.0253333338,0.0300881099,0.0295059755,0,1.09307003,6,2.5,9.64608479,0,0,0,0,0,0.423855275,-0.0952595323,89.0687637,0.725118458,0.399722695,5.21409988,762.899719,54.6534996,3.49480009,0.0250000004,50,1,0.119999997,0.550000012,0.0133333337
SL4_rand_25_r0,0,620,1.32000005,1,1.09307003,5.21409988,0.0350000001,0.0250000004,0.02938677,0.0290130544,0,1.09307003,6,2.5,9.64608479,0,0,0,0,0,0.423855275,-0.0952595323,89.0687637,0.725118458,0.399722695,5.21409988,762.899719,54.6534996,3.49480009,0.0250000004,50,1,0.119999997,0.550000012,0.0133333337
SL4_rand_25_r0,0,621,1.33333337,1,1.09307003,5.21409988,0.0346666649,0.024666667,0.0288199224,0.0285018291,0,1.09307003,6,2.5,9.64608479,0,0,0,0,0,0.423855275,-0.0952595323,89.0687637,0.725118458,0.399722695,5.21409988,762.899719,54.6534996,3.49480009,0.0250000004,50,1,0.119999997,0.550000012,0.0133333337
SL4_rand_25_r0,0,622,1.34666669,1,1.09307003,5.21409988,0.0343333334,0.0243333336,0.028379973,0.0273590591,0,1.09307003,6,2.5,9.64608479,0,0,0,0,0,0.423855275,-0.0952595323,89.0687637,0.725118458,0.399722695,5.21409988,762.899719,54.6534996,3.49480009,0.0250000004,50,1,0.119999997,0.550000012,0.0133333337
SL4_rand_25_r0,0,623,1.36000001,1,1.09307003,5.21409988,0.0340000018,0.0240000002,0.02752777,0.0269239563,0,1.09307003,6,2.5,9.64608479,0,0,0,0,0,0.423855275,-0.0952595323,89.0687637,0.725118458,0.399722695,5.21409988,762.899719,54.6534996,3.49480009,0.0250000004,50,1,0.119999997,0.550000012,0.0133333337
SL4_rand_25_r0,0,624,1.37333333,1,1.09307003,5.21409988,0.0336666666,0.0236666668,0.027001949,0.0268031564,0,1.09307003,6,2.5,9.64608479,0,0,0,0,0,0.423855275,-0.0952595323,89.0687637,0.725118458,0.399722695,5.21409988,762.899719,54.6534996,3.49480009,0.0250000004,50,1,0.119999997,0.550000012,0.0133333337
SL4_rand_25_r0,0,625,1.38666666,1,1.09307003,5.21409988,0.0333333351,0.0233333334,0.0265051574,0.0263867714,0,1.09307003,6,2.5,9.64608479,0,0,0,0,0,0.423855275,-0.0952595323,89.0687637,0.725118458,0.399722695,5.21409988,762.899719,54.6534996,3.49480009,0.0250000004,50,1,0.119999997,0.550000012,0.0133333337
SL4_rand_25_r0,0,626,1.39999998,1,1.09307003,5.21409988,0.0329999998,0.023,0.0259647928,0.0254112482,0,1.09307003,6,2.5,9.64608479,0,0,0,0,0,0.423855275,-0.0952595323,89.0687637,0.725118458,0.399722695,5.21409988,762.899719,54.6534996,3.49480009,0.0250000004,50,1,0.119999997,0.550000012,0.0133333337
SL4_rand_25_r0,0,627,1.4133333,1,1.09307003,5.21409988,0.0326666683,0.0226666667,0.0251886565,0.0250112563,0,1.09307003,6,2.5,9.64608479,0,0,0,0,0,0.423855275,-0.0952595323,89.0687637,0.725118458,0.399722695,5.21409988,762.899719,54.6534996,3.49480009,0.0250000004,50,1,0.119999997,0.550000012,0.0133333337
SL4_rand_25_r0,0,628,1.42666662,1,1.09307003,5.21409988,0.032333333,0.0223333333,0.0248039141,0.0247434098,0,1.09307003,6,2.5,9.64608479,0,0,0,0,0,0.423855275,-0.0952595323,89.0687637,0.725118458,0.399722695,5.21409988,762.899719,54.6534996,3.49480009,0.0250000004,50,1,0.119999997,0.550000012,0.0133333337
SL4_rand_25_r0,0,629,1.44000006,1,1.09307003,5.21409988,0.0320000015,0.0219999999,0.0244272817,0.0237295292,0,1.09307003,6,2.5,9.64608479,0,0,0,0,0,0.423855275,-0.0952595323,89.0687637,0.725118458,0.399722695,5.21409988,762.899719,54.6534996,3.49480009,0.0250000004,50,1,0.119999997,0.550000012,0.0133333337
SL4_rand_25_r0,0,630,1.45333338,1,1.09307003,5.21409988,0.0316666663,0.0216666665,0.0238721035,0.023480989,0,1.09307003,6,2.5,9.64608479,0,0,0,0,0,0.423855275,-0.0952595323,89.0687637,0.725118458,0.399722695,5.21409988,762.899719,54.6534996,3.49480009,0.0250000004,50,1,0.119999997,0.550000012,0.0133333337
SL4_rand_25_r0,0,631,1.4666667,1,1.09307003,5.21409988,0.0313333347,0.0213333331,0.0235478748,0.0231599472,0,1.09307003,6,2.5,9.64608479,0,0,0,0,0,0.423855275,-0.0952595323,89.0687637,0.725118458,0.399722695,5.21409988,762.899719,54.6534996,3.49480009,0.0250000004,50,1,0.119999997,0.550000012,0.0133333337
SL4_rand_25_r0,0,632,1.48000002,1,1.09307003,5.21409988,0.0309999995,0.0209999997,0.023354549,0.0232404973,0,1.09307003,6,2.5,9.64608479,0,0,0,0,0,0.423855275,-0.0952595323,89.0687637,0.725118458,0.399722695,5.21409988,762.899719,54.6534996,3.49480009,0.0250000004,50,1,0.119999997,0.550000012,0.0133333337
SL4_rand_25_r0,0,633,1.49333334,1,1.09307003,5.21409988,0.0306666661,0.0206666663,0.022578096,0.0223512631,0,1.09307003,6,2.5,9.64608479,0,0,0,0,0,0.423855275,-0.0952595323,89.0687637,0.725118458,0.399722695,5.21409988,762.899719,54.6534996,3.49480009,0.0250000004,50,1,0.119999997,0.550000012,0.0133333337
SL4_rand_25_r0,0,634,1.50666666,1,1.09307003,5.21409988,0.0303333327,0.0203333329,0.0221689455,0.0221361611,0,1.09307003,6,2.5,9.64608479,0,0,0,0,0,0.423855275,-0.0952595323,89.0687637,0.725118458,0.399722695,5.21409988,762.899719,54.6534996,3.49480009,0.0250000004,50,1,0.119999997,0.550000012,0.0133333337
SL4_rand_25_r0,0,635,1.51999998,1,1.09307003,5.21409988,0.0299999993,0.0199999996,0.0218581297,0.0218446497,0,1.09307003,6,2.5,9.64608479,0,0,0,0,0,0.423855275,-0.0952595323,89.0687637,0.725118458,0.399722695,5.21409988,762.899719,54.6534996,3.49480009,0.0250000004,50,1,0.119999997,0.550000012,0.0133333337
SL4_rand_25_r0,0,636,1.5333333,1,1.09307003,5.21409988,0.0296666659,0.0196666662,0.0213696156,0.0210971646,0,1.09307003,6,2.5,9.64608479,0,0,0,0,0,0.423855275,-0.0952595323,89.0687637,0.725118458,0.399722695,5.21409988,762.899719,54.6534996,3.49480009,0.0250000004,50,1,0.119999997,0.550000012,0.0133333337
SL4_rand_25_r0,0,637,1.54666662,1,1.09307003,5.21409988,0.0293333326,0.0193333328,0.0209130701,0.0208179206,0,1.09307003,6,2.5,9.64608479,0,0,0,0,0,0.423855275,-0.0952595323,89.0687637,0.725118458,0.399722695,5.21409988,762.899719,54.6534996,3.49480009,0.0250000004,50,1,0.119999997,0.550000012,0.0133333337
SL4_rand_25_r0,0,638,1.55999994,1,1.09307003,5.21409988,0.0289999992,0.0189999994,0.0209740605,0.0201187842,0,1.09307003,6,2.5,9.64608479,0,0,0,0,0,0.423855275,-0.0952595323,89.0687637,0.725118458,0.399722695,5.21409988,762.899719,54.6534996,3.49480009,0.0250000004,50,1,0.119999997,0.550000012,0.0133333337
SL4_rand_25_r0,0,639,1.57333338,1,1.09307003,5.21409988,0.0286666658,0.018666666,0.0202834532,0.0198533889,0,1.09307003,6,2.5,9.64608479,0,0,0,0,0,0.423855275,-0.0952595323,89.0687637,0.725118458,0.399722695,5.21409988,762.899719,54.6534996,3.49480009,0.0250000004,50,1,0.119999997,0.550000012,0.0133333337
SL4_rand_25_r0,0,640,1.5866667,1,1.09307003,5.21409988,0.0283333343,0.0183333326,0.0204385892,0.0201243032,0,1.09307003,6,2.5,9.64608479,0,0,0,0,0,0.423855275,-0.0952595323,89.0687637,0.725118458,0.399722695,5.21409988,762.899719,54.6534996,3.49480009,0.0250000004,50,1,0.119999997,0.550000012,0.0133333337
SL4_rand_25_r0,0,641,1.60000002,1,1.09307003,5.21409988,0.0280000009,0.0179999992,0.0199938044,0.0189430192,0,1.09307003,6,2.5,9.64608479,0,0,0,0,0,0.423855275,-0.0952595323,89.0687637,0.725118458,0.399722695,5.21409988,762.899719,54.6534996,3.49480009,0.0250000004,50,1,0.119999997,0.550000012,0.0133333337
SL4_rand_25_r0,0,642,1.61333334,1,1.09307003,5.21409988,0.0276666675,0.0176666658,0.0197788831,0.0192476958,0,1.09307003,6,2.5,9.64608479,0,0,0,0,0,0.423855275,-0.0952595323,89.0687637,0.725118458,0.399722695,5.21409988,762.899719,54.6534996,3.49480009,0.0250000004,50,1,0.119999997,0.550000012,0.0133333337
SL4_rand_25_r0,0,643,1.62666667,1,1.09307003,5.21409988,0.0273333341,0.0173333324,0.0196397938,0.0190557037,0,1.09307003,6,2.5,9.64608479,0,0,0,0,0,0.423855275,-0.0952595323,89.0687637,0.725118458,0.399722695,5.21409988,762.899719,54.6534996,3.49480009,0.0250000004,50,1,0.119999997,0.550000012,0.0133333337
SL4_rand_25_r0,0,644,1.63999999,1,1.09307003,5.21409988,0.0270000007,0.0170000009,0.0190075841,0.0183616355,0,1.09307003,6,2.5,9.64608479,0,0,0,0,0,0.423855275,-0.0952595323,89.0687637,0.725118458,0.399722695,5.21409988,762.899719,54.6534996,3.49480009,0.0250000004,50,1,0.119999997,0.550000012,0.0133333337
SL4_rand_25_r0,0,645,1.65333331,1,1.09307003,5.21409988,0.0266666673,0.0166666675,0.018452514,0.0182138663,0,1.09307003,6,2.5,9.64608479,0,0,0,0,0,0.423855275,-0.0952595323,89.0687637,0.725118458,0.399722695,5.21409988,762.899719,54.6534996,3.49480009,0.0250000004,50,1,0.119999997,0.550000012,0.0133333337
SL4_rand_25_r0,0,646,1.66666663,1,1.09307003,5.21409988,0.0263333339,0.0163333341,0.0182946771,0.017986903,0,1.09307003,6,2.5,9.64608479,0,0,0,0,0,0.423855275,-0.0952595323,89.0687637,0.725118458,0.399722695,5.21409988,762.899719,54.6534996,3.49480009,0.0250000004,50,1,0.119999997,0.550000012,0.0133333337
SL4_rand_25_r0,0,647,1.67999995,1,1.09307003,5.21409988,0.0260000005,0.0160000008,0.0175541826,0.0173995923,0,1.09307003,6,2.5,9.64608479,0,0,0,0,0,0.423855275,-0.0952595323,89.0687637,0.725118458,0.399722695,5.21409988,762.899719,54.6534996,3.49480009,0.0250000004,50,1,0.119999997,0.550000012,0.0133333337
SL4_rand_25_r0,0,648,1.69333339,1,1.09307003,5.21409988,0.0256666671,0.0156666674,0.0172133986,0.017175639,0,1.09307003,6,2.5,9.64608479,0,0,0,0,0,0.423855275,-0.0952595323,89.0687637,0.725118458,0.399722695,5.21409988,762.899719,54.6534996,3.49480009,0.0250000004,50,1,0.119999997,0.550000012,0.0133333337
SL4_rand_25_r0,0,649,1.70666671,1,1.09307003,5.21409988,0.0253333338,0.0153333331,0.0170088485,0.0166087151,0,1.09307003,6,2.5,9.64608479,0,0,0,0,0,0.423855275,-0.0952595323,89.0687637,0.725118458,0.399722695,5.21409988,762.899719,54.6534996,3.49480009,0.0250000004,50,1,0.119999997,0.550000012,0.0133333337
SL4_rand_25_r0,0,650,1.72000003,1,1.09307003,5.21409988,0.0250000004,0.0149999997,0.0164366905,0.0163897797,0,1.09307003,6,2.5,9.64608479,0,0,0,0,0,0.423855275,-0.0952595323,89.0687637,0.725118458,0.399722695,5.21409988,762.899719,54.6534996,3.49480009,0.0250000004,50,1,0.119999997,0.550000012,0.0133333337
SL4_rand_25_r0,0,651,1.73333335,1,1.09307003,5.21409988,0.024666667,0.0146666663,0.016649751,0.0165862795,0,1.09307003,6,2.5,9.64608479,0,0,0,0,0,0.423855275,-0.0952595323,89.0687637,0.725118458,0.399722695,5.21409988,762.899719,54.6534996,3.49480009,0.0250000004,50,1,0.119999997,0.550000012,0.0133333337
SL4_rand_25_r0,0,652,1.74666667,1,1.09307003,5.21409988,0.0243333336,0.0143333329,0.0160343125,0.015623969,0,1.09307003,6,2.5,9.64608479,0,0,0,0,0,0.423855275,-0.0952595323,89.0687637,0.725118458,0.399722695,5.21409988,762.899719,54.6534996,3.49480009,0.0250000004,50,1,0.119999997,0.550000012,0.0133333337
SL4_rand_25_r0,0,653,1.75999999,1,1.09307003,5.21409988,0.0240000002,0.0140000004,0.0159702692,0.0158213507,0,1.09307003,6,2.5,9.64608479,0,0,0,0,0,0.423855275,-0.0952595323,89.0687637,0.725118458,0.399722695,5.21409988,762.899719,54.6534996,3.49480009,0.0250000004,50,1,0.119999997,0.550000012,0.0133333337
SL4_rand_25_r0,0,654,1.77333331,1,1.09307003,5.21409988,0.0236666668,0.013666667,0.0159389544,0.0149130942,0,1.09307003,6,2.5,9.64608479,0,0,0,0,0,0.423855275,-0.0952595323,89.0687637,0.725118458,0.399722695,5.21409988,762.899719,54.6534996,3.49480009,0.0250000004,50,1,0.119999997,0.550000012,0.0133333337
SL4_rand_25_r0,0,655,1.78666663,1,1.09307003,5.21409988,0.0233333334,0.0133333337,0.0153054297,0.0147132967,0,1.09307003,6,2.5,9.64608479,0,0,0,0,0,0.423855275,-0.0952595323,89.0687637,0.725118458,0.399722695,5.21409988,762.899719,54.6534996,3.49480009,0.0250000004,50,1,0.119999997,0.550000012,0.0133333337
SL4_rand_25_r0,0,656,1.79999995,1,1.09307003,5.21409988,0.023,0.0130000003,0.0151754143,0.0141756497,0,1.09307003,6,2.5,9.64608479,0,0,0,0,0,0.423855275,-0.0952595323,89.0687637,0.725118458,0.399722695,5.21409988,762.899719,54.6534996,3.49480009,0.0250000004,50,1,0.119999997,0.550000012,0.0133333337
SL4_rand_25_r0,0,657,1.81333339,1,1.09307003,5.21409988,0.0226666667,0.0126666669,0.0142876692,0.0139802471,0,1.09307003,6,2.5,9.64608479,0,0,0,0,0,0.423855275,-0.0952595323,89.0687637,0.725118458,0.399722695,5.21409988,762.899719,54.6534996,3.49480009,0.0250000004,50,1,0.119999997,0.550000012,0.0133333337
SL4_rand_25_r0,0,658,1.82666671,1,1.09307003,5.21409988,0.0223333333,0.0123333335,0.0146415904,0.0143773416,0,1.09307003,6,2.5,9.64608479,0,0,0,0,0,0.423855275,-0.0952595323,89.0687637,0.725118458,0.399722695,5.21409988,762.899719,54.6534996,3.49480009,0.0250000004,50,1,0.119999997,0.550000012,0.0133333337
SL4_rand_25_r0,0,659,1.84000003,1,1.09307003,5.21409988,0.0219999999,0.0120000001,0.0136966081,0.0132584386,0,1.09307003,6,2.5,9.64608479,0,0,0,0,0,0.423855275,-0.0952595323,89.0687637,0.725118458,0.399722695,5.21409988,762.899719,54.6534996,3.49480009,0.0250000004,50,1,0.119999997,0.550000012,0.0133333337
SL4_rand_25_r0,0,660,1.85333335,1,1.09307003,5.21409988,0.0216666665,0.0116666667,0.0139077967,0.0134731801,0,1.09307003,6,2.5,9.64608479,0,0,0,0,0,0.423855275,-0.0952595323,89.0687637,0.725118458,0.399722695,5.21409988,762.899719,54.6534996,3.49480009,0.0250000004,50,1,0.119999997,0.550000012,0.0133333337
SL4_rand_25_r0,0,661,1.86666667,1,1.09307003,5.21409988,0.0213333331,0.0113333333,0.0136078596,0.0125404559,0,1.09307003,6,2.5,9.64608479,0,0,0,0,0,0.423855275,-0.0952595323,89.0687637,0.725118458,0.399722695,5.21409988,762.899719,54.6534996,3.49480009,0.0250000004,50,1,0.119999997,0.550000012,0.0133333337
SL4_rand_25_r0,0,662,1.88,1,1.09307003,5.21409988,0.0209999997,0.0109999999,0.0133964438,0.0127547048,0,1.09307003,6,2.5,9.64608479,0,0,0,0,0,0.423855275,-0.0952595323,89.0687637,0.725118458,0.399722695,5.21409988,762.899719,54.6534996,3.49480009,0.0250000004,50,1,0.119999997,0.550000012,0.0133333337
SL4_rand_25_r0,0,663,1.89333332,1,1.09307003,5.21409988,0.0206666663,0.0106666666,0.013639194,0.0118805105,0,1.09307003,6,2.5,9.64608479,0,0,0,0,0,0.423855275,-0.0952595323,89.0687637,0.725118458,0.399722695,5.21409988,762.899719,54.6534996,3.49480009,0.0250000004,50,1,0.119999997,0.550000012,0.0133333337
SL4_rand_25_r0,0,664,1.90666664,1,1.09307003,5.21409988,0.0203333329,0.0103333332,0.0125872632,0.0116926068,0,1.09307003,6,2.5,9.64608479,0,0,0,0,0,0.423855275,-0.0952595323,89.0687637,0.725118458,0.399722695,5.21409988,762.899719,54.6534996,3.49480009,0.0250000004,50,1,0.119999997,0.550000012,0.0133333337
SL4_rand_25_r0,0,665,1.91999996,1,1.09307003,5.21409988,0.0199999996,0.00999999978,0.0124444189,0.0120971948,0,1.09307003,6,2.5,9.64608479,0,0,0,0,0,0.423855275,-0.0952595323,89.0687637,0.725118458,0.399722695,5.21409988,762.899719,54.6534996,3.49480009,0.0250000004,50,1,0.119999997,0.550000012,0.0133333337
SL4_rand_25_r0,0,666,1.93333328,1,1.09307003,5.21409988,0.0196666662,0.00966666639,0.0116951447,0.0109869428,0,1.09307003,6,2.5,9.64608479,0,0,0,0,0,0.423855275,-0.0952595323,89.0687637,0.725118458,0.399722695,5.21409988,762.899719,54.6534996,3.49480009,0.0250000004,50,1,0.119999997,0.550000012,0.0133333337
SL4_rand_25_r0,0,667,1.94666672,1,1.09307003,5.21409988,0.0193333328,0.009333333,0.0115134576,0.0113961287,0,1.09307003,6,2.5,9.64608479,0,0,0,0,0,0.423855275,-0.0952595323,89.0687637,0.725118458,0.399722695,5.21409988,762.899719,54.6534996,3.49480009,0.0250000004,50,1,0.119999997,0.550000012,0.0133333337
SL4_rand_25_r0,0,668,1.96000004,1,1.09307003,5.21409988,0.0189999994,0.00899999961,0.0114038633,0.0102802301,0,1.09307003,6,2.5,9.64608479,0,0,0,0,0,0.423855275,-0.0952595323,89.0687637,0.725118458,0.399722695,5.21409988,762.899719,54.6534996,3.49480009,0.0250000004,50,1,0.119999997,0.550000012,0.0133333337
SL4_rand_25_r0,0,669,1.97333336,1,1.09307003,5.21409988,0.018666666,0.00866666622,0.0111739887,0.0106942886,0,1.09307003,6,2.5,9.64608479,0,0,0,0,0,0.423855275,-0.0952595323,89.0687637,0.725118458,0.399722695,5.21409988,762.899719,54.6534996,3.49480009,0.0250000004,50,1,0.119999997,0.550000012,0.0133333337
SL4_rand_25_r0,0,670,1.98666668,1,1.09307003,5.21409988,0.0183333326,0.00833333377,0.0115609095,0.0111138076,0,1.09307003,6,2.5,9.64608479,0,0,0,0,0,0.423855275,-0.0952595323,89.0687637,0.725118458,0.399722695,5.21409988,762.899719,54.6534996,3.49480009,0.0250000004,50,1,0.119999997,0.550000012,0.0133333337
SL4_rand_25_r0,0,671,2,2,1.12210476,5.21409988,0.0179999992,0.00800000038,0.0106422668,0.00993080251,6.91971654e-05,1.14586055,6,2.5,9.64608479,0,0,0,0,0,0.908723116,-0.0858533457,89.3422089,0.919431269,178.466019,5.21409988,762.899719,54.6534996,3.49480009,0.0250000004,50,1,0.119999997,0.550000012,0.0133333337
SL4_rand_25_r0,0,672,2.01333332,2,1.18445885,5.21409988,0.0176666658,0.00766666653,0.010475968,0.00981333666,0.000186663761,1.23547578,6,2.5,9.64608479,0,0,0,0,0,0.908723116,-0.0858533457,89.3422089,0.919431269,178.466019,5.21409988,762.899719,54.6534996,3.49480009,0.0250000004,50,1,0.119999997,0.550000012,0.0133333337
SL4_rand_25_r0,0,673,2.02666664,2,1.46592402,5.21409988,0.0173333324,0.00733333314,0.00963558629,0.00920940656,0.000790593855,1.69621384,6,2.5,9.64608479,0,0,0,0,0,0.908723116,-0.0858533457,89.3422089,0.919431269,178.466019,5.21409988,762.899719,54.6534996,3.49480009,0.0250000004,50,1,0.119999997,0.550000012,0.0133333337
SL4_rand_25_r0,0,674,2.03999996,2,1.64424074,5.21409988,0.0170000009,0.00700000022,0.00923703611,0.0090862941,0.000913706201,1.79013622,6,2.5,9.64608479,0,0,0,0,0,0.908723116,-0.0858533457,89.3422089,0.919431269,178.466019,5.21409988,762.899719,54.6534996,3.49480009,0.0250000004,50,1,0.119999997,0.550000012,0.0133333337
SL4_rand_25_r0,0,675,2.05333328,2,2.19266105,5.21409988,0.0166666675,0.00666666683,0.00930279959,0.00797050819,0.00202949182,2.64136863,6,2.5,9.64608479,0,0,0,0,0,0.908723116,-0.0858533457,89.3422089,0.919431269,178.466019,5.21409988,762.899719,54.6534996,3.49480009,0.0250000004,50,1,0.119999997,0.550000012,0.0133333337
SL4_rand_25_r0,0,676,2.0666666,2,2.2722764,5.21409988,0.0163333341,0.00633333344,0.00871665496,0.00836892519,0.00163107459,2.33741641,6,2.5,9.64608479,0,0,0,0,0,0.908723116,-0.0858533457,89.3422089,0.919431269,178.466019,5.21409988,762.899719,54.6534996,3.49480009,0.0250000004,50,1,0.119999997,0.550000012,0.0133333337
SL4_rand_25_r0,0,677,2.07999992,2,2.13586998,5.21409988,0.0160000008,0.00600000005,0.00918883178,0.00877940096,0.00122059928,2.02426481,6,2.5,9.64608479,0,0,0,0,0,0.908723116,-0.0858533457,89.3422089,0.919431269,178.466019,5.21409988,762.899719,54.6534996,3.49480009,0.0250000004,50,1,0.119999997,0.550000012,0.0133333337
SL4_rand_25_r0,0,678,2.09333324,2,2.32548404,5.21409988,0.0156666674,0.00566666666,0.00844226312,0.00818121154,0.00181878812,2.48062301,6,2.5,9.64608479,0,0,0,0,0,0.908723116,-0.0858533457,89.3422089,0.919431269,178.466019,5.21409988,762.899719,54.6534996,3.49480009,0.0250000004,50,1,0.119999997,0.550000012,0.0133333337
SL4_rand_25_r0,0,679,2.10666656,2,2.71806931,5.21409988,0.0153333331,0.00533333328,0.00852484442,0.00744893635,0.00255106343,3.03927565,6,2.5,9.64608479,0,1,0,0,0,0.908723116,-0.0858533457,89.3422089,0.919431269,178.466019,5.21409988,762.899719,54.6534996,3.49480009,0.0250000004,50,1,0.119999997,0.550000012,0.0133333337
SL4_rand_25_r0,0,680,2.11999989,2,3.15441847,5.21409988,0.0149999997,0.00499999989,0.00752817746,0.0068300399,0.00316995988,3.51143146,6,2.5,9.64608479,1,1,0,1,0,0.908723116,-0.0858533457,89.3422089,0.919431269,178.466019,5.21409988,762.899719,54.6534996,3.49480009,0.0250000004,50,1,0.119999997,0.550000012,0.0133333337
SL4_rand_25_r0,0,681,2.39958405,2,3.39828873,5.21409988,0.0146666663,0.0046666665,0.00686648022,0.00671680458,0.00328319566,3.59781885,6,2.5,9.64608479,1,1,0,2,0,0.908723116,-0.0858533457,89.3422089,0.919431269,178.466019,5.21409988,762.899719,54.6534996,3.49480009,0.0250000004,50,1,0.119999997,0.550000012,0.0133333337
SL4_rand_25_r0,0,682,2.67916799,2,3.37340379,5.21409988,0.0143333329,0.00433333311,0.00712392479,0.00703765359,0.00296234642,3.35304332,6,2.5,9.64608479,1,1,0,3,0,0.908723116,-0.0858533457,89.3422089,0.919431269,178.466019,5.21409988,762.899719,54.6534996,3.49480009,0.0250000004,50,1,0.119999997,0.550000012,0.0133333337
SL4_rand_25_r0,0,683,2.95875192,2,3.62362909,5.21409988,0.0140000004,0.00400000019,0.00657985779,0.00641461508,0.00358538493,3.82835913,6,2.5,9.64608479,1,1,0,4,0,0.908723116,-0.0858533457,89.3422089,0.919431269,178.466019,5.21409988,762.899719,54.6534996,3.49480009,0.0250000004,50,1,0.119999997,0.550000012,0.0133333337
SL4_rand_25_r0,0,684,3.23833609,3,4.09580374,5.21409988,0.013666667,0.00366666657,0.00564575288,0.00555766188,0.0044423379,4.48212814,6,2.5,9.64608479,1,1,0,5,0,-0.00945778564,-0.25689885,89.1757507,1.01421797,0.056184154,5.21409988,762.899719,54.6534996,3.49480009,0.0250000004,50,1,0.119999997,0.550000012,0.0133333337
SL4_rand_25_r0,0,685,3.51792002,3,4.3963685,5.21409988,0.0133839631,0.0033839636,0.00640386017,0.00534773013,0.00465226965,4.64228535,6,2.5,9.64608479,1,1,0,6,0,-0.00945778564,-0.25689885,89.1757507,1.01421797,0.056184154,5.21409988,762.899719,54.6534996,3.49480009,0.0250000004,50,1,0.119999997,0.550000012,0.0133333337
SL4_rand_25_r0,0,686,3.79750395,3,4.44501781,5.21409988,0.0131232124,0.00312321237,0.00597421778,0.00533650536,0.00466349488,4.4848218,6,2.5,9.64608479,1,1,0,7,0,-0.00945778564,-0.25689885,89.1757507,1.01421797,0.056184154,5.21409988,762.899719,54.6534996,3.49480009,0.0250000004,50,1,0.119999997,0.550000012,0.0133333337
SL4_rand_25_r0,0,687,4.07708788,4,4.70435381,5.21409988,0.0129381577,0.00293815765,0.00555782579,0.00467625959,0.00532374019,4.91653776,6,2.5,9.64608479,1,1,0,8,0,0.868916154,-0.113298155,89.2263641,1.00473928,0.722728491,5.21409988,762.899719,54.6534996,3.49480009,0.0250000004,50,1,0.119999997,0.550000012,0.0133333337
SL4_rand_25_r0,0,688,4.35667181,4,4.59425735,5.21409988,0.0127351368,0.00273513678,0.00546202576,0.00489140488,0.00510859536,4.504179,6,2.5,9.64608479,1,1,0,9,0,0.868916154,-0.113298155,89.2263641,1.00473928,0.722728491,5.21409988,762.899719,54.6534996,3.49480009,0.0250000004,50,1,0.119999997,0.550000012,0.0133333337
SL4_rand_25_r0,0,689,4.63625622,4,4.23807526,5.21409988,0.0124301817,0.00243018195,0.00583943678,0.00569942826,0.00430057151,3.94665289,6,2.5,9.64608479,1,1,0,10,0,0.868916154,-0.113298155,89.2263641,1.00473928,0.722728491,5.21409988,762.899719,54.6534996,3.49480009,0.0250000004,50,1,0.119999997,0.550000012,0.0133333337
SL4_rand_25_r0,0,690,4.91584015,4,4.54685545,5.21409988,0.0121940104,0.00219401042,0.00545694493,0.00501968246,0.00498031732,4.79949379,6,2.5,9.64608479,1,1,0,11,0,0.868916154,-0.113298155,89.2263641,1.00473928,0.722728491,5.21409988,762.899719,54.6534996,3.49480009,0.0250000004,50,1,0.119999997,0.550000012,0.0133333337
SL4_rand_25_r0,0,691,5.19542408,5,5.02903414,5.21409988,0.0121032409,0.00210324116,0.00438349834,0.00390603021,0.00609396957,5.42354393,6,2.5,9.64608479,1,1,0,12,0,0.716571629,-0.165158793,89.9440613,1.00473928,178.531265,5.21409988,762.899719,54.6534996,3.49480009,0.0250000004,50,1,0.119999997,0.550000012,0.0133333337
SL4_rand_25_r0,0,692,5.47500801,5,5.06195974,5.21409988,0.0120458519,0.0020458519,0.00395719288,0.00371968816,0.00628031185,5.08889914,6,2.5,9.64608479,1,1,0,13,0,0.716571629,-0.165158793,89.9440613,1.00473928,178.531265,5.21409988,762.899719,54.6534996,3.49480009,0.0250000004,50,1,0.119999997,0.550000012,0.0133333337
SL4_rand_25_r0,0,693,5.75459194,5,5.0627923,5.21409988,0.0120000001,0.00200000009,0.00398852257,0.00360953738,0.00639046263,5.0634737,6,2.5,9.64608479,1,1,0,14,0,0.716571629,-0.165158793,89.9440613,1.00473928,178.531265,5.21409988,762.899719,54.6534996,3.49480009,0.0250000004,50,1,0.119999997,0.550000012,0.0133333337
SL4_rand_25_r0,0,694,6.03417587,6,4.9247303,5.21409988,0.0120000001,0.00200000009,0.00411279546,0.00391456066,0.00608543959,4.81176996,6,2.5,9.64608479,1,1,0,15,0,0.0782543793,-1.53090203,88.7149429,1,0.829796135,5.21409988,762.899719,54.6534996,3.49480009,0.0250000004,50,1,0.119999997,0.550000012,0.0133333337
SL4_rand_25_r0,0,695,6.3137598,6,5.22245836,5.21409988,0.0120000001,0.00200000009,0.0039074216,0.00321762613,0.00678237388,5.46605396,6,2.5,9.64608479,1,1,0,16,0,0.0782543793,-1.53090203,88.7149429,1,0.829796135,5.21409988,762.899719,54.6534996,3.49480009,0.0250000004,50,1,0.119999997,0.550000012,0.0133333337
SL4_rand_25_r0,0,696,6.59334421,6,5.26001978,5.21409988,0.0120106712,0.00201067072,0.00321360119,0.00311870873,0.00688129105,5.29075193,6,2.5,9.64608479,1,1,0,17,0,0.0782543793,-1.53090203,88.7149429,1,0.829796135,5.21409988,762.899719,54.6534996,3.49480009,0.0250000004,50,1,0.119999997,0.550000012,0.0133333337
SL4_rand_25_r0,0,697,6.87292814,6,5.52363396,5.21409988,0.0120984307,0.00209843088,0.0025125856,0.0024311021,0.00756889768,5.73931789,6,2.5,9.64608479,1,1,0,18,0,0.0782543793,-1.53090203,88.7149429,1,0.829796135,5.21409988,762.899719,54.6534996,3.49480009,0.0250000004,50,1,0.119999997,0.550000012,0.0133333337
SL4_rand_25_r0,0,698,7.15251207,7,5.29007435,5.21409988,0.0121341618,0.00213416154,0.00371927698,0.00293909269,0.00706090732,5.09898043,6,2.5,9.64608479,1,1,0,19,0,1.76698959,-0.128815174,88.7866364,1.01421797,0.942050934,5.21409988,762.899719,54.6534996,3.49480009,0.0250000004,50,1,0.119999997,0.550000012,0.0133333337
SL4_rand_25_r0,0,699,7.432096,7,5.68053341,5.21409988,0.0122696813,0.00226968154,0.00280125695,0.00187292811,0.00812707189,6,6,2.5,9.64608479,1,1,0,20,0,1.76698959,-0.128815174,88.7866364,1.01421797,0.942050934,5.21409988,762.899719,54.6534996,3.49480009,0.0250000004,50,1,0.119999997,0.550000012,0.0133333337
SL4_rand_25_r0,0,700,7.71167994,7,5.82922316,5.21409988,0.0124631356,0.00246313587,0.00164233334,0.00161714607,0.00838285405,5.95087814,6,2.5,9.64608479,1,1,0,21,0,1.76698959,-0.128815174,88.7866364,1.01421797,0.942050934,5.21409988,762.899719,54.6534996,3.49480009,0.0250000004,50,1,0.119999997,0.550000012,0.0133333337
SL4_rand_25_r0,0,701,7.99126387,7,5.6260891,5.21409988,0.0126098199,0.00260981964,0.00205671671,0.00201170822,0.00798829179,5.45988846,6,2.5,9.64608479,1,1,0,22,0,1.76698959,-0.128815174,88.7866364,1.01421797,0.942050934,5.21409988,762.899719,54.6534996,3.49480009,0.0250000004,50,1,0.119999997,0.550000012,0.0133333337
SL4_rand_25_r0,0,702,8.27084827,8,5.68922949,5.21409988,0.0127662476,0.00276624714,0.00264147925,0.0018444109,0.00815558899,5.74088955,6,2.5,9.64608479,1,1,0,23,0,2.32095766,0.307489723,89.6316071,0.995260656,178.547882,5.21409988,762.899719,54.6534996,3.49480009,0.0250000004,50,1,0.119999997,0.550000012,0.0133333337
SL4_rand_25_r0,0,703,8.55043221,8,5.77901125,5.21409988,0.0129492385,0.00294923829,0.00171237416,0.00165627117,0.00834372919,5.85246897,6,2.5,9.64608479,1,1,0,24,0,2.32095766,0.307489723,89.6316071,0.995260656,178.547882,5.21409988,762.899719,54.6534996,3.49480009,0.0250000004,50,1,0.119999997,0.550000012,0.0133333337
SL4_rand_25_r0,0,704,8.83001614,8,5.61897564,5.21409988,0.0130922021,0.00309220236,0.0027025349,0.00201978488,0.00798021536,5.48803759,6,2.5,9.64608479,1,1,0,25,0,2.32095766,0.307489723,89.6316071,0.995260656,178.547882,5.21409988,762.899719,54.6534996,3.49480009,0.0250000004,50,1,0.119999997,0.550000012,0.0133333337
SL4_rand_25_r0,0,705,9.10960007,9,5.52704716,5.21409988,0.0132029597,0.00320295943,0.0023574396,0.00223929202,0.00776070822,5.45183277,6,2.5,9.64608479,1,1,0,26,0,1.60328639,-0.055590678,88.9183807,1.02369666,178.255783,5.21409988,762.899719,54.6534996,3.49480009,0.0250000004,50,1,0.119999997,0.550000012,0.0133333337
SL4_rand_25_r0,0,706,9.389184,9,5.78717136,5.21409988,0.0133806057,0.00338060525,0.00147651997,0.00132821267,0.00867178757,6,6,2.5,9.64608479,1,1,0,27,0,1.60328639,-0.055590678,88.9183807,1.02369666,178.255783,5.21409988,762.899719,54.6534996,3.49480009,0.0250000004,50,1,0.119999997,0.550000012,0.0133333337
SL4_rand_25_r0,0,707,9.66876793,9,5.67192698,5.21409988,0.0135373874,0.00353738712,0.00225033727,0.00192531571,0.00807468407,5.57763577,6,2.5,9.64608479,1,1,0,28,0,1.60328639,-0.055590678,88.9183807,1.02369666,178.255783,5.21409988,762.899719,54.6534996,3.49480009,0.0250000004,50,1,0.119999997,0.550000012,0.0133333337
SL4_rand_25_r0,0,708,9.94835186,9,5.85236692,5.21409988,0.0137408134,0.00374081382,0.00194834918,0.00120878569,0.00879121479,6,6,2.5,9.64608479,1,1,0,29,0,1.60328639,-0.055590678,88.9183807,1.02369666,178.255783,5.21409988,762.899719,54.6534996,3.49480009,0.0250000004,50,1,0.119999997,0.550000012,0.0133333337
SL4_rand_25_r0,0,709,10.2279358,10,5.93356514,5.21409988,0.0139745697,0.0039745695,0.00212371419,0.00125919504,0.00874080509,6,6,2.5,9.64608479,1,1,0,30,0,-0.32704246,-0.914170086,89.3487549,1.00473928,1.89205563,5.21409988,762.899719,54.6534996,3.49480009,0.0250000004,50,1,0.119999997,0.550000012,0.0133333337
SL4_rand_25_r0,0,710,10.5075197,10,5.67139721,5.21409988,0.0141405556,0.00414055586,0.00245893584,0.00184239936,0.00815760065,5.45689631,6,2.5,9.64608479,1,1,0,31,0,-0.32704246,-0.914170086,89.3487549,1.00473928,1.89205563,5.21409988,762.899719,54.6534996,3.49480009,0.0250000004,50,1,0.119999997,0.550000012,0.0133333337
SL4_rand_25_r0,0,711,10.7871037,10,5.29448843,5.21409988,0.0141905509,0.00419055065,0.0029328966,0.00275080022,0.00724919979,4.9861083,6,2.5,9.64608479,1,1,0,32,0,-0.32704246,-0.914170086,89.3487549,1.00473928,1.89205563,5.21409988,762.899719,54.6534996,3.49480009,0.0250000004,50,1,0.119999997,0.550000012,0.0133333337
SL4_rand_25_r0,0,712,11.0666876,11,5.68251991,5.21409988,0.0143289994,0.00432899967,0.00256464747,0.00128913403,0.00871086586,6,6,2.5,9.64608479,1,1,0,33,0,0.579623878,-0.167802304,87.5856018,1.00947869,176.745163,5.21409988,762.899719,54.6534996,3.49480009,0.0250000004,50,1,0.119999997,0.550000012,0.0133333337
SL4_rand_25_r0,0,713,11.3462725,11,5.85713387,5.21409988,0.014530695,0.0045306948,0.00242727296,0.00124292937,0.00875707064,6,6,2.5,9.64608479,1,1,0,34,0,0.579623878,-0.167802304,87.5856018,1.00947869,176.745163,5.21409988,762.899719,54.6534996,3.49480009,0.0250000004,50,1,0.119999997,0.550000012,0.0133333337
SL4_rand_25_r0,0,714,11.6258564,11,5.63643599,5.21409988,0.0146816261,0.00468162633,0.00257463404,0.00198155874,0.0080184415,5.45586491,6,2.5,9.64608479,1,1,0,35,0,0.579623878,-0.167802304,87.5856018,1.00947869,176.745163,5.21409988,762.899719,54.6534996,3.49480009,0.0250000004,50,1,0.119999997,0.550000012,0.0133333337
SL4_rand_25_r0,0,715,11.9054403,11,5.66618299,5.21409988,0.0148323597,0.00483235996,0.00261881971,0.00189217483,0.00810782518,5.69052172,6,2.5,9.64608479,1,1,0,36,0,0.579623878,-0.167802304,87.5856018,1.00947869,176.745163,5.21409988,762.899719,54.6534996,3.49480009,0.0250000004,50,1,0.119999997,0.550000012,0.0133333337
SL4_rand_25_r0,0,716,12.1850243,12,5.7745719,5.21409988,0.0150131695,0.00501316926,0.00251716445,0.00166660873,0.00833339151,5.86325359,6,2.5,9.64608479,1,1,0,37,0,0.0860365331,-2.75465751,89.1770477,1.01895738,1.43820393,5.21409988,762.899719,54.6534996,3.49480009,0.0250000004,50,1,0.119999997,0.550000012,0.0133333337
SL4_rand_25_r0,0,717,12.4646082,12,5.53391933,5.21409988,0.0151321422,0.00513214245,0.00225510146,0.00222711405,0.00777288573,5.33702183,6,2.5,9.64608479,1,1,0,38,0,0.0860365331,-2.75465751,89.1770477,1.01895738,1.43820393,5.21409988,762.899719,54.6534996,3.49480009,0.0250000004,50,1,0.119999997,0.550000012,0.0133333337
SL4_rand_25_r0,0,718,12.7441921,12,5.67416191,5.21409988,0.0152797662,0.0052797664,0.00215575169,0.00190058025,0.00809942,5.78890562,6,2.5,9.64608479,1,1,0,39,0,0.0860365331,-2.75465751,89.1770477,1.01895738,1.43820393,5.21409988,762.899719,54.6534996,3.49480009,0.0250000004,50,1,0.119999997,0.550000012,0.0133333337
SL4_rand_25_r0,0,719,13.0237761,13,5.62015581,5.21409988,0.0154171642,0.00541716395,0.00249386881,0.00205654535,0.0079434542,5.5759697,6,2.5,9.64608479,1,1,0,40,0,0.685915589,-0.0246912967,87.7418976,1.00947869,0.647351265,5.21409988,762.899719,54.6534996,3.49480009,0.0250000004,50,1,0.119999997,0.550000012,0.0133333337
SL4_rand_25_r0,0,720,13.30336,13,5.59886456,5.21409988,0.0155469421,0.00554694235,0.00221459195,0.00209332653,0.00790667348,5.58144426,6,2.5,9.64608479,1,1,0,41,0,0.685915589,-0.0246912967,87.7418976,1.00947869,0.647351265,5.21409988,762.899719,54.6534996,3.49480009,0.0250000004,50,1,0.119999997,0.550000012,0.0133333337
SL4_rand_25_r0,0,721,13.5829439,13,5.48665333,5.21409988,0.0156442821,0.00564428139,0.00240113074,0.00237066811,0.00762933213,5.39484406,6,2.5,9.64608479,1,1,0,42,0,0.685915589,-0.0246912967,87.7418976,1.00947869,0.647351265,5.21409988,762.899719,54.6534996,3.49480009,0.0250000004,50,1,0.119999997,0.550000012,0.0133333337
SL4_rand_25_r0,0,722,13.8625278,13,5.71036863,5.21409988,0.0157983564,0.00579835707,0.00320753129,0.00185659179,0.00814340822,5.89340878,6,2.5,9.64608479,1,1,0,43,0,0.685915589,-0.0246912967,87.7418976,1.00947869,0.647351265,5.21409988,762.899719,54.6534996,3.49480009,0.0250000004,50,1,0.119999997,0.550000012,0.0133333337
SL4_rand_25_r0,0,723,14.1421118,14,5.51237297,5.21409988,0.015906889,0.00590688968,0.00311760302,0.00232451805,0.00767548196,5.35037661,6,2.5,9.64608479,1,1,0,44,0,0.246291488,-0.282387555,88.3239288,1.02369666,2.064991,5.21409988,762.899719,54.6534996,3.49480009,0.0250000004,50,1,0.119999997,0.550000012,0.0133333337
SL4_rand_25_r0,0,724,14.4216957,14,5.35874081,5.21409988,0.0159651563,0.00596515695,0.00309690437,0.0026740774,0.0073259226,5.23304224,6,2.5,9.64608479,1,1,0,45,0,0.246291488,-0.282387555,88.3239288,1.02369666,2.064991,5.21409988,762.899719,54.6534996,3.49480009,0.0250000004,50,1,0.119999997,0.550000012,0.0133333337
SL4_rand_25_r0,0,725,14.7012796,14,5.31615877,5.21409988,0.0160032175,0.00600321777,0.00303189899,0.00282685761,0.0071731424,5.28131866,6,2.5,9.64608479,1,1,0,46,0,0.246291488,-0.282387555,88.3239288,1.02369666,2.064991,5.21409988,762.899719,54.6534996,3.49480009,0.0250000004,50,1,0.119999997,0.550000012,0.0133333337
SL4_rand_25_r0,0,726,14.9808636,14,5.25625181,5.21409988,0.0160212703,0.00602127006,0.00324108824,0.00301081641,0.00698918384,5.20723677,6,2.5,9.64608479,1,1,0,47,0,0.246291488,-0.282387555,88.3239288,1.02369666,2.064991,5.21409988,762.899719,54.6534996,3.49480009,0.0250000004,50,1,0.119999997,0.550000012,0.0133333337
SL4_rand_25_r0,0,727,15.2604485,15,5.04270601,5.21409988,0.0159766693,0.00597666902,0.00365411444,0.00354150473,0.00645849528,4.86798668,6,2.5,9.64608479,1,1,0,48,0,0.00228624674,-2.35999918,86.2836456,1.02369666,4.96123457,5.21409988,762.899719,54.6534996,3.49480009,0.0250000004,50,1,0.119999997,0.550000012,0.0133333337
SL4_rand_25_r0,0,728,15.5400324,15,5.0832901,5.21409988,0.015932899,0.00593289966,0.0036486215,0.00348506751,0.00651493249,5.11649513,6,2.5,9.64608479,1,1,0,49,0,0.00228624674,-2.35999918,86.2836456,1.02369666,4.96123457,5.21409988,762.899719,54.6534996,3.49480009,0.0250000004,50,1,0.119999997,0.550000012,0.0133333337
SL4_rand_25_r0,0,729,15.8196163,15,5.00898504,5.21409988,0.0158686284,0.00586862816,0.00394593319,0.00370210712,0.00629789289,4.94819021,6,2.5,9.64608479,1,1,0,50,0,0.00228624674,-2.35999918,86.2836456,1.02369666,4.96123457,5.21409988,762.899719,54.6534996,3.49480009,0.0250000004,50,1,0.119999997,0.550000012,0.0133333337
SL4_rand_25_r0,0,730,16.0991993,16,4.95275593,5.21409988,0.0157853216,0.00578532089,0.00402510073,0.00384454941,0.00615545083,4.9067502,6,2.5,9.64608479,1,1,0,51,0,-0.0400131829,-3.42778611,81.405632,1,3.91154695,5.21409988,762.899719,54.6534996,3.49480009,0.0250000004,50,1,0.119999997,0.550000012,0.0133333337
SL4_rand_25_r0,0,731,16.3787842,16,5.03595781,5.21409988,0.0157219525,0.0057219523,0.00415730709,0.0036677788,0.00633222098,5.10403204,6,2.5,9.64608479,1,1,0,52,0,-0.0400131829,-3.42778611,81.405632,1,3.91154695,5.21409988,762.899719,54.6534996,3.49480009,0.0250000004,50,1,0.119999997,0.550000012,0.0133333337
SL4_rand_25_r0,0,732,16.6583672,16,4.87510157,5.21409988,0.0156172244,0.00561722461,0.0045982399,0.00405466603,0.00594533375,4.74349213,6,2.5,9.64608479,1,1,0,53,0,-0.0400131829,-3.42778611,81.405632,1,3.91154695,5.21409988,762.899719,54.6534996,3.49480009,0.0250000004,50,1,0.119999997,0.550000012,0.0133333337
SL4_rand_25_r0,0,733,16.937952,16,4.72696352,5.21409988,0.0154644549,0.00546445465,0.00453265337,0.00441297982,0.00558701996,4.60575962,6,2.5,9.64608479,1,1,0,54,0,-0.0400131829,-3.42778611,81.405632,1,3.91154695,5.21409988,762.899719,54.6534996,3.49480009,0.0250000004,50,1,0.119999997,0.550000012,0.0133333337
SL4_rand_25_r0,0,734,17.2175369,17,4.86216784,5.21409988,0.0153412335,0.00534123369,0.00445705373,0.00413838588,0.00586161437,4.97278976,6,2.5,9.64608479,1,1,0,55,0,0.0598182678,-2.99699664,77.5289764,1.00473928,1.03619444,5.21409988,762.899719,54.6534996,3.49480009,0.0250000004,50,1,0.119999997,0.550000012,0.0133333337
SL4_rand_25_r0,0,735,17.4971199,17,4.90343189,5.21409988,0.0152344005,0.00523440028,0.00481304014,0.0040580295,0.00594197027,4.93719387,6,2.5,9.64608479,1,1,0,56,0,0.0598182678,-2.99699664,77.5289764,1.00473928,1.03619444,5.21409988,762.899719,54.6534996,3.49480009,0.0250000004,50,1,0.119999997,0.550000012,0.0133333337
SL4_rand_25_r0,0,736,17.7767048,17,4.56724215,5.21409988,0.0150369117,0.00503691193,0.00498204026,0.00483307149,0.00516692828,4.2921772,6,2.5,9.64608479,1,1,0,57,0,0.0598182678,-2.99699664,77.5289764,1.00473928,1.03619444,5.21409988,762.899719,54.6534996,3.49480009,0.0250000004,50,1,0.119999997,0.550000012,0.0133333337
SL4_rand_25_r0,0,737,18.0562878,18,4.94009018,5.21409988,0.0149278836,0.00492788339,0.00400405377,0.00397359626,0.00602640398,5.24514723,6,2.5,9.64608479,1,1,0,58,0,3.28917122,-0.0826817304,76.549881,0.990521312,2.28039837,5.21409988,762.899719,54.6534996,3.49480009,0.0250000004,50,1,0.119999997,0.550000012,0.0133333337
SL4_rand_25_r0,0,738,18.3358727,18,4.96201134,5.21409988,0.0148396874,0.00483968714,0.00423890026,0.0039409874,0.00605901238,4.97994661,6,2.5,9.64608479,1,1,0,59,0,3.28917122,-0.0826817304,76.549881,0.990521312,2.28039837,5.21409988,762.899719,54.6534996,3.49480009,0.0250000004,50,1,0.119999997,0.550000012,0.0133333337
SL4_rand_25_r0,0,739,18.6154556,18,4.79970074,5.21409988,0.0147098769,0.00470987707,0.0042809383,0.0042617782,0.00573822204,4.66690159,6,2.5,9.64608479,1,1,0,60,0,3.28917122,-0.0826817304,76.549881,0.990521312,2.28039837,5.21409988,762.899719,54.6534996,3.49480009,0.0250000004,50,1,0.119999997,0.550000012,0.0133333337
SL4_rand_25_r0,0,740,18.8950405,18,5.05166769,5.21409988,0.0146431224,0.0046431222,0.00377512607,0.00366607797,0.00633392204,5.25782251,6,2.5,9.64608479,1,1,0,61,0,3.28917122,-0.0826817304,76.549881,0.990521312,2.28039837,5.21409988,762.899719,54.6534996,3.49480009,0.0250000004,50,1,0.119999997,0.550000012,0.0133333337
SL4_rand_25_r0,0,741,19.1746235,19,5.10532475,5.21409988,0.014601781,0.00460178079,0.0044322107,0.00353739224,0.00646260753,5.14922571,6,2.5,9.64608479,1,1,0,62,0,0.408346504,-9.87488556,77.6896896,1.01895738,21.6631031,5.21409988,762.899719,54.6534996,3.49480009,0.0250000004,50,1,0.119999997,0.550000012,0.0133333337
SL4_rand_25_r0,0,742,19.4542084,19,4.87973738,5.21409988,0.0145020122,0.00450201193,0.00408444554,0.00402333075,0.00597666902,4.69516563,6,2.5,9.64608479,1,1,0,63,0,0.408346504,-9.87488556,77.6896896,1.01895738,21.6631031,5.21409988,762.899719,54.6534996,3.49480009,0.0250000004,50,1,0.119999997,0.550000012,0.0133333337
SL4_rand_25_r0,0,743,19.7337914,19,4.93114614,5.21409988,0.0144067854,0.00440678559,0.00413369434,0.00391001813,0.00608998211,4.97320795,6,2.5,9.64608479,1,1,0,64,0,0.408346504,-9.87488556,77.6896896,1.01895738,21.6631031,5.21409988,762.899719,54.6534996,3.49480009,0.0250000004,50,1,0.119999997,0.550000012,0.0133333337
SL4_rand_25_r0,0,744,20.0133762,20,5.01920986,5.21409988,0.0143367788,0.00433677854,0.00437775627,0.00373574998,0.00626424979,5.09126186,6,2.5,9.64608479,1,1,0,65,0,0.325554848,-12.8453398,56.0314255,1.01421797,3.37515402,5.21409988,762.899719,54.6534996,3.49480009,0.0250000004,50,1,0.119999997,0.550000012,0.0133333337
SL4_rand_25_r0,0,745,20.2929592,20,5.02085161,5.21409988,0.0142714307,0.00427143043,0.00379776419,0.00371788093,0.00628211908,5.02219534,6,2.5,9.64608479,1,1,0,66,0,0.325554848,-12.8453398,56.0314255,1.01421797,3.37515402,5.21409988,762.899719,54.6534996,3.49480009,0.0250000004,50,1,0.119999997,0.550000012,0.0133333337
SL4_rand_25_r0,0,746,20.5725441,20,4.98130989,5.21409988,0.0141958753,0.00419587502,0.00384471403,0.0037938531,0.00620614691,4.94895744,6,2.5,9.64608479,1,1,0,67,0,0.325554848,-12.8453398,56.0314255,1.01421797,3.37515402,5.21409988,762.899719,54.6534996,3.49480009,0.0250000004,50,1,0.119999997,0.550000012,0.0133333337
SL4_rand_25_r0,0,747,20.8521271,20,4.94535732,5.21409988,0.0141086318,0.00410863198,0.00455994671,0.00388100394,0.00611899607,4.91594172,6,2.5,9.64608479,1,1,0,68,0,0.325554848,-12.8453398,56.0314255,1.01421797,3.37515402,5.21409988,762.899719,54.6534996,3.49480009,0.0250000004,50,1,0.119999997,0.550000012,0.0133333337
SL4_rand_25_r0,0,748,21.131712,21,4.99488163,5.21409988,0.0140331974,0.00403319718,0.00385001581,0.00377465691,0.00622534333,5.03540134,6,2.5,9.64608479,1,1,0,69,0,0.589165866,-1.14678967,52.6912193,1.03791463,0.818097532,5.21409988,762.899719,54.6534996,3.49480009,0.0250000004,50,1,0.119999997,0.550000012,0.0133333337
SL4_rand_25_r0,0,749,21.4112968,21,4.85133934,5.21409988,0.0139198583,0.00391985802,0.00490295095,0.00411910936,0.00588089041,4.7338953,6,2.5,9.64608479,1,1,0,70,0,0.589165866,-1.14678967,52.6912193,1.03791463,0.818097532,5.21409988,762.899719,54.6534996,3.49480009,0.0250000004,50,1,0.119999997,0.550000012,0.0133333337
SL4_rand_25_r0,0,750,21.6908798,21,4.56819248,5.21409988,0.013721549,0.00372154918,0.00533515261,0.00480290363,0.00519709662,4.33652687,6,2.5,9.64608479,1,1,0,71,0,0.589165866,-1.14678967,52.6912193,1.03791463,0.818097532,5.21409988,762.899719,54.6534996,3.49480009,0.0250000004,50,1,0.119999997,0.550000012,0.0133333337
SL4_rand_25_r0,0,751,21.9704647,21,4.7564168,5.21409988,0.0135613633,0.00356136356,0.00463679293,0.00441588089,0.00558411889,4.91041851,6,2.5,9.64608479,1,1,0,72,0,0.589165866,-1.14678967,52.6912193,1.03791463,0.818097532,5.21409988,762.899719,54.6534996,3.49480009,0.0250000004,50,1,0.119999997,0.550000012,0.0133333337
SL4_rand_25_r0,0,752,22.2500477,22,4.72688246,5.21409988,0.0133993281,0.00339932786,0.00559933065,0.00452426635,0.00547573389,4.70271826,6,2.5,9.64608479,1,1,0,73,0,0.392887652,-1.0900737,53.3842735,0.82938391,2.04450989,5.21409988,762.899719,54.6534996,3.49480009,0.0250000004,50,1,0.119999997,0.550000012,0.0133333337
SL4_rand_25_r0,0,753,22.5296326,22,5.17737436,5.21409988,0.0133621199,0.00336212036,0.00423900504,0.00342690875,0.00657309126,5.54595852,6,2.5,9.64608479,1,1,0,74,0,0.392887652,-1.0900737,53.3842735,0.82938391,2.04450989,5.21409988,762.899719,54.6534996,3.49480009,0.0250000004,50,1,0.119999997,0.550000012,0.0133333337
SL4_rand_25_r0,0,754,22.8092155,22,4.78588295,5.21409988,0.0132369697,0.00323696993,0.00558665162,0.00430651149,0.00569348875,4.46557188,6,2.5,9.64608479,1,1,0,75,0,0.392887652,-1.0900737,53.3842735,0.82938391,2.04450989,5.21409988,762.899719,54.6534996,3.49480009,0.0250000004,50,1,0.119999997,0.550000012,0.0133333337
SL4_rand_25_r0,0,755,23.0888004,23,5.45364761,5.21409988,0.013282652,0.00328265247,0.00440714322,0.00267129135,0.00732870866,6,6,2.5,9.64608479,1,1,0,76,0,0.397566497,-3.99277997,51.339859,0.516587675,0.634630263,5.21409988,762.899719,54.6534996,3.49480009,0.0250000004,50,1,0.119999997,0.550000012,0.0133333337
SL4_rand_25_r0,0,756,23.3683834,23,5.03007174,5.21409988,0.0132391471,0.00323914713,0.00414944906,0.00366455084,0.00633544894,4.68350935,6,2.5,9.64608479,1,1,0,77,0,0.397566497,-3.99277997,51.339859,0.516587675,0.634630263,5.21409988,762.899719,54.6534996,3.49480009,0.0250000004,50,1,0.119999997,0.550000012,0.0133333337
SL4_rand_25_r0,0,757,23.6479683,23,5.10539007,5.21409988,0.0132016996,0.00320169912,0.00425666338,0.00341413845,0.00658586156,5.1670146,6,2.5,9.64608479,1,1,0,78,0,0.397566497,-3.99277997,51.339859,0.516587675,0.634630263,5.21409988,762.899719,54.6534996,3.49480009,0.0250000004,50,1,0.119999997,0.550000012,0.0133333337
SL4_rand_25_r0,0,758,23.9275513,23,5.08033133,5.21409988,0.0131583,0.00315829995,0.00395323243,0.00352860056,0.00647139922,5.05982876,6,2.5,9.64608479,1,1,0,79,0,0.397566497,-3.99277997,51.339859,0.516587675,0.634630263,5.21409988,762.899719,54.6534996,3.49480009,0.0250000004,50,1,0.119999997,0.550000012,0.0133333337
SL4_rand_25_r0,0,759,24.2071362,24,5.22350693,5.21409988,0.0131536797,0.00315367966,0.00421349192,0.00318608363,0.00681391638,5.34065008,6,2.5,9.64608479,1,1,0,80,0,0.0231425185,-2.66748524,51.8082962,0.516587675,2.24069214,5.21409988,762.899719,54.6534996,3.49480009,0.0250000004,50,1,0.119999997,0.550000012,0.0133333337
SL4_rand_25_r0,0,760,24.4867191,24,5.36406469,5.21409988,0.0131945666,0.00319456635,0.00360264163,0.0028379627,0.00716203731,5.47906685,6,2.5,9.64608479,1,1,0,81,0,0.0231425185,-2.66748524,51.8082962,0.516587675,2.24069214,5.21409988,762.899719,54.6534996,3.49480009,0.0250000004,50,1,0.119999997,0.550000012,0.0133333337
SL4_rand_25_r0,0,761,24.766304,24,5.71382904,5.21409988,0.0133401947,0.00334019447,0.00230605621,0.00144616805,0.00855383184,6,6,2.5,9.64608479,1,1,0,82,0,0.0231425185,-2.66748524,51.8082962,0.516587675,2.24069214,5.21409988,762.899719,54.6534996,3.49480009,0.0250000004,50,1,0.119999997,0.550000012,0.0133333337
SL4_rand_25_r0,0,762,25.0458889,25,5.87122297,5.21409988,0.0135470005,0.003547,0.00128853356,0.000342479587,0.0096575208,6,6,2.5,9.64608479,1,1,0,83,0,0.43412137,-1.36390924,53.9928436,0.824644566,1.08023739,5.21409988,762.899719,54.6534996,3.49480009,0.0250000004,50,1,0.119999997,0.550000012,0.0133333337
SL4_rand_25_r0,0,763,26.2795849,26,5.94205046,5.21409988,0.0137836765,0.00378367607,0.00137996837,-0.00135487225,0.011354872,6,6,2.5,9.64608479,1,1,0,84,0,0.656450629,-0.114186659,53.0098686,1.02369666,7.41881227,5.21409988,762.899719,54.6534996,3.49480009,0.0250000004,50,1,0.119999997,0.550000012,0.0133333337
SL4_rand_25_r0,0,764,26.5591679,26,5.97392273,5.21409988,0.0140341837,0.00403418392,0.0022317965,0.000467579899,0.00953241996,6,6,2.5,9.64608479,1,1,0,85,0,0.656450629,-0.114186659,53.0098686,1.02369666,7.41881227,5.21409988,762.899719,54.6534996,3.49480009,0.0250000004,50,1,0.119999997,0.550000012,0.0133333337
SL4_rand_25_r0,0,765,26.8387527,26,5.98826504,5.21409988,0.014290981,0.00429098122,0.00169872481,-0.000764210592,0.0107642105,6,6,2.5,9.64608479,1,1,0,86,0,0.656450629,-0.114186659,53.0098686,1.02369666,7.41881227,5.21409988,762.899719,54.6534996,3.49480009,0.0250000004,50,1,0.119999997,0.550000012,0.0133333337
SL4_rand_25_r0,0,766,27.1183357,27,5.87354326,5.21409988,0.014516959,0.00451695966,0.00148079288,0.00132025895,0.00867974106,5.77967978,6,2.5,9.64608479,1,1,0,87,0,-0.187517986,-15.1463575,60.4225731,0.976303339,17.5921135,5.21409988,762.899719,54.6534996,3.49480009,0.0250000004,50,1,0.119999997,0.550000012,0.0133333337
SL4_rand_25_r0,0,767,27.3979206,27,5.5602808,5.21409988,0.0146507835,0.00465078373,0.00345693156,0.00207627844,0.00792372134,5.30397463,6,2.5,9.64608479,1,1,0,88,0,-0.187517986,-15.1463575,60.4225731,0.976303339,17.5921135,5.21409988,762.899719,54.6534996,3.49480009,0.0250000004,50,1,0.119999997,0.550000012,0.0133333337
SL4_rand_25_r0,0,768,27.6775036,27,5.46956444,5.21409988,0.0147440499,0.00474405009,0.00362983369,0.00235262536,0.00764737464,5.39534187,6,2.5,9.64608479,1,1,0,89,0,-0.187517986,-15.1463575,60.4225731,0.976303339,17.5921135,5.21409988,762.899719,54.6534996,3.49480009,0.0250000004,50,1,0.119999997,0.550000012,0.0133333337
SL4_rand_25_r0,0,769,27.9570885,27,5.7613039,5.21409988,0.0149115957,0.00491159549,0.000661795668,-0.000516521337,0.0105165215,6,6,2.5,9.64608479,1,1,0,90,0,-0.187517986,-15.1463575,60.4225731,0.976303339,17.5921135,5.21409988,762.899719,54.6534996,3.49480009,0.0250000004,50,1,0.119999997,0.550000012,0.0133333337
SL4_rand_25_r0,0,770,28.2366714,28,5.89258671,5.21409988,0.0151279885,0.00512798829,0.00148783287,-0.00119670818,0.0111967083,6,6,2.5,9.64608479,1,1,0,91,0,0.660539091,-3.48836136,78.006279,0.947867274,23.3794956,5.21409988,762.899719,54.6534996,3.49480009,0.0250000004,50,1,0.119999997,0.550000012,0.0133333337
SL4_rand_25_r0,0,771,28.5162563,28,5.95166397,5.21409988,0.0153689329,0.00536893262,0.00531303138,-0.00285131764,0.0128513174,6,6,2.5,9.64608479,1,1,0,92,0,0.660539091,-3.48836136,78.006279,0.947867274,23.3794956,5.21409988,762.899719,54.6534996,3.49480009,0.0250000004,50,1,0.119999997,0.550000012,0.0133333337
SL4_rand_25_r0,0,772,28.7958393,28,5.9782486,5.21409988,0.0156213539,0.00562135363,0.00583655061,-0.0048717875,0.0148717873,6,6,2.5,9.64608479,1,1,0,93,0,0.660539091,-3.48836136,78.006279,0.947867274,23.3794956,5.21409988,762.899719,54.6534996,3.49480009,0.0250000004,50,1,0.119999997,0.550000012,0.0133333337
SL4_rand_25_r0,0,773,29.0754242,29,5.99021196,5.21409988,0.0158790108,0.00587901054,0.00655321823,-0.00381433521,0.0138143357,6,6,2.5,9.64608479,1,1,0,94,0,21.2480717,-1.73134851,75.2215805,0.800947845,25.0887432,5.21409988,762.899719,54.6534996,3.49480009,0.0250000004,50,1,0.119999997,0.550000012,0.0133333337
SL4_rand_25_r0,0,774,29.3550072,29,5.99559546,5.21409988,0.016139036,0.00613903534,0.00618657935,-0.00443338742,0.0144333877,6,6,2.5,9.64608479,1,1,0,95,0,21.2480717,-1.73134851,75.2215805,0.800947845,25.0887432,5.21409988,762.899719,54.6534996,3.49480009,0.0250000004,50,1,0.119999997,0.550000012,0.0133333337
SL4_rand_25_r0,0,775,29.6345921,29,5.99801779,5.21409988,0.0164001286,0.0064001279,0.00547237881,-0.00546241645,0.0154624162,6,6,2.5,9.64608479,1,1,0,96,0,21.2480717,-1.73134851,75.2215805,0.800947845,25.0887432,5.21409988,762.899719,54.6534996,3.49480009,0.0250000004,50,1,0.119999997,0.550000012,0.0133333337
SL4_rand_25_r0,0,776,29.9141769,29,5.99910784,5.21409988,0.0166617017,0.00666170102,0.0042394232,-0.00338138547,0.0133813852,6,6,2.5,9.64608479,1,1,0,97,0,21.2480717,-1.73134851,75.2215805,0.800947845,25.0887432,5.21409988,762.899719,54.6534996,3.49480009,0.0250000004,50,1,0.119999997,0.550000012,0.0133333337
SL4_rand_25_r0,0,777,30.1937599,30,5.9995985,5.21409988,0.0169234909,0.00692349067,0.00491046393,-0.00481059076,0.0148105901,6,6,2.5,9.64608479,1,1,0,98,0,0.301391184,-2.66464376,78.3671036,0.966824651,3.15997314,5.21409988,762.899719,54.6534996,3.49480009,0.0250000004,50,1,0.119999997,0.550000012,0.0133333337
SL4_rand_25_r0,0,778,30.4733448,30,5.99981928,5.21409988,0.017185377,0.00718537765,0.00323775853,-0.00245552324,0.012455523,6,6,2.5,9.64608479,1,1,0,99,0,0.301391184,-2.66464376,78.3671036,0.966824651,3.15997314,5.21409988,762.899719,54.6534996,3.49480009,0.0250000004,50,1,0.119999997,0.550000012,0.0133333337
SL4_rand_25_r0,0,779,30.7529278,30,5.99991894,5.21409988,0.0174473077,0.0074473084,0.00293668173,-0.00252574729,0.0125257475,6,6,2.5,9.64608479,1,1,0,100,0,0.301391184,-2.66464376,78.3671036,0.966824651,3.15997314,5.21409988,762.899719,54.6534996,3.49480009,0.0250000004,50,1,0.119999997,0.550000012,0.0133333337
SL4_rand_25_r0,0,780,31.0325127,31,5.99996328,5.21409988,0.0177092589,0.00770925917,0.00184672372,5.48675271e-05,0.00994513277,6,6,2.5,9.64608479,1,1,0,101,0,-0.0191923119,-3.28601909,81.5105896,0.995260656,4.09875298,5.21409988,762.899719,54.6534996,3.49480009,0.0250000004,50,1,0.119999997,0.550000012,0.0133333337
SL4_rand_25_r0,0,781,31.3120956,31,5.99998331,5.21409988,0.0179712176,0.00797121879,0.00322520989,0.000198736408,0.00980126392,6,6,2.5,9.64608479,1,1,0,102,0,-0.0191923119,-3.28601909,81.5105896,0.995260656,4.09875298,5.21409988,762.899719,54.6534996,3.49480009,0.0250000004,50,1,0.119999997,0.550000012,0.0133333337
SL4_rand_25_r0,0,782,31.5916805,31,5.65828276,5.21409988,0.0181382615,0.00813826267,0.00186643878,0.00182365708,0.00817634258,5.37870979,6,2.5,9.64608479,1,1,0,103,0,-0.0191923119,-3.28601909,81.5105896,0.995260656,4.09875298,5.21409988,762.899719,54.6534996,3.49480009,0.0250000004,50,1,0.119999997,0.550000012,0.0133333337
SL4_rand_25_r0,0,783,31.8712635,31,5.84622717,5.21409988,0.018341694,0.00834169425,0.00311167329,0.00117654377,0.00882345624,6,6,2.5,9.64608479,1,1,0,104,0,-0.0191923119,-3.28601909,81.5105896,0.995260656,4.09875298,5.21409988,762.899719,54.6534996,3.49480009,0.0250000004,50,1,0.119999997,0.550000012,0.0133333337
SL4_rand_25_r0,0,784,32.1508484,32,5.93080235,5.21409988,0.018574683,0.00857468322,0.00127108255,-0.000355508586,0.0103555089,6,6,2.5,9.64608479,1,1,0,105,0,0.0511103123,-2.40882587,85.5488434,1.02369666,1.25540614,5.21409988,762.899719,54.6534996,3.49480009,0.0250000004,50,1,0.119999997,0.550000012,0.0133333337
SL4_rand_25_r0,0,785,32.4304314,32,5.9688611,5.21409988,0.018823171,0.00882317033,0.00132858416,-0.000546396535,0.0105463965,6,6,2.5,9.64608479,1,1,0,106,0,0.0511103123,-2.40882587,85.5488434,1.02369666,1.25540614,5.21409988,762.899719,54.6534996,3.49480009,0.0250000004,50,1,0.119999997,0.550000012,0.0133333337
SL4_rand_25_r0,0,786,32.7100143,32,5.98598766,5.21409988,0.0190789979,0.00907899812,0.00343524991,-0.00193629356,0.0119362939,6,6,2.5,9.64608479,1,1,0,107,0,0.0511103123,-2.40882587,85.5488434,1.02369666,1.25540614,5.21409988,762.899719,54.6534996,3.49480009,0.0250000004,50,1,0.119999997,0.550000012,0.0133333337
SL4_rand_25_r0,0,787,32.9896011,32,5.99369431,5.21409988,0.0193381906,0.00933818985,0.00336069125,-0.000518746849,0.0105187465,6,6,2.5,9.64608479,1,1,0,108,0,0.0511103123,-2.40882587,85.5488434,1.02369666,1.25540614,5.21409988,762.899719,54.6534996,3.49480009,0.0250000004,50,1,0.119999997,0.550000012,0.0133333337
SL4_rand_25_r0,0,788,33.2691841,33,5.99716234,5.21409988,0.0195989069,0.00959890615,0.000884196896,-0.000791120809,0.0107911211,6,6,2.5,9.64608479,1,1,0,109,0,0.288505256,-2.09604979,86.7288284,1.01895738,1.78117943,5.21409988,762.899719,54.6534996,3.49480009,0.0250000004,50,1,0.119999997,0.550000012,0.0133333337
SL4_rand_25_r0,0,789,33.5487671,33,5.99872303,5.21409988,0.0198603105,0.00986030977,0.0014454372,0.000438410061,0.00956158992,6,6,2.5,9.64608479,1,1,0,110,0,0.288505256,-2.09604979,86.7288284,1.01895738,1.78117943,5.21409988,762.899719,54.6534996,3.49480009,0.0250000004,50,1,0.119999997,0.550000012,0.0133333337
SL4_rand_25_r0,0,790,33.8283539,33,5.99942541,5.21409988,0.0201220233,0.0101220226,0.00240565138,-0.00229061698,0.0122906165,6,6,2.5,9.64608479,1,1,0,111,0,0.288505256,-2.09604979,86.7288284,1.01895738,1.78117943,5.21409988,762.899719,54.6534996,3.49480009,0.0250000004,50,1,0.119999997,0.550000012,0.0133333337
SL4_rand_25_r0,0,791,34.1079369,34,5.99974155,5.21409988,0.0203838758,0.010383876,0.0022607313,0.000645594788,0.00935440511,6,6,2.5,9.64608479,1,1,0,112,0,-0.0346945822,-0.359842718,88.4112701,1.03317535,0.920640826,5.21409988,762.899719,54.6534996,3.49480009,0.0250000004,50,1,0.119999997,0.550000012,0.0133333337
SL4_rand_25_r0,0,792,34.3875198,34,5.99988365,5.21409988,0.0206457917,0.010645791,0.00135279412,-0.00011995458,0.0101199541,6,6,2.5,9.64608479,1,1,0,113,0,-0.0346945822,-0.359842718,88.4112701,1.03317535,0.920640826,5.21409988,762.899719,54.6534996,3.49480009,0.0250000004,50,1,0.119999997,0.550000012,0.0133333337
SL4_rand_25_r0,0,793,34.6671028,34,5.99994755,5.21409988,0.0209077355,0.0109077347,0.00203237636,-0.00186231465,0.0118623143,6,6,2.5,9.64608479,1,1,0,114,0,-0.0346945822,-0.359842718,88.4112701,1.03317535,0.920640826,5.21409988,762.899719,54.6534996,3.49480009,0.0250000004,50,1,0.119999997,0.550000012,0.0133333337
SL4_rand_25_r0,0,794,34.9466896,34,5.99997663,5.21409988,0.0211696904,0.0111696906,0.00110933918,0.000583500951,0.00941649918,6,6,2.5,9.64608479,1,1,0,115,0,-0.0346945822,-0.359842718,88.4112701,1.03317535,0.920640826,5.21409988,762.899719,54.6534996,3.49480009,0.0250000004,50,1,0.119999997,0.550000012,0.0133333337
SL4_rand_25_r0,0,795,35.2262726,35,5.99998951,5.21409988,0.0214316528,0.0114316531,0.0018471618,0.000997399678,0.00900259987,6,6,2.5,9.64608479,1,1,0,116,0,0.0576013327,-2.00932145,89.2760086,1.01895738,177.001038,5.21409988,762.899719,54.6534996,3.49480009,0.0250000004,50,1,0.119999997,0.550000012,0.0133333337
SL4_rand_25_r0,0,796,35.5058556,35,5.58315516,5.21409988,0.0215778276,0.0115778288,0.00242968323,0.00200270023,0.00799729954,5.2421093,6,2.5,9.64608479,1,1,0,117,0,0.0576013327,-2.00932145,89.2760086,1.01895738,177.001038,5.21409988,762.899719,54.6534996,3.49480009,0.0250000004,50,1,0.119999997,0.550000012,0.0133333337
SL4_rand_25_r0,0,797,35.7854385,35,5.81241989,5.21409988,0.0217683911,0.0117683914,0.00124057254,0.00113760587,0.00886239391,6,6,2.5,9.64608479,1,1,0,118,0,0.0576013327,-2.00932145,89.2760086,1.01895738,177.001038,5.21409988,762.899719,54.6534996,3.49480009,0.0250000004,50,1,0.119999997,0.550000012,0.0133333337
SL4_rand_25_r0,0,798,36.0650253,36,5.91558886,5.21409988,0.0219950099,0.0119950091,0.00218938361,0.000333586737,0.00966641307,6,6,2.5,9.64608479,1,1,0,119,0,0.99436444,-0.0628480762,87.7304077,1.00473928,0.555308163,5.21409988,762.899719,54.6534996,3.49480009,0.0250000004,50,1,0.119999997,0.550000012,0.0133333337
SL4_rand_25_r0,0,799,36.3446083,36,5.96201515,5.21409988,0.0222405326,0.0122405337,0.00137798139,-0.000200782306,0.0102007827,6,6,2.5,9.64608479,1,1,0,120,0,0.99436444,-0.0628480762,87.7304077,1.00473928,0.555308163,5.21409988,762.899719,54.6534996,3.49480009,0.0250000004,50,1,0.119999997,0.550000012,0.0133333337
SL4_rand_25_r0,0,800,36.6241913,36,5.98290682,5.21409988,0.0224950109,0.012495012,0.00280920253,-0.000817314896,0.0108173145,6,6,2.5,9.64608479,1,1,0,121,0,0.99436444,-0.0628480762,87.7304077,1.00473928,0.555308163,5.21409988,762.899719,54.6534996,3.49480009,0.0250000004,50,1,0.119999997,0.550000012,0.0133333337
SL4_rand_25_r0,0,801,36.9037743,36,5.81862879,5.21409988,0.0227053501,0.0127053494,0.00237371144,0.00145535567,0.00854464434,5.68421936,6,2.5,9.64608479,1,1,0,122,0,0.99436444,-0.0628480762,87.7304077,1.00473928,0.555308163,5.21409988,762.899719,54.6534996,3.49480009,0.0250000004,50,1,0.119999997,0.550000012,0.0133333337
SL4_rand_25_r0,0,802,37.1833611,37,5.91838312,5.21409988,0.0229360405,0.0129360398,0.00147799053,0.000604282541,0.00939571764,6,6,2.5,9.64608479,1,1,0,123,0,-0.754978955,-1.71738076,88.2758865,1.01895738,176.8423,5.21409988,762.899719,54.6534996,3.49480009,0.0250000004,50,1,0.119999997,0.550000012,0.0133333337
SL4_rand_25_r0,0,803,37.462944,37,5.96327209,5.21409988,0.0231825914,0.0131825916,0.00143666891,0.000740440097,0.00925956015,6,6,2.5,9.64608479,1,1,0,124,0,-0.754978955,-1.71738076,88.2758865,1.01895738,176.8423,5.21409988,762.899719,54.6534996,3.49480009,0.0250000004,50,1,0.119999997,0.550000012,0.0133333337
SL4_rand_25_r0,0,804,37.742527,37,5.98347235,5.21409988,0.0234373976,0.0134373978,0.0013437625,0.000205129385,0.00979487039,6,6,2.5,9.64608479,1,1,0,125,0,-0.754978955,-1.71738076,88.2758865,1.01895738,176.8423,5.21409988,762.899719,54.6534996,3.49480009,0.0250000004,50,1,0.119999997,0.550000012,0.0133333337
SL4_rand_25_r0,0,805,38.0221138,38,5.99256277,5.21409988,0.0236961059,0.0136961052,0.0019773501,0.000401607511,0.00959839206,6,6,2.5,9.64608479,1,1,0,126,0,0.944220841,-0.584841073,88.5840302,1.00473928,1.5997169,5.21409988,762.899719,54.6534996,3.49480009,0.0250000004,50,1,0.119999997,0.550000012,0.0133333337
SL4_rand_25_r0,0,806,38.3016968,38,5.99665308,5.21409988,0.0239565987,0.0139565989,0.00184457691,6.52001036e-05,0.00993479975,6,6,2.5,9.64608479,1,1,0,127,0,0.944220841,-0.584841073,88.5840302,1.00473928,1.5997169,5.21409988,762.899719,54.6534996,3.49480009,0.0250000004,50,1,0.119999997,0.550000012,0.0133333337
SL4_rand_25_r0,0,807,38.5812798,38,5.99849415,5.21409988,0.0242179018,0.014217902,0.000544698851,-0.000236613167,0.0102366135,6,6,2.5,9.64608479,1,1,0,128,0,0.944220841,-0.584841073,88.5840302,1.00473928,1.5997169,5.21409988,762.899719,54.6534996,3.49480009,0.0250000004,50,1,0.119999997,0.550000012,0.0133333337
SL4_rand_25_r0,0,808,38.8608627,38,5.99932241,5.21409988,0.0244795699,0.0144795701,0.00290027633,0.000475452893,0.00952454749,6,6,2.5,9.64608479,1,1,0,129,0,0.944220841,-0.584841073,88.5840302,1.00473928,1.5997169,5.21409988,762.899719,54.6534996,3.49480009,0.0250000004,50,1,0.119999997,0.550000012,0.0133333337
SL4_rand_25_r0,0,809,39.1404495,39,5.7004528,5.21409988,0.0246582795,0.0146582788,0.00173738238,0.00172369962,0.0082763005,5.45592356,6,2.5,9.64608479,1,1,0,130,0,0.852649093,-0.782327056,89.6790771,1,178.302277,5.21409988,762.899719,54.6534996,3.49480009,0.0250000004,50,1,0.119999997,0.550000012,0.0133333337
SL4_rand_25_r0,0,810,39.4200325,39,5.86520386,5.21409988,0.024868926,0.0148689263,0.00189249683,0.000662329025,0.0093376711,6,6,2.5,9.64608479,1,1,0,131,0,0.852649093,-0.782327056,89.6790771,1,178.302277,5.21409988,762.899719,54.6534996,3.49480009,0.0250000004,50,1,0.119999997,0.550000012,0.0133333337
SL4_rand_25_r0,0,811,39.6996155,39,5.93934155,5.21409988,0.0251054894,0.0151054906,0.00234156172,-4.07800289e-05,0.0100407796,6,6,2.5,9.64608479,1,1,0,132,0,0.852649093,-0.782327056,89.6790771,1,178.302277,5.21409988,762.899719,54.6534996,3.49480009,0.0250000004,50,1,0.119999997,0.550000012,0.0133333337
SL4_rand_25_r0,0,812,39.9791985,39,5.97270393,5.21409988,0.0253556408,0.015355641,0.00202804664,-0.000128575164,0.0101285754,6,6,2.5,9.64608479,1,1,0,133,0,0.852649093,-0.782327056,89.6790771,1,178.302277,5.21409988,762.899719,54.6534996,3.49480009,0.0250000004,50,1,0.119999997,0.550000012,0.0133333337
SL4_rand_25_r0,0,813,40.2587852,40,5.98771667,5.21409988,0.0256122258,0.015612226,0.00242091529,0.000534603081,0.00946539734,6,6,2.5,9.64608479,1,1,0,134,0,1.5950284,-0.123849958,88.7201996,1.01421797,176.304199,5.21409988,762.899719,54.6534996,3.49480009,0.0250000004,50,1,0.119999997,0.550000012,0.0133333337
SL4_rand_25_r0,0,814,40.5383682,40,5.69740677,5.21409988,0.0257892422,0.0157892425,0.00202252064,0.00174035947,0.00825964008,5.45988035,6,2.5,9.64608479,1,1,0,135,0,1.5950284,-0.123849958,88.7201996,1.01421797,176.304199,5.21409988,762.899719,54.6534996,3.49480009,0.0250000004,50,1,0.119999997,0.550000012,0.0133333337
SL4_rand_25_r0,0,815,40.8179512,40,5.23914766,5.21409988,0.0258257017,0.0158257019,0.00355922058,0.002863175,0.00713682501,4.8642087,6,2.5,9.64608479,1,1,0,136,0,1.5950284,-0.123849958,88.7201996,1.01421797,176.304199,5.21409988,762.899719,54.6534996,3.49480009,0.0250000004,50,1,0.119999997,0.550000012,0.0133333337
SL4_rand_25_r0,0,816,41.0975342,41,5.205266,5.21409988,0.0258293245,0.0158293247,0.00457094749,0.00305661606,0.00694338372,5.17754412,6,2.5,9.64608479,1,1,0,137,0,4.27848053,0.193312213,88.9524307,1.00473928,1.55355561,5.21409988,762.899719,54.6534996,3.49480009,0.0250000004,50,1,0.119999997,0.550000012,0.0133333337
SL4_rand_25_r0,0,817,41.377121,41,4.61788845,5.21409988,0.0256643146,0.0156643149,0.00488831056,0.00456129387,0.00543870591,4.13730717,6,2.5,9.64608479,1,1,0,138,0,4.27848053,0.193312213,88.9524307,1.00473928,1.55355561,5.21409988,762.899719,54.6534996,3.49480009,0.0250000004,50,1,0.119999997,0.550000012,0.0133333337
SL4_rand_25_r0,0,818,41.6567039,41,4.92585325,5.21409988,0.025556745,0.0155567443,0.00500860391,0.00392224081,0.00607775943,5.1778245,6,2.5,9.64608479,1,1,0,139,0,4.27848053,0.193312213,88.9524307,1.00473928,1.55355561,5.21409988,762.899719,54.6534996,3.49480009,0.0250000004,50,1,0.119999997,0.550000012,0.0133333337
SL4_rand_25_r0,0,819,41.9362869,41,4.70002985,5.21409988,0.0253960192,0.0153960185,0.00494486513,0.00454381807,0.00545618171,4.51526499,6,2.5,9.64608479,1,1,0,140,0,4.27848053,0.193312213,88.9524307,1.00473928,1.55355561,5.21409988,762.899719,54.6534996,3.49480009,0.0250000004,50,1,0.119999997,0.550000012,0.0133333337
SL4_rand_25_r0,0,820,42.2158737,42,4.6468277,5.21409988,0.0252116565,0.0152116558,0.00541303866,0.00465690438,0.0053430954,4.60329914,6,2.5,9.64608479,1,1,0,141,0,2.26143765,-0.514255881,89.4056778,1,0.520331562,5.21409988,762.899719,54.6534996,3.49480009,0.0250000004,50,1,0.119999997,0.550000012,0.0133333337
SL4_rand_25_r0,0,821,42.4954567,42,4.34069443,5.21409988,0.0249383152,0.0149383154,0.00567898294,0.00543104298,0.00456895726,4.09022141,6,2.5,9.64608479,1,1,0,142,0,2.26143765,-0.514255881,89.4056778,1,0.520331562,5.21409988,762.899719,54.6534996,3.49480009,0.0250000004,50,1,0.119999997,0.550000012,0.0133333337
SL4_rand_25_r0,0,822,42.7750397,42,4.22429371,5.21409988,0.0246178135,0.0146178128,0.00637572398,0.00576259103,0.00423740922,4.12905693,6,2.5,9.64608479,1,1,0,143,0,2.26143765,-0.514255881,89.4056778,1,0.520331562,5.21409988,762.899719,54.6534996,3.49480009,0.0250000004,50,1,0.119999997,0.550000012,0.0133333337
SL4_rand_25_r0,0,823,43.0546227,43,4.37008905,5.21409988,0.0243299492,0.0143299485,0.00642423239,0.00549301133,0.00450698845,4.48937607,6,2.5,9.64608479,1,1,0,144,0,2.09225368,-0.503740311,88.9966049,1,178.625809,5.21409988,762.899719,54.6534996,3.49480009,0.0250000004,50,1,0.119999997,0.550000012,0.0133333337
SL4_rand_25_r0,0,824,43.3342094,43,4.13785839,5.21409988,0.0239966158,0.0139966151,0.00690724328,0.00606254581,0.00393745396,3.94785094,6,2.5,9.64608479,1,1,0,145,0,2.09225368,-0.503740311,88.9966049,1,178.625809,5.21409988,762.899719,54.6534996,3.49480009,0.0250000004,50,1,0.119999997,0.550000012,0.0133333337
SL4_rand_25_r0,0,825,43.6137924,43,4.06473541,5.21409988,0.0236632824,0.0136632817,0.00660990644,0.00618319679,0.00381680322,4.00490808,6,2.5,9.64608479,1,1,0,146,0,2.09225368,-0.503740311,88.9966049,1,178.625809,5.21409988,762.899719,54.6534996,3.49480009,0.0250000004,50,1,0.119999997,0.550000012,0.0133333337
SL4_rand_25_r0,0,826,43.8933754,43,3.84306049,5.21409988,0.023329949,0.0133299483,0.00672568753,0.00663308287,0.00336691714,3.66169,6,2.5,9.64608479,1,1,0,147,0,2.09225368,-0.503740311,88.9966049,1,178.625809,5.21409988,762.899719,54.6534996,3.49480009,0.0250000004,50,1,0.119999997,0.550000012,0.0133333337
SL4_rand_25_r0,0,827,44.1729584,44,3.48236561,5.21409988,0.0229966156,0.0129966149,0.00733439252,0.00725497119,0.00274502859,3.18725157,6,2.5,9.64608479,1,1,0,148,0,0.745068848,-1.86200809,89.6548462,1,1.39798582,5.21409988,762.899719,54.6534996,3.49480009,0.0250000004,50,1,0.119999997,0.550000012,0.0133333337
SL4_rand_25_r0,0,828,44.4525452,44,3.32248569,5.21409988,0.0226632822,0.0126632815,0.007609664,0.00724917371,0.0027508263,3.19167471,6,2.5,9.64608479,1,1,0,149,0,0.745068848,-1.86200809,89.6548462,1,1.39798582,5.21409988,762.899719,54.6534996,3.49480009,0.0250000004,50,1,0.119999997,0.550000012,0.0133333337
SL4_rand_25_r0,0,829,44.4658775,44,3.01058149,5.21409988,0.0223299488,0.0123299481,0.00864371285,0.0078210542,0.00217894604,2.75538731,6,2.5,9.64608479,0,1,0,0,0,0.745068848,-1.86200809,89.6548462,1,1.39798582,5.21409988,762.899719,54.6534996,3.49480009,0.0250000004,50,1,0.119999997,0.550000012,0.0133333337
SL4_rand_25_r0,0,830,44.4792099,44,2.59753609,5.21409988,0.0219966155,0.0119966147,0.0089992471,0.00847093947,0.0015290603,2.25958967,6,2.5,9.64608479,0,1,0,0,0,0.745068848,-1.86200809,89.6548462,1,1.39798582,5.21409988,762.899719,54.6534996,3.49480009,0.0250000004,50,1,0.119999997,0.550000012,0.0133333337
SL4_rand_25_r0,0,831,44.4925423,44,2.61085558,5.21409988,0.0216632821,0.0116632814,0.00896728411,0.00799622014,0.0020037801,2.62175322,6,2.5,9.64608479,0,1,0,0,0,0.745068848,-1.86200809,89.6548462,1,1.39798582,5.21409988,762.899719,54.6534996,3.49480009,0.0250000004,50,1,0.119999997,0.550000012,0.0133333337
SL4_rand_25_r0,0,832,44.5058784,44,2.43927169,5.21409988,0.0213299487,0.011329948,0.00921713933,0.00841943175,0.00158056838,2.29888511,6,2.5,9.64608479,0,0,0,0,0,0.745068848,-1.86200809,89.6548462,1,1.39798582,5.21409988,762.899719,54.6534996,3.49480009,0.0250000004,50,1,0.119999997,0.550000012,0.0133333337
SL4_rand_25_r0,0,833,44.5192108,44,2.40563345,5.21409988,0.0209966153,0.0109966155,0.00955134537,0.00831558369,0.00168441667,2.37811089,6,2.5,9.64608479,0,0,0,0,0,0.745068848,-1.86200809,89.6548462,1,1.39798582,5.21409988,762.899719,54.6534996,3.49480009,0.0250000004,50,1,0.119999997,0.550000012,0.0133333337
SL4_rand_25_r0,0,834,44.5325432,44,2.19596004,5.21409988,0.0206632819,0.0106632821,0.00918367039,0.00877921097,0.00122078881,2.02440929,6,2.5,9.64608479,0,0,0,0,0,0.745068848,-1.86200809,89.6548462,1,1.39798582,5.21409988,762.899719,54.6534996,3.49480009,0.0250000004,50,1,0.119999997,0.550000012,0.0133333337
SL4_rand_25_r0,0,835,44.5458755,44,2.01904464,5.21409988,0.0203299485,0.0103299487,0.00951621588,0.00897597801,0.00102402165,1.87429571,6,2.5,9.64608479,0,0,0,0,0,0.745068848,-1.86200809,89.6548462,1,1.39798582,5.21409988,762.899719,54.6534996,3.49480009,0.0250000004,50,1,0.119999997,0.550000012,0.0133333337
SL4_rand_25_r0,0,836,44.5592117,44,1.93342459,5.21409988,0.0199966151,0.00999661535,0.00918202195,0.00899029709,0.00100970257,1.86337173,6,2.5,9.64608479,0,0,0,0,0,0.745068848,-1.86200809,89.6548462,1,1.39798582,5.21409988,762.899719,54.6534996,3.49480009,0.0250000004,50,1,0.119999997,0.550000012,0.0133333337
SL4_rand_25_r0,0,837,44.5725441,44,1.57971191,5.21409988,0.0196632817,0.00966328196,0.00976603199,0.00974145904,0.000258540706,1.29031062,6,2.5,9.64608479,0,0,0,0,0,0.745068848,-1.86200809,89.6548462,1,1.39798582,5.21409988,762.899719,54.6534996,3.49480009,0.0250000004,50,1,0.119999997,0.550000012,0.0133333337
SL4_rand_25_r0,0,838,44.5858765,44,1.70599604,5.21409988,0.0193299484,0.00932994857,0.00915292744,0.00906114839,0.000938851328,1.80931938,6,2.5,9.64608479,0,0,0,0,0,0.745068848,-1.86200809,89.6548462,1,1.39798582,5.21409988,762.899719,54.6534996,3.49480009,0.0250000004,50,1,0.119999997,0.550000012,0.0133333337
SL4_rand_25_r0,0,839,44.5992088,44,1.72947764,5.21409988,0.018996615,0.00899661519,0.00947669148,0.00914062094,0.000859378837,1.74868989,6,2.5,9.64608479,0,0,0,0,0,0.745068848,-1.86200809,89.6548462,1,1.39798582,5.21409988,762.899719,54.6534996,3.49480009,0.0250000004,50,1,0.119999997,0.550000012,0.0133333337
SL4_rand_25_r0,0,840,44.612545,44,1.78133893,5.21409988,0.0186632816,0.0086632818,0.00953693967,0.00904220529,0.000957794313,1.823771,6,2.5,9.64608479,0,0,0,0,0,0.745068848,-1.86200809,89.6548462,1,1.39798582,5.21409988,762.899719,54.6534996,3.49480009,0.0250000004,50,1,0.119999997,0.550000012,0.0133333337
SL4_rand_25_r0,0,841,44.6258774,44,1.77624345,5.21409988,0.0183299482,0.00832994841,0.00928137079,0.00910996925,0.000890030991,1.77207434,6,2.5,9.64608479,0,0,0,0,0,0.745068848,-1.86200809,89.6548462,1,1.39798582,5.21409988,762.899719,54.6534996,3.49480009,0.0250000004,50,1,0.119999997,0.550000012,0.0133333337
SL4_rand_25_r0,0,842,44.6392097,44,1.86281002,5.21409988,0.0179966148,0.00799661502,0.00964407995,0.00889819395,0.0011018056,1.93363714,6,2.5,9.64608479,0,0,0,0,0,0.745068848,-1.86200809,89.6548462,1,1.39798582,5.21409988,762.899719,54.6534996,3.49480009,0.0250000004,50,1,0.119999997,0.550000012,0.0133333337
SL4_rand_25_r0,0,843,44.6525421,44,1.58484614,5.21409988,0.0176632814,0.00766328163,0.0100571923,0.0096534919,0.000346508401,1.35742116,6,2.5,9.64608479,0,0,0,0,0,0.745068848,-1.86200809,89.6548462,1,1.39798582,5.21409988,762.899719,54.6534996,3.49480009,0.0250000004,50,1,0.119999997,0.550000012,0.0133333337
SL4_rand_25_r0,0,844,44.6658783,44,1.85466266,5.21409988,0.017329948,0.00732994825,0.00978793763,0.0087123448,0.00128765497,2.07542157,6,2.5,9.64608479,0,0,0,0,0,0.745068848,-1.86200809,89.6548462,1,1.39798582,5.21409988,762.899719,54.6534996,3.49480009,0.0250000004,50,1,0.119999997,0.550000012,0.0133333337
SL4_rand_25_r0,0,845,44.6792107,44,1.69265485,5.21409988,0.0169966146,0.00699661486,0.00965243299,0.0093878191,0.000612181262,1.56010294,6,2.5,9.64608479,0,0,0,0,0,0.745068848,-1.86200809,89.6548462,1,1.39798582,5.21409988,762.899719,54.6534996,3.49480009,0.0250000004,50,1,0.119999997,0.550000012,0.0133333337
SL4_rand_25_r0,0,846,44.692543,44,1.94514942,5.21409988,0.0166632812,0.00666328194,0.00864887238,0.00861231331,0.00138768682,2.15173578,6,2.5,9.64608479,0,0,0,0,0,0.745068848,-1.86200809,89.6548462,1,1.39798582,5.21409988,762.899719,54.6534996,3.49480009,0.0250000004,50,1,0.119999997,0.550000012,0.0133333337
SL4_rand_25_r0,0,847,44.7058792,44,2.14889812,5.21409988,0.0163299479,0.00632994855,0.0084860744,0.00839751959,0.00160248019,2.31560159,6,2.5,9.64608479,0,0,0,0,0,0.745068848,-1.86200809,89.6548462,1,1.39798582,5.21409988,762.899719,54.6534996,3.49480009,0.0250000004,50,1,0.119999997,0.550000012,0.0133333337
SL4_rand_25_r0,0,848,44.7192116,44,2.32698226,5.21409988,0.0159966145,0.00599661516,0.00848391932,0.00819161348,0.00180838653,2.47268748,6,2.5,9.64608479,0,0,0,0,0,0.745068848,-1.86200809,89.6548462,1,1.39798582,5.21409988,762.899719,54.6534996,3.49480009,0.0250000004,50,1,0.119999997,0.550000012,0.0133333337
SL4_rand_25_r0,0,849,44.7325439,44,2.50142002,5.21409988,0.0156632811,0.00566328177,0.008466525,0.00796687324,0.00203312677,2.64414167,6,2.5,9.64608479,0,1,0,0,0,0.745068848,-1.86200809,89.6548462,1,1.39798582,5.21409988,762.899719,54.6534996,3.49480009,0.0250000004,50,1,0.119999997,0.550000012,0.0133333337
SL4_rand_25_r0,0,850,44.7458763,44,2.67056346,5.21409988,0.0153299486,0.00532994838,0.00783711579,0.00775083946,0.00224916032,2.80895376,6,2.5,9.64608479,1,1,0,1,0,0.745068848,-1.86200809,89.6548462,1,1.39798582,5.21409988,762.899719,54.6534996,3.49480009,0.0250000004,50,1,0.119999997,0.550000012,0.0133333337
SL4_rand_25_r0,0,851,44.7592125,44,2.76744246,5.21409988,0.0149966152,0.004996615,0.00802523457,0.0077013527,0.00229864707,2.84670711,6,2.5,9.64608479,0,1,0,0,0,0.745068848,-1.86200809,89.6548462,1,1.39798582,5.21409988,762.899719,54.6534996,3.49480009,0.0250000004,50,1,0.119999997,0.550000012,0.0133333337
SL4_rand_25_r0,0,852,44.7725449,44,2.97491193,5.21409988,0.0146632819,0.00466328161,0.00829291716,0.00731080025,0.00268919975,3.14465952,6,2.5,9.64608479,0,1,0,0,0,0.745068848,-1.86200809,89.6548462,1,1.39798582,5.21409988,762.899719,54.6534996,3.49480009,0.0250000004,50,1,0.119999997,0.550000012,0.0133333337
SL4_rand_25_r0,0,853,44.7858772,44,3.19613981,5.21409988,0.0143299485,0.00432994822,0.00725341542,0.00700606173,0.00299393828,3.37714458,6,2.5,9.64608479,1,1,0,1,0,0.745068848,-1.86200809,89.6548462,1,1.39798582,5.21409988,762.899719,54.6534996,3.49480009,0.0250000004,50,1,0.119999997,0.550000012,0.0133333337
SL4_rand_25_r0,0,854,45.0654602,45,3.5070107,5.21409988,0.0139966151,0.0039966153,0.0075237765,0.00650243741,0.0034975626,3.76135945,6,2.5,9.64608479,1,1,0,2,0,-0.171294585,-3.11942458,89.1675339,0.909952581,4.07180786,5.21409988,762.899719,54.6534996,3.49480009,0.0250000004,50,1,0.119999997,0.550000012,0.0133333337
SL4_rand_25_r0,0,855,45.345047,45,3.64885426,5.21409988,0.0136632817,0.00366328168,0.0065277135,0.00649778638,0.00350221386,3.76490784,6,2.5,9.64608479,1,1,0,3,0,-0.171294585,-3.11942458,89.1675339,0.909952581,4.07180786,5.21409988,762.899719,54.6534996,3.49480009,0.0250000004,50,1,0.119999997,0.550000012,0.0133333337
SL4_rand_25_r0,0,856,45.62463,45,3.92606735,5.21409988,0.0133299483,0.00332994852,0.00609479658,0.00598923909,0.00401076069,4.15287828,6,2.5,9.64608479,1,1,0,4,0,-0.171294585,-3.11942458,89.1675339,0.909952581,4.07180786,5.21409988,762.899719,54.6534996,3.49480009,0.0250000004,50,1,0.119999997,0.550000012,0.0133333337
SL4_rand_25_r0,0,857,45.904213,45,3.99879384,5.21409988,0.0129966149,0.00299661513,0.00682751974,0.00611321488,0.00388678513,4.05829716,6,2.5,9.64608479,1,1,0,5,0,-0.171294585,-3.11942458,89.1675339,0.909952581,4.07180786,5.21409988,762.899719,54.6534996,3.49480009,0.0250000004,50,1,0.119999997,0.550000012,0.0133333337
SL4_rand_25_r0,0,858,46.1837959,46,4.08909273,5.21409988,0.0126632815,0.00266328175,0.00680763414,0.00597600592,0.00402399432,4.16297388,6,2.5,9.64608479,1,1,0,6,0,0.197350875,-0.717642009,89.1026535,0.725118458,178.410645,5.21409988,762.899719,54.6534996,3.49480009,0.0250000004,50,1,0.119999997,0.550000012,0.0133333337
SL4_rand_25_r0,0,859,46.4633827,46,4.13492393,5.21409988,0.0123299481,0.00232994836,0.00633286824,0.00596362166,0.00403637812,4.17242146,6,2.5,9.64608479,1,1,0,7,0,0.197350875,-0.717642009,89.1026535,0.725118458,178.410645,5.21409988,762.899719,54.6534996,3.49480009,0.0250000004,50,1,0.119999997,0.550000012,0.0133333337
SL4_rand_25_r0,0,860,46.7429657,46,4.25834036,5.21409988,0.0120089045,0.002008904,0.0058484585,0.00571864098,0.00428135879,4.3593173,6,2.5,9.64608479,1,1,0,8,0,0.197350875,-0.717642009,89.1026535,0.725118458,178.410645,5.21409988,762.899719,54.6534996,3.49480009,0.0250000004,50,1,0.119999997,0.550000012,0.0133333337
SL4_rand_25_r0,0,861,47.0225487,47,4.06275892,5.21409988,0.0120000001,0.00200000009,0.00648951856,0.00626429776,0.00373570225,3.90273809,6,2.5,9.64608479,1,1,0,9,0,1.9956454,-0.233726278,89.9861221,0.497630328,175.481552,5.21409988,762.899719,54.6534996,3.49480009,0.0250000004,50,1,0.119999997,0.550000012,0.0133333337
SL4_rand_25_r0,0,862,47.035881,47,4.19502497,5.21409988,0.0120000001,0.00200000009,0.00842329487,0.00579214375,0.00420785649,4.30324221,6,2.5,9.64608479,0,1,0,0,0,1.9956454,-0.233726278,89.9861221,0.497630328,175.481552,5.21409988,762.899719,54.6534996,3.49480009,0.0250000004,50,1,0.119999997,0.550000012,0.0133333337
SL4_rand_25_r0,0,863,47.0492172,47,4.33956575,5.21409988,0.0120000001,0.00200000009,0.00867448095,0.00558951637,0.00441048387,4.45782661,6,2.5,9.64608479,0,1,0,0,0,1.9956454,-0.233726278,89.9861221,0.497630328,175.481552,5.21409988,762.899719,54.6534996,3.49480009,0.0250000004,50,1,0.119999997,0.550000012,0.0133333337
SL4_rand_25_r0,0,864,47.0625496,47,4.6299715,5.21409988,0.0120000001,0.00200000009,0.00642362144,0.00490261661,0.00509738317,4.86757612,6,2.5,9.64608479,1,1,0,1,0,1.9956454,-0.233726278,89.9861221,0.497630328,175.481552,5.21409988,762.899719,54.6534996,3.49480009,0.0250000004,50,1,0.119999997,0.550000012,0.0133333337
SL4_rand_25_r0,0,865,47.3421326,47,4.62069511,5.21409988,0.0120000001,0.00200000009,0.00757320924,0.00486446684,0.0051355334,4.6131053,6,2.5,9.64608479,1,1,0,2,0,1.9956454,-0.233726278,89.9861221,0.497630328,175.481552,5.21409988,762.899719,54.6534996,3.49480009,0.0250000004,50,1,0.119999997,0.550000012,0.0133333337
SL4_rand_25_r0,0,866,47.6217155,47,4.67085266,5.21409988,0.0120000001,0.00200000009,0.0051989262,0.00468410458,0.00531589519,4.7118907,6,2.5,9.64608479,1,1,0,3,0,1.9956454,-0.233726278,89.9861221,0.497630328,175.481552,5.21409988,762.899719,54.6534996,3.49480009,0.0250000004,50,1,0.119999997,0.550000012,0.0133333337
SL4_rand_25_r0,0,867,47.9013023,47,4.88891363,5.21409988,0.0120000001,0.00200000009,0.00573768467,0.00414983602,0.00585016422,5.06732702,6,2.5,9.64608479,1,1,0,4,0,1.9956454,-0.233726278,89.9861221,0.497630328,175.481552,5.21409988,762.899719,54.6534996,3.49480009,0.0250000004,50,1,0.119999997,0.550000012,0.0133333337
SL4_rand_25_r0,0,868,48.1808853,48,4.89500237,5.21409988,0.0120000001,0.00200000009,0.00502201356,0.00409743097,0.00590256881,4.89998388,6,2.5,9.64608479,1,1,0,5,0,0.473521739,-1.05112934,88.8185959,0.502369642,0.437190682,5.21409988,762.899719,54.6534996,3.49480009,0.0250000004,50,1,0.119999997,0.550000012,0.0133333337
SL4_rand_25_r0,0,869,48.4604683,48,5.08911133,5.21409988,0.0120000001,0.00200000009,0.00458115758,0.00358878775,0.00641121203,5.24792767,6,2.5,9.64608479,1,1,0,6,0,0.473521739,-1.05112934,88.8185959,0.502369642,0.437190682,5.21409988,762.899719,54.6534996,3.49480009,0.0250000004,50,1,0.119999997,0.550000012,0.0133333337
SL4_rand_25_r0,0,870,48.7400551,48,5.50590324,5.21409988,0.0120722475,0.00207224744,0.00385515927,0.00256311917,0.00743688084,5.84691429,6,2.5,9.64608479,1,1,0,7,0,0.473521739,-1.05112934,88.8185959,0.502369642,0.437190682,5.21409988,762.899719,54.6534996,3.49480009,0.0250000004,50,1,0.119999997,0.550000012,0.0133333337
SL4_rand_25_r0,0,871,49.0196381,49,5.68358469,5.21409988,0.0122147007,0.00221470115,0.00258236285,0.00204892177,0.00795107801,5.8289609,6,2.5,9.64608479,1,1,0,8,0,0.531282008,-0.0151573345,89.1938629,0.739336491,0.068180114,5.21409988,762.899719,54.6534996,3.49480009,0.0250000004,50,1,0.119999997,0.550000012,0.0133333337
SL4_rand_25_r0,0,872,49.299221,49,5.60301733,5.21409988,0.0123464763,0.00234647607,0.00226334902,0.00212971983,0.00787028018,5.53709888,6,2.5,9.64608479,1,1,0,9,0,0.531282008,-0.0151573345,89.1938629,0.739336491,0.068180114,5.21409988,762.899719,54.6534996,3.49480009,0.0250000004,50,1,0.119999997,0.550000012,0.0133333337
SL4_rand_25_r0,0,873,49.578804,49,5.54927015,5.21409988,0.0124615412,0.00246154144,0.00228803651,0.00221730862,0.00778269162,5.50529528,6,2.5,9.64608479,1,1,0,10,0,0.531282008,-0.0151573345,89.1938629,0.739336491,0.068180114,5.21409988,762.899719,54.6534996,3.49480009,0.0250000004,50,1,0.119999997,0.550000012,0.0133333337
SL4_rand_25_r0,0,874,49.8583908,49,5.79717159,5.21409988,0.0126426835,0.00264268322,0.00169683725,0.00151556078,0.00848443899,6,6,2.5,9.64608479,1,1,0,11,0,0.531282008,-0.0151573345,89.1938629,0.739336491,0.068180114,5.21409988,762.899719,54.6534996,3.49480009,0.0250000004,50,1,0.119999997,0.550000012,0.0133333337
SL4_rand_25_r0,0,875,50.1379738,50,5.90872717,5.21409988,0.0128658256,0.00286582555,0.00199333881,0.00102150172,0.00897849817,6,6,2.5,9.64608479,1,1,0,12,0,0.0386829078,-0.27311039,89.2373734,0.924170613,0.15818353,5.21409988,762.899719,54.6534996,3.49480009,0.0250000004,50,1,0.119999997,0.550000012,0.0133333337
SL4_rand_25_r0,0,876,50.4175568,50,5.94109201,5.21409988,0.0131049585,0.00310495822,0.00145881181,0.00121863233,0.00878136791,5.96757221,6,2.5,9.64608479,1,1,0,13,0,0.0386829078,-0.27311039,89.2373734,0.924170613,0.15818353,5.21409988,762.899719,54.6534996,3.49480009,0.0250000004,50,1,0.119999997,0.550000012,0.0133333337
SL4_rand_25_r0,0,877,50.6971397,50,5.83711338,5.21409988,0.0133178728,0.00331787276,0.00209644833,0.00143241789,0.00856758188,5.75203991,6,2.5,9.64608479,1,1,0,14,0,0.0386829078,-0.27311039,89.2373734,0.924170613,0.15818353,5.21409988,762.899719,54.6534996,3.49480009,0.0250000004,50,1,0.119999997,0.550000012,0.0133333337
SL4_rand_25_r0,0,878,50.9767265,50,5.62431526,5.21409988,0.0134673072,0.00346730743,0.00223203865,0.00194074924,0.00805925112,5.45020819,6,2.5,9.64608479,1,1,0,15,0,0.0386829078,-0.27311039,89.2373734,0.924170613,0.15818353,5.21409988,762.899719,54.6534996,3.49480009,0.0250000004,50,1,0.119999997,0.550000012,0.0133333337
SL4_rand_25_r0,0,879,51.2563095,51,5.83094215,5.21409988,0.0136635583,0.00366355805,0.00217229896,0.000723582576,0.00927641708,6,6,2.5,9.64608479,1,1,0,16,0,0.349290401,-0.144710809,89.3801346,1.00947869,179.120224,5.21409988,762.899719,54.6534996,3.49480009,0.0250000004,50,1,0.119999997,0.550000012,0.0133333337
SL4_rand_25_r0,0,880,51.5358925,51,5.92392397,5.21409988,0.0138934394,0.00389343989,0.000903394772,0.00060881133,0.00939118862,6,6,2.5,9.64608479,1,1,0,17,0,0.349290401,-0.144710809,89.3801346,1.00947869,179.120224,5.21409988,762.899719,54.6534996,3.49480009,0.0250000004,50,1,0.119999997,0.550000012,0.0133333337
SL4_rand_25_r0,0,881,51.8154755,51,5.74626064,5.21409988,0.0140795764,0.00407957612,0.00280980556,0.00167029339,0.00832970627,5.60090017,6,2.5,9.64608479,1,1,0,18,0,0.349290401,-0.144710809,89.3801346,1.00947869,179.120224,5.21409988,762.899719,54.6534996,3.49480009,0.0250000004,50,1,0.119999997,0.550000012,0.0133333337
SL4_rand_25_r0,0,882,52.0950623,52,5.88581753,5.21409988,0.0142971864,0.00429718662,0.00217495603,0.00133354368,0.00866645668,6,6,2.5,9.64608479,1,1,0,19,0,0.0673116297,-0.794128358,89.7929382,1.00947869,0.529165924,5.21409988,762.899719,54.6534996,3.49480009,0.0250000004,50,1,0.119999997,0.550000012,0.0133333337
SL4_rand_25_r0,0,883,52.3746452,52,5.71860027,5.21409988,0.0144735938,0.00447359402,0.00185297942,0.00174809189,0.00825190824,5.58178663,6,2.5,9.64608479,1,1,0,20,0,0.0673116297,-0.794128358,89.7929382,1.00947869,0.529165924,5.21409988,762.899719,54.6534996,3.49480009,0.0250000004,50,1,0.119999997,0.550000012,0.0133333337
SL4_rand_25_r0,0,884,52.6542282,52,5.83481359,5.21409988,0.0146754161,0.00467541581,0.00240033795,0.00146889943,0.00853110012,5.92989683,6,2.5,9.64608479,1,1,0,21,0,0.0673116297,-0.794128358,89.7929382,1.00947869,0.529165924,5.21409988,762.899719,54.6534996,3.49480009,0.0250000004,50,1,0.119999997,0.550000012,0.0133333337
SL4_rand_25_r0,0,885,52.933815,52,5.92566586,5.21409988,0.01490671,0.00490671024,0.00251284079,0.000740602438,0.00925939716,6,6,2.5,9.64608479,1,1,0,22,0,0.0673116297,-0.794128358,89.7929382,1.00947869,0.529165924,5.21409988,762.899719,54.6534996,3.49480009,0.0250000004,50,1,0.119999997,0.550000012,0.0133333337
SL4_rand_25_r0,0,886,53.213398,53,5.48243284,5.21409988,0.0150197959,0.00501979608,0.00247529545,0.00229485938,0.00770514039,5.11978722,6,2.5,9.64608479,1,1,0,23,0,1.1605587,-0.921974778,89.2763519,1,1.94922853,5.21409988,762.899719,54.6534996,3.49480009,0.0250000004,50,1,0.119999997,0.550000012,0.0133333337
SL4_rand_25_r0,0,887,55.279583,55,5.76709461,5.21409988,0.0151922535,0.00519225327,0.00220865523,0.00160270929,0.00839729048,6,6,2.5,9.64608479,1,1,0,24,0,3.39167643,0.96430254,87.3011246,1.01895738,175.366592,5.21409988,762.899719,54.6534996,3.49480009,0.0250000004,50,1,0.119999997,0.550000012,0.0133333337
SL4_rand_25_r0,0,888,55.5591698,55,5.89519262,5.21409988,0.0154101886,0.00541018834,0.00143154711,0.00121858343,0.00878141634,6,6,2.5,9.64608479,1,1,0,25,0,3.39167643,0.96430254,87.3011246,1.01895738,175.366592,5.21409988,762.899719,54.6534996,3.49480009,0.0250000004,50,1,0.119999997,0.550000012,0.0133333337
SL4_rand_25_r0,0,889,55.8387527,55,5.95283651,5.21409988,0.0156517159,0.00565171568,0.0014527014,0.000905310852,0.00909468904,6,6,2.5,9.64608479,1,1,0,26,0,3.39167643,0.96430254,87.3011246,1.01895738,175.366592,5.21409988,762.899719,54.6534996,3.49480009,0.0250000004,50,1,0.119999997,0.550000012,0.0133333337
SL4_rand_25_r0,0,890,56.1183357,56,5.97877645,5.21409988,0.01590438,0.00590438023,0.00134594692,0.00106198573,0.00893801451,6,6,2.5,9.64608479,1,1,0,27,0,0.160300106,-1.91008937,89.9358063,0.995260656,1.09817553,5.21409988,762.899719,54.6534996,3.49480009,0.0250000004,50,1,0.119999997,0.550000012,0.0133333337
SL4_rand_25_r0,0,891,56.3979187,56,5.99044943,5.21409988,0.016162144,0.00616214378,0.00107061863,0.000974278082,0.00902572181,6,6,2.5,9.64608479,1,1,0,28,0,0.160300106,-1.91008937,89.9358063,0.995260656,1.09817553,5.21409988,762.899719,54.6534996,3.49480009,0.0250000004,50,1,0.119999997,0.550000012,0.0133333337
SL4_rand_25_r0,0,892,56.6775055,56,5.93571568,5.21409988,0.0164055526,0.00640555331,0.00182106043,0.00117027643,0.00882972404,5.89093304,6,2.5,9.64608479,1,1,0,29,0,0.160300106,-1.91008937,89.9358063,0.995260656,1.09817553,5.21409988,762.899719,54.6534996,3.49480009,0.0250000004,50,1,0.119999997,0.550000012,0.0133333337
SL4_rand_25_r0,0,893,56.9570885,56,5.85563469,5.21409988,0.0166243259,0.00662432518,0.00185297651,0.00136412808,0.00863587204,5.79011393,6,2.5,9.64608479,1,1,0,30,0,0.160300106,-1.91008937,89.9358063,0.995260656,1.09817553,5.21409988,762.899719,54.6534996,3.49480009,0.0250000004,50,1,0.119999997,0.550000012,0.0133333337
SL4_rand_25_r0,0,894,57.2366714,57,5.6712532,5.21409988,0.0167877749,0.00678777462,0.00199654629,0.00182356988,0.00817643013,5.52039576,6,2.5,9.64608479,1,1,0,31,0,-0.644861579,-1.36314499,89.1309052,1.00947869,4.02981758,5.21409988,762.899719,54.6534996,3.49480009,0.0250000004,50,1,0.119999997,0.550000012,0.0133333337
SL4_rand_25_r0,0,895,57.5162544,57,5.39439726,5.21409988,0.0168650988,0.00686509861,0.00282387855,0.00252344413,0.00747655565,5.16787815,6,2.5,9.64608479,1,1,0,32,0,-0.644861579,-1.36314499,89.1309052,1.00947869,4.02981758,5.21409988,762.899719,54.6534996,3.49480009,0.0250000004,50,1,0.119999997,0.550000012,0.0133333337
SL4_rand_25_r0,0,896,57.7958412,57,5.57438278,5.21409988,0.0169780646,0.00697806431,0.00226714136,0.00216777041,0.00783222914,5.72164392,6,2.5,9.64608479,1,1,0,33,0,-0.644861579,-1.36314499,89.1309052,1.00947869,4.02981758,5.21409988,762.899719,54.6534996,3.49480009,0.0250000004,50,1,0.119999997,0.550000012,0.0133333337
SL4_rand_25_r0,0,897,58.0754242,58,5.80847216,5.21409988,0.0171619952,0.0071619954,0.00291720103,0.0015803444,0.00841965526,6,6,2.5,9.64608479,1,1,0,34,0,-0.400929451,-3.79108191,89.0473557,1.00947869,1.49326372,5.21409988,762.899719,54.6534996,3.49480009,0.0250000004,50,1,0.119999997,0.550000012,0.0133333337
SL4_rand_25_r0,0,898,58.3550072,58,5.70492649,5.21409988,0.0173289906,0.00732899131,0.00261460384,0.00184249773,0.00815750193,5.62020731,6,2.5,9.64608479,1,1,0,35,0,-0.400929451,-3.79108191,89.0473557,1.00947869,1.49326372,5.21409988,762.899719,54.6534996,3.49480009,0.0250000004,50,1,0.119999997,0.550000012,0.0133333337
SL4_rand_25_r0,0,899,58.6345901,58,5.39707851,5.21409988,0.017407652,0.00740765128,0.00304237381,0.00253792107,0.00746207917,5.14520311,6,2.5,9.64608479,1,1,0,36,0,-0.400929451,-3.79108191,89.0473557,1.00947869,1.49326372,5.21409988,762.899719,54.6534996,3.49480009,0.0250000004,50,1,0.119999997,0.550000012,0.0133333337
SL4_rand_25_r0,0,900,58.9141769,58,5.72868538,5.21409988,0.0175637025,0.00756370183,0.00265997695,0.00170449237,0.00829550717,6,6,2.5,9.64608479,1,1,0,37,0,-0.400929451,-3.79108191,89.0473557,1.00947869,1.49326372,5.21409988,762.899719,54.6534996,3.49480009,0.0250000004,50,1,0.119999997,0.550000012,0.0133333337
SL4_rand_25_r0,0,901,59.1937599,59,5.16451979,5.21409988,0.0175759383,0.00757593801,0.00319624553,0.00316469581,0.0068353042,4.7029295,6,2.5,9.64608479,1,1,0,38,0,0.911803186,-2.33578372,89.9186478,1.02369666,3.31895733,5.21409988,762.899719,54.6534996,3.49480009,0.0250000004,50,1,0.119999997,0.550000012,0.0133333337
SL4_rand_25_r0,0,902,59.4733429,59,5.41625404,5.21409988,0.017634131,0.00763413124,0.003832469,0.00257786643,0.00742213381,5.62221861,6,2.5,9.64608479,1,1,0,39,0,0.911803186,-2.33578372,89.9186478,1.02369666,3.31895733,5.21409988,762.899719,54.6534996,3.49480009,0.0250000004,50,1,0.119999997,0.550000012,0.0133333337
SL4_rand_25_r0,0,903,59.7529297,59,5.15988731,5.21409988,0.0176287703,0.00762877101,0.00328512653,0.00326128909,0.00673871068,4.95013237,6,2.5,9.64608479,1,1,0,40,0,0.911803186,-2.33578372,89.9186478,1.02369666,3.31895733,5.21409988,762.899719,54.6534996,3.49480009,0.0250000004,50,1,0.119999997,0.550000012,0.0133333337
SL4_rand_25_r0,0,904,60.0325127,60,5.34774971,5.21409988,0.0176650025,0.00766500272,0.00291931536,0.00281179696,0.00718820328,5.50145531,6,2.5,9.64608479,1,1,0,41,0,1.13313186,-3.55013514,89.9678268,1.01895738,177.35643,5.21409988,762.899719,54.6534996,3.49480009,0.0250000004,50,1,0.119999997,0.550000012,0.0133333337
SL4_rand_25_r0,0,905,60.3120956,60,5.13466072,5.21409988,0.0176489744,0.00764897466,0.00344053959,0.00334234163,0.00665765861,4.96031475,6,2.5,9.64608479,1,1,0,42,0,1.13313186,-3.55013514,89.9678268,1.01895738,177.35643,5.21409988,762.899719,54.6534996,3.49480009,0.0250000004,50,1,0.119999997,0.550000012,0.0133333337
SL4_rand_25_r0,0,906,60.5916786,60,5.43693733,5.21409988,0.0177082028,0.00770820258,0.00326288934,0.00261803879,0.00738196122,5.68425512,6,2.5,9.64608479,1,1,0,43,0,1.13313186,-3.55013514,89.9678268,1.01895738,177.35643,5.21409988,762.899719,54.6534996,3.49480009,0.0250000004,50,1,0.119999997,0.550000012,0.0133333337
SL4_rand_25_r0,0,907,60.8712654,60,5.50563192,5.21409988,0.0177990552,0.00779905496,0.00261999527,0.00245502684,0.0075449734,5.56183672,6,2.5,9.64608479,1,1,0,44,0,1.13313186,-3.55013514,89.9678268,1.01895738,177.35643,5.21409988,762.899719,54.6534996,3.49480009,0.0250000004,50,1,0.119999997,0.550000012,0.0133333337
SL4_rand_25_r0,0,908,61.1508484,61,5.26563263,5.21409988,0.0178285111,0.0078285113,0.00403617835,0.00296474528,0.0070352545,5.06926918,6,2.5,9.64608479,1,1,0,45,0,0.0458973572,-0.512793362,88.4484024,1.02369666,1.69832134,5.21409988,762.899719,54.6534996,3.49480009,0.0250000004,50,1,0.119999997,0.550000012,0.0133333337
SL4_rand_25_r0,0,909,61.4304314,61,5.53528547,5.21409988,0.0179226398,0.00792263914,0.00346656167,0.00232860446,0.00767139532,5.75591087,6,2.5,9.64608479,1,1,0,46,0,0.0458973572,-0.512793362,88.4484024,1.02369666,1.69832134,5.21409988,762.899719,54.6534996,3.49480009,0.0250000004,50,1,0.119999997,0.550000012,0.0133333337
SL4_rand_25_r0,0,910,61.7100143,61,5.56922245,5.21409988,0.0180369727,0.00803697202,0.00405920157,0.0022589385,0.0077410615,5.59698915,6,2.5,9.64608479,1,1,0,47,0,0.0458973572,-0.512793362,88.4484024,1.02369666,1.69832134,5.21409988,762.899719,54.6534996,3.49480009,0.0250000004,50,1,0.119999997,0.550000012,0.0133333337
SL4_rand_25_r0,0,911,61.9896011,61,4.89127493,5.21409988,0.0179663543,0.00796635449,0.0040757698,0.00382420467,0.0061757951,4.33659029,6,2.5,9.64608479,1,1,0,48,0,0.0458973572,-0.512793362,88.4484024,1.02369666,1.69832134,5.21409988,762.899719,54.6534996,3.49480009,0.0250000004,50,1,0.119999997,0.550000012,0.0133333337
SL4_rand_25_r0,0,912,62.2691841,62,5.1394043,5.21409988,0.0179338362,0.0079338355,0.00335302087,0.00330076041,0.00669923937,5.34241962,6,2.5,9.64608479,1,1,0,49,0,0.249672726,-2.11437559,86.7670517,1.03317535,2.18458033,5.21409988,762.899719,54.6534996,3.49480009,0.0250000004,50,1,0.119999997,0.550000012,0.0133333337
SL4_rand_25_r0,0,913,62.5487671,62,5.54045773,5.21409988,0.0180190708,0.00801907107,0.003107853,0.0024472943,0.00755270571,5.86859179,6,2.5,9.64608479,1,1,0,50,0,0.249672726,-2.11437559,86.7670517,1.03317535,2.18458033,5.21409988,762.899719,54.6534996,3.49480009,0.0250000004,50,1,0.119999997,0.550000012,0.0133333337
SL4_rand_25_r0,0,914,62.8283539,62,4.88404608,5.21409988,0.017941596,0.00794159528,0.00398611696,0.00393565558,0.0060643442,4.34698248,6,2.5,9.64608479,1,1,0,51,0,0.249672726,-2.11437559,86.7670517,1.03317535,2.18458033,5.21409988,762.899719,54.6534996,3.49480009,0.0250000004,50,1,0.119999997,0.550000012,0.0133333337
SL4_rand_25_r0,0,915,63.1079369,63,5.49782085,5.21409988,0.0180074945,0.0080074938,0.00268883584,0.00242010062,0.00757989939,6,6,2.5,9.64608479,1,1,0,52,0,0.498272419,-0.992262542,84.6895905,1.01895738,0.29691413,5.21409988,762.899719,54.6534996,3.49480009,0.0250000004,50,1,0.119999997,0.550000012,0.0133333337
SL4_rand_25_r0,0,916,63.3875198,63,5.3154521,5.21409988,0.0180466305,0.00804663077,0.00353488349,0.00294489507,0.00705510471,5.16624165,6,2.5,9.64608479,1,1,0,53,0,0.498272419,-0.992262542,84.6895905,1.01895738,0.29691413,5.21409988,762.899719,54.6534996,3.49480009,0.0250000004,50,1,0.119999997,0.550000012,0.0133333337
SL4_rand_25_r0,0,917,63.6671028,63,4.83161783,5.21409988,0.0179469083,0.00794690847,0.00425689574,0.00401744386,0.00598255638,4.43575335,6,2.5,9.64608479,1,1,0,54,0,0.498272419,-0.992262542,84.6895905,1.01895738,0.29691413,5.21409988,762.899719,54.6534996,3.49480009,0.0250000004,50,1,0.119999997,0.550000012,0.0133333337
SL4_rand_25_r0,0,918,63.9466896,63,5.16194773,5.21409988,0.0179158002,0.00791580137,0.00342097622,0.00330815371,0.00669184607,5.4322176,6,2.5,9.64608479,1,1,0,55,0,0.498272419,-0.992262542,84.6895905,1.01895738,0.29691413,5.21409988,762.899719,54.6534996,3.49480009,0.0250000004,50,1,0.119999997,0.550000012,0.0133333337
SL4_rand_25_r0,0,919,64.2262726,64,5.12109518,5.21409988,0.0178847816,0.00788478181,0.0043645869,0.00346485013,0.00653515011,5.0876708,6,2.5,9.64608479,1,1,0,56,0,1.39774024,-10.8199072,84.5465775,0.957345963,42.3741455,5.21409988,762.899719,54.6534996,3.49480009,0.0250000004,50,1,0.119999997,0.550000012,0.0133333337
SL4_rand_25_r0,0,920,64.5058594,64,5.0062108,5.21409988,0.0178218652,0.00782186538,0.0043618069,0.0036944577,0.00630554231,4.91221476,6,2.5,9.64608479,1,1,0,57,0,1.39774024,-10.8199072,84.5465775,0.957345963,42.3741455,5.21409988,762.899719,54.6534996,3.49480009,0.0250000004,50,1,0.119999997,0.550000012,0.0133333337
SL4_rand_25_r0,0,921,64.7854385,64,5.07679749,5.21409988,0.0177732389,0.00777323963,0.00386690488,0.0035401301,0.00645986991,5.13455057,6,2.5,9.64608479,1,1,0,58,0,1.39774024,-10.8199072,84.5465775,0.957345963,42.3741455,5.21409988,762.899719,54.6534996,3.49480009,0.0250000004,50,1,0.119999997,0.550000012,0.0133333337
SL4_rand_25_r0,0,922,65.0650253,65,4.82693624,5.21409988,0.0176575892,0.00765758986,0.00436735665,0.00414988538,0.00585011439,4.62250423,6,2.5,9.64608479,1,1,0,59,0,0.550559878,-5.22909975,42.2015572,0.79620856,18.5264034,5.21409988,762.899719,54.6534996,3.49480009,0.0250000004,50,1,0.119999997,0.550000012,0.0133333337
SL4_rand_25_r0,0,923,65.3446045,65,5.07342339,5.21409988,0.0175992381,0.00759923784,0.00365810841,0.00358257024,0.00641742954,5.27509499,6,2.5,9.64608479,1,1,0,60,0,0.550559878,-5.22909975,42.2015572,0.79620856,18.5264034,5.21409988,762.899719,54.6534996,3.49480009,0.0250000004,50,1,0.119999997,0.550000012,0.0133333337
SL4_rand_25_r0,0,924,65.6241913,65,5.18790007,5.21409988,0.017582234,0.00758223468,0.00348667055,0.00332780625,0.00667219376,5.28156233,6,2.5,9.64608479,1,1,0,61,0,0.550559878,-5.22909975,42.2015572,0.79620856,18.5264034,5.21409988,762.899719,54.6534996,3.49480009,0.0250000004,50,1,0.119999997,0.550000012,0.0133333337
SL4_rand_25_r0,0,925,65.9037781,65,5.17374229,5.21409988,0.0175681897,0.00756819034,0.00349114509,0.00330658816,0.00669341208,5.16215897,6,2.5,9.64608479,1,1,0,62,0,0.550559878,-5.22909975,42.2015572,0.79620856,18.5264034,5.21409988,762.899719,54.6534996,3.49480009,0.0250000004,50,1,0.119999997,0.550000012,0.0133333337
SL4_rand_25_r0,0,926,66.1833572,66,5.62818384,5.21409988,0.0176808722,0.00768087292,0.00229674252,0.00132663955,0.00867336057,6,6,2.5,9.64608479,1,1,0,63,0,28.4082088,3.75674224,60.602951,0.563981056,2.86188745,5.21409988,762.899719,54.6534996,3.49480009,0.0250000004,50,1,0.119999997,0.550000012,0.0133333337
SL4_rand_25_r0,0,927,66.462944,66,5.70624542,5.21409988,0.0178363603,0.00783636048,0.00199371367,0.00195225282,0.00804774743,5.77011395,6,2.5,9.64608479,1,1,0,64,0,28.4082088,3.75674224,60.602951,0.563981056,2.86188745,5.21409988,762.899719,54.6534996,3.49480009,0.0250000004,50,1,0.119999997,0.550000012,0.0133333337
SL4_rand_25_r0,0,928,66.7425308,66,5.86781025,5.21409988,0.0180438608,0.00804386102,0.00104140968,0.000861038396,0.00913896132,6,6,2.5,9.64608479,1,1,0,65,0,28.4082088,3.75674224,60.602951,0.563981056,2.86188745,5.21409988,762.899719,54.6534996,3.49480009,0.0250000004,50,1,0.119999997,0.550000012,0.0133333337
SL4_rand_25_r0,0,929,67.02211,67,5.78759813,5.21409988,0.0182377491,0.00823775027,0.00223846617,0.00160779746,0.00839220267,5.72197008,6,2.5,9.64608479,1,1,0,66,0,-1.35428202,-27.6347237,57.7649689,0.706161141,2.65214872,5.21409988,762.899719,54.6534996,3.49480009,0.0250000004,50,1,0.119999997,0.550000012,0.0133333337
SL4_rand_25_r0,0,930,67.3016968,67,5.7086935,5.21409988,0.018407451,0.00840745214,0.00202940847,0.00176833244,0.0082316678,5.64413548,6,2.5,9.64608479,1,1,0,67,0,-1.35428202,-27.6347237,57.7649689,0.706161141,2.65214872,5.21409988,762.899719,54.6534996,3.49480009,0.0250000004,50,1,0.119999997,0.550000012,0.0133333337
SL4_rand_25_r0,0,931,67.5812836,67,5.86891222,5.21409988,0.0186176281,0.00861762743,0.0029808348,0.00126539415,0.00873460621,6,6,2.5,9.64608479,1,1,0,68,0,-1.35428202,-27.6347237,57.7649689,0.706161141,2.65214872,5.21409988,762.899719,54.6534996,3.49480009,0.0250000004,50,1,0.119999997,0.550000012,0.0133333337
SL4_rand_25_r0,0,932,67.8608627,67,5.59624815,5.21409988,0.0187588092,0.00875880942,0.00242508319,0.00205351599,0.00794648379,5.37315941,6,2.5,9.64608479,1,1,0,69,0,-1.35428202,-27.6347237,57.7649689,0.706161141,2.65214872,5.21409988,762.899719,54.6534996,3.49480009,0.0250000004,50,1,0.119999997,0.550000012,0.0133333337
SL4_rand_25_r0,0,933,68.1404495,68,5.56545544,5.21409988,0.0188799389,0.00887993816,0.00285293162,0.00213104254,0.00786895771,5.54026127,6,2.5,9.64608479,1,1,0,70,0,0.655140579,-4.05890656,55.2212601,0.876777232,0.162721232,5.21409988,762.899719,54.6534996,3.49480009,0.0250000004,50,1,0.119999997,0.550000012,0.0133333337
SL4_rand_25_r0,0,934,68.4200287,68,5.35345507,5.21409988,0.0189388357,0.00893883593,0.00282413303,0.00268946192,0.00731053809,5.17999983,6,2.5,9.64608479,1,1,0,71,0,0.655140579,-4.05890656,55.2212601,0.876777232,0.162721232,5.21409988,762.899719,54.6534996,3.49480009,0.0250000004,50,1,0.119999997,0.550000012,0.0133333337
SL4_rand_25_r0,0,935,68.6996155,68,5.33152199,5.21409988,0.0189812705,0.00898126978,0.00316397962,0.00278186239,0.00721813785,5.3135767,6,2.5,9.64608479,1,1,0,72,0,0.655140579,-4.05890656,55.2212601,0.876777232,0.162721232,5.21409988,762.899719,54.6534996,3.49480009,0.0250000004,50,1,0.119999997,0.550000012,0.0133333337
SL4_rand_25_r0,0,936,68.9792023,68,5.12892675,5.21409988,0.0189646818,0.00896468293,0.00383410067,0.00331194466,0.00668805558,4.96316719,6,2.5,9.64608479,1,1,0,73,0,0.655140579,-4.05890656,55.2212601,0.876777232,0.162721232,5.21409988,762.899719,54.6534996,3.49480009,0.0250000004,50,1,0.119999997,0.550000012,0.0133333337
SL4_rand_25_r0,0,937,69.2587814,69,5.00133944,5.21409988,0.0189028177,0.00890281796,0.00392585294,0.00365243223,0.00634756777,4.89694977,6,2.5,9.64608479,1,1,0,74,0,0.204234138,-3.11600161,55.3586998,0.938388646,3.24774408,5.21409988,762.899719,54.6534996,3.49480009,0.0250000004,50,1,0.119999997,0.550000012,0.0133333337
SL4_rand_25_r0,0,938,69.5383682,69,4.68491983,5.21409988,0.0187455136,0.00874551293,0.00452196319,0.00446432643,0.00553567335,4.42603111,6,2.5,9.64608479,1,1,0,75,0,0.204234138,-3.11600161,55.3586998,0.938388646,3.24774408,5.21409988,762.899719,54.6534996,3.49480009,0.0250000004,50,1,0.119999997,0.550000012,0.0133333337
SL4_rand_25_r0,0,939,69.817955,69,4.48127031,5.21409988,0.0185157321,0.00851573143,0.00521546649,0.00502056256,0.00497943722,4.31464863,6,2.5,9.64608479,1,1,0,76,0,0.204234138,-3.11600161,55.3586998,0.938388646,3.24774408,5.21409988,762.899719,54.6534996,3.49480009,0.0250000004,50,1,0.119999997,0.550000012,0.0133333337
SL4_rand_25_r0,0,940,70.0975342,70,4.49003887,5.21409988,0.0182763059,0.00827630609,0.00642688153,0.00509278663,0.00490721362,4.49721289,6,2.5,9.64608479,1,1,0,77,0,-0.188742667,-1.64642537,52.7380905,0.720379174,1.62247789,5.21409988,762.899719,54.6534996,3.49480009,0.0250000004,50,1,0.119999997,0.550000012,0.0133333337
SL4_rand_25_r0,0,941,70.377121,70,4.05958509,5.21409988,0.0179429725,0.0079429727,0.00687286211,0.00616952218,0.00383047783,3.70739532,6,2.5,9.64608479,1,1,0,78,0,-0.188742667,-1.64642537,52.7380905,0.720379174,1.62247789,5.21409988,762.899719,54.6534996,3.49480009,0.0250000004,50,1,0.119999997,0.550000012,0.0133333337
SL4_rand_25_r0,0,942,70.6567078,70,4.22683048,5.21409988,0.0176131763,0.00761317601,0.0059109265,0.00571293849,0.00428706128,4.36366796,6,2.5,9.64608479,1,1,0,79,0,-0.188742667,-1.64642537,52.7380905,0.720379174,1.62247789,5.21409988,762.899719,54.6534996,3.49480009,0.0250000004,50,1,0.119999997,0.550000012,0.0133333337
SL4_rand_25_r0,0,943,70.9362869,70,4.1744132,5.21409988,0.0172798429,0.00727984263,0.0064768428,0.00600202708,0.0039979727,4.13152599,6,2.5,9.64608479,1,1,0,80,0,-0.188742667,-1.64642537,52.7380905,0.720379174,1.62247789,5.21409988,762.899719,54.6534996,3.49480009,0.0250000004,50,1,0.119999997,0.550000012,0.0133333337
SL4_rand_25_r0,0,944,71.2158737,71,4.0813303,5.21409988,0.0169465095,0.00694650924,0.00624885736,0.0061828508,0.00381714921,4.00517178,6,2.5,9.64608479,1,1,0,81,0,0.183801204,-4.67112064,54.2962074,0.48815167,1.47403145,5.21409988,762.899719,54.6534996,3.49480009,0.0250000004,50,1,0.119999997,0.550000012,0.0133333337
SL4_rand_25_r0,0,945,71.4954529,71,4.2057662,5.21409988,0.0166131761,0.00661317585,0.00757803582,0.00578646176,0.00421353849,4.30757713,6,2.5,9.64608479,1,1,0,82,0,0.183801204,-4.67112064,54.2962074,0.48815167,1.47403145,5.21409988,762.899719,54.6534996,3.49480009,0.0250000004,50,1,0.119999997,0.550000012,0.0133333337
SL4_rand_25_r0,0,946,71.7750397,71,3.88899469,5.21409988,0.0162798427,0.00627984246,0.00716413604,0.00667486014,0.00332513964,3.6298182,6,2.5,9.64608479,1,1,0,83,0,0.183801204,-4.67112064,54.2962074,0.48815167,1.47403145,5.21409988,762.899719,54.6534996,3.49480009,0.0250000004,50,1,0.119999997,0.550000012,0.0133333337
SL4_rand_25_r0,0,947,71.7883759,71,3.33739257,5.21409988,0.0159465093,0.00594650954,0.00880514458,0.00764974114,0.00235025887,2.8860817,6,2.5,9.64608479,0,1,0,0,0,0.183801204,-4.67112064,54.2962074,0.48815167,1.47403145,5.21409988,762.899719,54.6534996,3.49480009,0.0250000004,50,1,0.119999997,0.550000012,0.0133333337
SL4_rand_25_r0,0,948,71.8017044,71,3.47997618,5.21409988,0.0156131759,0.00561317615,0.00920603611,0.00671835523,0.00328164455,3.59663558,6,2.5,9.64608479,0,1,0,0,0,0.183801204,-4.67112064,54.2962074,0.48815167,1.47403145,5.21409988,762.899719,54.6534996,3.49480009,0.0250000004,50,1,0.119999997,0.550000012,0.0133333337
SL4_rand_25_r0,0,949,71.8150406,71,3.00074029,5.21409988,0.0152798425,0.00527984276,0.0092207063,0.00801341143,0.00198658905,2.60863805,6,2.5,9.64608479,0,1,0,0,0,0.183801204,-4.67112064,54.2962074,0.48815167,1.47403145,5.21409988,762.899719,54.6534996,3.49480009,0.0250000004,50,1,0.119999997,0.550000012,0.0133333337
SL4_rand_25_r0,0,950,71.8283768,71,1.95152164,5.21409988,0.0149465092,0.00494650938,0.0113243163,0.0109062484,0,1.09307003,6,2.5,9.64608479,0,0,0,0,0,0.183801204,-4.67112064,54.2962074,0.48815167,1.47403145,5.21409988,762.899719,54.6534996,3.49480009,0.0250000004,50,1,0.119999997,0.550000012,0.0133333337
SL4_rand_25_r0,0,951,71.8417053,71,1.47937322,5.21409988,0.0146131758,0.00461317599,0.012523477,0.0109179579,0,1.09307003,6,2.5,9.64608479,0,0,0,0,0,0.183801204,-4.67112064,54.2962074,0.48815167,1.47403145,5.21409988,762.899719,54.6534996,3.49480009,0.0250000004,50,1,0.119999997,0.550000012,0.0133333337
SL4_rand_25_r0,0,952,71.8550415,71,1.2669065,5.21409988,0.0142798424,0.0042798426,0.0137101067,0.0134212663,0,1.09307003,6,2.5,9.64608479,0,0,0,0,0,0.183801204,-4.67112064,54.2962074,0.48815167,1.47403145,5.21409988,762.899719,54.6534996,3.49480009,0.0250000004,50,1,0.119999997,0.550000012,0.0133333337
SL4_rand_25_r0,0,953,71.8683701,71,1.17129636,5.21409988,0.013946509,0.00394650921,0.0120179215,0.0119612124,0,1.09307003,6,2.5,9.64608479,0,0,0,0,0,0.183801204,-4.67112064,54.2962074,0.48815167,1.47403145,5.21409988,762.899719,54.6534996,3.49480009,0.0250000004,50,1,0.119999997,0.550000012,0.0133333337
SL4_rand_25_r0,0,954,71.8817062,71,1.16571414,5.21409988,0.0136131756,0.00361317606,0.0102375345,0.00991076604,8.92343232e-05,1.16114688,6,2.5,9.64608479,0,0,0,0,0,0.183801204,-4.67112064,54.2962074,0.48815167,1.47403145,5.21409988,762.899719,54.6534996,3.49480009,0.0250000004,50,1,0.119999997,0.550000012,0.0133333337
SL4_rand_25_r0,0,955,71.8950424,71,1.99148321,5.21409988,0.0132798422,0.00327984267,0.00840262044,0.00793676358,0.00206323643,2.66711235,6,2.5,9.64608479,0,0,0,0,0,0.183801204,-4.67112064,54.2962074,0.48815167,1.47403145,5.21409988,762.899719,54.6534996,3.49480009,0.0250000004,50,1,0.119999997,0.550000012,0.0133333337
SL4_rand_25_r0,0,956,71.908371,71,2.61714053,5.21409988,0.0129465098,0.00294650928,0.00748967566,0.00733127166,0.00266872835,3.12904215,6,2.5,9.64608479,1,1,0,1,0,0.183801204,-4.67112064,54.2962074,0.48815167,1.47403145,5.21409988,762.899719,54.6534996,3.49480009,0.0250000004,50,1,0.119999997,0.550000012,0.0133333337
SL4_rand_25_r0,0,957,72.1879578,72,4.0847187,5.21409988,0.0126131764,0.00261317613,0.00484076422,0.00450465782,0.00549534196,5.28546476,6,2.5,9.64608479,1,1,0,2,0,0.0293874387,-3.61287975,55.4345932,0.834123194,2.44577789,5.21409988,762.899719,54.6534996,3.49480009,0.0250000004,50,1,0.119999997,0.550000012,0.0133333337
SL4_rand_25_r0,0,958,72.4675446,72,5.13812351,5.21409988,0.0125365155,0.00253651594,0.00310629443,-0.000257849926,0.0102578495,6,6,2.5,9.64608479,1,1,0,3,0,0.0293874387,-3.61287975,55.4345932,0.834123194,2.44577789,5.21409988,762.899719,54.6534996,3.49480009,0.0250000004,50,1,0.119999997,0.550000012,0.0133333337
SL4_rand_25_r0,0,959,72.7471237,72,5.61215544,5.21409988,0.0126343099,0.00263431016,0.000820885296,-0.000409178901,0.0104091791,6,6,2.5,9.64608479,1,1,0,4,0,0.0293874387,-3.61287975,55.4345932,0.834123194,2.44577789,5.21409988,762.899719,54.6534996,3.49480009,0.0250000004,50,1,0.119999997,0.550000012,0.0133333337
SL4_rand_25_r0,0,960,73.0267105,73,5.82546997,5.21409988,0.0128204338,0.00282043428,0.000459545176,-6.80203157e-05,0.0100680208,6,6,2.5,9.64608479,1,1,0,5,0,1.98785329,-1.24146008,57.2399902,0.914691925,5.79774857,5.21409988,762.899719,54.6534996,3.49480009,0.0250000004,50,1,0.119999997,0.550000012,0.0133333337
SL4_rand_25_r0,0,961,73.3062897,73,5.92146158,5.21409988,0.0130479438,0.00304794428,0.00273597683,-0.00266472693,0.0126647269,6,6,2.5,9.64608479,1,1,0,6,0,1.98785329,-1.24146008,57.2399902,0.914691925,5.79774857,5.21409988,762.899719,54.6534996,3.49480009,0.0250000004,50,1,0.119999997,0.550000012,0.0133333337
SL4_rand_25_r0,0,962,73.5858765,73,5.96465778,5.21409988,0.0132943504,0.00329435081,0.00682515185,-0.00666665286,0.0166666526,6,6,2.5,9.64608479,1,1,0,7,0,1.98785329,-1.24146008,57.2399902,0.914691925,5.79774857,5.21409988,762.899719,54.6534996,3.49480009,0.0250000004,50,1,0.119999997,0.550000012,0.0133333337
SL4_rand_25_r0,0,963,73.8654633,73,4.10084343,5.21409988,0.0130261807,0.00302618067,0.00653701648,0.00556439301,0.00443560723,2.57590437,6,2.5,9.64608479,1,1,0,8,0,1.98785329,-1.24146008,57.2399902,0.914691925,5.79774857,5.21409988,762.899719,54.6534996,3.49480009,0.0250000004,50,1,0.119999997,0.550000012,0.0133333337
SL4_rand_25_r0,0,964,74.1450424,74,5.14537954,5.21409988,0.0129623963,0.00296239648,0.00333853508,0.00234457105,0.00765542872,6,6,2.5,9.64608479,1,1,0,9,0,-2.4243536,-5.71044254,55.3380928,0.79620856,7.2768755,5.21409988,762.899719,54.6534996,3.49480009,0.0250000004,50,1,0.119999997,0.550000012,0.0133333337
SL4_rand_25_r0,0,965,74.4246292,74,5.61542082,5.21409988,0.0130632436,0.00306324381,0.000739561743,0.000487056328,0.00951294322,6,6,2.5,9.64608479,1,1,0,10,0,-2.4243536,-5.71044254,55.3380928,0.79620856,7.2768755,5.21409988,762.899719,54.6534996,3.49480009,0.0250000004,50,1,0.119999997,0.550000012,0.0133333337
SL4_rand_25_r0,0,966,74.704216,74,5.82693958,5.21409988,0.0132502848,0.00325028482,0.00147167908,-0.000553210499,0.010553211,6,6,2.5,9.64608479,1,1,0,11,0,-2.4243536,-5.71044254,55.3380928,0.79620856,7.2768755,5.21409988,762.899719,54.6534996,3.49480009,0.0250000004,50,1,0.119999997,0.550000012,0.0133333337
SL4_rand_25_r0,0,967,74.9837952,74,5.92212248,5.21409988,0.013478131,0.00347813149,0.00433698297,-0.00377451093,0.0137745105,6,6,2.5,9.64608479,1,1,0,12,0,-2.4243536,-5.71044254,55.3380928,0.79620856,7.2768755,5.21409988,762.899719,54.6534996,3.49480009,0.0250000004,50,1,0.119999997,0.550000012,0.0133333337
SL4_rand_25_r0,0,968,75.263382,75,5.96495533,5.21409988,0.0137246763,0.00372467679,0.00620185165,-0.006176244,0.0161762442,6,6,2.5,9.64608479,1,1,0,13,0,28.4183903,3.65847516,62.5428658,0.582938373,20.756876,5.21409988,762.899719,54.6534996,3.49480009,0.0250000004,50,1,0.119999997,0.550000012,0.0133333337
SL4_rand_25_r0,0,969,75.2767181,75,5.98423004,5.21409988,0.0139796929,0.0039796927,0.0107110487,-0.00965864677,0.0196586456,6,6,2.5,9.64608479,0,1,0,0,0,28.4183903,3.65847516,62.5428658,0.582938373,20.756876,5.21409988,762.899719,54.6534996,3.49480009,0.0250000004,50,1,0.119999997,0.550000012,0.0133333337
SL4_rand_25_r0,0,970,75.2900467,75,5.99290323,5.21409988,0.0142385298,0.0042385296,0.0134778088,-0.0103887236,0.0203887224,6,6,2.5,9.64608479,0,1,0,0,0,28.4183903,3.65847516,62.5428658,0.582938373,20.756876,5.21409988,762.899719,54.6534996,3.49480009,0.0250000004,50,1,0.119999997,0.550000012,0.0133333337
SL4_rand_25_r0,0,971,75.3033829,75,5.99680662,5.21409988,0.0144990878,0.00449908758,0.0132199442,-0.0101630706,0.0201630704,6,6,2.5,9.64608479,0,1,0,0,0,28.4183903,3.65847516,62.5428658,0.582938373,20.756876,5.21409988,762.899719,54.6534996,3.49480009,0.0250000004,50,1,0.119999997,0.550000012,0.0133333337
SL4_rand_25_r0,0,972,75.3167114,75,5.99856281,5.21409988,0.0147604197,0.00476041995,0.0129972976,-0.0128323343,0.022832334,6,6,2.5,9.64608479,0,1,0,0,0,28.4183903,3.65847516,62.5428658,0.582938373,20.756876,5.21409988,762.899719,54.6534996,3.49480009,0.0250000004,50,1,0.119999997,0.550000012,0.0133333337
SL4_rand_25_r0,0,973,75.3300476,75,5.99935341,5.21409988,0.0150221018,0.00502210157,0.0131230392,-0.0115201706,0.0215201713,6,6,2.5,9.64608479,0,1,0,0,0,28.4183903,3.65847516,62.5428658,0.582938373,20.756876,5.21409988,762.899719,54.6534996,3.49480009,0.0250000004,50,1,0.119999997,0.550000012,0.0133333337
SL4_rand_25_r0,0,974,75.3433838,75,5.99970913,5.21409988,0.0152839394,0.00528393965,0.0122521855,-0.00985770766,0.0198577065,6,6,2.5,9.64608479,0,1,0,0,0,28.4183903,3.65847516,62.5428658,0.582938373,20.756876,5.21409988,762.899719,54.6534996,3.49480009,0.0250000004,50,1,0.119999997,0.550000012,0.0133333337
SL4_rand_25_r0,0,975,75.3567123,75,5.99986887,5.21409988,0.0155458488,0.00554584851,0.0124391429,-0.0107304268,0.0207304265,6,6,2.5,9.64608479,0,1,0,0,0,28.4183903,3.65847516,62.5428658,0.582938373,20.756876,5.21409988,762.899719,54.6534996,3.49480009,0.0250000004,50,1,0.119999997,0.550000012,0.0133333337
SL4_rand_25_r0,0,976,75.3700485,75,5.99994087,5.21409988,0.0158077888,0.00580778951,0.0108143743,-0.00952901132,0.0195290111,6,6,2.5,9.64608479,0,1,0,0,0,28.4183903,3.65847516,62.5428658,0.582938373,20.756876,5.21409988,762.899719,54.6534996,3.49480009,0.0250000004,50,1,0.119999997,0.550000012,0.0133333337
SL4_rand_25_r0,0,977,75.3833847,75,5.9999733,5.21409988,0.0160697438,0.00606974447,0.0101051489,-0.00858152844,0.0185815282,6,6,2.5,9.64608479,0,1,0,0,0,28.4183903,3.65847516,62.5428658,0.582938373,20.756876,5.21409988,762.899719,54.6534996,3.49480009,0.0250000004,50,1,0.119999997,0.550000012,0.0133333337
SL4_rand_25_r0,0,978,75.3967133,75,5.99998808,5.21409988,0.0163317062,0.00633170595,0.00906636193,-0.00869869255,0.0186986923,6,6,2.5,9.64608479,0,1,0,0,0,28.4183903,3.65847516,62.5428658,0.582938373,20.756876,5.21409988,762.899719,54.6534996,3.49480009,0.0250000004,50,1,0.119999997,0.550000012,0.0133333337
SL4_rand_25_r0,0,979,75.4100494,75,5.99999475,5.21409988,0.0165936705,0.00659367023,0.00828379579,-0.00775741367,0.0177574139,6,6,2.5,9.64608479,0,1,0,0,0,28.4183903,3.65847516,62.5428658,0.582938373,20.756876,5.21409988,762.899719,54.6534996,3.49480009,0.0250000004,50,1,0.119999997,0.550000012,0.0133333337
SL4_rand_25_r0,0,980,75.423378,75,5.99999762,5.21409988,0.0168556347,0.00685563544,0.00836032443,-0.0078705512,0.017870551,6,6,2.5,9.64608479,0,1,0,0,0,28.4183903,3.65847516,62.5428658,0.582938373,20.756876,5.21409988,762.899719,54.6534996,3.49480009,0.0250000004,50,1,0.119999997,0.550000012,0.0133333337
SL4_rand_25_r0,0,981,75.4367142,75,5.99999905,5.21409988,0.0171176009,0.00711760204,0.00767143583,-0.00693622697,0.0169362277,6,6,2.5,9.64608479,1,1,0,1,0,28.4183903,3.65847516,62.5428658,0.582938373,20.756876,5.21409988,762.899719,54.6534996,3.49480009,0.0250000004,50,1,0.119999997,0.550000012,0.0133333337
SL4_rand_25_r0,0,982,75.716301,75,5.99999952,5.21409988,0.0173795689,0.00737956818,0.00781171024,-0.00626091287,0.0162609126,6,6,2.5,9.64608479,1,1,0,2,0,28.4183903,3.65847516,62.5428658,0.582938373,20.756876,5.21409988,762.899719,54.6534996,3.49480009,0.0250000004,50,1,0.119999997,0.550000012,0.0133333337
SL4_rand_25_r0,0,983,75.9958801,75,6,5.21409988,0.017641535,0.00764153479,0.00718418602,-0.00512073934,0.0151207391,6,6,2.5,9.64608479,1,1,0,3,0,28.4183903,3.65847516,62.5428658,0.582938373,20.756876,5.21409988,762.899719,54.6534996,3.49480009,0.0250000004,50,1,0.119999997,0.550000012,0.0133333337
SL4_rand_25_r0,0,984,76.2754669,76,6,5.21409988,0.0179035012,0.00790350139,0.00734058768,-0.0049249162,0.0149249155,6,6,2.5,9.64608479,1,1,0,4,0,-1.02948081,-3.86603522,41.9263,0.781990528,37.6081772,5.21409988,762.899719,54.6534996,3.49480009,0.0250000004,50,1,0.119999997,0.550000012,0.0133333337
SL4_rand_25_r0,0,985,76.5550537,76,6,5.21409988,0.0181654673,0.00816546846,0.00553922355,-0.00529037463,0.0152903749,6,6,2.5,9.64608479,1,1,0,5,0,-1.02948081,-3.86603522,41.9263,0.781990528,37.6081772,5.21409988,762.899719,54.6534996,3.49480009,0.0250000004,50,1,0.119999997,0.550000012,0.0133333337
SL4_rand_25_r0,0,986,76.8346329,76,6,5.21409988,0.0184274353,0.0084274346,0.00478518242,-0.0018180107,0.0118180104,6,6,2.5,9.64608479,1,1,0,6,0,-1.02948081,-3.86603522,41.9263,0.781990528,37.6081772,5.21409988,762.899719,54.6534996,3.49480009,0.0250000004,50,1,0.119999997,0.550000012,0.0133333337
SL4_rand_25_r0,0,987,77.1142197,77,6,5.21409988,0.0186894014,0.00868940167,0.00349604199,-0.00321599864,0.0132159982,6,6,2.5,9.64608479,1,1,0,7,0,2.72058916,-13.8128233,79.5337906,1.01895738,4.50810719,5.21409988,762.899719,54.6534996,3.49480009,0.0250000004,50,1,0.119999997,0.550000012,0.0133333337
SL4_rand_25_r0,0,988,77.3938065,77,6,5.21409988,0.0189513676,0.00895136781,0.00317268143,-0.000909910654,0.0109099103,6,6,2.5,9.64608479,1,1,0,8,0,2.72058916,-13.8128233,79.5337906,1.01895738,4.50810719,5.21409988,762.899719,54.6534996,3.49480009,0.0250000004,50,1,0.119999997,0.550000012,0.0133333337
SL4_rand_25_r0,0,989,77.6733856,77,6,5.21409988,0.0192133356,0.00921333488,0.00339004351,-0.000944612082,0.0109446123,6,6,2.5,9.64608479,1,1,0,9,0,2.72058916,-13.8128233,79.5337906,1.01895738,4.50810719,5.21409988,762.899719,54.6534996,3.49480009,0.0250000004,50,1,0.119999997,0.550000012,0.0133333337
SL4_rand_25_r0,0,990,77.9529724,77,6,5.21409988,0.0194753017,0.00947530102,0.0024958523,-0.000620148028,0.0106201479,6,6,2.5,9.64608479,1,1,0,10,0,2.72058916,-13.8128233,79.5337906,1.01895738,4.50810719,5.21409988,762.899719,54.6534996,3.49480009,0.0250000004,50,1,0.119999997,0.550000012,0.0133333337
SL4_rand_25_r0,0,991,78.2325516,78,6,5.21409988,0.0197372679,0.00973726809,0.00204827334,0.000572088175,0.0094279116,6,6,2.5,9.64608479,1,1,0,11,0,-0.164433166,-5.34999132,82.172348,1.00947869,2.23273945,5.21409988,762.899719,54.6534996,3.49480009,0.0250000004,50,1,0.119999997,0.550000012,0.0133333337
SL4_rand_25_r0,0,992,78.5121384,78,5.55957127,5.21409988,0.0198768936,0.00987689383,0.00240790308,0.00205889833,0.00794110168,5.19922018,6,2.5,9.64608479,1,1,0,12,0,-0.164433166,-5.34999132,82.172348,1.00947869,2.23273945,5.21409988,762.899719,54.6534996,3.49480009,0.0250000004,50,1,0.119999997,0.550000012,0.0133333337
SL4_rand_25_r0,0,993,78.7917252,78,5.80180693,5.21409988,0.020063417,0.0100634163,0.00335777202,-0.00215262314,0.0121526234,6,6,2.5,9.64608479,1,1,0,13,0,-0.164433166,-5.34999132,82.172348,1.00947869,2.23273945,5.21409988,762.899719,54.6534996,3.49480009,0.0250000004,50,1,0.119999997,0.550000012,0.0133333337
SL4_rand_25_r0,0,994,79.0713043,79,5.91081333,5.21409988,0.0202880353,0.0102880346,0.00136414671,0.00115279562,0.00884720404,6,6,2.5,9.64608479,1,1,0,14,0,-0.151062593,-4.58959246,83.988327,1.03791463,3.35271263,5.21409988,762.899719,54.6534996,3.49480009,0.0250000004,50,1,0.119999997,0.550000012,0.0133333337
SL4_rand_25_r0,0,995,79.3508911,79,5.95986605,5.21409988,0.0205326285,0.0105326287,0.00250893505,-0.00129684422,0.0112968441,6,6,2.5,9.64608479,1,1,0,15,0,-0.151062593,-4.58959246,83.988327,1.03791463,3.35271263,5.21409988,762.899719,54.6534996,3.49480009,0.0250000004,50,1,0.119999997,0.550000012,0.0133333337
SL4_rand_25_r0,0,996,79.6304779,79,5.98193979,5.21409988,0.0207866821,0.0107866833,0.00421236968,-0.00393328443,0.0139332842,6,6,2.5,9.64608479,1,1,0,16,0,-0.151062593,-4.58959246,83.988327,1.03791463,3.35271263,5.21409988,762.899719,54.6534996,3.49480009,0.0250000004,50,1,0.119999997,0.550000012,0.0133333337
SL4_rand_25_r0,0,997,79.9100571,79,5.99187279,5.21409988,0.0210450739,0.0110450732,0.00323078921,-0.00118071563,0.0111807156,6,6,2.5,9.64608479,1,1,0,17,0,-0.151062593,-4.58959246,83.988327,1.03791463,3.35271263,5.21409988,762.899719,54.6534996,3.49480009,0.0250000004,50,1,0.119999997,0.550000012,0.0133333337
SL4_rand_25_r0,0,998,80.1896439,80,5.70820427,5.21409988,0.0212253891,0.0112253893,0.00403400883,0.00171132444,0.00828867592,5.47611141,6,2.5,9.64608479,1,1,0,18,0,-0.096296601,-1.47757363,86.8883209,1.01421797,2.01485848,5.21409988,762.899719,54.6534996,3.49480009,0.0250000004,50,1,0.119999997,0.550000012,0.0133333337
SL4_rand_25_r0,0,999,80.469223,80,5.86869192,5.21409988,0.0214372724,0.0114372736,0.00200621807,-0.000828850723,0.0108288508,6,6,2.5,9.64608479,1,1,0,19,0,-0.096296601,-1.47757363,86.8883209,1.01421797,2.01485848,5.21409988,762.899719,54.6534996,3.49480009,0.0250000004,50,1,0.119999997,0.550000012,0.0133333337
SL4_rand_25_r0,0,1000,80.7488098,80,5.94091129,5.21409988,0.0216744784,0.0116744796,0.000949096633,-0.000306632603,0.0103066321,6,6,2.5,9.64608479,1,1,0,20,0,-0.096296601,-1.47757363,86.8883209,1.01421797,2.01485848,5.21409988,762.899719,54.6534996,3.49480009,0.0250000004,50,1,0.119999997,0.550000012,0.0133333337
SL4_rand_25_r0,0,1001,81.0283966,81,5.97341013,5.21409988,0.0219249334,0.0119249327,0.00344979949,0.00014674796,0.00985325221,6,6,2.5,9.64608479,1,1,0,21,0,1.11600316,-1.33205688,88.4385071,1.01421797,1.69981086,5.21409988,762.899719,54.6534996,3.49480009,0.0250000004,50,1,0.119999997,0.550000012,0.0133333337
SL4_rand_25_r0,0,1002,81.3079758,81,5.98263741,5.21409988,0.0221801586,0.0121801579,0.00240376196,0.00107159512,0.00892840512,5.99018669,6,2.5,9.64608479,1,1,0,22,0,1.11600316,-1.33205688,88.4385071,1.01421797,1.69981086,5.21409988,762.899719,54.6534996,3.49480009,0.0250000004,50,1,0.119999997,0.550000012,0.0133333337
SL4_rand_25_r0,0,1003,81.5875626,81,5.99218655,5.21409988,0.0224388316,0.0124388309,0.00150594709,-0.000189882572,0.0101898825,6,6,2.5,9.64608479,1,1,0,23,0,1.11600316,-1.33205688,88.4385071,1.01421797,1.69981086,5.21409988,762.899719,54.6534996,3.49480009,0.0250000004,50,1,0.119999997,0.550000012,0.0133333337
SL4_rand_25_r0,0,1004,81.8671494,81,5.97946119,5.21409988,0.022694543,0.0126945432,0.00150328525,0.00106397399,0.00893602613,5.96904945,6,2.5,9.64608479,1,1,0,24,0,1.11600316,-1.33205688,88.4385071,1.01421797,1.69981086,5.21409988,762.899719,54.6534996,3.49480009,0.0250000004,50,1,0.119999997,0.550000012,0.0133333337
SL4_rand_25_r0,0,1005,82.1467285,82,5.99075747,5.21409988,0.0229528993,0.0129529005,0.00259031053,0.000980291981,0.00901970826,6,6,2.5,9.64608479,1,1,0,25,0,-0.0751782432,-0.771312594,88.1863556,1.02843606,0.754687667,5.21409988,762.899719,54.6534996,3.49480009,0.0250000004,50,1,0.119999997,0.550000012,0.0133333337
SL4_rand_25_r0,0,1006,82.4263153,82,5.95962763,5.21409988,0.0232030507,0.0132030509,0.00301542971,0.00111106678,0.00888893288,5.93415785,6,2.5,9.64608479,1,1,0,26,0,-0.0751782432,-0.771312594,88.1863556,1.02843606,0.754687667,5.21409988,762.899719,54.6534996,3.49480009,0.0250000004,50,1,0.119999997,0.550000012,0.0133333337
SL4_rand_25_r0,0,1007,82.7059021,82,5.9818325,5.21409988,0.0234580021,0.0134580014,0.00252814777,2.43798386e-05,0.00997562055,6,6,2.5,9.64608479,1,1,0,27,0,-0.0751782432,-0.771312594,88.1863556,1.02843606,0.754687667,5.21409988,762.899719,54.6534996,3.49480009,0.0250000004,50,1,0.119999997,0.550000012,0.0133333337
SL4_rand_25_r0,0,1008,82.9854813,82,5.84815025,5.21409988,0.0236766189,0.0136766182,0.0014305464,0.00138181471,0.0086181853,5.73877382,6,2.5,9.64608479,1,1,0,28,0,-0.0751782432,-0.771312594,88.1863556,1.02843606,0.754687667,5.21409988,762.899719,54.6534996,3.49480009,0.0250000004,50,1,0.119999997,0.550000012,0.0133333337
SL4_rand_25_r0,0,1009,83.2650681,83,5.84363651,5.21409988,0.0238879248,0.013887926,0.00240997644,0.00140537915,0.00859462097,5.83994293,6,2.5,9.64608479,1,1,0,29,0,-0.939422727,-2.26229095,88.6362915,1.02369666,176.569351,5.21409988,762.899719,54.6534996,3.49480009,0.0250000004,50,1,0.119999997,0.550000012,0.0133333337
SL4_rand_25_r0,0,1010,83.5446472,83,5.92963648,5.21409988,0.0241219029,0.0141219031,0.000861898356,0.000423733058,0.00957626663,6,6,2.5,9.64608479,1,1,0,30,0,-0.939422727,-2.26229095,88.6362915,1.02369666,176.569351,5.21409988,762.899719,54.6534996,3.49480009,0.0250000004,50,1,0.119999997,0.550000012,0.0133333337
SL4_rand_25_r0,0,1011,83.824234,83,5.96833658,5.21409988,0.0243704095,0.0143704098,0.00228470797,-0.000437733426,0.0104377335,6,6,2.5,9.64608479,1,1,0,31,0,-0.939422727,-2.26229095,88.6362915,1.02369666,176.569351,5.21409988,762.899719,54.6534996,3.49480009,0.0250000004,50,1,0.119999997,0.550000012,0.0133333337
SL4_rand_25_r0,0,1012,84.1038208,84,5.98575115,5.21409988,0.0246261749,0.0146261752,0.00298226275,4.31842127e-05,0.00995681621,6,6,2.5,9.64608479,1,1,0,32,0,3.07860231,-0.281163424,89.9824142,1.01895738,2.66858006,5.21409988,762.899719,54.6534996,3.49480009,0.0250000004,50,1,0.119999997,0.550000012,0.0133333337
SL4_rand_25_r0,0,1013,84.3834,84,5.48553181,5.21409988,0.0247442015,0.0147442007,0.00230295514,0.00224672724,0.00775327254,5.07626104,6,2.5,9.64608479,1,1,0,33,0,3.07860231,-0.281163424,89.9824142,1.01895738,2.66858006,5.21409988,762.899719,54.6534996,3.49480009,0.0250000004,50,1,0.119999997,0.550000012,0.0133333337
SL4_rand_25_r0,0,1014,84.6629868,84,5.76848936,5.21409988,0.0249178689,0.0149178682,0.00268555293,-0.000303787761,0.0103037879,6,6,2.5,9.64608479,1,1,0,34,0,3.07860231,-0.281163424,89.9824142,1.01895738,2.66858006,5.21409988,762.899719,54.6534996,3.49480009,0.0250000004,50,1,0.119999997,0.550000012,0.0133333337
SL4_rand_25_r0,0,1015,84.9425735,84,5.89582014,5.21409988,0.0251361802,0.0151361795,0.00230448088,0.000845341769,0.00915465783,6,6,2.5,9.64608479,1,1,0,35,0,3.07860231,-0.281163424,89.9824142,1.01895738,2.66858006,5.21409988,762.899719,54.6534996,3.49480009,0.0250000004,50,1,0.119999997,0.550000012,0.0133333337
SL4_rand_25_r0,0,1016,85.2221527,85,5.95311928,5.21409988,0.0253778473,0.0153778484,0.00170209189,0.000211899009,0.00978810061,6,6,2.5,9.64608479,1,1,0,36,0,-0.0361619741,-0.95428282,89.0125732,1.01895738,178.786896,5.21409988,762.899719,54.6534996,3.49480009,0.0250000004,50,1,0.119999997,0.550000012,0.0133333337
SL4_rand_25_r0,0,1017,85.5017395,85,5.97890377,5.21409988,0.0256305709,0.0156305712,0.00341939274,0.000295698585,0.00970430113,6,6,2.5,9.64608479,1,1,0,37,0,-0.0361619741,-0.95428282,89.0125732,1.01895738,178.786896,5.21409988,762.899719,54.6534996,3.49480009,0.0250000004,50,1,0.119999997,0.550000012,0.0133333337
SL4_rand_25_r0,0,1018,85.7813263,85,5.99050665,5.21409988,0.025888361,0.0158883613,0.000641529739,0.000430371147,0.0095696291,6,6,2.5,9.64608479,1,1,0,38,0,-0.0361619741,-0.95428282,89.0125732,1.01895738,178.786896,5.21409988,762.899719,54.6534996,3.49480009,0.0250000004,50,1,0.119999997,0.550000012,0.0133333337
SL4_rand_25_r0,0,1019,86.0609055,86,5.74493837,5.21409988,0.0260787811,0.0160787813,0.00264861365,0.00162489701,0.00837510265,5.54401922,6,2.5,9.64608479,1,1,0,39,0,2.80779672,0.799858272,89.915329,1.01895738,0.668186367,5.21409988,762.899719,54.6534996,3.49480009,0.0250000004,50,1,0.119999997,0.550000012,0.0133333337
SL4_rand_25_r0,0,1020,86.3404922,86,5.88522243,5.21409988,0.0262969397,0.0162969399,0.00102834601,-0.000639756152,0.010639756,6,6,2.5,9.64608479,1,1,0,40,0,2.80779672,0.799858272,89.915329,1.01895738,0.668186367,5.21409988,762.899719,54.6534996,3.49480009,0.0250000004,50,1,0.119999997,0.550000012,0.0133333337
SL4_rand_25_r0,0,1021,86.6200714,86,5.94834995,5.21409988,0.0265372582,0.0165372584,0.0011312553,0.000357439014,0.00964256097,6,6,2.5,9.64608479,1,1,0,41,0,2.80779672,0.799858272,89.915329,1.01895738,0.668186367,5.21409988,762.899719,54.6534996,3.49480009,0.0250000004,50,1,0.119999997,0.550000012,0.0133333337
SL4_rand_25_r0,0,1022,86.8996582,86,5.97675753,5.21409988,0.0267891604,0.0167891607,0.000859055726,-0.000853290781,0.0108532906,6,6,2.5,9.64608479,1,1,0,42,0,2.80779672,0.799858272,89.915329,1.01895738,0.668186367,5.21409988,762.899719,54.6534996,3.49480009,0.0250000004,50,1,0.119999997,0.550000012,0.0133333337
SL4_rand_25_r0,0,1023,87.179245,87,5.98954105,5.21409988,0.0270465445,0.0170465447,0.00122821052,0.00104880193,0.00895119831,6,6,2.5,9.64608479,1,1,0,43,0,1.18454623,-1.15946066,89.9330292,1.03317535,1.83431661,5.21409988,762.899719,54.6534996,3.49480009,0.0250000004,50,1,0.119999997,0.550000012,0.0133333337
SL4_rand_25_r0,0,1024,87.4588242,87,5.99529362,5.21409988,0.0273064412,0.0173064396,0.00216111937,-0.000501501665,0.0105015021,6,6,2.5,9.64608479,1,1,0,44,0,1.18454623,-1.15946066,89.9330292,1.03317535,1.83431661,5.21409988,762.899719,54.6534996,3.49480009,0.0250000004,50,1,0.119999997,0.550000012,0.0133333337
SL4_rand_25_r0,0,1025,87.7384109,87,5.9211278,5.21409988,0.0275461525,0.0175461527,0.00200706371,0.00120107329,0.00879892707,5.86044645,6,2.5,9.64608479,1,1,0,45,0,1.18454623,-1.15946066,89.9330292,1.03317535,1.83431661,5.21409988,762.899719,54.6534996,3.49480009,0.0250000004,50,1,0.119999997,0.550000012,0.0133333337
SL4_rand_25_r0,0,1026,88.0179977,88,5.96450758,5.21409988,0.0277945511,0.0177945513,0.000565363502,-9.66761436e-05,0.0100966757,6,6,2.5,9.64608479,1,1,0,46,0,0.997972488,-0.646703064,88.6705551,1.03791463,178.212357,5.21409988,762.899719,54.6534996,3.49480009,0.0250000004,50,1,0.119999997,0.550000012,0.0133333337
SL4_rand_25_r0,0,1027,88.2975769,88,5.98402834,5.21409988,0.028049821,0.0180498194,0.00141960406,0.000621808693,0.00937819108,6,6,2.5,9.64608479,1,1,0,47,0,0.997972488,-0.646703064,88.6705551,1.03791463,178.212357,5.21409988,762.899719,54.6534996,3.49480009,0.0250000004,50,1,0.119999997,0.550000012,0.0133333337
SL4_rand_25_r0,0,1028,88.5771637,88,5.99281263,5.21409988,0.0283086747,0.0183086749,0.00305962074,0.000861948996,0.00913805142,6,6,2.5,9.64608479,1,1,0,48,0,0.997972488,-0.646703064,88.6705551,1.03791463,178.212357,5.21409988,762.899719,54.6534996,3.49480009,0.0250000004,50,1,0.119999997,0.550000012,0.0133333337
SL4_rand_25_r0,0,1029,88.8567429,88,5.865417,5.21409988,0.0285327379,0.0185327381,0.00143428729,0.00133566244,0.00866433792,5.76118422,6,2.5,9.64608479,1,1,0,49,0,0.997972488,-0.646703064,88.6705551,1.03791463,178.212357,5.21409988,762.899719,54.6534996,3.49480009,0.0250000004,50,1,0.119999997,0.550000012,0.0133333337
SL4_rand_25_r0,0,1030,89.1363297,89,5.39398193,5.21409988,0.0286200494,0.0186200496,0.00310745975,0.00247212406,0.00752787618,5.00826216,6,2.5,9.64608479,1,1,0,50,0,1.12238467,0.0329391882,89.8262863,1.01421797,0.51759249,5.21409988,762.899719,54.6534996,3.49480009,0.0250000004,50,1,0.119999997,0.550000012,0.0133333337
SL4_rand_25_r0,0,1031,89.4159164,89,5.25282383,5.21409988,0.0286453571,0.0186453573,0.00430317502,0.00289075286,0.00710924715,5.13733101,6,2.5,9.64608479,1,1,0,51,0,1.12238467,0.0329391882,89.8262863,1.01421797,0.51759249,5.21409988,762.899719,54.6534996,3.49480009,0.0250000004,50,1,0.119999997,0.550000012,0.0133333337
SL4_rand_25_r0,0,1032,89.6954956,89,4.97755814,5.21409988,0.0285838693,0.0185838696,0.00393904001,0.00366190239,0.00633809762,4.75234079,6,2.5,9.64608479,1,1,0,52,0,1.12238467,0.0329391882,89.8262863,1.01421797,0.51759249,5.21409988,762.899719,54.6534996,3.49480009,0.0250000004,50,1,0.119999997,0.550000012,0.0133333337
SL4_rand_25_r0,0,1033,89.9750824,89,4.62000751,5.21409988,0.0284085963,0.0184085965,0.00544611365,0.00459190458,0.00540809566,4.32746649,6,2.5,9.64608479,1,1,0,53,0,1.12238467,0.0329391882,89.8262863,1.01421797,0.51759249,5.21409988,762.899719,54.6534996,3.49480009,0.0250000004,50,1,0.119999997,0.550000012,0.0133333337
SL4_rand_25_r0,0,1034,90.2546692,90,4.29223824,5.21409988,0.0281233117,0.0181233101,0.00672306446,0.00547869271,0.00452130754,4.02406311,6,2.5,9.64608479,1,1,0,54,0,-0.206787586,-0.33218205,89.312294,1.02369666,0.150625378,5.21409988,762.899719,54.6534996,3.49480009,0.0250000004,50,1,0.119999997,0.550000012,0.0133333337
SL4_rand_25_r0,0,1035,90.5342484,90,3.99038434,5.21409988,0.0277899783,0.0177899767,0.00649030646,0.00631943299,0.00368056702,3.74341297,6,2.5,9.64608479,1,1,0,55,0,-0.206787586,-0.33218205,89.312294,1.02369666,0.150625378,5.21409988,762.899719,54.6534996,3.49480009,0.0250000004,50,1,0.119999997,0.550000012,0.0133333337
SL4_rand_25_r0,0,1036,90.8138351,90,3.68661761,5.21409988,0.0274566449,0.0174566433,0.00738670956,0.00692618685,0.00307381293,3.43808103,6,2.5,9.64608479,1,1,0,56,0,-0.206787586,-0.33218205,89.312294,1.02369666,0.150625378,5.21409988,762.899719,54.6534996,3.49480009,0.0250000004,50,1,0.119999997,0.550000012,0.0133333337
SL4_rand_25_r0,0,1037,91.0934219,91,3.29470682,5.21409988,0.0271233115,0.0171233118,0.00758415554,0.0075344299,0.00246556988,2.97405243,6,2.5,9.64608479,1,1,0,57,0,0.0313458405,-0.248188257,89.2292023,1,0.0663898811,5.21409988,762.899719,54.6534996,3.49480009,0.0250000004,50,1,0.119999997,0.550000012,0.0133333337
SL4_rand_25_r0,0,1038,91.1067505,91,2.90958309,5.21409988,0.0267899781,0.0167899784,0.00830018055,0.0080319671,0.00196803338,2.59448195,6,2.5,9.64608479,0,1,0,0,0,0.0313458405,-0.248188257,89.2292023,1,0.0663898811,5.21409988,762.899719,54.6534996,3.49480009,0.0250000004,50,1,0.119999997,0.550000012,0.0133333337
SL4_rand_25_r0,0,1039,91.1200867,91,2.63811922,5.21409988,0.0264566448,0.016456645,0.00900086481,0.00826590229,0.00173409749,2.41601253,6,2.5,9.64608479,0,1,0,0,0,0.0313458405,-0.248188257,89.2292023,1,0.0663898811,5.21409988,762.899719,54.6534996,3.49480009,0.0250000004,50,1,0.119999997,0.550000012,0.0133333337
SL4_rand_25_r0,0,1040,91.1334152,91,2.24857259,5.21409988,0.0261233114,0.0161233116,0.00983444043,0.0089031551,0.00109684467,1.92985249,6,2.5,9.64608479,0,0,0,0,0,0.0313458405,-0.248188257,89.2292023,1,0.0663898811,5.21409988,762.899719,54.6534996,3.49480009,0.0250000004,50,1,0.119999997,0.550000012,0.0133333337
SL4_rand_25_r0,0,1041,91.1467514,91,1.86715317,5.21409988,0.025789978,0.0157899782,0.00959141087,0.00939439889,0.000605601061,1.5550828,6,2.5,9.64608479,0,0,0,0,0,0.0313458405,-0.248188257,89.2292023,1,0.0663898811,5.21409988,762.899719,54.6534996,3.49480009,0.0250000004,50,1,0.119999997,0.550000012,0.0133333337
SL4_rand_25_r0,0,1042,91.1600876,91,1.62945628,5.21409988,0.0254566446,0.0154566439,0.0101486193,0.00955183245,0.000448167732,1.43497705,6,2.5,9.64608479,0,0,0,0,0,0.0313458405,-0.248188257,89.2292023,1,0.0663898811,5.21409988,762.899719,54.6534996,3.49480009,0.0250000004,50,1,0.119999997,0.550000012,0.0133333337
SL4_rand_25_r0,0,1043,91.1734161,91,1.36414325,5.21409988,0.0251233112,0.0151233105,0.0101424949,0.00992921833,7.07812433e-05,1.14706898,6,2.5,9.64608479,0,0,0,0,0,0.0313458405,-0.248188257,89.2292023,1,0.0663898811,5.21409988,762.899719,54.6534996,3.49480009,0.0250000004,50,1,0.119999997,0.550000012,0.0133333337
SL4_rand_25_r0,0,1044,91.1867523,91,1.21505296,5.21409988,0.0247899778,0.0147899771,0.0107633444,0.0105682286,0,1.09307003,6,2.5,9.64608479,0,0,0,0,0,0.0313458405,-0.248188257,89.2292023,1,0.0663898811,5.21409988,762.899719,54.6534996,3.49480009,0.0250000004,50,1,0.119999997,0.550000012,0.0133333337
SL4_rand_25_r0,0,1045,91.2000885,91,1.14796233,5.21409988,0.0244566444,0.0144566437,0.0106298607,0.0106236329,0,1.09307003,6,2.5,9.64608479,0,0,0,0,0,0.0313458405,-0.248188257,89.2292023,1,0.0663898811,5.21409988,762.899719,54.6534996,3.49480009,0.0250000004,50,1,0.119999997,0.550000012,0.0133333337
SL4_rand_25_r0,0,1046,91.2134171,91,1.11777151,5.21409988,0.024123311,0.0141233113,0.0110345939,0.0107173137,0,1.09307003,6,2.5,9.64608479,0,0,0,0,0,0.0313458405,-0.248188257,89.2292023,1,0.0663898811,5.21409988,762.899719,54.6534996,3.49480009,0.0250000004,50,1,0.119999997,0.550000012,0.0133333337
SL4_rand_25_r0,0,1047,91.2267532,91,1.1041857,5.21409988,0.0237899777,0.0137899779,0.0108797848,0.0107540358,0,1.09307003,6,2.5,9.64608479,0,0,0,0,0,0.0313458405,-0.248188257,89.2292023,1,0.0663898811,5.21409988,762.899719,54.6534996,3.49480009,0.0250000004,50,1,0.119999997,0.550000012,0.0133333337
SL4_rand_25_r0,0,1048,91.2400818,91,1.09807205,5.21409988,0.0234566443,0.0134566445,0.0111331176,0.0109680304,0,1.09307003,6,2.5,9.64608479,0,0,0,0,0,0.0313458405,-0.248188257,89.2292023,1,0.0663898811,5.21409988,762.899719,54.6534996,3.49480009,0.0250000004,50,1,0.119999997,0.550000012,0.0133333337
SL4_rand_25_r0,0,1049,91.253418,91,1.09532094,5.21409988,0.0231233109,0.0131233111,0.0115731452,0.0112719685,0,1.09307003,6,2.5,9.64608479,0,0,0,0,0,0.0313458405,-0.248188257,89.2292023,1,0.0663898811,5.21409988,762.899719,54.6534996,3.49480009,0.0250000004,50,1,0.119999997,0.550000012,0.0133333337
SL4_rand_25_r0,0,1050,91.2667542,91,1.09408295,5.21409988,0.0227899775,0.0127899777,0.0112396413,0.0110471668,0,1.09307003,6,2.5,9.64608479,0,0,0,0,0,0.0313458405,-0.248188257,89.2292023,1,0.0663898811,5.21409988,762.899719,54.6534996,3.49480009,0.0250000004,50,1,0.119999997,0.550000012,0.0133333337
SL4_rand_25_r0,0,1051,91.2800827,91,1.09352577,5.21409988,0.0224566441,0.0124566443,0.0113888681,0.0112140616,0,1.09307003,6,2.5,9.64608479,0,0,0,0,0,0.0313458405,-0.248188257,89.2292023,1,0.0663898811,5.21409988,762.899719,54.6534996,3.49480009,0.0250000004,50,1,0.119999997,0.550000012,0.0133333337
SL4_rand_25_r0,0,1052,91.2934189,91,1.09327507,5.21409988,0.0221233107,0.0121233109,0.0112531902,0.0111798132,0,1.09307003,6,2.5,9.64608479,0,0,0,0,0,0.0313458405,-0.248188257,89.2292023,1,0.0663898811,5.21409988,762.899719,54.6534996,3.49480009,0.0250000004,50,1,0.119999997,0.550000012,0.0133333337
SL4_rand_25_r0,0,1053,91.3067551,91,1.0931623,5.21409988,0.0217899773,0.0117899776,0.0116981007,0.0110247787,0,1.09307003,6,2.5,9.64608479,0,0,0,0,0,0.0313458405,-0.248188257,89.2292023,1,0.0663898811,5.21409988,762.899719,54.6534996,3.49480009,0.0250000004,50,1,0.119999997,0.550000012,0.0133333337
SL4_rand_25_r0,0,1054,91.3200836,91,1.09311152,5.21409988,0.0214566439,0.0114566442,0.0113871973,0.0110365199,0,1.09307003,6,2.5,9.64608479,0,0,0,0,0,0.0313458405,-0.248188257,89.2292023,1,0.0663898811,5.21409988,762.899719,54.6534996,3.49480009,0.0250000004,50,1,0.119999997,0.550000012,0.0133333337
SL4_rand_25_r0,0,1055,91.3334198,91,1.09308875,5.21409988,0.0211233106,0.0111233108,0.0116199283,0.0109698083,0,1.09307003,6,2.5,9.64608479,0,0,0,0,0,0.0313458405,-0.248188257,89.2292023,1,0.0663898811,5.21409988,762.899719,54.6534996,3.49480009,0.0250000004,50,1,0.119999997,0.550000012,0.0133333337
SL4_rand_25_r0,0,1056,91.3467484,91,1.09307837,5.21409988,0.0207899772,0.0107899774,0.0112113552,0.011167055,0,1.09307003,6,2.5,9.64608479,0,0,0,0,0,0.0313458405,-0.248188257,89.2292023,1,0.0663898811,5.21409988,762.899719,54.6534996,3.49480009,0.0250000004,50,1,0.119999997,0.550000012,0.0133333337
SL4_rand_25_r0,0,1057,91.3600845,91,1.09307373,5.21409988,0.0204566438,0.010456644,0.0111606615,0.0108830892,0,1.09307003,6,2.5,9.64608479,0,0,0,0,0,0.0313458405,-0.248188257,89.2292023,1,0.0663898811,5.21409988,762.899719,54.6534996,3.49480009,0.0250000004,50,1,0.119999997,0.550000012,0.0133333337
SL4_rand_25_r0,0,1058,91.3734207,91,1.0930717,5.21409988,0.0201233104,0.0101233106,0.0111379428,0.0107995924,0,1.09307003,6,2.5,9.64608479,0,0,0,0,0,0.0313458405,-0.248188257,89.2292023,1,0.0663898811,5.21409988,762.899719,54.6534996,3.49480009,0.0250000004,50,1,0.119999997,0.550000012,0.0133333337
SL4_rand_25_r0,0,1059,91.3867493,91,1.09307075,5.21409988,0.019789977,0.00978997722,0.0108596543,0.0108397854,0,1.09307003,6,2.5,9.64608479,0,0,0,0,0,0.0313458405,-0.248188257,89.2292023,1,0.0663898811,5.21409988,762.899719,54.6534996,3.49480009,0.0250000004,50,1,0.119999997,0.550000012,0.0133333337
SL4_rand_25_r0,0,1060,91.4000854,91,1.09307039,5.21409988,0.0194566436,0.00945664383,0.0111523103,0.0105386367,0,1.09307003,6,2.5,9.64608479,0,0,0,0,0,0.0313458405,-0.248188257,89.2292023,1,0.0663898811,5.21409988,762.899719,54.6534996,3.49480009,0.0250000004,50,1,0.119999997,0.550000012,0.0133333337
SL4_rand_25_r0,0,1061,91.4134216,91,1.09307015,5.21409988,0.0191233102,0.00912331045,0.0107740872,0.0104885111,0,1.09307003,6,2.5,9.64608479,0,0,0,0,0,0.0313458405,-0.248188257,89.2292023,1,0.0663898811,5.21409988,762.899719,54.6534996,3.49480009,0.0250000004,50,1,0.119999997,0.550000012,0.0133333337
SL4_rand_25_r0,0,1062,91.4267502,91,1.09307003,5.21409988,0.0187899768,0.00878997706,0.0104795182,0.0103756068,0,1.09307003,6,2.5,9.64608479,0,0,0,0,0,0.0313458405,-0.248188257,89.2292023,1,0.0663898811,5.21409988,762.899719,54.6534996,3.49480009,0.0250000004,50,1,0.119999997,0.550000012,0.0133333337
SL4_rand_25_r0,0,1063,91.4400864,91,1.09307003,5.21409988,0.0184566434,0.0084566446,0.0102157369,0.0101771066,0,1.09307003,6,2.5,9.64608479,0,0,0,0,0,0.0313458405,-0.248188257,89.2292023,1,0.0663898811,5.21409988,762.899719,54.6534996,3.49480009,0.0250000004,50,1,0.119999997,0.550000012,0.0133333337
SL4_rand_25_r0,0,1064,91.4534149,91,1.15582895,5.21409988,0.0181233101,0.00812331121,0.00993716251,0.00985042937,0.00014957042,1.20717728,6,2.5,9.64608479,0,0,0,0,0,0.0313458405,-0.248188257,89.2292023,1,0.0663898811,5.21409988,762.899719,54.6534996,3.49480009,0.0250000004,50,1,0.119999997,0.550000012,0.0133333337
SL4_rand_25_r0,0,1065,91.4667511,91,1.25595629,5.21409988,0.0177899767,0.00778997736,0.0097431466,0.00967910793,0.000320892228,1.33787858,6,2.5,9.64608479,0,0,0,0,0,0.0313458405,-0.248188257,89.2292023,1,0.0663898811,5.21409988,762.899719,54.6534996,3.49480009,0.0250000004,50,1,0.119999997,0.550000012,0.0133333337
SL4_rand_25_r0,0,1066,91.4800873,91,1.46963573,5.21409988,0.0174566433,0.00745664397,0.00997903757,0.00927723851,0.000722761266,1.64446437,6,2.5,9.64608479,0,0,0,0,0,0.0313458405,-0.248188257,89.2292023,1,0.0663898811,5.21409988,762.899719,54.6534996,3.49480009,0.0250000004,50,1,0.119999997,0.550000012,0.0133333337
SL4_rand_25_r0,0,1067,91.4934158,91,1.60719776,5.21409988,0.0171233118,0.00712331105,0.00952382851,0.00917855743,0.000821442984,1.71974862,6,2.5,9.64608479,0,0,0,0,0,0.0313458405,-0.248188257,89.2292023,1,0.0663898811,5.21409988,762.899719,54.6534996,3.49480009,0.0250000004,50,1,0.119999997,0.550000012,0.0133333337
SL4_rand_25_r0,0,1068,91.506752,91,1.76954269,5.21409988,0.0167899784,0.00678997766,0.00926318485,0.00893917866,0.00106082123,1.90237021,6,2.5,9.64608479,0,0,0,0,0,0.0313458405,-0.248188257,89.2292023,1,0.0663898811,5.21409988,762.899719,54.6534996,3.49480009,0.0250000004,50,1,0.119999997,0.550000012,0.0133333337
SL4_rand_25_r0,0,1069,91.5200882,91,1.99919915,5.21409988,0.016456645,0.00645664427,0.00901007,0.00856595859,0.00143404154,2.18709993,6,2.5,9.64608479,0,0,0,0,0,0.0313458405,-0.248188257,89.2292023,1,0.0663898811,5.21409988,762.899719,54.6534996,3.49480009,0.0250000004,50,1,0.119999997,0.550000012,0.0133333337
SL4_rand_25_r0,0,1070,91.5334167,91,2.16086125,5.21409988,0.0161233116,0.00612331089,0.00850950181,0.00842697453,0.00157302502,2.2931304,6,2.5,9.64608479,0,0,0,0,0,0.0313458405,-0.248188257,89.2292023,1,0.0663898811,5.21409988,762.899719,54.6534996,3.49480009,0.0250000004,50,1,0.119999997,0.550000012,0.0133333337
SL4_rand_25_r0,0,1071,91.5467529,91,2.40304565,5.21409988,0.0157899782,0.0057899775,0.00816860143,0.00802316517,0.00197683438,2.60119629,6,2.5,9.64608479,0,0,0,0,0,0.0313458405,-0.248188257,89.2292023,1,0.0663898811,5.21409988,762.899719,54.6534996,3.49480009,0.0250000004,50,1,0.119999997,0.550000012,0.0133333337
SL4_rand_25_r0,0,1072,91.5600891,91,2.58509016,5.21409988,0.0154566439,0.00545664411,0.00797686074,0.00784904137,0.0021509584,2.73403549,6,2.5,9.64608479,1,1,0,1,0,0.0313458405,-0.248188257,89.2292023,1,0.0663898811,5.21409988,762.899719,54.6534996,3.49480009,0.0250000004,50,1,0.119999997,0.550000012,0.0133333337
SL4_rand_25_r0,0,1073,91.8396683,91,2.82796097,5.21409988,0.0151233105,0.00512331072,0.00773356808,0.00746545475,0.00253454503,3.02667356,6,2.5,9.64608479,1,1,0,2,0,0.0313458405,-0.248188257,89.2292023,1,0.0663898811,5.21409988,762.899719,54.6534996,3.49480009,0.0250000004,50,1,0.119999997,0.550000012,0.0133333337
SL4_rand_25_r0,0,1074,92.1192551,92,3.06762171,5.21409988,0.0147899771,0.00478997733,0.00774880033,0.00715475343,0.00284524658,3.26370764,6,2.5,9.64608479,1,1,0,3,0,0.132542014,-0.0219863243,89.2941589,0.848341227,0.36467576,5.21409988,762.899719,54.6534996,3.49480009,0.0250000004,50,1,0.119999997,0.550000012,0.0133333337
SL4_rand_25_r0,0,1075,92.3988342,92,3.25084424,5.21409988,0.0144566437,0.00445664395,0.00785552897,0.00697511528,0.0030248845,3.4007535,6,2.5,9.64608479,1,1,0,4,0,0.132542014,-0.0219863243,89.2941589,0.848341227,0.36467576,5.21409988,762.899719,54.6534996,3.49480009,0.0250000004,50,1,0.119999997,0.550000012,0.0133333337
SL4_rand_25_r0,0,1076,92.678421,92,3.37504268,5.21409988,0.0141233113,0.00412331102,0.00763282087,0.00687561836,0.00312438165,3.47665977,6,2.5,9.64608479,1,1,0,5,0,0.132542014,-0.0219863243,89.2941589,0.848341227,0.36467576,5.21409988,762.899719,54.6534996,3.49480009,0.0250000004,50,1,0.119999997,0.550000012,0.0133333337
SL4_rand_25_r0,0,1077,92.9580078,92,3.64063883,5.21409988,0.0137899779,0.0037899774,0.00669211522,0.00637583435,0.00362416543,3.85794473,6,2.5,9.64608479,1,1,0,6,0,0.132542014,-0.0219863243,89.2941589,0.848341227,0.36467576,5.21409988,762.899719,54.6534996,3.49480009,0.0250000004,50,1,0.119999997,0.550000012,0.0133333337
SL4_rand_25_r0,0,1078,93.237587,93,3.84548593,5.21409988,0.0134566445,0.00345664425,0.00630565919,0.00617247494,0.0038275253,4.01308775,6,2.5,9.64608479,1,1,0,7,0,0.510581851,-0.357965916,88.9495621,0.639810443,1.86582899,5.21409988,762.899719,54.6534996,3.49480009,0.0250000004,50,1,0.119999997,0.550000012,0.0133333337
SL4_rand_25_r0,0,1079,93.5171738,93,4.0859437,5.21409988,0.0131233111,0.00312331086,0.00602301862,0.0058190939,0.00418090634,4.28268194,6,2.5,9.64608479,1,1,0,8,0,0.510581851,-0.357965916,88.9495621,0.639810443,1.86582899,5.21409988,762.899719,54.6534996,3.49480009,0.0250000004,50,1,0.119999997,0.550000012,0.0133333337
SL4_rand_25_r0,0,1080,93.7967606,93,4.33355808,5.21409988,0.0128231607,0.00282316026,0.00604289258,0.00548684923,0.00451315101,4.53615141,6,2.5,9.64608479,1,1,0,9,0,0.510581851,-0.357965916,88.9495621,0.639810443,1.86582899,5.21409988,762.899719,54.6534996,3.49480009,0.0250000004,50,1,0.119999997,0.550000012,0.0133333337
SL4_rand_25_r0,0,1081,94.0763397,94,4.42827082,5.21409988,0.0125548495,0.00255484926,0.00540023018,0.00538405078,0.00461594947,4.50576305,6,2.5,9.64608479,1,1,0,10,0,2.61048388,-0.0356733873,87.8330917,0.530805707,1.3820821,5.21409988,762.899719,54.6534996,3.49480009,0.0250000004,50,1,0.119999997,0.550000012,0.0133333337
SL4_rand_25_r0,0,1082,94.3559265,94,4.58704853,5.21409988,0.0123359496,0.0023359498,0.00585710397,0.00497036241,0.00502963783,4.71695709,6,2.5,9.64608479,1,1,0,11,0,2.61048388,-0.0356733873,87.8330917,0.530805707,1.3820821,5.21409988,762.899719,54.6534996,3.49480009,0.0250000004,50,1,0.119999997,0.550000012,0.0133333337
SL4_rand_25_r0,0,1083,94.6355057,94,4.67493248,5.21409988,0.0121496981,0.00214969786,0.00477840705,0.00471880706,0.00528119272,4.74683809,6,2.5,9.64608479,1,1,0,12,0,2.61048388,-0.0356733873,87.8330917,0.530805707,1.3820821,5.21409988,762.899719,54.6534996,3.49480009,0.0250000004,50,1,0.119999997,0.550000012,0.0133333337
SL4_rand_25_r0,0,1084,94.9150925,94,4.77690029,5.21409988,0.0120000001,0.00200000009,0.00536684552,0.00442971475,0.00557028549,4.8603282,6,2.5,9.64608479,1,1,0,13,0,2.61048388,-0.0356733873,87.8330917,0.530805707,1.3820821,5.21409988,762.899719,54.6534996,3.49480009,0.0250000004,50,1,0.119999997,0.550000012,0.0133333337
SL4_rand_25_r0,0,1085,95.1946793,95,4.87215757,5.21409988,0.0120000001,0.00200000009,0.00455685146,0.00416691275,0.00583308749,4.95009565,6,2.5,9.64608479,1,1,0,14,0,2.71247745,0.437570184,89.0704193,0.763033152,178.67424,5.21409988,762.899719,54.6534996,3.49480009,0.0250000004,50,1,0.119999997,0.550000012,0.0133333337
SL4_rand_25_r0,0,1086,95.4742584,95,5.2270751,5.21409988,0.0120000001,0.00200000009,0.00492889527,0.00328528974,0.0067147105,5.51746225,6,2.5,9.64608479,1,1,0,15,0,2.71247745,0.437570184,89.0704193,0.763033152,178.67424,5.21409988,762.899719,54.6534996,3.49480009,0.0250000004,50,1,0.119999997,0.550000012,0.0133333337
SL4_rand_25_r0,0,1087,95.7538452,95,4.75108528,5.21409988,0.0120000001,0.00200000009,0.00450886507,0.00435357494,0.0056464253,4.36163902,6,2.5,9.64608479,1,1,0,16,0,2.71247745,0.437570184,89.0704193,0.763033152,178.67424,5.21409988,762.899719,54.6534996,3.49480009,0.0250000004,50,1,0.119999997,0.550000012,0.0133333337
SL4_rand_25_r0,0,1088,96.033432,96,4.84403181,5.21409988,0.0120000001,0.00200000009,0.00436502509,0.00411544461,0.00588455517,4.92007875,6,2.5,9.64608479,1,1,0,17,0,0.126016632,-0.719064832,89.8376236,0.938388646,0.0955473855,5.21409988,762.899719,54.6534996,3.49480009,0.0250000004,50,1,0.119999997,0.550000012,0.0133333337
SL4_rand_25_r0,0,1089,96.3130112,96,5.05520821,5.21409988,0.0120000001,0.00200000009,0.00370918005,0.00368317449,0.00631682528,5.22798872,6,2.5,9.64608479,1,1,0,18,0,0.126016632,-0.719064832,89.8376236,0.938388646,0.0955473855,5.21409988,762.899719,54.6534996,3.49480009,0.0250000004,50,1,0.119999997,0.550000012,0.0133333337
SL4_rand_25_r0,0,1090,96.592598,96,5.30117416,5.21409988,0.0120133674,0.0020133676,0.00345507287,0.00306653534,0.00693346467,5.50241899,6,2.5,9.64608479,1,1,0,19,0,0.126016632,-0.719064832,89.8376236,0.938388646,0.0955473855,5.21409988,762.899719,54.6534996,3.49480009,0.0250000004,50,1,0.119999997,0.550000012,0.0133333337
SL4_rand_25_r0,0,1091,96.8721848,96,5.40552235,5.21409988,0.012068768,0.00206876826,0.00313080591,0.00274513639,0.00725486362,5.49089861,6,2.5,9.64608479,1,1,0,20,0,0.126016632,-0.719064832,89.8376236,0.938388646,0.0955473855,5.21409988,762.899719,54.6534996,3.49480009,0.0250000004,50,1,0.119999997,0.550000012,0.0133333337
SL4_rand_25_r0,0,1092,97.1517639,97,5.58359051,5.21409988,0.0121806385,0.00218063802,0.00301231141,0.00225199107,0.00774800917,5.72928286,6,2.5,9.64608479,1,1,0,21,0,0.41715005,-0.0659509376,89.743309,1.01421797,179.642975,5.21409988,762.899719,54.6534996,3.49480009,0.0250000004,50,1,0.119999997,0.550000012,0.0133333337
SL4_rand_25_r0,0,1093,97.4313507,97,5.6956315,5.21409988,0.012333042,0.00233304175,0.00263331784,0.00193321786,0.0080667818,5.78730106,6,2.5,9.64608479,1,1,0,22,0,0.41715005,-0.0659509376,89.743309,1.01421797,179.642975,5.21409988,762.899719,54.6534996,3.49480009,0.0250000004,50,1,0.119999997,0.550000012,0.0133333337
SL4_rand_25_r0,0,1094,97.7109299,97,5.49627542,5.21409988,0.0124368249,0.00243682438,0.00278760586,0.00235426449,0.00764573552,5.33316565,6,2.5,9.64608479,1,1,0,23,0,0.41715005,-0.0659509376,89.743309,1.01421797,179.642975,5.21409988,762.899719,54.6534996,3.49480009,0.0250000004,50,1,0.119999997,0.550000012,0.0133333337
SL4_rand_25_r0,0,1095,97.9905167,97,5.39542437,5.21409988,0.0125044892,0.00250448938,0.00262170541,0.00258980575,0.00741019426,5.31291008,6,2.5,9.64608479,1,1,0,24,0,0.41715005,-0.0659509376,89.743309,1.01421797,179.642975,5.21409988,762.899719,54.6534996,3.49480009,0.0250000004,50,1,0.119999997,0.550000012,0.0133333337
SL4_rand_25_r0,0,1096,98.2701035,98,5.72794104,5.21409988,0.0126585001,0.00265850057,0.00198733946,0.00143361383,0.00856638607,6,6,2.5,9.64608479,1,1,0,25,0,0.187225714,-0.46810922,89.9099503,1.02369666,0.183478519,5.21409988,762.899719,54.6534996,3.49480009,0.0250000004,50,1,0.119999997,0.550000012,0.0133333337
SL4_rand_25_r0,0,1097,98.5496826,98,5.87699795,5.21409988,0.0128683075,0.00286830729,0.00223490107,0.0014746479,0.00852535199,5.99895382,6,2.5,9.64608479,1,1,0,26,0,0.187225714,-0.46810922,89.9099503,1.02369666,0.183478519,5.21409988,762.899719,54.6534996,3.49480009,0.0250000004,50,1,0.119999997,0.550000012,0.0133333337
SL4_rand_25_r0,0,1098,98.8292694,98,5.65786314,5.21409988,0.013026543,0.00302654272,0.00212663552,0.00191692961,0.00808307063,5.47857141,6,2.5,9.64608479,1,1,0,27,0,0.187225714,-0.46810922,89.9099503,1.02369666,0.183478519,5.21409988,762.899719,54.6534996,3.49480009,0.0250000004,50,1,0.119999997,0.550000012,0.0133333337
SL4_rand_25_r0,0,1099,99.1088562,99,5.84603834,5.21409988,0.0132284537,0.00322845369,0.00163364422,0.001407851,0.00859214924,6,6,2.5,9.64608479,1,1,0,28,0,0.2747235,-0.27143088,89.8086014,1.03317535,178.112885,5.21409988,762.899719,54.6534996,3.49480009,0.0250000004,50,1,0.119999997,0.550000012,0.0133333337
SL4_rand_25_r0,0,1100,99.3884354,99,5.85568237,5.21409988,0.0134403231,0.00344032305,0.00150524557,0.00144621253,0.00855378713,5.86357307,6,2.5,9.64608479,1,1,0,29,0,0.2747235,-0.27143088,89.8086014,1.03317535,178.112885,5.21409988,762.899719,54.6534996,3.49480009,0.0250000004,50,1,0.119999997,0.550000012,0.0133333337
SL4_rand_25_r0,0,1101,99.6680222,99,5.61002731,5.21409988,0.013585614,0.00358561426,0.00243999041,0.00199920987,0.00800079014,5.40903664,6,2.5,9.64608479,1,1,0,30,0,0.2747235,-0.27143088,89.8086014,1.03317535,178.112885,5.21409988,762.899719,54.6534996,3.49480009,0.0250000004,50,1,0.119999997,0.550000012,0.0133333337
SL4_rand_25_r0,0,1102,99.9476089,99,5.61730289,5.21409988,0.0137218302,0.00372183044,0.00233889185,0.00200458872,0.00799541082,5.62325621,6,2.5,9.64608479,1,1,0,31,0,0.2747235,-0.27143088,89.8086014,1.03317535,178.112885,5.21409988,762.899719,54.6534996,3.49480009,0.0250000004,50,1,0.119999997,0.550000012,0.0133333337
SL4_rand_25_r0,0,1103,100.227188,100,5.48074627,5.21409988,0.0138186011,0.0038186016,0.00255398336,0.00237684953,0.00762315048,5.36901808,6,2.5,9.64608479,1,1,0,32,0,0.883361876,-0.0376304053,89.218483,1.03791463,1.85399282,5.21409988,762.899719,54.6534996,3.49480009,0.0250000004,50,1,0.119999997,0.550000012,0.0133333337
SL4_rand_25_r0,0,1104,101.279587,101,5.76633596,5.21409988,0.0139881289,0.00398812909,0.00284485868,0.00169756543,0.00830243435,6,6,2.5,9.64608479,1,1,0,33,0,1.23882937,-2.04954529,89.6235733,1.04265404,3.68394184,5.21409988,762.899719,54.6534996,3.49480009,0.0250000004,50,1,0.119999997,0.550000012,0.0133333337
SL4_rand_25_r0,0,1105,101.559166,101,5.89351559,5.21409988,0.0142051103,0.00420511002,0.00170200318,0.00140976557,0.00859023444,5.99757147,6,2.5,9.64608479,1,1,0,34,0,1.23882937,-2.04954529,89.6235733,1.04265404,3.68394184,5.21409988,762.899719,54.6534996,3.49480009,0.0250000004,50,1,0.119999997,0.550000012,0.0133333337
SL4_rand_25_r0,0,1106,101.838753,101,5.40391541,5.21409988,0.0142940003,0.0042940001,0.00253463467,0.00250902842,0.00749097159,5.00333357,6,2.5,9.64608479,1,1,0,35,0,1.23882937,-2.04954529,89.6235733,1.04265404,3.68394184,5.21409988,762.899719,54.6534996,3.49480009,0.0250000004,50,1,0.119999997,0.550000012,0.0133333337
SL4_rand_25_r0,0,1107,102.11834,102,5.47097826,5.21409988,0.01438017,0.00438016979,0.00250705867,0.00237470306,0.00762529671,5.52584791,6,2.5,9.64608479,1,1,0,36,0,5.09082413,0.24746038,87.5810471,1.02369666,3.39149427,5.21409988,762.899719,54.6534996,3.49480009,0.0250000004,50,1,0.119999997,0.550000012,0.0133333337
SL4_rand_25_r0,0,1108,102.397919,102,5.46820402,5.21409988,0.014465116,0.00446511619,0.00265056407,0.0024649282,0.00753507158,5.46593428,6,2.5,9.64608479,1,1,0,37,0,5.09082413,0.24746038,87.5810471,1.02369666,3.39149427,5.21409988,762.899719,54.6534996,3.49480009,0.0250000004,50,1,0.119999997,0.550000012,0.0133333337
SL4_rand_25_r0,0,1109,102.677505,102,5.76069164,5.21409988,0.0146311047,0.00463110488,0.00250488962,0.00164477644,0.00835522357,6,6,2.5,9.64608479,1,1,0,38,0,5.09082413,0.24746038,87.5810471,1.02369666,3.39149427,5.21409988,762.899719,54.6534996,3.49480009,0.0250000004,50,1,0.119999997,0.550000012,0.0133333337
SL4_rand_25_r0,0,1110,102.957085,102,5.7517333,5.21409988,0.0148081118,0.00480811205,0.00220266776,0.00175682525,0.00824317522,5.74440336,6,2.5,9.64608479,1,1,0,39,0,5.09082413,0.24746038,87.5810471,1.02369666,3.39149427,5.21409988,762.899719,54.6534996,3.49480009,0.0250000004,50,1,0.119999997,0.550000012,0.0133333337
SL4_rand_25_r0,0,1111,103.236671,103,5.70363188,5.21409988,0.0149735948,0.00497359456,0.00209902227,0.00181449333,0.0081855068,5.66427612,6,2.5,9.64608479,1,1,0,40,0,4.47560787,-0.0671032816,88.6798935,1.04265404,2.27039671,5.21409988,762.899719,54.6534996,3.49480009,0.0250000004,50,1,0.119999997,0.550000012,0.0133333337
SL4_rand_25_r0,0,1112,103.516258,103,5.75185919,5.21409988,0.0151505526,0.00515055237,0.00177426776,0.0016975078,0.00830249209,5.79131746,6,2.5,9.64608479,1,1,0,41,0,4.47560787,-0.0671032816,88.6798935,1.04265404,2.27039671,5.21409988,762.899719,54.6534996,3.49480009,0.0250000004,50,1,0.119999997,0.550000012,0.0133333337
SL4_rand_25_r0,0,1113,103.795837,103,5.4642148,5.21409988,0.0152495215,0.0052495217,0.00295549189,0.00238543167,0.00761456834,5.22886992,6,2.5,9.64608479,1,1,0,42,0,4.47560787,-0.0671032816,88.6798935,1.04265404,2.27039671,5.21409988,762.899719,54.6534996,3.49480009,0.0250000004,50,1,0.119999997,0.550000012,0.0133333337
SL4_rand_25_r0,0,1114,104.075424,104,5.2997818,5.21409988,0.015289817,0.00528981723,0.00322836568,0.00280405208,0.00719594816,5.16524506,6,2.5,9.64608479,1,1,0,43,0,0.724674344,-0.109926991,88.583992,1.01895738,3.10846829,5.21409988,762.899719,54.6534996,3.49480009,0.0250000004,50,1,0.119999997,0.550000012,0.0133333337
SL4_rand_25_r0,0,1115,104.355011,104,5.68490171,5.21409988,0.015427311,0.00542731117,0.00335630681,0.00196058932,0.00803941023,6,6,2.5,9.64608479,1,1,0,44,0,0.724674344,-0.109926991,88.583992,1.01895738,3.10846829,5.21409988,762.899719,54.6534996,3.49480009,0.0250000004,50,1,0.119999997,0.550000012,0.0133333337
SL4_rand_25_r0,0,1116,104.63459,104,5.72172213,5.21409988,0.015591233,0.00559123326,0.00208905665,0.00186954683,0.00813045353,5.75184822,6,2.5,9.64608479,1,1,0,45,0,0.724674344,-0.109926991,88.583992,1.01895738,3.10846829,5.21409988,762.899719,54.6534996,3.49480009,0.0250000004,50,1,0.119999997,0.550000012,0.0133333337
SL4_rand_25_r0,0,1117,104.914177,104,5.44854069,5.21409988,0.0156836752,0.00568367587,0.00248504197,0.00244649965,0.00755350012,5.22502899,6,2.5,9.64608479,1,1,0,46,0,0.724674344,-0.109926991,88.583992,1.01895738,3.10846829,5.21409988,762.899719,54.6534996,3.49480009,0.0250000004,50,1,0.119999997,0.550000012,0.0133333337
SL4_rand_25_r0,0,1118,105.193764,105,5.59593582,5.21409988,0.0158051495,0.00580514874,0.00237242389,0.00210948545,0.00789051503,5.71653175,6,2.5,9.64608479,1,1,0,47,0,2.6523993,0.0244114567,88.6350098,1.03317535,1.97150373,5.21409988,762.899719,54.6534996,3.49480009,0.0250000004,50,1,0.119999997,0.550000012,0.0133333337
SL4_rand_25_r0,0,1119,105.473343,105,5.80001354,5.21409988,0.0159881469,0.00598814758,0.0022220083,0.00165641273,0.00834358763,5.9669857,6,2.5,9.64608479,1,1,0,48,0,2.6523993,0.0244114567,88.6350098,1.03317535,1.97150373,5.21409988,762.899719,54.6534996,3.49480009,0.0250000004,50,1,0.119999997,0.550000012,0.0133333337
SL4_rand_25_r0,0,1120,105.75293,105,5.21621513,5.21409988,0.0160192344,0.00601923512,0.00327362749,0.00300215441,0.0069978456,4.73856163,6,2.5,9.64608479,1,1,0,49,0,2.6523993,0.0244114567,88.6350098,1.03317535,1.97150373,5.21409988,762.899719,54.6534996,3.49480009,0.0250000004,50,1,0.119999997,0.550000012,0.0133333337
SL4_rand_25_r0,0,1121,106.032509,106,5.3967104,5.21409988,0.0160751417,0.00607514149,0.00307494611,0.00259885564,0.0074011446,5.54438877,6,2.5,9.64608479,1,1,0,50,0,0.0355883278,-0.647642195,87.9514465,1.02369666,0.688880801,5.21409988,762.899719,54.6534996,3.49480009,0.0250000004,50,1,0.119999997,0.550000012,0.0133333337
SL4_rand_25_r0,0,1122,107.279587,107,5.55074358,5.21409988,0.0161779709,0.00617797114,0.00346270902,0.00231865025,0.00768134976,5.67677069,6,2.5,9.64608479,1,1,0,51,0,0.928937197,-3.07202101,87.5119705,1.02843606,4.10005236,5.21409988,762.899719,54.6534996,3.49480009,0.0250000004,50,1,0.119999997,0.550000012,0.0133333337
SL4_rand_25_r0,0,1123,107.559166,107,5.46046257,5.21409988,0.0162635446,0.00626354385,0.00338026276,0.00249731378,0.00750268623,5.3865962,6,2.5,9.64608479,1,1,0,52,0,0.928937197,-3.07202101,87.5119705,1.02843606,4.10005236,5.21409988,762.899719,54.6534996,3.49480009,0.0250000004,50,1,0.119999997,0.550000012,0.0133333337
SL4_rand_25_r0,0,1124,107.838753,107,5.39167547,5.21409988,0.0163271315,0.00632713223,0.00352244475,0.00263860682,0.00736139342,5.33539486,6,2.5,9.64608479,1,1,0,53,0,0.928937197,-3.07202101,87.5119705,1.02843606,4.10005236,5.21409988,762.899719,54.6534996,3.49480009,0.0250000004,50,1,0.119999997,0.550000012,0.0133333337
SL4_rand_25_r0,0,1125,108.11834,108,5.38339233,5.21409988,0.0163847562,0.00638475595,0.00301605207,0.00267906976,0.00732093025,5.37661505,6,2.5,9.64608479,1,1,0,54,0,0.35082069,-6.28771067,84.3731461,1.04265404,9.0879364,5.21409988,762.899719,54.6534996,3.49480009,0.0250000004,50,1,0.119999997,0.550000012,0.0133333337
SL4_rand_25_r0,0,1126,108.397919,108,5.30932808,5.21409988,0.0164208114,0.0064208121,0.0038664036,0.00287233852,0.00712766126,5.24873066,6,2.5,9.64608479,1,1,0,55,0,0.35082069,-6.28771067,84.3731461,1.04265404,9.0879364,5.21409988,762.899719,54.6534996,3.49480009,0.0250000004,50,1,0.119999997,0.550000012,0.0133333337
SL4_rand_25_r0,0,1127,108.677505,108,5.19523001,5.21409988,0.0164215807,0.00642157998,0.00362242083,0.00315753766,0.00684246235,5.10187626,6,2.5,9.64608479,1,1,0,56,0,0.35082069,-6.28771067,84.3731461,1.04265404,9.0879364,5.21409988,762.899719,54.6534996,3.49480009,0.0250000004,50,1,0.119999997,0.550000012,0.0133333337
SL4_rand_25_r0,0,1128,108.957085,108,5.26273394,5.21409988,0.0164352171,0.00643521734,0.00311579788,0.00302597415,0.0069740261,5.31796503,6,2.5,9.64608479,1,1,0,57,0,0.35082069,-6.28771067,84.3731461,1.04265404,9.0879364,5.21409988,762.899719,54.6534996,3.49480009,0.0250000004,50,1,0.119999997,0.550000012,0.0133333337
SL4_rand_25_r0,0,1129,109.236671,109,5.19816828,5.21409988,0.0164330658,0.00643306505,0.00425016042,0.00319692749,0.00680307252,5.14534187,6,2.5,9.64608479,1,1,0,58,0,2.68866396,-1.4924649,80.4237595,1.05213273,12.3840857,5.21409988,762.899719,54.6534996,3.49480009,0.0250000004,50,1,0.119999997,0.550000012,0.0133333337
SL4_rand_25_r0,0,1130,109.516258,109,5.08768606,5.21409988,0.0163975917,0.00639759097,0.00401630625,0.00345886149,0.00654113851,4.99729109,6,2.5,9.64608479,1,1,0,59,0,2.68866396,-1.4924649,80.4237595,1.05213273,12.3840857,5.21409988,762.899719,54.6534996,3.49480009,0.0250000004,50,1,0.119999997,0.550000012,0.0133333337
SL4_rand_25_r0,0,1131,109.795837,109,5.06040049,5.21409988,0.0163489841,0.00634898432,0.00371963601,0.00354862749,0.00645137252,5.03807592,6,2.5,9.64608479,1,1,0,60,0,2.68866396,-1.4924649,80.4237595,1.05213273,12.3840857,5.21409988,762.899719,54.6534996,3.49480009,0.0250000004,50,1,0.119999997,0.550000012,0.0133333337
SL4_rand_25_r0,0,1132,110.075424,110,5.07815027,5.21409988,0.0163031202,0.00630311947,0.00427521626,0.00353351235,0.00646648789,5.09267282,6,2.5,9.64608479,1,1,0,61,0,1.80594897,0.715539038,77.911377,1.0663507,4.21537733,5.21409988,762.899719,54.6534996,3.49480009,0.0250000004,50,1,0.119999997,0.550000012,0.0133333337
SL4_rand_25_r0,0,1133,110.355011,110,4.89655161,5.21409988,0.0162072666,0.00620726729,0.00467576832,0.00397355901,0.00602644077,4.74797058,6,2.5,9.64608479,1,1,0,62,0,1.80594897,0.715539038,77.911377,1.0663507,4.21537733,5.21409988,762.899719,54.6534996,3.49480009,0.0250000004,50,1,0.119999997,0.550000012,0.0133333337
SL4_rand_25_r0,0,1134,110.63459,110,4.95286751,5.21409988,0.0161187276,0.00611872738,0.00405931566,0.00385944778,0.00614055246,4.99894476,6,2.5,9.64608479,1,1,0,63,0,1.80594897,0.715539038,77.911377,1.0663507,4.21537733,5.21409988,762.899719,54.6534996,3.49480009,0.0250000004,50,1,0.119999997,0.550000012,0.0133333337
SL4_rand_25_r0,0,1135,110.914177,110,4.63999939,5.21409988,0.0159444995,0.00594449881,0.00521372724,0.0046340581,0.00536594214,4.38401651,6,2.5,9.64608479,1,1,0,64,0,1.80594897,0.715539038,77.911377,1.0663507,4.21537733,5.21409988,762.899719,54.6534996,3.49480009,0.0250000004,50,1,0.119999997,0.550000012,0.0133333337
SL4_rand_25_r0,0,1136,111.193764,111,4.96723509,5.21409988,0.0158468876,0.0058468869,0.00517605478,0.00388695579,0.00611304445,5.23497295,6,2.5,9.64608479,1,1,0,65,0,5.88081312,0.675213277,79.6604614,1.00473928,2.54288578,5.21409988,762.899719,54.6534996,3.49480009,0.0250000004,50,1,0.119999997,0.550000012,0.0133333337
SL4_rand_25_r0,0,1137,111.473343,111,4.61557436,5.21409988,0.0156643614,0.00566436118,0.0048353509,0.00474667177,0.00525332801,4.32785177,6,2.5,9.64608479,1,1,0,66,0,5.88081312,0.675213277,79.6604614,1.00473928,2.54288578,5.21409988,762.899719,54.6534996,3.49480009,0.0250000004,50,1,0.119999997,0.550000012,0.0133333337
SL4_rand_25_r0,0,1138,111.75293,111,4.83285141,5.21409988,0.0155280372,0.0055280379,0.00426233886,0.00421669334,0.0057833069,5.01062346,6,2.5,9.64608479,1,1,0,67,0,5.88081312,0.675213277,79.6604614,1.00473928,2.54288578,5.21409988,762.899719,54.6534996,3.49480009,0.0250000004,50,1,0.119999997,0.550000012,0.0133333337
SL4_rand_25_r0,0,1139,112.032509,112,5.14373636,5.21409988,0.0154857719,0.00548577169,0.00414341222,0.00351020298,0.00648979703,5.39809704,6,2.5,9.64608479,1,1,0,68,0,4.95423937,-1.33033991,78.3272934,1.02369666,3.3907969,5.21409988,762.899719,54.6534996,3.49480009,0.0250000004,50,1,0.119999997,0.550000012,0.0133333337
SL4_rand_25_r0,0,1140,112.312096,112,4.94487906,5.21409988,0.0154039441,0.00540394383,0.00422068452,0.00391325215,0.00608674763,4.78217697,6,2.5,9.64608479,1,1,0,69,0,4.95423937,-1.33033991,78.3272934,1.02369666,3.3907969,5.21409988,762.899719,54.6534996,3.49480009,0.0250000004,50,1,0.119999997,0.550000012,0.0133333337
SL4_rand_25_r0,0,1141,112.591682,112,5.0761838,5.21409988,0.0153519958,0.00535199558,0.00494981231,0.00355710299,0.00644289702,5.18361521,6,2.5,9.64608479,1,1,0,70,0,4.95423937,-1.33033991,78.3272934,1.02369666,3.3907969,5.21409988,762.899719,54.6534996,3.49480009,0.0250000004,50,1,0.119999997,0.550000012,0.0133333337
SL4_rand_25_r0,0,1142,112.871262,112,5.29371786,5.21409988,0.0153654534,0.00536545366,0.00397627894,0.00305105001,0.00694894977,5.47170019,6,2.5,9.64608479,1,1,0,71,0,4.95423937,-1.33033991,78.3272934,1.02369666,3.3907969,5.21409988,762.899719,54.6534996,3.49480009,0.0250000004,50,1,0.119999997,0.550000012,0.0133333337
SL4_rand_25_r0,0,1143,113.150848,113,5.18326378,5.21409988,0.0153591316,0.00535913138,0.00463823788,0.00326644909,0.00673355116,5.09289217,6,2.5,9.64608479,1,1,0,72,0,2.46843147,-18.2825241,75.4662628,0.909952581,19.5274963,5.21409988,762.899719,54.6534996,3.49480009,0.0250000004,50,1,0.119999997,0.550000012,0.0133333337
SL4_rand_25_r0,0,1144,113.430435,113,5.32843161,5.21409988,0.0153898364,0.00538983615,0.00349298143,0.00288704433,0.00711295567,5.44720507,6,2.5,9.64608479,1,1,0,73,0,2.46843147,-18.2825241,75.4662628,0.909952581,19.5274963,5.21409988,762.899719,54.6534996,3.49480009,0.0250000004,50,1,0.119999997,0.550000012,0.0133333337
SL4_rand_25_r0,0,1145,113.710014,113,5.16901159,5.21409988,0.0153824287,0.00538242888,0.00378484582,0.003263511,0.00673648901,5.03857756,6,2.5,9.64608479,1,1,0,74,0,2.46843147,-18.2825241,75.4662628,0.909952581,19.5274963,5.21409988,762.899719,54.6534996,3.49480009,0.0250000004,50,1,0.119999997,0.550000012,0.0133333337
SL4_rand_25_r0,0,1146,113.989601,113,5.28196907,5.21409988,0.0154000474,0.00540004717,0.00409300253,0.00298715197,0.00701284781,5.37438869,6,2.5,9.64608479,1,1,0,75,0,2.46843147,-18.2825241,75.4662628,0.909952581,19.5274963,5.21409988,762.899719,54.6534996,3.49480009,0.0250000004,50,1,0.119999997,0.550000012,0.0133333337
SL4_rand_25_r0,0,1147,114.26918,114,4.92636633,5.21409988,0.0153230578,0.00532305753,0.00387376756,0.00384821929,0.00615178049,4.63541842,6,2.5,9.64608479,1,1,0,76,0,-3.36996675,-7.14619398,58.8423195,0.843601882,3.2245543,5.21409988,762.899719,54.6534996,3.49480009,0.0250000004,50,1,0.119999997,0.550000012,0.0133333337
SL4_rand_25_r0,0,1148,114.548767,114,4.94781017,5.21409988,0.0152362566,0.0052362564,0.00538731506,0.00382239907,0.00617760094,4.9653554,6,2.5,9.64608479,1,1,0,77,0,-3.36996675,-7.14619398,58.8423195,0.843601882,3.2245543,5.21409988,762.899719,54.6534996,3.49480009,0.0250000004,50,1,0.119999997,0.550000012,0.0133333337
SL4_rand_25_r0,0,1149,114.828354,114,4.69836617,5.21409988,0.0150785306,0.0050785304,0.00469096843,0.00448205695,0.00551794283,4.49427557,6,2.5,9.64608479,1,1,0,78,0,-3.36996675,-7.14619398,58.8423195,0.843601882,3.2245543,5.21409988,762.899719,54.6534996,3.49480009,0.0250000004,50,1,0.119999997,0.550000012,0.0133333337
SL4_rand_25_r0,0,1150,115.107933,115,5.19273853,5.21409988,0.0150463087,0.00504630897,0.00558512565,0.00334118493,0.00665881485,5.59722519,6,2.5,9.64608479,1,1,0,79,0,5.84581518,-1.1361835,55.9492531,1.01895738,1.62121105,5.21409988,762.899719,54.6534996,3.49480009,0.0250000004,50,1,0.119999997,0.550000012,0.0133333337
SL4_rand_25_r0,0,1151,115.38752,115,4.33130884,5.21409988,0.0147957187,0.00479571894,0.00582097657,0.00538492203,0.00461507775,3.62650228,6,2.5,9.64608479,1,1,0,80,0,5.84581518,-1.1361835,55.9492531,1.01895738,1.62121105,5.21409988,762.899719,54.6534996,3.49480009,0.0250000004,50,1,0.119999997,0.550000012,0.0133333337
SL4_rand_25_r0,0,1152,115.667107,115,4.92170715,5.21409988,0.0146727338,0.0046727336,0.00672577368,0.00399262737,0.00600737287,5.40476036,6,2.5,9.64608479,1,1,0,81,0,5.84581518,-1.1361835,55.9492531,1.01895738,1.62121105,5.21409988,762.899719,54.6534996,3.49480009,0.0250000004,50,1,0.119999997,0.550000012,0.0133333337
SL4_rand_25_r0,0,1153,115.946686,115,4.1792078,5.21409988,0.014364766,0.00436476571,0.00701636542,0.00584688038,0.00415311987,3.57170844,6,2.5,9.64608479,1,1,0,82,0,5.84581518,-1.1361835,55.9492531,1.01895738,1.62121105,5.21409988,762.899719,54.6534996,3.49480009,0.0250000004,50,1,0.119999997,0.550000012,0.0133333337
SL4_rand_25_r0,0,1154,116.226273,116,3.94294548,5.21409988,0.0140314326,0.00403143279,0.00708803954,0.00640876871,0.0035912313,3.74963975,6,2.5,9.64608479,1,1,0,83,0,0.205214977,-1.98978245,54.8492317,0.94312799,0.762457728,5.21409988,762.899719,54.6534996,3.49480009,0.0250000004,50,1,0.119999997,0.550000012,0.0133333337
SL4_rand_25_r0,0,1155,116.505859,116,5.07432556,5.21409988,0.0139370505,0.0039370507,0.00459401589,0.00352270179,0.00647729822,6,6,2.5,9.64608479,1,1,0,84,0,0.205214977,-1.98978245,54.8492317,0.94312799,0.762457728,5.21409988,762.899719,54.6534996,3.49480009,0.0250000004,50,1,0.119999997,0.550000012,0.0133333337
SL4_rand_25_r0,0,1156,116.785439,116,5.51598215,5.21409988,0.0140051767,0.00400517648,0.00448689004,0.00270174094,0.00729825906,5.87733746,6,2.5,9.64608479,1,1,0,85,0,0.205214977,-1.98978245,54.8492317,0.94312799,0.762457728,5.21409988,762.899719,54.6534996,3.49480009,0.0250000004,50,1,0.119999997,0.550000012,0.0133333337
SL4_rand_25_r0,0,1157,117.065025,117,4.44669342,5.21409988,0.0138033619,0.00380336237,0.00662675034,0.00502527039,0.00497472985,3.57182097,6,2.5,9.64608479,1,1,0,86,0,0.435714573,-1.52435589,55.0627518,0.672985792,0.762457728,5.21409988,762.899719,54.6534996,3.49480009,0.0250000004,50,1,0.119999997,0.550000012,0.0133333337
SL4_rand_25_r0,0,1158,117.344604,117,4.71929836,5.21409988,0.0136322817,0.00363228191,0.00571317831,0.00438910816,0.00561089208,4.94233894,6,2.5,9.64608479,1,1,0,87,0,0.435714573,-1.52435589,55.0627518,0.672985792,0.762457728,5.21409988,762.899719,54.6534996,3.49480009,0.0250000004,50,1,0.119999997,0.550000012,0.0133333337
SL4_rand_25_r0,0,1159,117.624191,117,4.39864349,5.21409988,0.013377253,0.00337725272,0.00600374909,0.00531356502,0.00468643522,4.13628912,6,2.5,9.64608479,1,1,0,88,0,0.435714573,-1.52435589,55.0627518,0.672985792,0.762457728,5.21409988,762.899719,54.6534996,3.49480009,0.0250000004,50,1,0.119999997,0.550000012,0.0133333337
SL4_rand_25_r0,0,1160,117.903778,117,4.1128931,5.21409988,0.0130439196,0.00304391934,0.00604573684,0.00601152843,0.00398847135,3.87909794,6,2.5,9.64608479,1,1,0,89,0,0.435714573,-1.52435589,55.0627518,0.672985792,0.762457728,5.21409988,762.899719,54.6534996,3.49480009,0.0250000004,50,1,0.119999997,0.550000012,0.0133333337
SL4_rand_25_r0,0,1161,118.183357,118,3.94937038,5.21409988,0.0127105862,0.00271058595,0.00689477194,0.00643136725,0.00356863276,3.81557894,6,2.5,9.64608479,1,1,0,90,0,nan,nan,nan,nan,nan,5.21409988,762.899719,54.6534996,3.49480009,0.0250000004,50,1,0.119999997,0.550000012,0.0133333337
SL4_rand_25_r0,1,1620,0.0133333337,0,0,5.21409988,0.0676666647,0.0576666668,0.0777389109,0.0774843395,0,0,6,2.5,9.64608479,0,0,0,0,0,0.688890159,-0.558751941,88.5976868,0.507108986,0.499932021,5.21409988,762.899719,54.6534996,3.49480009,0.0250000004,50,1,0.119999997,0.550000012,0.0133333337
SL4_rand_25_r0,1,1621,0.0266666673,0,0,5.21409988,0.0673333332,0.0573333316,0.0768909082,0.0768824518,0,0,6,2.5,9.64608479,0,0,0,0,0,0.688890159,-0.558751941,88.5976868,0.507108986,0.499932021,5.21409988,762.899719,54.6534996,3.49480009,0.0250000004,50,1,0.119999997,0.550000012,0.0133333337
SL4_rand_25_r0,1,1622,0.0399999991,0,0,5.21409988,0.0670000017,0.057,0.0763804391,0.0759058073,0,0,6,2.5,9.64608479,0,0,0,0,0,0.688890159,-0.558751941,88.5976868,0.507108986,0.499932021,5.21409988,762.899719,54.6534996,3.49480009,0.0250000004,50,1,0.119999997,0.550000012,0.0133333337
SL4_rand_25_r0,1,1623,0.0533333346,0,0,5.21409988,0.0666666701,0.0566666685,0.0754724219,0.0754088163,0,0,6,2.5,9.64608479,0,0,0,0,0,0.688890159,-0.558751941,88.5976868,0.507108986,0.499932021,5.21409988,762.899719,54.6534996,3.49480009,0.0250000004,50,1,0.119999997,0.550000012,0.0133333337
SL4_rand_25_r0,1,1624,0.0666666701,0,0.601188481,5.21409988,0.0663333312,0.0563333333,0.0748024508,0.074772723,0,1.09307003,6,2.5,9.64608479,0,0,0,0,0,0.688890159,-0.558751941,88.5976868,0.507108986,0.499932021,5.21409988,762.899719,54.6534996,3.49480009,0.0250000004,50,1,0.119999997,0.550000012,0.0133333337
SL4_rand_25_r0,1,1625,0.0799999982,0,0.871723354,5.21409988,0.0659999996,0.0560000017,0.0741064027,0.0738389641,0,1.09307003,6,2.5,9.64608479,0,0,0,0,0,0.688890159,-0.558751941,88.5976868,0.507108986,0.499932021,5.21409988,762.899719,54.6534996,3.49480009,0.0250000004,50,1,0.119999997,0.550000012,0.0133333337
SL4_rand_25_r0,1,1626,0.0933333337,0,0.993463993,5.21409988,0.0656666681,0.0556666665,0.0731521249,0.0731305033,0,1.09307003,6,2.5,9.64608479,0,0,0,0,0,0.688890159,-0.558751941,88.5976868,0.507108986,0.499932021,5.21409988,762.899719,54.6534996,3.49480009,0.0250000004,50,1,0.119999997,0.550000012,0.0133333337
SL4_rand_25_r0,1,1627,0.106666669,0,1.04824734,5.21409988,0.0653333366,0.055333335,0.0725107044,0.0721244812,0,1.09307003,6,2.5,9.64608479,0,0,0,0,0,0.688890159,-0.558751941,88.5976868,0.507108986,0.499932021,5.21409988,762.899719,54.6534996,3.49480009,0.0250000004,50,1,0.119999997,0.550000012,0.0133333337
SL4_rand_25_r0,1,1628,0.119999997,0,1.07289982,5.21409988,0.0649999976,0.0549999997,0.0715412796,0.0713650882,0,1.09307003,6,2.5,9.64608479,0,0,0,0,0,0.688890159,-0.558751941,88.5976868,0.507108986,0.499932021,5.21409988,762.899719,54.6534996,3.49480009,0.0250000004,50,1,0.119999997,0.550000012,0.0133333337
SL4_rand_25_r0,1,1629,0.13333334,0,1.08399343,5.21409988,0.0646666661,0.0546666682,0.0706389621,0.0706213489,0,1.09307003,6,2.5,9.64608479,0,0,0,0,0,0.688890159,-0.558751941,88.5976868,0.507108986,0.499932021,5.21409988,762.899719,54.6534996,3.49480009,0.0250000004,50,1,0.119999997,0.550000012,0.0133333337
SL4_rand_25_r0,1,1630,0.146666661,0,1.08898556,5.21409988,0.0643333346,0.0543333329,0.0697767138,0.0694941431,0,1.09307003,6,2.5,9.64608479,0,0,0,0,0,0.688890159,-0.558751941,88.5976868,0.507108986,0.499932021,5.21409988,762.899719,54.6534996,3.49480009,0.0250000004,50,1,0.119999997,0.550000012,0.0133333337
SL4_rand_25_r0,1,1631,0.159999996,0,1.09123194,5.21409988,0.064000003,0.0540000014,0.068838954,0.0687172115,0,1.09307003,6,2.5,9.64608479,0,0,0,0,0,0.688890159,-0.558751941,88.5976868,0.507108986,0.499932021,5.21409988,762.899719,54.6534996,3.49480009,0.0250000004,50,1,0.119999997,0.550000012,0.0133333337
SL4_rand_25_r0,1,1632,0.173333332,0,1.09224284,5.21409988,0.0636666641,0.0536666662,0.0678635091,0.0678470731,0,1.09307003,6,2.5,9.64608479,0,0,0,0,0,0.688890159,-0.558751941,88.5976868,0.507108986,0.499932021,5.21409988,762.899719,54.6534996,3.49480009,0.0250000004,50,1,0.119999997,0.550000012,0.0133333337
SL4_rand_25_r0,1,1633,0.186666667,0,1.09269786,5.21409988,0.0633333325,0.0533333346,0.0670218021,0.0667501464,0,1.09307003,6,2.5,9.64608479,0,0,0,0,0,0.688890159,-0.558751941,88.5976868,0.507108986,0.499932021,5.21409988,762.899719,54.6534996,3.49480009,0.0250000004,50,1,0.119999997,0.550000012,0.0133333337
SL4_rand_25_r0,1,1634,0.200000003,0,1.09290254,5.21409988,0.063000001,0.0529999994,0.0660605282,0.0659837201,0,1.09307003,6,2.5,9.64608479,0,0,0,0,0,0.688890159,-0.558751941,88.5976868,0.507108986,0.499932021,5.21409988,762.899719,54.6534996,3.49480009,0.0250000004,50,1,0.119999997,0.550000012,0.0133333337
SL4_rand_25_r0,1,1635,0.213333338,0,1.09299457,5.21409988,0.0626666695,0.0526666678,0.0650280714,0.0646705478,0,1.09307003,6,2.5,9.64608479,0,0,0,0,0,0.688890159,-0.558751941,88.5976868,0.507108986,0.499932021,5.21409988,762.899719,54.6534996,3.49480009,0.0250000004,50,1,0.119999997,0.550000012,0.0133333337
SL4_rand_25_r0,1,1636,0.226666674,0,1.09303606,5.21409988,0.0623333342,0.0523333326,0.0641342998,0.06399142,0,1.09307003,6,2.5,9.64608479,0,0,0,0,0,0.688890159,-0.558751941,88.5976868,0.507108986,0.499932021,5.21409988,762.899719,54.6534996,3.49480009,0.0250000004,50,1,0.119999997,0.550000012,0.0133333337
SL4_rand_25_r0,1,1637,0.239999995,0,1.09305477,5.21409988,0.061999999,0.0520000011,0.0631763637,0.0630916506,0,1.09307003,6,2.5,9.64608479,0,0,0,0,0,0.688890159,-0.558751941,88.5976868,0.507108986,0.499932021,5.21409988,762.899719,54.6534996,3.49480009,0.0250000004,50,1,0.119999997,0.550000012,0.0133333337
SL4_rand_25_r0,1,1638,0.25333333,0,1.09306312,5.21409988,0.0616666675,0.0516666658,0.0622758977,0.0619242378,0,1.09307003,6,2.5,9.64608479,0,0,0,0,0,0.688890159,-0.558751941,88.5976868,0.507108986,0.499932021,5.21409988,762.899719,54.6534996,3.49480009,0.0250000004,50,1,0.119999997,0.550000012,0.0133333337
SL4_rand_25_r0,1,1639,0.266666681,0,1.09306693,5.21409988,0.0613333322,0.0513333343,0.0612034388,0.061138656,0,1.09307003,6,2.5,9.64608479,0,0,0,0,0,0.688890159,-0.558751941,88.5976868,0.507108986,0.499932021,5.21409988,762.899719,54.6534996,3.49480009,0.0250000004,50,1,0.119999997,0.550000012,0.0133333337
SL4_rand_25_r0,1,1640,0.280000001,0,1.0930686,5.21409988,0.0610000007,0.050999999,0.0605106466,0.0604072288,0,1.09307003,6,2.5,9.64608479,0,0,0,0,0,0.688890159,-0.558751941,88.5976868,0.507108986,0.499932021,5.21409988,762.899719,54.6534996,3.49480009,0.0250000004,50,1,0.119999997,0.550000012,0.0133333337
SL4_rand_25_r0,1,1641,0.293333322,0,1.09306931,5.21409988,0.0606666654,0.0506666675,0.059468776,0.0593700074,0,1.09307003,6,2.5,9.64608479,0,0,0,0,0,0.688890159,-0.558751941,88.5976868,0.507108986,0.499932021,5.21409988,762.899719,54.6534996,3.49480009,0.0250000004,50,1,0.119999997,0.550000012,0.0133333337
SL4_rand_25_r0,1,1642,0.306666672,0,1.09306967,5.21409988,0.0603333339,0.0503333323,0.0585783385,0.0585486665,0,1.09307003,6,2.5,9.64608479,0,0,0,0,0,0.688890159,-0.558751941,88.5976868,0.507108986,0.499932021,5.21409988,762.899719,54.6534996,3.49480009,0.0250000004,50,1,0.119999997,0.550000012,0.0133333337
SL4_rand_25_r0,1,1643,0.319999993,0,1.09306991,5.21409988,0.0599999987,0.0500000007,0.0579291284,0.0575572215,0,1.09307003,6,2.5,9.64608479,0,0,0,0,0,0.688890159,-0.558751941,88.5976868,0.507108986,0.499932021,5.21409988,762.899719,54.6534996,3.49480009,0.0250000004,50,1,0.119999997,0.550000012,0.0133333337
SL4_rand_25_r0,1,1644,0.333333343,0,1.09306991,5.21409988,0.0596666671,0.0496666655,0.0568785742,0.0568082482,0,1.09307003,6,2.5,9.64608479,0,0,0,0,0,0.688890159,-0.558751941,88.5976868,0.507108986,0.499932021,5.21409988,762.899719,54.6534996,3.49480009,0.0250000004,50,1,0.119999997,0.550000012,0.0133333337
SL4_rand_25_r0,1,1645,0.346666664,0,1.09307003,5.21409988,0.0593333319,0.049333334,0.0561978072,0.0561808273,0,1.09307003,6,2.5,9.64608479,0,0,0,0,0,0.688890159,-0.558751941,88.5976868,0.507108986,0.499932021,5.21409988,762.899719,54.6534996,3.49480009,0.0250000004,50,1,0.119999997,0.550000012,0.0133333337
SL4_rand_25_r0,1,1646,0.360000014,0,1.09307003,5.21409988,0.0590000004,0.0489999987,0.0552874841,0.0551460721,0,1.09307003,6,2.5,9.64608479,0,0,0,0,0,0.688890159,-0.558751941,88.5976868,0.507108986,0.499932021,5.21409988,762.899719,54.6534996,3.49480009,0.0250000004,50,1,0.119999997,0.550000012,0.0133333337
SL4_rand_25_r0,1,1647,0.373333335,0,1.09307003,5.21409988,0.0586666651,0.0486666672,0.0547107942,0.0545985512,0,1.09307003,6,2.5,9.64608479,0,0,0,0,0,0.688890159,-0.558751941,88.5976868,0.507108986,0.499932021,5.21409988,762.899719,54.6534996,3.49480009,0.0250000004,50,1,0.119999997,0.550000012,0.0133333337
SL4_rand_25_r0,1,1648,0.386666656,0,1.09307003,5.21409988,0.0583333336,0.0483333319,0.053835202,0.0536251366,0,1.09307003,6,2.5,9.64608479,0,0,0,0,0,0.688890159,-0.558751941,88.5976868,0.507108986,0.499932021,5.21409988,762.899719,54.6534996,3.49480009,0.0250000004,50,1,0.119999997,0.550000012,0.0133333337
SL4_rand_25_r0,1,1649,0.400000006,0,1.09307003,5.21409988,0.0579999983,0.0480000004,0.0531295165,0.0531038307,0,1.09307003,6,2.5,9.64608479,0,0,0,0,0,0.688890159,-0.558751941,88.5976868,0.507108986,0.499932021,5.21409988,762.899719,54.6534996,3.49480009,0.0250000004,50,1,0.119999997,0.550000012,0.0133333337
SL4_rand_25_r0,1,1650,0.413333327,0,1.09307003,5.21409988,0.0576666668,0.0476666652,0.0525423326,0.0521947183,0,1.09307003,6,2.5,9.64608479,0,0,0,0,0,0.688890159,-0.558751941,88.5976868,0.507108986,0.499932021,5.21409988,762.899719,54.6534996,3.49480009,0.0250000004,50,1,0.119999997,0.550000012,0.0133333337
SL4_rand_25_r0,1,1651,0.426666677,0,1.09307003,5.21409988,0.0573333316,0.0473333336,0.0519841909,0.0517557934,0,1.09307003,6,2.5,9.64608479,0,0,0,0,0,0.688890159,-0.558751941,88.5976868,0.507108986,0.499932021,5.21409988,762.899719,54.6534996,3.49480009,0.0250000004,50,1,0.119999997,0.550000012,0.0133333337
SL4_rand_25_r0,1,1652,0.439999998,0,1.09307003,5.21409988,0.057,0.0469999984,0.0513503812,0.0513400771,0,1.09307003,6,2.5,9.64608479,0,0,0,0,0,0.688890159,-0.558751941,88.5976868,0.507108986,0.499932021,5.21409988,762.899719,54.6534996,3.49480009,0.0250000004,50,1,0.119999997,0.550000012,0.0133333337
SL4_rand_25_r0,1,1653,0.453333348,0,1.09307003,5.21409988,0.0566666685,0.0466666669,0.0505862758,0.0504927784,0,1.09307003,6,2.5,9.64608479,0,0,0,0,0,0.688890159,-0.558751941,88.5976868,0.507108986,0.499932021,5.21409988,762.899719,54.6534996,3.49480009,0.0250000004,50,1,0.119999997,0.550000012,0.0133333337
SL4_rand_25_r0,1,1654,0.466666669,0,1.09307003,5.21409988,0.0563333333,0.0463333316,0.0501358174,0.0501010157,0,1.09307003,6,2.5,9.64608479,0,0,0,0,0,0.688890159,-0.558751941,88.5976868,0.507108986,0.499932021,5.21409988,762.899719,54.6534996,3.49480009,0.0250000004,50,1,0.119999997,0.550000012,0.0133333337
SL4_rand_25_r0,1,1655,0.479999989,0,1.09307003,5.21409988,0.0560000017,0.0460000001,0.0495765284,0.0493361168,0,1.09307003,6,2.5,9.64608479,0,0,0,0,0,0.688890159,-0.558751941,88.5976868,0.507108986,0.499932021,5.21409988,762.899719,54.6534996,3.49480009,0.0250000004,50,1,0.119999997,0.550000012,0.0133333337
SL4_rand_25_r0,1,1656,0.49333334,0,1.09307003,5.21409988,0.0556666665,0.0456666648,0.0491713956,0.0490446687,0,1.09307003,6,2.5,9.64608479,0,0,0,0,0,0.688890159,-0.558751941,88.5976868,0.507108986,0.499932021,5.21409988,762.899719,54.6534996,3.49480009,0.0250000004,50,1,0.119999997,0.550000012,0.0133333337
SL4_rand_25_r0,1,1657,0.50666666,0,1.09307003,5.21409988,0.055333335,0.0453333333,0.0485703237,0.0483079441,0,1.09307003,6,2.5,9.64608479,0,0,0,0,0,0.688890159,-0.558751941,88.5976868,0.507108986,0.499932021,5.21409988,762.899719,54.6534996,3.49480009,0.0250000004,50,1,0.119999997,0.550000012,0.0133333337
SL4_rand_25_r0,1,1658,0.519999981,0,1.09307003,5.21409988,0.0549999997,0.0450000018,0.0480470061,0.0480330139,0,1.09307003,6,2.5,9.64608479,0,0,0,0,0,0.688890159,-0.558751941,88.5976868,0.507108986,0.499932021,5.21409988,762.899719,54.6534996,3.49480009,0.0250000004,50,1,0.119999997,0.550000012,0.0133333337
SL4_rand_25_r0,1,1659,0.533333361,0,1.09307003,5.21409988,0.0546666682,0.0446666665,0.0475952551,0.0473428294,0,1.09307003,6,2.5,9.64608479,0,0,0,0,0,0.688890159,-0.558751941,88.5976868,0.507108986,0.499932021,5.21409988,762.899719,54.6534996,3.49480009,0.0250000004,50,1,0.119999997,0.550000012,0.0133333337
SL4_rand_25_r0,1,1660,0.546666682,0,1.09307003,5.21409988,0.0543333329,0.044333335,0.0471964888,0.0471097529,0,1.09307003,6,2.5,9.64608479,0,0,0,0,0,0.688890159,-0.558751941,88.5976868,0.507108986,0.499932021,5.21409988,762.899719,54.6534996,3.49480009,0.0250000004,50,1,0.119999997,0.550000012,0.0133333337
SL4_rand_25_r0,1,1661,0.560000002,0,1.09307003,5.21409988,0.0540000014,0.0439999998,0.0469091609,0.0464576222,0,1.09307003,6,2.5,9.64608479,0,0,0,0,0,0.688890159,-0.558751941,88.5976868,0.507108986,0.499932021,5.21409988,762.899719,54.6534996,3.49480009,0.0250000004,50,1,0.119999997,0.550000012,0.0133333337
SL4_rand_25_r0,1,1662,0.573333323,0,1.09307003,5.21409988,0.0536666662,0.0436666682,0.0464618281,0.0462791957,0,1.09307003,6,2.5,9.64608479,0,0,0,0,0,0.688890159,-0.558751941,88.5976868,0.507108986,0.499932021,5.21409988,762.899719,54.6534996,3.49480009,0.0250000004,50,1,0.119999997,0.550000012,0.0133333337
SL4_rand_25_r0,1,1663,0.586666644,0,1.09307003,5.21409988,0.0533333346,0.043333333,0.0460620038,0.0460176207,0,1.09307003,6,2.5,9.64608479,0,0,0,0,0,0.688890159,-0.558751941,88.5976868,0.507108986,0.499932021,5.21409988,762.899719,54.6534996,3.49480009,0.0250000004,50,1,0.119999997,0.550000012,0.0133333337
SL4_rand_25_r0,1,1664,0.600000024,0,1.09307003,5.21409988,0.0529999994,0.0430000015,0.0455295257,0.0454905927,0,1.09307003,6,2.5,9.64608479,0,0,0,0,0,0.688890159,-0.558751941,88.5976868,0.507108986,0.499932021,5.21409988,762.899719,54.6534996,3.49480009,0.0250000004,50,1,0.119999997,0.550000012,0.0133333337
SL4_rand_25_r0,1,1665,0.613333344,0,1.09307003,5.21409988,0.0526666678,0.0426666662,0.0453030653,0.0452578701,0,1.09307003,6,2.5,9.64608479,0,0,0,0,0,0.688890159,-0.558751941,88.5976868,0.507108986,0.499932021,5.21409988,762.899719,54.6534996,3.49480009,0.0250000004,50,1,0.119999997,0.550000012,0.0133333337
SL4_rand_25_r0,1,1666,0.626666665,0,1.09307003,5.21409988,0.0523333326,0.0423333347,0.0447880328,0.0447504669,0,1.09307003,6,2.5,9.64608479,0,0,0,0,0,0.688890159,-0.558751941,88.5976868,0.507108986,0.499932021,5.21409988,762.899719,54.6534996,3.49480009,0.0250000004,50,1,0.119999997,0.550000012,0.0133333337
SL4_rand_25_r0,1,1667,0.639999986,0,1.09307003,5.21409988,0.0520000011,0.0419999994,0.0447048135,0.0445433408,0,1.09307003,6,2.5,9.64608479,0,0,0,0,0,0.688890159,-0.558751941,88.5976868,0.507108986,0.499932021,5.21409988,762.899719,54.6534996,3.49480009,0.0250000004,50,1,0.119999997,0.550000012,0.0133333337
SL4_rand_25_r0,1,1668,0.653333306,0,1.09307003,5.21409988,0.0516666658,0.0416666679,0.0442172289,0.0440502651,0,1.09307003,6,2.5,9.64608479,0,0,0,0,0,0.688890159,-0.558751941,88.5976868,0.507108986,0.499932021,5.21409988,762.899719,54.6534996,3.49480009,0.0250000004,50,1,0.119999997,0.550000012,0.0133333337
SL4_rand_25_r0,1,1669,0.666666687,0,1.09307003,5.21409988,0.0513333343,0.0413333327,0.0441169478,0.0439797416,0,1.09307003,6,2.5,9.64608479,0,0,0,0,0,0.688890159,-0.558751941,88.5976868,0.507108986,0.499932021,5.21409988,762.899719,54.6534996,3.49480009,0.0250000004,50,1,0.119999997,0.550000012,0.0133333337
SL4_rand_25_r0,1,1670,0.680000007,0,1.09307003,5.21409988,0.050999999,0.0410000011,0.0435476415,0.0433489308,0,1.09307003,6,2.5,9.64608479,0,0,0,0,0,0.688890159,-0.558751941,88.5976868,0.507108986,0.499932021,5.21409988,762.899719,54.6534996,3.49480009,0.0250000004,50,1,0.119999997,0.550000012,0.0133333337
SL4_rand_25_r0,1,1671,0.693333328,0,1.09307003,5.21409988,0.0506666675,0.0406666659,0.0433305129,0.0428485796,0,1.09307003,6,2.5,9.64608479,0,0,0,0,0,0.688890159,-0.558751941,88.5976868,0.507108986,0.499932021,5.21409988,762.899719,54.6534996,3.49480009,0.0250000004,50,1,0.119999997,0.550000012,0.0133333337
SL4_rand_25_r0,1,1672,0.706666648,0,1.09307003,5.21409988,0.0503333323,0.0403333344,0.04281459,0.0427035317,0,1.09307003,6,2.5,9.64608479,0,0,0,0,0,0.688890159,-0.558751941,88.5976868,0.507108986,0.499932021,5.21409988,762.899719,54.6534996,3.49480009,0.0250000004,50,1,0.119999997,0.550000012,0.0133333337
SL4_rand_25_r0,1,1673,0.720000029,0,1.09307003,5.21409988,0.0500000007,0.0399999991,0.0425900258,0.042212043,0,1.09307003,6,2.5,9.64608479,0,0,0,0,0,0.688890159,-0.558751941,88.5976868,0.507108986,0.499932021,5.21409988,762.899719,54.6534996,3.49480009,0.0250000004,50,1,0.119999997,0.550000012,0.0133333337
SL4_rand_25_r0,1,1674,0.733333349,0,1.09307003,5.21409988,0.0496666655,0.0396666676,0.0421848297,0.0420798808,0,1.09307003,6,2.5,9.64608479,0,0,0,0,0,0.688890159,-0.558751941,88.5976868,0.507108986,0.499932021,5.21409988,762.899719,54.6534996,3.49480009,0.0250000004,50,1,0.119999997,0.550000012,0.0133333337
SL4_rand_25_r0,1,1675,0.74666667,0,1.09307003,5.21409988,0.049333334,0.0393333323,0.041962564,0.0415939502,0,1.09307003,6,2.5,9.64608479,0,0,0,0,0,0.688890159,-0.558751941,88.5976868,0.507108986,0.499932021,5.21409988,762.899719,54.6534996,3.49480009,0.0250000004,50,1,0.119999997,0.550000012,0.0133333337
SL4_rand_25_r0,1,1676,0.75999999,0,1.09307003,5.21409988,0.0489999987,0.0390000008,0.0416540429,0.0414719172,0,1.09307003,6,2.5,9.64608479,0,0,0,0,0,0.688890159,-0.558751941,88.5976868,0.507108986,0.499932021,5.21409988,762.899719,54.6534996,3.49480009,0.0250000004,50,1,0.119999997,0.550000012,0.0133333337
SL4_rand_25_r0,1,1677,0.773333311,0,1.09307003,5.21409988,0.0486666672,0.0386666656,0.0414420776,0.0409868471,0,1.09307003,6,2.5,9.64608479,0,0,0,0,0,0.688890159,-0.558751941,88.5976868,0.507108986,0.499932021,5.21409988,762.899719,54.6534996,3.49480009,0.0250000004,50,1,0.119999997,0.550000012,0.0133333337
SL4_rand_25_r0,1,1678,0.786666691,0,1.09307003,5.21409988,0.0483333319,0.038333334,0.0411644131,0.040984679,0,1.09307003,6,2.5,9.64608479,0,0,0,0,0,0.688890159,-0.558751941,88.5976868,0.507108986,0.499932021,5.21409988,762.899719,54.6534996,3.49480009,0.0250000004,50,1,0.119999997,0.550000012,0.0133333337
SL4_rand_25_r0,1,1679,0.800000012,0,1.09307003,5.21409988,0.0480000004,0.0379999988,0.041023843,0.0403877608,0,1.09307003,6,2.5,9.64608479,0,0,0,0,0,0.688890159,-0.558751941,88.5976868,0.507108986,0.499932021,5.21409988,762.899719,54.6534996,3.49480009,0.0250000004,50,1,0.119999997,0.550000012,0.0133333337
SL4_rand_25_r0,1,1680,0.813333333,0,1.09307003,5.21409988,0.0476666652,0.0376666673,0.0404481888,0.0403897315,0,1.09307003,6,2.5,9.64608479,0,0,0,0,0,0.688890159,-0.558751941,88.5976868,0.507108986,0.499932021,5.21409988,762.899719,54.6534996,3.49480009,0.0250000004,50,1,0.119999997,0.550000012,0.0133333337
SL4_rand_25_r0,1,1681,0.826666653,0,1.09307003,5.21409988,0.0473333336,0.037333332,0.0402205475,0.0398085639,0,1.09307003,6,2.5,9.64608479,0,0,0,0,0,0.688890159,-0.558751941,88.5976868,0.507108986,0.499932021,5.21409988,762.899719,54.6534996,3.49480009,0.0250000004,50,1,0.119999997,0.550000012,0.0133333337
SL4_rand_25_r0,1,1682,0.839999974,0,1.09307003,5.21409988,0.0469999984,0.0370000005,0.0398122072,0.0397952199,0,1.09307003,6,2.5,9.64608479,0,0,0,0,0,0.688890159,-0.558751941,88.5976868,0.507108986,0.499932021,5.21409988,762.899719,54.6534996,3.49480009,0.0250000004,50,1,0.119999997,0.550000012,0.0133333337
SL4_rand_25_r0,1,1683,0.853333354,0,1.09307003,5.21409988,0.0466666669,0.0366666652,0.0395000726,0.0392123796,0,1.09307003,6,2.5,9.64608479,0,0,0,0,0,0.688890159,-0.558751941,88.5976868,0.507108986,0.499932021,5.21409988,762.899719,54.6534996,3.49480009,0.0250000004,50,1,0.119999997,0.550000012,0.0133333337
SL4_rand_25_r0,1,1684,0.866666675,0,1.09307003,5.21409988,0.0463333316,0.0363333337,0.0392558165,0.0391997695,0,1.09307003,6,2.5,9.64608479,0,0,0,0,0,0.688890159,-0.558751941,88.5976868,0.507108986,0.499932021,5.21409988,762.899719,54.6534996,3.49480009,0.0250000004,50,1,0.119999997,0.550000012,0.0133333337
SL4_rand_25_r0,1,1685,0.879999995,0,1.09307003,5.21409988,0.0460000001,0.0359999985,0.0388581343,0.0386135578,0,1.09307003,6,2.5,9.64608479,0,0,0,0,0,0.688890159,-0.558751941,88.5976868,0.507108986,0.499932021,5.21409988,762.899719,54.6534996,3.49480009,0.0250000004,50,1,0.119999997,0.550000012,0.0133333337
SL4_rand_25_r0,1,1686,0.893333316,0,1.09307003,5.21409988,0.0456666648,0.0356666669,0.0387783088,0.03860192,0,1.09307003,6,2.5,9.64608479,0,0,0,0,0,0.688890159,-0.558751941,88.5976868,0.507108986,0.499932021,5.21409988,762.899719,54.6534996,3.49480009,0.0250000004,50,1,0.119999997,0.550000012,0.0133333337
SL4_rand_25_r0,1,1687,0.906666696,0,1.09307003,5.21409988,0.0453333333,0.0353333317,0.0382975303,0.0380114242,0,1.09307003,6,2.5,9.64608479,0,0,0,0,0,0.688890159,-0.558751941,88.5976868,0.507108986,0.499932021,5.21409988,762.899719,54.6534996,3.49480009,0.0250000004,50,1,0.119999997,0.550000012,0.0133333337
SL4_rand_25_r0,1,1688,0.920000017,0,1.09307003,5.21409988,0.0450000018,0.0350000001,0.0381671488,0.0380422473,0,1.09307003,6,2.5,9.64608479,0,0,0,0,0,0.688890159,-0.558751941,88.5976868,0.507108986,0.499932021,5.21409988,762.899719,54.6534996,3.49480009,0.0250000004,50,1,0.119999997,0.550000012,0.0133333337
SL4_rand_25_r0,1,1689,0.933333337,0,1.09307003,5.21409988,0.0446666665,0.0346666649,0.0377342179,0.0375181735,0,1.09307003,6,2.5,9.64608479,0,0,0,0,0,0.688890159,-0.558751941,88.5976868,0.507108986,0.499932021,5.21409988,762.899719,54.6534996,3.49480009,0.0250000004,50,1,0.119999997,0.550000012,0.0133333337
SL4_rand_25_r0,1,1690,0.946666658,0,1.09307003,5.21409988,0.044333335,0.0343333334,0.0375185423,0.0374320447,0,1.09307003,6,2.5,9.64608479,0,0,0,0,0,0.688890159,-0.558751941,88.5976868,0.507108986,0.499932021,5.21409988,762.899719,54.6534996,3.49480009,0.0250000004,50,1,0.119999997,0.550000012,0.0133333337
SL4_rand_25_r0,1,1691,0.959999979,0,1.09307003,5.21409988,0.0439999998,0.0340000018,0.0369766839,0.036903251,0,1.09307003,6,2.5,9.64608479,0,0,0,0,0,0.688890159,-0.558751941,88.5976868,0.507108986,0.499932021,5.21409988,762.899719,54.6534996,3.49480009,0.0250000004,50,1,0.119999997,0.550000012,0.0133333337
SL4_rand_25_r0,1,1692,0.973333359,0,1.09307003,5.21409988,0.0436666682,0.0336666666,0.0368488431,0.0363080539,0,1.09307003,6,2.5,9.64608479,0,0,0,0,0,0.688890159,-0.558751941,88.5976868,0.507108986,0.499932021,5.21409988,762.899719,54.6534996,3.49480009,0.0250000004,50,1,0.119999997,0.550000012,0.0133333337
SL4_rand_25_r0,1,1693,0.986666679,0,1.09307003,5.21409988,0.043333333,0.0333333351,0.0362907872,0.0362827182,0,1.09307003,6,2.5,9.64608479,0,0,0,0,0,0.688890159,-0.558751941,88.5976868,0.507108986,0.499932021,5.21409988,762.899719,54.6534996,3.49480009,0.0250000004,50,1,0.119999997,0.550000012,0.0133333337
SL4_rand_25_r0,1,1694,1,0,1.09307003,5.21409988,0.0430000015,0.0329999998,0.0360469148,0.0356838219,0,1.09307003,6,2.5,9.64608479,0,0,0,0,0,0.688890159,-0.558751941,88.5976868,0.507108986,0.499932021,5.21409988,762.899719,54.6534996,3.49480009,0.0250000004,50,1,0.119999997,0.550000012,0.0133333337
SL4_rand_25_r0,1,1695,1.01333332,1,1.09307003,5.21409988,0.0426666662,0.0326666683,0.0356840976,0.035661798,0,1.09307003,6,2.5,9.64608479,0,0,0,0,0,0.423855275,-0.0952595323,89.0687637,0.725118458,0.399722695,5.21409988,762.899719,54.6534996,3.49480009,0.0250000004,50,1,0.119999997,0.550000012,0.0133333337
SL4_rand_25_r0,1,1696,1.02666664,1,1.09307003,5.21409988,0.0423333347,0.032333333,0.035330981,0.0350597128,0,1.09307003,6,2.5,9.64608479,0,0,0,0,0,0.423855275,-0.0952595323,89.0687637,0.725118458,0.399722695,5.21409988,762.899719,54.6534996,3.49480009,0.0250000004,50,1,0.119999997,0.550000012,0.0133333337
SL4_rand_25_r0,1,1697,1.03999996,1,1.09307003,5.21409988,0.0419999994,0.0320000015,0.0351584814,0.0350394398,0,1.09307003,6,2.5,9.64608479,0,0,0,0,0,0.423855275,-0.0952595323,89.0687637,0.725118458,0.399722695,5.21409988,762.899719,54.6534996,3.49480009,0.0250000004,50,1,0.119999997,0.550000012,0.0133333337
SL4_rand_25_r0,1,1698,1.05333328,1,1.09307003,5.21409988,0.0416666679,0.0316666663,0.0347020961,0.0344323441,0,1.09307003,6,2.5,9.64608479,0,0,0,0,0,0.423855275,-0.0952595323,89.0687637,0.725118458,0.399722695,5.21409988,762.899719,54.6534996,3.49480009,0.0250000004,50,1,0.119999997,0.550000012,0.0133333337
SL4_rand_25_r0,1,1699,1.06666672,1,1.09307003,5.21409988,0.0413333327,0.0313333347,0.0347138084,0.0344122835,0,1.09307003,6,2.5,9.64608479,0,0,0,0,0,0.423855275,-0.0952595323,89.0687637,0.725118458,0.399722695,5.21409988,762.899719,54.6534996,3.49480009,0.0250000004,50,1,0.119999997,0.550000012,0.0133333337
SL4_rand_25_r0,1,1700,1.08000004,1,1.09307003,5.21409988,0.0410000011,0.0309999995,0.0341636054,0.0338004231,0,1.09307003,6,2.5,9.64608479,0,0,0,0,0,0.423855275,-0.0952595323,89.0687637,0.725118458,0.399722695,5.21409988,762.899719,54.6534996,3.49480009,0.0250000004,50,1,0.119999997,0.550000012,0.0133333337
SL4_rand_25_r0,1,1701,1.09333336,1,1.09307003,5.21409988,0.0406666659,0.0306666661,0.034017019,0.0338402018,0,1.09307003,6,2.5,9.64608479,0,0,0,0,0,0.423855275,-0.0952595323,89.0687637,0.725118458,0.399722695,5.21409988,762.899719,54.6534996,3.49480009,0.0250000004,50,1,0.119999997,0.550000012,0.0133333337
SL4_rand_25_r0,1,1702,1.10666668,1,1.09307003,5.21409988,0.0403333344,0.0303333327,0.0334418267,0.0332880393,0,1.09307003,6,2.5,9.64608479,0,0,0,0,0,0.423855275,-0.0952595323,89.0687637,0.725118458,0.399722695,5.21409988,762.899719,54.6534996,3.49480009,0.0250000004,50,1,0.119999997,0.550000012,0.0133333337
SL4_rand_25_r0,1,1703,1.12,1,1.09307003,5.21409988,0.0399999991,0.0299999993,0.0332951397,0.0326808244,0,1.09307003,6,2.5,9.64608479,0,0,0,0,0,0.423855275,-0.0952595323,89.0687637,0.725118458,0.399722695,5.21409988,762.899719,54.6534996,3.49480009,0.0250000004,50,1,0.119999997,0.550000012,0.0133333337
SL4_rand_25_r0,1,1704,1.13333333,1,1.09307003,5.21409988,0.0396666676,0.0296666659,0.0326890983,0.0326487496,0,1.09307003,6,2.5,9.64608479,0,0,0,0,0,0.423855275,-0.0952595323,89.0687637,0.725118458,0.399722695,5.21409988,762.899719,54.6534996,3.49480009,0.0250000004,50,1,0.119999997,0.550000012,0.0133333337
SL4_rand_25_r0,1,1705,1.14666665,1,1.09307003,5.21409988,0.0393333323,0.0293333326,0.0324147381,0.0320388377,0,1.09307003,6,2.5,9.64608479,0,0,0,0,0,0.423855275,-0.0952595323,89.0687637,0.725118458,0.399722695,5.21409988,762.899719,54.6534996,3.49480009,0.0250000004,50,1,0.119999997,0.550000012,0.0133333337
SL4_rand_25_r0,1,1706,1.15999997,1,1.09307003,5.21409988,0.0390000008,0.0289999992,0.0320211537,0.0320108384,0,1.09307003,6,2.5,9.64608479,0,0,0,0,0,0.423855275,-0.0952595323,89.0687637,0.725118458,0.399722695,5.21409988,762.899719,54.6534996,3.49480009,0.0250000004,50,1,0.119999997,0.550000012,0.0133333337
SL4_rand_25_r0,1,1707,1.17333329,1,1.09307003,5.21409988,0.0386666656,0.0286666658,0.0316275731,0.0313970894,0,1.09307003,6,2.5,9.64608479,0,0,0,0,0,0.423855275,-0.0952595323,89.0687637,0.725118458,0.399722695,5.21409988,762.899719,54.6534996,3.49480009,0.0250000004,50,1,0.119999997,0.550000012,0.0133333337
SL4_rand_25_r0,1,1708,1.18666661,1,1.09307003,5.21409988,0.038333334,0.0283333343,0.0314402096,0.0313713849,0,1.09307003,6,2.5,9.64608479,0,0,0,0,0,0.423855275,-0.0952595323,89.0687637,0.725118458,0.399722695,5.21409988,762.899719,54.6534996,3.49480009,0.0250000004,50,1,0.119999997,0.550000012,0.0133333337
SL4_rand_25_r0,1,1709,1.20000005,1,1.09307003,5.21409988,0.0379999988,0.0280000009,0.0309374835,0.030752223,0,1.09307003,6,2.5,9.64608479,0,0,0,0,0,0.423855275,-0.0952595323,89.0687637,0.725118458,0.399722695,5.21409988,762.899719,54.6534996,3.49480009,0.0250000004,50,1,0.119999997,0.550000012,0.0133333337
SL4_rand_25_r0,1,1710,1.21333337,1,1.09307003,5.21409988,0.0376666673,0.0276666675,0.0309486035,0.0307298005,0,1.09307003,6,2.5,9.64608479,0,0,0,0,0,0.423855275,-0.0952595323,89.0687637,0.725118458,0.399722695,5.21409988,762.899719,54.6534996,3.49480009,0.0250000004,50,1,0.119999997,0.550000012,0.0133333337
SL4_rand_25_r0,1,1711,1.22666669,1,1.09307003,5.21409988,0.037333332,0.0273333341,0.030348869,0.0301062185,0,1.09307003,6,2.5,9.64608479,0,0,0,0,0,0.423855275,-0.0952595323,89.0687637,0.725118458,0.399722695,5.21409988,762.899719,54.6534996,3.49480009,0.0250000004,50,1,0.119999997,0.550000012,0.0133333337
SL4_rand_25_r0,1,1712,1.24000001,1,1.09307003,5.21409988,0.0370000005,0.0270000007,0.0305485297,0.0300854892,0,1.09307003,6,2.5,9.64608479,0,0,0,0,0,0.423855275,-0.0952595323,89.0687637,0.725118458,0.399722695,5.21409988,762.899719,54.6534996,3.49480009,0.0250000004,50,1,0.119999997,0.550000012,0.0133333337
SL4_rand_25_r0,1,1713,1.25333333,1,1.09307003,5.21409988,0.0366666652,0.0266666673,0.0298679732,0.0294576641,0,1.09307003,6,2.5,9.64608479,0,0,0,0,0,0.423855275,-0.0952595323,89.0687637,0.725118458,0.399722695,5.21409988,762.899719,54.6534996,3.49480009,0.0250000004,50,1,0.119999997,0.550000012,0.0133333337
SL4_rand_25_r0,1,1714,1.26666665,1,1.09307003,5.21409988,0.0363333337,0.0263333339,0.0296602249,0.0289663821,0,1.09307003,6,2.5,9.64608479,0,0,0,0,0,0.423855275,-0.0952595323,89.0687637,0.725118458,0.399722695,5.21409988,762.899719,54.6534996,3.49480009,0.0250000004,50,1,0.119999997,0.550000012,0.0133333337
SL4_rand_25_r0,1,1715,1.27999997,1,1.09307003,5.21409988,0.0359999985,0.0260000005,0.0290689301,0.0289386101,0,1.09307003,6,2.5,9.64608479,0,0,0,0,0,0.423855275,-0.0952595323,89.0687637,0.725118458,0.399722695,5.21409988,762.899719,54.6534996,3.49480009,0.0250000004,50,1,0.119999997,0.550000012,0.0133333337
SL4_rand_25_r0,1,1716,1.29333329,1,1.09307003,5.21409988,0.0356666669,0.0256666671,0.0287110452,0.0283198208,0,1.09307003,6,2.5,9.64608479,0,0,0,0,0,0.423855275,-0.0952595323,89.0687637,0.725118458,0.399722695,5.21409988,762.899719,54.6534996,3.49480009,0.0250000004,50,1,0.119999997,0.550000012,0.0133333337
SL4_rand_25_r0,1,1717,1.30666661,1,1.09307003,5.21409988,0.0353333317,0.0253333338,0.0283381362,0.0282948017,0,1.09307003,6,2.5,9.64608479,0,0,0,0,0,0.423855275,-0.0952595323,89.0687637,0.725118458,0.399722695,5.21409988,762.899719,54.6534996,3.49480009,0.0250000004,50,1,0.119999997,0.550000012,0.0133333337
SL4_rand_25_r0,1,1718,1.32000005,1,1.09307003,5.21409988,0.0350000001,0.0250000004,0.027863659,0.0276738852,0,1.09307003,6,2.5,9.64608479,0,0,0,0,0,0.423855275,-0.0952595323,89.0687637,0.725118458,0.399722695,5.21409988,762.899719,54.6534996,3.49480009,0.0250000004,50,1,0.119999997,0.550000012,0.0133333337
SL4_rand_25_r0,1,1719,1.33333337,1,1.09307003,5.21409988,0.0346666649,0.024666667,0.0277024657,0.0276513062,0,1.09307003,6,2.5,9.64608479,0,0,0,0,0,0.423855275,-0.0952595323,89.0687637,0.725118458,0.399722695,5.21409988,762.899719,54.6534996,3.49480009,0.0250000004,50,1,0.119999997,0.550000012,0.0133333337
SL4_rand_25_r0,1,1720,1.34666669,1,1.09307003,5.21409988,0.0343333334,0.0243333336,0.0271233395,0.0270269811,0,1.09307003,6,2.5,9.64608479,0,0,0,0,0,0.423855275,-0.0952595323,89.0687637,0.725118458,0.399722695,5.21409988,762.899719,54.6534996,3.49480009,0.0250000004,50,1,0.119999997,0.550000012,0.0133333337
SL4_rand_25_r0,1,1721,1.36000001,1,1.09307003,5.21409988,0.0340000018,0.0240000002,0.0271654874,0.0270065833,0,1.09307003,6,2.5,9.64608479,0,0,0,0,0,0.423855275,-0.0952595323,89.0687637,0.725118458,0.399722695,5.21409988,762.899719,54.6534996,3.49480009,0.0250000004,50,1,0.119999997,0.550000012,0.0133333337
SL4_rand_25_r0,1,1722,1.37333333,1,1.09307003,5.21409988,0.0336666666,0.0236666668,0.0264968444,0.0263796318,0,1.09307003,6,2.5,9.64608479,0,0,0,0,0,0.423855275,-0.0952595323,89.0687637,0.725118458,0.399722695,5.21409988,762.899719,54.6534996,3.49480009,0.0250000004,50,1,0.119999997,0.550000012,0.0133333337
SL4_rand_25_r0,1,1723,1.38666666,1,1.09307003,5.21409988,0.0333333351,0.0233333334,0.0267834831,0.0258630905,0,1.09307003,6,2.5,9.64608479,0,0,0,0,0,0.423855275,-0.0952595323,89.0687637,0.725118458,0.399722695,5.21409988,762.899719,54.6534996,3.49480009,0.0250000004,50,1,0.119999997,0.550000012,0.0133333337
SL4_rand_25_r0,1,1724,1.39999998,1,1.09307003,5.21409988,0.0329999998,0.023,0.0259933956,0.0257363152,0,1.09307003,6,2.5,9.64608479,0,0,0,0,0,0.423855275,-0.0952595323,89.0687637,0.725118458,0.399722695,5.21409988,762.899719,54.6534996,3.49480009,0.0250000004,50,1,0.119999997,0.550000012,0.0133333337
SL4_rand_25_r0,1,1725,1.4133333,1,1.09307003,5.21409988,0.0326666683,0.0226666667,0.0260903873,0.0252202451,0,1.09307003,6,2.5,9.64608479,0,0,0,0,0,0.423855275,-0.0952595323,89.0687637,0.725118458,0.399722695,5.21409988,762.899719,54.6534996,3.49480009,0.0250000004,50,1,0.119999997,0.550000012,0.0133333337
SL4_rand_25_r0,1,1726,1.42666662,1,1.09307003,5.21409988,0.032333333,0.0223333333,0.0254887529,0.0252961554,0,1.09307003,6,2.5,9.64608479,0,0,0,0,0,0.423855275,-0.0952595323,89.0687637,0.725118458,0.399722695,5.21409988,762.899719,54.6534996,3.49480009,0.0250000004,50,1,0.119999997,0.550000012,0.0133333337
SL4_rand_25_r0,1,1727,1.44000006,1,1.09307003,5.21409988,0.0320000015,0.0219999999,0.0251000188,0.0246152394,0,1.09307003,6,2.5,9.64608479,0,0,0,0,0,0.423855275,-0.0952595323,89.0687637,0.725118458,0.399722695,5.21409988,762.899719,54.6534996,3.49480009,0.0250000004,50,1,0.119999997,0.550000012,0.0133333337
SL4_rand_25_r0,1,1728,1.45333338,1,1.09307003,5.21409988,0.0316666663,0.0216666665,0.0247143153,0.0246538017,0,1.09307003,6,2.5,9.64608479,0,0,0,0,0,0.423855275,-0.0952595323,89.0687637,0.725118458,0.399722695,5.21409988,762.899719,54.6534996,3.49480009,0.0250000004,50,1,0.119999997,0.550000012,0.0133333337
SL4_rand_25_r0,1,1729,1.4666667,1,1.09307003,5.21409988,0.0313333347,0.0213333331,0.0241922941,0.0239771474,0,1.09307003,6,2.5,9.64608479,0,0,0,0,0,0.423855275,-0.0952595323,89.0687637,0.725118458,0.399722695,5.21409988,762.899719,54.6534996,3.49480009,0.0250000004,50,1,0.119999997,0.550000012,0.0133333337
SL4_rand_25_r0,1,1730,1.48000002,1,1.09307003,5.21409988,0.0309999995,0.0209999997,0.0240556803,0.0239630323,0,1.09307003,6,2.5,9.64608479,0,0,0,0,0,0.423855275,-0.0952595323,89.0687637,0.725118458,0.399722695,5.21409988,762.899719,54.6534996,3.49480009,0.0250000004,50,1,0.119999997,0.550000012,0.0133333337
SL4_rand_25_r0,1,1731,1.49333334,1,1.09307003,5.21409988,0.0306666661,0.0206666663,0.0233976897,0.0233393554,0,1.09307003,6,2.5,9.64608479,0,0,0,0,0,0.423855275,-0.0952595323,89.0687637,0.725118458,0.399722695,5.21409988,762.899719,54.6534996,3.49480009,0.0250000004,50,1,0.119999997,0.550000012,0.0133333337
SL4_rand_25_r0,1,1732,1.50666666,1,1.09307003,5.21409988,0.0303333327,0.0203333329,0.0234612543,0.0233276188,0,1.09307003,6,2.5,9.64608479,0,0,0,0,0,0.423855275,-0.0952595323,89.0687637,0.725118458,0.399722695,5.21409988,762.899719,54.6534996,3.49480009,0.0250000004,50,1,0.119999997,0.550000012,0.0133333337
SL4_rand_25_r0,1,1733,1.51999998,1,1.09307003,5.21409988,0.0299999993,0.0199999996,0.0227257404,0.0227024574,0,1.09307003,6,2.5,9.64608479,0,0,0,0,0,0.423855275,-0.0952595323,89.0687637,0.725118458,0.399722695,5.21409988,762.899719,54.6534996,3.49480009,0.0250000004,50,1,0.119999997,0.550000012,0.0133333337
SL4_rand_25_r0,1,1734,1.5333333,1,1.09307003,5.21409988,0.0296666659,0.0196666662,0.0228641909,0.0221898519,0,1.09307003,6,2.5,9.64608479,0,0,0,0,0,0.423855275,-0.0952595323,89.0687637,0.725118458,0.399722695,5.21409988,762.899719,54.6534996,3.49480009,0.0250000004,50,1,0.119999997,0.550000012,0.0133333337
SL4_rand_25_r0,1,1735,1.54666662,1,1.09307003,5.21409988,0.0293333326,0.0193333328,0.0221877024,0.0220682863,0,1.09307003,6,2.5,9.64608479,0,0,0,0,0,0.423855275,-0.0952595323,89.0687637,0.725118458,0.399722695,5.21409988,762.899719,54.6534996,3.49480009,0.0250000004,50,1,0.119999997,0.550000012,0.0133333337
SL4_rand_25_r0,1,1736,1.55999994,1,1.09307003,5.21409988,0.0289999992,0.0189999994,0.0221446827,0.0215555113,0,1.09307003,6,2.5,9.64608479,0,0,0,0,0,0.423855275,-0.0952595323,89.0687637,0.725118458,0.399722695,5.21409988,762.899719,54.6534996,3.49480009,0.0250000004,50,1,0.119999997,0.550000012,0.0133333337
SL4_rand_25_r0,1,1737,1.57333338,1,1.09307003,5.21409988,0.0286666658,0.018666666,0.0217916146,0.0214391816,0,1.09307003,6,2.5,9.64608479,0,0,0,0,0,0.423855275,-0.0952595323,89.0687637,0.725118458,0.399722695,5.21409988,762.899719,54.6534996,3.49480009,0.0250000004,50,1,0.119999997,0.550000012,0.0133333337
SL4_rand_25_r0,1,1738,1.5866667,1,1.09307003,5.21409988,0.0283333343,0.0183333326,0.0215843506,0.0209240261,0,1.09307003,6,2.5,9.64608479,0,0,0,0,0,0.423855275,-0.0952595323,89.0687637,0.725118458,0.399722695,5.21409988,762.899719,54.6534996,3.49480009,0.0250000004,50,1,0.119999997,0.550000012,0.0133333337
SL4_rand_25_r0,1,1739,1.60000002,1,1.09307003,5.21409988,0.0280000009,0.0179999992,0.0212962218,0.0209897365,0,1.09307003,6,2.5,9.64608479,0,0,0,0,0,0.423855275,-0.0952595323,89.0687637,0.725118458,0.399722695,5.21409988,762.899719,54.6534996,3.49480009,0.0250000004,50,1,0.119999997,0.550000012,0.0133333337
SL4_rand_25_r0,1,1740,1.61333334,1,1.09307003,5.21409988,0.0276666675,0.0176666658,0.0206843894,0.020311743,0,1.09307003,6,2.5,9.64608479,0,0,0,0,0,0.423855275,-0.0952595323,89.0687637,0.725118458,0.399722695,5.21409988,762.899719,54.6534996,3.49480009,0.0250000004,50,1,0.119999997,0.550000012,0.0133333337
SL4_rand_25_r0,1,1741,1.62666667,1,1.09307003,5.21409988,0.0273333341,0.0173333324,0.0205231253,0.020300854,0,1.09307003,6,2.5,9.64608479,0,0,0,0,0,0.423855275,-0.0952595323,89.0687637,0.725118458,0.399722695,5.21409988,762.899719,54.6534996,3.49480009,0.0250000004,50,1,0.119999997,0.550000012,0.0133333337
SL4_rand_25_r0,1,1742,1.63999999,1,1.09307003,5.21409988,0.0270000007,0.0170000009,0.0198001675,0.0196763333,0,1.09307003,6,2.5,9.64608479,0,0,0,0,0,0.423855275,-0.0952595323,89.0687637,0.725118458,0.399722695,5.21409988,762.899719,54.6534996,3.49480009,0.0250000004,50,1,0.119999997,0.550000012,0.0133333337
SL4_rand_25_r0,1,1743,1.65333331,1,1.09307003,5.21409988,0.0266666673,0.0166666675,0.0198345724,0.0196652971,0,1.09307003,6,2.5,9.64608479,0,0,0,0,0,0.423855275,-0.0952595323,89.0687637,0.725118458,0.399722695,5.21409988,762.899719,54.6534996,3.49480009,0.0250000004,50,1,0.119999997,0.550000012,0.0133333337
SL4_rand_25_r0,1,1744,1.66666663,1,1.09307003,5.21409988,0.0263333339,0.0163333341,0.019044796,0.0190375522,0,1.09307003,6,2.5,9.64608479,0,0,0,0,0,0.423855275,-0.0952595323,89.0687637,0.725118458,0.399722695,5.21409988,762.899719,54.6534996,3.49480009,0.0250000004,50,1,0.119999997,0.550000012,0.0133333337
SL4_rand_25_r0,1,1745,1.67999995,1,1.09307003,5.21409988,0.0260000005,0.0160000008,0.0190345906,0.0185202193,0,1.09307003,6,2.5,9.64608479,0,0,0,0,0,0.423855275,-0.0952595323,89.0687637,0.725118458,0.399722695,5.21409988,762.899719,54.6534996,3.49480009,0.0250000004,50,1,0.119999997,0.550000012,0.0133333337
SL4_rand_25_r0,1,1746,1.69333339,1,1.09307003,5.21409988,0.0256666671,0.0156666674,0.0184347425,0.0183978304,0,1.09307003,6,2.5,9.64608479,0,0,0,0,0,0.423855275,-0.0952595323,89.0687637,0.725118458,0.399722695,5.21409988,762.899719,54.6534996,3.49480009,0.0250000004,50,1,0.119999997,0.550000012,0.0133333337
SL4_rand_25_r0,1,1747,1.70666671,1,1.09307003,5.21409988,0.0253333338,0.0153333331,0.0182499476,0.0178770386,0,1.09307003,6,2.5,9.64608479,0,0,0,0,0,0.423855275,-0.0952595323,89.0687637,0.725118458,0.399722695,5.21409988,762.899719,54.6534996,3.49480009,0.0250000004,50,1,0.119999997,0.550000012,0.0133333337
SL4_rand_25_r0,1,1748,1.72000003,1,1.09307003,5.21409988,0.0250000004,0.0149999997,0.0179838799,0.0177588277,0,1.09307003,6,2.5,9.64608479,0,0,0,0,0,0.423855275,-0.0952595323,89.0687637,0.725118458,0.399722695,5.21409988,762.899719,54.6534996,3.49480009,0.0250000004,50,1,0.119999997,0.550000012,0.0133333337
SL4_rand_25_r0,1,1749,1.73333335,1,1.09307003,5.21409988,0.024666667,0.0146666663,0.0176437106,0.0172355622,0,1.09307003,6,2.5,9.64608479,0,0,0,0,0,0.423855275,-0.0952595323,89.0687637,0.725118458,0.399722695,5.21409988,762.899719,54.6534996,3.49480009,0.0250000004,50,1,0.119999997,0.550000012,0.0133333337
SL4_rand_25_r0,1,1750,1.74666667,1,1.09307003,5.21409988,0.0243333336,0.0143333329,0.0177000444,0.0171219204,0,1.09307003,6,2.5,9.64608479,0,0,0,0,0,0.423855275,-0.0952595323,89.0687637,0.725118458,0.399722695,5.21409988,762.899719,54.6534996,3.49480009,0.0250000004,50,1,0.119999997,0.550000012,0.0133333337
SL4_rand_25_r0,1,1751,1.75999999,1,1.09307003,5.21409988,0.0240000002,0.0140000004,0.0172289163,0.0165948141,0,1.09307003,6,2.5,9.64608479,0,0,0,0,0,0.423855275,-0.0952595323,89.0687637,0.725118458,0.399722695,5.21409988,762.899719,54.6534996,3.49480009,0.0250000004,50,1,0.119999997,0.550000012,0.0133333337
SL4_rand_25_r0,1,1752,1.77333331,1,1.09307003,5.21409988,0.0236666668,0.013666667,0.0171095077,0.0166264959,0,1.09307003,6,2.5,9.64608479,0,0,0,0,0,0.423855275,-0.0952595323,89.0687637,0.725118458,0.399722695,5.21409988,762.899719,54.6534996,3.49480009,0.0250000004,50,1,0.119999997,0.550000012,0.0133333337
SL4_rand_25_r0,1,1753,1.78666663,1,1.09307003,5.21409988,0.0233333334,0.0133333337,0.0163400136,0.0159935784,0,1.09307003,6,2.5,9.64608479,0,0,0,0,0,0.423855275,-0.0952595323,89.0687637,0.725118458,0.399722695,5.21409988,762.899719,54.6534996,3.49480009,0.0250000004,50,1,0.119999997,0.550000012,0.0133333337
SL4_rand_25_r0,1,1754,1.79999995,1,1.09307003,5.21409988,0.023,0.0130000003,0.0162864197,0.0159860738,0,1.09307003,6,2.5,9.64608479,0,0,0,0,0,0.423855275,-0.0952595323,89.0687637,0.725118458,0.399722695,5.21409988,762.899719,54.6534996,3.49480009,0.0250000004,50,1,0.119999997,0.550000012,0.0133333337
SL4_rand_25_r0,1,1755,1.81333339,1,1.09307003,5.21409988,0.0226666667,0.0126666669,0.0154587179,0.0153492717,0,1.09307003,6,2.5,9.64608479,0,0,0,0,0,0.423855275,-0.0952595323,89.0687637,0.725118458,0.399722695,5.21409988,762.899719,54.6534996,3.49480009,0.0250000004,50,1,0.119999997,0.550000012,0.0133333337
SL4_rand_25_r0,1,1756,1.82666671,1,1.09307003,5.21409988,0.0223333333,0.0123333335,0.0153031955,0.0148216132,0,1.09307003,6,2.5,9.64608479,0,0,0,0,0,0.423855275,-0.0952595323,89.0687637,0.725118458,0.399722695,5.21409988,762.899719,54.6534996,3.49480009,0.0250000004,50,1,0.119999997,0.550000012,0.0133333337
SL4_rand_25_r0,1,1757,1.84000003,1,1.09307003,5.21409988,0.0219999999,0.0120000001,0.0147392843,0.0147078009,0,1.09307003,6,2.5,9.64608479,0,0,0,0,0,0.423855275,-0.0952595323,89.0687637,0.725118458,0.399722695,5.21409988,762.899719,54.6534996,3.49480009,0.0250000004,50,1,0.119999997,0.550000012,0.0133333337
SL4_rand_25_r0,1,1758,1.85333335,1,1.09307003,5.21409988,0.0216666665,0.0116666667,0.0144168474,0.0141807199,0,1.09307003,6,2.5,9.64608479,0,0,0,0,0,0.423855275,-0.0952595323,89.0687637,0.725118458,0.399722695,5.21409988,762.899719,54.6534996,3.49480009,0.0250000004,50,1,0.119999997,0.550000012,0.0133333337
SL4_rand_25_r0,1,1759,1.86666667,1,1.09307003,5.21409988,0.0213333331,0.0113333333,0.0142064858,0.0140723977,0,1.09307003,6,2.5,9.64608479,0,0,0,0,0,0.423855275,-0.0952595323,89.0687637,0.725118458,0.399722695,5.21409988,762.899719,54.6534996,3.49480009,0.0250000004,50,1,0.119999997,0.550000012,0.0133333337
SL4_rand_25_r0,1,1760,1.88,1,1.09307003,5.21409988,0.0209999997,0.0109999999,0.0137383351,0.0135457227,0,1.09307003,6,2.5,9.64608479,0,0,0,0,0,0.423855275,-0.0952595323,89.0687637,0.725118458,0.399722695,5.21409988,762.899719,54.6534996,3.49480009,0.0250000004,50,1,0.119999997,0.550000012,0.0133333337
SL4_rand_25_r0,1,1761,1.89333332,1,1.09307003,5.21409988,0.0206666663,0.0106666666,0.013876725,0.0134429913,0,1.09307003,6,2.5,9.64608479,0,0,0,0,0,0.423855275,-0.0952595323,89.0687637,0.725118458,0.399722695,5.21409988,762.899719,54.6534996,3.49480009,0.0250000004,50,1,0.119999997,0.550000012,0.0133333337
SL4_rand_25_r0,1,1762,1.90666664,1,1.09307003,5.21409988,0.0203333329,0.0103333332,0.0132907201,0.0129147489,0,1.09307003,6,2.5,9.64608479,0,0,0,0,0,0.423855275,-0.0952595323,89.0687637,0.725118458,0.399722695,5.21409988,762.899719,54.6534996,3.49480009,0.0250000004,50,1,0.119999997,0.550000012,0.0133333337
SL4_rand_25_r0,1,1763,1.91999996,1,1.09307003,5.21409988,0.0199999996,0.00999999978,0.0134542948,0.0132893408,0,1.09307003,6,2.5,9.64608479,0,0,0,0,0,0.423855275,-0.0952595323,89.0687637,0.725118458,0.399722695,5.21409988,762.899719,54.6534996,3.49480009,0.0250000004,50,1,0.119999997,0.550000012,0.0133333337
SL4_rand_25_r0,1,1764,1.93333328,1,1.09307003,5.21409988,0.0196666662,0.00966666639,0.0130448835,0.0130157443,0,1.09307003,6,2.5,9.64608479,0,0,0,0,0,0.423855275,-0.0952595323,89.0687637,0.725118458,0.399722695,5.21409988,762.899719,54.6534996,3.49480009,0.0250000004,50,1,0.119999997,0.550000012,0.0133333337
SL4_rand_25_r0,1,1765,1.94666672,1,1.09307003,5.21409988,0.0193333328,0.009333333,0.0127449501,0.0126367658,0,1.09307003,6,2.5,9.64608479,0,0,0,0,0,0.423855275,-0.0952595323,89.0687637,0.725118458,0.399722695,5.21409988,762.899719,54.6534996,3.49480009,0.0250000004,50,1,0.119999997,0.550000012,0.0133333337
SL4_rand_25_r0,1,1766,1.96000004,1,1.09307003,5.21409988,0.0189999994,0.00899999961,0.0120892469,0.0116578871,0,1.09307003,6,2.5,9.64608479,0,0,0,0,0,0.423855275,-0.0952595323,89.0687637,0.725118458,0.399722695,5.21409988,762.899719,54.6534996,3.49480009,0.0250000004,50,1,0.119999997,0.550000012,0.0133333337
SL4_rand_25_r0,1,1767,1.97333336,1,1.09307003,5.21409988,0.018666666,0.00866666622,0.0118093435,0.0111256493,0,1.09307003,6,2.5,9.64608479,0,0,0,0,0,0.423855275,-0.0952595323,89.0687637,0.725118458,0.399722695,5.21409988,762.899719,54.6534996,3.49480009,0.0250000004,50,1,0.119999997,0.550000012,0.0133333337
SL4_rand_25_r0,1,1768,1.98666668,1,1.09307003,5.21409988,0.0183333326,0.00833333377,0.0111849392,0.0110114254,0,1.09307003,6,2.5,9.64608479,0,0,0,0,0,0.423855275,-0.0952595323,89.0687637,0.725118458,0.399722695,5.21409988,762.899719,54.6534996,3.49480009,0.0250000004,50,1,0.119999997,0.550000012,0.0133333337
SL4_rand_25_r0,1,1769,2,2,1.09307003,5.21409988,0.0179999992,0.00800000038,0.0107425926,0.0104824631,0,1.09307003,6,2.5,9.64608479,0,0,0,0,0,0.908723116,-0.0858533457,89.3422089,0.919431269,178.466019,5.21409988,762.899719,54.6534996,3.49480009,0.0250000004,50,1,0.119999997,0.550000012,0.0133333337
SL4_rand_25_r0,1,1770,2.01333332,2,1.09307003,5.21409988,0.0176666658,0.00766666653,0.0105006853,0.0103740506,0,1.09307003,6,2.5,9.64608479,0,0,0,0,0,0.908723116,-0.0858533457,89.3422089,0.919431269,178.466019,5.21409988,762.899719,54.6534996,3.49480009,0.0250000004,50,1,0.119999997,0.550000012,0.0133333337
SL4_rand_25_r0,1,1771,2.02666664,2,1.1575166,5.21409988,0.0173333324,0.00733333314,0.00991526619,0.00984640792,0.000153592322,1.21024549,6,2.5,9.64608479,0,0,0,0,0,0.908723116,-0.0858533457,89.3422089,0.919431269,178.466019,5.21409988,762.899719,54.6534996,3.49480009,0.0250000004,50,1,0.119999997,0.550000012,0.0133333337
SL4_rand_25_r0,1,1772,2.03999996,2,1.2300843,5.21409988,0.0170000009,0.00700000022,0.0100869061,0.00974257663,0.000257422973,1.28945792,6,2.5,9.64608479,0,0,0,0,0,0.908723116,-0.0858533457,89.3422089,0.919431269,178.466019,5.21409988,762.899719,54.6534996,3.49480009,0.0250000004,50,1,0.119999997,0.550000012,0.0133333337
SL4_rand_25_r0,1,1773,2.05333328,2,1.48337591,5.21409988,0.0166666675,0.00666666683,0.00940862019,0.00921674538,0.000783254218,1.69061446,6,2.5,9.64608479,0,0,0,0,0,0.908723116,-0.0858533457,89.3422089,0.919431269,178.466019,5.21409988,762.899719,54.6534996,3.49480009,0.0250000004,50,1,0.119999997,0.550000012,0.0133333337
SL4_rand_25_r0,1,1774,2.0666666,2,1.63896418,5.21409988,0.0163333341,0.00633333344,0.00997753162,0.00911758561,0.000882414286,1.7662636,6,2.5,9.64608479,0,0,0,0,0,0.908723116,-0.0858533457,89.3422089,0.919431269,178.466019,5.21409988,762.899719,54.6534996,3.49480009,0.0250000004,50,1,0.119999997,0.550000012,0.0133333337
SL4_rand_25_r0,1,1775,2.07999992,2,1.93165743,5.21409988,0.0160000008,0.00600000005,0.00926037785,0.00858688634,0.00141311355,2.171134,6,2.5,9.64608479,0,0,0,0,0,0.908723116,-0.0858533457,89.3422089,0.919431269,178.466019,5.21409988,762.899719,54.6534996,3.49480009,0.0250000004,50,1,0.119999997,0.550000012,0.0133333337
SL4_rand_25_r0,1,1776,2.09333324,2,1.97804356,5.21409988,0.0156666674,0.00566666666,0.00923747849,0.00879023969,0.00120976032,2.01599574,6,2.5,9.64608479,0,0,0,0,0,0.908723116,-0.0858533457,89.3422089,0.919431269,178.466019,5.21409988,762.899719,54.6534996,3.49480009,0.0250000004,50,1,0.119999997,0.550000012,0.0133333337
SL4_rand_25_r0,1,1777,2.10666656,2,2.03951979,5.21409988,0.0153333331,0.00533333328,0.00885088276,0.00869347341,0.00130652613,2.08981848,6,2.5,9.64608479,0,0,0,0,0,0.908723116,-0.0858533457,89.3422089,0.919431269,178.466019,5.21409988,762.899719,54.6534996,3.49480009,0.0250000004,50,1,0.119999997,0.550000012,0.0133333337
SL4_rand_25_r0,1,1778,2.11999989,2,2.36316156,5.21409988,0.0149999997,0.00499999989,0.00851555355,0.00798808504,0.0020119152,2.62795949,6,2.5,9.64608479,0,0,0,0,0,0.908723116,-0.0858533457,89.3422089,0.919431269,178.466019,5.21409988,762.899719,54.6534996,3.49480009,0.0250000004,50,1,0.119999997,0.550000012,0.0133333337
SL4_rand_25_r0,1,1779,2.13333344,2,2.77915359,5.21409988,0.0146666663,0.0046666665,0.00776054151,0.00734376535,0.00265623443,3.11951041,6,2.5,9.64608479,1,1,0,1,0,0.908723116,-0.0858533457,89.3422089,0.919431269,178.466019,5.21409988,762.899719,54.6534996,3.49480009,0.0250000004,50,1,0.119999997,0.550000012,0.0133333337
SL4_rand_25_r0,1,1780,2.41291738,2,3.19559741,5.21409988,0.0143333329,0.00433333311,0.00745768426,0.00679741055,0.00320258923,3.53632426,6,2.5,9.64608479,1,1,0,2,0,0.908723116,-0.0858533457,89.3422089,0.919431269,178.466019,5.21409988,762.899719,54.6534996,3.49480009,0.0250000004,50,1,0.119999997,0.550000012,0.0133333337
SL4_rand_25_r0,1,1781,4.27958393,4,3.4055016,5.21409988,0.0140000004,0.00400000019,0.00733941514,0.00674377708,0.0032562227,3.57724142,6,2.5,9.64608479,1,1,0,3,0,0.868916154,-0.113298155,89.2263641,1.00473928,0.722728491,5.21409988,762.899719,54.6534996,3.49480009,0.0250000004,50,1,0.119999997,0.550000012,0.0133333337
SL4_rand_25_r0,1,1782,4.55916786,4,3.41688251,5.21409988,0.013666667,0.00366666657,0.0073230355,0.00694176834,0.0030582319,3.42619419,6,2.5,9.64608479,1,1,0,4,0,0.868916154,-0.113298155,89.2263641,1.00473928,0.722728491,5.21409988,762.899719,54.6534996,3.49480009,0.0250000004,50,1,0.119999997,0.550000012,0.0133333337
SL4_rand_25_r0,1,1783,4.83875179,4,3.52389312,5.21409988,0.0133333337,0.00333333341,0.00672210194,0.00669894041,0.00330105936,3.6114471,6,2.5,9.64608479,1,1,0,5,0,0.868916154,-0.113298155,89.2263641,1.00473928,0.722728491,5.21409988,762.899719,54.6534996,3.49480009,0.0250000004,50,1,0.119999997,0.550000012,0.0133333337
SL4_rand_25_r0,1,1784,5.1183362,5,3.72355652,5.21409988,0.0130000003,0.00300000003,0.00674980506,0.00633785734,0.00366214244,3.88691735,6,2.5,9.64608479,1,1,0,6,0,0.716571629,-0.165158793,89.9440613,1.00473928,178.531265,5.21409988,762.899719,54.6534996,3.49480009,0.0250000004,50,1,0.119999997,0.550000012,0.0133333337
SL4_rand_25_r0,1,1785,7.27958393,7,3.62490606,5.21409988,0.0126666669,0.00266666664,0.00744781876,0.00678709801,0.003212902,3.54419208,6,2.5,9.64608479,1,1,0,7,0,1.76698959,-0.128815174,88.7866364,1.01421797,0.942050934,5.21409988,762.899719,54.6534996,3.49480009,0.0250000004,50,1,0.119999997,0.550000012,0.0133333337
SL4_rand_25_r0,1,1786,7.55916786,7,3.63307309,5.21409988,0.0123333335,0.00233333325,0.0067414213,0.00666183466,0.00333816535,3.63975525,6,2.5,9.64608479,1,1,0,8,0,1.76698959,-0.128815174,88.7866364,1.01421797,0.942050934,5.21409988,762.899719,54.6534996,3.49480009,0.0250000004,50,1,0.119999997,0.550000012,0.0133333337
SL4_rand_25_r0,1,1787,7.83875179,7,3.70429897,5.21409988,0.0120000001,0.00200000009,0.00652301358,0.00650084484,0.00349915517,3.76257443,6,2.5,9.64608479,1,1,0,9,0,1.76698959,-0.128815174,88.7866364,1.01421797,0.942050934,5.21409988,762.899719,54.6534996,3.49480009,0.0250000004,50,1,0.119999997,0.550000012,0.0133333337
SL4_rand_25_r0,1,1788,8.11833572,8,3.85280085,5.21409988,0.0120000001,0.00200000009,0.00626649521,0.00622331444,0.00377668557,3.97430229,6,2.5,9.64608479,1,1,0,10,0,2.32095766,0.307489723,89.6316071,0.995260656,178.547882,5.21409988,762.899719,54.6534996,3.49480009,0.0250000004,50,1,0.119999997,0.550000012,0.0133333337
SL4_rand_25_r0,1,1789,10.2795839,10,3.99388957,5.21409988,0.0120000001,0.00200000009,0.00695005106,0.00604632683,0.00395367295,4.10932589,6,2.5,9.64608479,1,1,0,11,0,-0.32704246,-0.914170086,89.3487549,1.00473928,1.89205563,5.21409988,762.899719,54.6534996,3.49480009,0.0250000004,50,1,0.119999997,0.550000012,0.0133333337
SL4_rand_25_r0,1,1790,10.5591679,10,3.93378425,5.21409988,0.0120000001,0.00200000009,0.00708069466,0.006340886,0.00365911424,3.88460708,6,2.5,9.64608479,1,1,0,12,0,-0.32704246,-0.914170086,89.3487549,1.00473928,1.89205563,5.21409988,762.899719,54.6534996,3.49480009,0.0250000004,50,1,0.119999997,0.550000012,0.0133333337
SL4_rand_25_r0,1,1791,10.8387518,10,3.97974634,5.21409988,0.0120000001,0.00200000009,0.00711012073,0.00616688607,0.00383311417,4.01735163,6,2.5,9.64608479,1,1,0,13,0,-0.32704246,-0.914170086,89.3487549,1.00473928,1.89205563,5.21409988,762.899719,54.6534996,3.49480009,0.0250000004,50,1,0.119999997,0.550000012,0.0133333337
SL4_rand_25_r0,1,1792,11.1183357,11,3.77088547,5.21409988,0.0120000001,0.00200000009,0.00704885274,0.00671394635,0.00328605366,3.59999943,6,2.5,9.64608479,1,1,0,14,0,0.579623878,-0.167802304,87.5856018,1.00947869,176.745163,5.21409988,762.899719,54.6534996,3.49480009,0.0250000004,50,1,0.119999997,0.550000012,0.0133333337
SL4_rand_25_r0,1,1793,12.2795839,12,3.59405494,5.21409988,0.0120000001,0.00200000009,0.00693746097,0.00691138254,0.00308861723,3.44937515,6,2.5,9.64608479,1,1,0,15,0,0.0860365331,-2.75465751,89.1770477,1.01895738,1.43820393,5.21409988,762.899719,54.6534996,3.49480009,0.0250000004,50,1,0.119999997,0.550000012,0.0133333337
SL4_rand_25_r0,1,1794,12.5591679,12,3.47060704,5.21409988,0.0120000001,0.00200000009,0.0071493187,0.00701594539,0.00298405485,3.36960459,6,2.5,9.64608479,1,1,0,16,0,0.0860365331,-2.75465751,89.1770477,1.01895738,1.43820393,5.21409988,762.899719,54.6534996,3.49480009,0.0250000004,50,1,0.119999997,0.550000012,0.0133333337
SL4_rand_25_r0,1,1795,12.8387518,12,3.51434064,5.21409988,0.0120000001,0.00200000009,0.007815741,0.00677932426,0.00322067575,3.5501225,6,2.5,9.64608479,1,1,0,17,0,0.0860365331,-2.75465751,89.1770477,1.01895738,1.43820393,5.21409988,762.899719,54.6534996,3.49480009,0.0250000004,50,1,0.119999997,0.550000012,0.0133333337
SL4_rand_25_r0,1,1796,13.1183357,13,3.49855471,5.21409988,0.0120000001,0.00200000009,0.00717868423,0.00686384831,0.00313615147,3.4856391,6,2.5,9.64608479,1,1,0,18,0,0.685915589,-0.0246912967,87.7418976,1.00947869,0.647351265,5.21409988,762.899719,54.6534996,3.49480009,0.0250000004,50,1,0.119999997,0.550000012,0.0133333337
SL4_rand_25_r0,1,1797,15.2795839,15,3.45896173,5.21409988,0.0120000001,0.00200000009,0.00730234245,0.00694127893,0.00305872085,3.42656732,6,2.5,9.64608479,1,1,0,19,0,0.00228624674,-2.35999918,86.2836456,1.02369666,4.96123457,5.21409988,762.899719,54.6534996,3.49480009,0.0250000004,50,1,0.119999997,0.550000012,0.0133333337
SL4_rand_25_r0,1,1798,15.5591679,15,3.27732778,5.21409988,0.0120000001,0.00200000009,0.00758382818,0.00733169634,0.0026683039,3.12871814,6,2.5,9.64608479,1,1,0,20,0,0.00228624674,-2.35999918,86.2836456,1.02369666,4.96123457,5.21409988,762.899719,54.6534996,3.49480009,0.0250000004,50,1,0.119999997,0.550000012,0.0133333337
SL4_rand_25_r0,1,1799,15.8387518,15,3.10316801,5.21409988,0.0120000001,0.00200000009,0.00768865272,0.00755196717,0.00244803308,2.96067357,6,2.5,9.64608479,1,1,0,21,0,0.00228624674,-2.35999918,86.2836456,1.02369666,4.96123457,5.21409988,762.899719,54.6534996,3.49480009,0.0250000004,50,1,0.119999997,0.550000012,0.0133333337
SL4_rand_25_r0,1,1800,16.1183357,16,3.00210786,5.21409988,0.0120000001,0.00200000009,0.00778736081,0.00760603882,0.00239396119,2.91942239,6,2.5,9.64608479,1,1,0,22,0,-0.0400131829,-3.42778611,81.405632,1,3.91154695,5.21409988,762.899719,54.6534996,3.49480009,0.0250000004,50,1,0.119999997,0.550000012,0.0133333337
SL4_rand_25_r0,1,1801,18.0133343,18,2.90653396,5.21409988,0.0120000001,0.00200000009,0.00867400598,0.00772543252,0.00227456773,2.82833695,6,2.5,9.64608479,0,1,0,0,0,3.28917122,-0.0826817304,76.549881,0.990521312,2.28039837,5.21409988,762.899719,54.6534996,3.49480009,0.0250000004,50,1,0.119999997,0.550000012,0.0133333337
SL4_rand_25_r0,1,1802,18.0266666,18,2.76205063,5.21409988,0.0120000001,0.00200000009,0.00889674947,0.00796727277,0.002032727,2.64383698,6,2.5,9.64608479,0,1,0,0,0,3.28917122,-0.0826817304,76.549881,0.990521312,2.28039837,5.21409988,762.899719,54.6534996,3.49480009,0.0250000004,50,1,0.119999997,0.550000012,0.0133333337
SL4_rand_25_r0,1,1803,18.0400009,18,2.57380128,5.21409988,0.0120000001,0.00200000009,0.00896632951,0.00826096535,0.00173903455,2.41977906,6,2.5,9.64608479,0,1,0,0,0,3.28917122,-0.0826817304,76.549881,0.990521312,2.28039837,5.21409988,762.899719,54.6534996,3.49480009,0.0250000004,50,1,0.119999997,0.550000012,0.0133333337
SL4_rand_25_r0,1,1804,18.0533333,18,2.34102845,5.21409988,0.0120000001,0.00200000009,0.00863584969,0.00861383043,0.00138616911,2.15057802,6,2.5,9.64608479,0,0,0,0,0,3.28917122,-0.0826817304,76.549881,0.990521312,2.28039837,5.21409988,762.899719,54.6534996,3.49480009,0.0250000004,50,1,0.119999997,0.550000012,0.0133333337
SL4_rand_25_r0,1,1805,18.0666676,18,1.92856538,5.21409988,0.0120000001,0.00200000009,0.00957020279,0.00934719387,0.000652806018,1.59109557,6,2.5,9.64608479,0,0,0,0,0,3.28917122,-0.0826817304,76.549881,0.990521312,2.28039837,5.21409988,762.899719,54.6534996,3.49480009,0.0250000004,50,1,0.119999997,0.550000012,0.0133333337
SL4_rand_25_r0,1,1806,18.0799999,18,1.81956899,5.21409988,0.0120000001,0.00200000009,0.00991974492,0.00916460808,0.000835391751,1.73039007,6,2.5,9.64608479,0,0,0,0,0,3.28917122,-0.0826817304,76.549881,0.990521312,2.28039837,5.21409988,762.899719,54.6534996,3.49480009,0.0250000004,50,1,0.119999997,0.550000012,0.0133333337
SL4_rand_25_r0,1,1807,18.0933342,18,1.41999459,5.21409988,0.0120000001,0.00200000009,0.0108569674,0.0102137486,0,1.09307003,6,2.5,9.64608479,0,0,0,0,0,3.28917122,-0.0826817304,76.549881,0.990521312,2.28039837,5.21409988,762.899719,54.6534996,3.49480009,0.0250000004,50,1,0.119999997,0.550000012,0.0133333337
SL4_rand_25_r0,1,1808,18.1066666,18,1.2401861,5.21409988,0.0120000001,0.00200000009,0.0114231287,0.0112323184,0,1.09307003,6,2.5,9.64608479,0,0,0,0,0,3.28917122,-0.0826817304,76.549881,0.990521312,2.28039837,5.21409988,762.899719,54.6534996,3.49480009,0.0250000004,50,1,0.119999997,0.550000012,0.0133333337
SL4_rand_25_r0,1,1809,18.1200008,18,1.15927219,5.21409988,0.0120000001,0.00200000009,0.0124514056,0.0116689084,0,1.09307003,6,2.5,9.64608479,0,0,0,0,0,3.28917122,-0.0826817304,76.549881,0.990521312,2.28039837,5.21409988,762.899719,54.6534996,3.49480009,0.0250000004,50,1,0.119999997,0.550000012,0.0133333337
SL4_rand_25_r0,1,1810,18.1333332,18,1.12286103,5.21409988,0.0120000001,0.00200000009,0.0132304458,0.0114145884,0,1.09307003,6,2.5,9.64608479,0,0,0,0,0,3.28917122,-0.0826817304,76.549881,0.990521312,2.28039837,5.21409988,762.899719,54.6534996,3.49480009,0.0250000004,50,1,0.119999997,0.550000012,0.0133333337
SL4_rand_25_r0,1,1811,18.1466675,18,1.10647595,5.21409988,0.0120000001,0.00200000009,0.0138021391,0.0123945074,0,1.09307003,6,2.5,9.64608479,0,0,0,0,0,3.28917122,-0.0826817304,76.549881,0.990521312,2.28039837,5.21409988,762.899719,54.6534996,3.49480009,0.0250000004,50,1,0.119999997,0.550000012,0.0133333337
SL4_rand_25_r0,1,1812,18.1599998,18,1.09910274,5.21409988,0.0120000001,0.00200000009,0.0146820471,0.0129009457,0,1.09307003,6,2.5,9.64608479,0,0,0,0,0,3.28917122,-0.0826817304,76.549881,0.990521312,2.28039837,5.21409988,762.899719,54.6534996,3.49480009,0.0250000004,50,1,0.119999997,0.550000012,0.0133333337
SL4_rand_25_r0,1,1813,18.1733341,18,1.09578466,5.21409988,0.0120000001,0.00200000009,0.0150391068,0.0137300929,0,1.09307003,6,2.5,9.64608479,0,0,0,0,0,3.28917122,-0.0826817304,76.549881,0.990521312,2.28039837,5.21409988,762.899719,54.6534996,3.49480009,0.0250000004,50,1,0.119999997,0.550000012,0.0133333337
SL4_rand_25_r0,1,1814,18.1866665,18,1.09429157,5.21409988,0.0120000001,0.00200000009,0.0156747773,0.0128500015,0,1.09307003,6,2.5,9.64608479,0,0,0,0,0,3.28917122,-0.0826817304,76.549881,0.990521312,2.28039837,5.21409988,762.899719,54.6534996,3.49480009,0.0250000004,50,1,0.119999997,0.550000012,0.0133333337
SL4_rand_25_r0,1,1815,18.2000008,18,1.0936197,5.21409988,0.0120000001,0.00200000009,0.0157562923,0.0154960984,0,1.09307003,6,2.5,9.64608479,0,0,0,0,0,3.28917122,-0.0826817304,76.549881,0.990521312,2.28039837,5.21409988,762.899719,54.6534996,3.49480009,0.0250000004,50,1,0.119999997,0.550000012,0.0133333337
SL4_rand_25_r0,1,1816,18.2133331,18,1.09331739,5.21409988,0.0120000001,0.00200000009,0.0156353302,0.0140140839,0,1.09307003,6,2.5,9.64608479,0,0,0,0,0,3.28917122,-0.0826817304,76.549881,0.990521312,2.28039837,5.21409988,762.899719,54.6534996,3.49480009,0.0250000004,50,1,0.119999997,0.550000012,0.0133333337
SL4_rand_25_r0,1,1817,18.2266674,18,1.09318137,5.21409988,0.0120000001,0.00200000009,0.0151178706,0.0124885654,0,1.09307003,6,2.5,9.64608479,0,0,0,0,0,3.28917122,-0.0826817304,76.549881,0.990521312,2.28039837,5.21409988,762.899719,54.6534996,3.49480009,0.0250000004,50,1,0.119999997,0.550000012,0.0133333337
SL4_rand_25_r0,1,1818,18.2399998,18,1.0931201,5.21409988,0.0120000001,0.00200000009,0.0151315387,0.0139461728,0,1.09307003,6,2.5,9.64608479,0,0,0,0,0,3.28917122,-0.0826817304,76.549881,0.990521312,2.28039837,5.21409988,762.899719,54.6534996,3.49480009,0.0250000004,50,1,0.119999997,0.550000012,0.0133333337
SL4_rand_25_r0,1,1819,18.253334,18,1.09309256,5.21409988,0.0120000001,0.00200000009,0.0158547144,0.0135690644,0,1.09307003,6,2.5,9.64608479,0,0,0,0,0,3.28917122,-0.0826817304,76.549881,0.990521312,2.28039837,5.21409988,762.899719,54.6534996,3.49480009,0.0250000004,50,1,0.119999997,0.550000012,0.0133333337
SL4_rand_25_r0,1,1820,18.2666664,18,1.09308016,5.21409988,0.0120000001,0.00200000009,0.0154971434,0.0139748491,0,1.09307003,6,2.5,9.64608479,0,0,0,0,0,3.28917122,-0.0826817304,76.549881,0.990521312,2.28039837,5.21409988,762.899719,54.6534996,3.49480009,0.0250000004,50,1,0.119999997,0.550000012,0.0133333337
SL4_rand_25_r0,1,1821,18.2800007,18,1.09307456,5.21409988,0.0120000001,0.00200000009,0.0147049138,0.0136734722,0,1.09307003,6,2.5,9.64608479,0,0,0,0,0,3.28917122,-0.0826817304,76.549881,0.990521312,2.28039837,5.21409988,762.899719,54.6534996,3.49480009,0.0250000004,50,1,0.119999997,0.550000012,0.0133333337
SL4_rand_25_r0,1,1822,18.2933331,18,1.09307206,5.21409988,0.0120000001,0.00200000009,0.0138437375,0.0127532287,0,1.09307003,6,2.5,9.64608479,0,0,0,0,0,3.28917122,-0.0826817304,76.549881,0.990521312,2.28039837,5.21409988,762.899719,54.6534996,3.49480009,0.0250000004,50,1,0.119999997,0.550000012,0.0133333337
SL4_rand_25_r0,1,1823,18.3066673,18,1.09307098,5.21409988,0.0120000001,0.00200000009,0.0131980022,0.0112016173,0,1.09307003,6,2.5,9.64608479,0,0,0,0,0,3.28917122,-0.0826817304,76.549881,0.990521312,2.28039837,5.21409988,762.899719,54.6534996,3.49480009,0.0250000004,50,1,0.119999997,0.550000012,0.0133333337
SL4_rand_25_r0,1,1824,18.3199997,18,1.65071762,5.21409988,0.0120000001,0.00200000009,0.0111572072,0.00867098663,0.00132901338,2.10697389,6,2.5,9.64608479,0,0,0,0,0,3.28917122,-0.0826817304,76.549881,0.990521312,2.28039837,5.21409988,762.899719,54.6534996,3.49480009,0.0250000004,50,1,0.119999997,0.550000012,0.0133333337
SL4_rand_25_r0,1,1825,18.333334,18,1.87077057,5.21409988,0.0120000001,0.00200000009,0.0104375789,0.00874460023,0.00125539943,2.05081391,6,2.5,9.64608479,0,0,0,0,0,3.28917122,-0.0826817304,76.549881,0.990521312,2.28039837,5.21409988,762.899719,54.6534996,3.49480009,0.0250000004,50,1,0.119999997,0.550000012,0.0133333337
SL4_rand_25_r0,1,1826,18.3466663,18,1.677526,5.21409988,0.0120000001,0.00200000009,0.0111031886,0.00944114942,0.000558850588,1.51941693,6,2.5,9.64608479,0,0,0,0,0,3.28917122,-0.0826817304,76.549881,0.990521312,2.28039837,5.21409988,762.899719,54.6534996,3.49480009,0.0250000004,50,1,0.119999997,0.550000012,0.0133333337
SL4_rand_25_r0,1,1827,18.3600006,18,1.50270176,5.21409988,0.0120000001,0.00200000009,0.010639214,0.00965055171,0.000349447888,1.35966372,6,2.5,9.64608479,0,0,0,0,0,3.28917122,-0.0826817304,76.549881,0.990521312,2.28039837,5.21409988,762.899719,54.6534996,3.49480009,0.0250000004,50,1,0.119999997,0.550000012,0.0133333337
SL4_rand_25_r0,1,1828,18.373333,18,1.50300634,5.21409988,0.0120000001,0.00200000009,0.00951143447,0.00946233328,0.000537666259,1.50325549,6,2.5,9.64608479,0,0,0,0,0,3.28917122,-0.0826817304,76.549881,0.990521312,2.28039837,5.21409988,762.899719,54.6534996,3.49480009,0.0250000004,50,1,0.119999997,0.550000012,0.0133333337
SL4_rand_25_r0,1,1829,18.3866673,18,1.60631955,5.21409988,0.0120000001,0.00200000009,0.0104926229,0.00921643898,0.00078356103,1.69084847,6,2.5,9.64608479,0,0,0,0,0,3.28917122,-0.0826817304,76.549881,0.990521312,2.28039837,5.21409988,762.899719,54.6534996,3.49480009,0.0250000004,50,1,0.119999997,0.550000012,0.0133333337
SL4_rand_25_r0,1,1830,18.3999996,18,1.83275211,5.21409988,0.0120000001,0.00200000009,0.0100716399,0.00878759287,0.00121240725,2.01801515,6,2.5,9.64608479,0,0,0,0,0,3.28917122,-0.0826817304,76.549881,0.990521312,2.28039837,5.21409988,762.899719,54.6534996,3.49480009,0.0250000004,50,1,0.119999997,0.550000012,0.0133333337
SL4_rand_25_r0,1,1831,18.4133339,18,1.82917666,5.21409988,0.0120000001,0.00200000009,0.0104344068,0.00903895404,0.000961045502,1.82625139,6,2.5,9.64608479,0,0,0,0,0,3.28917122,-0.0826817304,76.549881,0.990521312,2.28039837,5.21409988,762.899719,54.6534996,3.49480009,0.0250000004,50,1,0.119999997,0.550000012,0.0133333337
SL4_rand_25_r0,1,1832,18.4266663,18,1.42431796,5.21409988,0.0120000001,0.00200000009,0.0104548298,0.0103208432,0,1.09307003,6,2.5,9.64608479,0,0,0,0,0,3.28917122,-0.0826817304,76.549881,0.990521312,2.28039837,5.21409988,762.899719,54.6534996,3.49480009,0.0250000004,50,1,0.119999997,0.550000012,0.0133333337
SL4_rand_25_r0,1,1833,18.4400005,18,1.37876987,5.21409988,0.0120000001,0.00200000009,0.0118838595,0.00967435632,0.000325643428,1.34150326,6,2.5,9.64608479,0,0,0,0,0,3.28917122,-0.0826817304,76.549881,0.990521312,2.28039837,5.21409988,762.899719,54.6534996,3.49480009,0.0250000004,50,1,0.119999997,0.550000012,0.0133333337
SL4_rand_25_r0,1,1834,18.4533329,18,1.22163498,5.21409988,0.0120000001,0.00200000009,0.0116298636,0.0114378557,0,1.09307003,6,2.5,9.64608479,0,0,0,0,0,3.28917122,-0.0826817304,76.549881,0.990521312,2.28039837,5.21409988,762.899719,54.6534996,3.49480009,0.0250000004,50,1,0.119999997,0.550000012,0.0133333337
SL4_rand_25_r0,1,1835,18.4666672,18,1.15092421,5.21409988,0.0120000001,0.00200000009,0.0122942077,0.0115063125,0,1.09307003,6,2.5,9.64608479,0,0,0,0,0,3.28917122,-0.0826817304,76.549881,0.990521312,2.28039837,5.21409988,762.899719,54.6534996,3.49480009,0.0250000004,50,1,0.119999997,0.550000012,0.0133333337
SL4_rand_25_r0,1,1836,18.4799995,18,1.11910439,5.21409988,0.0120000001,0.00200000009,0.0130500942,0.0110313166,0,1.09307003,6,2.5,9.64608479,0,0,0,0,0,3.28917122,-0.0826817304,76.549881,0.990521312,2.28039837,5.21409988,762.899719,54.6534996,3.49480009,0.0250000004,50,1,0.119999997,0.550000012,0.0133333337
SL4_rand_25_r0,1,1837,18.4933338,18,1.10478544,5.21409988,0.0120000001,0.00200000009,0.0132504757,0.0117823314,0,1.09307003,6,2.5,9.64608479,0,0,0,0,0,3.28917122,-0.0826817304,76.549881,0.990521312,2.28039837,5.21409988,762.899719,54.6534996,3.49480009,0.0250000004,50,1,0.119999997,0.550000012,0.0133333337
SL4_rand_25_r0,1,1838,18.5066662,18,1.09834194,5.21409988,0.0120000001,0.00200000009,0.0133682732,0.0129229389,0,1.09307003,6,2.5,9.64608479,0,0,0,0,0,3.28917122,-0.0826817304,76.549881,0.990521312,2.28039837,5.21409988,762.899719,54.6534996,3.49480009,0.0250000004,50,1,0.119999997,0.550000012,0.0133333337
SL4_rand_25_r0,1,1839,18.5200005,18,1.09544241,5.21409988,0.0120000001,0.00200000009,0.0147943338,0.0127360653,0,1.09307003,6,2.5,9.64608479,0,0,0,0,0,3.28917122,-0.0826817304,76.549881,0.990521312,2.28039837,5.21409988,762.899719,54.6534996,3.49480009,0.0250000004,50,1,0.119999997,0.550000012,0.0133333337
SL4_rand_25_r0,1,1840,18.5333328,18,1.09413755,5.21409988,0.0120000001,0.00200000009,0.0143355392,0.0142798247,0,1.09307003,6,2.5,9.64608479,0,0,0,0,0,3.28917122,-0.0826817304,76.549881,0.990521312,2.28039837,5.21409988,762.899719,54.6534996,3.49480009,0.0250000004,50,1,0.119999997,0.550000012,0.0133333337
SL4_rand_25_r0,1,1841,18.5466671,18,1.09355044,5.21409988,0.0120000001,0.00200000009,0.0150834089,0.014773705,0,1.09307003,6,2.5,9.64608479,0,0,0,0,0,3.28917122,-0.0826817304,76.549881,0.990521312,2.28039837,5.21409988,762.899719,54.6534996,3.49480009,0.0250000004,50,1,0.119999997,0.550000012,0.0133333337
SL4_rand_25_r0,1,1842,18.5599995,18,1.09328616,5.21409988,0.0120000001,0.00200000009,0.0162105802,0.0156556014,0,1.09307003,6,2.5,9.64608479,0,0,0,0,0,3.28917122,-0.0826817304,76.549881,0.990521312,2.28039837,5.21409988,762.899719,54.6534996,3.49480009,0.0250000004,50,1,0.119999997,0.550000012,0.0133333337
SL4_rand_25_r0,1,1843,18.5733337,18,1.0931673,5.21409988,0.0120000001,0.00200000009,0.0167106874,0.0165743884,0,1.09307003,6,2.5,9.64608479,0,0,0,0,0,3.28917122,-0.0826817304,76.549881,0.990521312,2.28039837,5.21409988,762.899719,54.6534996,3.49480009,0.0250000004,50,1,0.119999997,0.550000012,0.0133333337
SL4_rand_25_r0,1,1844,18.5866661,18,1.09311378,5.21409988,0.0120000001,0.00200000009,0.0182035416,0.0170292091,0,1.09307003,6,2.5,9.64608479,0,0,0,0,0,3.28917122,-0.0826817304,76.549881,0.990521312,2.28039837,5.21409988,762.899719,54.6534996,3.49480009,0.0250000004,50,1,0.119999997,0.550000012,0.0133333337
SL4_rand_25_r0,1,1845,18.6000004,18,1.0930897,5.21409988,0.0120000001,0.00200000009,0.0195283331,0.0187847242,0,1.09307003,6,2.5,9.64608479,0,0,0,0,0,3.28917122,-0.0826817304,76.549881,0.990521312,2.28039837,5.21409988,762.899719,54.6534996,3.49480009,0.0250000004,50,1,0.119999997,0.550000012,0.0133333337
SL4_rand_25_r0,1,1846,18.6133327,18,1.09307885,5.21409988,0.0120000001,0.00200000009,0.0194826815,0.0191757139,0,1.09307003,6,2.5,9.64608479,0,0,0,0,0,3.28917122,-0.0826817304,76.549881,0.990521312,2.28039837,5.21409988,762.899719,54.6534996,3.49480009,0.0250000004,50,1,0.119999997,0.550000012,0.0133333337
SL4_rand_25_r0,1,1847,18.626667,18,1.09307396,5.21409988,0.0120000001,0.00200000009,0.0211800188,0.0197979994,0,1.09307003,6,2.5,9.64608479,0,0,0,0,0,3.28917122,-0.0826817304,76.549881,0.990521312,2.28039837,5.21409988,762.899719,54.6534996,3.49480009,0.0250000004,50,1,0.119999997,0.550000012,0.0133333337
SL4_rand_25_r0,1,1848,18.6399994,18,1.09307182,5.21409988,0.0120000001,0.00200000009,0.0216112621,0.0213299226,0,1.09307003,6,2.5,9.64608479,0,0,0,0,0,3.28917122,-0.0826817304,76.549881,0.990521312,2.28039837,5.21409988,762.899719,54.6534996,3.49480009,0.0250000004,50,1,0.119999997,0.550000012,0.0133333337
SL4_rand_25_r0,1,1849,18.6533337,18,1.09307086,5.21409988,0.0120000001,0.00200000009,0.0213326085,0.0203480236,0,1.09307003,6,2.5,9.64608479,0,0,0,0,0,3.28917122,-0.0826817304,76.549881,0.990521312,2.28039837,5.21409988,762.899719,54.6534996,3.49480009,0.0250000004,50,1,0.119999997,0.550000012,0.0133333337
SL4_rand_25_r0,1,1850,18.666666,18,1.09307039,5.21409988,0.0120000001,0.00200000009,0.0186135098,0.0185777079,0,1.09307003,6,2.5,9.64608479,0,0,0,0,0,3.28917122,-0.0826817304,76.549881,0.990521312,2.28039837,5.21409988,762.899719,54.6534996,3.49480009,0.0250000004,50,1,0.119999997,0.550000012,0.0133333337
SL4_rand_25_r0,1,1851,18.6800003,18,1.09307015,5.21409988,0.0120000001,0.00200000009,0.017776126,0.0176693927,0,1.09307003,6,2.5,9.64608479,0,0,0,0,0,3.28917122,-0.0826817304,76.549881,0.990521312,2.28039837,5.21409988,762.899719,54.6534996,3.49480009,0.0250000004,50,1,0.119999997,0.550000012,0.0133333337
SL4_rand_25_r0,1,1852,18.6933327,18,1.09307003,5.21409988,0.0120000001,0.00200000009,0.016091343,0.0143816415,0,1.09307003,6,2.5,9.64608479,0,0,0,0,0,3.28917122,-0.0826817304,76.549881,0.990521312,2.28039837,5.21409988,762.899719,54.6534996,3.49480009,0.0250000004,50,1,0.119999997,0.550000012,0.0133333337
SL4_rand_25_r0,1,1853,18.7066669,18,1.09307003,5.21409988,0.0120000001,0.00200000009,0.0136077441,0.0126504162,0,1.09307003,6,2.5,9.64608479,0,0,0,0,0,3.28917122,-0.0826817304,76.549881,0.990521312,2.28039837,5.21409988,762.899719,54.6534996,3.49480009,0.0250000004,50,1,0.119999997,0.550000012,0.0133333337
SL4_rand_25_r0,1,1854,18.7199993,18,1.09307003,5.21409988,0.0120000001,0.00200000009,0.0114918854,0.010946217,0,1.09307003,6,2.5,9.64608479,0,0,0,0,0,3.28917122,-0.0826817304,76.549881,0.990521312,2.28039837,5.21409988,762.899719,54.6534996,3.49480009,0.0250000004,50,1,0.119999997,0.550000012,0.0133333337
SL4_rand_25_r0,1,1855,18.7333336,18,1.46686971,5.21409988,0.0120000001,0.00200000009,0.00936258119,0.00910914131,0.000890858704,1.77270579,6,2.5,9.64608479,0,0,0,0,0,3.28917122,-0.0826817304,76.549881,0.990521312,2.28039837,5.21409988,762.899719,54.6534996,3.49480009,0.0250000004,50,1,0.119999997,0.550000012,0.0133333337
SL4_rand_25_r0,1,1856,18.746666,18,2.57682109,5.21409988,0.0120000001,0.00200000009,0.00874828827,0.00686473446,0.00313526578,3.48496318,6,2.5,9.64608479,0,1,0,0,0,3.28917122,-0.0826817304,76.549881,0.990521312,2.28039837,5.21409988,762.899719,54.6534996,3.49480009,0.0250000004,50,1,0.119999997,0.550000012,0.0133333337
SL4_rand_25_r0,1,1857,18.7600002,18,3.76277113,5.21409988,0.0120000001,0.00200000009,0.00570453703,0.00522869918,0.00477130106,4.73309422,6,2.5,9.64608479,1,1,0,1,0,3.28917122,-0.0826817304,76.549881,0.990521312,2.28039837,5.21409988,762.899719,54.6534996,3.49480009,0.0250000004,50,1,0.119999997,0.550000012,0.0133333337
SL4_rand_25_r0,1,1858,19.0395832,19,4.58639097,5.21409988,0.0120000001,0.00200000009,0.00475254236,0.00453769369,0.00546230655,5.26026201,6,2.5,9.64608479,1,1,0,2,0,0.408346504,-9.87488556,77.6896896,1.01895738,21.6631031,5.21409988,762.899719,54.6534996,3.49480009,0.0250000004,50,1,0.119999997,0.550000012,0.0133333337
SL4_rand_25_r0,1,1859,19.3191681,19,4.63734722,5.21409988,0.0120000001,0.00200000009,0.00504244305,0.00485504372,0.00514495652,4.67903852,6,2.5,9.64608479,1,1,0,3,0,0.408346504,-9.87488556,77.6896896,1.01895738,21.6631031,5.21409988,762.899719,54.6534996,3.49480009,0.0250000004,50,1,0.119999997,0.550000012,0.0133333337
SL4_rand_25_r0,1,1860,19.5987511,19,3.51729751,5.21409988,0.0120000001,0.00200000009,0.0075687007,0.007444127,0.00255587325,2.60089302,6,2.5,9.64608479,1,1,0,4,0,0.408346504,-9.87488556,77.6896896,1.01895738,21.6631031,5.21409988,762.899719,54.6534996,3.49480009,0.0250000004,50,1,0.119999997,0.550000012,0.0133333337
SL4_rand_25_r0,1,1861,21.0133343,21,3.14207458,5.21409988,0.0120000001,0.00200000009,0.00935576018,0.00771660125,0.00228339853,2.83507419,6,2.5,9.64608479,0,1,0,0,0,0.589165866,-1.14678967,52.6912193,1.03791463,0.818097532,5.21409988,762.899719,54.6534996,3.49480009,0.0250000004,50,1,0.119999997,0.550000012,0.0133333337
SL4_rand_25_r0,1,1862,21.0266666,21,2.17173219,5.21409988,0.0120000001,0.00200000009,0.0100099072,0.00962675922,0.000373241201,1.3778156,6,2.5,9.64608479,0,0,0,0,0,0.589165866,-1.14678967,52.6912193,1.03791463,0.818097532,5.21409988,762.899719,54.6534996,3.49480009,0.0250000004,50,1,0.119999997,0.550000012,0.0133333337
SL4_rand_25_r0,1,1863,21.0400009,21,1.57846797,5.21409988,0.0120000001,0.00200000009,0.010728077,0.0102462275,0,1.09307003,6,2.5,9.64608479,0,0,0,0,0,0.589165866,-1.14678967,52.6912193,1.03791463,0.818097532,5.21409988,762.899719,54.6534996,3.49480009,0.0250000004,50,1,0.119999997,0.550000012,0.0133333337
SL4_rand_25_r0,1,1864,21.0533333,21,1.31149912,5.21409988,0.0120000001,0.00200000009,0.01176106,0.011719944,0,1.09307003,6,2.5,9.64608479,0,0,0,0,0,0.589165866,-1.14678967,52.6912193,1.03791463,0.818097532,5.21409988,762.899719,54.6534996,3.49480009,0.0250000004,50,1,0.119999997,0.550000012,0.0133333337
SL4_rand_25_r0,1,1865,21.0666676,21,1.1913631,5.21409988,0.0120000001,0.00200000009,0.0133788418,0.0131549332,0,1.09307003,6,2.5,9.64608479,0,0,0,0,0,0.589165866,-1.14678967,52.6912193,1.03791463,0.818097532,5.21409988,762.899719,54.6534996,3.49480009,0.0250000004,50,1,0.119999997,0.550000012,0.0133333337
SL4_rand_25_r0,1,1866,21.0799999,21,1.13730192,5.21409988,0.0120000001,0.00200000009,0.0155808199,0.0151887415,0,1.09307003,6,2.5,9.64608479,0,0,0,0,0,0.589165866,-1.14678967,52.6912193,1.03791463,0.818097532,5.21409988,762.899719,54.6534996,3.49480009,0.0250000004,50,1,0.119999997,0.550000012,0.0133333337
SL4_rand_25_r0,1,1867,21.0933342,21,1.11297441,5.21409988,0.0120000001,0.00200000009,0.0132144419,0.0125394193,0,1.09307003,6,2.5,9.64608479,0,0,0,0,0,0.589165866,-1.14678967,52.6912193,1.03791463,0.818097532,5.21409988,762.899719,54.6534996,3.49480009,0.0250000004,50,1,0.119999997,0.550000012,0.0133333337
SL4_rand_25_r0,1,1868,21.1066666,21,1.10202694,5.21409988,0.0120000001,0.00200000009,0.0104859304,0.0104742795,0,1.09307003,6,2.5,9.64608479,0,0,0,0,0,0.589165866,-1.14678967,52.6912193,1.03791463,0.818097532,5.21409988,762.899719,54.6534996,3.49480009,0.0250000004,50,1,0.119999997,0.550000012,0.0133333337
SL4_rand_25_r0,1,1869,21.1200008,21,2.00883937,5.21409988,0.0120000001,0.00200000009,0.00843341183,0.00782709755,0.00217290246,2.75077653,6,2.5,9.64608479,0,0,0,0,0,0.589165866,-1.14678967,52.6912193,1.03791463,0.818097532,5.21409988,762.899719,54.6534996,3.49480009,0.0250000004,50,1,0.119999997,0.550000012,0.0133333337
SL4_rand_25_r0,1,1870,21.1333332,21,3.23878026,5.21409988,0.0120000001,0.00200000009,0.00670968555,0.0058683618,0.00413163844,4.24509573,6,2.5,9.64608479,1,1,0,1,0,0.589165866,-1.14678967,52.6912193,1.03791463,0.818097532,5.21409988,762.899719,54.6534996,3.49480009,0.0250000004,50,1,0.119999997,0.550000012,0.0133333337
SL4_rand_25_r0,1,1871,21.4129181,21,4.57697201,5.21409988,0.0120000001,0.00200000009,0.00414828444,0.00399818085,0.00600181939,5.67185593,6,2.5,9.64608479,1,1,0,2,0,0.589165866,-1.14678967,52.6912193,1.03791463,0.818097532,5.21409988,762.899719,54.6534996,3.49480009,0.0250000004,50,1,0.119999997,0.550000012,0.0133333337
SL4_rand_25_r0,1,1872,21.6925011,21,5.35963726,5.21409988,0.0120016709,0.00200167112,0.00206458685,0.00144855655,0.00855144393,6,6,2.5,9.64608479,1,1,0,3,0,0.589165866,-1.14678967,52.6912193,1.03791463,0.818097532,5.21409988,762.899719,54.6534996,3.49480009,0.0250000004,50,1,0.119999997,0.550000012,0.0133333337
SL4_rand_25_r0,1,1873,23.2795849,23,5.71183681,5.21409988,0.0121402098,0.00214020978,0.00150328199,0.00101629354,0.00898370612,6,6,2.5,9.64608479,1,1,0,4,0,0.397566497,-3.99277997,51.339859,0.516587675,0.634630263,5.21409988,762.899719,54.6534996,3.49480009,0.0250000004,50,1,0.119999997,0.550000012,0.0133333337
SL4_rand_25_r0,1,1874,23.5591679,23,5.87032652,5.21409988,0.012345585,0.0023455848,0.00302088424,-0.00139647489,0.0113964751,6,6,2.5,9.64608479,1,1,0,5,0,0.397566497,-3.99277997,51.339859,0.516587675,0.634630263,5.21409988,762.899719,54.6534996,3.49480009,0.0250000004,50,1,0.119999997,0.550000012,0.0133333337
SL4_rand_25_r0,1,1875,23.8387527,23,5.94164705,5.21409988,0.01258191,0.00258191046,0.00465465151,-0.00349137746,0.0134913772,6,6,2.5,9.64608479,1,1,0,6,0,0.397566497,-3.99277997,51.339859,0.516587675,0.634630263,5.21409988,762.899719,54.6534996,3.49480009,0.0250000004,50,1,0.119999997,0.550000012,0.0133333337
SL4_rand_25_r0,1,1876,24.1183357,24,5.97374105,5.21409988,0.0128323091,0.00283230934,0.00557357306,-0.00356295658,0.0135629568,6,6,2.5,9.64608479,1,1,0,7,0,0.0231425185,-2.66748524,51.8082962,0.516587675,2.24069214,5.21409988,762.899719,54.6534996,3.49480009,0.0250000004,50,1,0.119999997,0.550000012,0.0133333337
SL4_rand_25_r0,1,1877,26.2795849,26,5.9881835,5.21409988,0.0130890654,0.00308906566,0.00702429982,-0.00364235812,0.0136423577,6,6,2.5,9.64608479,1,1,0,8,0,0.656450629,-0.114186659,53.0098686,1.02369666,7.41881227,5.21409988,762.899719,54.6534996,3.49480009,0.0250000004,50,1,0.119999997,0.550000012,0.0133333337
SL4_rand_25_r0,1,1878,26.2929173,26,5.99468279,5.21409988,0.0133486865,0.00334868697,0.00901325885,-0.00492857443,0.0149285747,6,6,2.5,9.64608479,0,1,0,0,0,0.656450629,-0.114186659,53.0098686,1.02369666,7.41881227,5.21409988,762.899719,54.6534996,3.49480009,0.0250000004,50,1,0.119999997,0.550000012,0.0133333337
SL4_rand_25_r0,1,1879,26.3062515,26,5.99760723,5.21409988,0.0136095984,0.00360959815,0.00886904914,-0.00839398056,0.0183939803,6,6,2.5,9.64608479,0,1,0,0,0,0.656450629,-0.114186659,53.0098686,1.02369666,7.41881227,5.21409988,762.899719,54.6534996,3.49480009,0.0250000004,50,1,0.119999997,0.550000012,0.0133333337
SL4_rand_25_r0,1,1880,26.3195839,26,5.9989233,5.21409988,0.0138710896,0.00387108978,0.00964468066,-0.00954830926,0.01954831,6,6,2.5,9.64608479,0,1,0,0,0,0.656450629,-0.114186659,53.0098686,1.02369666,7.41881227,5.21409988,762.899719,54.6534996,3.49480009,0.0250000004,50,1,0.119999997,0.550000012,0.0133333337
SL4_rand_25_r0,1,1881,26.3329182,26,5.99951553,5.21409988,0.0141328424,0.00413284265,0.0104216943,-0.0100660743,0.0200660732,6,6,2.5,9.64608479,0,1,0,0,0,0.656450629,-0.114186659,53.0098686,1.02369666,7.41881227,5.21409988,762.899719,54.6534996,3.49480009,0.0250000004,50,1,0.119999997,0.550000012,0.0133333337
SL4_rand_25_r0,1,1882,26.3462505,26,5.99978209,5.21409988,0.0143947126,0.00439471286,0.0123219648,-0.0109045124,0.0209045112,6,6,2.5,9.64608479,0,1,0,0,0,0.656450629,-0.114186659,53.0098686,1.02369666,7.41881227,5.21409988,762.899719,54.6534996,3.49480009,0.0250000004,50,1,0.119999997,0.550000012,0.0133333337
SL4_rand_25_r0,1,1883,26.3595848,26,5.99990177,5.21409988,0.0146566369,0.00465663662,0.0139035601,-0.0114104459,0.0214104448,6,6,2.5,9.64608479,0,1,0,0,0,0.656450629,-0.114186659,53.0098686,1.02369666,7.41881227,5.21409988,762.899719,54.6534996,3.49480009,0.0250000004,50,1,0.119999997,0.550000012,0.0133333337
SL4_rand_25_r0,1,1884,26.3729172,26,5.99995565,5.21409988,0.0149185834,0.00491858367,0.0155187631,-0.013553353,0.0235533528,6,6,2.5,9.64608479,0,1,0,0,0,0.656450629,-0.114186659,53.0098686,1.02369666,7.41881227,5.21409988,762.899719,54.6534996,3.49480009,0.0250000004,50,1,0.119999997,0.550000012,0.0133333337
SL4_rand_25_r0,1,1885,26.3862514,26,5.99997997,5.21409988,0.0151805412,0.00518054143,0.0162402503,-0.0157511085,0.0257511083,6,6,2.5,9.64608479,0,1,0,0,0,0.656450629,-0.114186659,53.0098686,1.02369666,7.41881227,5.21409988,762.899719,54.6534996,3.49480009,0.0250000004,50,1,0.119999997,0.550000012,0.0133333337
SL4_rand_25_r0,1,1886,26.3995838,26,5.99999094,5.21409988,0.0154425045,0.00544250431,0.0166032091,-0.0159583259,0.0259583276,6,6,2.5,9.64608479,0,1,0,0,0,0.656450629,-0.114186659,53.0098686,1.02369666,7.41881227,5.21409988,762.899719,54.6534996,3.49480009,0.0250000004,50,1,0.119999997,0.550000012,0.0133333337
SL4_rand_25_r0,1,1887,26.4129181,26,5.99999619,5.21409988,0.0157044698,0.00570446905,0.0177341681,-0.015923189,0.0259231888,6,6,2.5,9.64608479,0,1,0,0,0,0.656450629,-0.114186659,53.0098686,1.02369666,7.41881227,5.21409988,762.899719,54.6534996,3.49480009,0.0250000004,50,1,0.119999997,0.550000012,0.0133333337
SL4_rand_25_r0,1,1888,26.4262505,26,5.99999809,5.21409988,0.0199227743,0.00992277451,0.0180348493,-0.0180334058,0.0280334055,6,6,2.5,9.64608479,0,1,0,0,7,0.656450629,-0.114186659,53.0098686,1.02369666,7.41881227,5.21409988,762.899719,54.6534996,3.49480009,0.0250000004,50,1,0.119999997,0.550000012,0.0133333337
SL4_rand_25_r0,1,1889,26.4395847,26,5.99999905,5.21409988,0.0201774631,0.0101774633,0.0178912841,-0.0173583198,0.0273583215,6,6,2.5,9.64608479,0,1,0,0,6,0.656450629,-0.114186659,53.0098686,1.02369666,7.41881227,5.21409988,762.899719,54.6534996,3.49480009,0.0250000004,50,1,0.119999997,0.550000012,0.0133333337
SL4_rand_25_r0,1,1890,26.4529171,26,5.99999952,5.21409988,0.0204382166,0.0104382178,0.0173754338,-0.0152667975,0.0252667982,6,6,2.5,9.64608479,0,1,0,0,5,0.656450629,-0.114186659,53.0098686,1.02369666,7.41881227,5.21409988,762.899719,54.6534996,3.49480009,0.0250000004,50,1,0.119999997,0.550000012,0.0133333337
SL4_rand_25_r0,1,1891,26.4662514,26,6,5.21409988,0.0206999816,0.0106999818,0.0165932216,-0.0147133488,0.0247133486,6,6,2.5,9.64608479,0,1,0,0,4,0.656450629,-0.114186659,53.0098686,1.02369666,7.41881227,5.21409988,762.899719,54.6534996,3.49480009,0.0250000004,50,1,0.119999997,0.550000012,0.0133333337
SL4_rand_25_r0,1,1892,26.4795837,26,6,5.21409988,0.0209619142,0.0109619144,0.0149886105,-0.0134215839,0.0234215837,6,6,2.5,9.64608479,0,1,0,0,3,0.656450629,-0.114186659,53.0098686,1.02369666,7.41881227,5.21409988,762.899719,54.6534996,3.49480009,0.0250000004,50,1,0.119999997,0.550000012,0.0133333337
SL4_rand_25_r0,1,1893,26.492918,26,6,5.21409988,0.0212238766,0.0112238759,0.0137147317,-0.0124887694,0.0224887691,6,6,2.5,9.64608479,0,1,0,0,2,0.656450629,-0.114186659,53.0098686,1.02369666,7.41881227,5.21409988,762.899719,54.6534996,3.49480009,0.0250000004,50,1,0.119999997,0.550000012,0.0133333337
SL4_rand_25_r0,1,1894,26.5062504,26,6,5.21409988,0.0214858409,0.0114858411,0.0125523815,-0.0111985514,0.0211985521,6,6,2.5,9.64608479,0,1,0,0,1,0.656450629,-0.114186659,53.0098686,1.02369666,7.41881227,5.21409988,762.899719,54.6534996,3.49480009,0.0250000004,50,1,0.119999997,0.550000012,0.0133333337
SL4_rand_25_r0,1,1895,26.5195847,26,6,5.21409988,0.0217478089,0.0117478082,0.0111340871,-0.0101238508,0.0201238506,6,6,2.5,9.64608479,0,1,0,0,0,0.656450629,-0.114186659,53.0098686,1.02369666,7.41881227,5.21409988,762.899719,54.6534996,3.49480009,0.0250000004,50,1,0.119999997,0.550000012,0.0133333337
SL4_rand_25_r0,1,1896,26.532917,26,6,5.21409988,0.022009775,0.0120097743,0.0106545938,-0.00892733317,0.0189273339,6,6,2.5,9.64608479,0,1,0,0,0,0.656450629,-0.114186659,53.0098686,1.02369666,7.41881227,5.21409988,762.899719,54.6534996,3.49480009,0.0250000004,50,1,0.119999997,0.550000012,0.0133333337
SL4_rand_25_r0,1,1897,26.5462513,26,6,5.21409988,0.0222717412,0.0122717414,0.0091727674,-0.0077006286,0.0177006293,6,6,2.5,9.64608479,0,1,0,0,0,0.656450629,-0.114186659,53.0098686,1.02369666,7.41881227,5.21409988,762.899719,54.6534996,3.49480009,0.0250000004,50,1,0.119999997,0.550000012,0.0133333337
SL4_rand_25_r0,1,1898,26.5595837,26,6,5.21409988,0.0225337073,0.0125337085,0.00773580885,-0.00670180703,0.0167018063,6,6,2.5,9.64608479,1,1,0,1,0,0.656450629,-0.114186659,53.0098686,1.02369666,7.41881227,5.21409988,762.899719,54.6534996,3.49480009,0.0250000004,50,1,0.119999997,0.550000012,0.0133333337
SL4_rand_25_r0,1,1899,26.8391685,26,6,5.21409988,0.0227956753,0.0127956746,0.00594958151,-0.00540708657,0.0154070864,6,6,2.5,9.64608479,1,1,0,2,0,0.656450629,-0.114186659,53.0098686,1.02369666,7.41881227,5.21409988,762.899719,54.6534996,3.49480009,0.0250000004,50,1,0.119999997,0.550000012,0.0133333337
SL4_rand_25_r0,1,1900,27.1187515,27,6,5.21409988,0.0230576415,0.0130576417,0.00573079707,-0.00543117244,0.0154311722,6,6,2.5,9.64608479,1,1,0,3,0,-0.187517986,-15.1463575,60.4225731,0.976303339,17.5921135,5.21409988,762.899719,54.6534996,3.49480009,0.0250000004,50,1,0.119999997,0.550000012,0.0133333337
SL4_rand_25_r0,1,1901,29.2795849,29,6,5.21409988,0.0233196076,0.0133196078,0.0046080146,-0.00399047043,0.0139904702,6,6,2.5,9.64608479,1,1,0,4,0,21.2480717,-1.73134851,75.2215805,0.800947845,25.0887432,5.21409988,762.899719,54.6534996,3.49480009,0.0250000004,50,1,0.119999997,0.550000012,0.0133333337
SL4_rand_25_r0,1,1902,29.5591679,29,6,5.21409988,0.0235815756,0.0135815749,0.00322244177,-0.0031801255,0.0131801255,6,6,2.5,9.64608479,1,1,0,5,0,21.2480717,-1.73134851,75.2215805,0.800947845,25.0887432,5.21409988,762.899719,54.6534996,3.49480009,0.0250000004,50,1,0.119999997,0.550000012,0.0133333337
SL4_rand_25_r0,1,1903,29.8387527,29,6,5.21409988,0.0238435417,0.013843541,0.00317657623,-0.00213299575,0.0121329958,6,6,2.5,9.64608479,1,1,0,6,0,21.2480717,-1.73134851,75.2215805,0.800947845,25.0887432,5.21409988,762.899719,54.6534996,3.49480009,0.0250000004,50,1,0.119999997,0.550000012,0.0133333337
SL4_rand_25_r0,1,1904,30.1183357,30,6,5.21409988,0.0241055079,0.0141055081,0.0031748272,-0.00104806852,0.0110480683,6,6,2.5,9.64608479,1,1,0,7,0,0.301391184,-2.66464376,78.3671036,0.966824651,3.15997314,5.21409988,762.899719,54.6534996,3.49480009,0.0250000004,50,1,0.119999997,0.550000012,0.0133333337
SL4_rand_25_r0,1,1905,32.279583,32,6,5.21409988,0.024367474,0.0143674742,0.00319503504,-0.00185304286,0.011853043,6,6,2.5,9.64608479,1,1,0,8,0,0.0511103123,-2.40882587,85.5488434,1.02369666,1.25540614,5.21409988,762.899719,54.6534996,3.49480009,0.0250000004,50,1,0.119999997,0.550000012,0.0133333337
SL4_rand_25_r0,1,1906,32.5591698,32,6,5.21409988,0.024629442,0.0146294413,0.00314203533,-0.00171135005,0.0117113497,6,6,2.5,9.64608479,1,1,0,9,0,0.0511103123,-2.40882587,85.5488434,1.02369666,1.25540614,5.21409988,762.899719,54.6534996,3.49480009,0.0250000004,50,1,0.119999997,0.550000012,0.0133333337
SL4_rand_25_r0,1,1907,32.8387527,32,6,5.21409988,0.0248914082,0.0148914084,0.00387372682,-0.000202500538,0.010202501,6,6,2.5,9.64608479,1,1,0,10,0,0.0511103123,-2.40882587,85.5488434,1.02369666,1.25540614,5.21409988,762.899719,54.6534996,3.49480009,0.0250000004,50,1,0.119999997,0.550000012,0.0133333337
SL4_rand_25_r0,1,1908,33.1183357,33,6,5.21409988,0.0251533743,0.0151533745,0.00358732813,-0.00033255454,0.0103325546,6,6,2.5,9.64608479,1,1,0,11,0,0.288505256,-2.09604979,86.7288284,1.01895738,1.78117943,5.21409988,762.899719,54.6534996,3.49480009,0.0250000004,50,1,0.119999997,0.550000012,0.0133333337
SL4_rand_25_r0,1,1909,34.279583,34,5.92698097,5.21409988,0.0253950581,0.0153950583,0.00255212164,0.00118326896,0.00881673116,5.86723757,6,2.5,9.64608479,1,1,0,12,0,-0.0346945822,-0.359842718,88.4112701,1.03317535,0.920640826,5.21409988,762.899719,54.6534996,3.49480009,0.0250000004,50,1,0.119999997,0.550000012,0.0133333337
SL4_rand_25_r0,1,1910,34.5591698,34,5.96714115,5.21409988,0.0256445166,0.0156445168,0.00339388009,-0.00192722538,0.0119272256,6,6,2.5,9.64608479,1,1,0,13,0,-0.0346945822,-0.359842718,88.4112701,1.03317535,0.920640826,5.21409988,762.899719,54.6534996,3.49480009,0.0250000004,50,1,0.119999997,0.550000012,0.0133333337
SL4_rand_25_r0,1,1911,34.8387527,34,5.98521376,5.21409988,0.0259002913,0.0159002915,0.0030223073,-0.00102190301,0.0110219028,6,6,2.5,9.64608479,1,1,0,14,0,-0.0346945822,-0.359842718,88.4112701,1.03317535,0.920640826,5.21409988,762.899719,54.6534996,3.49480009,0.0250000004,50,1,0.119999997,0.550000012,0.0133333337
SL4_rand_25_r0,1,1912,35.1183357,35,5.99334621,5.21409988,0.0261593778,0.016159378,0.00380388717,-0.000625674322,0.0106256744,6,6,2.5,9.64608479,1,1,0,15,0,0.0576013327,-2.00932145,89.2760086,1.01895738,177.001038,5.21409988,762.899719,54.6534996,3.49480009,0.0250000004,50,1,0.119999997,0.550000012,0.0133333337
SL4_rand_25_r0,1,1913,38.279583,38,5.99700594,5.21409988,0.0264200326,0.0164200328,0.00394790247,-0.00387235335,0.0138723534,6,6,2.5,9.64608479,1,1,0,16,0,0.944220841,-0.584841073,88.5840302,1.00473928,1.5997169,5.21409988,762.899719,54.6534996,3.49480009,0.0250000004,50,1,0.119999997,0.550000012,0.0133333337
SL4_rand_25_r0,1,1914,38.5591698,38,5.99865246,5.21409988,0.0266814064,0.0166814066,0.00283409655,-0.0015799437,0.0115799438,6,6,2.5,9.64608479,1,1,0,17,0,0.944220841,-0.584841073,88.5840302,1.00473928,1.5997169,5.21409988,762.899719,54.6534996,3.49480009,0.0250000004,50,1,0.119999997,0.550000012,0.0133333337
SL4_rand_25_r0,1,1915,38.8387527,38,5.99939346,5.21409988,0.0269431062,0.0169431064,0.00275260559,-0.000729681924,0.0107296817,6,6,2.5,9.64608479,1,1,0,18,0,0.944220841,-0.584841073,88.5840302,1.00473928,1.5997169,5.21409988,762.899719,54.6534996,3.49480009,0.0250000004,50,1,0.119999997,0.550000012,0.0133333337
SL4_rand_25_r0,1,1916,39.1183357,39,5.99972725,5.21409988,0.0272049531,0.0172049534,0.0023538603,0.000282646535,0.00971735362,6,6,2.5,9.64608479,1,1,0,19,0,0.852649093,-0.782327056,89.6790771,1,178.302277,5.21409988,762.899719,54.6534996,3.49480009,0.0250000004,50,1,0.119999997,0.550000012,0.0133333337
SL4_rand_25_r0,1,1917,41.279583,41,5.99987745,5.21409988,0.0274668653,0.0174668655,0.0017108079,-6.69783258e-05,0.0100669786,6,6,2.5,9.64608479,1,1,0,20,0,4.27848053,0.193312213,88.9524307,1.00473928,1.55355561,5.21409988,762.899719,54.6534996,3.49480009,0.0250000004,50,1,0.119999997,0.550000012,0.0133333337
SL4_rand_25_r0,1,1918,41.5591698,41,5.99994469,5.21409988,0.0277288072,0.0177288074,0.00125455856,0.000779479276,0.00922052097,6,6,2.5,9.64608479,1,1,0,21,0,4.27848053,0.193312213,88.9524307,1.00473928,1.55355561,5.21409988,762.899719,54.6534996,3.49480009,0.0250000004,50,1,0.119999997,0.550000012,0.0133333337
SL4_rand_25_r0,1,1919,41.8387527,41,5.9999752,5.21409988,0.0279907621,0.0179907624,0.00234207162,0.000383046659,0.00961695332,6,6,2.5,9.64608479,1,1,0,22,0,4.27848053,0.193312213,88.9524307,1.00473928,1.55355561,5.21409988,762.899719,54.6534996,3.49480009,0.0250000004,50,1,0.119999997,0.550000012,0.0133333337
SL4_rand_25_r0,1,1920,42.1183357,42,5.98031712,5.21409988,0.0282472596,0.0182472598,0.00145997666,0.00105617545,0.00894382503,5.9642334,6,2.5,9.64608479,1,1,0,23,0,2.26143765,-0.514255881,89.4056778,1,0.520331562,5.21409988,762.899719,54.6534996,3.49480009,0.0250000004,50,1,0.119999997,0.550000012,0.0133333337
SL4_rand_25_r0,1,1921,44.279583,44,5.99114275,5.21409988,0.0285058543,0.0185058545,0.00162738038,-6.58607169e-05,0.010065861,6,6,2.5,9.64608479,1,1,0,24,0,0.745068848,-1.86200809,89.6548462,1,1.39798582,5.21409988,762.899719,54.6534996,3.49480009,0.0250000004,50,1,0.119999997,0.550000012,0.0133333337
SL4_rand_25_r0,1,1922,44.5591698,44,5.99601412,5.21409988,0.0287661534,0.0187661517,0.0023479152,-0.00222301693,0.0122230174,6,6,2.5,9.64608479,1,1,0,25,0,0.745068848,-1.86200809,89.6548462,1,1.39798582,5.21409988,762.899719,54.6534996,3.49480009,0.0250000004,50,1,0.119999997,0.550000012,0.0133333337
SL4_rand_25_r0,1,1923,44.8387527,44,5.99820662,5.21409988,0.0290273428,0.019027343,0.00279336888,-0.00100353395,0.0110035343,6,6,2.5,9.64608479,1,1,0,26,0,0.745068848,-1.86200809,89.6548462,1,1.39798582,5.21409988,762.899719,54.6534996,3.49480009,0.0250000004,50,1,0.119999997,0.550000012,0.0133333337
SL4_rand_25_r0,1,1924,45.1183357,45,5.99919271,5.21409988,0.029288955,0.0192889553,0.00102019939,0.000274050399,0.00972594973,6,6,2.5,9.64608479,1,1,0,27,0,-0.171294585,-3.11942458,89.1675339,0.909952581,4.07180786,5.21409988,762.899719,54.6534996,3.49480009,0.0250000004,50,1,0.119999997,0.550000012,0.0133333337
SL4_rand_25_r0,2,2401,0.0133333337,0,0,5.21409988,0.0676666647,0.0576666668,0.0835334137,0.0834646896,0,0,6,2.5,9.64608479,0,0,0,0,0,0.688890159,-0.558751941,88.5976868,0.507108986,0.499932021,5.21409988,762.899719,54.6534996,3.49480009,0.0250000004,50,1,0.119999997,0.550000012,0.0133333337
SL4_rand_25_r0,2,2402,0.0266666673,0,0,5.21409988,0.0673333332,0.0573333316,0.0826061144,0.0825547576,0,0,6,2.5,9.64608479,0,0,0,0,0,0.688890159,-0.558751941,88.5976868,0.507108986,0.499932021,5.21409988,762.899719,54.6534996,3.49480009,0.0250000004,50,1,0.119999997,0.550000012,0.0133333337
SL4_rand_25_r0,2,2403,0.0399999991,0,0,5.21409988,0.0670000017,0.057,0.0817567185,0.0816903338,0,0,6,2.5,9.64608479,0,0,0,0,0,0.688890159,-0.558751941,88.5976868,0.507108986,0.499932021,5.21409988,762.899719,54.6534996,3.49480009,0.0250000004,50,1,0.119999997,0.550000012,0.0133333337
SL4_rand_25_r0,2,2404,0.0533333346,0,0,5.21409988,0.0666666701,0.0566666685,0.0807826817,0.0807731971,0,0,6,2.5,9.64608479,0,0,0,0,0,0.688890159,-0.558751941,88.5976868,0.507108986,0.499932021,5.21409988,762.899719,54.6534996,3.49480009,0.0250000004,50,1,0.119999997,0.550000012,0.0133333337
SL4_rand_25_r0,2,2405,0.0666666701,0,0,5.21409988,0.0663333312,0.0563333333,0.0798344612,0.0798049271,0,0,6,2.5,9.64608479,0,0,0,0,0,0.688890159,-0.558751941,88.5976868,0.507108986,0.499932021,5.21409988,762.899719,54.6534996,3.49480009,0.0250000004,50,1,0.119999997,0.550000012,0.0133333337
SL4_rand_25_r0,2,2406,0.0799999982,0,0,5.21409988,0.0659999996,0.0560000017,0.0787936971,0.0787497237,0,0,6,2.5,9.64608479,0,0,0,0,0,0.688890159,-0.558751941,88.5976868,0.507108986,0.499932021,5.21409988,762.899719,54.6534996,3.49480009,0.0250000004,50,1,0.119999997,0.550000012,0.0133333337
SL4_rand_25_r0,2,2407,0.0933333337,0,0,5.21409988,0.0656666681,0.0556666665,0.0778013021,0.0777006522,0,0,6,2.5,9.64608479,0,0,0,0,0,0.688890159,-0.558751941,88.5976868,0.507108986,0.499932021,5.21409988,762.899719,54.6534996,3.49480009,0.0250000004,50,1,0.119999997,0.550000012,0.0133333337
SL4_rand_25_r0,2,2408,0.106666669,0,0,5.21409988,0.0653333366,0.055333335,0.076793924,0.0766607448,0,0,6,2.5,9.64608479,0,0,0,0,0,0.688890159,-0.558751941,88.5976868,0.507108986,0.499932021,5.21409988,762.899719,54.6534996,3.49480009,0.0250000004,50,1,0.119999997,0.550000012,0.0133333337
SL4_rand_25_r0,2,2409,0.119999997,0,0,5.21409988,0.0649999976,0.0549999997,0.0756323561,0.0755381882,0,0,6,2.5,9.64608479,0,0,0,0,0,0.688890159,-0.558751941,88.5976868,0.507108986,0.499932021,5.21409988,762.899719,54.6534996,3.49480009,0.0250000004,50,1,0.119999997,0.550000012,0.0133333337
SL4_rand_25_r0,2,2410,0.13333334,0,0.601188481,5.21409988,0.0646666661,0.0546666682,0.0745264888,0.074433364,0,1.09307003,6,2.5,9.64608479,0,0,0,0,0,0.688890159,-0.558751941,88.5976868,0.507108986,0.499932021,5.21409988,762.899719,54.6534996,3.49480009,0.0250000004,50,1,0.119999997,0.550000012,0.0133333337
SL4_rand_25_r0,2,2411,0.146666661,0,0.871723354,5.21409988,0.0643333346,0.0543333329,0.0733123347,0.0732230172,0,1.09307003,6,2.5,9.64608479,0,0,0,0,0,0.688890159,-0.558751941,88.5976868,0.507108986,0.499932021,5.21409988,762.899719,54.6534996,3.49480009,0.0250000004,50,1,0.119999997,0.550000012,0.0133333337
SL4_rand_25_r0,2,2412,0.159999996,0,0.993463993,5.21409988,0.064000003,0.0540000014,0.0721771494,0.0720389485,0,1.09307003,6,2.5,9.64608479,0,0,0,0,0,0.688890159,-0.558751941,88.5976868,0.507108986,0.499932021,5.21409988,762.899719,54.6534996,3.49480009,0.0250000004,50,1,0.119999997,0.550000012,0.0133333337
SL4_rand_25_r0,2,2413,0.173333332,0,1.04824734,5.21409988,0.0636666641,0.0536666662,0.0710320547,0.0709104836,0,1.09307003,6,2.5,9.64608479,0,0,0,0,0,0.688890159,-0.558751941,88.5976868,0.507108986,0.499932021,5.21409988,762.899719,54.6534996,3.49480009,0.0250000004,50,1,0.119999997,0.550000012,0.0133333337
SL4_rand_25_r0,2,2414,0.186666667,0,1.07289982,5.21409988,0.0633333325,0.0533333346,0.0698629916,0.0697913766,0,1.09307003,6,2.5,9.64608479,0,0,0,0,0,0.688890159,-0.558751941,88.5976868,0.507108986,0.499932021,5.21409988,762.899719,54.6534996,3.49480009,0.0250000004,50,1,0.119999997,0.550000012,0.0133333337
SL4_rand_25_r0,2,2415,0.200000003,0,1.08399343,5.21409988,0.063000001,0.0529999994,0.0686346367,0.0684586763,0,1.09307003,6,2.5,9.64608479,0,0,0,0,0,0.688890159,-0.558751941,88.5976868,0.507108986,0.499932021,5.21409988,762.899719,54.6534996,3.49480009,0.0250000004,50,1,0.119999997,0.550000012,0.0133333337
SL4_rand_25_r0,2,2416,0.213333338,0,1.08898556,5.21409988,0.0626666695,0.0526666678,0.0674008802,0.0672604889,0,1.09307003,6,2.5,9.64608479,0,0,0,0,0,0.688890159,-0.558751941,88.5976868,0.507108986,0.499932021,5.21409988,762.899719,54.6534996,3.49480009,0.0250000004,50,1,0.119999997,0.550000012,0.0133333337
SL4_rand_25_r0,2,2417,0.226666674,0,1.09123194,5.21409988,0.0623333342,0.0523333326,0.0661827922,0.0660831705,0,1.09307003,6,2.5,9.64608479,0,0,0,0,0,0.688890159,-0.558751941,88.5976868,0.507108986,0.499932021,5.21409988,762.899719,54.6534996,3.49480009,0.0250000004,50,1,0.119999997,0.550000012,0.0133333337
SL4_rand_25_r0,2,2418,0.239999995,0,1.09224284,5.21409988,0.061999999,0.0520000011,0.0650200993,0.064959079,0,1.09307003,6,2.5,9.64608479,0,0,0,0,0,0.688890159,-0.558751941,88.5976868,0.507108986,0.499932021,5.21409988,762.899719,54.6534996,3.49480009,0.0250000004,50,1,0.119999997,0.550000012,0.0133333337
SL4_rand_25_r0,2,2419,0.25333333,0,1.09269786,5.21409988,0.0616666675,0.0516666658,0.0639958084,0.0637200326,0,1.09307003,6,2.5,9.64608479,0,0,0,0,0,0.688890159,-0.558751941,88.5976868,0.507108986,0.499932021,5.21409988,762.899719,54.6534996,3.49480009,0.0250000004,50,1,0.119999997,0.550000012,0.0133333337
SL4_rand_25_r0,2,2420,0.266666681,0,1.09290254,5.21409988,0.0613333322,0.0513333343,0.0627574101,0.0626108348,0,1.09307003,6,2.5,9.64608479,0,0,0,0,0,0.688890159,-0.558751941,88.5976868,0.507108986,0.499932021,5.21409988,762.899719,54.6534996,3.49480009,0.0250000004,50,1,0.119999997,0.550000012,0.0133333337
SL4_rand_25_r0,2,2421,0.280000001,0,1.09299457,5.21409988,0.0610000007,0.050999999,0.061545942,0.0614935979,0,1.09307003,6,2.5,9.64608479,0,0,0,0,0,0.688890159,-0.558751941,88.5976868,0.507108986,0.499932021,5.21409988,762.899719,54.6534996,3.49480009,0.0250000004,50,1,0.119999997,0.550000012,0.0133333337
SL4_rand_25_r0,2,2422,0.293333322,0,1.09303606,5.21409988,0.0606666654,0.0506666675,0.0605295822,0.0604446307,0,1.09307003,6,2.5,9.64608479,0,0,0,0,0,0.688890159,-0.558751941,88.5976868,0.507108986,0.499932021,5.21409988,762.899719,54.6534996,3.49480009,0.0250000004,50,1,0.119999997,0.550000012,0.0133333337
SL4_rand_25_r0,2,2423,0.306666672,0,1.09305477,5.21409988,0.0603333339,0.0503333323,0.0594481714,0.0593641587,0,1.09307003,6,2.5,9.64608479,0,0,0,0,0,0.688890159,-0.558751941,88.5976868,0.507108986,0.499932021,5.21409988,762.899719,54.6534996,3.49480009,0.0250000004,50,1,0.119999997,0.550000012,0.0133333337
SL4_rand_25_r0,2,2424,0.319999993,0,1.09306312,5.21409988,0.0599999987,0.0500000007,0.0585643761,0.0584121905,0,1.09307003,6,2.5,9.64608479,0,0,0,0,0,0.688890159,-0.558751941,88.5976868,0.507108986,0.499932021,5.21409988,762.899719,54.6534996,3.49480009,0.0250000004,50,1,0.119999997,0.550000012,0.0133333337
SL4_rand_25_r0,2,2425,0.333333343,0,1.09306693,5.21409988,0.0596666671,0.0496666655,0.057496611,0.0572943501,0,1.09307003,6,2.5,9.64608479,0,0,0,0,0,0.688890159,-0.558751941,88.5976868,0.507108986,0.499932021,5.21409988,762.899719,54.6534996,3.49480009,0.0250000004,50,1,0.119999997,0.550000012,0.0133333337
SL4_rand_25_r0,2,2426,0.346666664,0,1.0930686,5.21409988,0.0593333319,0.049333334,0.056554351,0.0563445315,0,1.09307003,6,2.5,9.64608479,0,0,0,0,0,0.688890159,-0.558751941,88.5976868,0.507108986,0.499932021,5.21409988,762.899719,54.6534996,3.49480009,0.0250000004,50,1,0.119999997,0.550000012,0.0133333337
SL4_rand_25_r0,2,2427,0.360000014,0,1.09306931,5.21409988,0.0590000004,0.0489999987,0.0556618981,0.055525329,0,1.09307003,6,2.5,9.64608479,0,0,0,0,0,0.688890159,-0.558751941,88.5976868,0.507108986,0.499932021,5.21409988,762.899719,54.6534996,3.49480009,0.0250000004,50,1,0.119999997,0.550000012,0.0133333337
SL4_rand_25_r0,2,2428,0.373333335,0,1.09306967,5.21409988,0.0586666651,0.0486666672,0.0548070855,0.0546178408,0,1.09307003,6,2.5,9.64608479,0,0,0,0,0,0.688890159,-0.558751941,88.5976868,0.507108986,0.499932021,5.21409988,762.899719,54.6534996,3.49480009,0.0250000004,50,1,0.119999997,0.550000012,0.0133333337
SL4_rand_25_r0,2,2429,0.386666656,0,1.09306991,5.21409988,0.0583333336,0.0483333319,0.0539941601,0.0539007708,0,1.09307003,6,2.5,9.64608479,0,0,0,0,0,0.688890159,-0.558751941,88.5976868,0.507108986,0.499932021,5.21409988,762.899719,54.6534996,3.49480009,0.0250000004,50,1,0.119999997,0.550000012,0.0133333337
SL4_rand_25_r0,2,2430,0.400000006,0,1.09306991,5.21409988,0.0579999983,0.0480000004,0.0532969311,0.0531268753,0,1.09307003,6,2.5,9.64608479,0,0,0,0,0,0.688890159,-0.558751941,88.5976868,0.507108986,0.499932021,5.21409988,762.899719,54.6534996,3.49480009,0.0250000004,50,1,0.119999997,0.550000012,0.0133333337
SL4_rand_25_r0,2,2431,0.413333327,0,1.09307003,5.21409988,0.0576666668,0.0476666652,0.052524928,0.052318003,0,1.09307003,6,2.5,9.64608479,0,0,0,0,0,0.688890159,-0.558751941,88.5976868,0.507108986,0.499932021,5.21409988,762.899719,54.6534996,3.49480009,0.0250000004,50,1,0.119999997,0.550000012,0.0133333337
SL4_rand_25_r0,2,2432,0.426666677,0,1.09307003,5.21409988,0.0573333316,0.0473333336,0.0517585129,0.0517361052,0,1.09307003,6,2.5,9.64608479,0,0,0,0,0,0.688890159,-0.558751941,88.5976868,0.507108986,0.499932021,5.21409988,762.899719,54.6534996,3.49480009,0.0250000004,50,1,0.119999997,0.550000012,0.0133333337
SL4_rand_25_r0,2,2433,0.439999998,0,1.09307003,5.21409988,0.057,0.0469999984,0.051026877,0.0509964153,0,1.09307003,6,2.5,9.64608479,0,0,0,0,0,0.688890159,-0.558751941,88.5976868,0.507108986,0.499932021,5.21409988,762.899719,54.6534996,3.49480009,0.0250000004,50,1,0.119999997,0.550000012,0.0133333337
SL4_rand_25_r0,2,2434,0.453333348,0,1.09307003,5.21409988,0.0566666685,0.0466666669,0.0504564382,0.0504259244,0,1.09307003,6,2.5,9.64608479,0,0,0,0,0,0.688890159,-0.558751941,88.5976868,0.507108986,0.499932021,5.21409988,762.899719,54.6534996,3.49480009,0.0250000004,50,1,0.119999997,0.550000012,0.0133333337
SL4_rand_25_r0,2,2435,0.466666669,0,1.09307003,5.21409988,0.0563333333,0.0463333316,0.0498567596,0.0498261787,0,1.09307003,6,2.5,9.64608479,0,0,0,0,0,0.688890159,-0.558751941,88.5976868,0.507108986,0.499932021,5.21409988,762.899719,54.6534996,3.49480009,0.0250000004,50,1,0.119999997,0.550000012,0.0133333337
SL4_rand_25_r0,2,2436,0.479999989,0,1.09307003,5.21409988,0.0560000017,0.0460000001,0.0493507311,0.049315948,0,1.09307003,6,2.5,9.64608479,0,0,0,0,0,0.688890159,-0.558751941,88.5976868,0.507108986,0.499932021,5.21409988,762.899719,54.6534996,3.49480009,0.0250000004,50,1,0.119999997,0.550000012,0.0133333337
SL4_rand_25_r0,2,2437,0.49333334,0,1.09307003,5.21409988,0.0556666665,0.0456666648,0.0489811301,0.048950851,0,1.09307003,6,2.5,9.64608479,0,0,0,0,0,0.688890159,-0.558751941,88.5976868,0.507108986,0.499932021,5.21409988,762.899719,54.6534996,3.49480009,0.0250000004,50,1,0.119999997,0.550000012,0.0133333337
SL4_rand_25_r0,2,2438,0.50666666,0,1.09307003,5.21409988,0.055333335,0.0453333333,0.0485011935,0.0484361611,0,1.09307003,6,2.5,9.64608479,0,0,0,0,0,0.688890159,-0.558751941,88.5976868,0.507108986,0.499932021,5.21409988,762.899719,54.6534996,3.49480009,0.0250000004,50,1,0.119999997,0.550000012,0.0133333337
SL4_rand_25_r0,2,2439,0.519999981,0,1.09307003,5.21409988,0.0549999997,0.0450000018,0.0480635948,0.0479955748,0,1.09307003,6,2.5,9.64608479,0,0,0,0,0,0.688890159,-0.558751941,88.5976868,0.507108986,0.499932021,5.21409988,762.899719,54.6534996,3.49480009,0.0250000004,50,1,0.119999997,0.550000012,0.0133333337
SL4_rand_25_r0,2,2440,0.533333361,0,1.09307003,5.21409988,0.0546666682,0.0446666665,0.047632616,0.0475441031,0,1.09307003,6,2.5,9.64608479,0,0,0,0,0,0.688890159,-0.558751941,88.5976868,0.507108986,0.499932021,5.21409988,762.899719,54.6534996,3.49480009,0.0250000004,50,1,0.119999997,0.550000012,0.0133333337
SL4_rand_25_r0,2,2441,0.546666682,0,1.09307003,5.21409988,0.0543333329,0.044333335,0.0471964329,0.0470882282,0,1.09307003,6,2.5,9.64608479,0,0,0,0,0,0.688890159,-0.558751941,88.5976868,0.507108986,0.499932021,5.21409988,762.899719,54.6534996,3.49480009,0.0250000004,50,1,0.119999997,0.550000012,0.0133333337
SL4_rand_25_r0,2,2442,0.560000002,0,1.09307003,5.21409988,0.0540000014,0.0439999998,0.0468304902,0.0467082113,0,1.09307003,6,2.5,9.64608479,0,0,0,0,0,0.688890159,-0.558751941,88.5976868,0.507108986,0.499932021,5.21409988,762.899719,54.6534996,3.49480009,0.0250000004,50,1,0.119999997,0.550000012,0.0133333337
SL4_rand_25_r0,2,2443,0.573333323,0,1.09307003,5.21409988,0.0536666662,0.0436666682,0.046386335,0.0462787747,0,1.09307003,6,2.5,9.64608479,0,0,0,0,0,0.688890159,-0.558751941,88.5976868,0.507108986,0.499932021,5.21409988,762.899719,54.6534996,3.49480009,0.0250000004,50,1,0.119999997,0.550000012,0.0133333337
SL4_rand_25_r0,2,2444,0.586666644,0,1.09307003,5.21409988,0.0533333346,0.043333333,0.0460118875,0.046008341,0,1.09307003,6,2.5,9.64608479,0,0,0,0,0,0.688890159,-0.558751941,88.5976868,0.507108986,0.499932021,5.21409988,762.899719,54.6534996,3.49480009,0.0250000004,50,1,0.119999997,0.550000012,0.0133333337
SL4_rand_25_r0,2,2445,0.600000024,0,1.09307003,5.21409988,0.0529999994,0.0430000015,0.0456085615,0.0456004664,0,1.09307003,6,2.5,9.64608479,0,0,0,0,0,0.688890159,-0.558751941,88.5976868,0.507108986,0.499932021,5.21409988,762.899719,54.6534996,3.49480009,0.0250000004,50,1,0.119999997,0.550000012,0.0133333337
SL4_rand_25_r0,2,2446,0.613333344,0,1.09307003,5.21409988,0.0526666678,0.0426666662,0.0453358553,0.0453340337,0,1.09307003,6,2.5,9.64608479,0,0,0,0,0,0.688890159,-0.558751941,88.5976868,0.507108986,0.499932021,5.21409988,762.899719,54.6534996,3.49480009,0.0250000004,50,1,0.119999997,0.550000012,0.0133333337
SL4_rand_25_r0,2,2447,0.626666665,0,1.09307003,5.21409988,0.0523333326,0.0423333347,0.0450463779,0.044973664,0,1.09307003,6,2.5,9.64608479,0,0,0,0,0,0.688890159,-0.558751941,88.5976868,0.507108986,0.499932021,5.21409988,762.899719,54.6534996,3.49480009,0.0250000004,50,1,0.119999997,0.550000012,0.0133333337
SL4_rand_25_r0,2,2448,0.639999986,0,1.09307003,5.21409988,0.0520000011,0.0419999994,0.044817578,0.0447183959,0,1.09307003,6,2.5,9.64608479,0,0,0,0,0,0.688890159,-0.558751941,88.5976868,0.507108986,0.499932021,5.21409988,762.899719,54.6534996,3.49480009,0.0250000004,50,1,0.119999997,0.550000012,0.0133333337
SL4_rand_25_r0,2,2449,0.653333306,0,1.09307003,5.21409988,0.0516666658,0.0416666679,0.0446480103,0.0444559939,0,1.09307003,6,2.5,9.64608479,0,0,0,0,0,0.688890159,-0.558751941,88.5976868,0.507108986,0.499932021,5.21409988,762.899719,54.6534996,3.49480009,0.0250000004,50,1,0.119999997,0.550000012,0.0133333337
SL4_rand_25_r0,2,2450,0.666666687,0,1.09307003,5.21409988,0.0513333343,0.0413333327,0.044273749,0.0441040583,0,1.09307003,6,2.5,9.64608479,0,0,0,0,0,0.688890159,-0.558751941,88.5976868,0.507108986,0.499932021,5.21409988,762.899719,54.6534996,3.49480009,0.0250000004,50,1,0.119999997,0.550000012,0.0133333337
SL4_rand_25_r0,2,2451,0.680000007,0,1.09307003,5.21409988,0.050999999,0.0410000011,0.0439536087,0.0438925326,0,1.09307003,6,2.5,9.64608479,0,0,0,0,0,0.688890159,-0.558751941,88.5976868,0.507108986,0.499932021,5.21409988,762.899719,54.6534996,3.49480009,0.0250000004,50,1,0.119999997,0.550000012,0.0133333337
SL4_rand_25_r0,2,2452,0.693333328,0,1.09307003,5.21409988,0.0506666675,0.0406666659,0.0435823575,0.0435392149,0,1.09307003,6,2.5,9.64608479,0,0,0,0,0,0.688890159,-0.558751941,88.5976868,0.507108986,0.499932021,5.21409988,762.899719,54.6534996,3.49480009,0.0250000004,50,1,0.119999997,0.550000012,0.0133333337
SL4_rand_25_r0,2,2453,0.706666648,0,1.09307003,5.21409988,0.0503333323,0.0403333344,0.0434296615,0.0433179475,0,1.09307003,6,2.5,9.64608479,0,0,0,0,0,0.688890159,-0.558751941,88.5976868,0.507108986,0.499932021,5.21409988,762.899719,54.6534996,3.49480009,0.0250000004,50,1,0.119999997,0.550000012,0.0133333337
SL4_rand_25_r0,2,2454,0.720000029,0,1.09307003,5.21409988,0.0500000007,0.0399999991,0.0430856943,0.0429838225,0,1.09307003,6,2.5,9.64608479,0,0,0,0,0,0.688890159,-0.558751941,88.5976868,0.507108986,0.499932021,5.21409988,762.899719,54.6534996,3.49480009,0.0250000004,50,1,0.119999997,0.550000012,0.0133333337
SL4_rand_25_r0,2,2455,0.733333349,0,1.09307003,5.21409988,0.0496666655,0.0396666676,0.0428687818,0.0428040773,0,1.09307003,6,2.5,9.64608479,0,0,0,0,0,0.688890159,-0.558751941,88.5976868,0.507108986,0.499932021,5.21409988,762.899719,54.6534996,3.49480009,0.0250000004,50,1,0.119999997,0.550000012,0.0133333337
SL4_rand_25_r0,2,2456,0.74666667,0,1.09307003,5.21409988,0.049333334,0.0393333323,0.0426950827,0.0425673164,0,1.09307003,6,2.5,9.64608479,0,0,0,0,0,0.688890159,-0.558751941,88.5976868,0.507108986,0.499932021,5.21409988,762.899719,54.6534996,3.49480009,0.0250000004,50,1,0.119999997,0.550000012,0.0133333337
SL4_rand_25_r0,2,2457,0.75999999,0,1.09307003,5.21409988,0.0489999987,0.0390000008,0.0424388871,0.0421590656,0,1.09307003,6,2.5,9.64608479,0,0,0,0,0,0.688890159,-0.558751941,88.5976868,0.507108986,0.499932021,5.21409988,762.899719,54.6534996,3.49480009,0.0250000004,50,1,0.119999997,0.550000012,0.0133333337
SL4_rand_25_r0,2,2458,0.773333311,0,1.09307003,5.21409988,0.0486666672,0.0386666656,0.0420221686,0.0420213528,0,1.09307003,6,2.5,9.64608479,0,0,0,0,0,0.688890159,-0.558751941,88.5976868,0.507108986,0.499932021,5.21409988,762.899719,54.6534996,3.49480009,0.0250000004,50,1,0.119999997,0.550000012,0.0133333337
SL4_rand_25_r0,2,2459,0.786666691,0,1.09307003,5.21409988,0.0483333319,0.038333334,0.0417176783,0.0415771045,0,1.09307003,6,2.5,9.64608479,0,0,0,0,0,0.688890159,-0.558751941,88.5976868,0.507108986,0.499932021,5.21409988,762.899719,54.6534996,3.49480009,0.0250000004,50,1,0.119999997,0.550000012,0.0133333337
SL4_rand_25_r0,2,2460,0.800000012,0,1.09307003,5.21409988,0.0480000004,0.0379999988,0.0415100083,0.0412991866,0,1.09307003,6,2.5,9.64608479,0,0,0,0,0,0.688890159,-0.558751941,88.5976868,0.507108986,0.499932021,5.21409988,762.899719,54.6534996,3.49480009,0.0250000004,50,1,0.119999997,0.550000012,0.0133333337
SL4_rand_25_r0,2,2461,0.813333333,0,1.09307003,5.21409988,0.0476666652,0.0376666673,0.041120749,0.0411005355,0,1.09307003,6,2.5,9.64608479,0,0,0,0,0,0.688890159,-0.558751941,88.5976868,0.507108986,0.499932021,5.21409988,762.899719,54.6534996,3.49480009,0.0250000004,50,1,0.119999997,0.550000012,0.0133333337
SL4_rand_25_r0,2,2462,0.826666653,0,1.09307003,5.21409988,0.0473333336,0.037333332,0.0410372689,0.0407035574,0,1.09307003,6,2.5,9.64608479,0,0,0,0,0,0.688890159,-0.558751941,88.5976868,0.507108986,0.499932021,5.21409988,762.899719,54.6534996,3.49480009,0.0250000004,50,1,0.119999997,0.550000012,0.0133333337
SL4_rand_25_r0,2,2463,0.839999974,0,1.09307003,5.21409988,0.0469999984,0.0370000005,0.0406213813,0.0405214839,0,1.09307003,6,2.5,9.64608479,0,0,0,0,0,0.688890159,-0.558751941,88.5976868,0.507108986,0.499932021,5.21409988,762.899719,54.6534996,3.49480009,0.0250000004,50,1,0.119999997,0.550000012,0.0133333337
SL4_rand_25_r0,2,2464,0.853333354,0,1.09307003,5.21409988,0.0466666669,0.0366666652,0.0403411053,0.0401044115,0,1.09307003,6,2.5,9.64608479,0,0,0,0,0,0.688890159,-0.558751941,88.5976868,0.507108986,0.499932021,5.21409988,762.899719,54.6534996,3.49480009,0.0250000004,50,1,0.119999997,0.550000012,0.0133333337
SL4_rand_25_r0,2,2465,0.866666675,0,1.09307003,5.21409988,0.0463333316,0.0363333337,0.039935451,0.0399330556,0,1.09307003,6,2.5,9.64608479,0,0,0,0,0,0.688890159,-0.558751941,88.5976868,0.507108986,0.499932021,5.21409988,762.899719,54.6534996,3.49480009,0.0250000004,50,1,0.119999997,0.550000012,0.0133333337
SL4_rand_25_r0,2,2466,0.879999995,0,1.09307003,5.21409988,0.0460000001,0.0359999985,0.039671436,0.0395023972,0,1.09307003,6,2.5,9.64608479,0,0,0,0,0,0.688890159,-0.558751941,88.5976868,0.507108986,0.499932021,5.21409988,762.899719,54.6534996,3.49480009,0.0250000004,50,1,0.119999997,0.550000012,0.0133333337
SL4_rand_25_r0,2,2467,0.893333316,0,1.09307003,5.21409988,0.0456666648,0.0356666669,0.039305862,0.039202217,0,1.09307003,6,2.5,9.64608479,0,0,0,0,0,0.688890159,-0.558751941,88.5976868,0.507108986,0.499932021,5.21409988,762.899719,54.6534996,3.49480009,0.0250000004,50,1,0.119999997,0.550000012,0.0133333337
SL4_rand_25_r0,2,2468,0.906666696,0,1.09307003,5.21409988,0.0453333333,0.0353333317,0.0390193723,0.0389838591,0,1.09307003,6,2.5,9.64608479,0,0,0,0,0,0.688890159,-0.558751941,88.5976868,0.507108986,0.499932021,5.21409988,762.899719,54.6534996,3.49480009,0.0250000004,50,1,0.119999997,0.550000012,0.0133333337
SL4_rand_25_r0,2,2469,0.920000017,0,1.09307003,5.21409988,0.0450000018,0.0350000001,0.0388504639,0.0385606289,0,1.09307003,6,2.5,9.64608479,0,0,0,0,0,0.688890159,-0.558751941,88.5976868,0.507108986,0.499932021,5.21409988,762.899719,54.6534996,3.49480009,0.0250000004,50,1,0.119999997,0.550000012,0.0133333337
SL4_rand_25_r0,2,2470,0.933333337,0,1.09307003,5.21409988,0.0446666665,0.0346666649,0.0384134129,0.038335599,0,1.09307003,6,2.5,9.64608479,0,0,0,0,0,0.688890159,-0.558751941,88.5976868,0.507108986,0.499932021,5.21409988,762.899719,54.6534996,3.49480009,0.0250000004,50,1,0.119999997,0.550000012,0.0133333337
SL4_rand_25_r0,2,2471,0.946666658,0,1.09307003,5.21409988,0.044333335,0.0343333334,0.0381367728,0.0379052311,0,1.09307003,6,2.5,9.64608479,0,0,0,0,0,0.688890159,-0.558751941,88.5976868,0.507108986,0.499932021,5.21409988,762.899719,54.6534996,3.49480009,0.0250000004,50,1,0.119999997,0.550000012,0.0133333337
SL4_rand_25_r0,2,2472,0.959999979,0,1.09307003,5.21409988,0.0439999998,0.0340000018,0.0376986079,0.0376372524,0,1.09307003,6,2.5,9.64608479,0,0,0,0,0,0.688890159,-0.558751941,88.5976868,0.507108986,0.499932021,5.21409988,762.899719,54.6534996,3.49480009,0.0250000004,50,1,0.119999997,0.550000012,0.0133333337
SL4_rand_25_r0,2,2473,0.973333359,0,1.09307003,5.21409988,0.0436666682,0.0336666666,0.0374535806,0.037224941,0,1.09307003,6,2.5,9.64608479,0,0,0,0,0,0.688890159,-0.558751941,88.5976868,0.507108986,0.499932021,5.21409988,762.899719,54.6534996,3.49480009,0.0250000004,50,1,0.119999997,0.550000012,0.0133333337
SL4_rand_25_r0,2,2474,0.986666679,0,1.09307003,5.21409988,0.043333333,0.0333333351,0.0370399021,0.0369771309,0,1.09307003,6,2.5,9.64608479,0,0,0,0,0,0.688890159,-0.558751941,88.5976868,0.507108986,0.499932021,5.21409988,762.899719,54.6534996,3.49480009,0.0250000004,50,1,0.119999997,0.550000012,0.0133333337
SL4_rand_25_r0,2,2475,1,0,1.09307003,5.21409988,0.0430000015,0.0329999998,0.036895439,0.0367568582,0,1.09307003,6,2.5,9.64608479,0,0,0,0,0,0.688890159,-0.558751941,88.5976868,0.507108986,0.499932021,5.21409988,762.899719,54.6534996,3.49480009,0.0250000004,50,1,0.119999997,0.550000012,0.0133333337
SL4_rand_25_r0,2,2476,1.01333332,1,1.09307003,5.21409988,0.0426666662,0.0326666683,0.0364826359,0.0364015959,0,1.09307003,6,2.5,9.64608479,0,0,0,0,0,0.423855275,-0.0952595323,89.0687637,0.725118458,0.399722695,5.21409988,762.899719,54.6534996,3.49480009,0.0250000004,50,1,0.119999997,0.550000012,0.0133333337
SL4_rand_25_r0,2,2477,1.02666664,1,1.09307003,5.21409988,0.0423333347,0.032333333,0.0361460745,0.0360520147,0,1.09307003,6,2.5,9.64608479,0,0,0,0,0,0.423855275,-0.0952595323,89.0687637,0.725118458,0.399722695,5.21409988,762.899719,54.6534996,3.49480009,0.0250000004,50,1,0.119999997,0.550000012,0.0133333337
SL4_rand_25_r0,2,2478,1.03999996,1,1.09307003,5.21409988,0.0419999994,0.0320000015,0.0358332768,0.0356106274,0,1.09307003,6,2.5,9.64608479,0,0,0,0,0,0.423855275,-0.0952595323,89.0687637,0.725118458,0.399722695,5.21409988,762.899719,54.6534996,3.49480009,0.0250000004,50,1,0.119999997,0.550000012,0.0133333337
SL4_rand_25_r0,2,2479,1.05333328,1,1.09307003,5.21409988,0.0416666679,0.0316666663,0.0353897177,0.0353729054,0,1.09307003,6,2.5,9.64608479,0,0,0,0,0,0.423855275,-0.0952595323,89.0687637,0.725118458,0.399722695,5.21409988,762.899719,54.6534996,3.49480009,0.0250000004,50,1,0.119999997,0.550000012,0.0133333337
SL4_rand_25_r0,2,2480,1.06666672,1,1.09307003,5.21409988,0.0413333327,0.0313333347,0.0352324508,0.0349429771,0,1.09307003,6,2.5,9.64608479,0,0,0,0,0,0.423855275,-0.0952595323,89.0687637,0.725118458,0.399722695,5.21409988,762.899719,54.6534996,3.49480009,0.0250000004,50,1,0.119999997,0.550000012,0.0133333337
SL4_rand_25_r0,2,2481,1.08000004,1,1.09307003,5.21409988,0.0410000011,0.0309999995,0.0348068625,0.0346966498,0,1.09307003,6,2.5,9.64608479,0,0,0,0,0,0.423855275,-0.0952595323,89.0687637,0.725118458,0.399722695,5.21409988,762.899719,54.6534996,3.49480009,0.0250000004,50,1,0.119999997,0.550000012,0.0133333337
SL4_rand_25_r0,2,2482,1.09333336,1,1.09307003,5.21409988,0.0406666659,0.0306666661,0.0347107351,0.0344779231,0,1.09307003,6,2.5,9.64608479,0,0,0,0,0,0.423855275,-0.0952595323,89.0687637,0.725118458,0.399722695,5.21409988,762.899719,54.6534996,3.49480009,0.0250000004,50,1,0.119999997,0.550000012,0.0133333337
SL4_rand_25_r0,2,2483,1.10666668,1,1.09307003,5.21409988,0.0403333344,0.0303333327,0.0341061242,0.0340650603,0,1.09307003,6,2.5,9.64608479,0,0,0,0,0,0.423855275,-0.0952595323,89.0687637,0.725118458,0.399722695,5.21409988,762.899719,54.6534996,3.49480009,0.0250000004,50,1,0.119999997,0.550000012,0.0133333337
SL4_rand_25_r0,2,2484,1.12,1,1.09307003,5.21409988,0.0399999991,0.0299999993,0.0338922553,0.0337466113,0,1.09307003,6,2.5,9.64608479,0,0,0,0,0,0.423855275,-0.0952595323,89.0687637,0.725118458,0.399722695,5.21409988,762.899719,54.6534996,3.49480009,0.0250000004,50,1,0.119999997,0.550000012,0.0133333337
SL4_rand_25_r0,2,2485,1.13333333,1,1.09307003,5.21409988,0.0396666676,0.0296666659,0.0334478803,0.0333355553,0,1.09307003,6,2.5,9.64608479,0,0,0,0,0,0.423855275,-0.0952595323,89.0687637,0.725118458,0.399722695,5.21409988,762.899719,54.6534996,3.49480009,0.0250000004,50,1,0.119999997,0.550000012,0.0133333337
SL4_rand_25_r0,2,2486,1.14666665,1,1.09307003,5.21409988,0.0393333323,0.0293333326,0.0330785848,0.033058241,0,1.09307003,6,2.5,9.64608479,0,0,0,0,0,0.423855275,-0.0952595323,89.0687637,0.725118458,0.399722695,5.21409988,762.899719,54.6534996,3.49480009,0.0250000004,50,1,0.119999997,0.550000012,0.0133333337
SL4_rand_25_r0,2,2487,1.15999997,1,1.09307003,5.21409988,0.0390000008,0.0289999992,0.0329055488,0.0326642059,0,1.09307003,6,2.5,9.64608479,0,0,0,0,0,0.423855275,-0.0952595323,89.0687637,0.725118458,0.399722695,5.21409988,762.899719,54.6534996,3.49480009,0.0250000004,50,1,0.119999997,0.550000012,0.0133333337
SL4_rand_25_r0,2,2488,1.17333329,1,1.09307003,5.21409988,0.0386666656,0.0286666658,0.032540217,0.0323717184,0,1.09307003,6,2.5,9.64608479,0,0,0,0,0,0.423855275,-0.0952595323,89.0687637,0.725118458,0.399722695,5.21409988,762.899719,54.6534996,3.49480009,0.0250000004,50,1,0.119999997,0.550000012,0.0133333337
SL4_rand_25_r0,2,2489,1.18666661,1,1.09307003,5.21409988,0.038333334,0.0283333343,0.032190524,0.0320639759,0,1.09307003,6,2.5,9.64608479,0,0,0,0,0,0.423855275,-0.0952595323,89.0687637,0.725118458,0.399722695,5.21409988,762.899719,54.6534996,3.49480009,0.0250000004,50,1,0.119999997,0.550000012,0.0133333337
SL4_rand_25_r0,2,2490,1.20000005,1,1.09307003,5.21409988,0.0379999988,0.0280000009,0.0318091251,0.0316434503,0,1.09307003,6,2.5,9.64608479,0,0,0,0,0,0.423855275,-0.0952595323,89.0687637,0.725118458,0.399722695,5.21409988,762.899719,54.6534996,3.49480009,0.0250000004,50,1,0.119999997,0.550000012,0.0133333337
SL4_rand_25_r0,2,2491,1.21333337,1,1.09307003,5.21409988,0.0376666673,0.0276666675,0.0313940905,0.0312876515,0,1.09307003,6,2.5,9.64608479,0,0,0,0,0,0.423855275,-0.0952595323,89.0687637,0.725118458,0.399722695,5.21409988,762.899719,54.6534996,3.49480009,0.0250000004,50,1,0.119999997,0.550000012,0.0133333337
SL4_rand_25_r0,2,2492,1.22666669,1,1.09307003,5.21409988,0.037333332,0.0273333341,0.0309923459,0.0309752263,0,1.09307003,6,2.5,9.64608479,0,0,0,0,0,0.423855275,-0.0952595323,89.0687637,0.725118458,0.399722695,5.21409988,762.899719,54.6534996,3.49480009,0.0250000004,50,1,0.119999997,0.550000012,0.0133333337
SL4_rand_25_r0,2,2493,1.24000001,1,1.09307003,5.21409988,0.0370000005,0.0270000007,0.0307099055,0.0306855682,0,1.09307003,6,2.5,9.64608479,0,0,0,0,0,0.423855275,-0.0952595323,89.0687637,0.725118458,0.399722695,5.21409988,762.899719,54.6534996,3.49480009,0.0250000004,50,1,0.119999997,0.550000012,0.0133333337
SL4_rand_25_r0,2,2494,1.25333333,1,1.09307003,5.21409988,0.0366666652,0.0266666673,0.0304330532,0.0303095039,0,1.09307003,6,2.5,9.64608479,0,0,0,0,0,0.423855275,-0.0952595323,89.0687637,0.725118458,0.399722695,5.21409988,762.899719,54.6534996,3.49480009,0.0250000004,50,1,0.119999997,0.550000012,0.0133333337
SL4_rand_25_r0,2,2495,1.26666665,1,1.09307003,5.21409988,0.0363333337,0.0263333339,0.0301675219,0.0300135855,0,1.09307003,6,2.5,9.64608479,0,0,0,0,0,0.423855275,-0.0952595323,89.0687637,0.725118458,0.399722695,5.21409988,762.899719,54.6534996,3.49480009,0.0250000004,50,1,0.119999997,0.550000012,0.0133333337
SL4_rand_25_r0,2,2496,1.27999997,1,1.09307003,5.21409988,0.0359999985,0.0260000005,0.0298372954,0.0295929927,0,1.09307003,6,2.5,9.64608479,0,0,0,0,0,0.423855275,-0.0952595323,89.0687637,0.725118458,0.399722695,5.21409988,762.899719,54.6534996,3.49480009,0.0250000004,50,1,0.119999997,0.550000012,0.0133333337
SL4_rand_25_r0,2,2497,1.29333329,1,1.09307003,5.21409988,0.0356666669,0.0256666671,0.0295090284,0.0292989165,0,1.09307003,6,2.5,9.64608479,0,0,0,0,0,0.423855275,-0.0952595323,89.0687637,0.725118458,0.399722695,5.21409988,762.899719,54.6534996,3.49480009,0.0250000004,50,1,0.119999997,0.550000012,0.0133333337
SL4_rand_25_r0,2,2498,1.30666661,1,1.09307003,5.21409988,0.0353333317,0.0253333338,0.0289572217,0.0289333388,0,1.09307003,6,2.5,9.64608479,0,0,0,0,0,0.423855275,-0.0952595323,89.0687637,0.725118458,0.399722695,5.21409988,762.899719,54.6534996,3.49480009,0.0250000004,50,1,0.119999997,0.550000012,0.0133333337
SL4_rand_25_r0,2,2499,1.32000005,1,1.09307003,5.21409988,0.0350000001,0.0250000004,0.0286522973,0.0286329538,0,1.09307003,6,2.5,9.64608479,0,0,0,0,0,0.423855275,-0.0952595323,89.0687637,0.725118458,0.399722695,5.21409988,762.899719,54.6534996,3.49480009,0.0250000004,50,1,0.119999997,0.550000012,0.0133333337
SL4_rand_25_r0,2,2500,1.33333337,1,1.09307003,5.21409988,0.0346666649,0.024666667,0.0283227619,0.0282768831,0,1.09307003,6,2.5,9.64608479,0,0,0,0,0,0.423855275,-0.0952595323,89.0687637,0.725118458,0.399722695,5.21409988,762.899719,54.6534996,3.49480009,0.0250000004,50,1,0.119999997,0.550000012,0.0133333337
SL4_rand_25_r0,2,2501,1.34666669,1,1.09307003,5.21409988,0.0343333334,0.0243333336,0.0280518457,0.0279695131,0,1.09307003,6,2.5,9.64608479,0,0,0,0,0,0.423855275,-0.0952595323,89.0687637,0.725118458,0.399722695,5.21409988,762.899719,54.6534996,3.49480009,0.0250000004,50,1,0.119999997,0.550000012,0.0133333337
SL4_rand_25_r0,2,2502,1.36000001,1,1.09307003,5.21409988,0.0340000018,0.0240000002,0.0277847685,0.0276841726,0,1.09307003,6,2.5,9.64608479,0,0,0,0,0,0.423855275,-0.0952595323,89.0687637,0.725118458,0.399722695,5.21409988,762.899719,54.6534996,3.49480009,0.0250000004,50,1,0.119999997,0.550000012,0.0133333337
SL4_rand_25_r0,2,2503,1.37333333,1,1.09307003,5.21409988,0.0336666666,0.0236666668,0.0274700001,0.0273275282,0,1.09307003,6,2.5,9.64608479,0,0,0,0,0,0.423855275,-0.0952595323,89.0687637,0.725118458,0.399722695,5.21409988,762.899719,54.6534996,3.49480009,0.0250000004,50,1,0.119999997,0.550000012,0.0133333337
SL4_rand_25_r0,2,2504,1.38666666,1,1.09307003,5.21409988,0.0333333351,0.0233333334,0.0271502044,0.0270225331,0,1.09307003,6,2.5,9.64608479,0,0,0,0,0,0.423855275,-0.0952595323,89.0687637,0.725118458,0.399722695,5.21409988,762.899719,54.6534996,3.49480009,0.0250000004,50,1,0.119999997,0.550000012,0.0133333337
SL4_rand_25_r0,2,2505,1.39999998,1,1.09307003,5.21409988,0.0329999998,0.023,0.026712561,0.0265932363,0,1.09307003,6,2.5,9.64608479,0,0,0,0,0,0.423855275,-0.0952595323,89.0687637,0.725118458,0.399722695,5.21409988,762.899719,54.6534996,3.49480009,0.0250000004,50,1,0.119999997,0.550000012,0.0133333337
SL4_rand_25_r0,2,2506,1.4133333,1,1.09307003,5.21409988,0.0326666683,0.0226666667,0.0263866503,0.0263667777,0,1.09307003,6,2.5,9.64608479,0,0,0,0,0,0.423855275,-0.0952595323,89.0687637,0.725118458,0.399722695,5.21409988,762.899719,54.6534996,3.49480009,0.0250000004,50,1,0.119999997,0.550000012,0.0133333337
SL4_rand_25_r0,2,2507,1.42666662,1,1.09307003,5.21409988,0.032333333,0.0223333333,0.0259911716,0.0259308629,0,1.09307003,6,2.5,9.64608479,0,0,0,0,0,0.423855275,-0.0952595323,89.0687637,0.725118458,0.399722695,5.21409988,762.899719,54.6534996,3.49480009,0.0250000004,50,1,0.119999997,0.550000012,0.0133333337
SL4_rand_25_r0,2,2508,1.44000006,1,1.09307003,5.21409988,0.0320000015,0.0219999999,0.0257117916,0.0256787818,0,1.09307003,6,2.5,9.64608479,0,0,0,0,0,0.423855275,-0.0952595323,89.0687637,0.725118458,0.399722695,5.21409988,762.899719,54.6534996,3.49480009,0.0250000004,50,1,0.119999997,0.550000012,0.0133333337
SL4_rand_25_r0,2,2509,1.45333338,1,1.09307003,5.21409988,0.0316666663,0.0216666665,0.0254718699,0.0253471378,0,1.09307003,6,2.5,9.64608479,0,0,0,0,0,0.423855275,-0.0952595323,89.0687637,0.725118458,0.399722695,5.21409988,762.899719,54.6534996,3.49480009,0.0250000004,50,1,0.119999997,0.550000012,0.0133333337
SL4_rand_25_r0,2,2510,1.4666667,1,1.09307003,5.21409988,0.0313333347,0.0213333331,0.0250534434,0.0249902904,0,1.09307003,6,2.5,9.64608479,0,0,0,0,0,0.423855275,-0.0952595323,89.0687637,0.725118458,0.399722695,5.21409988,762.899719,54.6534996,3.49480009,0.0250000004,50,1,0.119999997,0.550000012,0.0133333337
SL4_rand_25_r0,2,2511,1.48000002,1,1.09307003,5.21409988,0.0309999995,0.0209999997,0.0249617435,0.0246658716,0,1.09307003,6,2.5,9.64608479,0,0,0,0,0,0.423855275,-0.0952595323,89.0687637,0.725118458,0.399722695,5.21409988,762.899719,54.6534996,3.49480009,0.0250000004,50,1,0.119999997,0.550000012,0.0133333337
SL4_rand_25_r0,2,2512,1.49333334,1,1.09307003,5.21409988,0.0306666661,0.0206666663,0.0245605558,0.0243615564,0,1.09307003,6,2.5,9.64608479,0,0,0,0,0,0.423855275,-0.0952595323,89.0687637,0.725118458,0.399722695,5.21409988,762.899719,54.6534996,3.49480009,0.0250000004,50,1,0.119999997,0.550000012,0.0133333337
SL4_rand_25_r0,2,2513,1.50666666,1,1.09307003,5.21409988,0.0303333327,0.0203333329,0.0240657497,0.0240037236,0,1.09307003,6,2.5,9.64608479,0,0,0,0,0,0.423855275,-0.0952595323,89.0687637,0.725118458,0.399722695,5.21409988,762.899719,54.6534996,3.49480009,0.0250000004,50,1,0.119999997,0.550000012,0.0133333337
SL4_rand_25_r0,2,2514,1.51999998,1,1.09307003,5.21409988,0.0299999993,0.0199999996,0.0238688067,0.0235717539,0,1.09307003,6,2.5,9.64608479,0,0,0,0,0,0.423855275,-0.0952595323,89.0687637,0.725118458,0.399722695,5.21409988,762.899719,54.6534996,3.49480009,0.0250000004,50,1,0.119999997,0.550000012,0.0133333337
SL4_rand_25_r0,2,2515,1.5333333,1,1.09307003,5.21409988,0.0296666659,0.0196666662,0.023395393,0.023334235,0,1.09307003,6,2.5,9.64608479,0,0,0,0,0,0.423855275,-0.0952595323,89.0687637,0.725118458,0.399722695,5.21409988,762.899719,54.6534996,3.49480009,0.0250000004,50,1,0.119999997,0.550000012,0.0133333337
SL4_rand_25_r0,2,2516,1.54666662,1,1.09307003,5.21409988,0.0293333326,0.0193333328,0.0232616086,0.0229956917,0,1.09307003,6,2.5,9.64608479,0,0,0,0,0,0.423855275,-0.0952595323,89.0687637,0.725118458,0.399722695,5.21409988,762.899719,54.6534996,3.49480009,0.0250000004,50,1,0.119999997,0.550000012,0.0133333337
SL4_rand_25_r0,2,2517,1.55999994,1,1.09307003,5.21409988,0.0289999992,0.0189999994,0.0226830132,0.0226440467,0,1.09307003,6,2.5,9.64608479,0,0,0,0,0,0.423855275,-0.0952595323,89.0687637,0.725118458,0.399722695,5.21409988,762.899719,54.6534996,3.49480009,0.0250000004,50,1,0.119999997,0.550000012,0.0133333337
SL4_rand_25_r0,2,2518,1.57333338,1,1.09307003,5.21409988,0.0286666658,0.018666666,0.0226773527,0.0224172361,0,1.09307003,6,2.5,9.64608479,0,0,0,0,0,0.423855275,-0.0952595323,89.0687637,0.725118458,0.399722695,5.21409988,762.899719,54.6534996,3.49480009,0.0250000004,50,1,0.119999997,0.550000012,0.0133333337
SL4_rand_25_r0,2,2519,1.5866667,1,1.09307003,5.21409988,0.0283333343,0.0183333326,0.0221980195,0.0219989344,0,1.09307003,6,2.5,9.64608479,0,0,0,0,0,0.423855275,-0.0952595323,89.0687637,0.725118458,0.399722695,5.21409988,762.899719,54.6534996,3.49480009,0.0250000004,50,1,0.119999997,0.550000012,0.0133333337
SL4_rand_25_r0,2,2520,1.60000002,1,1.09307003,5.21409988,0.0280000009,0.0179999992,0.0220190063,0.0219186973,0,1.09307003,6,2.5,9.64608479,0,0,0,0,0,0.423855275,-0.0952595323,89.0687637,0.725118458,0.399722695,5.21409988,762.899719,54.6534996,3.49480009,0.0250000004,50,1,0.119999997,0.550000012,0.0133333337
SL4_rand_25_r0,2,2521,1.61333334,1,1.09307003,5.21409988,0.0276666675,0.0176666658,0.0213548485,0.0213454869,0,1.09307003,6,2.5,9.64608479,0,0,0,0,0,0.423855275,-0.0952595323,89.0687637,0.725118458,0.399722695,5.21409988,762.899719,54.6534996,3.49480009,0.0250000004,50,1,0.119999997,0.550000012,0.0133333337
SL4_rand_25_r0,2,2522,1.62666667,1,1.09307003,5.21409988,0.0273333341,0.0173333324,0.0211650822,0.0209931713,0,1.09307003,6,2.5,9.64608479,0,0,0,0,0,0.423855275,-0.0952595323,89.0687637,0.725118458,0.399722695,5.21409988,762.899719,54.6534996,3.49480009,0.0250000004,50,1,0.119999997,0.550000012,0.0133333337
SL4_rand_25_r0,2,2523,1.63999999,1,1.09307003,5.21409988,0.0270000007,0.0170000009,0.0207756404,0.0206930228,0,1.09307003,6,2.5,9.64608479,0,0,0,0,0,0.423855275,-0.0952595323,89.0687637,0.725118458,0.399722695,5.21409988,762.899719,54.6534996,3.49480009,0.0250000004,50,1,0.119999997,0.550000012,0.0133333337
SL4_rand_25_r0,2,2524,1.65333331,1,1.09307003,5.21409988,0.0266666673,0.0166666675,0.0203909818,0.0202967767,0,1.09307003,6,2.5,9.64608479,0,0,0,0,0,0.423855275,-0.0952595323,89.0687637,0.725118458,0.399722695,5.21409988,762.899719,54.6534996,3.49480009,0.0250000004,50,1,0.119999997,0.550000012,0.0133333337
SL4_rand_25_r0,2,2525,1.66666663,1,1.09307003,5.21409988,0.0263333339,0.0163333341,0.0202155318,0.0198887717,0,1.09307003,6,2.5,9.64608479,0,0,0,0,0,0.423855275,-0.0952595323,89.0687637,0.725118458,0.399722695,5.21409988,762.899719,54.6534996,3.49480009,0.0250000004,50,1,0.119999997,0.550000012,0.0133333337
SL4_rand_25_r0,2,2526,1.67999995,1,1.09307003,5.21409988,0.0260000005,0.0160000008,0.0199898258,0.0196031816,0,1.09307003,6,2.5,9.64608479,0,0,0,0,0,0.423855275,-0.0952595323,89.0687637,0.725118458,0.399722695,5.21409988,762.899719,54.6534996,3.49480009,0.0250000004,50,1,0.119999997,0.550000012,0.0133333337
SL4_rand_25_r0,2,2527,1.69333339,1,1.09307003,5.21409988,0.0256666671,0.0156666674,0.0196590926,0.0193679892,0,1.09307003,6,2.5,9.64608479,0,0,0,0,0,0.423855275,-0.0952595323,89.0687637,0.725118458,0.399722695,5.21409988,762.899719,54.6534996,3.49480009,0.0250000004,50,1,0.119999997,0.550000012,0.0133333337
SL4_rand_25_r0,2,2528,1.70666671,1,1.09307003,5.21409988,0.0253333338,0.0153333331,0.0191985015,0.0188923217,0,1.09307003,6,2.5,9.64608479,0,0,0,0,0,0.423855275,-0.0952595323,89.0687637,0.725118458,0.399722695,5.21409988,762.899719,54.6534996,3.49480009,0.0250000004,50,1,0.119999997,0.550000012,0.0133333337
SL4_rand_25_r0,2,2529,1.72000003,1,1.09307003,5.21409988,0.0250000004,0.0149999997,0.0188304204,0.0185563415,0,1.09307003,6,2.5,9.64608479,0,0,0,0,0,0.423855275,-0.0952595323,89.0687637,0.725118458,0.399722695,5.21409988,762.899719,54.6534996,3.49480009,0.0250000004,50,1,0.119999997,0.550000012,0.0133333337
SL4_rand_25_r0,2,2530,1.73333335,1,1.09307003,5.21409988,0.024666667,0.0146666663,0.0182712097,0.0182216242,0,1.09307003,6,2.5,9.64608479,0,0,0,0,0,0.423855275,-0.0952595323,89.0687637,0.725118458,0.399722695,5.21409988,762.899719,54.6534996,3.49480009,0.0250000004,50,1,0.119999997,0.550000012,0.0133333337
SL4_rand_25_r0,2,2531,1.74666667,1,1.09307003,5.21409988,0.0243333336,0.0143333329,0.0179496687,0.0179233141,0,1.09307003,6,2.5,9.64608479,0,0,0,0,0,0.423855275,-0.0952595323,89.0687637,0.725118458,0.399722695,5.21409988,762.899719,54.6534996,3.49480009,0.0250000004,50,1,0.119999997,0.550000012,0.0133333337
SL4_rand_25_r0,2,2532,1.75999999,1,1.09307003,5.21409988,0.0240000002,0.0140000004,0.0176766925,0.0175437611,0,1.09307003,6,2.5,9.64608479,0,0,0,0,0,0.423855275,-0.0952595323,89.0687637,0.725118458,0.399722695,5.21409988,762.899719,54.6534996,3.49480009,0.0250000004,50,1,0.119999997,0.550000012,0.0133333337
SL4_rand_25_r0,2,2533,1.77333331,1,1.09307003,5.21409988,0.0236666668,0.013666667,0.0173975304,0.0172520839,0,1.09307003,6,2.5,9.64608479,0,0,0,0,0,0.423855275,-0.0952595323,89.0687637,0.725118458,0.399722695,5.21409988,762.899719,54.6534996,3.49480009,0.0250000004,50,1,0.119999997,0.550000012,0.0133333337
SL4_rand_25_r0,2,2534,1.78666663,1,1.09307003,5.21409988,0.0233333334,0.0133333337,0.0170957334,0.0168663748,0,1.09307003,6,2.5,9.64608479,0,0,0,0,0,0.423855275,-0.0952595323,89.0687637,0.725118458,0.399722695,5.21409988,762.899719,54.6534996,3.49480009,0.0250000004,50,1,0.119999997,0.550000012,0.0133333337
SL4_rand_25_r0,2,2535,1.79999995,1,1.09307003,5.21409988,0.023,0.0130000003,0.0171150006,0.0165480394,0,1.09307003,6,2.5,9.64608479,0,0,0,0,0,0.423855275,-0.0952595323,89.0687637,0.725118458,0.399722695,5.21409988,762.899719,54.6534996,3.49480009,0.0250000004,50,1,0.119999997,0.550000012,0.0133333337
SL4_rand_25_r0,2,2536,1.81333339,1,1.09307003,5.21409988,0.0226666667,0.0126666669,0.0163740106,0.0162117444,0,1.09307003,6,2.5,9.64608479,0,0,0,0,0,0.423855275,-0.0952595323,89.0687637,0.725118458,0.399722695,5.21409988,762.899719,54.6534996,3.49480009,0.0250000004,50,1,0.119999997,0.550000012,0.0133333337
SL4_rand_25_r0,2,2537,1.82666671,1,1.09307003,5.21409988,0.0223333333,0.0123333335,0.0160008594,0.0158839338,0,1.09307003,6,2.5,9.64608479,0,0,0,0,0,0.423855275,-0.0952595323,89.0687637,0.725118458,0.399722695,5.21409988,762.899719,54.6534996,3.49480009,0.0250000004,50,1,0.119999997,0.550000012,0.0133333337
SL4_rand_25_r0,2,2538,1.84000003,1,1.09307003,5.21409988,0.0219999999,0.0120000001,0.015583246,0.0155577641,0,1.09307003,6,2.5,9.64608479,0,0,0,0,0,0.423855275,-0.0952595323,89.0687637,0.725118458,0.399722695,5.21409988,762.899719,54.6534996,3.49480009,0.0250000004,50,1,0.119999997,0.550000012,0.0133333337
SL4_rand_25_r0,2,2539,1.85333335,1,1.09307003,5.21409988,0.0216666665,0.0116666667,0.0152732804,0.0152241597,0,1.09307003,6,2.5,9.64608479,0,0,0,0,0,0.423855275,-0.0952595323,89.0687637,0.725118458,0.399722695,5.21409988,762.899719,54.6534996,3.49480009,0.0250000004,50,1,0.119999997,0.550000012,0.0133333337
SL4_rand_25_r0,2,2540,1.86666667,1,1.09307003,5.21409988,0.0213333331,0.0113333333,0.0150122447,0.0149270808,0,1.09307003,6,2.5,9.64608479,0,0,0,0,0,0.423855275,-0.0952595323,89.0687637,0.725118458,0.399722695,5.21409988,762.899719,54.6534996,3.49480009,0.0250000004,50,1,0.119999997,0.550000012,0.0133333337
SL4_rand_25_r0,2,2541,1.88,1,1.09307003,5.21409988,0.0209999997,0.0109999999,0.0146060558,0.0145505155,0,1.09307003,6,2.5,9.64608479,0,0,0,0,0,0.423855275,-0.0952595323,89.0687637,0.725118458,0.399722695,5.21409988,762.899719,54.6534996,3.49480009,0.0250000004,50,1,0.119999997,0.550000012,0.0133333337
SL4_rand_25_r0,2,2542,1.89333332,1,1.09307003,5.21409988,0.0206666663,0.0106666666,0.0146977706,0.0143020879,0,1.09307003,6,2.5,9.64608479,0,0,0,0,0,0.423855275,-0.0952595323,89.0687637,0.725118458,0.399722695,5.21409988,762.899719,54.6534996,3.49480009,0.0250000004,50,1,0.119999997,0.550000012,0.0133333337
SL4_rand_25_r0,2,2543,1.90666664,1,1.09307003,5.21409988,0.0203333329,0.0103333332,0.0143754892,0.0138788763,0,1.09307003,6,2.5,9.64608479,0,0,0,0,0,0.423855275,-0.0952595323,89.0687637,0.725118458,0.399722695,5.21409988,762.899719,54.6534996,3.49480009,0.0250000004,50,1,0.119999997,0.550000012,0.0133333337
SL4_rand_25_r0,2,2544,1.91999996,1,1.09307003,5.21409988,0.0199999996,0.00999999978,0.0138710886,0.0136794606,0,1.09307003,6,2.5,9.64608479,0,0,0,0,0,0.423855275,-0.0952595323,89.0687637,0.725118458,0.399722695,5.21409988,762.899719,54.6534996,3.49480009,0.0250000004,50,1,0.119999997,0.550000012,0.0133333337
SL4_rand_25_r0,2,2545,1.93333328,1,1.09307003,5.21409988,0.0196666662,0.00966666639,0.01334194,0.0132245449,0,1.09307003,6,2.5,9.64608479,0,0,0,0,0,0.423855275,-0.0952595323,89.0687637,0.725118458,0.399722695,5.21409988,762.899719,54.6534996,3.49480009,0.0250000004,50,1,0.119999997,0.550000012,0.0133333337
SL4_rand_25_r0,2,2546,1.94666672,1,1.09307003,5.21409988,0.0193333328,0.009333333,0.0131419562,0.0129164802,0,1.09307003,6,2.5,9.64608479,0,0,0,0,0,0.423855275,-0.0952595323,89.0687637,0.725118458,0.399722695,5.21409988,762.899719,54.6534996,3.49480009,0.0250000004,50,1,0.119999997,0.550000012,0.0133333337
SL4_rand_25_r0,2,2547,1.96000004,1,1.09307003,5.21409988,0.0189999994,0.00899999961,0.0127444603,0.0125732087,0,1.09307003,6,2.5,9.64608479,0,0,0,0,0,0.423855275,-0.0952595323,89.0687637,0.725118458,0.399722695,5.21409988,762.899719,54.6534996,3.49480009,0.0250000004,50,1,0.119999997,0.550000012,0.0133333337
SL4_rand_25_r0,2,2548,1.97333336,1,1.09307003,5.21409988,0.018666666,0.00866666622,0.0123042269,0.0122429729,0,1.09307003,6,2.5,9.64608479,0,0,0,0,0,0.423855275,-0.0952595323,89.0687637,0.725118458,0.399722695,5.21409988,762.899719,54.6534996,3.49480009,0.0250000004,50,1,0.119999997,0.550000012,0.0133333337
SL4_rand_25_r0,2,2549,1.98666668,1,1.09307003,5.21409988,0.0183333326,0.00833333377,0.012196566,0.0120077012,0,1.09307003,6,2.5,9.64608479,0,0,0,0,0,0.423855275,-0.0952595323,89.0687637,0.725118458,0.399722695,5.21409988,762.899719,54.6534996,3.49480009,0.0250000004,50,1,0.119999997,0.550000012,0.0133333337
SL4_rand_25_r0,2,2550,2,2,1.09307003,5.21409988,0.0179999992,0.00800000038,0.0120620364,0.0115718078,0,1.09307003,6,2.5,9.64608479,0,0,0,0,0,0.908723116,-0.0858533457,89.3422089,0.919431269,178.466019,5.21409988,762.899719,54.6534996,3.49480009,0.0250000004,50,1,0.119999997,0.550000012,0.0133333337
SL4_rand_25_r0,2,2551,2.01333332,2,1.09307003,5.21409988,0.0176666658,0.00766666653,0.0117433304,0.0113495318,0,1.09307003,6,2.5,9.64608479,0,0,0,0,0,0.908723116,-0.0858533457,89.3422089,0.919431269,178.466019,5.21409988,762.899719,54.6534996,3.49480009,0.0250000004,50,1,0.119999997,0.550000012,0.0133333337
SL4_rand_25_r0,2,2552,2.02666664,2,1.09307003,5.21409988,0.0173333324,0.00733333314,0.0113504715,0.0113402829,0,1.09307003,6,2.5,9.64608479,0,0,0,0,0,0.908723116,-0.0858533457,89.3422089,0.919431269,178.466019,5.21409988,762.899719,54.6534996,3.49480009,0.0250000004,50,1,0.119999997,0.550000012,0.0133333337
SL4_rand_25_r0,2,2553,2.03999996,2,1.09307003,5.21409988,0.0170000009,0.00700000022,0.0107341353,0.0107038636,0,1.09307003,6,2.5,9.64608479,0,0,0,0,0,0.908723116,-0.0858533457,89.3422089,0.919431269,178.466019,5.21409988,762.899719,54.6534996,3.49480009,0.0250000004,50,1,0.119999997,0.550000012,0.0133333337
SL4_rand_25_r0,2,2554,2.05333328,2,1.09307003,5.21409988,0.0166666675,0.00666666683,0.0109065706,0.010246993,0,1.09307003,6,2.5,9.64608479,0,0,0,0,0,0.908723116,-0.0858533457,89.3422089,0.919431269,178.466019,5.21409988,762.899719,54.6534996,3.49480009,0.0250000004,50,1,0.119999997,0.550000012,0.0133333337
SL4_rand_25_r0,2,2555,2.0666666,2,1.09307003,5.21409988,0.0163333341,0.00633333344,0.0102247493,0.0100556538,0,1.09307003,6,2.5,9.64608479,0,0,0,0,0,0.908723116,-0.0858533457,89.3422089,0.919431269,178.466019,5.21409988,762.899719,54.6534996,3.49480009,0.0250000004,50,1,0.119999997,0.550000012,0.0133333337
SL4_rand_25_r0,2,2556,2.07999992,2,1.21736097,5.21409988,0.0160000008,0.00600000005,0.00978918187,0.00970378332,0.000296216778,1.31905365,6,2.5,9.64608479,0,0,0,0,0,0.908723116,-0.0858533457,89.3422089,0.919431269,178.466019,5.21409988,762.899719,54.6534996,3.49480009,0.0250000004,50,1,0.119999997,0.550000012,0.0133333337
SL4_rand_25_r0,2,2557,2.09333324,2,1.27820575,5.21409988,0.0156666674,0.00566666666,0.00984063279,0.00969207287,0.000307927548,1.32798779,6,2.5,9.64608479,0,0,0,0,0,0.908723116,-0.0858533457,89.3422089,0.919431269,178.466019,5.21409988,762.899719,54.6534996,3.49480009,0.0250000004,50,1,0.119999997,0.550000012,0.0133333337
SL4_rand_25_r0,2,2558,2.10666656,2,1.5905298,5.21409988,0.0153333331,0.00533333328,0.00922861602,0.00901297946,0.000987020438,1.84606755,6,2.5,9.64608479,0,0,0,0,0,0.908723116,-0.0858533457,89.3422089,0.919431269,178.466019,5.21409988,762.899719,54.6534996,3.49480009,0.0250000004,50,1,0.119999997,0.550000012,0.0133333337
SL4_rand_25_r0,2,2559,2.11999989,2,1.72930408,5.21409988,0.0149999997,0.00499999989,0.00915302988,0.00901720114,0.000982798403,1.84284663,6,2.5,9.64608479,0,0,0,0,0,0.908723116,-0.0858533457,89.3422089,0.919431269,178.466019,5.21409988,762.899719,54.6534996,3.49480009,0.0250000004,50,1,0.119999997,0.550000012,0.0133333337
SL4_rand_25_r0,2,2560,2.13333344,2,1.9102788,5.21409988,0.0146666663,0.0046666665,0.00877872575,0.00873472355,0.00126527657,2.05834913,6,2.5,9.64608479,0,0,0,0,0,0.908723116,-0.0858533457,89.3422089,0.919431269,178.466019,5.21409988,762.899719,54.6534996,3.49480009,0.0250000004,50,1,0.119999997,0.550000012,0.0133333337
SL4_rand_25_r0,2,2561,2.14666677,2,2.26836538,5.21409988,0.0143333329,0.00433333311,0.00829383824,0.00807540212,0.00192459836,2.56134558,6,2.5,9.64608479,0,0,0,0,0,0.908723116,-0.0858533457,89.3422089,0.919431269,178.466019,5.21409988,762.899719,54.6534996,3.49480009,0.0250000004,50,1,0.119999997,0.550000012,0.0133333337
SL4_rand_25_r0,2,2562,2.16000009,2,2.64137053,5.21409988,0.0140000004,0.00400000019,0.00796734542,0.00757047161,0.00242952839,2.94655657,6,2.5,9.64608479,1,1,0,1,0,0.908723116,-0.0858533457,89.3422089,0.919431269,178.466019,5.21409988,762.899719,54.6534996,3.49480009,0.0250000004,50,1,0.119999997,0.550000012,0.0133333337
SL4_rand_25_r0,2,2563,2.43958402,2,2.89709854,5.21409988,0.013666667,0.00366666657,0.00758206565,0.00736104185,0.00263895839,3.10633039,6,2.5,9.64608479,1,1,0,2,0,0.908723116,-0.0858533457,89.3422089,0.919431269,178.466019,5.21409988,762.899719,54.6534996,3.49480009,0.0250000004,50,1,0.119999997,0.550000012,0.0133333337
SL4_rand_25_r0,2,2564,2.71916795,2,3.17737842,5.21409988,0.0133333337,0.00333333341,0.00702724699,0.0069673229,0.00303267711,3.40669847,6,2.5,9.64608479,1,1,0,3,0,0.908723116,-0.0858533457,89.3422089,0.919431269,178.466019,5.21409988,762.899719,54.6534996,3.49480009,0.0250000004,50,1,0.119999997,0.550000012,0.0133333337
SL4_rand_25_r0,2,2565,4.27958393,4,3.40797424,5.21409988,0.0130000003,0.00300000003,0.00684488285,0.00671834499,0.00328165502,3.59664345,6,2.5,9.64608479,1,1,0,4,0,0.868916154,-0.113298155,89.2263641,1.00473928,0.722728491,5.21409988,762.899719,54.6534996,3.49480009,0.0250000004,50,1,0.119999997,0.550000012,0.0133333337
SL4_rand_25_r0,2,2566,4.55916786,4,3.36519909,5.21409988,0.0126666669,0.00266666664,0.00749731157,0.00706759421,0.00293240556,3.33020139,6,2.5,9.64608479,1,1,0,5,0,0.868916154,-0.113298155,89.2263641,1.00473928,0.722728491,5.21409988,762.899719,54.6534996,3.49480009,0.0250000004,50,1,0.119999997,0.550000012,0.0133333337
SL4_rand_25_r0,2,2567,4.83875179,4,3.51877666,5.21409988,0.0123333335,0.00233333325,0.0070277527,0.00665570609,0.00334429392,3.64443088,6,2.5,9.64608479,1,1,0,6,0,0.868916154,-0.113298155,89.2263641,1.00473928,0.722728491,5.21409988,762.899719,54.6534996,3.49480009,0.0250000004,50,1,0.119999997,0.550000012,0.0133333337
SL4_rand_25_r0,2,2568,5.1183362,5,3.54003072,5.21409988,0.0120000001,0.00200000009,0.00687961373,0.00676975818,0.00323024206,3.55742049,6,2.5,9.64608479,1,1,0,7,0,0.716571629,-0.165158793,89.9440613,1.00473928,178.531265,5.21409988,762.899719,54.6534996,3.49480009,0.0250000004,50,1,0.119999997,0.550000012,0.0133333337
SL4_rand_25_r0,2,2569,7.27958393,7,3.60069799,5.21409988,0.0120000001,0.00200000009,0.00673415232,0.00664796727,0.00335203274,3.65033484,6,2.5,9.64608479,1,1,0,8,0,1.76698959,-0.128815174,88.7866364,1.01421797,0.942050934,5.21409988,762.899719,54.6534996,3.49480009,0.0250000004,50,1,0.119999997,0.550000012,0.0133333337
SL4_rand_25_r0,2,2570,7.55916786,7,3.83197665,5.21409988,0.0120000001,0.00200000009,0.00664399145,0.00616183504,0.00383816473,4.02120495,6,2.5,9.64608479,1,1,0,9,0,1.76698959,-0.128815174,88.7866364,1.01421797,0.942050934,5.21409988,762.899719,54.6534996,3.49480009,0.0250000004,50,1,0.119999997,0.550000012,0.0133333337
SL4_rand_25_r0,2,2571,7.83875179,7,3.80473208,5.21409988,0.0120000001,0.00200000009,0.00691090943,0.00647480367,0.00352519611,3.78244114,6,2.5,9.64608479,1,1,0,10,0,1.76698959,-0.128815174,88.7866364,1.01421797,0.942050934,5.21409988,762.899719,54.6534996,3.49480009,0.0250000004,50,1,0.119999997,0.550000012,0.0133333337
SL4_rand_25_r0,2,2572,8.11833572,8,3.93165398,5.21409988,0.0120000001,0.00200000009,0.00650209934,0.0061430987,0.00385690155,4.0354991,6,2.5,9.64608479,1,1,0,11,0,2.32095766,0.307489723,89.6316071,0.995260656,178.547882,5.21409988,762.899719,54.6534996,3.49480009,0.0250000004,50,1,0.119999997,0.550000012,0.0133333337
SL4_rand_25_r0,2,2573,10.2795839,10,4.01138258,5.21409988,0.0120000001,0.00200000009,0.00631395262,0.00608920399,0.00391079579,4.07661486,6,2.5,9.64608479,1,1,0,12,0,-0.32704246,-0.914170086,89.3487549,1.00473928,1.89205563,5.21409988,762.899719,54.6534996,3.49480009,0.0250000004,50,1,0.119999997,0.550000012,0.0133333337
SL4_rand_25_r0,2,2574,10.5591679,10,3.99842215,5.21409988,0.0120000001,0.00200000009,0.00651501492,0.00620559789,0.00379440188,3.987818,6,2.5,9.64608479,1,1,0,13,0,-0.32704246,-0.914170086,89.3487549,1.00473928,1.89205563,5.21409988,762.899719,54.6534996,3.49480009,0.0250000004,50,1,0.119999997,0.550000012,0.0133333337
SL4_rand_25_r0,2,2575,10.8387518,10,3.84458232,5.21409988,0.0120000001,0.00200000009,0.0068600513,0.00655833725,0.00344166276,3.71871352,6,2.5,9.64608479,1,1,0,14,0,-0.32704246,-0.914170086,89.3487549,1.00473928,1.89205563,5.21409988,762.899719,54.6534996,3.49480009,0.0250000004,50,1,0.119999997,0.550000012,0.0133333337
SL4_rand_25_r0,2,2576,11.1183357,11,3.80331922,5.21409988,0.0120000001,0.00200000009,0.00655761501,0.00649168994,0.00350830983,3.76955867,6,2.5,9.64608479,1,1,0,15,0,0.579623878,-0.167802304,87.5856018,1.00947869,176.745163,5.21409988,762.899719,54.6534996,3.49480009,0.0250000004,50,1,0.119999997,0.550000012,0.0133333337
SL4_rand_25_r0,2,2577,13.2795839,13,3.62911654,5.21409988,0.0120000001,0.00200000009,0.0069636479,0.00686260592,0.00313739409,3.48658705,6,2.5,9.64608479,1,1,0,16,0,0.685915589,-0.0246912967,87.7418976,1.00947869,0.647351265,5.21409988,762.899719,54.6534996,3.49480009,0.0250000004,50,1,0.119999997,0.550000012,0.0133333337
SL4_rand_25_r0,2,2578,13.5591679,13,3.41898108,5.21409988,0.0120000001,0.00200000009,0.007211369,0.00717658503,0.00282341475,3.24705219,6,2.5,9.64608479,1,1,0,17,0,0.685915589,-0.0246912967,87.7418976,1.00947869,0.647351265,5.21409988,762.899719,54.6534996,3.49480009,0.0250000004,50,1,0.119999997,0.550000012,0.0133333337
SL4_rand_25_r0,2,2579,13.8387518,13,3.14248967,5.21409988,0.0120000001,0.00200000009,0.00774944527,0.00761017157,0.00238982821,2.9162693,6,2.5,9.64608479,1,1,0,18,0,0.685915589,-0.0246912967,87.7418976,1.00947869,0.647351265,5.21409988,762.899719,54.6534996,3.49480009,0.0250000004,50,1,0.119999997,0.550000012,0.0133333337
SL4_rand_25_r0,2,2580,14.1183357,14,2.98260283,5.21409988,0.0120000001,0.00200000009,0.00791897811,0.00769469514,0.00230530486,2.85178638,6,2.5,9.64608479,1,1,0,19,0,0.246291488,-0.282387555,88.3239288,1.02369666,2.064991,5.21409988,762.899719,54.6534996,3.49480009,0.0250000004,50,1,0.119999997,0.550000012,0.0133333337
SL4_rand_25_r0,2,2581,16.0133343,16,2.57397795,5.21409988,0.0120000001,0.00200000009,0.00865853857,0.00849707797,0.0015029218,2.23964858,6,2.5,9.64608479,0,1,0,0,0,-0.0400131829,-3.42778611,81.405632,1,3.91154695,5.21409988,762.899719,54.6534996,3.49480009,0.0250000004,50,1,0.119999997,0.550000012,0.0133333337
SL4_rand_25_r0,2,2582,16.0266666,16,2.14450264,5.21409988,0.0120000001,0.00200000009,0.00915644225,0.00908239093,0.000917609315,1.79311383,6,2.5,9.64608479,0,0,0,0,0,-0.0400131829,-3.42778611,81.405632,1,3.91154695,5.21409988,762.899719,54.6534996,3.49480009,0.0250000004,50,1,0.119999997,0.550000012,0.0133333337
SL4_rand_25_r0,2,2583,16.0400009,16,1.76162255,5.21409988,0.0120000001,0.00200000009,0.0097333109,0.00953429379,0.000465705933,1.44835687,6,2.5,9.64608479,0,0,0,0,0,-0.0400131829,-3.42778611,81.405632,1,3.91154695,5.21409988,762.899719,54.6534996,3.49480009,0.0250000004,50,1,0.119999997,0.550000012,0.0133333337
SL4_rand_25_r0,2,2584,16.0533333,16,1.74946105,5.21409988,0.0120000001,0.00200000009,0.00967950094,0.0091526527,0.000847346906,1.73951066,6,2.5,9.64608479,0,0,0,0,0,-0.0400131829,-3.42778611,81.405632,1,3.91154695,5.21409988,762.899719,54.6534996,3.49480009,0.0250000004,50,1,0.119999997,0.550000012,0.0133333337
SL4_rand_25_r0,2,2585,16.0666676,16,1.42087114,5.21409988,0.0120000001,0.00200000009,0.00995527953,0.00992272235,7.72772692e-05,1.15202475,6,2.5,9.64608479,0,0,0,0,0,-0.0400131829,-3.42778611,81.405632,1,3.91154695,5.21409988,762.899719,54.6534996,3.49480009,0.0250000004,50,1,0.119999997,0.550000012,0.0133333337
SL4_rand_25_r0,2,2586,16.0799999,16,1.24058044,5.21409988,0.0120000001,0.00200000009,0.0109316725,0.0100047104,0,1.09307003,6,2.5,9.64608479,0,0,0,0,0,-0.0400131829,-3.42778611,81.405632,1,3.91154695,5.21409988,762.899719,54.6534996,3.49480009,0.0250000004,50,1,0.119999997,0.550000012,0.0133333337
SL4_rand_25_r0,2,2587,16.0933342,16,1.1594497,5.21409988,0.0120000001,0.00200000009,0.0111899469,0.0111575369,0,1.09307003,6,2.5,9.64608479,0,0,0,0,0,-0.0400131829,-3.42778611,81.405632,1,3.91154695,5.21409988,762.899719,54.6534996,3.49480009,0.0250000004,50,1,0.119999997,0.550000012,0.0133333337
SL4_rand_25_r0,2,2588,16.1066666,16,1.1229409,5.21409988,0.0120000001,0.00200000009,0.0112165278,0.0105532538,0,1.09307003,6,2.5,9.64608479,0,0,0,0,0,-0.0400131829,-3.42778611,81.405632,1,3.91154695,5.21409988,762.899719,54.6534996,3.49480009,0.0250000004,50,1,0.119999997,0.550000012,0.0133333337
SL4_rand_25_r0,2,2589,16.1200008,16,1.10651195,5.21409988,0.0120000001,0.00200000009,0.0109040244,0.0104648303,0,1.09307003,6,2.5,9.64608479,0,0,0,0,0,-0.0400131829,-3.42778611,81.405632,1,3.91154695,5.21409988,762.899719,54.6534996,3.49480009,0.0250000004,50,1,0.119999997,0.550000012,0.0133333337
SL4_rand_25_r0,2,2590,16.1333332,16,1.09911883,5.21409988,0.0120000001,0.00200000009,0.0111401174,0.010456468,0,1.09307003,6,2.5,9.64608479,0,0,0,0,0,-0.0400131829,-3.42778611,81.405632,1,3.91154695,5.21409988,762.899719,54.6534996,3.49480009,0.0250000004,50,1,0.119999997,0.550000012,0.0133333337
SL4_rand_25_r0,2,2591,16.1466675,16,1.09579194,5.21409988,0.0120000001,0.00200000009,0.0108406497,0.0104939649,0,1.09307003,6,2.5,9.64608479,0,0,0,0,0,-0.0400131829,-3.42778611,81.405632,1,3.91154695,5.21409988,762.899719,54.6534996,3.49480009,0.0250000004,50,1,0.119999997,0.550000012,0.0133333337
SL4_rand_25_r0,2,2592,16.1599998,16,1.09429491,5.21409988,0.0120000001,0.00200000009,0.0103420168,0.0101699913,0,1.09307003,6,2.5,9.64608479,0,0,0,0,0,-0.0400131829,-3.42778611,81.405632,1,3.91154695,5.21409988,762.899719,54.6534996,3.49480009,0.0250000004,50,1,0.119999997,0.550000012,0.0133333337
SL4_rand_25_r0,2,2593,16.1733341,16,1.09362125,5.21409988,0.0120000001,0.00200000009,0.0102933859,0.0100318892,0,1.09307003,6,2.5,9.64608479,0,0,0,0,0,-0.0400131829,-3.42778611,81.405632,1,3.91154695,5.21409988,762.899719,54.6534996,3.49480009,0.0250000004,50,1,0.119999997,0.550000012,0.0133333337
SL4_rand_25_r0,2,2594,16.1866665,16,1.09331799,5.21409988,0.0120000001,0.00200000009,0.0105180144,0.0103912549,0,1.09307003,6,2.5,9.64608479,0,0,0,0,0,-0.0400131829,-3.42778611,81.405632,1,3.91154695,5.21409988,762.899719,54.6534996,3.49480009,0.0250000004,50,1,0.119999997,0.550000012,0.0133333337
SL4_rand_25_r0,2,2595,16.2000008,16,1.09318161,5.21409988,0.0120000001,0.00200000009,0.0103494963,0.0101856841,0,1.09307003,6,2.5,9.64608479,0,0,0,0,0,-0.0400131829,-3.42778611,81.405632,1,3.91154695,5.21409988,762.899719,54.6534996,3.49480009,0.0250000004,50,1,0.119999997,0.550000012,0.0133333337
SL4_rand_25_r0,2,2596,16.2133331,16,1.14155281,5.21409988,0.0120000001,0.00200000009,0.0100968387,0.00988457352,0.000115426941,1.18112922,6,2.5,9.64608479,0,0,0,0,0,-0.0400131829,-3.42778611,81.405632,1,3.91154695,5.21409988,762.899719,54.6534996,3.49480009,0.0250000004,50,1,0.119999997,0.550000012,0.0133333337
SL4_rand_25_r0,2,2597,16.2266674,16,1.34743178,5.21409988,0.0120000001,0.00200000009,0.00945762452,0.00944578741,0.000554212194,1.51587832,6,2.5,9.64608479,0,0,0,0,0,-0.0400131829,-3.42778611,81.405632,1,3.91154695,5.21409988,762.899719,54.6534996,3.49480009,0.0250000004,50,1,0.119999997,0.550000012,0.0133333337
SL4_rand_25_r0,2,2598,16.2399998,16,1.56241751,5.21409988,0.0120000001,0.00200000009,0.00941710174,0.00915422104,0.000845779374,1.73831487,6,2.5,9.64608479,0,0,0,0,0,-0.0400131829,-3.42778611,81.405632,1,3.91154695,5.21409988,762.899719,54.6534996,3.49480009,0.0250000004,50,1,0.119999997,0.550000012,0.0133333337
SL4_rand_25_r0,2,2599,16.253334,16,1.63078451,5.21409988,0.0120000001,0.00200000009,0.00927012507,0.00922184903,0.000778151036,1.68672121,6,2.5,9.64608479,0,0,0,0,0,-0.0400131829,-3.42778611,81.405632,1,3.91154695,5.21409988,762.899719,54.6534996,3.49480009,0.0250000004,50,1,0.119999997,0.550000012,0.0133333337
SL4_rand_25_r0,2,2600,16.2666664,16,1.89868176,5.21409988,0.0120000001,0.00200000009,0.00888774451,0.00865670387,0.00134329626,2.11787033,6,2.5,9.64608479,0,0,0,0,0,-0.0400131829,-3.42778611,81.405632,1,3.91154695,5.21409988,762.899719,54.6534996,3.49480009,0.0250000004,50,1,0.119999997,0.550000012,0.0133333337
SL4_rand_25_r0,2,2601,16.2800007,16,2.16534352,5.21409988,0.0120000001,0.00200000009,0.00835568085,0.00830849167,0.00169150834,2.38352108,6,2.5,9.64608479,0,0,0,0,0,-0.0400131829,-3.42778611,81.405632,1,3.91154695,5.21409988,762.899719,54.6534996,3.49480009,0.0250000004,50,1,0.119999997,0.550000012,0.0133333337
SL4_rand_25_r0,2,2602,16.2933331,16,2.58695102,5.21409988,0.0120000001,0.00200000009,0.00776096899,0.00758967968,0.00241032033,2.93190265,6,2.5,9.64608479,1,1,0,1,0,-0.0400131829,-3.42778611,81.405632,1,3.91154695,5.21409988,762.899719,54.6534996,3.49480009,0.0250000004,50,1,0.119999997,0.550000012,0.0133333337
SL4_rand_25_r0,2,2603,16.5729179,16,2.77708435,5.21409988,0.0120000001,0.00200000009,0.00781779829,0.00758870225,0.00241129752,2.93264818,6,2.5,9.64608479,1,1,0,2,0,-0.0400131829,-3.42778611,81.405632,1,3.91154695,5.21409988,762.899719,54.6534996,3.49480009,0.0250000004,50,1,0.119999997,0.550000012,0.0133333337
SL4_rand_25_r0,2,2604,16.8525009,16,3.07588887,5.21409988,0.0120000001,0.00200000009,0.00744345458,0.00708048744,0.0029195128,3.32036543,6,2.5,9.64608479,1,1,0,3,0,-0.0400131829,-3.42778611,81.405632,1,3.91154695,5.21409988,762.899719,54.6534996,3.49480009,0.0250000004,50,1,0.119999997,0.550000012,0.0133333337
SL4_rand_25_r0,2,2605,18.2795849,18,3.46601057,5.21409988,0.0120000001,0.00200000009,0.00647316501,0.00647118594,0.00352881406,3.78520107,6,2.5,9.64608479,1,1,0,4,0,3.28917122,-0.0826817304,76.549881,0.990521312,2.28039837,5.21409988,762.899719,54.6534996,3.49480009,0.0250000004,50,1,0.119999997,0.550000012,0.0133333337
SL4_rand_25_r0,2,2606,18.5591679,18,3.80375648,5.21409988,0.0120000001,0.00200000009,0.00615169993,0.00608464377,0.00391535647,4.08009434,6,2.5,9.64608479,1,1,0,5,0,3.28917122,-0.0826817304,76.549881,0.990521312,2.28039837,5.21409988,762.899719,54.6534996,3.49480009,0.0250000004,50,1,0.119999997,0.550000012,0.0133333337
SL4_rand_25_r0,2,2607,18.8387527,18,4.04671621,5.21409988,0.0120000001,0.00200000009,0.00624393998,0.00586782955,0.00413217023,4.24550152,6,2.5,9.64608479,1,1,0,6,0,3.28917122,-0.0826817304,76.549881,0.990521312,2.28039837,5.21409988,762.899719,54.6534996,3.49480009,0.0250000004,50,1,0.119999997,0.550000012,0.0133333337
SL4_rand_25_r0,2,2608,19.1183357,19,4.3325243,5.21409988,0.0120000001,0.00200000009,0.00567700434,0.00544724194,0.00455275783,4.56636763,6,2.5,9.64608479,1,1,0,7,0,0.408346504,-9.87488556,77.6896896,1.01895738,21.6631031,5.21409988,762.899719,54.6534996,3.49480009,0.0250000004,50,1,0.119999997,0.550000012,0.0133333337
SL4_rand_25_r0,2,2609,20.2795849,20,4.47011948,5.21409988,0.0120000001,0.00200000009,0.00645997608,0.00528444024,0.00471555954,4.58269739,6,2.5,9.64608479,1,1,0,8,0,0.325554848,-12.8453398,56.0314255,1.01421797,3.37515402,5.21409988,762.899719,54.6534996,3.49480009,0.0250000004,50,1,0.119999997,0.550000012,0.0133333337
SL4_rand_25_r0,2,2610,20.5591679,20,4.34992075,5.21409988,0.0120000001,0.00200000009,0.00573953381,0.00553061767,0.00446938258,4.25157595,6,2.5,9.64608479,1,1,0,9,0,0.325554848,-12.8453398,56.0314255,1.01421797,3.37515402,5.21409988,762.899719,54.6534996,3.49480009,0.0250000004,50,1,0.119999997,0.550000012,0.0133333337
SL4_rand_25_r0,2,2611,20.8387527,20,4.38958883,5.21409988,0.0120000001,0.00200000009,0.0055719479,0.00541937584,0.0045806244,4.42204523,6,2.5,9.64608479,1,1,0,10,0,0.325554848,-12.8453398,56.0314255,1.01421797,3.37515402,5.21409988,762.899719,54.6534996,3.49480009,0.0250000004,50,1,0.119999997,0.550000012,0.0133333337
SL4_rand_25_r0,2,2612,21.1183357,21,4.31813002,5.21409988,0.0120000001,0.00200000009,0.00569617189,0.00560356071,0.00439643953,4.25966358,6,2.5,9.64608479,1,1,0,11,0,0.589165866,-1.14678967,52.6912193,1.03791463,0.818097532,5.21409988,762.899719,54.6534996,3.49480009,0.0250000004,50,1,0.119999997,0.550000012,0.0133333337
SL4_rand_25_r0,2,2613,22.2795849,22,4.96854258,5.21409988,0.0120000001,0.00200000009,0.00501533318,0.00405737059,0.00594262918,5.50069857,6,2.5,9.64608479,1,1,0,12,0,0.392887652,-1.0900737,53.3842735,0.82938391,2.04450989,5.21409988,762.899719,54.6534996,3.49480009,0.0250000004,50,1,0.119999997,0.550000012,0.0133333337
SL4_rand_25_r0,2,2614,22.5591679,22,4.59104252,5.21409988,0.0120000001,0.00200000009,0.00502540078,0.00489143282,0.00510856695,4.2821784,6,2.5,9.64608479,1,1,0,13,0,0.392887652,-1.0900737,53.3842735,0.82938391,2.04450989,5.21409988,762.899719,54.6534996,3.49480009,0.0250000004,50,1,0.119999997,0.550000012,0.0133333337
SL4_rand_25_r0,2,2615,22.8387527,22,4.46719837,5.21409988,0.0120000001,0.00200000009,0.00544876792,0.00510526635,0.00489473389,4.36587143,6,2.5,9.64608479,1,1,0,14,0,0.392887652,-1.0900737,53.3842735,0.82938391,2.04450989,5.21409988,762.899719,54.6534996,3.49480009,0.0250000004,50,1,0.119999997,0.550000012,0.0133333337
SL4_rand_25_r0,2,2616,23.1183357,23,4.67523766,5.21409988,0.0120000001,0.00200000009,0.00503768679,0.0046784291,0.00532157067,4.84545135,6,2.5,9.64608479,1,1,0,15,0,0.397566497,-3.99277997,51.339859,0.516587675,0.634630263,5.21409988,762.899719,54.6534996,3.49480009,0.0250000004,50,1,0.119999997,0.550000012,0.0133333337
SL4_rand_25_r0,2,2617,25.2795849,25,4.55094862,5.21409988,0.0120000001,0.00200000009,0.0054864157,0.00498299114,0.00501700863,4.44925785,6,2.5,9.64608479,1,1,0,16,0,0.43412137,-1.36390924,53.9928436,0.824644566,1.08023739,5.21409988,762.899719,54.6534996,3.49480009,0.0250000004,50,1,0.119999997,0.550000012,0.0133333337
SL4_rand_25_r0,2,2618,25.5591679,25,4.60906363,5.21409988,0.0120000001,0.00200000009,0.00594079541,0.00482379831,0.00517620193,4.6566124,6,2.5,9.64608479,1,1,0,17,0,0.43412137,-1.36390924,53.9928436,0.824644566,1.08023739,5.21409988,762.899719,54.6534996,3.49480009,0.0250000004,50,1,0.119999997,0.550000012,0.0133333337
SL4_rand_25_r0,2,2619,25.8387527,25,4.45456266,5.21409988,0.0120000001,0.00200000009,0.00643796893,0.00520371785,0.00479628239,4.32815313,6,2.5,9.64608479,1,1,0,18,0,0.43412137,-1.36390924,53.9928436,0.824644566,1.08023739,5.21409988,762.899719,54.6534996,3.49480009,0.0250000004,50,1,0.119999997,0.550000012,0.0133333337
SL4_rand_25_r0,2,2620,26.1183357,26,4.18513536,5.21409988,0.0120000001,0.00200000009,0.00618521217,0.00585617032,0.00414382992,3.96469426,6,2.5,9.64608479,1,1,0,19,0,0.656450629,-0.114186659,53.0098686,1.02369666,7.41881227,5.21409988,762.899719,54.6534996,3.49480009,0.0250000004,50,1,0.119999997,0.550000012,0.0133333337
SL4_rand_25_r0,2,2621,28.2795849,28,4.63639355,5.21409988,0.0120000001,0.00200000009,0.00491659157,0.00484278891,0.00515721133,5.00560474,6,2.5,9.64608479,1,1,0,20,0,0.660539091,-3.48836136,78.006279,0.947867274,23.3794956,5.21409988,762.899719,54.6534996,3.49480009,0.0250000004,50,1,0.119999997,0.550000012,0.0133333337
SL4_rand_25_r0,2,2622,28.5591679,28,5.20919418,5.21409988,0.0120000001,0.00200000009,0.00369612849,0.00348132825,0.00651867175,5.67784882,6,2.5,9.64608479,1,1,0,21,0,0.660539091,-3.48836136,78.006279,0.947867274,23.3794956,5.21409988,762.899719,54.6534996,3.49480009,0.0250000004,50,1,0.119999997,0.550000012,0.0133333337
SL4_rand_25_r0,2,2623,28.8387527,28,5.64413738,5.21409988,0.0121132582,0.00211325777,0.00331145269,0.00217100256,0.00782899745,6,6,2.5,9.64608479,1,1,0,22,0,0.660539091,-3.48836136,78.006279,0.947867274,23.3794956,5.21409988,762.899719,54.6534996,3.49480009,0.0250000004,50,1,0.119999997,0.550000012,0.0133333337
SL4_rand_25_r0,2,2624,29.1183357,29,5.83986187,5.21409988,0.0123059563,0.00230595679,0.00152532,0.000708737294,0.00929126237,6,6,2.5,9.64608479,1,1,0,23,0,21.2480717,-1.73134851,75.2215805,0.800947845,25.0887432,5.21409988,762.899719,54.6534996,3.49480009,0.0250000004,50,1,0.119999997,0.550000012,0.0133333337
SL4_rand_25_r0,2,2625,33.279583,33,5.92793798,5.21409988,0.0125363618,0.00253636157,0.00143801956,4.01148463e-05,0.00995988492,6,6,2.5,9.64608479,1,1,0,24,0,0.288505256,-2.09604979,86.7288284,1.01895738,1.78117943,5.21409988,762.899719,54.6534996,3.49480009,0.0250000004,50,1,0.119999997,0.550000012,0.0133333337
SL4_rand_25_r0,2,2626,33.5591698,33,5.96757221,5.21409988,0.0127840601,0.00278406008,0.00129644724,0.000144852107,0.00985514745,6,6,2.5,9.64608479,1,1,0,25,0,0.288505256,-2.09604979,86.7288284,1.01895738,1.78117943,5.21409988,762.899719,54.6534996,3.49480009,0.0250000004,50,1,0.119999997,0.550000012,0.0133333337
SL4_rand_25_r0,2,2627,33.8387527,33,5.98540735,5.21409988,0.0130395954,0.00303959521,0.00116181932,0.00101740402,0.00898259599,6,6,2.5,9.64608479,1,1,0,26,0,0.288505256,-2.09604979,86.7288284,1.01895738,1.78117943,5.21409988,762.899719,54.6534996,3.49480009,0.0250000004,50,1,0.119999997,0.550000012,0.0133333337
SL4_rand_25_r0,2,2628,34.1183357,34,5.93130875,5.21409988,0.0132814096,0.00328140915,0.00154210639,0.0011849486,0.00881505106,5.88704681,6,2.5,9.64608479,1,1,0,27,0,-0.0346945822,-0.359842718,88.4112701,1.03317535,0.920640826,5.21409988,762.899719,54.6534996,3.49480009,0.0250000004,50,1,0.119999997,0.550000012,0.0133333337
SL4_rand_25_r0,2,2629,40.279583,40,5.87336683,5.21409988,0.0135048414,0.00350484136,0.00144820404,0.00132399902,0.00867600087,5.82596016,6,2.5,9.64608479,1,1,0,28,0,1.5950284,-0.123849958,88.7201996,1.01421797,176.304199,5.21409988,762.899719,54.6534996,3.49480009,0.0250000004,50,1,0.119999997,0.550000012,0.0133333337
SL4_rand_25_r0,2,2630,40.5591698,40,5.62642193,5.21409988,0.0136566134,0.00365661387,0.00233142241,0.00192940247,0.00807059743,5.42437601,6,2.5,9.64608479,1,1,0,29,0,1.5950284,-0.123849958,88.7201996,1.01421797,176.304199,5.21409988,762.899719,54.6534996,3.49480009,0.0250000004,50,1,0.119999997,0.550000012,0.0133333337
SL4_rand_25_r0,2,2631,40.8387527,40,4.88025522,5.21409988,0.0135891745,0.00358917471,0.00381946401,0.00375088304,0.0062491172,4.26975536,6,2.5,9.64608479,1,1,0,30,0,1.5950284,-0.123849958,88.7201996,1.01421797,176.304199,5.21409988,762.899719,54.6534996,3.49480009,0.0250000004,50,1,0.119999997,0.550000012,0.0133333337
SL4_rand_25_r0,2,2632,41.1183357,41,4.59497023,5.21409988,0.0134059545,0.00340595422,0.00516503584,0.00457280222,0.00542719802,4.3615551,6,2.5,9.64608479,1,1,0,31,0,4.27848053,0.193312213,88.9524307,1.00473928,1.55355561,5.21409988,762.899719,54.6534996,3.49480009,0.0250000004,50,1,0.119999997,0.550000012,0.0133333337
