step,contact,physical_contact,moving,spin,geometry_contact_possible,sensor_raw_force,virtual_force,raw_force,filtered_force,pad_compression,z_offset,normal_tilt,path,pause,stable_steps,actual_clearance
225,0,0,0,1,0,0.0,0.036000000000000004,0.036000000000000004,0.03599949733610329,0.0,0.07849999999999996,17.48818502239992,0.0,0,0,0.09488607122125015
240,0,0,0,1,0,0.0,0.036000000000000004,0.036000000000000004,0.03599999999684162,0.0,0.07699999999999992,17.48818502239992,0.0,0,0,0.037605629247180125
255,0,0,0,1,0,0.0,0.036000000000000004,0.036000000000000004,0.03599999999999999,0.0,0.07549999999999987,17.48818502239992,0.0,0,0,0.017226809425456676
270,0,0,0,1,0,0.0,0.036000000000000004,0.036000000000000004,0.036000000000000004,0.0,0.07399999999999983,17.48818502239992,0.0,0,0,0.01892508310419736
285,0,0,0,1,0,0.0,0.036000000000000004,0.036000000000000004,0.036000000000000004,0.0,0.07249999999999979,17.48818502239992,0.0,0,0,0.022779374535129824
300,0,0,0,1,0,0.0,0.036000000000000004,0.036000000000000004,0.036000000000000004,0.0,0.07099999999999974,17.48818502239992,0.0,0,0,0.02452156406554507
315,0,0,0,1,0,0.0,0.036000000000000004,0.036000000000000004,0.036000000000000004,0.0,0.0694999999999997,17.48818502239992,0.0,0,0,0.025605227701633405
330,0,0,0,1,0,0.0,0.036000000000000004,0.036000000000000004,0.036000000000000004,0.0,0.06799999999999966,17.48818502239992,0.0,0,0,0.026058778986372433
345,0,0,0,1,0,0.0,0.036000000000000004,0.036000000000000004,0.036000000000000004,0.0,0.06649999999999961,17.48818502239992,0.0,0,0,0.025749229031724594
360,0,0,0,1,0,0.0,0.036000000000000004,0.036000000000000004,0.036000000000000004,0.0,0.06499999999999957,17.48818502239992,0.0,0,0,0.0248290857095884
375,0,0,0,1,0,0.0,0.036000000000000004,0.036000000000000004,0.036000000000000004,0.0,0.06349999999999953,17.48818502239992,0.0,0,0,0.02357291008350183
390,0,0,0,1,0,0.0,0.036000000000000004,0.036000000000000004,0.036000000000000004,0.0,0.061999999999999486,17.48818502239992,0.0,0,0,0.022171332959849376
405,0,0,0,1,0,0.0,0.036000000000000004,0.036000000000000004,0.036000000000000004,0.0,0.06049999999999944,17.48818502239992,0.0,0,0,0.020711125447946066
420,0,0,0,1,0,0.0,0.036000000000000004,0.036000000000000004,0.036000000000000004,0.0,0.0589999999999994,17.48818502239992,0.0,0,0,0.019229363579624566
435,0,0,0,1,0,0.0,0.036000000000000004,0.036000000000000004,0.036000000000000004,0.0,0.05749999999999936,17.48818502239992,0.0,0,0,0.017738844841261776
450,0,0,0,1,0,0.0,0.036000000000000004,0.036000000000000004,0.036000000000000004,0.0,0.055999999999999314,17.48818502239992,0.0,0,0,0.01624543736234652
465,0,0,0,1,0,0.0,0.036000000000000004,0.036000000000000004,0.036000000000000004,0.0,0.05449999999999927,17.48818502239992,0.0,0,0,0.014750235893110395
480,0,0,0,1,0,0.0,0.036000000000000004,0.036000000000000004,0.036000000000000004,0.0,0.05299999999999923,17.48818502239992,0.0,0,0,0.013255226047574233
495,0,0,0,1,0,0.0,0.036000000000000004,0.036000000000000004,0.036000000000000004,0.0,0.051499999999999185,17.48818502239992,0.0,0,0,0.011759754546847207
510,0,0,0,1,0,0.0,0.036000000000000004,0.036000000000000004,0.036000000000000004,0.0,0.04999999999999914,17.48818502239992,0.0,0,0,0.010264368867539701
525,0,0,0,1,0,0.0,0.036000000000000004,0.036000000000000004,0.036000000000000004,0.0,0.0484999999999991,17.48818502239992,0.0,0,0,0.008769554822105239
540,0,0,0,1,0,0.0,0.036000000000000004,0.036000000000000004,0.036000000000000004,0.0,0.046999999999999056,17.48818502239992,0.0,0,0,0.0072732631802335836
555,0,0,0,1,0,0.0,0.036000000000000004,0.036000000000000004,0.036000000000000004,0.0,0.04549999999999901,17.48818502239992,0.0,0,0,0.00577798318805443
570,0,0,0,1,1,0.0,0.48600000000051247,0.48600000000051247,0.44512186420861666,0.000900000000001025,0.04399999999999897,17.48818502239992,0.0,0,0,0.0042826375016954505
585,1,0,1,1,1,0.0,1.201676652569506,1.201676652569506,1.170932658487191,0.0023497959312143643,0.042583591554441635,17.45150216397405,0.21666666666666665,0,14,0.0028064948478558134
600,1,1,1,1,1,4.111648082733154,1.2022122738694765,1.2022122738694765,1.1740121227470264,0.0023517589042909015,0.04258207114992033,16.077206910248826,0.4666666666666666,0,29,0.0017038232456044872
615,1,1,1,1,1,7.893371105194092,1.4412205673753984,1.4412205673753984,1.435160050708335,0.002871904959596043,0.042114961802246435,17.105280445831028,0.7166666666666672,0,44,0.0007570588640738841
630,1,1,1,1,1,7.018960952758789,1.2655817926796804,1.2655817926796804,1.2494899745041086,0.0024914279816445895,0.04245738201299302,19.46384718352988,0.966666666666668,0,59,0.00011541388920502653
645,1,1,1,1,1,10.144451141357422,1.340257987448557,1.340257987448557,1.3471571695655773,0.0026516338755499455,0.0423348000109342,18.85649917005801,1.2166666666666672,0,74,0.0008615730516181837
660,1,1,1,1,1,10.477575302124023,1.4091310729257518,1.4091310729257518,1.4040153383643497,0.0028025741522532746,0.04226627850216162,17.89245517869755,1.4666666666666663,0,89,0.000725985828301131
675,1,1,1,1,1,10.682217597961426,1.1299253950802266,1.1299253950802266,1.1441906374802187,0.0021921759769098284,0.04284543160864918,16.89782208785439,1.7166666666666655,0,104,0.000684058239357679
690,1,1,1,1,1,10.150250434875488,0.8397323501248889,0.8397323501248889,0.8556645814930155,0.0016074647002497777,0.043322585386725315,16.463023157168035,1.9666666666666646,0,119,0.0008497640978812134
705,1,1,0,1,1,12.487553596496582,0.2429316413541543,0.2429316413541543,0.4165450765493521,0.0004138632827083086,0.044983647436591,15.85735197642243,2.1833333333333305,0,0,0.000963662635211845
720,1,1,1,1,1,9.720905303955078,0.1954168212552989,0.1954168212552989,0.15785187659755534,0.0003188336425105978,0.0445811663574894,15.419559982844808,2.3999999999999964,0,14,0.0019358920333703805
735,1,1,1,1,1,10.389760971069336,0.4846064460416939,0.4846064460416939,0.482440507229543,0.0008972128920833877,0.044080739302130474,15.149445761718797,2.6499999999999955,0,29,0.001437796919041567
750,1,1,1,1,1,10.256674766540527,0.5192626845976198,0.5192626845976198,0.5132543758401307,0.0009665253691952397,0.04398480958411286,16.21771327222613,2.8999999999999946,0,44,0.0015247684739700769
765,1,1,1,1,1,9.890769958496094,1.108826382856494,1.108826382856494,1.0714463577977784,0.0021468046978137464,0.04276695265523158,16.4910612177177,3.1499999999999937,0,59,0.001344665769591298
780,1,1,1,1,1,10.057872772216797,1.411026128424861,1.411026128424861,1.3990185124906178,0.0027989207643416975,0.04218460337690461,15.637206895606809,3.399999999999993,0,74,0.0008006977924698148
795,1,1,1,1,1,10.088961601257324,1.4101578474155265,1.4101578474155265,1.4120189683664393,0.0028031744291812308,0.04219017871561647,14.895470818546313,3.649999999999992,0,89,0.0006156441328305709
810,1,1,1,1,1,10.257253646850586,1.4347040943359881,1.4347040943359881,1.4356042084739582,0.0028567490582671606,0.042176813951234605,14.38861211837478,3.899999999999991,0,104,0.0006861467114927103
825,1,1,1,1,1,10.410614013671875,1.2596077285503526,1.2596077285503526,1.2543424061141817,0.002485264989003616,0.04252861959320692,15.665032984740575,4.149999999999991,0,119,0.0010793435631110742
840,1,1,1,1,1,10.045868873596191,1.2970846441649828,1.2970846441649828,1.2884055744826908,0.0025497288528597215,0.04240066869254915,15.82529638292712,4.39999999999999,0,134,0.0013758577249130106
855,1,1,1,1,1,10.503791809082031,0.953656312760095,0.953656312760095,0.9631407974870481,0.0018353126255201899,0.043165445736296215,15.8423490590048,4.649999999999989,0,149,0.0019029089595678594
870,1,1,1,1,1,11.207244873046875,1.1597212766579617,1.1597212766579617,1.1855108042670155,0.0022628488209182063,0.04289124204376534,15.848180443672026,4.899999999999988,0,164,0.0021712356129456917
885,1,0,1,1,1,0.33716434240341187,1.1085855663434583,1.1085855663434583,1.152443051713647,0.002158380461675692,0.04277229384482403,15.863773887554109,5.149999999999987,0,179,0.002150419914413662
900,1,1,1,1,1,1.0045424699783325,1.4209533216944252,1.4209533216944252,1.4128037778733442,0.002827737746657101,0.04215460075494278,15.91941139124725,5.399999999999986,0,194,0.001343885402048606
915,1,1,1,1,1,0.8821341395378113,1.4843972094216786,1.4843972094216786,1.4827884620589908,0.0029659976275233993,0.042030516200511486,15.260544665466682,5.649999999999985,0,209,0.0009087162232108973
930,1,1,1,1,1,0.8035362958908081,1.4969202116682017,1.4969202116682017,1.4966026658197884,0.002993288373032685,0.04200602350187268,14.077615819229761,5.899999999999984,0,224,0.0006485849663561106
945,1,1,1,1,1,3.5789263248443604,1.4993920897597777,1.4993920897597777,1.4993294103311317,0.0029986752119553622,0.042001188961083,12.7627083509149,6.1499999999999835,0,239,0.0003358237760213189
960,1,1,1,1,1,8.03230094909668,0.036000000000000004,0.036000000000000004,0.10903589151532256,0.0,0.045139187355423264,12.278208811562394,6.366666666666649,0,3,0.0008734337520130498
975,1,1,1,1,1,7.99418830871582,0.036000000000000004,0.036000000000000004,0.03600045890632288,0.0,0.0475591384128573,12.676129204121143,6.499999999999982,0,4,0.00405123805151758
990,1,1,1,1,1,8.298810005187988,0.036000000000000004,0.036000000000000004,0.03600000000288345,0.0,0.04612176200904866,13.724360553434535,6.649999999999982,0,3,0.005127323925378438
1005,1,1,1,1,1,0.52051842212677,0.17511899547568857,0.17511899547568857,0.1389292770129658,0.00027823799095137713,0.04462176200904862,14.10045279090935,6.733333333333315,0,4,0.004819736687215023
1020,1,1,1,1,1,8.753739356994629,0.9251189954757101,0.9251189954757101,0.8842099342198447,0.00177823799095142,0.043121762009048575,18.76920234318316,6.949999999999981,0,13,0.004377042048795391
1035,1,0,1,1,1,0.0,1.384636858946847,1.384636858946847,1.3727422604731156,0.0027485949811855634,0.042225629135940364,15.074579950436027,7.19999999999998,0,28,0.0035456432945562577
1050,1,1,1,1,1,1.4041669368743896,1.4772288159993325,1.4772288159993325,1.4748809614839098,0.0029503759102408947,0.042044536265059156,12.854853693314611,7.449999999999979,0,43,0.001714270632475034
1065,1,1,0,1,1,10.720237731933594,0.036000000000000004,0.036000000000000004,0.04096539403802036,0.0,0.04675569574889202,11.950298097500458,7.583333333333312,0,1,0.0027769369555496904
1080,1,1,1,1,1,9.700363159179688,0.036000000000000004,0.036000000000000004,0.036000031199053956,0.0,0.04685977499541297,12.48496847272656,7.799999999999978,0,5,0.004712909482130202
1095,0,0,0,1,0,0.0,0.036000000000000004,0.036000000000000004,0.03600000000019604,0.0,0.04997461168822298,12.933360985826814,7.916666666666644,0,0,0.0058950991810434936
1110,0,0,0,1,0,0.020663192495703697,0.036000000000000004,0.036000000000000004,0.036000000000000004,0.0,0.04847461168822294,12.933360985826814,7.916666666666644,0,0,0.006894961727253023
1125,0,0,0,1,0,0.21399232745170593,0.036000000000000004,0.036000000000000004,0.036000000000000004,0.0,0.046974611688222895,12.933360985826814,7.916666666666644,0,0,0.006310242750768435
1140,1,1,1,1,1,1.503246784210205,0.036000000000000004,0.036000000000000004,0.036000000000000004,0.0,0.04547461168822285,12.933360985826786,7.949999999999977,0,3,0.005135739225514481
1155,1,1,1,1,1,9.775641441345215,0.4852983696031926,0.4852983696031926,0.44810139744964333,0.0008985967392063851,0.04400140326079361,14.011668782385193,8.149999999999984,0,13,0.0041318682284996406
1170,1,1,1,1,1,1.070297360420227,1.201227797394657,1.201227797394657,1.1704350540414217,0.0023488118215468506,0.042584477440336166,15.229985921554219,8.399999999999997,0,28,0.002687208765890425
1185,1,1,1,1,1,0.8942133188247681,1.441013115455356,1.441013115455356,1.4349311914187488,0.0028714528656264213,0.04211536754184374,15.897898156638018,8.65000000000001,0,43,0.0016301705150328916
1200,1,1,1,1,1,0.5284667015075684,1.488356754658136,1.488356754658136,1.4871562616949752,0.0029746264642226614,0.04202277205527298,15.889767181783075,8.900000000000022,0,58,0.0009350719017875844
1215,1,1,1,1,1,1.3702807426452637,1.4977017745019467,1.4977017745019467,1.4974648127737367,0.0029949915933928165,0.04200449490812353,15.878596378349657,9.150000000000034,0,73,0.0005507334964282093
1230,1,1,1,1,1,2.230041980743408,1.4995463601182646,1.4995463601182646,1.499499586948943,0.0029990114055461967,0.04200088723651848,15.85048304046826,9.400000000000047,0,88,0.00032620991499447325
1245,1,1,1,1,1,2.252777099609375,1.4999104573757125,1.4999104573757125,1.4999012249592156,0.0029998048642870395,0.04200017512897218,15.844492876037627,9.650000000000059,0,103,0.00013710456017605044
1260,1,1,1,1,1,10.273909568786621,0.8731284186178968,0.8731284186178968,0.8656355693490498,0.0016742568372357935,0.043280525076521525,14.986062724794149,9.900000000000071,0,118,0.0009245406641727363
1275,1,1,1,1,1,10.465715408325195,1.1567807572654882,1.1567807572654882,1.1507757438069024,0.002242248771113592,0.04275388757272003,14.198896481335359,10.150000000000084,0,133,0.0011190606077819518
1290,1,1,1,1,1,10.123353958129883,1.3169785828003024,1.3169785828003024,1.2905275943987138,0.0025855968873155152,0.04238088712497677,15.023438752376114,10.400000000000096,0,148,0.001049123248177197
1305,1,1,1,1,1,9.79377269744873,1.4370413739680536,1.4370413739680536,1.4306318637039672,0.0028627052330430086,0.04212329320821415,16.04754195769468,10.650000000000109,0,163,0.0008675474394997729
1320,1,1,1,1,1,10.090372085571289,1.487876766363192,1.487876766363192,1.486613256442027,0.0029735527894023187,0.04204080308783473,17.14335177462804,10.900000000000121,0,178,0.0008236477037065864
1335,1,1,1,1,1,10.6171875,1.3163442263678373,1.3163442263678373,1.3281574870597717,0.0026012076360945463,0.04247449583253316,16.862603082739824,11.150000000000134,0,193,0.0008456488383984395
1350,1,1,1,1,1,8.195806503295898,1.3338915951581494,1.3338915951581494,1.3171330282412173,0.002638068742547413,0.04232489156519037,15.915805133597155,11.400000000000146,0,208,0.00043907064633773416
1365,1,1,1,1,1,7.3685078620910645,1.4232732569599713,1.4232732569599713,1.4156354395537931,0.0028329088458677043,0.042149970289217714,15.315673557536002,11.650000000000158,0,223,-0.0003147744684088504
1380,1,1,1,1,1,3.42657470703125,1.4848604952508115,1.4848604952508115,1.4832995174289603,0.002967007243352568,0.04202961009813189,14.973285504667022,11.90000000000017,0,238,-0.0013185363313271145
1395,0,0,0,1,0,0.0,0.036000000000000004,0.036000000000000004,0.03821016348628824,0.0,0.06125407978914976,14.800108957990993,12.000000000000176,0,0,0.003568705923901777
1410,0,0,0,1,0,0.0,0.036000000000000004,0.036000000000000004,0.03600001388711739,0.0,0.05975407978914972,14.800108957990993,12.000000000000176,0,0,0.011260595484843157
1425,0,0,0,1,0,0.0,0.036000000000000004,0.036000000000000004,0.03600000000008727,0.0,0.058254079789149676,14.800108957990993,12.000000000000176,0,0,0.013880208874795128
1440,0,0,0,1,0,0.0,0.036000000000000004,0.036000000000000004,0.036000000000000004,0.0,0.056754079789149633,14.800108957990993,12.000000000000176,0,0,0.014055620632019507
1455,0,0,0,1,0,0.0,0.036000000000000004,0.036000000000000004,0.036000000000000004,0.0,0.05525407978914959,14.800108957990993,12.000000000000176,0,0,0.013206477388578766
1470,0,0,0,1,0,0.0,0.036000000000000004,0.036000000000000004,0.036000000000000004,0.0,0.05375407978914955,14.800108957990993,12.000000000000176,0,0,0.011956689716909219
1485,0,0,0,1,0,0.0,0.036000000000000004,0.036000000000000004,0.036000000000000004,0.0,0.052254079789149505,14.800108957990993,12.000000000000176,0,0,0.010553524617614076
1500,0,0,0,1,0,0.0,0.036000000000000004,0.036000000000000004,0.036000000000000004,0.0,0.05075407978914946,14.800108957990993,12.000000000000176,0,0,0.009092415242444881
1515,0,0,0,1,0,0.0,0.036000000000000004,0.036000000000000004,0.036000000000000004,0.0,0.04925407978914942,14.800108957990993,12.000000000000176,0,0,0.007610446872694904
1530,0,0,0,1,0,0.0,0.036000000000000004,0.036000000000000004,0.036000000000000004,0.0,0.047754079789149376,14.800108957990993,12.000000000000176,0,0,0.006119714208932476
1545,0,0,0,1,0,0.0,0.036000000000000004,0.036000000000000004,0.036000000000000004,0.0,0.04625407978914933,14.800108957990993,12.000000000000176,0,0,0.004626522296947726
1560,0,0,0,1,1,0.0,0.10896010542535287,0.10896010542535287,0.08181068407671856,0.00014592021085070572,0.04475407978914929,14.800108957990993,12.000000000000176,0,0,0.003131762890177972
1575,1,0,1,1,1,0.0,0.8589601054253744,0.8589601054253744,0.8180511009723963,0.0016459202108507487,0.04325407978914925,14.82974813188728,12.10000000000018,0,7,0.001538053741895397
1590,1,1,1,1,1,1.8443198204040527,1.3670103764503114,1.3670103764503114,1.3532984285054903,0.002710182393948768,0.0422601034468175,14.632277018274602,12.350000000000193,0,22,-5.1753294781452155e-05
1605,1,1,1,1,1,2.7941970825195312,1.4737495628997037,1.4737495628997037,1.4710429751676797,0.0029427937499061363,0.04205134104685029,14.47812224441552,12.600000000000206,0,37,-0.0009359335906990022
1620,1,1,1,1,1,4.059324264526367,1.49481850445407,1.49481850445407,1.4942842591677339,0.0029887082287837693,0.04201013405622781,14.440035826715748,12.850000000000218,0,52,-0.001301332628552825
1635,1,1,1,1,1,2.874391555786133,1.4989772400364272,1.4989772400364272,1.4988717869515502,0.0029977711509321173,0.042002000331156614,14.397924716738002,13.10000000000023,0,67,-0.0013496559802730751
1650,1,1,1,1,1,2.4889273643493652,1.4997981204588888,1.4997981204588888,1.4997773053887427,0.002999560054125057,0.04200039483940548,14.687283248568676,13.350000000000243,0,82,-0.0010539825698051748
1665,1,1,1,1,1,2.0944442749023438,1.4999601515990337,1.4999601515990337,1.4999560429743723,0.0029999131603948986,0.042000077936173524,15.113317112395354,13.600000000000255,0,97,-0.0008190502495088348
1680,1,0,1,1,1,0.4676521122455597,1.499992134442893,1.499992134442893,1.4999913234537157,0.002999982858989156,0.042000015383589016,15.659549498858743,13.850000000000268,0,112,-0.0007250394203866858
1695,1,1,1,1,1,0.8943740725517273,1.4999984474411268,1.4999984474411268,1.4999982873623905,0.00299999661658696,0.04200000303652078,16.158435098719984,14.10000000000028,0,127,-0.0005665458986235973
1710,1,1,1,1,1,2.984221935272217,1.499999693545029,1.499999693545029,1.4999996619475642,0.002999999332158179,0.04200000059936979,16.504602136771858,14.350000000000293,0,142,-0.00021048100887107856
1725,1,1,1,1,1,3.493091106414795,1.4999999395097698,1.4999999395097698,1.4999999332728398,0.0029999998681767004,0.04200000011830781,16.463842655904763,14.600000000000305,0,157,0.0001064879281167415
1740,1,1,1,1,1,4.222121238708496,1.4999999880600157,1.4999999880600157,1.499999986828926,0.002999999973979796,0.04200000002335242,17.182151443522393,14.850000000000318,0,172,0.0004820622730419726
1755,1,1,1,1,1,7.509979724884033,1.4999999976432032,1.4999999976432032,1.4999999974002012,0.0029999999948639514,0.04200000000460946,16.51635792216195,15.10000000000033,0,187,0.0008505511870640485
1770,1,1,1,1,1,3.4295918941497803,1.1443367219886966,1.1443367219886966,1.121854820428878,0.002228785759343474,0.04269389969292099,15.826201457401776,15.350000000000342,0,202,0.0013739053562461753
1785,1,1,1,1,1,2.135683059692383,1.4297720055327214,1.4297720055327214,1.4225311551288504,0.0028469557096993253,0.042137353084024484,15.290991253826505,15.600000000000355,0,217,0.0012737798240040677
1800,1,1,1,1,1,1.3421621322631836,1.4861379050328705,1.4861379050328705,1.484708634501752,0.002969791037441223,0.04202711171872802,15.026393456253679,15.850000000000367,0,232,0.0010564951774825724
1815,1,1,1,1,1,2.0889158248901367,1.4972638023871725,1.4972638023871725,1.4969816829364886,0.0029940371429112364,0.042005351501359596,14.831664184634185,16.100000000000367,0,247,0.0010226171838479585
1830,1,1,1,1,1,2.0098280906677246,1.4994599101078048,1.4994599101078048,1.4994042233902252,0.002998823009410158,0.04200105631690446,15.871926467986562,16.350000000000353,0,262,0.001147723634673727
1845,1,1,1,1,1,2.819812297821045,1.4998933932657912,1.4998933932657912,1.4998824014305696,0.002999767677335216,0.042000208503245665,15.906022682019897,16.60000000000034,0,277,0.0014197423061298679
1860,1,1,1,1,1,2.528707981109619,1.4999789572144522,1.4999789572144522,1.4999767875688557,0.002999954142521584,0.042000041155834264,15.517714523339214,16.850000000000325,0,292,0.0015880376046264414
1875,1,1,1,1,1,1.6821871995925903,1.4999958464272787,1.4999958464272787,1.4999954181674,0.0029999909483290135,0.04200000812362746,14.596631281880317,17.10000000000031,0,307,0.001481011537981739
1890,1,1,1,1,1,0.5914154052734375,1.4999991801386616,1.4999991801386616,1.49999909560572,0.002999998213317645,0.04200000160349861,13.390313153920786,17.350000000000296,0,322,0.0011604823048534905
1905,1,1,1,1,1,2.610952854156494,1.49999983817001,1.49999983817001,1.4999998214843056,0.002999999647332087,0.042000000316509814,12.30853508911947,17.600000000000282,0,337,0.001155813070102499
1920,1,1,1,1,1,7.2344889640808105,1.4999999680568596,1.4999999680568596,1.499999964763318,0.0029999999303879296,0.04200000006247493,11.494947916764538,17.850000000000268,0,352,0.0014838136784473418
1935,1,1,1,1,1,8.610573768615723,1.4999999936948383,1.4999999936948383,1.499999993044736,0.00299999998625948,0.04200000001233174,11.342199492277551,18.100000000000254,0,367,0.0018233851136291589
1950,1,1,1,1,1,10.166380882263184,1.4709207581450787,1.4709207581450787,1.4689443699274265,0.0029369254577786344,0.04208772415476495,11.427610826421153,18.35000000000024,0,382,0.002007374769077794
1965,1,1,0,1,1,16.89581871032715,0.036000000000000004,0.036000000000000004,0.03620546184808099,0.0,0.05036737686058676,12.037421445309715,18.483333333333565,0,0,0.003511201683033499
1980,0,0,0,1,0,0.0,0.036000000000000004,0.036000000000000004,0.03600000129097817,0.0,0.05044221015831621,12.037421445309715,18.483333333333565,0,0,0.007716926128953273
1995,0,0,0,1,0,0.0,0.036000000000000004,0.036000000000000004,0.03600000000000812,0.0,0.048942210158316166,12.037421445309715,18.483333333333565,0,0,0.00876055963709216
2010,0,0,0,1,0,0.0,0.036000000000000004,0.036000000000000004,0.036000000000000004,0.0,0.04744221015831612,12.037421445309715,18.483333333333565,0,0,0.008174958862419182
2025,0,0,0,1,0,0.0,0.036000000000000004,0.036000000000000004,0.036000000000000004,0.0,0.04594221015831608,12.037421445309715,18.483333333333565,0,0,0.006995547354394014
2040,0,0,0,1,1,0.0,0.2648949208419794,0.2648949208419794,0.225130165785479,0.00045778984168395875,0.04444221015831604,12.037421445309715,18.483333333333565,0,0,0.005553042124229749
2055,1,0,1,1,1,0.46591100096702576,1.0148949208420008,1.0148949208420008,0.9739858371231128,0.0019577898416840017,0.042942210158315994,13.227700684859903,18.633333333333557,0,10,0.004051832112808891
2070,1,0,1,1,1,0.18888041377067566,1.4050734033687293,1.4050734033687293,1.3952858828001524,0.002793131276993495,0.042185659028295415,16.339808141986218,18.883333333333542,0,25,0.003010836501124189
2085,1,0,1,1,1,0.0,1.4812627224981894,1.4812627224981894,1.4793307895080314,0.0029591667986800588,0.04203664668281121,16.38661913038281,19.13333333333353,0,40,0.0033896449673922564
2100,1,0,1,1,1,0.0,1.4963015046359982,1.4963015046359982,1.4959201661407238,0.002991940056085274,0.04200723357950322,13.060836687402485,19.383333333333514,0,55,0.00248429882340766
2115,1,1,1,1,1,1.332457184791565,1.499269965022601,1.499269965022601,1.4991946937535099,0.002998409071691452,0.04200142781470015,11.424026909497586,19.6333333333335,0,70,0.00163619103651458
2130,1,1,0,1,1,29.131649017333984,0.036000000000000004,0.036000000000000004,0.1440442616023216,0.0,0.05175071107909295,11.27941350160291,19.850000000000154,7,0,0.0019530743516876035
2145,0,0,0,1,0,0.0,0.036000000000000004,0.036000000000000004,0.03600067887436944,0.0,0.052624267788382466,11.27941350160291,19.850000000000154,0,0,0.008001018224350426
2160,0,0,0,1,0,0.0,0.036000000000000004,0.036000000000000004,0.03600000000426558,0.0,0.05112426778838242,11.27941350160291,19.850000000000154,0,0,0.009972312211150728
2175,0,0,0,1,0,0.0,0.036000000000000004,0.036000000000000004,0.03600000000000003,0.0,0.04962426778838238,11.27941350160291,19.850000000000154,0,0,0.009770706015279948
2190,0,0,0,1,0,0.0,0.036000000000000004,0.036000000000000004,0.036000000000000004,0.0,0.04812426778838234,11.27941350160291,19.850000000000154,0,0,0.008737100816750429
2205,0,0,0,1,0,0.09144415706396103,0.036000000000000004,0.036000000000000004,0.036000000000000004,0.0,0.046624267788382294,11.27941350160291,19.850000000000154,0,0,0.007257786567487511
2220,1,1,1,1,1,2.5825259685516357,0.036000000000000004,0.036000000000000004,0.036000000000000004,0.0,0.04512426778838225,11.381021923825694,20.06666666666681,0,14,0.005786737873119772
2235,1,1,1,1,1,7.52738094329834,0.6738661058088937,0.6738661058088937,0.6329586607512575,0.0012757322116177874,0.04362426778838221,11.882762514925783,20.316666666666794,0,29,0.0045148421703745355
2250,1,1,1,1,1,8.183107376098633,1.3013432305205015,1.3013432305205015,1.2808619082231292,0.0025670744678128396,0.04238854087392884,12.763978755121729,20.56666666666678,0,44,0.0035149193408597883
2265,1,1,1,1,1,5.563590049743652,1.4607872650226295,1.4607872650226295,1.4567441816106368,0.0029145456696502564,0.04207669292727631,13.899611007962012,20.816666666666766,0,59,0.0028376091558889142
2280,1,1,1,1,1,2.164872884750366,1.492259915107254,1.492259915107254,1.4914618629168892,0.0029831324244075155,0.04201513818835041,14.975624357506367,21.06666666666675,0,74,0.0024497281653738617
2295,1,1,1,1,1,0.7722530364990234,1.49847220771054,1.49847220771054,1.4983146825670914,0.0029966705595236773,0.042002988081882645,15.759264036512604,21.316666666666737,0,89,0.0019532063219061153
2310,1,1,1,1,1,2.381513833999634,1.4996984336332153,1.4996984336332153,1.4996673402146166,0.0029993428116670065,0.04200058980857753,15.88073999526968,21.566666666666723,0,104,0.0017254626852660888
2325,1,1,1,1,1,2.226140260696411,1.499940474713606,1.499940474713606,1.4999343372763763,0.0029998702795535417,0.042000116420557336,14.931115718938395,21.81666666666671,0,119,0.0012887164228587756
2340,1,1,1,1,1,2.050220489501953,1.4999882504811202,1.4999882504811202,1.4999870390306766,0.0029999743948676758,0.04200002297990685,15.161393898849273,22.066666666666695,0,134,0.001028136146573534
2355,1,1,1,1,1,2.008969783782959,1.4999976807974855,1.4999976807974855,1.499997441672892,0.002999994945879242,0.042000004535935324,15.405109885770209,22.31666666666668,0,149,0.0009288990741939269
2370,1,1,1,1,1,2.252224922180176,1.4999995422195278,1.4999995422195278,1.499999495019438,0.002999999002382167,0.04200000089533475,15.941283679053972,22.566666666666666,0,164,0.0009152364143993412
2385,1,1,1,1,1,2.4340755939483643,1.4999999096400756,1.4999999096400756,1.4999999003233906,0.0029999998030831865,0.04200000017672746,16.51727886027695,22.816666666666652,0,179,0.0009981486528129015
2400,1,1,1,1,1,3.491885185241699,1.4999999821641274,1.4999999821641274,1.4999999803251338,0.0029999999611311848,0.042000000034883696,17.207377883203954,23.066666666666638,0,194,0.001189076892002088
2415,1,1,1,1,1,4.690142631530762,1.499999996479433,1.499999996479433,1.4999999961164399,0.0029999999923278065,0.042000000006885585,16.476130252981392,23.316666666666624,0,209,0.0011692423131700051
2430,1,1,1,1,1,3.4279701709747314,1.4999999993050863,1.4999999993050863,1.4999999992334367,0.00299999999848561,0.042000000001359124,16.50619448793851,23.56666666666661,0,224,0.0008603248417153805
2445,1,1,1,1,1,2.419613838195801,1.4999999998628344,1.4999999998628344,1.499999999848692,0.002999999999701082,0.04200000000026827,16.299582398964883,23.816666666666595,0,239,0.0005046791420278345
2460,1,1,1,1,1,1.52633798122406,1.4999999999729203,1.4999999999729203,1.4999999999701297,0.0029999999999409874,0.04200000000005296,15.784962266571267,24.06666666666658,0,254,3.272621068249127e-05
2475,1,1,1,1,1,1.8469988107681274,1.4999999999946585,1.4999999999946585,1.499999999994107,0.002999999999988359,0.042000000000010446,15.246633317811602,24.316666666666567,0,269,-0.00041692852340821835
2490,1,1,1,1,1,1.8649873733520508,1.499999999998944,1.499999999998944,1.4999999999988352,0.002999999999997699,0.04200000000000206,14.880505887405203,24.566666666666553,0,284,-0.0008527018966898825
2505,1,1,1,1,1,1.010361671447754,1.4999999999997913,1.4999999999997913,1.4999999999997693,0.0029999999999995447,0.042000000000000405,14.501338453997038,24.81666666666654,0,299,-0.001142317410765414
2520,1,1,1,1,1,2.2627594470977783,1.4999999999999598,1.4999999999999598,1.499999999999956,0.0029999999999999125,0.04200000000000008,14.422029621356945,25.066666666666524,0,314,-0.0012625529351193055
2535,1,1,1,1,1,4.097733974456787,1.4999999999999851,1.4999999999999851,1.499999999999985,0.002999999999999968,0.04200000000000003,14.34462563358417,25.31666666666651,0,329,-0.001418055028099198
2550,0,0,0,1,0,0.0,0.036000000000000004,0.036000000000000004,0.03645022498233398,0.0,0.061033046720372956,14.265711209577836,25.383333333333173,0,0,0.004955520235022593
2565,0,0,0,1,0,0.0,0.036000000000000004,0.036000000000000004,0.03600000282889806,0.0,0.05953304672037291,14.265711209577836,25.383333333333173,0,0,0.011840166532267968
2580,0,0,0,1,0,0.0,0.036000000000000004,0.036000000000000004,0.03600000000001778,0.0,0.05803304672037287,14.265711209577836,25.383333333333173,0,0,0.014084563935063011
2595,0,0,0,1,0,0.0,0.036000000000000004,0.036000000000000004,0.036000000000000004,0.0,0.05653304672037283,14.265711209577836,25.383333333333173,0,0,0.014101713607460566
2610,0,0,0,1,0,0.0,0.036000000000000004,0.036000000000000004,0.036000000000000004,0.0,0.055033046720372784,14.265711209577836,25.383333333333173,0,0,0.013189516316593843
2625,0,0,0,1,0,0.0,0.036000000000000004,0.036000000000000004,0.036000000000000004,0.0,0.05353304672037274,14.265711209577836,25.383333333333173,0,0,0.011914118736118948
2640,0,0,0,1,0,0.0,0.036000000000000004,0.036000000000000004,0.036000000000000004,0.0,0.0520330467203727,14.265711209577836,25.383333333333173,0,0,0.010500982024089797
2655,0,0,0,1,0,0.0,0.036000000000000004,0.036000000000000004,0.036000000000000004,0.0,0.050533046720372655,14.265711209577836,25.383333333333173,0,0,0.009036610441300703
2670,0,0,0,1,0,0.0,0.036000000000000004,0.036000000000000004,0.036000000000000004,0.0,0.04903304672037261,14.265711209577836,25.383333333333173,0,0,0.007552313684535355
2685,0,0,0,1,0,0.0,0.036000000000000004,0.036000000000000004,0.036000000000000004,0.0,0.04753304672037257,14.265711209577836,25.383333333333173,0,0,0.006060456346843436
2700,0,0,0,1,0,0.0,0.036000000000000004,0.036000000000000004,0.036000000000000004,0.0,0.04603304672037253,14.265711209577836,25.383333333333173,0,0,0.0045658805624732915
2715,0,0,0,1,1,0.0,0.21947663981375592,0.21947663981375592,0.18092263835239222,0.00036695327962751184,0.044533046720372484,14.265711209577836,25.383333333333173,0,0,0.0030713604784924596
2730,1,1,1,1,1,1.3336539268493652,0.9694766398137774,0.9694766398137774,0.9285675637024158,0.0018669532796275548,0.04303304672037244,14.168689537749259,25.5166666666665,0,9,0.0013937651252327046
2745,1,1,1,1,1,3.7327938079833984,1.3952309056091419,1.3952309056091419,1.3844285691849618,0.002771682008023253,0.04220490917008138,13.88278878113897,25.766666666666485,0,24,-0.0002989433108336842
2760,1,1,1,1,1,2.975630283355713,1.479319939247274,1.479319939247274,1.4771876928950145,0.002954932989387468,0.04204044641100331,13.809779627957788,26.01666666666647,0,39,-0.00141257268154381
2775,0,0,0,1,0,0.0,0.036000000000000004,0.036000000000000004,0.036040456620893904,0.0,0.06077963721933108,13.802899911136915,26.033333333333136,0,0,0.006828417725627356
2790,0,0,0,1,0,0.0,0.036000000000000004,0.036000000000000004,0.03600000025420104,0.0,0.059279637219331036,13.802899911136915,26.033333333333136,0,0,0.012527971055801697
2805,0,0,0,1,0,0.0,0.036000000000000004,0.036000000000000004,0.0360000000000016,0.0,0.05777963721933099,13.802899911136915,26.033333333333136,0,0,0.014160095878290625
2820,0,0,0,1,0,0.0,0.036000000000000004,0.036000000000000004,0.036000000000000004,0.0,0.05627963721933095,13.802899911136915,26.033333333333136,0,0,0.013911199001533365
2835,0,0,0,1,0,0.0,0.036000000000000004,0.036000000000000004,0.036000000000000004,0.0,0.05477963721933091,13.802899911136915,26.033333333333136,0,0,0.012893832875305029
2850,0,0,0,1,0,0.0,0.036000000000000004,0.036000000000000004,0.036000000000000004,0.0,0.053279637219330864,13.802899911136915,26.033333333333136,0,0,0.01157813970627039
2865,0,0,0,1,0,0.0,0.036000000000000004,0.036000000000000004,0.036000000000000004,0.0,0.05177963721933082,13.802899911136915,26.033333333333136,0,0,0.010149957889964511
2880,0,0,0,1,0,0.0,0.036000000000000004,0.036000000000000004,0.036000000000000004,0.0,0.05027963721933078,13.802899911136915,26.033333333333136,0,0,0.00867934563033617
2895,0,0,0,1,0,0.0,0.036000000000000004,0.036000000000000004,0.036000000000000004,0.0,0.048779637219330735,13.802899911136915,26.033333333333136,0,0,0.007193065517272695
2910,0,0,0,1,0,0.0,0.036000000000000004,0.036000000000000004,0.036000000000000004,0.0,0.04727963721933069,13.802899911136915,26.033333333333136,0,0,0.005700858518298748
2925,0,0,0,1,0,0.0,0.036000000000000004,0.036000000000000004,0.036000000000000004,0.0,0.04577963721933065,13.802899911136915,26.033333333333136,0,0,0.004206988676068077
2940,1,1,1,1,1,0.8197563290596008,0.34618139033469475,0.34618139033469475,0.3055739541828595,0.0006203627806693895,0.044279637219330606,13.802899911136915,26.0499999999998,0,2,0.0026459799305688543
2955,1,1,1,1,1,3.2159929275512695,1.0961813903347162,1.0961813903347162,1.055272301321011,0.0021203627806694325,0.042789435080808624,13.847930084274095,26.266666666666456,0,12,0.0011384292595958696
2970,1,1,1,1,1,2.569042444229126,1.4203165815278203,1.4203165815278203,1.4121007166048907,0.0028263499567820413,0.04215584617110524,13.927288609055246,26.516666666666442,0,27,3.0158787766660896e-05
2985,1,1,1,1,1,1.86122465133667,1.4842715274788827,1.4842715274788827,1.4826498215001684,0.0029657237352199023,0.04203076201137174,14.03613386645574,26.766666666666428,0,42,-0.0004505591188303888
3000,1,1,1,1,1,1.9923663139343262,1.496895403684099,1.496895403684099,1.49657529997407,0.002993234310247464,0.04200607202174567,14.254838630826264,27.016666666666413,0,57,-0.000596550578594276
3015,1,1,1,1,1,2.339442014694214,1.499387192985728,1.499387192985728,1.4993240086683994,0.002998664540663304,0.042001198538276135,14.490971279963471,27.2666666666664,0,72,-0.00037508475166911544
3030,1,1,1,1,1,1.9315916299819946,1.4998790398497834,1.4998790398497834,1.4998665680856917,0.0029997363976615593,0.04200023657589836,14.883568825512159,27.516666666666385,0,87,-0.0001774439880641818
3045,1,1,1,1,1,0.8614557981491089,1.499976124036444,1.499976124036444,1.4999736622720998,0.002999947968320024,0.04200004669701151,15.386090617765339,27.76666666666637,0,102,-6.4954320124779e-07
3060,1,0,1,1,1,0.0,1.4999952871947082,1.4999952871947082,1.4999948012743816,0.0029999897296217534,0.042000009217383935,15.885991554375666,28.016666666666357,0,117,0.000136610584320137
3075,1,0,1,1,1,0.0,1.4999990697534125,1.4999990697534125,1.499998973839047,0.002999997972760654,0.04200000181939194,16.27028097690045,28.266666666666342,0,132,0.0005197082915643423
3090,1,1,1,1,1,0.8853840231895447,1.4999998163814001,1.4999998163814001,1.4999997974491486,0.0029999995998492707,0.04200000035912435,16.44144874163425,28.516666666666328,0,147,0.0007884235972714337
3105,1,1,1,1,1,1.2556805610656738,1.4999999637560721,1.4999999637560721,1.4999999600190916,0.0029999999210154407,0.04200000007088648,16.49270354903726,28.766666666666314,0,162,0.0009638716063142198
3120,1,1,1,1,1,2.305528402328491,1.4999999928459193,1.4999999928459193,1.499999992108288,0.002999999984409474,0.04200000001399207,16.47162165124939,29.0166666666663,0,177,0.0012320367194216383
3135,1,1,1,1,1,2.205980062484741,1.4999999985878767,1.4999999985878767,1.4999999984422776,0.002999999996922631,0.042000000002761856,16.487062080271052,29.266666666666286,0,192,0.0014834059599935093
3150,1,1,1,1,1,4.464618682861328,1.4999999997212643,1.4999999997212643,1.4999999996925244,0.002999999999392565,0.04200000000054516,17.078711076684442,29.51666666666627,0,207,0.0017768030981855057
3165,1,1,1,1,1,5.626636505126953,1.4999999999449805,1.4999999999449805,1.4999999999393077,0.0029999999998800986,0.042000000000107604,17.260511343005977,29.766666666666257,0,222,0.0021722721455591787
3180,1,1,1,1,1,12.09610366821289,1.0480777113706838,1.0480777113706838,1.0945560185062724,0.0020264279904090993,0.04329279274323347,16.460555319947737,30.016666666666243,0,237,0.0027353930564246705
3195,1,1,1,1,1,0.6983163356781006,0.036000000000000004,0.036000000000000004,0.03604896200142299,0.0,0.04525983795502542,15.933382076526684,30.21666666666623,0,10,0.004480775272938291
3210,1,1,1,1,1,0.8948598504066467,0.6060810224873108,0.6060810224873108,0.5651768156599177,0.0011401620449746214,0.043759837955025374,15.225402410652979,30.466666666666217,0,25,0.004431143302071888
3225,1,1,1,1,1,1.6155612468719482,1.2700899296383896,1.2700899296383896,1.2463998192547177,0.002498981257178595,0.042449647675067245,14.693557956383826,30.716666666666203,0,40,0.0035502318371145075
3240,1,1,1,1,1,0.7318633198738098,1.4546199206811394,1.4546199206811394,1.4499409447201725,0.0029011054880159343,0.04208875512317779,14.348721769550801,30.96666666666619,0,55,0.0027433944827495206
3255,1,1,1,1,1,0.9376955628395081,1.4910425613873244,1.4910425613873244,1.4901189922528828,0.0029804795070069653,0.04201751910925202,14.33640035107286,31.216666666666175,0,70,0.0021913998838910802
3270,1,0,1,1,1,0.3602396547794342,1.4982319178878027,1.4982319178878027,1.498049617328837,0.0029961469080643857,0.04200345804476363,13.240582920033187,31.46666666666616,0,85,0.0019207799971605868
3285,1,1,1,1,1,2.102327823638916,1.4996510035412254,1.4996510035412254,1.4996150197771962,0.002999239449666062,0.042000682573150004,12.210170071167173,31.716666666666146,0,100,0.001954538086427855
3300,1,1,1,1,1,6.393359661102295,1.499931112629102,1.499931112629102,1.4999240099011604,0.00299984987723622,0.04200013473107984,11.545986204929969,31.966666666666132,0,115,0.002257475529814697
3315,1,1,1,1,1,9.177486419677734,1.4909457874356038,1.4909457874356038,1.4912974208618717,0.0029806551797320543,0.04201749984233104,11.295390467759578,32.21666666666612,0,130,0.002517057300719986
3330,1,1,1,1,1,8.46700382232666,1.458792838459545,1.458792838459545,1.4546132797810598,0.0029102172240467045,0.04208058667444451,11.307237713957923,32.46666666666611,0,145,0.0027620937978661553
3345,1,1,1,1,1,7.607135772705078,1.4918659889415464,1.4918659889415464,1.4910273209605651,0.002982273961166529,0.04201590863572833,11.33137010314741,32.71666666666609,0,160,0.0028000233952523135
3360,1,1,1,1,1,7.169027328491211,1.4983944517965841,1.4983944517965841,1.4982289095217642,0.002996501109992493,0.04200314015820831,11.283495815859792,32.96666666666608,0,175,0.0027693550680787044
3375,1,1,1,1,1,4.839386940002441,1.4996830856250902,1.4996830856250902,1.4996504097288228,0.0029993093645290445,0.04200061982647023,11.743999404349838,33.216666666666065,0,190,0.0026343463018673103
3390,0,0,0,1,0,0.0,0.036000000000000004,0.036000000000000004,0.037130716567153804,0.0,0.04987005841677046,11.888199601507901,33.34999999999939,0,0,0.004811222438423017
3405,0,0,0,1,0,0.0,0.036000000000000004,0.036000000000000004,0.03600000710462995,0.0,0.04837005841677042,11.888199601507901,33.34999999999939,0,0,0.007962463216049903
3420,0,0,0,1,0,0.0,0.036000000000000004,0.036000000000000004,0.03600000000004465,0.0,0.046870058416770374,11.888199601507901,33.34999999999939,0,0,0.008185405335349404
3435,0,0,0,1,0,0.0,0.036000000000000004,0.036000000000000004,0.036000000000000004,0.0,0.04537005841677033,11.888199601507901,33.34999999999939,0,0,0.007283878311843427
3450,1,0,0,1,1,0.0,0.5509707916148536,0.5509707916148536,0.5100733365665855,0.001029941583229707,0.04387005841677029,11.888199601507901,33.34999999999939,0,1,0.005989637097970459
3465,1,0,1,1,1,0.0,1.2408806787062099,1.2408806787062099,1.2141817949933225,0.002435309248925016,0.042506802411021,13.752674368140147,33.599999999999376,0,16,0.004629268619760836
3480,1,0,1,1,1,0.0,1.4488517584642786,1.4488517584642786,1.4435780482439093,0.0028885352238244566,0.04210003659193964,15.767683898055397,33.84999999999936,0,31,0.0038371367411016814
3495,1,0,1,1,1,0.0,1.4899040010383373,1.4899040010383373,1.488863039059636,0.002977998300015147,0.042019745924752126,19.348426106494685,34.09999999999935,0,46,0.004375537441424122
3510,1,0,1,1,1,0.0,1.498007180853728,1.498007180853728,1.4978017084710953,0.002995657150010926,0.0420038975892387,13.975460217473918,34.34999999999933,0,61,0.0038473211104443523
3525,1,0,1,1,1,0.0,1.4996066433678497,1.4996066433678497,1.4995660857866047,0.0029991427777835075,0.04200076933352397,11.461224287636917,34.59999999999932,0,76,0.003010999407074955
3540,1,0,1,1,1,0.000791988568380475,1.4999223565066861,1.4999223565066861,1.4999143509665969,0.0029998307954614348,0.04200015185645148,11.325396991024638,34.849999999999305,0,91,0.002541385136494855
3555,1,1,1,1,1,15.837411880493164,1.4999846741822527,1.4999846741822527,1.4999830939925534,0.0029999666012204065,0.04316751107876505,11.28756904175418,35.09999999999929,0,106,0.002236517925774592
3570,0,0,0,1,0,0.0,0.036000000000000004,0.036000000000000004,0.03601589213709101,0.0,0.05187495024999652,11.302111062788521,35.13333333333262,0,0,0.007030927995537686
3585,0,0,0,1,0,0.0,0.036000000000000004,0.036000000000000004,0.036000000099855045,0.0,0.05037495024999648,11.302111062788521,35.13333333333262,0,0,0.009787879456408313
3600,0,0,0,1,0,0.0,0.036000000000000004,0.036000000000000004,0.03600000000000063,0.0,0.048874950249996434,11.302111062788521,35.13333333333262,0,0,0.009863933516767249
3615,0,0,0,1,0,0.0,0.036000000000000004,0.036000000000000004,0.036000000000000004,0.0,0.04737495024999639,11.302111062788521,35.13333333333262,0,0,0.008917172501547378
3630,0,0,0,1,0,0.0,0.036000000000000004,0.036000000000000004,0.036000000000000004,0.0,0.04587495024999635,11.302111062788521,35.13333333333262,0,0,0.007609622114335445
3645,1,1,0,1,1,0.9817487001419067,0.29852487500184544,0.29852487500184544,0.25826666825034655,0.0005250497500036908,0.044374950249996305,11.302111062788521,35.13333333333262,0,1,0.0061121285904049034
3660,1,1,1,1,1,3.885728359222412,1.048524875001867,1.048524875001867,1.0076157881824743,0.0020250497500037337,0.04287495024999626,11.319122128387447,35.33333333333261,0,12,0.004590552351743148
3675,1,1,1,1,1,7.617988109588623,1.4116734662725137,1.4116734662725137,1.4025664459139269,0.0028075144539824112,0.04217275052106896,11.316011304787034,35.5833333333326,0,27,0.003478803003498763
3690,1,1,1,1,1,10.137417793273926,1.4825654886870976,1.4825654886870976,1.480767879212077,0.0029620058511549557,0.042060135451725406,11.286553939951341,35.83333333333258,0,42,0.0029868387535437165
3705,1,1,1,1,1,10.968433380126953,1.318905420086491,1.318905420086491,1.3059335808097086,0.0026071013675732987,0.04253267796978812,11.547620392322903,36.08333333333257,0,57,0.002982454944641353
3720,1,1,1,1,1,9.606157302856445,1.388252869140526,1.388252869140526,1.378176502387893,0.0027572621839461672,0.04221780700853884,12.246514235117727,36.333333333332554,0,72,0.003000423390345644
3735,1,1,1,1,1,9.014537811279297,1.477995822086647,1.477995822086647,1.4757270595942567,0.0029520474099449037,0.04204303614097405,13.495176538212192,36.58333333333254,0,87,0.0029539849952375475
3750,1,1,1,1,1,4.25978946685791,1.4956566608463249,1.4956566608463249,1.4952088348376174,0.0029905347806240545,0.04200849477584408,14.684729504092008,36.833333333332526,0,102,0.0028940797173018827
3765,1,1,1,1,1,2.112241506576538,1.4991426812287674,1.4991426812287674,1.4990542861875358,0.0029981316885562617,0.04200167675848716,14.452386705450657,37.08333333333251,0,117,0.0025453408433163587
3780,1,1,1,1,1,1.2392539978027344,1.4998307764027863,1.4998307764027863,1.4998133283690378,0.0029996312195721894,0.042000330970360586,14.572993360161508,37.3333333333325,0,132,0.002119515454691465
3795,1,1,1,1,1,1.5499999523162842,1.4999665974584793,1.4999665974584793,1.4999631534430975,0.002999927207530423,0.04200006532925309,15.40746752616352,37.58333333333248,0,147,0.0020640390507528157
3810,1,1,1,1,1,2.9739882946014404,1.499993406771876,1.499993406771876,1.4999927269679432,0.0029999856317113674,0.04200001289514657,16.390297421681634,37.83333333333247,0,162,0.002272586534664015
3825,1,1,1,1,1,3.9472670555114746,1.4999986985823552,1.4999986985823552,1.4999985643978828,0.0029999971638863393,0.042000002545334536,17.201234813974754,38.083333333332455,0,177,0.0025546617860616825
3840,1,1,1,1,1,8.763108253479004,1.499999743117054,1.499999743117054,1.4999997166307812,0.0029999994401879865,0.042000000502415986,17.182089642685636,38.33333333333244,0,192,0.0026958406755452262
3855,1,1,1,1,1,3.712430238723755,1.4720853423815756,1.4720853423815756,1.469273393512509,0.0029391847804073126,0.04205458834017757,16.498875557867464,38.583333333332426,0,207,0.0024907888939588894
3870,1,1,1,1,1,3.0276148319244385,1.494489857254661,1.494489857254661,1.49392172683137,0.0029879920246863867,0.04201077682990702,16.474230239265136,38.83333333333241,0,222,0.0021212641024996844
3885,1,1,1,1,1,3.7456002235412598,1.4989123693431559,1.4989123693431559,1.4988002276754608,0.0029976297815107675,0.04200212720635072,16.479860471415375,39.0833333333324,0,237,0.0018319535308982796
3900,1,1,1,1,1,2.0230677127838135,1.499785315826076,1.499785315826076,1.4997631805165006,0.0029995321496362956,0.04200041988292192,16.49287021629415,39.333333333332384,0,252,0.0015598581188408615
3915,1,1,1,1,1,1.3904317617416382,1.4999576241307302,1.4999576241307302,1.499953254907942,0.002999907652411038,0.042000082879438586,16.4455429552122,39.58333333333237,0,267,0.001295063819100374
3930,1,1,1,1,1,0.776913046836853,1.4999916355534528,1.4999916355534528,1.4999907731255886,0.002999981771784628,0.04200001635932538,16.198403773291034,39.833333333332355,0,282,0.0010033916410443027
3945,1,1,1,1,1,0.7056323885917664,1.4999983489668245,1.4999983489668245,1.4999981787347578,0.002999996401986893,0.04200000322911848,15.742703224954502,40.08333333333234,0,297,0.0006325216992926823
3960,1,0,1,1,1,0.0,1.4999996741074793,1.4999996741074793,1.4999996405058797,0.0029999992897989103,0.04200000063738608,15.177920092244948,40.33333333333233,0,312,0.0002886604260244498
3975,1,0,1,1,1,0.17523162066936493,1.4999999356730487,1.4999999356730487,1.4999999290405281,0.0029999998598155275,0.04200000012581173,14.685599445117354,40.58333333333231,0,327,-3.3887883371459446e-05
3990,1,1,1,1,1,0.9265428781509399,1.4999999873026928,1.4999999873026928,1.49999998599352,0.0029999999723294007,0.0420000000248336,14.320110759488546,40.8333333333323,0,342,-0.0003770050646471106
4005,1,1,1,1,1,1.8750271797180176,1.499999997493717,1.499999997493717,1.499999997235303,0.002999999994538184,0.04200000000490183,14.135570092780517,41.083333333332284,0,357,-0.0005430380124780112
4020,1,1,1,1,1,2.7354233264923096,1.4999999995052882,1.4999999995052882,1.4999999994542814,0.0029999999989218998,0.04200000000096756,13.999868282232018,41.33333333333227,0,372,-0.0006000766938297241
4035,1,1,1,1,1,1.6557577848434448,1.4999999999023519,1.4999999999023519,1.4999999998922842,0.0029999999997872007,0.04200000000019098,13.840754029059495,41.583333333332256,0,387,-0.0007783488994291508
4050,1,1,1,1,1,3.4921751022338867,1.4999999999807245,1.4999999999807245,1.4999999999787386,0.0029999999999579946,0.042000000000037695,13.793117970290664,41.83333333333224,0,402,-0.0010302876845936302
4065,1,1,1,1,1,6.880138874053955,1.4999999999961964,1.4999999999961964,1.4999999999958034,0.0029999999999917107,0.04200000000000744,13.8070152697663,42.08333333333223,0,417,-0.0010247046717256647
4080,1,1,1,1,1,3.316638708114624,1.4999999999992466,1.4999999999992466,1.499999999999169,0.002999999999998358,0.042000000000001474,13.82358051232252,42.33333333333221,0,432,-0.001205782405461305
4095,0,0,0,1,0,0.0,0.0,0.0,0.3037499999999589,0.0,0.06184280532870335,13.83133774814734,42.5333333333322,6,0,-0.0012573188901222909
4110,0,0,0,1,0,0.0,0.036000000000000004,0.036000000000000004,0.03600168235322933,0.0,0.06034280532870331,13.83133774814734,42.5333333333322,0,0,0.00904780353325561
4125,0,0,0,1,0,0.0,0.036000000000000004,0.036000000000000004,0.03600000001057073,0.0,0.058842805328703264,13.83133774814734,42.5333333333322,0,0,0.013387967281799635
4140,0,0,0,1,0,0.0,0.036000000000000004,0.036000000000000004,0.036000000000000074,0.0,0.05734280532870322,13.83133774814734,42.5333333333322,0,0,0.014338952490578665
4155,0,0,0,1,0,0.0,0.036000000000000004,0.036000000000000004,0.036000000000000004,0.0,0.05584280532870318,13.83133774814734,42.5333333333322,0,0,0.013798815539686744
4170,0,0,0,1,0,0.0,0.036000000000000004,0.036000000000000004,0.036000000000000004,0.0,0.054342805328703135,13.83133774814734,42.5333333333322,0,0,0.01266553749003687
4185,0,0,0,1,0,0.0,0.036000000000000004,0.036000000000000004,0.036000000000000004,0.0,0.05284280532870309,13.83133774814734,42.5333333333322,0,0,0.011305139687769711
4200,0,0,0,1,0,0.0,0.036000000000000004,0.036000000000000004,0.036000000000000004,0.0,0.05134280532870305,13.83133774814734,42.5333333333322,0,0,0.00985971617940841
4215,0,0,0,1,0,0.0,0.036000000000000004,0.036000000000000004,0.036000000000000004,0.0,0.049842805328703006,13.83133774814734,42.5333333333322,0,0,0.008381964535067423
4230,0,0,0,1,0,0.0,0.036000000000000004,0.036000000000000004,0.036000000000000004,0.0,0.04834280532870296,13.83133774814734,42.5333333333322,0,0,0.006892905908242567
4245,0,0,0,1,0,0.0,0.036000000000000004,0.036000000000000004,0.036000000000000004,0.0,0.04684280532870292,13.83133774814734,42.5333333333322,0,0,0.005399842255341603
4260,0,0,0,1,0,0.0,0.036000000000000004,0.036000000000000004,0.036000000000000004,0.0,0.04534280532870288,13.83133774814734,42.5333333333322,0,0,0.0039043361905654393
4275,1,1,1,1,1,0.8444249629974365,0.5645973356485806,0.5645973356485806,0.5236977926345382,0.001057194671297161,0.043842805328702834,13.803029238697524,42.56666666666553,0,3,0.0023538670269615328
4290,1,1,1,1,1,3.0519931316375732,1.2485670161388749,1.2485670161388749,1.2226408617028799,0.00245203075980277,0.04249180617977904,13.866701396430837,42.81666666666552,0,18,0.0007224061160402916
4305,1,1,1,1,1,6.439300537109375,1.4503656374788456,1.4503656374788456,1.4452480178188858,0.002891834343802434,0.04209707572186728,13.817863218198536,43.066666666665505,0,33,-0.0006645879667374604
4320,1,1,1,1,1,5.592617034912109,1.49020282110642,1.49020282110642,1.489192669385378,0.002978649503478259,0.04201916148743184,13.794937576623829,43.31666666666549,0,48,-0.000820933349136292
4335,1,1,1,1,1,5.911858081817627,1.498066164056405,1.498066164056405,1.49786677321871,0.0029957856891217535,0.04200378222889782,13.851695365999943,43.566666666665476,0,63,-0.0006486862007773013
4350,1,1,1,1,1,5.570559501647949,1.49961828588644,1.49961828588644,1.4995789287232262,0.002999168149735512,0.04200074656289009,13.8134634139434,43.81666666666546,0,78,-0.0005046579734805919
4365,1,1,1,1,1,5.030960559844971,1.499924654588735,1.499924654588735,1.4999168859955827,0.00299983580355543,0.04200014736182391,13.777480192548273,44.06666666666545,0,93,-0.0003738368297155932
4380,1,1,1,1,1,4.097899436950684,1.4999851277938197,1.4999851277938197,1.4999835943743702,0.0029999675897531553,0.04200002908731124,13.821174459058168,44.316666666665434,0,108,-0.00024000691152005753
4395,1,1,1,1,1,4.562225341796875,1.4999970644195422,1.4999970644195422,1.4999967617424472,0.0029999936026379598,0.04200000574145768,13.862789462988456,44.56666666666542,0,123,-0.00017836198604578672
4410,1,1,1,1,1,1.9376014471054077,1.4999994205545242,1.4999994205545242,1.4999993608099944,0.0029999987372437767,0.042000001133289215,14.068889084020478,44.816666666665405,0,138,-0.00010059055902732845
4425,1,1,1,1,1,0.8876007199287415,1.4999998856249852,1.4999998856249852,1.499999873832191,0.002999999750748314,0.04200000022369658,14.515993240553641,45.06666666666539,0,153,2.4780088686340786e-05
4440,1,0,1,1,1,0.08383491635322571,1.499999977423858,1.499999977423858,1.4999999750961128,0.002999999950800955,0.0420000000441548,15.250062936220292,45.31666666666538,0,168,0.0003732113136544628
4455,1,0,1,1,1,0.0,1.4999999955437606,1.4999999955437606,1.4999999950842948,0.002999999990288743,0.042000000008715586,15.729526285993387,45.56666666666536,0,183,0.0007119673124259597
4470,1,0,1,1,1,0.0,1.499999999120394,1.499999999120394,1.4999999990297015,0.0029999999980831193,0.04200000000172035,16.159780858884712,45.81666666666535,0,198,0.0010448521164690488
4485,1,0,1,1,1,0.0,1.4999999998263736,1.4999999998263736,1.4999999998084723,0.0029999999996216248,0.04200000000033958,16.437001100562593,46.066666666665334,0,213,0.0013517065521398953
4500,1,0,1,1,1,0.04057477414608002,1.4999999999657279,1.4999999999657279,1.4999999999621938,0.0029999999999253124,0.042000000000067025,16.458645103853346,46.31666666666532,0,228,0.0016561793880295057
4515,1,1,1,1,1,1.8614966869354248,1.4999999999932352,1.4999999999932352,1.4999999999925375,0.0029999999999852575,0.04200000000001323,16.460637957962586,46.566666666665306,0,243,0.0018945737151135104
4530,1,1,1,1,1,4.213528156280518,1.499999999998664,1.499999999998664,1.4999999999985263,0.0029999999999970883,0.04200000000000261,16.465934338721453,46.81666666666529,0,258,0.002159027044985449
4545,1,1,1,1,1,2.1823179721832275,1.4999999999997369,1.4999999999997369,1.49999999999971,0.0029999999999994267,0.042000000000000516,16.46853355143517,47.06666666666528,0,273,0.0023539908500809
4560,1,1,1,1,1,2.4255547523498535,1.499999999999947,1.499999999999947,1.4999999999999414,0.0029999999999998847,0.0420000000000001,16.444561160373517,47.31666666666526,0,288,0.002571764641641369
4575,1,1,1,1,1,4.267037391662598,1.4999999999999851,1.4999999999999851,1.499999999999985,0.002999999999999968,0.04200000000000003,16.489587013782252,47.56666666666525,0,303,0.0027719401591878388
4590,1,1,1,1,1,6.104199409484863,1.4999999999999851,1.4999999999999851,1.499999999999985,0.002999999999999968,0.04200000000000003,16.47957363902614,47.816666666665235,0,318,0.003114932245597837
4605,1,1,1,1,1,6.722570896148682,1.4999999999999851,1.4999999999999851,1.499999999999985,0.002999999999999968,0.04200000000000003,16.750603897732304,48.06666666666522,0,333,0.003356287624228871
4620,1,1,0,1,1,19.280433654785156,0.23461611888928263,0.23461611888928263,0.665394112158251,0.00040761234745374103,0.046348474383503285,16.86242821503033,48.29999999999854,0,0,0.004079844311363018
4635,1,1,1,1,1,3.951723098754883,0.036000000000000004,0.036000000000000004,0.03600395467121235,0.0,0.048818256831318185,16.028412805028182,48.4666666666652,0,10,0.008022782191315865
4650,1,1,1,1,1,1.8704854249954224,0.036000000000000004,0.036000000000000004,0.036000000024848385,0.0,0.04731825683131814,14.215603273162264,48.71666666666518,0,25,0.008693608188150952
4665,1,1,1,1,1,3.4717962741851807,0.036000000000000004,0.036000000000000004,0.03600000000000016,0.0,0.0458182568313181,12.310463927234506,48.96666666666517,0,40,0.007940551156181691
4680,0,0,0,1,1,0.1938154399394989,0.3268715843409695,0.3268715843409695,0.28637799315887863,0.0005817431686819391,0.044318256831318056,11.500657476303752,49.0499999999985,0,0,0.006255496384942567
4695,1,1,1,1,1,0.9317472577095032,1.076871584340991,1.076871584340991,1.035962496042608,0.002081743168681982,0.04282269085799652,10.869152108243568,49.26666666666515,0,14,0.004588844466678394
4710,1,1,1,1,1,3.9658291339874268,1.4169154715197907,1.4169154715197907,1.4083489314429576,0.002818938089112745,0.04216249812051346,11.03310405700074,49.51666666666514,0,29,0.003360525326655288
4725,1,1,1,1,1,5.449391841888428,1.4836001923815745,1.4836001923815745,1.4819092674663483,0.0029642607285916,0.0420320750198581,11.280521507862426,49.766666666665124,0,44,0.0028562632925845017
4740,1,1,1,1,1,4.439260959625244,1.49676289085,1.49676289085,1.4964291242203809,0.0029929455317292547,0.04200633119257768,11.277935711695871,50.01666666666511,0,59,0.0027996449037980594
4755,1,1,1,1,1,3.6495201587677,1.4993610366723287,1.4993610366723287,1.4992951554720224,0.0029986075395322317,0.04200124969523426,11.326137968523476,50.266666666665095,0,74,0.002770534760297339
4770,1,1,1,1,1,1.8940364122390747,1.4998738769330306,1.4998738769330306,1.4998608728392464,0.0029997251463781682,0.04200024667361787,11.32328696279366,50.51666666666508,0,89,0.0027505752491309666
4785,1,1,1,1,1,1.072529911994934,1.4999751049436898,1.4999751049436898,1.499972538104373,0.0029999457474627206,0.04200004869017028,11.317699052006953,50.76666666666507,0,104,0.0027484129397109163
4800,1,1,1,1,1,0.9438126683235168,1.49999508603903,1.49999508603903,1.4999945793782679,0.0029999892912533563,0.0420000096108076,11.300184696638075,51.01666666666505,0,119,0.002799691123878351
4815,1,0,1,1,1,0.1061328873038292,1.4999990300478907,1.4999990300478907,1.4999989300396326,0.002999997886232418,0.04200000189704867,11.291634055805615,51.26666666666504,0,134,0.0028871434046534887
4830,1,0,1,1,1,0.0,1.4999998085440445,1.4999998085440445,1.499999788803712,0.0029999995827697176,0.04200000037445278,11.29139607172712,51.516666666665024,0,149,0.0029525643441077696
4845,1,0,1,1,1,0.0,1.4999999622090796,1.4999999622090796,1.4999999583125943,0.0029999999176441583,0.042000000073912115,11.114582764425753,51.76666666666501,0,164,0.003032230218885726
4860,1,0,1,1,1,0.0,1.4999999925405634,1.4999999925405634,1.4999999917714477,0.002999999983744027,0.04200000001458929,11.018524796172835,52.016666666664996,0,179,0.0031221256486733875
4875,1,0,1,1,1,0.0,1.499999998527602,1.499999998527602,1.4999999983757895,0.0029999999967912777,0.04200000000287974,11.01064729056935,52.26666666666498,0,194,0.0031613212057769046
4890,1,0,1,1,1,0.0,1.4999999997093683,1.4999999997093683,1.4999999996794027,0.0029999999993666412,0.04200000000056842,11.057984867364187,52.51666666666497,0,209,0.003058055489064566
4905,1,0,1,1,1,0.4623529016971588,1.4999999999426306,1.4999999999426306,1.4999999999367164,0.0029999999998749777,0.042000000000112205,11.038874726835362,52.76666666666495,0,224,0.0029345500226717956
4920,1,1,1,1,1,1.2630928754806519,1.4999999999886722,1.4999999999886722,1.4999999999875049,0.002999999999975314,0.04200000000002215,11.00857392981358,53.01666666666494,0,239,0.002825935638833288
4935,1,1,1,1,1,2.0333189964294434,1.499999999997766,1.499999999997766,1.4999999999975357,0.0029999999999951316,0.04200000000000437,10.998097711718742,53.266666666664925,0,254,0.0027371123306564465
4950,1,1,1,1,1,2.5565338134765625,1.499999999999565,1.499999999999565,1.499999999999519,0.002999999999999052,0.04200000000000085,10.991077821273144,53.51666666666491,0,269,0.0026696644546458496
4965,1,1,1,1,1,3.467013120651245,1.4999999999999118,1.4999999999999118,1.4999999999999034,0.0029999999999998084,0.04200000000000017,11.005232918037686,53.7666666666649,0,284,0.0026165134290797127
4980,1,1,1,1,1,4.491011619567871,1.4999999999999856,1.4999999999999856,1.4999999999999827,0.002999999999999968,0.04200000000000003,10.288868989350654,54.01666666666488,0,299,0.0024785219804426962
4995,1,1,1,1,1,5.190080642700195,1.4999999999999851,1.4999999999999851,1.499999999999985,0.002999999999999968,0.04200000000000003,10.821977872262574,54.26666666666487,0,314,0.0022858385293342007
5010,1,1,1,1,1,1.165581464767456,1.4999999999999851,1.4999999999999851,1.499999999999985,0.002999999999999968,0.04200000000000003,12.108067788149542,54.516666666664854,0,329,0.002426166913193361
5025,1,1,1,1,1,6.322963714599609,1.4999999999999851,1.4999999999999851,1.499999999999985,0.002999999999999968,0.04200000000000003,13.866211365746727,54.76666666666484,0,344,0.00287984278193182
5040,1,1,1,1,1,9.285185813903809,1.4999999999999851,1.4999999999999851,1.499999999999985,0.002999999999999968,0.04200000000000003,15.507513415918483,55.016666666664825,0,359,0.003630774276443015
5055,1,1,0,1,1,11.891486167907715,0.036000000000000004,0.036000000000000004,0.09805706405034273,0.0,0.04558586395142512,16.51160821505408,55.19999999999815,0,1,0.0050236854887549835
5070,1,1,1,1,1,7.938872337341309,0.05099267638706975,0.05099267638706975,0.044246361935958795,2.9985352774139495e-05,0.044870014647225856,17.360426608490645,55.449999999998134,0,16,0.006625916512692247
5085,1,1,1,1,1,11.76589584350586,0.7352724043228815,0.7352724043228815,0.694365567279092,0.001398544808645763,0.043854634360055406,16.35072867717037,55.69999999999812,0,31,0.006019129876061914
5100,1,1,1,1,1,4.664824485778809,1.2453568238489647,1.2453568238489647,1.219104207340095,0.002445038407241279,0.04249808092834238,16.345185603364655,55.949999999998106,0,46,0.0048802637094930565
5115,1,1,1,1,1,4.54330587387085,1.4497322945648425,1.4497322945648425,1.44454937322806,0.0028904541316231297,0.04209831442460066,16.339387210587688,56.19999999999809,0,61,0.0038389865928827823
5130,1,1,1,1,1,5.909526824951172,1.490077807435962,1.490077807435962,1.4890547660070026,0.0029783770675081422,0.04201940599127333,16.373715674701913,56.44999999999808,0,76,0.003254539570247977
5145,1,1,1,1,1,2.246115207672119,1.4980414879805652,1.4980414879805652,1.4978395528818391,0.002995731913797539,0.042003830490782414,16.34597024125803,56.69999999999806,0,91,0.0028235802620981635
5160,1,1,1,1,1,1.7151309251785278,1.4996134151493716,1.4996134151493716,1.4995735557820544,0.002999157535184531,0.04200075608915965,16.34026947599495,56.94999999999805,0,106,0.0024928644648869597
5175,1,1,1,1,1,3.1170809268951416,1.499923693168465,1.499923693168465,1.4999158254467413,0.0029998337083808543,0.04200014924218587,16.37244134110529,57.199999999998035,0,121,0.002259463776714826
5190,1,1,1,1,1,1.540311574935913,1.4999849380219394,1.4999849380219394,1.499983385035796,0.002999967176192893,0.042000029458470284,16.37417611987879,57.44999999999802,0,136,0.0021060205567407543
5205,1,0,1,1,1,0.0,1.4999970269610412,1.4999970269610412,1.4999967204217344,0.002999993521006543,0.04200000581471965,16.24638829930737,57.699999999998006,0,151,0.0017882744139134943
5220,1,0,1,1,1,0.0,1.499999413160697,1.499999413160697,1.499999352653817,0.002999998721130784,0.04200000114775019,15.914922222381088,57.94999999999799,0,166,0.0013851843390812776
5235,1,0,1,1,1,0.0,1.4999998841655389,1.4999998841655389,1.4999998722222658,0.0029999997475678164,0.04200000022655099,15.24556614838508,58.19999999999798,0,181,0.0011155636064726763
5250,1,0,1,1,1,0.0,1.4999999771357786,1.4999999771357786,1.4999999747783317,0.0029999999501731586,0.042000000044718225,14.569373460017884,58.449999999997964,0,196,0.0007164660817784849
5265,1,1,1,1,1,0.5812482237815857,1.4999999954869025,1.4999999954869025,1.4999999950215739,0.0029999999901648353,0.04200000000882679,14.067771611906249,58.69999999999795,0,211,0.0003002581842481534
5280,1,0,1,1,1,0.36564740538597107,1.4999999991091735,1.4999999991091735,1.499999999017323,0.0029999999980586667,0.04200000000174229,13.806112761043412,58.949999999997935,0,226,-3.479910456316484e-05
5295,1,1,1,1,1,0.6193045377731323,1.4999999998241607,1.4999999998241607,1.49999999980603,0.0029999999996168022,0.04200000000034391,13.774356181009294,59.19999999999792,0,241,-0.0002483420826658605
5310,1,1,1,1,1,4.2470293045043945,1.4999999999652915,1.4999999999652915,1.4999999999617133,0.0029999999999243618,0.04200000000006788,13.755067778393434,59.44999999999791,0,256,-0.00027273288650823404
5325,1,1,1,1,1,4.9324445724487305,1.499999999993149,1.499999999993149,1.4999999999924425,0.00299999999998507,0.042000000000013395,13.7878540188537,59.69999999999789,0,271,-0.0002909371873418156
5340,1,1,1,1,1,5.632380962371826,1.4999999999986449,1.4999999999986449,1.4999999999985048,0.0029999999999970467,0.042000000000002646,13.770519562465637,59.94999999999788,0,286,-0.00039197669412134367
5355,1,1,1,1,1,5.273879528045654,1.499999999999734,1.499999999999734,1.4999999999997056,0.00299999999999942,0.042000000000000516,13.204529028110532,60.199999999997864,0,301,-0.0004988986107735318
5370,1,1,1,1,1,4.270834922790527,1.499999999999947,1.499999999999947,1.4999999999999414,0.0029999999999998847,0.0420000000000001,12.481093716376572,60.44999999999785,0,316,-0.0013895212857057302
5385,0,0,0,1,0,0.0,0.036000000000000004,0.036000000000000004,0.03604102675151519,0.0,0.06077938394071127,12.520274111083475,60.466666666664516,0,0,0.006945243487061204
5400,0,0,0,1,0,0.0,0.036000000000000004,0.036000000000000004,0.03600000025778334,0.0,0.05927938394071123,12.520274111083475,60.466666666664516,0,0,0.012846524938922441
5415,0,0,0,1,0,0.0,0.036000000000000004,0.036000000000000004,0.03600000000000163,0.0,0.057779383940711186,12.520274111083475,60.466666666664516,0,0,0.014558121551656205
5430,0,0,0,1,0,0.0,0.036000000000000004,0.036000000000000004,0.036000000000000004,0.0,0.05627938394071114,12.520274111083475,60.466666666664516,0,0,0.014325747450787522
5445,0,0,0,1,0,0.0,0.036000000000000004,0.036000000000000004,0.036000000000000004,0.0,0.0547793839407111,12.520274111083475,60.466666666664516,0,0,0.013305892674642248
5460,0,0,0,1,0,0.0,0.036000000000000004,0.036000000000000004,0.036000000000000004,0.0,0.05327938394071106,12.520274111083475,60.466666666664516,0,0,0.011985671192960172
5475,0,0,0,1,0,0.0,0.036000000000000004,0.036000000000000004,0.036000000000000004,0.0,0.051779383940711014,12.520274111083475,60.466666666664516,0,0,0.010554040228547515
5490,0,0,0,1,0,0.0,0.036000000000000004,0.036000000000000004,0.036000000000000004,0.0,0.05027938394071097,12.520274111083475,60.466666666664516,0,0,0.0090813109546902
5505,0,0,0,1,0,0.0,0.036000000000000004,0.036000000000000004,0.036000000000000004,0.0,0.04877938394071093,12.520274111083475,60.466666666664516,0,0,0.007593353860454306
5520,0,0,0,1,0,0.0,0.036000000000000004,0.036000000000000004,0.036000000000000004,0.0,0.047279383940710885,12.520274111083475,60.466666666664516,0,0,0.006101222480545678
5535,0,0,0,1,0,0.0,0.036000000000000004,0.036000000000000004,0.036000000000000004,0.0,0.04577938394071084,12.520274111083475,60.466666666664516,0,0,0.004605062542269399
5550,0,0,0,1,1,0.0,0.34630802964459806,0.34630802964459806,0.305700120280346,0.000620616059289196,0.0442793839407108,12.520274111083475,60.466666666664516,0,0,0.0031100514780607936
5565,1,0,1,1,1,0.0,1.0963080296446195,1.0963080296446195,1.0553989406279412,0.002120616059289239,0.04278921697977408,12.939482256760513,60.64999999999784,0,12,0.0013352770343777259
5580,1,1,1,1,1,0.7412402033805847,1.4203388869939204,1.4203388869939204,1.412125321900381,0.0028263985659604113,0.04215580254569128,12.564062692961132,60.899999999997824,0,27,-0.0004309959746750811
5595,1,1,1,1,1,2.4763529300689697,1.4842759302892028,1.4842759302892028,1.482654678268354,0.0029657333300417837,0.042030753400281194,12.134204735685831,61.14999999999781,0,42,-0.0012746095236081932
5610,1,1,1,1,1,4.728332042694092,1.4968962727417048,1.4968962727417048,1.4965762586370661,0.002993236204140756,0.042006070322028174,13.721828596916822,61.399999999997796,0,57,-0.0007378104850364541
5625,1,1,1,1,1,3.2750473022460938,1.4993873645264189,1.4993873645264189,1.499324197896032,0.002998664914493257,0.04200119820277396,14.038887580829641,61.64999999999778,0,72,-0.0004044986371508478
5640,1,1,1,1,1,0.7565475702285767,1.4998790737096939,1.4998790737096939,1.4998666054367744,0.0029997364714507493,0.04200023650967458,13.148228983679857,61.89999999999777,0,87,-0.0002788792788713804
5655,1,1,1,1,1,1.0627102851867676,1.499976130719945,1.499976130719945,1.4999736696447123,0.00299994798288504,0.04200004668393981,12.453782038327114,62.14999999999775,0,102,-0.0003742662277601128
5670,1,1,1,1,1,1.5959322452545166,1.4999952885139503,1.4999952885139503,1.4999948027296446,0.0029999897324967106,0.04200000921480374,12.274001169830127,62.39999999999774,0,117,-0.0003183013632861906
5685,1,1,1,1,1,1.3046261072158813,1.499999070013806,1.499999070013806,1.49999897412629,0.002999997973328117,0.04200000181888265,12.297015632668026,62.649999999997725,0,132,-0.00016220632819969428
5700,1,1,1,1,1,2.4896469116210938,1.4999998164327972,1.4999998164327972,1.4999997975058468,0.0029999995999612783,0.04200000035902383,12.281269512758806,62.89999999999771,0,147,5.328204511967073e-05
5715,1,1,1,1,1,2.4628007411956787,1.4999999637662165,1.4999999637662165,1.4999999600302822,0.002999999921037548,0.04200000007086664,12.28224738641608,63.149999999997696,0,162,0.0002579636537825354
5730,1,1,1,1,1,2.566256284713745,1.499999992847922,1.499999992847922,1.4999999921104972,0.0029999999844138384,0.042000000013988154,12.295051193137715,63.39999999999768,0,177,0.0004714434230151605
5745,1,1,1,1,1,1.8882743120193481,1.4999999985882715,1.4999999985882715,1.4999999984427128,0.0029999999969234914,0.04200000000276108,12.663652783609798,63.64999999999767,0,192,0.0006385135209347821
5760,1,0,1,1,1,0.0358608141541481,1.499999999721347,1.499999999721347,1.4999999996926152,0.0029999999993927454,0.04200000000054499,13.339234468980022,63.899999999997654,0,207,0.0007836998475175113
5775,1,0,1,1,1,0.34542420506477356,1.4999999999449962,1.4999999999449962,1.4999999999393256,0.0029999999998801333,0.042000000000107576,14.01550047801602,64.14999999999765,0,222,0.001069347126395667
5790,1,0,1,1,1,0.131878063082695,1.4999999999891438,1.4999999999891438,1.4999999999880234,0.002999999999976341,0.04200000000002123,14.914742752093606,64.39999999999763,0,237,0.001448708439638418
5805,1,0,1,1,1,0.0,1.4999999999978584,1.4999999999978584,1.4999999999976372,0.002999999999995333,0.04200000000000419,15.307549611094673,64.64999999999762,0,252,0.0017228437549481421
5820,1,0,1,1,1,0.0,1.4999999999995777,1.4999999999995777,1.4999999999995344,0.00299999999999908,0.04200000000000082,15.366452754843582,64.8999999999976,0,267,0.00202083662509682
5835,1,0,1,1,1,0.0,1.4999999999999185,1.4999999999999185,1.4999999999999098,0.0029999999999998223,0.042000000000000155,15.36879208505084,65.14999999999759,0,282,0.002245479014403531
5850,1,0,1,1,1,0.0,1.4999999999999853,1.4999999999999853,1.499999999999984,0.002999999999999968,0.04200000000000003,15.4010883761851,65.39999999999758,0,297,0.0024376505071179028
5865,1,0,1,1,1,0.03412945941090584,1.4999999999999851,1.4999999999999851,1.499999999999985,0.002999999999999968,0.04200000000000003,15.435995349272078,65.64999999999756,0,312,0.0026174345312862434
5880,1,0,1,1,1,0.0,1.4999999999999851,1.4999999999999851,1.499999999999985,0.002999999999999968,0.04200000000000003,15.47306603765708,65.89999999999755,0,327,0.0027771505402748495
5895,1,0,1,1,1,0.0,1.4999999999999851,1.4999999999999851,1.499999999999985,0.002999999999999968,0.04200000000000003,15.500016724963222,66.14999999999753,0,342,0.0029435529293229666
5910,1,0,1,1,1,0.053964242339134216,1.4999999999999851,1.4999999999999851,1.499999999999985,0.002999999999999968,0.04200000000000003,15.717574813158777,66.39999999999752,0,357,0.0031248308494577705
5925,1,1,1,1,1,6.331169605255127,1.4999999999999851,1.4999999999999851,1.499999999999985,0.002999999999999968,0.04200000000000003,16.12962428761129,66.6499999999975,0,372,0.003445037213367485
5940,1,1,1,1,1,5.980322360992432,1.4999999999999851,1.4999999999999851,1.499999999999985,0.002999999999999968,0.04200000000000003,16.651502009352225,66.89999999999749,0,387,0.0038198875207788746
5955,1,1,1,1,1,7.50659704208374,1.4999999999999851,1.4999999999999851,1.499999999999985,0.002999999999999968,0.04200000000000003,16.65939198754233,67.14999999999748,0,402,0.003943738495083617
5970,1,1,0,1,1,16.972000122070312,0.036000000000000004,0.036000000000000004,0.0950524751113423,0.0,0.04740318394794845,15.884056386942188,67.36666666666413,0,0,0.00513155796851103
5985,0,0,0,1,0,0.0,0.036000000000000004,0.036000000000000004,0.03600037104434063,0.0,0.04809603406086344,14.5916594090494,67.44999999999746,0,0,0.008250054210436862
6000,1,1,0,1,1,1.4070848226547241,0.036000000000000004,0.036000000000000004,0.03600000000233139,0.0,0.0465960340608634,14.5916594090494,67.44999999999746,0,1,0.008652803922210565
6015,1,1,1,1,1,2.111603260040283,0.036000000000000004,0.036000000000000004,0.03600000000000002,0.0,0.045096034060863356,13.02283890275196,67.59999999999745,0,8,0.00770393769180826
6030,1,1,1,1,1,1.3098540306091309,0.6879829695683412,0.6879829695683412,0.6470751203245455,0.0013039659391366823,0.04359603406086331,10.027472644696203,67.84999999999744,0,23,0.006177008629908811
6045,1,1,1,1,1,4.297574996948242,1.3072494459640502,1.3072494459640502,1.2873776537414043,0.002579947673385201,0.04237698649827579,7.840643093810262,68.09999999999742,0,38,0.004553819852983181
6060,1,1,1,1,1,6.16340446472168,1.4619533487967027,1.4619533487967027,1.4580304960649833,0.0029170868570486744,0.04207441228099934,7.793179304242703,68.34999999999741,0,53,0.0036875419984923148
6075,1,1,1,1,1,4.3463521003723145,1.4924900849081135,1.4924900849081135,1.4917157646943715,0.002983634021814896,0.0420146880183786,7.870311258588369,68.5999999999974,0,68,0.0033329756906078775
6090,1,1,1,1,1,3.744082450866699,1.4985176402415663,1.4985176402415663,1.498364799482256,0.0029967695683410303,0.04200289922417353,7.95624304974343,68.84999999999738,0,83,0.0031765699871879756
6105,1,1,1,1,1,3.203603982925415,1.4997074014251124,1.4997074014251124,1.499677232643139,0.002999362354722389,0.04200057226921915,7.951960806402751,69.09999999999737,0,98,0.003178183865329369
6120,1,1,1,1,1,3.0647358894348145,1.4999422448393247,1.4999422448393247,1.499936289913362,0.0029998741370990054,0.04200011295851565,7.958744991895235,69.34999999999735,0,113,0.0032258820259897943
6135,1,1,1,1,1,1.3315175771713257,1.4999885998809586,1.4999885998809586,1.4999874244558704,0.0029999751562970745,0.04200002229654476,7.949259607157644,69.59999999999734,0,128,0.003240608343762073
6150,1,1,1,1,1,3.5463430881500244,1.4999977497644765,1.4999977497644765,1.4999975177508214,0.0029999950961755173,0.04200000440104852,7.954714617256837,69.84999999999732,0,143,0.0032594026045079734
6165,1,1,1,1,1,2.168799877166748,1.4999995558327197,1.4999995558327197,1.4999995100362353,0.002999999032048707,0.04200000086870984,7.968083504624558,70.09999999999731,0,158,0.003256644863603767
6180,1,1,1,1,1,4.613691329956055,1.4999999123271455,1.4999999123271455,1.499999903287514,0.0029999998089389815,0.04200000017147204,7.900038291786624,70.3499999999973,0,173,0.0032351564329550823
6195,1,1,1,1,1,6.815447807312012,1.4999999826945147,1.4999999826945147,1.499999980910209,0.002999999962287031,0.04200000003384636,7.798815312971289,70.59999999999728,0,188,0.003210684385080161
6210,1,1,1,1,1,7.6859822273254395,1.4999999965841255,1.4999999965841255,1.4999999962319261,0.0029999999925559573,0.042000000006680825,8.026826853317015,70.84999999999727,0,203,0.0031626586969722577
6225,1,1,1,1,1,6.203734874725342,1.4999999993257478,1.4999999993257478,1.4999999992562283,0.0029999999985306364,0.04200000000131871,9.135548818254248,71.09999999999725,0,218,0.0031484265026532144
6240,1,1,1,1,1,1.4264967441558838,1.4999999998669102,1.4999999998669102,1.4999999998531877,0.002999999999709964,0.0420000000002603,12.323314850839429,71.34999999999724,0,233,0.003214360801806048
6255,1,1,1,1,1,2.735478639602661,1.4999999999737295,1.4999999999737295,1.4999999999710203,0.00299999999994275,0.04200000000005138,15.302875692779578,71.59999999999722,0,248,0.003719320539137328
6270,1,1,1,1,1,6.636972427368164,1.4999999999948144,1.4999999999948144,1.4999999999942801,0.002999999999988699,0.04200000000001014,16.52063023391106,71.84999999999721,0,263,0.004239825432454502
6285,1,1,1,1,1,7.842319488525391,1.4999999999989762,1.4999999999989762,1.4999999999988698,0.0029999999999977683,0.042000000000002,16.738534152765244,72.0999999999972,0,278,0.004465914510385479
6300,1,1,1,1,1,4.6698222160339355,1.4079910580201238,1.4079910580201238,1.3985187155462122,0.002799493318088181,0.042179951138985795,16.289409681874265,72.34999999999718,0,293,0.004487954035056461
6315,1,1,1,1,1,4.981166839599609,1.4818385813760007,1.4818385813760007,1.479966023220641,0.002960421738838599,0.042035520408312224,15.758312105047851,72.59999999999717,0,308,0.003958303478627811
6330,1,1,1,1,1,4.090015888214111,1.4964151717032372,1.4964151717032372,1.4960455530086163,0.0029921877649767906,0.04200701126753934,15.446113688097267,72.84999999999715,0,323,0.0034752968567437524
6345,1,1,1,1,1,2.0745933055877686,1.4992924014262445,1.4992924014262445,1.4992194434936756,0.0029984579662113084,0.04200138393320415,15.412397126636515,73.09999999999714,0,338,0.0032071666570568564
6360,1,1,1,1,1,0.6321912407875061,1.499860329226359,1.499860329226359,1.4998459282774825,0.0029996956225461224,0.04200027317045067,15.385455682883835,73.34999999999712,0,353,0.002971141414796398
6375,1,0,1,1,1,0.35162729024887085,1.4999724308022455,1.4999724308022455,1.4999695882418655,0.0029999399198415017,0.042000053920301136,15.380855146355339,73.59999999999711,0,368,0.002773825096848031
6390,1,0,1,1,1,0.0,1.4999945581982184,1.4999945581982184,1.4999939971136964,0.002999988140956568,0.042000010643167544,15.371161092818069,73.8499999999971,0,383,0.0026209411904423246
6405,1,0,1,1,1,0.0,1.4999989258589632,1.4999989258589632,1.4999988151081616,0.0029999976591787575,0.04200000210082312,15.405065529750756,74.09999999999708,0,398,0.002497069352302944
6420,1,0,1,1,1,0.0,1.4999997879785012,1.4999997879785012,1.49999976611773,0.0029999995379522693,0.04200000041467521,15.315406695102103,74.34999999999707,0,413,0.002340326780993619
6435,1,0,1,1,1,0.0,1.4999999581497085,1.4999999581497085,1.4999999538346767,0.0029999999087977763,0.0420000000818515,14.879310539468708,74.59999999999705,0,428,0.0020536383590971825
6450,1,0,1,1,1,0.0,1.4999999917392972,1.4999999917392972,1.499999990887566,0.002999999981997868,0.04200000001615642,14.119624174932742,74.84999999999704,0,443,0.0016709436847193557
6465,1,0,1,1,1,0.1298956274986267,1.4999999983694459,1.4999999983694459,1.4999999982013252,0.002999999996446616,0.04200000000318906,13.276944638550287,75.09999999999702,0,458,0.001269207616530228
6480,1,1,1,1,1,1.2996019124984741,1.499999999678152,1.499999999678152,1.4999999996449662,0.0029999999992986123,0.04200000000062947,12.563805833042572,75.34999999999701,0,473,0.0009599910911071673
6495,1,1,1,1,1,0.9418467283248901,1.4999999999364693,1.4999999999364693,1.4999999999299194,0.002999999999861551,0.04200000000012425,12.265279484167241,75.599999999997,0,488,0.0007050071216293161
6510,1,1,1,1,1,1.8737287521362305,1.4999999999874591,1.4999999999874591,1.4999999999861662,0.0029999999999726704,0.042000000000024525,12.289411591229147,75.84999999999698,0,503,0.0005825336913496037
6525,1,1,1,1,1,2.294654130935669,1.4999999999975242,1.4999999999975242,1.4999999999972686,0.002999999999994604,0.04200000000000484,12.29061317955182,76.09999999999697,0,518,0.0004482076562860645
6540,1,1,1,1,1,5.567183494567871,1.4999999999995142,1.4999999999995142,1.4999999999994627,0.002999999999998941,0.042000000000000946,12.315929062742496,76.34999999999695,0,533,0.00038475466216373607
6555,1,1,1,1,1,2.913515090942383,1.4999999999999025,1.4999999999999025,1.4999999999998932,0.0029999999999997876,0.04200000000000019,12.30410189004037,76.59999999999694,0,548,0.00021070336636159386
6570,1,1,1,1,1,1.885535717010498,1.4999999999999822,1.4999999999999822,1.4999999999999796,0.002999999999999961,0.04200000000000003,12.687489316994467,76.84999999999692,0,563,7.83181284051465e-05
6585,1,1,1,1,1,1.189834713935852,1.4999999999999851,1.4999999999999851,1.499999999999985,0.002999999999999968,0.04200000000000003,13.50737229890325,77.09999999999691,0,578,-3.9350922343603736e-05
6600,1,1,1,1,1,0.6240744590759277,1.4999999999999851,1.4999999999999851,1.499999999999985,0.002999999999999968,0.04200000000000003,14.31474781677644,77.3499999999969,0,593,-0.0001592198531679408
6615,1,1,1,1,1,0.954283595085144,1.4999999999999851,1.4999999999999851,1.499999999999985,0.002999999999999968,0.04200000000000003,13.990474936546672,77.59999999999688,0,608,-0.000408913163194434
6630,1,1,1,1,1,0.7585995197296143,1.4999999999999851,1.4999999999999851,1.499999999999985,0.002999999999999968,0.04200000000000003,12.394523883273386,77.84999999999687,0,623,-0.0010607872274635889
6645,0,0,0,1,0,0.0,0.036000000000000004,0.036000000000000004,0.06039871874999972,0.0,0.06155128635966731,10.57212277485231,77.99999999999686,3,0,0.001142159990970985
6660,0,0,0,1,0,0.0,0.036000000000000004,0.036000000000000004,0.03600015330443802,0.0,0.060051286359667264,10.57212277485231,77.99999999999686,0,0,0.010256046848404457
6675,0,0,0,1,0,0.0,0.036000000000000004,0.036000000000000004,0.03600000000096326,0.0,0.05855128635966722,10.57212277485231,77.99999999999686,0,0,0.013557187210284406
6690,0,0,0,1,0,0.0,0.036000000000000004,0.036000000000000004,0.03600000000000001,0.0,0.05705128635966718,10.57212277485231,77.99999999999686,0,0,0.01398928166679016
6705,0,0,0,1,0,0.0,0.036000000000000004,0.036000000000000004,0.036000000000000004,0.0,0.055551286359667135,10.57212277485231,77.99999999999686,0,0,0.013226522308291114
6720,0,0,0,1,0,0.0,0.036000000000000004,0.036000000000000004,0.036000000000000004,0.0,0.05405128635966709,10.57212277485231,77.99999999999686,0,0,0.01200377305548644
6735,0,0,0,1,0,0.0,0.036000000000000004,0.036000000000000004,0.036000000000000004,0.0,0.05255128635966705,10.57212277485231,77.99999999999686,0,0,0.010609516851409028
6750,0,0,0,1,0,0.0,0.036000000000000004,0.036000000000000004,0.036000000000000004,0.0,0.051051286359667006,10.57212277485231,77.99999999999686,0,0,0.009150684884709456
6765,0,0,0,1,0,0.0,0.036000000000000004,0.036000000000000004,0.036000000000000004,0.0,0.04955128635966696,10.57212277485231,77.99999999999686,0,0,0.007669949077107102
6780,0,0,0,1,0,0.0,0.036000000000000004,0.036000000000000004,0.036000000000000004,0.0,0.04805128635966692,10.57212277485231,77.99999999999686,0,0,0.006178411691710581
6795,0,0,0,1,0,0.0,0.036000000000000004,0.036000000000000004,0.036000000000000004,0.0,0.04655128635966688,10.57212277485231,77.99999999999686,0,0,0.004684108545313494
6810,0,0,0,1,0,0.0,0.036000000000000004,0.036000000000000004,0.036000000000000004,0.0,0.045051286359666834,10.57212277485231,77.99999999999686,0,0,0.0031894440406695828
6825,1,1,1,1,1,4.189388751983643,0.7103568201666023,0.7103568201666023,0.6694486585192809,0.0013487136403332045,0.04355128635966679,9.557519703647746,78.14999999999685,0,10,0.001841992544788351
6840,1,1,1,1,1,12.374468803405762,1.1715857869062098,1.1715857869062098,1.1796782507023615,0.002281085381769729,0.04310483011521764,8.364471589376617,78.39999999999684,0,25,0.0003267983607408531
6855,1,1,1,1,1,11.714639663696289,0.036000000000000004,0.036000000000000004,0.04386849949183762,0.0,0.045773993694882234,7.552128646928915,78.59999999999683,0,4,0.00048646305875337144
6870,1,1,1,1,1,10.964076042175293,0.036000000000000004,0.036000000000000004,0.03600004944013271,0.0,0.04626441460857847,7.103102016409086,78.81666666666348,0,9,0.0015787353214647135
6885,1,1,1,1,1,4.917877674102783,0.10379269571078467,0.10379269571078467,0.07768967482966108,0.00013558539142156933,0.044764414608578426,7.10373500562885,79.06666666666347,0,24,0.0011604492096103595
6900,1,1,1,1,1,7.540087699890137,0.8537926957108062,0.8537926957108062,0.8128836978326748,0.0016355853914216123,0.04326441460857838,7.272747150373145,79.31666666666345,0,39,0.0004966725659809995
6915,1,1,1,1,1,8.503846168518066,1.3654471699705186,1.3654471699705186,1.3515740879308211,0.0027067758232588238,0.04226316073666743,8.307106076293682,79.56666666666344,0,54,-0.0002117397114494528
6930,1,1,1,1,1,7.878109931945801,1.4734410110590297,1.4734410110590297,1.4707026096615832,0.002942121338483178,0.04205194451773526,10.388456717557563,79.81666666666342,0,69,-0.0006654159624512166
6945,1,1,1,1,1,5.773099422454834,1.4947576003258038,1.4947576003258038,1.494217075434833,0.002988575503496946,0.04201025317354729,12.89054614564471,80.06666666666341,0,84,-0.0006008662243112165
6960,1,1,1,1,1,1.6444451808929443,1.4989652183520605,1.4989652183520605,1.4988585257547409,0.002997744952683311,0.042002023843369304,15.029008325046604,80.3166666666634,0,99,-9.065318096622389e-05
6975,1,1,1,1,1,1.9641578197479248,1.4997957475344377,1.4997957475344377,1.4997746878006246,0.0029995548829307994,0.04200039948041107,16.147925426422766,80.56666666666338,0,114,0.00040814561833113006
6990,1,1,1,1,1,1.6820012331008911,1.4999596832145492,1.4999596832145492,1.4999555262964561,0.0029999121396682774,0.04200007885224778,16.082153716133174,80.81666666666337,0,129,0.0007899538149323889
7005,1,1,1,1,1,2.527663230895996,1.499992041989874,1.499992041989874,1.4999912214682014,0.0029999826575109675,0.04200001556441019,15.400867748682861,81.06666666666335,0,144,0.0010246609883885899
7020,1,1,1,1,1,1.6229994297027588,1.4999984291920967,1.4999984291920967,1.4999982672317693,0.002999996576817772,0.04200000307221254,14.561667223081827,81.31666666666334,0,159,0.0010106494612010328
7035,1,1,1,1,1,1.4962323904037476,1.499999689942907,1.499999689942907,1.4999996579740404,0.002999999324308257,0.04200000060641488,13.614935311339242,81.56666666666332,0,174,0.0009736571180054473
7050,1,0,1,1,1,0.07716868072748184,1.4999999387987533,1.4999999387987533,1.4999999324885134,0.0029999998666272176,0.04200000011969843,12.80932310841914,81.81666666666331,0,189,0.0009292648358870711
7065,1,0,1,1,1,0.2724192142486572,1.4999999879196648,1.4999999879196648,1.4999999866741058,0.0029999999736739363,0.04200000002362692,12.352466779488127,82.0666666666633,0,204,0.0009147899233189363
7080,1,1,1,1,1,0.5925378799438477,1.4999999976154985,1.4999999976154985,1.4999999973696405,0.002999999994803576,0.04200000000466365,12.275382373397218,82.31666666666328,0,219,0.0009664644913513155
7095,1,1,1,1,1,0.6636663675308228,1.4999999995293312,1.4999999995293312,1.499999999480802,0.0029999999989742954,0.04200000000092054,12.654574139958616,82.56666666666327,0,234,0.0011239390413552116
7110,1,1,1,1,1,3.3635096549987793,1.4999999999070963,1.4999999999070963,1.499999999897518,0.0029999999997975396,0.042000000000181704,13.345154390145904,82.81666666666325,0,249,0.001388771769629926
7125,1,1,1,1,1,2.5449154376983643,1.499999999981661,1.499999999981661,1.4999999999797702,0.0029999999999600346,0.04200000000003586,14.242147753462707,83.06666666666324,0,264,0.0016275331650536906
7140,1,0,1,1,1,0.16010400652885437,1.499999999996381,1.499999999996381,1.4999999999960074,0.002999999999992113,0.04200000000000707,14.959692661393523,83.31666666666322,0,279,0.0020804692858424124
7155,1,0,1,1,1,0.0,1.4999999999992881,1.4999999999992881,1.4999999999992142,0.0029999999999984484,0.04200000000000139,15.365439160904428,83.56666666666321,0,294,0.002407454111110239
7170,1,0,1,1,1,0.0,1.499999999999861,1.499999999999861,1.499999999999847,0.0029999999999996974,0.04200000000000027,15.43240817899473,83.8166666666632,0,309,0.002674954534780609
7185,1,0,1,1,1,0.0,1.4999999999999725,1.4999999999999725,1.4999999999999698,0.00299999999999994,0.04200000000000005,15.40573509602996,84.06666666666318,0,324,0.0028859589847736625
7200,1,0,1,1,1,0.0,1.4999999999999851,1.4999999999999851,1.499999999999985,0.002999999999999968,0.04200000000000003,15.64249738347745,84.31666666666317,0,339,0.0030904868148101056
7215,1,0,1,1,1,0.4295803904533386,1.4999999999999851,1.4999999999999851,1.499999999999985,0.002999999999999968,0.04200000000000003,16.108508213054694,84.56666666666315,0,354,0.0032848040879703195
7230,1,1,1,1,1,1.7813353538513184,1.4999999999999851,1.4999999999999851,1.499999999999985,0.002999999999999968,0.04200000000000003,16.659623571190046,84.81666666666314,0,369,0.0034931351828544014
7245,1,1,1,1,1,2.8691272735595703,1.4999999999999851,1.4999999999999851,1.499999999999985,0.002999999999999968,0.04200000000000003,17.154556600304,85.06666666666312,0,384,0.0037658969045416967
7260,1,1,1,1,1,2.2313008308410645,1.4999999999999851,1.4999999999999851,1.499999999999985,0.002999999999999968,0.04200000000000003,17.444256437343732,85.31666666666311,0,399,0.0041006488515144225
7275,1,1,1,1,1,3.163877010345459,1.4999999999999851,1.4999999999999851,1.499999999999985,0.002999999999999968,0.04200000000000003,17.5162192776425,85.5666666666631,0,414,0.004367880753131374
7290,1,1,1,1,1,3.749314546585083,1.4999999999999851,1.4999999999999851,1.499999999999985,0.002999999999999968,0.04200000000000003,18.986750278449808,85.81666666666308,0,429,0.00464541668331987
7305,1,1,1,1,1,4.467598915100098,1.2380144956376724,1.2380144956376724,1.3267407305505432,0.002463065772586377,0.04249480814270033,17.57226336938359,86.06666666666307,0,444,0.004899856652387109
7320,1,1,0,1,1,3.300225257873535,0.18607308697576397,0.18607308697576397,0.31115315943741284,0.00030014617395152793,0.04459985382604847,15.322642587442692,86.28333333332972,0,1,0.005602469087142648
7335,1,0,1,1,1,0.4006405174732208,0.9360730869757855,0.9360730869757855,0.8951650390261894,0.001800146173951571,0.043099853826048425,12.325971840424343,86.53333333332971,0,16,0.005482103087623916
7350,1,0,1,1,1,0.0,1.3873059032535109,1.3873059032535109,1.3756864849178323,0.0027544114804499975,0.04222040899038691,9.338543571123775,86.7833333333297,0,31,0.004410460591220617
7365,1,1,1,1,1,3.626896381378174,1.4777556493333652,1.4777556493333652,1.4754621146996358,0.002951524011483901,0.042043505875554346,7.413793172867627,87.03333333332968,0,46,0.0038538163677659834
7380,1,1,1,1,1,4.9230122566223145,1.495609253916006,1.495609253916006,1.495156539949916,0.002990431469098151,0.04200858749511657,7.888346586436855,87.28333333332967,0,61,0.0035522114033606617
7395,1,1,1,1,1,4.794594764709473,1.4991333237160727,1.4991333237160727,1.499043963855515,0.0029981112962020537,0.04200169506006804,7.9534619463467395,87.53333333332965,0,76,0.003505303987103909
7410,1,1,1,1,1,4.270773410797119,1.4998289293512423,1.4998289293512423,1.4998112908746823,0.0029996271943861647,0.0420003345828551,7.9813038279439,87.78333333332964,0,91,0.00350329786771193
7425,1,1,1,1,1,6.7052388191223145,1.4999662328744776,1.4999662328744776,1.499962751268157,0.002999926413010945,0.04200006604231262,7.983255923145521,88.03333333332962,0,106,0.003541011727764393
7440,1,1,1,1,1,5.39509916305542,1.4999933348077314,1.4999933348077314,1.4999926475838352,0.002999985474883546,0.042000013035895255,10.475457732909844,88.28333333332961,0,121,0.003440917928135198
7455,1,1,1,1,1,2.194093704223633,1.4999986843775628,1.4999986843775628,1.4999985487284855,0.0029999971329305528,0.042000002573116514,13.544676674117397,88.5333333333296,0,136,0.0038183770015311506
7470,1,1,1,1,1,1.5005251169204712,1.4999997403132084,1.4999997403132084,1.4999997135378411,0.0029999994340777075,0.042000000507899794,16.335248151187074,88.78333333332958,0,151,0.004443105501401066
7485,1,1,1,1,1,3.752889394760132,1.4999999487411964,1.4999999487411964,1.4999999434560867,0.0029999998882942816,0.04200000010025283,18.27386622615975,89.03333333332957,0,166,0.0052049737280513665
7500,1,1,1,1,1,9.04726791381836,1.4353670689027365,1.4353670689027365,1.429000256732079,0.002859219979048956,0.04212638849909723,17.495171232721347,89.28333333332955,0,181,0.00534624416188321
7515,1,1,1,1,1,3.9728362560272217,1.487240405074127,1.487240405074127,1.4859248115706887,0.0029721936606001143,0.04202495543036773,17.494670470388677,89.53333333332954,0,196,0.004949605850546613
7530,1,1,1,1,1,3.2479171752929688,1.497481421575643,1.497481421575643,1.4972217400532961,0.002994511389403723,0.0420049258780868,17.316298625220416,89.78333333332952,0,211,0.004617654132356317
7545,1,1,1,1,1,2.097929000854492,1.4995028653108555,1.4995028653108555,1.499451607549076,0.002998916619511932,0.04200097230439512,16.926713025196417,90.03333333332951,0,226,0.004279380676705402
7560,1,1,1,1,1,1.8183231353759766,1.4999018720653028,1.4999018720653028,1.4998917544484667,0.0029997861547542207,0.04200019192026683,16.373616259762,90.2833333333295,0,241,0.003967518683743478
7575,1,1,1,1,1,0.961556613445282,1.4999806308194163,1.4999806308194163,1.499978633733182,0.002999957789724249,0.042000037882569494,15.856772656039986,90.53333333332948,0,256,0.00360585466908164
7590,1,1,1,1,1,0.6663637161254883,1.4999961767751717,1.4999961767751717,1.4999957825762718,0.002999991668239471,0.04200000747752749,15.532656056205894,90.78333333332947,0,271,0.003249248309659699
7605,1,0,1,1,1,0.49028000235557556,1.499999245345043,1.499999245345043,1.4999991675352975,0.002999998355418615,0.04200000147596687,15.452498574982311,91.03333333332945,0,286,0.0030069057021663366
7620,1,0,1,1,1,0.0,1.4999998510409047,1.4999998510409047,1.4999998356822712,0.0029999996753809766,0.04200000029133671,15.501614279258831,91.28333333332944,0,301,0.002899518525275924
7635,1,0,1,1,1,0.0,1.4999999705974076,1.4999999705974076,1.4999999675658127,0.0029999999359244175,0.042000000057506086,15.185629029719733,91.53333333332942,0,316,0.002762033820025701
7650,1,0,1,1,1,0.0,1.4999999941963078,1.4999999941963078,1.4999999935979103,0.0029999999873523073,0.04200000001135096,14.60299169200887,91.78333333332941,0,331,0.0024778557266185337
7665,1,0,1,1,1,0.0,1.4999999988544284,1.4999999988544284,1.4999999987363117,0.0029999999975035135,0.04200000000224053,13.726719363186023,92.0333333333294,0,346,0.00208835841312377
7680,1,0,1,1,1,0.0,1.499999999773881,1.499999999773881,1.4999999997505662,0.00299999999950723,0.042000000000442246,12.903281002596563,92.28333333332938,0,361,0.0018223128189456877
7695,1,1,1,1,1,1.4740045070648193,1.4999999999553635,1.4999999999553635,1.4999999999507625,0.0029999999999027263,0.0420000000000873,12.38219447370948,92.53333333332937,0,376,0.0015096808719751726
7710,1,1,1,1,1,1.808854341506958,1.4999999999911877,1.4999999999911877,1.4999999999902793,0.002999999999980796,0.04200000000001723,12.29207655287034,92.78333333332935,0,391,0.0013383447051168508
7725,1,1,1,1,1,1.0426048040390015,1.4999999999982594,1.4999999999982594,1.4999999999980802,0.002999999999996207,0.0420000000000034,12.65883848091098,93.03333333332934,0,406,0.001206349461262046
7740,1,0,1,1,1,0.34215548634529114,1.499999999999654,1.499999999999654,1.499999999999619,0.0029999999999992463,0.042000000000000676,13.419096712886216,93.28333333332932,0,421,0.0010210119277232806
7755,1,0,1,1,1,0.2928282618522644,1.499999999999931,1.499999999999931,1.4999999999999245,0.00299999999999985,0.042000000000000134,14.34714828730521,93.53333333332931,0,436,0.0010332359285993274
7770,1,0,1,1,1,0.20538505911827087,1.4999999999999851,1.4999999999999851,1.4999999999999845,0.002999999999999968,0.04200000000000003,15.279730020477945,93.7833333333293,0,451,0.0011464269951642775
7785,1,1,1,1,1,2.442492961883545,1.4999999999999851,1.4999999999999851,1.499999999999985,0.002999999999999968,0.04200000000000003,15.985324313179017,94.03333333332928,0,466,0.0013296344362122704
7800,1,1,1,1,1,2.4186792373657227,1.4999999999999851,1.4999999999999851,1.499999999999985,0.002999999999999968,0.04200000000000003,16.31811216331259,94.28333333332927,0,481,0.0013613904430018497
7815,1,1,1,1,1,2.3841686248779297,1.4999999999999851,1.4999999999999851,1.499999999999985,0.002999999999999968,0.04200000000000003,15.623705090807512,94.53333333332925,0,496,0.0011606669658801496
7830,1,1,1,1,1,1.6576018333435059,1.4999999999999851,1.4999999999999851,1.499999999999985,0.002999999999999968,0.04200000000000003,13.949302992374175,94.78333333332924,0,511,0.00041961629149960553
7845,1,1,1,1,1,0.8461863994598389,1.4999999999999851,1.4999999999999851,1.499999999999985,0.002999999999999968,0.04200000000000003,11.547329538681563,95.03333333332922,0,526,-0.0006176318698147935
7860,1,1,1,1,1,1.9364080429077148,1.4999999999999851,1.4999999999999851,1.499999999999985,0.002999999999999968,0.04200000000000003,9.174271337042658,95.28333333332921,0,541,-0.0010736142043964048
7875,0,0,0,1,0,0.20536017417907715,0.0,0.0,0.3037499999999969,0.0,0.061900171870189355,7.790682575989857,95.4833333333292,6,0,-0.0012999835753204302
7890,0,0,0,1,0,0.0,0.036000000000000004,0.036000000000000004,0.03600168235322933,0.0,0.06040017187018931,7.790682575989857,95.4833333333292,0,0,0.008946770740089842
7905,0,0,0,1,0,0.0,0.036000000000000004,0.036000000000000004,0.03600000001057073,0.0,0.05890017187018927,7.790682575989857,95.4833333333292,0,0,0.013070273003207308
7920,0,0,0,1,0,0.0,0.036000000000000004,0.036000000000000004,0.036000000000000074,0.0,0.057400171870189226,7.790682575989857,95.4833333333292,0,0,0.013861328521550207
7935,0,0,0,1,0,0.0,0.036000000000000004,0.036000000000000004,0.036000000000000004,0.0,0.05590017187018918,7.790682575989857,95.4833333333292,0,0,0.013238456886155069
7950,0,0,0,1,0,0.0,0.036000000000000004,0.036000000000000004,0.036000000000000004,0.0,0.05440017187018914,7.790682575989857,95.4833333333292,0,0,0.01206786524792723
7965,0,0,0,1,0,0.0,0.036000000000000004,0.036000000000000004,0.036000000000000004,0.0,0.0529001718701891,7.790682575989857,95.4833333333292,0,0,0.010693643231194937
7980,0,0,0,1,0,0.0,0.036000000000000004,0.036000000000000004,0.036000000000000004,0.0,0.051400171870189054,7.790682575989857,95.4833333333292,0,0,0.009242989441817206
7995,0,0,0,1,0,0.0,0.036000000000000004,0.036000000000000004,0.036000000000000004,0.0,0.04990017187018901,7.790682575989857,95.4833333333292,0,0,0.007765627304576499
8010,0,0,0,1,0,0.0,0.036000000000000004,0.036000000000000004,0.036000000000000004,0.0,0.04840017187018897,7.790682575989857,95.4833333333292,0,0,0.006277022690604455
8025,0,0,0,1,0,0.0,0.036000000000000004,0.036000000000000004,0.036000000000000004,0.0,0.046900171870188925,7.790682575989857,95.4833333333292,0,0,0.0047858693013463
8040,0,0,0,1,0,0.0,0.036000000000000004,0.036000000000000004,0.036000000000000004,0.0,0.04540017187018888,7.790682575989857,95.4833333333292,0,0,0.003293558878826526
8055,1,0,0,1,1,0.07883091270923615,0.535914064905578,0.535914064905578,0.49501893306066447,0.000999828129811156,0.04390017187018884,7.790682575989857,95.4833333333292,0,0,0.0017110964343874685
8070,1,1,1,1,1,4.616742134094238,1.2321348115873398,1.2321348115873398,1.204566417670534,0.0024162999514731193,0.04252384334588979,7.234060634510292,95.71666666666252,0,15,0.0003151828738743468
8085,1,1,1,1,1,9.234207153320312,1.4471312438199222,1.4471312438199222,1.441680137594426,0.002884785793264809,0.04210340160346283,7.104756576096852,95.9666666666625,0,30,-0.0006118697196482523
8100,1,1,1,1,1,11.035805702209473,1.3949876712171083,1.3949876712171083,1.3907209441508126,0.0027726293016226908,0.04240417654552776,7.139046519139609,96.21666666666249,0,45,-0.0010127011504957152
8115,1,1,1,1,1,7.417023181915283,1.4540870052898576,1.4540870052898576,1.4494666874431887,0.0028998950855265576,0.04208990071888042,7.086673054813599,96.46666666666248,0,60,-0.0013774220016517756
8130,0,0,0,1,0,0.0,0.036000000000000004,0.036000000000000004,0.03644017208897467,0.0,0.06115726128656769,7.126902000842137,96.53333333332914,0,0,0.0046754144067568245
8145,0,0,0,1,0,0.0,0.036000000000000004,0.036000000000000004,0.03600000276573272,0.0,0.05965726128656765,7.126902000842137,96.53333333332914,0,0,0.011206569625178034
8160,0,0,0,1,0,0.0,0.036000000000000004,0.036000000000000004,0.036000000000017386,0.0,0.058157261286567605,7.126902000842137,96.53333333332914,0,0,0.013234638796855097
8175,0,0,0,1,0,0.0,0.036000000000000004,0.036000000000000004,0.036000000000000004,0.0,0.05665726128656756,7.126902000842137,96.53333333332914,0,0,0.013148915772386797
8190,0,0,0,1,0,0.0,0.036000000000000004,0.036000000000000004,0.036000000000000004,0.0,0.05515726128656752,7.126902000842137,96.53333333332914,0,0,0.012195837546283925
8205,0,0,0,1,0,0.0,0.036000000000000004,0.036000000000000004,0.036000000000000004,0.0,0.053657261286567476,7.126902000842137,96.53333333332914,0,0,0.01090564445990565
8220,0,0,0,1,0,0.0,0.036000000000000004,0.036000000000000004,0.036000000000000004,0.0,0.05215726128656743,7.126902000842137,96.53333333332914,0,0,0.009488483389451496
8235,0,0,0,1,0,0.0,0.036000000000000004,0.036000000000000004,0.036000000000000004,0.0,0.05065726128656739,7.126902000842137,96.53333333332914,0,0,0.008024227839924425
8250,0,0,0,1,0,0.0,0.036000000000000004,0.036000000000000004,0.036000000000000004,0.0,0.04915726128656735,7.126902000842137,96.53333333332914,0,0,0.0065422635290561595
8265,0,0,0,1,0,0.0,0.036000000000000004,0.036000000000000004,0.036000000000000004,0.0,0.047657261286567304,7.126902000842137,96.53333333332914,0,0,0.00505357578713545
8280,0,0,0,1,0,0.0,0.036000000000000004,0.036000000000000004,0.036000000000000004,0.0,0.04615726128656726,7.126902000842137,96.53333333332914,0,0,0.0035645878135374303
8295,1,1,1,1,1,0.5883870124816895,0.15736935671638871,0.15736935671638871,0.12279707408560712,0.00024273871343277742,0.04465726128656722,7.126902000842137,96.5499999999958,0,2,0.0019150670914845108
8310,1,1,1,1,1,2.9724202156066895,0.9073693567164103,0.9073693567164103,0.8664603056233775,0.0017427387134328204,0.043157261286567175,7.113436294634609,96.79999999999579,0,17,0.00030619239680698077
8325,1,1,1,1,1,15.025321960449219,1.3802135003911675,1.3802135003911675,1.3678628465939535,0.002738955389204732,0.0432294042380501,7.116017660428111,97.04999999999578,0,32,-0.0011574032943892619
8340,1,1,0,1,1,4.064185619354248,1.3682823686121577,1.3682823686121577,1.3547057952557635,0.0027129555502320643,0.05228011472722434,7.072985990048663,97.2833333333291,7,0,-0.0015224995996111676
8355,0,0,0,1,0,0.0,0.036000000000000004,0.036000000000000004,0.03600739499029275,0.0,0.060824964734965,7.072985990048663,97.2833333333291,0,0,0.007972323744258297
8370,0,0,0,1,0,0.0,0.036000000000000004,0.036000000000000004,0.03600000004646493,0.0,0.05932496473496496,7.072985990048663,97.2833333333291,0,0,0.012745206875931487
8385,0,0,0,1,0,0.0,0.036000000000000004,0.036000000000000004,0.036000000000000296,0.0,0.057824964734964915,7.072985990048663,97.2833333333291,0,0,0.013844629415726577
8400,0,0,0,1,0,0.0,0.036000000000000004,0.036000000000000004,0.036000000000000004,0.0,0.05632496473496487,7.072985990048663,97.2833333333291,0,0,0.013353637405933623
8415,0,0,0,1,0,0.0,0.036000000000000004,0.036000000000000004,0.036000000000000004,0.0,0.05482496473496483,7.072985990048663,97.2833333333291,0,0,0.012237273659774334
8430,0,0,0,1,0,0.0,0.036000000000000004,0.036000000000000004,0.036000000000000004,0.0,0.053324964734964786,7.072985990048663,97.2833333333291,0,0,0.01088358986825855
8445,0,0,0,1,0,0.0,0.036000000000000004,0.036000000000000004,0.036000000000000004,0.0,0.05182496473496474,7.072985990048663,97.2833333333291,0,0,0.009441799535411742
8460,0,0,0,1,0,0.0,0.036000000000000004,0.036000000000000004,0.036000000000000004,0.0,0.0503249647349647,7.072985990048663,97.2833333333291,0,0,0.007969168231685014
8475,0,0,0,1,0,0.0,0.036000000000000004,0.036000000000000004,0.036000000000000004,0.0,0.04882496473496466,7.072985990048663,97.2833333333291,0,0,0.006483529803188781
8490,0,0,0,1,0,0.0,0.036000000000000004,0.036000000000000004,0.036000000000000004,0.0,0.047324964734964614,7.072985990048663,97.2833333333291,0,0,0.004992078396601614
8505,0,0,0,1,0,0.0,0.036000000000000004,0.036000000000000004,0.036000000000000004,0.0,0.04582496473496457,7.072985990048663,97.2833333333291,0,0,0.0034985454662316883
8520,0,0,0,1,1,0.3558545708656311,0.3235176325177337,0.3235176325177337,0.28305189176550044,0.0005750352650354673,0.04432496473496453,7.072985990048663,97.2833333333291,0,0,0.0018569409459532216
8535,1,1,1,1,1,2.5391201972961426,1.0735176325177551,1.0735176325177551,1.0326085443943644,0.0020750352650355103,0.04282846710840737,7.096526767953618,97.51666666666242,0,15,0.0003881818387217171
8550,1,1,1,1,1,3.415323495864868,1.4163247271510553,1.4163247271510553,1.4076972777322925,0.002817650709675705,0.042163653508502895,7.325650260438166,97.7666666666624,0,30,-0.000719635962237821
8565,1,1,1,1,1,2.17417049407959,1.4834835870887884,1.4834835870887884,1.4817806394230912,0.0029640066165737347,0.04203230307845297,8.207909740837263,98.01666666666239,0,45,-0.0012807648173385924
8580,1,1,1,1,1,1.866165280342102,1.4967398744787705,1.4967398744787705,1.4964037347142667,0.002992895373315367,0.042006376208384044,10.237441549920886,98.26666666666237,0,60,-0.0010986102628464897
8595,1,1,1,1,1,4.370415687561035,1.4993564935394073,1.4993564935394073,1.499290143913078,0.002998597638912401,0.042001258580770126,13.250826477713877,98.51666666666236,0,75,-0.0005287889882660836
8610,1,1,1,1,1,4.074214458465576,1.4998729801775632,1.4998729801775632,1.4998598836225616,0.002999723192124326,0.04200024842750731,15.291439490774875,98.76666666666235,0,90,7.788928615172497e-07
8625,1,1,1,1,1,4.885619640350342,1.499974927935802,1.499974927935802,1.4999723428458407,0.0029999453617183813,0.04200004903636528,16.277037673561694,99.01666666666233,0,105,0.000640350843858015
8640,1,1,1,1,1,3.8007800579071045,1.4999950510999667,1.4999950510999667,1.4999945408367643,0.0029999892151124224,0.042000009679142004,16.42677979263795,99.26666666666232,0,120,0.0013221993460194113
8655,1,1,1,1,1,3.3418333530426025,1.4999990231513718,1.4999990231513718,1.499998922432039,0.0029999978712031833,0.042000001910536995,16.407620347472317,99.5166666666623,0,135,0.0016246821179838754
8670,1,1,1,1,1,2.500011682510376,1.499999807182763,1.499999807182763,1.4999997873020745,0.002999999579803146,0.042000000377115196,16.375866837140435,99.76666666666229,0,150,0.0017498837103320083
8685,1,1,1,1,1,0.5594740509986877,1.4999999619403788,1.4999999619403788,1.499999958016188,0.002999999917058592,0.042000000074437646,16.18834241661427,100.01666666666227,0,165,0.001805113175763826
8700,1,1,1,1,1,0.709078848361969,1.4999999924875231,1.4999999924875231,1.4999999917129385,0.002999999983628439,0.04200000001469303,15.586380386227232,100.26666666666226,0,180,0.0018351657698402227
8715,1,0,1,1,1,0.3632276952266693,1.4999999985171328,1.4999999985171328,1.49999999836424,0.0029999999967684626,0.04200000000290022,14.659839032677931,100.51666666666225,0,195,0.0018486789381498697
8730,1,0,1,1,1,0.0,1.4999999997072988,1.4999999997072988,1.4999999996771192,0.002999999999362131,0.04200000000057247,13.76376991148786,100.76666666666223,0,210,0.0018573292339357623
8745,1,0,1,1,1,0.1992620974779129,1.4999999999422295,1.4999999999422295,1.4999999999362719,0.0029999999998741034,0.04200000000011299,13.308699801444462,101.01666666666222,0,225,0.001900697885595077
8760,1,0,1,1,1,0.34913477301597595,1.4999999999885991,1.4999999999885991,1.4999999999874234,0.0029999999999751545,0.0420000000000223,13.512422117347677,101.2666666666622,0,240,0.0020551619223451757
8775,1,0,1,1,1,0.11173922568559647,1.49999999999775,1.49999999999775,1.4999999999975178,0.002999999999995097,0.0420000000000044,14.35248582322973,101.51666666666219,0,255,0.0022432118904854755
8790,1,0,1,1,1,0.0,1.4999999999995555,1.4999999999995555,1.4999999999995093,0.0029999999999990312,0.04200000000000087,15.227653385830386,101.76666666666218,0,270,0.002474307336727343
8805,1,0,1,1,1,0.0,1.4999999999999118,1.4999999999999118,1.4999999999999027,0.0029999999999998084,0.04200000000000017,15.924216477444329,102.01666666666216,0,285,0.002756626305310636
8820,1,0,1,1,1,0.0,1.4999999999999856,1.4999999999999856,1.4999999999999827,0.002999999999999968,0.04200000000000003,16.45779314488472,102.26666666666215,0,300,0.003244446483478844
8835,1,0,1,1,1,0.0,1.4999999999999851,1.4999999999999851,1.499999999999985,0.002999999999999968,0.04200000000000003,16.982423165864112,102.51666666666213,0,315,0.003574030568733794
8850,1,0,1,1,1,0.0,1.4999999999999851,1.4999999999999851,1.499999999999985,0.002999999999999968,0.04200000000000003,17.28224645866589,102.76666666666212,0,330,0.0038176368465324003
8865,1,0,1,1,1,0.18884019553661346,1.4999999999999851,1.4999999999999851,1.499999999999985,0.002999999999999968,0.04200000000000003,17.448779340424807,103.0166666666621,0,345,0.0040107077785549675
8880,1,1,1,1,1,0.5191024541854858,1.4999999999999851,1.4999999999999851,1.499999999999985,0.002999999999999968,0.04200000000000003,17.434574926196746,103.26666666666209,0,360,0.00418187048478558
8895,1,1,1,1,1,0.6874975562095642,1.4999999999999851,1.4999999999999851,1.499999999999985,0.002999999999999968,0.04200000000000003,17.421855311703954,103.51666666666208,0,375,0.004320537095702178
8910,1,1,1,1,1,0.7645462155342102,1.4999999999999851,1.4999999999999851,1.499999999999985,0.002999999999999968,0.04200000000000003,17.449168150170614,103.76666666666206,0,390,0.004459243513138194
8925,1,1,1,1,1,0.6406930685043335,1.4999999999999851,1.4999999999999851,1.499999999999985,0.002999999999999968,0.04200000000000003,17.494965620271277,104.01666666666205,0,405,0.004591102897838951
8940,1,1,1,1,1,2.433197021484375,1.4999999999999851,1.4999999999999851,1.499999999999985,0.002999999999999968,0.04200000000000003,17.327844039178057,104.26666666666203,0,420,0.004681436822675796
8955,1,1,1,1,1,1.5187722444534302,1.4999999999999851,1.4999999999999851,1.499999999999985,0.002999999999999968,0.04200000000000003,16.69892201029137,104.51666666666202,0,435,0.004755083465760323
8970,1,1,1,1,1,1.0873454809188843,1.4999999999999851,1.4999999999999851,1.499999999999985,0.002999999999999968,0.04200000000000003,14.367576246872233,104.766666666662,0,450,0.004651099560206386
8985,1,0,1,1,1,0.0,1.4999999999999851,1.4999999999999851,1.499999999999985,0.002999999999999968,0.04200000000000003,11.271622678809354,105.01666666666199,0,465,0.004354975030883943
9000,1,1,1,1,1,2.8191006183624268,1.4999999999999851,1.4999999999999851,1.499999999999985,0.002999999999999968,0.04200000000000003,11.278608067903125,105.26666666666198,0,480,0.00426584862215924
9015,1,1,1,1,1,2.6244091987609863,1.4999999999999851,1.4999999999999851,1.499999999999985,0.002999999999999968,0.04200000000000003,10.813150147353037,105.51666666666196,0,495,0.004360742015610242
9030,1,1,1,1,1,4.349494457244873,1.4999999999999851,1.4999999999999851,1.499999999999985,0.002999999999999968,0.04200000000000003,11.608508047311904,105.76666666666195,0,510,0.004523630073643569
9045,1,1,1,1,1,4.742592811584473,1.4999999999999851,1.4999999999999851,1.499999999999985,0.002999999999999968,0.04200000000000003,12.294299595552381,106.01666666666193,0,525,0.004605750444015251
9060,1,1,1,1,1,2.1019108295440674,1.4999999999999851,1.4999999999999851,1.499999999999985,0.002999999999999968,0.04200000000000003,14.614996683793896,106.26666666666192,0,540,0.004119619637753771
9075,1,1,1,1,1,0.7815032005310059,1.4999999999999851,1.4999999999999851,1.499999999999985,0.002999999999999968,0.04200000000000003,17.394919616505117,106.5166666666619,0,555,0.004499891903084694
9090,1,1,1,1,1,1.4024289846420288,1.4999999999999851,1.4999999999999851,1.499999999999985,0.002999999999999968,0.04200000000000003,17.75574777864461,106.76666666666189,0,570,0.0046963654992897425
9105,1,1,1,1,1,1.360897421836853,1.4999999999999851,1.4999999999999851,1.499999999999985,0.002999999999999968,0.04200000000000003,17.463557742532686,107.01666666666188,0,585,0.004405311914011077
9120,1,1,1,1,1,1.9616615772247314,1.4999999999999851,1.4999999999999851,1.499999999999985,0.002999999999999968,0.04200000000000003,17.433130141828766,107.26666666666186,0,600,0.004562250654733838
9135,1,1,1,1,1,1.1425414085388184,1.4999999999999851,1.4999999999999851,1.499999999999985,0.002999999999999968,0.04200000000000003,17.41415762311394,107.51666666666185,0,615,0.004527809104399945
9150,1,1,1,1,1,0.5544902086257935,1.4999999999999851,1.4999999999999851,1.499999999999985,0.002999999999999968,0.04200000000000003,17.460159635669545,107.76666666666183,0,630,0.004430725313297353
9165,1,1,1,1,1,0.5707380175590515,1.4999999999999851,1.4999999999999851,1.499999999999985,0.002999999999999968,0.04200000000000003,17.446183041813907,108.01666666666182,0,645,0.004292245049087359
9180,1,0,1,1,1,0.0,1.4999999999999851,1.4999999999999851,1.499999999999985,0.002999999999999968,0.04200000000000003,17.33160198737229,108.2666666666618,0,660,0.004151536023495461
9195,1,0,1,1,1,0.00985447783023119,1.4999999999999851,1.4999999999999851,1.499999999999985,0.002999999999999968,0.04200000000000003,17.04990587138306,108.51666666666179,0,675,0.0039392064287524465
9210,1,0,1,1,1,0.0,1.4999999999999851,1.4999999999999851,1.499999999999985,0.002999999999999968,0.04200000000000003,16.57422692893934,108.76666666666178,0,690,0.003634560710486928
9225,1,0,1,1,1,0.0,1.4999999999999851,1.4999999999999851,1.499999999999985,0.002999999999999968,0.04200000000000003,15.802558050706272,109.01666666666176,0,705,0.00328312760689768
9240,1,0,1,1,1,0.0,1.4999999999999851,1.4999999999999851,1.499999999999985,0.002999999999999968,0.04200000000000003,15.168727787635598,109.26666666666175,0,720,0.00309786132336134
9255,1,0,1,1,1,0.0,1.4999999999999851,1.4999999999999851,1.499999999999985,0.002999999999999968,0.04200000000000003,14.258176046502205,109.51666666666173,0,735,0.0027179804076995526
9270,1,0,1,1,1,0.0,1.4999999999999851,1.4999999999999851,1.499999999999985,0.002999999999999968,0.04200000000000003,13.581738487894297,109.76666666666172,0,750,0.0022962860423734544
9285,1,1,1,1,1,1.0113413333892822,1.4999999999999851,1.4999999999999851,1.499999999999985,0.002999999999999968,0.04200000000000003,13.603851766930507,110.0166666666617,0,765,0.002028630153221421
9300,1,0,1,1,1,0.12865442037582397,1.437894393486357,1.437894393486357,1.4315286929023752,0.0028646663701609176,0.04212146308935446,14.165757075211335,110.26666666666169,0,780,0.0019813279032191754
9315,1,1,1,1,1,2.2118444442749023,1.4877410492437297,1.4877410492437297,1.4864770733991137,0.0029732846886205005,0.042023976262262105,15.09812995074489,110.51666666666168,0,795,0.0020987526859027493
9330,1,0,1,1,1,0.0,1.4975802422440034,1.4975802422440034,1.4973307497637438,0.002994726744288939,0.04200473260295982,15.888453797448214,110.76666666666166,0,810,0.002184189639730966
9345,1,0,1,1,1,0.03076198138296604,1.4995223712280665,1.4995223712280665,1.499473124650942,0.0029989591277709005,0.04200093415439382,16.33742040247885,111.01666666666165,0,825,0.002221487226077856
9360,1,0,1,1,1,0.45944297313690186,1.499905722280171,1.499905722280171,1.4998960016450806,0.002999794545332779,0.04200018438995176,16.39960934328054,111.26666666666164,0,840,0.0020467942950866593
9375,1,1,1,1,1,0.8334482312202454,1.4999813908018544,1.4999813908018544,1.4999794720746642,0.002999959445915544,0.04200003639618305,16.42221538402281,111.51666666666162,0,855,0.0017608912327225653
9390,1,0,1,1,1,0.2325315624475479,1.4999963267858407,1.4999963267858407,1.4999959480539982,0.0029999919951501364,0.042000007184134096,16.430787200866256,111.7666666666616,0,870,0.0015227972197592206
9405,1,1,1,1,1,1.3682760000228882,1.4999992749551998,1.4999992749551998,1.4999992001984512,0.0029999984199465327,0.04200000141805483,16.153067576090564,112.01666666666159,0,885,0.0013251741780975716
9420,1,1,1,1,1,2.2615017890930176,1.4999998568855675,1.4999998568855675,1.4999998421295557,0.0029999996881179547,0.042000000279905615,15.024159217004257,112.26666666666158,0,900,0.0011904467655077977
9435,1,1,1,1,1,4.246931552886963,1.4999999717510746,1.4999999717510746,1.4999999688384293,0.0029999999384385453,0.042000000055249724,12.40958612090012,112.51666666666156,0,915,0.0005744632687055777
9450,1,1,1,1,1,5.041229248046875,1.4999999944240296,1.4999999944240296,1.4999999938491113,0.00299999998784857,0.04200000001090558,9.940772665738708,112.76666666666155,0,930,-0.00028613899292873025
9465,1,1,1,1,1,3.9816040992736816,1.499999998899378,1.499999998899378,1.4999999987858963,0.00299999999760147,0.042000000002152614,7.994625634248194,113.01666666666154,0,945,-0.001249344140942505
9480,0,0,0,1,0,0.0,0.036000000000000004,0.036000000000000004,0.09021937498485247,0.0,0.06164328571502809,7.390282518958495,113.18333333332819,4,0,0.0003068482356232339
9495,0,0,0,1,0,0.0,0.036000000000000004,0.036000000000000004,0.03600034067652885,0.0,0.06014328571502805,7.390282518958495,113.18333333332819,0,0,0.010008440894510008
9510,0,0,0,1,0,0.0,0.036000000000000004,0.036000000000000004,0.03600000000214058,0.0,0.058643285715028005,7.390282518958495,113.18333333332819,0,0,0.01355466710598202
9525,0,0,0,1,0,0.0,0.036000000000000004,0.036000000000000004,0.03600000000000002,0.0,0.05714328571502796,7.390282518958495,113.18333333332819,0,0,0.014068189949771165
9540,0,0,0,1,0,0.0,0.036000000000000004,0.036000000000000004,0.036000000000000004,0.0,0.05564328571502792,7.390282518958495,113.18333333332819,0,0,0.013329182105150359
9555,0,0,0,1,0,0.0,0.036000000000000004,0.036000000000000004,0.036000000000000004,0.0,0.054143285715027877,7.390282518958495,113.18333333332819,0,0,0.012112088638214441
9570,0,0,0,1,0,0.0,0.036000000000000004,0.036000000000000004,0.036000000000000004,0.0,0.052643285715027834,7.390282518958495,113.18333333332819,0,0,0.010719016777845852
9585,0,0,0,1,0,0.0,0.036000000000000004,0.036000000000000004,0.036000000000000004,0.0,0.05114328571502779,7.390282518958495,113.18333333332819,0,0,0.009261584348525984
9600,0,0,0,1,0,0.0,0.036000000000000004,0.036000000000000004,0.036000000000000004,0.0,0.04964328571502775,7.390282518958495,113.18333333332819,0,0,0.007782086333506929
9615,0,0,0,1,0,0.0,0.036000000000000004,0.036000000000000004,0.036000000000000004,0.0,0.048143285715027705,7.390282518958495,113.18333333332819,0,0,0.0062921218596891345
9630,0,0,0,1,0,0.0,0.036000000000000004,0.036000000000000004,0.036000000000000004,0.0,0.04664328571502766,7.390282518958495,113.18333333332819,0,0,0.004799944482058713
9645,0,0,0,1,0,0.0,0.036000000000000004,0.036000000000000004,0.036000000000000004,0.0,0.04514328571502762,7.390282518958495,113.18333333332819,0,0,0.0033078506236525963
9660,1,0,1,1,1,0.0,0.6643571424862099,0.6643571424862099,0.6234499924787316,0.0012567142849724197,0.043643285715027576,7.390282518958446,113.21666666666152,0,3,0.0017118487259425164
9675,1,1,1,1,1,1.9361952543258667,1.2973648691055624,1.2973648691055624,1.276472974089904,0.0025584032188845154,0.04239632377360648,7.091304222891579,113.46666666666151,0,18,0.0001023318245847117
9690,1,1,1,1,1,3.3222670555114746,1.4600018038863545,1.4600018038863545,1.455877734417578,0.0029128339539177955,0.042078229145390285,7.112483882804869,113.7166666666615,0,33,-0.000982055625987177
9705,0,0,0,1,0,0.22794277966022491,0.0,0.0,0.30156042944830375,0.0,0.061878008407331035,7.113830405554688,113.91666666666148,6,0,-0.0012877810784721752
9720,0,0,0,1,0,0.0,0.036000000000000004,0.036000000000000004,0.03600166859550351,0.0,0.06037800840733099,7.113830405554688,113.91666666666148,0,0,0.008782535944106593
9735,0,0,0,1,0,0.0,0.036000000000000004,0.036000000000000004,0.036000000010484284,0.0,0.05887800840733095,7.113830405554688,113.91666666666148,0,0,0.012764595362671853
9750,0,0,0,1,0,0.0,0.036000000000000004,0.036000000000000004,0.036000000000000074,0.0,0.057378008407330906,7.113830405554688,113.91666666666148,0,0,0.013492012010075395
9765,0,0,0,1,0,0.0,0.036000000000000004,0.036000000000000004,0.036000000000000004,0.0,0.05587800840733086,7.113830405554688,113.91666666666148,0,0,0.012847848670986784
9780,0,0,0,1,0,0.0,0.036000000000000004,0.036000000000000004,0.036000000000000004,0.0,0.05437800840733082,7.113830405554688,113.91666666666148,0,0,0.011671620012380738
9795,0,0,0,1,0,0.0,0.036000000000000004,0.036000000000000004,0.036000000000000004,0.0,0.05287800840733078,7.113830405554688,113.91666666666148,0,0,0.010294767429322418
9810,0,0,0,1,0,0.0,0.036000000000000004,0.036000000000000004,0.036000000000000004,0.0,0.051378008407330734,7.113830405554688,113.91666666666148,0,0,0.008844622010801273
9825,0,0,0,1,0,0.0,0.036000000000000004,0.036000000000000004,0.036000000000000004,0.0,0.04987800840733069,7.113830405554688,113.91666666666148,0,0,0.007368929367950441
9840,0,0,0,1,0,0.0,0.036000000000000004,0.036000000000000004,0.036000000000000004,0.0,0.04837800840733065,7.113830405554688,113.91666666666148,0,0,0.00588213995912403
9855,0,0,0,1,0,0.0,0.036000000000000004,0.036000000000000004,0.036000000000000004,0.0,0.046878008407330606,7.113830405554688,113.91666666666148,0,0,0.0043914367800208555
9870,0,0,0,1,0,0.0,0.036000000000000004,0.036000000000000004,0.036000000000000004,0.0,0.04537800840733056,7.113830405554688,113.91666666666148,0,0,0.002839298363460876
9885,1,1,1,1,1,1.4699559211730957,0.5469957963347379,0.5469957963347379,0.5060989503663714,0.0010219915926694759,0.04387800840733052,7.105718777005229,113.99999999999481,0,6,0.001242919077536678
9900,1,1,1,1,1,3.457740306854248,1.2385717585014366,1.2385717585014366,1.211643322972696,0.002430290769868712,0.04251130123981544,7.118821003369992,114.2499999999948,0,21,-0.00025449854597831695
9915,1,1,1,1,1,5.406230449676514,1.4483975403780724,1.4483975403780724,1.4430769973834445,0.002887545369318567,0.04210092495932386,7.1376090952557005,114.49999999999478,0,36,-0.0014178778724399479
9930,0,0,0,1,0,0.0,0.036000000000000004,0.036000000000000004,0.036039604118250586,0.0,0.06087695051661952,7.1086573827078015,114.51666666666145,0,0,0.00656263595290343
9945,0,0,0,1,0,0.0,0.036000000000000004,0.036000000000000004,0.03600000024884451,0.0,0.059376950516619474,7.1086573827078015,114.51666666666145,0,0,0.012016569425108425
9960,0,0,0,1,0,0.0,0.036000000000000004,0.036000000000000004,0.03600000000000157,0.0,0.05787695051661943,7.1086573827078015,114.51666666666145,0,0,0.013490140104310459
9975,0,0,0,1,0,0.0,0.036000000000000004,0.036000000000000004,0.036000000000000004,0.0,0.05637695051661939,7.1086573827078015,114.51666666666145,0,0,0.01316384380575157
9990,0,0,0,1,0,0.0,0.036000000000000004,0.036000000000000004,0.036000000000000004,0.0,0.054876950516619345,7.1086573827078015,114.51666666666145,0,0,0.012113273308610275
10005,0,0,0,1,0,0.0,0.036000000000000004,0.036000000000000004,0.036000000000000004,0.0,0.0533769505166193,7.1086573827078015,114.51666666666145,0,0,0.010785543357203524
10020,0,0,0,1,0,0.0,0.036000000000000004,0.036000000000000004,0.036000000000000004,0.0,0.05187695051661926,7.1086573827078015,114.51666666666145,0,0,0.009354069539281615
10035,0,0,0,1,0,0.0,0.036000000000000004,0.036000000000000004,0.036000000000000004,0.0,0.050376950516619216,7.1086573827078015,114.51666666666145,0,0,0.007884465954076856
10050,0,0,0,1,0,0.0,0.036000000000000004,0.036000000000000004,0.036000000000000004,0.0,0.04887695051661917,7.1086573827078015,114.51666666666145,0,0,0.006398644949521088
10065,0,0,0,1,0,0.0,0.036000000000000004,0.036000000000000004,0.036000000000000004,0.0,0.04737695051661913,7.1086573827078015,114.51666666666145,0,0,0.0049092801958413295
10080,0,0,0,1,0,0.0,0.036000000000000004,0.036000000000000004,0.036000000000000004,0.0,0.04587695051661909,7.1086573827078015,114.51666666666145,0,0,0.003387903996914197
10095,1,1,1,1,1,1.0523648262023926,0.2975247416904755,0.2975247416904755,0.25727483981158805,0.000523049483380951,0.044376950516619044,7.081282369322007,114.58333333332811,0,5,0.0017693839998624986
10110,1,1,1,1,1,3.9278292655944824,1.047524741690497,1.047524741690497,1.0066156549232865,0.002023049483380994,0.042876950516619,6.032144864697374,114.8333333333281,0,20,7.243592600593581e-05
10125,1,1,1,1,1,8.289944648742676,0.9826471926001079,0.9826471926001079,0.9635319165224576,0.0018932943852002157,0.04300670561479978,3.902920415409038,115.08333333332808,0,35,-0.0012599832659653705
10140,1,1,1,1,1,5.857397556304932,1.3846932566906518,1.3846932566906518,1.3728092262866376,0.0027487192587078504,0.04222551814427614,3.9319384042640513,115.33333333332807,0,50,-0.0014169155898646083
10155,0,0,0,1,0,0.0,0.036000000000000004,0.036000000000000004,0.03642500743862061,0.0,0.06118291096819273,4.059410015388041,115.39999999999473,0,0,0.004963520791207189
10170,0,0,0,1,0,0.0,0.036000000000000004,0.036000000000000004,0.0360000026704487,0.0,0.059682910968192684,4.059410015388041,115.39999999999473,0,0,0.011644683486985136
10185,0,0,0,1,0,0.0,0.036000000000000004,0.036000000000000004,0.03600000000001678,0.0,0.05818291096819264,4.059410015388041,115.39999999999473,0,0,0.013655663710951072
10200,0,0,0,1,0,0.0,0.036000000000000004,0.036000000000000004,0.036000000000000004,0.0,0.0566829109681926,4.059410015388041,115.39999999999473,0,0,0.01353325948274726
10215,0,0,0,1,0,0.0,0.036000000000000004,0.036000000000000004,0.036000000000000004,0.0,0.055182910968192556,4.059410015388041,115.39999999999473,0,0,0.012555215894258873
10230,0,0,0,1,0,0.0,0.036000000000000004,0.036000000000000004,0.036000000000000004,0.0,0.05368291096819251,4.059410015388041,115.39999999999473,0,0,0.011251691436251304
10245,0,0,0,1,0,0.0,0.036000000000000004,0.036000000000000004,0.036000000000000004,0.0,0.05218291096819247,4.059410015388041,115.39999999999473,0,0,0.009828756651530992
10260,0,0,0,1,0,0.0,0.036000000000000004,0.036000000000000004,0.036000000000000004,0.0,0.05068291096819243,4.059410015388041,115.39999999999473,0,0,0.008361441223016275
10275,0,0,0,1,0,0.0,0.036000000000000004,0.036000000000000004,0.036000000000000004,0.0,0.049182910968192384,4.059410015388041,115.39999999999473,0,0,0.006877643647550279
10290,0,0,0,1,0,0.0,0.036000000000000004,0.036000000000000004,0.036000000000000004,0.0,0.04768291096819234,4.059410015388041,115.39999999999473,0,0,0.005387594512607339
10305,0,0,0,1,0,0.0,0.036000000000000004,0.036000000000000004,0.036000000000000004,0.0,0.0461829109681923,4.059410015388041,115.39999999999473,0,0,0.003895336394639006
10320,0,0,0,1,1,0.0,0.14454451590387032,0.14454451590387032,0.11114089689212947,0.00021708903180774064,0.044682910968192255,4.059410015388041,115.39999999999473,0,0,0.0023602105611677977
10335,1,0,1,1,1,0.36880162358283997,0.8945445159038918,0.8945445159038918,0.8536354721539217,0.0017170890318077836,0.04318291096819221,4.144221369138769,115.5166666666614,0,8,0.0007232740197163148
10350,1,1,1,1,1,1.482417345046997,1.376731675029256,1.376731675029256,1.3640220272810706,0.002731367592260253,0.04224109026615035,4.2380429813604215,115.76666666666138,0,23,-0.0006736230075168312
10365,1,1,1,1,1,1.6688694953918457,1.4756684312381865,1.4756684312381865,1.473159691087631,0.0029469754426393116,0.04204758809184663,4.88843686652325,116.01666666666137,0,38,-0.0013365000253320607
10380,1,1,1,1,1,1.6040464639663696,1.4951972641566666,1.4951972641566666,1.494702071414903,0.0029895336406498482,0.04200939327162442,6.645020051120034,116.26666666666135,0,53,-0.0012232750950374944
10395,1,1,1,1,1,5.75376033782959,1.4990520022853182,1.4990520022853182,1.4989542576658277,0.0029979340765204157,0.04200185410989149,9.270028298612964,116.51666666666134,0,68,-0.0007683559664212814
10410,1,1,1,1,1,3.6283602714538574,1.499812877556386,1.499812877556386,1.4997935840372494,0.0029995922135213696,0.042000365977225736,11.954121033867578,116.76666666666132,0,83,-0.0003768706526965675
10425,1,1,1,1,1,1.4451546669006348,1.4999630644585313,1.4999630644585313,1.499959256168289,0.002999919508242299,0.04200007223915388,13.967892425279137,117.01666666666131,0,98,-3.5047146026484e-05
10440,1,1,1,1,1,1.099729299545288,1.4999927094035461,1.4999927094035461,1.4999919576964849,0.002999984111971832,0.042000014259071294,14.920756139751267,117.2666666666613,0,113,0.0006922007008688207
10455,1,1,1,1,1,0.9308378100395203,1.499998560930897,1.499998560930897,1.4999984125536796,0.0029999968639094765,0.04200000281455558,15.067148512399015,117.51666666666128,0,128,0.0011633158226683534
10470,1,1,1,1,1,0.8061338663101196,1.4999997159464369,1.4999997159464369,1.4999996866587002,0.002999999380976434,0.04200000055555674,15.297126865100777,117.76666666666127,0,143,0.0014803512846262182
10485,1,1,1,1,1,0.7003424167633057,1.4999999439315141,1.4999999439315141,1.4999999381504943,0.002999999877812784,0.04200000010965969,15.41797743510065,118.01666666666125,0,158,0.0017224463288051139
10500,1,1,1,1,1,0.6748761534690857,1.4999999889328122,1.4999999889328122,1.4999999877917136,0.002999999975881837,0.04200000002164539,15.387061319583815,118.26666666666124,0,173,0.0019427680329047487
10515,1,1,1,1,1,0.7227224111557007,1.499999997815477,1.499999997815477,1.49999999759024,0.00299999999523938,0.04200000000427252,15.331382835629762,118.51666666666122,0,188,0.002126338478896249
10530,1,1,1,1,1,0.8103660345077515,1.4999999995688045,1.4999999995688045,1.499999999524345,0.002999999999060317,0.042000000000843335,15.32029720812593,118.76666666666121,0,203,0.0023007957691608284
10545,1,1,1,1,1,0.9416812658309937,1.4999999999148879,1.4999999999148879,1.4999999999061115,0.002999999999814519,0.04200000000016646,15.260869162146745,119.0166666666612,0,218,0.0024614610410274586
10560,1,1,1,1,1,1.8330142498016357,1.499999999983199,1.499999999983199,1.4999999999814664,0.002999999999963386,0.04200000000003286,15.44167996154374,119.26666666666118,0,233,0.0027247302096486178
10575,1,0,1,1,1,0.0,1.4999999999966867,1.4999999999966867,1.499999999996345,0.0029999999999927793,0.04200000000000648,15.716549824427677,119.51666666666117,0,248,0.0028961950402112426
10590,1,0,1,1,1,0.0,1.4999999999993454,1.4999999999993454,1.4999999999992775,0.0029999999999985733,0.04200000000000128,16.182292186728603,119.76666666666115,0,263,0.0030894715335633423
10605,1,0,1,1,1,0.0,1.4999999999998708,1.4999999999998708,1.499999999999857,0.002999999999999718,0.04200000000000025,16.614063842661057,120.01666666666114,0,278,0.0033258485079383604
10620,1,0,1,1,1,0.0,1.4999999999999725,1.4999999999999725,1.4999999999999698,0.00299999999999994,0.04200000000000005,16.693962008177504,120.26666666666112,0,293,0.003572567005279868
10635,1,0,1,1,1,0.0,1.4999999999999851,1.4999999999999851,1.499999999999985,0.002999999999999968,0.04200000000000003,16.81263323509142,120.51666666666111,0,308,0.0037533231225312194
10650,1,0,1,1,1,0.0,1.4999999999999851,1.4999999999999851,1.499999999999985,0.002999999999999968,0.04200000000000003,16.955923348044507,120.7666666666611,0,323,0.0038976224896364467
10665,1,0,1,1,1,0.0,1.4999999999999851,1.4999999999999851,1.499999999999985,0.002999999999999968,0.04200000000000003,16.983191136232634,121.01666666666108,0,338,0.004039737599626027
10680,1,0,1,1,1,0.0,1.4999999999999851,1.4999999999999851,1.499999999999985,0.002999999999999968,0.04200000000000003,16.944626510929243,121.26666666666107,0,353,0.004200250766384815
10695,1,0,1,1,1,0.0,1.4999999999999851,1.4999999999999851,1.499999999999985,0.002999999999999968,0.04200000000000003,16.927791624944064,121.51666666666105,0,368,0.004340905655449902
10710,1,0,1,1,1,0.0,1.4999999999999851,1.4999999999999851,1.499999999999985,0.002999999999999968,0.04200000000000003,16.965415562083894,121.76666666666104,0,383,0.004473070713418147
10725,1,0,1,1,1,0.0,1.4999999999999851,1.4999999999999851,1.499999999999985,0.002999999999999968,0.04200000000000003,16.924182358510315,122.01666666666102,0,398,0.004593237373131415
10740,1,0,1,1,1,0.0,1.4999999999999851,1.4999999999999851,1.499999999999985,0.002999999999999968,0.04200000000000003,16.968124688090825,122.26666666666101,0,413,0.005026090320619849
10755,1,0,1,1,1,0.0,1.4999999999999851,1.4999999999999851,1.499999999999985,0.002999999999999968,0.04200000000000003,18.16003091944167,122.516666666661,0,428,0.0054408531694587065
10770,1,0,1,1,1,0.0,1.4999999999999851,1.4999999999999851,1.499999999999985,0.002999999999999968,0.04200000000000003,16.49023499988059,122.76666666666098,0,443,0.005457424259008743
10785,1,0,1,1,1,0.0,1.4999999999999851,1.4999999999999851,1.499999999999985,0.002999999999999968,0.04200000000000003,15.466877082721224,123.01666666666097,0,458,0.0054129247200332565
10800,1,0,1,1,1,0.0,1.4999999999999851,1.4999999999999851,1.499999999999985,0.002999999999999968,0.04200000000000003,15.75419180262153,123.26666666666095,0,473,0.004746616850003558
10815,1,0,1,1,1,0.0,1.4999999999999851,1.4999999999999851,1.499999999999985,0.002999999999999968,0.04200000000000003,15.662322591316006,123.51666666666094,0,488,0.00452127274161402
10830,1,0,1,1,1,0.0,1.4999999999999851,1.4999999999999851,1.499999999999985,0.002999999999999968,0.04200000000000003,15.974312933411623,123.76666666666092,0,503,0.004459388374158768
10845,1,0,1,1,1,0.0,1.4999999999999851,1.4999999999999851,1.499999999999985,0.002999999999999968,0.04200000000000003,16.24244233344745,124.01666666666091,0,518,0.004435193595018797
10860,1,0,1,1,1,0.0,1.4999999999999851,1.4999999999999851,1.499999999999985,0.002999999999999968,0.04200000000000003,15.31232993076665,124.2666666666609,0,533,0.004716288115705893
10875,1,0,1,1,1,0.0,1.4999999999999851,1.4999999999999851,1.499999999999985,0.002999999999999968,0.04200000000000003,15.646923017668282,124.51666666666088,0,548,0.004658926670911403
10890,1,0,1,1,1,0.0,1.4999999999999851,1.4999999999999851,1.499999999999985,0.002999999999999968,0.04200000000000003,16.638652401604375,124.76666666666087,0,563,0.004851593243640121
10905,1,0,1,1,1,0.0,1.4999999999999851,1.4999999999999851,1.499999999999985,0.002999999999999968,0.04200000000000003,16.351423715142268,125.01666666666085,0,578,0.005066101062864546
10920,1,0,1,1,1,0.0,1.4999999999999851,1.4999999999999851,1.499999999999985,0.002999999999999968,0.04200000000000003,16.430119113802686,125.26666666666084,0,593,0.004765287613629584
10935,1,0,1,1,1,0.0,1.4999999999999851,1.4999999999999851,1.499999999999985,0.002999999999999968,0.04200000000000003,16.646690691966757,125.51666666666083,0,608,0.004617663331307647
10950,1,0,1,1,1,0.0,1.4999999999999851,1.4999999999999851,1.499999999999985,0.002999999999999968,0.04200000000000003,16.638032483321105,125.76666666666081,0,623,0.004452715468520571
10965,1,0,1,1,1,0.0,1.4999999999999851,1.4999999999999851,1.499999999999985,0.002999999999999968,0.04200000000000003,16.648642668530698,126.0166666666608,0,638,0.0042834489723997385
10980,1,0,1,1,1,0.0,1.4999999999999851,1.4999999999999851,1.499999999999985,0.002999999999999968,0.04200000000000003,16.69448587787875,126.26666666666078,0,653,0.004157791361296227
10995,1,0,1,1,1,0.0,1.4999999999999851,1.4999999999999851,1.499999999999985,0.002999999999999968,0.04200000000000003,16.70842367240519,126.51666666666077,0,668,0.0040496827578650335
11010,1,0,1,1,1,0.0,1.4999999999999851,1.4999999999999851,1.499999999999985,0.002999999999999968,0.04200000000000003,16.671894106519684,126.76666666666075,0,683,0.003908205689294885
11025,1,0,1,1,1,0.0,1.4999999999999851,1.4999999999999851,1.499999999999985,0.002999999999999968,0.04200000000000003,16.62522238050349,127.01666666666074,0,698,0.003736075522226008
11040,1,0,1,1,1,0.0,1.4999999999999851,1.4999999999999851,1.499999999999985,0.002999999999999968,0.04200000000000003,16.454228722477026,127.26666666666073,0,713,0.0036552239474908197
11055,1,0,1,1,1,0.0,1.4999999999999851,1.4999999999999851,1.499999999999985,0.002999999999999968,0.04200000000000003,16.076761033895462,127.51666666666071,0,728,0.0034723507641564277
11070,1,0,1,1,1,0.0,1.4999999999999851,1.4999999999999851,1.499999999999985,0.002999999999999968,0.04200000000000003,15.594664230989858,127.7666666666607,0,743,0.0031955238454112957
11085,1,0,1,1,1,0.0,1.4999999999999851,1.4999999999999851,1.499999999999985,0.002999999999999968,0.04200000000000003,15.135852751705752,128.01666666666068,0,758,0.002875253222654835
11100,1,0,1,1,1,0.0,1.4999999999999851,1.4999999999999851,1.499999999999985,0.002999999999999968,0.04200000000000003,14.845966197768428,128.26666666666088,0,773,0.002699450027483807
11115,1,1,1,1,1,2.1416072845458984,1.4999999999999851,1.4999999999999851,1.499999999999985,0.002999999999999968,0.04200000000000003,14.68411316455978,128.51666666666108,0,788,0.002592371112435192
11130,1,1,1,1,1,2.107100486755371,1.4999999999999851,1.4999999999999851,1.499999999999985,0.002999999999999968,0.04200000000000003,14.685894816868156,128.76666666666128,0,803,0.0024921410868759125
11145,1,1,1,1,1,1.8098658323287964,1.4999999999999851,1.4999999999999851,1.499999999999985,0.002999999999999968,0.04200000000000003,14.835986400433026,129.01666666666148,0,818,0.002350694798071852
11160,1,1,1,1,1,2.6343793869018555,1.4999999999999851,1.4999999999999851,1.499999999999985,0.002999999999999968,0.04200000000000003,14.713047252970526,129.26666666666168,0,833,0.0021821082346097182
11175,1,1,1,1,1,2.9264330863952637,1.4999999999999851,1.4999999999999851,1.499999999999985,0.002999999999999968,0.04200000000000003,14.711545206102628,129.51666666666188,0,848,0.002049094893369127
11190,1,1,1,1,1,2.860006332397461,1.4999999999999851,1.4999999999999851,1.499999999999985,0.002999999999999968,0.04200000000000003,14.659314863954878,129.76666666666208,0,863,0.001900651212363766
11205,1,1,1,1,1,2.997955083847046,1.4999999999999851,1.4999999999999851,1.499999999999985,0.002999999999999968,0.04200000000000003,13.684577602944017,130.01666666666227,0,878,0.0016159622976350918
11220,1,1,1,1,1,3.464646339416504,1.4999999999999851,1.4999999999999851,1.499999999999985,0.002999999999999968,0.04200000000000003,12.102897081708972,130.26666666666247,0,893,0.001407617122143775
11235,1,1,1,1,1,6.074207305908203,1.4999999999999851,1.4999999999999851,1.499999999999985,0.002999999999999968,0.04200000000000003,9.870679319085534,130.51666666666267,0,908,0.0008077603849375295
11250,1,1,1,1,1,6.793429374694824,1.4999999999999851,1.4999999999999851,1.499999999999985,0.002999999999999968,0.04200000000000003,7.65683531790196,130.76666666666287,0,923,9.989567917998405e-05
11265,1,1,1,1,1,6.1868791580200195,1.4999999999999851,1.4999999999999851,1.499999999999985,0.002999999999999968,0.04200000000000003,5.948324728523444,131.01666666666307,0,938,-0.0007038498964405777
11280,1,1,1,1,1,8.153934478759766,1.4999999999999851,1.4999999999999851,1.499999999999985,0.002999999999999968,0.04200000000000003,5.4888123564258,131.26666666666327,0,953,-0.0007784825763623842
11295,1,1,1,1,1,7.859012603759766,1.4552341046601418,1.4552341046601418,1.4554491417407038,0.002904239245218515,0.042086269296052865,5.13681273223988,131.51666666666347,0,968,-0.0007170830260123926
11310,1,1,1,1,1,7.948095798492432,1.286398155453931,1.286398155453931,1.28776135135075,0.0025431009272673874,0.04241169175534878,4.888150563553953,131.76666666666367,0,983,-0.0004929901568928319
11325,1,1,1,1,1,5.331880569458008,1.1304620545242814,1.1304620545242814,1.163042806349178,0.0022014968540978175,0.04273241654347637,4.63504656372966,132.01666666666387,0,998,-0.00045328613764970106
11340,1,1,1,1,1,5.6585493087768555,1.425171346143464,1.425171346143464,1.4174566121014855,0.002836929849940731,0.04214635108043292,4.839402690861415,132.26666666666407,0,1013,-0.0009074620554669811
11355,1,1,1,1,1,6.235540390014648,1.4852297931341865,1.4852297931341865,1.4837068904694748,0.0029678120351043225,0.0420288878192687,4.985251330879167,132.51666666666426,0,1028,-0.001205295616996669
11370,1,1,1,1,1,6.735145092010498,1.497084552885892,1.497084552885892,1.4967839516667132,0.002993646513537701,0.04200570208055216,5.08247318007966,132.76666666666446,0,1043,-0.0013069045128258638
11385,1,1,1,1,1,7.178747653961182,1.4994245285829555,1.4994245285829555,1.4993651938041732,0.0029987459042422893,0.04200112551668647,5.171826549085326,133.01666666666466,0,1058,-0.00130002206384056
11400,1,1,1,1,1,7.369109630584717,1.4998864094120499,1.4998864094120499,1.4998746974968988,0.0029997524577759296,0.042000222162384394,5.179288215849343,133.26666666666486,0,1073,-0.0012287324471654765
11415,1,1,1,1,1,8.34425163269043,1.4999775786923764,1.4999775786923764,1.4999752669123492,0.002999951138378136,0.042000043851970946,5.226045877120058,133.51666666666506,0,1088,-0.0010916051162396885
11430,1,1,1,1,1,8.130718231201172,1.499995574324911,1.499995574324911,1.4999951180095406,0.0029999903553500837,0.04200000865580985,5.505647453020795,133.76666666666526,0,1103,-0.0009264579072102228
11445,1,1,1,1,1,8.12172794342041,1.4999991264291854,1.4999991264291854,1.4999990363584539,0.0029999980962713,0.0420000017085445,5.983638352087416,134.01666666666546,0,1118,-0.0007742994466476469
11460,1,1,1,1,1,9.907593727111816,1.197667094722102,1.197667094722102,1.1805282892001014,0.002343093370891114,0.042592350051364976,6.726111443405417,134.26666666666566,0,1133,1.723323010271942e-06
11475,1,1,1,1,1,8.862513542175293,1.4280082595502697,1.4280082595502697,1.4206237991913353,0.00284313020863914,0.042140786731164656,7.83275578446813,134.51666666666586,0,1148,0.00017970227380647186
11490,1,1,1,1,1,7.267749786376953,1.4857907931980883,1.4857907931980883,1.4843257334649818,0.002969034594233283,0.0420277906058787,9.52965889342449,134.76666666666605,0,1163,0.00012894439511726714
11505,1,1,1,1,1,6.602388381958008,1.4971952870152343,1.4971952870152343,1.4969061031920798,0.002993887830825978,0.0420054855048776,11.378644077630206,135.01666666666625,0,1178,0.00016168532374318163
11520,1,1,1,1,1,6.049856662750244,1.4994463860627305,1.4994463860627305,1.4993893049297227,0.0029987935371426355,0.04200108276745952,13.194933495507271,135.26666666666645,0,1193,0.0009016504347581382
11535,1,1,1,1,1,5.863863945007324,1.4998907237948407,1.4998907237948407,1.4998794567201128,0.002999761859892168,0.0420002137242419,14.182284984298308,135.51666666666665,0,1208,0.001499987431460747
11550,1,1,1,1,1,7.453456401824951,1.4999784302955383,1.4999784302955383,1.4999762063212367,0.0029999529942338413,0.04200004218639115,14.682194182124233,135.76666666666685,0,1223,0.001963318598231195
11565,1,1,1,1,1,5.370416641235352,1.4999957424203212,1.4999957424203212,1.4999953034366615,0.0029999907216719107,0.04200000832704602,14.70326550416301,136.01666666666705,0,1238,0.00225787319582284
11580,1,1,1,1,1,4.71189022064209,1.4999991596090345,1.4999991596090345,1.4999990729593584,0.0029999981685784674,0.042000001643650794,14.73286643820892,136.26666666666725,0,1253,0.0024829933502051493
11595,1,0,1,1,1,0.0,1.49999983411773,1.49999983411773,1.4999998170142095,0.002999999638501158,0.042000000324435335,14.72561253671746,136.51666666666745,0,1268,0.002496826036329191
11610,1,0,1,1,1,0.0,1.4999999672569946,1.4999999672569946,1.4999999638809813,0.002999999928644824,0.04200000006403932,14.824401853778816,136.76666666666765,0,1283,0.002378753876935287
11625,1,0,1,1,1,0.0,1.499999993536956,1.499999993536956,1.4999999928705747,0.002999999985915415,0.04200000001264053,15.017594365519923,137.01666666666785,0,1298,0.002465825207593981
11640,1,0,1,1,1,0.0,1.499999998724276,1.499999998724276,1.499999998592741,0.0029999999972198793,0.04200000000249508,15.520459824463261,137.26666666666804,0,1313,0.0027558467539834917
11655,1,0,1,1,1,0.0,1.4999999997481919,1.4999999997481919,1.4999999997222278,0.002999999999451247,0.04200000000049249,16.00909313379402,137.51666666666824,0,1328,0.002997908815524905
11670,1,0,1,1,1,0.0,1.4999999999502978,1.4999999999502978,1.4999999999451732,0.0029999999998916865,0.04200000000009721,16.398277326699393,137.76666666666844,0,1343,0.003198810563006975
11685,1,0,1,1,1,0.0,1.499999999990191,1.499999999990191,1.4999999999891795,0.002999999999978624,0.04200000000001918,16.549048645171105,138.01666666666864,0,1358,0.0033517979339889427
11700,1,0,1,1,1,0.0,1.4999999999980622,1.4999999999980622,1.4999999999978615,0.002999999999995777,0.04200000000000379,16.617765577198657,138.26666666666884,0,1373,0.0035291961712103142
11715,1,0,1,1,1,0.0,1.4999999999996159,1.4999999999996159,1.4999999999995763,0.002999999999999163,0.04200000000000075,16.627132805127474,138.51666666666904,0,1388,0.00367145671833004
11730,1,0,1,1,1,0.0,1.499999999999925,1.499999999999925,1.4999999999999167,0.002999999999999836,0.04200000000000015,16.6835985965109,138.76666666666924,0,1403,0.003785037747114279
11745,1,0,1,1,1,0.0,1.4999999999999853,1.4999999999999853,1.499999999999984,0.002999999999999968,0.04200000000000003,16.651282179511405,139.01666666666944,0,1418,0.003912963489096704
11760,1,0,1,1,1,0.0,1.4999999999999851,1.4999999999999851,1.499999999999985,0.002999999999999968,0.04200000000000003,16.2656908330561,139.26666666666964,0,1433,0.003938378875782338
11775,1,0,1,1,1,0.0,1.4999999999999851,1.4999999999999851,1.499999999999985,0.002999999999999968,0.04200000000000003,15.052166204683045,139.51666666666983,0,1448,0.003950099599592084
11790,1,0,1,1,1,0.0,1.4999999999999851,1.4999999999999851,1.499999999999985,0.002999999999999968,0.04200000000000003,13.634780631667487,139.76666666667003,0,1463,0.003918709078956761
11805,1,0,1,1,1,0.19107666611671448,1.4999999999999851,1.4999999999999851,1.499999999999985,0.002999999999999968,0.04200000000000003,12.272308959410624,140.01666666667023,0,1478,0.0038619767748177547
11820,1,1,1,1,1,3.25191330909729,1.4999999999999851,1.4999999999999851,1.499999999999985,0.002999999999999968,0.04200000000000003,12.4763399285607,140.26666666667043,0,1493,0.003804791284776658
11835,1,1,1,1,1,1.3864092826843262,1.4999999999999851,1.4999999999999851,1.499999999999985,0.002999999999999968,0.04200000000000003,13.878138398193174,140.51666666667063,0,1508,0.003998277977893131
11850,1,0,1,1,1,0.13461028039455414,1.4999999999999851,1.4999999999999851,1.499999999999985,0.002999999999999968,0.04200000000000003,14.735970860784704,140.76666666667083,0,1523,0.00411490039047704
11865,1,0,1,1,1,0.0,1.4999999999999851,1.4999999999999851,1.499999999999985,0.002999999999999968,0.04200000000000003,16.471437211867222,141.01666666667103,0,1538,0.004408373310704897
11880,1,0,1,1,1,0.0,1.4999999999999851,1.4999999999999851,1.499999999999985,0.002999999999999968,0.04200000000000003,17.454578015476038,141.26666666667123,0,1553,0.004933349552672176
11895,1,0,1,1,1,0.0,1.4999999999999851,1.4999999999999851,1.499999999999985,0.002999999999999968,0.04200000000000003,17.489188861895283,141.51666666667143,0,1568,0.005164485192149557
11910,1,0,1,1,1,0.0,1.4999999999999851,1.4999999999999851,1.499999999999985,0.002999999999999968,0.04200000000000003,18.3709041331875,141.76666666667163,0,1583,0.005458354369817411
11925,1,0,1,1,1,0.0,1.4999999999999851,1.4999999999999851,1.499999999999985,0.002999999999999968,0.04200000000000003,19.08318082446019,142.01666666667182,0,1598,0.005712535905687478
11940,1,0,1,1,1,0.0,1.4999999999999851,1.4999999999999851,1.499999999999985,0.002999999999999968,0.04200000000000003,17.920112073691627,142.26666666667202,0,1613,0.005734905643031375
11955,1,0,1,1,1,0.0,1.4999999999999851,1.4999999999999851,1.499999999999985,0.002999999999999968,0.04200000000000003,16.55466742623089,142.51666666667222,0,1628,0.005237281662506099
11970,1,0,1,1,1,0.0,1.4999999999999851,1.4999999999999851,1.499999999999985,0.002999999999999968,0.04200000000000003,14.933450507035529,142.76666666667242,0,1643,0.004610502783012493
11985,1,0,1,1,1,0.0,1.4999999999999851,1.4999999999999851,1.499999999999985,0.002999999999999968,0.04200000000000003,14.08565723522382,143.01666666667262,0,1658,0.004150494509375081
12000,1,0,1,1,1,0.0,1.4999999999999851,1.4999999999999851,1.499999999999985,0.002999999999999968,0.04200000000000003,11.43373982282368,143.26666666667282,0,1673,0.003856707031103486
12015,1,1,1,1,1,4.186575412750244,1.4999999999999851,1.4999999999999851,1.499999999999985,0.002999999999999968,0.04200000000000003,12.367661002170701,143.51666666667302,0,1688,0.003502392137055069
12030,1,1,1,1,1,4.586230754852295,1.4999999999999851,1.4999999999999851,1.499999999999985,0.002999999999999968,0.04200000000000003,13.615152859391651,143.76666666667322,0,1703,0.003785011382861076
12045,1,1,1,1,1,0.6556475758552551,1.4999999999999851,1.4999999999999851,1.499999999999985,0.002999999999999968,0.04200000000000003,14.702396497901812,144.01666666667342,0,1718,0.004104483953866033
12060,1,0,1,1,1,0.0,1.4999999999999851,1.4999999999999851,1.499999999999985,0.002999999999999968,0.04200000000000003,15.86034574460322,144.26666666667361,0,1733,0.0040805193375681136
12075,1,0,1,1,1,0.0,1.4999999999999851,1.4999999999999851,1.499999999999985,0.002999999999999968,0.04200000000000003,16.619197011962775,144.5166666666738,0,1748,0.004156686112624852
12090,1,0,1,1,1,0.03711250424385071,1.4999999999999851,1.4999999999999851,1.499999999999985,0.002999999999999968,0.04200000000000003,16.63387196863138,144.766666666674,0,1763,0.004062231417828679
12105,1,0,1,1,1,0.13762997090816498,1.4999999999999851,1.4999999999999851,1.499999999999985,0.002999999999999968,0.04200000000000003,16.6584159704966,145.0166666666742,0,1778,0.003927346985290114
12120,1,0,1,1,1,0.3198559284210205,1.4999999999999851,1.4999999999999851,1.499999999999985,0.002999999999999968,0.04200000000000003,16.661402752506042,145.2666666666744,0,1793,0.0037691177154518625
12135,1,0,1,1,1,0.20146457850933075,1.4999999999999851,1.4999999999999851,1.499999999999985,0.002999999999999968,0.04200000000000003,16.558998770325864,145.5166666666746,0,1808,0.00360918575744926
12150,1,0,1,1,1,0.0,1.4999999999999851,1.4999999999999851,1.499999999999985,0.002999999999999968,0.04200000000000003,16.285362907538207,145.7666666666748,0,1823,0.0034137501676465656
12165,1,0,1,1,1,0.0,1.4999999999999851,1.4999999999999851,1.499999999999985,0.002999999999999968,0.04200000000000003,15.82361939722023,146.016666666675,0,1838,0.003154655306011761
12180,1,0,1,1,1,0.0,1.4999999999999851,1.4999999999999851,1.499999999999985,0.002999999999999968,0.04200000000000003,15.382857773797458,146.2666666666752,0,1853,0.002991669607441021
12195,1,0,1,1,1,0.0,1.4999999999999851,1.4999999999999851,1.499999999999985,0.002999999999999968,0.04200000000000003,15.088425891787082,146.5166666666754,0,1868,0.002756207952744941
12210,1,0,1,1,1,0.0,1.4999999999999851,1.4999999999999851,1.499999999999985,0.002999999999999968,0.04200000000000003,14.800360397815513,146.7666666666756,0,1883,0.0025206934343090345
12225,1,0,1,1,1,0.0,1.4999999999999851,1.4999999999999851,1.499999999999985,0.002999999999999968,0.04200000000000003,14.703899337965145,147.0166666666758,0,1898,0.002325116794701792
12240,1,0,1,1,1,0.0,1.4999999999999851,1.4999999999999851,1.499999999999985,0.002999999999999968,0.04200000000000003,14.728610491540953,147.266666666676,0,1913,0.0021753241058776146
12255,1,0,1,1,1,0.0,1.4999999999999851,1.4999999999999851,1.499999999999985,0.002999999999999968,0.04200000000000003,14.309622478215076,147.5166666666762,0,1928,0.001897214905183389
12270,1,0,1,1,1,0.0,1.4999999999999851,1.4999999999999851,1.499999999999985,0.002999999999999968,0.04200000000000003,12.570704343218654,147.7666666666764,0,1943,0.0012298727088384826
12285,1,1,1,1,1,0.5412093997001648,1.4999999999999851,1.4999999999999851,1.499999999999985,0.002999999999999968,0.04200000000000003,10.187015674720463,148.0166666666766,0,1958,0.00019357050329010518
12300,1,1,1,1,1,1.2351925373077393,1.4999999999999851,1.4999999999999851,1.499999999999985,0.002999999999999968,0.04200000000000003,9.172706465544074,148.2666666666768,0,1973,-5.783968702062904e-05
12315,1,1,1,1,1,0.5914863348007202,1.4999999999999851,1.4999999999999851,1.499999999999985,0.002999999999999968,0.04200000000000003,8.49761562291014,148.516666666677,0,1988,-0.0003411495898599332
12330,1,1,1,1,1,1.1045441627502441,1.4999999999999851,1.4999999999999851,1.499999999999985,0.002999999999999968,0.04200000000000003,7.858605499622489,148.7666666666772,0,2003,-0.0005541099971096521
12345,1,1,1,1,1,2.4671051502227783,1.4999999999999851,1.4999999999999851,1.499999999999985,0.002999999999999968,0.04200000000000003,7.457489408894702,149.0166666666774,0,2018,-0.0006479385030592914
12360,1,1,1,1,1,2.8224644660949707,1.4999999999999851,1.4999999999999851,1.499999999999985,0.002999999999999968,0.04200000000000003,6.854880082600982,149.2666666666776,0,2033,-0.0007418417634987469
12375,1,1,1,1,1,2.1820642948150635,1.4999999999999851,1.4999999999999851,1.499999999999985,0.002999999999999968,0.04200000000000003,6.117450700637366,149.5166666666778,0,2048,-0.0010482947213884969
12390,1,1,1,1,1,2.951356887817383,1.4999999999999851,1.4999999999999851,1.499999999999985,0.002999999999999968,0.04200000000000003,5.534150591797574,149.766666666678,0,2063,-0.0013282757722789674
12405,0,0,0,1,0,0.0,0.036000000000000004,0.036000000000000004,0.09021937499999938,0.0,0.06161594891964565,5.256050692622555,149.9333333333448,4,0,0.00035840960226055134
12420,0,0,0,1,0,0.0,0.036000000000000004,0.036000000000000004,0.03600034067652894,0.0,0.060115948919645605,5.256050692622555,149.9333333333448,0,0,0.009922261070552049
12435,0,0,0,1,0,0.0,0.036000000000000004,0.036000000000000004,0.03600000000214058,0.0,0.05861594891964556,5.256050692622555,149.9333333333448,0,0,0.013346127998373624
12450,0,0,0,1,0,0.0,0.036000000000000004,0.036000000000000004,0.03600000000000002,0.0,0.05711594891964552,5.256050692622555,149.9333333333448,0,0,0.013799854489253237
12465,0,0,0,1,0,0.0,0.036000000000000004,0.036000000000000004,0.036000000000000004,0.0,0.055615948919645476,5.256050692622555,149.9333333333448,0,0,0.013036658649092104
12480,0,0,0,1,0,0.0,0.036000000000000004,0.036000000000000004,0.036000000000000004,0.0,0.05411594891964543,5.256050692622555,149.9333333333448,0,0,0.01181034623026579
12495,0,0,0,1,0,0.0,0.036000000000000004,0.036000000000000004,0.036000000000000004,0.0,0.05261594891964539,5.256050692622555,149.9333333333448,0,0,0.010414607857198102
12510,0,0,0,1,0,0.0,0.036000000000000004,0.036000000000000004,0.036000000000000004,0.0,0.05111594891964535,5.256050692622555,149.9333333333448,0,0,0.008956582069672692
12525,0,0,0,1,0,0.0,0.036000000000000004,0.036000000000000004,0.036000000000000004,0.0,0.049615948919645304,5.256050692622555,149.9333333333448,0,0,0.007476118839899622
12540,0,0,0,1,0,0.0,0.036000000000000004,0.036000000000000004,0.036000000000000004,0.0,0.04811594891964526,5.256050692622555,149.9333333333448,0,0,0.005986901214045297
12555,0,0,0,1,0,0.0,0.036000000000000004,0.036000000000000004,0.036000000000000004,0.0,0.04661594891964522,5.256050692622555,149.9333333333448,0,0,0.0044961383328971614
12570,0,0,0,1,0,0.0,0.036000000000000004,0.036000000000000004,0.036000000000000004,0.0,0.045115948919645175,5.256050692622555,149.9333333333448,0,0,0.0029312170007656136
12585,1,1,1,1,1,1.7427916526794434,0.6780255401774316,0.6780255401774316,0.637117966058222,0.001284051080354863,0.04361594891964513,5.2406515894150525,150.0833333333449,0,10,0.0013241262781522488
12600,1,1,1,1,1,3.226208209991455,1.3030834552577557,1.3030834552577557,1.2827817266991821,0.0025708674670690893,0.04238513645860958,5.179398139725891,150.3333333333451,0,25,-4.4573205238675035e-05
12615,1,1,1,1,1,4.084750175476074,1.4611308433849086,1.4611308433849086,1.4571231850951434,0.002915294412599953,0.04207602095093104,5.1789208628123635,150.5833333333453,0,40,-0.0009292577579312085
12630,1,1,1,1,1,4.370190620422363,1.492327733016206,1.492327733016206,1.491536673285425,0.002983280216546959,0.042015005548942254,5.171727379479975,150.8333333333455,0,55,-0.0013368130958153082
12645,0,0,0,1,0,0.0,0.036000000000000004,0.036000000000000004,0.15627691204863312,0.0,0.061725582497868345,5.155560069059993,151.016666666679,5,0,-0.0005528733632877516
12660,0,0,0,1,0,0.0,0.036000000000000004,0.036000000000000004,0.03600075573576619,0.0,0.0602255824978683,5.155560069059993,151.016666666679,0,0,0.009254767418218157
12675,0,0,0,1,0,0.0,0.036000000000000004,0.036000000000000004,0.03600000000474852,0.0,0.05872558249786826,5.155560069059993,151.016666666679,0,0,0.012896050505734469
12690,0,0,0,1,0,0.0,0.036000000000000004,0.036000000000000004,0.03600000000000003,0.0,0.057225582497868216,5.155560069059993,151.016666666679,0,0,0.013461996845996756
12705,0,0,0,1,0,0.0,0.036000000000000004,0.036000000000000004,0.036000000000000004,0.0,0.05572558249786817,5.155560069059993,151.016666666679,0,0,0.012750019316732496
12720,0,0,0,1,0,0.0,0.036000000000000004,0.036000000000000004,0.036000000000000004,0.0,0.05422558249786813,5.155560069059993,151.016666666679,0,0,0.011546543975371696
12735,0,0,0,1,0,0.0,0.036000000000000004,0.036000000000000004,0.036000000000000004,0.0,0.05272558249786809,5.155560069059993,151.016666666679,0,0,0.010159834503053926
12750,0,0,0,1,0,0.0,0.036000000000000004,0.036000000000000004,0.036000000000000004,0.0,0.051225582497868044,5.155560069059993,151.016666666679,0,0,0.008706408268976729
12765,0,0,0,1,0,0.0,0.036000000000000004,0.036000000000000004,0.036000000000000004,0.0,0.049725582497868,5.155560069059993,151.016666666679,0,0,0.007227744090578579
12780,0,0,0,1,0,0.0,0.036000000000000004,0.036000000000000004,0.036000000000000004,0.0,0.04822558249786796,5.155560069059993,151.016666666679,0,0,0.005740257494347151
12795,0,0,0,1,0,0.0,0.036000000000000004,0.036000000000000004,0.036000000000000004,0.0,0.046725582497867915,5.155560069059993,151.016666666679,0,0,0.0042493022657616114
12810,1,1,0,1,1,0.5040045976638794,0.036000000000000004,0.036000000000000004,0.036000000000000004,0.0,0.04522558249786787,5.155560069059993,151.016666666679,0,1,0.0026264682765631178
12825,1,1,1,1,1,2.0491349697113037,0.6232087510660831,0.6232087510660831,0.582303362930939,0.0011744175021321662,0.04372558249786783,5.273104490337147,151.26666666667919,0,16,0.0011655230554070857
12840,1,1,1,1,1,3.2757179737091064,1.2783332513172099,1.2783332513172099,1.255491083697094,0.0025169453181291407,0.04243352497572435,5.62919543124705,151.51666666667938,0,31,-9.040922339439589e-05
12855,1,1,1,1,1,3.4100258350372314,1.4562470985650904,1.4562470985650904,1.4517358950208397,0.0029046515144881546,0.04208557266127783,6.0548195783847065,151.76666666667958,0,46,-0.00087883911861105
12870,1,1,1,1,1,3.0122947692871094,1.4913637451804662,1.4913637451804662,1.4904732921465804,0.00298117944660517,0.04201689093258173,6.824660066495493,152.01666666667978,0,61,-0.0011824831498332645
12885,1,1,1,1,1,2.453371047973633,1.498295315399514,1.498295315399514,1.4981195515289425,0.002996285067055661,0.042003334050842826,7.595741694038079,152.26666666667998,0,76,-0.0010664522978997611
12900,1,1,1,1,1,2.4388201236724854,1.499663517387123,1.499663517387123,1.4996288238805344,0.0029992667204576037,0.042000658098359504,7.835050652491654,152.51666666668018,0,91,-0.0009596415899626018
12915,1,1,1,1,1,1.2966605424880981,1.4999335826998503,1.4999335826998503,1.4999267346519807,0.0029998552601364914,0.042000129900073874,8.02350445401224,152.76666666668038,0,106,-0.0007660351410379162
12930,1,1,1,1,1,1.3478158712387085,1.4999868900870637,1.4999868900870637,1.4999855383713034,0.002999971430229703,0.04200002564058845,8.39126318743026,153.01666666668058,0,121,-0.0005783652844906062
12945,1,1,1,1,1,2.0409343242645264,1.499997412273356,1.499997412273356,1.499997145462211,0.0029999943606981855,0.04200000506111934,9.474377159947151,153.26666666668078,0,136,-0.00029034337603657165
12960,1,0,1,1,1,0.2779921889305115,1.4999994892163468,1.4999994892163468,1.4999994365512892,0.0029999988868750146,0.04200000099899927,10.4454724511597,153.51666666668098,0,151,-0.0001258272139490867
12975,1,1,1,1,1,1.2522963285446167,1.4999998991779404,1.4999998991779404,1.4999998887825412,0.002999999780283584,0.04200000019718948,11.486222485499356,153.76666666668118,0,166,7.854718472152782e-05
12990,1,1,1,1,1,1.069518804550171,1.499999980099035,1.499999980099035,1.4999999780471178,0.0029999999566308333,0.04200000003892264,12.297894291348195,154.01666666668137,0,181,0.00040407042366157037
13005,1,0,1,1,1,0.0,1.499999996071808,1.499999996071808,1.4999999956667858,0.0029999999914394893,0.04200000000768282,13.877550849373618,154.26666666668157,0,196,0.0009376247476570925
13020,1,0,1,1,1,0.0,1.4999999992246247,1.4999999992246247,1.4999999991446793,0.002999999998310264,0.04200000000151649,14.58250764230369,154.51666666668177,0,211,0.0014255090804824817
13035,1,0,1,1,1,0.0,1.499999999846949,1.499999999846949,1.4999999998311688,0.002999999999666464,0.04200000000029934,14.929333347307319,154.76666666668197,0,226,0.0017613716569209244
13050,1,0,1,1,1,0.18919958174228668,1.4999999999697908,1.4999999999697908,1.4999999999666753,0.0029999999999341664,0.04200000000005908,15.18390553566027,155.01666666668217,0,241,0.0019933061902590796
13065,1,1,1,1,1,0.7510054111480713,1.4999999999940374,1.4999999999940374,1.4999999999934226,0.002999999999987006,0.04200000000001166,15.672563301875861,155.26666666668237,0,256,0.0023711092223031877
13080,1,0,1,1,1,0.40925079584121704,1.4999999999988198,1.4999999999988198,1.4999999999986988,0.0029999999999974283,0.042000000000002306,16.236093280826605,155.51666666668257,0,271,0.002663498635170826
13095,1,1,1,1,1,1.590005874633789,1.4999999999997655,1.4999999999997655,1.4999999999997424,0.002999999999999489,0.042000000000000454,16.499504304671103,155.76666666668277,0,286,0.0029439197158462197
13110,1,1,1,1,1,2.0381288528442383,1.4999999999999567,1.4999999999999567,1.4999999999999514,0.0029999999999999055,0.042000000000000086,16.648789516920598,156.01666666668297,0,301,0.0032012350126727983
13125,1,1,1,1,1,1.6748226881027222,1.4999999999999851,1.4999999999999851,1.499999999999985,0.002999999999999968,0.04200000000000003,16.13115790490239,156.26666666668316,0,316,0.0033299178640748355
13140,1,1,1,1,1,1.3322129249572754,1.4999999999999851,1.4999999999999851,1.499999999999985,0.002999999999999968,0.04200000000000003,15.251883173272805,156.51666666668336,0,331,0.0033457961296675357
13155,1,0,1,1,1,0.32509827613830566,1.4999999999999851,1.4999999999999851,1.499999999999985,0.002999999999999968,0.04200000000000003,14.064982391822088,156.76666666668356,0,346,0.003264810886603618
13170,1,0,1,1,1,0.0,1.4999999999999851,1.4999999999999851,1.499999999999985,0.002999999999999968,0.04200000000000003,12.373206388047839,157.01666666668376,0,361,0.0031667794665309404
13185,1,1,1,1,1,1.195775032043457,1.4999999999999851,1.4999999999999851,1.499999999999985,0.002999999999999968,0.04200000000000003,11.362621624195327,157.26666666668396,0,376,0.0028563981577568124
13200,1,1,1,1,1,6.178001403808594,1.4999999999999851,1.4999999999999851,1.499999999999985,0.002999999999999968,0.04200000000000003,10.947010547908437,157.51666666668416,0,391,0.0029999277623270304
13215,1,1,1,1,1,6.571063041687012,1.4999999999999851,1.4999999999999851,1.499999999999985,0.002999999999999968,0.04200000000000003,10.95010339318101,157.76666666668436,0,406,0.003232437614673825
13230,1,1,1,1,1,4.730266094207764,1.4999999999999851,1.4999999999999851,1.499999999999985,0.002999999999999968,0.04200000000000003,10.993870999071772,158.01666666668456,0,421,0.0033260995412594807
13245,1,1,1,1,1,4.945869445800781,1.4999999999999851,1.4999999999999851,1.499999999999985,0.002999999999999968,0.04200000000000003,11.266633129325772,158.26666666668476,0,436,0.003515920669042569
13260,1,1,1,1,1,2.0491573810577393,1.4999999999999851,1.4999999999999851,1.499999999999985,0.002999999999999968,0.04200000000000003,12.755540166660362,158.51666666668496,0,451,0.0036078819525453914
13275,1,0,1,1,1,0.0,1.4999999999999851,1.4999999999999851,1.499999999999985,0.002999999999999968,0.04200000000000003,14.622085590759502,158.76666666668515,0,466,0.003764322448819763
13290,1,0,1,1,1,0.0,1.4999999999999851,1.4999999999999851,1.499999999999985,0.002999999999999968,0.04200000000000003,16.82794751278078,159.01666666668535,0,481,0.004118977327584671
13305,1,0,1,1,1,0.0,1.4999999999999851,1.4999999999999851,1.499999999999985,0.002999999999999968,0.04200000000000003,18.18488329573586,159.26666666668555,0,496,0.004885898911548418
13320,1,0,1,1,1,0.0,1.4999999999999851,1.4999999999999851,1.499999999999985,0.002999999999999968,0.04200000000000003,18.750486268558575,159.51666666668575,0,511,0.005309385286308419
13335,1,0,1,1,1,0.0,1.4999999999999851,1.4999999999999851,1.499999999999985,0.002999999999999968,0.04200000000000003,19.810235834983462,159.76666666668595,0,526,0.005690817824302036
13350,1,0,1,1,1,0.0,1.4999999999999851,1.4999999999999851,1.499999999999985,0.002999999999999968,0.04200000000000003,19.739505071910553,160.01666666668615,0,541,0.005848345271728434
13365,1,0,1,1,1,0.0,1.4999999999999851,1.4999999999999851,1.499999999999985,0.002999999999999968,0.04200000000000003,18.54675371507611,160.26666666668635,0,556,0.005914230310408138
13380,1,0,1,1,1,0.0,1.4999999999999851,1.4999999999999851,1.499999999999985,0.002999999999999968,0.04200000000000003,16.637631884174848,160.51666666668655,0,571,0.005324471537187624
13395,1,0,1,1,1,0.0,1.4999999999999851,1.4999999999999851,1.499999999999985,0.002999999999999968,0.04200000000000003,14.686788296035242,160.76666666668675,0,586,0.004459053967859953
13410,1,0,1,1,1,0.0,1.4999999999999851,1.4999999999999851,1.499999999999985,0.002999999999999968,0.04200000000000003,13.166463983943991,161.01666666668694,0,601,0.003670321785616918
13425,1,0,1,1,1,0.0,1.4999999999999851,1.4999999999999851,1.499999999999985,0.002999999999999968,0.04200000000000003,11.539427468233255,161.26666666668714,0,616,0.003433559923899331
13440,1,0,1,1,1,0.14232033491134644,1.4999999999999851,1.4999999999999851,1.499999999999985,0.002999999999999968,0.04200000000000003,10.982474584405175,161.51666666668734,0,631,0.0030452077315955973
13455,1,1,1,1,1,4.194679260253906,1.4999999999999851,1.4999999999999851,1.499999999999985,0.002999999999999968,0.04200000000000003,10.957188784431036,161.76666666668754,0,646,0.003047284183335919
13470,1,1,1,1,1,5.758040428161621,1.4999999999999851,1.4999999999999851,1.499999999999985,0.002999999999999968,0.04200000000000003,10.966076695498922,162.01666666668774,0,661,0.0031273492286296115
13485,1,1,1,1,1,6.457447528839111,1.4999999999999851,1.4999999999999851,1.499999999999985,0.002999999999999968,0.04200000000000003,11.356863340973492,162.26666666668794,0,676,0.0031563993054151652
13500,1,1,1,1,1,7.428101062774658,1.4999999999999851,1.4999999999999851,1.499999999999985,0.002999999999999968,0.04200000000000003,12.208305530425733,162.51666666668814,0,691,0.003284456976761054
13515,1,1,1,1,1,5.305180549621582,1.4999999999999851,1.4999999999999851,1.499999999999985,0.002999999999999968,0.04200000000000003,13.39887709261532,162.76666666668834,0,706,0.003413806379900187
13530,1,1,1,1,1,0.6915188431739807,1.3971549034118549,1.3971549034118549,1.4434351968765133,0.002794309806823707,0.04218997774786421,14.465914363806698,163.01666666668854,0,721,0.0034647159428730576
13545,1,1,1,1,1,0.5170955061912537,1.4355100224767856,1.4355100224767856,1.4288748952253716,0.002859463859438964,0.042126129252898915,15.831237038060888,163.26666666668874,0,736,0.003402482881509429
13560,1,1,1,1,1,1.7835047245025635,1.4872704537095014,1.4872704537095014,1.4859579562857494,0.0029722591435263276,0.0420248966609478,16.4435735216244,163.51666666668893,0,751,0.0033873748183529174
13575,1,1,1,1,1,2.6232125759124756,1.497487352794728,1.497487352794728,1.4972282828189378,0.0029945243150095308,0.04200491427770866,16.57363801637496,163.76666666668913,0,766,0.0033534811166774504
13590,1,1,1,1,1,1.8592242002487183,1.49950403605651,1.49950403605651,1.4994528990060862,0.0029989191708587326,0.04200097001463105,16.208759200605666,164.01666666668933,0,781,0.0031577690827081363
13605,1,1,1,1,1,1.5116677284240723,1.499902103155299,1.499902103155299,1.4998920093653179,0.0029997866583569635,0.04200019146829712,15.708620980272435,164.26666666668953,0,796,0.0028997003577613586
13620,1,1,1,1,1,5.875578880310059,1.499980676433585,1.499980676433585,1.4999786840504623,0.0029999578891289,0.04200003779335654,15.259289919808486,164.51666666668973,0,811,0.0025415367974319313
13635,1,0,1,1,1,0.28878065943717957,1.4875361083198342,1.4875361083198342,1.487109189320281,0.0029730246921192693,0.042024342455155066,14.41753953487145,164.76666666668993,0,826,0.0021609652310443936
13650,1,1,1,1,1,1.7146341800689697,1.497531615387491,1.497531615387491,1.4972771157015434,0.002994620775920498,0.04200482770754034,12.730176367687971,165.01666666669013,0,841,0.0014403458996985552
13665,1,1,1,1,1,2.5274105072021484,1.499512772892423,1.499512772892423,1.499462536665634,0.00299893821060343,0.04200095292698027,11.03686312237368,165.26666666669033,0,856,0.0012441261973496983
13680,1,1,1,1,1,4.386279106140137,1.499903827693299,1.499903827693299,1.4998939117142003,0.0029997904165554173,0.04200018809541666,9.772059779495994,165.51666666669053,0,871,0.0008093239188066147
13695,1,1,1,1,1,1.8018797636032104,1.4999810168349978,1.4999810168349978,1.4999790595494362,0.002999958630948485,0.042000037127593724,8.45552125448791,165.76666666669072,0,886,0.00019593283644022818
13710,1,1,1,1,1,2.0007660388946533,1.499996252969634,1.499996252969634,1.4999958666268702,0.00299999183428621,0.042000007328505076,7.81816507593091,166.01666666669092,0,901,-0.0003293528748415491
13725,1,1,1,1,1,1.1574724912643433,1.4999992603848435,1.4999992603848435,1.4999991841257967,0.0029999983881940917,0.04200000144655178,7.734726940549014,166.26666666669112,0,916,-0.0005566719227370731
13740,1,1,1,1,1,1.7102890014648438,1.4999998540095676,1.4999998540095676,1.4999998389570215,0.0029999996818504335,0.042000000285530546,7.770473735632528,166.51666666669132,0,931,-0.0007009043793359107
13755,1,1,1,1,1,1.8621751070022583,1.4999999711833827,1.4999999711833827,1.4999999682122054,0.002999999937201403,0.04200000005636002,7.848391255889798,166.76666666669152,0,946,-0.000846737308755818
13770,1,1,1,1,1,1.9272416830062866,1.4999999943119726,1.4999999943119726,1.4999999937255013,0.0029999999876043695,0.042000000011124736,7.882016749659627,167.01666666669172,0,961,-0.000986395958146523
13785,1,1,1,1,1,2.292872905731201,1.4999999988772548,1.4999999988772548,1.4999999987614936,0.0029999999975532585,0.042000000002195885,7.555985389484204,167.26666666669192,0,976,-0.001133877679350296
13800,1,1,1,1,1,2.7204811573028564,1.4999999997783833,1.4999999997783833,1.4999999997555333,0.0029999999995170418,0.04200000000043344,6.994463251816012,167.51666666669212,0,991,-0.0013499181855696973
13815,0,0,0,1,0,0.0,0.036000000000000004,0.036000000000000004,0.04697942343673321,0.0,0.06144434332658343,6.661707484399929,167.65000000002556,2,0,0.0021102631194204104
13830,0,0,0,1,0,0.0,0.036000000000000004,0.036000000000000004,0.03600006898699712,0.0,0.05994434332658339,6.661707484399929,167.65000000002556,0,0,0.010732715515467162
13845,0,0,0,1,0,0.0,0.036000000000000004,0.036000000000000004,0.03600000000043347,0.0,0.058444343326583346,6.661707484399929,167.65000000002556,0,0,0.01365680576787992
13860,0,0,0,1,0,0.0,0.036000000000000004,0.036000000000000004,0.036000000000000004,0.0,0.056944343326583303,6.661707484399929,167.65000000002556,0,0,0.013896409719357006
13875,0,0,0,1,0,0.0,0.036000000000000004,0.036000000000000004,0.036000000000000004,0.0,0.05544434332658326,6.661707484399929,167.65000000002556,0,0,0.013049487636361868
13890,0,0,0,1,0,0.0,0.036000000000000004,0.036000000000000004,0.036000000000000004,0.0,0.05394434332658322,6.661707484399929,167.65000000002556,0,0,0.0117919555286571
13905,0,0,0,1,0,0.0,0.036000000000000004,0.036000000000000004,0.036000000000000004,0.0,0.052444343326583175,6.661707484399929,167.65000000002556,0,0,0.010384296828872354
13920,0,0,0,1,0,0.0,0.036000000000000004,0.036000000000000004,0.036000000000000004,0.0,0.05094434332658313,6.661707484399929,167.65000000002556,0,0,0.008920803023774345
13935,0,0,0,1,0,0.0,0.036000000000000004,0.036000000000000004,0.036000000000000004,0.0,0.04944434332658309,6.661707484399929,167.65000000002556,0,0,0.007438352247608261
13950,0,0,0,1,0,0.0,0.036000000000000004,0.036000000000000004,0.036000000000000004,0.0,0.047944343326583046,6.661707484399929,167.65000000002556,0,0,0.0059486697725965095
13965,0,0,0,1,0,0.0,0.036000000000000004,0.036000000000000004,0.036000000000000004,0.0,0.046444343326583,6.661707484399929,167.65000000002556,0,0,0.004457001805669403
13980,0,0,0,1,0,0.0,0.036000000000000004,0.036000000000000004,0.036000000000000004,0.0,0.04494434332658296,6.661707484399929,167.65000000002556,0,0,0.002955502077958204
13995,1,0,1,1,1,0.28388693928718567,0.7638283367085393,0.7638283367085393,0.7229196421546686,0.0014556566734170787,0.04344434332658292,6.467890928421092,167.71666666669228,0,5,0.0013197711744603049
14010,1,1,1,1,1,1.7853254079818726,1.3366056275959337,1.3366056275959337,1.319759045986666,0.0026439223894499306,0.04231957033894541,5.749798990346812,167.96666666669248,0,20,-0.00039678663411247693
14025,1,1,1,1,1,1.7976539134979248,1.467747981382556,1.467747981382556,1.4644225922671739,0.002929714806805754,0.04206307904102742,5.8094280413967025,168.21666666669267,0,35,-0.001282858742216574
14040,0,0,0,1,0,0.0,0.036000000000000004,0.036000000000000004,0.04686782951642395,0.0,0.0614562987196212,5.897056431794543,168.3500000000261,2,0,0.0020229252580969605
14055,0,0,0,1,0,0.0,0.036000000000000004,0.036000000000000004,0.03600006828581918,0.0,0.05995629871962116,5.897056431794543,168.3500000000261,0,0,0.010480102187671734
14070,0,0,0,1,0,0.0,0.036000000000000004,0.036000000000000004,0.036000000000429064,0.0,0.058456298719621116,5.897056431794543,168.3500000000261,0,0,0.013330943265214914
14085,0,0,0,1,0,0.0,0.036000000000000004,0.036000000000000004,0.036000000000000004,0.0,0.056956298719621073,5.897056431794543,168.3500000000261,0,0,0.013550278439738276
14100,0,0,0,1,0,0.0,0.036000000000000004,0.036000000000000004,0.036000000000000004,0.0,0.05545629871962103,5.897056431794543,168.3500000000261,0,0,0.012700958931487986
14115,0,0,0,1,0,0.0,0.036000000000000004,0.036000000000000004,0.036000000000000004,0.0,0.05395629871962099,5.897056431794543,168.3500000000261,0,0,0.011445094867782292
14130,0,0,0,1,0,0.0,0.036000000000000004,0.036000000000000004,0.036000000000000004,0.0,0.052456298719620945,5.897056431794543,168.3500000000261,0,0,0.010038752091716459
14145,0,0,0,1,0,0.0,0.036000000000000004,0.036000000000000004,0.036000000000000004,0.0,0.0509562987196209,5.897056431794543,168.3500000000261,0,0,0.008577696925373897
14160,0,0,0,1,0,0.0,0.036000000000000004,0.036000000000000004,0.036000000000000004,0.0,0.04945629871962086,5.897056431794543,168.3500000000261,0,0,0.007095492603210211
14175,0,0,0,1,0,0.0,0.036000000000000004,0.036000000000000004,0.036000000000000004,0.0,0.047956298719620816,5.897056431794543,168.3500000000261,0,0,0.0056066684488124
14190,0,0,0,1,0,0.0,0.036000000000000004,0.036000000000000004,0.036000000000000004,0.0,0.04645629871962077,5.897056431794543,168.3500000000261,0,0,0.00411522613729418
14205,0,0,0,1,0,0.0,0.036000000000000004,0.036000000000000004,0.036000000000000004,0.0,0.04495629871962073,5.897056431794543,168.3500000000261,0,0,0.00252229715132632
14220,1,1,1,1,1,0.8197089433670044,0.7578506401896543,0.7578506401896543,0.7169419831954364,0.0014437012803793087,0.04345629871962069,5.929788232903045,168.4333333333595,0,5,0.0008994051726925841
14235,1,1,1,1,1,3.3850951194763184,1.3344729079938544,1.3344729079938544,1.3174065768735066,0.0026392747997241728,0.0423237413865664,6.045109215223553,168.6833333333597,0,20,-0.0004956257054871426
14250,1,1,1,1,1,1.5898045301437378,1.4673270238652243,1.4673270238652243,1.4639582313416688,0.0029287974353760862,0.04206390235682732,6.315452332985881,168.9333333333599,0,35,-0.0013336118338379442
14265,0,0,0,1,0,0.0,0.036000000000000004,0.036000000000000004,0.03698624893401018,0.0,0.0611667265868957,6.580581010148096,169.0166666666933,0,0,0.0043737620001153485
14280,0,0,0,1,0,0.0,0.036000000000000004,0.036000000000000004,0.03600000619689666,0.0,0.05966672658689566,6.580581010148096,169.0166666666933,0,0,0.011460616192100804
14295,0,0,0,1,0,0.0,0.036000000000000004,0.036000000000000004,0.036000000000038945,0.0,0.05816672658689562,6.580581010148096,169.0166666666933,0,0,0.013625555122416099
14310,0,0,0,1,0,0.0,0.036000000000000004,0.036000000000000004,0.036000000000000004,0.0,0.056666726586895574,6.580581010148096,169.0166666666933,0,0,0.013557062330428324
14325,0,0,0,1,0,0.0,0.036000000000000004,0.036000000000000004,0.036000000000000004,0.0,0.05516672658689553,6.580581010148096,169.0166666666933,0,0,0.012596758151985351
14340,0,0,0,1,0,0.0,0.036000000000000004,0.036000000000000004,0.036000000000000004,0.0,0.05366672658689549,6.580581010148096,169.0166666666933,0,0,0.011298677408811436
14355,0,0,0,1,0,0.0,0.036000000000000004,0.036000000000000004,0.036000000000000004,0.0,0.052166726586895446,6.580581010148096,169.0166666666933,0,0,0.00987684491989623
14370,0,0,0,1,0,0.0,0.036000000000000004,0.036000000000000004,0.036000000000000004,0.0,0.0506667265868954,6.580581010148096,169.0166666666933,0,0,0.008409596212120968
14385,0,0,0,1,0,0.0,0.036000000000000004,0.036000000000000004,0.036000000000000004,0.0,0.04916672658689536,6.580581010148096,169.0166666666933,0,0,0.00692647432589458
14400,0,0,0,1,0,0.0,0.036000000000000004,0.036000000000000004,0.036000000000000004,0.0,0.04766672658689532,6.580581010148096,169.0166666666933,0,0,0.005436814689431125
14415,0,0,0,1,0,0.0,0.036000000000000004,0.036000000000000004,0.036000000000000004,0.0,0.046166726586895274,6.580581010148096,169.0166666666933,0,0,0.003943644261243122
14430,0,0,0,1,1,0.0,0.1526367065523824,0.1526367065523824,0.11849568666779589,0.0002332734131047648,0.04466672658689523,6.580581010148096,169.0166666666933,0,0,0.0024141292423425476
14445,1,0,1,1,1,0.1776401549577713,0.9026367065524039,0.9026367065524039,0.8617276581691238,0.0017332734131048078,0.04316672658689519,6.808036615578042,169.13333333336007,0,8,0.0008233709025926261
14460,1,1,1,1,1,2.208780527114868,1.3789286297552734,1.3789286297552734,1.3664454992430826,0.0027361553241607647,0.04223679339569832,7.418825639334423,169.38333333336027,0,23,-0.0005012682697865157
14475,1,1,1,1,1,1.5153465270996094,1.4761020844722408,1.4761020844722408,1.4736380567398548,0.002947920481202508,0.042046739945550214,7.796816516803286,169.63333333336047,0,38,-0.0011172846094726085
14490,1,1,1,1,1,2.486968755722046,1.4952828616761331,1.4952828616761331,1.4947964945853607,0.0029897201789953753,0.042009225858554676,7.822069246757255,169.88333333336067,0,53,-0.001237161792276649
14505,1,1,1,1,1,2.1697847843170166,1.499068898124584,1.499068898124584,1.4989728955740396,0.0029979708967685093,0.04200182106472458,7.756371817479404,170.13333333336087,0,68,-0.0011802456531429962
14520,1,1,1,1,1,2.1782877445220947,1.499816212575742,1.499816212575742,1.499797262918404,0.0029995994813604016,0.04200035945453873,7.72533494104794,170.38333333336107,0,83,-0.0010585073504990894
14535,1,1,1,1,1,1.6521629095077515,1.4999637227480642,1.4999637227480642,1.499959982331677,0.002999920942819388,0.04200007095166012,7.7841914856800924,170.63333333336126,0,98,-0.0009260593331794166
14550,1,1,1,1,1,2.0307846069335938,1.4999928393413566,1.4999928393413566,1.4999921010317134,0.0029999843951387314,0.042000014004936734,7.836466661945051,170.88333333336146,0,113,-0.0007736108080723135
14565,1,1,1,1,1,1.5194114446640015,1.4999985865789307,1.4999985865789307,1.4999984408461904,0.00299999691980294,0.042000002764392724,8.363614300585454,171.13333333336166,0,128,-0.0005867277533472176
14580,1,1,1,1,1,3.7023355960845947,1.499999721009027,1.499999721009027,1.4999996922432757,0.002999999392009081,0.04200000054565524,9.225584254664858,171.38333333336186,0,143,-0.00028057547894608383
14595,1,1,1,1,1,3.9445691108703613,1.4999999449308044,1.4999999449308044,1.4999999392528176,0.0029999998799904865,0.04200000010770526,10.641690409025438,171.63333333336206,0,158,5.5659493432479396e-05
14610,1,1,1,1,1,5.823835372924805,1.499999989130056,1.499999989130056,1.4999999880092951,0.0029999999763116805,0.042000000021259615,11.920462021962384,171.88333333336226,0,173,0.0005796794742196223
14625,1,1,1,1,1,5.963323593139648,1.4999999978544152,1.4999999978544152,1.4999999976331921,0.002999999995324236,0.04200000000419637,13.60963251749195,172.13333333336246,0,188,0.0011920573101487288
14640,1,1,1,1,1,5.703077793121338,1.4999999995764906,1.4999999995764906,1.4999999995328237,0.0029999999990770673,0.042000000000828305,15.082663762528012,172.38333333336266,0,203,0.0017869799714854712
14655,1,1,1,1,1,4.463624000549316,1.4999999999164033,1.4999999999164033,1.4999999999077844,0.002999999999817822,0.0420000000001635,15.864056770241795,172.63333333336286,0,218,0.0022131633085564852
14670,1,1,1,1,1,2.528719425201416,0.4275712356059691,0.4275712356059691,0.3935318489591302,0.0007831424712119381,0.04411685752878806,15.968193884123702,172.88333333336305,0,233,0.0035427646907551205
14685,1,1,1,1,1,1.8914018869400024,1.1611819552157983,1.1611819552157983,1.1266629217385526,0.0022621476849612396,0.042662025453239445,14.938879116989867,173.13333333336325,0,248,0.0036260781406988875
14700,1,1,1,1,1,1.4320261478424072,1.433178217651513,1.433178217651513,1.4262884662531081,0.0028543786690664735,0.042130691167039276,13.466532891395186,173.38333333336345,0,263,0.002907328900101688
14715,1,1,1,1,1,0.9188137650489807,1.486810247506803,1.486810247506803,1.4854502997784043,0.002971256239394267,0.042025796739997574,12.319557240213722,173.63333333336365,0,278,0.002408560672600572
14730,1,1,1,1,1,1.9589424133300781,1.4973965140643464,1.4973965140643464,1.4971280780352436,0.0029943263547581034,0.04200509194162696,11.246807992412927,173.88333333336385,0,293,0.0022076347840653578
14745,1,1,1,1,1,9.754563331604004,1.458055668445731,1.458055668445731,1.4537801147008262,0.002908604915770642,0.04208203142216515,10.910525373378668,174.13333333336405,0,308,0.002660197205190523
14760,1,1,1,1,1,10.565531730651855,1.3704199701442779,1.3704199701442779,1.358408770679146,0.002709585623444019,0.04236418982565278,10.891271563751845,174.38333333336425,0,323,0.003011029988153582
14775,1,1,1,1,1,6.3909220695495605,1.4620349543502869,1.4620349543502869,1.4581210454419564,0.0029172648267872733,0.04207425263116572,10.874355093314787,174.63333333336445,0,338,0.00292645944212781
14790,1,1,1,1,1,5.594981670379639,1.4925061899621153,1.4925061899621153,1.4917335302862675,0.0029836691187456674,0.042014656519842444,10.870311355594481,174.88333333336465,0,353,0.002848460698335264
14805,1,1,1,1,1,7.646955966949463,1.4985208191701602,1.4985208191701602,1.4983683061786928,0.002996776496019357,0.042002893006771465,10.85633144999608,175.13333333336485,0,368,0.002743124920606944
14820,1,1,1,1,1,2.634108781814575,1.499708028904353,1.499708028904353,1.4996779248194965,0.002999363722156166,0.04200057104198468,10.916922952296709,175.38333333336504,0,383,0.002748230287010527
14835,1,1,1,1,1,1.3183114528656006,1.4999423686955837,1.4999423686955837,1.4999364265399917,0.002999874407012687,0.042000112716275496,11.023280638048814,175.63333333336524,0,398,0.0027618988971952175
14850,1,1,1,1,1,1.34611976146698,1.4999886243285774,1.4999886243285774,1.4999874514241938,0.0029999752095745333,0.042000022248729695,11.54798847175926,175.88333333336544,0,413,0.0028254721513280715
14865,1,0,1,1,1,0.0,1.499997754590124,1.499997754590124,1.499997523074023,0.0029999951066918065,0.04200000439161044,14.655593316354643,176.13333333336564,0,428,0.0036947083934085597
14880,1,0,1,1,1,0.0,1.499999556785239,1.499999556785239,1.4999995110869653,0.002999999034124484,0.04200000086684689,20.28810281487823,176.38333333336584,0,443,0.004445971226446649
14895,1,0,1,1,1,0.0,1.4999999125151584,1.4999999125151584,1.4999999034949134,0.0029999998093487093,0.04200000017110432,22.14682010987544,176.63333333336604,0,458,0.004874130278598339
14910,1,0,1,1,1,0.0,1.4999999827316282,1.4999999827316282,1.4999999809511495,0.0029999999623679108,0.04200000003377377,21.009128973668968,176.88333333336624,0,473,0.005294806403106396
14925,1,0,1,1,1,0.0,1.499999996591449,1.499999996591449,1.499999996240005,0.0029999999925719167,0.0420000000066665,19.286344938985884,177.13333333336644,0,488,0.0055928553437969855
14940,1,0,1,1,1,0.0,1.4999999993271966,1.4999999993271966,1.4999999992578263,0.0029999999985337936,0.04200000000131588,19.286344938985884,177.38333333336664,0,503,0.005861546647440465
14955,1,0,1,1,1,0.0,1.4999999998671967,1.4999999998671967,1.4999999998535034,0.0029999999997105883,0.04200000000025974,19.286344938985884,177.63333333336683,0,518,0.005981722379717983
14970,1,0,1,1,1,0.0,1.4999999999737865,1.4999999999737865,1.4999999999710845,0.0029999999999428748,0.04200000000005127,19.286344938985884,177.88333333336703,0,533,0.00601880147620657
