ISO-10303-21;
HEADER;

/* File generated by HOOPS Exchange Version 24.5.0 */

FILE_DESCRIPTION(('HOOPS Exchange Step'),'2;1');

FILE_NAME('/usr/src/app/output/VentionAssembly_518863_v1.STEP',
'2026-06-29T02:14:32+00:00',
('node'),
('Unknown organisation'),
'HOOPS Exchange 2024.5',
'HOOPS Exchange',
'Unknown authorisation');

FILE_SCHEMA( ('AUTOMOTIVE_DESIGN { 1 0 10303 214 1 1 1 1 }') );

ENDSEC;

DATA;
#3=(NAMED_UNIT(*)PLANE_ANGLE_UNIT()SI_UNIT($,.RADIAN.));
#4=PLANE_ANGLE_MEASURE_WITH_UNIT(PLANE_ANGLE_MEASURE(0.0174532925),#3);
#5=(CONVERSION_BASED_UNIT('DEGREE',#4)NAMED_UNIT(#6)PLANE_ANGLE_UNIT());
#6=DIMENSIONAL_EXPONENTS(0.,0.,0.,0.,0.,0.,0.);
#7=(NAMED_UNIT(*)SI_UNIT($,.STERADIAN.)SOLID_ANGLE_UNIT());
#8=(LENGTH_UNIT()NAMED_UNIT(*)SI_UNIT(.MILLI.,.METRE.));
#9=UNCERTAINTY_MEASURE_WITH_UNIT(LENGTH_MEASURE(1.000000E-03),#8,'DISTANCE_ACCURACY_VALUE','Maximum Tolerance applied to model');
#10=(GEOMETRIC_REPRESENTATION_CONTEXT(3)GLOBAL_UNCERTAINTY_ASSIGNED_CONTEXT((#9))GLOBAL_UNIT_ASSIGNED_CONTEXT((#8,#5,#7))REPRESENTATION_CONTEXT('','0'));
#12=CARTESIAN_POINT('',(0.,0.,0.));
#13=DIRECTION('',(0.,0.,1.));
#14=DIRECTION('',(1.,0.,0.));
#15=AXIS2_PLACEMENT_3D('TS3D_PRODUCT_CSYS',#12,#13,#14);
#26=(NAMED_UNIT(*)PLANE_ANGLE_UNIT()SI_UNIT($,.RADIAN.));
#27=PLANE_ANGLE_MEASURE_WITH_UNIT(PLANE_ANGLE_MEASURE(0.0174532925),#26);
#28=(CONVERSION_BASED_UNIT('DEGREE',#27)NAMED_UNIT(#29)PLANE_ANGLE_UNIT());
#29=DIMENSIONAL_EXPONENTS(0.,0.,0.,0.,0.,0.,0.);
#30=(NAMED_UNIT(*)SI_UNIT($,.STERADIAN.)SOLID_ANGLE_UNIT());
#31=(LENGTH_UNIT()NAMED_UNIT(*)SI_UNIT(.MILLI.,.METRE.));
#32=UNCERTAINTY_MEASURE_WITH_UNIT(LENGTH_MEASURE(1.000000E-05),#31,'DISTANCE_ACCURACY_VALUE','Maximum Tolerance applied to model');
#33=(GEOMETRIC_REPRESENTATION_CONTEXT(3)GLOBAL_UNCERTAINTY_ASSIGNED_CONTEXT((#32))GLOBAL_UNIT_ASSIGNED_CONTEXT((#31,#28,#30))REPRESENTATION_CONTEXT('','0'));
#45=CARTESIAN_POINT('',(45.,0.,135.));
#46=DIRECTION('',(0.,0.,1.));
#47=DIRECTION('',(1.,0.,-0.));
#48=AXIS2_PLACEMENT_3D('',#45,#46,#47);
#49=ITEM_DEFINED_TRANSFORMATION('','',#48,#15);
#50=(REPRESENTATION_RELATIONSHIP('','',#35,#16)REPRESENTATION_RELATIONSHIP_WITH_TRANSFORMATION(#49)SHAPE_REPRESENTATION_RELATIONSHIP());
#51=NEXT_ASSEMBLY_USAGE_OCCURRENCE('_1','','',#25,#44,$);
#52=PRODUCT_DEFINITION_SHAPE('','',#51);
#53=CONTEXT_DEPENDENT_SHAPE_REPRESENTATION(#50,#52);
#55=CARTESIAN_POINT('',(-0.,1.,78.75));
#56=DIRECTION('',(0.,1.,0.));
#57=DIRECTION('',(0.,-0.,1.));
#58=AXIS2_PLACEMENT_3D('',#55,#56,#57);
#59=CYLINDRICAL_SURFACE('',#58,4.2);
#60=CARTESIAN_POINT('',(-0.,0.,82.95));
#61=VERTEX_POINT('NONE',#60);
#62=CARTESIAN_POINT('',(4.2,0.,78.75));
#63=VERTEX_POINT('NONE',#62);
#64=CARTESIAN_POINT('',(-0.,0.,78.75));
#65=DIRECTION('',(-0.,1.,0.));
#66=DIRECTION('',(-1.,-0.,0.));
#67=AXIS2_PLACEMENT_3D('',#64,#65,#66);
#68=CIRCLE('',#67,4.2);
#69=EDGE_CURVE('NONE',#61,#63,#68,.T.);
#70=ORIENTED_EDGE('NONE',*,*,#69,.F.);
#71=CARTESIAN_POINT('',(-0.,1.,82.95));
#72=VERTEX_POINT('NONE',#71);
#73=CARTESIAN_POINT('',(-0.,0.,82.95));
#74=DIRECTION('',(0.,1.,0.));
#75=VECTOR('',#74,1.);
#76=LINE('',#73,#75);
#77=EDGE_CURVE('NONE',#61,#72,#76,.T.);
#78=ORIENTED_EDGE('NONE',*,*,#77,.T.);
#79=CARTESIAN_POINT('',(4.2,1.,78.75));
#80=VERTEX_POINT('NONE',#79);
#81=CARTESIAN_POINT('',(-0.,1.,78.75));
#82=DIRECTION('',(0.,1.,0.));
#83=DIRECTION('',(0.,-0.,1.));
#84=AXIS2_PLACEMENT_3D('',#81,#82,#83);
#85=CIRCLE('',#84,4.2);
#86=EDGE_CURVE('NONE',#72,#80,#85,.T.);
#87=ORIENTED_EDGE('NONE',*,*,#86,.T.);
#88=CARTESIAN_POINT('',(4.2,1.,78.75));
#89=DIRECTION('',(0.,-1.,0.));
#90=VECTOR('',#89,1.);
#91=LINE('',#88,#90);
#92=EDGE_CURVE('NONE',#80,#63,#91,.T.);
#93=ORIENTED_EDGE('NONE',*,*,#92,.T.);
#94=EDGE_LOOP('NONE',(#70,#78,#87,#93));
#95=FACE_BOUND('',#94,.T.);
#96=ADVANCED_FACE('NONE',(#95),#59,.F.);
#97=CARTESIAN_POINT('',(-0.,1.,33.75));
#98=DIRECTION('',(0.,1.,0.));
#99=DIRECTION('',(0.,-0.,1.));
#100=AXIS2_PLACEMENT_3D('',#97,#98,#99);
#101=CYLINDRICAL_SURFACE('',#100,4.2);
#102=CARTESIAN_POINT('',(-0.,0.,37.95));
#103=VERTEX_POINT('NONE',#102);
#104=CARTESIAN_POINT('',(4.2,0.,33.75));
#105=VERTEX_POINT('NONE',#104);
#106=CARTESIAN_POINT('',(-0.,0.,33.75));
#107=DIRECTION('',(-0.,1.,0.));
#108=DIRECTION('',(-1.,-0.,0.));
#109=AXIS2_PLACEMENT_3D('',#106,#107,#108);
#110=CIRCLE('',#109,4.2);
#111=EDGE_CURVE('NONE',#103,#105,#110,.T.);
#112=ORIENTED_EDGE('NONE',*,*,#111,.F.);
#113=CARTESIAN_POINT('',(-0.,1.,37.95));
#114=VERTEX_POINT('NONE',#113);
#115=CARTESIAN_POINT('',(-0.,0.,37.95));
#116=DIRECTION('',(0.,1.,0.));
#117=VECTOR('',#116,1.);
#118=LINE('',#115,#117);
#119=EDGE_CURVE('NONE',#103,#114,#118,.T.);
#120=ORIENTED_EDGE('NONE',*,*,#119,.T.);
#121=CARTESIAN_POINT('',(4.2,1.,33.75));
#122=VERTEX_POINT('NONE',#121);
#123=CARTESIAN_POINT('',(-0.,1.,33.75));
#124=DIRECTION('',(0.,1.,0.));
#125=DIRECTION('',(0.,-0.,1.));
#126=AXIS2_PLACEMENT_3D('',#123,#124,#125);
#127=CIRCLE('',#126,4.2);
#128=EDGE_CURVE('NONE',#114,#122,#127,.T.);
#129=ORIENTED_EDGE('NONE',*,*,#128,.T.);
#130=CARTESIAN_POINT('',(4.2,1.,33.75));
#131=DIRECTION('',(0.,-1.,0.));
#132=VECTOR('',#131,1.);
#133=LINE('',#130,#132);
#134=EDGE_CURVE('NONE',#122,#105,#133,.T.);
#135=ORIENTED_EDGE('NONE',*,*,#134,.T.);
#136=EDGE_LOOP('NONE',(#112,#120,#129,#135));
#137=FACE_BOUND('',#136,.T.);
#138=ADVANCED_FACE('NONE',(#137),#101,.F.);
#139=CARTESIAN_POINT('',(-0.,1.,123.75));
#140=DIRECTION('',(0.,1.,0.));
#141=DIRECTION('',(0.,-0.,1.));
#142=AXIS2_PLACEMENT_3D('',#139,#140,#141);
#143=CYLINDRICAL_SURFACE('',#142,4.2);
#144=CARTESIAN_POINT('',(-0.,0.,127.95));
#145=VERTEX_POINT('NONE',#144);
#146=CARTESIAN_POINT('',(4.2,0.,123.75));
#147=VERTEX_POINT('NONE',#146);
#148=CARTESIAN_POINT('',(-0.,0.,123.75));
#149=DIRECTION('',(-0.,1.,0.));
#150=DIRECTION('',(-1.,-0.,0.));
#151=AXIS2_PLACEMENT_3D('',#148,#149,#150);
#152=CIRCLE('',#151,4.2);
#153=EDGE_CURVE('NONE',#145,#147,#152,.T.);
#154=ORIENTED_EDGE('NONE',*,*,#153,.F.);
#155=CARTESIAN_POINT('',(-0.,1.,127.95));
#156=VERTEX_POINT('NONE',#155);
#157=CARTESIAN_POINT('',(-0.,0.,127.95));
#158=DIRECTION('',(0.,1.,0.));
#159=VECTOR('',#158,1.);
#160=LINE('',#157,#159);
#161=EDGE_CURVE('NONE',#145,#156,#160,.T.);
#162=ORIENTED_EDGE('NONE',*,*,#161,.T.);
#163=CARTESIAN_POINT('',(4.2,1.,123.75));
#164=VERTEX_POINT('NONE',#163);
#165=CARTESIAN_POINT('',(-0.,1.,123.75));
#166=DIRECTION('',(0.,1.,0.));
#167=DIRECTION('',(0.,-0.,1.));
#168=AXIS2_PLACEMENT_3D('',#165,#166,#167);
#169=CIRCLE('',#168,4.2);
#170=EDGE_CURVE('NONE',#156,#164,#169,.T.);
#171=ORIENTED_EDGE('NONE',*,*,#170,.T.);
#172=CARTESIAN_POINT('',(4.2,1.,123.75));
#173=DIRECTION('',(0.,-1.,0.));
#174=VECTOR('',#173,1.);
#175=LINE('',#172,#174);
#176=EDGE_CURVE('NONE',#164,#147,#175,.T.);
#177=ORIENTED_EDGE('NONE',*,*,#176,.T.);
#178=EDGE_LOOP('NONE',(#154,#162,#171,#177));
#179=FACE_BOUND('',#178,.T.);
#180=ADVANCED_FACE('NONE',(#179),#143,.F.);
#181=CARTESIAN_POINT('',(-0.,1.,168.75));
#182=DIRECTION('',(0.,1.,0.));
#183=DIRECTION('',(0.,-0.,1.));
#184=AXIS2_PLACEMENT_3D('',#181,#182,#183);
#185=CYLINDRICAL_SURFACE('',#184,4.2);
#186=CARTESIAN_POINT('',(-0.,0.,172.95));
#187=VERTEX_POINT('NONE',#186);
#188=CARTESIAN_POINT('',(4.2,0.,168.75));
#189=VERTEX_POINT('NONE',#188);
#190=CARTESIAN_POINT('',(-0.,0.,168.75));
#191=DIRECTION('',(-0.,1.,0.));
#192=DIRECTION('',(-1.,-0.,0.));
#193=AXIS2_PLACEMENT_3D('',#190,#191,#192);
#194=CIRCLE('',#193,4.2);
#195=EDGE_CURVE('NONE',#187,#189,#194,.T.);
#196=ORIENTED_EDGE('NONE',*,*,#195,.F.);
#197=CARTESIAN_POINT('',(-0.,1.,172.95));
#198=VERTEX_POINT('NONE',#197);
#199=CARTESIAN_POINT('',(-0.,0.,172.95));
#200=DIRECTION('',(0.,1.,0.));
#201=VECTOR('',#200,1.);
#202=LINE('',#199,#201);
#203=EDGE_CURVE('NONE',#187,#198,#202,.T.);
#204=ORIENTED_EDGE('NONE',*,*,#203,.T.);
#205=CARTESIAN_POINT('',(4.2,1.,168.75));
#206=VERTEX_POINT('NONE',#205);
#207=CARTESIAN_POINT('',(-0.,1.,168.75));
#208=DIRECTION('',(0.,1.,0.));
#209=DIRECTION('',(0.,-0.,1.));
#210=AXIS2_PLACEMENT_3D('',#207,#208,#209);
#211=CIRCLE('',#210,4.2);
#212=EDGE_CURVE('NONE',#198,#206,#211,.T.);
#213=ORIENTED_EDGE('NONE',*,*,#212,.T.);
#214=CARTESIAN_POINT('',(4.2,1.,168.75));
#215=DIRECTION('',(0.,-1.,0.));
#216=VECTOR('',#215,1.);
#217=LINE('',#214,#216);
#218=EDGE_CURVE('NONE',#206,#189,#217,.T.);
#219=ORIENTED_EDGE('NONE',*,*,#218,.T.);
#220=EDGE_LOOP('NONE',(#196,#204,#213,#219));
#221=FACE_BOUND('',#220,.T.);
#222=ADVANCED_FACE('NONE',(#221),#185,.F.);
#223=CARTESIAN_POINT('',(-0.,1.,213.75));
#224=DIRECTION('',(0.,1.,0.));
#225=DIRECTION('',(0.,-0.,1.));
#226=AXIS2_PLACEMENT_3D('',#223,#224,#225);
#227=CYLINDRICAL_SURFACE('',#226,4.2);
#228=CARTESIAN_POINT('',(-0.,0.,217.95));
#229=VERTEX_POINT('NONE',#228);
#230=CARTESIAN_POINT('',(4.2,0.,213.75));
#231=VERTEX_POINT('NONE',#230);
#232=CARTESIAN_POINT('',(-0.,0.,213.75));
#233=DIRECTION('',(-0.,1.,0.));
#234=DIRECTION('',(-1.,-0.,0.));
#235=AXIS2_PLACEMENT_3D('',#232,#233,#234);
#236=CIRCLE('',#235,4.2);
#237=EDGE_CURVE('NONE',#229,#231,#236,.T.);
#238=ORIENTED_EDGE('NONE',*,*,#237,.F.);
#239=CARTESIAN_POINT('',(-0.,1.,217.95));
#240=VERTEX_POINT('NONE',#239);
#241=CARTESIAN_POINT('',(-0.,0.,217.95));
#242=DIRECTION('',(0.,1.,0.));
#243=VECTOR('',#242,1.);
#244=LINE('',#241,#243);
#245=EDGE_CURVE('NONE',#229,#240,#244,.T.);
#246=ORIENTED_EDGE('NONE',*,*,#245,.T.);
#247=CARTESIAN_POINT('',(4.2,1.,213.75));
#248=VERTEX_POINT('NONE',#247);
#249=CARTESIAN_POINT('',(-0.,1.,213.75));
#250=DIRECTION('',(0.,1.,0.));
#251=DIRECTION('',(0.,-0.,1.));
#252=AXIS2_PLACEMENT_3D('',#249,#250,#251);
#253=CIRCLE('',#252,4.2);
#254=EDGE_CURVE('NONE',#240,#248,#253,.T.);
#255=ORIENTED_EDGE('NONE',*,*,#254,.T.);
#256=CARTESIAN_POINT('',(4.2,1.,213.75));
#257=DIRECTION('',(0.,-1.,0.));
#258=VECTOR('',#257,1.);
#259=LINE('',#256,#258);
#260=EDGE_CURVE('NONE',#248,#231,#259,.T.);
#261=ORIENTED_EDGE('NONE',*,*,#260,.T.);
#262=EDGE_LOOP('NONE',(#238,#246,#255,#261));
#263=FACE_BOUND('',#262,.T.);
#264=ADVANCED_FACE('NONE',(#263),#227,.F.);
#265=CARTESIAN_POINT('',(-0.,1.,258.75));
#266=DIRECTION('',(0.,1.,0.));
#267=DIRECTION('',(0.,-0.,1.));
#268=AXIS2_PLACEMENT_3D('',#265,#266,#267);
#269=CYLINDRICAL_SURFACE('',#268,4.2);
#270=CARTESIAN_POINT('',(-0.,0.,262.95));
#271=VERTEX_POINT('NONE',#270);
#272=CARTESIAN_POINT('',(4.2,0.,258.75));
#273=VERTEX_POINT('NONE',#272);
#274=CARTESIAN_POINT('',(-0.,0.,258.75));
#275=DIRECTION('',(-0.,1.,0.));
#276=DIRECTION('',(-1.,-0.,0.));
#277=AXIS2_PLACEMENT_3D('',#274,#275,#276);
#278=CIRCLE('',#277,4.2);
#279=EDGE_CURVE('NONE',#271,#273,#278,.T.);
#280=ORIENTED_EDGE('NONE',*,*,#279,.F.);
#281=CARTESIAN_POINT('',(-0.,1.,262.95));
#282=VERTEX_POINT('NONE',#281);
#283=CARTESIAN_POINT('',(-0.,0.,262.95));
#284=DIRECTION('',(0.,1.,0.));
#285=VECTOR('',#284,1.);
#286=LINE('',#283,#285);
#287=EDGE_CURVE('NONE',#271,#282,#286,.T.);
#288=ORIENTED_EDGE('NONE',*,*,#287,.T.);
#289=CARTESIAN_POINT('',(4.2,1.,258.75));
#290=VERTEX_POINT('NONE',#289);
#291=CARTESIAN_POINT('',(-0.,1.,258.75));
#292=DIRECTION('',(0.,1.,0.));
#293=DIRECTION('',(0.,-0.,1.));
#294=AXIS2_PLACEMENT_3D('',#291,#292,#293);
#295=CIRCLE('',#294,4.2);
#296=EDGE_CURVE('NONE',#282,#290,#295,.T.);
#297=ORIENTED_EDGE('NONE',*,*,#296,.T.);
#298=CARTESIAN_POINT('',(4.2,1.,258.75));
#299=DIRECTION('',(0.,-1.,0.));
#300=VECTOR('',#299,1.);
#301=LINE('',#298,#300);
#302=EDGE_CURVE('NONE',#290,#273,#301,.T.);
#303=ORIENTED_EDGE('NONE',*,*,#302,.T.);
#304=EDGE_LOOP('NONE',(#280,#288,#297,#303));
#305=FACE_BOUND('',#304,.T.);
#306=ADVANCED_FACE('NONE',(#305),#269,.F.);
#307=CARTESIAN_POINT('',(-0.,1.,303.75));
#308=DIRECTION('',(0.,1.,0.));
#309=DIRECTION('',(0.,-0.,1.));
#310=AXIS2_PLACEMENT_3D('',#307,#308,#309);
#311=CYLINDRICAL_SURFACE('',#310,4.2);
#312=CARTESIAN_POINT('',(-0.,0.,307.95));
#313=VERTEX_POINT('NONE',#312);
#314=CARTESIAN_POINT('',(4.2,0.,303.75));
#315=VERTEX_POINT('NONE',#314);
#316=CARTESIAN_POINT('',(-0.,0.,303.75));
#317=DIRECTION('',(-0.,1.,0.));
#318=DIRECTION('',(-1.,-0.,0.));
#319=AXIS2_PLACEMENT_3D('',#316,#317,#318);
#320=CIRCLE('',#319,4.2);
#321=EDGE_CURVE('NONE',#313,#315,#320,.T.);
#322=ORIENTED_EDGE('NONE',*,*,#321,.F.);
#323=CARTESIAN_POINT('',(-0.,1.,307.95));
#324=VERTEX_POINT('NONE',#323);
#325=CARTESIAN_POINT('',(-0.,0.,307.95));
#326=DIRECTION('',(0.,1.,0.));
#327=VECTOR('',#326,1.);
#328=LINE('',#325,#327);
#329=EDGE_CURVE('NONE',#313,#324,#328,.T.);
#330=ORIENTED_EDGE('NONE',*,*,#329,.T.);
#331=CARTESIAN_POINT('',(4.2,1.,303.75));
#332=VERTEX_POINT('NONE',#331);
#333=CARTESIAN_POINT('',(-0.,1.,303.75));
#334=DIRECTION('',(0.,1.,0.));
#335=DIRECTION('',(0.,-0.,1.));
#336=AXIS2_PLACEMENT_3D('',#333,#334,#335);
#337=CIRCLE('',#336,4.2);
#338=EDGE_CURVE('NONE',#324,#332,#337,.T.);
#339=ORIENTED_EDGE('NONE',*,*,#338,.T.);
#340=CARTESIAN_POINT('',(4.2,1.,303.75));
#341=DIRECTION('',(0.,-1.,0.));
#342=VECTOR('',#341,1.);
#343=LINE('',#340,#342);
#344=EDGE_CURVE('NONE',#332,#315,#343,.T.);
#345=ORIENTED_EDGE('NONE',*,*,#344,.T.);
#346=EDGE_LOOP('NONE',(#322,#330,#339,#345));
#347=FACE_BOUND('',#346,.T.);
#348=ADVANCED_FACE('NONE',(#347),#311,.F.);
#349=CARTESIAN_POINT('',(-0.,1.,348.75));
#350=DIRECTION('',(0.,1.,0.));
#351=DIRECTION('',(0.,-0.,1.));
#352=AXIS2_PLACEMENT_3D('',#349,#350,#351);
#353=CYLINDRICAL_SURFACE('',#352,4.2);
#354=CARTESIAN_POINT('',(-0.,0.,352.95));
#355=VERTEX_POINT('NONE',#354);
#356=CARTESIAN_POINT('',(4.2,0.,348.75));
#357=VERTEX_POINT('NONE',#356);
#358=CARTESIAN_POINT('',(-0.,0.,348.75));
#359=DIRECTION('',(-0.,1.,0.));
#360=DIRECTION('',(-1.,-0.,0.));
#361=AXIS2_PLACEMENT_3D('',#358,#359,#360);
#362=CIRCLE('',#361,4.2);
#363=EDGE_CURVE('NONE',#355,#357,#362,.T.);
#364=ORIENTED_EDGE('NONE',*,*,#363,.F.);
#365=CARTESIAN_POINT('',(-0.,1.,352.95));
#366=VERTEX_POINT('NONE',#365);
#367=CARTESIAN_POINT('',(-0.,0.,352.95));
#368=DIRECTION('',(0.,1.,0.));
#369=VECTOR('',#368,1.);
#370=LINE('',#367,#369);
#371=EDGE_CURVE('NONE',#355,#366,#370,.T.);
#372=ORIENTED_EDGE('NONE',*,*,#371,.T.);
#373=CARTESIAN_POINT('',(4.2,1.,348.75));
#374=VERTEX_POINT('NONE',#373);
#375=CARTESIAN_POINT('',(-0.,1.,348.75));
#376=DIRECTION('',(0.,1.,0.));
#377=DIRECTION('',(0.,-0.,1.));
#378=AXIS2_PLACEMENT_3D('',#375,#376,#377);
#379=CIRCLE('',#378,4.2);
#380=EDGE_CURVE('NONE',#366,#374,#379,.T.);
#381=ORIENTED_EDGE('NONE',*,*,#380,.T.);
#382=CARTESIAN_POINT('',(4.2,1.,348.75));
#383=DIRECTION('',(0.,-1.,0.));
#384=VECTOR('',#383,1.);
#385=LINE('',#382,#384);
#386=EDGE_CURVE('NONE',#374,#357,#385,.T.);
#387=ORIENTED_EDGE('NONE',*,*,#386,.T.);
#388=EDGE_LOOP('NONE',(#364,#372,#381,#387));
#389=FACE_BOUND('',#388,.T.);
#390=ADVANCED_FACE('NONE',(#389),#353,.F.);
#391=CARTESIAN_POINT('',(-0.,1.,393.75));
#392=DIRECTION('',(0.,1.,0.));
#393=DIRECTION('',(0.,-0.,1.));
#394=AXIS2_PLACEMENT_3D('',#391,#392,#393);
#395=CYLINDRICAL_SURFACE('',#394,4.2);
#396=CARTESIAN_POINT('',(-0.,0.,397.95));
#397=VERTEX_POINT('NONE',#396);
#398=CARTESIAN_POINT('',(4.2,0.,393.75));
#399=VERTEX_POINT('NONE',#398);
#400=CARTESIAN_POINT('',(-0.,0.,393.75));
#401=DIRECTION('',(-0.,1.,0.));
#402=DIRECTION('',(-1.,-0.,0.));
#403=AXIS2_PLACEMENT_3D('',#400,#401,#402);
#404=CIRCLE('',#403,4.2);
#405=EDGE_CURVE('NONE',#397,#399,#404,.T.);
#406=ORIENTED_EDGE('NONE',*,*,#405,.F.);
#407=CARTESIAN_POINT('',(-0.,1.,397.95));
#408=VERTEX_POINT('NONE',#407);
#409=CARTESIAN_POINT('',(-0.,0.,397.95));
#410=DIRECTION('',(0.,1.,0.));
#411=VECTOR('',#410,1.);
#412=LINE('',#409,#411);
#413=EDGE_CURVE('NONE',#397,#408,#412,.T.);
#414=ORIENTED_EDGE('NONE',*,*,#413,.T.);
#415=CARTESIAN_POINT('',(4.2,1.,393.75));
#416=VERTEX_POINT('NONE',#415);
#417=CARTESIAN_POINT('',(-0.,1.,393.75));
#418=DIRECTION('',(0.,1.,0.));
#419=DIRECTION('',(0.,-0.,1.));
#420=AXIS2_PLACEMENT_3D('',#417,#418,#419);
#421=CIRCLE('',#420,4.2);
#422=EDGE_CURVE('NONE',#408,#416,#421,.T.);
#423=ORIENTED_EDGE('NONE',*,*,#422,.T.);
#424=CARTESIAN_POINT('',(4.2,1.,393.75));
#425=DIRECTION('',(0.,-1.,0.));
#426=VECTOR('',#425,1.);
#427=LINE('',#424,#426);
#428=EDGE_CURVE('NONE',#416,#399,#427,.T.);
#429=ORIENTED_EDGE('NONE',*,*,#428,.T.);
#430=EDGE_LOOP('NONE',(#406,#414,#423,#429));
#431=FACE_BOUND('',#430,.T.);
#432=ADVANCED_FACE('NONE',(#431),#395,.F.);
#433=CARTESIAN_POINT('',(-0.,1.,438.75));
#434=DIRECTION('',(0.,1.,0.));
#435=DIRECTION('',(0.,-0.,1.));
#436=AXIS2_PLACEMENT_3D('',#433,#434,#435);
#437=CYLINDRICAL_SURFACE('',#436,4.2);
#438=CARTESIAN_POINT('',(-0.,0.,442.95));
#439=VERTEX_POINT('NONE',#438);
#440=CARTESIAN_POINT('',(4.2,0.,438.75));
#441=VERTEX_POINT('NONE',#440);
#442=CARTESIAN_POINT('',(-0.,0.,438.75));
#443=DIRECTION('',(-0.,1.,0.));
#444=DIRECTION('',(-1.,-0.,0.));
#445=AXIS2_PLACEMENT_3D('',#442,#443,#444);
#446=CIRCLE('',#445,4.2);
#447=EDGE_CURVE('NONE',#439,#441,#446,.T.);
#448=ORIENTED_EDGE('NONE',*,*,#447,.F.);
#449=CARTESIAN_POINT('',(-0.,1.,442.95));
#450=VERTEX_POINT('NONE',#449);
#451=CARTESIAN_POINT('',(-0.,0.,442.95));
#452=DIRECTION('',(0.,1.,0.));
#453=VECTOR('',#452,1.);
#454=LINE('',#451,#453);
#455=EDGE_CURVE('NONE',#439,#450,#454,.T.);
#456=ORIENTED_EDGE('NONE',*,*,#455,.T.);
#457=CARTESIAN_POINT('',(4.2,1.,438.75));
#458=VERTEX_POINT('NONE',#457);
#459=CARTESIAN_POINT('',(-0.,1.,438.75));
#460=DIRECTION('',(0.,1.,0.));
#461=DIRECTION('',(0.,-0.,1.));
#462=AXIS2_PLACEMENT_3D('',#459,#460,#461);
#463=CIRCLE('',#462,4.2);
#464=EDGE_CURVE('NONE',#450,#458,#463,.T.);
#465=ORIENTED_EDGE('NONE',*,*,#464,.T.);
#466=CARTESIAN_POINT('',(4.2,1.,438.75));
#467=DIRECTION('',(0.,-1.,0.));
#468=VECTOR('',#467,1.);
#469=LINE('',#466,#468);
#470=EDGE_CURVE('NONE',#458,#441,#469,.T.);
#471=ORIENTED_EDGE('NONE',*,*,#470,.T.);
#472=EDGE_LOOP('NONE',(#448,#456,#465,#471));
#473=FACE_BOUND('',#472,.T.);
#474=ADVANCED_FACE('NONE',(#473),#437,.F.);
#475=CARTESIAN_POINT('',(-0.,1.,483.75));
#476=DIRECTION('',(0.,1.,0.));
#477=DIRECTION('',(0.,-0.,1.));
#478=AXIS2_PLACEMENT_3D('',#475,#476,#477);
#479=CYLINDRICAL_SURFACE('',#478,4.2);
#480=CARTESIAN_POINT('',(-0.,0.,487.95));
#481=VERTEX_POINT('NONE',#480);
#482=CARTESIAN_POINT('',(4.2,0.,483.75));
#483=VERTEX_POINT('NONE',#482);
#484=CARTESIAN_POINT('',(-0.,0.,483.75));
#485=DIRECTION('',(-0.,1.,0.));
#486=DIRECTION('',(-1.,-0.,0.));
#487=AXIS2_PLACEMENT_3D('',#484,#485,#486);
#488=CIRCLE('',#487,4.2);
#489=EDGE_CURVE('NONE',#481,#483,#488,.T.);
#490=ORIENTED_EDGE('NONE',*,*,#489,.F.);
#491=CARTESIAN_POINT('',(-0.,1.,487.95));
#492=VERTEX_POINT('NONE',#491);
#493=CARTESIAN_POINT('',(-0.,0.,487.95));
#494=DIRECTION('',(0.,1.,0.));
#495=VECTOR('',#494,1.);
#496=LINE('',#493,#495);
#497=EDGE_CURVE('NONE',#481,#492,#496,.T.);
#498=ORIENTED_EDGE('NONE',*,*,#497,.T.);
#499=CARTESIAN_POINT('',(4.2,1.,483.75));
#500=VERTEX_POINT('NONE',#499);
#501=CARTESIAN_POINT('',(-0.,1.,483.75));
#502=DIRECTION('',(0.,1.,0.));
#503=DIRECTION('',(0.,-0.,1.));
#504=AXIS2_PLACEMENT_3D('',#501,#502,#503);
#505=CIRCLE('',#504,4.2);
#506=EDGE_CURVE('NONE',#492,#500,#505,.T.);
#507=ORIENTED_EDGE('NONE',*,*,#506,.T.);
#508=CARTESIAN_POINT('',(4.2,1.,483.75));
#509=DIRECTION('',(0.,-1.,0.));
#510=VECTOR('',#509,1.);
#511=LINE('',#508,#510);
#512=EDGE_CURVE('NONE',#500,#483,#511,.T.);
#513=ORIENTED_EDGE('NONE',*,*,#512,.T.);
#514=EDGE_LOOP('NONE',(#490,#498,#507,#513));
#515=FACE_BOUND('',#514,.T.);
#516=ADVANCED_FACE('NONE',(#515),#479,.F.);
#517=CARTESIAN_POINT('',(-0.,1.,528.75));
#518=DIRECTION('',(0.,1.,0.));
#519=DIRECTION('',(0.,-0.,1.));
#520=AXIS2_PLACEMENT_3D('',#517,#518,#519);
#521=CYLINDRICAL_SURFACE('',#520,4.2);
#522=CARTESIAN_POINT('',(-0.,0.,532.95));
#523=VERTEX_POINT('NONE',#522);
#524=CARTESIAN_POINT('',(4.2,0.,528.75));
#525=VERTEX_POINT('NONE',#524);
#526=CARTESIAN_POINT('',(-0.,0.,528.75));
#527=DIRECTION('',(-0.,1.,0.));
#528=DIRECTION('',(-1.,-0.,0.));
#529=AXIS2_PLACEMENT_3D('',#526,#527,#528);
#530=CIRCLE('',#529,4.2);
#531=EDGE_CURVE('NONE',#523,#525,#530,.T.);
#532=ORIENTED_EDGE('NONE',*,*,#531,.F.);
#533=CARTESIAN_POINT('',(-0.,1.,532.95));
#534=VERTEX_POINT('NONE',#533);
#535=CARTESIAN_POINT('',(-0.,0.,532.95));
#536=DIRECTION('',(0.,1.,0.));
#537=VECTOR('',#536,1.);
#538=LINE('',#535,#537);
#539=EDGE_CURVE('NONE',#523,#534,#538,.T.);
#540=ORIENTED_EDGE('NONE',*,*,#539,.T.);
#541=CARTESIAN_POINT('',(4.2,1.,528.75));
#542=VERTEX_POINT('NONE',#541);
#543=CARTESIAN_POINT('',(-0.,1.,528.75));
#544=DIRECTION('',(0.,1.,0.));
#545=DIRECTION('',(0.,-0.,1.));
#546=AXIS2_PLACEMENT_3D('',#543,#544,#545);
#547=CIRCLE('',#546,4.2);
#548=EDGE_CURVE('NONE',#534,#542,#547,.T.);
#549=ORIENTED_EDGE('NONE',*,*,#548,.T.);
#550=CARTESIAN_POINT('',(4.2,1.,528.75));
#551=DIRECTION('',(0.,-1.,0.));
#552=VECTOR('',#551,1.);
#553=LINE('',#550,#552);
#554=EDGE_CURVE('NONE',#542,#525,#553,.T.);
#555=ORIENTED_EDGE('NONE',*,*,#554,.T.);
#556=EDGE_LOOP('NONE',(#532,#540,#549,#555));
#557=FACE_BOUND('',#556,.T.);
#558=ADVANCED_FACE('NONE',(#557),#521,.F.);
#559=CARTESIAN_POINT('',(-0.,1.,573.75));
#560=DIRECTION('',(0.,1.,0.));
#561=DIRECTION('',(0.,-0.,1.));
#562=AXIS2_PLACEMENT_3D('',#559,#560,#561);
#563=CYLINDRICAL_SURFACE('',#562,4.2);
#564=CARTESIAN_POINT('',(-0.,0.,577.95));
#565=VERTEX_POINT('NONE',#564);
#566=CARTESIAN_POINT('',(4.2,0.,573.75));
#567=VERTEX_POINT('NONE',#566);
#568=CARTESIAN_POINT('',(-0.,0.,573.75));
#569=DIRECTION('',(-0.,1.,0.));
#570=DIRECTION('',(-1.,-0.,0.));
#571=AXIS2_PLACEMENT_3D('',#568,#569,#570);
#572=CIRCLE('',#571,4.2);
#573=EDGE_CURVE('NONE',#565,#567,#572,.T.);
#574=ORIENTED_EDGE('NONE',*,*,#573,.F.);
#575=CARTESIAN_POINT('',(-0.,1.,577.95));
#576=VERTEX_POINT('NONE',#575);
#577=CARTESIAN_POINT('',(-0.,0.,577.95));
#578=DIRECTION('',(0.,1.,0.));
#579=VECTOR('',#578,1.);
#580=LINE('',#577,#579);
#581=EDGE_CURVE('NONE',#565,#576,#580,.T.);
#582=ORIENTED_EDGE('NONE',*,*,#581,.T.);
#583=CARTESIAN_POINT('',(4.2,1.,573.75));
#584=VERTEX_POINT('NONE',#583);
#585=CARTESIAN_POINT('',(-0.,1.,573.75));
#586=DIRECTION('',(0.,1.,0.));
#587=DIRECTION('',(0.,-0.,1.));
#588=AXIS2_PLACEMENT_3D('',#585,#586,#587);
#589=CIRCLE('',#588,4.2);
#590=EDGE_CURVE('NONE',#576,#584,#589,.T.);
#591=ORIENTED_EDGE('NONE',*,*,#590,.T.);
#592=CARTESIAN_POINT('',(4.2,1.,573.75));
#593=DIRECTION('',(0.,-1.,0.));
#594=VECTOR('',#593,1.);
#595=LINE('',#592,#594);
#596=EDGE_CURVE('NONE',#584,#567,#595,.T.);
#597=ORIENTED_EDGE('NONE',*,*,#596,.T.);
#598=EDGE_LOOP('NONE',(#574,#582,#591,#597));
#599=FACE_BOUND('',#598,.T.);
#600=ADVANCED_FACE('NONE',(#599),#563,.F.);
#601=CARTESIAN_POINT('',(-0.,1.,618.75));
#602=DIRECTION('',(0.,1.,0.));
#603=DIRECTION('',(0.,-0.,1.));
#604=AXIS2_PLACEMENT_3D('',#601,#602,#603);
#605=CYLINDRICAL_SURFACE('',#604,4.2);
#606=CARTESIAN_POINT('',(-0.,0.,622.95));
#607=VERTEX_POINT('NONE',#606);
#608=CARTESIAN_POINT('',(4.2,0.,618.75));
#609=VERTEX_POINT('NONE',#608);
#610=CARTESIAN_POINT('',(-0.,0.,618.75));
#611=DIRECTION('',(-0.,1.,0.));
#612=DIRECTION('',(-1.,-0.,0.));
#613=AXIS2_PLACEMENT_3D('',#610,#611,#612);
#614=CIRCLE('',#613,4.2);
#615=EDGE_CURVE('NONE',#607,#609,#614,.T.);
#616=ORIENTED_EDGE('NONE',*,*,#615,.F.);
#617=CARTESIAN_POINT('',(-0.,1.,622.95));
#618=VERTEX_POINT('NONE',#617);
#619=CARTESIAN_POINT('',(-0.,0.,622.95));
#620=DIRECTION('',(0.,1.,0.));
#621=VECTOR('',#620,1.);
#622=LINE('',#619,#621);
#623=EDGE_CURVE('NONE',#607,#618,#622,.T.);
#624=ORIENTED_EDGE('NONE',*,*,#623,.T.);
#625=CARTESIAN_POINT('',(4.2,1.,618.75));
#626=VERTEX_POINT('NONE',#625);
#627=CARTESIAN_POINT('',(-0.,1.,618.75));
#628=DIRECTION('',(0.,1.,0.));
#629=DIRECTION('',(0.,-0.,1.));
#630=AXIS2_PLACEMENT_3D('',#627,#628,#629);
#631=CIRCLE('',#630,4.2);
#632=EDGE_CURVE('NONE',#618,#626,#631,.T.);
#633=ORIENTED_EDGE('NONE',*,*,#632,.T.);
#634=CARTESIAN_POINT('',(4.2,1.,618.75));
#635=DIRECTION('',(0.,-1.,0.));
#636=VECTOR('',#635,1.);
#637=LINE('',#634,#636);
#638=EDGE_CURVE('NONE',#626,#609,#637,.T.);
#639=ORIENTED_EDGE('NONE',*,*,#638,.T.);
#640=EDGE_LOOP('NONE',(#616,#624,#633,#639));
#641=FACE_BOUND('',#640,.T.);
#642=ADVANCED_FACE('NONE',(#641),#605,.F.);
#643=CARTESIAN_POINT('',(-0.,1.,663.75));
#644=DIRECTION('',(0.,1.,0.));
#645=DIRECTION('',(0.,-0.,1.));
#646=AXIS2_PLACEMENT_3D('',#643,#644,#645);
#647=CYLINDRICAL_SURFACE('',#646,4.2);
#648=CARTESIAN_POINT('',(-0.,0.,667.95));
#649=VERTEX_POINT('NONE',#648);
#650=CARTESIAN_POINT('',(4.2,0.,663.75));
#651=VERTEX_POINT('NONE',#650);
#652=CARTESIAN_POINT('',(-0.,0.,663.75));
#653=DIRECTION('',(-0.,1.,0.));
#654=DIRECTION('',(-1.,-0.,0.));
#655=AXIS2_PLACEMENT_3D('',#652,#653,#654);
#656=CIRCLE('',#655,4.2);
#657=EDGE_CURVE('NONE',#649,#651,#656,.T.);
#658=ORIENTED_EDGE('NONE',*,*,#657,.F.);
#659=CARTESIAN_POINT('',(-0.,1.,667.95));
#660=VERTEX_POINT('NONE',#659);
#661=CARTESIAN_POINT('',(-0.,0.,667.95));
#662=DIRECTION('',(0.,1.,0.));
#663=VECTOR('',#662,1.);
#664=LINE('',#661,#663);
#665=EDGE_CURVE('NONE',#649,#660,#664,.T.);
#666=ORIENTED_EDGE('NONE',*,*,#665,.T.);
#667=CARTESIAN_POINT('',(4.2,1.,663.75));
#668=VERTEX_POINT('NONE',#667);
#669=CARTESIAN_POINT('',(-0.,1.,663.75));
#670=DIRECTION('',(0.,1.,0.));
#671=DIRECTION('',(0.,-0.,1.));
#672=AXIS2_PLACEMENT_3D('',#669,#670,#671);
#673=CIRCLE('',#672,4.2);
#674=EDGE_CURVE('NONE',#660,#668,#673,.T.);
#675=ORIENTED_EDGE('NONE',*,*,#674,.T.);
#676=CARTESIAN_POINT('',(4.2,1.,663.75));
#677=DIRECTION('',(0.,-1.,0.));
#678=VECTOR('',#677,1.);
#679=LINE('',#676,#678);
#680=EDGE_CURVE('NONE',#668,#651,#679,.T.);
#681=ORIENTED_EDGE('NONE',*,*,#680,.T.);
#682=EDGE_LOOP('NONE',(#658,#666,#675,#681));
#683=FACE_BOUND('',#682,.T.);
#684=ADVANCED_FACE('NONE',(#683),#647,.F.);
#685=CARTESIAN_POINT('',(-0.,1.,708.75));
#686=DIRECTION('',(0.,1.,0.));
#687=DIRECTION('',(0.,-0.,1.));
#688=AXIS2_PLACEMENT_3D('',#685,#686,#687);
#689=CYLINDRICAL_SURFACE('',#688,4.2);
#690=CARTESIAN_POINT('',(-0.,0.,712.95));
#691=VERTEX_POINT('NONE',#690);
#692=CARTESIAN_POINT('',(4.2,0.,708.75));
#693=VERTEX_POINT('NONE',#692);
#694=CARTESIAN_POINT('',(-0.,0.,708.75));
#695=DIRECTION('',(-0.,1.,0.));
#696=DIRECTION('',(-1.,-0.,0.));
#697=AXIS2_PLACEMENT_3D('',#694,#695,#696);
#698=CIRCLE('',#697,4.2);
#699=EDGE_CURVE('NONE',#691,#693,#698,.T.);
#700=ORIENTED_EDGE('NONE',*,*,#699,.F.);
#701=CARTESIAN_POINT('',(-0.,1.,712.95));
#702=VERTEX_POINT('NONE',#701);
#703=CARTESIAN_POINT('',(-0.,0.,712.95));
#704=DIRECTION('',(0.,1.,0.));
#705=VECTOR('',#704,1.);
#706=LINE('',#703,#705);
#707=EDGE_CURVE('NONE',#691,#702,#706,.T.);
#708=ORIENTED_EDGE('NONE',*,*,#707,.T.);
#709=CARTESIAN_POINT('',(4.2,1.,708.75));
#710=VERTEX_POINT('NONE',#709);
#711=CARTESIAN_POINT('',(-0.,1.,708.75));
#712=DIRECTION('',(0.,1.,0.));
#713=DIRECTION('',(0.,-0.,1.));
#714=AXIS2_PLACEMENT_3D('',#711,#712,#713);
#715=CIRCLE('',#714,4.2);
#716=EDGE_CURVE('NONE',#702,#710,#715,.T.);
#717=ORIENTED_EDGE('NONE',*,*,#716,.T.);
#718=CARTESIAN_POINT('',(4.2,1.,708.75));
#719=DIRECTION('',(0.,-1.,0.));
#720=VECTOR('',#719,1.);
#721=LINE('',#718,#720);
#722=EDGE_CURVE('NONE',#710,#693,#721,.T.);
#723=ORIENTED_EDGE('NONE',*,*,#722,.T.);
#724=EDGE_LOOP('NONE',(#700,#708,#717,#723));
#725=FACE_BOUND('',#724,.T.);
#726=ADVANCED_FACE('NONE',(#725),#689,.F.);
#727=CARTESIAN_POINT('',(-0.,1.,753.75));
#728=DIRECTION('',(0.,1.,0.));
#729=DIRECTION('',(0.,-0.,1.));
#730=AXIS2_PLACEMENT_3D('',#727,#728,#729);
#731=CYLINDRICAL_SURFACE('',#730,4.2);
#732=CARTESIAN_POINT('',(-0.,0.,757.95));
#733=VERTEX_POINT('NONE',#732);
#734=CARTESIAN_POINT('',(4.2,0.,753.75));
#735=VERTEX_POINT('NONE',#734);
#736=CARTESIAN_POINT('',(-0.,0.,753.75));
#737=DIRECTION('',(-0.,1.,0.));
#738=DIRECTION('',(-1.,-0.,0.));
#739=AXIS2_PLACEMENT_3D('',#736,#737,#738);
#740=CIRCLE('',#739,4.2);
#741=EDGE_CURVE('NONE',#733,#735,#740,.T.);
#742=ORIENTED_EDGE('NONE',*,*,#741,.F.);
#743=CARTESIAN_POINT('',(-0.,1.,757.95));
#744=VERTEX_POINT('NONE',#743);
#745=CARTESIAN_POINT('',(-0.,0.,757.95));
#746=DIRECTION('',(0.,1.,0.));
#747=VECTOR('',#746,1.);
#748=LINE('',#745,#747);
#749=EDGE_CURVE('NONE',#733,#744,#748,.T.);
#750=ORIENTED_EDGE('NONE',*,*,#749,.T.);
#751=CARTESIAN_POINT('',(4.2,1.,753.75));
#752=VERTEX_POINT('NONE',#751);
#753=CARTESIAN_POINT('',(-0.,1.,753.75));
#754=DIRECTION('',(0.,1.,0.));
#755=DIRECTION('',(0.,-0.,1.));
#756=AXIS2_PLACEMENT_3D('',#753,#754,#755);
#757=CIRCLE('',#756,4.2);
#758=EDGE_CURVE('NONE',#744,#752,#757,.T.);
#759=ORIENTED_EDGE('NONE',*,*,#758,.T.);
#760=CARTESIAN_POINT('',(4.2,1.,753.75));
#761=DIRECTION('',(0.,-1.,0.));
#762=VECTOR('',#761,1.);
#763=LINE('',#760,#762);
#764=EDGE_CURVE('NONE',#752,#735,#763,.T.);
#765=ORIENTED_EDGE('NONE',*,*,#764,.T.);
#766=EDGE_LOOP('NONE',(#742,#750,#759,#765));
#767=FACE_BOUND('',#766,.T.);
#768=ADVANCED_FACE('NONE',(#767),#731,.F.);
#769=CARTESIAN_POINT('',(-0.,1.,798.75));
#770=DIRECTION('',(0.,1.,0.));
#771=DIRECTION('',(0.,-0.,1.));
#772=AXIS2_PLACEMENT_3D('',#769,#770,#771);
#773=CYLINDRICAL_SURFACE('',#772,4.2);
#774=CARTESIAN_POINT('',(-0.,0.,802.95));
#775=VERTEX_POINT('NONE',#774);
#776=CARTESIAN_POINT('',(4.2,0.,798.75));
#777=VERTEX_POINT('NONE',#776);
#778=CARTESIAN_POINT('',(-0.,0.,798.75));
#779=DIRECTION('',(-0.,1.,0.));
#780=DIRECTION('',(-1.,-0.,0.));
#781=AXIS2_PLACEMENT_3D('',#778,#779,#780);
#782=CIRCLE('',#781,4.2);
#783=EDGE_CURVE('NONE',#775,#777,#782,.T.);
#784=ORIENTED_EDGE('NONE',*,*,#783,.F.);
#785=CARTESIAN_POINT('',(-0.,1.,802.95));
#786=VERTEX_POINT('NONE',#785);
#787=CARTESIAN_POINT('',(-0.,0.,802.95));
#788=DIRECTION('',(0.,1.,0.));
#789=VECTOR('',#788,1.);
#790=LINE('',#787,#789);
#791=EDGE_CURVE('NONE',#775,#786,#790,.T.);
#792=ORIENTED_EDGE('NONE',*,*,#791,.T.);
#793=CARTESIAN_POINT('',(4.2,1.,798.75));
#794=VERTEX_POINT('NONE',#793);
#795=CARTESIAN_POINT('',(-0.,1.,798.75));
#796=DIRECTION('',(0.,1.,0.));
#797=DIRECTION('',(0.,-0.,1.));
#798=AXIS2_PLACEMENT_3D('',#795,#796,#797);
#799=CIRCLE('',#798,4.2);
#800=EDGE_CURVE('NONE',#786,#794,#799,.T.);
#801=ORIENTED_EDGE('NONE',*,*,#800,.T.);
#802=CARTESIAN_POINT('',(4.2,1.,798.75));
#803=DIRECTION('',(0.,-1.,0.));
#804=VECTOR('',#803,1.);
#805=LINE('',#802,#804);
#806=EDGE_CURVE('NONE',#794,#777,#805,.T.);
#807=ORIENTED_EDGE('NONE',*,*,#806,.T.);
#808=EDGE_LOOP('NONE',(#784,#792,#801,#807));
#809=FACE_BOUND('',#808,.T.);
#810=ADVANCED_FACE('NONE',(#809),#773,.F.);
#811=CARTESIAN_POINT('',(-0.,1.,843.75));
#812=DIRECTION('',(0.,1.,0.));
#813=DIRECTION('',(0.,-0.,1.));
#814=AXIS2_PLACEMENT_3D('',#811,#812,#813);
#815=CYLINDRICAL_SURFACE('',#814,4.2);
#816=CARTESIAN_POINT('',(-0.,0.,847.95));
#817=VERTEX_POINT('NONE',#816);
#818=CARTESIAN_POINT('',(4.2,0.,843.75));
#819=VERTEX_POINT('NONE',#818);
#820=CARTESIAN_POINT('',(-0.,0.,843.75));
#821=DIRECTION('',(-0.,1.,0.));
#822=DIRECTION('',(-1.,-0.,0.));
#823=AXIS2_PLACEMENT_3D('',#820,#821,#822);
#824=CIRCLE('',#823,4.2);
#825=EDGE_CURVE('NONE',#817,#819,#824,.T.);
#826=ORIENTED_EDGE('NONE',*,*,#825,.F.);
#827=CARTESIAN_POINT('',(-0.,1.,847.95));
#828=VERTEX_POINT('NONE',#827);
#829=CARTESIAN_POINT('',(-0.,0.,847.95));
#830=DIRECTION('',(0.,1.,0.));
#831=VECTOR('',#830,1.);
#832=LINE('',#829,#831);
#833=EDGE_CURVE('NONE',#817,#828,#832,.T.);
#834=ORIENTED_EDGE('NONE',*,*,#833,.T.);
#835=CARTESIAN_POINT('',(4.2,1.,843.75));
#836=VERTEX_POINT('NONE',#835);
#837=CARTESIAN_POINT('',(-0.,1.,843.75));
#838=DIRECTION('',(0.,1.,0.));
#839=DIRECTION('',(0.,-0.,1.));
#840=AXIS2_PLACEMENT_3D('',#837,#838,#839);
#841=CIRCLE('',#840,4.2);
#842=EDGE_CURVE('NONE',#828,#836,#841,.T.);
#843=ORIENTED_EDGE('NONE',*,*,#842,.T.);
#844=CARTESIAN_POINT('',(4.2,1.,843.75));
#845=DIRECTION('',(0.,-1.,0.));
#846=VECTOR('',#845,1.);
#847=LINE('',#844,#846);
#848=EDGE_CURVE('NONE',#836,#819,#847,.T.);
#849=ORIENTED_EDGE('NONE',*,*,#848,.T.);
#850=EDGE_LOOP('NONE',(#826,#834,#843,#849));
#851=FACE_BOUND('',#850,.T.);
#852=ADVANCED_FACE('NONE',(#851),#815,.F.);
#853=CARTESIAN_POINT('',(-0.,1.,888.75));
#854=DIRECTION('',(0.,1.,0.));
#855=DIRECTION('',(0.,-0.,1.));
#856=AXIS2_PLACEMENT_3D('',#853,#854,#855);
#857=CYLINDRICAL_SURFACE('',#856,4.2);
#858=CARTESIAN_POINT('',(-0.,0.,892.95));
#859=VERTEX_POINT('NONE',#858);
#860=CARTESIAN_POINT('',(4.2,0.,888.75));
#861=VERTEX_POINT('NONE',#860);
#862=CARTESIAN_POINT('',(-0.,0.,888.75));
#863=DIRECTION('',(-0.,1.,0.));
#864=DIRECTION('',(-1.,-0.,0.));
#865=AXIS2_PLACEMENT_3D('',#862,#863,#864);
#866=CIRCLE('',#865,4.2);
#867=EDGE_CURVE('NONE',#859,#861,#866,.T.);
#868=ORIENTED_EDGE('NONE',*,*,#867,.F.);
#869=CARTESIAN_POINT('',(-0.,1.,892.95));
#870=VERTEX_POINT('NONE',#869);
#871=CARTESIAN_POINT('',(-0.,0.,892.95));
#872=DIRECTION('',(0.,1.,0.));
#873=VECTOR('',#872,1.);
#874=LINE('',#871,#873);
#875=EDGE_CURVE('NONE',#859,#870,#874,.T.);
#876=ORIENTED_EDGE('NONE',*,*,#875,.T.);
#877=CARTESIAN_POINT('',(4.2,1.,888.75));
#878=VERTEX_POINT('NONE',#877);
#879=CARTESIAN_POINT('',(-0.,1.,888.75));
#880=DIRECTION('',(0.,1.,0.));
#881=DIRECTION('',(0.,-0.,1.));
#882=AXIS2_PLACEMENT_3D('',#879,#880,#881);
#883=CIRCLE('',#882,4.2);
#884=EDGE_CURVE('NONE',#870,#878,#883,.T.);
#885=ORIENTED_EDGE('NONE',*,*,#884,.T.);
#886=CARTESIAN_POINT('',(4.2,1.,888.75));
#887=DIRECTION('',(0.,-1.,0.));
#888=VECTOR('',#887,1.);
#889=LINE('',#886,#888);
#890=EDGE_CURVE('NONE',#878,#861,#889,.T.);
#891=ORIENTED_EDGE('NONE',*,*,#890,.T.);
#892=EDGE_LOOP('NONE',(#868,#876,#885,#891));
#893=FACE_BOUND('',#892,.T.);
#894=ADVANCED_FACE('NONE',(#893),#857,.F.);
#895=CARTESIAN_POINT('',(-4.2,1.,866.25));
#896=DIRECTION('',(-1.,0.,0.));
#897=DIRECTION('',(0.,0.,1.));
#898=AXIS2_PLACEMENT_3D('',#895,#896,#897);
#899=PLANE('',#898);
#900=CARTESIAN_POINT('',(-4.2,0.,866.25));
#901=VERTEX_POINT('NONE',#900);
#902=CARTESIAN_POINT('',(-4.2,1.,866.25));
#903=VERTEX_POINT('NONE',#902);
#904=CARTESIAN_POINT('',(-4.2,0.,866.25));
#905=DIRECTION('',(-0.,1.,0.));
#906=VECTOR('',#905,1.);
#907=LINE('',#904,#906);
#908=EDGE_CURVE('NONE',#901,#903,#907,.T.);
#909=ORIENTED_EDGE('NONE',*,*,#908,.T.);
#910=CARTESIAN_POINT('',(-4.2,1.,888.75));
#911=VERTEX_POINT('NONE',#910);
#912=CARTESIAN_POINT('',(-4.2,1.,866.25));
#913=DIRECTION('',(-0.,-0.,1.));
#914=VECTOR('',#913,22.5);
#915=LINE('',#912,#914);
#916=EDGE_CURVE('NONE',#903,#911,#915,.T.);
#917=ORIENTED_EDGE('NONE',*,*,#916,.T.);
#918=CARTESIAN_POINT('',(-4.2,0.,888.75));
#919=VERTEX_POINT('NONE',#918);
#920=CARTESIAN_POINT('',(-4.2,1.,888.75));
#921=DIRECTION('',(0.,-1.,0.));
#922=VECTOR('',#921,1.);
#923=LINE('',#920,#922);
#924=EDGE_CURVE('NONE',#911,#919,#923,.T.);
#925=ORIENTED_EDGE('NONE',*,*,#924,.T.);
#926=CARTESIAN_POINT('',(-4.2,0.,866.25));
#927=DIRECTION('',(0.,-0.,1.));
#928=VECTOR('',#927,22.5);
#929=LINE('',#926,#928);
#930=EDGE_CURVE('NONE',#901,#919,#929,.T.);
#931=ORIENTED_EDGE('NONE',*,*,#930,.F.);
#932=EDGE_LOOP('NONE',(#909,#917,#925,#931));
#933=FACE_BOUND('',#932,.T.);
#934=ADVANCED_FACE('NONE',(#933),#899,.F.);
#935=CARTESIAN_POINT('',(-0.,1.,866.25));
#936=DIRECTION('',(0.,1.,0.));
#937=DIRECTION('',(0.,-0.,1.));
#938=AXIS2_PLACEMENT_3D('',#935,#936,#937);
#939=CYLINDRICAL_SURFACE('',#938,4.2);
#940=CARTESIAN_POINT('',(4.2,1.,866.25));
#941=VERTEX_POINT('NONE',#940);
#942=CARTESIAN_POINT('',(4.2,0.,866.25));
#943=VERTEX_POINT('NONE',#942);
#944=CARTESIAN_POINT('',(4.2,1.,866.25));
#945=DIRECTION('',(0.,-1.,0.));
#946=VECTOR('',#945,1.);
#947=LINE('',#944,#946);
#948=EDGE_CURVE('NONE',#941,#943,#947,.T.);
#949=ORIENTED_EDGE('NONE',*,*,#948,.F.);
#950=CARTESIAN_POINT('',(-0.,1.,866.25));
#951=DIRECTION('',(0.,1.,0.));
#952=DIRECTION('',(0.,-0.,1.));
#953=AXIS2_PLACEMENT_3D('',#950,#951,#952);
#954=CIRCLE('',#953,4.2);
#955=EDGE_CURVE('NONE',#941,#903,#954,.T.);
#956=ORIENTED_EDGE('NONE',*,*,#955,.T.);
#957=ORIENTED_EDGE('NONE',*,*,#908,.F.);
#958=CARTESIAN_POINT('',(-0.,0.,866.25));
#959=DIRECTION('',(-0.,1.,0.));
#960=DIRECTION('',(-1.,-0.,0.));
#961=AXIS2_PLACEMENT_3D('',#958,#959,#960);
#962=CIRCLE('',#961,4.2);
#963=EDGE_CURVE('NONE',#943,#901,#962,.T.);
#964=ORIENTED_EDGE('NONE',*,*,#963,.F.);
#965=EDGE_LOOP('NONE',(#949,#956,#957,#964));
#966=FACE_BOUND('',#965,.T.);
#967=ADVANCED_FACE('NONE',(#966),#939,.F.);
#968=CARTESIAN_POINT('',(4.2,-0.001,866.25));
#969=DIRECTION('',(-1.,0.,0.));
#970=DIRECTION('',(0.,0.,1.));
#971=AXIS2_PLACEMENT_3D('',#968,#969,#970);
#972=PLANE('',#971);
#973=CARTESIAN_POINT('',(4.2,0.,866.25));
#974=DIRECTION('',(0.,0.,1.));
#975=VECTOR('',#974,22.5);
#976=LINE('',#973,#975);
#977=EDGE_CURVE('NONE',#943,#861,#976,.T.);
#978=ORIENTED_EDGE('NONE',*,*,#977,.T.);
#979=ORIENTED_EDGE('NONE',*,*,#890,.F.);
#980=CARTESIAN_POINT('',(4.2,1.,866.25));
#981=DIRECTION('',(0.,0.,1.));
#982=VECTOR('',#981,22.5);
#983=LINE('',#980,#982);
#984=EDGE_CURVE('NONE',#941,#878,#983,.T.);
#985=ORIENTED_EDGE('NONE',*,*,#984,.F.);
#986=ORIENTED_EDGE('NONE',*,*,#948,.T.);
#987=EDGE_LOOP('NONE',(#978,#979,#985,#986));
#988=FACE_BOUND('',#987,.T.);
#989=ADVANCED_FACE('NONE',(#988),#972,.T.);
#990=CARTESIAN_POINT('',(-0.,1.,888.75));
#991=DIRECTION('',(0.,1.,0.));
#992=DIRECTION('',(0.,-0.,1.));
#993=AXIS2_PLACEMENT_3D('',#990,#991,#992);
#994=CYLINDRICAL_SURFACE('',#993,4.2);
#995=ORIENTED_EDGE('NONE',*,*,#875,.F.);
#996=CARTESIAN_POINT('',(-0.,0.,888.75));
#997=DIRECTION('',(-0.,1.,0.));
#998=DIRECTION('',(-1.,-0.,0.));
#999=AXIS2_PLACEMENT_3D('',#996,#997,#998);
#1000=CIRCLE('',#999,4.2);
#1001=EDGE_CURVE('NONE',#919,#859,#1000,.T.);
#1002=ORIENTED_EDGE('NONE',*,*,#1001,.F.);
#1003=ORIENTED_EDGE('NONE',*,*,#924,.F.);
#1004=CARTESIAN_POINT('',(-0.,1.,888.75));
#1005=DIRECTION('',(0.,1.,0.));
#1006=DIRECTION('',(0.,-0.,1.));
#1007=AXIS2_PLACEMENT_3D('',#1004,#1005,#1006);
#1008=CIRCLE('',#1007,4.2);
#1009=EDGE_CURVE('NONE',#911,#870,#1008,.T.);
#1010=ORIENTED_EDGE('NONE',*,*,#1009,.T.);
#1011=EDGE_LOOP('NONE',(#995,#1002,#1003,#1010));
#1012=FACE_BOUND('',#1011,.T.);
#1013=ADVANCED_FACE('NONE',(#1012),#994,.F.);
#1014=CARTESIAN_POINT('',(-4.2,1.,821.25));
#1015=DIRECTION('',(-1.,0.,0.));
#1016=DIRECTION('',(0.,0.,1.));
#1017=AXIS2_PLACEMENT_3D('',#1014,#1015,#1016);
#1018=PLANE('',#1017);
#1019=CARTESIAN_POINT('',(-4.2,0.,821.25));
#1020=VERTEX_POINT('NONE',#1019);
#1021=CARTESIAN_POINT('',(-4.2,1.,821.25));
#1022=VERTEX_POINT('NONE',#1021);
#1023=CARTESIAN_POINT('',(-4.2,0.,821.25));
#1024=DIRECTION('',(-0.,1.,0.));
#1025=VECTOR('',#1024,1.);
#1026=LINE('',#1023,#1025);
#1027=EDGE_CURVE('NONE',#1020,#1022,#1026,.T.);
#1028=ORIENTED_EDGE('NONE',*,*,#1027,.T.);
#1029=CARTESIAN_POINT('',(-4.2,1.,843.75));
#1030=VERTEX_POINT('NONE',#1029);
#1031=CARTESIAN_POINT('',(-4.2,1.,821.25));
#1032=DIRECTION('',(-0.,-0.,1.));
#1033=VECTOR('',#1032,22.5);
#1034=LINE('',#1031,#1033);
#1035=EDGE_CURVE('NONE',#1022,#1030,#1034,.T.);
#1036=ORIENTED_EDGE('NONE',*,*,#1035,.T.);
#1037=CARTESIAN_POINT('',(-4.2,0.,843.75));
#1038=VERTEX_POINT('NONE',#1037);
#1039=CARTESIAN_POINT('',(-4.2,1.,843.75));
#1040=DIRECTION('',(0.,-1.,0.));
#1041=VECTOR('',#1040,1.);
#1042=LINE('',#1039,#1041);
#1043=EDGE_CURVE('NONE',#1030,#1038,#1042,.T.);
#1044=ORIENTED_EDGE('NONE',*,*,#1043,.T.);
#1045=CARTESIAN_POINT('',(-4.2,0.,821.25));
#1046=DIRECTION('',(0.,-0.,1.));
#1047=VECTOR('',#1046,22.5);
#1048=LINE('',#1045,#1047);
#1049=EDGE_CURVE('NONE',#1020,#1038,#1048,.T.);
#1050=ORIENTED_EDGE('NONE',*,*,#1049,.F.);
#1051=EDGE_LOOP('NONE',(#1028,#1036,#1044,#1050));
#1052=FACE_BOUND('',#1051,.T.);
#1053=ADVANCED_FACE('NONE',(#1052),#1018,.F.);
#1054=CARTESIAN_POINT('',(-0.,1.,821.25));
#1055=DIRECTION('',(0.,1.,0.));
#1056=DIRECTION('',(0.,-0.,1.));
#1057=AXIS2_PLACEMENT_3D('',#1054,#1055,#1056);
#1058=CYLINDRICAL_SURFACE('',#1057,4.2);
#1059=CARTESIAN_POINT('',(4.2,1.,821.25));
#1060=VERTEX_POINT('NONE',#1059);
#1061=CARTESIAN_POINT('',(4.2,0.,821.25));
#1062=VERTEX_POINT('NONE',#1061);
#1063=CARTESIAN_POINT('',(4.2,1.,821.25));
#1064=DIRECTION('',(0.,-1.,0.));
#1065=VECTOR('',#1064,1.);
#1066=LINE('',#1063,#1065);
#1067=EDGE_CURVE('NONE',#1060,#1062,#1066,.T.);
#1068=ORIENTED_EDGE('NONE',*,*,#1067,.F.);
#1069=CARTESIAN_POINT('',(-0.,1.,821.25));
#1070=DIRECTION('',(0.,1.,0.));
#1071=DIRECTION('',(0.,-0.,1.));
#1072=AXIS2_PLACEMENT_3D('',#1069,#1070,#1071);
#1073=CIRCLE('',#1072,4.2);
#1074=EDGE_CURVE('NONE',#1060,#1022,#1073,.T.);
#1075=ORIENTED_EDGE('NONE',*,*,#1074,.T.);
#1076=ORIENTED_EDGE('NONE',*,*,#1027,.F.);
#1077=CARTESIAN_POINT('',(-0.,0.,821.25));
#1078=DIRECTION('',(-0.,1.,0.));
#1079=DIRECTION('',(-1.,-0.,0.));
#1080=AXIS2_PLACEMENT_3D('',#1077,#1078,#1079);
#1081=CIRCLE('',#1080,4.2);
#1082=EDGE_CURVE('NONE',#1062,#1020,#1081,.T.);
#1083=ORIENTED_EDGE('NONE',*,*,#1082,.F.);
#1084=EDGE_LOOP('NONE',(#1068,#1075,#1076,#1083));
#1085=FACE_BOUND('',#1084,.T.);
#1086=ADVANCED_FACE('NONE',(#1085),#1058,.F.);
#1087=CARTESIAN_POINT('',(4.2,-0.001,821.25));
#1088=DIRECTION('',(-1.,0.,0.));
#1089=DIRECTION('',(0.,0.,1.));
#1090=AXIS2_PLACEMENT_3D('',#1087,#1088,#1089);
#1091=PLANE('',#1090);
#1092=CARTESIAN_POINT('',(4.2,0.,821.25));
#1093=DIRECTION('',(0.,0.,1.));
#1094=VECTOR('',#1093,22.5);
#1095=LINE('',#1092,#1094);
#1096=EDGE_CURVE('NONE',#1062,#819,#1095,.T.);
#1097=ORIENTED_EDGE('NONE',*,*,#1096,.T.);
#1098=ORIENTED_EDGE('NONE',*,*,#848,.F.);
#1099=CARTESIAN_POINT('',(4.2,1.,821.25));
#1100=DIRECTION('',(0.,0.,1.));
#1101=VECTOR('',#1100,22.5);
#1102=LINE('',#1099,#1101);
#1103=EDGE_CURVE('NONE',#1060,#836,#1102,.T.);
#1104=ORIENTED_EDGE('NONE',*,*,#1103,.F.);
#1105=ORIENTED_EDGE('NONE',*,*,#1067,.T.);
#1106=EDGE_LOOP('NONE',(#1097,#1098,#1104,#1105));
#1107=FACE_BOUND('',#1106,.T.);
#1108=ADVANCED_FACE('NONE',(#1107),#1091,.T.);
#1109=CARTESIAN_POINT('',(-0.,1.,843.75));
#1110=DIRECTION('',(0.,1.,0.));
#1111=DIRECTION('',(0.,-0.,1.));
#1112=AXIS2_PLACEMENT_3D('',#1109,#1110,#1111);
#1113=CYLINDRICAL_SURFACE('',#1112,4.2);
#1114=ORIENTED_EDGE('NONE',*,*,#833,.F.);
#1115=CARTESIAN_POINT('',(-0.,0.,843.75));
#1116=DIRECTION('',(-0.,1.,0.));
#1117=DIRECTION('',(-1.,-0.,0.));
#1118=AXIS2_PLACEMENT_3D('',#1115,#1116,#1117);
#1119=CIRCLE('',#1118,4.2);
#1120=EDGE_CURVE('NONE',#1038,#817,#1119,.T.);
#1121=ORIENTED_EDGE('NONE',*,*,#1120,.F.);
#1122=ORIENTED_EDGE('NONE',*,*,#1043,.F.);
#1123=CARTESIAN_POINT('',(-0.,1.,843.75));
#1124=DIRECTION('',(0.,1.,0.));
#1125=DIRECTION('',(0.,-0.,1.));
#1126=AXIS2_PLACEMENT_3D('',#1123,#1124,#1125);
#1127=CIRCLE('',#1126,4.2);
#1128=EDGE_CURVE('NONE',#1030,#828,#1127,.T.);
#1129=ORIENTED_EDGE('NONE',*,*,#1128,.T.);
#1130=EDGE_LOOP('NONE',(#1114,#1121,#1122,#1129));
#1131=FACE_BOUND('',#1130,.T.);
#1132=ADVANCED_FACE('NONE',(#1131),#1113,.F.);
#1133=CARTESIAN_POINT('',(-4.2,1.,776.25));
#1134=DIRECTION('',(-1.,0.,0.));
#1135=DIRECTION('',(0.,0.,1.));
#1136=AXIS2_PLACEMENT_3D('',#1133,#1134,#1135);
#1137=PLANE('',#1136);
#1138=CARTESIAN_POINT('',(-4.2,0.,776.25));
#1139=VERTEX_POINT('NONE',#1138);
#1140=CARTESIAN_POINT('',(-4.2,1.,776.25));
#1141=VERTEX_POINT('NONE',#1140);
#1142=CARTESIAN_POINT('',(-4.2,0.,776.25));
#1143=DIRECTION('',(-0.,1.,0.));
#1144=VECTOR('',#1143,1.);
#1145=LINE('',#1142,#1144);
#1146=EDGE_CURVE('NONE',#1139,#1141,#1145,.T.);
#1147=ORIENTED_EDGE('NONE',*,*,#1146,.T.);
#1148=CARTESIAN_POINT('',(-4.2,1.,798.75));
#1149=VERTEX_POINT('NONE',#1148);
#1150=CARTESIAN_POINT('',(-4.2,1.,776.25));
#1151=DIRECTION('',(-0.,-0.,1.));
#1152=VECTOR('',#1151,22.5);
#1153=LINE('',#1150,#1152);
#1154=EDGE_CURVE('NONE',#1141,#1149,#1153,.T.);
#1155=ORIENTED_EDGE('NONE',*,*,#1154,.T.);
#1156=CARTESIAN_POINT('',(-4.2,0.,798.75));
#1157=VERTEX_POINT('NONE',#1156);
#1158=CARTESIAN_POINT('',(-4.2,1.,798.75));
#1159=DIRECTION('',(0.,-1.,0.));
#1160=VECTOR('',#1159,1.);
#1161=LINE('',#1158,#1160);
#1162=EDGE_CURVE('NONE',#1149,#1157,#1161,.T.);
#1163=ORIENTED_EDGE('NONE',*,*,#1162,.T.);
#1164=CARTESIAN_POINT('',(-4.2,0.,776.25));
#1165=DIRECTION('',(0.,-0.,1.));
#1166=VECTOR('',#1165,22.5);
#1167=LINE('',#1164,#1166);
#1168=EDGE_CURVE('NONE',#1139,#1157,#1167,.T.);
#1169=ORIENTED_EDGE('NONE',*,*,#1168,.F.);
#1170=EDGE_LOOP('NONE',(#1147,#1155,#1163,#1169));
#1171=FACE_BOUND('',#1170,.T.);
#1172=ADVANCED_FACE('NONE',(#1171),#1137,.F.);
#1173=CARTESIAN_POINT('',(-0.,1.,776.25));
#1174=DIRECTION('',(0.,1.,0.));
#1175=DIRECTION('',(0.,-0.,1.));
#1176=AXIS2_PLACEMENT_3D('',#1173,#1174,#1175);
#1177=CYLINDRICAL_SURFACE('',#1176,4.2);
#1178=CARTESIAN_POINT('',(4.2,1.,776.25));
#1179=VERTEX_POINT('NONE',#1178);
#1180=CARTESIAN_POINT('',(4.2,0.,776.25));
#1181=VERTEX_POINT('NONE',#1180);
#1182=CARTESIAN_POINT('',(4.2,1.,776.25));
#1183=DIRECTION('',(0.,-1.,0.));
#1184=VECTOR('',#1183,1.);
#1185=LINE('',#1182,#1184);
#1186=EDGE_CURVE('NONE',#1179,#1181,#1185,.T.);
#1187=ORIENTED_EDGE('NONE',*,*,#1186,.F.);
#1188=CARTESIAN_POINT('',(-0.,1.,776.25));
#1189=DIRECTION('',(0.,1.,0.));
#1190=DIRECTION('',(0.,-0.,1.));
#1191=AXIS2_PLACEMENT_3D('',#1188,#1189,#1190);
#1192=CIRCLE('',#1191,4.2);
#1193=EDGE_CURVE('NONE',#1179,#1141,#1192,.T.);
#1194=ORIENTED_EDGE('NONE',*,*,#1193,.T.);
#1195=ORIENTED_EDGE('NONE',*,*,#1146,.F.);
#1196=CARTESIAN_POINT('',(-0.,0.,776.25));
#1197=DIRECTION('',(-0.,1.,0.));
#1198=DIRECTION('',(-1.,-0.,0.));
#1199=AXIS2_PLACEMENT_3D('',#1196,#1197,#1198);
#1200=CIRCLE('',#1199,4.2);
#1201=EDGE_CURVE('NONE',#1181,#1139,#1200,.T.);
#1202=ORIENTED_EDGE('NONE',*,*,#1201,.F.);
#1203=EDGE_LOOP('NONE',(#1187,#1194,#1195,#1202));
#1204=FACE_BOUND('',#1203,.T.);
#1205=ADVANCED_FACE('NONE',(#1204),#1177,.F.);
#1206=CARTESIAN_POINT('',(4.2,-0.001,776.25));
#1207=DIRECTION('',(-1.,0.,0.));
#1208=DIRECTION('',(0.,0.,1.));
#1209=AXIS2_PLACEMENT_3D('',#1206,#1207,#1208);
#1210=PLANE('',#1209);
#1211=CARTESIAN_POINT('',(4.2,0.,776.25));
#1212=DIRECTION('',(0.,0.,1.));
#1213=VECTOR('',#1212,22.5);
#1214=LINE('',#1211,#1213);
#1215=EDGE_CURVE('NONE',#1181,#777,#1214,.T.);
#1216=ORIENTED_EDGE('NONE',*,*,#1215,.T.);
#1217=ORIENTED_EDGE('NONE',*,*,#806,.F.);
#1218=CARTESIAN_POINT('',(4.2,1.,776.25));
#1219=DIRECTION('',(0.,0.,1.));
#1220=VECTOR('',#1219,22.5);
#1221=LINE('',#1218,#1220);
#1222=EDGE_CURVE('NONE',#1179,#794,#1221,.T.);
#1223=ORIENTED_EDGE('NONE',*,*,#1222,.F.);
#1224=ORIENTED_EDGE('NONE',*,*,#1186,.T.);
#1225=EDGE_LOOP('NONE',(#1216,#1217,#1223,#1224));
#1226=FACE_BOUND('',#1225,.T.);
#1227=ADVANCED_FACE('NONE',(#1226),#1210,.T.);
#1228=CARTESIAN_POINT('',(-0.,1.,798.75));
#1229=DIRECTION('',(0.,1.,0.));
#1230=DIRECTION('',(0.,-0.,1.));
#1231=AXIS2_PLACEMENT_3D('',#1228,#1229,#1230);
#1232=CYLINDRICAL_SURFACE('',#1231,4.2);
#1233=ORIENTED_EDGE('NONE',*,*,#791,.F.);
#1234=CARTESIAN_POINT('',(-0.,0.,798.75));
#1235=DIRECTION('',(-0.,1.,0.));
#1236=DIRECTION('',(-1.,-0.,0.));
#1237=AXIS2_PLACEMENT_3D('',#1234,#1235,#1236);
#1238=CIRCLE('',#1237,4.2);
#1239=EDGE_CURVE('NONE',#1157,#775,#1238,.T.);
#1240=ORIENTED_EDGE('NONE',*,*,#1239,.F.);
#1241=ORIENTED_EDGE('NONE',*,*,#1162,.F.);
#1242=CARTESIAN_POINT('',(-0.,1.,798.75));
#1243=DIRECTION('',(0.,1.,0.));
#1244=DIRECTION('',(0.,-0.,1.));
#1245=AXIS2_PLACEMENT_3D('',#1242,#1243,#1244);
#1246=CIRCLE('',#1245,4.2);
#1247=EDGE_CURVE('NONE',#1149,#786,#1246,.T.);
#1248=ORIENTED_EDGE('NONE',*,*,#1247,.T.);
#1249=EDGE_LOOP('NONE',(#1233,#1240,#1241,#1248));
#1250=FACE_BOUND('',#1249,.T.);
#1251=ADVANCED_FACE('NONE',(#1250),#1232,.F.);
#1252=CARTESIAN_POINT('',(-4.2,1.,731.25));
#1253=DIRECTION('',(-1.,0.,0.));
#1254=DIRECTION('',(0.,0.,1.));
#1255=AXIS2_PLACEMENT_3D('',#1252,#1253,#1254);
#1256=PLANE('',#1255);
#1257=CARTESIAN_POINT('',(-4.2,0.,731.25));
#1258=VERTEX_POINT('NONE',#1257);
#1259=CARTESIAN_POINT('',(-4.2,1.,731.25));
#1260=VERTEX_POINT('NONE',#1259);
#1261=CARTESIAN_POINT('',(-4.2,0.,731.25));
#1262=DIRECTION('',(-0.,1.,0.));
#1263=VECTOR('',#1262,1.);
#1264=LINE('',#1261,#1263);
#1265=EDGE_CURVE('NONE',#1258,#1260,#1264,.T.);
#1266=ORIENTED_EDGE('NONE',*,*,#1265,.T.);
#1267=CARTESIAN_POINT('',(-4.2,1.,753.75));
#1268=VERTEX_POINT('NONE',#1267);
#1269=CARTESIAN_POINT('',(-4.2,1.,731.25));
#1270=DIRECTION('',(-0.,-0.,1.));
#1271=VECTOR('',#1270,22.5);
#1272=LINE('',#1269,#1271);
#1273=EDGE_CURVE('NONE',#1260,#1268,#1272,.T.);
#1274=ORIENTED_EDGE('NONE',*,*,#1273,.T.);
#1275=CARTESIAN_POINT('',(-4.2,0.,753.75));
#1276=VERTEX_POINT('NONE',#1275);
#1277=CARTESIAN_POINT('',(-4.2,1.,753.75));
#1278=DIRECTION('',(0.,-1.,0.));
#1279=VECTOR('',#1278,1.);
#1280=LINE('',#1277,#1279);
#1281=EDGE_CURVE('NONE',#1268,#1276,#1280,.T.);
#1282=ORIENTED_EDGE('NONE',*,*,#1281,.T.);
#1283=CARTESIAN_POINT('',(-4.2,0.,731.25));
#1284=DIRECTION('',(0.,-0.,1.));
#1285=VECTOR('',#1284,22.5);
#1286=LINE('',#1283,#1285);
#1287=EDGE_CURVE('NONE',#1258,#1276,#1286,.T.);
#1288=ORIENTED_EDGE('NONE',*,*,#1287,.F.);
#1289=EDGE_LOOP('NONE',(#1266,#1274,#1282,#1288));
#1290=FACE_BOUND('',#1289,.T.);
#1291=ADVANCED_FACE('NONE',(#1290),#1256,.F.);
#1292=CARTESIAN_POINT('',(-0.,1.,731.25));
#1293=DIRECTION('',(0.,1.,0.));
#1294=DIRECTION('',(0.,-0.,1.));
#1295=AXIS2_PLACEMENT_3D('',#1292,#1293,#1294);
#1296=CYLINDRICAL_SURFACE('',#1295,4.2);
#1297=CARTESIAN_POINT('',(4.2,1.,731.25));
#1298=VERTEX_POINT('NONE',#1297);
#1299=CARTESIAN_POINT('',(4.2,0.,731.25));
#1300=VERTEX_POINT('NONE',#1299);
#1301=CARTESIAN_POINT('',(4.2,1.,731.25));
#1302=DIRECTION('',(0.,-1.,0.));
#1303=VECTOR('',#1302,1.);
#1304=LINE('',#1301,#1303);
#1305=EDGE_CURVE('NONE',#1298,#1300,#1304,.T.);
#1306=ORIENTED_EDGE('NONE',*,*,#1305,.F.);
#1307=CARTESIAN_POINT('',(-0.,1.,731.25));
#1308=DIRECTION('',(0.,1.,0.));
#1309=DIRECTION('',(0.,-0.,1.));
#1310=AXIS2_PLACEMENT_3D('',#1307,#1308,#1309);
#1311=CIRCLE('',#1310,4.2);
#1312=EDGE_CURVE('NONE',#1298,#1260,#1311,.T.);
#1313=ORIENTED_EDGE('NONE',*,*,#1312,.T.);
#1314=ORIENTED_EDGE('NONE',*,*,#1265,.F.);
#1315=CARTESIAN_POINT('',(-0.,0.,731.25));
#1316=DIRECTION('',(-0.,1.,0.));
#1317=DIRECTION('',(-1.,-0.,0.));
#1318=AXIS2_PLACEMENT_3D('',#1315,#1316,#1317);
#1319=CIRCLE('',#1318,4.2);
#1320=EDGE_CURVE('NONE',#1300,#1258,#1319,.T.);
#1321=ORIENTED_EDGE('NONE',*,*,#1320,.F.);
#1322=EDGE_LOOP('NONE',(#1306,#1313,#1314,#1321));
#1323=FACE_BOUND('',#1322,.T.);
#1324=ADVANCED_FACE('NONE',(#1323),#1296,.F.);
#1325=CARTESIAN_POINT('',(4.2,-0.001,731.25));
#1326=DIRECTION('',(-1.,0.,0.));
#1327=DIRECTION('',(0.,0.,1.));
#1328=AXIS2_PLACEMENT_3D('',#1325,#1326,#1327);
#1329=PLANE('',#1328);
#1330=CARTESIAN_POINT('',(4.2,0.,731.25));
#1331=DIRECTION('',(0.,0.,1.));
#1332=VECTOR('',#1331,22.5);
#1333=LINE('',#1330,#1332);
#1334=EDGE_CURVE('NONE',#1300,#735,#1333,.T.);
#1335=ORIENTED_EDGE('NONE',*,*,#1334,.T.);
#1336=ORIENTED_EDGE('NONE',*,*,#764,.F.);
#1337=CARTESIAN_POINT('',(4.2,1.,731.25));
#1338=DIRECTION('',(0.,0.,1.));
#1339=VECTOR('',#1338,22.5);
#1340=LINE('',#1337,#1339);
#1341=EDGE_CURVE('NONE',#1298,#752,#1340,.T.);
#1342=ORIENTED_EDGE('NONE',*,*,#1341,.F.);
#1343=ORIENTED_EDGE('NONE',*,*,#1305,.T.);
#1344=EDGE_LOOP('NONE',(#1335,#1336,#1342,#1343));
#1345=FACE_BOUND('',#1344,.T.);
#1346=ADVANCED_FACE('NONE',(#1345),#1329,.T.);
#1347=CARTESIAN_POINT('',(-0.,1.,753.75));
#1348=DIRECTION('',(0.,1.,0.));
#1349=DIRECTION('',(0.,-0.,1.));
#1350=AXIS2_PLACEMENT_3D('',#1347,#1348,#1349);
#1351=CYLINDRICAL_SURFACE('',#1350,4.2);
#1352=ORIENTED_EDGE('NONE',*,*,#749,.F.);
#1353=CARTESIAN_POINT('',(-0.,0.,753.75));
#1354=DIRECTION('',(-0.,1.,0.));
#1355=DIRECTION('',(-1.,-0.,0.));
#1356=AXIS2_PLACEMENT_3D('',#1353,#1354,#1355);
#1357=CIRCLE('',#1356,4.2);
#1358=EDGE_CURVE('NONE',#1276,#733,#1357,.T.);
#1359=ORIENTED_EDGE('NONE',*,*,#1358,.F.);
#1360=ORIENTED_EDGE('NONE',*,*,#1281,.F.);
#1361=CARTESIAN_POINT('',(-0.,1.,753.75));
#1362=DIRECTION('',(0.,1.,0.));
#1363=DIRECTION('',(0.,-0.,1.));
#1364=AXIS2_PLACEMENT_3D('',#1361,#1362,#1363);
#1365=CIRCLE('',#1364,4.2);
#1366=EDGE_CURVE('NONE',#1268,#744,#1365,.T.);
#1367=ORIENTED_EDGE('NONE',*,*,#1366,.T.);
#1368=EDGE_LOOP('NONE',(#1352,#1359,#1360,#1367));
#1369=FACE_BOUND('',#1368,.T.);
#1370=ADVANCED_FACE('NONE',(#1369),#1351,.F.);
#1371=CARTESIAN_POINT('',(-4.2,1.,686.25));
#1372=DIRECTION('',(-1.,0.,0.));
#1373=DIRECTION('',(0.,0.,1.));
#1374=AXIS2_PLACEMENT_3D('',#1371,#1372,#1373);
#1375=PLANE('',#1374);
#1376=CARTESIAN_POINT('',(-4.2,0.,686.25));
#1377=VERTEX_POINT('NONE',#1376);
#1378=CARTESIAN_POINT('',(-4.2,1.,686.25));
#1379=VERTEX_POINT('NONE',#1378);
#1380=CARTESIAN_POINT('',(-4.2,0.,686.25));
#1381=DIRECTION('',(-0.,1.,0.));
#1382=VECTOR('',#1381,1.);
#1383=LINE('',#1380,#1382);
#1384=EDGE_CURVE('NONE',#1377,#1379,#1383,.T.);
#1385=ORIENTED_EDGE('NONE',*,*,#1384,.T.);
#1386=CARTESIAN_POINT('',(-4.2,1.,708.75));
#1387=VERTEX_POINT('NONE',#1386);
#1388=CARTESIAN_POINT('',(-4.2,1.,686.25));
#1389=DIRECTION('',(-0.,-0.,1.));
#1390=VECTOR('',#1389,22.5);
#1391=LINE('',#1388,#1390);
#1392=EDGE_CURVE('NONE',#1379,#1387,#1391,.T.);
#1393=ORIENTED_EDGE('NONE',*,*,#1392,.T.);
#1394=CARTESIAN_POINT('',(-4.2,0.,708.75));
#1395=VERTEX_POINT('NONE',#1394);
#1396=CARTESIAN_POINT('',(-4.2,1.,708.75));
#1397=DIRECTION('',(0.,-1.,0.));
#1398=VECTOR('',#1397,1.);
#1399=LINE('',#1396,#1398);
#1400=EDGE_CURVE('NONE',#1387,#1395,#1399,.T.);
#1401=ORIENTED_EDGE('NONE',*,*,#1400,.T.);
#1402=CARTESIAN_POINT('',(-4.2,0.,686.25));
#1403=DIRECTION('',(0.,-0.,1.));
#1404=VECTOR('',#1403,22.5);
#1405=LINE('',#1402,#1404);
#1406=EDGE_CURVE('NONE',#1377,#1395,#1405,.T.);
#1407=ORIENTED_EDGE('NONE',*,*,#1406,.F.);
#1408=EDGE_LOOP('NONE',(#1385,#1393,#1401,#1407));
#1409=FACE_BOUND('',#1408,.T.);
#1410=ADVANCED_FACE('NONE',(#1409),#1375,.F.);
#1411=CARTESIAN_POINT('',(-0.,1.,686.25));
#1412=DIRECTION('',(0.,1.,0.));
#1413=DIRECTION('',(0.,-0.,1.));
#1414=AXIS2_PLACEMENT_3D('',#1411,#1412,#1413);
#1415=CYLINDRICAL_SURFACE('',#1414,4.2);
#1416=CARTESIAN_POINT('',(4.2,1.,686.25));
#1417=VERTEX_POINT('NONE',#1416);
#1418=CARTESIAN_POINT('',(4.2,0.,686.25));
#1419=VERTEX_POINT('NONE',#1418);
#1420=CARTESIAN_POINT('',(4.2,1.,686.25));
#1421=DIRECTION('',(0.,-1.,0.));
#1422=VECTOR('',#1421,1.);
#1423=LINE('',#1420,#1422);
#1424=EDGE_CURVE('NONE',#1417,#1419,#1423,.T.);
#1425=ORIENTED_EDGE('NONE',*,*,#1424,.F.);
#1426=CARTESIAN_POINT('',(-0.,1.,686.25));
#1427=DIRECTION('',(0.,1.,0.));
#1428=DIRECTION('',(0.,-0.,1.));
#1429=AXIS2_PLACEMENT_3D('',#1426,#1427,#1428);
#1430=CIRCLE('',#1429,4.2);
#1431=EDGE_CURVE('NONE',#1417,#1379,#1430,.T.);
#1432=ORIENTED_EDGE('NONE',*,*,#1431,.T.);
#1433=ORIENTED_EDGE('NONE',*,*,#1384,.F.);
#1434=CARTESIAN_POINT('',(-0.,0.,686.25));
#1435=DIRECTION('',(-0.,1.,0.));
#1436=DIRECTION('',(-1.,-0.,0.));
#1437=AXIS2_PLACEMENT_3D('',#1434,#1435,#1436);
#1438=CIRCLE('',#1437,4.2);
#1439=EDGE_CURVE('NONE',#1419,#1377,#1438,.T.);
#1440=ORIENTED_EDGE('NONE',*,*,#1439,.F.);
#1441=EDGE_LOOP('NONE',(#1425,#1432,#1433,#1440));
#1442=FACE_BOUND('',#1441,.T.);
#1443=ADVANCED_FACE('NONE',(#1442),#1415,.F.);
#1444=CARTESIAN_POINT('',(4.2,-0.001,686.25));
#1445=DIRECTION('',(-1.,0.,0.));
#1446=DIRECTION('',(0.,0.,1.));
#1447=AXIS2_PLACEMENT_3D('',#1444,#1445,#1446);
#1448=PLANE('',#1447);
#1449=CARTESIAN_POINT('',(4.2,0.,686.25));
#1450=DIRECTION('',(0.,0.,1.));
#1451=VECTOR('',#1450,22.5);
#1452=LINE('',#1449,#1451);
#1453=EDGE_CURVE('NONE',#1419,#693,#1452,.T.);
#1454=ORIENTED_EDGE('NONE',*,*,#1453,.T.);
#1455=ORIENTED_EDGE('NONE',*,*,#722,.F.);
#1456=CARTESIAN_POINT('',(4.2,1.,686.25));
#1457=DIRECTION('',(0.,0.,1.));
#1458=VECTOR('',#1457,22.5);
#1459=LINE('',#1456,#1458);
#1460=EDGE_CURVE('NONE',#1417,#710,#1459,.T.);
#1461=ORIENTED_EDGE('NONE',*,*,#1460,.F.);
#1462=ORIENTED_EDGE('NONE',*,*,#1424,.T.);
#1463=EDGE_LOOP('NONE',(#1454,#1455,#1461,#1462));
#1464=FACE_BOUND('',#1463,.T.);
#1465=ADVANCED_FACE('NONE',(#1464),#1448,.T.);
#1466=CARTESIAN_POINT('',(-0.,1.,708.75));
#1467=DIRECTION('',(0.,1.,0.));
#1468=DIRECTION('',(0.,-0.,1.));
#1469=AXIS2_PLACEMENT_3D('',#1466,#1467,#1468);
#1470=CYLINDRICAL_SURFACE('',#1469,4.2);
#1471=ORIENTED_EDGE('NONE',*,*,#707,.F.);
#1472=CARTESIAN_POINT('',(-0.,0.,708.75));
#1473=DIRECTION('',(-0.,1.,0.));
#1474=DIRECTION('',(-1.,-0.,0.));
#1475=AXIS2_PLACEMENT_3D('',#1472,#1473,#1474);
#1476=CIRCLE('',#1475,4.2);
#1477=EDGE_CURVE('NONE',#1395,#691,#1476,.T.);
#1478=ORIENTED_EDGE('NONE',*,*,#1477,.F.);
#1479=ORIENTED_EDGE('NONE',*,*,#1400,.F.);
#1480=CARTESIAN_POINT('',(-0.,1.,708.75));
#1481=DIRECTION('',(0.,1.,0.));
#1482=DIRECTION('',(0.,-0.,1.));
#1483=AXIS2_PLACEMENT_3D('',#1480,#1481,#1482);
#1484=CIRCLE('',#1483,4.2);
#1485=EDGE_CURVE('NONE',#1387,#702,#1484,.T.);
#1486=ORIENTED_EDGE('NONE',*,*,#1485,.T.);
#1487=EDGE_LOOP('NONE',(#1471,#1478,#1479,#1486));
#1488=FACE_BOUND('',#1487,.T.);
#1489=ADVANCED_FACE('NONE',(#1488),#1470,.F.);
#1490=CARTESIAN_POINT('',(-4.2,1.,641.25));
#1491=DIRECTION('',(-1.,0.,0.));
#1492=DIRECTION('',(0.,0.,1.));
#1493=AXIS2_PLACEMENT_3D('',#1490,#1491,#1492);
#1494=PLANE('',#1493);
#1495=CARTESIAN_POINT('',(-4.2,0.,641.25));
#1496=VERTEX_POINT('NONE',#1495);
#1497=CARTESIAN_POINT('',(-4.2,1.,641.25));
#1498=VERTEX_POINT('NONE',#1497);
#1499=CARTESIAN_POINT('',(-4.2,0.,641.25));
#1500=DIRECTION('',(-0.,1.,0.));
#1501=VECTOR('',#1500,1.);
#1502=LINE('',#1499,#1501);
#1503=EDGE_CURVE('NONE',#1496,#1498,#1502,.T.);
#1504=ORIENTED_EDGE('NONE',*,*,#1503,.T.);
#1505=CARTESIAN_POINT('',(-4.2,1.,663.75));
#1506=VERTEX_POINT('NONE',#1505);
#1507=CARTESIAN_POINT('',(-4.2,1.,641.25));
#1508=DIRECTION('',(-0.,-0.,1.));
#1509=VECTOR('',#1508,22.5);
#1510=LINE('',#1507,#1509);
#1511=EDGE_CURVE('NONE',#1498,#1506,#1510,.T.);
#1512=ORIENTED_EDGE('NONE',*,*,#1511,.T.);
#1513=CARTESIAN_POINT('',(-4.2,0.,663.75));
#1514=VERTEX_POINT('NONE',#1513);
#1515=CARTESIAN_POINT('',(-4.2,1.,663.75));
#1516=DIRECTION('',(0.,-1.,0.));
#1517=VECTOR('',#1516,1.);
#1518=LINE('',#1515,#1517);
#1519=EDGE_CURVE('NONE',#1506,#1514,#1518,.T.);
#1520=ORIENTED_EDGE('NONE',*,*,#1519,.T.);
#1521=CARTESIAN_POINT('',(-4.2,0.,641.25));
#1522=DIRECTION('',(0.,-0.,1.));
#1523=VECTOR('',#1522,22.5);
#1524=LINE('',#1521,#1523);
#1525=EDGE_CURVE('NONE',#1496,#1514,#1524,.T.);
#1526=ORIENTED_EDGE('NONE',*,*,#1525,.F.);
#1527=EDGE_LOOP('NONE',(#1504,#1512,#1520,#1526));
#1528=FACE_BOUND('',#1527,.T.);
#1529=ADVANCED_FACE('NONE',(#1528),#1494,.F.);
#1530=CARTESIAN_POINT('',(-0.,1.,641.25));
#1531=DIRECTION('',(0.,1.,0.));
#1532=DIRECTION('',(0.,-0.,1.));
#1533=AXIS2_PLACEMENT_3D('',#1530,#1531,#1532);
#1534=CYLINDRICAL_SURFACE('',#1533,4.2);
#1535=CARTESIAN_POINT('',(4.2,1.,641.25));
#1536=VERTEX_POINT('NONE',#1535);
#1537=CARTESIAN_POINT('',(4.2,0.,641.25));
#1538=VERTEX_POINT('NONE',#1537);
#1539=CARTESIAN_POINT('',(4.2,1.,641.25));
#1540=DIRECTION('',(0.,-1.,0.));
#1541=VECTOR('',#1540,1.);
#1542=LINE('',#1539,#1541);
#1543=EDGE_CURVE('NONE',#1536,#1538,#1542,.T.);
#1544=ORIENTED_EDGE('NONE',*,*,#1543,.F.);
#1545=CARTESIAN_POINT('',(-0.,1.,641.25));
#1546=DIRECTION('',(0.,1.,0.));
#1547=DIRECTION('',(0.,-0.,1.));
#1548=AXIS2_PLACEMENT_3D('',#1545,#1546,#1547);
#1549=CIRCLE('',#1548,4.2);
#1550=EDGE_CURVE('NONE',#1536,#1498,#1549,.T.);
#1551=ORIENTED_EDGE('NONE',*,*,#1550,.T.);
#1552=ORIENTED_EDGE('NONE',*,*,#1503,.F.);
#1553=CARTESIAN_POINT('',(-0.,0.,641.25));
#1554=DIRECTION('',(-0.,1.,0.));
#1555=DIRECTION('',(-1.,-0.,0.));
#1556=AXIS2_PLACEMENT_3D('',#1553,#1554,#1555);
#1557=CIRCLE('',#1556,4.2);
#1558=EDGE_CURVE('NONE',#1538,#1496,#1557,.T.);
#1559=ORIENTED_EDGE('NONE',*,*,#1558,.F.);
#1560=EDGE_LOOP('NONE',(#1544,#1551,#1552,#1559));
#1561=FACE_BOUND('',#1560,.T.);
#1562=ADVANCED_FACE('NONE',(#1561),#1534,.F.);
#1563=CARTESIAN_POINT('',(4.2,-0.001,641.25));
#1564=DIRECTION('',(-1.,0.,0.));
#1565=DIRECTION('',(0.,0.,1.));
#1566=AXIS2_PLACEMENT_3D('',#1563,#1564,#1565);
#1567=PLANE('',#1566);
#1568=CARTESIAN_POINT('',(4.2,0.,641.25));
#1569=DIRECTION('',(0.,0.,1.));
#1570=VECTOR('',#1569,22.5);
#1571=LINE('',#1568,#1570);
#1572=EDGE_CURVE('NONE',#1538,#651,#1571,.T.);
#1573=ORIENTED_EDGE('NONE',*,*,#1572,.T.);
#1574=ORIENTED_EDGE('NONE',*,*,#680,.F.);
#1575=CARTESIAN_POINT('',(4.2,1.,641.25));
#1576=DIRECTION('',(0.,0.,1.));
#1577=VECTOR('',#1576,22.5);
#1578=LINE('',#1575,#1577);
#1579=EDGE_CURVE('NONE',#1536,#668,#1578,.T.);
#1580=ORIENTED_EDGE('NONE',*,*,#1579,.F.);
#1581=ORIENTED_EDGE('NONE',*,*,#1543,.T.);
#1582=EDGE_LOOP('NONE',(#1573,#1574,#1580,#1581));
#1583=FACE_BOUND('',#1582,.T.);
#1584=ADVANCED_FACE('NONE',(#1583),#1567,.T.);
#1585=CARTESIAN_POINT('',(-0.,1.,663.75));
#1586=DIRECTION('',(0.,1.,0.));
#1587=DIRECTION('',(0.,-0.,1.));
#1588=AXIS2_PLACEMENT_3D('',#1585,#1586,#1587);
#1589=CYLINDRICAL_SURFACE('',#1588,4.2);
#1590=ORIENTED_EDGE('NONE',*,*,#665,.F.);
#1591=CARTESIAN_POINT('',(-0.,0.,663.75));
#1592=DIRECTION('',(-0.,1.,0.));
#1593=DIRECTION('',(-1.,-0.,0.));
#1594=AXIS2_PLACEMENT_3D('',#1591,#1592,#1593);
#1595=CIRCLE('',#1594,4.2);
#1596=EDGE_CURVE('NONE',#1514,#649,#1595,.T.);
#1597=ORIENTED_EDGE('NONE',*,*,#1596,.F.);
#1598=ORIENTED_EDGE('NONE',*,*,#1519,.F.);
#1599=CARTESIAN_POINT('',(-0.,1.,663.75));
#1600=DIRECTION('',(0.,1.,0.));
#1601=DIRECTION('',(0.,-0.,1.));
#1602=AXIS2_PLACEMENT_3D('',#1599,#1600,#1601);
#1603=CIRCLE('',#1602,4.2);
#1604=EDGE_CURVE('NONE',#1506,#660,#1603,.T.);
#1605=ORIENTED_EDGE('NONE',*,*,#1604,.T.);
#1606=EDGE_LOOP('NONE',(#1590,#1597,#1598,#1605));
#1607=FACE_BOUND('',#1606,.T.);
#1608=ADVANCED_FACE('NONE',(#1607),#1589,.F.);
#1609=CARTESIAN_POINT('',(-4.2,1.,596.25));
#1610=DIRECTION('',(-1.,0.,0.));
#1611=DIRECTION('',(0.,0.,1.));
#1612=AXIS2_PLACEMENT_3D('',#1609,#1610,#1611);
#1613=PLANE('',#1612);
#1614=CARTESIAN_POINT('',(-4.2,0.,596.25));
#1615=VERTEX_POINT('NONE',#1614);
#1616=CARTESIAN_POINT('',(-4.2,1.,596.25));
#1617=VERTEX_POINT('NONE',#1616);
#1618=CARTESIAN_POINT('',(-4.2,0.,596.25));
#1619=DIRECTION('',(-0.,1.,0.));
#1620=VECTOR('',#1619,1.);
#1621=LINE('',#1618,#1620);
#1622=EDGE_CURVE('NONE',#1615,#1617,#1621,.T.);
#1623=ORIENTED_EDGE('NONE',*,*,#1622,.T.);
#1624=CARTESIAN_POINT('',(-4.2,1.,618.75));
#1625=VERTEX_POINT('NONE',#1624);
#1626=CARTESIAN_POINT('',(-4.2,1.,596.25));
#1627=DIRECTION('',(-0.,-0.,1.));
#1628=VECTOR('',#1627,22.5);
#1629=LINE('',#1626,#1628);
#1630=EDGE_CURVE('NONE',#1617,#1625,#1629,.T.);
#1631=ORIENTED_EDGE('NONE',*,*,#1630,.T.);
#1632=CARTESIAN_POINT('',(-4.2,0.,618.75));
#1633=VERTEX_POINT('NONE',#1632);
#1634=CARTESIAN_POINT('',(-4.2,1.,618.75));
#1635=DIRECTION('',(0.,-1.,0.));
#1636=VECTOR('',#1635,1.);
#1637=LINE('',#1634,#1636);
#1638=EDGE_CURVE('NONE',#1625,#1633,#1637,.T.);
#1639=ORIENTED_EDGE('NONE',*,*,#1638,.T.);
#1640=CARTESIAN_POINT('',(-4.2,0.,596.25));
#1641=DIRECTION('',(0.,-0.,1.));
#1642=VECTOR('',#1641,22.5);
#1643=LINE('',#1640,#1642);
#1644=EDGE_CURVE('NONE',#1615,#1633,#1643,.T.);
#1645=ORIENTED_EDGE('NONE',*,*,#1644,.F.);
#1646=EDGE_LOOP('NONE',(#1623,#1631,#1639,#1645));
#1647=FACE_BOUND('',#1646,.T.);
#1648=ADVANCED_FACE('NONE',(#1647),#1613,.F.);
#1649=CARTESIAN_POINT('',(-0.,1.,596.25));
#1650=DIRECTION('',(0.,1.,0.));
#1651=DIRECTION('',(0.,-0.,1.));
#1652=AXIS2_PLACEMENT_3D('',#1649,#1650,#1651);
#1653=CYLINDRICAL_SURFACE('',#1652,4.2);
#1654=CARTESIAN_POINT('',(4.2,1.,596.25));
#1655=VERTEX_POINT('NONE',#1654);
#1656=CARTESIAN_POINT('',(4.2,0.,596.25));
#1657=VERTEX_POINT('NONE',#1656);
#1658=CARTESIAN_POINT('',(4.2,1.,596.25));
#1659=DIRECTION('',(0.,-1.,0.));
#1660=VECTOR('',#1659,1.);
#1661=LINE('',#1658,#1660);
#1662=EDGE_CURVE('NONE',#1655,#1657,#1661,.T.);
#1663=ORIENTED_EDGE('NONE',*,*,#1662,.F.);
#1664=CARTESIAN_POINT('',(-0.,1.,596.25));
#1665=DIRECTION('',(0.,1.,0.));
#1666=DIRECTION('',(0.,-0.,1.));
#1667=AXIS2_PLACEMENT_3D('',#1664,#1665,#1666);
#1668=CIRCLE('',#1667,4.2);
#1669=EDGE_CURVE('NONE',#1655,#1617,#1668,.T.);
#1670=ORIENTED_EDGE('NONE',*,*,#1669,.T.);
#1671=ORIENTED_EDGE('NONE',*,*,#1622,.F.);
#1672=CARTESIAN_POINT('',(-0.,0.,596.25));
#1673=DIRECTION('',(-0.,1.,0.));
#1674=DIRECTION('',(-1.,-0.,0.));
#1675=AXIS2_PLACEMENT_3D('',#1672,#1673,#1674);
#1676=CIRCLE('',#1675,4.2);
#1677=EDGE_CURVE('NONE',#1657,#1615,#1676,.T.);
#1678=ORIENTED_EDGE('NONE',*,*,#1677,.F.);
#1679=EDGE_LOOP('NONE',(#1663,#1670,#1671,#1678));
#1680=FACE_BOUND('',#1679,.T.);
#1681=ADVANCED_FACE('NONE',(#1680),#1653,.F.);
#1682=CARTESIAN_POINT('',(4.2,-0.001,596.25));
#1683=DIRECTION('',(-1.,0.,0.));
#1684=DIRECTION('',(0.,0.,1.));
#1685=AXIS2_PLACEMENT_3D('',#1682,#1683,#1684);
#1686=PLANE('',#1685);
#1687=CARTESIAN_POINT('',(4.2,0.,596.25));
#1688=DIRECTION('',(0.,0.,1.));
#1689=VECTOR('',#1688,22.5);
#1690=LINE('',#1687,#1689);
#1691=EDGE_CURVE('NONE',#1657,#609,#1690,.T.);
#1692=ORIENTED_EDGE('NONE',*,*,#1691,.T.);
#1693=ORIENTED_EDGE('NONE',*,*,#638,.F.);
#1694=CARTESIAN_POINT('',(4.2,1.,596.25));
#1695=DIRECTION('',(0.,0.,1.));
#1696=VECTOR('',#1695,22.5);
#1697=LINE('',#1694,#1696);
#1698=EDGE_CURVE('NONE',#1655,#626,#1697,.T.);
#1699=ORIENTED_EDGE('NONE',*,*,#1698,.F.);
#1700=ORIENTED_EDGE('NONE',*,*,#1662,.T.);
#1701=EDGE_LOOP('NONE',(#1692,#1693,#1699,#1700));
#1702=FACE_BOUND('',#1701,.T.);
#1703=ADVANCED_FACE('NONE',(#1702),#1686,.T.);
#1704=CARTESIAN_POINT('',(-0.,1.,618.75));
#1705=DIRECTION('',(0.,1.,0.));
#1706=DIRECTION('',(0.,-0.,1.));
#1707=AXIS2_PLACEMENT_3D('',#1704,#1705,#1706);
#1708=CYLINDRICAL_SURFACE('',#1707,4.2);
#1709=ORIENTED_EDGE('NONE',*,*,#623,.F.);
#1710=CARTESIAN_POINT('',(-0.,0.,618.75));
#1711=DIRECTION('',(-0.,1.,0.));
#1712=DIRECTION('',(-1.,-0.,0.));
#1713=AXIS2_PLACEMENT_3D('',#1710,#1711,#1712);
#1714=CIRCLE('',#1713,4.2);
#1715=EDGE_CURVE('NONE',#1633,#607,#1714,.T.);
#1716=ORIENTED_EDGE('NONE',*,*,#1715,.F.);
#1717=ORIENTED_EDGE('NONE',*,*,#1638,.F.);
#1718=CARTESIAN_POINT('',(-0.,1.,618.75));
#1719=DIRECTION('',(0.,1.,0.));
#1720=DIRECTION('',(0.,-0.,1.));
#1721=AXIS2_PLACEMENT_3D('',#1718,#1719,#1720);
#1722=CIRCLE('',#1721,4.2);
#1723=EDGE_CURVE('NONE',#1625,#618,#1722,.T.);
#1724=ORIENTED_EDGE('NONE',*,*,#1723,.T.);
#1725=EDGE_LOOP('NONE',(#1709,#1716,#1717,#1724));
#1726=FACE_BOUND('',#1725,.T.);
#1727=ADVANCED_FACE('NONE',(#1726),#1708,.F.);
#1728=CARTESIAN_POINT('',(-4.2,1.,551.25));
#1729=DIRECTION('',(-1.,0.,0.));
#1730=DIRECTION('',(0.,0.,1.));
#1731=AXIS2_PLACEMENT_3D('',#1728,#1729,#1730);
#1732=PLANE('',#1731);
#1733=CARTESIAN_POINT('',(-4.2,0.,551.25));
#1734=VERTEX_POINT('NONE',#1733);
#1735=CARTESIAN_POINT('',(-4.2,1.,551.25));
#1736=VERTEX_POINT('NONE',#1735);
#1737=CARTESIAN_POINT('',(-4.2,0.,551.25));
#1738=DIRECTION('',(-0.,1.,0.));
#1739=VECTOR('',#1738,1.);
#1740=LINE('',#1737,#1739);
#1741=EDGE_CURVE('NONE',#1734,#1736,#1740,.T.);
#1742=ORIENTED_EDGE('NONE',*,*,#1741,.T.);
#1743=CARTESIAN_POINT('',(-4.2,1.,573.75));
#1744=VERTEX_POINT('NONE',#1743);
#1745=CARTESIAN_POINT('',(-4.2,1.,551.25));
#1746=DIRECTION('',(-0.,-0.,1.));
#1747=VECTOR('',#1746,22.5);
#1748=LINE('',#1745,#1747);
#1749=EDGE_CURVE('NONE',#1736,#1744,#1748,.T.);
#1750=ORIENTED_EDGE('NONE',*,*,#1749,.T.);
#1751=CARTESIAN_POINT('',(-4.2,0.,573.75));
#1752=VERTEX_POINT('NONE',#1751);
#1753=CARTESIAN_POINT('',(-4.2,1.,573.75));
#1754=DIRECTION('',(0.,-1.,0.));
#1755=VECTOR('',#1754,1.);
#1756=LINE('',#1753,#1755);
#1757=EDGE_CURVE('NONE',#1744,#1752,#1756,.T.);
#1758=ORIENTED_EDGE('NONE',*,*,#1757,.T.);
#1759=CARTESIAN_POINT('',(-4.2,0.,551.25));
#1760=DIRECTION('',(0.,-0.,1.));
#1761=VECTOR('',#1760,22.5);
#1762=LINE('',#1759,#1761);
#1763=EDGE_CURVE('NONE',#1734,#1752,#1762,.T.);
#1764=ORIENTED_EDGE('NONE',*,*,#1763,.F.);
#1765=EDGE_LOOP('NONE',(#1742,#1750,#1758,#1764));
#1766=FACE_BOUND('',#1765,.T.);
#1767=ADVANCED_FACE('NONE',(#1766),#1732,.F.);
#1768=CARTESIAN_POINT('',(-0.,1.,551.25));
#1769=DIRECTION('',(0.,1.,0.));
#1770=DIRECTION('',(0.,-0.,1.));
#1771=AXIS2_PLACEMENT_3D('',#1768,#1769,#1770);
#1772=CYLINDRICAL_SURFACE('',#1771,4.2);
#1773=CARTESIAN_POINT('',(4.2,1.,551.25));
#1774=VERTEX_POINT('NONE',#1773);
#1775=CARTESIAN_POINT('',(4.2,0.,551.25));
#1776=VERTEX_POINT('NONE',#1775);
#1777=CARTESIAN_POINT('',(4.2,1.,551.25));
#1778=DIRECTION('',(0.,-1.,0.));
#1779=VECTOR('',#1778,1.);
#1780=LINE('',#1777,#1779);
#1781=EDGE_CURVE('NONE',#1774,#1776,#1780,.T.);
#1782=ORIENTED_EDGE('NONE',*,*,#1781,.F.);
#1783=CARTESIAN_POINT('',(-0.,1.,551.25));
#1784=DIRECTION('',(0.,1.,0.));
#1785=DIRECTION('',(0.,-0.,1.));
#1786=AXIS2_PLACEMENT_3D('',#1783,#1784,#1785);
#1787=CIRCLE('',#1786,4.2);
#1788=EDGE_CURVE('NONE',#1774,#1736,#1787,.T.);
#1789=ORIENTED_EDGE('NONE',*,*,#1788,.T.);
#1790=ORIENTED_EDGE('NONE',*,*,#1741,.F.);
#1791=CARTESIAN_POINT('',(-0.,0.,551.25));
#1792=DIRECTION('',(-0.,1.,0.));
#1793=DIRECTION('',(-1.,-0.,0.));
#1794=AXIS2_PLACEMENT_3D('',#1791,#1792,#1793);
#1795=CIRCLE('',#1794,4.2);
#1796=EDGE_CURVE('NONE',#1776,#1734,#1795,.T.);
#1797=ORIENTED_EDGE('NONE',*,*,#1796,.F.);
#1798=EDGE_LOOP('NONE',(#1782,#1789,#1790,#1797));
#1799=FACE_BOUND('',#1798,.T.);
#1800=ADVANCED_FACE('NONE',(#1799),#1772,.F.);
#1801=CARTESIAN_POINT('',(4.2,-0.001,551.25));
#1802=DIRECTION('',(-1.,0.,0.));
#1803=DIRECTION('',(0.,0.,1.));
#1804=AXIS2_PLACEMENT_3D('',#1801,#1802,#1803);
#1805=PLANE('',#1804);
#1806=CARTESIAN_POINT('',(4.2,0.,551.25));
#1807=DIRECTION('',(0.,0.,1.));
#1808=VECTOR('',#1807,22.5);
#1809=LINE('',#1806,#1808);
#1810=EDGE_CURVE('NONE',#1776,#567,#1809,.T.);
#1811=ORIENTED_EDGE('NONE',*,*,#1810,.T.);
#1812=ORIENTED_EDGE('NONE',*,*,#596,.F.);
#1813=CARTESIAN_POINT('',(4.2,1.,551.25));
#1814=DIRECTION('',(0.,0.,1.));
#1815=VECTOR('',#1814,22.5);
#1816=LINE('',#1813,#1815);
#1817=EDGE_CURVE('NONE',#1774,#584,#1816,.T.);
#1818=ORIENTED_EDGE('NONE',*,*,#1817,.F.);
#1819=ORIENTED_EDGE('NONE',*,*,#1781,.T.);
#1820=EDGE_LOOP('NONE',(#1811,#1812,#1818,#1819));
#1821=FACE_BOUND('',#1820,.T.);
#1822=ADVANCED_FACE('NONE',(#1821),#1805,.T.);
#1823=CARTESIAN_POINT('',(-0.,1.,573.75));
#1824=DIRECTION('',(0.,1.,0.));
#1825=DIRECTION('',(0.,-0.,1.));
#1826=AXIS2_PLACEMENT_3D('',#1823,#1824,#1825);
#1827=CYLINDRICAL_SURFACE('',#1826,4.2);
#1828=ORIENTED_EDGE('NONE',*,*,#581,.F.);
#1829=CARTESIAN_POINT('',(-0.,0.,573.75));
#1830=DIRECTION('',(-0.,1.,0.));
#1831=DIRECTION('',(-1.,-0.,0.));
#1832=AXIS2_PLACEMENT_3D('',#1829,#1830,#1831);
#1833=CIRCLE('',#1832,4.2);
#1834=EDGE_CURVE('NONE',#1752,#565,#1833,.T.);
#1835=ORIENTED_EDGE('NONE',*,*,#1834,.F.);
#1836=ORIENTED_EDGE('NONE',*,*,#1757,.F.);
#1837=CARTESIAN_POINT('',(-0.,1.,573.75));
#1838=DIRECTION('',(0.,1.,0.));
#1839=DIRECTION('',(0.,-0.,1.));
#1840=AXIS2_PLACEMENT_3D('',#1837,#1838,#1839);
#1841=CIRCLE('',#1840,4.2);
#1842=EDGE_CURVE('NONE',#1744,#576,#1841,.T.);
#1843=ORIENTED_EDGE('NONE',*,*,#1842,.T.);
#1844=EDGE_LOOP('NONE',(#1828,#1835,#1836,#1843));
#1845=FACE_BOUND('',#1844,.T.);
#1846=ADVANCED_FACE('NONE',(#1845),#1827,.F.);
#1847=CARTESIAN_POINT('',(-4.2,1.,506.25));
#1848=DIRECTION('',(-1.,0.,0.));
#1849=DIRECTION('',(0.,0.,1.));
#1850=AXIS2_PLACEMENT_3D('',#1847,#1848,#1849);
#1851=PLANE('',#1850);
#1852=CARTESIAN_POINT('',(-4.2,0.,506.25));
#1853=VERTEX_POINT('NONE',#1852);
#1854=CARTESIAN_POINT('',(-4.2,1.,506.25));
#1855=VERTEX_POINT('NONE',#1854);
#1856=CARTESIAN_POINT('',(-4.2,0.,506.25));
#1857=DIRECTION('',(-0.,1.,0.));
#1858=VECTOR('',#1857,1.);
#1859=LINE('',#1856,#1858);
#1860=EDGE_CURVE('NONE',#1853,#1855,#1859,.T.);
#1861=ORIENTED_EDGE('NONE',*,*,#1860,.T.);
#1862=CARTESIAN_POINT('',(-4.2,1.,528.75));
#1863=VERTEX_POINT('NONE',#1862);
#1864=CARTESIAN_POINT('',(-4.2,1.,506.25));
#1865=DIRECTION('',(-0.,-0.,1.));
#1866=VECTOR('',#1865,22.5);
#1867=LINE('',#1864,#1866);
#1868=EDGE_CURVE('NONE',#1855,#1863,#1867,.T.);
#1869=ORIENTED_EDGE('NONE',*,*,#1868,.T.);
#1870=CARTESIAN_POINT('',(-4.2,0.,528.75));
#1871=VERTEX_POINT('NONE',#1870);
#1872=CARTESIAN_POINT('',(-4.2,1.,528.75));
#1873=DIRECTION('',(0.,-1.,0.));
#1874=VECTOR('',#1873,1.);
#1875=LINE('',#1872,#1874);
#1876=EDGE_CURVE('NONE',#1863,#1871,#1875,.T.);
#1877=ORIENTED_EDGE('NONE',*,*,#1876,.T.);
#1878=CARTESIAN_POINT('',(-4.2,0.,506.25));
#1879=DIRECTION('',(0.,-0.,1.));
#1880=VECTOR('',#1879,22.5);
#1881=LINE('',#1878,#1880);
#1882=EDGE_CURVE('NONE',#1853,#1871,#1881,.T.);
#1883=ORIENTED_EDGE('NONE',*,*,#1882,.F.);
#1884=EDGE_LOOP('NONE',(#1861,#1869,#1877,#1883));
#1885=FACE_BOUND('',#1884,.T.);
#1886=ADVANCED_FACE('NONE',(#1885),#1851,.F.);
#1887=CARTESIAN_POINT('',(-0.,1.,506.25));
#1888=DIRECTION('',(0.,1.,0.));
#1889=DIRECTION('',(0.,-0.,1.));
#1890=AXIS2_PLACEMENT_3D('',#1887,#1888,#1889);
#1891=CYLINDRICAL_SURFACE('',#1890,4.2);
#1892=CARTESIAN_POINT('',(4.2,1.,506.25));
#1893=VERTEX_POINT('NONE',#1892);
#1894=CARTESIAN_POINT('',(4.2,0.,506.25));
#1895=VERTEX_POINT('NONE',#1894);
#1896=CARTESIAN_POINT('',(4.2,1.,506.25));
#1897=DIRECTION('',(0.,-1.,0.));
#1898=VECTOR('',#1897,1.);
#1899=LINE('',#1896,#1898);
#1900=EDGE_CURVE('NONE',#1893,#1895,#1899,.T.);
#1901=ORIENTED_EDGE('NONE',*,*,#1900,.F.);
#1902=CARTESIAN_POINT('',(-0.,1.,506.25));
#1903=DIRECTION('',(0.,1.,0.));
#1904=DIRECTION('',(0.,-0.,1.));
#1905=AXIS2_PLACEMENT_3D('',#1902,#1903,#1904);
#1906=CIRCLE('',#1905,4.2);
#1907=EDGE_CURVE('NONE',#1893,#1855,#1906,.T.);
#1908=ORIENTED_EDGE('NONE',*,*,#1907,.T.);
#1909=ORIENTED_EDGE('NONE',*,*,#1860,.F.);
#1910=CARTESIAN_POINT('',(-0.,0.,506.25));
#1911=DIRECTION('',(-0.,1.,0.));
#1912=DIRECTION('',(-1.,-0.,0.));
#1913=AXIS2_PLACEMENT_3D('',#1910,#1911,#1912);
#1914=CIRCLE('',#1913,4.2);
#1915=EDGE_CURVE('NONE',#1895,#1853,#1914,.T.);
#1916=ORIENTED_EDGE('NONE',*,*,#1915,.F.);
#1917=EDGE_LOOP('NONE',(#1901,#1908,#1909,#1916));
#1918=FACE_BOUND('',#1917,.T.);
#1919=ADVANCED_FACE('NONE',(#1918),#1891,.F.);
#1920=CARTESIAN_POINT('',(4.2,-0.001,506.25));
#1921=DIRECTION('',(-1.,0.,0.));
#1922=DIRECTION('',(0.,0.,1.));
#1923=AXIS2_PLACEMENT_3D('',#1920,#1921,#1922);
#1924=PLANE('',#1923);
#1925=CARTESIAN_POINT('',(4.2,0.,506.25));
#1926=DIRECTION('',(0.,0.,1.));
#1927=VECTOR('',#1926,22.5);
#1928=LINE('',#1925,#1927);
#1929=EDGE_CURVE('NONE',#1895,#525,#1928,.T.);
#1930=ORIENTED_EDGE('NONE',*,*,#1929,.T.);
#1931=ORIENTED_EDGE('NONE',*,*,#554,.F.);
#1932=CARTESIAN_POINT('',(4.2,1.,506.25));
#1933=DIRECTION('',(0.,0.,1.));
#1934=VECTOR('',#1933,22.5);
#1935=LINE('',#1932,#1934);
#1936=EDGE_CURVE('NONE',#1893,#542,#1935,.T.);
#1937=ORIENTED_EDGE('NONE',*,*,#1936,.F.);
#1938=ORIENTED_EDGE('NONE',*,*,#1900,.T.);
#1939=EDGE_LOOP('NONE',(#1930,#1931,#1937,#1938));
#1940=FACE_BOUND('',#1939,.T.);
#1941=ADVANCED_FACE('NONE',(#1940),#1924,.T.);
#1942=CARTESIAN_POINT('',(-0.,1.,528.75));
#1943=DIRECTION('',(0.,1.,0.));
#1944=DIRECTION('',(0.,-0.,1.));
#1945=AXIS2_PLACEMENT_3D('',#1942,#1943,#1944);
#1946=CYLINDRICAL_SURFACE('',#1945,4.2);
#1947=ORIENTED_EDGE('NONE',*,*,#539,.F.);
#1948=CARTESIAN_POINT('',(-0.,0.,528.75));
#1949=DIRECTION('',(-0.,1.,0.));
#1950=DIRECTION('',(-1.,-0.,0.));
#1951=AXIS2_PLACEMENT_3D('',#1948,#1949,#1950);
#1952=CIRCLE('',#1951,4.2);
#1953=EDGE_CURVE('NONE',#1871,#523,#1952,.T.);
#1954=ORIENTED_EDGE('NONE',*,*,#1953,.F.);
#1955=ORIENTED_EDGE('NONE',*,*,#1876,.F.);
#1956=CARTESIAN_POINT('',(-0.,1.,528.75));
#1957=DIRECTION('',(0.,1.,0.));
#1958=DIRECTION('',(0.,-0.,1.));
#1959=AXIS2_PLACEMENT_3D('',#1956,#1957,#1958);
#1960=CIRCLE('',#1959,4.2);
#1961=EDGE_CURVE('NONE',#1863,#534,#1960,.T.);
#1962=ORIENTED_EDGE('NONE',*,*,#1961,.T.);
#1963=EDGE_LOOP('NONE',(#1947,#1954,#1955,#1962));
#1964=FACE_BOUND('',#1963,.T.);
#1965=ADVANCED_FACE('NONE',(#1964),#1946,.F.);
#1966=CARTESIAN_POINT('',(-4.2,1.,461.25));
#1967=DIRECTION('',(-1.,0.,0.));
#1968=DIRECTION('',(0.,0.,1.));
#1969=AXIS2_PLACEMENT_3D('',#1966,#1967,#1968);
#1970=PLANE('',#1969);
#1971=CARTESIAN_POINT('',(-4.2,0.,461.25));
#1972=VERTEX_POINT('NONE',#1971);
#1973=CARTESIAN_POINT('',(-4.2,1.,461.25));
#1974=VERTEX_POINT('NONE',#1973);
#1975=CARTESIAN_POINT('',(-4.2,0.,461.25));
#1976=DIRECTION('',(-0.,1.,0.));
#1977=VECTOR('',#1976,1.);
#1978=LINE('',#1975,#1977);
#1979=EDGE_CURVE('NONE',#1972,#1974,#1978,.T.);
#1980=ORIENTED_EDGE('NONE',*,*,#1979,.T.);
#1981=CARTESIAN_POINT('',(-4.2,1.,483.75));
#1982=VERTEX_POINT('NONE',#1981);
#1983=CARTESIAN_POINT('',(-4.2,1.,461.25));
#1984=DIRECTION('',(-0.,-0.,1.));
#1985=VECTOR('',#1984,22.5);
#1986=LINE('',#1983,#1985);
#1987=EDGE_CURVE('NONE',#1974,#1982,#1986,.T.);
#1988=ORIENTED_EDGE('NONE',*,*,#1987,.T.);
#1989=CARTESIAN_POINT('',(-4.2,0.,483.75));
#1990=VERTEX_POINT('NONE',#1989);
#1991=CARTESIAN_POINT('',(-4.2,1.,483.75));
#1992=DIRECTION('',(0.,-1.,0.));
#1993=VECTOR('',#1992,1.);
#1994=LINE('',#1991,#1993);
#1995=EDGE_CURVE('NONE',#1982,#1990,#1994,.T.);
#1996=ORIENTED_EDGE('NONE',*,*,#1995,.T.);
#1997=CARTESIAN_POINT('',(-4.2,0.,461.25));
#1998=DIRECTION('',(0.,-0.,1.));
#1999=VECTOR('',#1998,22.5);
#2000=LINE('',#1997,#1999);
#2001=EDGE_CURVE('NONE',#1972,#1990,#2000,.T.);
#2002=ORIENTED_EDGE('NONE',*,*,#2001,.F.);
#2003=EDGE_LOOP('NONE',(#1980,#1988,#1996,#2002));
#2004=FACE_BOUND('',#2003,.T.);
#2005=ADVANCED_FACE('NONE',(#2004),#1970,.F.);
#2006=CARTESIAN_POINT('',(-0.,1.,461.25));
#2007=DIRECTION('',(0.,1.,0.));
#2008=DIRECTION('',(0.,-0.,1.));
#2009=AXIS2_PLACEMENT_3D('',#2006,#2007,#2008);
#2010=CYLINDRICAL_SURFACE('',#2009,4.2);
#2011=CARTESIAN_POINT('',(4.2,1.,461.25));
#2012=VERTEX_POINT('NONE',#2011);
#2013=CARTESIAN_POINT('',(4.2,0.,461.25));
#2014=VERTEX_POINT('NONE',#2013);
#2015=CARTESIAN_POINT('',(4.2,1.,461.25));
#2016=DIRECTION('',(0.,-1.,0.));
#2017=VECTOR('',#2016,1.);
#2018=LINE('',#2015,#2017);
#2019=EDGE_CURVE('NONE',#2012,#2014,#2018,.T.);
#2020=ORIENTED_EDGE('NONE',*,*,#2019,.F.);
#2021=CARTESIAN_POINT('',(-0.,1.,461.25));
#2022=DIRECTION('',(0.,1.,0.));
#2023=DIRECTION('',(0.,-0.,1.));
#2024=AXIS2_PLACEMENT_3D('',#2021,#2022,#2023);
#2025=CIRCLE('',#2024,4.2);
#2026=EDGE_CURVE('NONE',#2012,#1974,#2025,.T.);
#2027=ORIENTED_EDGE('NONE',*,*,#2026,.T.);
#2028=ORIENTED_EDGE('NONE',*,*,#1979,.F.);
#2029=CARTESIAN_POINT('',(-0.,0.,461.25));
#2030=DIRECTION('',(-0.,1.,0.));
#2031=DIRECTION('',(-1.,-0.,0.));
#2032=AXIS2_PLACEMENT_3D('',#2029,#2030,#2031);
#2033=CIRCLE('',#2032,4.2);
#2034=EDGE_CURVE('NONE',#2014,#1972,#2033,.T.);
#2035=ORIENTED_EDGE('NONE',*,*,#2034,.F.);
#2036=EDGE_LOOP('NONE',(#2020,#2027,#2028,#2035));
#2037=FACE_BOUND('',#2036,.T.);
#2038=ADVANCED_FACE('NONE',(#2037),#2010,.F.);
#2039=CARTESIAN_POINT('',(4.2,-0.001,461.25));
#2040=DIRECTION('',(-1.,0.,0.));
#2041=DIRECTION('',(0.,0.,1.));
#2042=AXIS2_PLACEMENT_3D('',#2039,#2040,#2041);
#2043=PLANE('',#2042);
#2044=CARTESIAN_POINT('',(4.2,0.,461.25));
#2045=DIRECTION('',(0.,0.,1.));
#2046=VECTOR('',#2045,22.5);
#2047=LINE('',#2044,#2046);
#2048=EDGE_CURVE('NONE',#2014,#483,#2047,.T.);
#2049=ORIENTED_EDGE('NONE',*,*,#2048,.T.);
#2050=ORIENTED_EDGE('NONE',*,*,#512,.F.);
#2051=CARTESIAN_POINT('',(4.2,1.,461.25));
#2052=DIRECTION('',(0.,0.,1.));
#2053=VECTOR('',#2052,22.5);
#2054=LINE('',#2051,#2053);
#2055=EDGE_CURVE('NONE',#2012,#500,#2054,.T.);
#2056=ORIENTED_EDGE('NONE',*,*,#2055,.F.);
#2057=ORIENTED_EDGE('NONE',*,*,#2019,.T.);
#2058=EDGE_LOOP('NONE',(#2049,#2050,#2056,#2057));
#2059=FACE_BOUND('',#2058,.T.);
#2060=ADVANCED_FACE('NONE',(#2059),#2043,.T.);
#2061=CARTESIAN_POINT('',(-0.,1.,483.75));
#2062=DIRECTION('',(0.,1.,0.));
#2063=DIRECTION('',(0.,-0.,1.));
#2064=AXIS2_PLACEMENT_3D('',#2061,#2062,#2063);
#2065=CYLINDRICAL_SURFACE('',#2064,4.2);
#2066=ORIENTED_EDGE('NONE',*,*,#497,.F.);
#2067=CARTESIAN_POINT('',(-0.,0.,483.75));
#2068=DIRECTION('',(-0.,1.,0.));
#2069=DIRECTION('',(-1.,-0.,0.));
#2070=AXIS2_PLACEMENT_3D('',#2067,#2068,#2069);
#2071=CIRCLE('',#2070,4.2);
#2072=EDGE_CURVE('NONE',#1990,#481,#2071,.T.);
#2073=ORIENTED_EDGE('NONE',*,*,#2072,.F.);
#2074=ORIENTED_EDGE('NONE',*,*,#1995,.F.);
#2075=CARTESIAN_POINT('',(-0.,1.,483.75));
#2076=DIRECTION('',(0.,1.,0.));
#2077=DIRECTION('',(0.,-0.,1.));
#2078=AXIS2_PLACEMENT_3D('',#2075,#2076,#2077);
#2079=CIRCLE('',#2078,4.2);
#2080=EDGE_CURVE('NONE',#1982,#492,#2079,.T.);
#2081=ORIENTED_EDGE('NONE',*,*,#2080,.T.);
#2082=EDGE_LOOP('NONE',(#2066,#2073,#2074,#2081));
#2083=FACE_BOUND('',#2082,.T.);
#2084=ADVANCED_FACE('NONE',(#2083),#2065,.F.);
#2085=CARTESIAN_POINT('',(-4.2,1.,416.25));
#2086=DIRECTION('',(-1.,0.,0.));
#2087=DIRECTION('',(0.,0.,1.));
#2088=AXIS2_PLACEMENT_3D('',#2085,#2086,#2087);
#2089=PLANE('',#2088);
#2090=CARTESIAN_POINT('',(-4.2,0.,416.25));
#2091=VERTEX_POINT('NONE',#2090);
#2092=CARTESIAN_POINT('',(-4.2,1.,416.25));
#2093=VERTEX_POINT('NONE',#2092);
#2094=CARTESIAN_POINT('',(-4.2,0.,416.25));
#2095=DIRECTION('',(-0.,1.,0.));
#2096=VECTOR('',#2095,1.);
#2097=LINE('',#2094,#2096);
#2098=EDGE_CURVE('NONE',#2091,#2093,#2097,.T.);
#2099=ORIENTED_EDGE('NONE',*,*,#2098,.T.);
#2100=CARTESIAN_POINT('',(-4.2,1.,438.75));
#2101=VERTEX_POINT('NONE',#2100);
#2102=CARTESIAN_POINT('',(-4.2,1.,416.25));
#2103=DIRECTION('',(-0.,-0.,1.));
#2104=VECTOR('',#2103,22.5);
#2105=LINE('',#2102,#2104);
#2106=EDGE_CURVE('NONE',#2093,#2101,#2105,.T.);
#2107=ORIENTED_EDGE('NONE',*,*,#2106,.T.);
#2108=CARTESIAN_POINT('',(-4.2,0.,438.75));
#2109=VERTEX_POINT('NONE',#2108);
#2110=CARTESIAN_POINT('',(-4.2,1.,438.75));
#2111=DIRECTION('',(0.,-1.,0.));
#2112=VECTOR('',#2111,1.);
#2113=LINE('',#2110,#2112);
#2114=EDGE_CURVE('NONE',#2101,#2109,#2113,.T.);
#2115=ORIENTED_EDGE('NONE',*,*,#2114,.T.);
#2116=CARTESIAN_POINT('',(-4.2,0.,416.25));
#2117=DIRECTION('',(0.,-0.,1.));
#2118=VECTOR('',#2117,22.5);
#2119=LINE('',#2116,#2118);
#2120=EDGE_CURVE('NONE',#2091,#2109,#2119,.T.);
#2121=ORIENTED_EDGE('NONE',*,*,#2120,.F.);
#2122=EDGE_LOOP('NONE',(#2099,#2107,#2115,#2121));
#2123=FACE_BOUND('',#2122,.T.);
#2124=ADVANCED_FACE('NONE',(#2123),#2089,.F.);
#2125=CARTESIAN_POINT('',(-0.,1.,416.25));
#2126=DIRECTION('',(0.,1.,0.));
#2127=DIRECTION('',(0.,-0.,1.));
#2128=AXIS2_PLACEMENT_3D('',#2125,#2126,#2127);
#2129=CYLINDRICAL_SURFACE('',#2128,4.2);
#2130=CARTESIAN_POINT('',(4.2,1.,416.25));
#2131=VERTEX_POINT('NONE',#2130);
#2132=CARTESIAN_POINT('',(4.2,0.,416.25));
#2133=VERTEX_POINT('NONE',#2132);
#2134=CARTESIAN_POINT('',(4.2,1.,416.25));
#2135=DIRECTION('',(0.,-1.,0.));
#2136=VECTOR('',#2135,1.);
#2137=LINE('',#2134,#2136);
#2138=EDGE_CURVE('NONE',#2131,#2133,#2137,.T.);
#2139=ORIENTED_EDGE('NONE',*,*,#2138,.F.);
#2140=CARTESIAN_POINT('',(-0.,1.,416.25));
#2141=DIRECTION('',(0.,1.,0.));
#2142=DIRECTION('',(0.,-0.,1.));
#2143=AXIS2_PLACEMENT_3D('',#2140,#2141,#2142);
#2144=CIRCLE('',#2143,4.2);
#2145=EDGE_CURVE('NONE',#2131,#2093,#2144,.T.);
#2146=ORIENTED_EDGE('NONE',*,*,#2145,.T.);
#2147=ORIENTED_EDGE('NONE',*,*,#2098,.F.);
#2148=CARTESIAN_POINT('',(-0.,0.,416.25));
#2149=DIRECTION('',(-0.,1.,0.));
#2150=DIRECTION('',(-1.,-0.,0.));
#2151=AXIS2_PLACEMENT_3D('',#2148,#2149,#2150);
#2152=CIRCLE('',#2151,4.2);
#2153=EDGE_CURVE('NONE',#2133,#2091,#2152,.T.);
#2154=ORIENTED_EDGE('NONE',*,*,#2153,.F.);
#2155=EDGE_LOOP('NONE',(#2139,#2146,#2147,#2154));
#2156=FACE_BOUND('',#2155,.T.);
#2157=ADVANCED_FACE('NONE',(#2156),#2129,.F.);
#2158=CARTESIAN_POINT('',(4.2,-0.001,416.25));
#2159=DIRECTION('',(-1.,0.,0.));
#2160=DIRECTION('',(0.,0.,1.));
#2161=AXIS2_PLACEMENT_3D('',#2158,#2159,#2160);
#2162=PLANE('',#2161);
#2163=CARTESIAN_POINT('',(4.2,0.,416.25));
#2164=DIRECTION('',(0.,0.,1.));
#2165=VECTOR('',#2164,22.5);
#2166=LINE('',#2163,#2165);
#2167=EDGE_CURVE('NONE',#2133,#441,#2166,.T.);
#2168=ORIENTED_EDGE('NONE',*,*,#2167,.T.);
#2169=ORIENTED_EDGE('NONE',*,*,#470,.F.);
#2170=CARTESIAN_POINT('',(4.2,1.,416.25));
#2171=DIRECTION('',(0.,0.,1.));
#2172=VECTOR('',#2171,22.5);
#2173=LINE('',#2170,#2172);
#2174=EDGE_CURVE('NONE',#2131,#458,#2173,.T.);
#2175=ORIENTED_EDGE('NONE',*,*,#2174,.F.);
#2176=ORIENTED_EDGE('NONE',*,*,#2138,.T.);
#2177=EDGE_LOOP('NONE',(#2168,#2169,#2175,#2176));
#2178=FACE_BOUND('',#2177,.T.);
#2179=ADVANCED_FACE('NONE',(#2178),#2162,.T.);
#2180=CARTESIAN_POINT('',(-0.,1.,438.75));
#2181=DIRECTION('',(0.,1.,0.));
#2182=DIRECTION('',(0.,-0.,1.));
#2183=AXIS2_PLACEMENT_3D('',#2180,#2181,#2182);
#2184=CYLINDRICAL_SURFACE('',#2183,4.2);
#2185=ORIENTED_EDGE('NONE',*,*,#455,.F.);
#2186=CARTESIAN_POINT('',(-0.,0.,438.75));
#2187=DIRECTION('',(-0.,1.,0.));
#2188=DIRECTION('',(-1.,-0.,0.));
#2189=AXIS2_PLACEMENT_3D('',#2186,#2187,#2188);
#2190=CIRCLE('',#2189,4.2);
#2191=EDGE_CURVE('NONE',#2109,#439,#2190,.T.);
#2192=ORIENTED_EDGE('NONE',*,*,#2191,.F.);
#2193=ORIENTED_EDGE('NONE',*,*,#2114,.F.);
#2194=CARTESIAN_POINT('',(-0.,1.,438.75));
#2195=DIRECTION('',(0.,1.,0.));
#2196=DIRECTION('',(0.,-0.,1.));
#2197=AXIS2_PLACEMENT_3D('',#2194,#2195,#2196);
#2198=CIRCLE('',#2197,4.2);
#2199=EDGE_CURVE('NONE',#2101,#450,#2198,.T.);
#2200=ORIENTED_EDGE('NONE',*,*,#2199,.T.);
#2201=EDGE_LOOP('NONE',(#2185,#2192,#2193,#2200));
#2202=FACE_BOUND('',#2201,.T.);
#2203=ADVANCED_FACE('NONE',(#2202),#2184,.F.);
#2204=CARTESIAN_POINT('',(-4.2,1.,371.25));
#2205=DIRECTION('',(-1.,0.,0.));
#2206=DIRECTION('',(0.,0.,1.));
#2207=AXIS2_PLACEMENT_3D('',#2204,#2205,#2206);
#2208=PLANE('',#2207);
#2209=CARTESIAN_POINT('',(-4.2,0.,371.25));
#2210=VERTEX_POINT('NONE',#2209);
#2211=CARTESIAN_POINT('',(-4.2,1.,371.25));
#2212=VERTEX_POINT('NONE',#2211);
#2213=CARTESIAN_POINT('',(-4.2,0.,371.25));
#2214=DIRECTION('',(-0.,1.,0.));
#2215=VECTOR('',#2214,1.);
#2216=LINE('',#2213,#2215);
#2217=EDGE_CURVE('NONE',#2210,#2212,#2216,.T.);
#2218=ORIENTED_EDGE('NONE',*,*,#2217,.T.);
#2219=CARTESIAN_POINT('',(-4.2,1.,393.75));
#2220=VERTEX_POINT('NONE',#2219);
#2221=CARTESIAN_POINT('',(-4.2,1.,371.25));
#2222=DIRECTION('',(-0.,-0.,1.));
#2223=VECTOR('',#2222,22.5);
#2224=LINE('',#2221,#2223);
#2225=EDGE_CURVE('NONE',#2212,#2220,#2224,.T.);
#2226=ORIENTED_EDGE('NONE',*,*,#2225,.T.);
#2227=CARTESIAN_POINT('',(-4.2,0.,393.75));
#2228=VERTEX_POINT('NONE',#2227);
#2229=CARTESIAN_POINT('',(-4.2,1.,393.75));
#2230=DIRECTION('',(0.,-1.,0.));
#2231=VECTOR('',#2230,1.);
#2232=LINE('',#2229,#2231);
#2233=EDGE_CURVE('NONE',#2220,#2228,#2232,.T.);
#2234=ORIENTED_EDGE('NONE',*,*,#2233,.T.);
#2235=CARTESIAN_POINT('',(-4.2,0.,371.25));
#2236=DIRECTION('',(0.,-0.,1.));
#2237=VECTOR('',#2236,22.5);
#2238=LINE('',#2235,#2237);
#2239=EDGE_CURVE('NONE',#2210,#2228,#2238,.T.);
#2240=ORIENTED_EDGE('NONE',*,*,#2239,.F.);
#2241=EDGE_LOOP('NONE',(#2218,#2226,#2234,#2240));
#2242=FACE_BOUND('',#2241,.T.);
#2243=ADVANCED_FACE('NONE',(#2242),#2208,.F.);
#2244=CARTESIAN_POINT('',(-0.,1.,371.25));
#2245=DIRECTION('',(0.,1.,0.));
#2246=DIRECTION('',(0.,-0.,1.));
#2247=AXIS2_PLACEMENT_3D('',#2244,#2245,#2246);
#2248=CYLINDRICAL_SURFACE('',#2247,4.2);
#2249=CARTESIAN_POINT('',(4.2,1.,371.25));
#2250=VERTEX_POINT('NONE',#2249);
#2251=CARTESIAN_POINT('',(4.2,0.,371.25));
#2252=VERTEX_POINT('NONE',#2251);
#2253=CARTESIAN_POINT('',(4.2,1.,371.25));
#2254=DIRECTION('',(0.,-1.,0.));
#2255=VECTOR('',#2254,1.);
#2256=LINE('',#2253,#2255);
#2257=EDGE_CURVE('NONE',#2250,#2252,#2256,.T.);
#2258=ORIENTED_EDGE('NONE',*,*,#2257,.F.);
#2259=CARTESIAN_POINT('',(-0.,1.,371.25));
#2260=DIRECTION('',(0.,1.,0.));
#2261=DIRECTION('',(0.,-0.,1.));
#2262=AXIS2_PLACEMENT_3D('',#2259,#2260,#2261);
#2263=CIRCLE('',#2262,4.2);
#2264=EDGE_CURVE('NONE',#2250,#2212,#2263,.T.);
#2265=ORIENTED_EDGE('NONE',*,*,#2264,.T.);
#2266=ORIENTED_EDGE('NONE',*,*,#2217,.F.);
#2267=CARTESIAN_POINT('',(-0.,0.,371.25));
#2268=DIRECTION('',(-0.,1.,0.));
#2269=DIRECTION('',(-1.,-0.,0.));
#2270=AXIS2_PLACEMENT_3D('',#2267,#2268,#2269);
#2271=CIRCLE('',#2270,4.2);
#2272=EDGE_CURVE('NONE',#2252,#2210,#2271,.T.);
#2273=ORIENTED_EDGE('NONE',*,*,#2272,.F.);
#2274=EDGE_LOOP('NONE',(#2258,#2265,#2266,#2273));
#2275=FACE_BOUND('',#2274,.T.);
#2276=ADVANCED_FACE('NONE',(#2275),#2248,.F.);
#2277=CARTESIAN_POINT('',(4.2,-0.001,371.25));
#2278=DIRECTION('',(-1.,0.,0.));
#2279=DIRECTION('',(0.,0.,1.));
#2280=AXIS2_PLACEMENT_3D('',#2277,#2278,#2279);
#2281=PLANE('',#2280);
#2282=CARTESIAN_POINT('',(4.2,0.,371.25));
#2283=DIRECTION('',(0.,0.,1.));
#2284=VECTOR('',#2283,22.5);
#2285=LINE('',#2282,#2284);
#2286=EDGE_CURVE('NONE',#2252,#399,#2285,.T.);
#2287=ORIENTED_EDGE('NONE',*,*,#2286,.T.);
#2288=ORIENTED_EDGE('NONE',*,*,#428,.F.);
#2289=CARTESIAN_POINT('',(4.2,1.,371.25));
#2290=DIRECTION('',(0.,0.,1.));
#2291=VECTOR('',#2290,22.5);
#2292=LINE('',#2289,#2291);
#2293=EDGE_CURVE('NONE',#2250,#416,#2292,.T.);
#2294=ORIENTED_EDGE('NONE',*,*,#2293,.F.);
#2295=ORIENTED_EDGE('NONE',*,*,#2257,.T.);
#2296=EDGE_LOOP('NONE',(#2287,#2288,#2294,#2295));
#2297=FACE_BOUND('',#2296,.T.);
#2298=ADVANCED_FACE('NONE',(#2297),#2281,.T.);
#2299=CARTESIAN_POINT('',(-0.,1.,393.75));
#2300=DIRECTION('',(0.,1.,0.));
#2301=DIRECTION('',(0.,-0.,1.));
#2302=AXIS2_PLACEMENT_3D('',#2299,#2300,#2301);
#2303=CYLINDRICAL_SURFACE('',#2302,4.2);
#2304=ORIENTED_EDGE('NONE',*,*,#413,.F.);
#2305=CARTESIAN_POINT('',(-0.,0.,393.75));
#2306=DIRECTION('',(-0.,1.,0.));
#2307=DIRECTION('',(-1.,-0.,0.));
#2308=AXIS2_PLACEMENT_3D('',#2305,#2306,#2307);
#2309=CIRCLE('',#2308,4.2);
#2310=EDGE_CURVE('NONE',#2228,#397,#2309,.T.);
#2311=ORIENTED_EDGE('NONE',*,*,#2310,.F.);
#2312=ORIENTED_EDGE('NONE',*,*,#2233,.F.);
#2313=CARTESIAN_POINT('',(-0.,1.,393.75));
#2314=DIRECTION('',(0.,1.,0.));
#2315=DIRECTION('',(0.,-0.,1.));
#2316=AXIS2_PLACEMENT_3D('',#2313,#2314,#2315);
#2317=CIRCLE('',#2316,4.2);
#2318=EDGE_CURVE('NONE',#2220,#408,#2317,.T.);
#2319=ORIENTED_EDGE('NONE',*,*,#2318,.T.);
#2320=EDGE_LOOP('NONE',(#2304,#2311,#2312,#2319));
#2321=FACE_BOUND('',#2320,.T.);
#2322=ADVANCED_FACE('NONE',(#2321),#2303,.F.);
#2323=CARTESIAN_POINT('',(-4.2,1.,326.25));
#2324=DIRECTION('',(-1.,0.,0.));
#2325=DIRECTION('',(0.,0.,1.));
#2326=AXIS2_PLACEMENT_3D('',#2323,#2324,#2325);
#2327=PLANE('',#2326);
#2328=CARTESIAN_POINT('',(-4.2,0.,326.25));
#2329=VERTEX_POINT('NONE',#2328);
#2330=CARTESIAN_POINT('',(-4.2,1.,326.25));
#2331=VERTEX_POINT('NONE',#2330);
#2332=CARTESIAN_POINT('',(-4.2,0.,326.25));
#2333=DIRECTION('',(-0.,1.,0.));
#2334=VECTOR('',#2333,1.);
#2335=LINE('',#2332,#2334);
#2336=EDGE_CURVE('NONE',#2329,#2331,#2335,.T.);
#2337=ORIENTED_EDGE('NONE',*,*,#2336,.T.);
#2338=CARTESIAN_POINT('',(-4.2,1.,348.75));
#2339=VERTEX_POINT('NONE',#2338);
#2340=CARTESIAN_POINT('',(-4.2,1.,326.25));
#2341=DIRECTION('',(-0.,-0.,1.));
#2342=VECTOR('',#2341,22.5);
#2343=LINE('',#2340,#2342);
#2344=EDGE_CURVE('NONE',#2331,#2339,#2343,.T.);
#2345=ORIENTED_EDGE('NONE',*,*,#2344,.T.);
#2346=CARTESIAN_POINT('',(-4.2,0.,348.75));
#2347=VERTEX_POINT('NONE',#2346);
#2348=CARTESIAN_POINT('',(-4.2,1.,348.75));
#2349=DIRECTION('',(0.,-1.,0.));
#2350=VECTOR('',#2349,1.);
#2351=LINE('',#2348,#2350);
#2352=EDGE_CURVE('NONE',#2339,#2347,#2351,.T.);
#2353=ORIENTED_EDGE('NONE',*,*,#2352,.T.);
#2354=CARTESIAN_POINT('',(-4.2,0.,326.25));
#2355=DIRECTION('',(0.,-0.,1.));
#2356=VECTOR('',#2355,22.5);
#2357=LINE('',#2354,#2356);
#2358=EDGE_CURVE('NONE',#2329,#2347,#2357,.T.);
#2359=ORIENTED_EDGE('NONE',*,*,#2358,.F.);
#2360=EDGE_LOOP('NONE',(#2337,#2345,#2353,#2359));
#2361=FACE_BOUND('',#2360,.T.);
#2362=ADVANCED_FACE('NONE',(#2361),#2327,.F.);
#2363=CARTESIAN_POINT('',(-0.,1.,326.25));
#2364=DIRECTION('',(0.,1.,0.));
#2365=DIRECTION('',(0.,-0.,1.));
#2366=AXIS2_PLACEMENT_3D('',#2363,#2364,#2365);
#2367=CYLINDRICAL_SURFACE('',#2366,4.2);
#2368=CARTESIAN_POINT('',(4.2,1.,326.25));
#2369=VERTEX_POINT('NONE',#2368);
#2370=CARTESIAN_POINT('',(4.2,0.,326.25));
#2371=VERTEX_POINT('NONE',#2370);
#2372=CARTESIAN_POINT('',(4.2,1.,326.25));
#2373=DIRECTION('',(0.,-1.,0.));
#2374=VECTOR('',#2373,1.);
#2375=LINE('',#2372,#2374);
#2376=EDGE_CURVE('NONE',#2369,#2371,#2375,.T.);
#2377=ORIENTED_EDGE('NONE',*,*,#2376,.F.);
#2378=CARTESIAN_POINT('',(-0.,1.,326.25));
#2379=DIRECTION('',(0.,1.,0.));
#2380=DIRECTION('',(0.,-0.,1.));
#2381=AXIS2_PLACEMENT_3D('',#2378,#2379,#2380);
#2382=CIRCLE('',#2381,4.2);
#2383=EDGE_CURVE('NONE',#2369,#2331,#2382,.T.);
#2384=ORIENTED_EDGE('NONE',*,*,#2383,.T.);
#2385=ORIENTED_EDGE('NONE',*,*,#2336,.F.);
#2386=CARTESIAN_POINT('',(-0.,0.,326.25));
#2387=DIRECTION('',(-0.,1.,0.));
#2388=DIRECTION('',(-1.,-0.,0.));
#2389=AXIS2_PLACEMENT_3D('',#2386,#2387,#2388);
#2390=CIRCLE('',#2389,4.2);
#2391=EDGE_CURVE('NONE',#2371,#2329,#2390,.T.);
#2392=ORIENTED_EDGE('NONE',*,*,#2391,.F.);
#2393=EDGE_LOOP('NONE',(#2377,#2384,#2385,#2392));
#2394=FACE_BOUND('',#2393,.T.);
#2395=ADVANCED_FACE('NONE',(#2394),#2367,.F.);
#2396=CARTESIAN_POINT('',(4.2,-0.001,326.25));
#2397=DIRECTION('',(-1.,0.,0.));
#2398=DIRECTION('',(0.,0.,1.));
#2399=AXIS2_PLACEMENT_3D('',#2396,#2397,#2398);
#2400=PLANE('',#2399);
#2401=CARTESIAN_POINT('',(4.2,0.,326.25));
#2402=DIRECTION('',(0.,0.,1.));
#2403=VECTOR('',#2402,22.5);
#2404=LINE('',#2401,#2403);
#2405=EDGE_CURVE('NONE',#2371,#357,#2404,.T.);
#2406=ORIENTED_EDGE('NONE',*,*,#2405,.T.);
#2407=ORIENTED_EDGE('NONE',*,*,#386,.F.);
#2408=CARTESIAN_POINT('',(4.2,1.,326.25));
#2409=DIRECTION('',(0.,0.,1.));
#2410=VECTOR('',#2409,22.5);
#2411=LINE('',#2408,#2410);
#2412=EDGE_CURVE('NONE',#2369,#374,#2411,.T.);
#2413=ORIENTED_EDGE('NONE',*,*,#2412,.F.);
#2414=ORIENTED_EDGE('NONE',*,*,#2376,.T.);
#2415=EDGE_LOOP('NONE',(#2406,#2407,#2413,#2414));
#2416=FACE_BOUND('',#2415,.T.);
#2417=ADVANCED_FACE('NONE',(#2416),#2400,.T.);
#2418=CARTESIAN_POINT('',(-0.,1.,348.75));
#2419=DIRECTION('',(0.,1.,0.));
#2420=DIRECTION('',(0.,-0.,1.));
#2421=AXIS2_PLACEMENT_3D('',#2418,#2419,#2420);
#2422=CYLINDRICAL_SURFACE('',#2421,4.2);
#2423=ORIENTED_EDGE('NONE',*,*,#371,.F.);
#2424=CARTESIAN_POINT('',(-0.,0.,348.75));
#2425=DIRECTION('',(-0.,1.,0.));
#2426=DIRECTION('',(-1.,-0.,0.));
#2427=AXIS2_PLACEMENT_3D('',#2424,#2425,#2426);
#2428=CIRCLE('',#2427,4.2);
#2429=EDGE_CURVE('NONE',#2347,#355,#2428,.T.);
#2430=ORIENTED_EDGE('NONE',*,*,#2429,.F.);
#2431=ORIENTED_EDGE('NONE',*,*,#2352,.F.);
#2432=CARTESIAN_POINT('',(-0.,1.,348.75));
#2433=DIRECTION('',(0.,1.,0.));
#2434=DIRECTION('',(0.,-0.,1.));
#2435=AXIS2_PLACEMENT_3D('',#2432,#2433,#2434);
#2436=CIRCLE('',#2435,4.2);
#2437=EDGE_CURVE('NONE',#2339,#366,#2436,.T.);
#2438=ORIENTED_EDGE('NONE',*,*,#2437,.T.);
#2439=EDGE_LOOP('NONE',(#2423,#2430,#2431,#2438));
#2440=FACE_BOUND('',#2439,.T.);
#2441=ADVANCED_FACE('NONE',(#2440),#2422,.F.);
#2442=CARTESIAN_POINT('',(-4.2,1.,281.25));
#2443=DIRECTION('',(-1.,0.,0.));
#2444=DIRECTION('',(0.,0.,1.));
#2445=AXIS2_PLACEMENT_3D('',#2442,#2443,#2444);
#2446=PLANE('',#2445);
#2447=CARTESIAN_POINT('',(-4.2,0.,281.25));
#2448=VERTEX_POINT('NONE',#2447);
#2449=CARTESIAN_POINT('',(-4.2,1.,281.25));
#2450=VERTEX_POINT('NONE',#2449);
#2451=CARTESIAN_POINT('',(-4.2,0.,281.25));
#2452=DIRECTION('',(-0.,1.,0.));
#2453=VECTOR('',#2452,1.);
#2454=LINE('',#2451,#2453);
#2455=EDGE_CURVE('NONE',#2448,#2450,#2454,.T.);
#2456=ORIENTED_EDGE('NONE',*,*,#2455,.T.);
#2457=CARTESIAN_POINT('',(-4.2,1.,303.75));
#2458=VERTEX_POINT('NONE',#2457);
#2459=CARTESIAN_POINT('',(-4.2,1.,281.25));
#2460=DIRECTION('',(-0.,-0.,1.));
#2461=VECTOR('',#2460,22.5);
#2462=LINE('',#2459,#2461);
#2463=EDGE_CURVE('NONE',#2450,#2458,#2462,.T.);
#2464=ORIENTED_EDGE('NONE',*,*,#2463,.T.);
#2465=CARTESIAN_POINT('',(-4.2,0.,303.75));
#2466=VERTEX_POINT('NONE',#2465);
#2467=CARTESIAN_POINT('',(-4.2,1.,303.75));
#2468=DIRECTION('',(0.,-1.,0.));
#2469=VECTOR('',#2468,1.);
#2470=LINE('',#2467,#2469);
#2471=EDGE_CURVE('NONE',#2458,#2466,#2470,.T.);
#2472=ORIENTED_EDGE('NONE',*,*,#2471,.T.);
#2473=CARTESIAN_POINT('',(-4.2,0.,281.25));
#2474=DIRECTION('',(0.,-0.,1.));
#2475=VECTOR('',#2474,22.5);
#2476=LINE('',#2473,#2475);
#2477=EDGE_CURVE('NONE',#2448,#2466,#2476,.T.);
#2478=ORIENTED_EDGE('NONE',*,*,#2477,.F.);
#2479=EDGE_LOOP('NONE',(#2456,#2464,#2472,#2478));
#2480=FACE_BOUND('',#2479,.T.);
#2481=ADVANCED_FACE('NONE',(#2480),#2446,.F.);
#2482=CARTESIAN_POINT('',(-0.,1.,281.25));
#2483=DIRECTION('',(0.,1.,0.));
#2484=DIRECTION('',(0.,-0.,1.));
#2485=AXIS2_PLACEMENT_3D('',#2482,#2483,#2484);
#2486=CYLINDRICAL_SURFACE('',#2485,4.2);
#2487=CARTESIAN_POINT('',(4.2,1.,281.25));
#2488=VERTEX_POINT('NONE',#2487);
#2489=CARTESIAN_POINT('',(4.2,0.,281.25));
#2490=VERTEX_POINT('NONE',#2489);
#2491=CARTESIAN_POINT('',(4.2,1.,281.25));
#2492=DIRECTION('',(0.,-1.,0.));
#2493=VECTOR('',#2492,1.);
#2494=LINE('',#2491,#2493);
#2495=EDGE_CURVE('NONE',#2488,#2490,#2494,.T.);
#2496=ORIENTED_EDGE('NONE',*,*,#2495,.F.);
#2497=CARTESIAN_POINT('',(-0.,1.,281.25));
#2498=DIRECTION('',(0.,1.,0.));
#2499=DIRECTION('',(0.,-0.,1.));
#2500=AXIS2_PLACEMENT_3D('',#2497,#2498,#2499);
#2501=CIRCLE('',#2500,4.2);
#2502=EDGE_CURVE('NONE',#2488,#2450,#2501,.T.);
#2503=ORIENTED_EDGE('NONE',*,*,#2502,.T.);
#2504=ORIENTED_EDGE('NONE',*,*,#2455,.F.);
#2505=CARTESIAN_POINT('',(-0.,0.,281.25));
#2506=DIRECTION('',(-0.,1.,0.));
#2507=DIRECTION('',(-1.,-0.,0.));
#2508=AXIS2_PLACEMENT_3D('',#2505,#2506,#2507);
#2509=CIRCLE('',#2508,4.2);
#2510=EDGE_CURVE('NONE',#2490,#2448,#2509,.T.);
#2511=ORIENTED_EDGE('NONE',*,*,#2510,.F.);
#2512=EDGE_LOOP('NONE',(#2496,#2503,#2504,#2511));
#2513=FACE_BOUND('',#2512,.T.);
#2514=ADVANCED_FACE('NONE',(#2513),#2486,.F.);
#2515=CARTESIAN_POINT('',(4.2,-0.001,281.25));
#2516=DIRECTION('',(-1.,0.,0.));
#2517=DIRECTION('',(0.,0.,1.));
#2518=AXIS2_PLACEMENT_3D('',#2515,#2516,#2517);
#2519=PLANE('',#2518);
#2520=CARTESIAN_POINT('',(4.2,0.,281.25));
#2521=DIRECTION('',(0.,0.,1.));
#2522=VECTOR('',#2521,22.5);
#2523=LINE('',#2520,#2522);
#2524=EDGE_CURVE('NONE',#2490,#315,#2523,.T.);
#2525=ORIENTED_EDGE('NONE',*,*,#2524,.T.);
#2526=ORIENTED_EDGE('NONE',*,*,#344,.F.);
#2527=CARTESIAN_POINT('',(4.2,1.,281.25));
#2528=DIRECTION('',(0.,0.,1.));
#2529=VECTOR('',#2528,22.5);
#2530=LINE('',#2527,#2529);
#2531=EDGE_CURVE('NONE',#2488,#332,#2530,.T.);
#2532=ORIENTED_EDGE('NONE',*,*,#2531,.F.);
#2533=ORIENTED_EDGE('NONE',*,*,#2495,.T.);
#2534=EDGE_LOOP('NONE',(#2525,#2526,#2532,#2533));
#2535=FACE_BOUND('',#2534,.T.);
#2536=ADVANCED_FACE('NONE',(#2535),#2519,.T.);
#2537=CARTESIAN_POINT('',(-0.,1.,303.75));
#2538=DIRECTION('',(0.,1.,0.));
#2539=DIRECTION('',(0.,-0.,1.));
#2540=AXIS2_PLACEMENT_3D('',#2537,#2538,#2539);
#2541=CYLINDRICAL_SURFACE('',#2540,4.2);
#2542=ORIENTED_EDGE('NONE',*,*,#329,.F.);
#2543=CARTESIAN_POINT('',(-0.,0.,303.75));
#2544=DIRECTION('',(-0.,1.,0.));
#2545=DIRECTION('',(-1.,-0.,0.));
#2546=AXIS2_PLACEMENT_3D('',#2543,#2544,#2545);
#2547=CIRCLE('',#2546,4.2);
#2548=EDGE_CURVE('NONE',#2466,#313,#2547,.T.);
#2549=ORIENTED_EDGE('NONE',*,*,#2548,.F.);
#2550=ORIENTED_EDGE('NONE',*,*,#2471,.F.);
#2551=CARTESIAN_POINT('',(-0.,1.,303.75));
#2552=DIRECTION('',(0.,1.,0.));
#2553=DIRECTION('',(0.,-0.,1.));
#2554=AXIS2_PLACEMENT_3D('',#2551,#2552,#2553);
#2555=CIRCLE('',#2554,4.2);
#2556=EDGE_CURVE('NONE',#2458,#324,#2555,.T.);
#2557=ORIENTED_EDGE('NONE',*,*,#2556,.T.);
#2558=EDGE_LOOP('NONE',(#2542,#2549,#2550,#2557));
#2559=FACE_BOUND('',#2558,.T.);
#2560=ADVANCED_FACE('NONE',(#2559),#2541,.F.);
#2561=CARTESIAN_POINT('',(-4.2,1.,236.25));
#2562=DIRECTION('',(-1.,0.,0.));
#2563=DIRECTION('',(0.,0.,1.));
#2564=AXIS2_PLACEMENT_3D('',#2561,#2562,#2563);
#2565=PLANE('',#2564);
#2566=CARTESIAN_POINT('',(-4.2,0.,236.25));
#2567=VERTEX_POINT('NONE',#2566);
#2568=CARTESIAN_POINT('',(-4.2,1.,236.25));
#2569=VERTEX_POINT('NONE',#2568);
#2570=CARTESIAN_POINT('',(-4.2,0.,236.25));
#2571=DIRECTION('',(-0.,1.,0.));
#2572=VECTOR('',#2571,1.);
#2573=LINE('',#2570,#2572);
#2574=EDGE_CURVE('NONE',#2567,#2569,#2573,.T.);
#2575=ORIENTED_EDGE('NONE',*,*,#2574,.T.);
#2576=CARTESIAN_POINT('',(-4.2,1.,258.75));
#2577=VERTEX_POINT('NONE',#2576);
#2578=CARTESIAN_POINT('',(-4.2,1.,236.25));
#2579=DIRECTION('',(-0.,-0.,1.));
#2580=VECTOR('',#2579,22.5);
#2581=LINE('',#2578,#2580);
#2582=EDGE_CURVE('NONE',#2569,#2577,#2581,.T.);
#2583=ORIENTED_EDGE('NONE',*,*,#2582,.T.);
#2584=CARTESIAN_POINT('',(-4.2,0.,258.75));
#2585=VERTEX_POINT('NONE',#2584);
#2586=CARTESIAN_POINT('',(-4.2,1.,258.75));
#2587=DIRECTION('',(0.,-1.,0.));
#2588=VECTOR('',#2587,1.);
#2589=LINE('',#2586,#2588);
#2590=EDGE_CURVE('NONE',#2577,#2585,#2589,.T.);
#2591=ORIENTED_EDGE('NONE',*,*,#2590,.T.);
#2592=CARTESIAN_POINT('',(-4.2,0.,236.25));
#2593=DIRECTION('',(0.,-0.,1.));
#2594=VECTOR('',#2593,22.5);
#2595=LINE('',#2592,#2594);
#2596=EDGE_CURVE('NONE',#2567,#2585,#2595,.T.);
#2597=ORIENTED_EDGE('NONE',*,*,#2596,.F.);
#2598=EDGE_LOOP('NONE',(#2575,#2583,#2591,#2597));
#2599=FACE_BOUND('',#2598,.T.);
#2600=ADVANCED_FACE('NONE',(#2599),#2565,.F.);
#2601=CARTESIAN_POINT('',(-0.,1.,236.25));
#2602=DIRECTION('',(0.,1.,0.));
#2603=DIRECTION('',(0.,-0.,1.));
#2604=AXIS2_PLACEMENT_3D('',#2601,#2602,#2603);
#2605=CYLINDRICAL_SURFACE('',#2604,4.2);
#2606=CARTESIAN_POINT('',(4.2,1.,236.25));
#2607=VERTEX_POINT('NONE',#2606);
#2608=CARTESIAN_POINT('',(4.2,0.,236.25));
#2609=VERTEX_POINT('NONE',#2608);
#2610=CARTESIAN_POINT('',(4.2,1.,236.25));
#2611=DIRECTION('',(0.,-1.,0.));
#2612=VECTOR('',#2611,1.);
#2613=LINE('',#2610,#2612);
#2614=EDGE_CURVE('NONE',#2607,#2609,#2613,.T.);
#2615=ORIENTED_EDGE('NONE',*,*,#2614,.F.);
#2616=CARTESIAN_POINT('',(-0.,1.,236.25));
#2617=DIRECTION('',(0.,1.,0.));
#2618=DIRECTION('',(0.,-0.,1.));
#2619=AXIS2_PLACEMENT_3D('',#2616,#2617,#2618);
#2620=CIRCLE('',#2619,4.2);
#2621=EDGE_CURVE('NONE',#2607,#2569,#2620,.T.);
#2622=ORIENTED_EDGE('NONE',*,*,#2621,.T.);
#2623=ORIENTED_EDGE('NONE',*,*,#2574,.F.);
#2624=CARTESIAN_POINT('',(-0.,0.,236.25));
#2625=DIRECTION('',(-0.,1.,0.));
#2626=DIRECTION('',(-1.,-0.,0.));
#2627=AXIS2_PLACEMENT_3D('',#2624,#2625,#2626);
#2628=CIRCLE('',#2627,4.2);
#2629=EDGE_CURVE('NONE',#2609,#2567,#2628,.T.);
#2630=ORIENTED_EDGE('NONE',*,*,#2629,.F.);
#2631=EDGE_LOOP('NONE',(#2615,#2622,#2623,#2630));
#2632=FACE_BOUND('',#2631,.T.);
#2633=ADVANCED_FACE('NONE',(#2632),#2605,.F.);
#2634=CARTESIAN_POINT('',(4.2,-0.001,236.25));
#2635=DIRECTION('',(-1.,0.,0.));
#2636=DIRECTION('',(0.,0.,1.));
#2637=AXIS2_PLACEMENT_3D('',#2634,#2635,#2636);
#2638=PLANE('',#2637);
#2639=CARTESIAN_POINT('',(4.2,0.,236.25));
#2640=DIRECTION('',(0.,0.,1.));
#2641=VECTOR('',#2640,22.5);
#2642=LINE('',#2639,#2641);
#2643=EDGE_CURVE('NONE',#2609,#273,#2642,.T.);
#2644=ORIENTED_EDGE('NONE',*,*,#2643,.T.);
#2645=ORIENTED_EDGE('NONE',*,*,#302,.F.);
#2646=CARTESIAN_POINT('',(4.2,1.,236.25));
#2647=DIRECTION('',(0.,0.,1.));
#2648=VECTOR('',#2647,22.5);
#2649=LINE('',#2646,#2648);
#2650=EDGE_CURVE('NONE',#2607,#290,#2649,.T.);
#2651=ORIENTED_EDGE('NONE',*,*,#2650,.F.);
#2652=ORIENTED_EDGE('NONE',*,*,#2614,.T.);
#2653=EDGE_LOOP('NONE',(#2644,#2645,#2651,#2652));
#2654=FACE_BOUND('',#2653,.T.);
#2655=ADVANCED_FACE('NONE',(#2654),#2638,.T.);
#2656=CARTESIAN_POINT('',(-0.,1.,258.75));
#2657=DIRECTION('',(0.,1.,0.));
#2658=DIRECTION('',(0.,-0.,1.));
#2659=AXIS2_PLACEMENT_3D('',#2656,#2657,#2658);
#2660=CYLINDRICAL_SURFACE('',#2659,4.2);
#2661=ORIENTED_EDGE('NONE',*,*,#287,.F.);
#2662=CARTESIAN_POINT('',(-0.,0.,258.75));
#2663=DIRECTION('',(-0.,1.,0.));
#2664=DIRECTION('',(-1.,-0.,0.));
#2665=AXIS2_PLACEMENT_3D('',#2662,#2663,#2664);
#2666=CIRCLE('',#2665,4.2);
#2667=EDGE_CURVE('NONE',#2585,#271,#2666,.T.);
#2668=ORIENTED_EDGE('NONE',*,*,#2667,.F.);
#2669=ORIENTED_EDGE('NONE',*,*,#2590,.F.);
#2670=CARTESIAN_POINT('',(-0.,1.,258.75));
#2671=DIRECTION('',(0.,1.,0.));
#2672=DIRECTION('',(0.,-0.,1.));
#2673=AXIS2_PLACEMENT_3D('',#2670,#2671,#2672);
#2674=CIRCLE('',#2673,4.2);
#2675=EDGE_CURVE('NONE',#2577,#282,#2674,.T.);
#2676=ORIENTED_EDGE('NONE',*,*,#2675,.T.);
#2677=EDGE_LOOP('NONE',(#2661,#2668,#2669,#2676));
#2678=FACE_BOUND('',#2677,.T.);
#2679=ADVANCED_FACE('NONE',(#2678),#2660,.F.);
#2680=CARTESIAN_POINT('',(-4.2,1.,191.25));
#2681=DIRECTION('',(-1.,0.,0.));
#2682=DIRECTION('',(0.,0.,1.));
#2683=AXIS2_PLACEMENT_3D('',#2680,#2681,#2682);
#2684=PLANE('',#2683);
#2685=CARTESIAN_POINT('',(-4.2,0.,191.25));
#2686=VERTEX_POINT('NONE',#2685);
#2687=CARTESIAN_POINT('',(-4.2,1.,191.25));
#2688=VERTEX_POINT('NONE',#2687);
#2689=CARTESIAN_POINT('',(-4.2,0.,191.25));
#2690=DIRECTION('',(-0.,1.,0.));
#2691=VECTOR('',#2690,1.);
#2692=LINE('',#2689,#2691);
#2693=EDGE_CURVE('NONE',#2686,#2688,#2692,.T.);
#2694=ORIENTED_EDGE('NONE',*,*,#2693,.T.);
#2695=CARTESIAN_POINT('',(-4.2,1.,213.75));
#2696=VERTEX_POINT('NONE',#2695);
#2697=CARTESIAN_POINT('',(-4.2,1.,191.25));
#2698=DIRECTION('',(-0.,-0.,1.));
#2699=VECTOR('',#2698,22.5);
#2700=LINE('',#2697,#2699);
#2701=EDGE_CURVE('NONE',#2688,#2696,#2700,.T.);
#2702=ORIENTED_EDGE('NONE',*,*,#2701,.T.);
#2703=CARTESIAN_POINT('',(-4.2,0.,213.75));
#2704=VERTEX_POINT('NONE',#2703);
#2705=CARTESIAN_POINT('',(-4.2,1.,213.75));
#2706=DIRECTION('',(0.,-1.,0.));
#2707=VECTOR('',#2706,1.);
#2708=LINE('',#2705,#2707);
#2709=EDGE_CURVE('NONE',#2696,#2704,#2708,.T.);
#2710=ORIENTED_EDGE('NONE',*,*,#2709,.T.);
#2711=CARTESIAN_POINT('',(-4.2,0.,191.25));
#2712=DIRECTION('',(0.,-0.,1.));
#2713=VECTOR('',#2712,22.5);
#2714=LINE('',#2711,#2713);
#2715=EDGE_CURVE('NONE',#2686,#2704,#2714,.T.);
#2716=ORIENTED_EDGE('NONE',*,*,#2715,.F.);
#2717=EDGE_LOOP('NONE',(#2694,#2702,#2710,#2716));
#2718=FACE_BOUND('',#2717,.T.);
#2719=ADVANCED_FACE('NONE',(#2718),#2684,.F.);
#2720=CARTESIAN_POINT('',(-0.,1.,191.25));
#2721=DIRECTION('',(0.,1.,0.));
#2722=DIRECTION('',(0.,-0.,1.));
#2723=AXIS2_PLACEMENT_3D('',#2720,#2721,#2722);
#2724=CYLINDRICAL_SURFACE('',#2723,4.2);
#2725=CARTESIAN_POINT('',(4.2,1.,191.25));
#2726=VERTEX_POINT('NONE',#2725);
#2727=CARTESIAN_POINT('',(4.2,0.,191.25));
#2728=VERTEX_POINT('NONE',#2727);
#2729=CARTESIAN_POINT('',(4.2,1.,191.25));
#2730=DIRECTION('',(0.,-1.,0.));
#2731=VECTOR('',#2730,1.);
#2732=LINE('',#2729,#2731);
#2733=EDGE_CURVE('NONE',#2726,#2728,#2732,.T.);
#2734=ORIENTED_EDGE('NONE',*,*,#2733,.F.);
#2735=CARTESIAN_POINT('',(-0.,1.,191.25));
#2736=DIRECTION('',(0.,1.,0.));
#2737=DIRECTION('',(0.,-0.,1.));
#2738=AXIS2_PLACEMENT_3D('',#2735,#2736,#2737);
#2739=CIRCLE('',#2738,4.2);
#2740=EDGE_CURVE('NONE',#2726,#2688,#2739,.T.);
#2741=ORIENTED_EDGE('NONE',*,*,#2740,.T.);
#2742=ORIENTED_EDGE('NONE',*,*,#2693,.F.);
#2743=CARTESIAN_POINT('',(-0.,0.,191.25));
#2744=DIRECTION('',(-0.,1.,0.));
#2745=DIRECTION('',(-1.,-0.,0.));
#2746=AXIS2_PLACEMENT_3D('',#2743,#2744,#2745);
#2747=CIRCLE('',#2746,4.2);
#2748=EDGE_CURVE('NONE',#2728,#2686,#2747,.T.);
#2749=ORIENTED_EDGE('NONE',*,*,#2748,.F.);
#2750=EDGE_LOOP('NONE',(#2734,#2741,#2742,#2749));
#2751=FACE_BOUND('',#2750,.T.);
#2752=ADVANCED_FACE('NONE',(#2751),#2724,.F.);
#2753=CARTESIAN_POINT('',(4.2,-0.001,191.25));
#2754=DIRECTION('',(-1.,0.,0.));
#2755=DIRECTION('',(0.,0.,1.));
#2756=AXIS2_PLACEMENT_3D('',#2753,#2754,#2755);
#2757=PLANE('',#2756);
#2758=CARTESIAN_POINT('',(4.2,0.,191.25));
#2759=DIRECTION('',(0.,0.,1.));
#2760=VECTOR('',#2759,22.5);
#2761=LINE('',#2758,#2760);
#2762=EDGE_CURVE('NONE',#2728,#231,#2761,.T.);
#2763=ORIENTED_EDGE('NONE',*,*,#2762,.T.);
#2764=ORIENTED_EDGE('NONE',*,*,#260,.F.);
#2765=CARTESIAN_POINT('',(4.2,1.,191.25));
#2766=DIRECTION('',(0.,0.,1.));
#2767=VECTOR('',#2766,22.5);
#2768=LINE('',#2765,#2767);
#2769=EDGE_CURVE('NONE',#2726,#248,#2768,.T.);
#2770=ORIENTED_EDGE('NONE',*,*,#2769,.F.);
#2771=ORIENTED_EDGE('NONE',*,*,#2733,.T.);
#2772=EDGE_LOOP('NONE',(#2763,#2764,#2770,#2771));
#2773=FACE_BOUND('',#2772,.T.);
#2774=ADVANCED_FACE('NONE',(#2773),#2757,.T.);
#2775=CARTESIAN_POINT('',(-0.,1.,213.75));
#2776=DIRECTION('',(0.,1.,0.));
#2777=DIRECTION('',(0.,-0.,1.));
#2778=AXIS2_PLACEMENT_3D('',#2775,#2776,#2777);
#2779=CYLINDRICAL_SURFACE('',#2778,4.2);
#2780=ORIENTED_EDGE('NONE',*,*,#245,.F.);
#2781=CARTESIAN_POINT('',(-0.,0.,213.75));
#2782=DIRECTION('',(-0.,1.,0.));
#2783=DIRECTION('',(-1.,-0.,0.));
#2784=AXIS2_PLACEMENT_3D('',#2781,#2782,#2783);
#2785=CIRCLE('',#2784,4.2);
#2786=EDGE_CURVE('NONE',#2704,#229,#2785,.T.);
#2787=ORIENTED_EDGE('NONE',*,*,#2786,.F.);
#2788=ORIENTED_EDGE('NONE',*,*,#2709,.F.);
#2789=CARTESIAN_POINT('',(-0.,1.,213.75));
#2790=DIRECTION('',(0.,1.,0.));
#2791=DIRECTION('',(0.,-0.,1.));
#2792=AXIS2_PLACEMENT_3D('',#2789,#2790,#2791);
#2793=CIRCLE('',#2792,4.2);
#2794=EDGE_CURVE('NONE',#2696,#240,#2793,.T.);
#2795=ORIENTED_EDGE('NONE',*,*,#2794,.T.);
#2796=EDGE_LOOP('NONE',(#2780,#2787,#2788,#2795));
#2797=FACE_BOUND('',#2796,.T.);
#2798=ADVANCED_FACE('NONE',(#2797),#2779,.F.);
#2799=CARTESIAN_POINT('',(-4.2,1.,146.25));
#2800=DIRECTION('',(-1.,0.,0.));
#2801=DIRECTION('',(0.,0.,1.));
#2802=AXIS2_PLACEMENT_3D('',#2799,#2800,#2801);
#2803=PLANE('',#2802);
#2804=CARTESIAN_POINT('',(-4.2,0.,146.25));
#2805=VERTEX_POINT('NONE',#2804);
#2806=CARTESIAN_POINT('',(-4.2,1.,146.25));
#2807=VERTEX_POINT('NONE',#2806);
#2808=CARTESIAN_POINT('',(-4.2,0.,146.25));
#2809=DIRECTION('',(-0.,1.,0.));
#2810=VECTOR('',#2809,1.);
#2811=LINE('',#2808,#2810);
#2812=EDGE_CURVE('NONE',#2805,#2807,#2811,.T.);
#2813=ORIENTED_EDGE('NONE',*,*,#2812,.T.);
#2814=CARTESIAN_POINT('',(-4.2,1.,168.75));
#2815=VERTEX_POINT('NONE',#2814);
#2816=CARTESIAN_POINT('',(-4.2,1.,146.25));
#2817=DIRECTION('',(-0.,-0.,1.));
#2818=VECTOR('',#2817,22.5);
#2819=LINE('',#2816,#2818);
#2820=EDGE_CURVE('NONE',#2807,#2815,#2819,.T.);
#2821=ORIENTED_EDGE('NONE',*,*,#2820,.T.);
#2822=CARTESIAN_POINT('',(-4.2,0.,168.75));
#2823=VERTEX_POINT('NONE',#2822);
#2824=CARTESIAN_POINT('',(-4.2,1.,168.75));
#2825=DIRECTION('',(0.,-1.,0.));
#2826=VECTOR('',#2825,1.);
#2827=LINE('',#2824,#2826);
#2828=EDGE_CURVE('NONE',#2815,#2823,#2827,.T.);
#2829=ORIENTED_EDGE('NONE',*,*,#2828,.T.);
#2830=CARTESIAN_POINT('',(-4.2,0.,146.25));
#2831=DIRECTION('',(0.,-0.,1.));
#2832=VECTOR('',#2831,22.5);
#2833=LINE('',#2830,#2832);
#2834=EDGE_CURVE('NONE',#2805,#2823,#2833,.T.);
#2835=ORIENTED_EDGE('NONE',*,*,#2834,.F.);
#2836=EDGE_LOOP('NONE',(#2813,#2821,#2829,#2835));
#2837=FACE_BOUND('',#2836,.T.);
#2838=ADVANCED_FACE('NONE',(#2837),#2803,.F.);
#2839=CARTESIAN_POINT('',(-0.,1.,146.25));
#2840=DIRECTION('',(0.,1.,0.));
#2841=DIRECTION('',(0.,-0.,1.));
#2842=AXIS2_PLACEMENT_3D('',#2839,#2840,#2841);
#2843=CYLINDRICAL_SURFACE('',#2842,4.2);
#2844=CARTESIAN_POINT('',(4.2,1.,146.25));
#2845=VERTEX_POINT('NONE',#2844);
#2846=CARTESIAN_POINT('',(4.2,0.,146.25));
#2847=VERTEX_POINT('NONE',#2846);
#2848=CARTESIAN_POINT('',(4.2,1.,146.25));
#2849=DIRECTION('',(0.,-1.,0.));
#2850=VECTOR('',#2849,1.);
#2851=LINE('',#2848,#2850);
#2852=EDGE_CURVE('NONE',#2845,#2847,#2851,.T.);
#2853=ORIENTED_EDGE('NONE',*,*,#2852,.F.);
#2854=CARTESIAN_POINT('',(-0.,1.,146.25));
#2855=DIRECTION('',(0.,1.,0.));
#2856=DIRECTION('',(0.,-0.,1.));
#2857=AXIS2_PLACEMENT_3D('',#2854,#2855,#2856);
#2858=CIRCLE('',#2857,4.2);
#2859=EDGE_CURVE('NONE',#2845,#2807,#2858,.T.);
#2860=ORIENTED_EDGE('NONE',*,*,#2859,.T.);
#2861=ORIENTED_EDGE('NONE',*,*,#2812,.F.);
#2862=CARTESIAN_POINT('',(-0.,0.,146.25));
#2863=DIRECTION('',(-0.,1.,0.));
#2864=DIRECTION('',(-1.,-0.,0.));
#2865=AXIS2_PLACEMENT_3D('',#2862,#2863,#2864);
#2866=CIRCLE('',#2865,4.2);
#2867=EDGE_CURVE('NONE',#2847,#2805,#2866,.T.);
#2868=ORIENTED_EDGE('NONE',*,*,#2867,.F.);
#2869=EDGE_LOOP('NONE',(#2853,#2860,#2861,#2868));
#2870=FACE_BOUND('',#2869,.T.);
#2871=ADVANCED_FACE('NONE',(#2870),#2843,.F.);
#2872=CARTESIAN_POINT('',(4.2,-0.001,146.25));
#2873=DIRECTION('',(-1.,0.,0.));
#2874=DIRECTION('',(0.,0.,1.));
#2875=AXIS2_PLACEMENT_3D('',#2872,#2873,#2874);
#2876=PLANE('',#2875);
#2877=CARTESIAN_POINT('',(4.2,0.,146.25));
#2878=DIRECTION('',(0.,0.,1.));
#2879=VECTOR('',#2878,22.5);
#2880=LINE('',#2877,#2879);
#2881=EDGE_CURVE('NONE',#2847,#189,#2880,.T.);
#2882=ORIENTED_EDGE('NONE',*,*,#2881,.T.);
#2883=ORIENTED_EDGE('NONE',*,*,#218,.F.);
#2884=CARTESIAN_POINT('',(4.2,1.,146.25));
#2885=DIRECTION('',(0.,0.,1.));
#2886=VECTOR('',#2885,22.5);
#2887=LINE('',#2884,#2886);
#2888=EDGE_CURVE('NONE',#2845,#206,#2887,.T.);
#2889=ORIENTED_EDGE('NONE',*,*,#2888,.F.);
#2890=ORIENTED_EDGE('NONE',*,*,#2852,.T.);
#2891=EDGE_LOOP('NONE',(#2882,#2883,#2889,#2890));
#2892=FACE_BOUND('',#2891,.T.);
#2893=ADVANCED_FACE('NONE',(#2892),#2876,.T.);
#2894=CARTESIAN_POINT('',(-0.,1.,168.75));
#2895=DIRECTION('',(0.,1.,0.));
#2896=DIRECTION('',(0.,-0.,1.));
#2897=AXIS2_PLACEMENT_3D('',#2894,#2895,#2896);
#2898=CYLINDRICAL_SURFACE('',#2897,4.2);
#2899=ORIENTED_EDGE('NONE',*,*,#203,.F.);
#2900=CARTESIAN_POINT('',(-0.,0.,168.75));
#2901=DIRECTION('',(-0.,1.,0.));
#2902=DIRECTION('',(-1.,-0.,0.));
#2903=AXIS2_PLACEMENT_3D('',#2900,#2901,#2902);
#2904=CIRCLE('',#2903,4.2);
#2905=EDGE_CURVE('NONE',#2823,#187,#2904,.T.);
#2906=ORIENTED_EDGE('NONE',*,*,#2905,.F.);
#2907=ORIENTED_EDGE('NONE',*,*,#2828,.F.);
#2908=CARTESIAN_POINT('',(-0.,1.,168.75));
#2909=DIRECTION('',(0.,1.,0.));
#2910=DIRECTION('',(0.,-0.,1.));
#2911=AXIS2_PLACEMENT_3D('',#2908,#2909,#2910);
#2912=CIRCLE('',#2911,4.2);
#2913=EDGE_CURVE('NONE',#2815,#198,#2912,.T.);
#2914=ORIENTED_EDGE('NONE',*,*,#2913,.T.);
#2915=EDGE_LOOP('NONE',(#2899,#2906,#2907,#2914));
#2916=FACE_BOUND('',#2915,.T.);
#2917=ADVANCED_FACE('NONE',(#2916),#2898,.F.);
#2918=CARTESIAN_POINT('',(-4.2,1.,101.25));
#2919=DIRECTION('',(-1.,0.,0.));
#2920=DIRECTION('',(0.,0.,1.));
#2921=AXIS2_PLACEMENT_3D('',#2918,#2919,#2920);
#2922=PLANE('',#2921);
#2923=CARTESIAN_POINT('',(-4.2,0.,101.25));
#2924=VERTEX_POINT('NONE',#2923);
#2925=CARTESIAN_POINT('',(-4.2,1.,101.25));
#2926=VERTEX_POINT('NONE',#2925);
#2927=CARTESIAN_POINT('',(-4.2,0.,101.25));
#2928=DIRECTION('',(-0.,1.,0.));
#2929=VECTOR('',#2928,1.);
#2930=LINE('',#2927,#2929);
#2931=EDGE_CURVE('NONE',#2924,#2926,#2930,.T.);
#2932=ORIENTED_EDGE('NONE',*,*,#2931,.T.);
#2933=CARTESIAN_POINT('',(-4.2,1.,123.75));
#2934=VERTEX_POINT('NONE',#2933);
#2935=CARTESIAN_POINT('',(-4.2,1.,101.25));
#2936=DIRECTION('',(-0.,-0.,1.));
#2937=VECTOR('',#2936,22.5);
#2938=LINE('',#2935,#2937);
#2939=EDGE_CURVE('NONE',#2926,#2934,#2938,.T.);
#2940=ORIENTED_EDGE('NONE',*,*,#2939,.T.);
#2941=CARTESIAN_POINT('',(-4.2,0.,123.75));
#2942=VERTEX_POINT('NONE',#2941);
#2943=CARTESIAN_POINT('',(-4.2,1.,123.75));
#2944=DIRECTION('',(0.,-1.,0.));
#2945=VECTOR('',#2944,1.);
#2946=LINE('',#2943,#2945);
#2947=EDGE_CURVE('NONE',#2934,#2942,#2946,.T.);
#2948=ORIENTED_EDGE('NONE',*,*,#2947,.T.);
#2949=CARTESIAN_POINT('',(-4.2,0.,101.25));
#2950=DIRECTION('',(0.,-0.,1.));
#2951=VECTOR('',#2950,22.5);
#2952=LINE('',#2949,#2951);
#2953=EDGE_CURVE('NONE',#2924,#2942,#2952,.T.);
#2954=ORIENTED_EDGE('NONE',*,*,#2953,.F.);
#2955=EDGE_LOOP('NONE',(#2932,#2940,#2948,#2954));
#2956=FACE_BOUND('',#2955,.T.);
#2957=ADVANCED_FACE('NONE',(#2956),#2922,.F.);
#2958=CARTESIAN_POINT('',(-0.,1.,101.25));
#2959=DIRECTION('',(0.,1.,0.));
#2960=DIRECTION('',(0.,-0.,1.));
#2961=AXIS2_PLACEMENT_3D('',#2958,#2959,#2960);
#2962=CYLINDRICAL_SURFACE('',#2961,4.2);
#2963=CARTESIAN_POINT('',(4.2,1.,101.25));
#2964=VERTEX_POINT('NONE',#2963);
#2965=CARTESIAN_POINT('',(4.2,0.,101.25));
#2966=VERTEX_POINT('NONE',#2965);
#2967=CARTESIAN_POINT('',(4.2,1.,101.25));
#2968=DIRECTION('',(0.,-1.,0.));
#2969=VECTOR('',#2968,1.);
#2970=LINE('',#2967,#2969);
#2971=EDGE_CURVE('NONE',#2964,#2966,#2970,.T.);
#2972=ORIENTED_EDGE('NONE',*,*,#2971,.F.);
#2973=CARTESIAN_POINT('',(-0.,1.,101.25));
#2974=DIRECTION('',(0.,1.,0.));
#2975=DIRECTION('',(0.,-0.,1.));
#2976=AXIS2_PLACEMENT_3D('',#2973,#2974,#2975);
#2977=CIRCLE('',#2976,4.2);
#2978=EDGE_CURVE('NONE',#2964,#2926,#2977,.T.);
#2979=ORIENTED_EDGE('NONE',*,*,#2978,.T.);
#2980=ORIENTED_EDGE('NONE',*,*,#2931,.F.);
#2981=CARTESIAN_POINT('',(-0.,0.,101.25));
#2982=DIRECTION('',(-0.,1.,0.));
#2983=DIRECTION('',(-1.,-0.,0.));
#2984=AXIS2_PLACEMENT_3D('',#2981,#2982,#2983);
#2985=CIRCLE('',#2984,4.2);
#2986=EDGE_CURVE('NONE',#2966,#2924,#2985,.T.);
#2987=ORIENTED_EDGE('NONE',*,*,#2986,.F.);
#2988=EDGE_LOOP('NONE',(#2972,#2979,#2980,#2987));
#2989=FACE_BOUND('',#2988,.T.);
#2990=ADVANCED_FACE('NONE',(#2989),#2962,.F.);
#2991=CARTESIAN_POINT('',(4.2,-0.001,101.25));
#2992=DIRECTION('',(-1.,0.,0.));
#2993=DIRECTION('',(0.,0.,1.));
#2994=AXIS2_PLACEMENT_3D('',#2991,#2992,#2993);
#2995=PLANE('',#2994);
#2996=CARTESIAN_POINT('',(4.2,0.,101.25));
#2997=DIRECTION('',(0.,0.,1.));
#2998=VECTOR('',#2997,22.5);
#2999=LINE('',#2996,#2998);
#3000=EDGE_CURVE('NONE',#2966,#147,#2999,.T.);
#3001=ORIENTED_EDGE('NONE',*,*,#3000,.T.);
#3002=ORIENTED_EDGE('NONE',*,*,#176,.F.);
#3003=CARTESIAN_POINT('',(4.2,1.,101.25));
#3004=DIRECTION('',(0.,0.,1.));
#3005=VECTOR('',#3004,22.5);
#3006=LINE('',#3003,#3005);
#3007=EDGE_CURVE('NONE',#2964,#164,#3006,.T.);
#3008=ORIENTED_EDGE('NONE',*,*,#3007,.F.);
#3009=ORIENTED_EDGE('NONE',*,*,#2971,.T.);
#3010=EDGE_LOOP('NONE',(#3001,#3002,#3008,#3009));
#3011=FACE_BOUND('',#3010,.T.);
#3012=ADVANCED_FACE('NONE',(#3011),#2995,.T.);
#3013=CARTESIAN_POINT('',(-0.,1.,123.75));
#3014=DIRECTION('',(0.,1.,0.));
#3015=DIRECTION('',(0.,-0.,1.));
#3016=AXIS2_PLACEMENT_3D('',#3013,#3014,#3015);
#3017=CYLINDRICAL_SURFACE('',#3016,4.2);
#3018=ORIENTED_EDGE('NONE',*,*,#161,.F.);
#3019=CARTESIAN_POINT('',(-0.,0.,123.75));
#3020=DIRECTION('',(-0.,1.,0.));
#3021=DIRECTION('',(-1.,-0.,0.));
#3022=AXIS2_PLACEMENT_3D('',#3019,#3020,#3021);
#3023=CIRCLE('',#3022,4.2);
#3024=EDGE_CURVE('NONE',#2942,#145,#3023,.T.);
#3025=ORIENTED_EDGE('NONE',*,*,#3024,.F.);
#3026=ORIENTED_EDGE('NONE',*,*,#2947,.F.);
#3027=CARTESIAN_POINT('',(-0.,1.,123.75));
#3028=DIRECTION('',(0.,1.,0.));
#3029=DIRECTION('',(0.,-0.,1.));
#3030=AXIS2_PLACEMENT_3D('',#3027,#3028,#3029);
#3031=CIRCLE('',#3030,4.2);
#3032=EDGE_CURVE('NONE',#2934,#156,#3031,.T.);
#3033=ORIENTED_EDGE('NONE',*,*,#3032,.T.);
#3034=EDGE_LOOP('NONE',(#3018,#3025,#3026,#3033));
#3035=FACE_BOUND('',#3034,.T.);
#3036=ADVANCED_FACE('NONE',(#3035),#3017,.F.);
#3037=CARTESIAN_POINT('',(-11.7,1.,900.));
#3038=DIRECTION('',(0.,-1.,0.));
#3039=DIRECTION('',(1.,0.,0.));
#3040=AXIS2_PLACEMENT_3D('',#3037,#3038,#3039);
#3041=PLANE('',#3040);
#3042=CARTESIAN_POINT('',(4.2,1.,56.25));
#3043=VERTEX_POINT('NONE',#3042);
#3044=CARTESIAN_POINT('',(4.2,1.,56.25));
#3045=DIRECTION('',(0.,0.,1.));
#3046=VECTOR('',#3045,22.5);
#3047=LINE('',#3044,#3046);
#3048=EDGE_CURVE('NONE',#3043,#80,#3047,.T.);
#3049=ORIENTED_EDGE('NONE',*,*,#3048,.T.);
#3050=ORIENTED_EDGE('NONE',*,*,#86,.F.);
#3051=CARTESIAN_POINT('',(-4.2,1.,78.75));
#3052=VERTEX_POINT('NONE',#3051);
#3053=CARTESIAN_POINT('',(-0.,1.,78.75));
#3054=DIRECTION('',(0.,1.,0.));
#3055=DIRECTION('',(0.,-0.,1.));
#3056=AXIS2_PLACEMENT_3D('',#3053,#3054,#3055);
#3057=CIRCLE('',#3056,4.2);
#3058=EDGE_CURVE('NONE',#3052,#72,#3057,.T.);
#3059=ORIENTED_EDGE('NONE',*,*,#3058,.F.);
#3060=CARTESIAN_POINT('',(-4.2,1.,56.25));
#3061=VERTEX_POINT('NONE',#3060);
#3062=CARTESIAN_POINT('',(-4.2,1.,56.25));
#3063=DIRECTION('',(-0.,0.,1.));
#3064=VECTOR('',#3063,22.5);
#3065=LINE('',#3062,#3064);
#3066=EDGE_CURVE('NONE',#3061,#3052,#3065,.T.);
#3067=ORIENTED_EDGE('NONE',*,*,#3066,.F.);
#3068=CARTESIAN_POINT('',(-0.,1.,56.25));
#3069=DIRECTION('',(0.,1.,0.));
#3070=DIRECTION('',(0.,-0.,1.));
#3071=AXIS2_PLACEMENT_3D('',#3068,#3069,#3070);
#3072=CIRCLE('',#3071,4.2);
#3073=EDGE_CURVE('NONE',#3043,#3061,#3072,.T.);
#3074=ORIENTED_EDGE('NONE',*,*,#3073,.F.);
#3075=EDGE_LOOP('NONE',(#3049,#3050,#3059,#3067,#3074));
#3076=FACE_BOUND('',#3075,.T.);
#3077=CARTESIAN_POINT('',(11.7,1.,0.));
#3078=VERTEX_POINT('NONE',#3077);
#3079=CARTESIAN_POINT('',(-11.7,1.,0.));
#3080=VERTEX_POINT('NONE',#3079);
#3081=CARTESIAN_POINT('',(11.7,1.,0.));
#3082=DIRECTION('',(-1.,-0.,0.));
#3083=VECTOR('',#3082,23.4);
#3084=LINE('',#3081,#3083);
#3085=EDGE_CURVE('NONE',#3078,#3080,#3084,.T.);
#3086=ORIENTED_EDGE('NONE',*,*,#3085,.T.);
#3087=CARTESIAN_POINT('',(-11.7,1.,900.));
#3088=VERTEX_POINT('NONE',#3087);
#3089=CARTESIAN_POINT('',(-11.7,1.,900.));
#3090=DIRECTION('',(0.,0.,-1.));
#3091=VECTOR('',#3090,900.);
#3092=LINE('',#3089,#3091);
#3093=EDGE_CURVE('NONE',#3088,#3080,#3092,.T.);
#3094=ORIENTED_EDGE('NONE',*,*,#3093,.F.);
#3095=CARTESIAN_POINT('',(11.7,1.,900.));
#3096=VERTEX_POINT('NONE',#3095);
#3097=CARTESIAN_POINT('',(11.7,1.,900.));
#3098=DIRECTION('',(-1.,-0.,0.));
#3099=VECTOR('',#3098,23.4);
#3100=LINE('',#3097,#3099);
#3101=EDGE_CURVE('NONE',#3096,#3088,#3100,.T.);
#3102=ORIENTED_EDGE('NONE',*,*,#3101,.F.);
#3103=CARTESIAN_POINT('',(11.7,1.,900.));
#3104=DIRECTION('',(0.,0.,-1.));
#3105=VECTOR('',#3104,900.);
#3106=LINE('',#3103,#3105);
#3107=EDGE_CURVE('NONE',#3096,#3078,#3106,.T.);
#3108=ORIENTED_EDGE('NONE',*,*,#3107,.T.);
#3109=EDGE_LOOP('NONE',(#3086,#3094,#3102,#3108));
#3110=FACE_BOUND('',#3109,.T.);
#3111=CARTESIAN_POINT('',(-4.2,1.,11.25));
#3112=VERTEX_POINT('NONE',#3111);
#3113=CARTESIAN_POINT('',(-4.2,1.,33.75));
#3114=VERTEX_POINT('NONE',#3113);
#3115=CARTESIAN_POINT('',(-4.2,1.,11.25));
#3116=DIRECTION('',(-0.,-0.,1.));
#3117=VECTOR('',#3116,22.5);
#3118=LINE('',#3115,#3117);
#3119=EDGE_CURVE('NONE',#3112,#3114,#3118,.T.);
#3120=ORIENTED_EDGE('NONE',*,*,#3119,.F.);
#3121=CARTESIAN_POINT('',(4.2,1.,11.25));
#3122=VERTEX_POINT('NONE',#3121);
#3123=CARTESIAN_POINT('',(-0.,1.,11.25));
#3124=DIRECTION('',(0.,1.,0.));
#3125=DIRECTION('',(0.,-0.,1.));
#3126=AXIS2_PLACEMENT_3D('',#3123,#3124,#3125);
#3127=CIRCLE('',#3126,4.2);
#3128=EDGE_CURVE('NONE',#3122,#3112,#3127,.T.);
#3129=ORIENTED_EDGE('NONE',*,*,#3128,.F.);
#3130=CARTESIAN_POINT('',(4.2,1.,11.25));
#3131=DIRECTION('',(0.,0.,1.));
#3132=VECTOR('',#3131,22.5);
#3133=LINE('',#3130,#3132);
#3134=EDGE_CURVE('NONE',#3122,#122,#3133,.T.);
#3135=ORIENTED_EDGE('NONE',*,*,#3134,.T.);
#3136=ORIENTED_EDGE('NONE',*,*,#128,.F.);
#3137=CARTESIAN_POINT('',(-0.,1.,33.75));
#3138=DIRECTION('',(0.,1.,0.));
#3139=DIRECTION('',(0.,-0.,1.));
#3140=AXIS2_PLACEMENT_3D('',#3137,#3138,#3139);
#3141=CIRCLE('',#3140,4.2);
#3142=EDGE_CURVE('NONE',#3114,#114,#3141,.T.);
#3143=ORIENTED_EDGE('NONE',*,*,#3142,.F.);
#3144=EDGE_LOOP('NONE',(#3120,#3129,#3135,#3136,#3143));
#3145=FACE_BOUND('',#3144,.T.);
#3146=ORIENTED_EDGE('NONE',*,*,#3032,.F.);
#3147=ORIENTED_EDGE('NONE',*,*,#2939,.F.);
#3148=ORIENTED_EDGE('NONE',*,*,#2978,.F.);
#3149=ORIENTED_EDGE('NONE',*,*,#3007,.T.);
#3150=ORIENTED_EDGE('NONE',*,*,#170,.F.);
#3151=EDGE_LOOP('NONE',(#3146,#3147,#3148,#3149,#3150));
#3152=FACE_BOUND('',#3151,.T.);
#3153=ORIENTED_EDGE('NONE',*,*,#2913,.F.);
#3154=ORIENTED_EDGE('NONE',*,*,#2820,.F.);
#3155=ORIENTED_EDGE('NONE',*,*,#2859,.F.);
#3156=ORIENTED_EDGE('NONE',*,*,#2888,.T.);
#3157=ORIENTED_EDGE('NONE',*,*,#212,.F.);
#3158=EDGE_LOOP('NONE',(#3153,#3154,#3155,#3156,#3157));
#3159=FACE_BOUND('',#3158,.T.);
#3160=ORIENTED_EDGE('NONE',*,*,#2794,.F.);
#3161=ORIENTED_EDGE('NONE',*,*,#2701,.F.);
#3162=ORIENTED_EDGE('NONE',*,*,#2740,.F.);
#3163=ORIENTED_EDGE('NONE',*,*,#2769,.T.);
#3164=ORIENTED_EDGE('NONE',*,*,#254,.F.);
#3165=EDGE_LOOP('NONE',(#3160,#3161,#3162,#3163,#3164));
#3166=FACE_BOUND('',#3165,.T.);
#3167=ORIENTED_EDGE('NONE',*,*,#2675,.F.);
#3168=ORIENTED_EDGE('NONE',*,*,#2582,.F.);
#3169=ORIENTED_EDGE('NONE',*,*,#2621,.F.);
#3170=ORIENTED_EDGE('NONE',*,*,#2650,.T.);
#3171=ORIENTED_EDGE('NONE',*,*,#296,.F.);
#3172=EDGE_LOOP('NONE',(#3167,#3168,#3169,#3170,#3171));
#3173=FACE_BOUND('',#3172,.T.);
#3174=ORIENTED_EDGE('NONE',*,*,#2556,.F.);
#3175=ORIENTED_EDGE('NONE',*,*,#2463,.F.);
#3176=ORIENTED_EDGE('NONE',*,*,#2502,.F.);
#3177=ORIENTED_EDGE('NONE',*,*,#2531,.T.);
#3178=ORIENTED_EDGE('NONE',*,*,#338,.F.);
#3179=EDGE_LOOP('NONE',(#3174,#3175,#3176,#3177,#3178));
#3180=FACE_BOUND('',#3179,.T.);
#3181=ORIENTED_EDGE('NONE',*,*,#2437,.F.);
#3182=ORIENTED_EDGE('NONE',*,*,#2344,.F.);
#3183=ORIENTED_EDGE('NONE',*,*,#2383,.F.);
#3184=ORIENTED_EDGE('NONE',*,*,#2412,.T.);
#3185=ORIENTED_EDGE('NONE',*,*,#380,.F.);
#3186=EDGE_LOOP('NONE',(#3181,#3182,#3183,#3184,#3185));
#3187=FACE_BOUND('',#3186,.T.);
#3188=ORIENTED_EDGE('NONE',*,*,#2318,.F.);
#3189=ORIENTED_EDGE('NONE',*,*,#2225,.F.);
#3190=ORIENTED_EDGE('NONE',*,*,#2264,.F.);
#3191=ORIENTED_EDGE('NONE',*,*,#2293,.T.);
#3192=ORIENTED_EDGE('NONE',*,*,#422,.F.);
#3193=EDGE_LOOP('NONE',(#3188,#3189,#3190,#3191,#3192));
#3194=FACE_BOUND('',#3193,.T.);
#3195=ORIENTED_EDGE('NONE',*,*,#2199,.F.);
#3196=ORIENTED_EDGE('NONE',*,*,#2106,.F.);
#3197=ORIENTED_EDGE('NONE',*,*,#2145,.F.);
#3198=ORIENTED_EDGE('NONE',*,*,#2174,.T.);
#3199=ORIENTED_EDGE('NONE',*,*,#464,.F.);
#3200=EDGE_LOOP('NONE',(#3195,#3196,#3197,#3198,#3199));
#3201=FACE_BOUND('',#3200,.T.);
#3202=ORIENTED_EDGE('NONE',*,*,#2080,.F.);
#3203=ORIENTED_EDGE('NONE',*,*,#1987,.F.);
#3204=ORIENTED_EDGE('NONE',*,*,#2026,.F.);
#3205=ORIENTED_EDGE('NONE',*,*,#2055,.T.);
#3206=ORIENTED_EDGE('NONE',*,*,#506,.F.);
#3207=EDGE_LOOP('NONE',(#3202,#3203,#3204,#3205,#3206));
#3208=FACE_BOUND('',#3207,.T.);
#3209=ORIENTED_EDGE('NONE',*,*,#1961,.F.);
#3210=ORIENTED_EDGE('NONE',*,*,#1868,.F.);
#3211=ORIENTED_EDGE('NONE',*,*,#1907,.F.);
#3212=ORIENTED_EDGE('NONE',*,*,#1936,.T.);
#3213=ORIENTED_EDGE('NONE',*,*,#548,.F.);
#3214=EDGE_LOOP('NONE',(#3209,#3210,#3211,#3212,#3213));
#3215=FACE_BOUND('',#3214,.T.);
#3216=ORIENTED_EDGE('NONE',*,*,#1842,.F.);
#3217=ORIENTED_EDGE('NONE',*,*,#1749,.F.);
#3218=ORIENTED_EDGE('NONE',*,*,#1788,.F.);
#3219=ORIENTED_EDGE('NONE',*,*,#1817,.T.);
#3220=ORIENTED_EDGE('NONE',*,*,#590,.F.);
#3221=EDGE_LOOP('NONE',(#3216,#3217,#3218,#3219,#3220));
#3222=FACE_BOUND('',#3221,.T.);
#3223=ORIENTED_EDGE('NONE',*,*,#1723,.F.);
#3224=ORIENTED_EDGE('NONE',*,*,#1630,.F.);
#3225=ORIENTED_EDGE('NONE',*,*,#1669,.F.);
#3226=ORIENTED_EDGE('NONE',*,*,#1698,.T.);
#3227=ORIENTED_EDGE('NONE',*,*,#632,.F.);
#3228=EDGE_LOOP('NONE',(#3223,#3224,#3225,#3226,#3227));
#3229=FACE_BOUND('',#3228,.T.);
#3230=ORIENTED_EDGE('NONE',*,*,#1604,.F.);
#3231=ORIENTED_EDGE('NONE',*,*,#1511,.F.);
#3232=ORIENTED_EDGE('NONE',*,*,#1550,.F.);
#3233=ORIENTED_EDGE('NONE',*,*,#1579,.T.);
#3234=ORIENTED_EDGE('NONE',*,*,#674,.F.);
#3235=EDGE_LOOP('NONE',(#3230,#3231,#3232,#3233,#3234));
#3236=FACE_BOUND('',#3235,.T.);
#3237=ORIENTED_EDGE('NONE',*,*,#1485,.F.);
#3238=ORIENTED_EDGE('NONE',*,*,#1392,.F.);
#3239=ORIENTED_EDGE('NONE',*,*,#1431,.F.);
#3240=ORIENTED_EDGE('NONE',*,*,#1460,.T.);
#3241=ORIENTED_EDGE('NONE',*,*,#716,.F.);
#3242=EDGE_LOOP('NONE',(#3237,#3238,#3239,#3240,#3241));
#3243=FACE_BOUND('',#3242,.T.);
#3244=ORIENTED_EDGE('NONE',*,*,#1366,.F.);
#3245=ORIENTED_EDGE('NONE',*,*,#1273,.F.);
#3246=ORIENTED_EDGE('NONE',*,*,#1312,.F.);
#3247=ORIENTED_EDGE('NONE',*,*,#1341,.T.);
#3248=ORIENTED_EDGE('NONE',*,*,#758,.F.);
#3249=EDGE_LOOP('NONE',(#3244,#3245,#3246,#3247,#3248));
#3250=FACE_BOUND('',#3249,.T.);
#3251=ORIENTED_EDGE('NONE',*,*,#1247,.F.);
#3252=ORIENTED_EDGE('NONE',*,*,#1154,.F.);
#3253=ORIENTED_EDGE('NONE',*,*,#1193,.F.);
#3254=ORIENTED_EDGE('NONE',*,*,#1222,.T.);
#3255=ORIENTED_EDGE('NONE',*,*,#800,.F.);
#3256=EDGE_LOOP('NONE',(#3251,#3252,#3253,#3254,#3255));
#3257=FACE_BOUND('',#3256,.T.);
#3258=ORIENTED_EDGE('NONE',*,*,#1128,.F.);
#3259=ORIENTED_EDGE('NONE',*,*,#1035,.F.);
#3260=ORIENTED_EDGE('NONE',*,*,#1074,.F.);
#3261=ORIENTED_EDGE('NONE',*,*,#1103,.T.);
#3262=ORIENTED_EDGE('NONE',*,*,#842,.F.);
#3263=EDGE_LOOP('NONE',(#3258,#3259,#3260,#3261,#3262));
#3264=FACE_BOUND('',#3263,.T.);
#3265=ORIENTED_EDGE('NONE',*,*,#1009,.F.);
#3266=ORIENTED_EDGE('NONE',*,*,#916,.F.);
#3267=ORIENTED_EDGE('NONE',*,*,#955,.F.);
#3268=ORIENTED_EDGE('NONE',*,*,#984,.T.);
#3269=ORIENTED_EDGE('NONE',*,*,#884,.F.);
#3270=EDGE_LOOP('NONE',(#3265,#3266,#3267,#3268,#3269));
#3271=FACE_BOUND('',#3270,.T.);
#3272=ADVANCED_FACE('NONE',(#3076,#3110,#3145,#3152,#3159,#3166,#3173,#3180,#3187,#3194,#3201,#3208,#3215,#3222,#3229,#3236,#3243,#3250,#3257,#3264,#3271),#3041,.F.);
#3273=CARTESIAN_POINT('',(11.7,0.,900.));
#3274=DIRECTION('',(-0.,1.,0.));
#3275=DIRECTION('',(-1.,-0.,0.));
#3276=AXIS2_PLACEMENT_3D('',#3273,#3274,#3275);
#3277=PLANE('',#3276);
#3278=CARTESIAN_POINT('',(-4.2,0.,56.25));
#3279=VERTEX_POINT('NONE',#3278);
#3280=CARTESIAN_POINT('',(-4.2,0.,78.75));
#3281=VERTEX_POINT('NONE',#3280);
#3282=CARTESIAN_POINT('',(-4.2,0.,56.25));
#3283=DIRECTION('',(0.,0.,1.));
#3284=VECTOR('',#3283,22.5);
#3285=LINE('',#3282,#3284);
#3286=EDGE_CURVE('NONE',#3279,#3281,#3285,.T.);
#3287=ORIENTED_EDGE('NONE',*,*,#3286,.T.);
#3288=CARTESIAN_POINT('',(-0.,0.,78.75));
#3289=DIRECTION('',(-0.,1.,0.));
#3290=DIRECTION('',(-1.,-0.,0.));
#3291=AXIS2_PLACEMENT_3D('',#3288,#3289,#3290);
#3292=CIRCLE('',#3291,4.2);
#3293=EDGE_CURVE('NONE',#3281,#61,#3292,.T.);
#3294=ORIENTED_EDGE('NONE',*,*,#3293,.T.);
#3295=ORIENTED_EDGE('NONE',*,*,#69,.T.);
#3296=CARTESIAN_POINT('',(4.2,0.,56.25));
#3297=VERTEX_POINT('NONE',#3296);
#3298=CARTESIAN_POINT('',(4.2,0.,56.25));
#3299=DIRECTION('',(0.,0.,1.));
#3300=VECTOR('',#3299,22.5);
#3301=LINE('',#3298,#3300);
#3302=EDGE_CURVE('NONE',#3297,#63,#3301,.T.);
#3303=ORIENTED_EDGE('NONE',*,*,#3302,.F.);
#3304=CARTESIAN_POINT('',(-0.,0.,56.25));
#3305=DIRECTION('',(-0.,1.,0.));
#3306=DIRECTION('',(-1.,-0.,0.));
#3307=AXIS2_PLACEMENT_3D('',#3304,#3305,#3306);
#3308=CIRCLE('',#3307,4.2);
#3309=EDGE_CURVE('NONE',#3297,#3279,#3308,.T.);
#3310=ORIENTED_EDGE('NONE',*,*,#3309,.T.);
#3311=EDGE_LOOP('NONE',(#3287,#3294,#3295,#3303,#3310));
#3312=FACE_BOUND('',#3311,.T.);
#3313=CARTESIAN_POINT('',(-11.7,0.,0.));
#3314=VERTEX_POINT('NONE',#3313);
#3315=CARTESIAN_POINT('',(11.7,0.,0.));
#3316=VERTEX_POINT('NONE',#3315);
#3317=CARTESIAN_POINT('',(-11.7,0.,0.));
#3318=DIRECTION('',(1.,0.,-0.));
#3319=VECTOR('',#3318,23.4);
#3320=LINE('',#3317,#3319);
#3321=EDGE_CURVE('NONE',#3314,#3316,#3320,.T.);
#3322=ORIENTED_EDGE('NONE',*,*,#3321,.T.);
#3323=CARTESIAN_POINT('',(11.7,0.,900.));
#3324=VERTEX_POINT('NONE',#3323);
#3325=CARTESIAN_POINT('',(11.7,0.,900.));
#3326=DIRECTION('',(0.,0.,-1.));
#3327=VECTOR('',#3326,900.);
#3328=LINE('',#3325,#3327);
#3329=EDGE_CURVE('NONE',#3324,#3316,#3328,.T.);
#3330=ORIENTED_EDGE('NONE',*,*,#3329,.F.);
#3331=CARTESIAN_POINT('',(-11.7,0.,900.));
#3332=VERTEX_POINT('NONE',#3331);
#3333=CARTESIAN_POINT('',(-11.7,0.,900.));
#3334=DIRECTION('',(1.,0.,-0.));
#3335=VECTOR('',#3334,23.4);
#3336=LINE('',#3333,#3335);
#3337=EDGE_CURVE('NONE',#3332,#3324,#3336,.T.);
#3338=ORIENTED_EDGE('NONE',*,*,#3337,.F.);
#3339=CARTESIAN_POINT('',(-11.7,0.,900.));
#3340=DIRECTION('',(0.,0.,-1.));
#3341=VECTOR('',#3340,900.);
#3342=LINE('',#3339,#3341);
#3343=EDGE_CURVE('NONE',#3332,#3314,#3342,.T.);
#3344=ORIENTED_EDGE('NONE',*,*,#3343,.T.);
#3345=EDGE_LOOP('NONE',(#3322,#3330,#3338,#3344));
#3346=FACE_BOUND('',#3345,.T.);
#3347=CARTESIAN_POINT('',(4.2,0.,11.25));
#3348=VERTEX_POINT('NONE',#3347);
#3349=CARTESIAN_POINT('',(4.2,0.,11.25));
#3350=DIRECTION('',(0.,0.,1.));
#3351=VECTOR('',#3350,22.5);
#3352=LINE('',#3349,#3351);
#3353=EDGE_CURVE('NONE',#3348,#105,#3352,.T.);
#3354=ORIENTED_EDGE('NONE',*,*,#3353,.F.);
#3355=CARTESIAN_POINT('',(-4.2,0.,11.25));
#3356=VERTEX_POINT('NONE',#3355);
#3357=CARTESIAN_POINT('',(-0.,0.,11.25));
#3358=DIRECTION('',(-0.,1.,0.));
#3359=DIRECTION('',(-1.,-0.,0.));
#3360=AXIS2_PLACEMENT_3D('',#3357,#3358,#3359);
#3361=CIRCLE('',#3360,4.2);
#3362=EDGE_CURVE('NONE',#3348,#3356,#3361,.T.);
#3363=ORIENTED_EDGE('NONE',*,*,#3362,.T.);
#3364=CARTESIAN_POINT('',(-4.2,0.,33.75));
#3365=VERTEX_POINT('NONE',#3364);
#3366=CARTESIAN_POINT('',(-4.2,0.,11.25));
#3367=DIRECTION('',(0.,-0.,1.));
#3368=VECTOR('',#3367,22.5);
#3369=LINE('',#3366,#3368);
#3370=EDGE_CURVE('NONE',#3356,#3365,#3369,.T.);
#3371=ORIENTED_EDGE('NONE',*,*,#3370,.T.);
#3372=CARTESIAN_POINT('',(-0.,0.,33.75));
#3373=DIRECTION('',(-0.,1.,0.));
#3374=DIRECTION('',(-1.,-0.,0.));
#3375=AXIS2_PLACEMENT_3D('',#3372,#3373,#3374);
#3376=CIRCLE('',#3375,4.2);
#3377=EDGE_CURVE('NONE',#3365,#103,#3376,.T.);
#3378=ORIENTED_EDGE('NONE',*,*,#3377,.T.);
#3379=ORIENTED_EDGE('NONE',*,*,#111,.T.);
#3380=EDGE_LOOP('NONE',(#3354,#3363,#3371,#3378,#3379));
#3381=FACE_BOUND('',#3380,.T.);
#3382=ORIENTED_EDGE('NONE',*,*,#3024,.T.);
#3383=ORIENTED_EDGE('NONE',*,*,#153,.T.);
#3384=ORIENTED_EDGE('NONE',*,*,#3000,.F.);
#3385=ORIENTED_EDGE('NONE',*,*,#2986,.T.);
#3386=ORIENTED_EDGE('NONE',*,*,#2953,.T.);
#3387=EDGE_LOOP('NONE',(#3382,#3383,#3384,#3385,#3386));
#3388=FACE_BOUND('',#3387,.T.);
#3389=ORIENTED_EDGE('NONE',*,*,#2905,.T.);
#3390=ORIENTED_EDGE('NONE',*,*,#195,.T.);
#3391=ORIENTED_EDGE('NONE',*,*,#2881,.F.);
#3392=ORIENTED_EDGE('NONE',*,*,#2867,.T.);
#3393=ORIENTED_EDGE('NONE',*,*,#2834,.T.);
#3394=EDGE_LOOP('NONE',(#3389,#3390,#3391,#3392,#3393));
#3395=FACE_BOUND('',#3394,.T.);
#3396=ORIENTED_EDGE('NONE',*,*,#2786,.T.);
#3397=ORIENTED_EDGE('NONE',*,*,#237,.T.);
#3398=ORIENTED_EDGE('NONE',*,*,#2762,.F.);
#3399=ORIENTED_EDGE('NONE',*,*,#2748,.T.);
#3400=ORIENTED_EDGE('NONE',*,*,#2715,.T.);
#3401=EDGE_LOOP('NONE',(#3396,#3397,#3398,#3399,#3400));
#3402=FACE_BOUND('',#3401,.T.);
#3403=ORIENTED_EDGE('NONE',*,*,#2667,.T.);
#3404=ORIENTED_EDGE('NONE',*,*,#279,.T.);
#3405=ORIENTED_EDGE('NONE',*,*,#2643,.F.);
#3406=ORIENTED_EDGE('NONE',*,*,#2629,.T.);
#3407=ORIENTED_EDGE('NONE',*,*,#2596,.T.);
#3408=EDGE_LOOP('NONE',(#3403,#3404,#3405,#3406,#3407));
#3409=FACE_BOUND('',#3408,.T.);
#3410=ORIENTED_EDGE('NONE',*,*,#2548,.T.);
#3411=ORIENTED_EDGE('NONE',*,*,#321,.T.);
#3412=ORIENTED_EDGE('NONE',*,*,#2524,.F.);
#3413=ORIENTED_EDGE('NONE',*,*,#2510,.T.);
#3414=ORIENTED_EDGE('NONE',*,*,#2477,.T.);
#3415=EDGE_LOOP('NONE',(#3410,#3411,#3412,#3413,#3414));
#3416=FACE_BOUND('',#3415,.T.);
#3417=ORIENTED_EDGE('NONE',*,*,#2429,.T.);
#3418=ORIENTED_EDGE('NONE',*,*,#363,.T.);
#3419=ORIENTED_EDGE('NONE',*,*,#2405,.F.);
#3420=ORIENTED_EDGE('NONE',*,*,#2391,.T.);
#3421=ORIENTED_EDGE('NONE',*,*,#2358,.T.);
#3422=EDGE_LOOP('NONE',(#3417,#3418,#3419,#3420,#3421));
#3423=FACE_BOUND('',#3422,.T.);
#3424=ORIENTED_EDGE('NONE',*,*,#2310,.T.);
#3425=ORIENTED_EDGE('NONE',*,*,#405,.T.);
#3426=ORIENTED_EDGE('NONE',*,*,#2286,.F.);
#3427=ORIENTED_EDGE('NONE',*,*,#2272,.T.);
#3428=ORIENTED_EDGE('NONE',*,*,#2239,.T.);
#3429=EDGE_LOOP('NONE',(#3424,#3425,#3426,#3427,#3428));
#3430=FACE_BOUND('',#3429,.T.);
#3431=ORIENTED_EDGE('NONE',*,*,#2191,.T.);
#3432=ORIENTED_EDGE('NONE',*,*,#447,.T.);
#3433=ORIENTED_EDGE('NONE',*,*,#2167,.F.);
#3434=ORIENTED_EDGE('NONE',*,*,#2153,.T.);
#3435=ORIENTED_EDGE('NONE',*,*,#2120,.T.);
#3436=EDGE_LOOP('NONE',(#3431,#3432,#3433,#3434,#3435));
#3437=FACE_BOUND('',#3436,.T.);
#3438=ORIENTED_EDGE('NONE',*,*,#2072,.T.);
#3439=ORIENTED_EDGE('NONE',*,*,#489,.T.);
#3440=ORIENTED_EDGE('NONE',*,*,#2048,.F.);
#3441=ORIENTED_EDGE('NONE',*,*,#2034,.T.);
#3442=ORIENTED_EDGE('NONE',*,*,#2001,.T.);
#3443=EDGE_LOOP('NONE',(#3438,#3439,#3440,#3441,#3442));
#3444=FACE_BOUND('',#3443,.T.);
#3445=ORIENTED_EDGE('NONE',*,*,#1953,.T.);
#3446=ORIENTED_EDGE('NONE',*,*,#531,.T.);
#3447=ORIENTED_EDGE('NONE',*,*,#1929,.F.);
#3448=ORIENTED_EDGE('NONE',*,*,#1915,.T.);
#3449=ORIENTED_EDGE('NONE',*,*,#1882,.T.);
#3450=EDGE_LOOP('NONE',(#3445,#3446,#3447,#3448,#3449));
#3451=FACE_BOUND('',#3450,.T.);
#3452=ORIENTED_EDGE('NONE',*,*,#1834,.T.);
#3453=ORIENTED_EDGE('NONE',*,*,#573,.T.);
#3454=ORIENTED_EDGE('NONE',*,*,#1810,.F.);
#3455=ORIENTED_EDGE('NONE',*,*,#1796,.T.);
#3456=ORIENTED_EDGE('NONE',*,*,#1763,.T.);
#3457=EDGE_LOOP('NONE',(#3452,#3453,#3454,#3455,#3456));
#3458=FACE_BOUND('',#3457,.T.);
#3459=ORIENTED_EDGE('NONE',*,*,#1715,.T.);
#3460=ORIENTED_EDGE('NONE',*,*,#615,.T.);
#3461=ORIENTED_EDGE('NONE',*,*,#1691,.F.);
#3462=ORIENTED_EDGE('NONE',*,*,#1677,.T.);
#3463=ORIENTED_EDGE('NONE',*,*,#1644,.T.);
#3464=EDGE_LOOP('NONE',(#3459,#3460,#3461,#3462,#3463));
#3465=FACE_BOUND('',#3464,.T.);
#3466=ORIENTED_EDGE('NONE',*,*,#1596,.T.);
#3467=ORIENTED_EDGE('NONE',*,*,#657,.T.);
#3468=ORIENTED_EDGE('NONE',*,*,#1572,.F.);
#3469=ORIENTED_EDGE('NONE',*,*,#1558,.T.);
#3470=ORIENTED_EDGE('NONE',*,*,#1525,.T.);
#3471=EDGE_LOOP('NONE',(#3466,#3467,#3468,#3469,#3470));
#3472=FACE_BOUND('',#3471,.T.);
#3473=ORIENTED_EDGE('NONE',*,*,#1477,.T.);
#3474=ORIENTED_EDGE('NONE',*,*,#699,.T.);
#3475=ORIENTED_EDGE('NONE',*,*,#1453,.F.);
#3476=ORIENTED_EDGE('NONE',*,*,#1439,.T.);
#3477=ORIENTED_EDGE('NONE',*,*,#1406,.T.);
#3478=EDGE_LOOP('NONE',(#3473,#3474,#3475,#3476,#3477));
#3479=FACE_BOUND('',#3478,.T.);
#3480=ORIENTED_EDGE('NONE',*,*,#1358,.T.);
#3481=ORIENTED_EDGE('NONE',*,*,#741,.T.);
#3482=ORIENTED_EDGE('NONE',*,*,#1334,.F.);
#3483=ORIENTED_EDGE('NONE',*,*,#1320,.T.);
#3484=ORIENTED_EDGE('NONE',*,*,#1287,.T.);
#3485=EDGE_LOOP('NONE',(#3480,#3481,#3482,#3483,#3484));
#3486=FACE_BOUND('',#3485,.T.);
#3487=ORIENTED_EDGE('NONE',*,*,#1239,.T.);
#3488=ORIENTED_EDGE('NONE',*,*,#783,.T.);
#3489=ORIENTED_EDGE('NONE',*,*,#1215,.F.);
#3490=ORIENTED_EDGE('NONE',*,*,#1201,.T.);
#3491=ORIENTED_EDGE('NONE',*,*,#1168,.T.);
#3492=EDGE_LOOP('NONE',(#3487,#3488,#3489,#3490,#3491));
#3493=FACE_BOUND('',#3492,.T.);
#3494=ORIENTED_EDGE('NONE',*,*,#1120,.T.);
#3495=ORIENTED_EDGE('NONE',*,*,#825,.T.);
#3496=ORIENTED_EDGE('NONE',*,*,#1096,.F.);
#3497=ORIENTED_EDGE('NONE',*,*,#1082,.T.);
#3498=ORIENTED_EDGE('NONE',*,*,#1049,.T.);
#3499=EDGE_LOOP('NONE',(#3494,#3495,#3496,#3497,#3498));
#3500=FACE_BOUND('',#3499,.T.);
#3501=ORIENTED_EDGE('NONE',*,*,#1001,.T.);
#3502=ORIENTED_EDGE('NONE',*,*,#867,.T.);
#3503=ORIENTED_EDGE('NONE',*,*,#977,.F.);
#3504=ORIENTED_EDGE('NONE',*,*,#963,.T.);
#3505=ORIENTED_EDGE('NONE',*,*,#930,.T.);
#3506=EDGE_LOOP('NONE',(#3501,#3502,#3503,#3504,#3505));
#3507=FACE_BOUND('',#3506,.T.);
#3508=ADVANCED_FACE('NONE',(#3312,#3346,#3381,#3388,#3395,#3402,#3409,#3416,#3423,#3430,#3437,#3444,#3451,#3458,#3465,#3472,#3479,#3486,#3493,#3500,#3507),#3277,.F.);
#3509=CARTESIAN_POINT('',(-11.7,1.8,900.));
#3510=DIRECTION('',(0.,0.,-1.));
#3511=DIRECTION('',(-1.,0.,0.));
#3512=AXIS2_PLACEMENT_3D('',#3509,#3510,#3511);
#3513=CYLINDRICAL_SURFACE('',#3512,0.8);
#3514=CARTESIAN_POINT('',(-12.5,1.8,0.));
#3515=VERTEX_POINT('NONE',#3514);
#3516=CARTESIAN_POINT('',(-11.7,1.8,0.));
#3517=DIRECTION('',(0.,0.,-1.));
#3518=DIRECTION('',(-1.,0.,0.));
#3519=AXIS2_PLACEMENT_3D('',#3516,#3517,#3518);
#3520=CIRCLE('',#3519,0.8);
#3521=EDGE_CURVE('NONE',#3080,#3515,#3520,.T.);
#3522=ORIENTED_EDGE('NONE',*,*,#3521,.T.);
#3523=CARTESIAN_POINT('',(-12.5,1.8,900.));
#3524=VERTEX_POINT('NONE',#3523);
#3525=CARTESIAN_POINT('',(-12.5,1.8,900.));
#3526=DIRECTION('',(0.,0.,-1.));
#3527=VECTOR('',#3526,900.);
#3528=LINE('',#3525,#3527);
#3529=EDGE_CURVE('NONE',#3524,#3515,#3528,.T.);
#3530=ORIENTED_EDGE('NONE',*,*,#3529,.F.);
#3531=CARTESIAN_POINT('',(-11.7,1.8,900.));
#3532=DIRECTION('',(0.,0.,-1.));
#3533=DIRECTION('',(-1.,0.,0.));
#3534=AXIS2_PLACEMENT_3D('',#3531,#3532,#3533);
#3535=CIRCLE('',#3534,0.8);
#3536=EDGE_CURVE('NONE',#3088,#3524,#3535,.T.);
#3537=ORIENTED_EDGE('NONE',*,*,#3536,.F.);
#3538=ORIENTED_EDGE('NONE',*,*,#3093,.T.);
#3539=EDGE_LOOP('NONE',(#3522,#3530,#3537,#3538));
#3540=FACE_BOUND('',#3539,.T.);
#3541=ADVANCED_FACE('NONE',(#3540),#3513,.F.);
#3542=CARTESIAN_POINT('',(-12.5,5.7,900.));
#3543=DIRECTION('',(-1.,0.,0.));
#3544=DIRECTION('',(0.,0.,1.));
#3545=AXIS2_PLACEMENT_3D('',#3542,#3543,#3544);
#3546=PLANE('',#3545);
#3547=CARTESIAN_POINT('',(-12.5,5.7,0.));
#3548=VERTEX_POINT('NONE',#3547);
#3549=CARTESIAN_POINT('',(-12.5,1.8,0.));
#3550=DIRECTION('',(0.,1.,0.));
#3551=VECTOR('',#3550,3.9);
#3552=LINE('',#3549,#3551);
#3553=EDGE_CURVE('NONE',#3515,#3548,#3552,.T.);
#3554=ORIENTED_EDGE('NONE',*,*,#3553,.T.);
#3555=CARTESIAN_POINT('',(-12.5,5.7,900.));
#3556=VERTEX_POINT('NONE',#3555);
#3557=CARTESIAN_POINT('',(-12.5,5.7,900.));
#3558=DIRECTION('',(0.,0.,-1.));
#3559=VECTOR('',#3558,900.);
#3560=LINE('',#3557,#3559);
#3561=EDGE_CURVE('NONE',#3556,#3548,#3560,.T.);
#3562=ORIENTED_EDGE('NONE',*,*,#3561,.F.);
#3563=CARTESIAN_POINT('',(-12.5,1.8,900.));
#3564=DIRECTION('',(0.,1.,0.));
#3565=VECTOR('',#3564,3.9);
#3566=LINE('',#3563,#3565);
#3567=EDGE_CURVE('NONE',#3524,#3556,#3566,.T.);
#3568=ORIENTED_EDGE('NONE',*,*,#3567,.F.);
#3569=ORIENTED_EDGE('NONE',*,*,#3529,.T.);
#3570=EDGE_LOOP('NONE',(#3554,#3562,#3568,#3569));
#3571=FACE_BOUND('',#3570,.T.);
#3572=ADVANCED_FACE('NONE',(#3571),#3546,.F.);
#3573=CARTESIAN_POINT('',(-14.3,5.7,900.));
#3574=DIRECTION('',(0.,0.,-1.));
#3575=DIRECTION('',(-1.,0.,0.));
#3576=AXIS2_PLACEMENT_3D('',#3573,#3574,#3575);
#3577=CYLINDRICAL_SURFACE('',#3576,1.8);
#3578=CARTESIAN_POINT('',(-14.3,7.5,0.));
#3579=VERTEX_POINT('NONE',#3578);
#3580=CARTESIAN_POINT('',(-14.3,5.7,0.));
#3581=DIRECTION('',(0.,0.,1.));
#3582=DIRECTION('',(1.,0.,-0.));
#3583=AXIS2_PLACEMENT_3D('',#3580,#3581,#3582);
#3584=CIRCLE('',#3583,1.8);
#3585=EDGE_CURVE('NONE',#3548,#3579,#3584,.T.);
#3586=ORIENTED_EDGE('NONE',*,*,#3585,.T.);
#3587=CARTESIAN_POINT('',(-14.3,7.5,900.));
#3588=VERTEX_POINT('NONE',#3587);
#3589=CARTESIAN_POINT('',(-14.3,7.5,900.));
#3590=DIRECTION('',(0.,0.,-1.));
#3591=VECTOR('',#3590,900.);
#3592=LINE('',#3589,#3591);
#3593=EDGE_CURVE('NONE',#3588,#3579,#3592,.T.);
#3594=ORIENTED_EDGE('NONE',*,*,#3593,.F.);
#3595=CARTESIAN_POINT('',(-14.3,5.7,900.));
#3596=DIRECTION('',(0.,0.,1.));
#3597=DIRECTION('',(1.,0.,-0.));
#3598=AXIS2_PLACEMENT_3D('',#3595,#3596,#3597);
#3599=CIRCLE('',#3598,1.8);
#3600=EDGE_CURVE('NONE',#3556,#3588,#3599,.T.);
#3601=ORIENTED_EDGE('NONE',*,*,#3600,.F.);
#3602=ORIENTED_EDGE('NONE',*,*,#3561,.T.);
#3603=EDGE_LOOP('NONE',(#3586,#3594,#3601,#3602));
#3604=FACE_BOUND('',#3603,.T.);
#3605=ADVANCED_FACE('NONE',(#3604),#3577,.T.);
#3606=CARTESIAN_POINT('',(-17.5,7.5,900.));
#3607=DIRECTION('',(0.,-1.,0.));
#3608=DIRECTION('',(1.,0.,0.));
#3609=AXIS2_PLACEMENT_3D('',#3606,#3607,#3608);
#3610=PLANE('',#3609);
#3611=CARTESIAN_POINT('',(-17.5,7.5,0.));
#3612=VERTEX_POINT('NONE',#3611);
#3613=CARTESIAN_POINT('',(-14.3,7.5,0.));
#3614=DIRECTION('',(-1.,-0.,0.));
#3615=VECTOR('',#3614,3.2);
#3616=LINE('',#3613,#3615);
#3617=EDGE_CURVE('NONE',#3579,#3612,#3616,.T.);
#3618=ORIENTED_EDGE('NONE',*,*,#3617,.T.);
#3619=CARTESIAN_POINT('',(-17.5,7.5,900.));
#3620=VERTEX_POINT('NONE',#3619);
#3621=CARTESIAN_POINT('',(-17.5,7.5,900.));
#3622=DIRECTION('',(0.,0.,-1.));
#3623=VECTOR('',#3622,900.);
#3624=LINE('',#3621,#3623);
#3625=EDGE_CURVE('NONE',#3620,#3612,#3624,.T.);
#3626=ORIENTED_EDGE('NONE',*,*,#3625,.F.);
#3627=CARTESIAN_POINT('',(-14.3,7.5,900.));
#3628=DIRECTION('',(-1.,-0.,0.));
#3629=VECTOR('',#3628,3.2);
#3630=LINE('',#3627,#3629);
#3631=EDGE_CURVE('NONE',#3588,#3620,#3630,.T.);
#3632=ORIENTED_EDGE('NONE',*,*,#3631,.F.);
#3633=ORIENTED_EDGE('NONE',*,*,#3593,.T.);
#3634=EDGE_LOOP('NONE',(#3618,#3626,#3632,#3633));
#3635=FACE_BOUND('',#3634,.T.);
#3636=ADVANCED_FACE('NONE',(#3635),#3610,.F.);
#3637=CARTESIAN_POINT('',(-17.5,6.5,900.));
#3638=DIRECTION('',(1.,0.,0.));
#3639=DIRECTION('',(0.,0.,-1.));
#3640=AXIS2_PLACEMENT_3D('',#3637,#3638,#3639);
#3641=PLANE('',#3640);
#3642=CARTESIAN_POINT('',(-17.5,6.5,0.));
#3643=VERTEX_POINT('NONE',#3642);
#3644=CARTESIAN_POINT('',(-17.5,7.5,0.));
#3645=DIRECTION('',(0.,-1.,0.));
#3646=VECTOR('',#3645,1.);
#3647=LINE('',#3644,#3646);
#3648=EDGE_CURVE('NONE',#3612,#3643,#3647,.T.);
#3649=ORIENTED_EDGE('NONE',*,*,#3648,.T.);
#3650=CARTESIAN_POINT('',(-17.5,6.5,900.));
#3651=VERTEX_POINT('NONE',#3650);
#3652=CARTESIAN_POINT('',(-17.5,6.5,900.));
#3653=DIRECTION('',(0.,0.,-1.));
#3654=VECTOR('',#3653,900.);
#3655=LINE('',#3652,#3654);
#3656=EDGE_CURVE('NONE',#3651,#3643,#3655,.T.);
#3657=ORIENTED_EDGE('NONE',*,*,#3656,.F.);
#3658=CARTESIAN_POINT('',(-17.5,7.5,900.));
#3659=DIRECTION('',(0.,-1.,0.));
#3660=VECTOR('',#3659,1.);
#3661=LINE('',#3658,#3660);
#3662=EDGE_CURVE('NONE',#3620,#3651,#3661,.T.);
#3663=ORIENTED_EDGE('NONE',*,*,#3662,.F.);
#3664=ORIENTED_EDGE('NONE',*,*,#3625,.T.);
#3665=EDGE_LOOP('NONE',(#3649,#3657,#3663,#3664));
#3666=FACE_BOUND('',#3665,.T.);
#3667=ADVANCED_FACE('NONE',(#3666),#3641,.F.);
#3668=CARTESIAN_POINT('',(-14.3,6.5,900.));
#3669=DIRECTION('',(0.,1.,0.));
#3670=DIRECTION('',(-1.,0.,0.));
#3671=AXIS2_PLACEMENT_3D('',#3668,#3669,#3670);
#3672=PLANE('',#3671);
#3673=CARTESIAN_POINT('',(-14.3,6.5,0.));
#3674=VERTEX_POINT('NONE',#3673);
#3675=CARTESIAN_POINT('',(-17.5,6.5,0.));
#3676=DIRECTION('',(1.,0.,-0.));
#3677=VECTOR('',#3676,3.2);
#3678=LINE('',#3675,#3677);
#3679=EDGE_CURVE('NONE',#3643,#3674,#3678,.T.);
#3680=ORIENTED_EDGE('NONE',*,*,#3679,.T.);
#3681=CARTESIAN_POINT('',(-14.3,6.5,900.));
#3682=VERTEX_POINT('NONE',#3681);
#3683=CARTESIAN_POINT('',(-14.3,6.5,900.));
#3684=DIRECTION('',(0.,0.,-1.));
#3685=VECTOR('',#3684,900.);
#3686=LINE('',#3683,#3685);
#3687=EDGE_CURVE('NONE',#3682,#3674,#3686,.T.);
#3688=ORIENTED_EDGE('NONE',*,*,#3687,.F.);
#3689=CARTESIAN_POINT('',(-17.5,6.5,900.));
#3690=DIRECTION('',(1.,0.,-0.));
#3691=VECTOR('',#3690,3.2);
#3692=LINE('',#3689,#3691);
#3693=EDGE_CURVE('NONE',#3651,#3682,#3692,.T.);
#3694=ORIENTED_EDGE('NONE',*,*,#3693,.F.);
#3695=ORIENTED_EDGE('NONE',*,*,#3656,.T.);
#3696=EDGE_LOOP('NONE',(#3680,#3688,#3694,#3695));
#3697=FACE_BOUND('',#3696,.T.);
#3698=ADVANCED_FACE('NONE',(#3697),#3672,.F.);
#3699=CARTESIAN_POINT('',(-14.3,5.7,900.));
#3700=DIRECTION('',(0.,0.,-1.));
#3701=DIRECTION('',(-1.,0.,0.));
#3702=AXIS2_PLACEMENT_3D('',#3699,#3700,#3701);
#3703=CYLINDRICAL_SURFACE('',#3702,0.8);
#3704=CARTESIAN_POINT('',(-13.5,5.7,0.));
#3705=VERTEX_POINT('NONE',#3704);
#3706=CARTESIAN_POINT('',(-14.3,5.7,0.));
#3707=DIRECTION('',(0.,0.,-1.));
#3708=DIRECTION('',(1.,0.,0.));
#3709=AXIS2_PLACEMENT_3D('',#3706,#3707,#3708);
#3710=CIRCLE('',#3709,0.8);
#3711=EDGE_CURVE('NONE',#3674,#3705,#3710,.T.);
#3712=ORIENTED_EDGE('NONE',*,*,#3711,.T.);
#3713=CARTESIAN_POINT('',(-13.5,5.7,900.));
#3714=VERTEX_POINT('NONE',#3713);
#3715=CARTESIAN_POINT('',(-13.5,5.7,900.));
#3716=DIRECTION('',(0.,0.,-1.));
#3717=VECTOR('',#3716,900.);
#3718=LINE('',#3715,#3717);
#3719=EDGE_CURVE('NONE',#3714,#3705,#3718,.T.);
#3720=ORIENTED_EDGE('NONE',*,*,#3719,.F.);
#3721=CARTESIAN_POINT('',(-14.3,5.7,900.));
#3722=DIRECTION('',(0.,0.,-1.));
#3723=DIRECTION('',(1.,0.,0.));
#3724=AXIS2_PLACEMENT_3D('',#3721,#3722,#3723);
#3725=CIRCLE('',#3724,0.8);
#3726=EDGE_CURVE('NONE',#3682,#3714,#3725,.T.);
#3727=ORIENTED_EDGE('NONE',*,*,#3726,.F.);
#3728=ORIENTED_EDGE('NONE',*,*,#3687,.T.);
#3729=EDGE_LOOP('NONE',(#3712,#3720,#3727,#3728));
#3730=FACE_BOUND('',#3729,.T.);
#3731=ADVANCED_FACE('NONE',(#3730),#3703,.F.);
#3732=CARTESIAN_POINT('',(-13.5,1.8,900.));
#3733=DIRECTION('',(1.,0.,0.));
#3734=DIRECTION('',(0.,0.,-1.));
#3735=AXIS2_PLACEMENT_3D('',#3732,#3733,#3734);
#3736=PLANE('',#3735);
#3737=CARTESIAN_POINT('',(-13.5,1.8,0.));
#3738=VERTEX_POINT('NONE',#3737);
#3739=CARTESIAN_POINT('',(-13.5,5.7,0.));
#3740=DIRECTION('',(0.,-1.,0.));
#3741=VECTOR('',#3740,3.9);
#3742=LINE('',#3739,#3741);
#3743=EDGE_CURVE('NONE',#3705,#3738,#3742,.T.);
#3744=ORIENTED_EDGE('NONE',*,*,#3743,.T.);
#3745=CARTESIAN_POINT('',(-13.5,1.8,900.));
#3746=VERTEX_POINT('NONE',#3745);
#3747=CARTESIAN_POINT('',(-13.5,1.8,900.));
#3748=DIRECTION('',(0.,0.,-1.));
#3749=VECTOR('',#3748,900.);
#3750=LINE('',#3747,#3749);
#3751=EDGE_CURVE('NONE',#3746,#3738,#3750,.T.);
#3752=ORIENTED_EDGE('NONE',*,*,#3751,.F.);
#3753=CARTESIAN_POINT('',(-13.5,5.7,900.));
#3754=DIRECTION('',(0.,-1.,0.));
#3755=VECTOR('',#3754,3.9);
#3756=LINE('',#3753,#3755);
#3757=EDGE_CURVE('NONE',#3714,#3746,#3756,.T.);
#3758=ORIENTED_EDGE('NONE',*,*,#3757,.F.);
#3759=ORIENTED_EDGE('NONE',*,*,#3719,.T.);
#3760=EDGE_LOOP('NONE',(#3744,#3752,#3758,#3759));
#3761=FACE_BOUND('',#3760,.T.);
#3762=ADVANCED_FACE('NONE',(#3761),#3736,.F.);
#3763=CARTESIAN_POINT('',(-11.7,1.8,900.));
#3764=DIRECTION('',(0.,0.,-1.));
#3765=DIRECTION('',(-1.,0.,0.));
#3766=AXIS2_PLACEMENT_3D('',#3763,#3764,#3765);
#3767=CYLINDRICAL_SURFACE('',#3766,1.8);
#3768=CARTESIAN_POINT('',(-11.7,1.8,0.));
#3769=DIRECTION('',(0.,0.,1.));
#3770=DIRECTION('',(-1.,0.,0.));
#3771=AXIS2_PLACEMENT_3D('',#3768,#3769,#3770);
#3772=CIRCLE('',#3771,1.8);
#3773=EDGE_CURVE('NONE',#3738,#3314,#3772,.T.);
#3774=ORIENTED_EDGE('NONE',*,*,#3773,.T.);
#3775=ORIENTED_EDGE('NONE',*,*,#3343,.F.);
#3776=CARTESIAN_POINT('',(-11.7,1.8,900.));
#3777=DIRECTION('',(0.,0.,1.));
#3778=DIRECTION('',(-1.,0.,0.));
#3779=AXIS2_PLACEMENT_3D('',#3776,#3777,#3778);
#3780=CIRCLE('',#3779,1.8);
#3781=EDGE_CURVE('NONE',#3746,#3332,#3780,.T.);
#3782=ORIENTED_EDGE('NONE',*,*,#3781,.F.);
#3783=ORIENTED_EDGE('NONE',*,*,#3751,.T.);
#3784=EDGE_LOOP('NONE',(#3774,#3775,#3782,#3783));
#3785=FACE_BOUND('',#3784,.T.);
#3786=ADVANCED_FACE('NONE',(#3785),#3767,.T.);
#3787=CARTESIAN_POINT('',(11.7,1.8,900.));
#3788=DIRECTION('',(0.,0.,-1.));
#3789=DIRECTION('',(-1.,0.,0.));
#3790=AXIS2_PLACEMENT_3D('',#3787,#3788,#3789);
#3791=CYLINDRICAL_SURFACE('',#3790,1.8);
#3792=CARTESIAN_POINT('',(13.5,1.8,0.));
#3793=VERTEX_POINT('NONE',#3792);
#3794=CARTESIAN_POINT('',(11.7,1.8,0.));
#3795=DIRECTION('',(0.,0.,1.));
#3796=DIRECTION('',(1.,0.,-0.));
#3797=AXIS2_PLACEMENT_3D('',#3794,#3795,#3796);
#3798=CIRCLE('',#3797,1.8);
#3799=EDGE_CURVE('NONE',#3316,#3793,#3798,.T.);
#3800=ORIENTED_EDGE('NONE',*,*,#3799,.T.);
#3801=CARTESIAN_POINT('',(13.5,1.8,900.));
#3802=VERTEX_POINT('NONE',#3801);
#3803=CARTESIAN_POINT('',(13.5,1.8,900.));
#3804=DIRECTION('',(0.,0.,-1.));
#3805=VECTOR('',#3804,900.);
#3806=LINE('',#3803,#3805);
#3807=EDGE_CURVE('NONE',#3802,#3793,#3806,.T.);
#3808=ORIENTED_EDGE('NONE',*,*,#3807,.F.);
#3809=CARTESIAN_POINT('',(11.7,1.8,900.));
#3810=DIRECTION('',(0.,0.,1.));
#3811=DIRECTION('',(1.,0.,-0.));
#3812=AXIS2_PLACEMENT_3D('',#3809,#3810,#3811);
#3813=CIRCLE('',#3812,1.8);
#3814=EDGE_CURVE('NONE',#3324,#3802,#3813,.T.);
#3815=ORIENTED_EDGE('NONE',*,*,#3814,.F.);
#3816=ORIENTED_EDGE('NONE',*,*,#3329,.T.);
#3817=EDGE_LOOP('NONE',(#3800,#3808,#3815,#3816));
#3818=FACE_BOUND('',#3817,.T.);
#3819=ADVANCED_FACE('NONE',(#3818),#3791,.T.);
#3820=CARTESIAN_POINT('',(13.5,1.8,900.));
#3821=DIRECTION('',(-1.,-0.,0.));
#3822=DIRECTION('',(0.,-1.,0.));
#3823=AXIS2_PLACEMENT_3D('',#3820,#3821,#3822);
#3824=PLANE('',#3823);
#3825=CARTESIAN_POINT('',(13.5,5.7,0.));
#3826=VERTEX_POINT('NONE',#3825);
#3827=CARTESIAN_POINT('',(13.5,1.8,0.));
#3828=DIRECTION('',(-0.,1.,0.));
#3829=VECTOR('',#3828,3.9);
#3830=LINE('',#3827,#3829);
#3831=EDGE_CURVE('NONE',#3793,#3826,#3830,.T.);
#3832=ORIENTED_EDGE('NONE',*,*,#3831,.T.);
#3833=CARTESIAN_POINT('',(13.5,5.7,900.));
#3834=VERTEX_POINT('NONE',#3833);
#3835=CARTESIAN_POINT('',(13.5,5.7,900.));
#3836=DIRECTION('',(0.,0.,-1.));
#3837=VECTOR('',#3836,900.);
#3838=LINE('',#3835,#3837);
#3839=EDGE_CURVE('NONE',#3834,#3826,#3838,.T.);
#3840=ORIENTED_EDGE('NONE',*,*,#3839,.F.);
#3841=CARTESIAN_POINT('',(13.5,1.8,900.));
#3842=DIRECTION('',(-0.,1.,0.));
#3843=VECTOR('',#3842,3.9);
#3844=LINE('',#3841,#3843);
#3845=EDGE_CURVE('NONE',#3802,#3834,#3844,.T.);
#3846=ORIENTED_EDGE('NONE',*,*,#3845,.F.);
#3847=ORIENTED_EDGE('NONE',*,*,#3807,.T.);
#3848=EDGE_LOOP('NONE',(#3832,#3840,#3846,#3847));
#3849=FACE_BOUND('',#3848,.T.);
#3850=ADVANCED_FACE('NONE',(#3849),#3824,.F.);
#3851=CARTESIAN_POINT('',(14.3,5.7,900.));
#3852=DIRECTION('',(0.,0.,-1.));
#3853=DIRECTION('',(-1.,0.,0.));
#3854=AXIS2_PLACEMENT_3D('',#3851,#3852,#3853);
#3855=CYLINDRICAL_SURFACE('',#3854,0.8);
#3856=CARTESIAN_POINT('',(14.3,6.5,0.));
#3857=VERTEX_POINT('NONE',#3856);
#3858=CARTESIAN_POINT('',(14.3,5.7,0.));
#3859=DIRECTION('',(0.,0.,-1.));
#3860=DIRECTION('',(-1.,0.,0.));
#3861=AXIS2_PLACEMENT_3D('',#3858,#3859,#3860);
#3862=CIRCLE('',#3861,0.8);
#3863=EDGE_CURVE('NONE',#3826,#3857,#3862,.T.);
#3864=ORIENTED_EDGE('NONE',*,*,#3863,.T.);
#3865=CARTESIAN_POINT('',(14.3,6.5,900.));
#3866=VERTEX_POINT('NONE',#3865);
#3867=CARTESIAN_POINT('',(14.3,6.5,900.));
#3868=DIRECTION('',(0.,0.,-1.));
#3869=VECTOR('',#3868,900.);
#3870=LINE('',#3867,#3869);
#3871=EDGE_CURVE('NONE',#3866,#3857,#3870,.T.);
#3872=ORIENTED_EDGE('NONE',*,*,#3871,.F.);
#3873=CARTESIAN_POINT('',(14.3,5.7,900.));
#3874=DIRECTION('',(0.,0.,-1.));
#3875=DIRECTION('',(-1.,0.,0.));
#3876=AXIS2_PLACEMENT_3D('',#3873,#3874,#3875);
#3877=CIRCLE('',#3876,0.8);
#3878=EDGE_CURVE('NONE',#3834,#3866,#3877,.T.);
#3879=ORIENTED_EDGE('NONE',*,*,#3878,.F.);
#3880=ORIENTED_EDGE('NONE',*,*,#3839,.T.);
#3881=EDGE_LOOP('NONE',(#3864,#3872,#3879,#3880));
#3882=FACE_BOUND('',#3881,.T.);
#3883=ADVANCED_FACE('NONE',(#3882),#3855,.F.);
#3884=CARTESIAN_POINT('',(14.3,6.5,900.));
#3885=DIRECTION('',(-0.,1.,0.));
#3886=DIRECTION('',(-1.,-0.,0.));
#3887=AXIS2_PLACEMENT_3D('',#3884,#3885,#3886);
#3888=PLANE('',#3887);
#3889=CARTESIAN_POINT('',(17.5,6.5,0.));
#3890=VERTEX_POINT('NONE',#3889);
#3891=CARTESIAN_POINT('',(14.3,6.5,0.));
#3892=DIRECTION('',(1.,0.,-0.));
#3893=VECTOR('',#3892,3.2);
#3894=LINE('',#3891,#3893);
#3895=EDGE_CURVE('NONE',#3857,#3890,#3894,.T.);
#3896=ORIENTED_EDGE('NONE',*,*,#3895,.T.);
#3897=CARTESIAN_POINT('',(17.5,6.5,900.));
#3898=VERTEX_POINT('NONE',#3897);
#3899=CARTESIAN_POINT('',(17.5,6.5,900.));
#3900=DIRECTION('',(0.,0.,-1.));
#3901=VECTOR('',#3900,900.);
#3902=LINE('',#3899,#3901);
#3903=EDGE_CURVE('NONE',#3898,#3890,#3902,.T.);
#3904=ORIENTED_EDGE('NONE',*,*,#3903,.F.);
#3905=CARTESIAN_POINT('',(14.3,6.5,900.));
#3906=DIRECTION('',(1.,0.,-0.));
#3907=VECTOR('',#3906,3.2);
#3908=LINE('',#3905,#3907);
#3909=EDGE_CURVE('NONE',#3866,#3898,#3908,.T.);
#3910=ORIENTED_EDGE('NONE',*,*,#3909,.F.);
#3911=ORIENTED_EDGE('NONE',*,*,#3871,.T.);
#3912=EDGE_LOOP('NONE',(#3896,#3904,#3910,#3911));
#3913=FACE_BOUND('',#3912,.T.);
#3914=ADVANCED_FACE('NONE',(#3913),#3888,.F.);
#3915=CARTESIAN_POINT('',(17.5,6.5,900.));
#3916=DIRECTION('',(-1.,-0.,0.));
#3917=DIRECTION('',(0.,-1.,0.));
#3918=AXIS2_PLACEMENT_3D('',#3915,#3916,#3917);
#3919=PLANE('',#3918);
#3920=CARTESIAN_POINT('',(17.5,7.5,0.));
#3921=VERTEX_POINT('NONE',#3920);
#3922=CARTESIAN_POINT('',(17.5,6.5,0.));
#3923=DIRECTION('',(-0.,1.,0.));
#3924=VECTOR('',#3923,1.);
#3925=LINE('',#3922,#3924);
#3926=EDGE_CURVE('NONE',#3890,#3921,#3925,.T.);
#3927=ORIENTED_EDGE('NONE',*,*,#3926,.T.);
#3928=CARTESIAN_POINT('',(17.5,7.5,900.));
#3929=VERTEX_POINT('NONE',#3928);
#3930=CARTESIAN_POINT('',(17.5,7.5,900.));
#3931=DIRECTION('',(0.,0.,-1.));
#3932=VECTOR('',#3931,900.);
#3933=LINE('',#3930,#3932);
#3934=EDGE_CURVE('NONE',#3929,#3921,#3933,.T.);
#3935=ORIENTED_EDGE('NONE',*,*,#3934,.F.);
#3936=CARTESIAN_POINT('',(17.5,6.5,900.));
#3937=DIRECTION('',(-0.,1.,0.));
#3938=VECTOR('',#3937,1.);
#3939=LINE('',#3936,#3938);
#3940=EDGE_CURVE('NONE',#3898,#3929,#3939,.T.);
#3941=ORIENTED_EDGE('NONE',*,*,#3940,.F.);
#3942=ORIENTED_EDGE('NONE',*,*,#3903,.T.);
#3943=EDGE_LOOP('NONE',(#3927,#3935,#3941,#3942));
#3944=FACE_BOUND('',#3943,.T.);
#3945=ADVANCED_FACE('NONE',(#3944),#3919,.F.);
#3946=CARTESIAN_POINT('',(17.5,7.5,900.));
#3947=DIRECTION('',(-0.,-1.,0.));
#3948=DIRECTION('',(1.,-0.,0.));
#3949=AXIS2_PLACEMENT_3D('',#3946,#3947,#3948);
#3950=PLANE('',#3949);
#3951=CARTESIAN_POINT('',(14.3,7.5,0.));
#3952=VERTEX_POINT('NONE',#3951);
#3953=CARTESIAN_POINT('',(17.5,7.5,0.));
#3954=DIRECTION('',(-1.,0.,0.));
#3955=VECTOR('',#3954,3.2);
#3956=LINE('',#3953,#3955);
#3957=EDGE_CURVE('NONE',#3921,#3952,#3956,.T.);
#3958=ORIENTED_EDGE('NONE',*,*,#3957,.T.);
#3959=CARTESIAN_POINT('',(14.3,7.5,900.));
#3960=VERTEX_POINT('NONE',#3959);
#3961=CARTESIAN_POINT('',(14.3,7.5,900.));
#3962=DIRECTION('',(0.,0.,-1.));
#3963=VECTOR('',#3962,900.);
#3964=LINE('',#3961,#3963);
#3965=EDGE_CURVE('NONE',#3960,#3952,#3964,.T.);
#3966=ORIENTED_EDGE('NONE',*,*,#3965,.F.);
#3967=CARTESIAN_POINT('',(17.5,7.5,900.));
#3968=DIRECTION('',(-1.,0.,0.));
#3969=VECTOR('',#3968,3.2);
#3970=LINE('',#3967,#3969);
#3971=EDGE_CURVE('NONE',#3929,#3960,#3970,.T.);
#3972=ORIENTED_EDGE('NONE',*,*,#3971,.F.);
#3973=ORIENTED_EDGE('NONE',*,*,#3934,.T.);
#3974=EDGE_LOOP('NONE',(#3958,#3966,#3972,#3973));
#3975=FACE_BOUND('',#3974,.T.);
#3976=ADVANCED_FACE('NONE',(#3975),#3950,.F.);
#3977=CARTESIAN_POINT('',(14.3,5.7,900.));
#3978=DIRECTION('',(0.,0.,-1.));
#3979=DIRECTION('',(-1.,0.,0.));
#3980=AXIS2_PLACEMENT_3D('',#3977,#3978,#3979);
#3981=CYLINDRICAL_SURFACE('',#3980,1.8);
#3982=CARTESIAN_POINT('',(12.5,5.7,0.));
#3983=VERTEX_POINT('NONE',#3982);
#3984=CARTESIAN_POINT('',(14.3,5.7,0.));
#3985=DIRECTION('',(0.,0.,1.));
#3986=DIRECTION('',(-1.,0.,0.));
#3987=AXIS2_PLACEMENT_3D('',#3984,#3985,#3986);
#3988=CIRCLE('',#3987,1.8);
#3989=EDGE_CURVE('NONE',#3952,#3983,#3988,.T.);
#3990=ORIENTED_EDGE('NONE',*,*,#3989,.T.);
#3991=CARTESIAN_POINT('',(12.5,5.7,900.));
#3992=VERTEX_POINT('NONE',#3991);
#3993=CARTESIAN_POINT('',(12.5,5.7,900.));
#3994=DIRECTION('',(0.,0.,-1.));
#3995=VECTOR('',#3994,900.);
#3996=LINE('',#3993,#3995);
#3997=EDGE_CURVE('NONE',#3992,#3983,#3996,.T.);
#3998=ORIENTED_EDGE('NONE',*,*,#3997,.F.);
#3999=CARTESIAN_POINT('',(14.3,5.7,900.));
#4000=DIRECTION('',(0.,0.,1.));
#4001=DIRECTION('',(-1.,0.,0.));
#4002=AXIS2_PLACEMENT_3D('',#3999,#4000,#4001);
#4003=CIRCLE('',#4002,1.8);
#4004=EDGE_CURVE('NONE',#3960,#3992,#4003,.T.);
#4005=ORIENTED_EDGE('NONE',*,*,#4004,.F.);
#4006=ORIENTED_EDGE('NONE',*,*,#3965,.T.);
#4007=EDGE_LOOP('NONE',(#3990,#3998,#4005,#4006));
#4008=FACE_BOUND('',#4007,.T.);
#4009=ADVANCED_FACE('NONE',(#4008),#3981,.T.);
#4010=CARTESIAN_POINT('',(12.5,5.7,900.));
#4011=DIRECTION('',(1.,0.,0.));
#4012=DIRECTION('',(-0.,1.,0.));
#4013=AXIS2_PLACEMENT_3D('',#4010,#4011,#4012);
#4014=PLANE('',#4013);
#4015=CARTESIAN_POINT('',(12.5,1.8,0.));
#4016=VERTEX_POINT('NONE',#4015);
#4017=CARTESIAN_POINT('',(12.5,5.7,0.));
#4018=DIRECTION('',(0.,-1.,0.));
#4019=VECTOR('',#4018,3.9);
#4020=LINE('',#4017,#4019);
#4021=EDGE_CURVE('NONE',#3983,#4016,#4020,.T.);
#4022=ORIENTED_EDGE('NONE',*,*,#4021,.T.);
#4023=CARTESIAN_POINT('',(12.5,1.8,900.));
#4024=VERTEX_POINT('NONE',#4023);
#4025=CARTESIAN_POINT('',(12.5,1.8,900.));
#4026=DIRECTION('',(0.,0.,-1.));
#4027=VECTOR('',#4026,900.);
#4028=LINE('',#4025,#4027);
#4029=EDGE_CURVE('NONE',#4024,#4016,#4028,.T.);
#4030=ORIENTED_EDGE('NONE',*,*,#4029,.F.);
#4031=CARTESIAN_POINT('',(12.5,5.7,900.));
#4032=DIRECTION('',(0.,-1.,0.));
#4033=VECTOR('',#4032,3.9);
#4034=LINE('',#4031,#4033);
#4035=EDGE_CURVE('NONE',#3992,#4024,#4034,.T.);
#4036=ORIENTED_EDGE('NONE',*,*,#4035,.F.);
#4037=ORIENTED_EDGE('NONE',*,*,#3997,.T.);
#4038=EDGE_LOOP('NONE',(#4022,#4030,#4036,#4037));
#4039=FACE_BOUND('',#4038,.T.);
#4040=ADVANCED_FACE('NONE',(#4039),#4014,.F.);
#4041=CARTESIAN_POINT('',(11.7,1.8,900.));
#4042=DIRECTION('',(0.,0.,-1.));
#4043=DIRECTION('',(-1.,0.,0.));
#4044=AXIS2_PLACEMENT_3D('',#4041,#4042,#4043);
#4045=CYLINDRICAL_SURFACE('',#4044,0.8);
#4046=CARTESIAN_POINT('',(11.7,1.8,0.));
#4047=DIRECTION('',(0.,0.,-1.));
#4048=DIRECTION('',(1.,0.,0.));
#4049=AXIS2_PLACEMENT_3D('',#4046,#4047,#4048);
#4050=CIRCLE('',#4049,0.8);
#4051=EDGE_CURVE('NONE',#4016,#3078,#4050,.T.);
#4052=ORIENTED_EDGE('NONE',*,*,#4051,.T.);
#4053=ORIENTED_EDGE('NONE',*,*,#3107,.F.);
#4054=CARTESIAN_POINT('',(11.7,1.8,900.));
#4055=DIRECTION('',(0.,0.,-1.));
#4056=DIRECTION('',(1.,0.,0.));
#4057=AXIS2_PLACEMENT_3D('',#4054,#4055,#4056);
#4058=CIRCLE('',#4057,0.8);
#4059=EDGE_CURVE('NONE',#4024,#3096,#4058,.T.);
#4060=ORIENTED_EDGE('NONE',*,*,#4059,.F.);
#4061=ORIENTED_EDGE('NONE',*,*,#4029,.T.);
#4062=EDGE_LOOP('NONE',(#4052,#4053,#4060,#4061));
#4063=FACE_BOUND('',#4062,.T.);
#4064=ADVANCED_FACE('NONE',(#4063),#4045,.F.);
#4065=CARTESIAN_POINT('',(-11.7,1.8,900.));
#4066=DIRECTION('',(0.,0.,-1.));
#4067=DIRECTION('',(-1.,0.,0.));
#4068=AXIS2_PLACEMENT_3D('',#4065,#4066,#4067);
#4069=PLANE('',#4068);
#4070=ORIENTED_EDGE('NONE',*,*,#3536,.T.);
#4071=ORIENTED_EDGE('NONE',*,*,#3567,.T.);
#4072=ORIENTED_EDGE('NONE',*,*,#3600,.T.);
#4073=ORIENTED_EDGE('NONE',*,*,#3631,.T.);
#4074=ORIENTED_EDGE('NONE',*,*,#3662,.T.);
#4075=ORIENTED_EDGE('NONE',*,*,#3693,.T.);
#4076=ORIENTED_EDGE('NONE',*,*,#3726,.T.);
#4077=ORIENTED_EDGE('NONE',*,*,#3757,.T.);
#4078=ORIENTED_EDGE('NONE',*,*,#3781,.T.);
#4079=ORIENTED_EDGE('NONE',*,*,#3337,.T.);
#4080=ORIENTED_EDGE('NONE',*,*,#3814,.T.);
#4081=ORIENTED_EDGE('NONE',*,*,#3845,.T.);
#4082=ORIENTED_EDGE('NONE',*,*,#3878,.T.);
#4083=ORIENTED_EDGE('NONE',*,*,#3909,.T.);
#4084=ORIENTED_EDGE('NONE',*,*,#3940,.T.);
#4085=ORIENTED_EDGE('NONE',*,*,#3971,.T.);
#4086=ORIENTED_EDGE('NONE',*,*,#4004,.T.);
#4087=ORIENTED_EDGE('NONE',*,*,#4035,.T.);
#4088=ORIENTED_EDGE('NONE',*,*,#4059,.T.);
#4089=ORIENTED_EDGE('NONE',*,*,#3101,.T.);
#4090=EDGE_LOOP('NONE',(#4070,#4071,#4072,#4073,#4074,#4075,#4076,#4077,#4078,#4079,#4080,#4081,#4082,#4083,#4084,#4085,#4086,#4087,#4088,#4089));
#4091=FACE_BOUND('',#4090,.T.);
#4092=ADVANCED_FACE('NONE',(#4091),#4069,.F.);
#4093=CARTESIAN_POINT('',(-11.7,1.8,0.));
#4094=DIRECTION('',(0.,0.,-1.));
#4095=DIRECTION('',(-1.,0.,0.));
#4096=AXIS2_PLACEMENT_3D('',#4093,#4094,#4095);
#4097=PLANE('',#4096);
#4098=ORIENTED_EDGE('NONE',*,*,#3521,.F.);
#4099=ORIENTED_EDGE('NONE',*,*,#3085,.F.);
#4100=ORIENTED_EDGE('NONE',*,*,#4051,.F.);
#4101=ORIENTED_EDGE('NONE',*,*,#4021,.F.);
#4102=ORIENTED_EDGE('NONE',*,*,#3989,.F.);
#4103=ORIENTED_EDGE('NONE',*,*,#3957,.F.);
#4104=ORIENTED_EDGE('NONE',*,*,#3926,.F.);
#4105=ORIENTED_EDGE('NONE',*,*,#3895,.F.);
#4106=ORIENTED_EDGE('NONE',*,*,#3863,.F.);
#4107=ORIENTED_EDGE('NONE',*,*,#3831,.F.);
#4108=ORIENTED_EDGE('NONE',*,*,#3799,.F.);
#4109=ORIENTED_EDGE('NONE',*,*,#3321,.F.);
#4110=ORIENTED_EDGE('NONE',*,*,#3773,.F.);
#4111=ORIENTED_EDGE('NONE',*,*,#3743,.F.);
#4112=ORIENTED_EDGE('NONE',*,*,#3711,.F.);
#4113=ORIENTED_EDGE('NONE',*,*,#3679,.F.);
#4114=ORIENTED_EDGE('NONE',*,*,#3648,.F.);
#4115=ORIENTED_EDGE('NONE',*,*,#3617,.F.);
#4116=ORIENTED_EDGE('NONE',*,*,#3585,.F.);
#4117=ORIENTED_EDGE('NONE',*,*,#3553,.F.);
#4118=EDGE_LOOP('NONE',(#4098,#4099,#4100,#4101,#4102,#4103,#4104,#4105,#4106,#4107,#4108,#4109,#4110,#4111,#4112,#4113,#4114,#4115,#4116,#4117));
#4119=FACE_BOUND('',#4118,.T.);
#4120=ADVANCED_FACE('NONE',(#4119),#4097,.T.);
#4121=CARTESIAN_POINT('',(-0.,1.,33.75));
#4122=DIRECTION('',(0.,1.,0.));
#4123=DIRECTION('',(0.,-0.,1.));
#4124=AXIS2_PLACEMENT_3D('',#4121,#4122,#4123);
#4125=CYLINDRICAL_SURFACE('',#4124,4.2);
#4126=ORIENTED_EDGE('NONE',*,*,#119,.F.);
#4127=ORIENTED_EDGE('NONE',*,*,#3377,.F.);
#4128=CARTESIAN_POINT('',(-4.2,1.,33.75));
#4129=DIRECTION('',(0.,-1.,0.));
#4130=VECTOR('',#4129,1.);
#4131=LINE('',#4128,#4130);
#4132=EDGE_CURVE('NONE',#3114,#3365,#4131,.T.);
#4133=ORIENTED_EDGE('NONE',*,*,#4132,.F.);
#4134=ORIENTED_EDGE('NONE',*,*,#3142,.T.);
#4135=EDGE_LOOP('NONE',(#4126,#4127,#4133,#4134));
#4136=FACE_BOUND('',#4135,.T.);
#4137=ADVANCED_FACE('NONE',(#4136),#4125,.F.);
#4138=CARTESIAN_POINT('',(-0.,1.,11.25));
#4139=DIRECTION('',(0.,1.,0.));
#4140=DIRECTION('',(0.,-0.,1.));
#4141=AXIS2_PLACEMENT_3D('',#4138,#4139,#4140);
#4142=CYLINDRICAL_SURFACE('',#4141,4.2);
#4143=CARTESIAN_POINT('',(4.2,1.,11.25));
#4144=DIRECTION('',(0.,-1.,-0.));
#4145=VECTOR('',#4144,1.);
#4146=LINE('',#4143,#4145);
#4147=EDGE_CURVE('NONE',#3122,#3348,#4146,.T.);
#4148=ORIENTED_EDGE('NONE',*,*,#4147,.F.);
#4149=ORIENTED_EDGE('NONE',*,*,#3128,.T.);
#4150=CARTESIAN_POINT('',(-4.2,0.,11.25));
#4151=DIRECTION('',(-0.,1.,0.));
#4152=VECTOR('',#4151,1.);
#4153=LINE('',#4150,#4152);
#4154=EDGE_CURVE('NONE',#3356,#3112,#4153,.T.);
#4155=ORIENTED_EDGE('NONE',*,*,#4154,.F.);
#4156=ORIENTED_EDGE('NONE',*,*,#3362,.F.);
#4157=EDGE_LOOP('NONE',(#4148,#4149,#4155,#4156));
#4158=FACE_BOUND('',#4157,.T.);
#4159=ADVANCED_FACE('NONE',(#4158),#4142,.F.);
#4160=CARTESIAN_POINT('',(4.2,-0.001,11.25));
#4161=DIRECTION('',(-1.,0.,0.));
#4162=DIRECTION('',(0.,0.,1.));
#4163=AXIS2_PLACEMENT_3D('',#4160,#4161,#4162);
#4164=PLANE('',#4163);
#4165=ORIENTED_EDGE('NONE',*,*,#3353,.T.);
#4166=ORIENTED_EDGE('NONE',*,*,#134,.F.);
#4167=ORIENTED_EDGE('NONE',*,*,#3134,.F.);
#4168=ORIENTED_EDGE('NONE',*,*,#4147,.T.);
#4169=EDGE_LOOP('NONE',(#4165,#4166,#4167,#4168));
#4170=FACE_BOUND('',#4169,.T.);
#4171=ADVANCED_FACE('NONE',(#4170),#4164,.T.);
#4172=CARTESIAN_POINT('',(-4.2,1.,11.25));
#4173=DIRECTION('',(-1.,0.,0.));
#4174=DIRECTION('',(0.,0.,1.));
#4175=AXIS2_PLACEMENT_3D('',#4172,#4173,#4174);
#4176=PLANE('',#4175);
#4177=ORIENTED_EDGE('NONE',*,*,#4154,.T.);
#4178=ORIENTED_EDGE('NONE',*,*,#3119,.T.);
#4179=ORIENTED_EDGE('NONE',*,*,#4132,.T.);
#4180=ORIENTED_EDGE('NONE',*,*,#3370,.F.);
#4181=EDGE_LOOP('NONE',(#4177,#4178,#4179,#4180));
#4182=FACE_BOUND('',#4181,.T.);
#4183=ADVANCED_FACE('NONE',(#4182),#4176,.F.);
#4184=CARTESIAN_POINT('',(-0.,1.,78.75));
#4185=DIRECTION('',(0.,1.,0.));
#4186=DIRECTION('',(0.,-0.,1.));
#4187=AXIS2_PLACEMENT_3D('',#4184,#4185,#4186);
#4188=CYLINDRICAL_SURFACE('',#4187,4.2);
#4189=ORIENTED_EDGE('NONE',*,*,#77,.F.);
#4190=ORIENTED_EDGE('NONE',*,*,#3293,.F.);
#4191=CARTESIAN_POINT('',(-4.2,1.,78.75));
#4192=DIRECTION('',(0.,-1.,0.));
#4193=VECTOR('',#4192,1.);
#4194=LINE('',#4191,#4193);
#4195=EDGE_CURVE('NONE',#3052,#3281,#4194,.T.);
#4196=ORIENTED_EDGE('NONE',*,*,#4195,.F.);
#4197=ORIENTED_EDGE('NONE',*,*,#3058,.T.);
#4198=EDGE_LOOP('NONE',(#4189,#4190,#4196,#4197));
#4199=FACE_BOUND('',#4198,.T.);
#4200=ADVANCED_FACE('NONE',(#4199),#4188,.F.);
#4201=CARTESIAN_POINT('',(4.2,-0.001,56.25));
#4202=DIRECTION('',(-1.,0.,0.));
#4203=DIRECTION('',(0.,0.,1.));
#4204=AXIS2_PLACEMENT_3D('',#4201,#4202,#4203);
#4205=PLANE('',#4204);
#4206=ORIENTED_EDGE('NONE',*,*,#3302,.T.);
#4207=ORIENTED_EDGE('NONE',*,*,#92,.F.);
#4208=ORIENTED_EDGE('NONE',*,*,#3048,.F.);
#4209=CARTESIAN_POINT('',(4.2,1.,56.25));
#4210=DIRECTION('',(0.,-1.,0.));
#4211=VECTOR('',#4210,1.);
#4212=LINE('',#4209,#4211);
#4213=EDGE_CURVE('NONE',#3043,#3297,#4212,.T.);
#4214=ORIENTED_EDGE('NONE',*,*,#4213,.T.);
#4215=EDGE_LOOP('NONE',(#4206,#4207,#4208,#4214));
#4216=FACE_BOUND('',#4215,.T.);
#4217=ADVANCED_FACE('NONE',(#4216),#4205,.T.);
#4218=CARTESIAN_POINT('',(-0.,1.,56.25));
#4219=DIRECTION('',(0.,1.,0.));
#4220=DIRECTION('',(0.,-0.,1.));
#4221=AXIS2_PLACEMENT_3D('',#4218,#4219,#4220);
#4222=CYLINDRICAL_SURFACE('',#4221,4.2);
#4223=ORIENTED_EDGE('NONE',*,*,#4213,.F.);
#4224=ORIENTED_EDGE('NONE',*,*,#3073,.T.);
#4225=CARTESIAN_POINT('',(-4.2,0.,56.25));
#4226=DIRECTION('',(-0.,1.,0.));
#4227=VECTOR('',#4226,1.);
#4228=LINE('',#4225,#4227);
#4229=EDGE_CURVE('NONE',#3279,#3061,#4228,.T.);
#4230=ORIENTED_EDGE('NONE',*,*,#4229,.F.);
#4231=ORIENTED_EDGE('NONE',*,*,#3309,.F.);
#4232=EDGE_LOOP('NONE',(#4223,#4224,#4230,#4231));
#4233=FACE_BOUND('',#4232,.T.);
#4234=ADVANCED_FACE('NONE',(#4233),#4222,.F.);
#4235=CARTESIAN_POINT('',(-4.2,1.,56.25));
#4236=DIRECTION('',(-1.,0.,0.));
#4237=DIRECTION('',(0.,0.,1.));
#4238=AXIS2_PLACEMENT_3D('',#4235,#4236,#4237);
#4239=PLANE('',#4238);
#4240=ORIENTED_EDGE('NONE',*,*,#4229,.T.);
#4241=ORIENTED_EDGE('NONE',*,*,#3066,.T.);
#4242=ORIENTED_EDGE('NONE',*,*,#4195,.T.);
#4243=ORIENTED_EDGE('NONE',*,*,#3286,.F.);
#4244=EDGE_LOOP('NONE',(#4240,#4241,#4242,#4243));
#4245=FACE_BOUND('',#4244,.T.);
#4246=ADVANCED_FACE('NONE',(#4245),#4239,.F.);
#4247=CLOSED_SHELL('NONE',(#96,#138,#180,#222,#264,#306,#348,#390,#432,#474,#516,#558,#600,#642,#684,#726,#768,#810,#852,#894,#934,#967,#989,#1013,#1053,#1086,
#1108,#1132,#1172,#1205,#1227,#1251,#1291,#1324,#1346,#1370,#1410,#1443,#1465,#1489,#1529,#1562,#1584,#1608,#1648,#1681,#1703,#1727,#1767,#1800,#1822,
#1846,#1886,#1919,#1941,#1965,#2005,#2038,#2060,#2084,#2124,#2157,#2179,#2203,#2243,#2276,#2298,#2322,#2362,#2395,#2417,#2441,#2481,#2514,#2536,#2560,
#2600,#2633,#2655,#2679,#2719,#2752,#2774,#2798,#2838,#2871,#2893,#2917,#2957,#2990,#3012,#3036,#3272,#3508,#3541,#3572,#3605,#3636,#3667,#3698,#3731,
#3762,#3786,#3819,#3850,#3883,#3914,#3945,#3976,#4009,#4040,#4064,#4092,#4120,#4137,#4159,#4171,#4183,#4200,#4217,#4234,#4246));
#4248=MANIFOLD_SOLID_BREP('LPattern1',#4247);
#4249=COLOUR_RGB('',0.337300003,0.533299983,0.756900012);
#4250=FILL_AREA_STYLE_COLOUR('',#4249);
#4251=FILL_AREA_STYLE('',(#4250));
#4252=SURFACE_STYLE_FILL_AREA(#4251);
#4253=SURFACE_SIDE_STYLE('',(#4252));
#4254=SURFACE_STYLE_USAGE(.BOTH.,#4253);
#4255=PRESENTATION_STYLE_ASSIGNMENT((#4254));
#54=STYLED_ITEM('',(#4255),#4248);
#35=SHAPE_REPRESENTATION('',(#15),#33);
#36=ADVANCED_BREP_SHAPE_REPRESENTATION('',(#4248),#33);
#4263=SHAPE_REPRESENTATION_RELATIONSHIP('','',#35,#36);
#4264=APPLICATION_CONTEXT('data for automotive mechanical design processes');
#4265=APPLICATION_PROTOCOL_DEFINITION('international standard','automotive_design',1994,#4264);
#4266=PRODUCT_CONTEXT('',#4264,'mechanical');
#4267=PRODUCT_DEFINITION_CONTEXT('part definition',#4264,'design');
#43=PRODUCT('ST-SP-014-0900','ST-SP-014-0900','',(#4266));
#4268=PRODUCT_RELATED_PRODUCT_CATEGORY('part','',(#43));
#4269=PRODUCT_DEFINITION_FORMATION_WITH_SPECIFIED_SOURCE('','',#43,.NOT_KNOWN.);
#44=PRODUCT_DEFINITION('design','',#4269,#4267);
#42=PRODUCT_DEFINITION_SHAPE('','',#44);
#4270=SHAPE_DEFINITION_REPRESENTATION(#42,#35);
#34=DRAUGHTING_MODEL('',(),#33);
#16=SHAPE_REPRESENTATION('',(#15,#48),#10);
#24=PRODUCT('0','0','',(#4266));
#4271=PRODUCT_RELATED_PRODUCT_CATEGORY('part','',(#24));
#4272=PRODUCT_DEFINITION_FORMATION_WITH_SPECIFIED_SOURCE('','',#24,.NOT_KNOWN.);
#25=PRODUCT_DEFINITION('design','',#4272,#4267);
#23=PRODUCT_DEFINITION_SHAPE('','',#25);
#4273=SHAPE_DEFINITION_REPRESENTATION(#23,#16);
#11=DRAUGHTING_MODEL('',(),#10);
#4274=PRESENTATION_LAYER_ASSIGNMENT('0','0',(#4248,#4248));
#1=MECHANICAL_DESIGN_GEOMETRIC_PRESENTATION_REPRESENTATION('',(#54),#10);
ENDSEC;
END-ISO-10303-21;
